Command line invocation:
    /Applications/Xcode.app/Contents/Developer/usr/bin/xcodebuild -project /Users/bavabangaru/Developer/pic-pac-poe-ios-native-parity/ios/PicPacPoe.xcodeproj -scheme PicPacPoe -configuration Debug -destination "generic/platform=iOS Simulator" -derivedDataPath /var/folders/fh/vt8wk6pn5dgd_tv982c123440000gp/T/picpac-snapshots-4bd21p79/build CODE_SIGNING_ALLOWED=NO CODE_SIGNING_REQUIRED=NO build

Build settings from command line:
    CODE_SIGNING_ALLOWED = NO
    CODE_SIGNING_REQUIRED = NO

Resolve Package Graph


Resolved source packages:
  PicPacKit: /Users/bavabangaru/Developer/pic-pac-poe-ios-native-parity/ios/Packages/PicPacKit @ local

ComputePackagePrebuildTargetDependencyGraph

Prepare packages

CreateBuildRequest

SendProjectDescription

CreateBuildOperation

ComputeTargetDependencyGraph
note: Building targets in dependency order
note: Target dependency graph (7 targets)
    Target 'PicPacPoe' in project 'PicPacPoe'
        ➜ Explicit dependency on target 'PicPacPresentation' in project 'PicPacKit'
        ➜ Explicit dependency on target 'PicPacAI' in project 'PicPacKit'
    Target 'PicPacAI' in project 'PicPacKit'
        ➜ Explicit dependency on target 'PicPacAI' in project 'PicPacKit'
        ➜ Explicit dependency on target 'PicPacKit_PicPacAI' in project 'PicPacKit'
        ➜ Explicit dependency on target 'PicPacCore' in project 'PicPacKit'
    Target 'PicPacAI' in project 'PicPacKit'
        ➜ Explicit dependency on target 'PicPacKit_PicPacAI' in project 'PicPacKit'
        ➜ Explicit dependency on target 'PicPacCore' in project 'PicPacKit'
    Target 'PicPacKit_PicPacAI' in project 'PicPacKit' (no dependencies)
    Target 'PicPacPresentation' in project 'PicPacKit'
        ➜ Explicit dependency on target 'PicPacPresentation' in project 'PicPacKit'
        ➜ Explicit dependency on target 'PicPacCore' in project 'PicPacKit'
    Target 'PicPacPresentation' in project 'PicPacKit'
        ➜ Explicit dependency on target 'PicPacCore' in project 'PicPacKit'
    Target 'PicPacCore' in project 'PicPacKit' (no dependencies)

GatherProvisioningInputs

CreateBuildDescription

ExecuteExternalTool /Applications/Xcode.app/Contents/Developer/Toolchains/XcodeDefault.xctoolchain/usr/bin/swiftc --version

ExecuteExternalTool /Applications/Xcode.app/Contents/Developer/Toolchains/XcodeDefault.xctoolchain/usr/bin/clang -v -E -dM -isysroot /Applications/Xcode.app/Contents/Developer/Platforms/iPhoneSimulator.platform/Developer/SDKs/iPhoneSimulator26.5.sdk -x c -c /dev/null

ExecuteExternalTool /Applications/Xcode.app/Contents/Developer/usr/bin/actool --print-asset-tag-combinations --output-format xml1 /Users/bavabangaru/Developer/pic-pac-poe-ios-native-parity/ios/PicPacPoe/Assets.xcassets

ExecuteExternalTool /Applications/Xcode.app/Contents/Developer/Toolchains/XcodeDefault.xctoolchain/usr/bin/ld -version_details

ExecuteExternalTool /Applications/Xcode.app/Contents/Developer/usr/bin/actool --version --output-format xml1

Build description signature: 246d6e39381d96a780476341dedd0442
Build description path: /var/folders/fh/vt8wk6pn5dgd_tv982c123440000gp/T/picpac-snapshots-4bd21p79/build/Build/Intermediates.noindex/XCBuildData/246d6e39381d96a780476341dedd0442.xcbuilddata
CreateBuildDirectory /var/folders/fh/vt8wk6pn5dgd_tv982c123440000gp/T/picpac-snapshots-4bd21p79/build/Build/Products
    cd /Users/bavabangaru/Developer/pic-pac-poe-ios-native-parity/ios/PicPacPoe.xcodeproj
    builtin-create-build-directory /var/folders/fh/vt8wk6pn5dgd_tv982c123440000gp/T/picpac-snapshots-4bd21p79/build/Build/Products

CreateBuildDirectory /var/folders/fh/vt8wk6pn5dgd_tv982c123440000gp/T/picpac-snapshots-4bd21p79/build/Build/Intermediates.noindex
    cd /Users/bavabangaru/Developer/pic-pac-poe-ios-native-parity/ios/PicPacPoe.xcodeproj
    builtin-create-build-directory /var/folders/fh/vt8wk6pn5dgd_tv982c123440000gp/T/picpac-snapshots-4bd21p79/build/Build/Intermediates.noindex

ClangStatCache /Applications/Xcode.app/Contents/Developer/Toolchains/XcodeDefault.xctoolchain/usr/bin/clang-stat-cache /Applications/Xcode.app/Contents/Developer/Platforms/iPhoneSimulator.platform/Developer/SDKs/iPhoneSimulator26.5.sdk /var/folders/fh/vt8wk6pn5dgd_tv982c123440000gp/T/picpac-snapshots-4bd21p79/build/SDKStatCaches.noindex/iphonesimulator26.5-23F81a-6cfe768891a92b912361537c460fe42b.sdkstatcache
    cd /Users/bavabangaru/Developer/pic-pac-poe-ios-native-parity/ios/PicPacPoe.xcodeproj
    /Applications/Xcode.app/Contents/Developer/Toolchains/XcodeDefault.xctoolchain/usr/bin/clang-stat-cache /Applications/Xcode.app/Contents/Developer/Platforms/iPhoneSimulator.platform/Developer/SDKs/iPhoneSimulator26.5.sdk -o /var/folders/fh/vt8wk6pn5dgd_tv982c123440000gp/T/picpac-snapshots-4bd21p79/build/SDKStatCaches.noindex/iphonesimulator26.5-23F81a-6cfe768891a92b912361537c460fe42b.sdkstatcache

CreateBuildDirectory /var/folders/fh/vt8wk6pn5dgd_tv982c123440000gp/T/picpac-snapshots-4bd21p79/build/Build/Products/Debug-iphonesimulator
    cd /Users/bavabangaru/Developer/pic-pac-poe-ios-native-parity/ios/PicPacPoe.xcodeproj
    builtin-create-build-directory /var/folders/fh/vt8wk6pn5dgd_tv982c123440000gp/T/picpac-snapshots-4bd21p79/build/Build/Products/Debug-iphonesimulator

CreateBuildDirectory /var/folders/fh/vt8wk6pn5dgd_tv982c123440000gp/T/picpac-snapshots-4bd21p79/build/Build/Intermediates.noindex/SwiftExplicitPrecompiledModules
    cd /Users/bavabangaru/Developer/pic-pac-poe-ios-native-parity/ios/PicPacPoe.xcodeproj
    builtin-create-build-directory /var/folders/fh/vt8wk6pn5dgd_tv982c123440000gp/T/picpac-snapshots-4bd21p79/build/Build/Intermediates.noindex/SwiftExplicitPrecompiledModules

CreateBuildDirectory /var/folders/fh/vt8wk6pn5dgd_tv982c123440000gp/T/picpac-snapshots-4bd21p79/build/Build/Intermediates.noindex/ExplicitPrecompiledModules
    cd /Users/bavabangaru/Developer/pic-pac-poe-ios-native-parity/ios/PicPacPoe.xcodeproj
    builtin-create-build-directory /var/folders/fh/vt8wk6pn5dgd_tv982c123440000gp/T/picpac-snapshots-4bd21p79/build/Build/Intermediates.noindex/ExplicitPrecompiledModules

CreateBuildDirectory /var/folders/fh/vt8wk6pn5dgd_tv982c123440000gp/T/picpac-snapshots-4bd21p79/build/Build/Intermediates.noindex/EagerLinkingTBDs/Debug-iphonesimulator
    cd /Users/bavabangaru/Developer/pic-pac-poe-ios-native-parity/ios/PicPacPoe.xcodeproj
    builtin-create-build-directory /var/folders/fh/vt8wk6pn5dgd_tv982c123440000gp/T/picpac-snapshots-4bd21p79/build/Build/Intermediates.noindex/EagerLinkingTBDs/Debug-iphonesimulator

WriteAuxiliaryFile /var/folders/fh/vt8wk6pn5dgd_tv982c123440000gp/T/picpac-snapshots-4bd21p79/build/Build/Intermediates.noindex/PicPacPoe.build/Debug-iphonesimulator/PicPacPoe-90eff2f9d9e8600d7e53134acd1cb833-VFS-iphonesimulator/all-product-headers.yaml
    cd /Users/bavabangaru/Developer/pic-pac-poe-ios-native-parity/ios/PicPacPoe.xcodeproj
    write-file /var/folders/fh/vt8wk6pn5dgd_tv982c123440000gp/T/picpac-snapshots-4bd21p79/build/Build/Intermediates.noindex/PicPacPoe.build/Debug-iphonesimulator/PicPacPoe-90eff2f9d9e8600d7e53134acd1cb833-VFS-iphonesimulator/all-product-headers.yaml

CreateBuildDirectory /var/folders/fh/vt8wk6pn5dgd_tv982c123440000gp/T/picpac-snapshots-4bd21p79/build/Build/Products/Debug-iphonesimulator/PackageFrameworks
    cd /Users/bavabangaru/Developer/pic-pac-poe-ios-native-parity/ios/PicPacPoe.xcodeproj
    builtin-create-build-directory /var/folders/fh/vt8wk6pn5dgd_tv982c123440000gp/T/picpac-snapshots-4bd21p79/build/Build/Products/Debug-iphonesimulator/PackageFrameworks

WriteAuxiliaryFile /var/folders/fh/vt8wk6pn5dgd_tv982c123440000gp/T/picpac-snapshots-4bd21p79/build/Build/Intermediates.noindex/PicPacKit.build/Debug-iphonesimulator/PicPacPresentation.build/PicPacPresentation.DependencyStaticMetadataFileList (in target 'PicPacPresentation' from project 'PicPacKit')
    cd /Users/bavabangaru/Developer/pic-pac-poe-ios-native-parity/ios/Packages/PicPacKit
    write-file /var/folders/fh/vt8wk6pn5dgd_tv982c123440000gp/T/picpac-snapshots-4bd21p79/build/Build/Intermediates.noindex/PicPacKit.build/Debug-iphonesimulator/PicPacPresentation.build/PicPacPresentation.DependencyStaticMetadataFileList

WriteAuxiliaryFile /var/folders/fh/vt8wk6pn5dgd_tv982c123440000gp/T/picpac-snapshots-4bd21p79/build/Build/Intermediates.noindex/PicPacKit.build/Debug-iphonesimulator/PicPacPresentation.build/PicPacPresentation.modulemap (in target 'PicPacPresentation' from project 'PicPacKit')
    cd /Users/bavabangaru/Developer/pic-pac-poe-ios-native-parity/ios/Packages/PicPacKit
    write-file /var/folders/fh/vt8wk6pn5dgd_tv982c123440000gp/T/picpac-snapshots-4bd21p79/build/Build/Intermediates.noindex/PicPacKit.build/Debug-iphonesimulator/PicPacPresentation.build/PicPacPresentation.modulemap

WriteAuxiliaryFile /var/folders/fh/vt8wk6pn5dgd_tv982c123440000gp/T/picpac-snapshots-4bd21p79/build/Build/Intermediates.noindex/PicPacKit.build/Debug-iphonesimulator/PicPacPresentation.build/PicPacPresentation.DependencyMetadataFileList (in target 'PicPacPresentation' from project 'PicPacKit')
    cd /Users/bavabangaru/Developer/pic-pac-poe-ios-native-parity/ios/Packages/PicPacKit
    write-file /var/folders/fh/vt8wk6pn5dgd_tv982c123440000gp/T/picpac-snapshots-4bd21p79/build/Build/Intermediates.noindex/PicPacKit.build/Debug-iphonesimulator/PicPacPresentation.build/PicPacPresentation.DependencyMetadataFileList

WriteAuxiliaryFile /var/folders/fh/vt8wk6pn5dgd_tv982c123440000gp/T/picpac-snapshots-4bd21p79/build/Build/Intermediates.noindex/PicPacKit.build/Debug-iphonesimulator/PicPacPresentation.build/Objects-normal/arm64/PicPacPresentation-OutputFileMap.json (in target 'PicPacPresentation' from project 'PicPacKit')
    cd /Users/bavabangaru/Developer/pic-pac-poe-ios-native-parity/ios/Packages/PicPacKit
    write-file /var/folders/fh/vt8wk6pn5dgd_tv982c123440000gp/T/picpac-snapshots-4bd21p79/build/Build/Intermediates.noindex/PicPacKit.build/Debug-iphonesimulator/PicPacPresentation.build/Objects-normal/arm64/PicPacPresentation-OutputFileMap.json

WriteAuxiliaryFile /var/folders/fh/vt8wk6pn5dgd_tv982c123440000gp/T/picpac-snapshots-4bd21p79/build/Build/Intermediates.noindex/PicPacKit.build/Debug-iphonesimulator/PicPacPresentation.build/Objects-normal/x86_64/PicPacPresentation-OutputFileMap.json (in target 'PicPacPresentation' from project 'PicPacKit')
    cd /Users/bavabangaru/Developer/pic-pac-poe-ios-native-parity/ios/Packages/PicPacKit
    write-file /var/folders/fh/vt8wk6pn5dgd_tv982c123440000gp/T/picpac-snapshots-4bd21p79/build/Build/Intermediates.noindex/PicPacKit.build/Debug-iphonesimulator/PicPacPresentation.build/Objects-normal/x86_64/PicPacPresentation-OutputFileMap.json

WriteAuxiliaryFile /var/folders/fh/vt8wk6pn5dgd_tv982c123440000gp/T/picpac-snapshots-4bd21p79/build/Build/Intermediates.noindex/PicPacKit.build/Debug-iphonesimulator/PicPacPresentation.build/Objects-normal/x86_64/PicPacPresentation.SwiftFileList (in target 'PicPacPresentation' from project 'PicPacKit')
    cd /Users/bavabangaru/Developer/pic-pac-poe-ios-native-parity/ios/Packages/PicPacKit
    write-file /var/folders/fh/vt8wk6pn5dgd_tv982c123440000gp/T/picpac-snapshots-4bd21p79/build/Build/Intermediates.noindex/PicPacKit.build/Debug-iphonesimulator/PicPacPresentation.build/Objects-normal/x86_64/PicPacPresentation.SwiftFileList

WriteAuxiliaryFile /var/folders/fh/vt8wk6pn5dgd_tv982c123440000gp/T/picpac-snapshots-4bd21p79/build/Build/Intermediates.noindex/PicPacKit.build/Debug-iphonesimulator/PicPacPresentation.build/Objects-normal/x86_64/PicPacPresentation.LinkFileList (in target 'PicPacPresentation' from project 'PicPacKit')
    cd /Users/bavabangaru/Developer/pic-pac-poe-ios-native-parity/ios/Packages/PicPacKit
    write-file /var/folders/fh/vt8wk6pn5dgd_tv982c123440000gp/T/picpac-snapshots-4bd21p79/build/Build/Intermediates.noindex/PicPacKit.build/Debug-iphonesimulator/PicPacPresentation.build/Objects-normal/x86_64/PicPacPresentation.LinkFileList

WriteAuxiliaryFile /var/folders/fh/vt8wk6pn5dgd_tv982c123440000gp/T/picpac-snapshots-4bd21p79/build/Build/Intermediates.noindex/PicPacKit.build/Debug-iphonesimulator/PicPacPresentation.build/Objects-normal/arm64/PicPacPresentation_const_extract_protocols.json (in target 'PicPacPresentation' from project 'PicPacKit')
    cd /Users/bavabangaru/Developer/pic-pac-poe-ios-native-parity/ios/Packages/PicPacKit
    write-file /var/folders/fh/vt8wk6pn5dgd_tv982c123440000gp/T/picpac-snapshots-4bd21p79/build/Build/Intermediates.noindex/PicPacKit.build/Debug-iphonesimulator/PicPacPresentation.build/Objects-normal/arm64/PicPacPresentation_const_extract_protocols.json

WriteAuxiliaryFile /var/folders/fh/vt8wk6pn5dgd_tv982c123440000gp/T/picpac-snapshots-4bd21p79/build/Build/Intermediates.noindex/PicPacKit.build/Debug-iphonesimulator/PicPacPresentation.build/Objects-normal/x86_64/PicPacPresentation.SwiftConstValuesFileList (in target 'PicPacPresentation' from project 'PicPacKit')
    cd /Users/bavabangaru/Developer/pic-pac-poe-ios-native-parity/ios/Packages/PicPacKit
    write-file /var/folders/fh/vt8wk6pn5dgd_tv982c123440000gp/T/picpac-snapshots-4bd21p79/build/Build/Intermediates.noindex/PicPacKit.build/Debug-iphonesimulator/PicPacPresentation.build/Objects-normal/x86_64/PicPacPresentation.SwiftConstValuesFileList

WriteAuxiliaryFile /var/folders/fh/vt8wk6pn5dgd_tv982c123440000gp/T/picpac-snapshots-4bd21p79/build/Build/Intermediates.noindex/PicPacKit.build/Debug-iphonesimulator/PicPacPresentation.build/Objects-normal/x86_64/PicPacPresentation_const_extract_protocols.json (in target 'PicPacPresentation' from project 'PicPacKit')
    cd /Users/bavabangaru/Developer/pic-pac-poe-ios-native-parity/ios/Packages/PicPacKit
    write-file /var/folders/fh/vt8wk6pn5dgd_tv982c123440000gp/T/picpac-snapshots-4bd21p79/build/Build/Intermediates.noindex/PicPacKit.build/Debug-iphonesimulator/PicPacPresentation.build/Objects-normal/x86_64/PicPacPresentation_const_extract_protocols.json

WriteAuxiliaryFile /var/folders/fh/vt8wk6pn5dgd_tv982c123440000gp/T/picpac-snapshots-4bd21p79/build/Build/Intermediates.noindex/PicPacKit.build/Debug-iphonesimulator/PicPacPresentation.build/Objects-normal/arm64/PicPacPresentation.SwiftFileList (in target 'PicPacPresentation' from project 'PicPacKit')
    cd /Users/bavabangaru/Developer/pic-pac-poe-ios-native-parity/ios/Packages/PicPacKit
    write-file /var/folders/fh/vt8wk6pn5dgd_tv982c123440000gp/T/picpac-snapshots-4bd21p79/build/Build/Intermediates.noindex/PicPacKit.build/Debug-iphonesimulator/PicPacPresentation.build/Objects-normal/arm64/PicPacPresentation.SwiftFileList

WriteAuxiliaryFile /var/folders/fh/vt8wk6pn5dgd_tv982c123440000gp/T/picpac-snapshots-4bd21p79/build/Build/Intermediates.noindex/PicPacKit.build/Debug-iphonesimulator/PicPacPresentation.build/Objects-normal/arm64/PicPacPresentation.SwiftConstValuesFileList (in target 'PicPacPresentation' from project 'PicPacKit')
    cd /Users/bavabangaru/Developer/pic-pac-poe-ios-native-parity/ios/Packages/PicPacKit
    write-file /var/folders/fh/vt8wk6pn5dgd_tv982c123440000gp/T/picpac-snapshots-4bd21p79/build/Build/Intermediates.noindex/PicPacKit.build/Debug-iphonesimulator/PicPacPresentation.build/Objects-normal/arm64/PicPacPresentation.SwiftConstValuesFileList

WriteAuxiliaryFile /var/folders/fh/vt8wk6pn5dgd_tv982c123440000gp/T/picpac-snapshots-4bd21p79/build/Build/Intermediates.noindex/PicPacKit.build/Debug-iphonesimulator/PicPacPresentation.build/Objects-normal/arm64/PicPacPresentation.LinkFileList (in target 'PicPacPresentation' from project 'PicPacKit')
    cd /Users/bavabangaru/Developer/pic-pac-poe-ios-native-parity/ios/Packages/PicPacKit
    write-file /var/folders/fh/vt8wk6pn5dgd_tv982c123440000gp/T/picpac-snapshots-4bd21p79/build/Build/Intermediates.noindex/PicPacKit.build/Debug-iphonesimulator/PicPacPresentation.build/Objects-normal/arm64/PicPacPresentation.LinkFileList

WriteAuxiliaryFile /var/folders/fh/vt8wk6pn5dgd_tv982c123440000gp/T/picpac-snapshots-4bd21p79/build/Build/Intermediates.noindex/PicPacPoe.build/Debug-iphonesimulator/PicPacPoe.build/PicPacPoe.hmap (in target 'PicPacPoe' from project 'PicPacPoe')
    cd /Users/bavabangaru/Developer/pic-pac-poe-ios-native-parity/ios
    write-file /var/folders/fh/vt8wk6pn5dgd_tv982c123440000gp/T/picpac-snapshots-4bd21p79/build/Build/Intermediates.noindex/PicPacPoe.build/Debug-iphonesimulator/PicPacPoe.build/PicPacPoe.hmap

WriteAuxiliaryFile /var/folders/fh/vt8wk6pn5dgd_tv982c123440000gp/T/picpac-snapshots-4bd21p79/build/Build/Intermediates.noindex/PicPacPoe.build/Debug-iphonesimulator/PicPacPoe.build/PicPacPoe.DependencyStaticMetadataFileList (in target 'PicPacPoe' from project 'PicPacPoe')
    cd /Users/bavabangaru/Developer/pic-pac-poe-ios-native-parity/ios
    write-file /var/folders/fh/vt8wk6pn5dgd_tv982c123440000gp/T/picpac-snapshots-4bd21p79/build/Build/Intermediates.noindex/PicPacPoe.build/Debug-iphonesimulator/PicPacPoe.build/PicPacPoe.DependencyStaticMetadataFileList

Copy /var/folders/fh/vt8wk6pn5dgd_tv982c123440000gp/T/picpac-snapshots-4bd21p79/build/Build/Intermediates.noindex/GeneratedModuleMaps-iphonesimulator/PicPacPresentation.modulemap /var/folders/fh/vt8wk6pn5dgd_tv982c123440000gp/T/picpac-snapshots-4bd21p79/build/Build/Intermediates.noindex/PicPacKit.build/Debug-iphonesimulator/PicPacPresentation.build/PicPacPresentation.modulemap (in target 'PicPacPresentation' from project 'PicPacKit')
    cd /Users/bavabangaru/Developer/pic-pac-poe-ios-native-parity/ios/Packages/PicPacKit
    builtin-copy -exclude .DS_Store -exclude CVS -exclude .svn -exclude .git -exclude .hg -resolve-src-symlinks /var/folders/fh/vt8wk6pn5dgd_tv982c123440000gp/T/picpac-snapshots-4bd21p79/build/Build/Intermediates.noindex/PicPacKit.build/Debug-iphonesimulator/PicPacPresentation.build/PicPacPresentation.modulemap /var/folders/fh/vt8wk6pn5dgd_tv982c123440000gp/T/picpac-snapshots-4bd21p79/build/Build/Intermediates.noindex/GeneratedModuleMaps-iphonesimulator

WriteAuxiliaryFile /var/folders/fh/vt8wk6pn5dgd_tv982c123440000gp/T/picpac-snapshots-4bd21p79/build/Build/Intermediates.noindex/PicPacPoe.build/Debug-iphonesimulator/PicPacPoe.build/PicPacPoe.DependencyMetadataFileList (in target 'PicPacPoe' from project 'PicPacPoe')
    cd /Users/bavabangaru/Developer/pic-pac-poe-ios-native-parity/ios
    write-file /var/folders/fh/vt8wk6pn5dgd_tv982c123440000gp/T/picpac-snapshots-4bd21p79/build/Build/Intermediates.noindex/PicPacPoe.build/Debug-iphonesimulator/PicPacPoe.build/PicPacPoe.DependencyMetadataFileList

WriteAuxiliaryFile /var/folders/fh/vt8wk6pn5dgd_tv982c123440000gp/T/picpac-snapshots-4bd21p79/build/Build/Intermediates.noindex/PicPacPoe.build/Debug-iphonesimulator/PicPacPoe.build/PicPacPoe-project-headers.hmap (in target 'PicPacPoe' from project 'PicPacPoe')
    cd /Users/bavabangaru/Developer/pic-pac-poe-ios-native-parity/ios
    write-file /var/folders/fh/vt8wk6pn5dgd_tv982c123440000gp/T/picpac-snapshots-4bd21p79/build/Build/Intermediates.noindex/PicPacPoe.build/Debug-iphonesimulator/PicPacPoe.build/PicPacPoe-project-headers.hmap

WriteAuxiliaryFile /var/folders/fh/vt8wk6pn5dgd_tv982c123440000gp/T/picpac-snapshots-4bd21p79/build/Build/Intermediates.noindex/PicPacPoe.build/Debug-iphonesimulator/PicPacPoe.build/PicPacPoe-generated-files.hmap (in target 'PicPacPoe' from project 'PicPacPoe')
    cd /Users/bavabangaru/Developer/pic-pac-poe-ios-native-parity/ios
    write-file /var/folders/fh/vt8wk6pn5dgd_tv982c123440000gp/T/picpac-snapshots-4bd21p79/build/Build/Intermediates.noindex/PicPacPoe.build/Debug-iphonesimulator/PicPacPoe.build/PicPacPoe-generated-files.hmap

WriteAuxiliaryFile /var/folders/fh/vt8wk6pn5dgd_tv982c123440000gp/T/picpac-snapshots-4bd21p79/build/Build/Intermediates.noindex/PicPacPoe.build/Debug-iphonesimulator/PicPacPoe.build/PicPacPoe-own-target-headers.hmap (in target 'PicPacPoe' from project 'PicPacPoe')
    cd /Users/bavabangaru/Developer/pic-pac-poe-ios-native-parity/ios
    write-file /var/folders/fh/vt8wk6pn5dgd_tv982c123440000gp/T/picpac-snapshots-4bd21p79/build/Build/Intermediates.noindex/PicPacPoe.build/Debug-iphonesimulator/PicPacPoe.build/PicPacPoe-own-target-headers.hmap

WriteAuxiliaryFile /var/folders/fh/vt8wk6pn5dgd_tv982c123440000gp/T/picpac-snapshots-4bd21p79/build/Build/Intermediates.noindex/PicPacPoe.build/Debug-iphonesimulator/PicPacPoe.build/PicPacPoe-all-target-headers.hmap (in target 'PicPacPoe' from project 'PicPacPoe')
    cd /Users/bavabangaru/Developer/pic-pac-poe-ios-native-parity/ios
    write-file /var/folders/fh/vt8wk6pn5dgd_tv982c123440000gp/T/picpac-snapshots-4bd21p79/build/Build/Intermediates.noindex/PicPacPoe.build/Debug-iphonesimulator/PicPacPoe.build/PicPacPoe-all-target-headers.hmap

WriteAuxiliaryFile /var/folders/fh/vt8wk6pn5dgd_tv982c123440000gp/T/picpac-snapshots-4bd21p79/build/Build/Intermediates.noindex/PicPacPoe.build/Debug-iphonesimulator/PicPacPoe.build/PicPacPoe-all-non-framework-target-headers.hmap (in target 'PicPacPoe' from project 'PicPacPoe')
    cd /Users/bavabangaru/Developer/pic-pac-poe-ios-native-parity/ios
    write-file /var/folders/fh/vt8wk6pn5dgd_tv982c123440000gp/T/picpac-snapshots-4bd21p79/build/Build/Intermediates.noindex/PicPacPoe.build/Debug-iphonesimulator/PicPacPoe.build/PicPacPoe-all-non-framework-target-headers.hmap

WriteAuxiliaryFile /var/folders/fh/vt8wk6pn5dgd_tv982c123440000gp/T/picpac-snapshots-4bd21p79/build/Build/Intermediates.noindex/PicPacPoe.build/Debug-iphonesimulator/PicPacPoe.build/PicPacPoe-DebugDylibPath-normal-x86_64.txt (in target 'PicPacPoe' from project 'PicPacPoe')
    cd /Users/bavabangaru/Developer/pic-pac-poe-ios-native-parity/ios
    write-file /var/folders/fh/vt8wk6pn5dgd_tv982c123440000gp/T/picpac-snapshots-4bd21p79/build/Build/Intermediates.noindex/PicPacPoe.build/Debug-iphonesimulator/PicPacPoe.build/PicPacPoe-DebugDylibPath-normal-x86_64.txt

WriteAuxiliaryFile /var/folders/fh/vt8wk6pn5dgd_tv982c123440000gp/T/picpac-snapshots-4bd21p79/build/Build/Intermediates.noindex/PicPacPoe.build/Debug-iphonesimulator/PicPacPoe.build/PicPacPoe-DebugDylibInstallName-normal-x86_64.txt (in target 'PicPacPoe' from project 'PicPacPoe')
    cd /Users/bavabangaru/Developer/pic-pac-poe-ios-native-parity/ios
    write-file /var/folders/fh/vt8wk6pn5dgd_tv982c123440000gp/T/picpac-snapshots-4bd21p79/build/Build/Intermediates.noindex/PicPacPoe.build/Debug-iphonesimulator/PicPacPoe.build/PicPacPoe-DebugDylibInstallName-normal-x86_64.txt

WriteAuxiliaryFile /var/folders/fh/vt8wk6pn5dgd_tv982c123440000gp/T/picpac-snapshots-4bd21p79/build/Build/Intermediates.noindex/PicPacPoe.build/Debug-iphonesimulator/PicPacPoe.build/PicPacPoe-DebugDylibPath-normal-arm64.txt (in target 'PicPacPoe' from project 'PicPacPoe')
    cd /Users/bavabangaru/Developer/pic-pac-poe-ios-native-parity/ios
    write-file /var/folders/fh/vt8wk6pn5dgd_tv982c123440000gp/T/picpac-snapshots-4bd21p79/build/Build/Intermediates.noindex/PicPacPoe.build/Debug-iphonesimulator/PicPacPoe.build/PicPacPoe-DebugDylibPath-normal-arm64.txt

WriteAuxiliaryFile /var/folders/fh/vt8wk6pn5dgd_tv982c123440000gp/T/picpac-snapshots-4bd21p79/build/Build/Intermediates.noindex/PicPacPoe.build/Debug-iphonesimulator/PicPacPoe.build/PicPacPoe-DebugDylibInstallName-normal-arm64.txt (in target 'PicPacPoe' from project 'PicPacPoe')
    cd /Users/bavabangaru/Developer/pic-pac-poe-ios-native-parity/ios
    write-file /var/folders/fh/vt8wk6pn5dgd_tv982c123440000gp/T/picpac-snapshots-4bd21p79/build/Build/Intermediates.noindex/PicPacPoe.build/Debug-iphonesimulator/PicPacPoe.build/PicPacPoe-DebugDylibInstallName-normal-arm64.txt

WriteAuxiliaryFile /var/folders/fh/vt8wk6pn5dgd_tv982c123440000gp/T/picpac-snapshots-4bd21p79/build/Build/Intermediates.noindex/PicPacPoe.build/Debug-iphonesimulator/PicPacPoe.build/Objects-normal/x86_64/PicPacPoe_const_extract_protocols.json (in target 'PicPacPoe' from project 'PicPacPoe')
    cd /Users/bavabangaru/Developer/pic-pac-poe-ios-native-parity/ios
    write-file /var/folders/fh/vt8wk6pn5dgd_tv982c123440000gp/T/picpac-snapshots-4bd21p79/build/Build/Intermediates.noindex/PicPacPoe.build/Debug-iphonesimulator/PicPacPoe.build/Objects-normal/x86_64/PicPacPoe_const_extract_protocols.json

WriteAuxiliaryFile /var/folders/fh/vt8wk6pn5dgd_tv982c123440000gp/T/picpac-snapshots-4bd21p79/build/Build/Intermediates.noindex/PicPacPoe.build/Debug-iphonesimulator/PicPacPoe.build/Objects-normal/x86_64/PicPacPoe.SwiftFileList (in target 'PicPacPoe' from project 'PicPacPoe')
    cd /Users/bavabangaru/Developer/pic-pac-poe-ios-native-parity/ios
    write-file /var/folders/fh/vt8wk6pn5dgd_tv982c123440000gp/T/picpac-snapshots-4bd21p79/build/Build/Intermediates.noindex/PicPacPoe.build/Debug-iphonesimulator/PicPacPoe.build/Objects-normal/x86_64/PicPacPoe.SwiftFileList

WriteAuxiliaryFile /var/folders/fh/vt8wk6pn5dgd_tv982c123440000gp/T/picpac-snapshots-4bd21p79/build/Build/Intermediates.noindex/PicPacPoe.build/Debug-iphonesimulator/PicPacPoe.build/Objects-normal/x86_64/PicPacPoe.SwiftConstValuesFileList (in target 'PicPacPoe' from project 'PicPacPoe')
    cd /Users/bavabangaru/Developer/pic-pac-poe-ios-native-parity/ios
    write-file /var/folders/fh/vt8wk6pn5dgd_tv982c123440000gp/T/picpac-snapshots-4bd21p79/build/Build/Intermediates.noindex/PicPacPoe.build/Debug-iphonesimulator/PicPacPoe.build/Objects-normal/x86_64/PicPacPoe.SwiftConstValuesFileList

WriteAuxiliaryFile /var/folders/fh/vt8wk6pn5dgd_tv982c123440000gp/T/picpac-snapshots-4bd21p79/build/Build/Intermediates.noindex/PicPacPoe.build/Debug-iphonesimulator/PicPacPoe.build/Objects-normal/x86_64/PicPacPoe.LinkFileList (in target 'PicPacPoe' from project 'PicPacPoe')
    cd /Users/bavabangaru/Developer/pic-pac-poe-ios-native-parity/ios
    write-file /var/folders/fh/vt8wk6pn5dgd_tv982c123440000gp/T/picpac-snapshots-4bd21p79/build/Build/Intermediates.noindex/PicPacPoe.build/Debug-iphonesimulator/PicPacPoe.build/Objects-normal/x86_64/PicPacPoe.LinkFileList

WriteAuxiliaryFile /var/folders/fh/vt8wk6pn5dgd_tv982c123440000gp/T/picpac-snapshots-4bd21p79/build/Build/Intermediates.noindex/PicPacPoe.build/Debug-iphonesimulator/PicPacPoe.build/Objects-normal/x86_64/PicPacPoe-OutputFileMap.json (in target 'PicPacPoe' from project 'PicPacPoe')
    cd /Users/bavabangaru/Developer/pic-pac-poe-ios-native-parity/ios
    write-file /var/folders/fh/vt8wk6pn5dgd_tv982c123440000gp/T/picpac-snapshots-4bd21p79/build/Build/Intermediates.noindex/PicPacPoe.build/Debug-iphonesimulator/PicPacPoe.build/Objects-normal/x86_64/PicPacPoe-OutputFileMap.json

WriteAuxiliaryFile /var/folders/fh/vt8wk6pn5dgd_tv982c123440000gp/T/picpac-snapshots-4bd21p79/build/Build/Intermediates.noindex/PicPacPoe.build/Debug-iphonesimulator/PicPacPoe.build/Objects-normal/arm64/PicPacPoe.SwiftFileList (in target 'PicPacPoe' from project 'PicPacPoe')
    cd /Users/bavabangaru/Developer/pic-pac-poe-ios-native-parity/ios
    write-file /var/folders/fh/vt8wk6pn5dgd_tv982c123440000gp/T/picpac-snapshots-4bd21p79/build/Build/Intermediates.noindex/PicPacPoe.build/Debug-iphonesimulator/PicPacPoe.build/Objects-normal/arm64/PicPacPoe.SwiftFileList

WriteAuxiliaryFile /var/folders/fh/vt8wk6pn5dgd_tv982c123440000gp/T/picpac-snapshots-4bd21p79/build/Build/Intermediates.noindex/PicPacPoe.build/Debug-iphonesimulator/PicPacPoe.build/Objects-normal/arm64/PicPacPoe_const_extract_protocols.json (in target 'PicPacPoe' from project 'PicPacPoe')
    cd /Users/bavabangaru/Developer/pic-pac-poe-ios-native-parity/ios
    write-file /var/folders/fh/vt8wk6pn5dgd_tv982c123440000gp/T/picpac-snapshots-4bd21p79/build/Build/Intermediates.noindex/PicPacPoe.build/Debug-iphonesimulator/PicPacPoe.build/Objects-normal/arm64/PicPacPoe_const_extract_protocols.json

WriteAuxiliaryFile /var/folders/fh/vt8wk6pn5dgd_tv982c123440000gp/T/picpac-snapshots-4bd21p79/build/Build/Intermediates.noindex/PicPacPoe.build/Debug-iphonesimulator/PicPacPoe.build/Objects-normal/arm64/PicPacPoe.LinkFileList (in target 'PicPacPoe' from project 'PicPacPoe')
    cd /Users/bavabangaru/Developer/pic-pac-poe-ios-native-parity/ios
    write-file /var/folders/fh/vt8wk6pn5dgd_tv982c123440000gp/T/picpac-snapshots-4bd21p79/build/Build/Intermediates.noindex/PicPacPoe.build/Debug-iphonesimulator/PicPacPoe.build/Objects-normal/arm64/PicPacPoe.LinkFileList

WriteAuxiliaryFile /var/folders/fh/vt8wk6pn5dgd_tv982c123440000gp/T/picpac-snapshots-4bd21p79/build/Build/Intermediates.noindex/PicPacPoe.build/Debug-iphonesimulator/PicPacPoe.build/Objects-normal/arm64/PicPacPoe.SwiftConstValuesFileList (in target 'PicPacPoe' from project 'PicPacPoe')
    cd /Users/bavabangaru/Developer/pic-pac-poe-ios-native-parity/ios
    write-file /var/folders/fh/vt8wk6pn5dgd_tv982c123440000gp/T/picpac-snapshots-4bd21p79/build/Build/Intermediates.noindex/PicPacPoe.build/Debug-iphonesimulator/PicPacPoe.build/Objects-normal/arm64/PicPacPoe.SwiftConstValuesFileList

WriteAuxiliaryFile /var/folders/fh/vt8wk6pn5dgd_tv982c123440000gp/T/picpac-snapshots-4bd21p79/build/Build/Intermediates.noindex/PicPacPoe.build/Debug-iphonesimulator/PicPacPoe.build/Objects-normal/arm64/PicPacPoe-OutputFileMap.json (in target 'PicPacPoe' from project 'PicPacPoe')
    cd /Users/bavabangaru/Developer/pic-pac-poe-ios-native-parity/ios
    write-file /var/folders/fh/vt8wk6pn5dgd_tv982c123440000gp/T/picpac-snapshots-4bd21p79/build/Build/Intermediates.noindex/PicPacPoe.build/Debug-iphonesimulator/PicPacPoe.build/Objects-normal/arm64/PicPacPoe-OutputFileMap.json

WriteAuxiliaryFile /var/folders/fh/vt8wk6pn5dgd_tv982c123440000gp/T/picpac-snapshots-4bd21p79/build/Build/Intermediates.noindex/PicPacKit.build/Debug-iphonesimulator/PicPacKit_PicPacAI.build/empty-PicPacKit_PicPacAI.plist (in target 'PicPacKit_PicPacAI' from project 'PicPacKit')
    cd /Users/bavabangaru/Developer/pic-pac-poe-ios-native-parity/ios/Packages/PicPacKit
    write-file /var/folders/fh/vt8wk6pn5dgd_tv982c123440000gp/T/picpac-snapshots-4bd21p79/build/Build/Intermediates.noindex/PicPacKit.build/Debug-iphonesimulator/PicPacKit_PicPacAI.build/empty-PicPacKit_PicPacAI.plist

WriteAuxiliaryFile /var/folders/fh/vt8wk6pn5dgd_tv982c123440000gp/T/picpac-snapshots-4bd21p79/build/Build/Intermediates.noindex/PicPacKit.build/Debug-iphonesimulator/PicPacKit_PicPacAI.build/PicPacKit_PicPacAI.DependencyStaticMetadataFileList (in target 'PicPacKit_PicPacAI' from project 'PicPacKit')
    cd /Users/bavabangaru/Developer/pic-pac-poe-ios-native-parity/ios/Packages/PicPacKit
    write-file /var/folders/fh/vt8wk6pn5dgd_tv982c123440000gp/T/picpac-snapshots-4bd21p79/build/Build/Intermediates.noindex/PicPacKit.build/Debug-iphonesimulator/PicPacKit_PicPacAI.build/PicPacKit_PicPacAI.DependencyStaticMetadataFileList

WriteAuxiliaryFile /var/folders/fh/vt8wk6pn5dgd_tv982c123440000gp/T/picpac-snapshots-4bd21p79/build/Build/Intermediates.noindex/PicPacKit.build/Debug-iphonesimulator/PicPacKit_PicPacAI.build/PicPacKit_PicPacAI.DependencyMetadataFileList (in target 'PicPacKit_PicPacAI' from project 'PicPacKit')
    cd /Users/bavabangaru/Developer/pic-pac-poe-ios-native-parity/ios/Packages/PicPacKit
    write-file /var/folders/fh/vt8wk6pn5dgd_tv982c123440000gp/T/picpac-snapshots-4bd21p79/build/Build/Intermediates.noindex/PicPacKit.build/Debug-iphonesimulator/PicPacKit_PicPacAI.build/PicPacKit_PicPacAI.DependencyMetadataFileList

WriteAuxiliaryFile /var/folders/fh/vt8wk6pn5dgd_tv982c123440000gp/T/picpac-snapshots-4bd21p79/build/Build/Intermediates.noindex/PicPacKit.build/Debug-iphonesimulator/PicPacCore.build/PicPacCore.DependencyStaticMetadataFileList (in target 'PicPacCore' from project 'PicPacKit')
    cd /Users/bavabangaru/Developer/pic-pac-poe-ios-native-parity/ios/Packages/PicPacKit
    write-file /var/folders/fh/vt8wk6pn5dgd_tv982c123440000gp/T/picpac-snapshots-4bd21p79/build/Build/Intermediates.noindex/PicPacKit.build/Debug-iphonesimulator/PicPacCore.build/PicPacCore.DependencyStaticMetadataFileList

WriteAuxiliaryFile /var/folders/fh/vt8wk6pn5dgd_tv982c123440000gp/T/picpac-snapshots-4bd21p79/build/Build/Intermediates.noindex/PicPacKit.build/Debug-iphonesimulator/PicPacCore.build/PicPacCore.modulemap (in target 'PicPacCore' from project 'PicPacKit')
    cd /Users/bavabangaru/Developer/pic-pac-poe-ios-native-parity/ios/Packages/PicPacKit
    write-file /var/folders/fh/vt8wk6pn5dgd_tv982c123440000gp/T/picpac-snapshots-4bd21p79/build/Build/Intermediates.noindex/PicPacKit.build/Debug-iphonesimulator/PicPacCore.build/PicPacCore.modulemap

WriteAuxiliaryFile /var/folders/fh/vt8wk6pn5dgd_tv982c123440000gp/T/picpac-snapshots-4bd21p79/build/Build/Intermediates.noindex/PicPacKit.build/Debug-iphonesimulator/PicPacCore.build/PicPacCore.DependencyMetadataFileList (in target 'PicPacCore' from project 'PicPacKit')
    cd /Users/bavabangaru/Developer/pic-pac-poe-ios-native-parity/ios/Packages/PicPacKit
    write-file /var/folders/fh/vt8wk6pn5dgd_tv982c123440000gp/T/picpac-snapshots-4bd21p79/build/Build/Intermediates.noindex/PicPacKit.build/Debug-iphonesimulator/PicPacCore.build/PicPacCore.DependencyMetadataFileList

WriteAuxiliaryFile /var/folders/fh/vt8wk6pn5dgd_tv982c123440000gp/T/picpac-snapshots-4bd21p79/build/Build/Intermediates.noindex/PicPacKit.build/Debug-iphonesimulator/PicPacCore.build/Objects-normal/x86_64/PicPacCore_const_extract_protocols.json (in target 'PicPacCore' from project 'PicPacKit')
    cd /Users/bavabangaru/Developer/pic-pac-poe-ios-native-parity/ios/Packages/PicPacKit
    write-file /var/folders/fh/vt8wk6pn5dgd_tv982c123440000gp/T/picpac-snapshots-4bd21p79/build/Build/Intermediates.noindex/PicPacKit.build/Debug-iphonesimulator/PicPacCore.build/Objects-normal/x86_64/PicPacCore_const_extract_protocols.json

WriteAuxiliaryFile /var/folders/fh/vt8wk6pn5dgd_tv982c123440000gp/T/picpac-snapshots-4bd21p79/build/Build/Intermediates.noindex/PicPacKit.build/Debug-iphonesimulator/PicPacCore.build/Objects-normal/x86_64/PicPacCore.SwiftFileList (in target 'PicPacCore' from project 'PicPacKit')
    cd /Users/bavabangaru/Developer/pic-pac-poe-ios-native-parity/ios/Packages/PicPacKit
    write-file /var/folders/fh/vt8wk6pn5dgd_tv982c123440000gp/T/picpac-snapshots-4bd21p79/build/Build/Intermediates.noindex/PicPacKit.build/Debug-iphonesimulator/PicPacCore.build/Objects-normal/x86_64/PicPacCore.SwiftFileList

WriteAuxiliaryFile /var/folders/fh/vt8wk6pn5dgd_tv982c123440000gp/T/picpac-snapshots-4bd21p79/build/Build/Intermediates.noindex/PicPacKit.build/Debug-iphonesimulator/PicPacCore.build/Objects-normal/x86_64/PicPacCore.SwiftConstValuesFileList (in target 'PicPacCore' from project 'PicPacKit')
    cd /Users/bavabangaru/Developer/pic-pac-poe-ios-native-parity/ios/Packages/PicPacKit
    write-file /var/folders/fh/vt8wk6pn5dgd_tv982c123440000gp/T/picpac-snapshots-4bd21p79/build/Build/Intermediates.noindex/PicPacKit.build/Debug-iphonesimulator/PicPacCore.build/Objects-normal/x86_64/PicPacCore.SwiftConstValuesFileList

WriteAuxiliaryFile /var/folders/fh/vt8wk6pn5dgd_tv982c123440000gp/T/picpac-snapshots-4bd21p79/build/Build/Intermediates.noindex/PicPacKit.build/Debug-iphonesimulator/PicPacCore.build/Objects-normal/x86_64/PicPacCore.LinkFileList (in target 'PicPacCore' from project 'PicPacKit')
    cd /Users/bavabangaru/Developer/pic-pac-poe-ios-native-parity/ios/Packages/PicPacKit
    write-file /var/folders/fh/vt8wk6pn5dgd_tv982c123440000gp/T/picpac-snapshots-4bd21p79/build/Build/Intermediates.noindex/PicPacKit.build/Debug-iphonesimulator/PicPacCore.build/Objects-normal/x86_64/PicPacCore.LinkFileList

WriteAuxiliaryFile /var/folders/fh/vt8wk6pn5dgd_tv982c123440000gp/T/picpac-snapshots-4bd21p79/build/Build/Intermediates.noindex/PicPacKit.build/Debug-iphonesimulator/PicPacCore.build/Objects-normal/x86_64/PicPacCore-OutputFileMap.json (in target 'PicPacCore' from project 'PicPacKit')
    cd /Users/bavabangaru/Developer/pic-pac-poe-ios-native-parity/ios/Packages/PicPacKit
    write-file /var/folders/fh/vt8wk6pn5dgd_tv982c123440000gp/T/picpac-snapshots-4bd21p79/build/Build/Intermediates.noindex/PicPacKit.build/Debug-iphonesimulator/PicPacCore.build/Objects-normal/x86_64/PicPacCore-OutputFileMap.json

WriteAuxiliaryFile /var/folders/fh/vt8wk6pn5dgd_tv982c123440000gp/T/picpac-snapshots-4bd21p79/build/Build/Intermediates.noindex/PicPacKit.build/Debug-iphonesimulator/PicPacCore.build/Objects-normal/arm64/PicPacCore_const_extract_protocols.json (in target 'PicPacCore' from project 'PicPacKit')
    cd /Users/bavabangaru/Developer/pic-pac-poe-ios-native-parity/ios/Packages/PicPacKit
    write-file /var/folders/fh/vt8wk6pn5dgd_tv982c123440000gp/T/picpac-snapshots-4bd21p79/build/Build/Intermediates.noindex/PicPacKit.build/Debug-iphonesimulator/PicPacCore.build/Objects-normal/arm64/PicPacCore_const_extract_protocols.json

WriteAuxiliaryFile /var/folders/fh/vt8wk6pn5dgd_tv982c123440000gp/T/picpac-snapshots-4bd21p79/build/Build/Intermediates.noindex/PicPacKit.build/Debug-iphonesimulator/PicPacCore.build/Objects-normal/arm64/PicPacCore.SwiftFileList (in target 'PicPacCore' from project 'PicPacKit')
    cd /Users/bavabangaru/Developer/pic-pac-poe-ios-native-parity/ios/Packages/PicPacKit
    write-file /var/folders/fh/vt8wk6pn5dgd_tv982c123440000gp/T/picpac-snapshots-4bd21p79/build/Build/Intermediates.noindex/PicPacKit.build/Debug-iphonesimulator/PicPacCore.build/Objects-normal/arm64/PicPacCore.SwiftFileList

WriteAuxiliaryFile /var/folders/fh/vt8wk6pn5dgd_tv982c123440000gp/T/picpac-snapshots-4bd21p79/build/Build/Intermediates.noindex/PicPacKit.build/Debug-iphonesimulator/PicPacCore.build/Objects-normal/arm64/PicPacCore.SwiftConstValuesFileList (in target 'PicPacCore' from project 'PicPacKit')
    cd /Users/bavabangaru/Developer/pic-pac-poe-ios-native-parity/ios/Packages/PicPacKit
    write-file /var/folders/fh/vt8wk6pn5dgd_tv982c123440000gp/T/picpac-snapshots-4bd21p79/build/Build/Intermediates.noindex/PicPacKit.build/Debug-iphonesimulator/PicPacCore.build/Objects-normal/arm64/PicPacCore.SwiftConstValuesFileList

WriteAuxiliaryFile /var/folders/fh/vt8wk6pn5dgd_tv982c123440000gp/T/picpac-snapshots-4bd21p79/build/Build/Intermediates.noindex/PicPacKit.build/Debug-iphonesimulator/PicPacCore.build/Objects-normal/arm64/PicPacCore.LinkFileList (in target 'PicPacCore' from project 'PicPacKit')
    cd /Users/bavabangaru/Developer/pic-pac-poe-ios-native-parity/ios/Packages/PicPacKit
    write-file /var/folders/fh/vt8wk6pn5dgd_tv982c123440000gp/T/picpac-snapshots-4bd21p79/build/Build/Intermediates.noindex/PicPacKit.build/Debug-iphonesimulator/PicPacCore.build/Objects-normal/arm64/PicPacCore.LinkFileList

WriteAuxiliaryFile /var/folders/fh/vt8wk6pn5dgd_tv982c123440000gp/T/picpac-snapshots-4bd21p79/build/Build/Intermediates.noindex/PicPacKit.build/Debug-iphonesimulator/PicPacCore.build/Objects-normal/arm64/PicPacCore-OutputFileMap.json (in target 'PicPacCore' from project 'PicPacKit')
    cd /Users/bavabangaru/Developer/pic-pac-poe-ios-native-parity/ios/Packages/PicPacKit
    write-file /var/folders/fh/vt8wk6pn5dgd_tv982c123440000gp/T/picpac-snapshots-4bd21p79/build/Build/Intermediates.noindex/PicPacKit.build/Debug-iphonesimulator/PicPacCore.build/Objects-normal/arm64/PicPacCore-OutputFileMap.json

Copy /var/folders/fh/vt8wk6pn5dgd_tv982c123440000gp/T/picpac-snapshots-4bd21p79/build/Build/Intermediates.noindex/GeneratedModuleMaps-iphonesimulator/PicPacCore.modulemap /var/folders/fh/vt8wk6pn5dgd_tv982c123440000gp/T/picpac-snapshots-4bd21p79/build/Build/Intermediates.noindex/PicPacKit.build/Debug-iphonesimulator/PicPacCore.build/PicPacCore.modulemap (in target 'PicPacCore' from project 'PicPacKit')
    cd /Users/bavabangaru/Developer/pic-pac-poe-ios-native-parity/ios/Packages/PicPacKit
    builtin-copy -exclude .DS_Store -exclude CVS -exclude .svn -exclude .git -exclude .hg -resolve-src-symlinks /var/folders/fh/vt8wk6pn5dgd_tv982c123440000gp/T/picpac-snapshots-4bd21p79/build/Build/Intermediates.noindex/PicPacKit.build/Debug-iphonesimulator/PicPacCore.build/PicPacCore.modulemap /var/folders/fh/vt8wk6pn5dgd_tv982c123440000gp/T/picpac-snapshots-4bd21p79/build/Build/Intermediates.noindex/GeneratedModuleMaps-iphonesimulator

WriteAuxiliaryFile /var/folders/fh/vt8wk6pn5dgd_tv982c123440000gp/T/picpac-snapshots-4bd21p79/build/Build/Intermediates.noindex/PicPacKit.build/Debug-iphonesimulator/PicPacAI.build/PicPacAI.DependencyStaticMetadataFileList (in target 'PicPacAI' from project 'PicPacKit')
    cd /Users/bavabangaru/Developer/pic-pac-poe-ios-native-parity/ios/Packages/PicPacKit
    write-file /var/folders/fh/vt8wk6pn5dgd_tv982c123440000gp/T/picpac-snapshots-4bd21p79/build/Build/Intermediates.noindex/PicPacKit.build/Debug-iphonesimulator/PicPacAI.build/PicPacAI.DependencyStaticMetadataFileList

WriteAuxiliaryFile /var/folders/fh/vt8wk6pn5dgd_tv982c123440000gp/T/picpac-snapshots-4bd21p79/build/Build/Intermediates.noindex/PicPacKit.build/Debug-iphonesimulator/PicPacAI.build/PicPacAI.modulemap (in target 'PicPacAI' from project 'PicPacKit')
    cd /Users/bavabangaru/Developer/pic-pac-poe-ios-native-parity/ios/Packages/PicPacKit
    write-file /var/folders/fh/vt8wk6pn5dgd_tv982c123440000gp/T/picpac-snapshots-4bd21p79/build/Build/Intermediates.noindex/PicPacKit.build/Debug-iphonesimulator/PicPacAI.build/PicPacAI.modulemap

WriteAuxiliaryFile /var/folders/fh/vt8wk6pn5dgd_tv982c123440000gp/T/picpac-snapshots-4bd21p79/build/Build/Intermediates.noindex/PicPacKit.build/Debug-iphonesimulator/PicPacAI.build/PicPacAI.DependencyMetadataFileList (in target 'PicPacAI' from project 'PicPacKit')
    cd /Users/bavabangaru/Developer/pic-pac-poe-ios-native-parity/ios/Packages/PicPacKit
    write-file /var/folders/fh/vt8wk6pn5dgd_tv982c123440000gp/T/picpac-snapshots-4bd21p79/build/Build/Intermediates.noindex/PicPacKit.build/Debug-iphonesimulator/PicPacAI.build/PicPacAI.DependencyMetadataFileList

WriteAuxiliaryFile /var/folders/fh/vt8wk6pn5dgd_tv982c123440000gp/T/picpac-snapshots-4bd21p79/build/Build/Intermediates.noindex/PicPacKit.build/Debug-iphonesimulator/PicPacAI.build/Objects-normal/x86_64/PicPacAI_const_extract_protocols.json (in target 'PicPacAI' from project 'PicPacKit')
    cd /Users/bavabangaru/Developer/pic-pac-poe-ios-native-parity/ios/Packages/PicPacKit
    write-file /var/folders/fh/vt8wk6pn5dgd_tv982c123440000gp/T/picpac-snapshots-4bd21p79/build/Build/Intermediates.noindex/PicPacKit.build/Debug-iphonesimulator/PicPacAI.build/Objects-normal/x86_64/PicPacAI_const_extract_protocols.json

WriteAuxiliaryFile /var/folders/fh/vt8wk6pn5dgd_tv982c123440000gp/T/picpac-snapshots-4bd21p79/build/Build/Intermediates.noindex/PicPacKit.build/Debug-iphonesimulator/PicPacAI.build/Objects-normal/x86_64/PicPacAI.SwiftFileList (in target 'PicPacAI' from project 'PicPacKit')
    cd /Users/bavabangaru/Developer/pic-pac-poe-ios-native-parity/ios/Packages/PicPacKit
    write-file /var/folders/fh/vt8wk6pn5dgd_tv982c123440000gp/T/picpac-snapshots-4bd21p79/build/Build/Intermediates.noindex/PicPacKit.build/Debug-iphonesimulator/PicPacAI.build/Objects-normal/x86_64/PicPacAI.SwiftFileList

WriteAuxiliaryFile /var/folders/fh/vt8wk6pn5dgd_tv982c123440000gp/T/picpac-snapshots-4bd21p79/build/Build/Intermediates.noindex/PicPacKit.build/Debug-iphonesimulator/PicPacAI.build/Objects-normal/x86_64/PicPacAI.SwiftConstValuesFileList (in target 'PicPacAI' from project 'PicPacKit')
    cd /Users/bavabangaru/Developer/pic-pac-poe-ios-native-parity/ios/Packages/PicPacKit
    write-file /var/folders/fh/vt8wk6pn5dgd_tv982c123440000gp/T/picpac-snapshots-4bd21p79/build/Build/Intermediates.noindex/PicPacKit.build/Debug-iphonesimulator/PicPacAI.build/Objects-normal/x86_64/PicPacAI.SwiftConstValuesFileList

WriteAuxiliaryFile /var/folders/fh/vt8wk6pn5dgd_tv982c123440000gp/T/picpac-snapshots-4bd21p79/build/Build/Intermediates.noindex/PicPacKit.build/Debug-iphonesimulator/PicPacAI.build/Objects-normal/x86_64/PicPacAI.LinkFileList (in target 'PicPacAI' from project 'PicPacKit')
    cd /Users/bavabangaru/Developer/pic-pac-poe-ios-native-parity/ios/Packages/PicPacKit
    write-file /var/folders/fh/vt8wk6pn5dgd_tv982c123440000gp/T/picpac-snapshots-4bd21p79/build/Build/Intermediates.noindex/PicPacKit.build/Debug-iphonesimulator/PicPacAI.build/Objects-normal/x86_64/PicPacAI.LinkFileList

WriteAuxiliaryFile /var/folders/fh/vt8wk6pn5dgd_tv982c123440000gp/T/picpac-snapshots-4bd21p79/build/Build/Intermediates.noindex/PicPacKit.build/Debug-iphonesimulator/PicPacAI.build/Objects-normal/x86_64/PicPacAI-OutputFileMap.json (in target 'PicPacAI' from project 'PicPacKit')
    cd /Users/bavabangaru/Developer/pic-pac-poe-ios-native-parity/ios/Packages/PicPacKit
    write-file /var/folders/fh/vt8wk6pn5dgd_tv982c123440000gp/T/picpac-snapshots-4bd21p79/build/Build/Intermediates.noindex/PicPacKit.build/Debug-iphonesimulator/PicPacAI.build/Objects-normal/x86_64/PicPacAI-OutputFileMap.json

WriteAuxiliaryFile /var/folders/fh/vt8wk6pn5dgd_tv982c123440000gp/T/picpac-snapshots-4bd21p79/build/Build/Intermediates.noindex/PicPacKit.build/Debug-iphonesimulator/PicPacAI.build/Objects-normal/arm64/PicPacAI_const_extract_protocols.json (in target 'PicPacAI' from project 'PicPacKit')
    cd /Users/bavabangaru/Developer/pic-pac-poe-ios-native-parity/ios/Packages/PicPacKit
    write-file /var/folders/fh/vt8wk6pn5dgd_tv982c123440000gp/T/picpac-snapshots-4bd21p79/build/Build/Intermediates.noindex/PicPacKit.build/Debug-iphonesimulator/PicPacAI.build/Objects-normal/arm64/PicPacAI_const_extract_protocols.json

WriteAuxiliaryFile /var/folders/fh/vt8wk6pn5dgd_tv982c123440000gp/T/picpac-snapshots-4bd21p79/build/Build/Intermediates.noindex/PicPacKit.build/Debug-iphonesimulator/PicPacAI.build/Objects-normal/arm64/PicPacAI.SwiftFileList (in target 'PicPacAI' from project 'PicPacKit')
    cd /Users/bavabangaru/Developer/pic-pac-poe-ios-native-parity/ios/Packages/PicPacKit
    write-file /var/folders/fh/vt8wk6pn5dgd_tv982c123440000gp/T/picpac-snapshots-4bd21p79/build/Build/Intermediates.noindex/PicPacKit.build/Debug-iphonesimulator/PicPacAI.build/Objects-normal/arm64/PicPacAI.SwiftFileList

WriteAuxiliaryFile /var/folders/fh/vt8wk6pn5dgd_tv982c123440000gp/T/picpac-snapshots-4bd21p79/build/Build/Intermediates.noindex/PicPacKit.build/Debug-iphonesimulator/PicPacAI.build/Objects-normal/arm64/PicPacAI.SwiftConstValuesFileList (in target 'PicPacAI' from project 'PicPacKit')
    cd /Users/bavabangaru/Developer/pic-pac-poe-ios-native-parity/ios/Packages/PicPacKit
    write-file /var/folders/fh/vt8wk6pn5dgd_tv982c123440000gp/T/picpac-snapshots-4bd21p79/build/Build/Intermediates.noindex/PicPacKit.build/Debug-iphonesimulator/PicPacAI.build/Objects-normal/arm64/PicPacAI.SwiftConstValuesFileList

WriteAuxiliaryFile /var/folders/fh/vt8wk6pn5dgd_tv982c123440000gp/T/picpac-snapshots-4bd21p79/build/Build/Intermediates.noindex/PicPacKit.build/Debug-iphonesimulator/PicPacAI.build/Objects-normal/arm64/PicPacAI.LinkFileList (in target 'PicPacAI' from project 'PicPacKit')
    cd /Users/bavabangaru/Developer/pic-pac-poe-ios-native-parity/ios/Packages/PicPacKit
    write-file /var/folders/fh/vt8wk6pn5dgd_tv982c123440000gp/T/picpac-snapshots-4bd21p79/build/Build/Intermediates.noindex/PicPacKit.build/Debug-iphonesimulator/PicPacAI.build/Objects-normal/arm64/PicPacAI.LinkFileList

WriteAuxiliaryFile /var/folders/fh/vt8wk6pn5dgd_tv982c123440000gp/T/picpac-snapshots-4bd21p79/build/Build/Intermediates.noindex/PicPacKit.build/Debug-iphonesimulator/PicPacAI.build/Objects-normal/arm64/PicPacAI-OutputFileMap.json (in target 'PicPacAI' from project 'PicPacKit')
    cd /Users/bavabangaru/Developer/pic-pac-poe-ios-native-parity/ios/Packages/PicPacKit
    write-file /var/folders/fh/vt8wk6pn5dgd_tv982c123440000gp/T/picpac-snapshots-4bd21p79/build/Build/Intermediates.noindex/PicPacKit.build/Debug-iphonesimulator/PicPacAI.build/Objects-normal/arm64/PicPacAI-OutputFileMap.json

WriteAuxiliaryFile /var/folders/fh/vt8wk6pn5dgd_tv982c123440000gp/T/picpac-snapshots-4bd21p79/build/Build/Intermediates.noindex/PicPacKit.build/Debug-iphonesimulator/PicPacAI.build/DerivedSources/resource_bundle_accessor.swift (in target 'PicPacAI' from project 'PicPacKit')
    cd /Users/bavabangaru/Developer/pic-pac-poe-ios-native-parity/ios/Packages/PicPacKit
    write-file /var/folders/fh/vt8wk6pn5dgd_tv982c123440000gp/T/picpac-snapshots-4bd21p79/build/Build/Intermediates.noindex/PicPacKit.build/Debug-iphonesimulator/PicPacAI.build/DerivedSources/resource_bundle_accessor.swift

Copy /var/folders/fh/vt8wk6pn5dgd_tv982c123440000gp/T/picpac-snapshots-4bd21p79/build/Build/Intermediates.noindex/GeneratedModuleMaps-iphonesimulator/PicPacAI.modulemap /var/folders/fh/vt8wk6pn5dgd_tv982c123440000gp/T/picpac-snapshots-4bd21p79/build/Build/Intermediates.noindex/PicPacKit.build/Debug-iphonesimulator/PicPacAI.build/PicPacAI.modulemap (in target 'PicPacAI' from project 'PicPacKit')
    cd /Users/bavabangaru/Developer/pic-pac-poe-ios-native-parity/ios/Packages/PicPacKit
    builtin-copy -exclude .DS_Store -exclude CVS -exclude .svn -exclude .git -exclude .hg -resolve-src-symlinks /var/folders/fh/vt8wk6pn5dgd_tv982c123440000gp/T/picpac-snapshots-4bd21p79/build/Build/Intermediates.noindex/PicPacKit.build/Debug-iphonesimulator/PicPacAI.build/PicPacAI.modulemap /var/folders/fh/vt8wk6pn5dgd_tv982c123440000gp/T/picpac-snapshots-4bd21p79/build/Build/Intermediates.noindex/GeneratedModuleMaps-iphonesimulator

MkDir /var/folders/fh/vt8wk6pn5dgd_tv982c123440000gp/T/picpac-snapshots-4bd21p79/build/Build/Products/Debug-iphonesimulator/PicPacKit_PicPacAI.bundle (in target 'PicPacKit_PicPacAI' from project 'PicPacKit')
    cd /Users/bavabangaru/Developer/pic-pac-poe-ios-native-parity/ios/Packages/PicPacKit
    /bin/mkdir -p /var/folders/fh/vt8wk6pn5dgd_tv982c123440000gp/T/picpac-snapshots-4bd21p79/build/Build/Products/Debug-iphonesimulator/PicPacKit_PicPacAI.bundle

MkDir /var/folders/fh/vt8wk6pn5dgd_tv982c123440000gp/T/picpac-snapshots-4bd21p79/build/Build/Products/Debug-iphonesimulator/PicPacPoe.app (in target 'PicPacPoe' from project 'PicPacPoe')
    cd /Users/bavabangaru/Developer/pic-pac-poe-ios-native-parity/ios
    /bin/mkdir -p /var/folders/fh/vt8wk6pn5dgd_tv982c123440000gp/T/picpac-snapshots-4bd21p79/build/Build/Products/Debug-iphonesimulator/PicPacPoe.app

ProcessInfoPlistFile /var/folders/fh/vt8wk6pn5dgd_tv982c123440000gp/T/picpac-snapshots-4bd21p79/build/Build/Products/Debug-iphonesimulator/PicPacKit_PicPacAI.bundle/Info.plist /var/folders/fh/vt8wk6pn5dgd_tv982c123440000gp/T/picpac-snapshots-4bd21p79/build/Build/Intermediates.noindex/PicPacKit.build/Debug-iphonesimulator/PicPacKit_PicPacAI.build/empty-PicPacKit_PicPacAI.plist (in target 'PicPacKit_PicPacAI' from project 'PicPacKit')
    cd /Users/bavabangaru/Developer/pic-pac-poe-ios-native-parity/ios/Packages/PicPacKit
    builtin-infoPlistUtility /var/folders/fh/vt8wk6pn5dgd_tv982c123440000gp/T/picpac-snapshots-4bd21p79/build/Build/Intermediates.noindex/PicPacKit.build/Debug-iphonesimulator/PicPacKit_PicPacAI.build/empty-PicPacKit_PicPacAI.plist -producttype com.apple.product-type.bundle -expandbuildsettings -format binary -platform iphonesimulator -o /var/folders/fh/vt8wk6pn5dgd_tv982c123440000gp/T/picpac-snapshots-4bd21p79/build/Build/Products/Debug-iphonesimulator/PicPacKit_PicPacAI.bundle/Info.plist

CpResource /var/folders/fh/vt8wk6pn5dgd_tv982c123440000gp/T/picpac-snapshots-4bd21p79/build/Build/Products/Debug-iphonesimulator/PicPacKit_PicPacAI.bundle/picpac_rl_policy_v1.bin /Users/bavabangaru/Developer/pic-pac-poe-ios-native-parity/ios/Packages/PicPacKit/Sources/PicPacAI/Resources/picpac_rl_policy_v1.bin (in target 'PicPacKit_PicPacAI' from project 'PicPacKit')
    cd /Users/bavabangaru/Developer/pic-pac-poe-ios-native-parity/ios/Packages/PicPacKit
    builtin-copy -exclude .DS_Store -exclude CVS -exclude .svn -exclude .git -exclude .hg -resolve-src-symlinks /Users/bavabangaru/Developer/pic-pac-poe-ios-native-parity/ios/Packages/PicPacKit/Sources/PicPacAI/Resources/picpac_rl_policy_v1.bin /var/folders/fh/vt8wk6pn5dgd_tv982c123440000gp/T/picpac-snapshots-4bd21p79/build/Build/Products/Debug-iphonesimulator/PicPacKit_PicPacAI.bundle

RegisterExecutionPolicyException /var/folders/fh/vt8wk6pn5dgd_tv982c123440000gp/T/picpac-snapshots-4bd21p79/build/Build/Products/Debug-iphonesimulator/PicPacKit_PicPacAI.bundle (in target 'PicPacKit_PicPacAI' from project 'PicPacKit')
    cd /Users/bavabangaru/Developer/pic-pac-poe-ios-native-parity/ios/Packages/PicPacKit
    builtin-RegisterExecutionPolicyException /var/folders/fh/vt8wk6pn5dgd_tv982c123440000gp/T/picpac-snapshots-4bd21p79/build/Build/Products/Debug-iphonesimulator/PicPacKit_PicPacAI.bundle

Touch /var/folders/fh/vt8wk6pn5dgd_tv982c123440000gp/T/picpac-snapshots-4bd21p79/build/Build/Products/Debug-iphonesimulator/PicPacKit_PicPacAI.bundle (in target 'PicPacKit_PicPacAI' from project 'PicPacKit')
    cd /Users/bavabangaru/Developer/pic-pac-poe-ios-native-parity/ios/Packages/PicPacKit
    /usr/bin/touch -c /var/folders/fh/vt8wk6pn5dgd_tv982c123440000gp/T/picpac-snapshots-4bd21p79/build/Build/Products/Debug-iphonesimulator/PicPacKit_PicPacAI.bundle

SwiftDriver PicPacCore normal x86_64 com.apple.xcode.tools.swift.compiler (in target 'PicPacCore' from project 'PicPacKit')
    cd /Users/bavabangaru/Developer/pic-pac-poe-ios-native-parity/ios/PicPacPoe.xcodeproj
    builtin-SwiftDriver -- /Applications/Xcode.app/Contents/Developer/Toolchains/XcodeDefault.xctoolchain/usr/bin/swiftc -module-name PicPacCore -Onone @/var/folders/fh/vt8wk6pn5dgd_tv982c123440000gp/T/picpac-snapshots-4bd21p79/build/Build/Intermediates.noindex/PicPacKit.build/Debug-iphonesimulator/PicPacCore.build/Objects-normal/x86_64/PicPacCore.SwiftFileList -DSWIFT_PACKAGE -DDEBUG -DSWIFT_MODULE_RESOURCE_BUNDLE_UNAVAILABLE -DXcode -plugin-path /Applications/Xcode.app/Contents/Developer/Toolchains/XcodeDefault.xctoolchain/usr/lib/swift/host/plugins/testing -enable-experimental-feature DebugDescriptionMacro -sdk /Applications/Xcode.app/Contents/Developer/Platforms/iPhoneSimulator.platform/Developer/SDKs/iPhoneSimulator26.5.sdk -target x86_64-apple-ios17.0-simulator -g -module-cache-path /var/folders/fh/vt8wk6pn5dgd_tv982c123440000gp/T/picpac-snapshots-4bd21p79/build/ModuleCache.noindex -Xfrontend -serialize-debugging-options -profile-coverage-mapping -profile-generate -enable-testing -suppress-warnings -index-store-path /var/folders/fh/vt8wk6pn5dgd_tv982c123440000gp/T/picpac-snapshots-4bd21p79/build/Index.noindex/DataStore -Xcc -D_LIBCPP_HARDENING_MODE\=_LIBCPP_HARDENING_MODE_DEBUG -swift-version 6 -I /var/folders/fh/vt8wk6pn5dgd_tv982c123440000gp/T/picpac-snapshots-4bd21p79/build/Build/Products/Debug-iphonesimulator -Isystem /Applications/Xcode.app/Contents/Developer/Platforms/iPhoneSimulator.platform/Developer/usr/lib -F /var/folders/fh/vt8wk6pn5dgd_tv982c123440000gp/T/picpac-snapshots-4bd21p79/build/Build/Products/Debug-iphonesimulator -F /Applications/Xcode.app/Contents/Developer/Platforms/iPhoneSimulator.platform/Developer/Library/Frameworks -F /Applications/Xcode.app/Contents/Developer/Platforms/iPhoneSimulator.platform/Developer/SDKs/iPhoneSimulator26.5.sdk/Developer/Library/Frameworks -c -j12 -enable-batch-mode -incremental -Xcc -ivfsstatcache -Xcc /var/folders/fh/vt8wk6pn5dgd_tv982c123440000gp/T/picpac-snapshots-4bd21p79/build/SDKStatCaches.noindex/iphonesimulator26.5-23F81a-6cfe768891a92b912361537c460fe42b.sdkstatcache -output-file-map /var/folders/fh/vt8wk6pn5dgd_tv982c123440000gp/T/picpac-snapshots-4bd21p79/build/Build/Intermediates.noindex/PicPacKit.build/Debug-iphonesimulator/PicPacCore.build/Objects-normal/x86_64/PicPacCore-OutputFileMap.json -use-frontend-parseable-output -save-temps -no-color-diagnostics -explicit-module-build -module-cache-path /var/folders/fh/vt8wk6pn5dgd_tv982c123440000gp/T/picpac-snapshots-4bd21p79/build/Build/Intermediates.noindex/SwiftExplicitPrecompiledModules -clang-scanner-module-cache-path /var/folders/fh/vt8wk6pn5dgd_tv982c123440000gp/T/picpac-snapshots-4bd21p79/build/ModuleCache.noindex -sdk-module-cache-path /var/folders/fh/vt8wk6pn5dgd_tv982c123440000gp/T/picpac-snapshots-4bd21p79/build/ModuleCache.noindex -serialize-diagnostics -emit-dependencies -emit-module -emit-module-path /var/folders/fh/vt8wk6pn5dgd_tv982c123440000gp/T/picpac-snapshots-4bd21p79/build/Build/Intermediates.noindex/PicPacKit.build/Debug-iphonesimulator/PicPacCore.build/Objects-normal/x86_64/PicPacCore.swiftmodule -validate-clang-modules-once -clang-build-session-file /var/folders/fh/vt8wk6pn5dgd_tv982c123440000gp/T/picpac-snapshots-4bd21p79/build/ModuleCache.noindex/Session.modulevalidation -package-name picpackit -Xcc -I/var/folders/fh/vt8wk6pn5dgd_tv982c123440000gp/T/picpac-snapshots-4bd21p79/build/Build/Intermediates.noindex/PicPacKit.build/Debug-iphonesimulator/PicPacCore.build/swift-overrides.hmap -emit-const-values -Xfrontend -const-gather-protocols-file -Xfrontend /var/folders/fh/vt8wk6pn5dgd_tv982c123440000gp/T/picpac-snapshots-4bd21p79/build/Build/Intermediates.noindex/PicPacKit.build/Debug-iphonesimulator/PicPacCore.build/Objects-normal/x86_64/PicPacCore_const_extract_protocols.json -Xcc -I/var/folders/fh/vt8wk6pn5dgd_tv982c123440000gp/T/picpac-snapshots-4bd21p79/build/Build/Products/Debug-iphonesimulator/include -Xcc -I/var/folders/fh/vt8wk6pn5dgd_tv982c123440000gp/T/picpac-snapshots-4bd21p79/build/Build/Intermediates.noindex/PicPacKit.build/Debug-iphonesimulator/PicPacCore.build/DerivedSources-normal/x86_64 -Xcc -I/var/folders/fh/vt8wk6pn5dgd_tv982c123440000gp/T/picpac-snapshots-4bd21p79/build/Build/Intermediates.noindex/PicPacKit.build/Debug-iphonesimulator/PicPacCore.build/DerivedSources/x86_64 -Xcc -I/var/folders/fh/vt8wk6pn5dgd_tv982c123440000gp/T/picpac-snapshots-4bd21p79/build/Build/Intermediates.noindex/PicPacKit.build/Debug-iphonesimulator/PicPacCore.build/DerivedSources -Xcc -DSWIFT_PACKAGE -Xcc -DDEBUG\=1 -emit-objc-header -emit-objc-header-path /var/folders/fh/vt8wk6pn5dgd_tv982c123440000gp/T/picpac-snapshots-4bd21p79/build/Build/Intermediates.noindex/PicPacKit.build/Debug-iphonesimulator/PicPacCore.build/Objects-normal/x86_64/PicPacCore-Swift.h -working-directory /Users/bavabangaru/Developer/pic-pac-poe-ios-native-parity/ios/PicPacPoe.xcodeproj -experimental-emit-module-separately -disable-cmo

SwiftDriver PicPacCore normal arm64 com.apple.xcode.tools.swift.compiler (in target 'PicPacCore' from project 'PicPacKit')
    cd /Users/bavabangaru/Developer/pic-pac-poe-ios-native-parity/ios/PicPacPoe.xcodeproj
    builtin-SwiftDriver -- /Applications/Xcode.app/Contents/Developer/Toolchains/XcodeDefault.xctoolchain/usr/bin/swiftc -module-name PicPacCore -Onone @/var/folders/fh/vt8wk6pn5dgd_tv982c123440000gp/T/picpac-snapshots-4bd21p79/build/Build/Intermediates.noindex/PicPacKit.build/Debug-iphonesimulator/PicPacCore.build/Objects-normal/arm64/PicPacCore.SwiftFileList -DSWIFT_PACKAGE -DDEBUG -DSWIFT_MODULE_RESOURCE_BUNDLE_UNAVAILABLE -DXcode -plugin-path /Applications/Xcode.app/Contents/Developer/Toolchains/XcodeDefault.xctoolchain/usr/lib/swift/host/plugins/testing -enable-experimental-feature DebugDescriptionMacro -sdk /Applications/Xcode.app/Contents/Developer/Platforms/iPhoneSimulator.platform/Developer/SDKs/iPhoneSimulator26.5.sdk -target arm64-apple-ios17.0-simulator -g -module-cache-path /var/folders/fh/vt8wk6pn5dgd_tv982c123440000gp/T/picpac-snapshots-4bd21p79/build/ModuleCache.noindex -Xfrontend -serialize-debugging-options -profile-coverage-mapping -profile-generate -enable-testing -suppress-warnings -index-store-path /var/folders/fh/vt8wk6pn5dgd_tv982c123440000gp/T/picpac-snapshots-4bd21p79/build/Index.noindex/DataStore -Xcc -D_LIBCPP_HARDENING_MODE\=_LIBCPP_HARDENING_MODE_DEBUG -swift-version 6 -I /var/folders/fh/vt8wk6pn5dgd_tv982c123440000gp/T/picpac-snapshots-4bd21p79/build/Build/Products/Debug-iphonesimulator -Isystem /Applications/Xcode.app/Contents/Developer/Platforms/iPhoneSimulator.platform/Developer/usr/lib -F /var/folders/fh/vt8wk6pn5dgd_tv982c123440000gp/T/picpac-snapshots-4bd21p79/build/Build/Products/Debug-iphonesimulator -F /Applications/Xcode.app/Contents/Developer/Platforms/iPhoneSimulator.platform/Developer/Library/Frameworks -F /Applications/Xcode.app/Contents/Developer/Platforms/iPhoneSimulator.platform/Developer/SDKs/iPhoneSimulator26.5.sdk/Developer/Library/Frameworks -c -j12 -enable-batch-mode -incremental -Xcc -ivfsstatcache -Xcc /var/folders/fh/vt8wk6pn5dgd_tv982c123440000gp/T/picpac-snapshots-4bd21p79/build/SDKStatCaches.noindex/iphonesimulator26.5-23F81a-6cfe768891a92b912361537c460fe42b.sdkstatcache -output-file-map /var/folders/fh/vt8wk6pn5dgd_tv982c123440000gp/T/picpac-snapshots-4bd21p79/build/Build/Intermediates.noindex/PicPacKit.build/Debug-iphonesimulator/PicPacCore.build/Objects-normal/arm64/PicPacCore-OutputFileMap.json -use-frontend-parseable-output -save-temps -no-color-diagnostics -explicit-module-build -module-cache-path /var/folders/fh/vt8wk6pn5dgd_tv982c123440000gp/T/picpac-snapshots-4bd21p79/build/Build/Intermediates.noindex/SwiftExplicitPrecompiledModules -clang-scanner-module-cache-path /var/folders/fh/vt8wk6pn5dgd_tv982c123440000gp/T/picpac-snapshots-4bd21p79/build/ModuleCache.noindex -sdk-module-cache-path /var/folders/fh/vt8wk6pn5dgd_tv982c123440000gp/T/picpac-snapshots-4bd21p79/build/ModuleCache.noindex -serialize-diagnostics -emit-dependencies -emit-module -emit-module-path /var/folders/fh/vt8wk6pn5dgd_tv982c123440000gp/T/picpac-snapshots-4bd21p79/build/Build/Intermediates.noindex/PicPacKit.build/Debug-iphonesimulator/PicPacCore.build/Objects-normal/arm64/PicPacCore.swiftmodule -validate-clang-modules-once -clang-build-session-file /var/folders/fh/vt8wk6pn5dgd_tv982c123440000gp/T/picpac-snapshots-4bd21p79/build/ModuleCache.noindex/Session.modulevalidation -package-name picpackit -Xcc -I/var/folders/fh/vt8wk6pn5dgd_tv982c123440000gp/T/picpac-snapshots-4bd21p79/build/Build/Intermediates.noindex/PicPacKit.build/Debug-iphonesimulator/PicPacCore.build/swift-overrides.hmap -emit-const-values -Xfrontend -const-gather-protocols-file -Xfrontend /var/folders/fh/vt8wk6pn5dgd_tv982c123440000gp/T/picpac-snapshots-4bd21p79/build/Build/Intermediates.noindex/PicPacKit.build/Debug-iphonesimulator/PicPacCore.build/Objects-normal/arm64/PicPacCore_const_extract_protocols.json -Xcc -I/var/folders/fh/vt8wk6pn5dgd_tv982c123440000gp/T/picpac-snapshots-4bd21p79/build/Build/Products/Debug-iphonesimulator/include -Xcc -I/var/folders/fh/vt8wk6pn5dgd_tv982c123440000gp/T/picpac-snapshots-4bd21p79/build/Build/Intermediates.noindex/PicPacKit.build/Debug-iphonesimulator/PicPacCore.build/DerivedSources-normal/arm64 -Xcc -I/var/folders/fh/vt8wk6pn5dgd_tv982c123440000gp/T/picpac-snapshots-4bd21p79/build/Build/Intermediates.noindex/PicPacKit.build/Debug-iphonesimulator/PicPacCore.build/DerivedSources/arm64 -Xcc -I/var/folders/fh/vt8wk6pn5dgd_tv982c123440000gp/T/picpac-snapshots-4bd21p79/build/Build/Intermediates.noindex/PicPacKit.build/Debug-iphonesimulator/PicPacCore.build/DerivedSources -Xcc -DSWIFT_PACKAGE -Xcc -DDEBUG\=1 -emit-objc-header -emit-objc-header-path /var/folders/fh/vt8wk6pn5dgd_tv982c123440000gp/T/picpac-snapshots-4bd21p79/build/Build/Intermediates.noindex/PicPacKit.build/Debug-iphonesimulator/PicPacCore.build/Objects-normal/arm64/PicPacCore-Swift.h -working-directory /Users/bavabangaru/Developer/pic-pac-poe-ios-native-parity/ios/PicPacPoe.xcodeproj -experimental-emit-module-separately -disable-cmo

SwiftExplicitDependencyGeneratePcm x86_64 /var/folders/fh/vt8wk6pn5dgd_tv982c123440000gp/T/picpac-snapshots-4bd21p79/build/ModuleCache.noindex/_SwiftConcurrencyShims-AJTPZCXKZ8W84NIOWA57Z0VBE.pcm

SwiftExplicitDependencyGeneratePcm x86_64 /var/folders/fh/vt8wk6pn5dgd_tv982c123440000gp/T/picpac-snapshots-4bd21p79/build/ModuleCache.noindex/_Builtin_stdarg-ATDXE14GL0K4L4MS4U6FACEYS.pcm

SwiftExplicitDependencyGeneratePcm x86_64 /var/folders/fh/vt8wk6pn5dgd_tv982c123440000gp/T/picpac-snapshots-4bd21p79/build/ModuleCache.noindex/ptrauth-4QCPO00MQFQ8Z5MHCQEF0DOL2.pcm

SwiftExplicitDependencyGeneratePcm x86_64 /var/folders/fh/vt8wk6pn5dgd_tv982c123440000gp/T/picpac-snapshots-4bd21p79/build/ModuleCache.noindex/ptrcheck-BN3EV26VHCGKUN4QGS1DPM2SG.pcm

SwiftExplicitDependencyGeneratePcm x86_64 /var/folders/fh/vt8wk6pn5dgd_tv982c123440000gp/T/picpac-snapshots-4bd21p79/build/ModuleCache.noindex/_AvailabilityInternal-1VENN1OVMXY4UHPYCT7ISGCZV.pcm

SwiftExplicitDependencyGeneratePcm x86_64 /var/folders/fh/vt8wk6pn5dgd_tv982c123440000gp/T/picpac-snapshots-4bd21p79/build/ModuleCache.noindex/_Builtin_float-78WUP81MS4W0IYVD10KRRZXIA.pcm

SwiftExplicitDependencyGeneratePcm x86_64 /var/folders/fh/vt8wk6pn5dgd_tv982c123440000gp/T/picpac-snapshots-4bd21p79/build/ModuleCache.noindex/SwiftShims-C0DXKSUZJDCG1921RKRW84GPQ.pcm

SwiftExplicitDependencyGeneratePcm x86_64 /var/folders/fh/vt8wk6pn5dgd_tv982c123440000gp/T/picpac-snapshots-4bd21p79/build/ModuleCache.noindex/_Builtin_stdbool-79CF5L0Q178PAPXLX98T4WKJB.pcm

SwiftExplicitDependencyGeneratePcm x86_64 /var/folders/fh/vt8wk6pn5dgd_tv982c123440000gp/T/picpac-snapshots-4bd21p79/build/ModuleCache.noindex/_Builtin_stddef-61VIY7V8OGDRU4LSEUE6EP590.pcm

SwiftExplicitDependencyGeneratePcm arm64 /var/folders/fh/vt8wk6pn5dgd_tv982c123440000gp/T/picpac-snapshots-4bd21p79/build/ModuleCache.noindex/_Builtin_float-B82X3MRI1URD3TGDOUBW30PYV.pcm

SwiftExplicitDependencyGeneratePcm arm64 /var/folders/fh/vt8wk6pn5dgd_tv982c123440000gp/T/picpac-snapshots-4bd21p79/build/ModuleCache.noindex/_SwiftConcurrencyShims-88UD2C7RVE37NC68BY2SRXW4Y.pcm

SwiftExplicitDependencyGeneratePcm arm64 /var/folders/fh/vt8wk6pn5dgd_tv982c123440000gp/T/picpac-snapshots-4bd21p79/build/ModuleCache.noindex/ptrauth-7PT6MVG0K5CM914K6A7EANSV0.pcm

SwiftExplicitDependencyGeneratePcm arm64 /var/folders/fh/vt8wk6pn5dgd_tv982c123440000gp/T/picpac-snapshots-4bd21p79/build/ModuleCache.noindex/_Builtin_stdarg-BWZRS8WD3ZHEQN4B4KRB51OFX.pcm

SwiftExplicitDependencyGeneratePcm arm64 /var/folders/fh/vt8wk6pn5dgd_tv982c123440000gp/T/picpac-snapshots-4bd21p79/build/ModuleCache.noindex/_Builtin_stdbool-2SGX4S4UMWUJ521481CPDLJLQ.pcm

SwiftExplicitDependencyGeneratePcm arm64 /var/folders/fh/vt8wk6pn5dgd_tv982c123440000gp/T/picpac-snapshots-4bd21p79/build/ModuleCache.noindex/_AvailabilityInternal-A2AGNVY5IAWTCKVKY52JY5XA6.pcm

SwiftExplicitDependencyGeneratePcm arm64 /var/folders/fh/vt8wk6pn5dgd_tv982c123440000gp/T/picpac-snapshots-4bd21p79/build/ModuleCache.noindex/_Builtin_stddef-C3FX6ZUGB8UJ7DD2KNA00P2SB.pcm

SwiftExplicitDependencyGeneratePcm arm64 /var/folders/fh/vt8wk6pn5dgd_tv982c123440000gp/T/picpac-snapshots-4bd21p79/build/ModuleCache.noindex/ptrcheck-700S49ZWGROGEM2UZ354JUP55.pcm

SwiftExplicitDependencyGeneratePcm arm64 /var/folders/fh/vt8wk6pn5dgd_tv982c123440000gp/T/picpac-snapshots-4bd21p79/build/ModuleCache.noindex/SwiftShims-4MMZW53UWODML9FPZCWNSABUQ.pcm

SwiftExplicitDependencyGeneratePcm x86_64 /var/folders/fh/vt8wk6pn5dgd_tv982c123440000gp/T/picpac-snapshots-4bd21p79/build/ModuleCache.noindex/_DarwinFoundation1-CN95JMYCLU6M8AJWQQI0N60JT.pcm

SwiftExplicitDependencyGeneratePcm arm64 /var/folders/fh/vt8wk6pn5dgd_tv982c123440000gp/T/picpac-snapshots-4bd21p79/build/ModuleCache.noindex/_DarwinFoundation1-56OCW6CVKTQ41KNKRD76MY6V.pcm

SwiftExplicitDependencyGeneratePcm x86_64 /var/folders/fh/vt8wk6pn5dgd_tv982c123440000gp/T/picpac-snapshots-4bd21p79/build/ModuleCache.noindex/_DarwinFoundation2-ZA9TY3BD34Z1NMS3ENY9YC6.pcm

SwiftExplicitDependencyGeneratePcm x86_64 /var/folders/fh/vt8wk6pn5dgd_tv982c123440000gp/T/picpac-snapshots-4bd21p79/build/ModuleCache.noindex/_Builtin_limits-2DFHC76MADUVJNGAN7YFENEKR.pcm

SwiftExplicitDependencyGeneratePcm arm64 /var/folders/fh/vt8wk6pn5dgd_tv982c123440000gp/T/picpac-snapshots-4bd21p79/build/ModuleCache.noindex/_DarwinFoundation2-62RDC9452EBS9HRKDW1ARKFZD.pcm

SwiftExplicitDependencyGeneratePcm arm64 /var/folders/fh/vt8wk6pn5dgd_tv982c123440000gp/T/picpac-snapshots-4bd21p79/build/ModuleCache.noindex/_Builtin_limits-2HS883LWDDB9GE46ZDI2QWJZC.pcm

SwiftExplicitDependencyGeneratePcm x86_64 /var/folders/fh/vt8wk6pn5dgd_tv982c123440000gp/T/picpac-snapshots-4bd21p79/build/ModuleCache.noindex/_Builtin_stdint-92H42EYUDBC1Z7GSWF8MHWPV9.pcm

SwiftExplicitDependencyGeneratePcm x86_64 /var/folders/fh/vt8wk6pn5dgd_tv982c123440000gp/T/picpac-snapshots-4bd21p79/build/ModuleCache.noindex/sys_types-EJ8GIAUTR6HQ7N3AUABYO8DTJ.pcm

SwiftExplicitDependencyGeneratePcm x86_64 /var/folders/fh/vt8wk6pn5dgd_tv982c123440000gp/T/picpac-snapshots-4bd21p79/build/ModuleCache.noindex/_DarwinFoundation3-2FKS95QOZCW3HESBB40QUON2E.pcm

SwiftExplicitDependencyGeneratePcm arm64 /var/folders/fh/vt8wk6pn5dgd_tv982c123440000gp/T/picpac-snapshots-4bd21p79/build/ModuleCache.noindex/_Builtin_stdint-1DTK6F5TPQ8W2ATZLJMGO5CYL.pcm

SwiftExplicitDependencyGeneratePcm arm64 /var/folders/fh/vt8wk6pn5dgd_tv982c123440000gp/T/picpac-snapshots-4bd21p79/build/ModuleCache.noindex/sys_types-6SHVCEF6WB05RPCXAVIE5J00Y.pcm

SwiftExplicitDependencyGeneratePcm arm64 /var/folders/fh/vt8wk6pn5dgd_tv982c123440000gp/T/picpac-snapshots-4bd21p79/build/ModuleCache.noindex/_DarwinFoundation3-85AHZHLWPGX1URB4N7F5LM0VP.pcm

SwiftExplicitDependencyGeneratePcm x86_64 /var/folders/fh/vt8wk6pn5dgd_tv982c123440000gp/T/picpac-snapshots-4bd21p79/build/ModuleCache.noindex/_Builtin_inttypes-8BX7B2Q44LGKPH9MJOR26SDRD.pcm

SwiftExplicitDependencyGeneratePcm x86_64 /var/folders/fh/vt8wk6pn5dgd_tv982c123440000gp/T/picpac-snapshots-4bd21p79/build/ModuleCache.noindex/Darwin-9TM0VF7C12X9AAZRZQXKUPU0S.pcm

SwiftExplicitDependencyGeneratePcm arm64 /var/folders/fh/vt8wk6pn5dgd_tv982c123440000gp/T/picpac-snapshots-4bd21p79/build/ModuleCache.noindex/_Builtin_inttypes-AC5ZE1J4JW85R8NKHSQ1Q1489.pcm

SwiftExplicitDependencyGeneratePcm arm64 /var/folders/fh/vt8wk6pn5dgd_tv982c123440000gp/T/picpac-snapshots-4bd21p79/build/ModuleCache.noindex/Darwin-8Z6VB0A3FJL1VVID4AOOALSKK.pcm

SwiftExplicitDependencyGeneratePcm x86_64 /var/folders/fh/vt8wk6pn5dgd_tv982c123440000gp/T/picpac-snapshots-4bd21p79/build/ModuleCache.noindex/ObjectiveC-3S7FVK83HHD7338S2GLRLJP85.pcm

SwiftExplicitDependencyGeneratePcm arm64 /var/folders/fh/vt8wk6pn5dgd_tv982c123440000gp/T/picpac-snapshots-4bd21p79/build/ModuleCache.noindex/ObjectiveC-9GTVVIMSYN4DHJJ0HU3A7E28M.pcm

SwiftExplicitDependencyGeneratePcm x86_64 /var/folders/fh/vt8wk6pn5dgd_tv982c123440000gp/T/picpac-snapshots-4bd21p79/build/ModuleCache.noindex/os_object-6IT4R4OCQE55YP3OBBUARHJAJ.pcm

SwiftExplicitDependencyGeneratePcm x86_64 /var/folders/fh/vt8wk6pn5dgd_tv982c123440000gp/T/picpac-snapshots-4bd21p79/build/ModuleCache.noindex/os_workgroup-CGOGTTLGS539C8S3LGIFOS8YM.pcm

SwiftExplicitDependencyGeneratePcm arm64 /var/folders/fh/vt8wk6pn5dgd_tv982c123440000gp/T/picpac-snapshots-4bd21p79/build/ModuleCache.noindex/os_object-38QUEZJ1HDDILJJUU3DNKEDDU.pcm

SwiftExplicitDependencyGeneratePcm x86_64 /var/folders/fh/vt8wk6pn5dgd_tv982c123440000gp/T/picpac-snapshots-4bd21p79/build/ModuleCache.noindex/Dispatch-2C58UFSC01OLWL88PNDWJHW57.pcm

SwiftExplicitDependencyGeneratePcm arm64 /var/folders/fh/vt8wk6pn5dgd_tv982c123440000gp/T/picpac-snapshots-4bd21p79/build/ModuleCache.noindex/os_workgroup-8GALSMJR0ZBV0HNE6DKYS8VRT.pcm

SwiftExplicitDependencyGeneratePcm x86_64 /var/folders/fh/vt8wk6pn5dgd_tv982c123440000gp/T/picpac-snapshots-4bd21p79/build/ModuleCache.noindex/CoreFoundation-6M4VWLB6D1C495HE3NBEY3P61.pcm

SwiftExplicitDependencyGeneratePcm x86_64 /var/folders/fh/vt8wk6pn5dgd_tv982c123440000gp/T/picpac-snapshots-4bd21p79/build/ModuleCache.noindex/XPC-38MUHWGAT2FMXD7X4TKDQYYTM.pcm

SwiftExplicitDependencyGeneratePcm arm64 /var/folders/fh/vt8wk6pn5dgd_tv982c123440000gp/T/picpac-snapshots-4bd21p79/build/ModuleCache.noindex/Dispatch-4V79OZIS4TVRLDIU273KA8HKR.pcm

SwiftExplicitDependencyGeneratePcm arm64 /var/folders/fh/vt8wk6pn5dgd_tv982c123440000gp/T/picpac-snapshots-4bd21p79/build/ModuleCache.noindex/CoreFoundation-31363UYRI6SSCFKTIFJBE2MQ1.pcm

SwiftExplicitDependencyGeneratePcm arm64 /var/folders/fh/vt8wk6pn5dgd_tv982c123440000gp/T/picpac-snapshots-4bd21p79/build/ModuleCache.noindex/XPC-75B66ZT1STNRW8R4EYILWCB9N.pcm

SwiftExplicitDependencyGeneratePcm x86_64 /var/folders/fh/vt8wk6pn5dgd_tv982c123440000gp/T/picpac-snapshots-4bd21p79/build/ModuleCache.noindex/Security-3E1JQJSN3C1OU2QO0DB6WRXUI.pcm

SwiftExplicitDependencyGeneratePcm x86_64 /var/folders/fh/vt8wk6pn5dgd_tv982c123440000gp/T/picpac-snapshots-4bd21p79/build/ModuleCache.noindex/CFNetwork-7WVLFLJB6TITDQECYE1VILJQ5.pcm

SwiftExplicitDependencyGeneratePcm arm64 /var/folders/fh/vt8wk6pn5dgd_tv982c123440000gp/T/picpac-snapshots-4bd21p79/build/ModuleCache.noindex/Security-XJCP8BXR5F5HXRVGYOYVEZG9.pcm

SwiftExplicitDependencyGeneratePcm arm64 /var/folders/fh/vt8wk6pn5dgd_tv982c123440000gp/T/picpac-snapshots-4bd21p79/build/ModuleCache.noindex/CFNetwork-98MC0TU829EY8KBQLX7N9V6HN.pcm

SwiftExplicitDependencyGeneratePcm x86_64 /var/folders/fh/vt8wk6pn5dgd_tv982c123440000gp/T/picpac-snapshots-4bd21p79/build/ModuleCache.noindex/Foundation-53LH0WVA5DEG9JXSWPIMF3FLK.pcm

SwiftExplicitDependencyGeneratePcm arm64 /var/folders/fh/vt8wk6pn5dgd_tv982c123440000gp/T/picpac-snapshots-4bd21p79/build/ModuleCache.noindex/Foundation-C5PYRIFRKHF7TYHPV8I2EJ84P.pcm

SwiftEmitModule normal x86_64 Emitting\ module\ for\ PicPacCore (in target 'PicPacCore' from project 'PicPacKit')
EmitSwiftModule normal x86_64 (in target 'PicPacCore' from project 'PicPacKit')
    cd /Users/bavabangaru/Developer/pic-pac-poe-ios-native-parity/ios/PicPacPoe.xcodeproj
    

SwiftCompile normal x86_64 Compiling\ Rules.swift /Users/bavabangaru/Developer/pic-pac-poe-ios-native-parity/ios/Packages/PicPacKit/Sources/PicPacCore/Rules.swift (in target 'PicPacCore' from project 'PicPacKit')
SwiftCompile normal x86_64 /Users/bavabangaru/Developer/pic-pac-poe-ios-native-parity/ios/Packages/PicPacKit/Sources/PicPacCore/Rules.swift (in target 'PicPacCore' from project 'PicPacKit')
    cd /Users/bavabangaru/Developer/pic-pac-poe-ios-native-parity/ios/PicPacPoe.xcodeproj
    

SwiftCompile normal x86_64 Compiling\ State.swift /Users/bavabangaru/Developer/pic-pac-poe-ios-native-parity/ios/Packages/PicPacKit/Sources/PicPacCore/State.swift (in target 'PicPacCore' from project 'PicPacKit')
SwiftCompile normal x86_64 /Users/bavabangaru/Developer/pic-pac-poe-ios-native-parity/ios/Packages/PicPacKit/Sources/PicPacCore/State.swift (in target 'PicPacCore' from project 'PicPacKit')
    cd /Users/bavabangaru/Developer/pic-pac-poe-ios-native-parity/ios/PicPacPoe.xcodeproj
    

SwiftCompile normal x86_64 Compiling\ AiObservation.swift /Users/bavabangaru/Developer/pic-pac-poe-ios-native-parity/ios/Packages/PicPacKit/Sources/PicPacCore/AiObservation.swift (in target 'PicPacCore' from project 'PicPacKit')

SwiftCompile normal x86_64 /Users/bavabangaru/Developer/pic-pac-poe-ios-native-parity/ios/Packages/PicPacKit/Sources/PicPacCore/AiObservation.swift (in target 'PicPacCore' from project 'PicPacKit')
    cd /Users/bavabangaru/Developer/pic-pac-poe-ios-native-parity/ios/PicPacPoe.xcodeproj
    

SwiftCompile normal x86_64 Compiling\ Randomness.swift /Users/bavabangaru/Developer/pic-pac-poe-ios-native-parity/ios/Packages/PicPacKit/Sources/PicPacCore/Randomness.swift (in target 'PicPacCore' from project 'PicPacKit')

SwiftCompile normal x86_64 /Users/bavabangaru/Developer/pic-pac-poe-ios-native-parity/ios/Packages/PicPacKit/Sources/PicPacCore/Randomness.swift (in target 'PicPacCore' from project 'PicPacKit')
    cd /Users/bavabangaru/Developer/pic-pac-poe-ios-native-parity/ios/PicPacPoe.xcodeproj
    

SwiftCompile normal x86_64 Compiling\ Model.swift /Users/bavabangaru/Developer/pic-pac-poe-ios-native-parity/ios/Packages/PicPacKit/Sources/PicPacCore/Model.swift (in target 'PicPacCore' from project 'PicPacKit')

SwiftCompile normal x86_64 /Users/bavabangaru/Developer/pic-pac-poe-ios-native-parity/ios/Packages/PicPacKit/Sources/PicPacCore/Model.swift (in target 'PicPacCore' from project 'PicPacKit')
    cd /Users/bavabangaru/Developer/pic-pac-poe-ios-native-parity/ios/PicPacPoe.xcodeproj
    

SwiftEmitModule normal arm64 Emitting\ module\ for\ PicPacCore (in target 'PicPacCore' from project 'PicPacKit')

EmitSwiftModule normal arm64 (in target 'PicPacCore' from project 'PicPacKit')
    cd /Users/bavabangaru/Developer/pic-pac-poe-ios-native-parity/ios/PicPacPoe.xcodeproj
    

SwiftCompile normal arm64 Compiling\ AiObservation.swift /Users/bavabangaru/Developer/pic-pac-poe-ios-native-parity/ios/Packages/PicPacKit/Sources/PicPacCore/AiObservation.swift (in target 'PicPacCore' from project 'PicPacKit')

SwiftCompile normal arm64 /Users/bavabangaru/Developer/pic-pac-poe-ios-native-parity/ios/Packages/PicPacKit/Sources/PicPacCore/AiObservation.swift (in target 'PicPacCore' from project 'PicPacKit')
    cd /Users/bavabangaru/Developer/pic-pac-poe-ios-native-parity/ios/PicPacPoe.xcodeproj
    

SwiftCompile normal arm64 Compiling\ Randomness.swift /Users/bavabangaru/Developer/pic-pac-poe-ios-native-parity/ios/Packages/PicPacKit/Sources/PicPacCore/Randomness.swift (in target 'PicPacCore' from project 'PicPacKit')

SwiftCompile normal arm64 /Users/bavabangaru/Developer/pic-pac-poe-ios-native-parity/ios/Packages/PicPacKit/Sources/PicPacCore/Randomness.swift (in target 'PicPacCore' from project 'PicPacKit')
    cd /Users/bavabangaru/Developer/pic-pac-poe-ios-native-parity/ios/PicPacPoe.xcodeproj
    

SwiftCompile normal arm64 Compiling\ Rules.swift /Users/bavabangaru/Developer/pic-pac-poe-ios-native-parity/ios/Packages/PicPacKit/Sources/PicPacCore/Rules.swift (in target 'PicPacCore' from project 'PicPacKit')

SwiftCompile normal arm64 /Users/bavabangaru/Developer/pic-pac-poe-ios-native-parity/ios/Packages/PicPacKit/Sources/PicPacCore/Rules.swift (in target 'PicPacCore' from project 'PicPacKit')
    cd /Users/bavabangaru/Developer/pic-pac-poe-ios-native-parity/ios/PicPacPoe.xcodeproj
    

SwiftCompile normal arm64 Compiling\ State.swift /Users/bavabangaru/Developer/pic-pac-poe-ios-native-parity/ios/Packages/PicPacKit/Sources/PicPacCore/State.swift (in target 'PicPacCore' from project 'PicPacKit')
SwiftCompile normal arm64 /Users/bavabangaru/Developer/pic-pac-poe-ios-native-parity/ios/Packages/PicPacKit/Sources/PicPacCore/State.swift (in target 'PicPacCore' from project 'PicPacKit')
    cd /Users/bavabangaru/Developer/pic-pac-poe-ios-native-parity/ios/PicPacPoe.xcodeproj
    

SwiftCompile normal arm64 Compiling\ Model.swift /Users/bavabangaru/Developer/pic-pac-poe-ios-native-parity/ios/Packages/PicPacKit/Sources/PicPacCore/Model.swift (in target 'PicPacCore' from project 'PicPacKit')

SwiftCompile normal arm64 /Users/bavabangaru/Developer/pic-pac-poe-ios-native-parity/ios/Packages/PicPacKit/Sources/PicPacCore/Model.swift (in target 'PicPacCore' from project 'PicPacKit')
    cd /Users/bavabangaru/Developer/pic-pac-poe-ios-native-parity/ios/PicPacPoe.xcodeproj
    

SwiftDriverJobDiscovery normal x86_64 Emitting module for PicPacCore (in target 'PicPacCore' from project 'PicPacKit')

SwiftDriver\ Compilation\ Requirements PicPacCore normal x86_64 com.apple.xcode.tools.swift.compiler (in target 'PicPacCore' from project 'PicPacKit')
    cd /Users/bavabangaru/Developer/pic-pac-poe-ios-native-parity/ios/PicPacPoe.xcodeproj
    builtin-Swift-Compilation-Requirements -- /Applications/Xcode.app/Contents/Developer/Toolchains/XcodeDefault.xctoolchain/usr/bin/swiftc -module-name PicPacCore -Onone @/var/folders/fh/vt8wk6pn5dgd_tv982c123440000gp/T/picpac-snapshots-4bd21p79/build/Build/Intermediates.noindex/PicPacKit.build/Debug-iphonesimulator/PicPacCore.build/Objects-normal/x86_64/PicPacCore.SwiftFileList -DSWIFT_PACKAGE -DDEBUG -DSWIFT_MODULE_RESOURCE_BUNDLE_UNAVAILABLE -DXcode -plugin-path /Applications/Xcode.app/Contents/Developer/Toolchains/XcodeDefault.xctoolchain/usr/lib/swift/host/plugins/testing -enable-experimental-feature DebugDescriptionMacro -sdk /Applications/Xcode.app/Contents/Developer/Platforms/iPhoneSimulator.platform/Developer/SDKs/iPhoneSimulator26.5.sdk -target x86_64-apple-ios17.0-simulator -g -module-cache-path /var/folders/fh/vt8wk6pn5dgd_tv982c123440000gp/T/picpac-snapshots-4bd21p79/build/ModuleCache.noindex -Xfrontend -serialize-debugging-options -profile-coverage-mapping -profile-generate -enable-testing -suppress-warnings -index-store-path /var/folders/fh/vt8wk6pn5dgd_tv982c123440000gp/T/picpac-snapshots-4bd21p79/build/Index.noindex/DataStore -Xcc -D_LIBCPP_HARDENING_MODE\=_LIBCPP_HARDENING_MODE_DEBUG -swift-version 6 -I /var/folders/fh/vt8wk6pn5dgd_tv982c123440000gp/T/picpac-snapshots-4bd21p79/build/Build/Products/Debug-iphonesimulator -Isystem /Applications/Xcode.app/Contents/Developer/Platforms/iPhoneSimulator.platform/Developer/usr/lib -F /var/folders/fh/vt8wk6pn5dgd_tv982c123440000gp/T/picpac-snapshots-4bd21p79/build/Build/Products/Debug-iphonesimulator -F /Applications/Xcode.app/Contents/Developer/Platforms/iPhoneSimulator.platform/Developer/Library/Frameworks -F /Applications/Xcode.app/Contents/Developer/Platforms/iPhoneSimulator.platform/Developer/SDKs/iPhoneSimulator26.5.sdk/Developer/Library/Frameworks -c -j12 -enable-batch-mode -incremental -Xcc -ivfsstatcache -Xcc /var/folders/fh/vt8wk6pn5dgd_tv982c123440000gp/T/picpac-snapshots-4bd21p79/build/SDKStatCaches.noindex/iphonesimulator26.5-23F81a-6cfe768891a92b912361537c460fe42b.sdkstatcache -output-file-map /var/folders/fh/vt8wk6pn5dgd_tv982c123440000gp/T/picpac-snapshots-4bd21p79/build/Build/Intermediates.noindex/PicPacKit.build/Debug-iphonesimulator/PicPacCore.build/Objects-normal/x86_64/PicPacCore-OutputFileMap.json -use-frontend-parseable-output -save-temps -no-color-diagnostics -explicit-module-build -module-cache-path /var/folders/fh/vt8wk6pn5dgd_tv982c123440000gp/T/picpac-snapshots-4bd21p79/build/Build/Intermediates.noindex/SwiftExplicitPrecompiledModules -clang-scanner-module-cache-path /var/folders/fh/vt8wk6pn5dgd_tv982c123440000gp/T/picpac-snapshots-4bd21p79/build/ModuleCache.noindex -sdk-module-cache-path /var/folders/fh/vt8wk6pn5dgd_tv982c123440000gp/T/picpac-snapshots-4bd21p79/build/ModuleCache.noindex -serialize-diagnostics -emit-dependencies -emit-module -emit-module-path /var/folders/fh/vt8wk6pn5dgd_tv982c123440000gp/T/picpac-snapshots-4bd21p79/build/Build/Intermediates.noindex/PicPacKit.build/Debug-iphonesimulator/PicPacCore.build/Objects-normal/x86_64/PicPacCore.swiftmodule -validate-clang-modules-once -clang-build-session-file /var/folders/fh/vt8wk6pn5dgd_tv982c123440000gp/T/picpac-snapshots-4bd21p79/build/ModuleCache.noindex/Session.modulevalidation -package-name picpackit -Xcc -I/var/folders/fh/vt8wk6pn5dgd_tv982c123440000gp/T/picpac-snapshots-4bd21p79/build/Build/Intermediates.noindex/PicPacKit.build/Debug-iphonesimulator/PicPacCore.build/swift-overrides.hmap -emit-const-values -Xfrontend -const-gather-protocols-file -Xfrontend /var/folders/fh/vt8wk6pn5dgd_tv982c123440000gp/T/picpac-snapshots-4bd21p79/build/Build/Intermediates.noindex/PicPacKit.build/Debug-iphonesimulator/PicPacCore.build/Objects-normal/x86_64/PicPacCore_const_extract_protocols.json -Xcc -I/var/folders/fh/vt8wk6pn5dgd_tv982c123440000gp/T/picpac-snapshots-4bd21p79/build/Build/Products/Debug-iphonesimulator/include -Xcc -I/var/folders/fh/vt8wk6pn5dgd_tv982c123440000gp/T/picpac-snapshots-4bd21p79/build/Build/Intermediates.noindex/PicPacKit.build/Debug-iphonesimulator/PicPacCore.build/DerivedSources-normal/x86_64 -Xcc -I/var/folders/fh/vt8wk6pn5dgd_tv982c123440000gp/T/picpac-snapshots-4bd21p79/build/Build/Intermediates.noindex/PicPacKit.build/Debug-iphonesimulator/PicPacCore.build/DerivedSources/x86_64 -Xcc -I/var/folders/fh/vt8wk6pn5dgd_tv982c123440000gp/T/picpac-snapshots-4bd21p79/build/Build/Intermediates.noindex/PicPacKit.build/Debug-iphonesimulator/PicPacCore.build/DerivedSources -Xcc -DSWIFT_PACKAGE -Xcc -DDEBUG\=1 -emit-objc-header -emit-objc-header-path /var/folders/fh/vt8wk6pn5dgd_tv982c123440000gp/T/picpac-snapshots-4bd21p79/build/Build/Intermediates.noindex/PicPacKit.build/Debug-iphonesimulator/PicPacCore.build/Objects-normal/x86_64/PicPacCore-Swift.h -working-directory /Users/bavabangaru/Developer/pic-pac-poe-ios-native-parity/ios/PicPacPoe.xcodeproj -experimental-emit-module-separately -disable-cmo

Copy /var/folders/fh/vt8wk6pn5dgd_tv982c123440000gp/T/picpac-snapshots-4bd21p79/build/Build/Products/Debug-iphonesimulator/PicPacCore.swiftmodule/x86_64-apple-ios-simulator.swiftmodule /var/folders/fh/vt8wk6pn5dgd_tv982c123440000gp/T/picpac-snapshots-4bd21p79/build/Build/Intermediates.noindex/PicPacKit.build/Debug-iphonesimulator/PicPacCore.build/Objects-normal/x86_64/PicPacCore.swiftmodule (in target 'PicPacCore' from project 'PicPacKit')
    cd /Users/bavabangaru/Developer/pic-pac-poe-ios-native-parity/ios/Packages/PicPacKit
    builtin-copy -exclude .DS_Store -exclude CVS -exclude .svn -exclude .git -exclude .hg -resolve-src-symlinks -rename /var/folders/fh/vt8wk6pn5dgd_tv982c123440000gp/T/picpac-snapshots-4bd21p79/build/Build/Intermediates.noindex/PicPacKit.build/Debug-iphonesimulator/PicPacCore.build/Objects-normal/x86_64/PicPacCore.swiftmodule /var/folders/fh/vt8wk6pn5dgd_tv982c123440000gp/T/picpac-snapshots-4bd21p79/build/Build/Products/Debug-iphonesimulator/PicPacCore.swiftmodule/x86_64-apple-ios-simulator.swiftmodule

Copy /var/folders/fh/vt8wk6pn5dgd_tv982c123440000gp/T/picpac-snapshots-4bd21p79/build/Build/Products/Debug-iphonesimulator/PicPacCore.swiftmodule/x86_64-apple-ios-simulator.swiftdoc /var/folders/fh/vt8wk6pn5dgd_tv982c123440000gp/T/picpac-snapshots-4bd21p79/build/Build/Intermediates.noindex/PicPacKit.build/Debug-iphonesimulator/PicPacCore.build/Objects-normal/x86_64/PicPacCore.swiftdoc (in target 'PicPacCore' from project 'PicPacKit')
    cd /Users/bavabangaru/Developer/pic-pac-poe-ios-native-parity/ios/Packages/PicPacKit
    builtin-copy -exclude .DS_Store -exclude CVS -exclude .svn -exclude .git -exclude .hg -resolve-src-symlinks -rename /var/folders/fh/vt8wk6pn5dgd_tv982c123440000gp/T/picpac-snapshots-4bd21p79/build/Build/Intermediates.noindex/PicPacKit.build/Debug-iphonesimulator/PicPacCore.build/Objects-normal/x86_64/PicPacCore.swiftdoc /var/folders/fh/vt8wk6pn5dgd_tv982c123440000gp/T/picpac-snapshots-4bd21p79/build/Build/Products/Debug-iphonesimulator/PicPacCore.swiftmodule/x86_64-apple-ios-simulator.swiftdoc

Copy /var/folders/fh/vt8wk6pn5dgd_tv982c123440000gp/T/picpac-snapshots-4bd21p79/build/Build/Products/Debug-iphonesimulator/PicPacCore.swiftmodule/x86_64-apple-ios-simulator.abi.json /var/folders/fh/vt8wk6pn5dgd_tv982c123440000gp/T/picpac-snapshots-4bd21p79/build/Build/Intermediates.noindex/PicPacKit.build/Debug-iphonesimulator/PicPacCore.build/Objects-normal/x86_64/PicPacCore.abi.json (in target 'PicPacCore' from project 'PicPacKit')
    cd /Users/bavabangaru/Developer/pic-pac-poe-ios-native-parity/ios/Packages/PicPacKit
    builtin-copy -exclude .DS_Store -exclude CVS -exclude .svn -exclude .git -exclude .hg -resolve-src-symlinks -rename /var/folders/fh/vt8wk6pn5dgd_tv982c123440000gp/T/picpac-snapshots-4bd21p79/build/Build/Intermediates.noindex/PicPacKit.build/Debug-iphonesimulator/PicPacCore.build/Objects-normal/x86_64/PicPacCore.abi.json /var/folders/fh/vt8wk6pn5dgd_tv982c123440000gp/T/picpac-snapshots-4bd21p79/build/Build/Products/Debug-iphonesimulator/PicPacCore.swiftmodule/x86_64-apple-ios-simulator.abi.json

Copy /var/folders/fh/vt8wk6pn5dgd_tv982c123440000gp/T/picpac-snapshots-4bd21p79/build/Build/Products/Debug-iphonesimulator/PicPacCore.swiftmodule/Project/x86_64-apple-ios-simulator.swiftsourceinfo /var/folders/fh/vt8wk6pn5dgd_tv982c123440000gp/T/picpac-snapshots-4bd21p79/build/Build/Intermediates.noindex/PicPacKit.build/Debug-iphonesimulator/PicPacCore.build/Objects-normal/x86_64/PicPacCore.swiftsourceinfo (in target 'PicPacCore' from project 'PicPacKit')
    cd /Users/bavabangaru/Developer/pic-pac-poe-ios-native-parity/ios/Packages/PicPacKit
    builtin-copy -exclude .DS_Store -exclude CVS -exclude .svn -exclude .git -exclude .hg -resolve-src-symlinks -rename /var/folders/fh/vt8wk6pn5dgd_tv982c123440000gp/T/picpac-snapshots-4bd21p79/build/Build/Intermediates.noindex/PicPacKit.build/Debug-iphonesimulator/PicPacCore.build/Objects-normal/x86_64/PicPacCore.swiftsourceinfo /var/folders/fh/vt8wk6pn5dgd_tv982c123440000gp/T/picpac-snapshots-4bd21p79/build/Build/Products/Debug-iphonesimulator/PicPacCore.swiftmodule/Project/x86_64-apple-ios-simulator.swiftsourceinfo

SwiftDriverJobDiscovery normal arm64 Emitting module for PicPacCore (in target 'PicPacCore' from project 'PicPacKit')

SwiftDriver\ Compilation\ Requirements PicPacCore normal arm64 com.apple.xcode.tools.swift.compiler (in target 'PicPacCore' from project 'PicPacKit')
    cd /Users/bavabangaru/Developer/pic-pac-poe-ios-native-parity/ios/PicPacPoe.xcodeproj
    builtin-Swift-Compilation-Requirements -- /Applications/Xcode.app/Contents/Developer/Toolchains/XcodeDefault.xctoolchain/usr/bin/swiftc -module-name PicPacCore -Onone @/var/folders/fh/vt8wk6pn5dgd_tv982c123440000gp/T/picpac-snapshots-4bd21p79/build/Build/Intermediates.noindex/PicPacKit.build/Debug-iphonesimulator/PicPacCore.build/Objects-normal/arm64/PicPacCore.SwiftFileList -DSWIFT_PACKAGE -DDEBUG -DSWIFT_MODULE_RESOURCE_BUNDLE_UNAVAILABLE -DXcode -plugin-path /Applications/Xcode.app/Contents/Developer/Toolchains/XcodeDefault.xctoolchain/usr/lib/swift/host/plugins/testing -enable-experimental-feature DebugDescriptionMacro -sdk /Applications/Xcode.app/Contents/Developer/Platforms/iPhoneSimulator.platform/Developer/SDKs/iPhoneSimulator26.5.sdk -target arm64-apple-ios17.0-simulator -g -module-cache-path /var/folders/fh/vt8wk6pn5dgd_tv982c123440000gp/T/picpac-snapshots-4bd21p79/build/ModuleCache.noindex -Xfrontend -serialize-debugging-options -profile-coverage-mapping -profile-generate -enable-testing -suppress-warnings -index-store-path /var/folders/fh/vt8wk6pn5dgd_tv982c123440000gp/T/picpac-snapshots-4bd21p79/build/Index.noindex/DataStore -Xcc -D_LIBCPP_HARDENING_MODE\=_LIBCPP_HARDENING_MODE_DEBUG -swift-version 6 -I /var/folders/fh/vt8wk6pn5dgd_tv982c123440000gp/T/picpac-snapshots-4bd21p79/build/Build/Products/Debug-iphonesimulator -Isystem /Applications/Xcode.app/Contents/Developer/Platforms/iPhoneSimulator.platform/Developer/usr/lib -F /var/folders/fh/vt8wk6pn5dgd_tv982c123440000gp/T/picpac-snapshots-4bd21p79/build/Build/Products/Debug-iphonesimulator -F /Applications/Xcode.app/Contents/Developer/Platforms/iPhoneSimulator.platform/Developer/Library/Frameworks -F /Applications/Xcode.app/Contents/Developer/Platforms/iPhoneSimulator.platform/Developer/SDKs/iPhoneSimulator26.5.sdk/Developer/Library/Frameworks -c -j12 -enable-batch-mode -incremental -Xcc -ivfsstatcache -Xcc /var/folders/fh/vt8wk6pn5dgd_tv982c123440000gp/T/picpac-snapshots-4bd21p79/build/SDKStatCaches.noindex/iphonesimulator26.5-23F81a-6cfe768891a92b912361537c460fe42b.sdkstatcache -output-file-map /var/folders/fh/vt8wk6pn5dgd_tv982c123440000gp/T/picpac-snapshots-4bd21p79/build/Build/Intermediates.noindex/PicPacKit.build/Debug-iphonesimulator/PicPacCore.build/Objects-normal/arm64/PicPacCore-OutputFileMap.json -use-frontend-parseable-output -save-temps -no-color-diagnostics -explicit-module-build -module-cache-path /var/folders/fh/vt8wk6pn5dgd_tv982c123440000gp/T/picpac-snapshots-4bd21p79/build/Build/Intermediates.noindex/SwiftExplicitPrecompiledModules -clang-scanner-module-cache-path /var/folders/fh/vt8wk6pn5dgd_tv982c123440000gp/T/picpac-snapshots-4bd21p79/build/ModuleCache.noindex -sdk-module-cache-path /var/folders/fh/vt8wk6pn5dgd_tv982c123440000gp/T/picpac-snapshots-4bd21p79/build/ModuleCache.noindex -serialize-diagnostics -emit-dependencies -emit-module -emit-module-path /var/folders/fh/vt8wk6pn5dgd_tv982c123440000gp/T/picpac-snapshots-4bd21p79/build/Build/Intermediates.noindex/PicPacKit.build/Debug-iphonesimulator/PicPacCore.build/Objects-normal/arm64/PicPacCore.swiftmodule -validate-clang-modules-once -clang-build-session-file /var/folders/fh/vt8wk6pn5dgd_tv982c123440000gp/T/picpac-snapshots-4bd21p79/build/ModuleCache.noindex/Session.modulevalidation -package-name picpackit -Xcc -I/var/folders/fh/vt8wk6pn5dgd_tv982c123440000gp/T/picpac-snapshots-4bd21p79/build/Build/Intermediates.noindex/PicPacKit.build/Debug-iphonesimulator/PicPacCore.build/swift-overrides.hmap -emit-const-values -Xfrontend -const-gather-protocols-file -Xfrontend /var/folders/fh/vt8wk6pn5dgd_tv982c123440000gp/T/picpac-snapshots-4bd21p79/build/Build/Intermediates.noindex/PicPacKit.build/Debug-iphonesimulator/PicPacCore.build/Objects-normal/arm64/PicPacCore_const_extract_protocols.json -Xcc -I/var/folders/fh/vt8wk6pn5dgd_tv982c123440000gp/T/picpac-snapshots-4bd21p79/build/Build/Products/Debug-iphonesimulator/include -Xcc -I/var/folders/fh/vt8wk6pn5dgd_tv982c123440000gp/T/picpac-snapshots-4bd21p79/build/Build/Intermediates.noindex/PicPacKit.build/Debug-iphonesimulator/PicPacCore.build/DerivedSources-normal/arm64 -Xcc -I/var/folders/fh/vt8wk6pn5dgd_tv982c123440000gp/T/picpac-snapshots-4bd21p79/build/Build/Intermediates.noindex/PicPacKit.build/Debug-iphonesimulator/PicPacCore.build/DerivedSources/arm64 -Xcc -I/var/folders/fh/vt8wk6pn5dgd_tv982c123440000gp/T/picpac-snapshots-4bd21p79/build/Build/Intermediates.noindex/PicPacKit.build/Debug-iphonesimulator/PicPacCore.build/DerivedSources -Xcc -DSWIFT_PACKAGE -Xcc -DDEBUG\=1 -emit-objc-header -emit-objc-header-path /var/folders/fh/vt8wk6pn5dgd_tv982c123440000gp/T/picpac-snapshots-4bd21p79/build/Build/Intermediates.noindex/PicPacKit.build/Debug-iphonesimulator/PicPacCore.build/Objects-normal/arm64/PicPacCore-Swift.h -working-directory /Users/bavabangaru/Developer/pic-pac-poe-ios-native-parity/ios/PicPacPoe.xcodeproj -experimental-emit-module-separately -disable-cmo

SwiftMergeGeneratedHeaders /var/folders/fh/vt8wk6pn5dgd_tv982c123440000gp/T/picpac-snapshots-4bd21p79/build/Build/Intermediates.noindex/GeneratedModuleMaps-iphonesimulator/PicPacCore-Swift.h /var/folders/fh/vt8wk6pn5dgd_tv982c123440000gp/T/picpac-snapshots-4bd21p79/build/Build/Intermediates.noindex/PicPacKit.build/Debug-iphonesimulator/PicPacCore.build/Objects-normal/arm64/PicPacCore-Swift.h /var/folders/fh/vt8wk6pn5dgd_tv982c123440000gp/T/picpac-snapshots-4bd21p79/build/Build/Intermediates.noindex/PicPacKit.build/Debug-iphonesimulator/PicPacCore.build/Objects-normal/x86_64/PicPacCore-Swift.h (in target 'PicPacCore' from project 'PicPacKit')
    cd /Users/bavabangaru/Developer/pic-pac-poe-ios-native-parity/ios/Packages/PicPacKit
    builtin-swiftHeaderTool -arch arm64 /var/folders/fh/vt8wk6pn5dgd_tv982c123440000gp/T/picpac-snapshots-4bd21p79/build/Build/Intermediates.noindex/PicPacKit.build/Debug-iphonesimulator/PicPacCore.build/Objects-normal/arm64/PicPacCore-Swift.h -arch x86_64 /var/folders/fh/vt8wk6pn5dgd_tv982c123440000gp/T/picpac-snapshots-4bd21p79/build/Build/Intermediates.noindex/PicPacKit.build/Debug-iphonesimulator/PicPacCore.build/Objects-normal/x86_64/PicPacCore-Swift.h -o /var/folders/fh/vt8wk6pn5dgd_tv982c123440000gp/T/picpac-snapshots-4bd21p79/build/Build/Intermediates.noindex/GeneratedModuleMaps-iphonesimulator/PicPacCore-Swift.h

Copy /var/folders/fh/vt8wk6pn5dgd_tv982c123440000gp/T/picpac-snapshots-4bd21p79/build/Build/Products/Debug-iphonesimulator/PicPacCore.swiftmodule/arm64-apple-ios-simulator.swiftmodule /var/folders/fh/vt8wk6pn5dgd_tv982c123440000gp/T/picpac-snapshots-4bd21p79/build/Build/Intermediates.noindex/PicPacKit.build/Debug-iphonesimulator/PicPacCore.build/Objects-normal/arm64/PicPacCore.swiftmodule (in target 'PicPacCore' from project 'PicPacKit')
    cd /Users/bavabangaru/Developer/pic-pac-poe-ios-native-parity/ios/Packages/PicPacKit
    builtin-copy -exclude .DS_Store -exclude CVS -exclude .svn -exclude .git -exclude .hg -resolve-src-symlinks -rename /var/folders/fh/vt8wk6pn5dgd_tv982c123440000gp/T/picpac-snapshots-4bd21p79/build/Build/Intermediates.noindex/PicPacKit.build/Debug-iphonesimulator/PicPacCore.build/Objects-normal/arm64/PicPacCore.swiftmodule /var/folders/fh/vt8wk6pn5dgd_tv982c123440000gp/T/picpac-snapshots-4bd21p79/build/Build/Products/Debug-iphonesimulator/PicPacCore.swiftmodule/arm64-apple-ios-simulator.swiftmodule

Copy /var/folders/fh/vt8wk6pn5dgd_tv982c123440000gp/T/picpac-snapshots-4bd21p79/build/Build/Products/Debug-iphonesimulator/PicPacCore.swiftmodule/arm64-apple-ios-simulator.swiftdoc /var/folders/fh/vt8wk6pn5dgd_tv982c123440000gp/T/picpac-snapshots-4bd21p79/build/Build/Intermediates.noindex/PicPacKit.build/Debug-iphonesimulator/PicPacCore.build/Objects-normal/arm64/PicPacCore.swiftdoc (in target 'PicPacCore' from project 'PicPacKit')
    cd /Users/bavabangaru/Developer/pic-pac-poe-ios-native-parity/ios/Packages/PicPacKit
    builtin-copy -exclude .DS_Store -exclude CVS -exclude .svn -exclude .git -exclude .hg -resolve-src-symlinks -rename /var/folders/fh/vt8wk6pn5dgd_tv982c123440000gp/T/picpac-snapshots-4bd21p79/build/Build/Intermediates.noindex/PicPacKit.build/Debug-iphonesimulator/PicPacCore.build/Objects-normal/arm64/PicPacCore.swiftdoc /var/folders/fh/vt8wk6pn5dgd_tv982c123440000gp/T/picpac-snapshots-4bd21p79/build/Build/Products/Debug-iphonesimulator/PicPacCore.swiftmodule/arm64-apple-ios-simulator.swiftdoc

Copy /var/folders/fh/vt8wk6pn5dgd_tv982c123440000gp/T/picpac-snapshots-4bd21p79/build/Build/Products/Debug-iphonesimulator/PicPacCore.swiftmodule/arm64-apple-ios-simulator.abi.json /var/folders/fh/vt8wk6pn5dgd_tv982c123440000gp/T/picpac-snapshots-4bd21p79/build/Build/Intermediates.noindex/PicPacKit.build/Debug-iphonesimulator/PicPacCore.build/Objects-normal/arm64/PicPacCore.abi.json (in target 'PicPacCore' from project 'PicPacKit')
    cd /Users/bavabangaru/Developer/pic-pac-poe-ios-native-parity/ios/Packages/PicPacKit
    builtin-copy -exclude .DS_Store -exclude CVS -exclude .svn -exclude .git -exclude .hg -resolve-src-symlinks -rename /var/folders/fh/vt8wk6pn5dgd_tv982c123440000gp/T/picpac-snapshots-4bd21p79/build/Build/Intermediates.noindex/PicPacKit.build/Debug-iphonesimulator/PicPacCore.build/Objects-normal/arm64/PicPacCore.abi.json /var/folders/fh/vt8wk6pn5dgd_tv982c123440000gp/T/picpac-snapshots-4bd21p79/build/Build/Products/Debug-iphonesimulator/PicPacCore.swiftmodule/arm64-apple-ios-simulator.abi.json

Copy /var/folders/fh/vt8wk6pn5dgd_tv982c123440000gp/T/picpac-snapshots-4bd21p79/build/Build/Products/Debug-iphonesimulator/PicPacCore.swiftmodule/Project/arm64-apple-ios-simulator.swiftsourceinfo /var/folders/fh/vt8wk6pn5dgd_tv982c123440000gp/T/picpac-snapshots-4bd21p79/build/Build/Intermediates.noindex/PicPacKit.build/Debug-iphonesimulator/PicPacCore.build/Objects-normal/arm64/PicPacCore.swiftsourceinfo (in target 'PicPacCore' from project 'PicPacKit')
    cd /Users/bavabangaru/Developer/pic-pac-poe-ios-native-parity/ios/Packages/PicPacKit
    builtin-copy -exclude .DS_Store -exclude CVS -exclude .svn -exclude .git -exclude .hg -resolve-src-symlinks -rename /var/folders/fh/vt8wk6pn5dgd_tv982c123440000gp/T/picpac-snapshots-4bd21p79/build/Build/Intermediates.noindex/PicPacKit.build/Debug-iphonesimulator/PicPacCore.build/Objects-normal/arm64/PicPacCore.swiftsourceinfo /var/folders/fh/vt8wk6pn5dgd_tv982c123440000gp/T/picpac-snapshots-4bd21p79/build/Build/Products/Debug-iphonesimulator/PicPacCore.swiftmodule/Project/arm64-apple-ios-simulator.swiftsourceinfo

SwiftDriver PicPacPresentation normal x86_64 com.apple.xcode.tools.swift.compiler (in target 'PicPacPresentation' from project 'PicPacKit')
    cd /Users/bavabangaru/Developer/pic-pac-poe-ios-native-parity/ios/PicPacPoe.xcodeproj
    builtin-SwiftDriver -- /Applications/Xcode.app/Contents/Developer/Toolchains/XcodeDefault.xctoolchain/usr/bin/swiftc -module-name PicPacPresentation -Onone @/var/folders/fh/vt8wk6pn5dgd_tv982c123440000gp/T/picpac-snapshots-4bd21p79/build/Build/Intermediates.noindex/PicPacKit.build/Debug-iphonesimulator/PicPacPresentation.build/Objects-normal/x86_64/PicPacPresentation.SwiftFileList -DSWIFT_PACKAGE -DDEBUG -DSWIFT_MODULE_RESOURCE_BUNDLE_UNAVAILABLE -DXcode -plugin-path /Applications/Xcode.app/Contents/Developer/Toolchains/XcodeDefault.xctoolchain/usr/lib/swift/host/plugins/testing -enable-experimental-feature DebugDescriptionMacro -sdk /Applications/Xcode.app/Contents/Developer/Platforms/iPhoneSimulator.platform/Developer/SDKs/iPhoneSimulator26.5.sdk -target x86_64-apple-ios17.0-simulator -g -module-cache-path /var/folders/fh/vt8wk6pn5dgd_tv982c123440000gp/T/picpac-snapshots-4bd21p79/build/ModuleCache.noindex -Xfrontend -serialize-debugging-options -profile-coverage-mapping -profile-generate -enable-testing -suppress-warnings -index-store-path /var/folders/fh/vt8wk6pn5dgd_tv982c123440000gp/T/picpac-snapshots-4bd21p79/build/Index.noindex/DataStore -Xcc -D_LIBCPP_HARDENING_MODE\=_LIBCPP_HARDENING_MODE_DEBUG -swift-version 6 -I /var/folders/fh/vt8wk6pn5dgd_tv982c123440000gp/T/picpac-snapshots-4bd21p79/build/Build/Products/Debug-iphonesimulator -Isystem /Applications/Xcode.app/Contents/Developer/Platforms/iPhoneSimulator.platform/Developer/usr/lib -F /var/folders/fh/vt8wk6pn5dgd_tv982c123440000gp/T/picpac-snapshots-4bd21p79/build/Build/Products/Debug-iphonesimulator/PackageFrameworks -F /var/folders/fh/vt8wk6pn5dgd_tv982c123440000gp/T/picpac-snapshots-4bd21p79/build/Build/Products/Debug-iphonesimulator -F /Applications/Xcode.app/Contents/Developer/Platforms/iPhoneSimulator.platform/Developer/Library/Frameworks -F /Applications/Xcode.app/Contents/Developer/Platforms/iPhoneSimulator.platform/Developer/SDKs/iPhoneSimulator26.5.sdk/Developer/Library/Frameworks -c -j12 -enable-batch-mode -incremental -Xcc -ivfsstatcache -Xcc /var/folders/fh/vt8wk6pn5dgd_tv982c123440000gp/T/picpac-snapshots-4bd21p79/build/SDKStatCaches.noindex/iphonesimulator26.5-23F81a-6cfe768891a92b912361537c460fe42b.sdkstatcache -output-file-map /var/folders/fh/vt8wk6pn5dgd_tv982c123440000gp/T/picpac-snapshots-4bd21p79/build/Build/Intermediates.noindex/PicPacKit.build/Debug-iphonesimulator/PicPacPresentation.build/Objects-normal/x86_64/PicPacPresentation-OutputFileMap.json -use-frontend-parseable-output -save-temps -no-color-diagnostics -explicit-module-build -module-cache-path /var/folders/fh/vt8wk6pn5dgd_tv982c123440000gp/T/picpac-snapshots-4bd21p79/build/Build/Intermediates.noindex/SwiftExplicitPrecompiledModules -clang-scanner-module-cache-path /var/folders/fh/vt8wk6pn5dgd_tv982c123440000gp/T/picpac-snapshots-4bd21p79/build/ModuleCache.noindex -sdk-module-cache-path /var/folders/fh/vt8wk6pn5dgd_tv982c123440000gp/T/picpac-snapshots-4bd21p79/build/ModuleCache.noindex -serialize-diagnostics -emit-dependencies -emit-module -emit-module-path /var/folders/fh/vt8wk6pn5dgd_tv982c123440000gp/T/picpac-snapshots-4bd21p79/build/Build/Intermediates.noindex/PicPacKit.build/Debug-iphonesimulator/PicPacPresentation.build/Objects-normal/x86_64/PicPacPresentation.swiftmodule -validate-clang-modules-once -clang-build-session-file /var/folders/fh/vt8wk6pn5dgd_tv982c123440000gp/T/picpac-snapshots-4bd21p79/build/ModuleCache.noindex/Session.modulevalidation -package-name picpackit -Xcc -I/var/folders/fh/vt8wk6pn5dgd_tv982c123440000gp/T/picpac-snapshots-4bd21p79/build/Build/Intermediates.noindex/PicPacKit.build/Debug-iphonesimulator/PicPacPresentation.build/swift-overrides.hmap -emit-const-values -Xfrontend -const-gather-protocols-file -Xfrontend /var/folders/fh/vt8wk6pn5dgd_tv982c123440000gp/T/picpac-snapshots-4bd21p79/build/Build/Intermediates.noindex/PicPacKit.build/Debug-iphonesimulator/PicPacPresentation.build/Objects-normal/x86_64/PicPacPresentation_const_extract_protocols.json -Xcc -I/var/folders/fh/vt8wk6pn5dgd_tv982c123440000gp/T/picpac-snapshots-4bd21p79/build/Build/Products/Debug-iphonesimulator/include -Xcc -I/var/folders/fh/vt8wk6pn5dgd_tv982c123440000gp/T/picpac-snapshots-4bd21p79/build/Build/Intermediates.noindex/PicPacKit.build/Debug-iphonesimulator/PicPacPresentation.build/DerivedSources-normal/x86_64 -Xcc -I/var/folders/fh/vt8wk6pn5dgd_tv982c123440000gp/T/picpac-snapshots-4bd21p79/build/Build/Intermediates.noindex/PicPacKit.build/Debug-iphonesimulator/PicPacPresentation.build/DerivedSources/x86_64 -Xcc -I/var/folders/fh/vt8wk6pn5dgd_tv982c123440000gp/T/picpac-snapshots-4bd21p79/build/Build/Intermediates.noindex/PicPacKit.build/Debug-iphonesimulator/PicPacPresentation.build/DerivedSources -Xcc -DSWIFT_PACKAGE -Xcc -DDEBUG\=1 -emit-objc-header -emit-objc-header-path /var/folders/fh/vt8wk6pn5dgd_tv982c123440000gp/T/picpac-snapshots-4bd21p79/build/Build/Intermediates.noindex/PicPacKit.build/Debug-iphonesimulator/PicPacPresentation.build/Objects-normal/x86_64/PicPacPresentation-Swift.h -working-directory /Users/bavabangaru/Developer/pic-pac-poe-ios-native-parity/ios/PicPacPoe.xcodeproj -experimental-emit-module-separately -disable-cmo

SwiftDriver PicPacPresentation normal arm64 com.apple.xcode.tools.swift.compiler (in target 'PicPacPresentation' from project 'PicPacKit')
    cd /Users/bavabangaru/Developer/pic-pac-poe-ios-native-parity/ios/PicPacPoe.xcodeproj
    builtin-SwiftDriver -- /Applications/Xcode.app/Contents/Developer/Toolchains/XcodeDefault.xctoolchain/usr/bin/swiftc -module-name PicPacPresentation -Onone @/var/folders/fh/vt8wk6pn5dgd_tv982c123440000gp/T/picpac-snapshots-4bd21p79/build/Build/Intermediates.noindex/PicPacKit.build/Debug-iphonesimulator/PicPacPresentation.build/Objects-normal/arm64/PicPacPresentation.SwiftFileList -DSWIFT_PACKAGE -DDEBUG -DSWIFT_MODULE_RESOURCE_BUNDLE_UNAVAILABLE -DXcode -plugin-path /Applications/Xcode.app/Contents/Developer/Toolchains/XcodeDefault.xctoolchain/usr/lib/swift/host/plugins/testing -enable-experimental-feature DebugDescriptionMacro -sdk /Applications/Xcode.app/Contents/Developer/Platforms/iPhoneSimulator.platform/Developer/SDKs/iPhoneSimulator26.5.sdk -target arm64-apple-ios17.0-simulator -g -module-cache-path /var/folders/fh/vt8wk6pn5dgd_tv982c123440000gp/T/picpac-snapshots-4bd21p79/build/ModuleCache.noindex -Xfrontend -serialize-debugging-options -profile-coverage-mapping -profile-generate -enable-testing -suppress-warnings -index-store-path /var/folders/fh/vt8wk6pn5dgd_tv982c123440000gp/T/picpac-snapshots-4bd21p79/build/Index.noindex/DataStore -Xcc -D_LIBCPP_HARDENING_MODE\=_LIBCPP_HARDENING_MODE_DEBUG -swift-version 6 -I /var/folders/fh/vt8wk6pn5dgd_tv982c123440000gp/T/picpac-snapshots-4bd21p79/build/Build/Products/Debug-iphonesimulator -Isystem /Applications/Xcode.app/Contents/Developer/Platforms/iPhoneSimulator.platform/Developer/usr/lib -F /var/folders/fh/vt8wk6pn5dgd_tv982c123440000gp/T/picpac-snapshots-4bd21p79/build/Build/Products/Debug-iphonesimulator/PackageFrameworks -F /var/folders/fh/vt8wk6pn5dgd_tv982c123440000gp/T/picpac-snapshots-4bd21p79/build/Build/Products/Debug-iphonesimulator -F /Applications/Xcode.app/Contents/Developer/Platforms/iPhoneSimulator.platform/Developer/Library/Frameworks -F /Applications/Xcode.app/Contents/Developer/Platforms/iPhoneSimulator.platform/Developer/SDKs/iPhoneSimulator26.5.sdk/Developer/Library/Frameworks -c -j12 -enable-batch-mode -incremental -Xcc -ivfsstatcache -Xcc /var/folders/fh/vt8wk6pn5dgd_tv982c123440000gp/T/picpac-snapshots-4bd21p79/build/SDKStatCaches.noindex/iphonesimulator26.5-23F81a-6cfe768891a92b912361537c460fe42b.sdkstatcache -output-file-map /var/folders/fh/vt8wk6pn5dgd_tv982c123440000gp/T/picpac-snapshots-4bd21p79/build/Build/Intermediates.noindex/PicPacKit.build/Debug-iphonesimulator/PicPacPresentation.build/Objects-normal/arm64/PicPacPresentation-OutputFileMap.json -use-frontend-parseable-output -save-temps -no-color-diagnostics -explicit-module-build -module-cache-path /var/folders/fh/vt8wk6pn5dgd_tv982c123440000gp/T/picpac-snapshots-4bd21p79/build/Build/Intermediates.noindex/SwiftExplicitPrecompiledModules -clang-scanner-module-cache-path /var/folders/fh/vt8wk6pn5dgd_tv982c123440000gp/T/picpac-snapshots-4bd21p79/build/ModuleCache.noindex -sdk-module-cache-path /var/folders/fh/vt8wk6pn5dgd_tv982c123440000gp/T/picpac-snapshots-4bd21p79/build/ModuleCache.noindex -serialize-diagnostics -emit-dependencies -emit-module -emit-module-path /var/folders/fh/vt8wk6pn5dgd_tv982c123440000gp/T/picpac-snapshots-4bd21p79/build/Build/Intermediates.noindex/PicPacKit.build/Debug-iphonesimulator/PicPacPresentation.build/Objects-normal/arm64/PicPacPresentation.swiftmodule -validate-clang-modules-once -clang-build-session-file /var/folders/fh/vt8wk6pn5dgd_tv982c123440000gp/T/picpac-snapshots-4bd21p79/build/ModuleCache.noindex/Session.modulevalidation -package-name picpackit -Xcc -I/var/folders/fh/vt8wk6pn5dgd_tv982c123440000gp/T/picpac-snapshots-4bd21p79/build/Build/Intermediates.noindex/PicPacKit.build/Debug-iphonesimulator/PicPacPresentation.build/swift-overrides.hmap -emit-const-values -Xfrontend -const-gather-protocols-file -Xfrontend /var/folders/fh/vt8wk6pn5dgd_tv982c123440000gp/T/picpac-snapshots-4bd21p79/build/Build/Intermediates.noindex/PicPacKit.build/Debug-iphonesimulator/PicPacPresentation.build/Objects-normal/arm64/PicPacPresentation_const_extract_protocols.json -Xcc -I/var/folders/fh/vt8wk6pn5dgd_tv982c123440000gp/T/picpac-snapshots-4bd21p79/build/Build/Products/Debug-iphonesimulator/include -Xcc -I/var/folders/fh/vt8wk6pn5dgd_tv982c123440000gp/T/picpac-snapshots-4bd21p79/build/Build/Intermediates.noindex/PicPacKit.build/Debug-iphonesimulator/PicPacPresentation.build/DerivedSources-normal/arm64 -Xcc -I/var/folders/fh/vt8wk6pn5dgd_tv982c123440000gp/T/picpac-snapshots-4bd21p79/build/Build/Intermediates.noindex/PicPacKit.build/Debug-iphonesimulator/PicPacPresentation.build/DerivedSources/arm64 -Xcc -I/var/folders/fh/vt8wk6pn5dgd_tv982c123440000gp/T/picpac-snapshots-4bd21p79/build/Build/Intermediates.noindex/PicPacKit.build/Debug-iphonesimulator/PicPacPresentation.build/DerivedSources -Xcc -DSWIFT_PACKAGE -Xcc -DDEBUG\=1 -emit-objc-header -emit-objc-header-path /var/folders/fh/vt8wk6pn5dgd_tv982c123440000gp/T/picpac-snapshots-4bd21p79/build/Build/Intermediates.noindex/PicPacKit.build/Debug-iphonesimulator/PicPacPresentation.build/Objects-normal/arm64/PicPacPresentation-Swift.h -working-directory /Users/bavabangaru/Developer/pic-pac-poe-ios-native-parity/ios/PicPacPoe.xcodeproj -experimental-emit-module-separately -disable-cmo

SwiftDriverJobDiscovery normal x86_64 Compiling Randomness.swift (in target 'PicPacCore' from project 'PicPacKit')

SwiftDriverJobDiscovery normal x86_64 Compiling Rules.swift (in target 'PicPacCore' from project 'PicPacKit')

SwiftDriver PicPacAI normal arm64 com.apple.xcode.tools.swift.compiler (in target 'PicPacAI' from project 'PicPacKit')
    cd /Users/bavabangaru/Developer/pic-pac-poe-ios-native-parity/ios/PicPacPoe.xcodeproj
    builtin-SwiftDriver -- /Applications/Xcode.app/Contents/Developer/Toolchains/XcodeDefault.xctoolchain/usr/bin/swiftc -module-name PicPacAI -Onone @/var/folders/fh/vt8wk6pn5dgd_tv982c123440000gp/T/picpac-snapshots-4bd21p79/build/Build/Intermediates.noindex/PicPacKit.build/Debug-iphonesimulator/PicPacAI.build/Objects-normal/arm64/PicPacAI.SwiftFileList -DSWIFT_PACKAGE -DDEBUG -DSWIFT_MODULE_RESOURCE_BUNDLE_AVAILABLE -DXcode -plugin-path /Applications/Xcode.app/Contents/Developer/Toolchains/XcodeDefault.xctoolchain/usr/lib/swift/host/plugins/testing -enable-experimental-feature DebugDescriptionMacro -sdk /Applications/Xcode.app/Contents/Developer/Platforms/iPhoneSimulator.platform/Developer/SDKs/iPhoneSimulator26.5.sdk -target arm64-apple-ios17.0-simulator -g -module-cache-path /var/folders/fh/vt8wk6pn5dgd_tv982c123440000gp/T/picpac-snapshots-4bd21p79/build/ModuleCache.noindex -Xfrontend -serialize-debugging-options -profile-coverage-mapping -profile-generate -enable-testing -suppress-warnings -index-store-path /var/folders/fh/vt8wk6pn5dgd_tv982c123440000gp/T/picpac-snapshots-4bd21p79/build/Index.noindex/DataStore -Xcc -D_LIBCPP_HARDENING_MODE\=_LIBCPP_HARDENING_MODE_DEBUG -swift-version 6 -I /var/folders/fh/vt8wk6pn5dgd_tv982c123440000gp/T/picpac-snapshots-4bd21p79/build/Build/Products/Debug-iphonesimulator -Isystem /Applications/Xcode.app/Contents/Developer/Platforms/iPhoneSimulator.platform/Developer/usr/lib -F /var/folders/fh/vt8wk6pn5dgd_tv982c123440000gp/T/picpac-snapshots-4bd21p79/build/Build/Products/Debug-iphonesimulator/PackageFrameworks -F /var/folders/fh/vt8wk6pn5dgd_tv982c123440000gp/T/picpac-snapshots-4bd21p79/build/Build/Products/Debug-iphonesimulator -F /Applications/Xcode.app/Contents/Developer/Platforms/iPhoneSimulator.platform/Developer/Library/Frameworks -F /Applications/Xcode.app/Contents/Developer/Platforms/iPhoneSimulator.platform/Developer/SDKs/iPhoneSimulator26.5.sdk/Developer/Library/Frameworks -c -j12 -enable-batch-mode -incremental -Xcc -ivfsstatcache -Xcc /var/folders/fh/vt8wk6pn5dgd_tv982c123440000gp/T/picpac-snapshots-4bd21p79/build/SDKStatCaches.noindex/iphonesimulator26.5-23F81a-6cfe768891a92b912361537c460fe42b.sdkstatcache -output-file-map /var/folders/fh/vt8wk6pn5dgd_tv982c123440000gp/T/picpac-snapshots-4bd21p79/build/Build/Intermediates.noindex/PicPacKit.build/Debug-iphonesimulator/PicPacAI.build/Objects-normal/arm64/PicPacAI-OutputFileMap.json -use-frontend-parseable-output -save-temps -no-color-diagnostics -explicit-module-build -module-cache-path /var/folders/fh/vt8wk6pn5dgd_tv982c123440000gp/T/picpac-snapshots-4bd21p79/build/Build/Intermediates.noindex/SwiftExplicitPrecompiledModules -clang-scanner-module-cache-path /var/folders/fh/vt8wk6pn5dgd_tv982c123440000gp/T/picpac-snapshots-4bd21p79/build/ModuleCache.noindex -sdk-module-cache-path /var/folders/fh/vt8wk6pn5dgd_tv982c123440000gp/T/picpac-snapshots-4bd21p79/build/ModuleCache.noindex -serialize-diagnostics -emit-dependencies -emit-module -emit-module-path /var/folders/fh/vt8wk6pn5dgd_tv982c123440000gp/T/picpac-snapshots-4bd21p79/build/Build/Intermediates.noindex/PicPacKit.build/Debug-iphonesimulator/PicPacAI.build/Objects-normal/arm64/PicPacAI.swiftmodule -validate-clang-modules-once -clang-build-session-file /var/folders/fh/vt8wk6pn5dgd_tv982c123440000gp/T/picpac-snapshots-4bd21p79/build/ModuleCache.noindex/Session.modulevalidation -package-name picpackit -Xcc -I/var/folders/fh/vt8wk6pn5dgd_tv982c123440000gp/T/picpac-snapshots-4bd21p79/build/Build/Intermediates.noindex/PicPacKit.build/Debug-iphonesimulator/PicPacAI.build/swift-overrides.hmap -emit-const-values -Xfrontend -const-gather-protocols-file -Xfrontend /var/folders/fh/vt8wk6pn5dgd_tv982c123440000gp/T/picpac-snapshots-4bd21p79/build/Build/Intermediates.noindex/PicPacKit.build/Debug-iphonesimulator/PicPacAI.build/Objects-normal/arm64/PicPacAI_const_extract_protocols.json -Xcc -I/var/folders/fh/vt8wk6pn5dgd_tv982c123440000gp/T/picpac-snapshots-4bd21p79/build/Build/Products/Debug-iphonesimulator/include -Xcc -I/var/folders/fh/vt8wk6pn5dgd_tv982c123440000gp/T/picpac-snapshots-4bd21p79/build/Build/Intermediates.noindex/PicPacKit.build/Debug-iphonesimulator/PicPacAI.build/DerivedSources-normal/arm64 -Xcc -I/var/folders/fh/vt8wk6pn5dgd_tv982c123440000gp/T/picpac-snapshots-4bd21p79/build/Build/Intermediates.noindex/PicPacKit.build/Debug-iphonesimulator/PicPacAI.build/DerivedSources/arm64 -Xcc -I/var/folders/fh/vt8wk6pn5dgd_tv982c123440000gp/T/picpac-snapshots-4bd21p79/build/Build/Intermediates.noindex/PicPacKit.build/Debug-iphonesimulator/PicPacAI.build/DerivedSources -Xcc -DSWIFT_PACKAGE -Xcc -DDEBUG\=1 -emit-objc-header -emit-objc-header-path /var/folders/fh/vt8wk6pn5dgd_tv982c123440000gp/T/picpac-snapshots-4bd21p79/build/Build/Intermediates.noindex/PicPacKit.build/Debug-iphonesimulator/PicPacAI.build/Objects-normal/arm64/PicPacAI-Swift.h -working-directory /Users/bavabangaru/Developer/pic-pac-poe-ios-native-parity/ios/PicPacPoe.xcodeproj -experimental-emit-module-separately -disable-cmo

SwiftDriver PicPacAI normal x86_64 com.apple.xcode.tools.swift.compiler (in target 'PicPacAI' from project 'PicPacKit')
    cd /Users/bavabangaru/Developer/pic-pac-poe-ios-native-parity/ios/PicPacPoe.xcodeproj
    builtin-SwiftDriver -- /Applications/Xcode.app/Contents/Developer/Toolchains/XcodeDefault.xctoolchain/usr/bin/swiftc -module-name PicPacAI -Onone @/var/folders/fh/vt8wk6pn5dgd_tv982c123440000gp/T/picpac-snapshots-4bd21p79/build/Build/Intermediates.noindex/PicPacKit.build/Debug-iphonesimulator/PicPacAI.build/Objects-normal/x86_64/PicPacAI.SwiftFileList -DSWIFT_PACKAGE -DDEBUG -DSWIFT_MODULE_RESOURCE_BUNDLE_AVAILABLE -DXcode -plugin-path /Applications/Xcode.app/Contents/Developer/Toolchains/XcodeDefault.xctoolchain/usr/lib/swift/host/plugins/testing -enable-experimental-feature DebugDescriptionMacro -sdk /Applications/Xcode.app/Contents/Developer/Platforms/iPhoneSimulator.platform/Developer/SDKs/iPhoneSimulator26.5.sdk -target x86_64-apple-ios17.0-simulator -g -module-cache-path /var/folders/fh/vt8wk6pn5dgd_tv982c123440000gp/T/picpac-snapshots-4bd21p79/build/ModuleCache.noindex -Xfrontend -serialize-debugging-options -profile-coverage-mapping -profile-generate -enable-testing -suppress-warnings -index-store-path /var/folders/fh/vt8wk6pn5dgd_tv982c123440000gp/T/picpac-snapshots-4bd21p79/build/Index.noindex/DataStore -Xcc -D_LIBCPP_HARDENING_MODE\=_LIBCPP_HARDENING_MODE_DEBUG -swift-version 6 -I /var/folders/fh/vt8wk6pn5dgd_tv982c123440000gp/T/picpac-snapshots-4bd21p79/build/Build/Products/Debug-iphonesimulator -Isystem /Applications/Xcode.app/Contents/Developer/Platforms/iPhoneSimulator.platform/Developer/usr/lib -F /var/folders/fh/vt8wk6pn5dgd_tv982c123440000gp/T/picpac-snapshots-4bd21p79/build/Build/Products/Debug-iphonesimulator/PackageFrameworks -F /var/folders/fh/vt8wk6pn5dgd_tv982c123440000gp/T/picpac-snapshots-4bd21p79/build/Build/Products/Debug-iphonesimulator -F /Applications/Xcode.app/Contents/Developer/Platforms/iPhoneSimulator.platform/Developer/Library/Frameworks -F /Applications/Xcode.app/Contents/Developer/Platforms/iPhoneSimulator.platform/Developer/SDKs/iPhoneSimulator26.5.sdk/Developer/Library/Frameworks -c -j12 -enable-batch-mode -incremental -Xcc -ivfsstatcache -Xcc /var/folders/fh/vt8wk6pn5dgd_tv982c123440000gp/T/picpac-snapshots-4bd21p79/build/SDKStatCaches.noindex/iphonesimulator26.5-23F81a-6cfe768891a92b912361537c460fe42b.sdkstatcache -output-file-map /var/folders/fh/vt8wk6pn5dgd_tv982c123440000gp/T/picpac-snapshots-4bd21p79/build/Build/Intermediates.noindex/PicPacKit.build/Debug-iphonesimulator/PicPacAI.build/Objects-normal/x86_64/PicPacAI-OutputFileMap.json -use-frontend-parseable-output -save-temps -no-color-diagnostics -explicit-module-build -module-cache-path /var/folders/fh/vt8wk6pn5dgd_tv982c123440000gp/T/picpac-snapshots-4bd21p79/build/Build/Intermediates.noindex/SwiftExplicitPrecompiledModules -clang-scanner-module-cache-path /var/folders/fh/vt8wk6pn5dgd_tv982c123440000gp/T/picpac-snapshots-4bd21p79/build/ModuleCache.noindex -sdk-module-cache-path /var/folders/fh/vt8wk6pn5dgd_tv982c123440000gp/T/picpac-snapshots-4bd21p79/build/ModuleCache.noindex -serialize-diagnostics -emit-dependencies -emit-module -emit-module-path /var/folders/fh/vt8wk6pn5dgd_tv982c123440000gp/T/picpac-snapshots-4bd21p79/build/Build/Intermediates.noindex/PicPacKit.build/Debug-iphonesimulator/PicPacAI.build/Objects-normal/x86_64/PicPacAI.swiftmodule -validate-clang-modules-once -clang-build-session-file /var/folders/fh/vt8wk6pn5dgd_tv982c123440000gp/T/picpac-snapshots-4bd21p79/build/ModuleCache.noindex/Session.modulevalidation -package-name picpackit -Xcc -I/var/folders/fh/vt8wk6pn5dgd_tv982c123440000gp/T/picpac-snapshots-4bd21p79/build/Build/Intermediates.noindex/PicPacKit.build/Debug-iphonesimulator/PicPacAI.build/swift-overrides.hmap -emit-const-values -Xfrontend -const-gather-protocols-file -Xfrontend /var/folders/fh/vt8wk6pn5dgd_tv982c123440000gp/T/picpac-snapshots-4bd21p79/build/Build/Intermediates.noindex/PicPacKit.build/Debug-iphonesimulator/PicPacAI.build/Objects-normal/x86_64/PicPacAI_const_extract_protocols.json -Xcc -I/var/folders/fh/vt8wk6pn5dgd_tv982c123440000gp/T/picpac-snapshots-4bd21p79/build/Build/Products/Debug-iphonesimulator/include -Xcc -I/var/folders/fh/vt8wk6pn5dgd_tv982c123440000gp/T/picpac-snapshots-4bd21p79/build/Build/Intermediates.noindex/PicPacKit.build/Debug-iphonesimulator/PicPacAI.build/DerivedSources-normal/x86_64 -Xcc -I/var/folders/fh/vt8wk6pn5dgd_tv982c123440000gp/T/picpac-snapshots-4bd21p79/build/Build/Intermediates.noindex/PicPacKit.build/Debug-iphonesimulator/PicPacAI.build/DerivedSources/x86_64 -Xcc -I/var/folders/fh/vt8wk6pn5dgd_tv982c123440000gp/T/picpac-snapshots-4bd21p79/build/Build/Intermediates.noindex/PicPacKit.build/Debug-iphonesimulator/PicPacAI.build/DerivedSources -Xcc -DSWIFT_PACKAGE -Xcc -DDEBUG\=1 -emit-objc-header -emit-objc-header-path /var/folders/fh/vt8wk6pn5dgd_tv982c123440000gp/T/picpac-snapshots-4bd21p79/build/Build/Intermediates.noindex/PicPacKit.build/Debug-iphonesimulator/PicPacAI.build/Objects-normal/x86_64/PicPacAI-Swift.h -working-directory /Users/bavabangaru/Developer/pic-pac-poe-ios-native-parity/ios/PicPacPoe.xcodeproj -experimental-emit-module-separately -disable-cmo

SwiftEmitModule normal x86_64 Emitting\ module\ for\ PicPacPresentation (in target 'PicPacPresentation' from project 'PicPacKit')

EmitSwiftModule normal x86_64 (in target 'PicPacPresentation' from project 'PicPacKit')
    cd /Users/bavabangaru/Developer/pic-pac-poe-ios-native-parity/ios/PicPacPoe.xcodeproj
    

SwiftCompile normal x86_64 Compiling\ PresentationDependencies.swift /Users/bavabangaru/Developer/pic-pac-poe-ios-native-parity/ios/Packages/PicPacKit/Sources/PicPacPresentation/PresentationDependencies.swift (in target 'PicPacPresentation' from project 'PicPacKit')

SwiftCompile normal x86_64 /Users/bavabangaru/Developer/pic-pac-poe-ios-native-parity/ios/Packages/PicPacKit/Sources/PicPacPresentation/PresentationDependencies.swift (in target 'PicPacPresentation' from project 'PicPacKit')
    cd /Users/bavabangaru/Developer/pic-pac-poe-ios-native-parity/ios/PicPacPoe.xcodeproj
    

SwiftEmitModule normal arm64 Emitting\ module\ for\ PicPacPresentation (in target 'PicPacPresentation' from project 'PicPacKit')

EmitSwiftModule normal arm64 (in target 'PicPacPresentation' from project 'PicPacKit')
    cd /Users/bavabangaru/Developer/pic-pac-poe-ios-native-parity/ios/PicPacPoe.xcodeproj
    

SwiftDriverJobDiscovery normal arm64 Compiling Rules.swift (in target 'PicPacCore' from project 'PicPacKit')

SwiftCompile normal arm64 Compiling\ GameCoordinator.swift /Users/bavabangaru/Developer/pic-pac-poe-ios-native-parity/ios/Packages/PicPacKit/Sources/PicPacPresentation/GameCoordinator.swift (in target 'PicPacPresentation' from project 'PicPacKit')
SwiftCompile normal arm64 /Users/bavabangaru/Developer/pic-pac-poe-ios-native-parity/ios/Packages/PicPacKit/Sources/PicPacPresentation/GameCoordinator.swift (in target 'PicPacPresentation' from project 'PicPacKit')
    cd /Users/bavabangaru/Developer/pic-pac-poe-ios-native-parity/ios/PicPacPoe.xcodeproj
    

SwiftDriverJobDiscovery normal arm64 Compiling Randomness.swift (in target 'PicPacCore' from project 'PicPacKit')

SwiftCompile normal arm64 Compiling\ PresentationDependencies.swift /Users/bavabangaru/Developer/pic-pac-poe-ios-native-parity/ios/Packages/PicPacKit/Sources/PicPacPresentation/PresentationDependencies.swift (in target 'PicPacPresentation' from project 'PicPacKit')

SwiftCompile normal arm64 /Users/bavabangaru/Developer/pic-pac-poe-ios-native-parity/ios/Packages/PicPacKit/Sources/PicPacPresentation/PresentationDependencies.swift (in target 'PicPacPresentation' from project 'PicPacKit')
    cd /Users/bavabangaru/Developer/pic-pac-poe-ios-native-parity/ios/PicPacPoe.xcodeproj
    

SwiftEmitModule normal x86_64 Emitting\ module\ for\ PicPacAI (in target 'PicPacAI' from project 'PicPacKit')

EmitSwiftModule normal x86_64 (in target 'PicPacAI' from project 'PicPacKit')
    cd /Users/bavabangaru/Developer/pic-pac-poe-ios-native-parity/ios/PicPacPoe.xcodeproj
    

SwiftEmitModule normal arm64 Emitting\ module\ for\ PicPacAI (in target 'PicPacAI' from project 'PicPacKit')

EmitSwiftModule normal arm64 (in target 'PicPacAI' from project 'PicPacKit')
    cd /Users/bavabangaru/Developer/pic-pac-poe-ios-native-parity/ios/PicPacPoe.xcodeproj
    

SwiftDriverJobDiscovery normal x86_64 Emitting module for PicPacPresentation (in target 'PicPacPresentation' from project 'PicPacKit')

SwiftDriver\ Compilation\ Requirements PicPacPresentation normal x86_64 com.apple.xcode.tools.swift.compiler (in target 'PicPacPresentation' from project 'PicPacKit')
    cd /Users/bavabangaru/Developer/pic-pac-poe-ios-native-parity/ios/PicPacPoe.xcodeproj
    builtin-Swift-Compilation-Requirements -- /Applications/Xcode.app/Contents/Developer/Toolchains/XcodeDefault.xctoolchain/usr/bin/swiftc -module-name PicPacPresentation -Onone @/var/folders/fh/vt8wk6pn5dgd_tv982c123440000gp/T/picpac-snapshots-4bd21p79/build/Build/Intermediates.noindex/PicPacKit.build/Debug-iphonesimulator/PicPacPresentation.build/Objects-normal/x86_64/PicPacPresentation.SwiftFileList -DSWIFT_PACKAGE -DDEBUG -DSWIFT_MODULE_RESOURCE_BUNDLE_UNAVAILABLE -DXcode -plugin-path /Applications/Xcode.app/Contents/Developer/Toolchains/XcodeDefault.xctoolchain/usr/lib/swift/host/plugins/testing -enable-experimental-feature DebugDescriptionMacro -sdk /Applications/Xcode.app/Contents/Developer/Platforms/iPhoneSimulator.platform/Developer/SDKs/iPhoneSimulator26.5.sdk -target x86_64-apple-ios17.0-simulator -g -module-cache-path /var/folders/fh/vt8wk6pn5dgd_tv982c123440000gp/T/picpac-snapshots-4bd21p79/build/ModuleCache.noindex -Xfrontend -serialize-debugging-options -profile-coverage-mapping -profile-generate -enable-testing -suppress-warnings -index-store-path /var/folders/fh/vt8wk6pn5dgd_tv982c123440000gp/T/picpac-snapshots-4bd21p79/build/Index.noindex/DataStore -Xcc -D_LIBCPP_HARDENING_MODE\=_LIBCPP_HARDENING_MODE_DEBUG -swift-version 6 -I /var/folders/fh/vt8wk6pn5dgd_tv982c123440000gp/T/picpac-snapshots-4bd21p79/build/Build/Products/Debug-iphonesimulator -Isystem /Applications/Xcode.app/Contents/Developer/Platforms/iPhoneSimulator.platform/Developer/usr/lib -F /var/folders/fh/vt8wk6pn5dgd_tv982c123440000gp/T/picpac-snapshots-4bd21p79/build/Build/Products/Debug-iphonesimulator/PackageFrameworks -F /var/folders/fh/vt8wk6pn5dgd_tv982c123440000gp/T/picpac-snapshots-4bd21p79/build/Build/Products/Debug-iphonesimulator -F /Applications/Xcode.app/Contents/Developer/Platforms/iPhoneSimulator.platform/Developer/Library/Frameworks -F /Applications/Xcode.app/Contents/Developer/Platforms/iPhoneSimulator.platform/Developer/SDKs/iPhoneSimulator26.5.sdk/Developer/Library/Frameworks -c -j12 -enable-batch-mode -incremental -Xcc -ivfsstatcache -Xcc /var/folders/fh/vt8wk6pn5dgd_tv982c123440000gp/T/picpac-snapshots-4bd21p79/build/SDKStatCaches.noindex/iphonesimulator26.5-23F81a-6cfe768891a92b912361537c460fe42b.sdkstatcache -output-file-map /var/folders/fh/vt8wk6pn5dgd_tv982c123440000gp/T/picpac-snapshots-4bd21p79/build/Build/Intermediates.noindex/PicPacKit.build/Debug-iphonesimulator/PicPacPresentation.build/Objects-normal/x86_64/PicPacPresentation-OutputFileMap.json -use-frontend-parseable-output -save-temps -no-color-diagnostics -explicit-module-build -module-cache-path /var/folders/fh/vt8wk6pn5dgd_tv982c123440000gp/T/picpac-snapshots-4bd21p79/build/Build/Intermediates.noindex/SwiftExplicitPrecompiledModules -clang-scanner-module-cache-path /var/folders/fh/vt8wk6pn5dgd_tv982c123440000gp/T/picpac-snapshots-4bd21p79/build/ModuleCache.noindex -sdk-module-cache-path /var/folders/fh/vt8wk6pn5dgd_tv982c123440000gp/T/picpac-snapshots-4bd21p79/build/ModuleCache.noindex -serialize-diagnostics -emit-dependencies -emit-module -emit-module-path /var/folders/fh/vt8wk6pn5dgd_tv982c123440000gp/T/picpac-snapshots-4bd21p79/build/Build/Intermediates.noindex/PicPacKit.build/Debug-iphonesimulator/PicPacPresentation.build/Objects-normal/x86_64/PicPacPresentation.swiftmodule -validate-clang-modules-once -clang-build-session-file /var/folders/fh/vt8wk6pn5dgd_tv982c123440000gp/T/picpac-snapshots-4bd21p79/build/ModuleCache.noindex/Session.modulevalidation -package-name picpackit -Xcc -I/var/folders/fh/vt8wk6pn5dgd_tv982c123440000gp/T/picpac-snapshots-4bd21p79/build/Build/Intermediates.noindex/PicPacKit.build/Debug-iphonesimulator/PicPacPresentation.build/swift-overrides.hmap -emit-const-values -Xfrontend -const-gather-protocols-file -Xfrontend /var/folders/fh/vt8wk6pn5dgd_tv982c123440000gp/T/picpac-snapshots-4bd21p79/build/Build/Intermediates.noindex/PicPacKit.build/Debug-iphonesimulator/PicPacPresentation.build/Objects-normal/x86_64/PicPacPresentation_const_extract_protocols.json -Xcc -I/var/folders/fh/vt8wk6pn5dgd_tv982c123440000gp/T/picpac-snapshots-4bd21p79/build/Build/Products/Debug-iphonesimulator/include -Xcc -I/var/folders/fh/vt8wk6pn5dgd_tv982c123440000gp/T/picpac-snapshots-4bd21p79/build/Build/Intermediates.noindex/PicPacKit.build/Debug-iphonesimulator/PicPacPresentation.build/DerivedSources-normal/x86_64 -Xcc -I/var/folders/fh/vt8wk6pn5dgd_tv982c123440000gp/T/picpac-snapshots-4bd21p79/build/Build/Intermediates.noindex/PicPacKit.build/Debug-iphonesimulator/PicPacPresentation.build/DerivedSources/x86_64 -Xcc -I/var/folders/fh/vt8wk6pn5dgd_tv982c123440000gp/T/picpac-snapshots-4bd21p79/build/Build/Intermediates.noindex/PicPacKit.build/Debug-iphonesimulator/PicPacPresentation.build/DerivedSources -Xcc -DSWIFT_PACKAGE -Xcc -DDEBUG\=1 -emit-objc-header -emit-objc-header-path /var/folders/fh/vt8wk6pn5dgd_tv982c123440000gp/T/picpac-snapshots-4bd21p79/build/Build/Intermediates.noindex/PicPacKit.build/Debug-iphonesimulator/PicPacPresentation.build/Objects-normal/x86_64/PicPacPresentation-Swift.h -working-directory /Users/bavabangaru/Developer/pic-pac-poe-ios-native-parity/ios/PicPacPoe.xcodeproj -experimental-emit-module-separately -disable-cmo

SwiftDriverJobDiscovery normal x86_64 Emitting module for PicPacAI (in target 'PicPacAI' from project 'PicPacKit')

SwiftDriver\ Compilation\ Requirements PicPacAI normal x86_64 com.apple.xcode.tools.swift.compiler (in target 'PicPacAI' from project 'PicPacKit')
    cd /Users/bavabangaru/Developer/pic-pac-poe-ios-native-parity/ios/PicPacPoe.xcodeproj
    builtin-Swift-Compilation-Requirements -- /Applications/Xcode.app/Contents/Developer/Toolchains/XcodeDefault.xctoolchain/usr/bin/swiftc -module-name PicPacAI -Onone @/var/folders/fh/vt8wk6pn5dgd_tv982c123440000gp/T/picpac-snapshots-4bd21p79/build/Build/Intermediates.noindex/PicPacKit.build/Debug-iphonesimulator/PicPacAI.build/Objects-normal/x86_64/PicPacAI.SwiftFileList -DSWIFT_PACKAGE -DDEBUG -DSWIFT_MODULE_RESOURCE_BUNDLE_AVAILABLE -DXcode -plugin-path /Applications/Xcode.app/Contents/Developer/Toolchains/XcodeDefault.xctoolchain/usr/lib/swift/host/plugins/testing -enable-experimental-feature DebugDescriptionMacro -sdk /Applications/Xcode.app/Contents/Developer/Platforms/iPhoneSimulator.platform/Developer/SDKs/iPhoneSimulator26.5.sdk -target x86_64-apple-ios17.0-simulator -g -module-cache-path /var/folders/fh/vt8wk6pn5dgd_tv982c123440000gp/T/picpac-snapshots-4bd21p79/build/ModuleCache.noindex -Xfrontend -serialize-debugging-options -profile-coverage-mapping -profile-generate -enable-testing -suppress-warnings -index-store-path /var/folders/fh/vt8wk6pn5dgd_tv982c123440000gp/T/picpac-snapshots-4bd21p79/build/Index.noindex/DataStore -Xcc -D_LIBCPP_HARDENING_MODE\=_LIBCPP_HARDENING_MODE_DEBUG -swift-version 6 -I /var/folders/fh/vt8wk6pn5dgd_tv982c123440000gp/T/picpac-snapshots-4bd21p79/build/Build/Products/Debug-iphonesimulator -Isystem /Applications/Xcode.app/Contents/Developer/Platforms/iPhoneSimulator.platform/Developer/usr/lib -F /var/folders/fh/vt8wk6pn5dgd_tv982c123440000gp/T/picpac-snapshots-4bd21p79/build/Build/Products/Debug-iphonesimulator/PackageFrameworks -F /var/folders/fh/vt8wk6pn5dgd_tv982c123440000gp/T/picpac-snapshots-4bd21p79/build/Build/Products/Debug-iphonesimulator -F /Applications/Xcode.app/Contents/Developer/Platforms/iPhoneSimulator.platform/Developer/Library/Frameworks -F /Applications/Xcode.app/Contents/Developer/Platforms/iPhoneSimulator.platform/Developer/SDKs/iPhoneSimulator26.5.sdk/Developer/Library/Frameworks -c -j12 -enable-batch-mode -incremental -Xcc -ivfsstatcache -Xcc /var/folders/fh/vt8wk6pn5dgd_tv982c123440000gp/T/picpac-snapshots-4bd21p79/build/SDKStatCaches.noindex/iphonesimulator26.5-23F81a-6cfe768891a92b912361537c460fe42b.sdkstatcache -output-file-map /var/folders/fh/vt8wk6pn5dgd_tv982c123440000gp/T/picpac-snapshots-4bd21p79/build/Build/Intermediates.noindex/PicPacKit.build/Debug-iphonesimulator/PicPacAI.build/Objects-normal/x86_64/PicPacAI-OutputFileMap.json -use-frontend-parseable-output -save-temps -no-color-diagnostics -explicit-module-build -module-cache-path /var/folders/fh/vt8wk6pn5dgd_tv982c123440000gp/T/picpac-snapshots-4bd21p79/build/Build/Intermediates.noindex/SwiftExplicitPrecompiledModules -clang-scanner-module-cache-path /var/folders/fh/vt8wk6pn5dgd_tv982c123440000gp/T/picpac-snapshots-4bd21p79/build/ModuleCache.noindex -sdk-module-cache-path /var/folders/fh/vt8wk6pn5dgd_tv982c123440000gp/T/picpac-snapshots-4bd21p79/build/ModuleCache.noindex -serialize-diagnostics -emit-dependencies -emit-module -emit-module-path /var/folders/fh/vt8wk6pn5dgd_tv982c123440000gp/T/picpac-snapshots-4bd21p79/build/Build/Intermediates.noindex/PicPacKit.build/Debug-iphonesimulator/PicPacAI.build/Objects-normal/x86_64/PicPacAI.swiftmodule -validate-clang-modules-once -clang-build-session-file /var/folders/fh/vt8wk6pn5dgd_tv982c123440000gp/T/picpac-snapshots-4bd21p79/build/ModuleCache.noindex/Session.modulevalidation -package-name picpackit -Xcc -I/var/folders/fh/vt8wk6pn5dgd_tv982c123440000gp/T/picpac-snapshots-4bd21p79/build/Build/Intermediates.noindex/PicPacKit.build/Debug-iphonesimulator/PicPacAI.build/swift-overrides.hmap -emit-const-values -Xfrontend -const-gather-protocols-file -Xfrontend /var/folders/fh/vt8wk6pn5dgd_tv982c123440000gp/T/picpac-snapshots-4bd21p79/build/Build/Intermediates.noindex/PicPacKit.build/Debug-iphonesimulator/PicPacAI.build/Objects-normal/x86_64/PicPacAI_const_extract_protocols.json -Xcc -I/var/folders/fh/vt8wk6pn5dgd_tv982c123440000gp/T/picpac-snapshots-4bd21p79/build/Build/Products/Debug-iphonesimulator/include -Xcc -I/var/folders/fh/vt8wk6pn5dgd_tv982c123440000gp/T/picpac-snapshots-4bd21p79/build/Build/Intermediates.noindex/PicPacKit.build/Debug-iphonesimulator/PicPacAI.build/DerivedSources-normal/x86_64 -Xcc -I/var/folders/fh/vt8wk6pn5dgd_tv982c123440000gp/T/picpac-snapshots-4bd21p79/build/Build/Intermediates.noindex/PicPacKit.build/Debug-iphonesimulator/PicPacAI.build/DerivedSources/x86_64 -Xcc -I/var/folders/fh/vt8wk6pn5dgd_tv982c123440000gp/T/picpac-snapshots-4bd21p79/build/Build/Intermediates.noindex/PicPacKit.build/Debug-iphonesimulator/PicPacAI.build/DerivedSources -Xcc -DSWIFT_PACKAGE -Xcc -DDEBUG\=1 -emit-objc-header -emit-objc-header-path /var/folders/fh/vt8wk6pn5dgd_tv982c123440000gp/T/picpac-snapshots-4bd21p79/build/Build/Intermediates.noindex/PicPacKit.build/Debug-iphonesimulator/PicPacAI.build/Objects-normal/x86_64/PicPacAI-Swift.h -working-directory /Users/bavabangaru/Developer/pic-pac-poe-ios-native-parity/ios/PicPacPoe.xcodeproj -experimental-emit-module-separately -disable-cmo

Copy /var/folders/fh/vt8wk6pn5dgd_tv982c123440000gp/T/picpac-snapshots-4bd21p79/build/Build/Products/Debug-iphonesimulator/PicPacPresentation.swiftmodule/x86_64-apple-ios-simulator.swiftmodule /var/folders/fh/vt8wk6pn5dgd_tv982c123440000gp/T/picpac-snapshots-4bd21p79/build/Build/Intermediates.noindex/PicPacKit.build/Debug-iphonesimulator/PicPacPresentation.build/Objects-normal/x86_64/PicPacPresentation.swiftmodule (in target 'PicPacPresentation' from project 'PicPacKit')
    cd /Users/bavabangaru/Developer/pic-pac-poe-ios-native-parity/ios/Packages/PicPacKit
    builtin-copy -exclude .DS_Store -exclude CVS -exclude .svn -exclude .git -exclude .hg -resolve-src-symlinks -rename /var/folders/fh/vt8wk6pn5dgd_tv982c123440000gp/T/picpac-snapshots-4bd21p79/build/Build/Intermediates.noindex/PicPacKit.build/Debug-iphonesimulator/PicPacPresentation.build/Objects-normal/x86_64/PicPacPresentation.swiftmodule /var/folders/fh/vt8wk6pn5dgd_tv982c123440000gp/T/picpac-snapshots-4bd21p79/build/Build/Products/Debug-iphonesimulator/PicPacPresentation.swiftmodule/x86_64-apple-ios-simulator.swiftmodule

Copy /var/folders/fh/vt8wk6pn5dgd_tv982c123440000gp/T/picpac-snapshots-4bd21p79/build/Build/Products/Debug-iphonesimulator/PicPacPresentation.swiftmodule/x86_64-apple-ios-simulator.swiftdoc /var/folders/fh/vt8wk6pn5dgd_tv982c123440000gp/T/picpac-snapshots-4bd21p79/build/Build/Intermediates.noindex/PicPacKit.build/Debug-iphonesimulator/PicPacPresentation.build/Objects-normal/x86_64/PicPacPresentation.swiftdoc (in target 'PicPacPresentation' from project 'PicPacKit')
    cd /Users/bavabangaru/Developer/pic-pac-poe-ios-native-parity/ios/Packages/PicPacKit
    builtin-copy -exclude .DS_Store -exclude CVS -exclude .svn -exclude .git -exclude .hg -resolve-src-symlinks -rename /var/folders/fh/vt8wk6pn5dgd_tv982c123440000gp/T/picpac-snapshots-4bd21p79/build/Build/Intermediates.noindex/PicPacKit.build/Debug-iphonesimulator/PicPacPresentation.build/Objects-normal/x86_64/PicPacPresentation.swiftdoc /var/folders/fh/vt8wk6pn5dgd_tv982c123440000gp/T/picpac-snapshots-4bd21p79/build/Build/Products/Debug-iphonesimulator/PicPacPresentation.swiftmodule/x86_64-apple-ios-simulator.swiftdoc

Copy /var/folders/fh/vt8wk6pn5dgd_tv982c123440000gp/T/picpac-snapshots-4bd21p79/build/Build/Products/Debug-iphonesimulator/PicPacPresentation.swiftmodule/x86_64-apple-ios-simulator.abi.json /var/folders/fh/vt8wk6pn5dgd_tv982c123440000gp/T/picpac-snapshots-4bd21p79/build/Build/Intermediates.noindex/PicPacKit.build/Debug-iphonesimulator/PicPacPresentation.build/Objects-normal/x86_64/PicPacPresentation.abi.json (in target 'PicPacPresentation' from project 'PicPacKit')
    cd /Users/bavabangaru/Developer/pic-pac-poe-ios-native-parity/ios/Packages/PicPacKit
    builtin-copy -exclude .DS_Store -exclude CVS -exclude .svn -exclude .git -exclude .hg -resolve-src-symlinks -rename /var/folders/fh/vt8wk6pn5dgd_tv982c123440000gp/T/picpac-snapshots-4bd21p79/build/Build/Intermediates.noindex/PicPacKit.build/Debug-iphonesimulator/PicPacPresentation.build/Objects-normal/x86_64/PicPacPresentation.abi.json /var/folders/fh/vt8wk6pn5dgd_tv982c123440000gp/T/picpac-snapshots-4bd21p79/build/Build/Products/Debug-iphonesimulator/PicPacPresentation.swiftmodule/x86_64-apple-ios-simulator.abi.json

SwiftDriverJobDiscovery normal arm64 Emitting module for PicPacPresentation (in target 'PicPacPresentation' from project 'PicPacKit')

Copy /var/folders/fh/vt8wk6pn5dgd_tv982c123440000gp/T/picpac-snapshots-4bd21p79/build/Build/Products/Debug-iphonesimulator/PicPacPresentation.swiftmodule/Project/x86_64-apple-ios-simulator.swiftsourceinfo /var/folders/fh/vt8wk6pn5dgd_tv982c123440000gp/T/picpac-snapshots-4bd21p79/build/Build/Intermediates.noindex/PicPacKit.build/Debug-iphonesimulator/PicPacPresentation.build/Objects-normal/x86_64/PicPacPresentation.swiftsourceinfo (in target 'PicPacPresentation' from project 'PicPacKit')
    cd /Users/bavabangaru/Developer/pic-pac-poe-ios-native-parity/ios/Packages/PicPacKit
    builtin-copy -exclude .DS_Store -exclude CVS -exclude .svn -exclude .git -exclude .hg -resolve-src-symlinks -rename /var/folders/fh/vt8wk6pn5dgd_tv982c123440000gp/T/picpac-snapshots-4bd21p79/build/Build/Intermediates.noindex/PicPacKit.build/Debug-iphonesimulator/PicPacPresentation.build/Objects-normal/x86_64/PicPacPresentation.swiftsourceinfo /var/folders/fh/vt8wk6pn5dgd_tv982c123440000gp/T/picpac-snapshots-4bd21p79/build/Build/Products/Debug-iphonesimulator/PicPacPresentation.swiftmodule/Project/x86_64-apple-ios-simulator.swiftsourceinfo

SwiftDriver\ Compilation\ Requirements PicPacPresentation normal arm64 com.apple.xcode.tools.swift.compiler (in target 'PicPacPresentation' from project 'PicPacKit')
    cd /Users/bavabangaru/Developer/pic-pac-poe-ios-native-parity/ios/PicPacPoe.xcodeproj
    builtin-Swift-Compilation-Requirements -- /Applications/Xcode.app/Contents/Developer/Toolchains/XcodeDefault.xctoolchain/usr/bin/swiftc -module-name PicPacPresentation -Onone @/var/folders/fh/vt8wk6pn5dgd_tv982c123440000gp/T/picpac-snapshots-4bd21p79/build/Build/Intermediates.noindex/PicPacKit.build/Debug-iphonesimulator/PicPacPresentation.build/Objects-normal/arm64/PicPacPresentation.SwiftFileList -DSWIFT_PACKAGE -DDEBUG -DSWIFT_MODULE_RESOURCE_BUNDLE_UNAVAILABLE -DXcode -plugin-path /Applications/Xcode.app/Contents/Developer/Toolchains/XcodeDefault.xctoolchain/usr/lib/swift/host/plugins/testing -enable-experimental-feature DebugDescriptionMacro -sdk /Applications/Xcode.app/Contents/Developer/Platforms/iPhoneSimulator.platform/Developer/SDKs/iPhoneSimulator26.5.sdk -target arm64-apple-ios17.0-simulator -g -module-cache-path /var/folders/fh/vt8wk6pn5dgd_tv982c123440000gp/T/picpac-snapshots-4bd21p79/build/ModuleCache.noindex -Xfrontend -serialize-debugging-options -profile-coverage-mapping -profile-generate -enable-testing -suppress-warnings -index-store-path /var/folders/fh/vt8wk6pn5dgd_tv982c123440000gp/T/picpac-snapshots-4bd21p79/build/Index.noindex/DataStore -Xcc -D_LIBCPP_HARDENING_MODE\=_LIBCPP_HARDENING_MODE_DEBUG -swift-version 6 -I /var/folders/fh/vt8wk6pn5dgd_tv982c123440000gp/T/picpac-snapshots-4bd21p79/build/Build/Products/Debug-iphonesimulator -Isystem /Applications/Xcode.app/Contents/Developer/Platforms/iPhoneSimulator.platform/Developer/usr/lib -F /var/folders/fh/vt8wk6pn5dgd_tv982c123440000gp/T/picpac-snapshots-4bd21p79/build/Build/Products/Debug-iphonesimulator/PackageFrameworks -F /var/folders/fh/vt8wk6pn5dgd_tv982c123440000gp/T/picpac-snapshots-4bd21p79/build/Build/Products/Debug-iphonesimulator -F /Applications/Xcode.app/Contents/Developer/Platforms/iPhoneSimulator.platform/Developer/Library/Frameworks -F /Applications/Xcode.app/Contents/Developer/Platforms/iPhoneSimulator.platform/Developer/SDKs/iPhoneSimulator26.5.sdk/Developer/Library/Frameworks -c -j12 -enable-batch-mode -incremental -Xcc -ivfsstatcache -Xcc /var/folders/fh/vt8wk6pn5dgd_tv982c123440000gp/T/picpac-snapshots-4bd21p79/build/SDKStatCaches.noindex/iphonesimulator26.5-23F81a-6cfe768891a92b912361537c460fe42b.sdkstatcache -output-file-map /var/folders/fh/vt8wk6pn5dgd_tv982c123440000gp/T/picpac-snapshots-4bd21p79/build/Build/Intermediates.noindex/PicPacKit.build/Debug-iphonesimulator/PicPacPresentation.build/Objects-normal/arm64/PicPacPresentation-OutputFileMap.json -use-frontend-parseable-output -save-temps -no-color-diagnostics -explicit-module-build -module-cache-path /var/folders/fh/vt8wk6pn5dgd_tv982c123440000gp/T/picpac-snapshots-4bd21p79/build/Build/Intermediates.noindex/SwiftExplicitPrecompiledModules -clang-scanner-module-cache-path /var/folders/fh/vt8wk6pn5dgd_tv982c123440000gp/T/picpac-snapshots-4bd21p79/build/ModuleCache.noindex -sdk-module-cache-path /var/folders/fh/vt8wk6pn5dgd_tv982c123440000gp/T/picpac-snapshots-4bd21p79/build/ModuleCache.noindex -serialize-diagnostics -emit-dependencies -emit-module -emit-module-path /var/folders/fh/vt8wk6pn5dgd_tv982c123440000gp/T/picpac-snapshots-4bd21p79/build/Build/Intermediates.noindex/PicPacKit.build/Debug-iphonesimulator/PicPacPresentation.build/Objects-normal/arm64/PicPacPresentation.swiftmodule -validate-clang-modules-once -clang-build-session-file /var/folders/fh/vt8wk6pn5dgd_tv982c123440000gp/T/picpac-snapshots-4bd21p79/build/ModuleCache.noindex/Session.modulevalidation -package-name picpackit -Xcc -I/var/folders/fh/vt8wk6pn5dgd_tv982c123440000gp/T/picpac-snapshots-4bd21p79/build/Build/Intermediates.noindex/PicPacKit.build/Debug-iphonesimulator/PicPacPresentation.build/swift-overrides.hmap -emit-const-values -Xfrontend -const-gather-protocols-file -Xfrontend /var/folders/fh/vt8wk6pn5dgd_tv982c123440000gp/T/picpac-snapshots-4bd21p79/build/Build/Intermediates.noindex/PicPacKit.build/Debug-iphonesimulator/PicPacPresentation.build/Objects-normal/arm64/PicPacPresentation_const_extract_protocols.json -Xcc -I/var/folders/fh/vt8wk6pn5dgd_tv982c123440000gp/T/picpac-snapshots-4bd21p79/build/Build/Products/Debug-iphonesimulator/include -Xcc -I/var/folders/fh/vt8wk6pn5dgd_tv982c123440000gp/T/picpac-snapshots-4bd21p79/build/Build/Intermediates.noindex/PicPacKit.build/Debug-iphonesimulator/PicPacPresentation.build/DerivedSources-normal/arm64 -Xcc -I/var/folders/fh/vt8wk6pn5dgd_tv982c123440000gp/T/picpac-snapshots-4bd21p79/build/Build/Intermediates.noindex/PicPacKit.build/Debug-iphonesimulator/PicPacPresentation.build/DerivedSources/arm64 -Xcc -I/var/folders/fh/vt8wk6pn5dgd_tv982c123440000gp/T/picpac-snapshots-4bd21p79/build/Build/Intermediates.noindex/PicPacKit.build/Debug-iphonesimulator/PicPacPresentation.build/DerivedSources -Xcc -DSWIFT_PACKAGE -Xcc -DDEBUG\=1 -emit-objc-header -emit-objc-header-path /var/folders/fh/vt8wk6pn5dgd_tv982c123440000gp/T/picpac-snapshots-4bd21p79/build/Build/Intermediates.noindex/PicPacKit.build/Debug-iphonesimulator/PicPacPresentation.build/Objects-normal/arm64/PicPacPresentation-Swift.h -working-directory /Users/bavabangaru/Developer/pic-pac-poe-ios-native-parity/ios/PicPacPoe.xcodeproj -experimental-emit-module-separately -disable-cmo

Copy /var/folders/fh/vt8wk6pn5dgd_tv982c123440000gp/T/picpac-snapshots-4bd21p79/build/Build/Products/Debug-iphonesimulator/PicPacAI.swiftmodule/x86_64-apple-ios-simulator.swiftmodule /var/folders/fh/vt8wk6pn5dgd_tv982c123440000gp/T/picpac-snapshots-4bd21p79/build/Build/Intermediates.noindex/PicPacKit.build/Debug-iphonesimulator/PicPacAI.build/Objects-normal/x86_64/PicPacAI.swiftmodule (in target 'PicPacAI' from project 'PicPacKit')
    cd /Users/bavabangaru/Developer/pic-pac-poe-ios-native-parity/ios/Packages/PicPacKit
    builtin-copy -exclude .DS_Store -exclude CVS -exclude .svn -exclude .git -exclude .hg -resolve-src-symlinks -rename /var/folders/fh/vt8wk6pn5dgd_tv982c123440000gp/T/picpac-snapshots-4bd21p79/build/Build/Intermediates.noindex/PicPacKit.build/Debug-iphonesimulator/PicPacAI.build/Objects-normal/x86_64/PicPacAI.swiftmodule /var/folders/fh/vt8wk6pn5dgd_tv982c123440000gp/T/picpac-snapshots-4bd21p79/build/Build/Products/Debug-iphonesimulator/PicPacAI.swiftmodule/x86_64-apple-ios-simulator.swiftmodule

Copy /var/folders/fh/vt8wk6pn5dgd_tv982c123440000gp/T/picpac-snapshots-4bd21p79/build/Build/Products/Debug-iphonesimulator/PicPacAI.swiftmodule/x86_64-apple-ios-simulator.swiftdoc /var/folders/fh/vt8wk6pn5dgd_tv982c123440000gp/T/picpac-snapshots-4bd21p79/build/Build/Intermediates.noindex/PicPacKit.build/Debug-iphonesimulator/PicPacAI.build/Objects-normal/x86_64/PicPacAI.swiftdoc (in target 'PicPacAI' from project 'PicPacKit')
    cd /Users/bavabangaru/Developer/pic-pac-poe-ios-native-parity/ios/Packages/PicPacKit
    builtin-copy -exclude .DS_Store -exclude CVS -exclude .svn -exclude .git -exclude .hg -resolve-src-symlinks -rename /var/folders/fh/vt8wk6pn5dgd_tv982c123440000gp/T/picpac-snapshots-4bd21p79/build/Build/Intermediates.noindex/PicPacKit.build/Debug-iphonesimulator/PicPacAI.build/Objects-normal/x86_64/PicPacAI.swiftdoc /var/folders/fh/vt8wk6pn5dgd_tv982c123440000gp/T/picpac-snapshots-4bd21p79/build/Build/Products/Debug-iphonesimulator/PicPacAI.swiftmodule/x86_64-apple-ios-simulator.swiftdoc

Copy /var/folders/fh/vt8wk6pn5dgd_tv982c123440000gp/T/picpac-snapshots-4bd21p79/build/Build/Products/Debug-iphonesimulator/PicPacAI.swiftmodule/x86_64-apple-ios-simulator.abi.json /var/folders/fh/vt8wk6pn5dgd_tv982c123440000gp/T/picpac-snapshots-4bd21p79/build/Build/Intermediates.noindex/PicPacKit.build/Debug-iphonesimulator/PicPacAI.build/Objects-normal/x86_64/PicPacAI.abi.json (in target 'PicPacAI' from project 'PicPacKit')
    cd /Users/bavabangaru/Developer/pic-pac-poe-ios-native-parity/ios/Packages/PicPacKit
    builtin-copy -exclude .DS_Store -exclude CVS -exclude .svn -exclude .git -exclude .hg -resolve-src-symlinks -rename /var/folders/fh/vt8wk6pn5dgd_tv982c123440000gp/T/picpac-snapshots-4bd21p79/build/Build/Intermediates.noindex/PicPacKit.build/Debug-iphonesimulator/PicPacAI.build/Objects-normal/x86_64/PicPacAI.abi.json /var/folders/fh/vt8wk6pn5dgd_tv982c123440000gp/T/picpac-snapshots-4bd21p79/build/Build/Products/Debug-iphonesimulator/PicPacAI.swiftmodule/x86_64-apple-ios-simulator.abi.json

SwiftMergeGeneratedHeaders /var/folders/fh/vt8wk6pn5dgd_tv982c123440000gp/T/picpac-snapshots-4bd21p79/build/Build/Intermediates.noindex/GeneratedModuleMaps-iphonesimulator/PicPacPresentation-Swift.h /var/folders/fh/vt8wk6pn5dgd_tv982c123440000gp/T/picpac-snapshots-4bd21p79/build/Build/Intermediates.noindex/PicPacKit.build/Debug-iphonesimulator/PicPacPresentation.build/Objects-normal/arm64/PicPacPresentation-Swift.h /var/folders/fh/vt8wk6pn5dgd_tv982c123440000gp/T/picpac-snapshots-4bd21p79/build/Build/Intermediates.noindex/PicPacKit.build/Debug-iphonesimulator/PicPacPresentation.build/Objects-normal/x86_64/PicPacPresentation-Swift.h (in target 'PicPacPresentation' from project 'PicPacKit')
    cd /Users/bavabangaru/Developer/pic-pac-poe-ios-native-parity/ios/Packages/PicPacKit
    builtin-swiftHeaderTool -arch arm64 /var/folders/fh/vt8wk6pn5dgd_tv982c123440000gp/T/picpac-snapshots-4bd21p79/build/Build/Intermediates.noindex/PicPacKit.build/Debug-iphonesimulator/PicPacPresentation.build/Objects-normal/arm64/PicPacPresentation-Swift.h -arch x86_64 /var/folders/fh/vt8wk6pn5dgd_tv982c123440000gp/T/picpac-snapshots-4bd21p79/build/Build/Intermediates.noindex/PicPacKit.build/Debug-iphonesimulator/PicPacPresentation.build/Objects-normal/x86_64/PicPacPresentation-Swift.h -o /var/folders/fh/vt8wk6pn5dgd_tv982c123440000gp/T/picpac-snapshots-4bd21p79/build/Build/Intermediates.noindex/GeneratedModuleMaps-iphonesimulator/PicPacPresentation-Swift.h

Copy /var/folders/fh/vt8wk6pn5dgd_tv982c123440000gp/T/picpac-snapshots-4bd21p79/build/Build/Products/Debug-iphonesimulator/PicPacPresentation.swiftmodule/arm64-apple-ios-simulator.swiftmodule /var/folders/fh/vt8wk6pn5dgd_tv982c123440000gp/T/picpac-snapshots-4bd21p79/build/Build/Intermediates.noindex/PicPacKit.build/Debug-iphonesimulator/PicPacPresentation.build/Objects-normal/arm64/PicPacPresentation.swiftmodule (in target 'PicPacPresentation' from project 'PicPacKit')
    cd /Users/bavabangaru/Developer/pic-pac-poe-ios-native-parity/ios/Packages/PicPacKit
    builtin-copy -exclude .DS_Store -exclude CVS -exclude .svn -exclude .git -exclude .hg -resolve-src-symlinks -rename /var/folders/fh/vt8wk6pn5dgd_tv982c123440000gp/T/picpac-snapshots-4bd21p79/build/Build/Intermediates.noindex/PicPacKit.build/Debug-iphonesimulator/PicPacPresentation.build/Objects-normal/arm64/PicPacPresentation.swiftmodule /var/folders/fh/vt8wk6pn5dgd_tv982c123440000gp/T/picpac-snapshots-4bd21p79/build/Build/Products/Debug-iphonesimulator/PicPacPresentation.swiftmodule/arm64-apple-ios-simulator.swiftmodule

Copy /var/folders/fh/vt8wk6pn5dgd_tv982c123440000gp/T/picpac-snapshots-4bd21p79/build/Build/Products/Debug-iphonesimulator/PicPacPresentation.swiftmodule/arm64-apple-ios-simulator.swiftdoc /var/folders/fh/vt8wk6pn5dgd_tv982c123440000gp/T/picpac-snapshots-4bd21p79/build/Build/Intermediates.noindex/PicPacKit.build/Debug-iphonesimulator/PicPacPresentation.build/Objects-normal/arm64/PicPacPresentation.swiftdoc (in target 'PicPacPresentation' from project 'PicPacKit')
    cd /Users/bavabangaru/Developer/pic-pac-poe-ios-native-parity/ios/Packages/PicPacKit
    builtin-copy -exclude .DS_Store -exclude CVS -exclude .svn -exclude .git -exclude .hg -resolve-src-symlinks -rename /var/folders/fh/vt8wk6pn5dgd_tv982c123440000gp/T/picpac-snapshots-4bd21p79/build/Build/Intermediates.noindex/PicPacKit.build/Debug-iphonesimulator/PicPacPresentation.build/Objects-normal/arm64/PicPacPresentation.swiftdoc /var/folders/fh/vt8wk6pn5dgd_tv982c123440000gp/T/picpac-snapshots-4bd21p79/build/Build/Products/Debug-iphonesimulator/PicPacPresentation.swiftmodule/arm64-apple-ios-simulator.swiftdoc

Copy /var/folders/fh/vt8wk6pn5dgd_tv982c123440000gp/T/picpac-snapshots-4bd21p79/build/Build/Products/Debug-iphonesimulator/PicPacPresentation.swiftmodule/arm64-apple-ios-simulator.abi.json /var/folders/fh/vt8wk6pn5dgd_tv982c123440000gp/T/picpac-snapshots-4bd21p79/build/Build/Intermediates.noindex/PicPacKit.build/Debug-iphonesimulator/PicPacPresentation.build/Objects-normal/arm64/PicPacPresentation.abi.json (in target 'PicPacPresentation' from project 'PicPacKit')
    cd /Users/bavabangaru/Developer/pic-pac-poe-ios-native-parity/ios/Packages/PicPacKit
    builtin-copy -exclude .DS_Store -exclude CVS -exclude .svn -exclude .git -exclude .hg -resolve-src-symlinks -rename /var/folders/fh/vt8wk6pn5dgd_tv982c123440000gp/T/picpac-snapshots-4bd21p79/build/Build/Intermediates.noindex/PicPacKit.build/Debug-iphonesimulator/PicPacPresentation.build/Objects-normal/arm64/PicPacPresentation.abi.json /var/folders/fh/vt8wk6pn5dgd_tv982c123440000gp/T/picpac-snapshots-4bd21p79/build/Build/Products/Debug-iphonesimulator/PicPacPresentation.swiftmodule/arm64-apple-ios-simulator.abi.json

Copy /var/folders/fh/vt8wk6pn5dgd_tv982c123440000gp/T/picpac-snapshots-4bd21p79/build/Build/Products/Debug-iphonesimulator/PicPacPresentation.swiftmodule/Project/arm64-apple-ios-simulator.swiftsourceinfo /var/folders/fh/vt8wk6pn5dgd_tv982c123440000gp/T/picpac-snapshots-4bd21p79/build/Build/Intermediates.noindex/PicPacKit.build/Debug-iphonesimulator/PicPacPresentation.build/Objects-normal/arm64/PicPacPresentation.swiftsourceinfo (in target 'PicPacPresentation' from project 'PicPacKit')
    cd /Users/bavabangaru/Developer/pic-pac-poe-ios-native-parity/ios/Packages/PicPacKit
    builtin-copy -exclude .DS_Store -exclude CVS -exclude .svn -exclude .git -exclude .hg -resolve-src-symlinks -rename /var/folders/fh/vt8wk6pn5dgd_tv982c123440000gp/T/picpac-snapshots-4bd21p79/build/Build/Intermediates.noindex/PicPacKit.build/Debug-iphonesimulator/PicPacPresentation.build/Objects-normal/arm64/PicPacPresentation.swiftsourceinfo /var/folders/fh/vt8wk6pn5dgd_tv982c123440000gp/T/picpac-snapshots-4bd21p79/build/Build/Products/Debug-iphonesimulator/PicPacPresentation.swiftmodule/Project/arm64-apple-ios-simulator.swiftsourceinfo

Copy /var/folders/fh/vt8wk6pn5dgd_tv982c123440000gp/T/picpac-snapshots-4bd21p79/build/Build/Products/Debug-iphonesimulator/PicPacAI.swiftmodule/Project/x86_64-apple-ios-simulator.swiftsourceinfo /var/folders/fh/vt8wk6pn5dgd_tv982c123440000gp/T/picpac-snapshots-4bd21p79/build/Build/Intermediates.noindex/PicPacKit.build/Debug-iphonesimulator/PicPacAI.build/Objects-normal/x86_64/PicPacAI.swiftsourceinfo (in target 'PicPacAI' from project 'PicPacKit')
    cd /Users/bavabangaru/Developer/pic-pac-poe-ios-native-parity/ios/Packages/PicPacKit
    builtin-copy -exclude .DS_Store -exclude CVS -exclude .svn -exclude .git -exclude .hg -resolve-src-symlinks -rename /var/folders/fh/vt8wk6pn5dgd_tv982c123440000gp/T/picpac-snapshots-4bd21p79/build/Build/Intermediates.noindex/PicPacKit.build/Debug-iphonesimulator/PicPacAI.build/Objects-normal/x86_64/PicPacAI.swiftsourceinfo /var/folders/fh/vt8wk6pn5dgd_tv982c123440000gp/T/picpac-snapshots-4bd21p79/build/Build/Products/Debug-iphonesimulator/PicPacAI.swiftmodule/Project/x86_64-apple-ios-simulator.swiftsourceinfo

SwiftCompile normal x86_64 Compiling\ GameCoordinator.swift /Users/bavabangaru/Developer/pic-pac-poe-ios-native-parity/ios/Packages/PicPacKit/Sources/PicPacPresentation/GameCoordinator.swift (in target 'PicPacPresentation' from project 'PicPacKit')
SwiftCompile normal x86_64 /Users/bavabangaru/Developer/pic-pac-poe-ios-native-parity/ios/Packages/PicPacKit/Sources/PicPacPresentation/GameCoordinator.swift (in target 'PicPacPresentation' from project 'PicPacKit')
    cd /Users/bavabangaru/Developer/pic-pac-poe-ios-native-parity/ios/PicPacPoe.xcodeproj
    

SwiftCompile normal x86_64 Compiling\ RestorationValidation.swift /Users/bavabangaru/Developer/pic-pac-poe-ios-native-parity/ios/Packages/PicPacKit/Sources/PicPacPresentation/RestorationValidation.swift (in target 'PicPacPresentation' from project 'PicPacKit')

SwiftCompile normal x86_64 /Users/bavabangaru/Developer/pic-pac-poe-ios-native-parity/ios/Packages/PicPacKit/Sources/PicPacPresentation/RestorationValidation.swift (in target 'PicPacPresentation' from project 'PicPacKit')
    cd /Users/bavabangaru/Developer/pic-pac-poe-ios-native-parity/ios/PicPacPoe.xcodeproj
    

SwiftDriverJobDiscovery normal arm64 Emitting module for PicPacAI (in target 'PicPacAI' from project 'PicPacKit')

SwiftCompile normal arm64 Compiling\ RestorationValidation.swift /Users/bavabangaru/Developer/pic-pac-poe-ios-native-parity/ios/Packages/PicPacKit/Sources/PicPacPresentation/RestorationValidation.swift (in target 'PicPacPresentation' from project 'PicPacKit')

SwiftCompile normal arm64 /Users/bavabangaru/Developer/pic-pac-poe-ios-native-parity/ios/Packages/PicPacKit/Sources/PicPacPresentation/RestorationValidation.swift (in target 'PicPacPresentation' from project 'PicPacKit')
    cd /Users/bavabangaru/Developer/pic-pac-poe-ios-native-parity/ios/PicPacPoe.xcodeproj
    

SwiftDriver\ Compilation\ Requirements PicPacAI normal arm64 com.apple.xcode.tools.swift.compiler (in target 'PicPacAI' from project 'PicPacKit')
    cd /Users/bavabangaru/Developer/pic-pac-poe-ios-native-parity/ios/PicPacPoe.xcodeproj
    builtin-Swift-Compilation-Requirements -- /Applications/Xcode.app/Contents/Developer/Toolchains/XcodeDefault.xctoolchain/usr/bin/swiftc -module-name PicPacAI -Onone @/var/folders/fh/vt8wk6pn5dgd_tv982c123440000gp/T/picpac-snapshots-4bd21p79/build/Build/Intermediates.noindex/PicPacKit.build/Debug-iphonesimulator/PicPacAI.build/Objects-normal/arm64/PicPacAI.SwiftFileList -DSWIFT_PACKAGE -DDEBUG -DSWIFT_MODULE_RESOURCE_BUNDLE_AVAILABLE -DXcode -plugin-path /Applications/Xcode.app/Contents/Developer/Toolchains/XcodeDefault.xctoolchain/usr/lib/swift/host/plugins/testing -enable-experimental-feature DebugDescriptionMacro -sdk /Applications/Xcode.app/Contents/Developer/Platforms/iPhoneSimulator.platform/Developer/SDKs/iPhoneSimulator26.5.sdk -target arm64-apple-ios17.0-simulator -g -module-cache-path /var/folders/fh/vt8wk6pn5dgd_tv982c123440000gp/T/picpac-snapshots-4bd21p79/build/ModuleCache.noindex -Xfrontend -serialize-debugging-options -profile-coverage-mapping -profile-generate -enable-testing -suppress-warnings -index-store-path /var/folders/fh/vt8wk6pn5dgd_tv982c123440000gp/T/picpac-snapshots-4bd21p79/build/Index.noindex/DataStore -Xcc -D_LIBCPP_HARDENING_MODE\=_LIBCPP_HARDENING_MODE_DEBUG -swift-version 6 -I /var/folders/fh/vt8wk6pn5dgd_tv982c123440000gp/T/picpac-snapshots-4bd21p79/build/Build/Products/Debug-iphonesimulator -Isystem /Applications/Xcode.app/Contents/Developer/Platforms/iPhoneSimulator.platform/Developer/usr/lib -F /var/folders/fh/vt8wk6pn5dgd_tv982c123440000gp/T/picpac-snapshots-4bd21p79/build/Build/Products/Debug-iphonesimulator/PackageFrameworks -F /var/folders/fh/vt8wk6pn5dgd_tv982c123440000gp/T/picpac-snapshots-4bd21p79/build/Build/Products/Debug-iphonesimulator -F /Applications/Xcode.app/Contents/Developer/Platforms/iPhoneSimulator.platform/Developer/Library/Frameworks -F /Applications/Xcode.app/Contents/Developer/Platforms/iPhoneSimulator.platform/Developer/SDKs/iPhoneSimulator26.5.sdk/Developer/Library/Frameworks -c -j12 -enable-batch-mode -incremental -Xcc -ivfsstatcache -Xcc /var/folders/fh/vt8wk6pn5dgd_tv982c123440000gp/T/picpac-snapshots-4bd21p79/build/SDKStatCaches.noindex/iphonesimulator26.5-23F81a-6cfe768891a92b912361537c460fe42b.sdkstatcache -output-file-map /var/folders/fh/vt8wk6pn5dgd_tv982c123440000gp/T/picpac-snapshots-4bd21p79/build/Build/Intermediates.noindex/PicPacKit.build/Debug-iphonesimulator/PicPacAI.build/Objects-normal/arm64/PicPacAI-OutputFileMap.json -use-frontend-parseable-output -save-temps -no-color-diagnostics -explicit-module-build -module-cache-path /var/folders/fh/vt8wk6pn5dgd_tv982c123440000gp/T/picpac-snapshots-4bd21p79/build/Build/Intermediates.noindex/SwiftExplicitPrecompiledModules -clang-scanner-module-cache-path /var/folders/fh/vt8wk6pn5dgd_tv982c123440000gp/T/picpac-snapshots-4bd21p79/build/ModuleCache.noindex -sdk-module-cache-path /var/folders/fh/vt8wk6pn5dgd_tv982c123440000gp/T/picpac-snapshots-4bd21p79/build/ModuleCache.noindex -serialize-diagnostics -emit-dependencies -emit-module -emit-module-path /var/folders/fh/vt8wk6pn5dgd_tv982c123440000gp/T/picpac-snapshots-4bd21p79/build/Build/Intermediates.noindex/PicPacKit.build/Debug-iphonesimulator/PicPacAI.build/Objects-normal/arm64/PicPacAI.swiftmodule -validate-clang-modules-once -clang-build-session-file /var/folders/fh/vt8wk6pn5dgd_tv982c123440000gp/T/picpac-snapshots-4bd21p79/build/ModuleCache.noindex/Session.modulevalidation -package-name picpackit -Xcc -I/var/folders/fh/vt8wk6pn5dgd_tv982c123440000gp/T/picpac-snapshots-4bd21p79/build/Build/Intermediates.noindex/PicPacKit.build/Debug-iphonesimulator/PicPacAI.build/swift-overrides.hmap -emit-const-values -Xfrontend -const-gather-protocols-file -Xfrontend /var/folders/fh/vt8wk6pn5dgd_tv982c123440000gp/T/picpac-snapshots-4bd21p79/build/Build/Intermediates.noindex/PicPacKit.build/Debug-iphonesimulator/PicPacAI.build/Objects-normal/arm64/PicPacAI_const_extract_protocols.json -Xcc -I/var/folders/fh/vt8wk6pn5dgd_tv982c123440000gp/T/picpac-snapshots-4bd21p79/build/Build/Products/Debug-iphonesimulator/include -Xcc -I/var/folders/fh/vt8wk6pn5dgd_tv982c123440000gp/T/picpac-snapshots-4bd21p79/build/Build/Intermediates.noindex/PicPacKit.build/Debug-iphonesimulator/PicPacAI.build/DerivedSources-normal/arm64 -Xcc -I/var/folders/fh/vt8wk6pn5dgd_tv982c123440000gp/T/picpac-snapshots-4bd21p79/build/Build/Intermediates.noindex/PicPacKit.build/Debug-iphonesimulator/PicPacAI.build/DerivedSources/arm64 -Xcc -I/var/folders/fh/vt8wk6pn5dgd_tv982c123440000gp/T/picpac-snapshots-4bd21p79/build/Build/Intermediates.noindex/PicPacKit.build/Debug-iphonesimulator/PicPacAI.build/DerivedSources -Xcc -DSWIFT_PACKAGE -Xcc -DDEBUG\=1 -emit-objc-header -emit-objc-header-path /var/folders/fh/vt8wk6pn5dgd_tv982c123440000gp/T/picpac-snapshots-4bd21p79/build/Build/Intermediates.noindex/PicPacKit.build/Debug-iphonesimulator/PicPacAI.build/Objects-normal/arm64/PicPacAI-Swift.h -working-directory /Users/bavabangaru/Developer/pic-pac-poe-ios-native-parity/ios/PicPacPoe.xcodeproj -experimental-emit-module-separately -disable-cmo

SwiftDriverJobDiscovery normal arm64 Compiling AiObservation.swift (in target 'PicPacCore' from project 'PicPacKit')

SwiftCompile normal arm64 Compiling\ PresentationModels.swift /Users/bavabangaru/Developer/pic-pac-poe-ios-native-parity/ios/Packages/PicPacKit/Sources/PicPacPresentation/PresentationModels.swift (in target 'PicPacPresentation' from project 'PicPacKit')

SwiftCompile normal arm64 /Users/bavabangaru/Developer/pic-pac-poe-ios-native-parity/ios/Packages/PicPacKit/Sources/PicPacPresentation/PresentationModels.swift (in target 'PicPacPresentation' from project 'PicPacKit')
    cd /Users/bavabangaru/Developer/pic-pac-poe-ios-native-parity/ios/PicPacPoe.xcodeproj
    

SwiftMergeGeneratedHeaders /var/folders/fh/vt8wk6pn5dgd_tv982c123440000gp/T/picpac-snapshots-4bd21p79/build/Build/Intermediates.noindex/GeneratedModuleMaps-iphonesimulator/PicPacAI-Swift.h /var/folders/fh/vt8wk6pn5dgd_tv982c123440000gp/T/picpac-snapshots-4bd21p79/build/Build/Intermediates.noindex/PicPacKit.build/Debug-iphonesimulator/PicPacAI.build/Objects-normal/arm64/PicPacAI-Swift.h /var/folders/fh/vt8wk6pn5dgd_tv982c123440000gp/T/picpac-snapshots-4bd21p79/build/Build/Intermediates.noindex/PicPacKit.build/Debug-iphonesimulator/PicPacAI.build/Objects-normal/x86_64/PicPacAI-Swift.h (in target 'PicPacAI' from project 'PicPacKit')
    cd /Users/bavabangaru/Developer/pic-pac-poe-ios-native-parity/ios/Packages/PicPacKit
    builtin-swiftHeaderTool -arch arm64 /var/folders/fh/vt8wk6pn5dgd_tv982c123440000gp/T/picpac-snapshots-4bd21p79/build/Build/Intermediates.noindex/PicPacKit.build/Debug-iphonesimulator/PicPacAI.build/Objects-normal/arm64/PicPacAI-Swift.h -arch x86_64 /var/folders/fh/vt8wk6pn5dgd_tv982c123440000gp/T/picpac-snapshots-4bd21p79/build/Build/Intermediates.noindex/PicPacKit.build/Debug-iphonesimulator/PicPacAI.build/Objects-normal/x86_64/PicPacAI-Swift.h -o /var/folders/fh/vt8wk6pn5dgd_tv982c123440000gp/T/picpac-snapshots-4bd21p79/build/Build/Intermediates.noindex/GeneratedModuleMaps-iphonesimulator/PicPacAI-Swift.h

SwiftDriverJobDiscovery normal x86_64 Compiling AiObservation.swift (in target 'PicPacCore' from project 'PicPacKit')

Copy /var/folders/fh/vt8wk6pn5dgd_tv982c123440000gp/T/picpac-snapshots-4bd21p79/build/Build/Products/Debug-iphonesimulator/PicPacAI.swiftmodule/arm64-apple-ios-simulator.swiftmodule /var/folders/fh/vt8wk6pn5dgd_tv982c123440000gp/T/picpac-snapshots-4bd21p79/build/Build/Intermediates.noindex/PicPacKit.build/Debug-iphonesimulator/PicPacAI.build/Objects-normal/arm64/PicPacAI.swiftmodule (in target 'PicPacAI' from project 'PicPacKit')
    cd /Users/bavabangaru/Developer/pic-pac-poe-ios-native-parity/ios/Packages/PicPacKit
    builtin-copy -exclude .DS_Store -exclude CVS -exclude .svn -exclude .git -exclude .hg -resolve-src-symlinks -rename /var/folders/fh/vt8wk6pn5dgd_tv982c123440000gp/T/picpac-snapshots-4bd21p79/build/Build/Intermediates.noindex/PicPacKit.build/Debug-iphonesimulator/PicPacAI.build/Objects-normal/arm64/PicPacAI.swiftmodule /var/folders/fh/vt8wk6pn5dgd_tv982c123440000gp/T/picpac-snapshots-4bd21p79/build/Build/Products/Debug-iphonesimulator/PicPacAI.swiftmodule/arm64-apple-ios-simulator.swiftmodule

Copy /var/folders/fh/vt8wk6pn5dgd_tv982c123440000gp/T/picpac-snapshots-4bd21p79/build/Build/Products/Debug-iphonesimulator/PicPacAI.swiftmodule/arm64-apple-ios-simulator.swiftdoc /var/folders/fh/vt8wk6pn5dgd_tv982c123440000gp/T/picpac-snapshots-4bd21p79/build/Build/Intermediates.noindex/PicPacKit.build/Debug-iphonesimulator/PicPacAI.build/Objects-normal/arm64/PicPacAI.swiftdoc (in target 'PicPacAI' from project 'PicPacKit')
    cd /Users/bavabangaru/Developer/pic-pac-poe-ios-native-parity/ios/Packages/PicPacKit
    builtin-copy -exclude .DS_Store -exclude CVS -exclude .svn -exclude .git -exclude .hg -resolve-src-symlinks -rename /var/folders/fh/vt8wk6pn5dgd_tv982c123440000gp/T/picpac-snapshots-4bd21p79/build/Build/Intermediates.noindex/PicPacKit.build/Debug-iphonesimulator/PicPacAI.build/Objects-normal/arm64/PicPacAI.swiftdoc /var/folders/fh/vt8wk6pn5dgd_tv982c123440000gp/T/picpac-snapshots-4bd21p79/build/Build/Products/Debug-iphonesimulator/PicPacAI.swiftmodule/arm64-apple-ios-simulator.swiftdoc

Copy /var/folders/fh/vt8wk6pn5dgd_tv982c123440000gp/T/picpac-snapshots-4bd21p79/build/Build/Products/Debug-iphonesimulator/PicPacAI.swiftmodule/arm64-apple-ios-simulator.abi.json /var/folders/fh/vt8wk6pn5dgd_tv982c123440000gp/T/picpac-snapshots-4bd21p79/build/Build/Intermediates.noindex/PicPacKit.build/Debug-iphonesimulator/PicPacAI.build/Objects-normal/arm64/PicPacAI.abi.json (in target 'PicPacAI' from project 'PicPacKit')
    cd /Users/bavabangaru/Developer/pic-pac-poe-ios-native-parity/ios/Packages/PicPacKit
    builtin-copy -exclude .DS_Store -exclude CVS -exclude .svn -exclude .git -exclude .hg -resolve-src-symlinks -rename /var/folders/fh/vt8wk6pn5dgd_tv982c123440000gp/T/picpac-snapshots-4bd21p79/build/Build/Intermediates.noindex/PicPacKit.build/Debug-iphonesimulator/PicPacAI.build/Objects-normal/arm64/PicPacAI.abi.json /var/folders/fh/vt8wk6pn5dgd_tv982c123440000gp/T/picpac-snapshots-4bd21p79/build/Build/Products/Debug-iphonesimulator/PicPacAI.swiftmodule/arm64-apple-ios-simulator.abi.json

Copy /var/folders/fh/vt8wk6pn5dgd_tv982c123440000gp/T/picpac-snapshots-4bd21p79/build/Build/Products/Debug-iphonesimulator/PicPacAI.swiftmodule/Project/arm64-apple-ios-simulator.swiftsourceinfo /var/folders/fh/vt8wk6pn5dgd_tv982c123440000gp/T/picpac-snapshots-4bd21p79/build/Build/Intermediates.noindex/PicPacKit.build/Debug-iphonesimulator/PicPacAI.build/Objects-normal/arm64/PicPacAI.swiftsourceinfo (in target 'PicPacAI' from project 'PicPacKit')
    cd /Users/bavabangaru/Developer/pic-pac-poe-ios-native-parity/ios/Packages/PicPacKit
    builtin-copy -exclude .DS_Store -exclude CVS -exclude .svn -exclude .git -exclude .hg -resolve-src-symlinks -rename /var/folders/fh/vt8wk6pn5dgd_tv982c123440000gp/T/picpac-snapshots-4bd21p79/build/Build/Intermediates.noindex/PicPacKit.build/Debug-iphonesimulator/PicPacAI.build/Objects-normal/arm64/PicPacAI.swiftsourceinfo /var/folders/fh/vt8wk6pn5dgd_tv982c123440000gp/T/picpac-snapshots-4bd21p79/build/Build/Products/Debug-iphonesimulator/PicPacAI.swiftmodule/Project/arm64-apple-ios-simulator.swiftsourceinfo

SwiftCompile normal x86_64 Compiling\ PresentationModels.swift /Users/bavabangaru/Developer/pic-pac-poe-ios-native-parity/ios/Packages/PicPacKit/Sources/PicPacPresentation/PresentationModels.swift (in target 'PicPacPresentation' from project 'PicPacKit')

SwiftCompile normal x86_64 /Users/bavabangaru/Developer/pic-pac-poe-ios-native-parity/ios/Packages/PicPacKit/Sources/PicPacPresentation/PresentationModels.swift (in target 'PicPacPresentation' from project 'PicPacKit')
    cd /Users/bavabangaru/Developer/pic-pac-poe-ios-native-parity/ios/PicPacPoe.xcodeproj
    

SwiftDriverJobDiscovery normal x86_64 Compiling PresentationDependencies.swift (in target 'PicPacPresentation' from project 'PicPacKit')

SwiftCompile normal x86_64 Compiling\ StochasticMCTSAgent.swift /Users/bavabangaru/Developer/pic-pac-poe-ios-native-parity/ios/Packages/PicPacKit/Sources/PicPacAI/StochasticMCTSAgent.swift (in target 'PicPacAI' from project 'PicPacKit')

SwiftCompile normal x86_64 /Users/bavabangaru/Developer/pic-pac-poe-ios-native-parity/ios/Packages/PicPacKit/Sources/PicPacAI/StochasticMCTSAgent.swift (in target 'PicPacAI' from project 'PicPacKit')
    cd /Users/bavabangaru/Developer/pic-pac-poe-ios-native-parity/ios/PicPacPoe.xcodeproj
    

SwiftCompile normal arm64 Compiling\ StochasticMCTSAgent.swift /Users/bavabangaru/Developer/pic-pac-poe-ios-native-parity/ios/Packages/PicPacKit/Sources/PicPacAI/StochasticMCTSAgent.swift (in target 'PicPacAI' from project 'PicPacKit')

SwiftCompile normal arm64 /Users/bavabangaru/Developer/pic-pac-poe-ios-native-parity/ios/Packages/PicPacKit/Sources/PicPacAI/StochasticMCTSAgent.swift (in target 'PicPacAI' from project 'PicPacKit')
    cd /Users/bavabangaru/Developer/pic-pac-poe-ios-native-parity/ios/PicPacPoe.xcodeproj
    

SwiftDriverJobDiscovery normal x86_64 Compiling Model.swift (in target 'PicPacCore' from project 'PicPacKit')

SwiftDriverJobDiscovery normal arm64 Compiling Model.swift (in target 'PicPacCore' from project 'PicPacKit')

SwiftCompile normal arm64 Compiling\ TabularPolicy.swift /Users/bavabangaru/Developer/pic-pac-poe-ios-native-parity/ios/Packages/PicPacKit/Sources/PicPacAI/TabularPolicy.swift (in target 'PicPacAI' from project 'PicPacKit')
SwiftCompile normal arm64 /Users/bavabangaru/Developer/pic-pac-poe-ios-native-parity/ios/Packages/PicPacKit/Sources/PicPacAI/TabularPolicy.swift (in target 'PicPacAI' from project 'PicPacKit')
    cd /Users/bavabangaru/Developer/pic-pac-poe-ios-native-parity/ios/PicPacPoe.xcodeproj
    

SwiftCompile normal x86_64 Compiling\ RandomSources.swift /Users/bavabangaru/Developer/pic-pac-poe-ios-native-parity/ios/Packages/PicPacKit/Sources/PicPacAI/RandomSources.swift (in target 'PicPacAI' from project 'PicPacKit')

SwiftCompile normal x86_64 /Users/bavabangaru/Developer/pic-pac-poe-ios-native-parity/ios/Packages/PicPacKit/Sources/PicPacAI/RandomSources.swift (in target 'PicPacAI' from project 'PicPacKit')
    cd /Users/bavabangaru/Developer/pic-pac-poe-ios-native-parity/ios/PicPacPoe.xcodeproj
    

SwiftDriverJobDiscovery normal arm64 Compiling RestorationValidation.swift (in target 'PicPacPresentation' from project 'PicPacKit')

SwiftCompile normal x86_64 Compiling\ FastAgents.swift /Users/bavabangaru/Developer/pic-pac-poe-ios-native-parity/ios/Packages/PicPacKit/Sources/PicPacAI/FastAgents.swift (in target 'PicPacAI' from project 'PicPacKit')

SwiftCompile normal x86_64 /Users/bavabangaru/Developer/pic-pac-poe-ios-native-parity/ios/Packages/PicPacKit/Sources/PicPacAI/FastAgents.swift (in target 'PicPacAI' from project 'PicPacKit')
    cd /Users/bavabangaru/Developer/pic-pac-poe-ios-native-parity/ios/PicPacPoe.xcodeproj
    

SwiftDriverJobDiscovery normal arm64 Compiling PresentationDependencies.swift (in target 'PicPacPresentation' from project 'PicPacKit')

SwiftCompile normal x86_64 Compiling\ resource_bundle_accessor.swift /var/folders/fh/vt8wk6pn5dgd_tv982c123440000gp/T/picpac-snapshots-4bd21p79/build/Build/Intermediates.noindex/PicPacKit.build/Debug-iphonesimulator/PicPacAI.build/DerivedSources/resource_bundle_accessor.swift (in target 'PicPacAI' from project 'PicPacKit')

SwiftCompile normal x86_64 /var/folders/fh/vt8wk6pn5dgd_tv982c123440000gp/T/picpac-snapshots-4bd21p79/build/Build/Intermediates.noindex/PicPacKit.build/Debug-iphonesimulator/PicPacAI.build/DerivedSources/resource_bundle_accessor.swift (in target 'PicPacAI' from project 'PicPacKit')
    cd /Users/bavabangaru/Developer/pic-pac-poe-ios-native-parity/ios/PicPacPoe.xcodeproj
    

SwiftDriverJobDiscovery normal x86_64 Compiling State.swift (in target 'PicPacCore' from project 'PicPacKit')

SwiftDriver\ Compilation PicPacCore normal x86_64 com.apple.xcode.tools.swift.compiler (in target 'PicPacCore' from project 'PicPacKit')
    cd /Users/bavabangaru/Developer/pic-pac-poe-ios-native-parity/ios/PicPacPoe.xcodeproj
    builtin-Swift-Compilation -- /Applications/Xcode.app/Contents/Developer/Toolchains/XcodeDefault.xctoolchain/usr/bin/swiftc -module-name PicPacCore -Onone @/var/folders/fh/vt8wk6pn5dgd_tv982c123440000gp/T/picpac-snapshots-4bd21p79/build/Build/Intermediates.noindex/PicPacKit.build/Debug-iphonesimulator/PicPacCore.build/Objects-normal/x86_64/PicPacCore.SwiftFileList -DSWIFT_PACKAGE -DDEBUG -DSWIFT_MODULE_RESOURCE_BUNDLE_UNAVAILABLE -DXcode -plugin-path /Applications/Xcode.app/Contents/Developer/Toolchains/XcodeDefault.xctoolchain/usr/lib/swift/host/plugins/testing -enable-experimental-feature DebugDescriptionMacro -sdk /Applications/Xcode.app/Contents/Developer/Platforms/iPhoneSimulator.platform/Developer/SDKs/iPhoneSimulator26.5.sdk -target x86_64-apple-ios17.0-simulator -g -module-cache-path /var/folders/fh/vt8wk6pn5dgd_tv982c123440000gp/T/picpac-snapshots-4bd21p79/build/ModuleCache.noindex -Xfrontend -serialize-debugging-options -profile-coverage-mapping -profile-generate -enable-testing -suppress-warnings -index-store-path /var/folders/fh/vt8wk6pn5dgd_tv982c123440000gp/T/picpac-snapshots-4bd21p79/build/Index.noindex/DataStore -Xcc -D_LIBCPP_HARDENING_MODE\=_LIBCPP_HARDENING_MODE_DEBUG -swift-version 6 -I /var/folders/fh/vt8wk6pn5dgd_tv982c123440000gp/T/picpac-snapshots-4bd21p79/build/Build/Products/Debug-iphonesimulator -Isystem /Applications/Xcode.app/Contents/Developer/Platforms/iPhoneSimulator.platform/Developer/usr/lib -F /var/folders/fh/vt8wk6pn5dgd_tv982c123440000gp/T/picpac-snapshots-4bd21p79/build/Build/Products/Debug-iphonesimulator -F /Applications/Xcode.app/Contents/Developer/Platforms/iPhoneSimulator.platform/Developer/Library/Frameworks -F /Applications/Xcode.app/Contents/Developer/Platforms/iPhoneSimulator.platform/Developer/SDKs/iPhoneSimulator26.5.sdk/Developer/Library/Frameworks -c -j12 -enable-batch-mode -incremental -Xcc -ivfsstatcache -Xcc /var/folders/fh/vt8wk6pn5dgd_tv982c123440000gp/T/picpac-snapshots-4bd21p79/build/SDKStatCaches.noindex/iphonesimulator26.5-23F81a-6cfe768891a92b912361537c460fe42b.sdkstatcache -output-file-map /var/folders/fh/vt8wk6pn5dgd_tv982c123440000gp/T/picpac-snapshots-4bd21p79/build/Build/Intermediates.noindex/PicPacKit.build/Debug-iphonesimulator/PicPacCore.build/Objects-normal/x86_64/PicPacCore-OutputFileMap.json -use-frontend-parseable-output -save-temps -no-color-diagnostics -explicit-module-build -module-cache-path /var/folders/fh/vt8wk6pn5dgd_tv982c123440000gp/T/picpac-snapshots-4bd21p79/build/Build/Intermediates.noindex/SwiftExplicitPrecompiledModules -clang-scanner-module-cache-path /var/folders/fh/vt8wk6pn5dgd_tv982c123440000gp/T/picpac-snapshots-4bd21p79/build/ModuleCache.noindex -sdk-module-cache-path /var/folders/fh/vt8wk6pn5dgd_tv982c123440000gp/T/picpac-snapshots-4bd21p79/build/ModuleCache.noindex -serialize-diagnostics -emit-dependencies -emit-module -emit-module-path /var/folders/fh/vt8wk6pn5dgd_tv982c123440000gp/T/picpac-snapshots-4bd21p79/build/Build/Intermediates.noindex/PicPacKit.build/Debug-iphonesimulator/PicPacCore.build/Objects-normal/x86_64/PicPacCore.swiftmodule -validate-clang-modules-once -clang-build-session-file /var/folders/fh/vt8wk6pn5dgd_tv982c123440000gp/T/picpac-snapshots-4bd21p79/build/ModuleCache.noindex/Session.modulevalidation -package-name picpackit -Xcc -I/var/folders/fh/vt8wk6pn5dgd_tv982c123440000gp/T/picpac-snapshots-4bd21p79/build/Build/Intermediates.noindex/PicPacKit.build/Debug-iphonesimulator/PicPacCore.build/swift-overrides.hmap -emit-const-values -Xfrontend -const-gather-protocols-file -Xfrontend /var/folders/fh/vt8wk6pn5dgd_tv982c123440000gp/T/picpac-snapshots-4bd21p79/build/Build/Intermediates.noindex/PicPacKit.build/Debug-iphonesimulator/PicPacCore.build/Objects-normal/x86_64/PicPacCore_const_extract_protocols.json -Xcc -I/var/folders/fh/vt8wk6pn5dgd_tv982c123440000gp/T/picpac-snapshots-4bd21p79/build/Build/Products/Debug-iphonesimulator/include -Xcc -I/var/folders/fh/vt8wk6pn5dgd_tv982c123440000gp/T/picpac-snapshots-4bd21p79/build/Build/Intermediates.noindex/PicPacKit.build/Debug-iphonesimulator/PicPacCore.build/DerivedSources-normal/x86_64 -Xcc -I/var/folders/fh/vt8wk6pn5dgd_tv982c123440000gp/T/picpac-snapshots-4bd21p79/build/Build/Intermediates.noindex/PicPacKit.build/Debug-iphonesimulator/PicPacCore.build/DerivedSources/x86_64 -Xcc -I/var/folders/fh/vt8wk6pn5dgd_tv982c123440000gp/T/picpac-snapshots-4bd21p79/build/Build/Intermediates.noindex/PicPacKit.build/Debug-iphonesimulator/PicPacCore.build/DerivedSources -Xcc -DSWIFT_PACKAGE -Xcc -DDEBUG\=1 -emit-objc-header -emit-objc-header-path /var/folders/fh/vt8wk6pn5dgd_tv982c123440000gp/T/picpac-snapshots-4bd21p79/build/Build/Intermediates.noindex/PicPacKit.build/Debug-iphonesimulator/PicPacCore.build/Objects-normal/x86_64/PicPacCore-Swift.h -working-directory /Users/bavabangaru/Developer/pic-pac-poe-ios-native-parity/ios/PicPacPoe.xcodeproj -experimental-emit-module-separately -disable-cmo

SwiftDriverJobDiscovery normal arm64 Compiling State.swift (in target 'PicPacCore' from project 'PicPacKit')

SwiftCompile normal arm64 Compiling\ RandomSources.swift /Users/bavabangaru/Developer/pic-pac-poe-ios-native-parity/ios/Packages/PicPacKit/Sources/PicPacAI/RandomSources.swift (in target 'PicPacAI' from project 'PicPacKit')

SwiftCompile normal arm64 /Users/bavabangaru/Developer/pic-pac-poe-ios-native-parity/ios/Packages/PicPacKit/Sources/PicPacAI/RandomSources.swift (in target 'PicPacAI' from project 'PicPacKit')
    cd /Users/bavabangaru/Developer/pic-pac-poe-ios-native-parity/ios/PicPacPoe.xcodeproj
    

Ld /var/folders/fh/vt8wk6pn5dgd_tv982c123440000gp/T/picpac-snapshots-4bd21p79/build/Build/Intermediates.noindex/PicPacKit.build/Debug-iphonesimulator/PicPacCore.build/Objects-normal/x86_64/Binary/PicPacCore.o normal x86_64 (in target 'PicPacCore' from project 'PicPacKit')
    cd /Users/bavabangaru/Developer/pic-pac-poe-ios-native-parity/ios/Packages/PicPacKit
    /Applications/Xcode.app/Contents/Developer/Toolchains/XcodeDefault.xctoolchain/usr/bin/clang -Xlinker -reproducible -target x86_64-apple-ios17.0-simulator -r -isysroot /Applications/Xcode.app/Contents/Developer/Platforms/iPhoneSimulator.platform/Developer/SDKs/iPhoneSimulator26.5.sdk -O0 -w -F/var/folders/fh/vt8wk6pn5dgd_tv982c123440000gp/T/picpac-snapshots-4bd21p79/build/Build/Intermediates.noindex/EagerLinkingTBDs/Debug-iphonesimulator -F/var/folders/fh/vt8wk6pn5dgd_tv982c123440000gp/T/picpac-snapshots-4bd21p79/build/Build/Products/Debug-iphonesimulator -iframework /Applications/Xcode.app/Contents/Developer/Platforms/iPhoneSimulator.platform/Developer/Library/Frameworks -iframework /Applications/Xcode.app/Contents/Developer/Platforms/iPhoneSimulator.platform/Developer/SDKs/iPhoneSimulator26.5.sdk/Developer/Library/Frameworks -filelist /var/folders/fh/vt8wk6pn5dgd_tv982c123440000gp/T/picpac-snapshots-4bd21p79/build/Build/Intermediates.noindex/PicPacKit.build/Debug-iphonesimulator/PicPacCore.build/Objects-normal/x86_64/PicPacCore.LinkFileList -nostdlib -Xlinker -object_path_lto -Xlinker /var/folders/fh/vt8wk6pn5dgd_tv982c123440000gp/T/picpac-snapshots-4bd21p79/build/Build/Intermediates.noindex/PicPacKit.build/Debug-iphonesimulator/PicPacCore.build/Objects-normal/x86_64/PicPacCore_lto.o -Xlinker -no_deduplicate -Xlinker -objc_abi_version -Xlinker 2 -Xlinker -debug_variant -Xlinker -dependency_info -Xlinker /var/folders/fh/vt8wk6pn5dgd_tv982c123440000gp/T/picpac-snapshots-4bd21p79/build/Build/Intermediates.noindex/PicPacKit.build/Debug-iphonesimulator/PicPacCore.build/Objects-normal/x86_64/PicPacCore_dependency_info.dat -fobjc-link-runtime -L/Applications/Xcode.app/Contents/Developer/Toolchains/XcodeDefault.xctoolchain/usr/lib/swift/iphonesimulator -L/usr/lib/swift -Xlinker -add_ast_path -Xlinker /var/folders/fh/vt8wk6pn5dgd_tv982c123440000gp/T/picpac-snapshots-4bd21p79/build/Build/Intermediates.noindex/PicPacKit.build/Debug-iphonesimulator/PicPacCore.build/Objects-normal/x86_64/PicPacCore.swiftmodule @/var/folders/fh/vt8wk6pn5dgd_tv982c123440000gp/T/picpac-snapshots-4bd21p79/build/Build/Intermediates.noindex/PicPacKit.build/Debug-iphonesimulator/PicPacCore.build/Objects-normal/x86_64/PicPacCore-linker-args.resp -o /var/folders/fh/vt8wk6pn5dgd_tv982c123440000gp/T/picpac-snapshots-4bd21p79/build/Build/Intermediates.noindex/PicPacKit.build/Debug-iphonesimulator/PicPacCore.build/Objects-normal/x86_64/Binary/PicPacCore.o

SwiftDriverJobDiscovery normal x86_64 Compiling RandomSources.swift (in target 'PicPacAI' from project 'PicPacKit')

SwiftDriver\ Compilation PicPacCore normal arm64 com.apple.xcode.tools.swift.compiler (in target 'PicPacCore' from project 'PicPacKit')
    cd /Users/bavabangaru/Developer/pic-pac-poe-ios-native-parity/ios/PicPacPoe.xcodeproj
    builtin-Swift-Compilation -- /Applications/Xcode.app/Contents/Developer/Toolchains/XcodeDefault.xctoolchain/usr/bin/swiftc -module-name PicPacCore -Onone @/var/folders/fh/vt8wk6pn5dgd_tv982c123440000gp/T/picpac-snapshots-4bd21p79/build/Build/Intermediates.noindex/PicPacKit.build/Debug-iphonesimulator/PicPacCore.build/Objects-normal/arm64/PicPacCore.SwiftFileList -DSWIFT_PACKAGE -DDEBUG -DSWIFT_MODULE_RESOURCE_BUNDLE_UNAVAILABLE -DXcode -plugin-path /Applications/Xcode.app/Contents/Developer/Toolchains/XcodeDefault.xctoolchain/usr/lib/swift/host/plugins/testing -enable-experimental-feature DebugDescriptionMacro -sdk /Applications/Xcode.app/Contents/Developer/Platforms/iPhoneSimulator.platform/Developer/SDKs/iPhoneSimulator26.5.sdk -target arm64-apple-ios17.0-simulator -g -module-cache-path /var/folders/fh/vt8wk6pn5dgd_tv982c123440000gp/T/picpac-snapshots-4bd21p79/build/ModuleCache.noindex -Xfrontend -serialize-debugging-options -profile-coverage-mapping -profile-generate -enable-testing -suppress-warnings -index-store-path /var/folders/fh/vt8wk6pn5dgd_tv982c123440000gp/T/picpac-snapshots-4bd21p79/build/Index.noindex/DataStore -Xcc -D_LIBCPP_HARDENING_MODE\=_LIBCPP_HARDENING_MODE_DEBUG -swift-version 6 -I /var/folders/fh/vt8wk6pn5dgd_tv982c123440000gp/T/picpac-snapshots-4bd21p79/build/Build/Products/Debug-iphonesimulator -Isystem /Applications/Xcode.app/Contents/Developer/Platforms/iPhoneSimulator.platform/Developer/usr/lib -F /var/folders/fh/vt8wk6pn5dgd_tv982c123440000gp/T/picpac-snapshots-4bd21p79/build/Build/Products/Debug-iphonesimulator -F /Applications/Xcode.app/Contents/Developer/Platforms/iPhoneSimulator.platform/Developer/Library/Frameworks -F /Applications/Xcode.app/Contents/Developer/Platforms/iPhoneSimulator.platform/Developer/SDKs/iPhoneSimulator26.5.sdk/Developer/Library/Frameworks -c -j12 -enable-batch-mode -incremental -Xcc -ivfsstatcache -Xcc /var/folders/fh/vt8wk6pn5dgd_tv982c123440000gp/T/picpac-snapshots-4bd21p79/build/SDKStatCaches.noindex/iphonesimulator26.5-23F81a-6cfe768891a92b912361537c460fe42b.sdkstatcache -output-file-map /var/folders/fh/vt8wk6pn5dgd_tv982c123440000gp/T/picpac-snapshots-4bd21p79/build/Build/Intermediates.noindex/PicPacKit.build/Debug-iphonesimulator/PicPacCore.build/Objects-normal/arm64/PicPacCore-OutputFileMap.json -use-frontend-parseable-output -save-temps -no-color-diagnostics -explicit-module-build -module-cache-path /var/folders/fh/vt8wk6pn5dgd_tv982c123440000gp/T/picpac-snapshots-4bd21p79/build/Build/Intermediates.noindex/SwiftExplicitPrecompiledModules -clang-scanner-module-cache-path /var/folders/fh/vt8wk6pn5dgd_tv982c123440000gp/T/picpac-snapshots-4bd21p79/build/ModuleCache.noindex -sdk-module-cache-path /var/folders/fh/vt8wk6pn5dgd_tv982c123440000gp/T/picpac-snapshots-4bd21p79/build/ModuleCache.noindex -serialize-diagnostics -emit-dependencies -emit-module -emit-module-path /var/folders/fh/vt8wk6pn5dgd_tv982c123440000gp/T/picpac-snapshots-4bd21p79/build/Build/Intermediates.noindex/PicPacKit.build/Debug-iphonesimulator/PicPacCore.build/Objects-normal/arm64/PicPacCore.swiftmodule -validate-clang-modules-once -clang-build-session-file /var/folders/fh/vt8wk6pn5dgd_tv982c123440000gp/T/picpac-snapshots-4bd21p79/build/ModuleCache.noindex/Session.modulevalidation -package-name picpackit -Xcc -I/var/folders/fh/vt8wk6pn5dgd_tv982c123440000gp/T/picpac-snapshots-4bd21p79/build/Build/Intermediates.noindex/PicPacKit.build/Debug-iphonesimulator/PicPacCore.build/swift-overrides.hmap -emit-const-values -Xfrontend -const-gather-protocols-file -Xfrontend /var/folders/fh/vt8wk6pn5dgd_tv982c123440000gp/T/picpac-snapshots-4bd21p79/build/Build/Intermediates.noindex/PicPacKit.build/Debug-iphonesimulator/PicPacCore.build/Objects-normal/arm64/PicPacCore_const_extract_protocols.json -Xcc -I/var/folders/fh/vt8wk6pn5dgd_tv982c123440000gp/T/picpac-snapshots-4bd21p79/build/Build/Products/Debug-iphonesimulator/include -Xcc -I/var/folders/fh/vt8wk6pn5dgd_tv982c123440000gp/T/picpac-snapshots-4bd21p79/build/Build/Intermediates.noindex/PicPacKit.build/Debug-iphonesimulator/PicPacCore.build/DerivedSources-normal/arm64 -Xcc -I/var/folders/fh/vt8wk6pn5dgd_tv982c123440000gp/T/picpac-snapshots-4bd21p79/build/Build/Intermediates.noindex/PicPacKit.build/Debug-iphonesimulator/PicPacCore.build/DerivedSources/arm64 -Xcc -I/var/folders/fh/vt8wk6pn5dgd_tv982c123440000gp/T/picpac-snapshots-4bd21p79/build/Build/Intermediates.noindex/PicPacKit.build/Debug-iphonesimulator/PicPacCore.build/DerivedSources -Xcc -DSWIFT_PACKAGE -Xcc -DDEBUG\=1 -emit-objc-header -emit-objc-header-path /var/folders/fh/vt8wk6pn5dgd_tv982c123440000gp/T/picpac-snapshots-4bd21p79/build/Build/Intermediates.noindex/PicPacKit.build/Debug-iphonesimulator/PicPacCore.build/Objects-normal/arm64/PicPacCore-Swift.h -working-directory /Users/bavabangaru/Developer/pic-pac-poe-ios-native-parity/ios/PicPacPoe.xcodeproj -experimental-emit-module-separately -disable-cmo

SwiftDriverJobDiscovery normal x86_64 Compiling RestorationValidation.swift (in target 'PicPacPresentation' from project 'PicPacKit')

SwiftCompile normal x86_64 Compiling\ AIContracts.swift /Users/bavabangaru/Developer/pic-pac-poe-ios-native-parity/ios/Packages/PicPacKit/Sources/PicPacAI/AIContracts.swift (in target 'PicPacAI' from project 'PicPacKit')

SwiftCompile normal x86_64 /Users/bavabangaru/Developer/pic-pac-poe-ios-native-parity/ios/Packages/PicPacKit/Sources/PicPacAI/AIContracts.swift (in target 'PicPacAI' from project 'PicPacKit')
    cd /Users/bavabangaru/Developer/pic-pac-poe-ios-native-parity/ios/PicPacPoe.xcodeproj
    

SwiftDriverJobDiscovery normal x86_64 Compiling FastAgents.swift (in target 'PicPacAI' from project 'PicPacKit')

Ld /var/folders/fh/vt8wk6pn5dgd_tv982c123440000gp/T/picpac-snapshots-4bd21p79/build/Build/Intermediates.noindex/PicPacKit.build/Debug-iphonesimulator/PicPacCore.build/Objects-normal/arm64/Binary/PicPacCore.o normal arm64 (in target 'PicPacCore' from project 'PicPacKit')
    cd /Users/bavabangaru/Developer/pic-pac-poe-ios-native-parity/ios/Packages/PicPacKit
    /Applications/Xcode.app/Contents/Developer/Toolchains/XcodeDefault.xctoolchain/usr/bin/clang -Xlinker -reproducible -target arm64-apple-ios17.0-simulator -r -isysroot /Applications/Xcode.app/Contents/Developer/Platforms/iPhoneSimulator.platform/Developer/SDKs/iPhoneSimulator26.5.sdk -O0 -w -F/var/folders/fh/vt8wk6pn5dgd_tv982c123440000gp/T/picpac-snapshots-4bd21p79/build/Build/Intermediates.noindex/EagerLinkingTBDs/Debug-iphonesimulator -F/var/folders/fh/vt8wk6pn5dgd_tv982c123440000gp/T/picpac-snapshots-4bd21p79/build/Build/Products/Debug-iphonesimulator -iframework /Applications/Xcode.app/Contents/Developer/Platforms/iPhoneSimulator.platform/Developer/Library/Frameworks -iframework /Applications/Xcode.app/Contents/Developer/Platforms/iPhoneSimulator.platform/Developer/SDKs/iPhoneSimulator26.5.sdk/Developer/Library/Frameworks -filelist /var/folders/fh/vt8wk6pn5dgd_tv982c123440000gp/T/picpac-snapshots-4bd21p79/build/Build/Intermediates.noindex/PicPacKit.build/Debug-iphonesimulator/PicPacCore.build/Objects-normal/arm64/PicPacCore.LinkFileList -nostdlib -Xlinker -object_path_lto -Xlinker /var/folders/fh/vt8wk6pn5dgd_tv982c123440000gp/T/picpac-snapshots-4bd21p79/build/Build/Intermediates.noindex/PicPacKit.build/Debug-iphonesimulator/PicPacCore.build/Objects-normal/arm64/PicPacCore_lto.o -Xlinker -no_deduplicate -Xlinker -objc_abi_version -Xlinker 2 -Xlinker -debug_variant -Xlinker -dependency_info -Xlinker /var/folders/fh/vt8wk6pn5dgd_tv982c123440000gp/T/picpac-snapshots-4bd21p79/build/Build/Intermediates.noindex/PicPacKit.build/Debug-iphonesimulator/PicPacCore.build/Objects-normal/arm64/PicPacCore_dependency_info.dat -fobjc-link-runtime -L/Applications/Xcode.app/Contents/Developer/Toolchains/XcodeDefault.xctoolchain/usr/lib/swift/iphonesimulator -L/usr/lib/swift -Xlinker -add_ast_path -Xlinker /var/folders/fh/vt8wk6pn5dgd_tv982c123440000gp/T/picpac-snapshots-4bd21p79/build/Build/Intermediates.noindex/PicPacKit.build/Debug-iphonesimulator/PicPacCore.build/Objects-normal/arm64/PicPacCore.swiftmodule @/var/folders/fh/vt8wk6pn5dgd_tv982c123440000gp/T/picpac-snapshots-4bd21p79/build/Build/Intermediates.noindex/PicPacKit.build/Debug-iphonesimulator/PicPacCore.build/Objects-normal/arm64/PicPacCore-linker-args.resp -o /var/folders/fh/vt8wk6pn5dgd_tv982c123440000gp/T/picpac-snapshots-4bd21p79/build/Build/Intermediates.noindex/PicPacKit.build/Debug-iphonesimulator/PicPacCore.build/Objects-normal/arm64/Binary/PicPacCore.o

SwiftCompile normal x86_64 Compiling\ TabularPolicy.swift /Users/bavabangaru/Developer/pic-pac-poe-ios-native-parity/ios/Packages/PicPacKit/Sources/PicPacAI/TabularPolicy.swift (in target 'PicPacAI' from project 'PicPacKit')
SwiftCompile normal x86_64 /Users/bavabangaru/Developer/pic-pac-poe-ios-native-parity/ios/Packages/PicPacKit/Sources/PicPacAI/TabularPolicy.swift (in target 'PicPacAI' from project 'PicPacKit')
    cd /Users/bavabangaru/Developer/pic-pac-poe-ios-native-parity/ios/PicPacPoe.xcodeproj
    

SwiftCompile normal x86_64 Compiling\ PositionEvaluator.swift /Users/bavabangaru/Developer/pic-pac-poe-ios-native-parity/ios/Packages/PicPacKit/Sources/PicPacAI/PositionEvaluator.swift (in target 'PicPacAI' from project 'PicPacKit')

SwiftCompile normal x86_64 /Users/bavabangaru/Developer/pic-pac-poe-ios-native-parity/ios/Packages/PicPacKit/Sources/PicPacAI/PositionEvaluator.swift (in target 'PicPacAI' from project 'PicPacKit')
    cd /Users/bavabangaru/Developer/pic-pac-poe-ios-native-parity/ios/PicPacPoe.xcodeproj
    

CreateUniversalBinary /var/folders/fh/vt8wk6pn5dgd_tv982c123440000gp/T/picpac-snapshots-4bd21p79/build/Build/Products/Debug-iphonesimulator/PicPacCore.o normal arm64\ x86_64 (in target 'PicPacCore' from project 'PicPacKit')
    cd /Users/bavabangaru/Developer/pic-pac-poe-ios-native-parity/ios/Packages/PicPacKit
    /Applications/Xcode.app/Contents/Developer/Toolchains/XcodeDefault.xctoolchain/usr/bin/lipo -create /var/folders/fh/vt8wk6pn5dgd_tv982c123440000gp/T/picpac-snapshots-4bd21p79/build/Build/Intermediates.noindex/PicPacKit.build/Debug-iphonesimulator/PicPacCore.build/Objects-normal/arm64/Binary/PicPacCore.o /var/folders/fh/vt8wk6pn5dgd_tv982c123440000gp/T/picpac-snapshots-4bd21p79/build/Build/Intermediates.noindex/PicPacKit.build/Debug-iphonesimulator/PicPacCore.build/Objects-normal/x86_64/Binary/PicPacCore.o -output /var/folders/fh/vt8wk6pn5dgd_tv982c123440000gp/T/picpac-snapshots-4bd21p79/build/Build/Products/Debug-iphonesimulator/PicPacCore.o

SwiftDriverJobDiscovery normal x86_64 Compiling resource_bundle_accessor.swift (in target 'PicPacAI' from project 'PicPacKit')

SwiftCompile normal arm64 Compiling\ ReferenceExpectiminimax.swift /Users/bavabangaru/Developer/pic-pac-poe-ios-native-parity/ios/Packages/PicPacKit/Sources/PicPacAI/ReferenceExpectiminimax.swift (in target 'PicPacAI' from project 'PicPacKit')

SwiftCompile normal arm64 /Users/bavabangaru/Developer/pic-pac-poe-ios-native-parity/ios/Packages/PicPacKit/Sources/PicPacAI/ReferenceExpectiminimax.swift (in target 'PicPacAI' from project 'PicPacKit')
    cd /Users/bavabangaru/Developer/pic-pac-poe-ios-native-parity/ios/PicPacPoe.xcodeproj
    

SwiftDriverJobDiscovery normal x86_64 Compiling StochasticMCTSAgent.swift (in target 'PicPacAI' from project 'PicPacKit')

SwiftCompile normal arm64 Compiling\ ProductionAIEngine.swift /Users/bavabangaru/Developer/pic-pac-poe-ios-native-parity/ios/Packages/PicPacKit/Sources/PicPacAI/ProductionAIEngine.swift (in target 'PicPacAI' from project 'PicPacKit')

SwiftCompile normal arm64 /Users/bavabangaru/Developer/pic-pac-poe-ios-native-parity/ios/Packages/PicPacKit/Sources/PicPacAI/ProductionAIEngine.swift (in target 'PicPacAI' from project 'PicPacKit')
    cd /Users/bavabangaru/Developer/pic-pac-poe-ios-native-parity/ios/PicPacPoe.xcodeproj
    

SwiftCompile normal x86_64 Compiling\ ProductionAIEngine.swift /Users/bavabangaru/Developer/pic-pac-poe-ios-native-parity/ios/Packages/PicPacKit/Sources/PicPacAI/ProductionAIEngine.swift (in target 'PicPacAI' from project 'PicPacKit')

SwiftCompile normal x86_64 /Users/bavabangaru/Developer/pic-pac-poe-ios-native-parity/ios/Packages/PicPacKit/Sources/PicPacAI/ProductionAIEngine.swift (in target 'PicPacAI' from project 'PicPacKit')
    cd /Users/bavabangaru/Developer/pic-pac-poe-ios-native-parity/ios/PicPacPoe.xcodeproj
    

SwiftDriverJobDiscovery normal arm64 Compiling StochasticMCTSAgent.swift (in target 'PicPacAI' from project 'PicPacKit')

SwiftCompile normal x86_64 Compiling\ SearchModel.swift /Users/bavabangaru/Developer/pic-pac-poe-ios-native-parity/ios/Packages/PicPacKit/Sources/PicPacAI/SearchModel.swift (in target 'PicPacAI' from project 'PicPacKit')

SwiftCompile normal x86_64 /Users/bavabangaru/Developer/pic-pac-poe-ios-native-parity/ios/Packages/PicPacKit/Sources/PicPacAI/SearchModel.swift (in target 'PicPacAI' from project 'PicPacKit')
    cd /Users/bavabangaru/Developer/pic-pac-poe-ios-native-parity/ios/PicPacPoe.xcodeproj
    

SwiftDriverJobDiscovery normal arm64 Compiling RandomSources.swift (in target 'PicPacAI' from project 'PicPacKit')

SwiftCompile normal arm64 Compiling\ resource_bundle_accessor.swift /var/folders/fh/vt8wk6pn5dgd_tv982c123440000gp/T/picpac-snapshots-4bd21p79/build/Build/Intermediates.noindex/PicPacKit.build/Debug-iphonesimulator/PicPacAI.build/DerivedSources/resource_bundle_accessor.swift (in target 'PicPacAI' from project 'PicPacKit')

SwiftCompile normal arm64 /var/folders/fh/vt8wk6pn5dgd_tv982c123440000gp/T/picpac-snapshots-4bd21p79/build/Build/Intermediates.noindex/PicPacKit.build/Debug-iphonesimulator/PicPacAI.build/DerivedSources/resource_bundle_accessor.swift (in target 'PicPacAI' from project 'PicPacKit')
    cd /Users/bavabangaru/Developer/pic-pac-poe-ios-native-parity/ios/PicPacPoe.xcodeproj
    

SwiftDriverJobDiscovery normal x86_64 Compiling PositionEvaluator.swift (in target 'PicPacAI' from project 'PicPacKit')

SwiftCompile normal arm64 Compiling\ SearchModel.swift /Users/bavabangaru/Developer/pic-pac-poe-ios-native-parity/ios/Packages/PicPacKit/Sources/PicPacAI/SearchModel.swift (in target 'PicPacAI' from project 'PicPacKit')

SwiftCompile normal arm64 /Users/bavabangaru/Developer/pic-pac-poe-ios-native-parity/ios/Packages/PicPacKit/Sources/PicPacAI/SearchModel.swift (in target 'PicPacAI' from project 'PicPacKit')
    cd /Users/bavabangaru/Developer/pic-pac-poe-ios-native-parity/ios/PicPacPoe.xcodeproj
    

SwiftDriverJobDiscovery normal arm64 Compiling ReferenceExpectiminimax.swift (in target 'PicPacAI' from project 'PicPacKit')

SwiftCompile normal x86_64 Compiling\ ExpectiminimaxAgent.swift /Users/bavabangaru/Developer/pic-pac-poe-ios-native-parity/ios/Packages/PicPacKit/Sources/PicPacAI/ExpectiminimaxAgent.swift (in target 'PicPacAI' from project 'PicPacKit')

SwiftCompile normal x86_64 /Users/bavabangaru/Developer/pic-pac-poe-ios-native-parity/ios/Packages/PicPacKit/Sources/PicPacAI/ExpectiminimaxAgent.swift (in target 'PicPacAI' from project 'PicPacKit')
    cd /Users/bavabangaru/Developer/pic-pac-poe-ios-native-parity/ios/PicPacPoe.xcodeproj
    

SwiftDriverJobDiscovery normal x86_64 Compiling AIContracts.swift (in target 'PicPacAI' from project 'PicPacKit')

SwiftCompile normal x86_64 Compiling\ ReferenceExpectiminimax.swift /Users/bavabangaru/Developer/pic-pac-poe-ios-native-parity/ios/Packages/PicPacKit/Sources/PicPacAI/ReferenceExpectiminimax.swift (in target 'PicPacAI' from project 'PicPacKit')

SwiftCompile normal x86_64 /Users/bavabangaru/Developer/pic-pac-poe-ios-native-parity/ios/Packages/PicPacKit/Sources/PicPacAI/ReferenceExpectiminimax.swift (in target 'PicPacAI' from project 'PicPacKit')
    cd /Users/bavabangaru/Developer/pic-pac-poe-ios-native-parity/ios/PicPacPoe.xcodeproj
    

SwiftDriverJobDiscovery normal arm64 Compiling GameCoordinator.swift (in target 'PicPacPresentation' from project 'PicPacKit')

SwiftCompile normal arm64 Compiling\ FastAgents.swift /Users/bavabangaru/Developer/pic-pac-poe-ios-native-parity/ios/Packages/PicPacKit/Sources/PicPacAI/FastAgents.swift (in target 'PicPacAI' from project 'PicPacKit')

SwiftCompile normal arm64 /Users/bavabangaru/Developer/pic-pac-poe-ios-native-parity/ios/Packages/PicPacKit/Sources/PicPacAI/FastAgents.swift (in target 'PicPacAI' from project 'PicPacKit')
    cd /Users/bavabangaru/Developer/pic-pac-poe-ios-native-parity/ios/PicPacPoe.xcodeproj
    

SwiftDriverJobDiscovery normal arm64 Compiling PresentationModels.swift (in target 'PicPacPresentation' from project 'PicPacKit')

SwiftDriver\ Compilation PicPacPresentation normal arm64 com.apple.xcode.tools.swift.compiler (in target 'PicPacPresentation' from project 'PicPacKit')
    cd /Users/bavabangaru/Developer/pic-pac-poe-ios-native-parity/ios/PicPacPoe.xcodeproj
    builtin-Swift-Compilation -- /Applications/Xcode.app/Contents/Developer/Toolchains/XcodeDefault.xctoolchain/usr/bin/swiftc -module-name PicPacPresentation -Onone @/var/folders/fh/vt8wk6pn5dgd_tv982c123440000gp/T/picpac-snapshots-4bd21p79/build/Build/Intermediates.noindex/PicPacKit.build/Debug-iphonesimulator/PicPacPresentation.build/Objects-normal/arm64/PicPacPresentation.SwiftFileList -DSWIFT_PACKAGE -DDEBUG -DSWIFT_MODULE_RESOURCE_BUNDLE_UNAVAILABLE -DXcode -plugin-path /Applications/Xcode.app/Contents/Developer/Toolchains/XcodeDefault.xctoolchain/usr/lib/swift/host/plugins/testing -enable-experimental-feature DebugDescriptionMacro -sdk /Applications/Xcode.app/Contents/Developer/Platforms/iPhoneSimulator.platform/Developer/SDKs/iPhoneSimulator26.5.sdk -target arm64-apple-ios17.0-simulator -g -module-cache-path /var/folders/fh/vt8wk6pn5dgd_tv982c123440000gp/T/picpac-snapshots-4bd21p79/build/ModuleCache.noindex -Xfrontend -serialize-debugging-options -profile-coverage-mapping -profile-generate -enable-testing -suppress-warnings -index-store-path /var/folders/fh/vt8wk6pn5dgd_tv982c123440000gp/T/picpac-snapshots-4bd21p79/build/Index.noindex/DataStore -Xcc -D_LIBCPP_HARDENING_MODE\=_LIBCPP_HARDENING_MODE_DEBUG -swift-version 6 -I /var/folders/fh/vt8wk6pn5dgd_tv982c123440000gp/T/picpac-snapshots-4bd21p79/build/Build/Products/Debug-iphonesimulator -Isystem /Applications/Xcode.app/Contents/Developer/Platforms/iPhoneSimulator.platform/Developer/usr/lib -F /var/folders/fh/vt8wk6pn5dgd_tv982c123440000gp/T/picpac-snapshots-4bd21p79/build/Build/Products/Debug-iphonesimulator/PackageFrameworks -F /var/folders/fh/vt8wk6pn5dgd_tv982c123440000gp/T/picpac-snapshots-4bd21p79/build/Build/Products/Debug-iphonesimulator -F /Applications/Xcode.app/Contents/Developer/Platforms/iPhoneSimulator.platform/Developer/Library/Frameworks -F /Applications/Xcode.app/Contents/Developer/Platforms/iPhoneSimulator.platform/Developer/SDKs/iPhoneSimulator26.5.sdk/Developer/Library/Frameworks -c -j12 -enable-batch-mode -incremental -Xcc -ivfsstatcache -Xcc /var/folders/fh/vt8wk6pn5dgd_tv982c123440000gp/T/picpac-snapshots-4bd21p79/build/SDKStatCaches.noindex/iphonesimulator26.5-23F81a-6cfe768891a92b912361537c460fe42b.sdkstatcache -output-file-map /var/folders/fh/vt8wk6pn5dgd_tv982c123440000gp/T/picpac-snapshots-4bd21p79/build/Build/Intermediates.noindex/PicPacKit.build/Debug-iphonesimulator/PicPacPresentation.build/Objects-normal/arm64/PicPacPresentation-OutputFileMap.json -use-frontend-parseable-output -save-temps -no-color-diagnostics -explicit-module-build -module-cache-path /var/folders/fh/vt8wk6pn5dgd_tv982c123440000gp/T/picpac-snapshots-4bd21p79/build/Build/Intermediates.noindex/SwiftExplicitPrecompiledModules -clang-scanner-module-cache-path /var/folders/fh/vt8wk6pn5dgd_tv982c123440000gp/T/picpac-snapshots-4bd21p79/build/ModuleCache.noindex -sdk-module-cache-path /var/folders/fh/vt8wk6pn5dgd_tv982c123440000gp/T/picpac-snapshots-4bd21p79/build/ModuleCache.noindex -serialize-diagnostics -emit-dependencies -emit-module -emit-module-path /var/folders/fh/vt8wk6pn5dgd_tv982c123440000gp/T/picpac-snapshots-4bd21p79/build/Build/Intermediates.noindex/PicPacKit.build/Debug-iphonesimulator/PicPacPresentation.build/Objects-normal/arm64/PicPacPresentation.swiftmodule -validate-clang-modules-once -clang-build-session-file /var/folders/fh/vt8wk6pn5dgd_tv982c123440000gp/T/picpac-snapshots-4bd21p79/build/ModuleCache.noindex/Session.modulevalidation -package-name picpackit -Xcc -I/var/folders/fh/vt8wk6pn5dgd_tv982c123440000gp/T/picpac-snapshots-4bd21p79/build/Build/Intermediates.noindex/PicPacKit.build/Debug-iphonesimulator/PicPacPresentation.build/swift-overrides.hmap -emit-const-values -Xfrontend -const-gather-protocols-file -Xfrontend /var/folders/fh/vt8wk6pn5dgd_tv982c123440000gp/T/picpac-snapshots-4bd21p79/build/Build/Intermediates.noindex/PicPacKit.build/Debug-iphonesimulator/PicPacPresentation.build/Objects-normal/arm64/PicPacPresentation_const_extract_protocols.json -Xcc -I/var/folders/fh/vt8wk6pn5dgd_tv982c123440000gp/T/picpac-snapshots-4bd21p79/build/Build/Products/Debug-iphonesimulator/include -Xcc -I/var/folders/fh/vt8wk6pn5dgd_tv982c123440000gp/T/picpac-snapshots-4bd21p79/build/Build/Intermediates.noindex/PicPacKit.build/Debug-iphonesimulator/PicPacPresentation.build/DerivedSources-normal/arm64 -Xcc -I/var/folders/fh/vt8wk6pn5dgd_tv982c123440000gp/T/picpac-snapshots-4bd21p79/build/Build/Intermediates.noindex/PicPacKit.build/Debug-iphonesimulator/PicPacPresentation.build/DerivedSources/arm64 -Xcc -I/var/folders/fh/vt8wk6pn5dgd_tv982c123440000gp/T/picpac-snapshots-4bd21p79/build/Build/Intermediates.noindex/PicPacKit.build/Debug-iphonesimulator/PicPacPresentation.build/DerivedSources -Xcc -DSWIFT_PACKAGE -Xcc -DDEBUG\=1 -emit-objc-header -emit-objc-header-path /var/folders/fh/vt8wk6pn5dgd_tv982c123440000gp/T/picpac-snapshots-4bd21p79/build/Build/Intermediates.noindex/PicPacKit.build/Debug-iphonesimulator/PicPacPresentation.build/Objects-normal/arm64/PicPacPresentation-Swift.h -working-directory /Users/bavabangaru/Developer/pic-pac-poe-ios-native-parity/ios/PicPacPoe.xcodeproj -experimental-emit-module-separately -disable-cmo

SwiftDriverJobDiscovery normal arm64 Compiling ProductionAIEngine.swift (in target 'PicPacAI' from project 'PicPacKit')

SwiftCompile normal arm64 Compiling\ AIContracts.swift /Users/bavabangaru/Developer/pic-pac-poe-ios-native-parity/ios/Packages/PicPacKit/Sources/PicPacAI/AIContracts.swift (in target 'PicPacAI' from project 'PicPacKit')

SwiftCompile normal arm64 /Users/bavabangaru/Developer/pic-pac-poe-ios-native-parity/ios/Packages/PicPacKit/Sources/PicPacAI/AIContracts.swift (in target 'PicPacAI' from project 'PicPacKit')
    cd /Users/bavabangaru/Developer/pic-pac-poe-ios-native-parity/ios/PicPacPoe.xcodeproj
    

SwiftCompile normal arm64 Compiling\ PositionEvaluator.swift /Users/bavabangaru/Developer/pic-pac-poe-ios-native-parity/ios/Packages/PicPacKit/Sources/PicPacAI/PositionEvaluator.swift (in target 'PicPacAI' from project 'PicPacKit')

SwiftCompile normal arm64 /Users/bavabangaru/Developer/pic-pac-poe-ios-native-parity/ios/Packages/PicPacKit/Sources/PicPacAI/PositionEvaluator.swift (in target 'PicPacAI' from project 'PicPacKit')
    cd /Users/bavabangaru/Developer/pic-pac-poe-ios-native-parity/ios/PicPacPoe.xcodeproj
    

SwiftDriverJobDiscovery normal x86_64 Compiling PresentationModels.swift (in target 'PicPacPresentation' from project 'PicPacKit')

SwiftCompile normal arm64 Compiling\ ExpectiminimaxAgent.swift /Users/bavabangaru/Developer/pic-pac-poe-ios-native-parity/ios/Packages/PicPacKit/Sources/PicPacAI/ExpectiminimaxAgent.swift (in target 'PicPacAI' from project 'PicPacKit')

SwiftCompile normal arm64 /Users/bavabangaru/Developer/pic-pac-poe-ios-native-parity/ios/Packages/PicPacKit/Sources/PicPacAI/ExpectiminimaxAgent.swift (in target 'PicPacAI' from project 'PicPacKit')
    cd /Users/bavabangaru/Developer/pic-pac-poe-ios-native-parity/ios/PicPacPoe.xcodeproj
    

SwiftDriverJobDiscovery normal x86_64 Compiling ProductionAIEngine.swift (in target 'PicPacAI' from project 'PicPacKit')

SwiftDriverJobDiscovery normal arm64 Compiling resource_bundle_accessor.swift (in target 'PicPacAI' from project 'PicPacKit')

ExtractAppIntentsMetadata (in target 'PicPacCore' from project 'PicPacKit')
    cd /Users/bavabangaru/Developer/pic-pac-poe-ios-native-parity/ios/Packages/PicPacKit
    /Applications/Xcode.app/Contents/Developer/Toolchains/XcodeDefault.xctoolchain/usr/bin/appintentsmetadataprocessor --toolchain-dir /Applications/Xcode.app/Contents/Developer/Toolchains/XcodeDefault.xctoolchain --module-name PicPacCore --sdk-root /Applications/Xcode.app/Contents/Developer/Platforms/iPhoneSimulator.platform/Developer/SDKs/iPhoneSimulator26.5.sdk --xcode-version 17F113 --platform-family iOS --deployment-target 17.0 --bundle-identifier picpackit.PicPacCore --output /var/folders/fh/vt8wk6pn5dgd_tv982c123440000gp/T/picpac-snapshots-4bd21p79/build/Build/Products/Debug-iphonesimulator/PicPacCore.appintents --target-triple arm64-apple-ios17.0-simulator --target-triple x86_64-apple-ios17.0-simulator --binary-file /var/folders/fh/vt8wk6pn5dgd_tv982c123440000gp/T/picpac-snapshots-4bd21p79/build/Build/Products/Debug-iphonesimulator/PicPacCore.o --dependency-file /var/folders/fh/vt8wk6pn5dgd_tv982c123440000gp/T/picpac-snapshots-4bd21p79/build/Build/Intermediates.noindex/PicPacKit.build/Debug-iphonesimulator/PicPacCore.build/Objects-normal/arm64/PicPacCore_dependency_info.dat --dependency-file /var/folders/fh/vt8wk6pn5dgd_tv982c123440000gp/T/picpac-snapshots-4bd21p79/build/Build/Intermediates.noindex/PicPacKit.build/Debug-iphonesimulator/PicPacCore.build/Objects-normal/x86_64/PicPacCore_dependency_info.dat --stringsdata-file /var/folders/fh/vt8wk6pn5dgd_tv982c123440000gp/T/picpac-snapshots-4bd21p79/build/Build/Intermediates.noindex/PicPacKit.build/Debug-iphonesimulator/PicPacCore.build/Objects-normal/arm64/ExtractedAppShortcutsMetadata.stringsdata --stringsdata-file /var/folders/fh/vt8wk6pn5dgd_tv982c123440000gp/T/picpac-snapshots-4bd21p79/build/Build/Intermediates.noindex/PicPacKit.build/Debug-iphonesimulator/PicPacCore.build/Objects-normal/x86_64/ExtractedAppShortcutsMetadata.stringsdata --source-file-list /var/folders/fh/vt8wk6pn5dgd_tv982c123440000gp/T/picpac-snapshots-4bd21p79/build/Build/Intermediates.noindex/PicPacKit.build/Debug-iphonesimulator/PicPacCore.build/Objects-normal/arm64/PicPacCore.SwiftFileList --source-file-list /var/folders/fh/vt8wk6pn5dgd_tv982c123440000gp/T/picpac-snapshots-4bd21p79/build/Build/Intermediates.noindex/PicPacKit.build/Debug-iphonesimulator/PicPacCore.build/Objects-normal/x86_64/PicPacCore.SwiftFileList --metadata-file-list /var/folders/fh/vt8wk6pn5dgd_tv982c123440000gp/T/picpac-snapshots-4bd21p79/build/Build/Intermediates.noindex/PicPacKit.build/Debug-iphonesimulator/PicPacCore.build/PicPacCore.DependencyMetadataFileList --static-metadata-file-list /var/folders/fh/vt8wk6pn5dgd_tv982c123440000gp/T/picpac-snapshots-4bd21p79/build/Build/Intermediates.noindex/PicPacKit.build/Debug-iphonesimulator/PicPacCore.build/PicPacCore.DependencyStaticMetadataFileList --swift-const-vals-list /var/folders/fh/vt8wk6pn5dgd_tv982c123440000gp/T/picpac-snapshots-4bd21p79/build/Build/Intermediates.noindex/PicPacKit.build/Debug-iphonesimulator/PicPacCore.build/Objects-normal/arm64/PicPacCore.SwiftConstValuesFileList --swift-const-vals-list /var/folders/fh/vt8wk6pn5dgd_tv982c123440000gp/T/picpac-snapshots-4bd21p79/build/Build/Intermediates.noindex/PicPacKit.build/Debug-iphonesimulator/PicPacCore.build/Objects-normal/x86_64/PicPacCore.SwiftConstValuesFileList --force --compile-time-extraction --deployment-aware-processing --validate-assistant-intents --no-app-shortcuts-localization
2026-09-25 06:28:20.208 appintentsmetadataprocessor[7940:116037389] Starting appintentsmetadataprocessor export
2026-09-25 06:28:20.263 appintentsmetadataprocessor[7940:116037389] Extracted no relevant App Intents symbols, skipping writing output

SwiftDriverJobDiscovery normal x86_64 Compiling SearchModel.swift (in target 'PicPacAI' from project 'PicPacKit')

MkDir /var/folders/fh/vt8wk6pn5dgd_tv982c123440000gp/T/picpac-snapshots-4bd21p79/build/Build/Intermediates.noindex/PicPacPoe.build/Debug-iphonesimulator/PicPacPoe.build/assetcatalog_output/unthinned (in target 'PicPacPoe' from project 'PicPacPoe')
    cd /Users/bavabangaru/Developer/pic-pac-poe-ios-native-parity/ios
    /bin/mkdir -p /var/folders/fh/vt8wk6pn5dgd_tv982c123440000gp/T/picpac-snapshots-4bd21p79/build/Build/Intermediates.noindex/PicPacPoe.build/Debug-iphonesimulator/PicPacPoe.build/assetcatalog_output/unthinned

MkDir /var/folders/fh/vt8wk6pn5dgd_tv982c123440000gp/T/picpac-snapshots-4bd21p79/build/Build/Intermediates.noindex/PicPacPoe.build/Debug-iphonesimulator/PicPacPoe.build/assetcatalog_output/thinned (in target 'PicPacPoe' from project 'PicPacPoe')
    cd /Users/bavabangaru/Developer/pic-pac-poe-ios-native-parity/ios
    /bin/mkdir -p /var/folders/fh/vt8wk6pn5dgd_tv982c123440000gp/T/picpac-snapshots-4bd21p79/build/Build/Intermediates.noindex/PicPacPoe.build/Debug-iphonesimulator/PicPacPoe.build/assetcatalog_output/thinned

GenerateAssetSymbols /Users/bavabangaru/Developer/pic-pac-poe-ios-native-parity/ios/PicPacPoe/Assets.xcassets (in target 'PicPacPoe' from project 'PicPacPoe')
    cd /Users/bavabangaru/Developer/pic-pac-poe-ios-native-parity/ios
    /Applications/Xcode.app/Contents/Developer/usr/bin/actool /Users/bavabangaru/Developer/pic-pac-poe-ios-native-parity/ios/PicPacPoe/Assets.xcassets --compile /var/folders/fh/vt8wk6pn5dgd_tv982c123440000gp/T/picpac-snapshots-4bd21p79/build/Build/Products/Debug-iphonesimulator/PicPacPoe.app --output-format human-readable-text --notices --warnings --export-dependency-info /var/folders/fh/vt8wk6pn5dgd_tv982c123440000gp/T/picpac-snapshots-4bd21p79/build/Build/Intermediates.noindex/PicPacPoe.build/Debug-iphonesimulator/PicPacPoe.build/assetcatalog_dependencies --output-partial-info-plist /var/folders/fh/vt8wk6pn5dgd_tv982c123440000gp/T/picpac-snapshots-4bd21p79/build/Build/Intermediates.noindex/PicPacPoe.build/Debug-iphonesimulator/PicPacPoe.build/assetcatalog_generated_info.plist --app-icon AppIcon --compress-pngs --enable-on-demand-resources YES --development-region en --target-device iphone --target-device ipad --minimum-deployment-target 17.0 --platform iphonesimulator --bundle-identifier dev.saipranith.picpacpoe --generate-swift-asset-symbol-extensions NO --generate-swift-asset-symbols /var/folders/fh/vt8wk6pn5dgd_tv982c123440000gp/T/picpac-snapshots-4bd21p79/build/Build/Intermediates.noindex/PicPacPoe.build/Debug-iphonesimulator/PicPacPoe.build/DerivedSources/GeneratedAssetSymbols.swift --generate-objc-asset-symbols /var/folders/fh/vt8wk6pn5dgd_tv982c123440000gp/T/picpac-snapshots-4bd21p79/build/Build/Intermediates.noindex/PicPacPoe.build/Debug-iphonesimulator/PicPacPoe.build/DerivedSources/GeneratedAssetSymbols.h --generate-asset-symbol-index /var/folders/fh/vt8wk6pn5dgd_tv982c123440000gp/T/picpac-snapshots-4bd21p79/build/Build/Intermediates.noindex/PicPacPoe.build/Debug-iphonesimulator/PicPacPoe.build/DerivedSources/GeneratedAssetSymbols-Index.plist
/* com.apple.actool.compilation-results */
/var/folders/fh/vt8wk6pn5dgd_tv982c123440000gp/T/picpac-snapshots-4bd21p79/build/Build/Intermediates.noindex/PicPacPoe.build/Debug-iphonesimulator/PicPacPoe.build/DerivedSources/GeneratedAssetSymbols-Index.plist
/var/folders/fh/vt8wk6pn5dgd_tv982c123440000gp/T/picpac-snapshots-4bd21p79/build/Build/Intermediates.noindex/PicPacPoe.build/Debug-iphonesimulator/PicPacPoe.build/DerivedSources/GeneratedAssetSymbols.h
/var/folders/fh/vt8wk6pn5dgd_tv982c123440000gp/T/picpac-snapshots-4bd21p79/build/Build/Intermediates.noindex/PicPacPoe.build/Debug-iphonesimulator/PicPacPoe.build/DerivedSources/GeneratedAssetSymbols.swift


CompileAssetCatalogVariant thinned /var/folders/fh/vt8wk6pn5dgd_tv982c123440000gp/T/picpac-snapshots-4bd21p79/build/Build/Products/Debug-iphonesimulator/PicPacPoe.app /Users/bavabangaru/Developer/pic-pac-poe-ios-native-parity/ios/PicPacPoe/Assets.xcassets (in target 'PicPacPoe' from project 'PicPacPoe')
    cd /Users/bavabangaru/Developer/pic-pac-poe-ios-native-parity/ios
    /Applications/Xcode.app/Contents/Developer/usr/bin/actool /Users/bavabangaru/Developer/pic-pac-poe-ios-native-parity/ios/PicPacPoe/Assets.xcassets --compile /var/folders/fh/vt8wk6pn5dgd_tv982c123440000gp/T/picpac-snapshots-4bd21p79/build/Build/Intermediates.noindex/PicPacPoe.build/Debug-iphonesimulator/PicPacPoe.build/assetcatalog_output/thinned --output-format human-readable-text --notices --warnings --export-dependency-info /var/folders/fh/vt8wk6pn5dgd_tv982c123440000gp/T/picpac-snapshots-4bd21p79/build/Build/Intermediates.noindex/PicPacPoe.build/Debug-iphonesimulator/PicPacPoe.build/assetcatalog_dependencies_thinned --output-partial-info-plist /var/folders/fh/vt8wk6pn5dgd_tv982c123440000gp/T/picpac-snapshots-4bd21p79/build/Build/Intermediates.noindex/PicPacPoe.build/Debug-iphonesimulator/PicPacPoe.build/assetcatalog_generated_info.plist_thinned --app-icon AppIcon --compress-pngs --enable-on-demand-resources YES --development-region en --target-device iphone --target-device ipad --minimum-deployment-target 17.0 --platform iphonesimulator
/* com.apple.actool.compilation-results */
/var/folders/fh/vt8wk6pn5dgd_tv982c123440000gp/T/picpac-snapshots-4bd21p79/build/Build/Intermediates.noindex/PicPacPoe.build/Debug-iphonesimulator/PicPacPoe.build/assetcatalog_generated_info.plist_thinned
/var/folders/fh/vt8wk6pn5dgd_tv982c123440000gp/T/picpac-snapshots-4bd21p79/build/Build/Intermediates.noindex/PicPacPoe.build/Debug-iphonesimulator/PicPacPoe.build/assetcatalog_output/thinned/AppIcon60x60@2x.png
/var/folders/fh/vt8wk6pn5dgd_tv982c123440000gp/T/picpac-snapshots-4bd21p79/build/Build/Intermediates.noindex/PicPacPoe.build/Debug-iphonesimulator/PicPacPoe.build/assetcatalog_output/thinned/AppIcon76x76@2x~ipad.png
/var/folders/fh/vt8wk6pn5dgd_tv982c123440000gp/T/picpac-snapshots-4bd21p79/build/Build/Intermediates.noindex/PicPacPoe.build/Debug-iphonesimulator/PicPacPoe.build/assetcatalog_output/thinned/Assets.car


SwiftDriverJobDiscovery normal arm64 Compiling SearchModel.swift (in target 'PicPacAI' from project 'PicPacKit')

SwiftDriver PicPacPoe normal x86_64 com.apple.xcode.tools.swift.compiler (in target 'PicPacPoe' from project 'PicPacPoe')
    cd /Users/bavabangaru/Developer/pic-pac-poe-ios-native-parity/ios
    builtin-SwiftDriver -- /Applications/Xcode.app/Contents/Developer/Toolchains/XcodeDefault.xctoolchain/usr/bin/swiftc -module-name PicPacPoe -Onone @/var/folders/fh/vt8wk6pn5dgd_tv982c123440000gp/T/picpac-snapshots-4bd21p79/build/Build/Intermediates.noindex/PicPacPoe.build/Debug-iphonesimulator/PicPacPoe.build/Objects-normal/x86_64/PicPacPoe.SwiftFileList -DDEBUG -enable-experimental-feature DebugDescriptionMacro -sdk /Applications/Xcode.app/Contents/Developer/Platforms/iPhoneSimulator.platform/Developer/SDKs/iPhoneSimulator26.5.sdk -target x86_64-apple-ios17.0-simulator -g -module-cache-path /var/folders/fh/vt8wk6pn5dgd_tv982c123440000gp/T/picpac-snapshots-4bd21p79/build/ModuleCache.noindex -Xfrontend -serialize-debugging-options -profile-coverage-mapping -profile-generate -enable-testing -index-store-path /var/folders/fh/vt8wk6pn5dgd_tv982c123440000gp/T/picpac-snapshots-4bd21p79/build/Index.noindex/DataStore -Xcc -D_LIBCPP_HARDENING_MODE\=_LIBCPP_HARDENING_MODE_DEBUG -swift-version 6 -I /var/folders/fh/vt8wk6pn5dgd_tv982c123440000gp/T/picpac-snapshots-4bd21p79/build/Build/Products/Debug-iphonesimulator -F /var/folders/fh/vt8wk6pn5dgd_tv982c123440000gp/T/picpac-snapshots-4bd21p79/build/Build/Products/Debug-iphonesimulator/PackageFrameworks -F /var/folders/fh/vt8wk6pn5dgd_tv982c123440000gp/T/picpac-snapshots-4bd21p79/build/Build/Products/Debug-iphonesimulator/PackageFrameworks -F /var/folders/fh/vt8wk6pn5dgd_tv982c123440000gp/T/picpac-snapshots-4bd21p79/build/Build/Products/Debug-iphonesimulator/PackageFrameworks -F /var/folders/fh/vt8wk6pn5dgd_tv982c123440000gp/T/picpac-snapshots-4bd21p79/build/Build/Products/Debug-iphonesimulator -emit-localized-strings -emit-localized-strings-path /var/folders/fh/vt8wk6pn5dgd_tv982c123440000gp/T/picpac-snapshots-4bd21p79/build/Build/Intermediates.noindex/PicPacPoe.build/Debug-iphonesimulator/PicPacPoe.build/Objects-normal/x86_64 -c -j12 -enable-batch-mode -incremental -Xcc -ivfsstatcache -Xcc /var/folders/fh/vt8wk6pn5dgd_tv982c123440000gp/T/picpac-snapshots-4bd21p79/build/SDKStatCaches.noindex/iphonesimulator26.5-23F81a-6cfe768891a92b912361537c460fe42b.sdkstatcache -output-file-map /var/folders/fh/vt8wk6pn5dgd_tv982c123440000gp/T/picpac-snapshots-4bd21p79/build/Build/Intermediates.noindex/PicPacPoe.build/Debug-iphonesimulator/PicPacPoe.build/Objects-normal/x86_64/PicPacPoe-OutputFileMap.json -use-frontend-parseable-output -save-temps -no-color-diagnostics -explicit-module-build -module-cache-path /var/folders/fh/vt8wk6pn5dgd_tv982c123440000gp/T/picpac-snapshots-4bd21p79/build/Build/Intermediates.noindex/SwiftExplicitPrecompiledModules -clang-scanner-module-cache-path /var/folders/fh/vt8wk6pn5dgd_tv982c123440000gp/T/picpac-snapshots-4bd21p79/build/ModuleCache.noindex -sdk-module-cache-path /var/folders/fh/vt8wk6pn5dgd_tv982c123440000gp/T/picpac-snapshots-4bd21p79/build/ModuleCache.noindex -serialize-diagnostics -emit-dependencies -emit-module -emit-module-path /var/folders/fh/vt8wk6pn5dgd_tv982c123440000gp/T/picpac-snapshots-4bd21p79/build/Build/Intermediates.noindex/PicPacPoe.build/Debug-iphonesimulator/PicPacPoe.build/Objects-normal/x86_64/PicPacPoe.swiftmodule -validate-clang-modules-once -clang-build-session-file /var/folders/fh/vt8wk6pn5dgd_tv982c123440000gp/T/picpac-snapshots-4bd21p79/build/ModuleCache.noindex/Session.modulevalidation -Xcc -I/var/folders/fh/vt8wk6pn5dgd_tv982c123440000gp/T/picpac-snapshots-4bd21p79/build/Build/Intermediates.noindex/PicPacPoe.build/Debug-iphonesimulator/PicPacPoe.build/swift-overrides.hmap -emit-const-values -Xfrontend -const-gather-protocols-file -Xfrontend /var/folders/fh/vt8wk6pn5dgd_tv982c123440000gp/T/picpac-snapshots-4bd21p79/build/Build/Intermediates.noindex/PicPacPoe.build/Debug-iphonesimulator/PicPacPoe.build/Objects-normal/x86_64/PicPacPoe_const_extract_protocols.json -Xcc -iquote -Xcc /var/folders/fh/vt8wk6pn5dgd_tv982c123440000gp/T/picpac-snapshots-4bd21p79/build/Build/Intermediates.noindex/PicPacPoe.build/Debug-iphonesimulator/PicPacPoe.build/PicPacPoe-generated-files.hmap -Xcc -I/var/folders/fh/vt8wk6pn5dgd_tv982c123440000gp/T/picpac-snapshots-4bd21p79/build/Build/Intermediates.noindex/PicPacPoe.build/Debug-iphonesimulator/PicPacPoe.build/PicPacPoe-own-target-headers.hmap -Xcc -I/var/folders/fh/vt8wk6pn5dgd_tv982c123440000gp/T/picpac-snapshots-4bd21p79/build/Build/Intermediates.noindex/PicPacPoe.build/Debug-iphonesimulator/PicPacPoe.build/PicPacPoe-all-non-framework-target-headers.hmap -Xcc -ivfsoverlay -Xcc /var/folders/fh/vt8wk6pn5dgd_tv982c123440000gp/T/picpac-snapshots-4bd21p79/build/Build/Intermediates.noindex/PicPacPoe.build/Debug-iphonesimulator/PicPacPoe-90eff2f9d9e8600d7e53134acd1cb833-VFS-iphonesimulator/all-product-headers.yaml -Xcc -iquote -Xcc /var/folders/fh/vt8wk6pn5dgd_tv982c123440000gp/T/picpac-snapshots-4bd21p79/build/Build/Intermediates.noindex/PicPacPoe.build/Debug-iphonesimulator/PicPacPoe.build/PicPacPoe-project-headers.hmap -Xcc -I/var/folders/fh/vt8wk6pn5dgd_tv982c123440000gp/T/picpac-snapshots-4bd21p79/build/Build/Products/Debug-iphonesimulator/include -Xcc -I/var/folders/fh/vt8wk6pn5dgd_tv982c123440000gp/T/picpac-snapshots-4bd21p79/build/Build/Intermediates.noindex/PicPacPoe.build/Debug-iphonesimulator/PicPacPoe.build/DerivedSources-normal/x86_64 -Xcc -I/var/folders/fh/vt8wk6pn5dgd_tv982c123440000gp/T/picpac-snapshots-4bd21p79/build/Build/Intermediates.noindex/PicPacPoe.build/Debug-iphonesimulator/PicPacPoe.build/DerivedSources/x86_64 -Xcc -I/var/folders/fh/vt8wk6pn5dgd_tv982c123440000gp/T/picpac-snapshots-4bd21p79/build/Build/Intermediates.noindex/PicPacPoe.build/Debug-iphonesimulator/PicPacPoe.build/DerivedSources -emit-objc-header -emit-objc-header-path /var/folders/fh/vt8wk6pn5dgd_tv982c123440000gp/T/picpac-snapshots-4bd21p79/build/Build/Intermediates.noindex/PicPacPoe.build/Debug-iphonesimulator/PicPacPoe.build/Objects-normal/x86_64/PicPacPoe-Swift.h -working-directory /Users/bavabangaru/Developer/pic-pac-poe-ios-native-parity/ios -experimental-emit-module-separately -disable-cmo

SwiftDriver PicPacPoe normal arm64 com.apple.xcode.tools.swift.compiler (in target 'PicPacPoe' from project 'PicPacPoe')
    cd /Users/bavabangaru/Developer/pic-pac-poe-ios-native-parity/ios
    builtin-SwiftDriver -- /Applications/Xcode.app/Contents/Developer/Toolchains/XcodeDefault.xctoolchain/usr/bin/swiftc -module-name PicPacPoe -Onone @/var/folders/fh/vt8wk6pn5dgd_tv982c123440000gp/T/picpac-snapshots-4bd21p79/build/Build/Intermediates.noindex/PicPacPoe.build/Debug-iphonesimulator/PicPacPoe.build/Objects-normal/arm64/PicPacPoe.SwiftFileList -DDEBUG -enable-experimental-feature DebugDescriptionMacro -sdk /Applications/Xcode.app/Contents/Developer/Platforms/iPhoneSimulator.platform/Developer/SDKs/iPhoneSimulator26.5.sdk -target arm64-apple-ios17.0-simulator -g -module-cache-path /var/folders/fh/vt8wk6pn5dgd_tv982c123440000gp/T/picpac-snapshots-4bd21p79/build/ModuleCache.noindex -Xfrontend -serialize-debugging-options -profile-coverage-mapping -profile-generate -enable-testing -index-store-path /var/folders/fh/vt8wk6pn5dgd_tv982c123440000gp/T/picpac-snapshots-4bd21p79/build/Index.noindex/DataStore -Xcc -D_LIBCPP_HARDENING_MODE\=_LIBCPP_HARDENING_MODE_DEBUG -swift-version 6 -I /var/folders/fh/vt8wk6pn5dgd_tv982c123440000gp/T/picpac-snapshots-4bd21p79/build/Build/Products/Debug-iphonesimulator -F /var/folders/fh/vt8wk6pn5dgd_tv982c123440000gp/T/picpac-snapshots-4bd21p79/build/Build/Products/Debug-iphonesimulator/PackageFrameworks -F /var/folders/fh/vt8wk6pn5dgd_tv982c123440000gp/T/picpac-snapshots-4bd21p79/build/Build/Products/Debug-iphonesimulator/PackageFrameworks -F /var/folders/fh/vt8wk6pn5dgd_tv982c123440000gp/T/picpac-snapshots-4bd21p79/build/Build/Products/Debug-iphonesimulator/PackageFrameworks -F /var/folders/fh/vt8wk6pn5dgd_tv982c123440000gp/T/picpac-snapshots-4bd21p79/build/Build/Products/Debug-iphonesimulator -emit-localized-strings -emit-localized-strings-path /var/folders/fh/vt8wk6pn5dgd_tv982c123440000gp/T/picpac-snapshots-4bd21p79/build/Build/Intermediates.noindex/PicPacPoe.build/Debug-iphonesimulator/PicPacPoe.build/Objects-normal/arm64 -c -j12 -enable-batch-mode -incremental -Xcc -ivfsstatcache -Xcc /var/folders/fh/vt8wk6pn5dgd_tv982c123440000gp/T/picpac-snapshots-4bd21p79/build/SDKStatCaches.noindex/iphonesimulator26.5-23F81a-6cfe768891a92b912361537c460fe42b.sdkstatcache -output-file-map /var/folders/fh/vt8wk6pn5dgd_tv982c123440000gp/T/picpac-snapshots-4bd21p79/build/Build/Intermediates.noindex/PicPacPoe.build/Debug-iphonesimulator/PicPacPoe.build/Objects-normal/arm64/PicPacPoe-OutputFileMap.json -use-frontend-parseable-output -save-temps -no-color-diagnostics -explicit-module-build -module-cache-path /var/folders/fh/vt8wk6pn5dgd_tv982c123440000gp/T/picpac-snapshots-4bd21p79/build/Build/Intermediates.noindex/SwiftExplicitPrecompiledModules -clang-scanner-module-cache-path /var/folders/fh/vt8wk6pn5dgd_tv982c123440000gp/T/picpac-snapshots-4bd21p79/build/ModuleCache.noindex -sdk-module-cache-path /var/folders/fh/vt8wk6pn5dgd_tv982c123440000gp/T/picpac-snapshots-4bd21p79/build/ModuleCache.noindex -serialize-diagnostics -emit-dependencies -emit-module -emit-module-path /var/folders/fh/vt8wk6pn5dgd_tv982c123440000gp/T/picpac-snapshots-4bd21p79/build/Build/Intermediates.noindex/PicPacPoe.build/Debug-iphonesimulator/PicPacPoe.build/Objects-normal/arm64/PicPacPoe.swiftmodule -validate-clang-modules-once -clang-build-session-file /var/folders/fh/vt8wk6pn5dgd_tv982c123440000gp/T/picpac-snapshots-4bd21p79/build/ModuleCache.noindex/Session.modulevalidation -Xcc -I/var/folders/fh/vt8wk6pn5dgd_tv982c123440000gp/T/picpac-snapshots-4bd21p79/build/Build/Intermediates.noindex/PicPacPoe.build/Debug-iphonesimulator/PicPacPoe.build/swift-overrides.hmap -emit-const-values -Xfrontend -const-gather-protocols-file -Xfrontend /var/folders/fh/vt8wk6pn5dgd_tv982c123440000gp/T/picpac-snapshots-4bd21p79/build/Build/Intermediates.noindex/PicPacPoe.build/Debug-iphonesimulator/PicPacPoe.build/Objects-normal/arm64/PicPacPoe_const_extract_protocols.json -Xcc -iquote -Xcc /var/folders/fh/vt8wk6pn5dgd_tv982c123440000gp/T/picpac-snapshots-4bd21p79/build/Build/Intermediates.noindex/PicPacPoe.build/Debug-iphonesimulator/PicPacPoe.build/PicPacPoe-generated-files.hmap -Xcc -I/var/folders/fh/vt8wk6pn5dgd_tv982c123440000gp/T/picpac-snapshots-4bd21p79/build/Build/Intermediates.noindex/PicPacPoe.build/Debug-iphonesimulator/PicPacPoe.build/PicPacPoe-own-target-headers.hmap -Xcc -I/var/folders/fh/vt8wk6pn5dgd_tv982c123440000gp/T/picpac-snapshots-4bd21p79/build/Build/Intermediates.noindex/PicPacPoe.build/Debug-iphonesimulator/PicPacPoe.build/PicPacPoe-all-non-framework-target-headers.hmap -Xcc -ivfsoverlay -Xcc /var/folders/fh/vt8wk6pn5dgd_tv982c123440000gp/T/picpac-snapshots-4bd21p79/build/Build/Intermediates.noindex/PicPacPoe.build/Debug-iphonesimulator/PicPacPoe-90eff2f9d9e8600d7e53134acd1cb833-VFS-iphonesimulator/all-product-headers.yaml -Xcc -iquote -Xcc /var/folders/fh/vt8wk6pn5dgd_tv982c123440000gp/T/picpac-snapshots-4bd21p79/build/Build/Intermediates.noindex/PicPacPoe.build/Debug-iphonesimulator/PicPacPoe.build/PicPacPoe-project-headers.hmap -Xcc -I/var/folders/fh/vt8wk6pn5dgd_tv982c123440000gp/T/picpac-snapshots-4bd21p79/build/Build/Products/Debug-iphonesimulator/include -Xcc -I/var/folders/fh/vt8wk6pn5dgd_tv982c123440000gp/T/picpac-snapshots-4bd21p79/build/Build/Intermediates.noindex/PicPacPoe.build/Debug-iphonesimulator/PicPacPoe.build/DerivedSources-normal/arm64 -Xcc -I/var/folders/fh/vt8wk6pn5dgd_tv982c123440000gp/T/picpac-snapshots-4bd21p79/build/Build/Intermediates.noindex/PicPacPoe.build/Debug-iphonesimulator/PicPacPoe.build/DerivedSources/arm64 -Xcc -I/var/folders/fh/vt8wk6pn5dgd_tv982c123440000gp/T/picpac-snapshots-4bd21p79/build/Build/Intermediates.noindex/PicPacPoe.build/Debug-iphonesimulator/PicPacPoe.build/DerivedSources -emit-objc-header -emit-objc-header-path /var/folders/fh/vt8wk6pn5dgd_tv982c123440000gp/T/picpac-snapshots-4bd21p79/build/Build/Intermediates.noindex/PicPacPoe.build/Debug-iphonesimulator/PicPacPoe.build/Objects-normal/arm64/PicPacPoe-Swift.h -working-directory /Users/bavabangaru/Developer/pic-pac-poe-ios-native-parity/ios -experimental-emit-module-separately -disable-cmo

SwiftDriverJobDiscovery normal x86_64 Compiling ReferenceExpectiminimax.swift (in target 'PicPacAI' from project 'PicPacKit')

SwiftDriverJobDiscovery normal arm64 Compiling FastAgents.swift (in target 'PicPacAI' from project 'PicPacKit')

RegisterExecutionPolicyException /var/folders/fh/vt8wk6pn5dgd_tv982c123440000gp/T/picpac-snapshots-4bd21p79/build/Build/Products/Debug-iphonesimulator/PicPacCore.o (in target 'PicPacCore' from project 'PicPacKit')
    cd /Users/bavabangaru/Developer/pic-pac-poe-ios-native-parity/ios/Packages/PicPacKit
    builtin-RegisterExecutionPolicyException /var/folders/fh/vt8wk6pn5dgd_tv982c123440000gp/T/picpac-snapshots-4bd21p79/build/Build/Products/Debug-iphonesimulator/PicPacCore.o

Ld /var/folders/fh/vt8wk6pn5dgd_tv982c123440000gp/T/picpac-snapshots-4bd21p79/build/Build/Intermediates.noindex/PicPacKit.build/Debug-iphonesimulator/PicPacPresentation.build/Objects-normal/arm64/Binary/PicPacPresentation.o normal arm64 (in target 'PicPacPresentation' from project 'PicPacKit')
    cd /Users/bavabangaru/Developer/pic-pac-poe-ios-native-parity/ios/Packages/PicPacKit
    /Applications/Xcode.app/Contents/Developer/Toolchains/XcodeDefault.xctoolchain/usr/bin/clang -Xlinker -reproducible -target arm64-apple-ios17.0-simulator -r -isysroot /Applications/Xcode.app/Contents/Developer/Platforms/iPhoneSimulator.platform/Developer/SDKs/iPhoneSimulator26.5.sdk -O0 -w -F/var/folders/fh/vt8wk6pn5dgd_tv982c123440000gp/T/picpac-snapshots-4bd21p79/build/Build/Intermediates.noindex/EagerLinkingTBDs/Debug-iphonesimulator -F/var/folders/fh/vt8wk6pn5dgd_tv982c123440000gp/T/picpac-snapshots-4bd21p79/build/Build/Products/Debug-iphonesimulator/PackageFrameworks -F/var/folders/fh/vt8wk6pn5dgd_tv982c123440000gp/T/picpac-snapshots-4bd21p79/build/Build/Products/Debug-iphonesimulator -iframework /Applications/Xcode.app/Contents/Developer/Platforms/iPhoneSimulator.platform/Developer/Library/Frameworks -iframework /Applications/Xcode.app/Contents/Developer/Platforms/iPhoneSimulator.platform/Developer/SDKs/iPhoneSimulator26.5.sdk/Developer/Library/Frameworks -filelist /var/folders/fh/vt8wk6pn5dgd_tv982c123440000gp/T/picpac-snapshots-4bd21p79/build/Build/Intermediates.noindex/PicPacKit.build/Debug-iphonesimulator/PicPacPresentation.build/Objects-normal/arm64/PicPacPresentation.LinkFileList -nostdlib -Xlinker -object_path_lto -Xlinker /var/folders/fh/vt8wk6pn5dgd_tv982c123440000gp/T/picpac-snapshots-4bd21p79/build/Build/Intermediates.noindex/PicPacKit.build/Debug-iphonesimulator/PicPacPresentation.build/Objects-normal/arm64/PicPacPresentation_lto.o -Xlinker -no_deduplicate -Xlinker -objc_abi_version -Xlinker 2 -Xlinker -debug_variant -Xlinker -dependency_info -Xlinker /var/folders/fh/vt8wk6pn5dgd_tv982c123440000gp/T/picpac-snapshots-4bd21p79/build/Build/Intermediates.noindex/PicPacKit.build/Debug-iphonesimulator/PicPacPresentation.build/Objects-normal/arm64/PicPacPresentation_dependency_info.dat -fobjc-link-runtime -L/Applications/Xcode.app/Contents/Developer/Toolchains/XcodeDefault.xctoolchain/usr/lib/swift/iphonesimulator -L/usr/lib/swift -Xlinker -add_ast_path -Xlinker /var/folders/fh/vt8wk6pn5dgd_tv982c123440000gp/T/picpac-snapshots-4bd21p79/build/Build/Intermediates.noindex/PicPacKit.build/Debug-iphonesimulator/PicPacPresentation.build/Objects-normal/arm64/PicPacPresentation.swiftmodule @/var/folders/fh/vt8wk6pn5dgd_tv982c123440000gp/T/picpac-snapshots-4bd21p79/build/Build/Intermediates.noindex/PicPacKit.build/Debug-iphonesimulator/PicPacPresentation.build/Objects-normal/arm64/PicPacPresentation-linker-args.resp -o /var/folders/fh/vt8wk6pn5dgd_tv982c123440000gp/T/picpac-snapshots-4bd21p79/build/Build/Intermediates.noindex/PicPacKit.build/Debug-iphonesimulator/PicPacPresentation.build/Objects-normal/arm64/Binary/PicPacPresentation.o

SwiftDriverJobDiscovery normal arm64 Compiling PositionEvaluator.swift (in target 'PicPacAI' from project 'PicPacKit')

SwiftDriverJobDiscovery normal arm64 Compiling AIContracts.swift (in target 'PicPacAI' from project 'PicPacKit')

SwiftDriverJobDiscovery normal x86_64 Compiling ExpectiminimaxAgent.swift (in target 'PicPacAI' from project 'PicPacKit')

SwiftDriverJobDiscovery normal x86_64 Compiling GameCoordinator.swift (in target 'PicPacPresentation' from project 'PicPacKit')

SwiftDriver\ Compilation PicPacPresentation normal x86_64 com.apple.xcode.tools.swift.compiler (in target 'PicPacPresentation' from project 'PicPacKit')
    cd /Users/bavabangaru/Developer/pic-pac-poe-ios-native-parity/ios/PicPacPoe.xcodeproj
    builtin-Swift-Compilation -- /Applications/Xcode.app/Contents/Developer/Toolchains/XcodeDefault.xctoolchain/usr/bin/swiftc -module-name PicPacPresentation -Onone @/var/folders/fh/vt8wk6pn5dgd_tv982c123440000gp/T/picpac-snapshots-4bd21p79/build/Build/Intermediates.noindex/PicPacKit.build/Debug-iphonesimulator/PicPacPresentation.build/Objects-normal/x86_64/PicPacPresentation.SwiftFileList -DSWIFT_PACKAGE -DDEBUG -DSWIFT_MODULE_RESOURCE_BUNDLE_UNAVAILABLE -DXcode -plugin-path /Applications/Xcode.app/Contents/Developer/Toolchains/XcodeDefault.xctoolchain/usr/lib/swift/host/plugins/testing -enable-experimental-feature DebugDescriptionMacro -sdk /Applications/Xcode.app/Contents/Developer/Platforms/iPhoneSimulator.platform/Developer/SDKs/iPhoneSimulator26.5.sdk -target x86_64-apple-ios17.0-simulator -g -module-cache-path /var/folders/fh/vt8wk6pn5dgd_tv982c123440000gp/T/picpac-snapshots-4bd21p79/build/ModuleCache.noindex -Xfrontend -serialize-debugging-options -profile-coverage-mapping -profile-generate -enable-testing -suppress-warnings -index-store-path /var/folders/fh/vt8wk6pn5dgd_tv982c123440000gp/T/picpac-snapshots-4bd21p79/build/Index.noindex/DataStore -Xcc -D_LIBCPP_HARDENING_MODE\=_LIBCPP_HARDENING_MODE_DEBUG -swift-version 6 -I /var/folders/fh/vt8wk6pn5dgd_tv982c123440000gp/T/picpac-snapshots-4bd21p79/build/Build/Products/Debug-iphonesimulator -Isystem /Applications/Xcode.app/Contents/Developer/Platforms/iPhoneSimulator.platform/Developer/usr/lib -F /var/folders/fh/vt8wk6pn5dgd_tv982c123440000gp/T/picpac-snapshots-4bd21p79/build/Build/Products/Debug-iphonesimulator/PackageFrameworks -F /var/folders/fh/vt8wk6pn5dgd_tv982c123440000gp/T/picpac-snapshots-4bd21p79/build/Build/Products/Debug-iphonesimulator -F /Applications/Xcode.app/Contents/Developer/Platforms/iPhoneSimulator.platform/Developer/Library/Frameworks -F /Applications/Xcode.app/Contents/Developer/Platforms/iPhoneSimulator.platform/Developer/SDKs/iPhoneSimulator26.5.sdk/Developer/Library/Frameworks -c -j12 -enable-batch-mode -incremental -Xcc -ivfsstatcache -Xcc /var/folders/fh/vt8wk6pn5dgd_tv982c123440000gp/T/picpac-snapshots-4bd21p79/build/SDKStatCaches.noindex/iphonesimulator26.5-23F81a-6cfe768891a92b912361537c460fe42b.sdkstatcache -output-file-map /var/folders/fh/vt8wk6pn5dgd_tv982c123440000gp/T/picpac-snapshots-4bd21p79/build/Build/Intermediates.noindex/PicPacKit.build/Debug-iphonesimulator/PicPacPresentation.build/Objects-normal/x86_64/PicPacPresentation-OutputFileMap.json -use-frontend-parseable-output -save-temps -no-color-diagnostics -explicit-module-build -module-cache-path /var/folders/fh/vt8wk6pn5dgd_tv982c123440000gp/T/picpac-snapshots-4bd21p79/build/Build/Intermediates.noindex/SwiftExplicitPrecompiledModules -clang-scanner-module-cache-path /var/folders/fh/vt8wk6pn5dgd_tv982c123440000gp/T/picpac-snapshots-4bd21p79/build/ModuleCache.noindex -sdk-module-cache-path /var/folders/fh/vt8wk6pn5dgd_tv982c123440000gp/T/picpac-snapshots-4bd21p79/build/ModuleCache.noindex -serialize-diagnostics -emit-dependencies -emit-module -emit-module-path /var/folders/fh/vt8wk6pn5dgd_tv982c123440000gp/T/picpac-snapshots-4bd21p79/build/Build/Intermediates.noindex/PicPacKit.build/Debug-iphonesimulator/PicPacPresentation.build/Objects-normal/x86_64/PicPacPresentation.swiftmodule -validate-clang-modules-once -clang-build-session-file /var/folders/fh/vt8wk6pn5dgd_tv982c123440000gp/T/picpac-snapshots-4bd21p79/build/ModuleCache.noindex/Session.modulevalidation -package-name picpackit -Xcc -I/var/folders/fh/vt8wk6pn5dgd_tv982c123440000gp/T/picpac-snapshots-4bd21p79/build/Build/Intermediates.noindex/PicPacKit.build/Debug-iphonesimulator/PicPacPresentation.build/swift-overrides.hmap -emit-const-values -Xfrontend -const-gather-protocols-file -Xfrontend /var/folders/fh/vt8wk6pn5dgd_tv982c123440000gp/T/picpac-snapshots-4bd21p79/build/Build/Intermediates.noindex/PicPacKit.build/Debug-iphonesimulator/PicPacPresentation.build/Objects-normal/x86_64/PicPacPresentation_const_extract_protocols.json -Xcc -I/var/folders/fh/vt8wk6pn5dgd_tv982c123440000gp/T/picpac-snapshots-4bd21p79/build/Build/Products/Debug-iphonesimulator/include -Xcc -I/var/folders/fh/vt8wk6pn5dgd_tv982c123440000gp/T/picpac-snapshots-4bd21p79/build/Build/Intermediates.noindex/PicPacKit.build/Debug-iphonesimulator/PicPacPresentation.build/DerivedSources-normal/x86_64 -Xcc -I/var/folders/fh/vt8wk6pn5dgd_tv982c123440000gp/T/picpac-snapshots-4bd21p79/build/Build/Intermediates.noindex/PicPacKit.build/Debug-iphonesimulator/PicPacPresentation.build/DerivedSources/x86_64 -Xcc -I/var/folders/fh/vt8wk6pn5dgd_tv982c123440000gp/T/picpac-snapshots-4bd21p79/build/Build/Intermediates.noindex/PicPacKit.build/Debug-iphonesimulator/PicPacPresentation.build/DerivedSources -Xcc -DSWIFT_PACKAGE -Xcc -DDEBUG\=1 -emit-objc-header -emit-objc-header-path /var/folders/fh/vt8wk6pn5dgd_tv982c123440000gp/T/picpac-snapshots-4bd21p79/build/Build/Intermediates.noindex/PicPacKit.build/Debug-iphonesimulator/PicPacPresentation.build/Objects-normal/x86_64/PicPacPresentation-Swift.h -working-directory /Users/bavabangaru/Developer/pic-pac-poe-ios-native-parity/ios/PicPacPoe.xcodeproj -experimental-emit-module-separately -disable-cmo

Ld /var/folders/fh/vt8wk6pn5dgd_tv982c123440000gp/T/picpac-snapshots-4bd21p79/build/Build/Intermediates.noindex/PicPacKit.build/Debug-iphonesimulator/PicPacPresentation.build/Objects-normal/x86_64/Binary/PicPacPresentation.o normal x86_64 (in target 'PicPacPresentation' from project 'PicPacKit')
    cd /Users/bavabangaru/Developer/pic-pac-poe-ios-native-parity/ios/Packages/PicPacKit
    /Applications/Xcode.app/Contents/Developer/Toolchains/XcodeDefault.xctoolchain/usr/bin/clang -Xlinker -reproducible -target x86_64-apple-ios17.0-simulator -r -isysroot /Applications/Xcode.app/Contents/Developer/Platforms/iPhoneSimulator.platform/Developer/SDKs/iPhoneSimulator26.5.sdk -O0 -w -F/var/folders/fh/vt8wk6pn5dgd_tv982c123440000gp/T/picpac-snapshots-4bd21p79/build/Build/Intermediates.noindex/EagerLinkingTBDs/Debug-iphonesimulator -F/var/folders/fh/vt8wk6pn5dgd_tv982c123440000gp/T/picpac-snapshots-4bd21p79/build/Build/Products/Debug-iphonesimulator/PackageFrameworks -F/var/folders/fh/vt8wk6pn5dgd_tv982c123440000gp/T/picpac-snapshots-4bd21p79/build/Build/Products/Debug-iphonesimulator -iframework /Applications/Xcode.app/Contents/Developer/Platforms/iPhoneSimulator.platform/Developer/Library/Frameworks -iframework /Applications/Xcode.app/Contents/Developer/Platforms/iPhoneSimulator.platform/Developer/SDKs/iPhoneSimulator26.5.sdk/Developer/Library/Frameworks -filelist /var/folders/fh/vt8wk6pn5dgd_tv982c123440000gp/T/picpac-snapshots-4bd21p79/build/Build/Intermediates.noindex/PicPacKit.build/Debug-iphonesimulator/PicPacPresentation.build/Objects-normal/x86_64/PicPacPresentation.LinkFileList -nostdlib -Xlinker -object_path_lto -Xlinker /var/folders/fh/vt8wk6pn5dgd_tv982c123440000gp/T/picpac-snapshots-4bd21p79/build/Build/Intermediates.noindex/PicPacKit.build/Debug-iphonesimulator/PicPacPresentation.build/Objects-normal/x86_64/PicPacPresentation_lto.o -Xlinker -no_deduplicate -Xlinker -objc_abi_version -Xlinker 2 -Xlinker -debug_variant -Xlinker -dependency_info -Xlinker /var/folders/fh/vt8wk6pn5dgd_tv982c123440000gp/T/picpac-snapshots-4bd21p79/build/Build/Intermediates.noindex/PicPacKit.build/Debug-iphonesimulator/PicPacPresentation.build/Objects-normal/x86_64/PicPacPresentation_dependency_info.dat -fobjc-link-runtime -L/Applications/Xcode.app/Contents/Developer/Toolchains/XcodeDefault.xctoolchain/usr/lib/swift/iphonesimulator -L/usr/lib/swift -Xlinker -add_ast_path -Xlinker /var/folders/fh/vt8wk6pn5dgd_tv982c123440000gp/T/picpac-snapshots-4bd21p79/build/Build/Intermediates.noindex/PicPacKit.build/Debug-iphonesimulator/PicPacPresentation.build/Objects-normal/x86_64/PicPacPresentation.swiftmodule @/var/folders/fh/vt8wk6pn5dgd_tv982c123440000gp/T/picpac-snapshots-4bd21p79/build/Build/Intermediates.noindex/PicPacKit.build/Debug-iphonesimulator/PicPacPresentation.build/Objects-normal/x86_64/PicPacPresentation-linker-args.resp -o /var/folders/fh/vt8wk6pn5dgd_tv982c123440000gp/T/picpac-snapshots-4bd21p79/build/Build/Intermediates.noindex/PicPacKit.build/Debug-iphonesimulator/PicPacPresentation.build/Objects-normal/x86_64/Binary/PicPacPresentation.o

CreateUniversalBinary /var/folders/fh/vt8wk6pn5dgd_tv982c123440000gp/T/picpac-snapshots-4bd21p79/build/Build/Products/Debug-iphonesimulator/PicPacPresentation.o normal arm64\ x86_64 (in target 'PicPacPresentation' from project 'PicPacKit')
    cd /Users/bavabangaru/Developer/pic-pac-poe-ios-native-parity/ios/Packages/PicPacKit
    /Applications/Xcode.app/Contents/Developer/Toolchains/XcodeDefault.xctoolchain/usr/bin/lipo -create /var/folders/fh/vt8wk6pn5dgd_tv982c123440000gp/T/picpac-snapshots-4bd21p79/build/Build/Intermediates.noindex/PicPacKit.build/Debug-iphonesimulator/PicPacPresentation.build/Objects-normal/arm64/Binary/PicPacPresentation.o /var/folders/fh/vt8wk6pn5dgd_tv982c123440000gp/T/picpac-snapshots-4bd21p79/build/Build/Intermediates.noindex/PicPacKit.build/Debug-iphonesimulator/PicPacPresentation.build/Objects-normal/x86_64/Binary/PicPacPresentation.o -output /var/folders/fh/vt8wk6pn5dgd_tv982c123440000gp/T/picpac-snapshots-4bd21p79/build/Build/Products/Debug-iphonesimulator/PicPacPresentation.o

ExtractAppIntentsMetadata (in target 'PicPacPresentation' from project 'PicPacKit')
    cd /Users/bavabangaru/Developer/pic-pac-poe-ios-native-parity/ios/Packages/PicPacKit
    /Applications/Xcode.app/Contents/Developer/Toolchains/XcodeDefault.xctoolchain/usr/bin/appintentsmetadataprocessor --toolchain-dir /Applications/Xcode.app/Contents/Developer/Toolchains/XcodeDefault.xctoolchain --module-name PicPacPresentation --sdk-root /Applications/Xcode.app/Contents/Developer/Platforms/iPhoneSimulator.platform/Developer/SDKs/iPhoneSimulator26.5.sdk --xcode-version 17F113 --platform-family iOS --deployment-target 17.0 --bundle-identifier picpackit.PicPacPresentation --output /var/folders/fh/vt8wk6pn5dgd_tv982c123440000gp/T/picpac-snapshots-4bd21p79/build/Build/Products/Debug-iphonesimulator/PicPacPresentation.appintents --target-triple arm64-apple-ios17.0-simulator --target-triple x86_64-apple-ios17.0-simulator --binary-file /var/folders/fh/vt8wk6pn5dgd_tv982c123440000gp/T/picpac-snapshots-4bd21p79/build/Build/Products/Debug-iphonesimulator/PicPacPresentation.o --dependency-file /var/folders/fh/vt8wk6pn5dgd_tv982c123440000gp/T/picpac-snapshots-4bd21p79/build/Build/Intermediates.noindex/PicPacKit.build/Debug-iphonesimulator/PicPacPresentation.build/Objects-normal/arm64/PicPacPresentation_dependency_info.dat --dependency-file /var/folders/fh/vt8wk6pn5dgd_tv982c123440000gp/T/picpac-snapshots-4bd21p79/build/Build/Intermediates.noindex/PicPacKit.build/Debug-iphonesimulator/PicPacPresentation.build/Objects-normal/x86_64/PicPacPresentation_dependency_info.dat --stringsdata-file /var/folders/fh/vt8wk6pn5dgd_tv982c123440000gp/T/picpac-snapshots-4bd21p79/build/Build/Intermediates.noindex/PicPacKit.build/Debug-iphonesimulator/PicPacPresentation.build/Objects-normal/arm64/ExtractedAppShortcutsMetadata.stringsdata --stringsdata-file /var/folders/fh/vt8wk6pn5dgd_tv982c123440000gp/T/picpac-snapshots-4bd21p79/build/Build/Intermediates.noindex/PicPacKit.build/Debug-iphonesimulator/PicPacPresentation.build/Objects-normal/x86_64/ExtractedAppShortcutsMetadata.stringsdata --source-file-list /var/folders/fh/vt8wk6pn5dgd_tv982c123440000gp/T/picpac-snapshots-4bd21p79/build/Build/Intermediates.noindex/PicPacKit.build/Debug-iphonesimulator/PicPacPresentation.build/Objects-normal/arm64/PicPacPresentation.SwiftFileList --source-file-list /var/folders/fh/vt8wk6pn5dgd_tv982c123440000gp/T/picpac-snapshots-4bd21p79/build/Build/Intermediates.noindex/PicPacKit.build/Debug-iphonesimulator/PicPacPresentation.build/Objects-normal/x86_64/PicPacPresentation.SwiftFileList --metadata-file-list /var/folders/fh/vt8wk6pn5dgd_tv982c123440000gp/T/picpac-snapshots-4bd21p79/build/Build/Intermediates.noindex/PicPacKit.build/Debug-iphonesimulator/PicPacPresentation.build/PicPacPresentation.DependencyMetadataFileList --static-metadata-file-list /var/folders/fh/vt8wk6pn5dgd_tv982c123440000gp/T/picpac-snapshots-4bd21p79/build/Build/Intermediates.noindex/PicPacKit.build/Debug-iphonesimulator/PicPacPresentation.build/PicPacPresentation.DependencyStaticMetadataFileList --swift-const-vals-list /var/folders/fh/vt8wk6pn5dgd_tv982c123440000gp/T/picpac-snapshots-4bd21p79/build/Build/Intermediates.noindex/PicPacKit.build/Debug-iphonesimulator/PicPacPresentation.build/Objects-normal/arm64/PicPacPresentation.SwiftConstValuesFileList --swift-const-vals-list /var/folders/fh/vt8wk6pn5dgd_tv982c123440000gp/T/picpac-snapshots-4bd21p79/build/Build/Intermediates.noindex/PicPacKit.build/Debug-iphonesimulator/PicPacPresentation.build/Objects-normal/x86_64/PicPacPresentation.SwiftConstValuesFileList --force --compile-time-extraction --deployment-aware-processing --validate-assistant-intents --no-app-shortcuts-localization
2026-09-25 06:28:20.787 appintentsmetadataprocessor[7949:116037597] Starting appintentsmetadataprocessor export
2026-09-25 06:28:20.795 appintentsmetadataprocessor[7949:116037597] Extracted no relevant App Intents symbols, skipping writing output

RegisterExecutionPolicyException /var/folders/fh/vt8wk6pn5dgd_tv982c123440000gp/T/picpac-snapshots-4bd21p79/build/Build/Products/Debug-iphonesimulator/PicPacPresentation.o (in target 'PicPacPresentation' from project 'PicPacKit')
    cd /Users/bavabangaru/Developer/pic-pac-poe-ios-native-parity/ios/Packages/PicPacKit
    builtin-RegisterExecutionPolicyException /var/folders/fh/vt8wk6pn5dgd_tv982c123440000gp/T/picpac-snapshots-4bd21p79/build/Build/Products/Debug-iphonesimulator/PicPacPresentation.o

SwiftDriverJobDiscovery normal arm64 Compiling ExpectiminimaxAgent.swift (in target 'PicPacAI' from project 'PicPacKit')

SwiftDriverJobDiscovery normal arm64 Compiling TabularPolicy.swift (in target 'PicPacAI' from project 'PicPacKit')

SwiftDriver\ Compilation PicPacAI normal arm64 com.apple.xcode.tools.swift.compiler (in target 'PicPacAI' from project 'PicPacKit')
    cd /Users/bavabangaru/Developer/pic-pac-poe-ios-native-parity/ios/PicPacPoe.xcodeproj
    builtin-Swift-Compilation -- /Applications/Xcode.app/Contents/Developer/Toolchains/XcodeDefault.xctoolchain/usr/bin/swiftc -module-name PicPacAI -Onone @/var/folders/fh/vt8wk6pn5dgd_tv982c123440000gp/T/picpac-snapshots-4bd21p79/build/Build/Intermediates.noindex/PicPacKit.build/Debug-iphonesimulator/PicPacAI.build/Objects-normal/arm64/PicPacAI.SwiftFileList -DSWIFT_PACKAGE -DDEBUG -DSWIFT_MODULE_RESOURCE_BUNDLE_AVAILABLE -DXcode -plugin-path /Applications/Xcode.app/Contents/Developer/Toolchains/XcodeDefault.xctoolchain/usr/lib/swift/host/plugins/testing -enable-experimental-feature DebugDescriptionMacro -sdk /Applications/Xcode.app/Contents/Developer/Platforms/iPhoneSimulator.platform/Developer/SDKs/iPhoneSimulator26.5.sdk -target arm64-apple-ios17.0-simulator -g -module-cache-path /var/folders/fh/vt8wk6pn5dgd_tv982c123440000gp/T/picpac-snapshots-4bd21p79/build/ModuleCache.noindex -Xfrontend -serialize-debugging-options -profile-coverage-mapping -profile-generate -enable-testing -suppress-warnings -index-store-path /var/folders/fh/vt8wk6pn5dgd_tv982c123440000gp/T/picpac-snapshots-4bd21p79/build/Index.noindex/DataStore -Xcc -D_LIBCPP_HARDENING_MODE\=_LIBCPP_HARDENING_MODE_DEBUG -swift-version 6 -I /var/folders/fh/vt8wk6pn5dgd_tv982c123440000gp/T/picpac-snapshots-4bd21p79/build/Build/Products/Debug-iphonesimulator -Isystem /Applications/Xcode.app/Contents/Developer/Platforms/iPhoneSimulator.platform/Developer/usr/lib -F /var/folders/fh/vt8wk6pn5dgd_tv982c123440000gp/T/picpac-snapshots-4bd21p79/build/Build/Products/Debug-iphonesimulator/PackageFrameworks -F /var/folders/fh/vt8wk6pn5dgd_tv982c123440000gp/T/picpac-snapshots-4bd21p79/build/Build/Products/Debug-iphonesimulator -F /Applications/Xcode.app/Contents/Developer/Platforms/iPhoneSimulator.platform/Developer/Library/Frameworks -F /Applications/Xcode.app/Contents/Developer/Platforms/iPhoneSimulator.platform/Developer/SDKs/iPhoneSimulator26.5.sdk/Developer/Library/Frameworks -c -j12 -enable-batch-mode -incremental -Xcc -ivfsstatcache -Xcc /var/folders/fh/vt8wk6pn5dgd_tv982c123440000gp/T/picpac-snapshots-4bd21p79/build/SDKStatCaches.noindex/iphonesimulator26.5-23F81a-6cfe768891a92b912361537c460fe42b.sdkstatcache -output-file-map /var/folders/fh/vt8wk6pn5dgd_tv982c123440000gp/T/picpac-snapshots-4bd21p79/build/Build/Intermediates.noindex/PicPacKit.build/Debug-iphonesimulator/PicPacAI.build/Objects-normal/arm64/PicPacAI-OutputFileMap.json -use-frontend-parseable-output -save-temps -no-color-diagnostics -explicit-module-build -module-cache-path /var/folders/fh/vt8wk6pn5dgd_tv982c123440000gp/T/picpac-snapshots-4bd21p79/build/Build/Intermediates.noindex/SwiftExplicitPrecompiledModules -clang-scanner-module-cache-path /var/folders/fh/vt8wk6pn5dgd_tv982c123440000gp/T/picpac-snapshots-4bd21p79/build/ModuleCache.noindex -sdk-module-cache-path /var/folders/fh/vt8wk6pn5dgd_tv982c123440000gp/T/picpac-snapshots-4bd21p79/build/ModuleCache.noindex -serialize-diagnostics -emit-dependencies -emit-module -emit-module-path /var/folders/fh/vt8wk6pn5dgd_tv982c123440000gp/T/picpac-snapshots-4bd21p79/build/Build/Intermediates.noindex/PicPacKit.build/Debug-iphonesimulator/PicPacAI.build/Objects-normal/arm64/PicPacAI.swiftmodule -validate-clang-modules-once -clang-build-session-file /var/folders/fh/vt8wk6pn5dgd_tv982c123440000gp/T/picpac-snapshots-4bd21p79/build/ModuleCache.noindex/Session.modulevalidation -package-name picpackit -Xcc -I/var/folders/fh/vt8wk6pn5dgd_tv982c123440000gp/T/picpac-snapshots-4bd21p79/build/Build/Intermediates.noindex/PicPacKit.build/Debug-iphonesimulator/PicPacAI.build/swift-overrides.hmap -emit-const-values -Xfrontend -const-gather-protocols-file -Xfrontend /var/folders/fh/vt8wk6pn5dgd_tv982c123440000gp/T/picpac-snapshots-4bd21p79/build/Build/Intermediates.noindex/PicPacKit.build/Debug-iphonesimulator/PicPacAI.build/Objects-normal/arm64/PicPacAI_const_extract_protocols.json -Xcc -I/var/folders/fh/vt8wk6pn5dgd_tv982c123440000gp/T/picpac-snapshots-4bd21p79/build/Build/Products/Debug-iphonesimulator/include -Xcc -I/var/folders/fh/vt8wk6pn5dgd_tv982c123440000gp/T/picpac-snapshots-4bd21p79/build/Build/Intermediates.noindex/PicPacKit.build/Debug-iphonesimulator/PicPacAI.build/DerivedSources-normal/arm64 -Xcc -I/var/folders/fh/vt8wk6pn5dgd_tv982c123440000gp/T/picpac-snapshots-4bd21p79/build/Build/Intermediates.noindex/PicPacKit.build/Debug-iphonesimulator/PicPacAI.build/DerivedSources/arm64 -Xcc -I/var/folders/fh/vt8wk6pn5dgd_tv982c123440000gp/T/picpac-snapshots-4bd21p79/build/Build/Intermediates.noindex/PicPacKit.build/Debug-iphonesimulator/PicPacAI.build/DerivedSources -Xcc -DSWIFT_PACKAGE -Xcc -DDEBUG\=1 -emit-objc-header -emit-objc-header-path /var/folders/fh/vt8wk6pn5dgd_tv982c123440000gp/T/picpac-snapshots-4bd21p79/build/Build/Intermediates.noindex/PicPacKit.build/Debug-iphonesimulator/PicPacAI.build/Objects-normal/arm64/PicPacAI-Swift.h -working-directory /Users/bavabangaru/Developer/pic-pac-poe-ios-native-parity/ios/PicPacPoe.xcodeproj -experimental-emit-module-separately -disable-cmo

Ld /var/folders/fh/vt8wk6pn5dgd_tv982c123440000gp/T/picpac-snapshots-4bd21p79/build/Build/Intermediates.noindex/PicPacKit.build/Debug-iphonesimulator/PicPacAI.build/Objects-normal/arm64/Binary/PicPacAI.o normal arm64 (in target 'PicPacAI' from project 'PicPacKit')
    cd /Users/bavabangaru/Developer/pic-pac-poe-ios-native-parity/ios/Packages/PicPacKit
    /Applications/Xcode.app/Contents/Developer/Toolchains/XcodeDefault.xctoolchain/usr/bin/clang -Xlinker -reproducible -target arm64-apple-ios17.0-simulator -r -isysroot /Applications/Xcode.app/Contents/Developer/Platforms/iPhoneSimulator.platform/Developer/SDKs/iPhoneSimulator26.5.sdk -O0 -w -F/var/folders/fh/vt8wk6pn5dgd_tv982c123440000gp/T/picpac-snapshots-4bd21p79/build/Build/Intermediates.noindex/EagerLinkingTBDs/Debug-iphonesimulator -F/var/folders/fh/vt8wk6pn5dgd_tv982c123440000gp/T/picpac-snapshots-4bd21p79/build/Build/Products/Debug-iphonesimulator/PackageFrameworks -F/var/folders/fh/vt8wk6pn5dgd_tv982c123440000gp/T/picpac-snapshots-4bd21p79/build/Build/Products/Debug-iphonesimulator -iframework /Applications/Xcode.app/Contents/Developer/Platforms/iPhoneSimulator.platform/Developer/Library/Frameworks -iframework /Applications/Xcode.app/Contents/Developer/Platforms/iPhoneSimulator.platform/Developer/SDKs/iPhoneSimulator26.5.sdk/Developer/Library/Frameworks -filelist /var/folders/fh/vt8wk6pn5dgd_tv982c123440000gp/T/picpac-snapshots-4bd21p79/build/Build/Intermediates.noindex/PicPacKit.build/Debug-iphonesimulator/PicPacAI.build/Objects-normal/arm64/PicPacAI.LinkFileList -nostdlib -Xlinker -object_path_lto -Xlinker /var/folders/fh/vt8wk6pn5dgd_tv982c123440000gp/T/picpac-snapshots-4bd21p79/build/Build/Intermediates.noindex/PicPacKit.build/Debug-iphonesimulator/PicPacAI.build/Objects-normal/arm64/PicPacAI_lto.o -Xlinker -no_deduplicate -Xlinker -objc_abi_version -Xlinker 2 -Xlinker -debug_variant -Xlinker -dependency_info -Xlinker /var/folders/fh/vt8wk6pn5dgd_tv982c123440000gp/T/picpac-snapshots-4bd21p79/build/Build/Intermediates.noindex/PicPacKit.build/Debug-iphonesimulator/PicPacAI.build/Objects-normal/arm64/PicPacAI_dependency_info.dat -fobjc-link-runtime -L/Applications/Xcode.app/Contents/Developer/Toolchains/XcodeDefault.xctoolchain/usr/lib/swift/iphonesimulator -L/usr/lib/swift -Xlinker -add_ast_path -Xlinker /var/folders/fh/vt8wk6pn5dgd_tv982c123440000gp/T/picpac-snapshots-4bd21p79/build/Build/Intermediates.noindex/PicPacKit.build/Debug-iphonesimulator/PicPacAI.build/Objects-normal/arm64/PicPacAI.swiftmodule @/var/folders/fh/vt8wk6pn5dgd_tv982c123440000gp/T/picpac-snapshots-4bd21p79/build/Build/Intermediates.noindex/PicPacKit.build/Debug-iphonesimulator/PicPacAI.build/Objects-normal/arm64/PicPacAI-linker-args.resp -o /var/folders/fh/vt8wk6pn5dgd_tv982c123440000gp/T/picpac-snapshots-4bd21p79/build/Build/Intermediates.noindex/PicPacKit.build/Debug-iphonesimulator/PicPacAI.build/Objects-normal/arm64/Binary/PicPacAI.o

SwiftExplicitDependencyGeneratePcm x86_64 /var/folders/fh/vt8wk6pn5dgd_tv982c123440000gp/T/picpac-snapshots-4bd21p79/build/ModuleCache.noindex/ptrauth-6O46NKDPFVCIQPTMWV5SI1Q9B.pcm

SwiftExplicitDependencyGeneratePcm x86_64 /var/folders/fh/vt8wk6pn5dgd_tv982c123440000gp/T/picpac-snapshots-4bd21p79/build/ModuleCache.noindex/SwiftShims-DW6RQ5QPSQE4L50YY55XSC72F.pcm

SwiftExplicitDependencyGeneratePcm x86_64 /var/folders/fh/vt8wk6pn5dgd_tv982c123440000gp/T/picpac-snapshots-4bd21p79/build/ModuleCache.noindex/_Builtin_float-BAUXH9SVBEB283M2WWTMVYR7A.pcm

SwiftExplicitDependencyGeneratePcm x86_64 /var/folders/fh/vt8wk6pn5dgd_tv982c123440000gp/T/picpac-snapshots-4bd21p79/build/ModuleCache.noindex/_Builtin_stddef-8LQ2FM0G5BK1P60PAE5T3JU8Q.pcm

SwiftExplicitDependencyGeneratePcm x86_64 /var/folders/fh/vt8wk6pn5dgd_tv982c123440000gp/T/picpac-snapshots-4bd21p79/build/ModuleCache.noindex/_AvailabilityInternal-VQPXLY1RMX865TJP2R9F8LGQ.pcm

SwiftExplicitDependencyGeneratePcm x86_64 /var/folders/fh/vt8wk6pn5dgd_tv982c123440000gp/T/picpac-snapshots-4bd21p79/build/ModuleCache.noindex/_Builtin_stdbool-7R5SQP609JGA25A9WP3D9CQ68.pcm

SwiftExplicitDependencyGeneratePcm x86_64 /var/folders/fh/vt8wk6pn5dgd_tv982c123440000gp/T/picpac-snapshots-4bd21p79/build/ModuleCache.noindex/_Builtin_stdarg-BX3Q0Q29CGN4JJDIYDRX7SDXU.pcm

SwiftExplicitDependencyGeneratePcm x86_64 /var/folders/fh/vt8wk6pn5dgd_tv982c123440000gp/T/picpac-snapshots-4bd21p79/build/ModuleCache.noindex/DeveloperToolsSupport-C1NAPFZLSW6IYSQ21KSJ9V5E2.pcm

SwiftExplicitDependencyGeneratePcm x86_64 /var/folders/fh/vt8wk6pn5dgd_tv982c123440000gp/T/picpac-snapshots-4bd21p79/build/ModuleCache.noindex/_SwiftConcurrencyShims-5NH4GH28Y13MVPYHIUS5KMGMY.pcm

SwiftExplicitDependencyGeneratePcm x86_64 /var/folders/fh/vt8wk6pn5dgd_tv982c123440000gp/T/picpac-snapshots-4bd21p79/build/ModuleCache.noindex/ptrcheck-ED4823DI93TRWTYL6ZMQ2ETN8.pcm

SwiftDriverJobDiscovery normal x86_64 Compiling TabularPolicy.swift (in target 'PicPacAI' from project 'PicPacKit')

SwiftExplicitDependencyGeneratePcm arm64 /var/folders/fh/vt8wk6pn5dgd_tv982c123440000gp/T/picpac-snapshots-4bd21p79/build/ModuleCache.noindex/_Builtin_float-BGAB3HR11PT74Q8PIV5VD72ZH.pcm

SwiftExplicitDependencyGeneratePcm arm64 /var/folders/fh/vt8wk6pn5dgd_tv982c123440000gp/T/picpac-snapshots-4bd21p79/build/ModuleCache.noindex/_Builtin_stdbool-ENW8OMM660W2UV3P4395O4TWS.pcm

SwiftExplicitDependencyGeneratePcm arm64 /var/folders/fh/vt8wk6pn5dgd_tv982c123440000gp/T/picpac-snapshots-4bd21p79/build/ModuleCache.noindex/_Builtin_stdarg-5PQR6YX952VU158ZDIQQIGAQ6.pcm

SwiftExplicitDependencyGeneratePcm arm64 /var/folders/fh/vt8wk6pn5dgd_tv982c123440000gp/T/picpac-snapshots-4bd21p79/build/ModuleCache.noindex/ptrauth-AZYLS78Y4W4MCWRQIBGR95N7P.pcm

SwiftExplicitDependencyGeneratePcm arm64 /var/folders/fh/vt8wk6pn5dgd_tv982c123440000gp/T/picpac-snapshots-4bd21p79/build/ModuleCache.noindex/SwiftShims-DB19PDT95FBU0UTO5G5AT01GI.pcm

SwiftExplicitDependencyGeneratePcm arm64 /var/folders/fh/vt8wk6pn5dgd_tv982c123440000gp/T/picpac-snapshots-4bd21p79/build/ModuleCache.noindex/_AvailabilityInternal-11YZ0GES8RM20LRIGL3HIHO4L.pcm

SwiftExplicitDependencyGeneratePcm arm64 /var/folders/fh/vt8wk6pn5dgd_tv982c123440000gp/T/picpac-snapshots-4bd21p79/build/ModuleCache.noindex/_SwiftConcurrencyShims-3F0KC5ABY0PUVBO3XNIBZE75.pcm

SwiftExplicitDependencyGeneratePcm arm64 /var/folders/fh/vt8wk6pn5dgd_tv982c123440000gp/T/picpac-snapshots-4bd21p79/build/ModuleCache.noindex/ptrcheck-1VFKK1JTW1LZY4XWXRJT5G9ZR.pcm

SwiftExplicitDependencyGeneratePcm arm64 /var/folders/fh/vt8wk6pn5dgd_tv982c123440000gp/T/picpac-snapshots-4bd21p79/build/ModuleCache.noindex/DeveloperToolsSupport-EK1LQ41NMRB1DZP2NIONGXAI6.pcm

SwiftExplicitDependencyGeneratePcm arm64 /var/folders/fh/vt8wk6pn5dgd_tv982c123440000gp/T/picpac-snapshots-4bd21p79/build/ModuleCache.noindex/_Builtin_stddef-BDJ5J70JXE7FZ7Q246CDZ51FW.pcm

SwiftExplicitDependencyGeneratePcm x86_64 /var/folders/fh/vt8wk6pn5dgd_tv982c123440000gp/T/picpac-snapshots-4bd21p79/build/ModuleCache.noindex/_DarwinFoundation1-CKYJLZBTDXQDG7O3XNMQEU3XZ.pcm

SwiftDriver\ Compilation PicPacAI normal x86_64 com.apple.xcode.tools.swift.compiler (in target 'PicPacAI' from project 'PicPacKit')
    cd /Users/bavabangaru/Developer/pic-pac-poe-ios-native-parity/ios/PicPacPoe.xcodeproj
    builtin-Swift-Compilation -- /Applications/Xcode.app/Contents/Developer/Toolchains/XcodeDefault.xctoolchain/usr/bin/swiftc -module-name PicPacAI -Onone @/var/folders/fh/vt8wk6pn5dgd_tv982c123440000gp/T/picpac-snapshots-4bd21p79/build/Build/Intermediates.noindex/PicPacKit.build/Debug-iphonesimulator/PicPacAI.build/Objects-normal/x86_64/PicPacAI.SwiftFileList -DSWIFT_PACKAGE -DDEBUG -DSWIFT_MODULE_RESOURCE_BUNDLE_AVAILABLE -DXcode -plugin-path /Applications/Xcode.app/Contents/Developer/Toolchains/XcodeDefault.xctoolchain/usr/lib/swift/host/plugins/testing -enable-experimental-feature DebugDescriptionMacro -sdk /Applications/Xcode.app/Contents/Developer/Platforms/iPhoneSimulator.platform/Developer/SDKs/iPhoneSimulator26.5.sdk -target x86_64-apple-ios17.0-simulator -g -module-cache-path /var/folders/fh/vt8wk6pn5dgd_tv982c123440000gp/T/picpac-snapshots-4bd21p79/build/ModuleCache.noindex -Xfrontend -serialize-debugging-options -profile-coverage-mapping -profile-generate -enable-testing -suppress-warnings -index-store-path /var/folders/fh/vt8wk6pn5dgd_tv982c123440000gp/T/picpac-snapshots-4bd21p79/build/Index.noindex/DataStore -Xcc -D_LIBCPP_HARDENING_MODE\=_LIBCPP_HARDENING_MODE_DEBUG -swift-version 6 -I /var/folders/fh/vt8wk6pn5dgd_tv982c123440000gp/T/picpac-snapshots-4bd21p79/build/Build/Products/Debug-iphonesimulator -Isystem /Applications/Xcode.app/Contents/Developer/Platforms/iPhoneSimulator.platform/Developer/usr/lib -F /var/folders/fh/vt8wk6pn5dgd_tv982c123440000gp/T/picpac-snapshots-4bd21p79/build/Build/Products/Debug-iphonesimulator/PackageFrameworks -F /var/folders/fh/vt8wk6pn5dgd_tv982c123440000gp/T/picpac-snapshots-4bd21p79/build/Build/Products/Debug-iphonesimulator -F /Applications/Xcode.app/Contents/Developer/Platforms/iPhoneSimulator.platform/Developer/Library/Frameworks -F /Applications/Xcode.app/Contents/Developer/Platforms/iPhoneSimulator.platform/Developer/SDKs/iPhoneSimulator26.5.sdk/Developer/Library/Frameworks -c -j12 -enable-batch-mode -incremental -Xcc -ivfsstatcache -Xcc /var/folders/fh/vt8wk6pn5dgd_tv982c123440000gp/T/picpac-snapshots-4bd21p79/build/SDKStatCaches.noindex/iphonesimulator26.5-23F81a-6cfe768891a92b912361537c460fe42b.sdkstatcache -output-file-map /var/folders/fh/vt8wk6pn5dgd_tv982c123440000gp/T/picpac-snapshots-4bd21p79/build/Build/Intermediates.noindex/PicPacKit.build/Debug-iphonesimulator/PicPacAI.build/Objects-normal/x86_64/PicPacAI-OutputFileMap.json -use-frontend-parseable-output -save-temps -no-color-diagnostics -explicit-module-build -module-cache-path /var/folders/fh/vt8wk6pn5dgd_tv982c123440000gp/T/picpac-snapshots-4bd21p79/build/Build/Intermediates.noindex/SwiftExplicitPrecompiledModules -clang-scanner-module-cache-path /var/folders/fh/vt8wk6pn5dgd_tv982c123440000gp/T/picpac-snapshots-4bd21p79/build/ModuleCache.noindex -sdk-module-cache-path /var/folders/fh/vt8wk6pn5dgd_tv982c123440000gp/T/picpac-snapshots-4bd21p79/build/ModuleCache.noindex -serialize-diagnostics -emit-dependencies -emit-module -emit-module-path /var/folders/fh/vt8wk6pn5dgd_tv982c123440000gp/T/picpac-snapshots-4bd21p79/build/Build/Intermediates.noindex/PicPacKit.build/Debug-iphonesimulator/PicPacAI.build/Objects-normal/x86_64/PicPacAI.swiftmodule -validate-clang-modules-once -clang-build-session-file /var/folders/fh/vt8wk6pn5dgd_tv982c123440000gp/T/picpac-snapshots-4bd21p79/build/ModuleCache.noindex/Session.modulevalidation -package-name picpackit -Xcc -I/var/folders/fh/vt8wk6pn5dgd_tv982c123440000gp/T/picpac-snapshots-4bd21p79/build/Build/Intermediates.noindex/PicPacKit.build/Debug-iphonesimulator/PicPacAI.build/swift-overrides.hmap -emit-const-values -Xfrontend -const-gather-protocols-file -Xfrontend /var/folders/fh/vt8wk6pn5dgd_tv982c123440000gp/T/picpac-snapshots-4bd21p79/build/Build/Intermediates.noindex/PicPacKit.build/Debug-iphonesimulator/PicPacAI.build/Objects-normal/x86_64/PicPacAI_const_extract_protocols.json -Xcc -I/var/folders/fh/vt8wk6pn5dgd_tv982c123440000gp/T/picpac-snapshots-4bd21p79/build/Build/Products/Debug-iphonesimulator/include -Xcc -I/var/folders/fh/vt8wk6pn5dgd_tv982c123440000gp/T/picpac-snapshots-4bd21p79/build/Build/Intermediates.noindex/PicPacKit.build/Debug-iphonesimulator/PicPacAI.build/DerivedSources-normal/x86_64 -Xcc -I/var/folders/fh/vt8wk6pn5dgd_tv982c123440000gp/T/picpac-snapshots-4bd21p79/build/Build/Intermediates.noindex/PicPacKit.build/Debug-iphonesimulator/PicPacAI.build/DerivedSources/x86_64 -Xcc -I/var/folders/fh/vt8wk6pn5dgd_tv982c123440000gp/T/picpac-snapshots-4bd21p79/build/Build/Intermediates.noindex/PicPacKit.build/Debug-iphonesimulator/PicPacAI.build/DerivedSources -Xcc -DSWIFT_PACKAGE -Xcc -DDEBUG\=1 -emit-objc-header -emit-objc-header-path /var/folders/fh/vt8wk6pn5dgd_tv982c123440000gp/T/picpac-snapshots-4bd21p79/build/Build/Intermediates.noindex/PicPacKit.build/Debug-iphonesimulator/PicPacAI.build/Objects-normal/x86_64/PicPacAI-Swift.h -working-directory /Users/bavabangaru/Developer/pic-pac-poe-ios-native-parity/ios/PicPacPoe.xcodeproj -experimental-emit-module-separately -disable-cmo

Ld /var/folders/fh/vt8wk6pn5dgd_tv982c123440000gp/T/picpac-snapshots-4bd21p79/build/Build/Intermediates.noindex/PicPacKit.build/Debug-iphonesimulator/PicPacAI.build/Objects-normal/x86_64/Binary/PicPacAI.o normal x86_64 (in target 'PicPacAI' from project 'PicPacKit')
    cd /Users/bavabangaru/Developer/pic-pac-poe-ios-native-parity/ios/Packages/PicPacKit
    /Applications/Xcode.app/Contents/Developer/Toolchains/XcodeDefault.xctoolchain/usr/bin/clang -Xlinker -reproducible -target x86_64-apple-ios17.0-simulator -r -isysroot /Applications/Xcode.app/Contents/Developer/Platforms/iPhoneSimulator.platform/Developer/SDKs/iPhoneSimulator26.5.sdk -O0 -w -F/var/folders/fh/vt8wk6pn5dgd_tv982c123440000gp/T/picpac-snapshots-4bd21p79/build/Build/Intermediates.noindex/EagerLinkingTBDs/Debug-iphonesimulator -F/var/folders/fh/vt8wk6pn5dgd_tv982c123440000gp/T/picpac-snapshots-4bd21p79/build/Build/Products/Debug-iphonesimulator/PackageFrameworks -F/var/folders/fh/vt8wk6pn5dgd_tv982c123440000gp/T/picpac-snapshots-4bd21p79/build/Build/Products/Debug-iphonesimulator -iframework /Applications/Xcode.app/Contents/Developer/Platforms/iPhoneSimulator.platform/Developer/Library/Frameworks -iframework /Applications/Xcode.app/Contents/Developer/Platforms/iPhoneSimulator.platform/Developer/SDKs/iPhoneSimulator26.5.sdk/Developer/Library/Frameworks -filelist /var/folders/fh/vt8wk6pn5dgd_tv982c123440000gp/T/picpac-snapshots-4bd21p79/build/Build/Intermediates.noindex/PicPacKit.build/Debug-iphonesimulator/PicPacAI.build/Objects-normal/x86_64/PicPacAI.LinkFileList -nostdlib -Xlinker -object_path_lto -Xlinker /var/folders/fh/vt8wk6pn5dgd_tv982c123440000gp/T/picpac-snapshots-4bd21p79/build/Build/Intermediates.noindex/PicPacKit.build/Debug-iphonesimulator/PicPacAI.build/Objects-normal/x86_64/PicPacAI_lto.o -Xlinker -no_deduplicate -Xlinker -objc_abi_version -Xlinker 2 -Xlinker -debug_variant -Xlinker -dependency_info -Xlinker /var/folders/fh/vt8wk6pn5dgd_tv982c123440000gp/T/picpac-snapshots-4bd21p79/build/Build/Intermediates.noindex/PicPacKit.build/Debug-iphonesimulator/PicPacAI.build/Objects-normal/x86_64/PicPacAI_dependency_info.dat -fobjc-link-runtime -L/Applications/Xcode.app/Contents/Developer/Toolchains/XcodeDefault.xctoolchain/usr/lib/swift/iphonesimulator -L/usr/lib/swift -Xlinker -add_ast_path -Xlinker /var/folders/fh/vt8wk6pn5dgd_tv982c123440000gp/T/picpac-snapshots-4bd21p79/build/Build/Intermediates.noindex/PicPacKit.build/Debug-iphonesimulator/PicPacAI.build/Objects-normal/x86_64/PicPacAI.swiftmodule @/var/folders/fh/vt8wk6pn5dgd_tv982c123440000gp/T/picpac-snapshots-4bd21p79/build/Build/Intermediates.noindex/PicPacKit.build/Debug-iphonesimulator/PicPacAI.build/Objects-normal/x86_64/PicPacAI-linker-args.resp -o /var/folders/fh/vt8wk6pn5dgd_tv982c123440000gp/T/picpac-snapshots-4bd21p79/build/Build/Intermediates.noindex/PicPacKit.build/Debug-iphonesimulator/PicPacAI.build/Objects-normal/x86_64/Binary/PicPacAI.o

SwiftExplicitDependencyGeneratePcm arm64 /var/folders/fh/vt8wk6pn5dgd_tv982c123440000gp/T/picpac-snapshots-4bd21p79/build/ModuleCache.noindex/_DarwinFoundation1-51M9N5PHLQ71BEVTTF7SLOC3C.pcm

CreateUniversalBinary /var/folders/fh/vt8wk6pn5dgd_tv982c123440000gp/T/picpac-snapshots-4bd21p79/build/Build/Products/Debug-iphonesimulator/PicPacAI.o normal arm64\ x86_64 (in target 'PicPacAI' from project 'PicPacKit')
    cd /Users/bavabangaru/Developer/pic-pac-poe-ios-native-parity/ios/Packages/PicPacKit
    /Applications/Xcode.app/Contents/Developer/Toolchains/XcodeDefault.xctoolchain/usr/bin/lipo -create /var/folders/fh/vt8wk6pn5dgd_tv982c123440000gp/T/picpac-snapshots-4bd21p79/build/Build/Intermediates.noindex/PicPacKit.build/Debug-iphonesimulator/PicPacAI.build/Objects-normal/arm64/Binary/PicPacAI.o /var/folders/fh/vt8wk6pn5dgd_tv982c123440000gp/T/picpac-snapshots-4bd21p79/build/Build/Intermediates.noindex/PicPacKit.build/Debug-iphonesimulator/PicPacAI.build/Objects-normal/x86_64/Binary/PicPacAI.o -output /var/folders/fh/vt8wk6pn5dgd_tv982c123440000gp/T/picpac-snapshots-4bd21p79/build/Build/Products/Debug-iphonesimulator/PicPacAI.o

SwiftExplicitDependencyGeneratePcm x86_64 /var/folders/fh/vt8wk6pn5dgd_tv982c123440000gp/T/picpac-snapshots-4bd21p79/build/ModuleCache.noindex/_Builtin_limits-BYYOCIYCMG5DBKZEKB7INIOR2.pcm

SwiftExplicitDependencyGeneratePcm x86_64 /var/folders/fh/vt8wk6pn5dgd_tv982c123440000gp/T/picpac-snapshots-4bd21p79/build/ModuleCache.noindex/_DarwinFoundation2-1BJ21SRQV20CAUJ8EHAGA7L2G.pcm

ExtractAppIntentsMetadata (in target 'PicPacAI' from project 'PicPacKit')
    cd /Users/bavabangaru/Developer/pic-pac-poe-ios-native-parity/ios/Packages/PicPacKit
    /Applications/Xcode.app/Contents/Developer/Toolchains/XcodeDefault.xctoolchain/usr/bin/appintentsmetadataprocessor --toolchain-dir /Applications/Xcode.app/Contents/Developer/Toolchains/XcodeDefault.xctoolchain --module-name PicPacAI --sdk-root /Applications/Xcode.app/Contents/Developer/Platforms/iPhoneSimulator.platform/Developer/SDKs/iPhoneSimulator26.5.sdk --xcode-version 17F113 --platform-family iOS --deployment-target 17.0 --bundle-identifier picpackit.PicPacAI --output /var/folders/fh/vt8wk6pn5dgd_tv982c123440000gp/T/picpac-snapshots-4bd21p79/build/Build/Products/Debug-iphonesimulator/PicPacAI.appintents --target-triple arm64-apple-ios17.0-simulator --target-triple x86_64-apple-ios17.0-simulator --binary-file /var/folders/fh/vt8wk6pn5dgd_tv982c123440000gp/T/picpac-snapshots-4bd21p79/build/Build/Products/Debug-iphonesimulator/PicPacAI.o --dependency-file /var/folders/fh/vt8wk6pn5dgd_tv982c123440000gp/T/picpac-snapshots-4bd21p79/build/Build/Intermediates.noindex/PicPacKit.build/Debug-iphonesimulator/PicPacAI.build/Objects-normal/arm64/PicPacAI_dependency_info.dat --dependency-file /var/folders/fh/vt8wk6pn5dgd_tv982c123440000gp/T/picpac-snapshots-4bd21p79/build/Build/Intermediates.noindex/PicPacKit.build/Debug-iphonesimulator/PicPacAI.build/Objects-normal/x86_64/PicPacAI_dependency_info.dat --stringsdata-file /var/folders/fh/vt8wk6pn5dgd_tv982c123440000gp/T/picpac-snapshots-4bd21p79/build/Build/Intermediates.noindex/PicPacKit.build/Debug-iphonesimulator/PicPacAI.build/Objects-normal/arm64/ExtractedAppShortcutsMetadata.stringsdata --stringsdata-file /var/folders/fh/vt8wk6pn5dgd_tv982c123440000gp/T/picpac-snapshots-4bd21p79/build/Build/Intermediates.noindex/PicPacKit.build/Debug-iphonesimulator/PicPacAI.build/Objects-normal/x86_64/ExtractedAppShortcutsMetadata.stringsdata --source-file-list /var/folders/fh/vt8wk6pn5dgd_tv982c123440000gp/T/picpac-snapshots-4bd21p79/build/Build/Intermediates.noindex/PicPacKit.build/Debug-iphonesimulator/PicPacAI.build/Objects-normal/arm64/PicPacAI.SwiftFileList --source-file-list /var/folders/fh/vt8wk6pn5dgd_tv982c123440000gp/T/picpac-snapshots-4bd21p79/build/Build/Intermediates.noindex/PicPacKit.build/Debug-iphonesimulator/PicPacAI.build/Objects-normal/x86_64/PicPacAI.SwiftFileList --metadata-file-list /var/folders/fh/vt8wk6pn5dgd_tv982c123440000gp/T/picpac-snapshots-4bd21p79/build/Build/Intermediates.noindex/PicPacKit.build/Debug-iphonesimulator/PicPacAI.build/PicPacAI.DependencyMetadataFileList --static-metadata-file-list /var/folders/fh/vt8wk6pn5dgd_tv982c123440000gp/T/picpac-snapshots-4bd21p79/build/Build/Intermediates.noindex/PicPacKit.build/Debug-iphonesimulator/PicPacAI.build/PicPacAI.DependencyStaticMetadataFileList --swift-const-vals-list /var/folders/fh/vt8wk6pn5dgd_tv982c123440000gp/T/picpac-snapshots-4bd21p79/build/Build/Intermediates.noindex/PicPacKit.build/Debug-iphonesimulator/PicPacAI.build/Objects-normal/arm64/PicPacAI.SwiftConstValuesFileList --swift-const-vals-list /var/folders/fh/vt8wk6pn5dgd_tv982c123440000gp/T/picpac-snapshots-4bd21p79/build/Build/Intermediates.noindex/PicPacKit.build/Debug-iphonesimulator/PicPacAI.build/Objects-normal/x86_64/PicPacAI.SwiftConstValuesFileList --force --compile-time-extraction --deployment-aware-processing --validate-assistant-intents --no-app-shortcuts-localization
2026-09-25 06:28:21.114 appintentsmetadataprocessor[7977:116037675] Starting appintentsmetadataprocessor export
2026-09-25 06:28:21.121 appintentsmetadataprocessor[7977:116037675] Extracted no relevant App Intents symbols, skipping writing output

RegisterExecutionPolicyException /var/folders/fh/vt8wk6pn5dgd_tv982c123440000gp/T/picpac-snapshots-4bd21p79/build/Build/Products/Debug-iphonesimulator/PicPacAI.o (in target 'PicPacAI' from project 'PicPacKit')
    cd /Users/bavabangaru/Developer/pic-pac-poe-ios-native-parity/ios/Packages/PicPacKit
    builtin-RegisterExecutionPolicyException /var/folders/fh/vt8wk6pn5dgd_tv982c123440000gp/T/picpac-snapshots-4bd21p79/build/Build/Products/Debug-iphonesimulator/PicPacAI.o

CpResource /var/folders/fh/vt8wk6pn5dgd_tv982c123440000gp/T/picpac-snapshots-4bd21p79/build/Build/Products/Debug-iphonesimulator/PicPacPoe.app/fredoka-OFL.txt /Users/bavabangaru/Developer/pic-pac-poe-ios-native-parity/app/src/main/assets/licenses/fredoka-OFL.txt (in target 'PicPacPoe' from project 'PicPacPoe')
    cd /Users/bavabangaru/Developer/pic-pac-poe-ios-native-parity/ios
    builtin-copy -exclude .DS_Store -exclude CVS -exclude .svn -exclude .git -exclude .hg -resolve-src-symlinks /Users/bavabangaru/Developer/pic-pac-poe-ios-native-parity/app/src/main/assets/licenses/fredoka-OFL.txt /var/folders/fh/vt8wk6pn5dgd_tv982c123440000gp/T/picpac-snapshots-4bd21p79/build/Build/Products/Debug-iphonesimulator/PicPacPoe.app

CpResource /var/folders/fh/vt8wk6pn5dgd_tv982c123440000gp/T/picpac-snapshots-4bd21p79/build/Build/Products/Debug-iphonesimulator/PicPacPoe.app/fredoka_semibold.ttf /Users/bavabangaru/Developer/pic-pac-poe-ios-native-parity/app/src/main/res/font/fredoka_semibold.ttf (in target 'PicPacPoe' from project 'PicPacPoe')
    cd /Users/bavabangaru/Developer/pic-pac-poe-ios-native-parity/ios
    builtin-copy -exclude .DS_Store -exclude CVS -exclude .svn -exclude .git -exclude .hg -resolve-src-symlinks /Users/bavabangaru/Developer/pic-pac-poe-ios-native-parity/app/src/main/res/font/fredoka_semibold.ttf /var/folders/fh/vt8wk6pn5dgd_tv982c123440000gp/T/picpac-snapshots-4bd21p79/build/Build/Products/Debug-iphonesimulator/PicPacPoe.app

Copy /var/folders/fh/vt8wk6pn5dgd_tv982c123440000gp/T/picpac-snapshots-4bd21p79/build/Build/Products/Debug-iphonesimulator/PicPacPoe.app/PicPacKit_PicPacAI.bundle /var/folders/fh/vt8wk6pn5dgd_tv982c123440000gp/T/picpac-snapshots-4bd21p79/build/Build/Products/Debug-iphonesimulator/PicPacKit_PicPacAI.bundle (in target 'PicPacPoe' from project 'PicPacPoe')
    cd /Users/bavabangaru/Developer/pic-pac-poe-ios-native-parity/ios
    builtin-copy -exclude .DS_Store -exclude CVS -exclude .svn -exclude .git -exclude .hg -resolve-src-symlinks /var/folders/fh/vt8wk6pn5dgd_tv982c123440000gp/T/picpac-snapshots-4bd21p79/build/Build/Products/Debug-iphonesimulator/PicPacKit_PicPacAI.bundle /var/folders/fh/vt8wk6pn5dgd_tv982c123440000gp/T/picpac-snapshots-4bd21p79/build/Build/Products/Debug-iphonesimulator/PicPacPoe.app

CpResource /var/folders/fh/vt8wk6pn5dgd_tv982c123440000gp/T/picpac-snapshots-4bd21p79/build/Build/Products/Debug-iphonesimulator/PicPacPoe.app/fredoka_medium.ttf /Users/bavabangaru/Developer/pic-pac-poe-ios-native-parity/app/src/main/res/font/fredoka_medium.ttf (in target 'PicPacPoe' from project 'PicPacPoe')
    cd /Users/bavabangaru/Developer/pic-pac-poe-ios-native-parity/ios
    builtin-copy -exclude .DS_Store -exclude CVS -exclude .svn -exclude .git -exclude .hg -resolve-src-symlinks /Users/bavabangaru/Developer/pic-pac-poe-ios-native-parity/app/src/main/res/font/fredoka_medium.ttf /var/folders/fh/vt8wk6pn5dgd_tv982c123440000gp/T/picpac-snapshots-4bd21p79/build/Build/Products/Debug-iphonesimulator/PicPacPoe.app

Ld /var/folders/fh/vt8wk6pn5dgd_tv982c123440000gp/T/picpac-snapshots-4bd21p79/build/Build/Intermediates.noindex/PicPacPoe.build/Debug-iphonesimulator/PicPacPoe.build/Objects-normal/arm64/Binary/__preview.dylib normal arm64 (in target 'PicPacPoe' from project 'PicPacPoe')
    cd /Users/bavabangaru/Developer/pic-pac-poe-ios-native-parity/ios
    /Applications/Xcode.app/Contents/Developer/Toolchains/XcodeDefault.xctoolchain/usr/bin/clang -Xlinker -reproducible -target arm64-apple-ios17.0-simulator -dynamiclib -isysroot /Applications/Xcode.app/Contents/Developer/Platforms/iPhoneSimulator.platform/Developer/SDKs/iPhoneSimulator26.5.sdk -O0 -L/var/folders/fh/vt8wk6pn5dgd_tv982c123440000gp/T/picpac-snapshots-4bd21p79/build/Build/Products/Debug-iphonesimulator -F/var/folders/fh/vt8wk6pn5dgd_tv982c123440000gp/T/picpac-snapshots-4bd21p79/build/Build/Products/Debug-iphonesimulator/PackageFrameworks -F/var/folders/fh/vt8wk6pn5dgd_tv982c123440000gp/T/picpac-snapshots-4bd21p79/build/Build/Products/Debug-iphonesimulator/PackageFrameworks -F/var/folders/fh/vt8wk6pn5dgd_tv982c123440000gp/T/picpac-snapshots-4bd21p79/build/Build/Products/Debug-iphonesimulator/PackageFrameworks -F/var/folders/fh/vt8wk6pn5dgd_tv982c123440000gp/T/picpac-snapshots-4bd21p79/build/Build/Products/Debug-iphonesimulator -install_name @rpath/PicPacPoe.debug.dylib -Xlinker -dead_strip -rdynamic -Xlinker -no_deduplicate -Xlinker -objc_abi_version -Xlinker 2 -Xlinker -debug_variant -Xlinker -dependency_info -Xlinker /var/folders/fh/vt8wk6pn5dgd_tv982c123440000gp/T/picpac-snapshots-4bd21p79/build/Build/Intermediates.noindex/PicPacPoe.build/Debug-iphonesimulator/PicPacPoe.build/Objects-normal/arm64/PicPacPoe_dependency_info.dat -o /var/folders/fh/vt8wk6pn5dgd_tv982c123440000gp/T/picpac-snapshots-4bd21p79/build/Build/Intermediates.noindex/PicPacPoe.build/Debug-iphonesimulator/PicPacPoe.build/Objects-normal/arm64/Binary/__preview.dylib

Ld /var/folders/fh/vt8wk6pn5dgd_tv982c123440000gp/T/picpac-snapshots-4bd21p79/build/Build/Intermediates.noindex/PicPacPoe.build/Debug-iphonesimulator/PicPacPoe.build/Objects-normal/x86_64/Binary/__preview.dylib normal x86_64 (in target 'PicPacPoe' from project 'PicPacPoe')
    cd /Users/bavabangaru/Developer/pic-pac-poe-ios-native-parity/ios
    /Applications/Xcode.app/Contents/Developer/Toolchains/XcodeDefault.xctoolchain/usr/bin/clang -Xlinker -reproducible -target x86_64-apple-ios17.0-simulator -dynamiclib -isysroot /Applications/Xcode.app/Contents/Developer/Platforms/iPhoneSimulator.platform/Developer/SDKs/iPhoneSimulator26.5.sdk -O0 -L/var/folders/fh/vt8wk6pn5dgd_tv982c123440000gp/T/picpac-snapshots-4bd21p79/build/Build/Products/Debug-iphonesimulator -F/var/folders/fh/vt8wk6pn5dgd_tv982c123440000gp/T/picpac-snapshots-4bd21p79/build/Build/Products/Debug-iphonesimulator/PackageFrameworks -F/var/folders/fh/vt8wk6pn5dgd_tv982c123440000gp/T/picpac-snapshots-4bd21p79/build/Build/Products/Debug-iphonesimulator/PackageFrameworks -F/var/folders/fh/vt8wk6pn5dgd_tv982c123440000gp/T/picpac-snapshots-4bd21p79/build/Build/Products/Debug-iphonesimulator/PackageFrameworks -F/var/folders/fh/vt8wk6pn5dgd_tv982c123440000gp/T/picpac-snapshots-4bd21p79/build/Build/Products/Debug-iphonesimulator -install_name @rpath/PicPacPoe.debug.dylib -Xlinker -dead_strip -rdynamic -Xlinker -no_deduplicate -Xlinker -objc_abi_version -Xlinker 2 -Xlinker -debug_variant -Xlinker -dependency_info -Xlinker /var/folders/fh/vt8wk6pn5dgd_tv982c123440000gp/T/picpac-snapshots-4bd21p79/build/Build/Intermediates.noindex/PicPacPoe.build/Debug-iphonesimulator/PicPacPoe.build/Objects-normal/x86_64/PicPacPoe_dependency_info.dat -o /var/folders/fh/vt8wk6pn5dgd_tv982c123440000gp/T/picpac-snapshots-4bd21p79/build/Build/Intermediates.noindex/PicPacPoe.build/Debug-iphonesimulator/PicPacPoe.build/Objects-normal/x86_64/Binary/__preview.dylib

SwiftExplicitDependencyGeneratePcm arm64 /var/folders/fh/vt8wk6pn5dgd_tv982c123440000gp/T/picpac-snapshots-4bd21p79/build/ModuleCache.noindex/_DarwinFoundation2-AUDT9M3LJJQZWD08ODG7DIAJ4.pcm

SwiftExplicitDependencyGeneratePcm arm64 /var/folders/fh/vt8wk6pn5dgd_tv982c123440000gp/T/picpac-snapshots-4bd21p79/build/ModuleCache.noindex/_Builtin_limits-3D6C52SMNX8BKEBGRNUGKAXED.pcm

CreateUniversalBinary /var/folders/fh/vt8wk6pn5dgd_tv982c123440000gp/T/picpac-snapshots-4bd21p79/build/Build/Products/Debug-iphonesimulator/PicPacPoe.app/__preview.dylib normal arm64\ x86_64 (in target 'PicPacPoe' from project 'PicPacPoe')
    cd /Users/bavabangaru/Developer/pic-pac-poe-ios-native-parity/ios
    /Applications/Xcode.app/Contents/Developer/Toolchains/XcodeDefault.xctoolchain/usr/bin/lipo -create /var/folders/fh/vt8wk6pn5dgd_tv982c123440000gp/T/picpac-snapshots-4bd21p79/build/Build/Intermediates.noindex/PicPacPoe.build/Debug-iphonesimulator/PicPacPoe.build/Objects-normal/arm64/Binary/__preview.dylib /var/folders/fh/vt8wk6pn5dgd_tv982c123440000gp/T/picpac-snapshots-4bd21p79/build/Build/Intermediates.noindex/PicPacPoe.build/Debug-iphonesimulator/PicPacPoe.build/Objects-normal/x86_64/Binary/__preview.dylib -output /var/folders/fh/vt8wk6pn5dgd_tv982c123440000gp/T/picpac-snapshots-4bd21p79/build/Build/Products/Debug-iphonesimulator/PicPacPoe.app/__preview.dylib

SwiftExplicitDependencyGeneratePcm x86_64 /var/folders/fh/vt8wk6pn5dgd_tv982c123440000gp/T/picpac-snapshots-4bd21p79/build/ModuleCache.noindex/sys_types-1Y8IEN0AWQ13MFN25BSUWV589.pcm

SwiftExplicitDependencyGeneratePcm x86_64 /var/folders/fh/vt8wk6pn5dgd_tv982c123440000gp/T/picpac-snapshots-4bd21p79/build/ModuleCache.noindex/_Builtin_tgmath-DR1XA4E7ODZ26SS93WZY1RBTJ.pcm

SwiftExplicitDependencyGeneratePcm x86_64 /var/folders/fh/vt8wk6pn5dgd_tv982c123440000gp/T/picpac-snapshots-4bd21p79/build/ModuleCache.noindex/_Builtin_stdint-CSWOPYEGET0MDXPBJPB6SJBSH.pcm

SwiftExplicitDependencyGeneratePcm x86_64 /var/folders/fh/vt8wk6pn5dgd_tv982c123440000gp/T/picpac-snapshots-4bd21p79/build/ModuleCache.noindex/_Builtin_stdatomic-3VKR8HT6G4JIE5XGK0MJ8MBB7.pcm

SwiftExplicitDependencyGeneratePcm x86_64 /var/folders/fh/vt8wk6pn5dgd_tv982c123440000gp/T/picpac-snapshots-4bd21p79/build/ModuleCache.noindex/_DarwinFoundation3-9X8PJ7PWKIE56NLTYEO4NU7LN.pcm

SwiftExplicitDependencyGeneratePcm arm64 /var/folders/fh/vt8wk6pn5dgd_tv982c123440000gp/T/picpac-snapshots-4bd21p79/build/ModuleCache.noindex/sys_types-2D70XDCRAS6SUGKZ2QJD1WNM7.pcm

SwiftExplicitDependencyGeneratePcm arm64 /var/folders/fh/vt8wk6pn5dgd_tv982c123440000gp/T/picpac-snapshots-4bd21p79/build/ModuleCache.noindex/_Builtin_stdint-2D9KU0ODVY8J2E49UHJKC7NV3.pcm

SwiftExplicitDependencyGeneratePcm arm64 /var/folders/fh/vt8wk6pn5dgd_tv982c123440000gp/T/picpac-snapshots-4bd21p79/build/ModuleCache.noindex/_Builtin_tgmath-845FW45RMD3IYL8ZBJS78NRS0.pcm

SwiftExplicitDependencyGeneratePcm arm64 /var/folders/fh/vt8wk6pn5dgd_tv982c123440000gp/T/picpac-snapshots-4bd21p79/build/ModuleCache.noindex/_DarwinFoundation3-41OWH93IIBHJ1DS2V8Z75RYSL.pcm

SwiftExplicitDependencyGeneratePcm arm64 /var/folders/fh/vt8wk6pn5dgd_tv982c123440000gp/T/picpac-snapshots-4bd21p79/build/ModuleCache.noindex/_Builtin_intrinsics-EWUE5R62VJZXFDNMGDLU3Z1RZ.pcm

SwiftExplicitDependencyGeneratePcm arm64 /var/folders/fh/vt8wk6pn5dgd_tv982c123440000gp/T/picpac-snapshots-4bd21p79/build/ModuleCache.noindex/_Builtin_stdatomic-1KI6XSWETSVFC2B57MM7I28TZ.pcm

SwiftExplicitDependencyGeneratePcm x86_64 /var/folders/fh/vt8wk6pn5dgd_tv982c123440000gp/T/picpac-snapshots-4bd21p79/build/ModuleCache.noindex/_Builtin_intrinsics-4IDNZKUB5DO34FE929XNMBAWK.pcm

SwiftExplicitDependencyGeneratePcm x86_64 /var/folders/fh/vt8wk6pn5dgd_tv982c123440000gp/T/picpac-snapshots-4bd21p79/build/ModuleCache.noindex/_Builtin_inttypes-5CQGM842MF06XMF19VTCIBT1K.pcm

SwiftExplicitDependencyGeneratePcm x86_64 /var/folders/fh/vt8wk6pn5dgd_tv982c123440000gp/T/picpac-snapshots-4bd21p79/build/ModuleCache.noindex/Darwin-6DKIO09P0ZHPQDQJB2M6CK6XV.pcm

SwiftExplicitDependencyGeneratePcm arm64 /var/folders/fh/vt8wk6pn5dgd_tv982c123440000gp/T/picpac-snapshots-4bd21p79/build/ModuleCache.noindex/_Builtin_inttypes-C4PTV4Y72S5SP9NI63TONRQYB.pcm

SwiftExplicitDependencyGeneratePcm arm64 /var/folders/fh/vt8wk6pn5dgd_tv982c123440000gp/T/picpac-snapshots-4bd21p79/build/ModuleCache.noindex/Darwin-67NR3IT7EBD5BOYKAG0TU4GDP.pcm

SwiftExplicitDependencyGeneratePcm arm64 /var/folders/fh/vt8wk6pn5dgd_tv982c123440000gp/T/picpac-snapshots-4bd21p79/build/ModuleCache.noindex/simd-B5B2HN63IOPNYZGBY2CIRD95I.pcm

SwiftExplicitDependencyGeneratePcm x86_64 /var/folders/fh/vt8wk6pn5dgd_tv982c123440000gp/T/picpac-snapshots-4bd21p79/build/ModuleCache.noindex/MachO-6NVE9NY14MUXRXHX3VFK36P0P.pcm

SwiftExplicitDependencyGeneratePcm x86_64 /var/folders/fh/vt8wk6pn5dgd_tv982c123440000gp/T/picpac-snapshots-4bd21p79/build/ModuleCache.noindex/ObjectiveC-EQO58HL4PYE2VZX4AJ1VG4VXG.pcm

SwiftExplicitDependencyGeneratePcm x86_64 /var/folders/fh/vt8wk6pn5dgd_tv982c123440000gp/T/picpac-snapshots-4bd21p79/build/ModuleCache.noindex/simd-4R6VTKLTLZO95ITOYZ4PXUCF4.pcm

SwiftExplicitDependencyGeneratePcm x86_64 /var/folders/fh/vt8wk6pn5dgd_tv982c123440000gp/T/picpac-snapshots-4bd21p79/build/ModuleCache.noindex/os_object-A42CM1PJ9UZTQWDL2LW4RJYS7.pcm

SwiftExplicitDependencyGeneratePcm arm64 /var/folders/fh/vt8wk6pn5dgd_tv982c123440000gp/T/picpac-snapshots-4bd21p79/build/ModuleCache.noindex/ObjectiveC-COZ5IW5YYLC8FYQF26OZDY5EH.pcm

SwiftExplicitDependencyGeneratePcm arm64 /var/folders/fh/vt8wk6pn5dgd_tv982c123440000gp/T/picpac-snapshots-4bd21p79/build/ModuleCache.noindex/MachO-6AMGZ6AU4GQVT0MLFH4XXIKII.pcm

SwiftExplicitDependencyGeneratePcm x86_64 /var/folders/fh/vt8wk6pn5dgd_tv982c123440000gp/T/picpac-snapshots-4bd21p79/build/ModuleCache.noindex/os_workgroup-1ODH8WEKL5KC9UJ8I7A33JJC4.pcm

SwiftExplicitDependencyGeneratePcm arm64 /var/folders/fh/vt8wk6pn5dgd_tv982c123440000gp/T/picpac-snapshots-4bd21p79/build/ModuleCache.noindex/os_object-40LM3UIFJ54NB53ABZ1L46D6C.pcm

SwiftExplicitDependencyGeneratePcm x86_64 /var/folders/fh/vt8wk6pn5dgd_tv982c123440000gp/T/picpac-snapshots-4bd21p79/build/ModuleCache.noindex/Dispatch-XOR0KQGN6JG0FS88PQTOAI39.pcm

SwiftExplicitDependencyGeneratePcm arm64 /var/folders/fh/vt8wk6pn5dgd_tv982c123440000gp/T/picpac-snapshots-4bd21p79/build/ModuleCache.noindex/os_workgroup-9DD9Y5PNX14BYLGLY1V0I0VN9.pcm

SwiftExplicitDependencyGeneratePcm x86_64 /var/folders/fh/vt8wk6pn5dgd_tv982c123440000gp/T/picpac-snapshots-4bd21p79/build/ModuleCache.noindex/CoreFoundation-3L8IJY1LC2E7Z4XLGDJX5D46L.pcm

SwiftExplicitDependencyGeneratePcm x86_64 /var/folders/fh/vt8wk6pn5dgd_tv982c123440000gp/T/picpac-snapshots-4bd21p79/build/ModuleCache.noindex/XPC-1MUMY2Z2AAAVRHLBM1Y57J3EL.pcm

SwiftExplicitDependencyGeneratePcm x86_64 /var/folders/fh/vt8wk6pn5dgd_tv982c123440000gp/T/picpac-snapshots-4bd21p79/build/ModuleCache.noindex/dnssd-1ZKED7GXL30IBO72AJQQ0YK72.pcm

SwiftExplicitDependencyGeneratePcm arm64 /var/folders/fh/vt8wk6pn5dgd_tv982c123440000gp/T/picpac-snapshots-4bd21p79/build/ModuleCache.noindex/Spatial-EG8IOVGK63HHG5DX9CVN2CTQM.pcm

SwiftExplicitDependencyGeneratePcm arm64 /var/folders/fh/vt8wk6pn5dgd_tv982c123440000gp/T/picpac-snapshots-4bd21p79/build/ModuleCache.noindex/Dispatch-8BNU4GX439QOZIVAQ3W44EDWE.pcm

SwiftExplicitDependencyGeneratePcm x86_64 /var/folders/fh/vt8wk6pn5dgd_tv982c123440000gp/T/picpac-snapshots-4bd21p79/build/ModuleCache.noindex/os-1LRL3KMDANYZ9X9OMUCCUEWIK.pcm

SwiftExplicitDependencyGeneratePcm arm64 /var/folders/fh/vt8wk6pn5dgd_tv982c123440000gp/T/picpac-snapshots-4bd21p79/build/ModuleCache.noindex/XPC-90FF7MHN0TBZK8R06DNBC87HH.pcm

SwiftExplicitDependencyGeneratePcm arm64 /var/folders/fh/vt8wk6pn5dgd_tv982c123440000gp/T/picpac-snapshots-4bd21p79/build/ModuleCache.noindex/dnssd-7JGDA9S5EO2LCEKA5DDTUUE8O.pcm

SwiftExplicitDependencyGeneratePcm arm64 /var/folders/fh/vt8wk6pn5dgd_tv982c123440000gp/T/picpac-snapshots-4bd21p79/build/ModuleCache.noindex/CoreFoundation-DQRI4V4Z28Z66QKTFOII28RT5.pcm

SwiftExplicitDependencyGeneratePcm x86_64 /var/folders/fh/vt8wk6pn5dgd_tv982c123440000gp/T/picpac-snapshots-4bd21p79/build/ModuleCache.noindex/CoreAudioTypes-B8CYM2L0GDMYSVQK5DSZHYY5P.pcm

SwiftExplicitDependencyGeneratePcm x86_64 /var/folders/fh/vt8wk6pn5dgd_tv982c123440000gp/T/picpac-snapshots-4bd21p79/build/ModuleCache.noindex/CoreGraphics-3WGDE3SHUMLVVMSVXHIQQ80PM.pcm

SwiftExplicitDependencyGeneratePcm x86_64 /var/folders/fh/vt8wk6pn5dgd_tv982c123440000gp/T/picpac-snapshots-4bd21p79/build/ModuleCache.noindex/CFNetwork-1ZN7O5N9DXY55A2BP7W8KL6R0.pcm

SwiftExplicitDependencyGeneratePcm x86_64 /var/folders/fh/vt8wk6pn5dgd_tv982c123440000gp/T/picpac-snapshots-4bd21p79/build/ModuleCache.noindex/Security-1GXZB7392JKSCG6YO9GOTR3CS.pcm

SwiftExplicitDependencyGeneratePcm arm64 /var/folders/fh/vt8wk6pn5dgd_tv982c123440000gp/T/picpac-snapshots-4bd21p79/build/ModuleCache.noindex/os-A3DMR12188QD2K5OOMCHRYJI3.pcm

SwiftExplicitDependencyGeneratePcm x86_64 /var/folders/fh/vt8wk6pn5dgd_tv982c123440000gp/T/picpac-snapshots-4bd21p79/build/ModuleCache.noindex/Spatial-9A8XBZ4XULN6D52CS88K77NB1.pcm

SwiftExplicitDependencyGeneratePcm x86_64 /var/folders/fh/vt8wk6pn5dgd_tv982c123440000gp/T/picpac-snapshots-4bd21p79/build/ModuleCache.noindex/CoreAudio-CS0U2PVBQETYE8WMABM3W1FJE.pcm

SwiftExplicitDependencyGeneratePcm x86_64 /var/folders/fh/vt8wk6pn5dgd_tv982c123440000gp/T/picpac-snapshots-4bd21p79/build/ModuleCache.noindex/Foundation-472NS56EUTMN1YMV0IUGUNQY6.pcm

SwiftExplicitDependencyGeneratePcm arm64 /var/folders/fh/vt8wk6pn5dgd_tv982c123440000gp/T/picpac-snapshots-4bd21p79/build/ModuleCache.noindex/Security-8326G9YCC12ZZDXH80BAYC4VK.pcm

SwiftExplicitDependencyGeneratePcm arm64 /var/folders/fh/vt8wk6pn5dgd_tv982c123440000gp/T/picpac-snapshots-4bd21p79/build/ModuleCache.noindex/CFNetwork-8Y8C6GGLKJZ5FOTVDFFEUWOQY.pcm

SwiftExplicitDependencyGeneratePcm arm64 /var/folders/fh/vt8wk6pn5dgd_tv982c123440000gp/T/picpac-snapshots-4bd21p79/build/ModuleCache.noindex/CoreGraphics-CE8FZIFCZS1I1R0J395QTYT9J.pcm

SwiftExplicitDependencyGeneratePcm arm64 /var/folders/fh/vt8wk6pn5dgd_tv982c123440000gp/T/picpac-snapshots-4bd21p79/build/ModuleCache.noindex/CoreAudioTypes-46IKOAP4U8LIGYWJ6Y7I93VQF.pcm

SwiftExplicitDependencyGeneratePcm x86_64 /var/folders/fh/vt8wk6pn5dgd_tv982c123440000gp/T/picpac-snapshots-4bd21p79/build/ModuleCache.noindex/ImageIO-5HB4IOKMR1KMIVQVTH8LA7JBF.pcm

SwiftExplicitDependencyGeneratePcm x86_64 /var/folders/fh/vt8wk6pn5dgd_tv982c123440000gp/T/picpac-snapshots-4bd21p79/build/ModuleCache.noindex/CoreText-23BA7Q8CVCJ8Q53C3SB924TAB.pcm

SwiftExplicitDependencyGeneratePcm arm64 /var/folders/fh/vt8wk6pn5dgd_tv982c123440000gp/T/picpac-snapshots-4bd21p79/build/ModuleCache.noindex/CoreAudio-CKAVHQGW8Y0XBJZXFHZSQB6QV.pcm

SwiftExplicitDependencyGeneratePcm arm64 /var/folders/fh/vt8wk6pn5dgd_tv982c123440000gp/T/picpac-snapshots-4bd21p79/build/ModuleCache.noindex/Foundation-CVIVGSLPRLA1UXNPF0B7FJH3C.pcm

SwiftExplicitDependencyGeneratePcm arm64 /var/folders/fh/vt8wk6pn5dgd_tv982c123440000gp/T/picpac-snapshots-4bd21p79/build/ModuleCache.noindex/CoreText-5966FDN661RFMX3V6ZNZOOUPE.pcm

SwiftExplicitDependencyGeneratePcm arm64 /var/folders/fh/vt8wk6pn5dgd_tv982c123440000gp/T/picpac-snapshots-4bd21p79/build/ModuleCache.noindex/ImageIO-B8WAY43XRIJSTL61RBXM83VH9.pcm

SwiftExplicitDependencyGeneratePcm x86_64 /var/folders/fh/vt8wk6pn5dgd_tv982c123440000gp/T/picpac-snapshots-4bd21p79/build/ModuleCache.noindex/OSLog-9AMYP2UE8N5FBT1VA8JHM3Y4Y.pcm

SwiftExplicitDependencyGeneratePcm x86_64 /var/folders/fh/vt8wk6pn5dgd_tv982c123440000gp/T/picpac-snapshots-4bd21p79/build/ModuleCache.noindex/FileProvider-450ZJ37BYI6V710PJPVJH5AXX.pcm

SwiftExplicitDependencyGeneratePcm x86_64 /var/folders/fh/vt8wk6pn5dgd_tv982c123440000gp/T/picpac-snapshots-4bd21p79/build/ModuleCache.noindex/Accessibility-BTNBSHLPMWZQMN2TU7R984S8W.pcm

SwiftExplicitDependencyGeneratePcm x86_64 /var/folders/fh/vt8wk6pn5dgd_tv982c123440000gp/T/picpac-snapshots-4bd21p79/build/ModuleCache.noindex/UserNotifications-74SXN8XCOFHW49R4PHW2M242C.pcm

SwiftExplicitDependencyGeneratePcm x86_64 /var/folders/fh/vt8wk6pn5dgd_tv982c123440000gp/T/picpac-snapshots-4bd21p79/build/ModuleCache.noindex/DataDetection-82P1FR8Y8DLNC4CSLNY0ED9Q3.pcm

SwiftExplicitDependencyGeneratePcm x86_64 /var/folders/fh/vt8wk6pn5dgd_tv982c123440000gp/T/picpac-snapshots-4bd21p79/build/ModuleCache.noindex/CoreData-1BMODET5449SDYNNDXCUHPPEW.pcm

SwiftExplicitDependencyGeneratePcm x86_64 /var/folders/fh/vt8wk6pn5dgd_tv982c123440000gp/T/picpac-snapshots-4bd21p79/build/ModuleCache.noindex/Symbols-5WNCNL0QGZTXQDYSNHGN1DMKM.pcm

SwiftExplicitDependencyGeneratePcm x86_64 /var/folders/fh/vt8wk6pn5dgd_tv982c123440000gp/T/picpac-snapshots-4bd21p79/build/ModuleCache.noindex/OpenGLES-5564L7EJNMKT5B4LLR2I89HK5.pcm

SwiftExplicitDependencyGeneratePcm x86_64 /var/folders/fh/vt8wk6pn5dgd_tv982c123440000gp/T/picpac-snapshots-4bd21p79/build/ModuleCache.noindex/CoreMIDI-D6R98L70DXQNMGDJT1ND13HXD.pcm

SwiftExplicitDependencyGeneratePcm x86_64 /var/folders/fh/vt8wk6pn5dgd_tv982c123440000gp/T/picpac-snapshots-4bd21p79/build/ModuleCache.noindex/UniformTypeIdentifiers-6HQP89SQO0N5N85IXJSLQ9FQY.pcm

SwiftExplicitDependencyGeneratePcm x86_64 /var/folders/fh/vt8wk6pn5dgd_tv982c123440000gp/T/picpac-snapshots-4bd21p79/build/ModuleCache.noindex/IOSurface-34AR984I07J88AX2KD0SFGFCC.pcm

SwiftExplicitDependencyGeneratePcm x86_64 /var/folders/fh/vt8wk6pn5dgd_tv982c123440000gp/T/picpac-snapshots-4bd21p79/build/ModuleCache.noindex/UIUtilities-37PVRW83CN56YW23J39T9SELT.pcm

SwiftExplicitDependencyGeneratePcm x86_64 /var/folders/fh/vt8wk6pn5dgd_tv982c123440000gp/T/picpac-snapshots-4bd21p79/build/ModuleCache.noindex/CoreTransferable-BMI0MHU11GFP06V9H6GZS8Z9R.pcm

SwiftExplicitDependencyGeneratePcm x86_64 /var/folders/fh/vt8wk6pn5dgd_tv982c123440000gp/T/picpac-snapshots-4bd21p79/build/ModuleCache.noindex/Network-4RI28TNOU6901F14OZZ3SQUTG.pcm

SwiftExplicitDependencyGeneratePcm arm64 /var/folders/fh/vt8wk6pn5dgd_tv982c123440000gp/T/picpac-snapshots-4bd21p79/build/ModuleCache.noindex/CoreTransferable-F1P6OTV0KF7U37N6TZFZP89NL.pcm

SwiftExplicitDependencyGeneratePcm arm64 /var/folders/fh/vt8wk6pn5dgd_tv982c123440000gp/T/picpac-snapshots-4bd21p79/build/ModuleCache.noindex/Accessibility-4QHVUB9355PXSMZJ88L21INDP.pcm

SwiftExplicitDependencyGeneratePcm arm64 /var/folders/fh/vt8wk6pn5dgd_tv982c123440000gp/T/picpac-snapshots-4bd21p79/build/ModuleCache.noindex/UserNotifications-J903CTUNA8YR9Z6S7C512JGD.pcm

SwiftExplicitDependencyGeneratePcm arm64 /var/folders/fh/vt8wk6pn5dgd_tv982c123440000gp/T/picpac-snapshots-4bd21p79/build/ModuleCache.noindex/FileProvider-ANRRGG8NWVSLZ40MBYU3Z3PQO.pcm

SwiftExplicitDependencyGeneratePcm arm64 /var/folders/fh/vt8wk6pn5dgd_tv982c123440000gp/T/picpac-snapshots-4bd21p79/build/ModuleCache.noindex/CoreMIDI-4I8APVPKT6VME0BZRIOSQ5RRD.pcm

SwiftExplicitDependencyGeneratePcm arm64 /var/folders/fh/vt8wk6pn5dgd_tv982c123440000gp/T/picpac-snapshots-4bd21p79/build/ModuleCache.noindex/DataDetection-8J5C1I7O1TTY30CDPS1SG5SFE.pcm

SwiftExplicitDependencyGeneratePcm arm64 /var/folders/fh/vt8wk6pn5dgd_tv982c123440000gp/T/picpac-snapshots-4bd21p79/build/ModuleCache.noindex/CoreData-5JLN23O6TWU03JY5MDDMQXKBR.pcm

SwiftExplicitDependencyGeneratePcm x86_64 /var/folders/fh/vt8wk6pn5dgd_tv982c123440000gp/T/picpac-snapshots-4bd21p79/build/ModuleCache.noindex/AudioToolbox-2NN5SC9B0TR5QC678BOYX1C5W.pcm

SwiftExplicitDependencyGeneratePcm arm64 /var/folders/fh/vt8wk6pn5dgd_tv982c123440000gp/T/picpac-snapshots-4bd21p79/build/ModuleCache.noindex/UniformTypeIdentifiers-57XENJ1GP4IPSJ835CS24LOSO.pcm

SwiftExplicitDependencyGeneratePcm arm64 /var/folders/fh/vt8wk6pn5dgd_tv982c123440000gp/T/picpac-snapshots-4bd21p79/build/ModuleCache.noindex/OpenGLES-6SZ0K9N09F57PMAU0LU1WK4LL.pcm

SwiftExplicitDependencyGeneratePcm arm64 /var/folders/fh/vt8wk6pn5dgd_tv982c123440000gp/T/picpac-snapshots-4bd21p79/build/ModuleCache.noindex/UIUtilities-7L94RHZNRJQXULYGYHZBGXSBG.pcm

SwiftExplicitDependencyGeneratePcm arm64 /var/folders/fh/vt8wk6pn5dgd_tv982c123440000gp/T/picpac-snapshots-4bd21p79/build/ModuleCache.noindex/OSLog-5FNRM0MWV08VL1X8MJWV0KJ98.pcm

SwiftExplicitDependencyGeneratePcm arm64 /var/folders/fh/vt8wk6pn5dgd_tv982c123440000gp/T/picpac-snapshots-4bd21p79/build/ModuleCache.noindex/Network-8N9FGMVNJJJCAQP768IJML6I9.pcm

SwiftExplicitDependencyGeneratePcm x86_64 /var/folders/fh/vt8wk6pn5dgd_tv982c123440000gp/T/picpac-snapshots-4bd21p79/build/ModuleCache.noindex/AVRouting-8UJPB23DD5TJ9DVVSY7SGJ8C2.pcm

SwiftExplicitDependencyGeneratePcm arm64 /var/folders/fh/vt8wk6pn5dgd_tv982c123440000gp/T/picpac-snapshots-4bd21p79/build/ModuleCache.noindex/Symbols-BTDT1F2VKAJI8H4DEY6X8WL3U.pcm

SwiftExplicitDependencyGeneratePcm arm64 /var/folders/fh/vt8wk6pn5dgd_tv982c123440000gp/T/picpac-snapshots-4bd21p79/build/ModuleCache.noindex/IOSurface-5DCV2MC0O6O40JGXIFIZTDN77.pcm

SwiftExplicitDependencyGeneratePcm x86_64 /var/folders/fh/vt8wk6pn5dgd_tv982c123440000gp/T/picpac-snapshots-4bd21p79/build/ModuleCache.noindex/Metal-421IERGVURJ822Z8OY33A01OA.pcm

SwiftExplicitDependencyGeneratePcm arm64 /var/folders/fh/vt8wk6pn5dgd_tv982c123440000gp/T/picpac-snapshots-4bd21p79/build/ModuleCache.noindex/AudioToolbox-1PEFVLD6OM1Q8W93LH8AN2KZZ.pcm

SwiftExplicitDependencyGeneratePcm arm64 /var/folders/fh/vt8wk6pn5dgd_tv982c123440000gp/T/picpac-snapshots-4bd21p79/build/ModuleCache.noindex/Metal-4UD299O28MFU12G9CJT8PWATX.pcm

SwiftExplicitDependencyGeneratePcm arm64 /var/folders/fh/vt8wk6pn5dgd_tv982c123440000gp/T/picpac-snapshots-4bd21p79/build/ModuleCache.noindex/AVRouting-ASQSEL7BXN2A0TLCDDI65UQ24.pcm

SwiftExplicitDependencyGeneratePcm x86_64 /var/folders/fh/vt8wk6pn5dgd_tv982c123440000gp/T/picpac-snapshots-4bd21p79/build/ModuleCache.noindex/CoreVideo-CDI8YCJY379SK6RBRMNF7P7KS.pcm

SwiftExplicitDependencyGeneratePcm arm64 /var/folders/fh/vt8wk6pn5dgd_tv982c123440000gp/T/picpac-snapshots-4bd21p79/build/ModuleCache.noindex/CoreVideo-ASDJ8H6TC4KP0VJ2YPLL5A52I.pcm

SwiftExplicitDependencyGeneratePcm x86_64 /var/folders/fh/vt8wk6pn5dgd_tv982c123440000gp/T/picpac-snapshots-4bd21p79/build/ModuleCache.noindex/CoreImage-57ZU14KMEEDCPQ0WJ1WXKDE8O.pcm

SwiftExplicitDependencyGeneratePcm x86_64 /var/folders/fh/vt8wk6pn5dgd_tv982c123440000gp/T/picpac-snapshots-4bd21p79/build/ModuleCache.noindex/QuartzCore-BEEMAJW50AA76C18PYLA3U9AV.pcm

SwiftExplicitDependencyGeneratePcm x86_64 /var/folders/fh/vt8wk6pn5dgd_tv982c123440000gp/T/picpac-snapshots-4bd21p79/build/ModuleCache.noindex/CoreMedia-6CK5X3YSGW3HN01EBFU80Y7RU.pcm

SwiftExplicitDependencyGeneratePcm arm64 /var/folders/fh/vt8wk6pn5dgd_tv982c123440000gp/T/picpac-snapshots-4bd21p79/build/ModuleCache.noindex/QuartzCore-REL1Z8EWLJT2BNT9WUADY45C.pcm

SwiftExplicitDependencyGeneratePcm arm64 /var/folders/fh/vt8wk6pn5dgd_tv982c123440000gp/T/picpac-snapshots-4bd21p79/build/ModuleCache.noindex/CoreMedia-88V7VC41EVYK7FANEA5ZVWKEE.pcm

SwiftExplicitDependencyGeneratePcm arm64 /var/folders/fh/vt8wk6pn5dgd_tv982c123440000gp/T/picpac-snapshots-4bd21p79/build/ModuleCache.noindex/CoreImage-4R9PHIC4G0WNUPXFTXSEVF4JF.pcm

SwiftExplicitDependencyGeneratePcm x86_64 /var/folders/fh/vt8wk6pn5dgd_tv982c123440000gp/T/picpac-snapshots-4bd21p79/build/ModuleCache.noindex/SwiftUICore-DJTYVGW2K9VHSEXS31RYFZHYW.pcm

SwiftExplicitDependencyGeneratePcm x86_64 /var/folders/fh/vt8wk6pn5dgd_tv982c123440000gp/T/picpac-snapshots-4bd21p79/build/ModuleCache.noindex/UIKit-2DQE65ZGY45UK4I5LLCFA302Z.pcm

SwiftExplicitDependencyGeneratePcm x86_64 /var/folders/fh/vt8wk6pn5dgd_tv982c123440000gp/T/picpac-snapshots-4bd21p79/build/ModuleCache.noindex/AVFAudio-4LSC1H5PKF2IP4QKNY7JKRJ8V.pcm

SwiftExplicitDependencyGeneratePcm x86_64 /var/folders/fh/vt8wk6pn5dgd_tv982c123440000gp/T/picpac-snapshots-4bd21p79/build/ModuleCache.noindex/MediaToolbox-1SCLG7W9G5CZW7N2HICS7VKHN.pcm

SwiftExplicitDependencyGeneratePcm arm64 /var/folders/fh/vt8wk6pn5dgd_tv982c123440000gp/T/picpac-snapshots-4bd21p79/build/ModuleCache.noindex/SwiftUICore-4X21RHFVHBHRZYYB5QT2CV24V.pcm

SwiftExplicitDependencyGeneratePcm arm64 /var/folders/fh/vt8wk6pn5dgd_tv982c123440000gp/T/picpac-snapshots-4bd21p79/build/ModuleCache.noindex/AVFAudio-E3G6ZJG028UO6Q9ZLPT6D4X3Y.pcm

SwiftExplicitDependencyGeneratePcm arm64 /var/folders/fh/vt8wk6pn5dgd_tv982c123440000gp/T/picpac-snapshots-4bd21p79/build/ModuleCache.noindex/MediaToolbox-5K22XXXS0DJZE1N60OE88Z7JK.pcm

SwiftExplicitDependencyGeneratePcm arm64 /var/folders/fh/vt8wk6pn5dgd_tv982c123440000gp/T/picpac-snapshots-4bd21p79/build/ModuleCache.noindex/UIKit-BLI8JTKQFW4L3CT01P1CI3QBR.pcm

SwiftExplicitDependencyGeneratePcm x86_64 /var/folders/fh/vt8wk6pn5dgd_tv982c123440000gp/T/picpac-snapshots-4bd21p79/build/ModuleCache.noindex/AVFoundation-BEJ5HSFCW352NXJ1BKNC4TT40.pcm

SwiftExplicitDependencyGeneratePcm arm64 /var/folders/fh/vt8wk6pn5dgd_tv982c123440000gp/T/picpac-snapshots-4bd21p79/build/ModuleCache.noindex/AVFoundation-9DDHWBPDZMVFH6HK0GX65P8UA.pcm

SwiftExplicitDependencyGeneratePcm x86_64 /var/folders/fh/vt8wk6pn5dgd_tv982c123440000gp/T/picpac-snapshots-4bd21p79/build/ModuleCache.noindex/SwiftUI-12ZFR1YNQBWA0MNT4NYFLZECB.pcm

SwiftCompile normal x86_64 Compiling\ DebugLaunchConfiguration.swift /Users/bavabangaru/Developer/pic-pac-poe-ios-native-parity/ios/PicPacPoe/DebugLaunchConfiguration.swift (in target 'PicPacPoe' from project 'PicPacPoe')
SwiftCompile normal x86_64 /Users/bavabangaru/Developer/pic-pac-poe-ios-native-parity/ios/PicPacPoe/DebugLaunchConfiguration.swift (in target 'PicPacPoe' from project 'PicPacPoe')
    cd /Users/bavabangaru/Developer/pic-pac-poe-ios-native-parity/ios
    

SwiftEmitModule normal x86_64 Emitting\ module\ for\ PicPacPoe (in target 'PicPacPoe' from project 'PicPacPoe')

EmitSwiftModule normal x86_64 (in target 'PicPacPoe' from project 'PicPacPoe')
    cd /Users/bavabangaru/Developer/pic-pac-poe-ios-native-parity/ios
    

SwiftCompile normal x86_64 Compiling\ PhysicalBoard.swift /Users/bavabangaru/Developer/pic-pac-poe-ios-native-parity/ios/PicPacPoe/PhysicalBoard.swift (in target 'PicPacPoe' from project 'PicPacPoe')
SwiftCompile normal x86_64 /Users/bavabangaru/Developer/pic-pac-poe-ios-native-parity/ios/PicPacPoe/PhysicalBoard.swift (in target 'PicPacPoe' from project 'PicPacPoe')
    cd /Users/bavabangaru/Developer/pic-pac-poe-ios-native-parity/ios
    

SwiftCompile normal x86_64 Compiling\ InfoViews.swift /Users/bavabangaru/Developer/pic-pac-poe-ios-native-parity/ios/PicPacPoe/InfoViews.swift (in target 'PicPacPoe' from project 'PicPacPoe')

SwiftCompile normal x86_64 /Users/bavabangaru/Developer/pic-pac-poe-ios-native-parity/ios/PicPacPoe/InfoViews.swift (in target 'PicPacPoe' from project 'PicPacPoe')
    cd /Users/bavabangaru/Developer/pic-pac-poe-ios-native-parity/ios
    

SwiftCompile normal x86_64 Compiling\ GeneratedAssetSymbols.swift /var/folders/fh/vt8wk6pn5dgd_tv982c123440000gp/T/picpac-snapshots-4bd21p79/build/Build/Intermediates.noindex/PicPacPoe.build/Debug-iphonesimulator/PicPacPoe.build/DerivedSources/GeneratedAssetSymbols.swift (in target 'PicPacPoe' from project 'PicPacPoe')

SwiftCompile normal x86_64 /var/folders/fh/vt8wk6pn5dgd_tv982c123440000gp/T/picpac-snapshots-4bd21p79/build/Build/Intermediates.noindex/PicPacPoe.build/Debug-iphonesimulator/PicPacPoe.build/DerivedSources/GeneratedAssetSymbols.swift (in target 'PicPacPoe' from project 'PicPacPoe')
    cd /Users/bavabangaru/Developer/pic-pac-poe-ios-native-parity/ios
    

SwiftCompile normal x86_64 Compiling\ HomeView.swift /Users/bavabangaru/Developer/pic-pac-poe-ios-native-parity/ios/PicPacPoe/HomeView.swift (in target 'PicPacPoe' from project 'PicPacPoe')
SwiftCompile normal x86_64 /Users/bavabangaru/Developer/pic-pac-poe-ios-native-parity/ios/PicPacPoe/HomeView.swift (in target 'PicPacPoe' from project 'PicPacPoe')
    cd /Users/bavabangaru/Developer/pic-pac-poe-ios-native-parity/ios
    

SwiftCompile normal x86_64 Compiling\ ProductionAIWorker.swift /Users/bavabangaru/Developer/pic-pac-poe-ios-native-parity/ios/PicPacPoe/ProductionAIWorker.swift (in target 'PicPacPoe' from project 'PicPacPoe')

SwiftCompile normal x86_64 /Users/bavabangaru/Developer/pic-pac-poe-ios-native-parity/ios/PicPacPoe/ProductionAIWorker.swift (in target 'PicPacPoe' from project 'PicPacPoe')
    cd /Users/bavabangaru/Developer/pic-pac-poe-ios-native-parity/ios
    

SwiftCompile normal x86_64 Compiling\ PicPacPoeApp.swift /Users/bavabangaru/Developer/pic-pac-poe-ios-native-parity/ios/PicPacPoe/PicPacPoeApp.swift (in target 'PicPacPoe' from project 'PicPacPoe')

SwiftCompile normal x86_64 /Users/bavabangaru/Developer/pic-pac-poe-ios-native-parity/ios/PicPacPoe/PicPacPoeApp.swift (in target 'PicPacPoe' from project 'PicPacPoe')
    cd /Users/bavabangaru/Developer/pic-pac-poe-ios-native-parity/ios
    

SwiftCompile normal x86_64 Compiling\ FormTheme.swift /Users/bavabangaru/Developer/pic-pac-poe-ios-native-parity/ios/PicPacPoe/FormTheme.swift (in target 'PicPacPoe' from project 'PicPacPoe')

SwiftCompile normal x86_64 /Users/bavabangaru/Developer/pic-pac-poe-ios-native-parity/ios/PicPacPoe/FormTheme.swift (in target 'PicPacPoe' from project 'PicPacPoe')
    cd /Users/bavabangaru/Developer/pic-pac-poe-ios-native-parity/ios
    

SwiftCompile normal x86_64 Compiling\ FeedbackService.swift /Users/bavabangaru/Developer/pic-pac-poe-ios-native-parity/ios/PicPacPoe/FeedbackService.swift (in target 'PicPacPoe' from project 'PicPacPoe')

SwiftCompile normal x86_64 /Users/bavabangaru/Developer/pic-pac-poe-ios-native-parity/ios/PicPacPoe/FeedbackService.swift (in target 'PicPacPoe' from project 'PicPacPoe')
    cd /Users/bavabangaru/Developer/pic-pac-poe-ios-native-parity/ios
    

SwiftCompile normal x86_64 Compiling\ GameView.swift /Users/bavabangaru/Developer/pic-pac-poe-ios-native-parity/ios/PicPacPoe/GameView.swift (in target 'PicPacPoe' from project 'PicPacPoe')
SwiftCompile normal x86_64 /Users/bavabangaru/Developer/pic-pac-poe-ios-native-parity/ios/PicPacPoe/GameView.swift (in target 'PicPacPoe' from project 'PicPacPoe')
    cd /Users/bavabangaru/Developer/pic-pac-poe-ios-native-parity/ios
    

SwiftExplicitDependencyGeneratePcm arm64 /var/folders/fh/vt8wk6pn5dgd_tv982c123440000gp/T/picpac-snapshots-4bd21p79/build/ModuleCache.noindex/SwiftUI-BND435II1JX269W9EW1DW5W9F.pcm

SwiftDriverJobDiscovery normal x86_64 Compiling ProductionAIWorker.swift (in target 'PicPacPoe' from project 'PicPacPoe')

SwiftDriverJobDiscovery normal x86_64 Emitting module for PicPacPoe (in target 'PicPacPoe' from project 'PicPacPoe')

SwiftDriver\ Compilation\ Requirements PicPacPoe normal x86_64 com.apple.xcode.tools.swift.compiler (in target 'PicPacPoe' from project 'PicPacPoe')
    cd /Users/bavabangaru/Developer/pic-pac-poe-ios-native-parity/ios
    builtin-Swift-Compilation-Requirements -- /Applications/Xcode.app/Contents/Developer/Toolchains/XcodeDefault.xctoolchain/usr/bin/swiftc -module-name PicPacPoe -Onone @/var/folders/fh/vt8wk6pn5dgd_tv982c123440000gp/T/picpac-snapshots-4bd21p79/build/Build/Intermediates.noindex/PicPacPoe.build/Debug-iphonesimulator/PicPacPoe.build/Objects-normal/x86_64/PicPacPoe.SwiftFileList -DDEBUG -enable-experimental-feature DebugDescriptionMacro -sdk /Applications/Xcode.app/Contents/Developer/Platforms/iPhoneSimulator.platform/Developer/SDKs/iPhoneSimulator26.5.sdk -target x86_64-apple-ios17.0-simulator -g -module-cache-path /var/folders/fh/vt8wk6pn5dgd_tv982c123440000gp/T/picpac-snapshots-4bd21p79/build/ModuleCache.noindex -Xfrontend -serialize-debugging-options -profile-coverage-mapping -profile-generate -enable-testing -index-store-path /var/folders/fh/vt8wk6pn5dgd_tv982c123440000gp/T/picpac-snapshots-4bd21p79/build/Index.noindex/DataStore -Xcc -D_LIBCPP_HARDENING_MODE\=_LIBCPP_HARDENING_MODE_DEBUG -swift-version 6 -I /var/folders/fh/vt8wk6pn5dgd_tv982c123440000gp/T/picpac-snapshots-4bd21p79/build/Build/Products/Debug-iphonesimulator -F /var/folders/fh/vt8wk6pn5dgd_tv982c123440000gp/T/picpac-snapshots-4bd21p79/build/Build/Products/Debug-iphonesimulator/PackageFrameworks -F /var/folders/fh/vt8wk6pn5dgd_tv982c123440000gp/T/picpac-snapshots-4bd21p79/build/Build/Products/Debug-iphonesimulator/PackageFrameworks -F /var/folders/fh/vt8wk6pn5dgd_tv982c123440000gp/T/picpac-snapshots-4bd21p79/build/Build/Products/Debug-iphonesimulator/PackageFrameworks -F /var/folders/fh/vt8wk6pn5dgd_tv982c123440000gp/T/picpac-snapshots-4bd21p79/build/Build/Products/Debug-iphonesimulator -emit-localized-strings -emit-localized-strings-path /var/folders/fh/vt8wk6pn5dgd_tv982c123440000gp/T/picpac-snapshots-4bd21p79/build/Build/Intermediates.noindex/PicPacPoe.build/Debug-iphonesimulator/PicPacPoe.build/Objects-normal/x86_64 -c -j12 -enable-batch-mode -incremental -Xcc -ivfsstatcache -Xcc /var/folders/fh/vt8wk6pn5dgd_tv982c123440000gp/T/picpac-snapshots-4bd21p79/build/SDKStatCaches.noindex/iphonesimulator26.5-23F81a-6cfe768891a92b912361537c460fe42b.sdkstatcache -output-file-map /var/folders/fh/vt8wk6pn5dgd_tv982c123440000gp/T/picpac-snapshots-4bd21p79/build/Build/Intermediates.noindex/PicPacPoe.build/Debug-iphonesimulator/PicPacPoe.build/Objects-normal/x86_64/PicPacPoe-OutputFileMap.json -use-frontend-parseable-output -save-temps -no-color-diagnostics -explicit-module-build -module-cache-path /var/folders/fh/vt8wk6pn5dgd_tv982c123440000gp/T/picpac-snapshots-4bd21p79/build/Build/Intermediates.noindex/SwiftExplicitPrecompiledModules -clang-scanner-module-cache-path /var/folders/fh/vt8wk6pn5dgd_tv982c123440000gp/T/picpac-snapshots-4bd21p79/build/ModuleCache.noindex -sdk-module-cache-path /var/folders/fh/vt8wk6pn5dgd_tv982c123440000gp/T/picpac-snapshots-4bd21p79/build/ModuleCache.noindex -serialize-diagnostics -emit-dependencies -emit-module -emit-module-path /var/folders/fh/vt8wk6pn5dgd_tv982c123440000gp/T/picpac-snapshots-4bd21p79/build/Build/Intermediates.noindex/PicPacPoe.build/Debug-iphonesimulator/PicPacPoe.build/Objects-normal/x86_64/PicPacPoe.swiftmodule -validate-clang-modules-once -clang-build-session-file /var/folders/fh/vt8wk6pn5dgd_tv982c123440000gp/T/picpac-snapshots-4bd21p79/build/ModuleCache.noindex/Session.modulevalidation -Xcc -I/var/folders/fh/vt8wk6pn5dgd_tv982c123440000gp/T/picpac-snapshots-4bd21p79/build/Build/Intermediates.noindex/PicPacPoe.build/Debug-iphonesimulator/PicPacPoe.build/swift-overrides.hmap -emit-const-values -Xfrontend -const-gather-protocols-file -Xfrontend /var/folders/fh/vt8wk6pn5dgd_tv982c123440000gp/T/picpac-snapshots-4bd21p79/build/Build/Intermediates.noindex/PicPacPoe.build/Debug-iphonesimulator/PicPacPoe.build/Objects-normal/x86_64/PicPacPoe_const_extract_protocols.json -Xcc -iquote -Xcc /var/folders/fh/vt8wk6pn5dgd_tv982c123440000gp/T/picpac-snapshots-4bd21p79/build/Build/Intermediates.noindex/PicPacPoe.build/Debug-iphonesimulator/PicPacPoe.build/PicPacPoe-generated-files.hmap -Xcc -I/var/folders/fh/vt8wk6pn5dgd_tv982c123440000gp/T/picpac-snapshots-4bd21p79/build/Build/Intermediates.noindex/PicPacPoe.build/Debug-iphonesimulator/PicPacPoe.build/PicPacPoe-own-target-headers.hmap -Xcc -I/var/folders/fh/vt8wk6pn5dgd_tv982c123440000gp/T/picpac-snapshots-4bd21p79/build/Build/Intermediates.noindex/PicPacPoe.build/Debug-iphonesimulator/PicPacPoe.build/PicPacPoe-all-non-framework-target-headers.hmap -Xcc -ivfsoverlay -Xcc /var/folders/fh/vt8wk6pn5dgd_tv982c123440000gp/T/picpac-snapshots-4bd21p79/build/Build/Intermediates.noindex/PicPacPoe.build/Debug-iphonesimulator/PicPacPoe-90eff2f9d9e8600d7e53134acd1cb833-VFS-iphonesimulator/all-product-headers.yaml -Xcc -iquote -Xcc /var/folders/fh/vt8wk6pn5dgd_tv982c123440000gp/T/picpac-snapshots-4bd21p79/build/Build/Intermediates.noindex/PicPacPoe.build/Debug-iphonesimulator/PicPacPoe.build/PicPacPoe-project-headers.hmap -Xcc -I/var/folders/fh/vt8wk6pn5dgd_tv982c123440000gp/T/picpac-snapshots-4bd21p79/build/Build/Products/Debug-iphonesimulator/include -Xcc -I/var/folders/fh/vt8wk6pn5dgd_tv982c123440000gp/T/picpac-snapshots-4bd21p79/build/Build/Intermediates.noindex/PicPacPoe.build/Debug-iphonesimulator/PicPacPoe.build/DerivedSources-normal/x86_64 -Xcc -I/var/folders/fh/vt8wk6pn5dgd_tv982c123440000gp/T/picpac-snapshots-4bd21p79/build/Build/Intermediates.noindex/PicPacPoe.build/Debug-iphonesimulator/PicPacPoe.build/DerivedSources/x86_64 -Xcc -I/var/folders/fh/vt8wk6pn5dgd_tv982c123440000gp/T/picpac-snapshots-4bd21p79/build/Build/Intermediates.noindex/PicPacPoe.build/Debug-iphonesimulator/PicPacPoe.build/DerivedSources -emit-objc-header -emit-objc-header-path /var/folders/fh/vt8wk6pn5dgd_tv982c123440000gp/T/picpac-snapshots-4bd21p79/build/Build/Intermediates.noindex/PicPacPoe.build/Debug-iphonesimulator/PicPacPoe.build/Objects-normal/x86_64/PicPacPoe-Swift.h -working-directory /Users/bavabangaru/Developer/pic-pac-poe-ios-native-parity/ios -experimental-emit-module-separately -disable-cmo

Copy /var/folders/fh/vt8wk6pn5dgd_tv982c123440000gp/T/picpac-snapshots-4bd21p79/build/Build/Products/Debug-iphonesimulator/PicPacPoe.swiftmodule/x86_64-apple-ios-simulator.swiftmodule /var/folders/fh/vt8wk6pn5dgd_tv982c123440000gp/T/picpac-snapshots-4bd21p79/build/Build/Intermediates.noindex/PicPacPoe.build/Debug-iphonesimulator/PicPacPoe.build/Objects-normal/x86_64/PicPacPoe.swiftmodule (in target 'PicPacPoe' from project 'PicPacPoe')
    cd /Users/bavabangaru/Developer/pic-pac-poe-ios-native-parity/ios
    builtin-copy -exclude .DS_Store -exclude CVS -exclude .svn -exclude .git -exclude .hg -resolve-src-symlinks -rename /var/folders/fh/vt8wk6pn5dgd_tv982c123440000gp/T/picpac-snapshots-4bd21p79/build/Build/Intermediates.noindex/PicPacPoe.build/Debug-iphonesimulator/PicPacPoe.build/Objects-normal/x86_64/PicPacPoe.swiftmodule /var/folders/fh/vt8wk6pn5dgd_tv982c123440000gp/T/picpac-snapshots-4bd21p79/build/Build/Products/Debug-iphonesimulator/PicPacPoe.swiftmodule/x86_64-apple-ios-simulator.swiftmodule

Copy /var/folders/fh/vt8wk6pn5dgd_tv982c123440000gp/T/picpac-snapshots-4bd21p79/build/Build/Products/Debug-iphonesimulator/PicPacPoe.swiftmodule/x86_64-apple-ios-simulator.swiftdoc /var/folders/fh/vt8wk6pn5dgd_tv982c123440000gp/T/picpac-snapshots-4bd21p79/build/Build/Intermediates.noindex/PicPacPoe.build/Debug-iphonesimulator/PicPacPoe.build/Objects-normal/x86_64/PicPacPoe.swiftdoc (in target 'PicPacPoe' from project 'PicPacPoe')
    cd /Users/bavabangaru/Developer/pic-pac-poe-ios-native-parity/ios
    builtin-copy -exclude .DS_Store -exclude CVS -exclude .svn -exclude .git -exclude .hg -resolve-src-symlinks -rename /var/folders/fh/vt8wk6pn5dgd_tv982c123440000gp/T/picpac-snapshots-4bd21p79/build/Build/Intermediates.noindex/PicPacPoe.build/Debug-iphonesimulator/PicPacPoe.build/Objects-normal/x86_64/PicPacPoe.swiftdoc /var/folders/fh/vt8wk6pn5dgd_tv982c123440000gp/T/picpac-snapshots-4bd21p79/build/Build/Products/Debug-iphonesimulator/PicPacPoe.swiftmodule/x86_64-apple-ios-simulator.swiftdoc

Copy /var/folders/fh/vt8wk6pn5dgd_tv982c123440000gp/T/picpac-snapshots-4bd21p79/build/Build/Products/Debug-iphonesimulator/PicPacPoe.swiftmodule/x86_64-apple-ios-simulator.abi.json /var/folders/fh/vt8wk6pn5dgd_tv982c123440000gp/T/picpac-snapshots-4bd21p79/build/Build/Intermediates.noindex/PicPacPoe.build/Debug-iphonesimulator/PicPacPoe.build/Objects-normal/x86_64/PicPacPoe.abi.json (in target 'PicPacPoe' from project 'PicPacPoe')
    cd /Users/bavabangaru/Developer/pic-pac-poe-ios-native-parity/ios
    builtin-copy -exclude .DS_Store -exclude CVS -exclude .svn -exclude .git -exclude .hg -resolve-src-symlinks -rename /var/folders/fh/vt8wk6pn5dgd_tv982c123440000gp/T/picpac-snapshots-4bd21p79/build/Build/Intermediates.noindex/PicPacPoe.build/Debug-iphonesimulator/PicPacPoe.build/Objects-normal/x86_64/PicPacPoe.abi.json /var/folders/fh/vt8wk6pn5dgd_tv982c123440000gp/T/picpac-snapshots-4bd21p79/build/Build/Products/Debug-iphonesimulator/PicPacPoe.swiftmodule/x86_64-apple-ios-simulator.abi.json

Copy /var/folders/fh/vt8wk6pn5dgd_tv982c123440000gp/T/picpac-snapshots-4bd21p79/build/Build/Products/Debug-iphonesimulator/PicPacPoe.swiftmodule/Project/x86_64-apple-ios-simulator.swiftsourceinfo /var/folders/fh/vt8wk6pn5dgd_tv982c123440000gp/T/picpac-snapshots-4bd21p79/build/Build/Intermediates.noindex/PicPacPoe.build/Debug-iphonesimulator/PicPacPoe.build/Objects-normal/x86_64/PicPacPoe.swiftsourceinfo (in target 'PicPacPoe' from project 'PicPacPoe')
    cd /Users/bavabangaru/Developer/pic-pac-poe-ios-native-parity/ios
    builtin-copy -exclude .DS_Store -exclude CVS -exclude .svn -exclude .git -exclude .hg -resolve-src-symlinks -rename /var/folders/fh/vt8wk6pn5dgd_tv982c123440000gp/T/picpac-snapshots-4bd21p79/build/Build/Intermediates.noindex/PicPacPoe.build/Debug-iphonesimulator/PicPacPoe.build/Objects-normal/x86_64/PicPacPoe.swiftsourceinfo /var/folders/fh/vt8wk6pn5dgd_tv982c123440000gp/T/picpac-snapshots-4bd21p79/build/Build/Products/Debug-iphonesimulator/PicPacPoe.swiftmodule/Project/x86_64-apple-ios-simulator.swiftsourceinfo

SwiftEmitModule normal arm64 Emitting\ module\ for\ PicPacPoe (in target 'PicPacPoe' from project 'PicPacPoe')

EmitSwiftModule normal arm64 (in target 'PicPacPoe' from project 'PicPacPoe')
    cd /Users/bavabangaru/Developer/pic-pac-poe-ios-native-parity/ios
    

SwiftCompile normal arm64 Compiling\ PhysicalBoard.swift /Users/bavabangaru/Developer/pic-pac-poe-ios-native-parity/ios/PicPacPoe/PhysicalBoard.swift (in target 'PicPacPoe' from project 'PicPacPoe')
SwiftCompile normal arm64 /Users/bavabangaru/Developer/pic-pac-poe-ios-native-parity/ios/PicPacPoe/PhysicalBoard.swift (in target 'PicPacPoe' from project 'PicPacPoe')
    cd /Users/bavabangaru/Developer/pic-pac-poe-ios-native-parity/ios
    

SwiftCompile normal arm64 Compiling\ DebugLaunchConfiguration.swift /Users/bavabangaru/Developer/pic-pac-poe-ios-native-parity/ios/PicPacPoe/DebugLaunchConfiguration.swift (in target 'PicPacPoe' from project 'PicPacPoe')

SwiftCompile normal arm64 /Users/bavabangaru/Developer/pic-pac-poe-ios-native-parity/ios/PicPacPoe/DebugLaunchConfiguration.swift (in target 'PicPacPoe' from project 'PicPacPoe')
    cd /Users/bavabangaru/Developer/pic-pac-poe-ios-native-parity/ios
    

SwiftDriverJobDiscovery normal x86_64 Compiling GeneratedAssetSymbols.swift (in target 'PicPacPoe' from project 'PicPacPoe')

SwiftCompile normal arm64 Compiling\ FeedbackService.swift /Users/bavabangaru/Developer/pic-pac-poe-ios-native-parity/ios/PicPacPoe/FeedbackService.swift (in target 'PicPacPoe' from project 'PicPacPoe')

SwiftCompile normal arm64 /Users/bavabangaru/Developer/pic-pac-poe-ios-native-parity/ios/PicPacPoe/FeedbackService.swift (in target 'PicPacPoe' from project 'PicPacPoe')
    cd /Users/bavabangaru/Developer/pic-pac-poe-ios-native-parity/ios
    

SwiftDriverJobDiscovery normal arm64 Emitting module for PicPacPoe (in target 'PicPacPoe' from project 'PicPacPoe')

SwiftDriver\ Compilation\ Requirements PicPacPoe normal arm64 com.apple.xcode.tools.swift.compiler (in target 'PicPacPoe' from project 'PicPacPoe')
    cd /Users/bavabangaru/Developer/pic-pac-poe-ios-native-parity/ios
    builtin-Swift-Compilation-Requirements -- /Applications/Xcode.app/Contents/Developer/Toolchains/XcodeDefault.xctoolchain/usr/bin/swiftc -module-name PicPacPoe -Onone @/var/folders/fh/vt8wk6pn5dgd_tv982c123440000gp/T/picpac-snapshots-4bd21p79/build/Build/Intermediates.noindex/PicPacPoe.build/Debug-iphonesimulator/PicPacPoe.build/Objects-normal/arm64/PicPacPoe.SwiftFileList -DDEBUG -enable-experimental-feature DebugDescriptionMacro -sdk /Applications/Xcode.app/Contents/Developer/Platforms/iPhoneSimulator.platform/Developer/SDKs/iPhoneSimulator26.5.sdk -target arm64-apple-ios17.0-simulator -g -module-cache-path /var/folders/fh/vt8wk6pn5dgd_tv982c123440000gp/T/picpac-snapshots-4bd21p79/build/ModuleCache.noindex -Xfrontend -serialize-debugging-options -profile-coverage-mapping -profile-generate -enable-testing -index-store-path /var/folders/fh/vt8wk6pn5dgd_tv982c123440000gp/T/picpac-snapshots-4bd21p79/build/Index.noindex/DataStore -Xcc -D_LIBCPP_HARDENING_MODE\=_LIBCPP_HARDENING_MODE_DEBUG -swift-version 6 -I /var/folders/fh/vt8wk6pn5dgd_tv982c123440000gp/T/picpac-snapshots-4bd21p79/build/Build/Products/Debug-iphonesimulator -F /var/folders/fh/vt8wk6pn5dgd_tv982c123440000gp/T/picpac-snapshots-4bd21p79/build/Build/Products/Debug-iphonesimulator/PackageFrameworks -F /var/folders/fh/vt8wk6pn5dgd_tv982c123440000gp/T/picpac-snapshots-4bd21p79/build/Build/Products/Debug-iphonesimulator/PackageFrameworks -F /var/folders/fh/vt8wk6pn5dgd_tv982c123440000gp/T/picpac-snapshots-4bd21p79/build/Build/Products/Debug-iphonesimulator/PackageFrameworks -F /var/folders/fh/vt8wk6pn5dgd_tv982c123440000gp/T/picpac-snapshots-4bd21p79/build/Build/Products/Debug-iphonesimulator -emit-localized-strings -emit-localized-strings-path /var/folders/fh/vt8wk6pn5dgd_tv982c123440000gp/T/picpac-snapshots-4bd21p79/build/Build/Intermediates.noindex/PicPacPoe.build/Debug-iphonesimulator/PicPacPoe.build/Objects-normal/arm64 -c -j12 -enable-batch-mode -incremental -Xcc -ivfsstatcache -Xcc /var/folders/fh/vt8wk6pn5dgd_tv982c123440000gp/T/picpac-snapshots-4bd21p79/build/SDKStatCaches.noindex/iphonesimulator26.5-23F81a-6cfe768891a92b912361537c460fe42b.sdkstatcache -output-file-map /var/folders/fh/vt8wk6pn5dgd_tv982c123440000gp/T/picpac-snapshots-4bd21p79/build/Build/Intermediates.noindex/PicPacPoe.build/Debug-iphonesimulator/PicPacPoe.build/Objects-normal/arm64/PicPacPoe-OutputFileMap.json -use-frontend-parseable-output -save-temps -no-color-diagnostics -explicit-module-build -module-cache-path /var/folders/fh/vt8wk6pn5dgd_tv982c123440000gp/T/picpac-snapshots-4bd21p79/build/Build/Intermediates.noindex/SwiftExplicitPrecompiledModules -clang-scanner-module-cache-path /var/folders/fh/vt8wk6pn5dgd_tv982c123440000gp/T/picpac-snapshots-4bd21p79/build/ModuleCache.noindex -sdk-module-cache-path /var/folders/fh/vt8wk6pn5dgd_tv982c123440000gp/T/picpac-snapshots-4bd21p79/build/ModuleCache.noindex -serialize-diagnostics -emit-dependencies -emit-module -emit-module-path /var/folders/fh/vt8wk6pn5dgd_tv982c123440000gp/T/picpac-snapshots-4bd21p79/build/Build/Intermediates.noindex/PicPacPoe.build/Debug-iphonesimulator/PicPacPoe.build/Objects-normal/arm64/PicPacPoe.swiftmodule -validate-clang-modules-once -clang-build-session-file /var/folders/fh/vt8wk6pn5dgd_tv982c123440000gp/T/picpac-snapshots-4bd21p79/build/ModuleCache.noindex/Session.modulevalidation -Xcc -I/var/folders/fh/vt8wk6pn5dgd_tv982c123440000gp/T/picpac-snapshots-4bd21p79/build/Build/Intermediates.noindex/PicPacPoe.build/Debug-iphonesimulator/PicPacPoe.build/swift-overrides.hmap -emit-const-values -Xfrontend -const-gather-protocols-file -Xfrontend /var/folders/fh/vt8wk6pn5dgd_tv982c123440000gp/T/picpac-snapshots-4bd21p79/build/Build/Intermediates.noindex/PicPacPoe.build/Debug-iphonesimulator/PicPacPoe.build/Objects-normal/arm64/PicPacPoe_const_extract_protocols.json -Xcc -iquote -Xcc /var/folders/fh/vt8wk6pn5dgd_tv982c123440000gp/T/picpac-snapshots-4bd21p79/build/Build/Intermediates.noindex/PicPacPoe.build/Debug-iphonesimulator/PicPacPoe.build/PicPacPoe-generated-files.hmap -Xcc -I/var/folders/fh/vt8wk6pn5dgd_tv982c123440000gp/T/picpac-snapshots-4bd21p79/build/Build/Intermediates.noindex/PicPacPoe.build/Debug-iphonesimulator/PicPacPoe.build/PicPacPoe-own-target-headers.hmap -Xcc -I/var/folders/fh/vt8wk6pn5dgd_tv982c123440000gp/T/picpac-snapshots-4bd21p79/build/Build/Intermediates.noindex/PicPacPoe.build/Debug-iphonesimulator/PicPacPoe.build/PicPacPoe-all-non-framework-target-headers.hmap -Xcc -ivfsoverlay -Xcc /var/folders/fh/vt8wk6pn5dgd_tv982c123440000gp/T/picpac-snapshots-4bd21p79/build/Build/Intermediates.noindex/PicPacPoe.build/Debug-iphonesimulator/PicPacPoe-90eff2f9d9e8600d7e53134acd1cb833-VFS-iphonesimulator/all-product-headers.yaml -Xcc -iquote -Xcc /var/folders/fh/vt8wk6pn5dgd_tv982c123440000gp/T/picpac-snapshots-4bd21p79/build/Build/Intermediates.noindex/PicPacPoe.build/Debug-iphonesimulator/PicPacPoe.build/PicPacPoe-project-headers.hmap -Xcc -I/var/folders/fh/vt8wk6pn5dgd_tv982c123440000gp/T/picpac-snapshots-4bd21p79/build/Build/Products/Debug-iphonesimulator/include -Xcc -I/var/folders/fh/vt8wk6pn5dgd_tv982c123440000gp/T/picpac-snapshots-4bd21p79/build/Build/Intermediates.noindex/PicPacPoe.build/Debug-iphonesimulator/PicPacPoe.build/DerivedSources-normal/arm64 -Xcc -I/var/folders/fh/vt8wk6pn5dgd_tv982c123440000gp/T/picpac-snapshots-4bd21p79/build/Build/Intermediates.noindex/PicPacPoe.build/Debug-iphonesimulator/PicPacPoe.build/DerivedSources/arm64 -Xcc -I/var/folders/fh/vt8wk6pn5dgd_tv982c123440000gp/T/picpac-snapshots-4bd21p79/build/Build/Intermediates.noindex/PicPacPoe.build/Debug-iphonesimulator/PicPacPoe.build/DerivedSources -emit-objc-header -emit-objc-header-path /var/folders/fh/vt8wk6pn5dgd_tv982c123440000gp/T/picpac-snapshots-4bd21p79/build/Build/Intermediates.noindex/PicPacPoe.build/Debug-iphonesimulator/PicPacPoe.build/Objects-normal/arm64/PicPacPoe-Swift.h -working-directory /Users/bavabangaru/Developer/pic-pac-poe-ios-native-parity/ios -experimental-emit-module-separately -disable-cmo

SwiftCompile normal arm64 Compiling\ GameView.swift /Users/bavabangaru/Developer/pic-pac-poe-ios-native-parity/ios/PicPacPoe/GameView.swift (in target 'PicPacPoe' from project 'PicPacPoe')
SwiftCompile normal arm64 /Users/bavabangaru/Developer/pic-pac-poe-ios-native-parity/ios/PicPacPoe/GameView.swift (in target 'PicPacPoe' from project 'PicPacPoe')
    cd /Users/bavabangaru/Developer/pic-pac-poe-ios-native-parity/ios
    

SwiftMergeGeneratedHeaders /var/folders/fh/vt8wk6pn5dgd_tv982c123440000gp/T/picpac-snapshots-4bd21p79/build/Build/Intermediates.noindex/PicPacPoe.build/Debug-iphonesimulator/PicPacPoe.build/DerivedSources/PicPacPoe-Swift.h /var/folders/fh/vt8wk6pn5dgd_tv982c123440000gp/T/picpac-snapshots-4bd21p79/build/Build/Intermediates.noindex/PicPacPoe.build/Debug-iphonesimulator/PicPacPoe.build/Objects-normal/arm64/PicPacPoe-Swift.h /var/folders/fh/vt8wk6pn5dgd_tv982c123440000gp/T/picpac-snapshots-4bd21p79/build/Build/Intermediates.noindex/PicPacPoe.build/Debug-iphonesimulator/PicPacPoe.build/Objects-normal/x86_64/PicPacPoe-Swift.h (in target 'PicPacPoe' from project 'PicPacPoe')
    cd /Users/bavabangaru/Developer/pic-pac-poe-ios-native-parity/ios
    builtin-swiftHeaderTool -arch arm64 /var/folders/fh/vt8wk6pn5dgd_tv982c123440000gp/T/picpac-snapshots-4bd21p79/build/Build/Intermediates.noindex/PicPacPoe.build/Debug-iphonesimulator/PicPacPoe.build/Objects-normal/arm64/PicPacPoe-Swift.h -arch x86_64 /var/folders/fh/vt8wk6pn5dgd_tv982c123440000gp/T/picpac-snapshots-4bd21p79/build/Build/Intermediates.noindex/PicPacPoe.build/Debug-iphonesimulator/PicPacPoe.build/Objects-normal/x86_64/PicPacPoe-Swift.h -o /var/folders/fh/vt8wk6pn5dgd_tv982c123440000gp/T/picpac-snapshots-4bd21p79/build/Build/Intermediates.noindex/PicPacPoe.build/Debug-iphonesimulator/PicPacPoe.build/DerivedSources/PicPacPoe-Swift.h

SwiftDriverJobDiscovery normal x86_64 Compiling FeedbackService.swift (in target 'PicPacPoe' from project 'PicPacPoe')

Copy /var/folders/fh/vt8wk6pn5dgd_tv982c123440000gp/T/picpac-snapshots-4bd21p79/build/Build/Products/Debug-iphonesimulator/PicPacPoe.swiftmodule/arm64-apple-ios-simulator.swiftmodule /var/folders/fh/vt8wk6pn5dgd_tv982c123440000gp/T/picpac-snapshots-4bd21p79/build/Build/Intermediates.noindex/PicPacPoe.build/Debug-iphonesimulator/PicPacPoe.build/Objects-normal/arm64/PicPacPoe.swiftmodule (in target 'PicPacPoe' from project 'PicPacPoe')
    cd /Users/bavabangaru/Developer/pic-pac-poe-ios-native-parity/ios
    builtin-copy -exclude .DS_Store -exclude CVS -exclude .svn -exclude .git -exclude .hg -resolve-src-symlinks -rename /var/folders/fh/vt8wk6pn5dgd_tv982c123440000gp/T/picpac-snapshots-4bd21p79/build/Build/Intermediates.noindex/PicPacPoe.build/Debug-iphonesimulator/PicPacPoe.build/Objects-normal/arm64/PicPacPoe.swiftmodule /var/folders/fh/vt8wk6pn5dgd_tv982c123440000gp/T/picpac-snapshots-4bd21p79/build/Build/Products/Debug-iphonesimulator/PicPacPoe.swiftmodule/arm64-apple-ios-simulator.swiftmodule

Copy /var/folders/fh/vt8wk6pn5dgd_tv982c123440000gp/T/picpac-snapshots-4bd21p79/build/Build/Products/Debug-iphonesimulator/PicPacPoe.swiftmodule/arm64-apple-ios-simulator.swiftdoc /var/folders/fh/vt8wk6pn5dgd_tv982c123440000gp/T/picpac-snapshots-4bd21p79/build/Build/Intermediates.noindex/PicPacPoe.build/Debug-iphonesimulator/PicPacPoe.build/Objects-normal/arm64/PicPacPoe.swiftdoc (in target 'PicPacPoe' from project 'PicPacPoe')
    cd /Users/bavabangaru/Developer/pic-pac-poe-ios-native-parity/ios
    builtin-copy -exclude .DS_Store -exclude CVS -exclude .svn -exclude .git -exclude .hg -resolve-src-symlinks -rename /var/folders/fh/vt8wk6pn5dgd_tv982c123440000gp/T/picpac-snapshots-4bd21p79/build/Build/Intermediates.noindex/PicPacPoe.build/Debug-iphonesimulator/PicPacPoe.build/Objects-normal/arm64/PicPacPoe.swiftdoc /var/folders/fh/vt8wk6pn5dgd_tv982c123440000gp/T/picpac-snapshots-4bd21p79/build/Build/Products/Debug-iphonesimulator/PicPacPoe.swiftmodule/arm64-apple-ios-simulator.swiftdoc

Copy /var/folders/fh/vt8wk6pn5dgd_tv982c123440000gp/T/picpac-snapshots-4bd21p79/build/Build/Products/Debug-iphonesimulator/PicPacPoe.swiftmodule/arm64-apple-ios-simulator.abi.json /var/folders/fh/vt8wk6pn5dgd_tv982c123440000gp/T/picpac-snapshots-4bd21p79/build/Build/Intermediates.noindex/PicPacPoe.build/Debug-iphonesimulator/PicPacPoe.build/Objects-normal/arm64/PicPacPoe.abi.json (in target 'PicPacPoe' from project 'PicPacPoe')
    cd /Users/bavabangaru/Developer/pic-pac-poe-ios-native-parity/ios
    builtin-copy -exclude .DS_Store -exclude CVS -exclude .svn -exclude .git -exclude .hg -resolve-src-symlinks -rename /var/folders/fh/vt8wk6pn5dgd_tv982c123440000gp/T/picpac-snapshots-4bd21p79/build/Build/Intermediates.noindex/PicPacPoe.build/Debug-iphonesimulator/PicPacPoe.build/Objects-normal/arm64/PicPacPoe.abi.json /var/folders/fh/vt8wk6pn5dgd_tv982c123440000gp/T/picpac-snapshots-4bd21p79/build/Build/Products/Debug-iphonesimulator/PicPacPoe.swiftmodule/arm64-apple-ios-simulator.abi.json

Copy /var/folders/fh/vt8wk6pn5dgd_tv982c123440000gp/T/picpac-snapshots-4bd21p79/build/Build/Products/Debug-iphonesimulator/PicPacPoe.swiftmodule/Project/arm64-apple-ios-simulator.swiftsourceinfo /var/folders/fh/vt8wk6pn5dgd_tv982c123440000gp/T/picpac-snapshots-4bd21p79/build/Build/Intermediates.noindex/PicPacPoe.build/Debug-iphonesimulator/PicPacPoe.build/Objects-normal/arm64/PicPacPoe.swiftsourceinfo (in target 'PicPacPoe' from project 'PicPacPoe')
    cd /Users/bavabangaru/Developer/pic-pac-poe-ios-native-parity/ios
    builtin-copy -exclude .DS_Store -exclude CVS -exclude .svn -exclude .git -exclude .hg -resolve-src-symlinks -rename /var/folders/fh/vt8wk6pn5dgd_tv982c123440000gp/T/picpac-snapshots-4bd21p79/build/Build/Intermediates.noindex/PicPacPoe.build/Debug-iphonesimulator/PicPacPoe.build/Objects-normal/arm64/PicPacPoe.swiftsourceinfo /var/folders/fh/vt8wk6pn5dgd_tv982c123440000gp/T/picpac-snapshots-4bd21p79/build/Build/Products/Debug-iphonesimulator/PicPacPoe.swiftmodule/Project/arm64-apple-ios-simulator.swiftsourceinfo

SwiftCompile normal arm64 Compiling\ HomeView.swift /Users/bavabangaru/Developer/pic-pac-poe-ios-native-parity/ios/PicPacPoe/HomeView.swift (in target 'PicPacPoe' from project 'PicPacPoe')
SwiftCompile normal arm64 /Users/bavabangaru/Developer/pic-pac-poe-ios-native-parity/ios/PicPacPoe/HomeView.swift (in target 'PicPacPoe' from project 'PicPacPoe')
    cd /Users/bavabangaru/Developer/pic-pac-poe-ios-native-parity/ios
    

LinkAssetCatalog /Users/bavabangaru/Developer/pic-pac-poe-ios-native-parity/ios/PicPacPoe/Assets.xcassets (in target 'PicPacPoe' from project 'PicPacPoe')
    cd /Users/bavabangaru/Developer/pic-pac-poe-ios-native-parity/ios
    builtin-linkAssetCatalog --thinned /var/folders/fh/vt8wk6pn5dgd_tv982c123440000gp/T/picpac-snapshots-4bd21p79/build/Build/Intermediates.noindex/PicPacPoe.build/Debug-iphonesimulator/PicPacPoe.build/assetcatalog_output/thinned --thinned-dependencies /var/folders/fh/vt8wk6pn5dgd_tv982c123440000gp/T/picpac-snapshots-4bd21p79/build/Build/Intermediates.noindex/PicPacPoe.build/Debug-iphonesimulator/PicPacPoe.build/assetcatalog_dependencies_thinned --thinned-info-plist-content /var/folders/fh/vt8wk6pn5dgd_tv982c123440000gp/T/picpac-snapshots-4bd21p79/build/Build/Intermediates.noindex/PicPacPoe.build/Debug-iphonesimulator/PicPacPoe.build/assetcatalog_generated_info.plist_thinned --unthinned /var/folders/fh/vt8wk6pn5dgd_tv982c123440000gp/T/picpac-snapshots-4bd21p79/build/Build/Intermediates.noindex/PicPacPoe.build/Debug-iphonesimulator/PicPacPoe.build/assetcatalog_output/unthinned --unthinned-dependencies /var/folders/fh/vt8wk6pn5dgd_tv982c123440000gp/T/picpac-snapshots-4bd21p79/build/Build/Intermediates.noindex/PicPacPoe.build/Debug-iphonesimulator/PicPacPoe.build/assetcatalog_dependencies_unthinned --unthinned-info-plist-content /var/folders/fh/vt8wk6pn5dgd_tv982c123440000gp/T/picpac-snapshots-4bd21p79/build/Build/Intermediates.noindex/PicPacPoe.build/Debug-iphonesimulator/PicPacPoe.build/assetcatalog_generated_info.plist_unthinned --output /var/folders/fh/vt8wk6pn5dgd_tv982c123440000gp/T/picpac-snapshots-4bd21p79/build/Build/Products/Debug-iphonesimulator/PicPacPoe.app --plist-output /var/folders/fh/vt8wk6pn5dgd_tv982c123440000gp/T/picpac-snapshots-4bd21p79/build/Build/Intermediates.noindex/PicPacPoe.build/Debug-iphonesimulator/PicPacPoe.build/assetcatalog_generated_info.plist
note: Emplaced /var/folders/fh/vt8wk6pn5dgd_tv982c123440000gp/T/picpac-snapshots-4bd21p79/build/Build/Products/Debug-iphonesimulator/PicPacPoe.app/AppIcon76x76@2x~ipad.png (in target 'PicPacPoe' from project 'PicPacPoe')
note: Emplaced /var/folders/fh/vt8wk6pn5dgd_tv982c123440000gp/T/picpac-snapshots-4bd21p79/build/Build/Products/Debug-iphonesimulator/PicPacPoe.app/Assets.car (in target 'PicPacPoe' from project 'PicPacPoe')
note: Emplaced /var/folders/fh/vt8wk6pn5dgd_tv982c123440000gp/T/picpac-snapshots-4bd21p79/build/Build/Products/Debug-iphonesimulator/PicPacPoe.app/AppIcon60x60@2x.png (in target 'PicPacPoe' from project 'PicPacPoe')

SwiftDriverJobDiscovery normal x86_64 Compiling DebugLaunchConfiguration.swift (in target 'PicPacPoe' from project 'PicPacPoe')

ProcessInfoPlistFile /var/folders/fh/vt8wk6pn5dgd_tv982c123440000gp/T/picpac-snapshots-4bd21p79/build/Build/Products/Debug-iphonesimulator/PicPacPoe.app/Info.plist /Users/bavabangaru/Developer/pic-pac-poe-ios-native-parity/ios/PicPacPoe/Info.plist (in target 'PicPacPoe' from project 'PicPacPoe')
    cd /Users/bavabangaru/Developer/pic-pac-poe-ios-native-parity/ios
    builtin-infoPlistUtility /Users/bavabangaru/Developer/pic-pac-poe-ios-native-parity/ios/PicPacPoe/Info.plist -producttype com.apple.product-type.application -genpkginfo /var/folders/fh/vt8wk6pn5dgd_tv982c123440000gp/T/picpac-snapshots-4bd21p79/build/Build/Products/Debug-iphonesimulator/PicPacPoe.app/PkgInfo -expandbuildsettings -format binary -platform iphonesimulator -additionalcontentfile /var/folders/fh/vt8wk6pn5dgd_tv982c123440000gp/T/picpac-snapshots-4bd21p79/build/Build/Intermediates.noindex/PicPacPoe.build/Debug-iphonesimulator/PicPacPoe.build/assetcatalog_generated_info.plist -scanforprivacyfile /var/folders/fh/vt8wk6pn5dgd_tv982c123440000gp/T/picpac-snapshots-4bd21p79/build/Build/Products/Debug-iphonesimulator/PicPacPoe.app/PicPacKit_PicPacAI.bundle -o /var/folders/fh/vt8wk6pn5dgd_tv982c123440000gp/T/picpac-snapshots-4bd21p79/build/Build/Products/Debug-iphonesimulator/PicPacPoe.app/Info.plist

SwiftCompile normal arm64 Compiling\ FormTheme.swift /Users/bavabangaru/Developer/pic-pac-poe-ios-native-parity/ios/PicPacPoe/FormTheme.swift (in target 'PicPacPoe' from project 'PicPacPoe')

SwiftCompile normal arm64 /Users/bavabangaru/Developer/pic-pac-poe-ios-native-parity/ios/PicPacPoe/FormTheme.swift (in target 'PicPacPoe' from project 'PicPacPoe')
    cd /Users/bavabangaru/Developer/pic-pac-poe-ios-native-parity/ios
    

SwiftCompile normal arm64 Compiling\ ProductionAIWorker.swift /Users/bavabangaru/Developer/pic-pac-poe-ios-native-parity/ios/PicPacPoe/ProductionAIWorker.swift (in target 'PicPacPoe' from project 'PicPacPoe')

SwiftCompile normal arm64 /Users/bavabangaru/Developer/pic-pac-poe-ios-native-parity/ios/PicPacPoe/ProductionAIWorker.swift (in target 'PicPacPoe' from project 'PicPacPoe')
    cd /Users/bavabangaru/Developer/pic-pac-poe-ios-native-parity/ios
    

SwiftDriverJobDiscovery normal x86_64 Compiling FormTheme.swift (in target 'PicPacPoe' from project 'PicPacPoe')

SwiftCompile normal arm64 Compiling\ GeneratedAssetSymbols.swift /var/folders/fh/vt8wk6pn5dgd_tv982c123440000gp/T/picpac-snapshots-4bd21p79/build/Build/Intermediates.noindex/PicPacPoe.build/Debug-iphonesimulator/PicPacPoe.build/DerivedSources/GeneratedAssetSymbols.swift (in target 'PicPacPoe' from project 'PicPacPoe')

SwiftCompile normal arm64 /var/folders/fh/vt8wk6pn5dgd_tv982c123440000gp/T/picpac-snapshots-4bd21p79/build/Build/Intermediates.noindex/PicPacPoe.build/Debug-iphonesimulator/PicPacPoe.build/DerivedSources/GeneratedAssetSymbols.swift (in target 'PicPacPoe' from project 'PicPacPoe')
    cd /Users/bavabangaru/Developer/pic-pac-poe-ios-native-parity/ios
    

SwiftDriverJobDiscovery normal x86_64 Compiling PicPacPoeApp.swift (in target 'PicPacPoe' from project 'PicPacPoe')

SwiftCompile normal arm64 Compiling\ InfoViews.swift /Users/bavabangaru/Developer/pic-pac-poe-ios-native-parity/ios/PicPacPoe/InfoViews.swift (in target 'PicPacPoe' from project 'PicPacPoe')

SwiftCompile normal arm64 /Users/bavabangaru/Developer/pic-pac-poe-ios-native-parity/ios/PicPacPoe/InfoViews.swift (in target 'PicPacPoe' from project 'PicPacPoe')
    cd /Users/bavabangaru/Developer/pic-pac-poe-ios-native-parity/ios
    

SwiftCompile normal arm64 Compiling\ PicPacPoeApp.swift /Users/bavabangaru/Developer/pic-pac-poe-ios-native-parity/ios/PicPacPoe/PicPacPoeApp.swift (in target 'PicPacPoe' from project 'PicPacPoe')

SwiftCompile normal arm64 /Users/bavabangaru/Developer/pic-pac-poe-ios-native-parity/ios/PicPacPoe/PicPacPoeApp.swift (in target 'PicPacPoe' from project 'PicPacPoe')
    cd /Users/bavabangaru/Developer/pic-pac-poe-ios-native-parity/ios
    

SwiftDriverJobDiscovery normal x86_64 Compiling InfoViews.swift (in target 'PicPacPoe' from project 'PicPacPoe')

SwiftDriverJobDiscovery normal x86_64 Compiling PhysicalBoard.swift (in target 'PicPacPoe' from project 'PicPacPoe')

SwiftDriverJobDiscovery normal arm64 Compiling GeneratedAssetSymbols.swift (in target 'PicPacPoe' from project 'PicPacPoe')

SwiftDriverJobDiscovery normal x86_64 Compiling HomeView.swift (in target 'PicPacPoe' from project 'PicPacPoe')

SwiftDriverJobDiscovery normal arm64 Compiling ProductionAIWorker.swift (in target 'PicPacPoe' from project 'PicPacPoe')

SwiftDriverJobDiscovery normal x86_64 Compiling GameView.swift (in target 'PicPacPoe' from project 'PicPacPoe')

SwiftDriver\ Compilation PicPacPoe normal x86_64 com.apple.xcode.tools.swift.compiler (in target 'PicPacPoe' from project 'PicPacPoe')
    cd /Users/bavabangaru/Developer/pic-pac-poe-ios-native-parity/ios
    builtin-Swift-Compilation -- /Applications/Xcode.app/Contents/Developer/Toolchains/XcodeDefault.xctoolchain/usr/bin/swiftc -module-name PicPacPoe -Onone @/var/folders/fh/vt8wk6pn5dgd_tv982c123440000gp/T/picpac-snapshots-4bd21p79/build/Build/Intermediates.noindex/PicPacPoe.build/Debug-iphonesimulator/PicPacPoe.build/Objects-normal/x86_64/PicPacPoe.SwiftFileList -DDEBUG -enable-experimental-feature DebugDescriptionMacro -sdk /Applications/Xcode.app/Contents/Developer/Platforms/iPhoneSimulator.platform/Developer/SDKs/iPhoneSimulator26.5.sdk -target x86_64-apple-ios17.0-simulator -g -module-cache-path /var/folders/fh/vt8wk6pn5dgd_tv982c123440000gp/T/picpac-snapshots-4bd21p79/build/ModuleCache.noindex -Xfrontend -serialize-debugging-options -profile-coverage-mapping -profile-generate -enable-testing -index-store-path /var/folders/fh/vt8wk6pn5dgd_tv982c123440000gp/T/picpac-snapshots-4bd21p79/build/Index.noindex/DataStore -Xcc -D_LIBCPP_HARDENING_MODE\=_LIBCPP_HARDENING_MODE_DEBUG -swift-version 6 -I /var/folders/fh/vt8wk6pn5dgd_tv982c123440000gp/T/picpac-snapshots-4bd21p79/build/Build/Products/Debug-iphonesimulator -F /var/folders/fh/vt8wk6pn5dgd_tv982c123440000gp/T/picpac-snapshots-4bd21p79/build/Build/Products/Debug-iphonesimulator/PackageFrameworks -F /var/folders/fh/vt8wk6pn5dgd_tv982c123440000gp/T/picpac-snapshots-4bd21p79/build/Build/Products/Debug-iphonesimulator/PackageFrameworks -F /var/folders/fh/vt8wk6pn5dgd_tv982c123440000gp/T/picpac-snapshots-4bd21p79/build/Build/Products/Debug-iphonesimulator/PackageFrameworks -F /var/folders/fh/vt8wk6pn5dgd_tv982c123440000gp/T/picpac-snapshots-4bd21p79/build/Build/Products/Debug-iphonesimulator -emit-localized-strings -emit-localized-strings-path /var/folders/fh/vt8wk6pn5dgd_tv982c123440000gp/T/picpac-snapshots-4bd21p79/build/Build/Intermediates.noindex/PicPacPoe.build/Debug-iphonesimulator/PicPacPoe.build/Objects-normal/x86_64 -c -j12 -enable-batch-mode -incremental -Xcc -ivfsstatcache -Xcc /var/folders/fh/vt8wk6pn5dgd_tv982c123440000gp/T/picpac-snapshots-4bd21p79/build/SDKStatCaches.noindex/iphonesimulator26.5-23F81a-6cfe768891a92b912361537c460fe42b.sdkstatcache -output-file-map /var/folders/fh/vt8wk6pn5dgd_tv982c123440000gp/T/picpac-snapshots-4bd21p79/build/Build/Intermediates.noindex/PicPacPoe.build/Debug-iphonesimulator/PicPacPoe.build/Objects-normal/x86_64/PicPacPoe-OutputFileMap.json -use-frontend-parseable-output -save-temps -no-color-diagnostics -explicit-module-build -module-cache-path /var/folders/fh/vt8wk6pn5dgd_tv982c123440000gp/T/picpac-snapshots-4bd21p79/build/Build/Intermediates.noindex/SwiftExplicitPrecompiledModules -clang-scanner-module-cache-path /var/folders/fh/vt8wk6pn5dgd_tv982c123440000gp/T/picpac-snapshots-4bd21p79/build/ModuleCache.noindex -sdk-module-cache-path /var/folders/fh/vt8wk6pn5dgd_tv982c123440000gp/T/picpac-snapshots-4bd21p79/build/ModuleCache.noindex -serialize-diagnostics -emit-dependencies -emit-module -emit-module-path /var/folders/fh/vt8wk6pn5dgd_tv982c123440000gp/T/picpac-snapshots-4bd21p79/build/Build/Intermediates.noindex/PicPacPoe.build/Debug-iphonesimulator/PicPacPoe.build/Objects-normal/x86_64/PicPacPoe.swiftmodule -validate-clang-modules-once -clang-build-session-file /var/folders/fh/vt8wk6pn5dgd_tv982c123440000gp/T/picpac-snapshots-4bd21p79/build/ModuleCache.noindex/Session.modulevalidation -Xcc -I/var/folders/fh/vt8wk6pn5dgd_tv982c123440000gp/T/picpac-snapshots-4bd21p79/build/Build/Intermediates.noindex/PicPacPoe.build/Debug-iphonesimulator/PicPacPoe.build/swift-overrides.hmap -emit-const-values -Xfrontend -const-gather-protocols-file -Xfrontend /var/folders/fh/vt8wk6pn5dgd_tv982c123440000gp/T/picpac-snapshots-4bd21p79/build/Build/Intermediates.noindex/PicPacPoe.build/Debug-iphonesimulator/PicPacPoe.build/Objects-normal/x86_64/PicPacPoe_const_extract_protocols.json -Xcc -iquote -Xcc /var/folders/fh/vt8wk6pn5dgd_tv982c123440000gp/T/picpac-snapshots-4bd21p79/build/Build/Intermediates.noindex/PicPacPoe.build/Debug-iphonesimulator/PicPacPoe.build/PicPacPoe-generated-files.hmap -Xcc -I/var/folders/fh/vt8wk6pn5dgd_tv982c123440000gp/T/picpac-snapshots-4bd21p79/build/Build/Intermediates.noindex/PicPacPoe.build/Debug-iphonesimulator/PicPacPoe.build/PicPacPoe-own-target-headers.hmap -Xcc -I/var/folders/fh/vt8wk6pn5dgd_tv982c123440000gp/T/picpac-snapshots-4bd21p79/build/Build/Intermediates.noindex/PicPacPoe.build/Debug-iphonesimulator/PicPacPoe.build/PicPacPoe-all-non-framework-target-headers.hmap -Xcc -ivfsoverlay -Xcc /var/folders/fh/vt8wk6pn5dgd_tv982c123440000gp/T/picpac-snapshots-4bd21p79/build/Build/Intermediates.noindex/PicPacPoe.build/Debug-iphonesimulator/PicPacPoe-90eff2f9d9e8600d7e53134acd1cb833-VFS-iphonesimulator/all-product-headers.yaml -Xcc -iquote -Xcc /var/folders/fh/vt8wk6pn5dgd_tv982c123440000gp/T/picpac-snapshots-4bd21p79/build/Build/Intermediates.noindex/PicPacPoe.build/Debug-iphonesimulator/PicPacPoe.build/PicPacPoe-project-headers.hmap -Xcc -I/var/folders/fh/vt8wk6pn5dgd_tv982c123440000gp/T/picpac-snapshots-4bd21p79/build/Build/Products/Debug-iphonesimulator/include -Xcc -I/var/folders/fh/vt8wk6pn5dgd_tv982c123440000gp/T/picpac-snapshots-4bd21p79/build/Build/Intermediates.noindex/PicPacPoe.build/Debug-iphonesimulator/PicPacPoe.build/DerivedSources-normal/x86_64 -Xcc -I/var/folders/fh/vt8wk6pn5dgd_tv982c123440000gp/T/picpac-snapshots-4bd21p79/build/Build/Intermediates.noindex/PicPacPoe.build/Debug-iphonesimulator/PicPacPoe.build/DerivedSources/x86_64 -Xcc -I/var/folders/fh/vt8wk6pn5dgd_tv982c123440000gp/T/picpac-snapshots-4bd21p79/build/Build/Intermediates.noindex/PicPacPoe.build/Debug-iphonesimulator/PicPacPoe.build/DerivedSources -emit-objc-header -emit-objc-header-path /var/folders/fh/vt8wk6pn5dgd_tv982c123440000gp/T/picpac-snapshots-4bd21p79/build/Build/Intermediates.noindex/PicPacPoe.build/Debug-iphonesimulator/PicPacPoe.build/Objects-normal/x86_64/PicPacPoe-Swift.h -working-directory /Users/bavabangaru/Developer/pic-pac-poe-ios-native-parity/ios -experimental-emit-module-separately -disable-cmo

Ld /var/folders/fh/vt8wk6pn5dgd_tv982c123440000gp/T/picpac-snapshots-4bd21p79/build/Build/Intermediates.noindex/PicPacPoe.build/Debug-iphonesimulator/PicPacPoe.build/Objects-normal/x86_64/Binary/PicPacPoe.debug.dylib normal x86_64 (in target 'PicPacPoe' from project 'PicPacPoe')
    cd /Users/bavabangaru/Developer/pic-pac-poe-ios-native-parity/ios
    /Applications/Xcode.app/Contents/Developer/Toolchains/XcodeDefault.xctoolchain/usr/bin/clang -Xlinker -reproducible -target x86_64-apple-ios17.0-simulator -dynamiclib -isysroot /Applications/Xcode.app/Contents/Developer/Platforms/iPhoneSimulator.platform/Developer/SDKs/iPhoneSimulator26.5.sdk -O0 -L/var/folders/fh/vt8wk6pn5dgd_tv982c123440000gp/T/picpac-snapshots-4bd21p79/build/Build/Intermediates.noindex/EagerLinkingTBDs/Debug-iphonesimulator -L/var/folders/fh/vt8wk6pn5dgd_tv982c123440000gp/T/picpac-snapshots-4bd21p79/build/Build/Products/Debug-iphonesimulator -F/var/folders/fh/vt8wk6pn5dgd_tv982c123440000gp/T/picpac-snapshots-4bd21p79/build/Build/Intermediates.noindex/EagerLinkingTBDs/Debug-iphonesimulator -F/var/folders/fh/vt8wk6pn5dgd_tv982c123440000gp/T/picpac-snapshots-4bd21p79/build/Build/Products/Debug-iphonesimulator/PackageFrameworks -F/var/folders/fh/vt8wk6pn5dgd_tv982c123440000gp/T/picpac-snapshots-4bd21p79/build/Build/Products/Debug-iphonesimulator/PackageFrameworks -F/var/folders/fh/vt8wk6pn5dgd_tv982c123440000gp/T/picpac-snapshots-4bd21p79/build/Build/Products/Debug-iphonesimulator/PackageFrameworks -F/var/folders/fh/vt8wk6pn5dgd_tv982c123440000gp/T/picpac-snapshots-4bd21p79/build/Build/Products/Debug-iphonesimulator -filelist /var/folders/fh/vt8wk6pn5dgd_tv982c123440000gp/T/picpac-snapshots-4bd21p79/build/Build/Intermediates.noindex/PicPacPoe.build/Debug-iphonesimulator/PicPacPoe.build/Objects-normal/x86_64/PicPacPoe.LinkFileList -install_name @rpath/PicPacPoe.debug.dylib -Xlinker -rpath -Xlinker /usr/lib/swift -Xlinker -rpath -Xlinker /var/folders/fh/vt8wk6pn5dgd_tv982c123440000gp/T/picpac-snapshots-4bd21p79/build/Build/Products/Debug-iphonesimulator/PackageFrameworks -Xlinker -dead_strip -Xlinker -object_path_lto -Xlinker /var/folders/fh/vt8wk6pn5dgd_tv982c123440000gp/T/picpac-snapshots-4bd21p79/build/Build/Intermediates.noindex/PicPacPoe.build/Debug-iphonesimulator/PicPacPoe.build/Objects-normal/x86_64/PicPacPoe_lto.o -rdynamic -Xlinker -no_deduplicate -Xlinker -objc_abi_version -Xlinker 2 -Xlinker -debug_variant -Xlinker -dependency_info -Xlinker /var/folders/fh/vt8wk6pn5dgd_tv982c123440000gp/T/picpac-snapshots-4bd21p79/build/Build/Intermediates.noindex/PicPacPoe.build/Debug-iphonesimulator/PicPacPoe.build/Objects-normal/x86_64/PicPacPoe_dependency_info.dat -fobjc-link-runtime -fprofile-instr-generate -L/Applications/Xcode.app/Contents/Developer/Toolchains/XcodeDefault.xctoolchain/usr/lib/swift/iphonesimulator -L/usr/lib/swift -Xlinker -add_ast_path -Xlinker /var/folders/fh/vt8wk6pn5dgd_tv982c123440000gp/T/picpac-snapshots-4bd21p79/build/Build/Intermediates.noindex/PicPacPoe.build/Debug-iphonesimulator/PicPacPoe.build/Objects-normal/x86_64/PicPacPoe.swiftmodule @/var/folders/fh/vt8wk6pn5dgd_tv982c123440000gp/T/picpac-snapshots-4bd21p79/build/Build/Intermediates.noindex/PicPacPoe.build/Debug-iphonesimulator/PicPacPoe.build/Objects-normal/x86_64/PicPacPoe-linker-args.resp -Wl,-no_warn_duplicate_libraries -Wl,-no_warn_duplicate_libraries -Wl,-no_warn_duplicate_libraries -Xlinker -alias -Xlinker _main -Xlinker ___debug_main_executable_dylib_entry_point -o /var/folders/fh/vt8wk6pn5dgd_tv982c123440000gp/T/picpac-snapshots-4bd21p79/build/Build/Intermediates.noindex/PicPacPoe.build/Debug-iphonesimulator/PicPacPoe.build/Objects-normal/x86_64/Binary/PicPacPoe.debug.dylib -Xlinker -add_ast_path -Xlinker /var/folders/fh/vt8wk6pn5dgd_tv982c123440000gp/T/picpac-snapshots-4bd21p79/build/Build/Intermediates.noindex/PicPacKit.build/Debug-iphonesimulator/PicPacPresentation.build/Objects-normal/x86_64/PicPacPresentation.swiftmodule @/var/folders/fh/vt8wk6pn5dgd_tv982c123440000gp/T/picpac-snapshots-4bd21p79/build/Build/Intermediates.noindex/PicPacKit.build/Debug-iphonesimulator/PicPacPresentation.build/Objects-normal/x86_64/PicPacPresentation-linker-args.resp -Xlinker -add_ast_path -Xlinker /var/folders/fh/vt8wk6pn5dgd_tv982c123440000gp/T/picpac-snapshots-4bd21p79/build/Build/Intermediates.noindex/PicPacKit.build/Debug-iphonesimulator/PicPacCore.build/Objects-normal/x86_64/PicPacCore.swiftmodule @/var/folders/fh/vt8wk6pn5dgd_tv982c123440000gp/T/picpac-snapshots-4bd21p79/build/Build/Intermediates.noindex/PicPacKit.build/Debug-iphonesimulator/PicPacCore.build/Objects-normal/x86_64/PicPacCore-linker-args.resp -Xlinker -add_ast_path -Xlinker /var/folders/fh/vt8wk6pn5dgd_tv982c123440000gp/T/picpac-snapshots-4bd21p79/build/Build/Intermediates.noindex/PicPacKit.build/Debug-iphonesimulator/PicPacAI.build/Objects-normal/x86_64/PicPacAI.swiftmodule @/var/folders/fh/vt8wk6pn5dgd_tv982c123440000gp/T/picpac-snapshots-4bd21p79/build/Build/Intermediates.noindex/PicPacKit.build/Debug-iphonesimulator/PicPacAI.build/Objects-normal/x86_64/PicPacAI-linker-args.resp

SwiftDriverJobDiscovery normal arm64 Compiling FeedbackService.swift (in target 'PicPacPoe' from project 'PicPacPoe')

SwiftDriverJobDiscovery normal arm64 Compiling DebugLaunchConfiguration.swift (in target 'PicPacPoe' from project 'PicPacPoe')

SwiftDriverJobDiscovery normal arm64 Compiling PicPacPoeApp.swift (in target 'PicPacPoe' from project 'PicPacPoe')

SwiftDriverJobDiscovery normal arm64 Compiling FormTheme.swift (in target 'PicPacPoe' from project 'PicPacPoe')

SwiftDriverJobDiscovery normal arm64 Compiling PhysicalBoard.swift (in target 'PicPacPoe' from project 'PicPacPoe')

ConstructStubExecutorLinkFileList /var/folders/fh/vt8wk6pn5dgd_tv982c123440000gp/T/picpac-snapshots-4bd21p79/build/Build/Intermediates.noindex/PicPacPoe.build/Debug-iphonesimulator/PicPacPoe.build/PicPacPoe-ExecutorLinkFileList-normal-x86_64.txt (in target 'PicPacPoe' from project 'PicPacPoe')
    cd /Users/bavabangaru/Developer/pic-pac-poe-ios-native-parity/ios
    construct-stub-executor-link-file-list /var/folders/fh/vt8wk6pn5dgd_tv982c123440000gp/T/picpac-snapshots-4bd21p79/build/Build/Intermediates.noindex/PicPacPoe.build/Debug-iphonesimulator/PicPacPoe.build/Objects-normal/x86_64/Binary/PicPacPoe.debug.dylib /Applications/Xcode.app/Contents/Developer/Platforms/iPhoneSimulator.platform/Developer/usr/lib/libPreviewsJITStubExecutor_no_swift_entry_point.a /Applications/Xcode.app/Contents/Developer/Platforms/iPhoneSimulator.platform/Developer/usr/lib/libPreviewsJITStubExecutor.a --output /var/folders/fh/vt8wk6pn5dgd_tv982c123440000gp/T/picpac-snapshots-4bd21p79/build/Build/Intermediates.noindex/PicPacPoe.build/Debug-iphonesimulator/PicPacPoe.build/PicPacPoe-ExecutorLinkFileList-normal-x86_64.txt
note: Using stub executor library with Swift entry point. (in target 'PicPacPoe' from project 'PicPacPoe')

Ld /var/folders/fh/vt8wk6pn5dgd_tv982c123440000gp/T/picpac-snapshots-4bd21p79/build/Build/Intermediates.noindex/PicPacPoe.build/Debug-iphonesimulator/PicPacPoe.build/Objects-normal/x86_64/Binary/PicPacPoe normal x86_64 (in target 'PicPacPoe' from project 'PicPacPoe')
    cd /Users/bavabangaru/Developer/pic-pac-poe-ios-native-parity/ios
    /Applications/Xcode.app/Contents/Developer/Toolchains/XcodeDefault.xctoolchain/usr/bin/clang -Xlinker -reproducible -target x86_64-apple-ios17.0-simulator -isysroot /Applications/Xcode.app/Contents/Developer/Platforms/iPhoneSimulator.platform/Developer/SDKs/iPhoneSimulator26.5.sdk -O0 -L/var/folders/fh/vt8wk6pn5dgd_tv982c123440000gp/T/picpac-snapshots-4bd21p79/build/Build/Products/Debug-iphonesimulator -F/var/folders/fh/vt8wk6pn5dgd_tv982c123440000gp/T/picpac-snapshots-4bd21p79/build/Build/Products/Debug-iphonesimulator/PackageFrameworks -F/var/folders/fh/vt8wk6pn5dgd_tv982c123440000gp/T/picpac-snapshots-4bd21p79/build/Build/Products/Debug-iphonesimulator/PackageFrameworks -F/var/folders/fh/vt8wk6pn5dgd_tv982c123440000gp/T/picpac-snapshots-4bd21p79/build/Build/Products/Debug-iphonesimulator/PackageFrameworks -F/var/folders/fh/vt8wk6pn5dgd_tv982c123440000gp/T/picpac-snapshots-4bd21p79/build/Build/Products/Debug-iphonesimulator -Xlinker -rpath -Xlinker @executable_path -Xlinker -rpath -Xlinker /var/folders/fh/vt8wk6pn5dgd_tv982c123440000gp/T/picpac-snapshots-4bd21p79/build/Build/Products/Debug-iphonesimulator/PackageFrameworks -rdynamic -Xlinker -no_deduplicate -Xlinker -objc_abi_version -Xlinker 2 -Xlinker -debug_variant -e ___debug_blank_executor_main -Xlinker -sectcreate -Xlinker __TEXT -Xlinker __debug_dylib -Xlinker /var/folders/fh/vt8wk6pn5dgd_tv982c123440000gp/T/picpac-snapshots-4bd21p79/build/Build/Intermediates.noindex/PicPacPoe.build/Debug-iphonesimulator/PicPacPoe.build/PicPacPoe-DebugDylibPath-normal-x86_64.txt -Xlinker -sectcreate -Xlinker __TEXT -Xlinker __debug_instlnm -Xlinker /var/folders/fh/vt8wk6pn5dgd_tv982c123440000gp/T/picpac-snapshots-4bd21p79/build/Build/Intermediates.noindex/PicPacPoe.build/Debug-iphonesimulator/PicPacPoe.build/PicPacPoe-DebugDylibInstallName-normal-x86_64.txt -Xlinker -filelist -Xlinker /var/folders/fh/vt8wk6pn5dgd_tv982c123440000gp/T/picpac-snapshots-4bd21p79/build/Build/Intermediates.noindex/PicPacPoe.build/Debug-iphonesimulator/PicPacPoe.build/PicPacPoe-ExecutorLinkFileList-normal-x86_64.txt /var/folders/fh/vt8wk6pn5dgd_tv982c123440000gp/T/picpac-snapshots-4bd21p79/build/Build/Intermediates.noindex/PicPacPoe.build/Debug-iphonesimulator/PicPacPoe.build/Objects-normal/x86_64/Binary/PicPacPoe.debug.dylib -o /var/folders/fh/vt8wk6pn5dgd_tv982c123440000gp/T/picpac-snapshots-4bd21p79/build/Build/Intermediates.noindex/PicPacPoe.build/Debug-iphonesimulator/PicPacPoe.build/Objects-normal/x86_64/Binary/PicPacPoe

SwiftDriverJobDiscovery normal arm64 Compiling InfoViews.swift (in target 'PicPacPoe' from project 'PicPacPoe')

SwiftDriverJobDiscovery normal arm64 Compiling GameView.swift (in target 'PicPacPoe' from project 'PicPacPoe')

SwiftDriverJobDiscovery normal arm64 Compiling HomeView.swift (in target 'PicPacPoe' from project 'PicPacPoe')

SwiftDriver\ Compilation PicPacPoe normal arm64 com.apple.xcode.tools.swift.compiler (in target 'PicPacPoe' from project 'PicPacPoe')
    cd /Users/bavabangaru/Developer/pic-pac-poe-ios-native-parity/ios
    builtin-Swift-Compilation -- /Applications/Xcode.app/Contents/Developer/Toolchains/XcodeDefault.xctoolchain/usr/bin/swiftc -module-name PicPacPoe -Onone @/var/folders/fh/vt8wk6pn5dgd_tv982c123440000gp/T/picpac-snapshots-4bd21p79/build/Build/Intermediates.noindex/PicPacPoe.build/Debug-iphonesimulator/PicPacPoe.build/Objects-normal/arm64/PicPacPoe.SwiftFileList -DDEBUG -enable-experimental-feature DebugDescriptionMacro -sdk /Applications/Xcode.app/Contents/Developer/Platforms/iPhoneSimulator.platform/Developer/SDKs/iPhoneSimulator26.5.sdk -target arm64-apple-ios17.0-simulator -g -module-cache-path /var/folders/fh/vt8wk6pn5dgd_tv982c123440000gp/T/picpac-snapshots-4bd21p79/build/ModuleCache.noindex -Xfrontend -serialize-debugging-options -profile-coverage-mapping -profile-generate -enable-testing -index-store-path /var/folders/fh/vt8wk6pn5dgd_tv982c123440000gp/T/picpac-snapshots-4bd21p79/build/Index.noindex/DataStore -Xcc -D_LIBCPP_HARDENING_MODE\=_LIBCPP_HARDENING_MODE_DEBUG -swift-version 6 -I /var/folders/fh/vt8wk6pn5dgd_tv982c123440000gp/T/picpac-snapshots-4bd21p79/build/Build/Products/Debug-iphonesimulator -F /var/folders/fh/vt8wk6pn5dgd_tv982c123440000gp/T/picpac-snapshots-4bd21p79/build/Build/Products/Debug-iphonesimulator/PackageFrameworks -F /var/folders/fh/vt8wk6pn5dgd_tv982c123440000gp/T/picpac-snapshots-4bd21p79/build/Build/Products/Debug-iphonesimulator/PackageFrameworks -F /var/folders/fh/vt8wk6pn5dgd_tv982c123440000gp/T/picpac-snapshots-4bd21p79/build/Build/Products/Debug-iphonesimulator/PackageFrameworks -F /var/folders/fh/vt8wk6pn5dgd_tv982c123440000gp/T/picpac-snapshots-4bd21p79/build/Build/Products/Debug-iphonesimulator -emit-localized-strings -emit-localized-strings-path /var/folders/fh/vt8wk6pn5dgd_tv982c123440000gp/T/picpac-snapshots-4bd21p79/build/Build/Intermediates.noindex/PicPacPoe.build/Debug-iphonesimulator/PicPacPoe.build/Objects-normal/arm64 -c -j12 -enable-batch-mode -incremental -Xcc -ivfsstatcache -Xcc /var/folders/fh/vt8wk6pn5dgd_tv982c123440000gp/T/picpac-snapshots-4bd21p79/build/SDKStatCaches.noindex/iphonesimulator26.5-23F81a-6cfe768891a92b912361537c460fe42b.sdkstatcache -output-file-map /var/folders/fh/vt8wk6pn5dgd_tv982c123440000gp/T/picpac-snapshots-4bd21p79/build/Build/Intermediates.noindex/PicPacPoe.build/Debug-iphonesimulator/PicPacPoe.build/Objects-normal/arm64/PicPacPoe-OutputFileMap.json -use-frontend-parseable-output -save-temps -no-color-diagnostics -explicit-module-build -module-cache-path /var/folders/fh/vt8wk6pn5dgd_tv982c123440000gp/T/picpac-snapshots-4bd21p79/build/Build/Intermediates.noindex/SwiftExplicitPrecompiledModules -clang-scanner-module-cache-path /var/folders/fh/vt8wk6pn5dgd_tv982c123440000gp/T/picpac-snapshots-4bd21p79/build/ModuleCache.noindex -sdk-module-cache-path /var/folders/fh/vt8wk6pn5dgd_tv982c123440000gp/T/picpac-snapshots-4bd21p79/build/ModuleCache.noindex -serialize-diagnostics -emit-dependencies -emit-module -emit-module-path /var/folders/fh/vt8wk6pn5dgd_tv982c123440000gp/T/picpac-snapshots-4bd21p79/build/Build/Intermediates.noindex/PicPacPoe.build/Debug-iphonesimulator/PicPacPoe.build/Objects-normal/arm64/PicPacPoe.swiftmodule -validate-clang-modules-once -clang-build-session-file /var/folders/fh/vt8wk6pn5dgd_tv982c123440000gp/T/picpac-snapshots-4bd21p79/build/ModuleCache.noindex/Session.modulevalidation -Xcc -I/var/folders/fh/vt8wk6pn5dgd_tv982c123440000gp/T/picpac-snapshots-4bd21p79/build/Build/Intermediates.noindex/PicPacPoe.build/Debug-iphonesimulator/PicPacPoe.build/swift-overrides.hmap -emit-const-values -Xfrontend -const-gather-protocols-file -Xfrontend /var/folders/fh/vt8wk6pn5dgd_tv982c123440000gp/T/picpac-snapshots-4bd21p79/build/Build/Intermediates.noindex/PicPacPoe.build/Debug-iphonesimulator/PicPacPoe.build/Objects-normal/arm64/PicPacPoe_const_extract_protocols.json -Xcc -iquote -Xcc /var/folders/fh/vt8wk6pn5dgd_tv982c123440000gp/T/picpac-snapshots-4bd21p79/build/Build/Intermediates.noindex/PicPacPoe.build/Debug-iphonesimulator/PicPacPoe.build/PicPacPoe-generated-files.hmap -Xcc -I/var/folders/fh/vt8wk6pn5dgd_tv982c123440000gp/T/picpac-snapshots-4bd21p79/build/Build/Intermediates.noindex/PicPacPoe.build/Debug-iphonesimulator/PicPacPoe.build/PicPacPoe-own-target-headers.hmap -Xcc -I/var/folders/fh/vt8wk6pn5dgd_tv982c123440000gp/T/picpac-snapshots-4bd21p79/build/Build/Intermediates.noindex/PicPacPoe.build/Debug-iphonesimulator/PicPacPoe.build/PicPacPoe-all-non-framework-target-headers.hmap -Xcc -ivfsoverlay -Xcc /var/folders/fh/vt8wk6pn5dgd_tv982c123440000gp/T/picpac-snapshots-4bd21p79/build/Build/Intermediates.noindex/PicPacPoe.build/Debug-iphonesimulator/PicPacPoe-90eff2f9d9e8600d7e53134acd1cb833-VFS-iphonesimulator/all-product-headers.yaml -Xcc -iquote -Xcc /var/folders/fh/vt8wk6pn5dgd_tv982c123440000gp/T/picpac-snapshots-4bd21p79/build/Build/Intermediates.noindex/PicPacPoe.build/Debug-iphonesimulator/PicPacPoe.build/PicPacPoe-project-headers.hmap -Xcc -I/var/folders/fh/vt8wk6pn5dgd_tv982c123440000gp/T/picpac-snapshots-4bd21p79/build/Build/Products/Debug-iphonesimulator/include -Xcc -I/var/folders/fh/vt8wk6pn5dgd_tv982c123440000gp/T/picpac-snapshots-4bd21p79/build/Build/Intermediates.noindex/PicPacPoe.build/Debug-iphonesimulator/PicPacPoe.build/DerivedSources-normal/arm64 -Xcc -I/var/folders/fh/vt8wk6pn5dgd_tv982c123440000gp/T/picpac-snapshots-4bd21p79/build/Build/Intermediates.noindex/PicPacPoe.build/Debug-iphonesimulator/PicPacPoe.build/DerivedSources/arm64 -Xcc -I/var/folders/fh/vt8wk6pn5dgd_tv982c123440000gp/T/picpac-snapshots-4bd21p79/build/Build/Intermediates.noindex/PicPacPoe.build/Debug-iphonesimulator/PicPacPoe.build/DerivedSources -emit-objc-header -emit-objc-header-path /var/folders/fh/vt8wk6pn5dgd_tv982c123440000gp/T/picpac-snapshots-4bd21p79/build/Build/Intermediates.noindex/PicPacPoe.build/Debug-iphonesimulator/PicPacPoe.build/Objects-normal/arm64/PicPacPoe-Swift.h -working-directory /Users/bavabangaru/Developer/pic-pac-poe-ios-native-parity/ios -experimental-emit-module-separately -disable-cmo

Ld /var/folders/fh/vt8wk6pn5dgd_tv982c123440000gp/T/picpac-snapshots-4bd21p79/build/Build/Intermediates.noindex/PicPacPoe.build/Debug-iphonesimulator/PicPacPoe.build/Objects-normal/arm64/Binary/PicPacPoe.debug.dylib normal arm64 (in target 'PicPacPoe' from project 'PicPacPoe')
    cd /Users/bavabangaru/Developer/pic-pac-poe-ios-native-parity/ios
    /Applications/Xcode.app/Contents/Developer/Toolchains/XcodeDefault.xctoolchain/usr/bin/clang -Xlinker -reproducible -target arm64-apple-ios17.0-simulator -dynamiclib -isysroot /Applications/Xcode.app/Contents/Developer/Platforms/iPhoneSimulator.platform/Developer/SDKs/iPhoneSimulator26.5.sdk -O0 -L/var/folders/fh/vt8wk6pn5dgd_tv982c123440000gp/T/picpac-snapshots-4bd21p79/build/Build/Intermediates.noindex/EagerLinkingTBDs/Debug-iphonesimulator -L/var/folders/fh/vt8wk6pn5dgd_tv982c123440000gp/T/picpac-snapshots-4bd21p79/build/Build/Products/Debug-iphonesimulator -F/var/folders/fh/vt8wk6pn5dgd_tv982c123440000gp/T/picpac-snapshots-4bd21p79/build/Build/Intermediates.noindex/EagerLinkingTBDs/Debug-iphonesimulator -F/var/folders/fh/vt8wk6pn5dgd_tv982c123440000gp/T/picpac-snapshots-4bd21p79/build/Build/Products/Debug-iphonesimulator/PackageFrameworks -F/var/folders/fh/vt8wk6pn5dgd_tv982c123440000gp/T/picpac-snapshots-4bd21p79/build/Build/Products/Debug-iphonesimulator/PackageFrameworks -F/var/folders/fh/vt8wk6pn5dgd_tv982c123440000gp/T/picpac-snapshots-4bd21p79/build/Build/Products/Debug-iphonesimulator/PackageFrameworks -F/var/folders/fh/vt8wk6pn5dgd_tv982c123440000gp/T/picpac-snapshots-4bd21p79/build/Build/Products/Debug-iphonesimulator -filelist /var/folders/fh/vt8wk6pn5dgd_tv982c123440000gp/T/picpac-snapshots-4bd21p79/build/Build/Intermediates.noindex/PicPacPoe.build/Debug-iphonesimulator/PicPacPoe.build/Objects-normal/arm64/PicPacPoe.LinkFileList -install_name @rpath/PicPacPoe.debug.dylib -Xlinker -rpath -Xlinker /usr/lib/swift -Xlinker -rpath -Xlinker /var/folders/fh/vt8wk6pn5dgd_tv982c123440000gp/T/picpac-snapshots-4bd21p79/build/Build/Products/Debug-iphonesimulator/PackageFrameworks -Xlinker -dead_strip -Xlinker -object_path_lto -Xlinker /var/folders/fh/vt8wk6pn5dgd_tv982c123440000gp/T/picpac-snapshots-4bd21p79/build/Build/Intermediates.noindex/PicPacPoe.build/Debug-iphonesimulator/PicPacPoe.build/Objects-normal/arm64/PicPacPoe_lto.o -rdynamic -Xlinker -no_deduplicate -Xlinker -objc_abi_version -Xlinker 2 -Xlinker -debug_variant -Xlinker -dependency_info -Xlinker /var/folders/fh/vt8wk6pn5dgd_tv982c123440000gp/T/picpac-snapshots-4bd21p79/build/Build/Intermediates.noindex/PicPacPoe.build/Debug-iphonesimulator/PicPacPoe.build/Objects-normal/arm64/PicPacPoe_dependency_info.dat -fobjc-link-runtime -fprofile-instr-generate -L/Applications/Xcode.app/Contents/Developer/Toolchains/XcodeDefault.xctoolchain/usr/lib/swift/iphonesimulator -L/usr/lib/swift -Xlinker -add_ast_path -Xlinker /var/folders/fh/vt8wk6pn5dgd_tv982c123440000gp/T/picpac-snapshots-4bd21p79/build/Build/Intermediates.noindex/PicPacPoe.build/Debug-iphonesimulator/PicPacPoe.build/Objects-normal/arm64/PicPacPoe.swiftmodule @/var/folders/fh/vt8wk6pn5dgd_tv982c123440000gp/T/picpac-snapshots-4bd21p79/build/Build/Intermediates.noindex/PicPacPoe.build/Debug-iphonesimulator/PicPacPoe.build/Objects-normal/arm64/PicPacPoe-linker-args.resp -Wl,-no_warn_duplicate_libraries -Wl,-no_warn_duplicate_libraries -Wl,-no_warn_duplicate_libraries -Xlinker -alias -Xlinker _main -Xlinker ___debug_main_executable_dylib_entry_point -o /var/folders/fh/vt8wk6pn5dgd_tv982c123440000gp/T/picpac-snapshots-4bd21p79/build/Build/Intermediates.noindex/PicPacPoe.build/Debug-iphonesimulator/PicPacPoe.build/Objects-normal/arm64/Binary/PicPacPoe.debug.dylib -Xlinker -add_ast_path -Xlinker /var/folders/fh/vt8wk6pn5dgd_tv982c123440000gp/T/picpac-snapshots-4bd21p79/build/Build/Intermediates.noindex/PicPacKit.build/Debug-iphonesimulator/PicPacPresentation.build/Objects-normal/arm64/PicPacPresentation.swiftmodule @/var/folders/fh/vt8wk6pn5dgd_tv982c123440000gp/T/picpac-snapshots-4bd21p79/build/Build/Intermediates.noindex/PicPacKit.build/Debug-iphonesimulator/PicPacPresentation.build/Objects-normal/arm64/PicPacPresentation-linker-args.resp -Xlinker -add_ast_path -Xlinker /var/folders/fh/vt8wk6pn5dgd_tv982c123440000gp/T/picpac-snapshots-4bd21p79/build/Build/Intermediates.noindex/PicPacKit.build/Debug-iphonesimulator/PicPacCore.build/Objects-normal/arm64/PicPacCore.swiftmodule @/var/folders/fh/vt8wk6pn5dgd_tv982c123440000gp/T/picpac-snapshots-4bd21p79/build/Build/Intermediates.noindex/PicPacKit.build/Debug-iphonesimulator/PicPacCore.build/Objects-normal/arm64/PicPacCore-linker-args.resp -Xlinker -add_ast_path -Xlinker /var/folders/fh/vt8wk6pn5dgd_tv982c123440000gp/T/picpac-snapshots-4bd21p79/build/Build/Intermediates.noindex/PicPacKit.build/Debug-iphonesimulator/PicPacAI.build/Objects-normal/arm64/PicPacAI.swiftmodule @/var/folders/fh/vt8wk6pn5dgd_tv982c123440000gp/T/picpac-snapshots-4bd21p79/build/Build/Intermediates.noindex/PicPacKit.build/Debug-iphonesimulator/PicPacAI.build/Objects-normal/arm64/PicPacAI-linker-args.resp

ConstructStubExecutorLinkFileList /var/folders/fh/vt8wk6pn5dgd_tv982c123440000gp/T/picpac-snapshots-4bd21p79/build/Build/Intermediates.noindex/PicPacPoe.build/Debug-iphonesimulator/PicPacPoe.build/PicPacPoe-ExecutorLinkFileList-normal-arm64.txt (in target 'PicPacPoe' from project 'PicPacPoe')
    cd /Users/bavabangaru/Developer/pic-pac-poe-ios-native-parity/ios
    construct-stub-executor-link-file-list /var/folders/fh/vt8wk6pn5dgd_tv982c123440000gp/T/picpac-snapshots-4bd21p79/build/Build/Intermediates.noindex/PicPacPoe.build/Debug-iphonesimulator/PicPacPoe.build/Objects-normal/arm64/Binary/PicPacPoe.debug.dylib /Applications/Xcode.app/Contents/Developer/Platforms/iPhoneSimulator.platform/Developer/usr/lib/libPreviewsJITStubExecutor_no_swift_entry_point.a /Applications/Xcode.app/Contents/Developer/Platforms/iPhoneSimulator.platform/Developer/usr/lib/libPreviewsJITStubExecutor.a --output /var/folders/fh/vt8wk6pn5dgd_tv982c123440000gp/T/picpac-snapshots-4bd21p79/build/Build/Intermediates.noindex/PicPacPoe.build/Debug-iphonesimulator/PicPacPoe.build/PicPacPoe-ExecutorLinkFileList-normal-arm64.txt
note: Using stub executor library with Swift entry point. (in target 'PicPacPoe' from project 'PicPacPoe')

CreateUniversalBinary /var/folders/fh/vt8wk6pn5dgd_tv982c123440000gp/T/picpac-snapshots-4bd21p79/build/Build/Products/Debug-iphonesimulator/PicPacPoe.app/PicPacPoe.debug.dylib normal arm64\ x86_64 (in target 'PicPacPoe' from project 'PicPacPoe')
    cd /Users/bavabangaru/Developer/pic-pac-poe-ios-native-parity/ios
    /Applications/Xcode.app/Contents/Developer/Toolchains/XcodeDefault.xctoolchain/usr/bin/lipo -create /var/folders/fh/vt8wk6pn5dgd_tv982c123440000gp/T/picpac-snapshots-4bd21p79/build/Build/Intermediates.noindex/PicPacPoe.build/Debug-iphonesimulator/PicPacPoe.build/Objects-normal/arm64/Binary/PicPacPoe.debug.dylib /var/folders/fh/vt8wk6pn5dgd_tv982c123440000gp/T/picpac-snapshots-4bd21p79/build/Build/Intermediates.noindex/PicPacPoe.build/Debug-iphonesimulator/PicPacPoe.build/Objects-normal/x86_64/Binary/PicPacPoe.debug.dylib -output /var/folders/fh/vt8wk6pn5dgd_tv982c123440000gp/T/picpac-snapshots-4bd21p79/build/Build/Products/Debug-iphonesimulator/PicPacPoe.app/PicPacPoe.debug.dylib

Ld /var/folders/fh/vt8wk6pn5dgd_tv982c123440000gp/T/picpac-snapshots-4bd21p79/build/Build/Intermediates.noindex/PicPacPoe.build/Debug-iphonesimulator/PicPacPoe.build/Objects-normal/arm64/Binary/PicPacPoe normal arm64 (in target 'PicPacPoe' from project 'PicPacPoe')
    cd /Users/bavabangaru/Developer/pic-pac-poe-ios-native-parity/ios
    /Applications/Xcode.app/Contents/Developer/Toolchains/XcodeDefault.xctoolchain/usr/bin/clang -Xlinker -reproducible -target arm64-apple-ios17.0-simulator -isysroot /Applications/Xcode.app/Contents/Developer/Platforms/iPhoneSimulator.platform/Developer/SDKs/iPhoneSimulator26.5.sdk -O0 -L/var/folders/fh/vt8wk6pn5dgd_tv982c123440000gp/T/picpac-snapshots-4bd21p79/build/Build/Products/Debug-iphonesimulator -F/var/folders/fh/vt8wk6pn5dgd_tv982c123440000gp/T/picpac-snapshots-4bd21p79/build/Build/Products/Debug-iphonesimulator/PackageFrameworks -F/var/folders/fh/vt8wk6pn5dgd_tv982c123440000gp/T/picpac-snapshots-4bd21p79/build/Build/Products/Debug-iphonesimulator/PackageFrameworks -F/var/folders/fh/vt8wk6pn5dgd_tv982c123440000gp/T/picpac-snapshots-4bd21p79/build/Build/Products/Debug-iphonesimulator/PackageFrameworks -F/var/folders/fh/vt8wk6pn5dgd_tv982c123440000gp/T/picpac-snapshots-4bd21p79/build/Build/Products/Debug-iphonesimulator -Xlinker -rpath -Xlinker @executable_path -Xlinker -rpath -Xlinker /var/folders/fh/vt8wk6pn5dgd_tv982c123440000gp/T/picpac-snapshots-4bd21p79/build/Build/Products/Debug-iphonesimulator/PackageFrameworks -rdynamic -Xlinker -no_deduplicate -Xlinker -objc_abi_version -Xlinker 2 -Xlinker -debug_variant -e ___debug_blank_executor_main -Xlinker -sectcreate -Xlinker __TEXT -Xlinker __debug_dylib -Xlinker /var/folders/fh/vt8wk6pn5dgd_tv982c123440000gp/T/picpac-snapshots-4bd21p79/build/Build/Intermediates.noindex/PicPacPoe.build/Debug-iphonesimulator/PicPacPoe.build/PicPacPoe-DebugDylibPath-normal-arm64.txt -Xlinker -sectcreate -Xlinker __TEXT -Xlinker __debug_instlnm -Xlinker /var/folders/fh/vt8wk6pn5dgd_tv982c123440000gp/T/picpac-snapshots-4bd21p79/build/Build/Intermediates.noindex/PicPacPoe.build/Debug-iphonesimulator/PicPacPoe.build/PicPacPoe-DebugDylibInstallName-normal-arm64.txt -Xlinker -filelist -Xlinker /var/folders/fh/vt8wk6pn5dgd_tv982c123440000gp/T/picpac-snapshots-4bd21p79/build/Build/Intermediates.noindex/PicPacPoe.build/Debug-iphonesimulator/PicPacPoe.build/PicPacPoe-ExecutorLinkFileList-normal-arm64.txt /var/folders/fh/vt8wk6pn5dgd_tv982c123440000gp/T/picpac-snapshots-4bd21p79/build/Build/Intermediates.noindex/PicPacPoe.build/Debug-iphonesimulator/PicPacPoe.build/Objects-normal/arm64/Binary/PicPacPoe.debug.dylib -o /var/folders/fh/vt8wk6pn5dgd_tv982c123440000gp/T/picpac-snapshots-4bd21p79/build/Build/Intermediates.noindex/PicPacPoe.build/Debug-iphonesimulator/PicPacPoe.build/Objects-normal/arm64/Binary/PicPacPoe

CreateUniversalBinary /var/folders/fh/vt8wk6pn5dgd_tv982c123440000gp/T/picpac-snapshots-4bd21p79/build/Build/Products/Debug-iphonesimulator/PicPacPoe.app/PicPacPoe normal arm64\ x86_64 (in target 'PicPacPoe' from project 'PicPacPoe')
    cd /Users/bavabangaru/Developer/pic-pac-poe-ios-native-parity/ios
    /Applications/Xcode.app/Contents/Developer/Toolchains/XcodeDefault.xctoolchain/usr/bin/lipo -create /var/folders/fh/vt8wk6pn5dgd_tv982c123440000gp/T/picpac-snapshots-4bd21p79/build/Build/Intermediates.noindex/PicPacPoe.build/Debug-iphonesimulator/PicPacPoe.build/Objects-normal/arm64/Binary/PicPacPoe /var/folders/fh/vt8wk6pn5dgd_tv982c123440000gp/T/picpac-snapshots-4bd21p79/build/Build/Intermediates.noindex/PicPacPoe.build/Debug-iphonesimulator/PicPacPoe.build/Objects-normal/x86_64/Binary/PicPacPoe -output /var/folders/fh/vt8wk6pn5dgd_tv982c123440000gp/T/picpac-snapshots-4bd21p79/build/Build/Products/Debug-iphonesimulator/PicPacPoe.app/PicPacPoe

CopySwiftLibs /var/folders/fh/vt8wk6pn5dgd_tv982c123440000gp/T/picpac-snapshots-4bd21p79/build/Build/Products/Debug-iphonesimulator/PicPacPoe.app (in target 'PicPacPoe' from project 'PicPacPoe')
    cd /Users/bavabangaru/Developer/pic-pac-poe-ios-native-parity/ios
    builtin-swiftStdLibTool --copy --verbose --scan-executable /var/folders/fh/vt8wk6pn5dgd_tv982c123440000gp/T/picpac-snapshots-4bd21p79/build/Build/Products/Debug-iphonesimulator/PicPacPoe.app/PicPacPoe.debug.dylib --scan-folder /var/folders/fh/vt8wk6pn5dgd_tv982c123440000gp/T/picpac-snapshots-4bd21p79/build/Build/Products/Debug-iphonesimulator/PicPacPoe.app/Frameworks --scan-folder /var/folders/fh/vt8wk6pn5dgd_tv982c123440000gp/T/picpac-snapshots-4bd21p79/build/Build/Products/Debug-iphonesimulator/PicPacPoe.app/PlugIns --scan-folder /var/folders/fh/vt8wk6pn5dgd_tv982c123440000gp/T/picpac-snapshots-4bd21p79/build/Build/Products/Debug-iphonesimulator/PicPacPoe.app/SystemExtensions --scan-folder /var/folders/fh/vt8wk6pn5dgd_tv982c123440000gp/T/picpac-snapshots-4bd21p79/build/Build/Products/Debug-iphonesimulator/PicPacPoe.app/Extensions --platform iphonesimulator --toolchain /Applications/Xcode.app/Contents/Developer/Toolchains/XcodeDefault.xctoolchain --destination /var/folders/fh/vt8wk6pn5dgd_tv982c123440000gp/T/picpac-snapshots-4bd21p79/build/Build/Products/Debug-iphonesimulator/PicPacPoe.app/Frameworks --strip-bitcode --strip-bitcode-tool /Applications/Xcode.app/Contents/Developer/Toolchains/XcodeDefault.xctoolchain/usr/bin/bitcode_strip --emit-dependency-info /var/folders/fh/vt8wk6pn5dgd_tv982c123440000gp/T/picpac-snapshots-4bd21p79/build/Build/Intermediates.noindex/PicPacPoe.build/Debug-iphonesimulator/PicPacPoe.build/SwiftStdLibToolInputDependencies.dep --filter-for-swift-os --back-deploy-swift-span
Ignoring --strip-bitcode because --sign was not passed

ExtractAppIntentsMetadata (in target 'PicPacPoe' from project 'PicPacPoe')
    cd /Users/bavabangaru/Developer/pic-pac-poe-ios-native-parity/ios
    /Applications/Xcode.app/Contents/Developer/Toolchains/XcodeDefault.xctoolchain/usr/bin/appintentsmetadataprocessor --toolchain-dir /Applications/Xcode.app/Contents/Developer/Toolchains/XcodeDefault.xctoolchain --module-name PicPacPoe --sdk-root /Applications/Xcode.app/Contents/Developer/Platforms/iPhoneSimulator.platform/Developer/SDKs/iPhoneSimulator26.5.sdk --xcode-version 17F113 --platform-family iOS --deployment-target 17.0 --bundle-identifier dev.saipranith.picpacpoe --output /var/folders/fh/vt8wk6pn5dgd_tv982c123440000gp/T/picpac-snapshots-4bd21p79/build/Build/Products/Debug-iphonesimulator/PicPacPoe.app --target-triple arm64-apple-ios17.0-simulator --target-triple x86_64-apple-ios17.0-simulator --binary-file /var/folders/fh/vt8wk6pn5dgd_tv982c123440000gp/T/picpac-snapshots-4bd21p79/build/Build/Products/Debug-iphonesimulator/PicPacPoe.app/PicPacPoe --dependency-file /var/folders/fh/vt8wk6pn5dgd_tv982c123440000gp/T/picpac-snapshots-4bd21p79/build/Build/Intermediates.noindex/PicPacPoe.build/Debug-iphonesimulator/PicPacPoe.build/Objects-normal/arm64/PicPacPoe_dependency_info.dat --dependency-file /var/folders/fh/vt8wk6pn5dgd_tv982c123440000gp/T/picpac-snapshots-4bd21p79/build/Build/Intermediates.noindex/PicPacPoe.build/Debug-iphonesimulator/PicPacPoe.build/Objects-normal/x86_64/PicPacPoe_dependency_info.dat --stringsdata-file /var/folders/fh/vt8wk6pn5dgd_tv982c123440000gp/T/picpac-snapshots-4bd21p79/build/Build/Intermediates.noindex/PicPacPoe.build/Debug-iphonesimulator/PicPacPoe.build/Objects-normal/arm64/ExtractedAppShortcutsMetadata.stringsdata --stringsdata-file /var/folders/fh/vt8wk6pn5dgd_tv982c123440000gp/T/picpac-snapshots-4bd21p79/build/Build/Intermediates.noindex/PicPacPoe.build/Debug-iphonesimulator/PicPacPoe.build/Objects-normal/x86_64/ExtractedAppShortcutsMetadata.stringsdata --source-file-list /var/folders/fh/vt8wk6pn5dgd_tv982c123440000gp/T/picpac-snapshots-4bd21p79/build/Build/Intermediates.noindex/PicPacPoe.build/Debug-iphonesimulator/PicPacPoe.build/Objects-normal/arm64/PicPacPoe.SwiftFileList --source-file-list /var/folders/fh/vt8wk6pn5dgd_tv982c123440000gp/T/picpac-snapshots-4bd21p79/build/Build/Intermediates.noindex/PicPacPoe.build/Debug-iphonesimulator/PicPacPoe.build/Objects-normal/x86_64/PicPacPoe.SwiftFileList --metadata-file-list /var/folders/fh/vt8wk6pn5dgd_tv982c123440000gp/T/picpac-snapshots-4bd21p79/build/Build/Intermediates.noindex/PicPacPoe.build/Debug-iphonesimulator/PicPacPoe.build/PicPacPoe.DependencyMetadataFileList --static-metadata-file-list /var/folders/fh/vt8wk6pn5dgd_tv982c123440000gp/T/picpac-snapshots-4bd21p79/build/Build/Intermediates.noindex/PicPacPoe.build/Debug-iphonesimulator/PicPacPoe.build/PicPacPoe.DependencyStaticMetadataFileList --swift-const-vals-list /var/folders/fh/vt8wk6pn5dgd_tv982c123440000gp/T/picpac-snapshots-4bd21p79/build/Build/Intermediates.noindex/PicPacPoe.build/Debug-iphonesimulator/PicPacPoe.build/Objects-normal/arm64/PicPacPoe.SwiftConstValuesFileList --swift-const-vals-list /var/folders/fh/vt8wk6pn5dgd_tv982c123440000gp/T/picpac-snapshots-4bd21p79/build/Build/Intermediates.noindex/PicPacPoe.build/Debug-iphonesimulator/PicPacPoe.build/Objects-normal/x86_64/PicPacPoe.SwiftConstValuesFileList --compile-time-extraction --deployment-aware-processing --validate-assistant-intents --no-app-shortcuts-localization
2026-09-25 06:28:28.432 appintentsmetadataprocessor[8164:116038291] Starting appintentsmetadataprocessor export
2026-09-25 06:28:28.434 appintentsmetadataprocessor[8164:116038291] warning: Metadata extraction skipped. No AppIntents.framework dependency found.

AppIntentsSSUTraining (in target 'PicPacPoe' from project 'PicPacPoe')
    cd /Users/bavabangaru/Developer/pic-pac-poe-ios-native-parity/ios
    /Applications/Xcode.app/Contents/Developer/Toolchains/XcodeDefault.xctoolchain/usr/bin/appintentsnltrainingprocessor --infoplist-path /var/folders/fh/vt8wk6pn5dgd_tv982c123440000gp/T/picpac-snapshots-4bd21p79/build/Build/Products/Debug-iphonesimulator/PicPacPoe.app/Info.plist --temp-dir-path /var/folders/fh/vt8wk6pn5dgd_tv982c123440000gp/T/picpac-snapshots-4bd21p79/build/Build/Intermediates.noindex/PicPacPoe.build/Debug-iphonesimulator/PicPacPoe.build/ssu --bundle-id dev.saipranith.picpacpoe --product-path /var/folders/fh/vt8wk6pn5dgd_tv982c123440000gp/T/picpac-snapshots-4bd21p79/build/Build/Products/Debug-iphonesimulator/PicPacPoe.app --extracted-metadata-path /var/folders/fh/vt8wk6pn5dgd_tv982c123440000gp/T/picpac-snapshots-4bd21p79/build/Build/Products/Debug-iphonesimulator/PicPacPoe.app/Metadata.appintents --metadata-file-list /var/folders/fh/vt8wk6pn5dgd_tv982c123440000gp/T/picpac-snapshots-4bd21p79/build/Build/Intermediates.noindex/PicPacPoe.build/Debug-iphonesimulator/PicPacPoe.build/PicPacPoe.DependencyMetadataFileList --source-file /var/folders/fh/vt8wk6pn5dgd_tv982c123440000gp/T/picpac-snapshots-4bd21p79/build/Build/Products/Debug-iphonesimulator/PicPacPoe.app/Info.plist --archive-ssu-assets
2026-09-25 06:28:28.453 appintentsnltrainingprocessor[8165:116038292] Parsing options for appintentsnltrainingprocessor
2026-09-25 06:28:28.454 appintentsnltrainingprocessor[8165:116038292] Starting AppIntents SSU YAML Generation
2026-09-25 06:28:28.455 appintentsnltrainingprocessor[8165:116038292] No AppShortcuts found - Skipping.

RegisterExecutionPolicyException /var/folders/fh/vt8wk6pn5dgd_tv982c123440000gp/T/picpac-snapshots-4bd21p79/build/Build/Products/Debug-iphonesimulator/PicPacPoe.app (in target 'PicPacPoe' from project 'PicPacPoe')
    cd /Users/bavabangaru/Developer/pic-pac-poe-ios-native-parity/ios
    builtin-RegisterExecutionPolicyException /var/folders/fh/vt8wk6pn5dgd_tv982c123440000gp/T/picpac-snapshots-4bd21p79/build/Build/Products/Debug-iphonesimulator/PicPacPoe.app

Validate /var/folders/fh/vt8wk6pn5dgd_tv982c123440000gp/T/picpac-snapshots-4bd21p79/build/Build/Products/Debug-iphonesimulator/PicPacPoe.app (in target 'PicPacPoe' from project 'PicPacPoe')
    cd /Users/bavabangaru/Developer/pic-pac-poe-ios-native-parity/ios
    builtin-validationUtility /var/folders/fh/vt8wk6pn5dgd_tv982c123440000gp/T/picpac-snapshots-4bd21p79/build/Build/Products/Debug-iphonesimulator/PicPacPoe.app -shallow-bundle -infoplist-subpath Info.plist

Touch /var/folders/fh/vt8wk6pn5dgd_tv982c123440000gp/T/picpac-snapshots-4bd21p79/build/Build/Products/Debug-iphonesimulator/PicPacPoe.app (in target 'PicPacPoe' from project 'PicPacPoe')
    cd /Users/bavabangaru/Developer/pic-pac-poe-ios-native-parity/ios
    /usr/bin/touch -c /var/folders/fh/vt8wk6pn5dgd_tv982c123440000gp/T/picpac-snapshots-4bd21p79/build/Build/Products/Debug-iphonesimulator/PicPacPoe.app

** BUILD SUCCEEDED **

