Command line invocation:
    /Applications/Xcode.app/Contents/Developer/usr/bin/xcodebuild -project /private/tmp/picpac-ios-privacy-link-20260926/ios/PicPacPoe.xcodeproj -scheme PicPacPoe -configuration Debug -destination "generic/platform=iOS Simulator" -derivedDataPath /var/folders/fh/vt8wk6pn5dgd_tv982c123440000gp/T/picpac-snapshots-raj9ar88/build CODE_SIGNING_ALLOWED=NO CODE_SIGNING_REQUIRED=NO build

Build settings from command line:
    CODE_SIGNING_ALLOWED = NO
    CODE_SIGNING_REQUIRED = NO

Resolve Package Graph


Resolved source packages:
  PicPacKit: /tmp/picpac-ios-privacy-link-20260926/ios/Packages/PicPacKit @ local

ComputePackagePrebuildTargetDependencyGraph

Prepare packages

CreateBuildRequest

SendProjectDescription

CreateBuildOperation

ComputeTargetDependencyGraph
note: Building targets in dependency order
note: Target dependency graph (7 targets)
    Target 'PicPacPoe' in project 'PicPacPoe'
        ➜ Explicit dependency on target 'PicPacPresentation' in project 'PicPacKit'
        ➜ Explicit dependency on target 'PicPacAI' in project 'PicPacKit'
    Target 'PicPacAI' in project 'PicPacKit'
        ➜ Explicit dependency on target 'PicPacAI' in project 'PicPacKit'
        ➜ Explicit dependency on target 'PicPacKit_PicPacAI' in project 'PicPacKit'
        ➜ Explicit dependency on target 'PicPacCore' in project 'PicPacKit'
    Target 'PicPacAI' in project 'PicPacKit'
        ➜ Explicit dependency on target 'PicPacKit_PicPacAI' in project 'PicPacKit'
        ➜ Explicit dependency on target 'PicPacCore' in project 'PicPacKit'
    Target 'PicPacKit_PicPacAI' in project 'PicPacKit' (no dependencies)
    Target 'PicPacPresentation' in project 'PicPacKit'
        ➜ Explicit dependency on target 'PicPacPresentation' in project 'PicPacKit'
        ➜ Explicit dependency on target 'PicPacCore' in project 'PicPacKit'
    Target 'PicPacPresentation' in project 'PicPacKit'
        ➜ Explicit dependency on target 'PicPacCore' in project 'PicPacKit'
    Target 'PicPacCore' in project 'PicPacKit' (no dependencies)

GatherProvisioningInputs

CreateBuildDescription

ExecuteExternalTool /Applications/Xcode.app/Contents/Developer/Toolchains/XcodeDefault.xctoolchain/usr/bin/swiftc --version

ExecuteExternalTool /Applications/Xcode.app/Contents/Developer/Toolchains/XcodeDefault.xctoolchain/usr/bin/clang -v -E -dM -isysroot /Applications/Xcode.app/Contents/Developer/Platforms/iPhoneSimulator.platform/Developer/SDKs/iPhoneSimulator26.5.sdk -x c -c /dev/null

ExecuteExternalTool /Applications/Xcode.app/Contents/Developer/usr/bin/actool --print-asset-tag-combinations --output-format xml1 /tmp/picpac-ios-privacy-link-20260926/ios/PicPacPoe/Assets.xcassets

ExecuteExternalTool /Applications/Xcode.app/Contents/Developer/Toolchains/XcodeDefault.xctoolchain/usr/bin/ld -version_details

ExecuteExternalTool /Applications/Xcode.app/Contents/Developer/usr/bin/actool --version --output-format xml1

Build description signature: 873d94418d088d995b0b39b533881487
Build description path: /var/folders/fh/vt8wk6pn5dgd_tv982c123440000gp/T/picpac-snapshots-raj9ar88/build/Build/Intermediates.noindex/XCBuildData/873d94418d088d995b0b39b533881487.xcbuilddata
ClangStatCache /Applications/Xcode.app/Contents/Developer/Toolchains/XcodeDefault.xctoolchain/usr/bin/clang-stat-cache /Applications/Xcode.app/Contents/Developer/Platforms/iPhoneSimulator.platform/Developer/SDKs/iPhoneSimulator26.5.sdk /var/folders/fh/vt8wk6pn5dgd_tv982c123440000gp/T/picpac-snapshots-raj9ar88/build/SDKStatCaches.noindex/iphonesimulator26.5-23F81a-6cfe768891a92b912361537c460fe42b.sdkstatcache
    cd /tmp/picpac-ios-privacy-link-20260926/ios/PicPacPoe.xcodeproj
    /Applications/Xcode.app/Contents/Developer/Toolchains/XcodeDefault.xctoolchain/usr/bin/clang-stat-cache /Applications/Xcode.app/Contents/Developer/Platforms/iPhoneSimulator.platform/Developer/SDKs/iPhoneSimulator26.5.sdk -o /var/folders/fh/vt8wk6pn5dgd_tv982c123440000gp/T/picpac-snapshots-raj9ar88/build/SDKStatCaches.noindex/iphonesimulator26.5-23F81a-6cfe768891a92b912361537c460fe42b.sdkstatcache

CreateBuildDirectory /var/folders/fh/vt8wk6pn5dgd_tv982c123440000gp/T/picpac-snapshots-raj9ar88/build/Build/Products
    cd /tmp/picpac-ios-privacy-link-20260926/ios/PicPacPoe.xcodeproj
    builtin-create-build-directory /var/folders/fh/vt8wk6pn5dgd_tv982c123440000gp/T/picpac-snapshots-raj9ar88/build/Build/Products

CreateBuildDirectory /var/folders/fh/vt8wk6pn5dgd_tv982c123440000gp/T/picpac-snapshots-raj9ar88/build/Build/Intermediates.noindex
    cd /tmp/picpac-ios-privacy-link-20260926/ios/PicPacPoe.xcodeproj
    builtin-create-build-directory /var/folders/fh/vt8wk6pn5dgd_tv982c123440000gp/T/picpac-snapshots-raj9ar88/build/Build/Intermediates.noindex

CreateBuildDirectory /var/folders/fh/vt8wk6pn5dgd_tv982c123440000gp/T/picpac-snapshots-raj9ar88/build/Build/Products/Debug-iphonesimulator
    cd /tmp/picpac-ios-privacy-link-20260926/ios/PicPacPoe.xcodeproj
    builtin-create-build-directory /var/folders/fh/vt8wk6pn5dgd_tv982c123440000gp/T/picpac-snapshots-raj9ar88/build/Build/Products/Debug-iphonesimulator

CreateBuildDirectory /var/folders/fh/vt8wk6pn5dgd_tv982c123440000gp/T/picpac-snapshots-raj9ar88/build/Build/Intermediates.noindex/ExplicitPrecompiledModules
    cd /tmp/picpac-ios-privacy-link-20260926/ios/PicPacPoe.xcodeproj
    builtin-create-build-directory /var/folders/fh/vt8wk6pn5dgd_tv982c123440000gp/T/picpac-snapshots-raj9ar88/build/Build/Intermediates.noindex/ExplicitPrecompiledModules

CreateBuildDirectory /var/folders/fh/vt8wk6pn5dgd_tv982c123440000gp/T/picpac-snapshots-raj9ar88/build/Build/Intermediates.noindex/SwiftExplicitPrecompiledModules
    cd /tmp/picpac-ios-privacy-link-20260926/ios/PicPacPoe.xcodeproj
    builtin-create-build-directory /var/folders/fh/vt8wk6pn5dgd_tv982c123440000gp/T/picpac-snapshots-raj9ar88/build/Build/Intermediates.noindex/SwiftExplicitPrecompiledModules

CreateBuildDirectory /var/folders/fh/vt8wk6pn5dgd_tv982c123440000gp/T/picpac-snapshots-raj9ar88/build/Build/Intermediates.noindex/EagerLinkingTBDs/Debug-iphonesimulator
    cd /tmp/picpac-ios-privacy-link-20260926/ios/PicPacPoe.xcodeproj
    builtin-create-build-directory /var/folders/fh/vt8wk6pn5dgd_tv982c123440000gp/T/picpac-snapshots-raj9ar88/build/Build/Intermediates.noindex/EagerLinkingTBDs/Debug-iphonesimulator

CreateBuildDirectory /var/folders/fh/vt8wk6pn5dgd_tv982c123440000gp/T/picpac-snapshots-raj9ar88/build/Build/Products/Debug-iphonesimulator/PackageFrameworks
    cd /tmp/picpac-ios-privacy-link-20260926/ios/PicPacPoe.xcodeproj
    builtin-create-build-directory /var/folders/fh/vt8wk6pn5dgd_tv982c123440000gp/T/picpac-snapshots-raj9ar88/build/Build/Products/Debug-iphonesimulator/PackageFrameworks

WriteAuxiliaryFile /var/folders/fh/vt8wk6pn5dgd_tv982c123440000gp/T/picpac-snapshots-raj9ar88/build/Build/Intermediates.noindex/PicPacPoe.build/Debug-iphonesimulator/PicPacPoe-90eff2f9d9e8600d7e53134acd1cb833-VFS-iphonesimulator/all-product-headers.yaml
    cd /tmp/picpac-ios-privacy-link-20260926/ios/PicPacPoe.xcodeproj
    write-file /var/folders/fh/vt8wk6pn5dgd_tv982c123440000gp/T/picpac-snapshots-raj9ar88/build/Build/Intermediates.noindex/PicPacPoe.build/Debug-iphonesimulator/PicPacPoe-90eff2f9d9e8600d7e53134acd1cb833-VFS-iphonesimulator/all-product-headers.yaml

WriteAuxiliaryFile /var/folders/fh/vt8wk6pn5dgd_tv982c123440000gp/T/picpac-snapshots-raj9ar88/build/Build/Intermediates.noindex/PicPacKit.build/Debug-iphonesimulator/PicPacPresentation.build/PicPacPresentation.modulemap (in target 'PicPacPresentation' from project 'PicPacKit')
    cd /tmp/picpac-ios-privacy-link-20260926/ios/Packages/PicPacKit
    write-file /var/folders/fh/vt8wk6pn5dgd_tv982c123440000gp/T/picpac-snapshots-raj9ar88/build/Build/Intermediates.noindex/PicPacKit.build/Debug-iphonesimulator/PicPacPresentation.build/PicPacPresentation.modulemap

WriteAuxiliaryFile /var/folders/fh/vt8wk6pn5dgd_tv982c123440000gp/T/picpac-snapshots-raj9ar88/build/Build/Intermediates.noindex/PicPacKit.build/Debug-iphonesimulator/PicPacPresentation.build/PicPacPresentation.DependencyStaticMetadataFileList (in target 'PicPacPresentation' from project 'PicPacKit')
    cd /tmp/picpac-ios-privacy-link-20260926/ios/Packages/PicPacKit
    write-file /var/folders/fh/vt8wk6pn5dgd_tv982c123440000gp/T/picpac-snapshots-raj9ar88/build/Build/Intermediates.noindex/PicPacKit.build/Debug-iphonesimulator/PicPacPresentation.build/PicPacPresentation.DependencyStaticMetadataFileList

WriteAuxiliaryFile /var/folders/fh/vt8wk6pn5dgd_tv982c123440000gp/T/picpac-snapshots-raj9ar88/build/Build/Intermediates.noindex/PicPacKit.build/Debug-iphonesimulator/PicPacKit_PicPacAI.build/PicPacKit_PicPacAI.DependencyMetadataFileList (in target 'PicPacKit_PicPacAI' from project 'PicPacKit')
    cd /tmp/picpac-ios-privacy-link-20260926/ios/Packages/PicPacKit
    write-file /var/folders/fh/vt8wk6pn5dgd_tv982c123440000gp/T/picpac-snapshots-raj9ar88/build/Build/Intermediates.noindex/PicPacKit.build/Debug-iphonesimulator/PicPacKit_PicPacAI.build/PicPacKit_PicPacAI.DependencyMetadataFileList

WriteAuxiliaryFile /var/folders/fh/vt8wk6pn5dgd_tv982c123440000gp/T/picpac-snapshots-raj9ar88/build/Build/Intermediates.noindex/PicPacKit.build/Debug-iphonesimulator/PicPacKit_PicPacAI.build/empty-PicPacKit_PicPacAI.plist (in target 'PicPacKit_PicPacAI' from project 'PicPacKit')
    cd /tmp/picpac-ios-privacy-link-20260926/ios/Packages/PicPacKit
    write-file /var/folders/fh/vt8wk6pn5dgd_tv982c123440000gp/T/picpac-snapshots-raj9ar88/build/Build/Intermediates.noindex/PicPacKit.build/Debug-iphonesimulator/PicPacKit_PicPacAI.build/empty-PicPacKit_PicPacAI.plist

WriteAuxiliaryFile /var/folders/fh/vt8wk6pn5dgd_tv982c123440000gp/T/picpac-snapshots-raj9ar88/build/Build/Intermediates.noindex/PicPacKit.build/Debug-iphonesimulator/PicPacPresentation.build/PicPacPresentation.DependencyMetadataFileList (in target 'PicPacPresentation' from project 'PicPacKit')
    cd /tmp/picpac-ios-privacy-link-20260926/ios/Packages/PicPacKit
    write-file /var/folders/fh/vt8wk6pn5dgd_tv982c123440000gp/T/picpac-snapshots-raj9ar88/build/Build/Intermediates.noindex/PicPacKit.build/Debug-iphonesimulator/PicPacPresentation.build/PicPacPresentation.DependencyMetadataFileList

WriteAuxiliaryFile /var/folders/fh/vt8wk6pn5dgd_tv982c123440000gp/T/picpac-snapshots-raj9ar88/build/Build/Intermediates.noindex/PicPacKit.build/Debug-iphonesimulator/PicPacKit_PicPacAI.build/PicPacKit_PicPacAI.DependencyStaticMetadataFileList (in target 'PicPacKit_PicPacAI' from project 'PicPacKit')
    cd /tmp/picpac-ios-privacy-link-20260926/ios/Packages/PicPacKit
    write-file /var/folders/fh/vt8wk6pn5dgd_tv982c123440000gp/T/picpac-snapshots-raj9ar88/build/Build/Intermediates.noindex/PicPacKit.build/Debug-iphonesimulator/PicPacKit_PicPacAI.build/PicPacKit_PicPacAI.DependencyStaticMetadataFileList

WriteAuxiliaryFile /var/folders/fh/vt8wk6pn5dgd_tv982c123440000gp/T/picpac-snapshots-raj9ar88/build/Build/Intermediates.noindex/PicPacKit.build/Debug-iphonesimulator/PicPacPresentation.build/Objects-normal/x86_64/PicPacPresentation.SwiftFileList (in target 'PicPacPresentation' from project 'PicPacKit')
    cd /tmp/picpac-ios-privacy-link-20260926/ios/Packages/PicPacKit
    write-file /var/folders/fh/vt8wk6pn5dgd_tv982c123440000gp/T/picpac-snapshots-raj9ar88/build/Build/Intermediates.noindex/PicPacKit.build/Debug-iphonesimulator/PicPacPresentation.build/Objects-normal/x86_64/PicPacPresentation.SwiftFileList

WriteAuxiliaryFile /var/folders/fh/vt8wk6pn5dgd_tv982c123440000gp/T/picpac-snapshots-raj9ar88/build/Build/Intermediates.noindex/PicPacKit.build/Debug-iphonesimulator/PicPacPresentation.build/Objects-normal/x86_64/PicPacPresentation_const_extract_protocols.json (in target 'PicPacPresentation' from project 'PicPacKit')
    cd /tmp/picpac-ios-privacy-link-20260926/ios/Packages/PicPacKit
    write-file /var/folders/fh/vt8wk6pn5dgd_tv982c123440000gp/T/picpac-snapshots-raj9ar88/build/Build/Intermediates.noindex/PicPacKit.build/Debug-iphonesimulator/PicPacPresentation.build/Objects-normal/x86_64/PicPacPresentation_const_extract_protocols.json

WriteAuxiliaryFile /var/folders/fh/vt8wk6pn5dgd_tv982c123440000gp/T/picpac-snapshots-raj9ar88/build/Build/Intermediates.noindex/PicPacKit.build/Debug-iphonesimulator/PicPacPresentation.build/Objects-normal/x86_64/PicPacPresentation.SwiftConstValuesFileList (in target 'PicPacPresentation' from project 'PicPacKit')
    cd /tmp/picpac-ios-privacy-link-20260926/ios/Packages/PicPacKit
    write-file /var/folders/fh/vt8wk6pn5dgd_tv982c123440000gp/T/picpac-snapshots-raj9ar88/build/Build/Intermediates.noindex/PicPacKit.build/Debug-iphonesimulator/PicPacPresentation.build/Objects-normal/x86_64/PicPacPresentation.SwiftConstValuesFileList

WriteAuxiliaryFile /var/folders/fh/vt8wk6pn5dgd_tv982c123440000gp/T/picpac-snapshots-raj9ar88/build/Build/Intermediates.noindex/PicPacKit.build/Debug-iphonesimulator/PicPacPresentation.build/Objects-normal/x86_64/PicPacPresentation-OutputFileMap.json (in target 'PicPacPresentation' from project 'PicPacKit')
    cd /tmp/picpac-ios-privacy-link-20260926/ios/Packages/PicPacKit
    write-file /var/folders/fh/vt8wk6pn5dgd_tv982c123440000gp/T/picpac-snapshots-raj9ar88/build/Build/Intermediates.noindex/PicPacKit.build/Debug-iphonesimulator/PicPacPresentation.build/Objects-normal/x86_64/PicPacPresentation-OutputFileMap.json

WriteAuxiliaryFile /var/folders/fh/vt8wk6pn5dgd_tv982c123440000gp/T/picpac-snapshots-raj9ar88/build/Build/Intermediates.noindex/PicPacKit.build/Debug-iphonesimulator/PicPacPresentation.build/Objects-normal/x86_64/PicPacPresentation.LinkFileList (in target 'PicPacPresentation' from project 'PicPacKit')
    cd /tmp/picpac-ios-privacy-link-20260926/ios/Packages/PicPacKit
    write-file /var/folders/fh/vt8wk6pn5dgd_tv982c123440000gp/T/picpac-snapshots-raj9ar88/build/Build/Intermediates.noindex/PicPacKit.build/Debug-iphonesimulator/PicPacPresentation.build/Objects-normal/x86_64/PicPacPresentation.LinkFileList

WriteAuxiliaryFile /var/folders/fh/vt8wk6pn5dgd_tv982c123440000gp/T/picpac-snapshots-raj9ar88/build/Build/Intermediates.noindex/PicPacKit.build/Debug-iphonesimulator/PicPacPresentation.build/Objects-normal/arm64/PicPacPresentation.SwiftConstValuesFileList (in target 'PicPacPresentation' from project 'PicPacKit')
    cd /tmp/picpac-ios-privacy-link-20260926/ios/Packages/PicPacKit
    write-file /var/folders/fh/vt8wk6pn5dgd_tv982c123440000gp/T/picpac-snapshots-raj9ar88/build/Build/Intermediates.noindex/PicPacKit.build/Debug-iphonesimulator/PicPacPresentation.build/Objects-normal/arm64/PicPacPresentation.SwiftConstValuesFileList

WriteAuxiliaryFile /var/folders/fh/vt8wk6pn5dgd_tv982c123440000gp/T/picpac-snapshots-raj9ar88/build/Build/Intermediates.noindex/PicPacKit.build/Debug-iphonesimulator/PicPacPresentation.build/Objects-normal/arm64/PicPacPresentation.SwiftFileList (in target 'PicPacPresentation' from project 'PicPacKit')
    cd /tmp/picpac-ios-privacy-link-20260926/ios/Packages/PicPacKit
    write-file /var/folders/fh/vt8wk6pn5dgd_tv982c123440000gp/T/picpac-snapshots-raj9ar88/build/Build/Intermediates.noindex/PicPacKit.build/Debug-iphonesimulator/PicPacPresentation.build/Objects-normal/arm64/PicPacPresentation.SwiftFileList

WriteAuxiliaryFile /var/folders/fh/vt8wk6pn5dgd_tv982c123440000gp/T/picpac-snapshots-raj9ar88/build/Build/Intermediates.noindex/PicPacKit.build/Debug-iphonesimulator/PicPacPresentation.build/Objects-normal/arm64/PicPacPresentation_const_extract_protocols.json (in target 'PicPacPresentation' from project 'PicPacKit')
    cd /tmp/picpac-ios-privacy-link-20260926/ios/Packages/PicPacKit
    write-file /var/folders/fh/vt8wk6pn5dgd_tv982c123440000gp/T/picpac-snapshots-raj9ar88/build/Build/Intermediates.noindex/PicPacKit.build/Debug-iphonesimulator/PicPacPresentation.build/Objects-normal/arm64/PicPacPresentation_const_extract_protocols.json

WriteAuxiliaryFile /var/folders/fh/vt8wk6pn5dgd_tv982c123440000gp/T/picpac-snapshots-raj9ar88/build/Build/Intermediates.noindex/PicPacKit.build/Debug-iphonesimulator/PicPacPresentation.build/Objects-normal/arm64/PicPacPresentation.LinkFileList (in target 'PicPacPresentation' from project 'PicPacKit')
    cd /tmp/picpac-ios-privacy-link-20260926/ios/Packages/PicPacKit
    write-file /var/folders/fh/vt8wk6pn5dgd_tv982c123440000gp/T/picpac-snapshots-raj9ar88/build/Build/Intermediates.noindex/PicPacKit.build/Debug-iphonesimulator/PicPacPresentation.build/Objects-normal/arm64/PicPacPresentation.LinkFileList

WriteAuxiliaryFile /var/folders/fh/vt8wk6pn5dgd_tv982c123440000gp/T/picpac-snapshots-raj9ar88/build/Build/Intermediates.noindex/PicPacKit.build/Debug-iphonesimulator/PicPacPresentation.build/Objects-normal/arm64/PicPacPresentation-OutputFileMap.json (in target 'PicPacPresentation' from project 'PicPacKit')
    cd /tmp/picpac-ios-privacy-link-20260926/ios/Packages/PicPacKit
    write-file /var/folders/fh/vt8wk6pn5dgd_tv982c123440000gp/T/picpac-snapshots-raj9ar88/build/Build/Intermediates.noindex/PicPacKit.build/Debug-iphonesimulator/PicPacPresentation.build/Objects-normal/arm64/PicPacPresentation-OutputFileMap.json

WriteAuxiliaryFile /var/folders/fh/vt8wk6pn5dgd_tv982c123440000gp/T/picpac-snapshots-raj9ar88/build/Build/Intermediates.noindex/PicPacPoe.build/Debug-iphonesimulator/PicPacPoe.build/PicPacPoe.DependencyMetadataFileList (in target 'PicPacPoe' from project 'PicPacPoe')
    cd /tmp/picpac-ios-privacy-link-20260926/ios
    write-file /var/folders/fh/vt8wk6pn5dgd_tv982c123440000gp/T/picpac-snapshots-raj9ar88/build/Build/Intermediates.noindex/PicPacPoe.build/Debug-iphonesimulator/PicPacPoe.build/PicPacPoe.DependencyMetadataFileList

WriteAuxiliaryFile /var/folders/fh/vt8wk6pn5dgd_tv982c123440000gp/T/picpac-snapshots-raj9ar88/build/Build/Intermediates.noindex/PicPacPoe.build/Debug-iphonesimulator/PicPacPoe.build/PicPacPoe.DependencyStaticMetadataFileList (in target 'PicPacPoe' from project 'PicPacPoe')
    cd /tmp/picpac-ios-privacy-link-20260926/ios
    write-file /var/folders/fh/vt8wk6pn5dgd_tv982c123440000gp/T/picpac-snapshots-raj9ar88/build/Build/Intermediates.noindex/PicPacPoe.build/Debug-iphonesimulator/PicPacPoe.build/PicPacPoe.DependencyStaticMetadataFileList

WriteAuxiliaryFile /var/folders/fh/vt8wk6pn5dgd_tv982c123440000gp/T/picpac-snapshots-raj9ar88/build/Build/Intermediates.noindex/PicPacPoe.build/Debug-iphonesimulator/PicPacPoe.build/PicPacPoe.hmap (in target 'PicPacPoe' from project 'PicPacPoe')
    cd /tmp/picpac-ios-privacy-link-20260926/ios
    write-file /var/folders/fh/vt8wk6pn5dgd_tv982c123440000gp/T/picpac-snapshots-raj9ar88/build/Build/Intermediates.noindex/PicPacPoe.build/Debug-iphonesimulator/PicPacPoe.build/PicPacPoe.hmap

WriteAuxiliaryFile /var/folders/fh/vt8wk6pn5dgd_tv982c123440000gp/T/picpac-snapshots-raj9ar88/build/Build/Intermediates.noindex/PicPacPoe.build/Debug-iphonesimulator/PicPacPoe.build/PicPacPoe-project-headers.hmap (in target 'PicPacPoe' from project 'PicPacPoe')
    cd /tmp/picpac-ios-privacy-link-20260926/ios
    write-file /var/folders/fh/vt8wk6pn5dgd_tv982c123440000gp/T/picpac-snapshots-raj9ar88/build/Build/Intermediates.noindex/PicPacPoe.build/Debug-iphonesimulator/PicPacPoe.build/PicPacPoe-project-headers.hmap

Copy /var/folders/fh/vt8wk6pn5dgd_tv982c123440000gp/T/picpac-snapshots-raj9ar88/build/Build/Intermediates.noindex/GeneratedModuleMaps-iphonesimulator/PicPacPresentation.modulemap /var/folders/fh/vt8wk6pn5dgd_tv982c123440000gp/T/picpac-snapshots-raj9ar88/build/Build/Intermediates.noindex/PicPacKit.build/Debug-iphonesimulator/PicPacPresentation.build/PicPacPresentation.modulemap (in target 'PicPacPresentation' from project 'PicPacKit')
    cd /tmp/picpac-ios-privacy-link-20260926/ios/Packages/PicPacKit
    builtin-copy -exclude .DS_Store -exclude CVS -exclude .svn -exclude .git -exclude .hg -resolve-src-symlinks /var/folders/fh/vt8wk6pn5dgd_tv982c123440000gp/T/picpac-snapshots-raj9ar88/build/Build/Intermediates.noindex/PicPacKit.build/Debug-iphonesimulator/PicPacPresentation.build/PicPacPresentation.modulemap /var/folders/fh/vt8wk6pn5dgd_tv982c123440000gp/T/picpac-snapshots-raj9ar88/build/Build/Intermediates.noindex/GeneratedModuleMaps-iphonesimulator

WriteAuxiliaryFile /var/folders/fh/vt8wk6pn5dgd_tv982c123440000gp/T/picpac-snapshots-raj9ar88/build/Build/Intermediates.noindex/PicPacPoe.build/Debug-iphonesimulator/PicPacPoe.build/PicPacPoe-own-target-headers.hmap (in target 'PicPacPoe' from project 'PicPacPoe')
    cd /tmp/picpac-ios-privacy-link-20260926/ios
    write-file /var/folders/fh/vt8wk6pn5dgd_tv982c123440000gp/T/picpac-snapshots-raj9ar88/build/Build/Intermediates.noindex/PicPacPoe.build/Debug-iphonesimulator/PicPacPoe.build/PicPacPoe-own-target-headers.hmap

WriteAuxiliaryFile /var/folders/fh/vt8wk6pn5dgd_tv982c123440000gp/T/picpac-snapshots-raj9ar88/build/Build/Intermediates.noindex/PicPacPoe.build/Debug-iphonesimulator/PicPacPoe.build/PicPacPoe-generated-files.hmap (in target 'PicPacPoe' from project 'PicPacPoe')
    cd /tmp/picpac-ios-privacy-link-20260926/ios
    write-file /var/folders/fh/vt8wk6pn5dgd_tv982c123440000gp/T/picpac-snapshots-raj9ar88/build/Build/Intermediates.noindex/PicPacPoe.build/Debug-iphonesimulator/PicPacPoe.build/PicPacPoe-generated-files.hmap

WriteAuxiliaryFile /var/folders/fh/vt8wk6pn5dgd_tv982c123440000gp/T/picpac-snapshots-raj9ar88/build/Build/Intermediates.noindex/PicPacPoe.build/Debug-iphonesimulator/PicPacPoe.build/PicPacPoe-all-target-headers.hmap (in target 'PicPacPoe' from project 'PicPacPoe')
    cd /tmp/picpac-ios-privacy-link-20260926/ios
    write-file /var/folders/fh/vt8wk6pn5dgd_tv982c123440000gp/T/picpac-snapshots-raj9ar88/build/Build/Intermediates.noindex/PicPacPoe.build/Debug-iphonesimulator/PicPacPoe.build/PicPacPoe-all-target-headers.hmap

WriteAuxiliaryFile /var/folders/fh/vt8wk6pn5dgd_tv982c123440000gp/T/picpac-snapshots-raj9ar88/build/Build/Intermediates.noindex/PicPacPoe.build/Debug-iphonesimulator/PicPacPoe.build/PicPacPoe-all-non-framework-target-headers.hmap (in target 'PicPacPoe' from project 'PicPacPoe')
    cd /tmp/picpac-ios-privacy-link-20260926/ios
    write-file /var/folders/fh/vt8wk6pn5dgd_tv982c123440000gp/T/picpac-snapshots-raj9ar88/build/Build/Intermediates.noindex/PicPacPoe.build/Debug-iphonesimulator/PicPacPoe.build/PicPacPoe-all-non-framework-target-headers.hmap

WriteAuxiliaryFile /var/folders/fh/vt8wk6pn5dgd_tv982c123440000gp/T/picpac-snapshots-raj9ar88/build/Build/Intermediates.noindex/PicPacPoe.build/Debug-iphonesimulator/PicPacPoe.build/PicPacPoe-DebugDylibPath-normal-x86_64.txt (in target 'PicPacPoe' from project 'PicPacPoe')
    cd /tmp/picpac-ios-privacy-link-20260926/ios
    write-file /var/folders/fh/vt8wk6pn5dgd_tv982c123440000gp/T/picpac-snapshots-raj9ar88/build/Build/Intermediates.noindex/PicPacPoe.build/Debug-iphonesimulator/PicPacPoe.build/PicPacPoe-DebugDylibPath-normal-x86_64.txt

WriteAuxiliaryFile /var/folders/fh/vt8wk6pn5dgd_tv982c123440000gp/T/picpac-snapshots-raj9ar88/build/Build/Intermediates.noindex/PicPacPoe.build/Debug-iphonesimulator/PicPacPoe.build/PicPacPoe-DebugDylibPath-normal-arm64.txt (in target 'PicPacPoe' from project 'PicPacPoe')
    cd /tmp/picpac-ios-privacy-link-20260926/ios
    write-file /var/folders/fh/vt8wk6pn5dgd_tv982c123440000gp/T/picpac-snapshots-raj9ar88/build/Build/Intermediates.noindex/PicPacPoe.build/Debug-iphonesimulator/PicPacPoe.build/PicPacPoe-DebugDylibPath-normal-arm64.txt

WriteAuxiliaryFile /var/folders/fh/vt8wk6pn5dgd_tv982c123440000gp/T/picpac-snapshots-raj9ar88/build/Build/Intermediates.noindex/PicPacPoe.build/Debug-iphonesimulator/PicPacPoe.build/PicPacPoe-DebugDylibInstallName-normal-x86_64.txt (in target 'PicPacPoe' from project 'PicPacPoe')
    cd /tmp/picpac-ios-privacy-link-20260926/ios
    write-file /var/folders/fh/vt8wk6pn5dgd_tv982c123440000gp/T/picpac-snapshots-raj9ar88/build/Build/Intermediates.noindex/PicPacPoe.build/Debug-iphonesimulator/PicPacPoe.build/PicPacPoe-DebugDylibInstallName-normal-x86_64.txt

WriteAuxiliaryFile /var/folders/fh/vt8wk6pn5dgd_tv982c123440000gp/T/picpac-snapshots-raj9ar88/build/Build/Intermediates.noindex/PicPacPoe.build/Debug-iphonesimulator/PicPacPoe.build/PicPacPoe-DebugDylibInstallName-normal-arm64.txt (in target 'PicPacPoe' from project 'PicPacPoe')
    cd /tmp/picpac-ios-privacy-link-20260926/ios
    write-file /var/folders/fh/vt8wk6pn5dgd_tv982c123440000gp/T/picpac-snapshots-raj9ar88/build/Build/Intermediates.noindex/PicPacPoe.build/Debug-iphonesimulator/PicPacPoe.build/PicPacPoe-DebugDylibInstallName-normal-arm64.txt

WriteAuxiliaryFile /var/folders/fh/vt8wk6pn5dgd_tv982c123440000gp/T/picpac-snapshots-raj9ar88/build/Build/Intermediates.noindex/PicPacPoe.build/Debug-iphonesimulator/PicPacPoe.build/Objects-normal/x86_64/PicPacPoe_const_extract_protocols.json (in target 'PicPacPoe' from project 'PicPacPoe')
    cd /tmp/picpac-ios-privacy-link-20260926/ios
    write-file /var/folders/fh/vt8wk6pn5dgd_tv982c123440000gp/T/picpac-snapshots-raj9ar88/build/Build/Intermediates.noindex/PicPacPoe.build/Debug-iphonesimulator/PicPacPoe.build/Objects-normal/x86_64/PicPacPoe_const_extract_protocols.json

WriteAuxiliaryFile /var/folders/fh/vt8wk6pn5dgd_tv982c123440000gp/T/picpac-snapshots-raj9ar88/build/Build/Intermediates.noindex/PicPacPoe.build/Debug-iphonesimulator/PicPacPoe.build/Objects-normal/x86_64/PicPacPoe.SwiftFileList (in target 'PicPacPoe' from project 'PicPacPoe')
    cd /tmp/picpac-ios-privacy-link-20260926/ios
    write-file /var/folders/fh/vt8wk6pn5dgd_tv982c123440000gp/T/picpac-snapshots-raj9ar88/build/Build/Intermediates.noindex/PicPacPoe.build/Debug-iphonesimulator/PicPacPoe.build/Objects-normal/x86_64/PicPacPoe.SwiftFileList

WriteAuxiliaryFile /var/folders/fh/vt8wk6pn5dgd_tv982c123440000gp/T/picpac-snapshots-raj9ar88/build/Build/Intermediates.noindex/PicPacPoe.build/Debug-iphonesimulator/PicPacPoe.build/Objects-normal/x86_64/PicPacPoe.SwiftConstValuesFileList (in target 'PicPacPoe' from project 'PicPacPoe')
    cd /tmp/picpac-ios-privacy-link-20260926/ios
    write-file /var/folders/fh/vt8wk6pn5dgd_tv982c123440000gp/T/picpac-snapshots-raj9ar88/build/Build/Intermediates.noindex/PicPacPoe.build/Debug-iphonesimulator/PicPacPoe.build/Objects-normal/x86_64/PicPacPoe.SwiftConstValuesFileList

WriteAuxiliaryFile /var/folders/fh/vt8wk6pn5dgd_tv982c123440000gp/T/picpac-snapshots-raj9ar88/build/Build/Intermediates.noindex/PicPacPoe.build/Debug-iphonesimulator/PicPacPoe.build/Objects-normal/x86_64/PicPacPoe.LinkFileList (in target 'PicPacPoe' from project 'PicPacPoe')
    cd /tmp/picpac-ios-privacy-link-20260926/ios
    write-file /var/folders/fh/vt8wk6pn5dgd_tv982c123440000gp/T/picpac-snapshots-raj9ar88/build/Build/Intermediates.noindex/PicPacPoe.build/Debug-iphonesimulator/PicPacPoe.build/Objects-normal/x86_64/PicPacPoe.LinkFileList

WriteAuxiliaryFile /var/folders/fh/vt8wk6pn5dgd_tv982c123440000gp/T/picpac-snapshots-raj9ar88/build/Build/Intermediates.noindex/PicPacPoe.build/Debug-iphonesimulator/PicPacPoe.build/Objects-normal/x86_64/PicPacPoe-OutputFileMap.json (in target 'PicPacPoe' from project 'PicPacPoe')
    cd /tmp/picpac-ios-privacy-link-20260926/ios
    write-file /var/folders/fh/vt8wk6pn5dgd_tv982c123440000gp/T/picpac-snapshots-raj9ar88/build/Build/Intermediates.noindex/PicPacPoe.build/Debug-iphonesimulator/PicPacPoe.build/Objects-normal/x86_64/PicPacPoe-OutputFileMap.json

WriteAuxiliaryFile /var/folders/fh/vt8wk6pn5dgd_tv982c123440000gp/T/picpac-snapshots-raj9ar88/build/Build/Intermediates.noindex/PicPacPoe.build/Debug-iphonesimulator/PicPacPoe.build/Objects-normal/arm64/PicPacPoe_const_extract_protocols.json (in target 'PicPacPoe' from project 'PicPacPoe')
    cd /tmp/picpac-ios-privacy-link-20260926/ios
    write-file /var/folders/fh/vt8wk6pn5dgd_tv982c123440000gp/T/picpac-snapshots-raj9ar88/build/Build/Intermediates.noindex/PicPacPoe.build/Debug-iphonesimulator/PicPacPoe.build/Objects-normal/arm64/PicPacPoe_const_extract_protocols.json

WriteAuxiliaryFile /var/folders/fh/vt8wk6pn5dgd_tv982c123440000gp/T/picpac-snapshots-raj9ar88/build/Build/Intermediates.noindex/PicPacPoe.build/Debug-iphonesimulator/PicPacPoe.build/Objects-normal/arm64/PicPacPoe.SwiftFileList (in target 'PicPacPoe' from project 'PicPacPoe')
    cd /tmp/picpac-ios-privacy-link-20260926/ios
    write-file /var/folders/fh/vt8wk6pn5dgd_tv982c123440000gp/T/picpac-snapshots-raj9ar88/build/Build/Intermediates.noindex/PicPacPoe.build/Debug-iphonesimulator/PicPacPoe.build/Objects-normal/arm64/PicPacPoe.SwiftFileList

WriteAuxiliaryFile /var/folders/fh/vt8wk6pn5dgd_tv982c123440000gp/T/picpac-snapshots-raj9ar88/build/Build/Intermediates.noindex/PicPacPoe.build/Debug-iphonesimulator/PicPacPoe.build/Objects-normal/arm64/PicPacPoe.SwiftConstValuesFileList (in target 'PicPacPoe' from project 'PicPacPoe')
    cd /tmp/picpac-ios-privacy-link-20260926/ios
    write-file /var/folders/fh/vt8wk6pn5dgd_tv982c123440000gp/T/picpac-snapshots-raj9ar88/build/Build/Intermediates.noindex/PicPacPoe.build/Debug-iphonesimulator/PicPacPoe.build/Objects-normal/arm64/PicPacPoe.SwiftConstValuesFileList

WriteAuxiliaryFile /var/folders/fh/vt8wk6pn5dgd_tv982c123440000gp/T/picpac-snapshots-raj9ar88/build/Build/Intermediates.noindex/PicPacPoe.build/Debug-iphonesimulator/PicPacPoe.build/Objects-normal/arm64/PicPacPoe.LinkFileList (in target 'PicPacPoe' from project 'PicPacPoe')
    cd /tmp/picpac-ios-privacy-link-20260926/ios
    write-file /var/folders/fh/vt8wk6pn5dgd_tv982c123440000gp/T/picpac-snapshots-raj9ar88/build/Build/Intermediates.noindex/PicPacPoe.build/Debug-iphonesimulator/PicPacPoe.build/Objects-normal/arm64/PicPacPoe.LinkFileList

WriteAuxiliaryFile /var/folders/fh/vt8wk6pn5dgd_tv982c123440000gp/T/picpac-snapshots-raj9ar88/build/Build/Intermediates.noindex/PicPacPoe.build/Debug-iphonesimulator/PicPacPoe.build/Objects-normal/arm64/PicPacPoe-OutputFileMap.json (in target 'PicPacPoe' from project 'PicPacPoe')
    cd /tmp/picpac-ios-privacy-link-20260926/ios
    write-file /var/folders/fh/vt8wk6pn5dgd_tv982c123440000gp/T/picpac-snapshots-raj9ar88/build/Build/Intermediates.noindex/PicPacPoe.build/Debug-iphonesimulator/PicPacPoe.build/Objects-normal/arm64/PicPacPoe-OutputFileMap.json

WriteAuxiliaryFile /var/folders/fh/vt8wk6pn5dgd_tv982c123440000gp/T/picpac-snapshots-raj9ar88/build/Build/Intermediates.noindex/PicPacKit.build/Debug-iphonesimulator/PicPacCore.build/PicPacCore.modulemap (in target 'PicPacCore' from project 'PicPacKit')
    cd /tmp/picpac-ios-privacy-link-20260926/ios/Packages/PicPacKit
    write-file /var/folders/fh/vt8wk6pn5dgd_tv982c123440000gp/T/picpac-snapshots-raj9ar88/build/Build/Intermediates.noindex/PicPacKit.build/Debug-iphonesimulator/PicPacCore.build/PicPacCore.modulemap

WriteAuxiliaryFile /var/folders/fh/vt8wk6pn5dgd_tv982c123440000gp/T/picpac-snapshots-raj9ar88/build/Build/Intermediates.noindex/PicPacKit.build/Debug-iphonesimulator/PicPacCore.build/PicPacCore.DependencyStaticMetadataFileList (in target 'PicPacCore' from project 'PicPacKit')
    cd /tmp/picpac-ios-privacy-link-20260926/ios/Packages/PicPacKit
    write-file /var/folders/fh/vt8wk6pn5dgd_tv982c123440000gp/T/picpac-snapshots-raj9ar88/build/Build/Intermediates.noindex/PicPacKit.build/Debug-iphonesimulator/PicPacCore.build/PicPacCore.DependencyStaticMetadataFileList

WriteAuxiliaryFile /var/folders/fh/vt8wk6pn5dgd_tv982c123440000gp/T/picpac-snapshots-raj9ar88/build/Build/Intermediates.noindex/PicPacKit.build/Debug-iphonesimulator/PicPacCore.build/PicPacCore.DependencyMetadataFileList (in target 'PicPacCore' from project 'PicPacKit')
    cd /tmp/picpac-ios-privacy-link-20260926/ios/Packages/PicPacKit
    write-file /var/folders/fh/vt8wk6pn5dgd_tv982c123440000gp/T/picpac-snapshots-raj9ar88/build/Build/Intermediates.noindex/PicPacKit.build/Debug-iphonesimulator/PicPacCore.build/PicPacCore.DependencyMetadataFileList

WriteAuxiliaryFile /var/folders/fh/vt8wk6pn5dgd_tv982c123440000gp/T/picpac-snapshots-raj9ar88/build/Build/Intermediates.noindex/PicPacKit.build/Debug-iphonesimulator/PicPacCore.build/Objects-normal/x86_64/PicPacCore_const_extract_protocols.json (in target 'PicPacCore' from project 'PicPacKit')
    cd /tmp/picpac-ios-privacy-link-20260926/ios/Packages/PicPacKit
    write-file /var/folders/fh/vt8wk6pn5dgd_tv982c123440000gp/T/picpac-snapshots-raj9ar88/build/Build/Intermediates.noindex/PicPacKit.build/Debug-iphonesimulator/PicPacCore.build/Objects-normal/x86_64/PicPacCore_const_extract_protocols.json

WriteAuxiliaryFile /var/folders/fh/vt8wk6pn5dgd_tv982c123440000gp/T/picpac-snapshots-raj9ar88/build/Build/Intermediates.noindex/PicPacKit.build/Debug-iphonesimulator/PicPacCore.build/Objects-normal/x86_64/PicPacCore.SwiftFileList (in target 'PicPacCore' from project 'PicPacKit')
    cd /tmp/picpac-ios-privacy-link-20260926/ios/Packages/PicPacKit
    write-file /var/folders/fh/vt8wk6pn5dgd_tv982c123440000gp/T/picpac-snapshots-raj9ar88/build/Build/Intermediates.noindex/PicPacKit.build/Debug-iphonesimulator/PicPacCore.build/Objects-normal/x86_64/PicPacCore.SwiftFileList

WriteAuxiliaryFile /var/folders/fh/vt8wk6pn5dgd_tv982c123440000gp/T/picpac-snapshots-raj9ar88/build/Build/Intermediates.noindex/PicPacKit.build/Debug-iphonesimulator/PicPacCore.build/Objects-normal/x86_64/PicPacCore.SwiftConstValuesFileList (in target 'PicPacCore' from project 'PicPacKit')
    cd /tmp/picpac-ios-privacy-link-20260926/ios/Packages/PicPacKit
    write-file /var/folders/fh/vt8wk6pn5dgd_tv982c123440000gp/T/picpac-snapshots-raj9ar88/build/Build/Intermediates.noindex/PicPacKit.build/Debug-iphonesimulator/PicPacCore.build/Objects-normal/x86_64/PicPacCore.SwiftConstValuesFileList

WriteAuxiliaryFile /var/folders/fh/vt8wk6pn5dgd_tv982c123440000gp/T/picpac-snapshots-raj9ar88/build/Build/Intermediates.noindex/PicPacKit.build/Debug-iphonesimulator/PicPacCore.build/Objects-normal/x86_64/PicPacCore.LinkFileList (in target 'PicPacCore' from project 'PicPacKit')
    cd /tmp/picpac-ios-privacy-link-20260926/ios/Packages/PicPacKit
    write-file /var/folders/fh/vt8wk6pn5dgd_tv982c123440000gp/T/picpac-snapshots-raj9ar88/build/Build/Intermediates.noindex/PicPacKit.build/Debug-iphonesimulator/PicPacCore.build/Objects-normal/x86_64/PicPacCore.LinkFileList

WriteAuxiliaryFile /var/folders/fh/vt8wk6pn5dgd_tv982c123440000gp/T/picpac-snapshots-raj9ar88/build/Build/Intermediates.noindex/PicPacKit.build/Debug-iphonesimulator/PicPacCore.build/Objects-normal/x86_64/PicPacCore-OutputFileMap.json (in target 'PicPacCore' from project 'PicPacKit')
    cd /tmp/picpac-ios-privacy-link-20260926/ios/Packages/PicPacKit
    write-file /var/folders/fh/vt8wk6pn5dgd_tv982c123440000gp/T/picpac-snapshots-raj9ar88/build/Build/Intermediates.noindex/PicPacKit.build/Debug-iphonesimulator/PicPacCore.build/Objects-normal/x86_64/PicPacCore-OutputFileMap.json

WriteAuxiliaryFile /var/folders/fh/vt8wk6pn5dgd_tv982c123440000gp/T/picpac-snapshots-raj9ar88/build/Build/Intermediates.noindex/PicPacKit.build/Debug-iphonesimulator/PicPacCore.build/Objects-normal/arm64/PicPacCore_const_extract_protocols.json (in target 'PicPacCore' from project 'PicPacKit')
    cd /tmp/picpac-ios-privacy-link-20260926/ios/Packages/PicPacKit
    write-file /var/folders/fh/vt8wk6pn5dgd_tv982c123440000gp/T/picpac-snapshots-raj9ar88/build/Build/Intermediates.noindex/PicPacKit.build/Debug-iphonesimulator/PicPacCore.build/Objects-normal/arm64/PicPacCore_const_extract_protocols.json

WriteAuxiliaryFile /var/folders/fh/vt8wk6pn5dgd_tv982c123440000gp/T/picpac-snapshots-raj9ar88/build/Build/Intermediates.noindex/PicPacKit.build/Debug-iphonesimulator/PicPacCore.build/Objects-normal/arm64/PicPacCore.SwiftFileList (in target 'PicPacCore' from project 'PicPacKit')
    cd /tmp/picpac-ios-privacy-link-20260926/ios/Packages/PicPacKit
    write-file /var/folders/fh/vt8wk6pn5dgd_tv982c123440000gp/T/picpac-snapshots-raj9ar88/build/Build/Intermediates.noindex/PicPacKit.build/Debug-iphonesimulator/PicPacCore.build/Objects-normal/arm64/PicPacCore.SwiftFileList

WriteAuxiliaryFile /var/folders/fh/vt8wk6pn5dgd_tv982c123440000gp/T/picpac-snapshots-raj9ar88/build/Build/Intermediates.noindex/PicPacKit.build/Debug-iphonesimulator/PicPacCore.build/Objects-normal/arm64/PicPacCore.SwiftConstValuesFileList (in target 'PicPacCore' from project 'PicPacKit')
    cd /tmp/picpac-ios-privacy-link-20260926/ios/Packages/PicPacKit
    write-file /var/folders/fh/vt8wk6pn5dgd_tv982c123440000gp/T/picpac-snapshots-raj9ar88/build/Build/Intermediates.noindex/PicPacKit.build/Debug-iphonesimulator/PicPacCore.build/Objects-normal/arm64/PicPacCore.SwiftConstValuesFileList

WriteAuxiliaryFile /var/folders/fh/vt8wk6pn5dgd_tv982c123440000gp/T/picpac-snapshots-raj9ar88/build/Build/Intermediates.noindex/PicPacKit.build/Debug-iphonesimulator/PicPacCore.build/Objects-normal/arm64/PicPacCore.LinkFileList (in target 'PicPacCore' from project 'PicPacKit')
    cd /tmp/picpac-ios-privacy-link-20260926/ios/Packages/PicPacKit
    write-file /var/folders/fh/vt8wk6pn5dgd_tv982c123440000gp/T/picpac-snapshots-raj9ar88/build/Build/Intermediates.noindex/PicPacKit.build/Debug-iphonesimulator/PicPacCore.build/Objects-normal/arm64/PicPacCore.LinkFileList

WriteAuxiliaryFile /var/folders/fh/vt8wk6pn5dgd_tv982c123440000gp/T/picpac-snapshots-raj9ar88/build/Build/Intermediates.noindex/PicPacKit.build/Debug-iphonesimulator/PicPacCore.build/Objects-normal/arm64/PicPacCore-OutputFileMap.json (in target 'PicPacCore' from project 'PicPacKit')
    cd /tmp/picpac-ios-privacy-link-20260926/ios/Packages/PicPacKit
    write-file /var/folders/fh/vt8wk6pn5dgd_tv982c123440000gp/T/picpac-snapshots-raj9ar88/build/Build/Intermediates.noindex/PicPacKit.build/Debug-iphonesimulator/PicPacCore.build/Objects-normal/arm64/PicPacCore-OutputFileMap.json

Copy /var/folders/fh/vt8wk6pn5dgd_tv982c123440000gp/T/picpac-snapshots-raj9ar88/build/Build/Intermediates.noindex/GeneratedModuleMaps-iphonesimulator/PicPacCore.modulemap /var/folders/fh/vt8wk6pn5dgd_tv982c123440000gp/T/picpac-snapshots-raj9ar88/build/Build/Intermediates.noindex/PicPacKit.build/Debug-iphonesimulator/PicPacCore.build/PicPacCore.modulemap (in target 'PicPacCore' from project 'PicPacKit')
    cd /tmp/picpac-ios-privacy-link-20260926/ios/Packages/PicPacKit
    builtin-copy -exclude .DS_Store -exclude CVS -exclude .svn -exclude .git -exclude .hg -resolve-src-symlinks /var/folders/fh/vt8wk6pn5dgd_tv982c123440000gp/T/picpac-snapshots-raj9ar88/build/Build/Intermediates.noindex/PicPacKit.build/Debug-iphonesimulator/PicPacCore.build/PicPacCore.modulemap /var/folders/fh/vt8wk6pn5dgd_tv982c123440000gp/T/picpac-snapshots-raj9ar88/build/Build/Intermediates.noindex/GeneratedModuleMaps-iphonesimulator

WriteAuxiliaryFile /var/folders/fh/vt8wk6pn5dgd_tv982c123440000gp/T/picpac-snapshots-raj9ar88/build/Build/Intermediates.noindex/PicPacKit.build/Debug-iphonesimulator/PicPacAI.build/PicPacAI.DependencyStaticMetadataFileList (in target 'PicPacAI' from project 'PicPacKit')
    cd /tmp/picpac-ios-privacy-link-20260926/ios/Packages/PicPacKit
    write-file /var/folders/fh/vt8wk6pn5dgd_tv982c123440000gp/T/picpac-snapshots-raj9ar88/build/Build/Intermediates.noindex/PicPacKit.build/Debug-iphonesimulator/PicPacAI.build/PicPacAI.DependencyStaticMetadataFileList

WriteAuxiliaryFile /var/folders/fh/vt8wk6pn5dgd_tv982c123440000gp/T/picpac-snapshots-raj9ar88/build/Build/Intermediates.noindex/PicPacKit.build/Debug-iphonesimulator/PicPacAI.build/PicPacAI.modulemap (in target 'PicPacAI' from project 'PicPacKit')
    cd /tmp/picpac-ios-privacy-link-20260926/ios/Packages/PicPacKit
    write-file /var/folders/fh/vt8wk6pn5dgd_tv982c123440000gp/T/picpac-snapshots-raj9ar88/build/Build/Intermediates.noindex/PicPacKit.build/Debug-iphonesimulator/PicPacAI.build/PicPacAI.modulemap

WriteAuxiliaryFile /var/folders/fh/vt8wk6pn5dgd_tv982c123440000gp/T/picpac-snapshots-raj9ar88/build/Build/Intermediates.noindex/PicPacKit.build/Debug-iphonesimulator/PicPacAI.build/PicPacAI.DependencyMetadataFileList (in target 'PicPacAI' from project 'PicPacKit')
    cd /tmp/picpac-ios-privacy-link-20260926/ios/Packages/PicPacKit
    write-file /var/folders/fh/vt8wk6pn5dgd_tv982c123440000gp/T/picpac-snapshots-raj9ar88/build/Build/Intermediates.noindex/PicPacKit.build/Debug-iphonesimulator/PicPacAI.build/PicPacAI.DependencyMetadataFileList

WriteAuxiliaryFile /var/folders/fh/vt8wk6pn5dgd_tv982c123440000gp/T/picpac-snapshots-raj9ar88/build/Build/Intermediates.noindex/PicPacKit.build/Debug-iphonesimulator/PicPacAI.build/Objects-normal/x86_64/PicPacAI.SwiftFileList (in target 'PicPacAI' from project 'PicPacKit')
    cd /tmp/picpac-ios-privacy-link-20260926/ios/Packages/PicPacKit
    write-file /var/folders/fh/vt8wk6pn5dgd_tv982c123440000gp/T/picpac-snapshots-raj9ar88/build/Build/Intermediates.noindex/PicPacKit.build/Debug-iphonesimulator/PicPacAI.build/Objects-normal/x86_64/PicPacAI.SwiftFileList

WriteAuxiliaryFile /var/folders/fh/vt8wk6pn5dgd_tv982c123440000gp/T/picpac-snapshots-raj9ar88/build/Build/Intermediates.noindex/PicPacKit.build/Debug-iphonesimulator/PicPacAI.build/Objects-normal/x86_64/PicPacAI_const_extract_protocols.json (in target 'PicPacAI' from project 'PicPacKit')
    cd /tmp/picpac-ios-privacy-link-20260926/ios/Packages/PicPacKit
    write-file /var/folders/fh/vt8wk6pn5dgd_tv982c123440000gp/T/picpac-snapshots-raj9ar88/build/Build/Intermediates.noindex/PicPacKit.build/Debug-iphonesimulator/PicPacAI.build/Objects-normal/x86_64/PicPacAI_const_extract_protocols.json

WriteAuxiliaryFile /var/folders/fh/vt8wk6pn5dgd_tv982c123440000gp/T/picpac-snapshots-raj9ar88/build/Build/Intermediates.noindex/PicPacKit.build/Debug-iphonesimulator/PicPacAI.build/Objects-normal/x86_64/PicPacAI.SwiftConstValuesFileList (in target 'PicPacAI' from project 'PicPacKit')
    cd /tmp/picpac-ios-privacy-link-20260926/ios/Packages/PicPacKit
    write-file /var/folders/fh/vt8wk6pn5dgd_tv982c123440000gp/T/picpac-snapshots-raj9ar88/build/Build/Intermediates.noindex/PicPacKit.build/Debug-iphonesimulator/PicPacAI.build/Objects-normal/x86_64/PicPacAI.SwiftConstValuesFileList

WriteAuxiliaryFile /var/folders/fh/vt8wk6pn5dgd_tv982c123440000gp/T/picpac-snapshots-raj9ar88/build/Build/Intermediates.noindex/PicPacKit.build/Debug-iphonesimulator/PicPacAI.build/Objects-normal/x86_64/PicPacAI.LinkFileList (in target 'PicPacAI' from project 'PicPacKit')
    cd /tmp/picpac-ios-privacy-link-20260926/ios/Packages/PicPacKit
    write-file /var/folders/fh/vt8wk6pn5dgd_tv982c123440000gp/T/picpac-snapshots-raj9ar88/build/Build/Intermediates.noindex/PicPacKit.build/Debug-iphonesimulator/PicPacAI.build/Objects-normal/x86_64/PicPacAI.LinkFileList

WriteAuxiliaryFile /var/folders/fh/vt8wk6pn5dgd_tv982c123440000gp/T/picpac-snapshots-raj9ar88/build/Build/Intermediates.noindex/PicPacKit.build/Debug-iphonesimulator/PicPacAI.build/Objects-normal/x86_64/PicPacAI-OutputFileMap.json (in target 'PicPacAI' from project 'PicPacKit')
    cd /tmp/picpac-ios-privacy-link-20260926/ios/Packages/PicPacKit
    write-file /var/folders/fh/vt8wk6pn5dgd_tv982c123440000gp/T/picpac-snapshots-raj9ar88/build/Build/Intermediates.noindex/PicPacKit.build/Debug-iphonesimulator/PicPacAI.build/Objects-normal/x86_64/PicPacAI-OutputFileMap.json

WriteAuxiliaryFile /var/folders/fh/vt8wk6pn5dgd_tv982c123440000gp/T/picpac-snapshots-raj9ar88/build/Build/Intermediates.noindex/PicPacKit.build/Debug-iphonesimulator/PicPacAI.build/Objects-normal/arm64/PicPacAI_const_extract_protocols.json (in target 'PicPacAI' from project 'PicPacKit')
    cd /tmp/picpac-ios-privacy-link-20260926/ios/Packages/PicPacKit
    write-file /var/folders/fh/vt8wk6pn5dgd_tv982c123440000gp/T/picpac-snapshots-raj9ar88/build/Build/Intermediates.noindex/PicPacKit.build/Debug-iphonesimulator/PicPacAI.build/Objects-normal/arm64/PicPacAI_const_extract_protocols.json

WriteAuxiliaryFile /var/folders/fh/vt8wk6pn5dgd_tv982c123440000gp/T/picpac-snapshots-raj9ar88/build/Build/Intermediates.noindex/PicPacKit.build/Debug-iphonesimulator/PicPacAI.build/Objects-normal/arm64/PicPacAI.SwiftFileList (in target 'PicPacAI' from project 'PicPacKit')
    cd /tmp/picpac-ios-privacy-link-20260926/ios/Packages/PicPacKit
    write-file /var/folders/fh/vt8wk6pn5dgd_tv982c123440000gp/T/picpac-snapshots-raj9ar88/build/Build/Intermediates.noindex/PicPacKit.build/Debug-iphonesimulator/PicPacAI.build/Objects-normal/arm64/PicPacAI.SwiftFileList

WriteAuxiliaryFile /var/folders/fh/vt8wk6pn5dgd_tv982c123440000gp/T/picpac-snapshots-raj9ar88/build/Build/Intermediates.noindex/PicPacKit.build/Debug-iphonesimulator/PicPacAI.build/Objects-normal/arm64/PicPacAI.SwiftConstValuesFileList (in target 'PicPacAI' from project 'PicPacKit')
    cd /tmp/picpac-ios-privacy-link-20260926/ios/Packages/PicPacKit
    write-file /var/folders/fh/vt8wk6pn5dgd_tv982c123440000gp/T/picpac-snapshots-raj9ar88/build/Build/Intermediates.noindex/PicPacKit.build/Debug-iphonesimulator/PicPacAI.build/Objects-normal/arm64/PicPacAI.SwiftConstValuesFileList

WriteAuxiliaryFile /var/folders/fh/vt8wk6pn5dgd_tv982c123440000gp/T/picpac-snapshots-raj9ar88/build/Build/Intermediates.noindex/PicPacKit.build/Debug-iphonesimulator/PicPacAI.build/Objects-normal/arm64/PicPacAI.LinkFileList (in target 'PicPacAI' from project 'PicPacKit')
    cd /tmp/picpac-ios-privacy-link-20260926/ios/Packages/PicPacKit
    write-file /var/folders/fh/vt8wk6pn5dgd_tv982c123440000gp/T/picpac-snapshots-raj9ar88/build/Build/Intermediates.noindex/PicPacKit.build/Debug-iphonesimulator/PicPacAI.build/Objects-normal/arm64/PicPacAI.LinkFileList

WriteAuxiliaryFile /var/folders/fh/vt8wk6pn5dgd_tv982c123440000gp/T/picpac-snapshots-raj9ar88/build/Build/Intermediates.noindex/PicPacKit.build/Debug-iphonesimulator/PicPacAI.build/Objects-normal/arm64/PicPacAI-OutputFileMap.json (in target 'PicPacAI' from project 'PicPacKit')
    cd /tmp/picpac-ios-privacy-link-20260926/ios/Packages/PicPacKit
    write-file /var/folders/fh/vt8wk6pn5dgd_tv982c123440000gp/T/picpac-snapshots-raj9ar88/build/Build/Intermediates.noindex/PicPacKit.build/Debug-iphonesimulator/PicPacAI.build/Objects-normal/arm64/PicPacAI-OutputFileMap.json

WriteAuxiliaryFile /var/folders/fh/vt8wk6pn5dgd_tv982c123440000gp/T/picpac-snapshots-raj9ar88/build/Build/Intermediates.noindex/PicPacKit.build/Debug-iphonesimulator/PicPacAI.build/DerivedSources/resource_bundle_accessor.swift (in target 'PicPacAI' from project 'PicPacKit')
    cd /tmp/picpac-ios-privacy-link-20260926/ios/Packages/PicPacKit
    write-file /var/folders/fh/vt8wk6pn5dgd_tv982c123440000gp/T/picpac-snapshots-raj9ar88/build/Build/Intermediates.noindex/PicPacKit.build/Debug-iphonesimulator/PicPacAI.build/DerivedSources/resource_bundle_accessor.swift

Copy /var/folders/fh/vt8wk6pn5dgd_tv982c123440000gp/T/picpac-snapshots-raj9ar88/build/Build/Intermediates.noindex/GeneratedModuleMaps-iphonesimulator/PicPacAI.modulemap /var/folders/fh/vt8wk6pn5dgd_tv982c123440000gp/T/picpac-snapshots-raj9ar88/build/Build/Intermediates.noindex/PicPacKit.build/Debug-iphonesimulator/PicPacAI.build/PicPacAI.modulemap (in target 'PicPacAI' from project 'PicPacKit')
    cd /tmp/picpac-ios-privacy-link-20260926/ios/Packages/PicPacKit
    builtin-copy -exclude .DS_Store -exclude CVS -exclude .svn -exclude .git -exclude .hg -resolve-src-symlinks /var/folders/fh/vt8wk6pn5dgd_tv982c123440000gp/T/picpac-snapshots-raj9ar88/build/Build/Intermediates.noindex/PicPacKit.build/Debug-iphonesimulator/PicPacAI.build/PicPacAI.modulemap /var/folders/fh/vt8wk6pn5dgd_tv982c123440000gp/T/picpac-snapshots-raj9ar88/build/Build/Intermediates.noindex/GeneratedModuleMaps-iphonesimulator

MkDir /var/folders/fh/vt8wk6pn5dgd_tv982c123440000gp/T/picpac-snapshots-raj9ar88/build/Build/Products/Debug-iphonesimulator/PicPacPoe.app (in target 'PicPacPoe' from project 'PicPacPoe')
    cd /tmp/picpac-ios-privacy-link-20260926/ios
    /bin/mkdir -p /var/folders/fh/vt8wk6pn5dgd_tv982c123440000gp/T/picpac-snapshots-raj9ar88/build/Build/Products/Debug-iphonesimulator/PicPacPoe.app

MkDir /var/folders/fh/vt8wk6pn5dgd_tv982c123440000gp/T/picpac-snapshots-raj9ar88/build/Build/Products/Debug-iphonesimulator/PicPacKit_PicPacAI.bundle (in target 'PicPacKit_PicPacAI' from project 'PicPacKit')
    cd /tmp/picpac-ios-privacy-link-20260926/ios/Packages/PicPacKit
    /bin/mkdir -p /var/folders/fh/vt8wk6pn5dgd_tv982c123440000gp/T/picpac-snapshots-raj9ar88/build/Build/Products/Debug-iphonesimulator/PicPacKit_PicPacAI.bundle

ProcessInfoPlistFile /var/folders/fh/vt8wk6pn5dgd_tv982c123440000gp/T/picpac-snapshots-raj9ar88/build/Build/Products/Debug-iphonesimulator/PicPacKit_PicPacAI.bundle/Info.plist /var/folders/fh/vt8wk6pn5dgd_tv982c123440000gp/T/picpac-snapshots-raj9ar88/build/Build/Intermediates.noindex/PicPacKit.build/Debug-iphonesimulator/PicPacKit_PicPacAI.build/empty-PicPacKit_PicPacAI.plist (in target 'PicPacKit_PicPacAI' from project 'PicPacKit')
    cd /tmp/picpac-ios-privacy-link-20260926/ios/Packages/PicPacKit
    builtin-infoPlistUtility /var/folders/fh/vt8wk6pn5dgd_tv982c123440000gp/T/picpac-snapshots-raj9ar88/build/Build/Intermediates.noindex/PicPacKit.build/Debug-iphonesimulator/PicPacKit_PicPacAI.build/empty-PicPacKit_PicPacAI.plist -producttype com.apple.product-type.bundle -expandbuildsettings -format binary -platform iphonesimulator -o /var/folders/fh/vt8wk6pn5dgd_tv982c123440000gp/T/picpac-snapshots-raj9ar88/build/Build/Products/Debug-iphonesimulator/PicPacKit_PicPacAI.bundle/Info.plist

CpResource /var/folders/fh/vt8wk6pn5dgd_tv982c123440000gp/T/picpac-snapshots-raj9ar88/build/Build/Products/Debug-iphonesimulator/PicPacKit_PicPacAI.bundle/picpac_rl_policy_v1.bin /tmp/picpac-ios-privacy-link-20260926/ios/Packages/PicPacKit/Sources/PicPacAI/Resources/picpac_rl_policy_v1.bin (in target 'PicPacKit_PicPacAI' from project 'PicPacKit')
    cd /tmp/picpac-ios-privacy-link-20260926/ios/Packages/PicPacKit
    builtin-copy -exclude .DS_Store -exclude CVS -exclude .svn -exclude .git -exclude .hg -resolve-src-symlinks /tmp/picpac-ios-privacy-link-20260926/ios/Packages/PicPacKit/Sources/PicPacAI/Resources/picpac_rl_policy_v1.bin /var/folders/fh/vt8wk6pn5dgd_tv982c123440000gp/T/picpac-snapshots-raj9ar88/build/Build/Products/Debug-iphonesimulator/PicPacKit_PicPacAI.bundle

RegisterExecutionPolicyException /var/folders/fh/vt8wk6pn5dgd_tv982c123440000gp/T/picpac-snapshots-raj9ar88/build/Build/Products/Debug-iphonesimulator/PicPacKit_PicPacAI.bundle (in target 'PicPacKit_PicPacAI' from project 'PicPacKit')
    cd /tmp/picpac-ios-privacy-link-20260926/ios/Packages/PicPacKit
    builtin-RegisterExecutionPolicyException /var/folders/fh/vt8wk6pn5dgd_tv982c123440000gp/T/picpac-snapshots-raj9ar88/build/Build/Products/Debug-iphonesimulator/PicPacKit_PicPacAI.bundle

Touch /var/folders/fh/vt8wk6pn5dgd_tv982c123440000gp/T/picpac-snapshots-raj9ar88/build/Build/Products/Debug-iphonesimulator/PicPacKit_PicPacAI.bundle (in target 'PicPacKit_PicPacAI' from project 'PicPacKit')
    cd /tmp/picpac-ios-privacy-link-20260926/ios/Packages/PicPacKit
    /usr/bin/touch -c /var/folders/fh/vt8wk6pn5dgd_tv982c123440000gp/T/picpac-snapshots-raj9ar88/build/Build/Products/Debug-iphonesimulator/PicPacKit_PicPacAI.bundle

SwiftDriver PicPacCore normal x86_64 com.apple.xcode.tools.swift.compiler (in target 'PicPacCore' from project 'PicPacKit')
    cd /tmp/picpac-ios-privacy-link-20260926/ios/PicPacPoe.xcodeproj
    builtin-SwiftDriver -- /Applications/Xcode.app/Contents/Developer/Toolchains/XcodeDefault.xctoolchain/usr/bin/swiftc -module-name PicPacCore -Onone @/var/folders/fh/vt8wk6pn5dgd_tv982c123440000gp/T/picpac-snapshots-raj9ar88/build/Build/Intermediates.noindex/PicPacKit.build/Debug-iphonesimulator/PicPacCore.build/Objects-normal/x86_64/PicPacCore.SwiftFileList -DSWIFT_PACKAGE -DDEBUG -DSWIFT_MODULE_RESOURCE_BUNDLE_UNAVAILABLE -DXcode -plugin-path /Applications/Xcode.app/Contents/Developer/Toolchains/XcodeDefault.xctoolchain/usr/lib/swift/host/plugins/testing -enable-experimental-feature DebugDescriptionMacro -sdk /Applications/Xcode.app/Contents/Developer/Platforms/iPhoneSimulator.platform/Developer/SDKs/iPhoneSimulator26.5.sdk -target x86_64-apple-ios17.0-simulator -g -module-cache-path /var/folders/fh/vt8wk6pn5dgd_tv982c123440000gp/T/picpac-snapshots-raj9ar88/build/ModuleCache.noindex -Xfrontend -serialize-debugging-options -profile-coverage-mapping -profile-generate -enable-testing -suppress-warnings -index-store-path /var/folders/fh/vt8wk6pn5dgd_tv982c123440000gp/T/picpac-snapshots-raj9ar88/build/Index.noindex/DataStore -Xcc -D_LIBCPP_HARDENING_MODE\=_LIBCPP_HARDENING_MODE_DEBUG -swift-version 6 -I /var/folders/fh/vt8wk6pn5dgd_tv982c123440000gp/T/picpac-snapshots-raj9ar88/build/Build/Products/Debug-iphonesimulator -Isystem /Applications/Xcode.app/Contents/Developer/Platforms/iPhoneSimulator.platform/Developer/usr/lib -F /var/folders/fh/vt8wk6pn5dgd_tv982c123440000gp/T/picpac-snapshots-raj9ar88/build/Build/Products/Debug-iphonesimulator -F /Applications/Xcode.app/Contents/Developer/Platforms/iPhoneSimulator.platform/Developer/Library/Frameworks -F /Applications/Xcode.app/Contents/Developer/Platforms/iPhoneSimulator.platform/Developer/SDKs/iPhoneSimulator26.5.sdk/Developer/Library/Frameworks -c -j12 -enable-batch-mode -incremental -Xcc -ivfsstatcache -Xcc /var/folders/fh/vt8wk6pn5dgd_tv982c123440000gp/T/picpac-snapshots-raj9ar88/build/SDKStatCaches.noindex/iphonesimulator26.5-23F81a-6cfe768891a92b912361537c460fe42b.sdkstatcache -output-file-map /var/folders/fh/vt8wk6pn5dgd_tv982c123440000gp/T/picpac-snapshots-raj9ar88/build/Build/Intermediates.noindex/PicPacKit.build/Debug-iphonesimulator/PicPacCore.build/Objects-normal/x86_64/PicPacCore-OutputFileMap.json -use-frontend-parseable-output -save-temps -no-color-diagnostics -explicit-module-build -module-cache-path /var/folders/fh/vt8wk6pn5dgd_tv982c123440000gp/T/picpac-snapshots-raj9ar88/build/Build/Intermediates.noindex/SwiftExplicitPrecompiledModules -clang-scanner-module-cache-path /var/folders/fh/vt8wk6pn5dgd_tv982c123440000gp/T/picpac-snapshots-raj9ar88/build/ModuleCache.noindex -sdk-module-cache-path /var/folders/fh/vt8wk6pn5dgd_tv982c123440000gp/T/picpac-snapshots-raj9ar88/build/ModuleCache.noindex -serialize-diagnostics -emit-dependencies -emit-module -emit-module-path /var/folders/fh/vt8wk6pn5dgd_tv982c123440000gp/T/picpac-snapshots-raj9ar88/build/Build/Intermediates.noindex/PicPacKit.build/Debug-iphonesimulator/PicPacCore.build/Objects-normal/x86_64/PicPacCore.swiftmodule -validate-clang-modules-once -clang-build-session-file /var/folders/fh/vt8wk6pn5dgd_tv982c123440000gp/T/picpac-snapshots-raj9ar88/build/ModuleCache.noindex/Session.modulevalidation -package-name picpackit -Xcc -I/var/folders/fh/vt8wk6pn5dgd_tv982c123440000gp/T/picpac-snapshots-raj9ar88/build/Build/Intermediates.noindex/PicPacKit.build/Debug-iphonesimulator/PicPacCore.build/swift-overrides.hmap -emit-const-values -Xfrontend -const-gather-protocols-file -Xfrontend /var/folders/fh/vt8wk6pn5dgd_tv982c123440000gp/T/picpac-snapshots-raj9ar88/build/Build/Intermediates.noindex/PicPacKit.build/Debug-iphonesimulator/PicPacCore.build/Objects-normal/x86_64/PicPacCore_const_extract_protocols.json -Xcc -I/var/folders/fh/vt8wk6pn5dgd_tv982c123440000gp/T/picpac-snapshots-raj9ar88/build/Build/Products/Debug-iphonesimulator/include -Xcc -I/var/folders/fh/vt8wk6pn5dgd_tv982c123440000gp/T/picpac-snapshots-raj9ar88/build/Build/Intermediates.noindex/PicPacKit.build/Debug-iphonesimulator/PicPacCore.build/DerivedSources-normal/x86_64 -Xcc -I/var/folders/fh/vt8wk6pn5dgd_tv982c123440000gp/T/picpac-snapshots-raj9ar88/build/Build/Intermediates.noindex/PicPacKit.build/Debug-iphonesimulator/PicPacCore.build/DerivedSources/x86_64 -Xcc -I/var/folders/fh/vt8wk6pn5dgd_tv982c123440000gp/T/picpac-snapshots-raj9ar88/build/Build/Intermediates.noindex/PicPacKit.build/Debug-iphonesimulator/PicPacCore.build/DerivedSources -Xcc -DSWIFT_PACKAGE -Xcc -DDEBUG\=1 -emit-objc-header -emit-objc-header-path /var/folders/fh/vt8wk6pn5dgd_tv982c123440000gp/T/picpac-snapshots-raj9ar88/build/Build/Intermediates.noindex/PicPacKit.build/Debug-iphonesimulator/PicPacCore.build/Objects-normal/x86_64/PicPacCore-Swift.h -working-directory /tmp/picpac-ios-privacy-link-20260926/ios/PicPacPoe.xcodeproj -experimental-emit-module-separately -disable-cmo

SwiftDriver PicPacCore normal arm64 com.apple.xcode.tools.swift.compiler (in target 'PicPacCore' from project 'PicPacKit')
    cd /tmp/picpac-ios-privacy-link-20260926/ios/PicPacPoe.xcodeproj
    builtin-SwiftDriver -- /Applications/Xcode.app/Contents/Developer/Toolchains/XcodeDefault.xctoolchain/usr/bin/swiftc -module-name PicPacCore -Onone @/var/folders/fh/vt8wk6pn5dgd_tv982c123440000gp/T/picpac-snapshots-raj9ar88/build/Build/Intermediates.noindex/PicPacKit.build/Debug-iphonesimulator/PicPacCore.build/Objects-normal/arm64/PicPacCore.SwiftFileList -DSWIFT_PACKAGE -DDEBUG -DSWIFT_MODULE_RESOURCE_BUNDLE_UNAVAILABLE -DXcode -plugin-path /Applications/Xcode.app/Contents/Developer/Toolchains/XcodeDefault.xctoolchain/usr/lib/swift/host/plugins/testing -enable-experimental-feature DebugDescriptionMacro -sdk /Applications/Xcode.app/Contents/Developer/Platforms/iPhoneSimulator.platform/Developer/SDKs/iPhoneSimulator26.5.sdk -target arm64-apple-ios17.0-simulator -g -module-cache-path /var/folders/fh/vt8wk6pn5dgd_tv982c123440000gp/T/picpac-snapshots-raj9ar88/build/ModuleCache.noindex -Xfrontend -serialize-debugging-options -profile-coverage-mapping -profile-generate -enable-testing -suppress-warnings -index-store-path /var/folders/fh/vt8wk6pn5dgd_tv982c123440000gp/T/picpac-snapshots-raj9ar88/build/Index.noindex/DataStore -Xcc -D_LIBCPP_HARDENING_MODE\=_LIBCPP_HARDENING_MODE_DEBUG -swift-version 6 -I /var/folders/fh/vt8wk6pn5dgd_tv982c123440000gp/T/picpac-snapshots-raj9ar88/build/Build/Products/Debug-iphonesimulator -Isystem /Applications/Xcode.app/Contents/Developer/Platforms/iPhoneSimulator.platform/Developer/usr/lib -F /var/folders/fh/vt8wk6pn5dgd_tv982c123440000gp/T/picpac-snapshots-raj9ar88/build/Build/Products/Debug-iphonesimulator -F /Applications/Xcode.app/Contents/Developer/Platforms/iPhoneSimulator.platform/Developer/Library/Frameworks -F /Applications/Xcode.app/Contents/Developer/Platforms/iPhoneSimulator.platform/Developer/SDKs/iPhoneSimulator26.5.sdk/Developer/Library/Frameworks -c -j12 -enable-batch-mode -incremental -Xcc -ivfsstatcache -Xcc /var/folders/fh/vt8wk6pn5dgd_tv982c123440000gp/T/picpac-snapshots-raj9ar88/build/SDKStatCaches.noindex/iphonesimulator26.5-23F81a-6cfe768891a92b912361537c460fe42b.sdkstatcache -output-file-map /var/folders/fh/vt8wk6pn5dgd_tv982c123440000gp/T/picpac-snapshots-raj9ar88/build/Build/Intermediates.noindex/PicPacKit.build/Debug-iphonesimulator/PicPacCore.build/Objects-normal/arm64/PicPacCore-OutputFileMap.json -use-frontend-parseable-output -save-temps -no-color-diagnostics -explicit-module-build -module-cache-path /var/folders/fh/vt8wk6pn5dgd_tv982c123440000gp/T/picpac-snapshots-raj9ar88/build/Build/Intermediates.noindex/SwiftExplicitPrecompiledModules -clang-scanner-module-cache-path /var/folders/fh/vt8wk6pn5dgd_tv982c123440000gp/T/picpac-snapshots-raj9ar88/build/ModuleCache.noindex -sdk-module-cache-path /var/folders/fh/vt8wk6pn5dgd_tv982c123440000gp/T/picpac-snapshots-raj9ar88/build/ModuleCache.noindex -serialize-diagnostics -emit-dependencies -emit-module -emit-module-path /var/folders/fh/vt8wk6pn5dgd_tv982c123440000gp/T/picpac-snapshots-raj9ar88/build/Build/Intermediates.noindex/PicPacKit.build/Debug-iphonesimulator/PicPacCore.build/Objects-normal/arm64/PicPacCore.swiftmodule -validate-clang-modules-once -clang-build-session-file /var/folders/fh/vt8wk6pn5dgd_tv982c123440000gp/T/picpac-snapshots-raj9ar88/build/ModuleCache.noindex/Session.modulevalidation -package-name picpackit -Xcc -I/var/folders/fh/vt8wk6pn5dgd_tv982c123440000gp/T/picpac-snapshots-raj9ar88/build/Build/Intermediates.noindex/PicPacKit.build/Debug-iphonesimulator/PicPacCore.build/swift-overrides.hmap -emit-const-values -Xfrontend -const-gather-protocols-file -Xfrontend /var/folders/fh/vt8wk6pn5dgd_tv982c123440000gp/T/picpac-snapshots-raj9ar88/build/Build/Intermediates.noindex/PicPacKit.build/Debug-iphonesimulator/PicPacCore.build/Objects-normal/arm64/PicPacCore_const_extract_protocols.json -Xcc -I/var/folders/fh/vt8wk6pn5dgd_tv982c123440000gp/T/picpac-snapshots-raj9ar88/build/Build/Products/Debug-iphonesimulator/include -Xcc -I/var/folders/fh/vt8wk6pn5dgd_tv982c123440000gp/T/picpac-snapshots-raj9ar88/build/Build/Intermediates.noindex/PicPacKit.build/Debug-iphonesimulator/PicPacCore.build/DerivedSources-normal/arm64 -Xcc -I/var/folders/fh/vt8wk6pn5dgd_tv982c123440000gp/T/picpac-snapshots-raj9ar88/build/Build/Intermediates.noindex/PicPacKit.build/Debug-iphonesimulator/PicPacCore.build/DerivedSources/arm64 -Xcc -I/var/folders/fh/vt8wk6pn5dgd_tv982c123440000gp/T/picpac-snapshots-raj9ar88/build/Build/Intermediates.noindex/PicPacKit.build/Debug-iphonesimulator/PicPacCore.build/DerivedSources -Xcc -DSWIFT_PACKAGE -Xcc -DDEBUG\=1 -emit-objc-header -emit-objc-header-path /var/folders/fh/vt8wk6pn5dgd_tv982c123440000gp/T/picpac-snapshots-raj9ar88/build/Build/Intermediates.noindex/PicPacKit.build/Debug-iphonesimulator/PicPacCore.build/Objects-normal/arm64/PicPacCore-Swift.h -working-directory /tmp/picpac-ios-privacy-link-20260926/ios/PicPacPoe.xcodeproj -experimental-emit-module-separately -disable-cmo

SwiftExplicitDependencyGeneratePcm arm64 /var/folders/fh/vt8wk6pn5dgd_tv982c123440000gp/T/picpac-snapshots-raj9ar88/build/ModuleCache.noindex/_Builtin_float-D2L1VMI3AGEQ0I1GTYGHXOCTP.pcm

SwiftExplicitDependencyGeneratePcm arm64 /var/folders/fh/vt8wk6pn5dgd_tv982c123440000gp/T/picpac-snapshots-raj9ar88/build/ModuleCache.noindex/_SwiftConcurrencyShims-5GD7GAB7QDHSDL1I45C7ELKUL.pcm

SwiftExplicitDependencyGeneratePcm arm64 /var/folders/fh/vt8wk6pn5dgd_tv982c123440000gp/T/picpac-snapshots-raj9ar88/build/ModuleCache.noindex/SwiftShims-DFR0E807EI8PEBHXBIHI5OEML.pcm

SwiftExplicitDependencyGeneratePcm arm64 /var/folders/fh/vt8wk6pn5dgd_tv982c123440000gp/T/picpac-snapshots-raj9ar88/build/ModuleCache.noindex/ptrcheck-AB2RVO5MNVC2MSIEBY39VZIJK.pcm

SwiftExplicitDependencyGeneratePcm arm64 /var/folders/fh/vt8wk6pn5dgd_tv982c123440000gp/T/picpac-snapshots-raj9ar88/build/ModuleCache.noindex/_Builtin_stdarg-6CPRUUSXOLRASO49NW5I375WK.pcm

SwiftExplicitDependencyGeneratePcm arm64 /var/folders/fh/vt8wk6pn5dgd_tv982c123440000gp/T/picpac-snapshots-raj9ar88/build/ModuleCache.noindex/_AvailabilityInternal-AINL7ASWZJWR7NRPZ02SSW2J8.pcm

SwiftExplicitDependencyGeneratePcm arm64 /var/folders/fh/vt8wk6pn5dgd_tv982c123440000gp/T/picpac-snapshots-raj9ar88/build/ModuleCache.noindex/_Builtin_stddef-D0LPWYBOOOZBI8FH3DCAFVIDG.pcm

SwiftExplicitDependencyGeneratePcm x86_64 /var/folders/fh/vt8wk6pn5dgd_tv982c123440000gp/T/picpac-snapshots-raj9ar88/build/ModuleCache.noindex/ptrauth-8Q77YGA9YL7P9JGB0S1S60XTW.pcm

SwiftExplicitDependencyGeneratePcm x86_64 /var/folders/fh/vt8wk6pn5dgd_tv982c123440000gp/T/picpac-snapshots-raj9ar88/build/ModuleCache.noindex/_Builtin_stdarg-39P36FFM44L1RHTP78W4SHRNF.pcm

SwiftExplicitDependencyGeneratePcm x86_64 /var/folders/fh/vt8wk6pn5dgd_tv982c123440000gp/T/picpac-snapshots-raj9ar88/build/ModuleCache.noindex/SwiftShims-5IKD6DTZHFJHZUOBYYCHMNO7S.pcm

SwiftExplicitDependencyGeneratePcm x86_64 /var/folders/fh/vt8wk6pn5dgd_tv982c123440000gp/T/picpac-snapshots-raj9ar88/build/ModuleCache.noindex/_Builtin_float-4ACD1ADAQZA1O0CPKJ18LUR1J.pcm

SwiftExplicitDependencyGeneratePcm x86_64 /var/folders/fh/vt8wk6pn5dgd_tv982c123440000gp/T/picpac-snapshots-raj9ar88/build/ModuleCache.noindex/_AvailabilityInternal-EWZGJA3YIR4OR0O8W4LE0GBDS.pcm

SwiftExplicitDependencyGeneratePcm x86_64 /var/folders/fh/vt8wk6pn5dgd_tv982c123440000gp/T/picpac-snapshots-raj9ar88/build/ModuleCache.noindex/ptrcheck-6J5YX52QWSVMUSTQ3NUKD5YCO.pcm

SwiftExplicitDependencyGeneratePcm arm64 /var/folders/fh/vt8wk6pn5dgd_tv982c123440000gp/T/picpac-snapshots-raj9ar88/build/ModuleCache.noindex/ptrauth-E18EZ0DU3E3UFCR1CEQZ3K0ZM.pcm

SwiftExplicitDependencyGeneratePcm x86_64 /var/folders/fh/vt8wk6pn5dgd_tv982c123440000gp/T/picpac-snapshots-raj9ar88/build/ModuleCache.noindex/_Builtin_stdbool-9B7VWK1AQUYOZVBWGYQI3V5VN.pcm

SwiftExplicitDependencyGeneratePcm arm64 /var/folders/fh/vt8wk6pn5dgd_tv982c123440000gp/T/picpac-snapshots-raj9ar88/build/ModuleCache.noindex/_Builtin_stdbool-DD5UOWJ79IW8TVDO3QB78BAN4.pcm

SwiftExplicitDependencyGeneratePcm x86_64 /var/folders/fh/vt8wk6pn5dgd_tv982c123440000gp/T/picpac-snapshots-raj9ar88/build/ModuleCache.noindex/_SwiftConcurrencyShims-51XIZZU7TJPGAE67GHBF3TQ5.pcm

SwiftExplicitDependencyGeneratePcm x86_64 /var/folders/fh/vt8wk6pn5dgd_tv982c123440000gp/T/picpac-snapshots-raj9ar88/build/ModuleCache.noindex/_Builtin_stddef-8XAD14N51YFGUAFU4H0VDVE1S.pcm

SwiftExplicitDependencyGeneratePcm arm64 /var/folders/fh/vt8wk6pn5dgd_tv982c123440000gp/T/picpac-snapshots-raj9ar88/build/ModuleCache.noindex/_DarwinFoundation1-24VU19LIN81B61MZVSTN60MDC.pcm

SwiftExplicitDependencyGeneratePcm x86_64 /var/folders/fh/vt8wk6pn5dgd_tv982c123440000gp/T/picpac-snapshots-raj9ar88/build/ModuleCache.noindex/_DarwinFoundation1-AUU9OVGJT1JHXSMAA2M4D1E18.pcm

SwiftExplicitDependencyGeneratePcm arm64 /var/folders/fh/vt8wk6pn5dgd_tv982c123440000gp/T/picpac-snapshots-raj9ar88/build/ModuleCache.noindex/_DarwinFoundation2-T7KS1FA2FUZLGCL0P65OBTLY.pcm

SwiftExplicitDependencyGeneratePcm arm64 /var/folders/fh/vt8wk6pn5dgd_tv982c123440000gp/T/picpac-snapshots-raj9ar88/build/ModuleCache.noindex/_Builtin_limits-BZJJCJ1I83AAMF8VDSLNFVP3R.pcm

SwiftExplicitDependencyGeneratePcm x86_64 /var/folders/fh/vt8wk6pn5dgd_tv982c123440000gp/T/picpac-snapshots-raj9ar88/build/ModuleCache.noindex/_DarwinFoundation2-EEHPHZU2PAYB0O71EX0VUM4FH.pcm

SwiftExplicitDependencyGeneratePcm x86_64 /var/folders/fh/vt8wk6pn5dgd_tv982c123440000gp/T/picpac-snapshots-raj9ar88/build/ModuleCache.noindex/_Builtin_limits-CNOF318FM5N2VJNW0AYKA2GWY.pcm

SwiftExplicitDependencyGeneratePcm arm64 /var/folders/fh/vt8wk6pn5dgd_tv982c123440000gp/T/picpac-snapshots-raj9ar88/build/ModuleCache.noindex/_Builtin_stdint-55Z3XISXCA9JEXZWYUKBHCUGN.pcm

SwiftExplicitDependencyGeneratePcm arm64 /var/folders/fh/vt8wk6pn5dgd_tv982c123440000gp/T/picpac-snapshots-raj9ar88/build/ModuleCache.noindex/sys_types-DOU7ZI4HEU6B670EWQMQFAZ5.pcm

SwiftExplicitDependencyGeneratePcm x86_64 /var/folders/fh/vt8wk6pn5dgd_tv982c123440000gp/T/picpac-snapshots-raj9ar88/build/ModuleCache.noindex/_Builtin_stdint-DX9HDYX4RB0L4GFM5GHREM54J.pcm

SwiftExplicitDependencyGeneratePcm x86_64 /var/folders/fh/vt8wk6pn5dgd_tv982c123440000gp/T/picpac-snapshots-raj9ar88/build/ModuleCache.noindex/sys_types-EM9267PINRA3LH3DD6QUJEG49.pcm

SwiftExplicitDependencyGeneratePcm arm64 /var/folders/fh/vt8wk6pn5dgd_tv982c123440000gp/T/picpac-snapshots-raj9ar88/build/ModuleCache.noindex/_DarwinFoundation3-B5C41AADPRNKY7XMQDDLJ549I.pcm

SwiftExplicitDependencyGeneratePcm x86_64 /var/folders/fh/vt8wk6pn5dgd_tv982c123440000gp/T/picpac-snapshots-raj9ar88/build/ModuleCache.noindex/_DarwinFoundation3-6XO69O1KOD1M765Y7GPVP50YT.pcm

SwiftExplicitDependencyGeneratePcm arm64 /var/folders/fh/vt8wk6pn5dgd_tv982c123440000gp/T/picpac-snapshots-raj9ar88/build/ModuleCache.noindex/_Builtin_inttypes-8I2RDHZO4EZSMPRV0VCGC0QNT.pcm

SwiftExplicitDependencyGeneratePcm x86_64 /var/folders/fh/vt8wk6pn5dgd_tv982c123440000gp/T/picpac-snapshots-raj9ar88/build/ModuleCache.noindex/_Builtin_inttypes-8EW0Q4YTF7G5Q3CMYJ4FSN5Q2.pcm

SwiftExplicitDependencyGeneratePcm arm64 /var/folders/fh/vt8wk6pn5dgd_tv982c123440000gp/T/picpac-snapshots-raj9ar88/build/ModuleCache.noindex/Darwin-1AH60XV9M2G75DRLD95EN3OQM.pcm

SwiftExplicitDependencyGeneratePcm x86_64 /var/folders/fh/vt8wk6pn5dgd_tv982c123440000gp/T/picpac-snapshots-raj9ar88/build/ModuleCache.noindex/Darwin-5XNSO25D4CUUJD9UZ7CEOREBE.pcm

SwiftExplicitDependencyGeneratePcm x86_64 /var/folders/fh/vt8wk6pn5dgd_tv982c123440000gp/T/picpac-snapshots-raj9ar88/build/ModuleCache.noindex/ObjectiveC-XBDB9P5R9HEOO4BVLC32AO0A.pcm

SwiftExplicitDependencyGeneratePcm arm64 /var/folders/fh/vt8wk6pn5dgd_tv982c123440000gp/T/picpac-snapshots-raj9ar88/build/ModuleCache.noindex/ObjectiveC-DUERV4CHTQNJDE7ML5KG43PSZ.pcm

SwiftExplicitDependencyGeneratePcm x86_64 /var/folders/fh/vt8wk6pn5dgd_tv982c123440000gp/T/picpac-snapshots-raj9ar88/build/ModuleCache.noindex/os_object-B3WULKGZW6FOOI4LAGVYV222H.pcm

SwiftExplicitDependencyGeneratePcm arm64 /var/folders/fh/vt8wk6pn5dgd_tv982c123440000gp/T/picpac-snapshots-raj9ar88/build/ModuleCache.noindex/os_object-9CA6XZQ1ADMI626APCCOMQI8V.pcm

SwiftExplicitDependencyGeneratePcm x86_64 /var/folders/fh/vt8wk6pn5dgd_tv982c123440000gp/T/picpac-snapshots-raj9ar88/build/ModuleCache.noindex/os_workgroup-ABVH10VLL7BS2O1C81A8TL3A0.pcm

SwiftExplicitDependencyGeneratePcm arm64 /var/folders/fh/vt8wk6pn5dgd_tv982c123440000gp/T/picpac-snapshots-raj9ar88/build/ModuleCache.noindex/os_workgroup-70HGHYRSNONNPYVR5SCKKWBQC.pcm

SwiftExplicitDependencyGeneratePcm x86_64 /var/folders/fh/vt8wk6pn5dgd_tv982c123440000gp/T/picpac-snapshots-raj9ar88/build/ModuleCache.noindex/Dispatch-94AF5S84J6QNJ8CSL7IAIYN42.pcm

SwiftExplicitDependencyGeneratePcm arm64 /var/folders/fh/vt8wk6pn5dgd_tv982c123440000gp/T/picpac-snapshots-raj9ar88/build/ModuleCache.noindex/Dispatch-9G89C4C1R8WVZV8DJTUTPP3VL.pcm

SwiftExplicitDependencyGeneratePcm x86_64 /var/folders/fh/vt8wk6pn5dgd_tv982c123440000gp/T/picpac-snapshots-raj9ar88/build/ModuleCache.noindex/XPC-2QQVRFLVBSSFHD7JO72ZS3EZD.pcm

SwiftExplicitDependencyGeneratePcm x86_64 /var/folders/fh/vt8wk6pn5dgd_tv982c123440000gp/T/picpac-snapshots-raj9ar88/build/ModuleCache.noindex/CoreFoundation-CFERAZ3F13ZYPEFOPVJ6MF13O.pcm

SwiftExplicitDependencyGeneratePcm arm64 /var/folders/fh/vt8wk6pn5dgd_tv982c123440000gp/T/picpac-snapshots-raj9ar88/build/ModuleCache.noindex/CoreFoundation-DQRJ2CY7TXBXXUWA8SPSQ6VX2.pcm

SwiftExplicitDependencyGeneratePcm arm64 /var/folders/fh/vt8wk6pn5dgd_tv982c123440000gp/T/picpac-snapshots-raj9ar88/build/ModuleCache.noindex/XPC-A3D22EXNF8KGZNBQUVCB42RNJ.pcm

SwiftExplicitDependencyGeneratePcm x86_64 /var/folders/fh/vt8wk6pn5dgd_tv982c123440000gp/T/picpac-snapshots-raj9ar88/build/ModuleCache.noindex/Security-B8H7TJ0R2E0NK067BD01EKDT6.pcm

SwiftExplicitDependencyGeneratePcm x86_64 /var/folders/fh/vt8wk6pn5dgd_tv982c123440000gp/T/picpac-snapshots-raj9ar88/build/ModuleCache.noindex/CFNetwork-7CLBLGOICLULZOR1DFHNFQHWX.pcm

SwiftExplicitDependencyGeneratePcm arm64 /var/folders/fh/vt8wk6pn5dgd_tv982c123440000gp/T/picpac-snapshots-raj9ar88/build/ModuleCache.noindex/CFNetwork-26JGJZ5JA53QV1KEKCOBQ5FVN.pcm

SwiftExplicitDependencyGeneratePcm arm64 /var/folders/fh/vt8wk6pn5dgd_tv982c123440000gp/T/picpac-snapshots-raj9ar88/build/ModuleCache.noindex/Security-BMPM62K3WFZ2B5HLHEA46PVB3.pcm

SwiftExplicitDependencyGeneratePcm x86_64 /var/folders/fh/vt8wk6pn5dgd_tv982c123440000gp/T/picpac-snapshots-raj9ar88/build/ModuleCache.noindex/Foundation-1IPDO08YMDBYOJ4FEZ2METNF1.pcm

SwiftExplicitDependencyGeneratePcm arm64 /var/folders/fh/vt8wk6pn5dgd_tv982c123440000gp/T/picpac-snapshots-raj9ar88/build/ModuleCache.noindex/Foundation-E6ZWN7ZYX6RWA8UV08VY99OXV.pcm

SwiftEmitModule normal x86_64 Emitting\ module\ for\ PicPacCore (in target 'PicPacCore' from project 'PicPacKit')

EmitSwiftModule normal x86_64 (in target 'PicPacCore' from project 'PicPacKit')
    cd /tmp/picpac-ios-privacy-link-20260926/ios/PicPacPoe.xcodeproj
    

SwiftCompile normal x86_64 Compiling\ Model.swift /tmp/picpac-ios-privacy-link-20260926/ios/Packages/PicPacKit/Sources/PicPacCore/Model.swift (in target 'PicPacCore' from project 'PicPacKit')
SwiftCompile normal x86_64 /tmp/picpac-ios-privacy-link-20260926/ios/Packages/PicPacKit/Sources/PicPacCore/Model.swift (in target 'PicPacCore' from project 'PicPacKit')
    cd /tmp/picpac-ios-privacy-link-20260926/ios/PicPacPoe.xcodeproj
    

SwiftCompile normal x86_64 Compiling\ Randomness.swift /tmp/picpac-ios-privacy-link-20260926/ios/Packages/PicPacKit/Sources/PicPacCore/Randomness.swift (in target 'PicPacCore' from project 'PicPacKit')

SwiftCompile normal x86_64 /tmp/picpac-ios-privacy-link-20260926/ios/Packages/PicPacKit/Sources/PicPacCore/Randomness.swift (in target 'PicPacCore' from project 'PicPacKit')
    cd /tmp/picpac-ios-privacy-link-20260926/ios/PicPacPoe.xcodeproj
    

SwiftCompile normal x86_64 Compiling\ State.swift /tmp/picpac-ios-privacy-link-20260926/ios/Packages/PicPacKit/Sources/PicPacCore/State.swift (in target 'PicPacCore' from project 'PicPacKit')
SwiftCompile normal x86_64 /tmp/picpac-ios-privacy-link-20260926/ios/Packages/PicPacKit/Sources/PicPacCore/State.swift (in target 'PicPacCore' from project 'PicPacKit')
    cd /tmp/picpac-ios-privacy-link-20260926/ios/PicPacPoe.xcodeproj
    

SwiftCompile normal x86_64 Compiling\ Rules.swift /tmp/picpac-ios-privacy-link-20260926/ios/Packages/PicPacKit/Sources/PicPacCore/Rules.swift (in target 'PicPacCore' from project 'PicPacKit')

SwiftCompile normal x86_64 /tmp/picpac-ios-privacy-link-20260926/ios/Packages/PicPacKit/Sources/PicPacCore/Rules.swift (in target 'PicPacCore' from project 'PicPacKit')
    cd /tmp/picpac-ios-privacy-link-20260926/ios/PicPacPoe.xcodeproj
    

SwiftCompile normal x86_64 Compiling\ AiObservation.swift /tmp/picpac-ios-privacy-link-20260926/ios/Packages/PicPacKit/Sources/PicPacCore/AiObservation.swift (in target 'PicPacCore' from project 'PicPacKit')

SwiftCompile normal x86_64 /tmp/picpac-ios-privacy-link-20260926/ios/Packages/PicPacKit/Sources/PicPacCore/AiObservation.swift (in target 'PicPacCore' from project 'PicPacKit')
    cd /tmp/picpac-ios-privacy-link-20260926/ios/PicPacPoe.xcodeproj
    

SwiftEmitModule normal arm64 Emitting\ module\ for\ PicPacCore (in target 'PicPacCore' from project 'PicPacKit')

EmitSwiftModule normal arm64 (in target 'PicPacCore' from project 'PicPacKit')
    cd /tmp/picpac-ios-privacy-link-20260926/ios/PicPacPoe.xcodeproj
    

SwiftCompile normal arm64 Compiling\ Randomness.swift /tmp/picpac-ios-privacy-link-20260926/ios/Packages/PicPacKit/Sources/PicPacCore/Randomness.swift (in target 'PicPacCore' from project 'PicPacKit')

SwiftCompile normal arm64 /tmp/picpac-ios-privacy-link-20260926/ios/Packages/PicPacKit/Sources/PicPacCore/Randomness.swift (in target 'PicPacCore' from project 'PicPacKit')
    cd /tmp/picpac-ios-privacy-link-20260926/ios/PicPacPoe.xcodeproj
    

SwiftCompile normal arm64 Compiling\ Model.swift /tmp/picpac-ios-privacy-link-20260926/ios/Packages/PicPacKit/Sources/PicPacCore/Model.swift (in target 'PicPacCore' from project 'PicPacKit')

SwiftCompile normal arm64 /tmp/picpac-ios-privacy-link-20260926/ios/Packages/PicPacKit/Sources/PicPacCore/Model.swift (in target 'PicPacCore' from project 'PicPacKit')
    cd /tmp/picpac-ios-privacy-link-20260926/ios/PicPacPoe.xcodeproj
    

SwiftCompile normal arm64 Compiling\ AiObservation.swift /tmp/picpac-ios-privacy-link-20260926/ios/Packages/PicPacKit/Sources/PicPacCore/AiObservation.swift (in target 'PicPacCore' from project 'PicPacKit')

SwiftCompile normal arm64 /tmp/picpac-ios-privacy-link-20260926/ios/Packages/PicPacKit/Sources/PicPacCore/AiObservation.swift (in target 'PicPacCore' from project 'PicPacKit')
    cd /tmp/picpac-ios-privacy-link-20260926/ios/PicPacPoe.xcodeproj
    

SwiftCompile normal arm64 Compiling\ Rules.swift /tmp/picpac-ios-privacy-link-20260926/ios/Packages/PicPacKit/Sources/PicPacCore/Rules.swift (in target 'PicPacCore' from project 'PicPacKit')

SwiftCompile normal arm64 /tmp/picpac-ios-privacy-link-20260926/ios/Packages/PicPacKit/Sources/PicPacCore/Rules.swift (in target 'PicPacCore' from project 'PicPacKit')
    cd /tmp/picpac-ios-privacy-link-20260926/ios/PicPacPoe.xcodeproj
    

SwiftCompile normal arm64 Compiling\ State.swift /tmp/picpac-ios-privacy-link-20260926/ios/Packages/PicPacKit/Sources/PicPacCore/State.swift (in target 'PicPacCore' from project 'PicPacKit')

SwiftCompile normal arm64 /tmp/picpac-ios-privacy-link-20260926/ios/Packages/PicPacKit/Sources/PicPacCore/State.swift (in target 'PicPacCore' from project 'PicPacKit')
    cd /tmp/picpac-ios-privacy-link-20260926/ios/PicPacPoe.xcodeproj
    

SwiftDriverJobDiscovery normal arm64 Emitting module for PicPacCore (in target 'PicPacCore' from project 'PicPacKit')

SwiftDriver\ Compilation\ Requirements PicPacCore normal arm64 com.apple.xcode.tools.swift.compiler (in target 'PicPacCore' from project 'PicPacKit')
    cd /tmp/picpac-ios-privacy-link-20260926/ios/PicPacPoe.xcodeproj
    builtin-Swift-Compilation-Requirements -- /Applications/Xcode.app/Contents/Developer/Toolchains/XcodeDefault.xctoolchain/usr/bin/swiftc -module-name PicPacCore -Onone @/var/folders/fh/vt8wk6pn5dgd_tv982c123440000gp/T/picpac-snapshots-raj9ar88/build/Build/Intermediates.noindex/PicPacKit.build/Debug-iphonesimulator/PicPacCore.build/Objects-normal/arm64/PicPacCore.SwiftFileList -DSWIFT_PACKAGE -DDEBUG -DSWIFT_MODULE_RESOURCE_BUNDLE_UNAVAILABLE -DXcode -plugin-path /Applications/Xcode.app/Contents/Developer/Toolchains/XcodeDefault.xctoolchain/usr/lib/swift/host/plugins/testing -enable-experimental-feature DebugDescriptionMacro -sdk /Applications/Xcode.app/Contents/Developer/Platforms/iPhoneSimulator.platform/Developer/SDKs/iPhoneSimulator26.5.sdk -target arm64-apple-ios17.0-simulator -g -module-cache-path /var/folders/fh/vt8wk6pn5dgd_tv982c123440000gp/T/picpac-snapshots-raj9ar88/build/ModuleCache.noindex -Xfrontend -serialize-debugging-options -profile-coverage-mapping -profile-generate -enable-testing -suppress-warnings -index-store-path /var/folders/fh/vt8wk6pn5dgd_tv982c123440000gp/T/picpac-snapshots-raj9ar88/build/Index.noindex/DataStore -Xcc -D_LIBCPP_HARDENING_MODE\=_LIBCPP_HARDENING_MODE_DEBUG -swift-version 6 -I /var/folders/fh/vt8wk6pn5dgd_tv982c123440000gp/T/picpac-snapshots-raj9ar88/build/Build/Products/Debug-iphonesimulator -Isystem /Applications/Xcode.app/Contents/Developer/Platforms/iPhoneSimulator.platform/Developer/usr/lib -F /var/folders/fh/vt8wk6pn5dgd_tv982c123440000gp/T/picpac-snapshots-raj9ar88/build/Build/Products/Debug-iphonesimulator -F /Applications/Xcode.app/Contents/Developer/Platforms/iPhoneSimulator.platform/Developer/Library/Frameworks -F /Applications/Xcode.app/Contents/Developer/Platforms/iPhoneSimulator.platform/Developer/SDKs/iPhoneSimulator26.5.sdk/Developer/Library/Frameworks -c -j12 -enable-batch-mode -incremental -Xcc -ivfsstatcache -Xcc /var/folders/fh/vt8wk6pn5dgd_tv982c123440000gp/T/picpac-snapshots-raj9ar88/build/SDKStatCaches.noindex/iphonesimulator26.5-23F81a-6cfe768891a92b912361537c460fe42b.sdkstatcache -output-file-map /var/folders/fh/vt8wk6pn5dgd_tv982c123440000gp/T/picpac-snapshots-raj9ar88/build/Build/Intermediates.noindex/PicPacKit.build/Debug-iphonesimulator/PicPacCore.build/Objects-normal/arm64/PicPacCore-OutputFileMap.json -use-frontend-parseable-output -save-temps -no-color-diagnostics -explicit-module-build -module-cache-path /var/folders/fh/vt8wk6pn5dgd_tv982c123440000gp/T/picpac-snapshots-raj9ar88/build/Build/Intermediates.noindex/SwiftExplicitPrecompiledModules -clang-scanner-module-cache-path /var/folders/fh/vt8wk6pn5dgd_tv982c123440000gp/T/picpac-snapshots-raj9ar88/build/ModuleCache.noindex -sdk-module-cache-path /var/folders/fh/vt8wk6pn5dgd_tv982c123440000gp/T/picpac-snapshots-raj9ar88/build/ModuleCache.noindex -serialize-diagnostics -emit-dependencies -emit-module -emit-module-path /var/folders/fh/vt8wk6pn5dgd_tv982c123440000gp/T/picpac-snapshots-raj9ar88/build/Build/Intermediates.noindex/PicPacKit.build/Debug-iphonesimulator/PicPacCore.build/Objects-normal/arm64/PicPacCore.swiftmodule -validate-clang-modules-once -clang-build-session-file /var/folders/fh/vt8wk6pn5dgd_tv982c123440000gp/T/picpac-snapshots-raj9ar88/build/ModuleCache.noindex/Session.modulevalidation -package-name picpackit -Xcc -I/var/folders/fh/vt8wk6pn5dgd_tv982c123440000gp/T/picpac-snapshots-raj9ar88/build/Build/Intermediates.noindex/PicPacKit.build/Debug-iphonesimulator/PicPacCore.build/swift-overrides.hmap -emit-const-values -Xfrontend -const-gather-protocols-file -Xfrontend /var/folders/fh/vt8wk6pn5dgd_tv982c123440000gp/T/picpac-snapshots-raj9ar88/build/Build/Intermediates.noindex/PicPacKit.build/Debug-iphonesimulator/PicPacCore.build/Objects-normal/arm64/PicPacCore_const_extract_protocols.json -Xcc -I/var/folders/fh/vt8wk6pn5dgd_tv982c123440000gp/T/picpac-snapshots-raj9ar88/build/Build/Products/Debug-iphonesimulator/include -Xcc -I/var/folders/fh/vt8wk6pn5dgd_tv982c123440000gp/T/picpac-snapshots-raj9ar88/build/Build/Intermediates.noindex/PicPacKit.build/Debug-iphonesimulator/PicPacCore.build/DerivedSources-normal/arm64 -Xcc -I/var/folders/fh/vt8wk6pn5dgd_tv982c123440000gp/T/picpac-snapshots-raj9ar88/build/Build/Intermediates.noindex/PicPacKit.build/Debug-iphonesimulator/PicPacCore.build/DerivedSources/arm64 -Xcc -I/var/folders/fh/vt8wk6pn5dgd_tv982c123440000gp/T/picpac-snapshots-raj9ar88/build/Build/Intermediates.noindex/PicPacKit.build/Debug-iphonesimulator/PicPacCore.build/DerivedSources -Xcc -DSWIFT_PACKAGE -Xcc -DDEBUG\=1 -emit-objc-header -emit-objc-header-path /var/folders/fh/vt8wk6pn5dgd_tv982c123440000gp/T/picpac-snapshots-raj9ar88/build/Build/Intermediates.noindex/PicPacKit.build/Debug-iphonesimulator/PicPacCore.build/Objects-normal/arm64/PicPacCore-Swift.h -working-directory /tmp/picpac-ios-privacy-link-20260926/ios/PicPacPoe.xcodeproj -experimental-emit-module-separately -disable-cmo

SwiftDriverJobDiscovery normal x86_64 Emitting module for PicPacCore (in target 'PicPacCore' from project 'PicPacKit')

SwiftDriver\ Compilation\ Requirements PicPacCore normal x86_64 com.apple.xcode.tools.swift.compiler (in target 'PicPacCore' from project 'PicPacKit')
    cd /tmp/picpac-ios-privacy-link-20260926/ios/PicPacPoe.xcodeproj
    builtin-Swift-Compilation-Requirements -- /Applications/Xcode.app/Contents/Developer/Toolchains/XcodeDefault.xctoolchain/usr/bin/swiftc -module-name PicPacCore -Onone @/var/folders/fh/vt8wk6pn5dgd_tv982c123440000gp/T/picpac-snapshots-raj9ar88/build/Build/Intermediates.noindex/PicPacKit.build/Debug-iphonesimulator/PicPacCore.build/Objects-normal/x86_64/PicPacCore.SwiftFileList -DSWIFT_PACKAGE -DDEBUG -DSWIFT_MODULE_RESOURCE_BUNDLE_UNAVAILABLE -DXcode -plugin-path /Applications/Xcode.app/Contents/Developer/Toolchains/XcodeDefault.xctoolchain/usr/lib/swift/host/plugins/testing -enable-experimental-feature DebugDescriptionMacro -sdk /Applications/Xcode.app/Contents/Developer/Platforms/iPhoneSimulator.platform/Developer/SDKs/iPhoneSimulator26.5.sdk -target x86_64-apple-ios17.0-simulator -g -module-cache-path /var/folders/fh/vt8wk6pn5dgd_tv982c123440000gp/T/picpac-snapshots-raj9ar88/build/ModuleCache.noindex -Xfrontend -serialize-debugging-options -profile-coverage-mapping -profile-generate -enable-testing -suppress-warnings -index-store-path /var/folders/fh/vt8wk6pn5dgd_tv982c123440000gp/T/picpac-snapshots-raj9ar88/build/Index.noindex/DataStore -Xcc -D_LIBCPP_HARDENING_MODE\=_LIBCPP_HARDENING_MODE_DEBUG -swift-version 6 -I /var/folders/fh/vt8wk6pn5dgd_tv982c123440000gp/T/picpac-snapshots-raj9ar88/build/Build/Products/Debug-iphonesimulator -Isystem /Applications/Xcode.app/Contents/Developer/Platforms/iPhoneSimulator.platform/Developer/usr/lib -F /var/folders/fh/vt8wk6pn5dgd_tv982c123440000gp/T/picpac-snapshots-raj9ar88/build/Build/Products/Debug-iphonesimulator -F /Applications/Xcode.app/Contents/Developer/Platforms/iPhoneSimulator.platform/Developer/Library/Frameworks -F /Applications/Xcode.app/Contents/Developer/Platforms/iPhoneSimulator.platform/Developer/SDKs/iPhoneSimulator26.5.sdk/Developer/Library/Frameworks -c -j12 -enable-batch-mode -incremental -Xcc -ivfsstatcache -Xcc /var/folders/fh/vt8wk6pn5dgd_tv982c123440000gp/T/picpac-snapshots-raj9ar88/build/SDKStatCaches.noindex/iphonesimulator26.5-23F81a-6cfe768891a92b912361537c460fe42b.sdkstatcache -output-file-map /var/folders/fh/vt8wk6pn5dgd_tv982c123440000gp/T/picpac-snapshots-raj9ar88/build/Build/Intermediates.noindex/PicPacKit.build/Debug-iphonesimulator/PicPacCore.build/Objects-normal/x86_64/PicPacCore-OutputFileMap.json -use-frontend-parseable-output -save-temps -no-color-diagnostics -explicit-module-build -module-cache-path /var/folders/fh/vt8wk6pn5dgd_tv982c123440000gp/T/picpac-snapshots-raj9ar88/build/Build/Intermediates.noindex/SwiftExplicitPrecompiledModules -clang-scanner-module-cache-path /var/folders/fh/vt8wk6pn5dgd_tv982c123440000gp/T/picpac-snapshots-raj9ar88/build/ModuleCache.noindex -sdk-module-cache-path /var/folders/fh/vt8wk6pn5dgd_tv982c123440000gp/T/picpac-snapshots-raj9ar88/build/ModuleCache.noindex -serialize-diagnostics -emit-dependencies -emit-module -emit-module-path /var/folders/fh/vt8wk6pn5dgd_tv982c123440000gp/T/picpac-snapshots-raj9ar88/build/Build/Intermediates.noindex/PicPacKit.build/Debug-iphonesimulator/PicPacCore.build/Objects-normal/x86_64/PicPacCore.swiftmodule -validate-clang-modules-once -clang-build-session-file /var/folders/fh/vt8wk6pn5dgd_tv982c123440000gp/T/picpac-snapshots-raj9ar88/build/ModuleCache.noindex/Session.modulevalidation -package-name picpackit -Xcc -I/var/folders/fh/vt8wk6pn5dgd_tv982c123440000gp/T/picpac-snapshots-raj9ar88/build/Build/Intermediates.noindex/PicPacKit.build/Debug-iphonesimulator/PicPacCore.build/swift-overrides.hmap -emit-const-values -Xfrontend -const-gather-protocols-file -Xfrontend /var/folders/fh/vt8wk6pn5dgd_tv982c123440000gp/T/picpac-snapshots-raj9ar88/build/Build/Intermediates.noindex/PicPacKit.build/Debug-iphonesimulator/PicPacCore.build/Objects-normal/x86_64/PicPacCore_const_extract_protocols.json -Xcc -I/var/folders/fh/vt8wk6pn5dgd_tv982c123440000gp/T/picpac-snapshots-raj9ar88/build/Build/Products/Debug-iphonesimulator/include -Xcc -I/var/folders/fh/vt8wk6pn5dgd_tv982c123440000gp/T/picpac-snapshots-raj9ar88/build/Build/Intermediates.noindex/PicPacKit.build/Debug-iphonesimulator/PicPacCore.build/DerivedSources-normal/x86_64 -Xcc -I/var/folders/fh/vt8wk6pn5dgd_tv982c123440000gp/T/picpac-snapshots-raj9ar88/build/Build/Intermediates.noindex/PicPacKit.build/Debug-iphonesimulator/PicPacCore.build/DerivedSources/x86_64 -Xcc -I/var/folders/fh/vt8wk6pn5dgd_tv982c123440000gp/T/picpac-snapshots-raj9ar88/build/Build/Intermediates.noindex/PicPacKit.build/Debug-iphonesimulator/PicPacCore.build/DerivedSources -Xcc -DSWIFT_PACKAGE -Xcc -DDEBUG\=1 -emit-objc-header -emit-objc-header-path /var/folders/fh/vt8wk6pn5dgd_tv982c123440000gp/T/picpac-snapshots-raj9ar88/build/Build/Intermediates.noindex/PicPacKit.build/Debug-iphonesimulator/PicPacCore.build/Objects-normal/x86_64/PicPacCore-Swift.h -working-directory /tmp/picpac-ios-privacy-link-20260926/ios/PicPacPoe.xcodeproj -experimental-emit-module-separately -disable-cmo

SwiftMergeGeneratedHeaders /var/folders/fh/vt8wk6pn5dgd_tv982c123440000gp/T/picpac-snapshots-raj9ar88/build/Build/Intermediates.noindex/GeneratedModuleMaps-iphonesimulator/PicPacCore-Swift.h /var/folders/fh/vt8wk6pn5dgd_tv982c123440000gp/T/picpac-snapshots-raj9ar88/build/Build/Intermediates.noindex/PicPacKit.build/Debug-iphonesimulator/PicPacCore.build/Objects-normal/arm64/PicPacCore-Swift.h /var/folders/fh/vt8wk6pn5dgd_tv982c123440000gp/T/picpac-snapshots-raj9ar88/build/Build/Intermediates.noindex/PicPacKit.build/Debug-iphonesimulator/PicPacCore.build/Objects-normal/x86_64/PicPacCore-Swift.h (in target 'PicPacCore' from project 'PicPacKit')
    cd /tmp/picpac-ios-privacy-link-20260926/ios/Packages/PicPacKit
    builtin-swiftHeaderTool -arch arm64 /var/folders/fh/vt8wk6pn5dgd_tv982c123440000gp/T/picpac-snapshots-raj9ar88/build/Build/Intermediates.noindex/PicPacKit.build/Debug-iphonesimulator/PicPacCore.build/Objects-normal/arm64/PicPacCore-Swift.h -arch x86_64 /var/folders/fh/vt8wk6pn5dgd_tv982c123440000gp/T/picpac-snapshots-raj9ar88/build/Build/Intermediates.noindex/PicPacKit.build/Debug-iphonesimulator/PicPacCore.build/Objects-normal/x86_64/PicPacCore-Swift.h -o /var/folders/fh/vt8wk6pn5dgd_tv982c123440000gp/T/picpac-snapshots-raj9ar88/build/Build/Intermediates.noindex/GeneratedModuleMaps-iphonesimulator/PicPacCore-Swift.h

Copy /var/folders/fh/vt8wk6pn5dgd_tv982c123440000gp/T/picpac-snapshots-raj9ar88/build/Build/Products/Debug-iphonesimulator/PicPacCore.swiftmodule/arm64-apple-ios-simulator.swiftmodule /var/folders/fh/vt8wk6pn5dgd_tv982c123440000gp/T/picpac-snapshots-raj9ar88/build/Build/Intermediates.noindex/PicPacKit.build/Debug-iphonesimulator/PicPacCore.build/Objects-normal/arm64/PicPacCore.swiftmodule (in target 'PicPacCore' from project 'PicPacKit')
    cd /tmp/picpac-ios-privacy-link-20260926/ios/Packages/PicPacKit
    builtin-copy -exclude .DS_Store -exclude CVS -exclude .svn -exclude .git -exclude .hg -resolve-src-symlinks -rename /var/folders/fh/vt8wk6pn5dgd_tv982c123440000gp/T/picpac-snapshots-raj9ar88/build/Build/Intermediates.noindex/PicPacKit.build/Debug-iphonesimulator/PicPacCore.build/Objects-normal/arm64/PicPacCore.swiftmodule /var/folders/fh/vt8wk6pn5dgd_tv982c123440000gp/T/picpac-snapshots-raj9ar88/build/Build/Products/Debug-iphonesimulator/PicPacCore.swiftmodule/arm64-apple-ios-simulator.swiftmodule

Copy /var/folders/fh/vt8wk6pn5dgd_tv982c123440000gp/T/picpac-snapshots-raj9ar88/build/Build/Products/Debug-iphonesimulator/PicPacCore.swiftmodule/x86_64-apple-ios-simulator.swiftmodule /var/folders/fh/vt8wk6pn5dgd_tv982c123440000gp/T/picpac-snapshots-raj9ar88/build/Build/Intermediates.noindex/PicPacKit.build/Debug-iphonesimulator/PicPacCore.build/Objects-normal/x86_64/PicPacCore.swiftmodule (in target 'PicPacCore' from project 'PicPacKit')
    cd /tmp/picpac-ios-privacy-link-20260926/ios/Packages/PicPacKit
    builtin-copy -exclude .DS_Store -exclude CVS -exclude .svn -exclude .git -exclude .hg -resolve-src-symlinks -rename /var/folders/fh/vt8wk6pn5dgd_tv982c123440000gp/T/picpac-snapshots-raj9ar88/build/Build/Intermediates.noindex/PicPacKit.build/Debug-iphonesimulator/PicPacCore.build/Objects-normal/x86_64/PicPacCore.swiftmodule /var/folders/fh/vt8wk6pn5dgd_tv982c123440000gp/T/picpac-snapshots-raj9ar88/build/Build/Products/Debug-iphonesimulator/PicPacCore.swiftmodule/x86_64-apple-ios-simulator.swiftmodule

Copy /var/folders/fh/vt8wk6pn5dgd_tv982c123440000gp/T/picpac-snapshots-raj9ar88/build/Build/Products/Debug-iphonesimulator/PicPacCore.swiftmodule/x86_64-apple-ios-simulator.swiftdoc /var/folders/fh/vt8wk6pn5dgd_tv982c123440000gp/T/picpac-snapshots-raj9ar88/build/Build/Intermediates.noindex/PicPacKit.build/Debug-iphonesimulator/PicPacCore.build/Objects-normal/x86_64/PicPacCore.swiftdoc (in target 'PicPacCore' from project 'PicPacKit')
    cd /tmp/picpac-ios-privacy-link-20260926/ios/Packages/PicPacKit
    builtin-copy -exclude .DS_Store -exclude CVS -exclude .svn -exclude .git -exclude .hg -resolve-src-symlinks -rename /var/folders/fh/vt8wk6pn5dgd_tv982c123440000gp/T/picpac-snapshots-raj9ar88/build/Build/Intermediates.noindex/PicPacKit.build/Debug-iphonesimulator/PicPacCore.build/Objects-normal/x86_64/PicPacCore.swiftdoc /var/folders/fh/vt8wk6pn5dgd_tv982c123440000gp/T/picpac-snapshots-raj9ar88/build/Build/Products/Debug-iphonesimulator/PicPacCore.swiftmodule/x86_64-apple-ios-simulator.swiftdoc

Copy /var/folders/fh/vt8wk6pn5dgd_tv982c123440000gp/T/picpac-snapshots-raj9ar88/build/Build/Products/Debug-iphonesimulator/PicPacCore.swiftmodule/x86_64-apple-ios-simulator.abi.json /var/folders/fh/vt8wk6pn5dgd_tv982c123440000gp/T/picpac-snapshots-raj9ar88/build/Build/Intermediates.noindex/PicPacKit.build/Debug-iphonesimulator/PicPacCore.build/Objects-normal/x86_64/PicPacCore.abi.json (in target 'PicPacCore' from project 'PicPacKit')
    cd /tmp/picpac-ios-privacy-link-20260926/ios/Packages/PicPacKit
    builtin-copy -exclude .DS_Store -exclude CVS -exclude .svn -exclude .git -exclude .hg -resolve-src-symlinks -rename /var/folders/fh/vt8wk6pn5dgd_tv982c123440000gp/T/picpac-snapshots-raj9ar88/build/Build/Intermediates.noindex/PicPacKit.build/Debug-iphonesimulator/PicPacCore.build/Objects-normal/x86_64/PicPacCore.abi.json /var/folders/fh/vt8wk6pn5dgd_tv982c123440000gp/T/picpac-snapshots-raj9ar88/build/Build/Products/Debug-iphonesimulator/PicPacCore.swiftmodule/x86_64-apple-ios-simulator.abi.json

Copy /var/folders/fh/vt8wk6pn5dgd_tv982c123440000gp/T/picpac-snapshots-raj9ar88/build/Build/Products/Debug-iphonesimulator/PicPacCore.swiftmodule/arm64-apple-ios-simulator.swiftdoc /var/folders/fh/vt8wk6pn5dgd_tv982c123440000gp/T/picpac-snapshots-raj9ar88/build/Build/Intermediates.noindex/PicPacKit.build/Debug-iphonesimulator/PicPacCore.build/Objects-normal/arm64/PicPacCore.swiftdoc (in target 'PicPacCore' from project 'PicPacKit')
    cd /tmp/picpac-ios-privacy-link-20260926/ios/Packages/PicPacKit
    builtin-copy -exclude .DS_Store -exclude CVS -exclude .svn -exclude .git -exclude .hg -resolve-src-symlinks -rename /var/folders/fh/vt8wk6pn5dgd_tv982c123440000gp/T/picpac-snapshots-raj9ar88/build/Build/Intermediates.noindex/PicPacKit.build/Debug-iphonesimulator/PicPacCore.build/Objects-normal/arm64/PicPacCore.swiftdoc /var/folders/fh/vt8wk6pn5dgd_tv982c123440000gp/T/picpac-snapshots-raj9ar88/build/Build/Products/Debug-iphonesimulator/PicPacCore.swiftmodule/arm64-apple-ios-simulator.swiftdoc

Copy /var/folders/fh/vt8wk6pn5dgd_tv982c123440000gp/T/picpac-snapshots-raj9ar88/build/Build/Products/Debug-iphonesimulator/PicPacCore.swiftmodule/arm64-apple-ios-simulator.abi.json /var/folders/fh/vt8wk6pn5dgd_tv982c123440000gp/T/picpac-snapshots-raj9ar88/build/Build/Intermediates.noindex/PicPacKit.build/Debug-iphonesimulator/PicPacCore.build/Objects-normal/arm64/PicPacCore.abi.json (in target 'PicPacCore' from project 'PicPacKit')
    cd /tmp/picpac-ios-privacy-link-20260926/ios/Packages/PicPacKit
    builtin-copy -exclude .DS_Store -exclude CVS -exclude .svn -exclude .git -exclude .hg -resolve-src-symlinks -rename /var/folders/fh/vt8wk6pn5dgd_tv982c123440000gp/T/picpac-snapshots-raj9ar88/build/Build/Intermediates.noindex/PicPacKit.build/Debug-iphonesimulator/PicPacCore.build/Objects-normal/arm64/PicPacCore.abi.json /var/folders/fh/vt8wk6pn5dgd_tv982c123440000gp/T/picpac-snapshots-raj9ar88/build/Build/Products/Debug-iphonesimulator/PicPacCore.swiftmodule/arm64-apple-ios-simulator.abi.json

Copy /var/folders/fh/vt8wk6pn5dgd_tv982c123440000gp/T/picpac-snapshots-raj9ar88/build/Build/Products/Debug-iphonesimulator/PicPacCore.swiftmodule/Project/x86_64-apple-ios-simulator.swiftsourceinfo /var/folders/fh/vt8wk6pn5dgd_tv982c123440000gp/T/picpac-snapshots-raj9ar88/build/Build/Intermediates.noindex/PicPacKit.build/Debug-iphonesimulator/PicPacCore.build/Objects-normal/x86_64/PicPacCore.swiftsourceinfo (in target 'PicPacCore' from project 'PicPacKit')
    cd /tmp/picpac-ios-privacy-link-20260926/ios/Packages/PicPacKit
    builtin-copy -exclude .DS_Store -exclude CVS -exclude .svn -exclude .git -exclude .hg -resolve-src-symlinks -rename /var/folders/fh/vt8wk6pn5dgd_tv982c123440000gp/T/picpac-snapshots-raj9ar88/build/Build/Intermediates.noindex/PicPacKit.build/Debug-iphonesimulator/PicPacCore.build/Objects-normal/x86_64/PicPacCore.swiftsourceinfo /var/folders/fh/vt8wk6pn5dgd_tv982c123440000gp/T/picpac-snapshots-raj9ar88/build/Build/Products/Debug-iphonesimulator/PicPacCore.swiftmodule/Project/x86_64-apple-ios-simulator.swiftsourceinfo

Copy /var/folders/fh/vt8wk6pn5dgd_tv982c123440000gp/T/picpac-snapshots-raj9ar88/build/Build/Products/Debug-iphonesimulator/PicPacCore.swiftmodule/Project/arm64-apple-ios-simulator.swiftsourceinfo /var/folders/fh/vt8wk6pn5dgd_tv982c123440000gp/T/picpac-snapshots-raj9ar88/build/Build/Intermediates.noindex/PicPacKit.build/Debug-iphonesimulator/PicPacCore.build/Objects-normal/arm64/PicPacCore.swiftsourceinfo (in target 'PicPacCore' from project 'PicPacKit')
    cd /tmp/picpac-ios-privacy-link-20260926/ios/Packages/PicPacKit
    builtin-copy -exclude .DS_Store -exclude CVS -exclude .svn -exclude .git -exclude .hg -resolve-src-symlinks -rename /var/folders/fh/vt8wk6pn5dgd_tv982c123440000gp/T/picpac-snapshots-raj9ar88/build/Build/Intermediates.noindex/PicPacKit.build/Debug-iphonesimulator/PicPacCore.build/Objects-normal/arm64/PicPacCore.swiftsourceinfo /var/folders/fh/vt8wk6pn5dgd_tv982c123440000gp/T/picpac-snapshots-raj9ar88/build/Build/Products/Debug-iphonesimulator/PicPacCore.swiftmodule/Project/arm64-apple-ios-simulator.swiftsourceinfo

SwiftDriver PicPacPresentation normal arm64 com.apple.xcode.tools.swift.compiler (in target 'PicPacPresentation' from project 'PicPacKit')
    cd /tmp/picpac-ios-privacy-link-20260926/ios/PicPacPoe.xcodeproj
    builtin-SwiftDriver -- /Applications/Xcode.app/Contents/Developer/Toolchains/XcodeDefault.xctoolchain/usr/bin/swiftc -module-name PicPacPresentation -Onone @/var/folders/fh/vt8wk6pn5dgd_tv982c123440000gp/T/picpac-snapshots-raj9ar88/build/Build/Intermediates.noindex/PicPacKit.build/Debug-iphonesimulator/PicPacPresentation.build/Objects-normal/arm64/PicPacPresentation.SwiftFileList -DSWIFT_PACKAGE -DDEBUG -DSWIFT_MODULE_RESOURCE_BUNDLE_UNAVAILABLE -DXcode -plugin-path /Applications/Xcode.app/Contents/Developer/Toolchains/XcodeDefault.xctoolchain/usr/lib/swift/host/plugins/testing -enable-experimental-feature DebugDescriptionMacro -sdk /Applications/Xcode.app/Contents/Developer/Platforms/iPhoneSimulator.platform/Developer/SDKs/iPhoneSimulator26.5.sdk -target arm64-apple-ios17.0-simulator -g -module-cache-path /var/folders/fh/vt8wk6pn5dgd_tv982c123440000gp/T/picpac-snapshots-raj9ar88/build/ModuleCache.noindex -Xfrontend -serialize-debugging-options -profile-coverage-mapping -profile-generate -enable-testing -suppress-warnings -index-store-path /var/folders/fh/vt8wk6pn5dgd_tv982c123440000gp/T/picpac-snapshots-raj9ar88/build/Index.noindex/DataStore -Xcc -D_LIBCPP_HARDENING_MODE\=_LIBCPP_HARDENING_MODE_DEBUG -swift-version 6 -I /var/folders/fh/vt8wk6pn5dgd_tv982c123440000gp/T/picpac-snapshots-raj9ar88/build/Build/Products/Debug-iphonesimulator -Isystem /Applications/Xcode.app/Contents/Developer/Platforms/iPhoneSimulator.platform/Developer/usr/lib -F /var/folders/fh/vt8wk6pn5dgd_tv982c123440000gp/T/picpac-snapshots-raj9ar88/build/Build/Products/Debug-iphonesimulator/PackageFrameworks -F /var/folders/fh/vt8wk6pn5dgd_tv982c123440000gp/T/picpac-snapshots-raj9ar88/build/Build/Products/Debug-iphonesimulator -F /Applications/Xcode.app/Contents/Developer/Platforms/iPhoneSimulator.platform/Developer/Library/Frameworks -F /Applications/Xcode.app/Contents/Developer/Platforms/iPhoneSimulator.platform/Developer/SDKs/iPhoneSimulator26.5.sdk/Developer/Library/Frameworks -c -j12 -enable-batch-mode -incremental -Xcc -ivfsstatcache -Xcc /var/folders/fh/vt8wk6pn5dgd_tv982c123440000gp/T/picpac-snapshots-raj9ar88/build/SDKStatCaches.noindex/iphonesimulator26.5-23F81a-6cfe768891a92b912361537c460fe42b.sdkstatcache -output-file-map /var/folders/fh/vt8wk6pn5dgd_tv982c123440000gp/T/picpac-snapshots-raj9ar88/build/Build/Intermediates.noindex/PicPacKit.build/Debug-iphonesimulator/PicPacPresentation.build/Objects-normal/arm64/PicPacPresentation-OutputFileMap.json -use-frontend-parseable-output -save-temps -no-color-diagnostics -explicit-module-build -module-cache-path /var/folders/fh/vt8wk6pn5dgd_tv982c123440000gp/T/picpac-snapshots-raj9ar88/build/Build/Intermediates.noindex/SwiftExplicitPrecompiledModules -clang-scanner-module-cache-path /var/folders/fh/vt8wk6pn5dgd_tv982c123440000gp/T/picpac-snapshots-raj9ar88/build/ModuleCache.noindex -sdk-module-cache-path /var/folders/fh/vt8wk6pn5dgd_tv982c123440000gp/T/picpac-snapshots-raj9ar88/build/ModuleCache.noindex -serialize-diagnostics -emit-dependencies -emit-module -emit-module-path /var/folders/fh/vt8wk6pn5dgd_tv982c123440000gp/T/picpac-snapshots-raj9ar88/build/Build/Intermediates.noindex/PicPacKit.build/Debug-iphonesimulator/PicPacPresentation.build/Objects-normal/arm64/PicPacPresentation.swiftmodule -validate-clang-modules-once -clang-build-session-file /var/folders/fh/vt8wk6pn5dgd_tv982c123440000gp/T/picpac-snapshots-raj9ar88/build/ModuleCache.noindex/Session.modulevalidation -package-name picpackit -Xcc -I/var/folders/fh/vt8wk6pn5dgd_tv982c123440000gp/T/picpac-snapshots-raj9ar88/build/Build/Intermediates.noindex/PicPacKit.build/Debug-iphonesimulator/PicPacPresentation.build/swift-overrides.hmap -emit-const-values -Xfrontend -const-gather-protocols-file -Xfrontend /var/folders/fh/vt8wk6pn5dgd_tv982c123440000gp/T/picpac-snapshots-raj9ar88/build/Build/Intermediates.noindex/PicPacKit.build/Debug-iphonesimulator/PicPacPresentation.build/Objects-normal/arm64/PicPacPresentation_const_extract_protocols.json -Xcc -I/var/folders/fh/vt8wk6pn5dgd_tv982c123440000gp/T/picpac-snapshots-raj9ar88/build/Build/Products/Debug-iphonesimulator/include -Xcc -I/var/folders/fh/vt8wk6pn5dgd_tv982c123440000gp/T/picpac-snapshots-raj9ar88/build/Build/Intermediates.noindex/PicPacKit.build/Debug-iphonesimulator/PicPacPresentation.build/DerivedSources-normal/arm64 -Xcc -I/var/folders/fh/vt8wk6pn5dgd_tv982c123440000gp/T/picpac-snapshots-raj9ar88/build/Build/Intermediates.noindex/PicPacKit.build/Debug-iphonesimulator/PicPacPresentation.build/DerivedSources/arm64 -Xcc -I/var/folders/fh/vt8wk6pn5dgd_tv982c123440000gp/T/picpac-snapshots-raj9ar88/build/Build/Intermediates.noindex/PicPacKit.build/Debug-iphonesimulator/PicPacPresentation.build/DerivedSources -Xcc -DSWIFT_PACKAGE -Xcc -DDEBUG\=1 -emit-objc-header -emit-objc-header-path /var/folders/fh/vt8wk6pn5dgd_tv982c123440000gp/T/picpac-snapshots-raj9ar88/build/Build/Intermediates.noindex/PicPacKit.build/Debug-iphonesimulator/PicPacPresentation.build/Objects-normal/arm64/PicPacPresentation-Swift.h -working-directory /tmp/picpac-ios-privacy-link-20260926/ios/PicPacPoe.xcodeproj -experimental-emit-module-separately -disable-cmo

SwiftDriver PicPacPresentation normal x86_64 com.apple.xcode.tools.swift.compiler (in target 'PicPacPresentation' from project 'PicPacKit')
    cd /tmp/picpac-ios-privacy-link-20260926/ios/PicPacPoe.xcodeproj
    builtin-SwiftDriver -- /Applications/Xcode.app/Contents/Developer/Toolchains/XcodeDefault.xctoolchain/usr/bin/swiftc -module-name PicPacPresentation -Onone @/var/folders/fh/vt8wk6pn5dgd_tv982c123440000gp/T/picpac-snapshots-raj9ar88/build/Build/Intermediates.noindex/PicPacKit.build/Debug-iphonesimulator/PicPacPresentation.build/Objects-normal/x86_64/PicPacPresentation.SwiftFileList -DSWIFT_PACKAGE -DDEBUG -DSWIFT_MODULE_RESOURCE_BUNDLE_UNAVAILABLE -DXcode -plugin-path /Applications/Xcode.app/Contents/Developer/Toolchains/XcodeDefault.xctoolchain/usr/lib/swift/host/plugins/testing -enable-experimental-feature DebugDescriptionMacro -sdk /Applications/Xcode.app/Contents/Developer/Platforms/iPhoneSimulator.platform/Developer/SDKs/iPhoneSimulator26.5.sdk -target x86_64-apple-ios17.0-simulator -g -module-cache-path /var/folders/fh/vt8wk6pn5dgd_tv982c123440000gp/T/picpac-snapshots-raj9ar88/build/ModuleCache.noindex -Xfrontend -serialize-debugging-options -profile-coverage-mapping -profile-generate -enable-testing -suppress-warnings -index-store-path /var/folders/fh/vt8wk6pn5dgd_tv982c123440000gp/T/picpac-snapshots-raj9ar88/build/Index.noindex/DataStore -Xcc -D_LIBCPP_HARDENING_MODE\=_LIBCPP_HARDENING_MODE_DEBUG -swift-version 6 -I /var/folders/fh/vt8wk6pn5dgd_tv982c123440000gp/T/picpac-snapshots-raj9ar88/build/Build/Products/Debug-iphonesimulator -Isystem /Applications/Xcode.app/Contents/Developer/Platforms/iPhoneSimulator.platform/Developer/usr/lib -F /var/folders/fh/vt8wk6pn5dgd_tv982c123440000gp/T/picpac-snapshots-raj9ar88/build/Build/Products/Debug-iphonesimulator/PackageFrameworks -F /var/folders/fh/vt8wk6pn5dgd_tv982c123440000gp/T/picpac-snapshots-raj9ar88/build/Build/Products/Debug-iphonesimulator -F /Applications/Xcode.app/Contents/Developer/Platforms/iPhoneSimulator.platform/Developer/Library/Frameworks -F /Applications/Xcode.app/Contents/Developer/Platforms/iPhoneSimulator.platform/Developer/SDKs/iPhoneSimulator26.5.sdk/Developer/Library/Frameworks -c -j12 -enable-batch-mode -incremental -Xcc -ivfsstatcache -Xcc /var/folders/fh/vt8wk6pn5dgd_tv982c123440000gp/T/picpac-snapshots-raj9ar88/build/SDKStatCaches.noindex/iphonesimulator26.5-23F81a-6cfe768891a92b912361537c460fe42b.sdkstatcache -output-file-map /var/folders/fh/vt8wk6pn5dgd_tv982c123440000gp/T/picpac-snapshots-raj9ar88/build/Build/Intermediates.noindex/PicPacKit.build/Debug-iphonesimulator/PicPacPresentation.build/Objects-normal/x86_64/PicPacPresentation-OutputFileMap.json -use-frontend-parseable-output -save-temps -no-color-diagnostics -explicit-module-build -module-cache-path /var/folders/fh/vt8wk6pn5dgd_tv982c123440000gp/T/picpac-snapshots-raj9ar88/build/Build/Intermediates.noindex/SwiftExplicitPrecompiledModules -clang-scanner-module-cache-path /var/folders/fh/vt8wk6pn5dgd_tv982c123440000gp/T/picpac-snapshots-raj9ar88/build/ModuleCache.noindex -sdk-module-cache-path /var/folders/fh/vt8wk6pn5dgd_tv982c123440000gp/T/picpac-snapshots-raj9ar88/build/ModuleCache.noindex -serialize-diagnostics -emit-dependencies -emit-module -emit-module-path /var/folders/fh/vt8wk6pn5dgd_tv982c123440000gp/T/picpac-snapshots-raj9ar88/build/Build/Intermediates.noindex/PicPacKit.build/Debug-iphonesimulator/PicPacPresentation.build/Objects-normal/x86_64/PicPacPresentation.swiftmodule -validate-clang-modules-once -clang-build-session-file /var/folders/fh/vt8wk6pn5dgd_tv982c123440000gp/T/picpac-snapshots-raj9ar88/build/ModuleCache.noindex/Session.modulevalidation -package-name picpackit -Xcc -I/var/folders/fh/vt8wk6pn5dgd_tv982c123440000gp/T/picpac-snapshots-raj9ar88/build/Build/Intermediates.noindex/PicPacKit.build/Debug-iphonesimulator/PicPacPresentation.build/swift-overrides.hmap -emit-const-values -Xfrontend -const-gather-protocols-file -Xfrontend /var/folders/fh/vt8wk6pn5dgd_tv982c123440000gp/T/picpac-snapshots-raj9ar88/build/Build/Intermediates.noindex/PicPacKit.build/Debug-iphonesimulator/PicPacPresentation.build/Objects-normal/x86_64/PicPacPresentation_const_extract_protocols.json -Xcc -I/var/folders/fh/vt8wk6pn5dgd_tv982c123440000gp/T/picpac-snapshots-raj9ar88/build/Build/Products/Debug-iphonesimulator/include -Xcc -I/var/folders/fh/vt8wk6pn5dgd_tv982c123440000gp/T/picpac-snapshots-raj9ar88/build/Build/Intermediates.noindex/PicPacKit.build/Debug-iphonesimulator/PicPacPresentation.build/DerivedSources-normal/x86_64 -Xcc -I/var/folders/fh/vt8wk6pn5dgd_tv982c123440000gp/T/picpac-snapshots-raj9ar88/build/Build/Intermediates.noindex/PicPacKit.build/Debug-iphonesimulator/PicPacPresentation.build/DerivedSources/x86_64 -Xcc -I/var/folders/fh/vt8wk6pn5dgd_tv982c123440000gp/T/picpac-snapshots-raj9ar88/build/Build/Intermediates.noindex/PicPacKit.build/Debug-iphonesimulator/PicPacPresentation.build/DerivedSources -Xcc -DSWIFT_PACKAGE -Xcc -DDEBUG\=1 -emit-objc-header -emit-objc-header-path /var/folders/fh/vt8wk6pn5dgd_tv982c123440000gp/T/picpac-snapshots-raj9ar88/build/Build/Intermediates.noindex/PicPacKit.build/Debug-iphonesimulator/PicPacPresentation.build/Objects-normal/x86_64/PicPacPresentation-Swift.h -working-directory /tmp/picpac-ios-privacy-link-20260926/ios/PicPacPoe.xcodeproj -experimental-emit-module-separately -disable-cmo

SwiftDriver PicPacAI normal arm64 com.apple.xcode.tools.swift.compiler (in target 'PicPacAI' from project 'PicPacKit')
    cd /tmp/picpac-ios-privacy-link-20260926/ios/PicPacPoe.xcodeproj
    builtin-SwiftDriver -- /Applications/Xcode.app/Contents/Developer/Toolchains/XcodeDefault.xctoolchain/usr/bin/swiftc -module-name PicPacAI -Onone @/var/folders/fh/vt8wk6pn5dgd_tv982c123440000gp/T/picpac-snapshots-raj9ar88/build/Build/Intermediates.noindex/PicPacKit.build/Debug-iphonesimulator/PicPacAI.build/Objects-normal/arm64/PicPacAI.SwiftFileList -DSWIFT_PACKAGE -DDEBUG -DSWIFT_MODULE_RESOURCE_BUNDLE_AVAILABLE -DXcode -plugin-path /Applications/Xcode.app/Contents/Developer/Toolchains/XcodeDefault.xctoolchain/usr/lib/swift/host/plugins/testing -enable-experimental-feature DebugDescriptionMacro -sdk /Applications/Xcode.app/Contents/Developer/Platforms/iPhoneSimulator.platform/Developer/SDKs/iPhoneSimulator26.5.sdk -target arm64-apple-ios17.0-simulator -g -module-cache-path /var/folders/fh/vt8wk6pn5dgd_tv982c123440000gp/T/picpac-snapshots-raj9ar88/build/ModuleCache.noindex -Xfrontend -serialize-debugging-options -profile-coverage-mapping -profile-generate -enable-testing -suppress-warnings -index-store-path /var/folders/fh/vt8wk6pn5dgd_tv982c123440000gp/T/picpac-snapshots-raj9ar88/build/Index.noindex/DataStore -Xcc -D_LIBCPP_HARDENING_MODE\=_LIBCPP_HARDENING_MODE_DEBUG -swift-version 6 -I /var/folders/fh/vt8wk6pn5dgd_tv982c123440000gp/T/picpac-snapshots-raj9ar88/build/Build/Products/Debug-iphonesimulator -Isystem /Applications/Xcode.app/Contents/Developer/Platforms/iPhoneSimulator.platform/Developer/usr/lib -F /var/folders/fh/vt8wk6pn5dgd_tv982c123440000gp/T/picpac-snapshots-raj9ar88/build/Build/Products/Debug-iphonesimulator/PackageFrameworks -F /var/folders/fh/vt8wk6pn5dgd_tv982c123440000gp/T/picpac-snapshots-raj9ar88/build/Build/Products/Debug-iphonesimulator -F /Applications/Xcode.app/Contents/Developer/Platforms/iPhoneSimulator.platform/Developer/Library/Frameworks -F /Applications/Xcode.app/Contents/Developer/Platforms/iPhoneSimulator.platform/Developer/SDKs/iPhoneSimulator26.5.sdk/Developer/Library/Frameworks -c -j12 -enable-batch-mode -incremental -Xcc -ivfsstatcache -Xcc /var/folders/fh/vt8wk6pn5dgd_tv982c123440000gp/T/picpac-snapshots-raj9ar88/build/SDKStatCaches.noindex/iphonesimulator26.5-23F81a-6cfe768891a92b912361537c460fe42b.sdkstatcache -output-file-map /var/folders/fh/vt8wk6pn5dgd_tv982c123440000gp/T/picpac-snapshots-raj9ar88/build/Build/Intermediates.noindex/PicPacKit.build/Debug-iphonesimulator/PicPacAI.build/Objects-normal/arm64/PicPacAI-OutputFileMap.json -use-frontend-parseable-output -save-temps -no-color-diagnostics -explicit-module-build -module-cache-path /var/folders/fh/vt8wk6pn5dgd_tv982c123440000gp/T/picpac-snapshots-raj9ar88/build/Build/Intermediates.noindex/SwiftExplicitPrecompiledModules -clang-scanner-module-cache-path /var/folders/fh/vt8wk6pn5dgd_tv982c123440000gp/T/picpac-snapshots-raj9ar88/build/ModuleCache.noindex -sdk-module-cache-path /var/folders/fh/vt8wk6pn5dgd_tv982c123440000gp/T/picpac-snapshots-raj9ar88/build/ModuleCache.noindex -serialize-diagnostics -emit-dependencies -emit-module -emit-module-path /var/folders/fh/vt8wk6pn5dgd_tv982c123440000gp/T/picpac-snapshots-raj9ar88/build/Build/Intermediates.noindex/PicPacKit.build/Debug-iphonesimulator/PicPacAI.build/Objects-normal/arm64/PicPacAI.swiftmodule -validate-clang-modules-once -clang-build-session-file /var/folders/fh/vt8wk6pn5dgd_tv982c123440000gp/T/picpac-snapshots-raj9ar88/build/ModuleCache.noindex/Session.modulevalidation -package-name picpackit -Xcc -I/var/folders/fh/vt8wk6pn5dgd_tv982c123440000gp/T/picpac-snapshots-raj9ar88/build/Build/Intermediates.noindex/PicPacKit.build/Debug-iphonesimulator/PicPacAI.build/swift-overrides.hmap -emit-const-values -Xfrontend -const-gather-protocols-file -Xfrontend /var/folders/fh/vt8wk6pn5dgd_tv982c123440000gp/T/picpac-snapshots-raj9ar88/build/Build/Intermediates.noindex/PicPacKit.build/Debug-iphonesimulator/PicPacAI.build/Objects-normal/arm64/PicPacAI_const_extract_protocols.json -Xcc -I/var/folders/fh/vt8wk6pn5dgd_tv982c123440000gp/T/picpac-snapshots-raj9ar88/build/Build/Products/Debug-iphonesimulator/include -Xcc -I/var/folders/fh/vt8wk6pn5dgd_tv982c123440000gp/T/picpac-snapshots-raj9ar88/build/Build/Intermediates.noindex/PicPacKit.build/Debug-iphonesimulator/PicPacAI.build/DerivedSources-normal/arm64 -Xcc -I/var/folders/fh/vt8wk6pn5dgd_tv982c123440000gp/T/picpac-snapshots-raj9ar88/build/Build/Intermediates.noindex/PicPacKit.build/Debug-iphonesimulator/PicPacAI.build/DerivedSources/arm64 -Xcc -I/var/folders/fh/vt8wk6pn5dgd_tv982c123440000gp/T/picpac-snapshots-raj9ar88/build/Build/Intermediates.noindex/PicPacKit.build/Debug-iphonesimulator/PicPacAI.build/DerivedSources -Xcc -DSWIFT_PACKAGE -Xcc -DDEBUG\=1 -emit-objc-header -emit-objc-header-path /var/folders/fh/vt8wk6pn5dgd_tv982c123440000gp/T/picpac-snapshots-raj9ar88/build/Build/Intermediates.noindex/PicPacKit.build/Debug-iphonesimulator/PicPacAI.build/Objects-normal/arm64/PicPacAI-Swift.h -working-directory /tmp/picpac-ios-privacy-link-20260926/ios/PicPacPoe.xcodeproj -experimental-emit-module-separately -disable-cmo

SwiftDriverJobDiscovery normal arm64 Compiling Rules.swift (in target 'PicPacCore' from project 'PicPacKit')

SwiftDriver PicPacAI normal x86_64 com.apple.xcode.tools.swift.compiler (in target 'PicPacAI' from project 'PicPacKit')
    cd /tmp/picpac-ios-privacy-link-20260926/ios/PicPacPoe.xcodeproj
    builtin-SwiftDriver -- /Applications/Xcode.app/Contents/Developer/Toolchains/XcodeDefault.xctoolchain/usr/bin/swiftc -module-name PicPacAI -Onone @/var/folders/fh/vt8wk6pn5dgd_tv982c123440000gp/T/picpac-snapshots-raj9ar88/build/Build/Intermediates.noindex/PicPacKit.build/Debug-iphonesimulator/PicPacAI.build/Objects-normal/x86_64/PicPacAI.SwiftFileList -DSWIFT_PACKAGE -DDEBUG -DSWIFT_MODULE_RESOURCE_BUNDLE_AVAILABLE -DXcode -plugin-path /Applications/Xcode.app/Contents/Developer/Toolchains/XcodeDefault.xctoolchain/usr/lib/swift/host/plugins/testing -enable-experimental-feature DebugDescriptionMacro -sdk /Applications/Xcode.app/Contents/Developer/Platforms/iPhoneSimulator.platform/Developer/SDKs/iPhoneSimulator26.5.sdk -target x86_64-apple-ios17.0-simulator -g -module-cache-path /var/folders/fh/vt8wk6pn5dgd_tv982c123440000gp/T/picpac-snapshots-raj9ar88/build/ModuleCache.noindex -Xfrontend -serialize-debugging-options -profile-coverage-mapping -profile-generate -enable-testing -suppress-warnings -index-store-path /var/folders/fh/vt8wk6pn5dgd_tv982c123440000gp/T/picpac-snapshots-raj9ar88/build/Index.noindex/DataStore -Xcc -D_LIBCPP_HARDENING_MODE\=_LIBCPP_HARDENING_MODE_DEBUG -swift-version 6 -I /var/folders/fh/vt8wk6pn5dgd_tv982c123440000gp/T/picpac-snapshots-raj9ar88/build/Build/Products/Debug-iphonesimulator -Isystem /Applications/Xcode.app/Contents/Developer/Platforms/iPhoneSimulator.platform/Developer/usr/lib -F /var/folders/fh/vt8wk6pn5dgd_tv982c123440000gp/T/picpac-snapshots-raj9ar88/build/Build/Products/Debug-iphonesimulator/PackageFrameworks -F /var/folders/fh/vt8wk6pn5dgd_tv982c123440000gp/T/picpac-snapshots-raj9ar88/build/Build/Products/Debug-iphonesimulator -F /Applications/Xcode.app/Contents/Developer/Platforms/iPhoneSimulator.platform/Developer/Library/Frameworks -F /Applications/Xcode.app/Contents/Developer/Platforms/iPhoneSimulator.platform/Developer/SDKs/iPhoneSimulator26.5.sdk/Developer/Library/Frameworks -c -j12 -enable-batch-mode -incremental -Xcc -ivfsstatcache -Xcc /var/folders/fh/vt8wk6pn5dgd_tv982c123440000gp/T/picpac-snapshots-raj9ar88/build/SDKStatCaches.noindex/iphonesimulator26.5-23F81a-6cfe768891a92b912361537c460fe42b.sdkstatcache -output-file-map /var/folders/fh/vt8wk6pn5dgd_tv982c123440000gp/T/picpac-snapshots-raj9ar88/build/Build/Intermediates.noindex/PicPacKit.build/Debug-iphonesimulator/PicPacAI.build/Objects-normal/x86_64/PicPacAI-OutputFileMap.json -use-frontend-parseable-output -save-temps -no-color-diagnostics -explicit-module-build -module-cache-path /var/folders/fh/vt8wk6pn5dgd_tv982c123440000gp/T/picpac-snapshots-raj9ar88/build/Build/Intermediates.noindex/SwiftExplicitPrecompiledModules -clang-scanner-module-cache-path /var/folders/fh/vt8wk6pn5dgd_tv982c123440000gp/T/picpac-snapshots-raj9ar88/build/ModuleCache.noindex -sdk-module-cache-path /var/folders/fh/vt8wk6pn5dgd_tv982c123440000gp/T/picpac-snapshots-raj9ar88/build/ModuleCache.noindex -serialize-diagnostics -emit-dependencies -emit-module -emit-module-path /var/folders/fh/vt8wk6pn5dgd_tv982c123440000gp/T/picpac-snapshots-raj9ar88/build/Build/Intermediates.noindex/PicPacKit.build/Debug-iphonesimulator/PicPacAI.build/Objects-normal/x86_64/PicPacAI.swiftmodule -validate-clang-modules-once -clang-build-session-file /var/folders/fh/vt8wk6pn5dgd_tv982c123440000gp/T/picpac-snapshots-raj9ar88/build/ModuleCache.noindex/Session.modulevalidation -package-name picpackit -Xcc -I/var/folders/fh/vt8wk6pn5dgd_tv982c123440000gp/T/picpac-snapshots-raj9ar88/build/Build/Intermediates.noindex/PicPacKit.build/Debug-iphonesimulator/PicPacAI.build/swift-overrides.hmap -emit-const-values -Xfrontend -const-gather-protocols-file -Xfrontend /var/folders/fh/vt8wk6pn5dgd_tv982c123440000gp/T/picpac-snapshots-raj9ar88/build/Build/Intermediates.noindex/PicPacKit.build/Debug-iphonesimulator/PicPacAI.build/Objects-normal/x86_64/PicPacAI_const_extract_protocols.json -Xcc -I/var/folders/fh/vt8wk6pn5dgd_tv982c123440000gp/T/picpac-snapshots-raj9ar88/build/Build/Products/Debug-iphonesimulator/include -Xcc -I/var/folders/fh/vt8wk6pn5dgd_tv982c123440000gp/T/picpac-snapshots-raj9ar88/build/Build/Intermediates.noindex/PicPacKit.build/Debug-iphonesimulator/PicPacAI.build/DerivedSources-normal/x86_64 -Xcc -I/var/folders/fh/vt8wk6pn5dgd_tv982c123440000gp/T/picpac-snapshots-raj9ar88/build/Build/Intermediates.noindex/PicPacKit.build/Debug-iphonesimulator/PicPacAI.build/DerivedSources/x86_64 -Xcc -I/var/folders/fh/vt8wk6pn5dgd_tv982c123440000gp/T/picpac-snapshots-raj9ar88/build/Build/Intermediates.noindex/PicPacKit.build/Debug-iphonesimulator/PicPacAI.build/DerivedSources -Xcc -DSWIFT_PACKAGE -Xcc -DDEBUG\=1 -emit-objc-header -emit-objc-header-path /var/folders/fh/vt8wk6pn5dgd_tv982c123440000gp/T/picpac-snapshots-raj9ar88/build/Build/Intermediates.noindex/PicPacKit.build/Debug-iphonesimulator/PicPacAI.build/Objects-normal/x86_64/PicPacAI-Swift.h -working-directory /tmp/picpac-ios-privacy-link-20260926/ios/PicPacPoe.xcodeproj -experimental-emit-module-separately -disable-cmo

SwiftDriverJobDiscovery normal x86_64 Compiling Rules.swift (in target 'PicPacCore' from project 'PicPacKit')

SwiftDriverJobDiscovery normal x86_64 Compiling Randomness.swift (in target 'PicPacCore' from project 'PicPacKit')

SwiftDriverJobDiscovery normal arm64 Compiling Randomness.swift (in target 'PicPacCore' from project 'PicPacKit')

SwiftEmitModule normal arm64 Emitting\ module\ for\ PicPacPresentation (in target 'PicPacPresentation' from project 'PicPacKit')

EmitSwiftModule normal arm64 (in target 'PicPacPresentation' from project 'PicPacKit')
    cd /tmp/picpac-ios-privacy-link-20260926/ios/PicPacPoe.xcodeproj
    

SwiftCompile normal x86_64 Compiling\ PresentationModels.swift /tmp/picpac-ios-privacy-link-20260926/ios/Packages/PicPacKit/Sources/PicPacPresentation/PresentationModels.swift (in target 'PicPacPresentation' from project 'PicPacKit')

SwiftCompile normal x86_64 /tmp/picpac-ios-privacy-link-20260926/ios/Packages/PicPacKit/Sources/PicPacPresentation/PresentationModels.swift (in target 'PicPacPresentation' from project 'PicPacKit')
    cd /tmp/picpac-ios-privacy-link-20260926/ios/PicPacPoe.xcodeproj
    

SwiftEmitModule normal x86_64 Emitting\ module\ for\ PicPacPresentation (in target 'PicPacPresentation' from project 'PicPacKit')

EmitSwiftModule normal x86_64 (in target 'PicPacPresentation' from project 'PicPacKit')
    cd /tmp/picpac-ios-privacy-link-20260926/ios/PicPacPoe.xcodeproj
    

SwiftCompile normal x86_64 Compiling\ PresentationDependencies.swift /tmp/picpac-ios-privacy-link-20260926/ios/Packages/PicPacKit/Sources/PicPacPresentation/PresentationDependencies.swift (in target 'PicPacPresentation' from project 'PicPacKit')

SwiftCompile normal x86_64 /tmp/picpac-ios-privacy-link-20260926/ios/Packages/PicPacKit/Sources/PicPacPresentation/PresentationDependencies.swift (in target 'PicPacPresentation' from project 'PicPacKit')
    cd /tmp/picpac-ios-privacy-link-20260926/ios/PicPacPoe.xcodeproj
    

SwiftCompile normal arm64 Compiling\ RestorationValidation.swift /tmp/picpac-ios-privacy-link-20260926/ios/Packages/PicPacKit/Sources/PicPacPresentation/RestorationValidation.swift (in target 'PicPacPresentation' from project 'PicPacKit')

SwiftCompile normal arm64 /tmp/picpac-ios-privacy-link-20260926/ios/Packages/PicPacKit/Sources/PicPacPresentation/RestorationValidation.swift (in target 'PicPacPresentation' from project 'PicPacKit')
    cd /tmp/picpac-ios-privacy-link-20260926/ios/PicPacPoe.xcodeproj
    

SwiftEmitModule normal x86_64 Emitting\ module\ for\ PicPacAI (in target 'PicPacAI' from project 'PicPacKit')

EmitSwiftModule normal x86_64 (in target 'PicPacAI' from project 'PicPacKit')
    cd /tmp/picpac-ios-privacy-link-20260926/ios/PicPacPoe.xcodeproj
    

SwiftEmitModule normal arm64 Emitting\ module\ for\ PicPacAI (in target 'PicPacAI' from project 'PicPacKit')

EmitSwiftModule normal arm64 (in target 'PicPacAI' from project 'PicPacKit')
    cd /tmp/picpac-ios-privacy-link-20260926/ios/PicPacPoe.xcodeproj
    

SwiftDriverJobDiscovery normal x86_64 Emitting module for PicPacAI (in target 'PicPacAI' from project 'PicPacKit')

SwiftDriver\ Compilation\ Requirements PicPacAI normal x86_64 com.apple.xcode.tools.swift.compiler (in target 'PicPacAI' from project 'PicPacKit')
    cd /tmp/picpac-ios-privacy-link-20260926/ios/PicPacPoe.xcodeproj
    builtin-Swift-Compilation-Requirements -- /Applications/Xcode.app/Contents/Developer/Toolchains/XcodeDefault.xctoolchain/usr/bin/swiftc -module-name PicPacAI -Onone @/var/folders/fh/vt8wk6pn5dgd_tv982c123440000gp/T/picpac-snapshots-raj9ar88/build/Build/Intermediates.noindex/PicPacKit.build/Debug-iphonesimulator/PicPacAI.build/Objects-normal/x86_64/PicPacAI.SwiftFileList -DSWIFT_PACKAGE -DDEBUG -DSWIFT_MODULE_RESOURCE_BUNDLE_AVAILABLE -DXcode -plugin-path /Applications/Xcode.app/Contents/Developer/Toolchains/XcodeDefault.xctoolchain/usr/lib/swift/host/plugins/testing -enable-experimental-feature DebugDescriptionMacro -sdk /Applications/Xcode.app/Contents/Developer/Platforms/iPhoneSimulator.platform/Developer/SDKs/iPhoneSimulator26.5.sdk -target x86_64-apple-ios17.0-simulator -g -module-cache-path /var/folders/fh/vt8wk6pn5dgd_tv982c123440000gp/T/picpac-snapshots-raj9ar88/build/ModuleCache.noindex -Xfrontend -serialize-debugging-options -profile-coverage-mapping -profile-generate -enable-testing -suppress-warnings -index-store-path /var/folders/fh/vt8wk6pn5dgd_tv982c123440000gp/T/picpac-snapshots-raj9ar88/build/Index.noindex/DataStore -Xcc -D_LIBCPP_HARDENING_MODE\=_LIBCPP_HARDENING_MODE_DEBUG -swift-version 6 -I /var/folders/fh/vt8wk6pn5dgd_tv982c123440000gp/T/picpac-snapshots-raj9ar88/build/Build/Products/Debug-iphonesimulator -Isystem /Applications/Xcode.app/Contents/Developer/Platforms/iPhoneSimulator.platform/Developer/usr/lib -F /var/folders/fh/vt8wk6pn5dgd_tv982c123440000gp/T/picpac-snapshots-raj9ar88/build/Build/Products/Debug-iphonesimulator/PackageFrameworks -F /var/folders/fh/vt8wk6pn5dgd_tv982c123440000gp/T/picpac-snapshots-raj9ar88/build/Build/Products/Debug-iphonesimulator -F /Applications/Xcode.app/Contents/Developer/Platforms/iPhoneSimulator.platform/Developer/Library/Frameworks -F /Applications/Xcode.app/Contents/Developer/Platforms/iPhoneSimulator.platform/Developer/SDKs/iPhoneSimulator26.5.sdk/Developer/Library/Frameworks -c -j12 -enable-batch-mode -incremental -Xcc -ivfsstatcache -Xcc /var/folders/fh/vt8wk6pn5dgd_tv982c123440000gp/T/picpac-snapshots-raj9ar88/build/SDKStatCaches.noindex/iphonesimulator26.5-23F81a-6cfe768891a92b912361537c460fe42b.sdkstatcache -output-file-map /var/folders/fh/vt8wk6pn5dgd_tv982c123440000gp/T/picpac-snapshots-raj9ar88/build/Build/Intermediates.noindex/PicPacKit.build/Debug-iphonesimulator/PicPacAI.build/Objects-normal/x86_64/PicPacAI-OutputFileMap.json -use-frontend-parseable-output -save-temps -no-color-diagnostics -explicit-module-build -module-cache-path /var/folders/fh/vt8wk6pn5dgd_tv982c123440000gp/T/picpac-snapshots-raj9ar88/build/Build/Intermediates.noindex/SwiftExplicitPrecompiledModules -clang-scanner-module-cache-path /var/folders/fh/vt8wk6pn5dgd_tv982c123440000gp/T/picpac-snapshots-raj9ar88/build/ModuleCache.noindex -sdk-module-cache-path /var/folders/fh/vt8wk6pn5dgd_tv982c123440000gp/T/picpac-snapshots-raj9ar88/build/ModuleCache.noindex -serialize-diagnostics -emit-dependencies -emit-module -emit-module-path /var/folders/fh/vt8wk6pn5dgd_tv982c123440000gp/T/picpac-snapshots-raj9ar88/build/Build/Intermediates.noindex/PicPacKit.build/Debug-iphonesimulator/PicPacAI.build/Objects-normal/x86_64/PicPacAI.swiftmodule -validate-clang-modules-once -clang-build-session-file /var/folders/fh/vt8wk6pn5dgd_tv982c123440000gp/T/picpac-snapshots-raj9ar88/build/ModuleCache.noindex/Session.modulevalidation -package-name picpackit -Xcc -I/var/folders/fh/vt8wk6pn5dgd_tv982c123440000gp/T/picpac-snapshots-raj9ar88/build/Build/Intermediates.noindex/PicPacKit.build/Debug-iphonesimulator/PicPacAI.build/swift-overrides.hmap -emit-const-values -Xfrontend -const-gather-protocols-file -Xfrontend /var/folders/fh/vt8wk6pn5dgd_tv982c123440000gp/T/picpac-snapshots-raj9ar88/build/Build/Intermediates.noindex/PicPacKit.build/Debug-iphonesimulator/PicPacAI.build/Objects-normal/x86_64/PicPacAI_const_extract_protocols.json -Xcc -I/var/folders/fh/vt8wk6pn5dgd_tv982c123440000gp/T/picpac-snapshots-raj9ar88/build/Build/Products/Debug-iphonesimulator/include -Xcc -I/var/folders/fh/vt8wk6pn5dgd_tv982c123440000gp/T/picpac-snapshots-raj9ar88/build/Build/Intermediates.noindex/PicPacKit.build/Debug-iphonesimulator/PicPacAI.build/DerivedSources-normal/x86_64 -Xcc -I/var/folders/fh/vt8wk6pn5dgd_tv982c123440000gp/T/picpac-snapshots-raj9ar88/build/Build/Intermediates.noindex/PicPacKit.build/Debug-iphonesimulator/PicPacAI.build/DerivedSources/x86_64 -Xcc -I/var/folders/fh/vt8wk6pn5dgd_tv982c123440000gp/T/picpac-snapshots-raj9ar88/build/Build/Intermediates.noindex/PicPacKit.build/Debug-iphonesimulator/PicPacAI.build/DerivedSources -Xcc -DSWIFT_PACKAGE -Xcc -DDEBUG\=1 -emit-objc-header -emit-objc-header-path /var/folders/fh/vt8wk6pn5dgd_tv982c123440000gp/T/picpac-snapshots-raj9ar88/build/Build/Intermediates.noindex/PicPacKit.build/Debug-iphonesimulator/PicPacAI.build/Objects-normal/x86_64/PicPacAI-Swift.h -working-directory /tmp/picpac-ios-privacy-link-20260926/ios/PicPacPoe.xcodeproj -experimental-emit-module-separately -disable-cmo

SwiftDriverJobDiscovery normal x86_64 Emitting module for PicPacPresentation (in target 'PicPacPresentation' from project 'PicPacKit')

SwiftDriver\ Compilation\ Requirements PicPacPresentation normal x86_64 com.apple.xcode.tools.swift.compiler (in target 'PicPacPresentation' from project 'PicPacKit')
    cd /tmp/picpac-ios-privacy-link-20260926/ios/PicPacPoe.xcodeproj
    builtin-Swift-Compilation-Requirements -- /Applications/Xcode.app/Contents/Developer/Toolchains/XcodeDefault.xctoolchain/usr/bin/swiftc -module-name PicPacPresentation -Onone @/var/folders/fh/vt8wk6pn5dgd_tv982c123440000gp/T/picpac-snapshots-raj9ar88/build/Build/Intermediates.noindex/PicPacKit.build/Debug-iphonesimulator/PicPacPresentation.build/Objects-normal/x86_64/PicPacPresentation.SwiftFileList -DSWIFT_PACKAGE -DDEBUG -DSWIFT_MODULE_RESOURCE_BUNDLE_UNAVAILABLE -DXcode -plugin-path /Applications/Xcode.app/Contents/Developer/Toolchains/XcodeDefault.xctoolchain/usr/lib/swift/host/plugins/testing -enable-experimental-feature DebugDescriptionMacro -sdk /Applications/Xcode.app/Contents/Developer/Platforms/iPhoneSimulator.platform/Developer/SDKs/iPhoneSimulator26.5.sdk -target x86_64-apple-ios17.0-simulator -g -module-cache-path /var/folders/fh/vt8wk6pn5dgd_tv982c123440000gp/T/picpac-snapshots-raj9ar88/build/ModuleCache.noindex -Xfrontend -serialize-debugging-options -profile-coverage-mapping -profile-generate -enable-testing -suppress-warnings -index-store-path /var/folders/fh/vt8wk6pn5dgd_tv982c123440000gp/T/picpac-snapshots-raj9ar88/build/Index.noindex/DataStore -Xcc -D_LIBCPP_HARDENING_MODE\=_LIBCPP_HARDENING_MODE_DEBUG -swift-version 6 -I /var/folders/fh/vt8wk6pn5dgd_tv982c123440000gp/T/picpac-snapshots-raj9ar88/build/Build/Products/Debug-iphonesimulator -Isystem /Applications/Xcode.app/Contents/Developer/Platforms/iPhoneSimulator.platform/Developer/usr/lib -F /var/folders/fh/vt8wk6pn5dgd_tv982c123440000gp/T/picpac-snapshots-raj9ar88/build/Build/Products/Debug-iphonesimulator/PackageFrameworks -F /var/folders/fh/vt8wk6pn5dgd_tv982c123440000gp/T/picpac-snapshots-raj9ar88/build/Build/Products/Debug-iphonesimulator -F /Applications/Xcode.app/Contents/Developer/Platforms/iPhoneSimulator.platform/Developer/Library/Frameworks -F /Applications/Xcode.app/Contents/Developer/Platforms/iPhoneSimulator.platform/Developer/SDKs/iPhoneSimulator26.5.sdk/Developer/Library/Frameworks -c -j12 -enable-batch-mode -incremental -Xcc -ivfsstatcache -Xcc /var/folders/fh/vt8wk6pn5dgd_tv982c123440000gp/T/picpac-snapshots-raj9ar88/build/SDKStatCaches.noindex/iphonesimulator26.5-23F81a-6cfe768891a92b912361537c460fe42b.sdkstatcache -output-file-map /var/folders/fh/vt8wk6pn5dgd_tv982c123440000gp/T/picpac-snapshots-raj9ar88/build/Build/Intermediates.noindex/PicPacKit.build/Debug-iphonesimulator/PicPacPresentation.build/Objects-normal/x86_64/PicPacPresentation-OutputFileMap.json -use-frontend-parseable-output -save-temps -no-color-diagnostics -explicit-module-build -module-cache-path /var/folders/fh/vt8wk6pn5dgd_tv982c123440000gp/T/picpac-snapshots-raj9ar88/build/Build/Intermediates.noindex/SwiftExplicitPrecompiledModules -clang-scanner-module-cache-path /var/folders/fh/vt8wk6pn5dgd_tv982c123440000gp/T/picpac-snapshots-raj9ar88/build/ModuleCache.noindex -sdk-module-cache-path /var/folders/fh/vt8wk6pn5dgd_tv982c123440000gp/T/picpac-snapshots-raj9ar88/build/ModuleCache.noindex -serialize-diagnostics -emit-dependencies -emit-module -emit-module-path /var/folders/fh/vt8wk6pn5dgd_tv982c123440000gp/T/picpac-snapshots-raj9ar88/build/Build/Intermediates.noindex/PicPacKit.build/Debug-iphonesimulator/PicPacPresentation.build/Objects-normal/x86_64/PicPacPresentation.swiftmodule -validate-clang-modules-once -clang-build-session-file /var/folders/fh/vt8wk6pn5dgd_tv982c123440000gp/T/picpac-snapshots-raj9ar88/build/ModuleCache.noindex/Session.modulevalidation -package-name picpackit -Xcc -I/var/folders/fh/vt8wk6pn5dgd_tv982c123440000gp/T/picpac-snapshots-raj9ar88/build/Build/Intermediates.noindex/PicPacKit.build/Debug-iphonesimulator/PicPacPresentation.build/swift-overrides.hmap -emit-const-values -Xfrontend -const-gather-protocols-file -Xfrontend /var/folders/fh/vt8wk6pn5dgd_tv982c123440000gp/T/picpac-snapshots-raj9ar88/build/Build/Intermediates.noindex/PicPacKit.build/Debug-iphonesimulator/PicPacPresentation.build/Objects-normal/x86_64/PicPacPresentation_const_extract_protocols.json -Xcc -I/var/folders/fh/vt8wk6pn5dgd_tv982c123440000gp/T/picpac-snapshots-raj9ar88/build/Build/Products/Debug-iphonesimulator/include -Xcc -I/var/folders/fh/vt8wk6pn5dgd_tv982c123440000gp/T/picpac-snapshots-raj9ar88/build/Build/Intermediates.noindex/PicPacKit.build/Debug-iphonesimulator/PicPacPresentation.build/DerivedSources-normal/x86_64 -Xcc -I/var/folders/fh/vt8wk6pn5dgd_tv982c123440000gp/T/picpac-snapshots-raj9ar88/build/Build/Intermediates.noindex/PicPacKit.build/Debug-iphonesimulator/PicPacPresentation.build/DerivedSources/x86_64 -Xcc -I/var/folders/fh/vt8wk6pn5dgd_tv982c123440000gp/T/picpac-snapshots-raj9ar88/build/Build/Intermediates.noindex/PicPacKit.build/Debug-iphonesimulator/PicPacPresentation.build/DerivedSources -Xcc -DSWIFT_PACKAGE -Xcc -DDEBUG\=1 -emit-objc-header -emit-objc-header-path /var/folders/fh/vt8wk6pn5dgd_tv982c123440000gp/T/picpac-snapshots-raj9ar88/build/Build/Intermediates.noindex/PicPacKit.build/Debug-iphonesimulator/PicPacPresentation.build/Objects-normal/x86_64/PicPacPresentation-Swift.h -working-directory /tmp/picpac-ios-privacy-link-20260926/ios/PicPacPoe.xcodeproj -experimental-emit-module-separately -disable-cmo

Copy /var/folders/fh/vt8wk6pn5dgd_tv982c123440000gp/T/picpac-snapshots-raj9ar88/build/Build/Products/Debug-iphonesimulator/PicPacAI.swiftmodule/x86_64-apple-ios-simulator.swiftmodule /var/folders/fh/vt8wk6pn5dgd_tv982c123440000gp/T/picpac-snapshots-raj9ar88/build/Build/Intermediates.noindex/PicPacKit.build/Debug-iphonesimulator/PicPacAI.build/Objects-normal/x86_64/PicPacAI.swiftmodule (in target 'PicPacAI' from project 'PicPacKit')
    cd /tmp/picpac-ios-privacy-link-20260926/ios/Packages/PicPacKit
    builtin-copy -exclude .DS_Store -exclude CVS -exclude .svn -exclude .git -exclude .hg -resolve-src-symlinks -rename /var/folders/fh/vt8wk6pn5dgd_tv982c123440000gp/T/picpac-snapshots-raj9ar88/build/Build/Intermediates.noindex/PicPacKit.build/Debug-iphonesimulator/PicPacAI.build/Objects-normal/x86_64/PicPacAI.swiftmodule /var/folders/fh/vt8wk6pn5dgd_tv982c123440000gp/T/picpac-snapshots-raj9ar88/build/Build/Products/Debug-iphonesimulator/PicPacAI.swiftmodule/x86_64-apple-ios-simulator.swiftmodule

Copy /var/folders/fh/vt8wk6pn5dgd_tv982c123440000gp/T/picpac-snapshots-raj9ar88/build/Build/Products/Debug-iphonesimulator/PicPacPresentation.swiftmodule/x86_64-apple-ios-simulator.swiftmodule /var/folders/fh/vt8wk6pn5dgd_tv982c123440000gp/T/picpac-snapshots-raj9ar88/build/Build/Intermediates.noindex/PicPacKit.build/Debug-iphonesimulator/PicPacPresentation.build/Objects-normal/x86_64/PicPacPresentation.swiftmodule (in target 'PicPacPresentation' from project 'PicPacKit')
    cd /tmp/picpac-ios-privacy-link-20260926/ios/Packages/PicPacKit
    builtin-copy -exclude .DS_Store -exclude CVS -exclude .svn -exclude .git -exclude .hg -resolve-src-symlinks -rename /var/folders/fh/vt8wk6pn5dgd_tv982c123440000gp/T/picpac-snapshots-raj9ar88/build/Build/Intermediates.noindex/PicPacKit.build/Debug-iphonesimulator/PicPacPresentation.build/Objects-normal/x86_64/PicPacPresentation.swiftmodule /var/folders/fh/vt8wk6pn5dgd_tv982c123440000gp/T/picpac-snapshots-raj9ar88/build/Build/Products/Debug-iphonesimulator/PicPacPresentation.swiftmodule/x86_64-apple-ios-simulator.swiftmodule

Copy /var/folders/fh/vt8wk6pn5dgd_tv982c123440000gp/T/picpac-snapshots-raj9ar88/build/Build/Products/Debug-iphonesimulator/PicPacPresentation.swiftmodule/x86_64-apple-ios-simulator.swiftdoc /var/folders/fh/vt8wk6pn5dgd_tv982c123440000gp/T/picpac-snapshots-raj9ar88/build/Build/Intermediates.noindex/PicPacKit.build/Debug-iphonesimulator/PicPacPresentation.build/Objects-normal/x86_64/PicPacPresentation.swiftdoc (in target 'PicPacPresentation' from project 'PicPacKit')
    cd /tmp/picpac-ios-privacy-link-20260926/ios/Packages/PicPacKit
    builtin-copy -exclude .DS_Store -exclude CVS -exclude .svn -exclude .git -exclude .hg -resolve-src-symlinks -rename /var/folders/fh/vt8wk6pn5dgd_tv982c123440000gp/T/picpac-snapshots-raj9ar88/build/Build/Intermediates.noindex/PicPacKit.build/Debug-iphonesimulator/PicPacPresentation.build/Objects-normal/x86_64/PicPacPresentation.swiftdoc /var/folders/fh/vt8wk6pn5dgd_tv982c123440000gp/T/picpac-snapshots-raj9ar88/build/Build/Products/Debug-iphonesimulator/PicPacPresentation.swiftmodule/x86_64-apple-ios-simulator.swiftdoc

Copy /var/folders/fh/vt8wk6pn5dgd_tv982c123440000gp/T/picpac-snapshots-raj9ar88/build/Build/Products/Debug-iphonesimulator/PicPacPresentation.swiftmodule/x86_64-apple-ios-simulator.abi.json /var/folders/fh/vt8wk6pn5dgd_tv982c123440000gp/T/picpac-snapshots-raj9ar88/build/Build/Intermediates.noindex/PicPacKit.build/Debug-iphonesimulator/PicPacPresentation.build/Objects-normal/x86_64/PicPacPresentation.abi.json (in target 'PicPacPresentation' from project 'PicPacKit')
    cd /tmp/picpac-ios-privacy-link-20260926/ios/Packages/PicPacKit
    builtin-copy -exclude .DS_Store -exclude CVS -exclude .svn -exclude .git -exclude .hg -resolve-src-symlinks -rename /var/folders/fh/vt8wk6pn5dgd_tv982c123440000gp/T/picpac-snapshots-raj9ar88/build/Build/Intermediates.noindex/PicPacKit.build/Debug-iphonesimulator/PicPacPresentation.build/Objects-normal/x86_64/PicPacPresentation.abi.json /var/folders/fh/vt8wk6pn5dgd_tv982c123440000gp/T/picpac-snapshots-raj9ar88/build/Build/Products/Debug-iphonesimulator/PicPacPresentation.swiftmodule/x86_64-apple-ios-simulator.abi.json

Copy /var/folders/fh/vt8wk6pn5dgd_tv982c123440000gp/T/picpac-snapshots-raj9ar88/build/Build/Products/Debug-iphonesimulator/PicPacPresentation.swiftmodule/Project/x86_64-apple-ios-simulator.swiftsourceinfo /var/folders/fh/vt8wk6pn5dgd_tv982c123440000gp/T/picpac-snapshots-raj9ar88/build/Build/Intermediates.noindex/PicPacKit.build/Debug-iphonesimulator/PicPacPresentation.build/Objects-normal/x86_64/PicPacPresentation.swiftsourceinfo (in target 'PicPacPresentation' from project 'PicPacKit')
    cd /tmp/picpac-ios-privacy-link-20260926/ios/Packages/PicPacKit
    builtin-copy -exclude .DS_Store -exclude CVS -exclude .svn -exclude .git -exclude .hg -resolve-src-symlinks -rename /var/folders/fh/vt8wk6pn5dgd_tv982c123440000gp/T/picpac-snapshots-raj9ar88/build/Build/Intermediates.noindex/PicPacKit.build/Debug-iphonesimulator/PicPacPresentation.build/Objects-normal/x86_64/PicPacPresentation.swiftsourceinfo /var/folders/fh/vt8wk6pn5dgd_tv982c123440000gp/T/picpac-snapshots-raj9ar88/build/Build/Products/Debug-iphonesimulator/PicPacPresentation.swiftmodule/Project/x86_64-apple-ios-simulator.swiftsourceinfo

Copy /var/folders/fh/vt8wk6pn5dgd_tv982c123440000gp/T/picpac-snapshots-raj9ar88/build/Build/Products/Debug-iphonesimulator/PicPacAI.swiftmodule/x86_64-apple-ios-simulator.swiftdoc /var/folders/fh/vt8wk6pn5dgd_tv982c123440000gp/T/picpac-snapshots-raj9ar88/build/Build/Intermediates.noindex/PicPacKit.build/Debug-iphonesimulator/PicPacAI.build/Objects-normal/x86_64/PicPacAI.swiftdoc (in target 'PicPacAI' from project 'PicPacKit')
    cd /tmp/picpac-ios-privacy-link-20260926/ios/Packages/PicPacKit
    builtin-copy -exclude .DS_Store -exclude CVS -exclude .svn -exclude .git -exclude .hg -resolve-src-symlinks -rename /var/folders/fh/vt8wk6pn5dgd_tv982c123440000gp/T/picpac-snapshots-raj9ar88/build/Build/Intermediates.noindex/PicPacKit.build/Debug-iphonesimulator/PicPacAI.build/Objects-normal/x86_64/PicPacAI.swiftdoc /var/folders/fh/vt8wk6pn5dgd_tv982c123440000gp/T/picpac-snapshots-raj9ar88/build/Build/Products/Debug-iphonesimulator/PicPacAI.swiftmodule/x86_64-apple-ios-simulator.swiftdoc

Copy /var/folders/fh/vt8wk6pn5dgd_tv982c123440000gp/T/picpac-snapshots-raj9ar88/build/Build/Products/Debug-iphonesimulator/PicPacAI.swiftmodule/x86_64-apple-ios-simulator.abi.json /var/folders/fh/vt8wk6pn5dgd_tv982c123440000gp/T/picpac-snapshots-raj9ar88/build/Build/Intermediates.noindex/PicPacKit.build/Debug-iphonesimulator/PicPacAI.build/Objects-normal/x86_64/PicPacAI.abi.json (in target 'PicPacAI' from project 'PicPacKit')
    cd /tmp/picpac-ios-privacy-link-20260926/ios/Packages/PicPacKit
    builtin-copy -exclude .DS_Store -exclude CVS -exclude .svn -exclude .git -exclude .hg -resolve-src-symlinks -rename /var/folders/fh/vt8wk6pn5dgd_tv982c123440000gp/T/picpac-snapshots-raj9ar88/build/Build/Intermediates.noindex/PicPacKit.build/Debug-iphonesimulator/PicPacAI.build/Objects-normal/x86_64/PicPacAI.abi.json /var/folders/fh/vt8wk6pn5dgd_tv982c123440000gp/T/picpac-snapshots-raj9ar88/build/Build/Products/Debug-iphonesimulator/PicPacAI.swiftmodule/x86_64-apple-ios-simulator.abi.json

Copy /var/folders/fh/vt8wk6pn5dgd_tv982c123440000gp/T/picpac-snapshots-raj9ar88/build/Build/Products/Debug-iphonesimulator/PicPacAI.swiftmodule/Project/x86_64-apple-ios-simulator.swiftsourceinfo /var/folders/fh/vt8wk6pn5dgd_tv982c123440000gp/T/picpac-snapshots-raj9ar88/build/Build/Intermediates.noindex/PicPacKit.build/Debug-iphonesimulator/PicPacAI.build/Objects-normal/x86_64/PicPacAI.swiftsourceinfo (in target 'PicPacAI' from project 'PicPacKit')
    cd /tmp/picpac-ios-privacy-link-20260926/ios/Packages/PicPacKit
    builtin-copy -exclude .DS_Store -exclude CVS -exclude .svn -exclude .git -exclude .hg -resolve-src-symlinks -rename /var/folders/fh/vt8wk6pn5dgd_tv982c123440000gp/T/picpac-snapshots-raj9ar88/build/Build/Intermediates.noindex/PicPacKit.build/Debug-iphonesimulator/PicPacAI.build/Objects-normal/x86_64/PicPacAI.swiftsourceinfo /var/folders/fh/vt8wk6pn5dgd_tv982c123440000gp/T/picpac-snapshots-raj9ar88/build/Build/Products/Debug-iphonesimulator/PicPacAI.swiftmodule/Project/x86_64-apple-ios-simulator.swiftsourceinfo

SwiftCompile normal arm64 Compiling\ PresentationModels.swift /tmp/picpac-ios-privacy-link-20260926/ios/Packages/PicPacKit/Sources/PicPacPresentation/PresentationModels.swift (in target 'PicPacPresentation' from project 'PicPacKit')
SwiftCompile normal arm64 /tmp/picpac-ios-privacy-link-20260926/ios/Packages/PicPacKit/Sources/PicPacPresentation/PresentationModels.swift (in target 'PicPacPresentation' from project 'PicPacKit')
    cd /tmp/picpac-ios-privacy-link-20260926/ios/PicPacPoe.xcodeproj
    

SwiftCompile normal x86_64 Compiling\ GameCoordinator.swift /tmp/picpac-ios-privacy-link-20260926/ios/Packages/PicPacKit/Sources/PicPacPresentation/GameCoordinator.swift (in target 'PicPacPresentation' from project 'PicPacKit')
SwiftCompile normal x86_64 /tmp/picpac-ios-privacy-link-20260926/ios/Packages/PicPacKit/Sources/PicPacPresentation/GameCoordinator.swift (in target 'PicPacPresentation' from project 'PicPacKit')
    cd /tmp/picpac-ios-privacy-link-20260926/ios/PicPacPoe.xcodeproj
    

SwiftDriverJobDiscovery normal arm64 Emitting module for PicPacPresentation (in target 'PicPacPresentation' from project 'PicPacKit')

SwiftDriver\ Compilation\ Requirements PicPacPresentation normal arm64 com.apple.xcode.tools.swift.compiler (in target 'PicPacPresentation' from project 'PicPacKit')
    cd /tmp/picpac-ios-privacy-link-20260926/ios/PicPacPoe.xcodeproj
    builtin-Swift-Compilation-Requirements -- /Applications/Xcode.app/Contents/Developer/Toolchains/XcodeDefault.xctoolchain/usr/bin/swiftc -module-name PicPacPresentation -Onone @/var/folders/fh/vt8wk6pn5dgd_tv982c123440000gp/T/picpac-snapshots-raj9ar88/build/Build/Intermediates.noindex/PicPacKit.build/Debug-iphonesimulator/PicPacPresentation.build/Objects-normal/arm64/PicPacPresentation.SwiftFileList -DSWIFT_PACKAGE -DDEBUG -DSWIFT_MODULE_RESOURCE_BUNDLE_UNAVAILABLE -DXcode -plugin-path /Applications/Xcode.app/Contents/Developer/Toolchains/XcodeDefault.xctoolchain/usr/lib/swift/host/plugins/testing -enable-experimental-feature DebugDescriptionMacro -sdk /Applications/Xcode.app/Contents/Developer/Platforms/iPhoneSimulator.platform/Developer/SDKs/iPhoneSimulator26.5.sdk -target arm64-apple-ios17.0-simulator -g -module-cache-path /var/folders/fh/vt8wk6pn5dgd_tv982c123440000gp/T/picpac-snapshots-raj9ar88/build/ModuleCache.noindex -Xfrontend -serialize-debugging-options -profile-coverage-mapping -profile-generate -enable-testing -suppress-warnings -index-store-path /var/folders/fh/vt8wk6pn5dgd_tv982c123440000gp/T/picpac-snapshots-raj9ar88/build/Index.noindex/DataStore -Xcc -D_LIBCPP_HARDENING_MODE\=_LIBCPP_HARDENING_MODE_DEBUG -swift-version 6 -I /var/folders/fh/vt8wk6pn5dgd_tv982c123440000gp/T/picpac-snapshots-raj9ar88/build/Build/Products/Debug-iphonesimulator -Isystem /Applications/Xcode.app/Contents/Developer/Platforms/iPhoneSimulator.platform/Developer/usr/lib -F /var/folders/fh/vt8wk6pn5dgd_tv982c123440000gp/T/picpac-snapshots-raj9ar88/build/Build/Products/Debug-iphonesimulator/PackageFrameworks -F /var/folders/fh/vt8wk6pn5dgd_tv982c123440000gp/T/picpac-snapshots-raj9ar88/build/Build/Products/Debug-iphonesimulator -F /Applications/Xcode.app/Contents/Developer/Platforms/iPhoneSimulator.platform/Developer/Library/Frameworks -F /Applications/Xcode.app/Contents/Developer/Platforms/iPhoneSimulator.platform/Developer/SDKs/iPhoneSimulator26.5.sdk/Developer/Library/Frameworks -c -j12 -enable-batch-mode -incremental -Xcc -ivfsstatcache -Xcc /var/folders/fh/vt8wk6pn5dgd_tv982c123440000gp/T/picpac-snapshots-raj9ar88/build/SDKStatCaches.noindex/iphonesimulator26.5-23F81a-6cfe768891a92b912361537c460fe42b.sdkstatcache -output-file-map /var/folders/fh/vt8wk6pn5dgd_tv982c123440000gp/T/picpac-snapshots-raj9ar88/build/Build/Intermediates.noindex/PicPacKit.build/Debug-iphonesimulator/PicPacPresentation.build/Objects-normal/arm64/PicPacPresentation-OutputFileMap.json -use-frontend-parseable-output -save-temps -no-color-diagnostics -explicit-module-build -module-cache-path /var/folders/fh/vt8wk6pn5dgd_tv982c123440000gp/T/picpac-snapshots-raj9ar88/build/Build/Intermediates.noindex/SwiftExplicitPrecompiledModules -clang-scanner-module-cache-path /var/folders/fh/vt8wk6pn5dgd_tv982c123440000gp/T/picpac-snapshots-raj9ar88/build/ModuleCache.noindex -sdk-module-cache-path /var/folders/fh/vt8wk6pn5dgd_tv982c123440000gp/T/picpac-snapshots-raj9ar88/build/ModuleCache.noindex -serialize-diagnostics -emit-dependencies -emit-module -emit-module-path /var/folders/fh/vt8wk6pn5dgd_tv982c123440000gp/T/picpac-snapshots-raj9ar88/build/Build/Intermediates.noindex/PicPacKit.build/Debug-iphonesimulator/PicPacPresentation.build/Objects-normal/arm64/PicPacPresentation.swiftmodule -validate-clang-modules-once -clang-build-session-file /var/folders/fh/vt8wk6pn5dgd_tv982c123440000gp/T/picpac-snapshots-raj9ar88/build/ModuleCache.noindex/Session.modulevalidation -package-name picpackit -Xcc -I/var/folders/fh/vt8wk6pn5dgd_tv982c123440000gp/T/picpac-snapshots-raj9ar88/build/Build/Intermediates.noindex/PicPacKit.build/Debug-iphonesimulator/PicPacPresentation.build/swift-overrides.hmap -emit-const-values -Xfrontend -const-gather-protocols-file -Xfrontend /var/folders/fh/vt8wk6pn5dgd_tv982c123440000gp/T/picpac-snapshots-raj9ar88/build/Build/Intermediates.noindex/PicPacKit.build/Debug-iphonesimulator/PicPacPresentation.build/Objects-normal/arm64/PicPacPresentation_const_extract_protocols.json -Xcc -I/var/folders/fh/vt8wk6pn5dgd_tv982c123440000gp/T/picpac-snapshots-raj9ar88/build/Build/Products/Debug-iphonesimulator/include -Xcc -I/var/folders/fh/vt8wk6pn5dgd_tv982c123440000gp/T/picpac-snapshots-raj9ar88/build/Build/Intermediates.noindex/PicPacKit.build/Debug-iphonesimulator/PicPacPresentation.build/DerivedSources-normal/arm64 -Xcc -I/var/folders/fh/vt8wk6pn5dgd_tv982c123440000gp/T/picpac-snapshots-raj9ar88/build/Build/Intermediates.noindex/PicPacKit.build/Debug-iphonesimulator/PicPacPresentation.build/DerivedSources/arm64 -Xcc -I/var/folders/fh/vt8wk6pn5dgd_tv982c123440000gp/T/picpac-snapshots-raj9ar88/build/Build/Intermediates.noindex/PicPacKit.build/Debug-iphonesimulator/PicPacPresentation.build/DerivedSources -Xcc -DSWIFT_PACKAGE -Xcc -DDEBUG\=1 -emit-objc-header -emit-objc-header-path /var/folders/fh/vt8wk6pn5dgd_tv982c123440000gp/T/picpac-snapshots-raj9ar88/build/Build/Intermediates.noindex/PicPacKit.build/Debug-iphonesimulator/PicPacPresentation.build/Objects-normal/arm64/PicPacPresentation-Swift.h -working-directory /tmp/picpac-ios-privacy-link-20260926/ios/PicPacPoe.xcodeproj -experimental-emit-module-separately -disable-cmo

SwiftDriverJobDiscovery normal x86_64 Compiling AiObservation.swift (in target 'PicPacCore' from project 'PicPacKit')

SwiftCompile normal arm64 Compiling\ GameCoordinator.swift /tmp/picpac-ios-privacy-link-20260926/ios/Packages/PicPacKit/Sources/PicPacPresentation/GameCoordinator.swift (in target 'PicPacPresentation' from project 'PicPacKit')
SwiftCompile normal arm64 /tmp/picpac-ios-privacy-link-20260926/ios/Packages/PicPacKit/Sources/PicPacPresentation/GameCoordinator.swift (in target 'PicPacPresentation' from project 'PicPacKit')
    cd /tmp/picpac-ios-privacy-link-20260926/ios/PicPacPoe.xcodeproj
    

SwiftMergeGeneratedHeaders /var/folders/fh/vt8wk6pn5dgd_tv982c123440000gp/T/picpac-snapshots-raj9ar88/build/Build/Intermediates.noindex/GeneratedModuleMaps-iphonesimulator/PicPacPresentation-Swift.h /var/folders/fh/vt8wk6pn5dgd_tv982c123440000gp/T/picpac-snapshots-raj9ar88/build/Build/Intermediates.noindex/PicPacKit.build/Debug-iphonesimulator/PicPacPresentation.build/Objects-normal/arm64/PicPacPresentation-Swift.h /var/folders/fh/vt8wk6pn5dgd_tv982c123440000gp/T/picpac-snapshots-raj9ar88/build/Build/Intermediates.noindex/PicPacKit.build/Debug-iphonesimulator/PicPacPresentation.build/Objects-normal/x86_64/PicPacPresentation-Swift.h (in target 'PicPacPresentation' from project 'PicPacKit')
    cd /tmp/picpac-ios-privacy-link-20260926/ios/Packages/PicPacKit
    builtin-swiftHeaderTool -arch arm64 /var/folders/fh/vt8wk6pn5dgd_tv982c123440000gp/T/picpac-snapshots-raj9ar88/build/Build/Intermediates.noindex/PicPacKit.build/Debug-iphonesimulator/PicPacPresentation.build/Objects-normal/arm64/PicPacPresentation-Swift.h -arch x86_64 /var/folders/fh/vt8wk6pn5dgd_tv982c123440000gp/T/picpac-snapshots-raj9ar88/build/Build/Intermediates.noindex/PicPacKit.build/Debug-iphonesimulator/PicPacPresentation.build/Objects-normal/x86_64/PicPacPresentation-Swift.h -o /var/folders/fh/vt8wk6pn5dgd_tv982c123440000gp/T/picpac-snapshots-raj9ar88/build/Build/Intermediates.noindex/GeneratedModuleMaps-iphonesimulator/PicPacPresentation-Swift.h

SwiftDriverJobDiscovery normal arm64 Compiling AiObservation.swift (in target 'PicPacCore' from project 'PicPacKit')

Copy /var/folders/fh/vt8wk6pn5dgd_tv982c123440000gp/T/picpac-snapshots-raj9ar88/build/Build/Products/Debug-iphonesimulator/PicPacPresentation.swiftmodule/arm64-apple-ios-simulator.swiftmodule /var/folders/fh/vt8wk6pn5dgd_tv982c123440000gp/T/picpac-snapshots-raj9ar88/build/Build/Intermediates.noindex/PicPacKit.build/Debug-iphonesimulator/PicPacPresentation.build/Objects-normal/arm64/PicPacPresentation.swiftmodule (in target 'PicPacPresentation' from project 'PicPacKit')
    cd /tmp/picpac-ios-privacy-link-20260926/ios/Packages/PicPacKit
    builtin-copy -exclude .DS_Store -exclude CVS -exclude .svn -exclude .git -exclude .hg -resolve-src-symlinks -rename /var/folders/fh/vt8wk6pn5dgd_tv982c123440000gp/T/picpac-snapshots-raj9ar88/build/Build/Intermediates.noindex/PicPacKit.build/Debug-iphonesimulator/PicPacPresentation.build/Objects-normal/arm64/PicPacPresentation.swiftmodule /var/folders/fh/vt8wk6pn5dgd_tv982c123440000gp/T/picpac-snapshots-raj9ar88/build/Build/Products/Debug-iphonesimulator/PicPacPresentation.swiftmodule/arm64-apple-ios-simulator.swiftmodule

Copy /var/folders/fh/vt8wk6pn5dgd_tv982c123440000gp/T/picpac-snapshots-raj9ar88/build/Build/Products/Debug-iphonesimulator/PicPacPresentation.swiftmodule/arm64-apple-ios-simulator.swiftdoc /var/folders/fh/vt8wk6pn5dgd_tv982c123440000gp/T/picpac-snapshots-raj9ar88/build/Build/Intermediates.noindex/PicPacKit.build/Debug-iphonesimulator/PicPacPresentation.build/Objects-normal/arm64/PicPacPresentation.swiftdoc (in target 'PicPacPresentation' from project 'PicPacKit')
    cd /tmp/picpac-ios-privacy-link-20260926/ios/Packages/PicPacKit
    builtin-copy -exclude .DS_Store -exclude CVS -exclude .svn -exclude .git -exclude .hg -resolve-src-symlinks -rename /var/folders/fh/vt8wk6pn5dgd_tv982c123440000gp/T/picpac-snapshots-raj9ar88/build/Build/Intermediates.noindex/PicPacKit.build/Debug-iphonesimulator/PicPacPresentation.build/Objects-normal/arm64/PicPacPresentation.swiftdoc /var/folders/fh/vt8wk6pn5dgd_tv982c123440000gp/T/picpac-snapshots-raj9ar88/build/Build/Products/Debug-iphonesimulator/PicPacPresentation.swiftmodule/arm64-apple-ios-simulator.swiftdoc

Copy /var/folders/fh/vt8wk6pn5dgd_tv982c123440000gp/T/picpac-snapshots-raj9ar88/build/Build/Products/Debug-iphonesimulator/PicPacPresentation.swiftmodule/arm64-apple-ios-simulator.abi.json /var/folders/fh/vt8wk6pn5dgd_tv982c123440000gp/T/picpac-snapshots-raj9ar88/build/Build/Intermediates.noindex/PicPacKit.build/Debug-iphonesimulator/PicPacPresentation.build/Objects-normal/arm64/PicPacPresentation.abi.json (in target 'PicPacPresentation' from project 'PicPacKit')
    cd /tmp/picpac-ios-privacy-link-20260926/ios/Packages/PicPacKit
    builtin-copy -exclude .DS_Store -exclude CVS -exclude .svn -exclude .git -exclude .hg -resolve-src-symlinks -rename /var/folders/fh/vt8wk6pn5dgd_tv982c123440000gp/T/picpac-snapshots-raj9ar88/build/Build/Intermediates.noindex/PicPacKit.build/Debug-iphonesimulator/PicPacPresentation.build/Objects-normal/arm64/PicPacPresentation.abi.json /var/folders/fh/vt8wk6pn5dgd_tv982c123440000gp/T/picpac-snapshots-raj9ar88/build/Build/Products/Debug-iphonesimulator/PicPacPresentation.swiftmodule/arm64-apple-ios-simulator.abi.json

Copy /var/folders/fh/vt8wk6pn5dgd_tv982c123440000gp/T/picpac-snapshots-raj9ar88/build/Build/Products/Debug-iphonesimulator/PicPacPresentation.swiftmodule/Project/arm64-apple-ios-simulator.swiftsourceinfo /var/folders/fh/vt8wk6pn5dgd_tv982c123440000gp/T/picpac-snapshots-raj9ar88/build/Build/Intermediates.noindex/PicPacKit.build/Debug-iphonesimulator/PicPacPresentation.build/Objects-normal/arm64/PicPacPresentation.swiftsourceinfo (in target 'PicPacPresentation' from project 'PicPacKit')
    cd /tmp/picpac-ios-privacy-link-20260926/ios/Packages/PicPacKit
    builtin-copy -exclude .DS_Store -exclude CVS -exclude .svn -exclude .git -exclude .hg -resolve-src-symlinks -rename /var/folders/fh/vt8wk6pn5dgd_tv982c123440000gp/T/picpac-snapshots-raj9ar88/build/Build/Intermediates.noindex/PicPacKit.build/Debug-iphonesimulator/PicPacPresentation.build/Objects-normal/arm64/PicPacPresentation.swiftsourceinfo /var/folders/fh/vt8wk6pn5dgd_tv982c123440000gp/T/picpac-snapshots-raj9ar88/build/Build/Products/Debug-iphonesimulator/PicPacPresentation.swiftmodule/Project/arm64-apple-ios-simulator.swiftsourceinfo

SwiftCompile normal arm64 Compiling\ PresentationDependencies.swift /tmp/picpac-ios-privacy-link-20260926/ios/Packages/PicPacKit/Sources/PicPacPresentation/PresentationDependencies.swift (in target 'PicPacPresentation' from project 'PicPacKit')

SwiftCompile normal arm64 /tmp/picpac-ios-privacy-link-20260926/ios/Packages/PicPacKit/Sources/PicPacPresentation/PresentationDependencies.swift (in target 'PicPacPresentation' from project 'PicPacKit')
    cd /tmp/picpac-ios-privacy-link-20260926/ios/PicPacPoe.xcodeproj
    

SwiftDriverJobDiscovery normal x86_64 Compiling PresentationDependencies.swift (in target 'PicPacPresentation' from project 'PicPacKit')

SwiftCompile normal x86_64 Compiling\ RestorationValidation.swift /tmp/picpac-ios-privacy-link-20260926/ios/Packages/PicPacKit/Sources/PicPacPresentation/RestorationValidation.swift (in target 'PicPacPresentation' from project 'PicPacKit')

SwiftCompile normal x86_64 /tmp/picpac-ios-privacy-link-20260926/ios/Packages/PicPacKit/Sources/PicPacPresentation/RestorationValidation.swift (in target 'PicPacPresentation' from project 'PicPacKit')
    cd /tmp/picpac-ios-privacy-link-20260926/ios/PicPacPoe.xcodeproj
    

SwiftDriverJobDiscovery normal arm64 Compiling Model.swift (in target 'PicPacCore' from project 'PicPacKit')

SwiftCompile normal arm64 Compiling\ FastAgents.swift /tmp/picpac-ios-privacy-link-20260926/ios/Packages/PicPacKit/Sources/PicPacAI/FastAgents.swift (in target 'PicPacAI' from project 'PicPacKit')

SwiftCompile normal arm64 /tmp/picpac-ios-privacy-link-20260926/ios/Packages/PicPacKit/Sources/PicPacAI/FastAgents.swift (in target 'PicPacAI' from project 'PicPacKit')
    cd /tmp/picpac-ios-privacy-link-20260926/ios/PicPacPoe.xcodeproj
    

SwiftCompile normal x86_64 Compiling\ TabularPolicy.swift /tmp/picpac-ios-privacy-link-20260926/ios/Packages/PicPacKit/Sources/PicPacAI/TabularPolicy.swift (in target 'PicPacAI' from project 'PicPacKit')

SwiftCompile normal x86_64 /tmp/picpac-ios-privacy-link-20260926/ios/Packages/PicPacKit/Sources/PicPacAI/TabularPolicy.swift (in target 'PicPacAI' from project 'PicPacKit')
    cd /tmp/picpac-ios-privacy-link-20260926/ios/PicPacPoe.xcodeproj
    

SwiftDriverJobDiscovery normal arm64 Emitting module for PicPacAI (in target 'PicPacAI' from project 'PicPacKit')

SwiftDriver\ Compilation\ Requirements PicPacAI normal arm64 com.apple.xcode.tools.swift.compiler (in target 'PicPacAI' from project 'PicPacKit')
    cd /tmp/picpac-ios-privacy-link-20260926/ios/PicPacPoe.xcodeproj
    builtin-Swift-Compilation-Requirements -- /Applications/Xcode.app/Contents/Developer/Toolchains/XcodeDefault.xctoolchain/usr/bin/swiftc -module-name PicPacAI -Onone @/var/folders/fh/vt8wk6pn5dgd_tv982c123440000gp/T/picpac-snapshots-raj9ar88/build/Build/Intermediates.noindex/PicPacKit.build/Debug-iphonesimulator/PicPacAI.build/Objects-normal/arm64/PicPacAI.SwiftFileList -DSWIFT_PACKAGE -DDEBUG -DSWIFT_MODULE_RESOURCE_BUNDLE_AVAILABLE -DXcode -plugin-path /Applications/Xcode.app/Contents/Developer/Toolchains/XcodeDefault.xctoolchain/usr/lib/swift/host/plugins/testing -enable-experimental-feature DebugDescriptionMacro -sdk /Applications/Xcode.app/Contents/Developer/Platforms/iPhoneSimulator.platform/Developer/SDKs/iPhoneSimulator26.5.sdk -target arm64-apple-ios17.0-simulator -g -module-cache-path /var/folders/fh/vt8wk6pn5dgd_tv982c123440000gp/T/picpac-snapshots-raj9ar88/build/ModuleCache.noindex -Xfrontend -serialize-debugging-options -profile-coverage-mapping -profile-generate -enable-testing -suppress-warnings -index-store-path /var/folders/fh/vt8wk6pn5dgd_tv982c123440000gp/T/picpac-snapshots-raj9ar88/build/Index.noindex/DataStore -Xcc -D_LIBCPP_HARDENING_MODE\=_LIBCPP_HARDENING_MODE_DEBUG -swift-version 6 -I /var/folders/fh/vt8wk6pn5dgd_tv982c123440000gp/T/picpac-snapshots-raj9ar88/build/Build/Products/Debug-iphonesimulator -Isystem /Applications/Xcode.app/Contents/Developer/Platforms/iPhoneSimulator.platform/Developer/usr/lib -F /var/folders/fh/vt8wk6pn5dgd_tv982c123440000gp/T/picpac-snapshots-raj9ar88/build/Build/Products/Debug-iphonesimulator/PackageFrameworks -F /var/folders/fh/vt8wk6pn5dgd_tv982c123440000gp/T/picpac-snapshots-raj9ar88/build/Build/Products/Debug-iphonesimulator -F /Applications/Xcode.app/Contents/Developer/Platforms/iPhoneSimulator.platform/Developer/Library/Frameworks -F /Applications/Xcode.app/Contents/Developer/Platforms/iPhoneSimulator.platform/Developer/SDKs/iPhoneSimulator26.5.sdk/Developer/Library/Frameworks -c -j12 -enable-batch-mode -incremental -Xcc -ivfsstatcache -Xcc /var/folders/fh/vt8wk6pn5dgd_tv982c123440000gp/T/picpac-snapshots-raj9ar88/build/SDKStatCaches.noindex/iphonesimulator26.5-23F81a-6cfe768891a92b912361537c460fe42b.sdkstatcache -output-file-map /var/folders/fh/vt8wk6pn5dgd_tv982c123440000gp/T/picpac-snapshots-raj9ar88/build/Build/Intermediates.noindex/PicPacKit.build/Debug-iphonesimulator/PicPacAI.build/Objects-normal/arm64/PicPacAI-OutputFileMap.json -use-frontend-parseable-output -save-temps -no-color-diagnostics -explicit-module-build -module-cache-path /var/folders/fh/vt8wk6pn5dgd_tv982c123440000gp/T/picpac-snapshots-raj9ar88/build/Build/Intermediates.noindex/SwiftExplicitPrecompiledModules -clang-scanner-module-cache-path /var/folders/fh/vt8wk6pn5dgd_tv982c123440000gp/T/picpac-snapshots-raj9ar88/build/ModuleCache.noindex -sdk-module-cache-path /var/folders/fh/vt8wk6pn5dgd_tv982c123440000gp/T/picpac-snapshots-raj9ar88/build/ModuleCache.noindex -serialize-diagnostics -emit-dependencies -emit-module -emit-module-path /var/folders/fh/vt8wk6pn5dgd_tv982c123440000gp/T/picpac-snapshots-raj9ar88/build/Build/Intermediates.noindex/PicPacKit.build/Debug-iphonesimulator/PicPacAI.build/Objects-normal/arm64/PicPacAI.swiftmodule -validate-clang-modules-once -clang-build-session-file /var/folders/fh/vt8wk6pn5dgd_tv982c123440000gp/T/picpac-snapshots-raj9ar88/build/ModuleCache.noindex/Session.modulevalidation -package-name picpackit -Xcc -I/var/folders/fh/vt8wk6pn5dgd_tv982c123440000gp/T/picpac-snapshots-raj9ar88/build/Build/Intermediates.noindex/PicPacKit.build/Debug-iphonesimulator/PicPacAI.build/swift-overrides.hmap -emit-const-values -Xfrontend -const-gather-protocols-file -Xfrontend /var/folders/fh/vt8wk6pn5dgd_tv982c123440000gp/T/picpac-snapshots-raj9ar88/build/Build/Intermediates.noindex/PicPacKit.build/Debug-iphonesimulator/PicPacAI.build/Objects-normal/arm64/PicPacAI_const_extract_protocols.json -Xcc -I/var/folders/fh/vt8wk6pn5dgd_tv982c123440000gp/T/picpac-snapshots-raj9ar88/build/Build/Products/Debug-iphonesimulator/include -Xcc -I/var/folders/fh/vt8wk6pn5dgd_tv982c123440000gp/T/picpac-snapshots-raj9ar88/build/Build/Intermediates.noindex/PicPacKit.build/Debug-iphonesimulator/PicPacAI.build/DerivedSources-normal/arm64 -Xcc -I/var/folders/fh/vt8wk6pn5dgd_tv982c123440000gp/T/picpac-snapshots-raj9ar88/build/Build/Intermediates.noindex/PicPacKit.build/Debug-iphonesimulator/PicPacAI.build/DerivedSources/arm64 -Xcc -I/var/folders/fh/vt8wk6pn5dgd_tv982c123440000gp/T/picpac-snapshots-raj9ar88/build/Build/Intermediates.noindex/PicPacKit.build/Debug-iphonesimulator/PicPacAI.build/DerivedSources -Xcc -DSWIFT_PACKAGE -Xcc -DDEBUG\=1 -emit-objc-header -emit-objc-header-path /var/folders/fh/vt8wk6pn5dgd_tv982c123440000gp/T/picpac-snapshots-raj9ar88/build/Build/Intermediates.noindex/PicPacKit.build/Debug-iphonesimulator/PicPacAI.build/Objects-normal/arm64/PicPacAI-Swift.h -working-directory /tmp/picpac-ios-privacy-link-20260926/ios/PicPacPoe.xcodeproj -experimental-emit-module-separately -disable-cmo

SwiftDriverJobDiscovery normal x86_64 Compiling Model.swift (in target 'PicPacCore' from project 'PicPacKit')

SwiftMergeGeneratedHeaders /var/folders/fh/vt8wk6pn5dgd_tv982c123440000gp/T/picpac-snapshots-raj9ar88/build/Build/Intermediates.noindex/GeneratedModuleMaps-iphonesimulator/PicPacAI-Swift.h /var/folders/fh/vt8wk6pn5dgd_tv982c123440000gp/T/picpac-snapshots-raj9ar88/build/Build/Intermediates.noindex/PicPacKit.build/Debug-iphonesimulator/PicPacAI.build/Objects-normal/arm64/PicPacAI-Swift.h /var/folders/fh/vt8wk6pn5dgd_tv982c123440000gp/T/picpac-snapshots-raj9ar88/build/Build/Intermediates.noindex/PicPacKit.build/Debug-iphonesimulator/PicPacAI.build/Objects-normal/x86_64/PicPacAI-Swift.h (in target 'PicPacAI' from project 'PicPacKit')
    cd /tmp/picpac-ios-privacy-link-20260926/ios/Packages/PicPacKit
    builtin-swiftHeaderTool -arch arm64 /var/folders/fh/vt8wk6pn5dgd_tv982c123440000gp/T/picpac-snapshots-raj9ar88/build/Build/Intermediates.noindex/PicPacKit.build/Debug-iphonesimulator/PicPacAI.build/Objects-normal/arm64/PicPacAI-Swift.h -arch x86_64 /var/folders/fh/vt8wk6pn5dgd_tv982c123440000gp/T/picpac-snapshots-raj9ar88/build/Build/Intermediates.noindex/PicPacKit.build/Debug-iphonesimulator/PicPacAI.build/Objects-normal/x86_64/PicPacAI-Swift.h -o /var/folders/fh/vt8wk6pn5dgd_tv982c123440000gp/T/picpac-snapshots-raj9ar88/build/Build/Intermediates.noindex/GeneratedModuleMaps-iphonesimulator/PicPacAI-Swift.h

Copy /var/folders/fh/vt8wk6pn5dgd_tv982c123440000gp/T/picpac-snapshots-raj9ar88/build/Build/Products/Debug-iphonesimulator/PicPacAI.swiftmodule/arm64-apple-ios-simulator.swiftmodule /var/folders/fh/vt8wk6pn5dgd_tv982c123440000gp/T/picpac-snapshots-raj9ar88/build/Build/Intermediates.noindex/PicPacKit.build/Debug-iphonesimulator/PicPacAI.build/Objects-normal/arm64/PicPacAI.swiftmodule (in target 'PicPacAI' from project 'PicPacKit')
    cd /tmp/picpac-ios-privacy-link-20260926/ios/Packages/PicPacKit
    builtin-copy -exclude .DS_Store -exclude CVS -exclude .svn -exclude .git -exclude .hg -resolve-src-symlinks -rename /var/folders/fh/vt8wk6pn5dgd_tv982c123440000gp/T/picpac-snapshots-raj9ar88/build/Build/Intermediates.noindex/PicPacKit.build/Debug-iphonesimulator/PicPacAI.build/Objects-normal/arm64/PicPacAI.swiftmodule /var/folders/fh/vt8wk6pn5dgd_tv982c123440000gp/T/picpac-snapshots-raj9ar88/build/Build/Products/Debug-iphonesimulator/PicPacAI.swiftmodule/arm64-apple-ios-simulator.swiftmodule

Copy /var/folders/fh/vt8wk6pn5dgd_tv982c123440000gp/T/picpac-snapshots-raj9ar88/build/Build/Products/Debug-iphonesimulator/PicPacAI.swiftmodule/arm64-apple-ios-simulator.swiftdoc /var/folders/fh/vt8wk6pn5dgd_tv982c123440000gp/T/picpac-snapshots-raj9ar88/build/Build/Intermediates.noindex/PicPacKit.build/Debug-iphonesimulator/PicPacAI.build/Objects-normal/arm64/PicPacAI.swiftdoc (in target 'PicPacAI' from project 'PicPacKit')
    cd /tmp/picpac-ios-privacy-link-20260926/ios/Packages/PicPacKit
    builtin-copy -exclude .DS_Store -exclude CVS -exclude .svn -exclude .git -exclude .hg -resolve-src-symlinks -rename /var/folders/fh/vt8wk6pn5dgd_tv982c123440000gp/T/picpac-snapshots-raj9ar88/build/Build/Intermediates.noindex/PicPacKit.build/Debug-iphonesimulator/PicPacAI.build/Objects-normal/arm64/PicPacAI.swiftdoc /var/folders/fh/vt8wk6pn5dgd_tv982c123440000gp/T/picpac-snapshots-raj9ar88/build/Build/Products/Debug-iphonesimulator/PicPacAI.swiftmodule/arm64-apple-ios-simulator.swiftdoc

Copy /var/folders/fh/vt8wk6pn5dgd_tv982c123440000gp/T/picpac-snapshots-raj9ar88/build/Build/Products/Debug-iphonesimulator/PicPacAI.swiftmodule/arm64-apple-ios-simulator.abi.json /var/folders/fh/vt8wk6pn5dgd_tv982c123440000gp/T/picpac-snapshots-raj9ar88/build/Build/Intermediates.noindex/PicPacKit.build/Debug-iphonesimulator/PicPacAI.build/Objects-normal/arm64/PicPacAI.abi.json (in target 'PicPacAI' from project 'PicPacKit')
    cd /tmp/picpac-ios-privacy-link-20260926/ios/Packages/PicPacKit
    builtin-copy -exclude .DS_Store -exclude CVS -exclude .svn -exclude .git -exclude .hg -resolve-src-symlinks -rename /var/folders/fh/vt8wk6pn5dgd_tv982c123440000gp/T/picpac-snapshots-raj9ar88/build/Build/Intermediates.noindex/PicPacKit.build/Debug-iphonesimulator/PicPacAI.build/Objects-normal/arm64/PicPacAI.abi.json /var/folders/fh/vt8wk6pn5dgd_tv982c123440000gp/T/picpac-snapshots-raj9ar88/build/Build/Products/Debug-iphonesimulator/PicPacAI.swiftmodule/arm64-apple-ios-simulator.abi.json

Copy /var/folders/fh/vt8wk6pn5dgd_tv982c123440000gp/T/picpac-snapshots-raj9ar88/build/Build/Products/Debug-iphonesimulator/PicPacAI.swiftmodule/Project/arm64-apple-ios-simulator.swiftsourceinfo /var/folders/fh/vt8wk6pn5dgd_tv982c123440000gp/T/picpac-snapshots-raj9ar88/build/Build/Intermediates.noindex/PicPacKit.build/Debug-iphonesimulator/PicPacAI.build/Objects-normal/arm64/PicPacAI.swiftsourceinfo (in target 'PicPacAI' from project 'PicPacKit')
    cd /tmp/picpac-ios-privacy-link-20260926/ios/Packages/PicPacKit
    builtin-copy -exclude .DS_Store -exclude CVS -exclude .svn -exclude .git -exclude .hg -resolve-src-symlinks -rename /var/folders/fh/vt8wk6pn5dgd_tv982c123440000gp/T/picpac-snapshots-raj9ar88/build/Build/Intermediates.noindex/PicPacKit.build/Debug-iphonesimulator/PicPacAI.build/Objects-normal/arm64/PicPacAI.swiftsourceinfo /var/folders/fh/vt8wk6pn5dgd_tv982c123440000gp/T/picpac-snapshots-raj9ar88/build/Build/Products/Debug-iphonesimulator/PicPacAI.swiftmodule/Project/arm64-apple-ios-simulator.swiftsourceinfo

SwiftCompile normal arm64 Compiling\ resource_bundle_accessor.swift /var/folders/fh/vt8wk6pn5dgd_tv982c123440000gp/T/picpac-snapshots-raj9ar88/build/Build/Intermediates.noindex/PicPacKit.build/Debug-iphonesimulator/PicPacAI.build/DerivedSources/resource_bundle_accessor.swift (in target 'PicPacAI' from project 'PicPacKit')

SwiftCompile normal arm64 /var/folders/fh/vt8wk6pn5dgd_tv982c123440000gp/T/picpac-snapshots-raj9ar88/build/Build/Intermediates.noindex/PicPacKit.build/Debug-iphonesimulator/PicPacAI.build/DerivedSources/resource_bundle_accessor.swift (in target 'PicPacAI' from project 'PicPacKit')
    cd /tmp/picpac-ios-privacy-link-20260926/ios/PicPacPoe.xcodeproj
    

SwiftCompile normal arm64 Compiling\ PositionEvaluator.swift /tmp/picpac-ios-privacy-link-20260926/ios/Packages/PicPacKit/Sources/PicPacAI/PositionEvaluator.swift (in target 'PicPacAI' from project 'PicPacKit')

SwiftCompile normal arm64 /tmp/picpac-ios-privacy-link-20260926/ios/Packages/PicPacKit/Sources/PicPacAI/PositionEvaluator.swift (in target 'PicPacAI' from project 'PicPacKit')
    cd /tmp/picpac-ios-privacy-link-20260926/ios/PicPacPoe.xcodeproj
    

SwiftDriverJobDiscovery normal x86_64 Compiling PresentationModels.swift (in target 'PicPacPresentation' from project 'PicPacKit')

SwiftCompile normal arm64 Compiling\ TabularPolicy.swift /tmp/picpac-ios-privacy-link-20260926/ios/Packages/PicPacKit/Sources/PicPacAI/TabularPolicy.swift (in target 'PicPacAI' from project 'PicPacKit')

SwiftCompile normal arm64 /tmp/picpac-ios-privacy-link-20260926/ios/Packages/PicPacKit/Sources/PicPacAI/TabularPolicy.swift (in target 'PicPacAI' from project 'PicPacKit')
    cd /tmp/picpac-ios-privacy-link-20260926/ios/PicPacPoe.xcodeproj
    

SwiftDriverJobDiscovery normal arm64 Compiling State.swift (in target 'PicPacCore' from project 'PicPacKit')

SwiftDriver\ Compilation PicPacCore normal arm64 com.apple.xcode.tools.swift.compiler (in target 'PicPacCore' from project 'PicPacKit')
    cd /tmp/picpac-ios-privacy-link-20260926/ios/PicPacPoe.xcodeproj
    builtin-Swift-Compilation -- /Applications/Xcode.app/Contents/Developer/Toolchains/XcodeDefault.xctoolchain/usr/bin/swiftc -module-name PicPacCore -Onone @/var/folders/fh/vt8wk6pn5dgd_tv982c123440000gp/T/picpac-snapshots-raj9ar88/build/Build/Intermediates.noindex/PicPacKit.build/Debug-iphonesimulator/PicPacCore.build/Objects-normal/arm64/PicPacCore.SwiftFileList -DSWIFT_PACKAGE -DDEBUG -DSWIFT_MODULE_RESOURCE_BUNDLE_UNAVAILABLE -DXcode -plugin-path /Applications/Xcode.app/Contents/Developer/Toolchains/XcodeDefault.xctoolchain/usr/lib/swift/host/plugins/testing -enable-experimental-feature DebugDescriptionMacro -sdk /Applications/Xcode.app/Contents/Developer/Platforms/iPhoneSimulator.platform/Developer/SDKs/iPhoneSimulator26.5.sdk -target arm64-apple-ios17.0-simulator -g -module-cache-path /var/folders/fh/vt8wk6pn5dgd_tv982c123440000gp/T/picpac-snapshots-raj9ar88/build/ModuleCache.noindex -Xfrontend -serialize-debugging-options -profile-coverage-mapping -profile-generate -enable-testing -suppress-warnings -index-store-path /var/folders/fh/vt8wk6pn5dgd_tv982c123440000gp/T/picpac-snapshots-raj9ar88/build/Index.noindex/DataStore -Xcc -D_LIBCPP_HARDENING_MODE\=_LIBCPP_HARDENING_MODE_DEBUG -swift-version 6 -I /var/folders/fh/vt8wk6pn5dgd_tv982c123440000gp/T/picpac-snapshots-raj9ar88/build/Build/Products/Debug-iphonesimulator -Isystem /Applications/Xcode.app/Contents/Developer/Platforms/iPhoneSimulator.platform/Developer/usr/lib -F /var/folders/fh/vt8wk6pn5dgd_tv982c123440000gp/T/picpac-snapshots-raj9ar88/build/Build/Products/Debug-iphonesimulator -F /Applications/Xcode.app/Contents/Developer/Platforms/iPhoneSimulator.platform/Developer/Library/Frameworks -F /Applications/Xcode.app/Contents/Developer/Platforms/iPhoneSimulator.platform/Developer/SDKs/iPhoneSimulator26.5.sdk/Developer/Library/Frameworks -c -j12 -enable-batch-mode -incremental -Xcc -ivfsstatcache -Xcc /var/folders/fh/vt8wk6pn5dgd_tv982c123440000gp/T/picpac-snapshots-raj9ar88/build/SDKStatCaches.noindex/iphonesimulator26.5-23F81a-6cfe768891a92b912361537c460fe42b.sdkstatcache -output-file-map /var/folders/fh/vt8wk6pn5dgd_tv982c123440000gp/T/picpac-snapshots-raj9ar88/build/Build/Intermediates.noindex/PicPacKit.build/Debug-iphonesimulator/PicPacCore.build/Objects-normal/arm64/PicPacCore-OutputFileMap.json -use-frontend-parseable-output -save-temps -no-color-diagnostics -explicit-module-build -module-cache-path /var/folders/fh/vt8wk6pn5dgd_tv982c123440000gp/T/picpac-snapshots-raj9ar88/build/Build/Intermediates.noindex/SwiftExplicitPrecompiledModules -clang-scanner-module-cache-path /var/folders/fh/vt8wk6pn5dgd_tv982c123440000gp/T/picpac-snapshots-raj9ar88/build/ModuleCache.noindex -sdk-module-cache-path /var/folders/fh/vt8wk6pn5dgd_tv982c123440000gp/T/picpac-snapshots-raj9ar88/build/ModuleCache.noindex -serialize-diagnostics -emit-dependencies -emit-module -emit-module-path /var/folders/fh/vt8wk6pn5dgd_tv982c123440000gp/T/picpac-snapshots-raj9ar88/build/Build/Intermediates.noindex/PicPacKit.build/Debug-iphonesimulator/PicPacCore.build/Objects-normal/arm64/PicPacCore.swiftmodule -validate-clang-modules-once -clang-build-session-file /var/folders/fh/vt8wk6pn5dgd_tv982c123440000gp/T/picpac-snapshots-raj9ar88/build/ModuleCache.noindex/Session.modulevalidation -package-name picpackit -Xcc -I/var/folders/fh/vt8wk6pn5dgd_tv982c123440000gp/T/picpac-snapshots-raj9ar88/build/Build/Intermediates.noindex/PicPacKit.build/Debug-iphonesimulator/PicPacCore.build/swift-overrides.hmap -emit-const-values -Xfrontend -const-gather-protocols-file -Xfrontend /var/folders/fh/vt8wk6pn5dgd_tv982c123440000gp/T/picpac-snapshots-raj9ar88/build/Build/Intermediates.noindex/PicPacKit.build/Debug-iphonesimulator/PicPacCore.build/Objects-normal/arm64/PicPacCore_const_extract_protocols.json -Xcc -I/var/folders/fh/vt8wk6pn5dgd_tv982c123440000gp/T/picpac-snapshots-raj9ar88/build/Build/Products/Debug-iphonesimulator/include -Xcc -I/var/folders/fh/vt8wk6pn5dgd_tv982c123440000gp/T/picpac-snapshots-raj9ar88/build/Build/Intermediates.noindex/PicPacKit.build/Debug-iphonesimulator/PicPacCore.build/DerivedSources-normal/arm64 -Xcc -I/var/folders/fh/vt8wk6pn5dgd_tv982c123440000gp/T/picpac-snapshots-raj9ar88/build/Build/Intermediates.noindex/PicPacKit.build/Debug-iphonesimulator/PicPacCore.build/DerivedSources/arm64 -Xcc -I/var/folders/fh/vt8wk6pn5dgd_tv982c123440000gp/T/picpac-snapshots-raj9ar88/build/Build/Intermediates.noindex/PicPacKit.build/Debug-iphonesimulator/PicPacCore.build/DerivedSources -Xcc -DSWIFT_PACKAGE -Xcc -DDEBUG\=1 -emit-objc-header -emit-objc-header-path /var/folders/fh/vt8wk6pn5dgd_tv982c123440000gp/T/picpac-snapshots-raj9ar88/build/Build/Intermediates.noindex/PicPacKit.build/Debug-iphonesimulator/PicPacCore.build/Objects-normal/arm64/PicPacCore-Swift.h -working-directory /tmp/picpac-ios-privacy-link-20260926/ios/PicPacPoe.xcodeproj -experimental-emit-module-separately -disable-cmo

SwiftDriverJobDiscovery normal arm64 Compiling RestorationValidation.swift (in target 'PicPacPresentation' from project 'PicPacKit')

SwiftCompile normal x86_64 Compiling\ SearchModel.swift /tmp/picpac-ios-privacy-link-20260926/ios/Packages/PicPacKit/Sources/PicPacAI/SearchModel.swift (in target 'PicPacAI' from project 'PicPacKit')

SwiftCompile normal x86_64 /tmp/picpac-ios-privacy-link-20260926/ios/Packages/PicPacKit/Sources/PicPacAI/SearchModel.swift (in target 'PicPacAI' from project 'PicPacKit')
    cd /tmp/picpac-ios-privacy-link-20260926/ios/PicPacPoe.xcodeproj
    

Ld /var/folders/fh/vt8wk6pn5dgd_tv982c123440000gp/T/picpac-snapshots-raj9ar88/build/Build/Intermediates.noindex/PicPacKit.build/Debug-iphonesimulator/PicPacCore.build/Objects-normal/arm64/Binary/PicPacCore.o normal arm64 (in target 'PicPacCore' from project 'PicPacKit')
    cd /tmp/picpac-ios-privacy-link-20260926/ios/Packages/PicPacKit
    /Applications/Xcode.app/Contents/Developer/Toolchains/XcodeDefault.xctoolchain/usr/bin/clang -Xlinker -reproducible -target arm64-apple-ios17.0-simulator -r -isysroot /Applications/Xcode.app/Contents/Developer/Platforms/iPhoneSimulator.platform/Developer/SDKs/iPhoneSimulator26.5.sdk -O0 -w -F/var/folders/fh/vt8wk6pn5dgd_tv982c123440000gp/T/picpac-snapshots-raj9ar88/build/Build/Intermediates.noindex/EagerLinkingTBDs/Debug-iphonesimulator -F/var/folders/fh/vt8wk6pn5dgd_tv982c123440000gp/T/picpac-snapshots-raj9ar88/build/Build/Products/Debug-iphonesimulator -iframework /Applications/Xcode.app/Contents/Developer/Platforms/iPhoneSimulator.platform/Developer/Library/Frameworks -iframework /Applications/Xcode.app/Contents/Developer/Platforms/iPhoneSimulator.platform/Developer/SDKs/iPhoneSimulator26.5.sdk/Developer/Library/Frameworks -filelist /var/folders/fh/vt8wk6pn5dgd_tv982c123440000gp/T/picpac-snapshots-raj9ar88/build/Build/Intermediates.noindex/PicPacKit.build/Debug-iphonesimulator/PicPacCore.build/Objects-normal/arm64/PicPacCore.LinkFileList -nostdlib -Xlinker -object_path_lto -Xlinker /var/folders/fh/vt8wk6pn5dgd_tv982c123440000gp/T/picpac-snapshots-raj9ar88/build/Build/Intermediates.noindex/PicPacKit.build/Debug-iphonesimulator/PicPacCore.build/Objects-normal/arm64/PicPacCore_lto.o -Xlinker -no_deduplicate -Xlinker -objc_abi_version -Xlinker 2 -Xlinker -debug_variant -Xlinker -dependency_info -Xlinker /var/folders/fh/vt8wk6pn5dgd_tv982c123440000gp/T/picpac-snapshots-raj9ar88/build/Build/Intermediates.noindex/PicPacKit.build/Debug-iphonesimulator/PicPacCore.build/Objects-normal/arm64/PicPacCore_dependency_info.dat -fobjc-link-runtime -L/Applications/Xcode.app/Contents/Developer/Toolchains/XcodeDefault.xctoolchain/usr/lib/swift/iphonesimulator -L/usr/lib/swift -Xlinker -add_ast_path -Xlinker /var/folders/fh/vt8wk6pn5dgd_tv982c123440000gp/T/picpac-snapshots-raj9ar88/build/Build/Intermediates.noindex/PicPacKit.build/Debug-iphonesimulator/PicPacCore.build/Objects-normal/arm64/PicPacCore.swiftmodule @/var/folders/fh/vt8wk6pn5dgd_tv982c123440000gp/T/picpac-snapshots-raj9ar88/build/Build/Intermediates.noindex/PicPacKit.build/Debug-iphonesimulator/PicPacCore.build/Objects-normal/arm64/PicPacCore-linker-args.resp -o /var/folders/fh/vt8wk6pn5dgd_tv982c123440000gp/T/picpac-snapshots-raj9ar88/build/Build/Intermediates.noindex/PicPacKit.build/Debug-iphonesimulator/PicPacCore.build/Objects-normal/arm64/Binary/PicPacCore.o

SwiftDriverJobDiscovery normal arm64 Compiling resource_bundle_accessor.swift (in target 'PicPacAI' from project 'PicPacKit')

SwiftDriverJobDiscovery normal x86_64 Compiling State.swift (in target 'PicPacCore' from project 'PicPacKit')

SwiftCompile normal x86_64 Compiling\ StochasticMCTSAgent.swift /tmp/picpac-ios-privacy-link-20260926/ios/Packages/PicPacKit/Sources/PicPacAI/StochasticMCTSAgent.swift (in target 'PicPacAI' from project 'PicPacKit')

SwiftCompile normal x86_64 /tmp/picpac-ios-privacy-link-20260926/ios/Packages/PicPacKit/Sources/PicPacAI/StochasticMCTSAgent.swift (in target 'PicPacAI' from project 'PicPacKit')
    cd /tmp/picpac-ios-privacy-link-20260926/ios/PicPacPoe.xcodeproj
    

SwiftCompile normal arm64 Compiling\ RandomSources.swift /tmp/picpac-ios-privacy-link-20260926/ios/Packages/PicPacKit/Sources/PicPacAI/RandomSources.swift (in target 'PicPacAI' from project 'PicPacKit')

SwiftCompile normal arm64 /tmp/picpac-ios-privacy-link-20260926/ios/Packages/PicPacKit/Sources/PicPacAI/RandomSources.swift (in target 'PicPacAI' from project 'PicPacKit')
    cd /tmp/picpac-ios-privacy-link-20260926/ios/PicPacPoe.xcodeproj
    

SwiftDriverJobDiscovery normal arm64 Compiling FastAgents.swift (in target 'PicPacAI' from project 'PicPacKit')

SwiftDriver\ Compilation PicPacCore normal x86_64 com.apple.xcode.tools.swift.compiler (in target 'PicPacCore' from project 'PicPacKit')
    cd /tmp/picpac-ios-privacy-link-20260926/ios/PicPacPoe.xcodeproj
    builtin-Swift-Compilation -- /Applications/Xcode.app/Contents/Developer/Toolchains/XcodeDefault.xctoolchain/usr/bin/swiftc -module-name PicPacCore -Onone @/var/folders/fh/vt8wk6pn5dgd_tv982c123440000gp/T/picpac-snapshots-raj9ar88/build/Build/Intermediates.noindex/PicPacKit.build/Debug-iphonesimulator/PicPacCore.build/Objects-normal/x86_64/PicPacCore.SwiftFileList -DSWIFT_PACKAGE -DDEBUG -DSWIFT_MODULE_RESOURCE_BUNDLE_UNAVAILABLE -DXcode -plugin-path /Applications/Xcode.app/Contents/Developer/Toolchains/XcodeDefault.xctoolchain/usr/lib/swift/host/plugins/testing -enable-experimental-feature DebugDescriptionMacro -sdk /Applications/Xcode.app/Contents/Developer/Platforms/iPhoneSimulator.platform/Developer/SDKs/iPhoneSimulator26.5.sdk -target x86_64-apple-ios17.0-simulator -g -module-cache-path /var/folders/fh/vt8wk6pn5dgd_tv982c123440000gp/T/picpac-snapshots-raj9ar88/build/ModuleCache.noindex -Xfrontend -serialize-debugging-options -profile-coverage-mapping -profile-generate -enable-testing -suppress-warnings -index-store-path /var/folders/fh/vt8wk6pn5dgd_tv982c123440000gp/T/picpac-snapshots-raj9ar88/build/Index.noindex/DataStore -Xcc -D_LIBCPP_HARDENING_MODE\=_LIBCPP_HARDENING_MODE_DEBUG -swift-version 6 -I /var/folders/fh/vt8wk6pn5dgd_tv982c123440000gp/T/picpac-snapshots-raj9ar88/build/Build/Products/Debug-iphonesimulator -Isystem /Applications/Xcode.app/Contents/Developer/Platforms/iPhoneSimulator.platform/Developer/usr/lib -F /var/folders/fh/vt8wk6pn5dgd_tv982c123440000gp/T/picpac-snapshots-raj9ar88/build/Build/Products/Debug-iphonesimulator -F /Applications/Xcode.app/Contents/Developer/Platforms/iPhoneSimulator.platform/Developer/Library/Frameworks -F /Applications/Xcode.app/Contents/Developer/Platforms/iPhoneSimulator.platform/Developer/SDKs/iPhoneSimulator26.5.sdk/Developer/Library/Frameworks -c -j12 -enable-batch-mode -incremental -Xcc -ivfsstatcache -Xcc /var/folders/fh/vt8wk6pn5dgd_tv982c123440000gp/T/picpac-snapshots-raj9ar88/build/SDKStatCaches.noindex/iphonesimulator26.5-23F81a-6cfe768891a92b912361537c460fe42b.sdkstatcache -output-file-map /var/folders/fh/vt8wk6pn5dgd_tv982c123440000gp/T/picpac-snapshots-raj9ar88/build/Build/Intermediates.noindex/PicPacKit.build/Debug-iphonesimulator/PicPacCore.build/Objects-normal/x86_64/PicPacCore-OutputFileMap.json -use-frontend-parseable-output -save-temps -no-color-diagnostics -explicit-module-build -module-cache-path /var/folders/fh/vt8wk6pn5dgd_tv982c123440000gp/T/picpac-snapshots-raj9ar88/build/Build/Intermediates.noindex/SwiftExplicitPrecompiledModules -clang-scanner-module-cache-path /var/folders/fh/vt8wk6pn5dgd_tv982c123440000gp/T/picpac-snapshots-raj9ar88/build/ModuleCache.noindex -sdk-module-cache-path /var/folders/fh/vt8wk6pn5dgd_tv982c123440000gp/T/picpac-snapshots-raj9ar88/build/ModuleCache.noindex -serialize-diagnostics -emit-dependencies -emit-module -emit-module-path /var/folders/fh/vt8wk6pn5dgd_tv982c123440000gp/T/picpac-snapshots-raj9ar88/build/Build/Intermediates.noindex/PicPacKit.build/Debug-iphonesimulator/PicPacCore.build/Objects-normal/x86_64/PicPacCore.swiftmodule -validate-clang-modules-once -clang-build-session-file /var/folders/fh/vt8wk6pn5dgd_tv982c123440000gp/T/picpac-snapshots-raj9ar88/build/ModuleCache.noindex/Session.modulevalidation -package-name picpackit -Xcc -I/var/folders/fh/vt8wk6pn5dgd_tv982c123440000gp/T/picpac-snapshots-raj9ar88/build/Build/Intermediates.noindex/PicPacKit.build/Debug-iphonesimulator/PicPacCore.build/swift-overrides.hmap -emit-const-values -Xfrontend -const-gather-protocols-file -Xfrontend /var/folders/fh/vt8wk6pn5dgd_tv982c123440000gp/T/picpac-snapshots-raj9ar88/build/Build/Intermediates.noindex/PicPacKit.build/Debug-iphonesimulator/PicPacCore.build/Objects-normal/x86_64/PicPacCore_const_extract_protocols.json -Xcc -I/var/folders/fh/vt8wk6pn5dgd_tv982c123440000gp/T/picpac-snapshots-raj9ar88/build/Build/Products/Debug-iphonesimulator/include -Xcc -I/var/folders/fh/vt8wk6pn5dgd_tv982c123440000gp/T/picpac-snapshots-raj9ar88/build/Build/Intermediates.noindex/PicPacKit.build/Debug-iphonesimulator/PicPacCore.build/DerivedSources-normal/x86_64 -Xcc -I/var/folders/fh/vt8wk6pn5dgd_tv982c123440000gp/T/picpac-snapshots-raj9ar88/build/Build/Intermediates.noindex/PicPacKit.build/Debug-iphonesimulator/PicPacCore.build/DerivedSources/x86_64 -Xcc -I/var/folders/fh/vt8wk6pn5dgd_tv982c123440000gp/T/picpac-snapshots-raj9ar88/build/Build/Intermediates.noindex/PicPacKit.build/Debug-iphonesimulator/PicPacCore.build/DerivedSources -Xcc -DSWIFT_PACKAGE -Xcc -DDEBUG\=1 -emit-objc-header -emit-objc-header-path /var/folders/fh/vt8wk6pn5dgd_tv982c123440000gp/T/picpac-snapshots-raj9ar88/build/Build/Intermediates.noindex/PicPacKit.build/Debug-iphonesimulator/PicPacCore.build/Objects-normal/x86_64/PicPacCore-Swift.h -working-directory /tmp/picpac-ios-privacy-link-20260926/ios/PicPacPoe.xcodeproj -experimental-emit-module-separately -disable-cmo

SwiftDriverJobDiscovery normal arm64 Compiling PositionEvaluator.swift (in target 'PicPacAI' from project 'PicPacKit')

SwiftCompile normal arm64 Compiling\ ReferenceExpectiminimax.swift /tmp/picpac-ios-privacy-link-20260926/ios/Packages/PicPacKit/Sources/PicPacAI/ReferenceExpectiminimax.swift (in target 'PicPacAI' from project 'PicPacKit')

SwiftCompile normal arm64 /tmp/picpac-ios-privacy-link-20260926/ios/Packages/PicPacKit/Sources/PicPacAI/ReferenceExpectiminimax.swift (in target 'PicPacAI' from project 'PicPacKit')
    cd /tmp/picpac-ios-privacy-link-20260926/ios/PicPacPoe.xcodeproj
    

Ld /var/folders/fh/vt8wk6pn5dgd_tv982c123440000gp/T/picpac-snapshots-raj9ar88/build/Build/Intermediates.noindex/PicPacKit.build/Debug-iphonesimulator/PicPacCore.build/Objects-normal/x86_64/Binary/PicPacCore.o normal x86_64 (in target 'PicPacCore' from project 'PicPacKit')
    cd /tmp/picpac-ios-privacy-link-20260926/ios/Packages/PicPacKit
    /Applications/Xcode.app/Contents/Developer/Toolchains/XcodeDefault.xctoolchain/usr/bin/clang -Xlinker -reproducible -target x86_64-apple-ios17.0-simulator -r -isysroot /Applications/Xcode.app/Contents/Developer/Platforms/iPhoneSimulator.platform/Developer/SDKs/iPhoneSimulator26.5.sdk -O0 -w -F/var/folders/fh/vt8wk6pn5dgd_tv982c123440000gp/T/picpac-snapshots-raj9ar88/build/Build/Intermediates.noindex/EagerLinkingTBDs/Debug-iphonesimulator -F/var/folders/fh/vt8wk6pn5dgd_tv982c123440000gp/T/picpac-snapshots-raj9ar88/build/Build/Products/Debug-iphonesimulator -iframework /Applications/Xcode.app/Contents/Developer/Platforms/iPhoneSimulator.platform/Developer/Library/Frameworks -iframework /Applications/Xcode.app/Contents/Developer/Platforms/iPhoneSimulator.platform/Developer/SDKs/iPhoneSimulator26.5.sdk/Developer/Library/Frameworks -filelist /var/folders/fh/vt8wk6pn5dgd_tv982c123440000gp/T/picpac-snapshots-raj9ar88/build/Build/Intermediates.noindex/PicPacKit.build/Debug-iphonesimulator/PicPacCore.build/Objects-normal/x86_64/PicPacCore.LinkFileList -nostdlib -Xlinker -object_path_lto -Xlinker /var/folders/fh/vt8wk6pn5dgd_tv982c123440000gp/T/picpac-snapshots-raj9ar88/build/Build/Intermediates.noindex/PicPacKit.build/Debug-iphonesimulator/PicPacCore.build/Objects-normal/x86_64/PicPacCore_lto.o -Xlinker -no_deduplicate -Xlinker -objc_abi_version -Xlinker 2 -Xlinker -debug_variant -Xlinker -dependency_info -Xlinker /var/folders/fh/vt8wk6pn5dgd_tv982c123440000gp/T/picpac-snapshots-raj9ar88/build/Build/Intermediates.noindex/PicPacKit.build/Debug-iphonesimulator/PicPacCore.build/Objects-normal/x86_64/PicPacCore_dependency_info.dat -fobjc-link-runtime -L/Applications/Xcode.app/Contents/Developer/Toolchains/XcodeDefault.xctoolchain/usr/lib/swift/iphonesimulator -L/usr/lib/swift -Xlinker -add_ast_path -Xlinker /var/folders/fh/vt8wk6pn5dgd_tv982c123440000gp/T/picpac-snapshots-raj9ar88/build/Build/Intermediates.noindex/PicPacKit.build/Debug-iphonesimulator/PicPacCore.build/Objects-normal/x86_64/PicPacCore.swiftmodule @/var/folders/fh/vt8wk6pn5dgd_tv982c123440000gp/T/picpac-snapshots-raj9ar88/build/Build/Intermediates.noindex/PicPacKit.build/Debug-iphonesimulator/PicPacCore.build/Objects-normal/x86_64/PicPacCore-linker-args.resp -o /var/folders/fh/vt8wk6pn5dgd_tv982c123440000gp/T/picpac-snapshots-raj9ar88/build/Build/Intermediates.noindex/PicPacKit.build/Debug-iphonesimulator/PicPacCore.build/Objects-normal/x86_64/Binary/PicPacCore.o

SwiftCompile normal x86_64 Compiling\ ReferenceExpectiminimax.swift /tmp/picpac-ios-privacy-link-20260926/ios/Packages/PicPacKit/Sources/PicPacAI/ReferenceExpectiminimax.swift (in target 'PicPacAI' from project 'PicPacKit')

SwiftCompile normal x86_64 /tmp/picpac-ios-privacy-link-20260926/ios/Packages/PicPacKit/Sources/PicPacAI/ReferenceExpectiminimax.swift (in target 'PicPacAI' from project 'PicPacKit')
    cd /tmp/picpac-ios-privacy-link-20260926/ios/PicPacPoe.xcodeproj
    

CreateUniversalBinary /var/folders/fh/vt8wk6pn5dgd_tv982c123440000gp/T/picpac-snapshots-raj9ar88/build/Build/Products/Debug-iphonesimulator/PicPacCore.o normal arm64\ x86_64 (in target 'PicPacCore' from project 'PicPacKit')
    cd /tmp/picpac-ios-privacy-link-20260926/ios/Packages/PicPacKit
    /Applications/Xcode.app/Contents/Developer/Toolchains/XcodeDefault.xctoolchain/usr/bin/lipo -create /var/folders/fh/vt8wk6pn5dgd_tv982c123440000gp/T/picpac-snapshots-raj9ar88/build/Build/Intermediates.noindex/PicPacKit.build/Debug-iphonesimulator/PicPacCore.build/Objects-normal/arm64/Binary/PicPacCore.o /var/folders/fh/vt8wk6pn5dgd_tv982c123440000gp/T/picpac-snapshots-raj9ar88/build/Build/Intermediates.noindex/PicPacKit.build/Debug-iphonesimulator/PicPacCore.build/Objects-normal/x86_64/Binary/PicPacCore.o -output /var/folders/fh/vt8wk6pn5dgd_tv982c123440000gp/T/picpac-snapshots-raj9ar88/build/Build/Products/Debug-iphonesimulator/PicPacCore.o

SwiftDriverJobDiscovery normal arm64 Compiling PresentationDependencies.swift (in target 'PicPacPresentation' from project 'PicPacKit')

SwiftCompile normal x86_64 Compiling\ AIContracts.swift /tmp/picpac-ios-privacy-link-20260926/ios/Packages/PicPacKit/Sources/PicPacAI/AIContracts.swift (in target 'PicPacAI' from project 'PicPacKit')

SwiftCompile normal x86_64 /tmp/picpac-ios-privacy-link-20260926/ios/Packages/PicPacKit/Sources/PicPacAI/AIContracts.swift (in target 'PicPacAI' from project 'PicPacKit')
    cd /tmp/picpac-ios-privacy-link-20260926/ios/PicPacPoe.xcodeproj
    

SwiftDriverJobDiscovery normal x86_64 Compiling RestorationValidation.swift (in target 'PicPacPresentation' from project 'PicPacKit')

SwiftCompile normal arm64 Compiling\ AIContracts.swift /tmp/picpac-ios-privacy-link-20260926/ios/Packages/PicPacKit/Sources/PicPacAI/AIContracts.swift (in target 'PicPacAI' from project 'PicPacKit')

SwiftCompile normal arm64 /tmp/picpac-ios-privacy-link-20260926/ios/Packages/PicPacKit/Sources/PicPacAI/AIContracts.swift (in target 'PicPacAI' from project 'PicPacKit')
    cd /tmp/picpac-ios-privacy-link-20260926/ios/PicPacPoe.xcodeproj
    

SwiftDriverJobDiscovery normal arm64 Compiling PresentationModels.swift (in target 'PicPacPresentation' from project 'PicPacKit')

SwiftCompile normal x86_64 Compiling\ PositionEvaluator.swift /tmp/picpac-ios-privacy-link-20260926/ios/Packages/PicPacKit/Sources/PicPacAI/PositionEvaluator.swift (in target 'PicPacAI' from project 'PicPacKit')

SwiftCompile normal x86_64 /tmp/picpac-ios-privacy-link-20260926/ios/Packages/PicPacKit/Sources/PicPacAI/PositionEvaluator.swift (in target 'PicPacAI' from project 'PicPacKit')
    cd /tmp/picpac-ios-privacy-link-20260926/ios/PicPacPoe.xcodeproj
    

SwiftCompile normal arm64 Compiling\ SearchModel.swift /tmp/picpac-ios-privacy-link-20260926/ios/Packages/PicPacKit/Sources/PicPacAI/SearchModel.swift (in target 'PicPacAI' from project 'PicPacKit')

SwiftCompile normal arm64 /tmp/picpac-ios-privacy-link-20260926/ios/Packages/PicPacKit/Sources/PicPacAI/SearchModel.swift (in target 'PicPacAI' from project 'PicPacKit')
    cd /tmp/picpac-ios-privacy-link-20260926/ios/PicPacPoe.xcodeproj
    

SwiftDriverJobDiscovery normal x86_64 Compiling SearchModel.swift (in target 'PicPacAI' from project 'PicPacKit')

SwiftCompile normal x86_64 Compiling\ ExpectiminimaxAgent.swift /tmp/picpac-ios-privacy-link-20260926/ios/Packages/PicPacKit/Sources/PicPacAI/ExpectiminimaxAgent.swift (in target 'PicPacAI' from project 'PicPacKit')

SwiftCompile normal x86_64 /tmp/picpac-ios-privacy-link-20260926/ios/Packages/PicPacKit/Sources/PicPacAI/ExpectiminimaxAgent.swift (in target 'PicPacAI' from project 'PicPacKit')
    cd /tmp/picpac-ios-privacy-link-20260926/ios/PicPacPoe.xcodeproj
    

SwiftDriverJobDiscovery normal arm64 Compiling RandomSources.swift (in target 'PicPacAI' from project 'PicPacKit')

SwiftCompile normal arm64 Compiling\ ExpectiminimaxAgent.swift /tmp/picpac-ios-privacy-link-20260926/ios/Packages/PicPacKit/Sources/PicPacAI/ExpectiminimaxAgent.swift (in target 'PicPacAI' from project 'PicPacKit')

SwiftCompile normal arm64 /tmp/picpac-ios-privacy-link-20260926/ios/Packages/PicPacKit/Sources/PicPacAI/ExpectiminimaxAgent.swift (in target 'PicPacAI' from project 'PicPacKit')
    cd /tmp/picpac-ios-privacy-link-20260926/ios/PicPacPoe.xcodeproj
    

SwiftDriverJobDiscovery normal arm64 Compiling ReferenceExpectiminimax.swift (in target 'PicPacAI' from project 'PicPacKit')

SwiftCompile normal x86_64 Compiling\ RandomSources.swift /tmp/picpac-ios-privacy-link-20260926/ios/Packages/PicPacKit/Sources/PicPacAI/RandomSources.swift (in target 'PicPacAI' from project 'PicPacKit')

SwiftCompile normal x86_64 /tmp/picpac-ios-privacy-link-20260926/ios/Packages/PicPacKit/Sources/PicPacAI/RandomSources.swift (in target 'PicPacAI' from project 'PicPacKit')
    cd /tmp/picpac-ios-privacy-link-20260926/ios/PicPacPoe.xcodeproj
    

SwiftDriverJobDiscovery normal x86_64 Compiling ReferenceExpectiminimax.swift (in target 'PicPacAI' from project 'PicPacKit')

SwiftCompile normal arm64 Compiling\ StochasticMCTSAgent.swift /tmp/picpac-ios-privacy-link-20260926/ios/Packages/PicPacKit/Sources/PicPacAI/StochasticMCTSAgent.swift (in target 'PicPacAI' from project 'PicPacKit')

SwiftCompile normal arm64 /tmp/picpac-ios-privacy-link-20260926/ios/Packages/PicPacKit/Sources/PicPacAI/StochasticMCTSAgent.swift (in target 'PicPacAI' from project 'PicPacKit')
    cd /tmp/picpac-ios-privacy-link-20260926/ios/PicPacPoe.xcodeproj
    

SwiftDriverJobDiscovery normal x86_64 Compiling PositionEvaluator.swift (in target 'PicPacAI' from project 'PicPacKit')

SwiftCompile normal x86_64 Compiling\ FastAgents.swift /tmp/picpac-ios-privacy-link-20260926/ios/Packages/PicPacKit/Sources/PicPacAI/FastAgents.swift (in target 'PicPacAI' from project 'PicPacKit')

SwiftCompile normal x86_64 /tmp/picpac-ios-privacy-link-20260926/ios/Packages/PicPacKit/Sources/PicPacAI/FastAgents.swift (in target 'PicPacAI' from project 'PicPacKit')
    cd /tmp/picpac-ios-privacy-link-20260926/ios/PicPacPoe.xcodeproj
    

SwiftDriverJobDiscovery normal arm64 Compiling SearchModel.swift (in target 'PicPacAI' from project 'PicPacKit')

SwiftCompile normal arm64 Compiling\ ProductionAIEngine.swift /tmp/picpac-ios-privacy-link-20260926/ios/Packages/PicPacKit/Sources/PicPacAI/ProductionAIEngine.swift (in target 'PicPacAI' from project 'PicPacKit')

SwiftCompile normal arm64 /tmp/picpac-ios-privacy-link-20260926/ios/Packages/PicPacKit/Sources/PicPacAI/ProductionAIEngine.swift (in target 'PicPacAI' from project 'PicPacKit')
    cd /tmp/picpac-ios-privacy-link-20260926/ios/PicPacPoe.xcodeproj
    

SwiftDriverJobDiscovery normal x86_64 Compiling AIContracts.swift (in target 'PicPacAI' from project 'PicPacKit')

SwiftCompile normal x86_64 Compiling\ ProductionAIEngine.swift /tmp/picpac-ios-privacy-link-20260926/ios/Packages/PicPacKit/Sources/PicPacAI/ProductionAIEngine.swift (in target 'PicPacAI' from project 'PicPacKit')

SwiftCompile normal x86_64 /tmp/picpac-ios-privacy-link-20260926/ios/Packages/PicPacKit/Sources/PicPacAI/ProductionAIEngine.swift (in target 'PicPacAI' from project 'PicPacKit')
    cd /tmp/picpac-ios-privacy-link-20260926/ios/PicPacPoe.xcodeproj
    

SwiftDriverJobDiscovery normal x86_64 Compiling StochasticMCTSAgent.swift (in target 'PicPacAI' from project 'PicPacKit')

SwiftCompile normal x86_64 Compiling\ resource_bundle_accessor.swift /var/folders/fh/vt8wk6pn5dgd_tv982c123440000gp/T/picpac-snapshots-raj9ar88/build/Build/Intermediates.noindex/PicPacKit.build/Debug-iphonesimulator/PicPacAI.build/DerivedSources/resource_bundle_accessor.swift (in target 'PicPacAI' from project 'PicPacKit')

SwiftCompile normal x86_64 /var/folders/fh/vt8wk6pn5dgd_tv982c123440000gp/T/picpac-snapshots-raj9ar88/build/Build/Intermediates.noindex/PicPacKit.build/Debug-iphonesimulator/PicPacAI.build/DerivedSources/resource_bundle_accessor.swift (in target 'PicPacAI' from project 'PicPacKit')
    cd /tmp/picpac-ios-privacy-link-20260926/ios/PicPacPoe.xcodeproj
    

SwiftDriverJobDiscovery normal arm64 Compiling AIContracts.swift (in target 'PicPacAI' from project 'PicPacKit')

SwiftDriverJobDiscovery normal x86_64 Compiling RandomSources.swift (in target 'PicPacAI' from project 'PicPacKit')

ExtractAppIntentsMetadata (in target 'PicPacCore' from project 'PicPacKit')
    cd /tmp/picpac-ios-privacy-link-20260926/ios/Packages/PicPacKit
    /Applications/Xcode.app/Contents/Developer/Toolchains/XcodeDefault.xctoolchain/usr/bin/appintentsmetadataprocessor --toolchain-dir /Applications/Xcode.app/Contents/Developer/Toolchains/XcodeDefault.xctoolchain --module-name PicPacCore --sdk-root /Applications/Xcode.app/Contents/Developer/Platforms/iPhoneSimulator.platform/Developer/SDKs/iPhoneSimulator26.5.sdk --xcode-version 17F113 --platform-family iOS --deployment-target 17.0 --bundle-identifier picpackit.PicPacCore --output /var/folders/fh/vt8wk6pn5dgd_tv982c123440000gp/T/picpac-snapshots-raj9ar88/build/Build/Products/Debug-iphonesimulator/PicPacCore.appintents --target-triple arm64-apple-ios17.0-simulator --target-triple x86_64-apple-ios17.0-simulator --binary-file /var/folders/fh/vt8wk6pn5dgd_tv982c123440000gp/T/picpac-snapshots-raj9ar88/build/Build/Products/Debug-iphonesimulator/PicPacCore.o --dependency-file /var/folders/fh/vt8wk6pn5dgd_tv982c123440000gp/T/picpac-snapshots-raj9ar88/build/Build/Intermediates.noindex/PicPacKit.build/Debug-iphonesimulator/PicPacCore.build/Objects-normal/arm64/PicPacCore_dependency_info.dat --dependency-file /var/folders/fh/vt8wk6pn5dgd_tv982c123440000gp/T/picpac-snapshots-raj9ar88/build/Build/Intermediates.noindex/PicPacKit.build/Debug-iphonesimulator/PicPacCore.build/Objects-normal/x86_64/PicPacCore_dependency_info.dat --stringsdata-file /var/folders/fh/vt8wk6pn5dgd_tv982c123440000gp/T/picpac-snapshots-raj9ar88/build/Build/Intermediates.noindex/PicPacKit.build/Debug-iphonesimulator/PicPacCore.build/Objects-normal/arm64/ExtractedAppShortcutsMetadata.stringsdata --stringsdata-file /var/folders/fh/vt8wk6pn5dgd_tv982c123440000gp/T/picpac-snapshots-raj9ar88/build/Build/Intermediates.noindex/PicPacKit.build/Debug-iphonesimulator/PicPacCore.build/Objects-normal/x86_64/ExtractedAppShortcutsMetadata.stringsdata --source-file-list /var/folders/fh/vt8wk6pn5dgd_tv982c123440000gp/T/picpac-snapshots-raj9ar88/build/Build/Intermediates.noindex/PicPacKit.build/Debug-iphonesimulator/PicPacCore.build/Objects-normal/arm64/PicPacCore.SwiftFileList --source-file-list /var/folders/fh/vt8wk6pn5dgd_tv982c123440000gp/T/picpac-snapshots-raj9ar88/build/Build/Intermediates.noindex/PicPacKit.build/Debug-iphonesimulator/PicPacCore.build/Objects-normal/x86_64/PicPacCore.SwiftFileList --metadata-file-list /var/folders/fh/vt8wk6pn5dgd_tv982c123440000gp/T/picpac-snapshots-raj9ar88/build/Build/Intermediates.noindex/PicPacKit.build/Debug-iphonesimulator/PicPacCore.build/PicPacCore.DependencyMetadataFileList --static-metadata-file-list /var/folders/fh/vt8wk6pn5dgd_tv982c123440000gp/T/picpac-snapshots-raj9ar88/build/Build/Intermediates.noindex/PicPacKit.build/Debug-iphonesimulator/PicPacCore.build/PicPacCore.DependencyStaticMetadataFileList --swift-const-vals-list /var/folders/fh/vt8wk6pn5dgd_tv982c123440000gp/T/picpac-snapshots-raj9ar88/build/Build/Intermediates.noindex/PicPacKit.build/Debug-iphonesimulator/PicPacCore.build/Objects-normal/arm64/PicPacCore.SwiftConstValuesFileList --swift-const-vals-list /var/folders/fh/vt8wk6pn5dgd_tv982c123440000gp/T/picpac-snapshots-raj9ar88/build/Build/Intermediates.noindex/PicPacKit.build/Debug-iphonesimulator/PicPacCore.build/Objects-normal/x86_64/PicPacCore.SwiftConstValuesFileList --force --compile-time-extraction --deployment-aware-processing --validate-assistant-intents --no-app-shortcuts-localization
2026-09-26 13:30:31.539 appintentsmetadataprocessor[23612:118359616] Starting appintentsmetadataprocessor export
2026-09-26 13:30:31.565 appintentsmetadataprocessor[23612:118359616] Extracted no relevant App Intents symbols, skipping writing output

SwiftDriverJobDiscovery normal x86_64 Compiling FastAgents.swift (in target 'PicPacAI' from project 'PicPacKit')

MkDir /var/folders/fh/vt8wk6pn5dgd_tv982c123440000gp/T/picpac-snapshots-raj9ar88/build/Build/Intermediates.noindex/PicPacPoe.build/Debug-iphonesimulator/PicPacPoe.build/assetcatalog_output/unthinned (in target 'PicPacPoe' from project 'PicPacPoe')
    cd /tmp/picpac-ios-privacy-link-20260926/ios
    /bin/mkdir -p /var/folders/fh/vt8wk6pn5dgd_tv982c123440000gp/T/picpac-snapshots-raj9ar88/build/Build/Intermediates.noindex/PicPacPoe.build/Debug-iphonesimulator/PicPacPoe.build/assetcatalog_output/unthinned

MkDir /var/folders/fh/vt8wk6pn5dgd_tv982c123440000gp/T/picpac-snapshots-raj9ar88/build/Build/Intermediates.noindex/PicPacPoe.build/Debug-iphonesimulator/PicPacPoe.build/assetcatalog_output/thinned (in target 'PicPacPoe' from project 'PicPacPoe')
    cd /tmp/picpac-ios-privacy-link-20260926/ios
    /bin/mkdir -p /var/folders/fh/vt8wk6pn5dgd_tv982c123440000gp/T/picpac-snapshots-raj9ar88/build/Build/Intermediates.noindex/PicPacPoe.build/Debug-iphonesimulator/PicPacPoe.build/assetcatalog_output/thinned

GenerateAssetSymbols /tmp/picpac-ios-privacy-link-20260926/ios/PicPacPoe/Assets.xcassets (in target 'PicPacPoe' from project 'PicPacPoe')
    cd /tmp/picpac-ios-privacy-link-20260926/ios
    /Applications/Xcode.app/Contents/Developer/usr/bin/actool /tmp/picpac-ios-privacy-link-20260926/ios/PicPacPoe/Assets.xcassets --compile /var/folders/fh/vt8wk6pn5dgd_tv982c123440000gp/T/picpac-snapshots-raj9ar88/build/Build/Products/Debug-iphonesimulator/PicPacPoe.app --output-format human-readable-text --notices --warnings --export-dependency-info /var/folders/fh/vt8wk6pn5dgd_tv982c123440000gp/T/picpac-snapshots-raj9ar88/build/Build/Intermediates.noindex/PicPacPoe.build/Debug-iphonesimulator/PicPacPoe.build/assetcatalog_dependencies --output-partial-info-plist /var/folders/fh/vt8wk6pn5dgd_tv982c123440000gp/T/picpac-snapshots-raj9ar88/build/Build/Intermediates.noindex/PicPacPoe.build/Debug-iphonesimulator/PicPacPoe.build/assetcatalog_generated_info.plist --app-icon AppIcon --compress-pngs --enable-on-demand-resources YES --development-region en --target-device iphone --target-device ipad --minimum-deployment-target 17.0 --platform iphonesimulator --bundle-identifier dev.saipranith.picpacpoe --generate-swift-asset-symbol-extensions NO --generate-swift-asset-symbols /var/folders/fh/vt8wk6pn5dgd_tv982c123440000gp/T/picpac-snapshots-raj9ar88/build/Build/Intermediates.noindex/PicPacPoe.build/Debug-iphonesimulator/PicPacPoe.build/DerivedSources/GeneratedAssetSymbols.swift --generate-objc-asset-symbols /var/folders/fh/vt8wk6pn5dgd_tv982c123440000gp/T/picpac-snapshots-raj9ar88/build/Build/Intermediates.noindex/PicPacPoe.build/Debug-iphonesimulator/PicPacPoe.build/DerivedSources/GeneratedAssetSymbols.h --generate-asset-symbol-index /var/folders/fh/vt8wk6pn5dgd_tv982c123440000gp/T/picpac-snapshots-raj9ar88/build/Build/Intermediates.noindex/PicPacPoe.build/Debug-iphonesimulator/PicPacPoe.build/DerivedSources/GeneratedAssetSymbols-Index.plist
/* com.apple.actool.compilation-results */
/var/folders/fh/vt8wk6pn5dgd_tv982c123440000gp/T/picpac-snapshots-raj9ar88/build/Build/Intermediates.noindex/PicPacPoe.build/Debug-iphonesimulator/PicPacPoe.build/DerivedSources/GeneratedAssetSymbols-Index.plist
/var/folders/fh/vt8wk6pn5dgd_tv982c123440000gp/T/picpac-snapshots-raj9ar88/build/Build/Intermediates.noindex/PicPacPoe.build/Debug-iphonesimulator/PicPacPoe.build/DerivedSources/GeneratedAssetSymbols.h
/var/folders/fh/vt8wk6pn5dgd_tv982c123440000gp/T/picpac-snapshots-raj9ar88/build/Build/Intermediates.noindex/PicPacPoe.build/Debug-iphonesimulator/PicPacPoe.build/DerivedSources/GeneratedAssetSymbols.swift


SwiftDriverJobDiscovery normal x86_64 Compiling ProductionAIEngine.swift (in target 'PicPacAI' from project 'PicPacKit')

CompileAssetCatalogVariant thinned /var/folders/fh/vt8wk6pn5dgd_tv982c123440000gp/T/picpac-snapshots-raj9ar88/build/Build/Products/Debug-iphonesimulator/PicPacPoe.app /tmp/picpac-ios-privacy-link-20260926/ios/PicPacPoe/Assets.xcassets (in target 'PicPacPoe' from project 'PicPacPoe')
    cd /tmp/picpac-ios-privacy-link-20260926/ios
    /Applications/Xcode.app/Contents/Developer/usr/bin/actool /tmp/picpac-ios-privacy-link-20260926/ios/PicPacPoe/Assets.xcassets --compile /var/folders/fh/vt8wk6pn5dgd_tv982c123440000gp/T/picpac-snapshots-raj9ar88/build/Build/Intermediates.noindex/PicPacPoe.build/Debug-iphonesimulator/PicPacPoe.build/assetcatalog_output/thinned --output-format human-readable-text --notices --warnings --export-dependency-info /var/folders/fh/vt8wk6pn5dgd_tv982c123440000gp/T/picpac-snapshots-raj9ar88/build/Build/Intermediates.noindex/PicPacPoe.build/Debug-iphonesimulator/PicPacPoe.build/assetcatalog_dependencies_thinned --output-partial-info-plist /var/folders/fh/vt8wk6pn5dgd_tv982c123440000gp/T/picpac-snapshots-raj9ar88/build/Build/Intermediates.noindex/PicPacPoe.build/Debug-iphonesimulator/PicPacPoe.build/assetcatalog_generated_info.plist_thinned --app-icon AppIcon --compress-pngs --enable-on-demand-resources YES --development-region en --target-device iphone --target-device ipad --minimum-deployment-target 17.0 --platform iphonesimulator
/* com.apple.actool.compilation-results */
/var/folders/fh/vt8wk6pn5dgd_tv982c123440000gp/T/picpac-snapshots-raj9ar88/build/Build/Intermediates.noindex/PicPacPoe.build/Debug-iphonesimulator/PicPacPoe.build/assetcatalog_generated_info.plist_thinned
/var/folders/fh/vt8wk6pn5dgd_tv982c123440000gp/T/picpac-snapshots-raj9ar88/build/Build/Intermediates.noindex/PicPacPoe.build/Debug-iphonesimulator/PicPacPoe.build/assetcatalog_output/thinned/AppIcon60x60@2x.png
/var/folders/fh/vt8wk6pn5dgd_tv982c123440000gp/T/picpac-snapshots-raj9ar88/build/Build/Intermediates.noindex/PicPacPoe.build/Debug-iphonesimulator/PicPacPoe.build/assetcatalog_output/thinned/AppIcon76x76@2x~ipad.png
/var/folders/fh/vt8wk6pn5dgd_tv982c123440000gp/T/picpac-snapshots-raj9ar88/build/Build/Intermediates.noindex/PicPacPoe.build/Debug-iphonesimulator/PicPacPoe.build/assetcatalog_output/thinned/Assets.car


SwiftDriverJobDiscovery normal arm64 Compiling ProductionAIEngine.swift (in target 'PicPacAI' from project 'PicPacKit')

SwiftDriver PicPacPoe normal x86_64 com.apple.xcode.tools.swift.compiler (in target 'PicPacPoe' from project 'PicPacPoe')
    cd /tmp/picpac-ios-privacy-link-20260926/ios
    builtin-SwiftDriver -- /Applications/Xcode.app/Contents/Developer/Toolchains/XcodeDefault.xctoolchain/usr/bin/swiftc -module-name PicPacPoe -Onone @/var/folders/fh/vt8wk6pn5dgd_tv982c123440000gp/T/picpac-snapshots-raj9ar88/build/Build/Intermediates.noindex/PicPacPoe.build/Debug-iphonesimulator/PicPacPoe.build/Objects-normal/x86_64/PicPacPoe.SwiftFileList -DDEBUG -enable-experimental-feature DebugDescriptionMacro -sdk /Applications/Xcode.app/Contents/Developer/Platforms/iPhoneSimulator.platform/Developer/SDKs/iPhoneSimulator26.5.sdk -target x86_64-apple-ios17.0-simulator -g -module-cache-path /var/folders/fh/vt8wk6pn5dgd_tv982c123440000gp/T/picpac-snapshots-raj9ar88/build/ModuleCache.noindex -Xfrontend -serialize-debugging-options -profile-coverage-mapping -profile-generate -enable-testing -index-store-path /var/folders/fh/vt8wk6pn5dgd_tv982c123440000gp/T/picpac-snapshots-raj9ar88/build/Index.noindex/DataStore -Xcc -D_LIBCPP_HARDENING_MODE\=_LIBCPP_HARDENING_MODE_DEBUG -swift-version 6 -I /var/folders/fh/vt8wk6pn5dgd_tv982c123440000gp/T/picpac-snapshots-raj9ar88/build/Build/Products/Debug-iphonesimulator -F /var/folders/fh/vt8wk6pn5dgd_tv982c123440000gp/T/picpac-snapshots-raj9ar88/build/Build/Products/Debug-iphonesimulator/PackageFrameworks -F /var/folders/fh/vt8wk6pn5dgd_tv982c123440000gp/T/picpac-snapshots-raj9ar88/build/Build/Products/Debug-iphonesimulator/PackageFrameworks -F /var/folders/fh/vt8wk6pn5dgd_tv982c123440000gp/T/picpac-snapshots-raj9ar88/build/Build/Products/Debug-iphonesimulator/PackageFrameworks -F /var/folders/fh/vt8wk6pn5dgd_tv982c123440000gp/T/picpac-snapshots-raj9ar88/build/Build/Products/Debug-iphonesimulator -emit-localized-strings -emit-localized-strings-path /var/folders/fh/vt8wk6pn5dgd_tv982c123440000gp/T/picpac-snapshots-raj9ar88/build/Build/Intermediates.noindex/PicPacPoe.build/Debug-iphonesimulator/PicPacPoe.build/Objects-normal/x86_64 -c -j12 -enable-batch-mode -incremental -Xcc -ivfsstatcache -Xcc /var/folders/fh/vt8wk6pn5dgd_tv982c123440000gp/T/picpac-snapshots-raj9ar88/build/SDKStatCaches.noindex/iphonesimulator26.5-23F81a-6cfe768891a92b912361537c460fe42b.sdkstatcache -output-file-map /var/folders/fh/vt8wk6pn5dgd_tv982c123440000gp/T/picpac-snapshots-raj9ar88/build/Build/Intermediates.noindex/PicPacPoe.build/Debug-iphonesimulator/PicPacPoe.build/Objects-normal/x86_64/PicPacPoe-OutputFileMap.json -use-frontend-parseable-output -save-temps -no-color-diagnostics -explicit-module-build -module-cache-path /var/folders/fh/vt8wk6pn5dgd_tv982c123440000gp/T/picpac-snapshots-raj9ar88/build/Build/Intermediates.noindex/SwiftExplicitPrecompiledModules -clang-scanner-module-cache-path /var/folders/fh/vt8wk6pn5dgd_tv982c123440000gp/T/picpac-snapshots-raj9ar88/build/ModuleCache.noindex -sdk-module-cache-path /var/folders/fh/vt8wk6pn5dgd_tv982c123440000gp/T/picpac-snapshots-raj9ar88/build/ModuleCache.noindex -serialize-diagnostics -emit-dependencies -emit-module -emit-module-path /var/folders/fh/vt8wk6pn5dgd_tv982c123440000gp/T/picpac-snapshots-raj9ar88/build/Build/Intermediates.noindex/PicPacPoe.build/Debug-iphonesimulator/PicPacPoe.build/Objects-normal/x86_64/PicPacPoe.swiftmodule -validate-clang-modules-once -clang-build-session-file /var/folders/fh/vt8wk6pn5dgd_tv982c123440000gp/T/picpac-snapshots-raj9ar88/build/ModuleCache.noindex/Session.modulevalidation -Xcc -I/var/folders/fh/vt8wk6pn5dgd_tv982c123440000gp/T/picpac-snapshots-raj9ar88/build/Build/Intermediates.noindex/PicPacPoe.build/Debug-iphonesimulator/PicPacPoe.build/swift-overrides.hmap -emit-const-values -Xfrontend -const-gather-protocols-file -Xfrontend /var/folders/fh/vt8wk6pn5dgd_tv982c123440000gp/T/picpac-snapshots-raj9ar88/build/Build/Intermediates.noindex/PicPacPoe.build/Debug-iphonesimulator/PicPacPoe.build/Objects-normal/x86_64/PicPacPoe_const_extract_protocols.json -Xcc -iquote -Xcc /var/folders/fh/vt8wk6pn5dgd_tv982c123440000gp/T/picpac-snapshots-raj9ar88/build/Build/Intermediates.noindex/PicPacPoe.build/Debug-iphonesimulator/PicPacPoe.build/PicPacPoe-generated-files.hmap -Xcc -I/var/folders/fh/vt8wk6pn5dgd_tv982c123440000gp/T/picpac-snapshots-raj9ar88/build/Build/Intermediates.noindex/PicPacPoe.build/Debug-iphonesimulator/PicPacPoe.build/PicPacPoe-own-target-headers.hmap -Xcc -I/var/folders/fh/vt8wk6pn5dgd_tv982c123440000gp/T/picpac-snapshots-raj9ar88/build/Build/Intermediates.noindex/PicPacPoe.build/Debug-iphonesimulator/PicPacPoe.build/PicPacPoe-all-non-framework-target-headers.hmap -Xcc -ivfsoverlay -Xcc /var/folders/fh/vt8wk6pn5dgd_tv982c123440000gp/T/picpac-snapshots-raj9ar88/build/Build/Intermediates.noindex/PicPacPoe.build/Debug-iphonesimulator/PicPacPoe-90eff2f9d9e8600d7e53134acd1cb833-VFS-iphonesimulator/all-product-headers.yaml -Xcc -iquote -Xcc /var/folders/fh/vt8wk6pn5dgd_tv982c123440000gp/T/picpac-snapshots-raj9ar88/build/Build/Intermediates.noindex/PicPacPoe.build/Debug-iphonesimulator/PicPacPoe.build/PicPacPoe-project-headers.hmap -Xcc -I/var/folders/fh/vt8wk6pn5dgd_tv982c123440000gp/T/picpac-snapshots-raj9ar88/build/Build/Products/Debug-iphonesimulator/include -Xcc -I/var/folders/fh/vt8wk6pn5dgd_tv982c123440000gp/T/picpac-snapshots-raj9ar88/build/Build/Intermediates.noindex/PicPacPoe.build/Debug-iphonesimulator/PicPacPoe.build/DerivedSources-normal/x86_64 -Xcc -I/var/folders/fh/vt8wk6pn5dgd_tv982c123440000gp/T/picpac-snapshots-raj9ar88/build/Build/Intermediates.noindex/PicPacPoe.build/Debug-iphonesimulator/PicPacPoe.build/DerivedSources/x86_64 -Xcc -I/var/folders/fh/vt8wk6pn5dgd_tv982c123440000gp/T/picpac-snapshots-raj9ar88/build/Build/Intermediates.noindex/PicPacPoe.build/Debug-iphonesimulator/PicPacPoe.build/DerivedSources -emit-objc-header -emit-objc-header-path /var/folders/fh/vt8wk6pn5dgd_tv982c123440000gp/T/picpac-snapshots-raj9ar88/build/Build/Intermediates.noindex/PicPacPoe.build/Debug-iphonesimulator/PicPacPoe.build/Objects-normal/x86_64/PicPacPoe-Swift.h -working-directory /tmp/picpac-ios-privacy-link-20260926/ios -experimental-emit-module-separately -disable-cmo

SwiftDriver PicPacPoe normal arm64 com.apple.xcode.tools.swift.compiler (in target 'PicPacPoe' from project 'PicPacPoe')
    cd /tmp/picpac-ios-privacy-link-20260926/ios
    builtin-SwiftDriver -- /Applications/Xcode.app/Contents/Developer/Toolchains/XcodeDefault.xctoolchain/usr/bin/swiftc -module-name PicPacPoe -Onone @/var/folders/fh/vt8wk6pn5dgd_tv982c123440000gp/T/picpac-snapshots-raj9ar88/build/Build/Intermediates.noindex/PicPacPoe.build/Debug-iphonesimulator/PicPacPoe.build/Objects-normal/arm64/PicPacPoe.SwiftFileList -DDEBUG -enable-experimental-feature DebugDescriptionMacro -sdk /Applications/Xcode.app/Contents/Developer/Platforms/iPhoneSimulator.platform/Developer/SDKs/iPhoneSimulator26.5.sdk -target arm64-apple-ios17.0-simulator -g -module-cache-path /var/folders/fh/vt8wk6pn5dgd_tv982c123440000gp/T/picpac-snapshots-raj9ar88/build/ModuleCache.noindex -Xfrontend -serialize-debugging-options -profile-coverage-mapping -profile-generate -enable-testing -index-store-path /var/folders/fh/vt8wk6pn5dgd_tv982c123440000gp/T/picpac-snapshots-raj9ar88/build/Index.noindex/DataStore -Xcc -D_LIBCPP_HARDENING_MODE\=_LIBCPP_HARDENING_MODE_DEBUG -swift-version 6 -I /var/folders/fh/vt8wk6pn5dgd_tv982c123440000gp/T/picpac-snapshots-raj9ar88/build/Build/Products/Debug-iphonesimulator -F /var/folders/fh/vt8wk6pn5dgd_tv982c123440000gp/T/picpac-snapshots-raj9ar88/build/Build/Products/Debug-iphonesimulator/PackageFrameworks -F /var/folders/fh/vt8wk6pn5dgd_tv982c123440000gp/T/picpac-snapshots-raj9ar88/build/Build/Products/Debug-iphonesimulator/PackageFrameworks -F /var/folders/fh/vt8wk6pn5dgd_tv982c123440000gp/T/picpac-snapshots-raj9ar88/build/Build/Products/Debug-iphonesimulator/PackageFrameworks -F /var/folders/fh/vt8wk6pn5dgd_tv982c123440000gp/T/picpac-snapshots-raj9ar88/build/Build/Products/Debug-iphonesimulator -emit-localized-strings -emit-localized-strings-path /var/folders/fh/vt8wk6pn5dgd_tv982c123440000gp/T/picpac-snapshots-raj9ar88/build/Build/Intermediates.noindex/PicPacPoe.build/Debug-iphonesimulator/PicPacPoe.build/Objects-normal/arm64 -c -j12 -enable-batch-mode -incremental -Xcc -ivfsstatcache -Xcc /var/folders/fh/vt8wk6pn5dgd_tv982c123440000gp/T/picpac-snapshots-raj9ar88/build/SDKStatCaches.noindex/iphonesimulator26.5-23F81a-6cfe768891a92b912361537c460fe42b.sdkstatcache -output-file-map /var/folders/fh/vt8wk6pn5dgd_tv982c123440000gp/T/picpac-snapshots-raj9ar88/build/Build/Intermediates.noindex/PicPacPoe.build/Debug-iphonesimulator/PicPacPoe.build/Objects-normal/arm64/PicPacPoe-OutputFileMap.json -use-frontend-parseable-output -save-temps -no-color-diagnostics -explicit-module-build -module-cache-path /var/folders/fh/vt8wk6pn5dgd_tv982c123440000gp/T/picpac-snapshots-raj9ar88/build/Build/Intermediates.noindex/SwiftExplicitPrecompiledModules -clang-scanner-module-cache-path /var/folders/fh/vt8wk6pn5dgd_tv982c123440000gp/T/picpac-snapshots-raj9ar88/build/ModuleCache.noindex -sdk-module-cache-path /var/folders/fh/vt8wk6pn5dgd_tv982c123440000gp/T/picpac-snapshots-raj9ar88/build/ModuleCache.noindex -serialize-diagnostics -emit-dependencies -emit-module -emit-module-path /var/folders/fh/vt8wk6pn5dgd_tv982c123440000gp/T/picpac-snapshots-raj9ar88/build/Build/Intermediates.noindex/PicPacPoe.build/Debug-iphonesimulator/PicPacPoe.build/Objects-normal/arm64/PicPacPoe.swiftmodule -validate-clang-modules-once -clang-build-session-file /var/folders/fh/vt8wk6pn5dgd_tv982c123440000gp/T/picpac-snapshots-raj9ar88/build/ModuleCache.noindex/Session.modulevalidation -Xcc -I/var/folders/fh/vt8wk6pn5dgd_tv982c123440000gp/T/picpac-snapshots-raj9ar88/build/Build/Intermediates.noindex/PicPacPoe.build/Debug-iphonesimulator/PicPacPoe.build/swift-overrides.hmap -emit-const-values -Xfrontend -const-gather-protocols-file -Xfrontend /var/folders/fh/vt8wk6pn5dgd_tv982c123440000gp/T/picpac-snapshots-raj9ar88/build/Build/Intermediates.noindex/PicPacPoe.build/Debug-iphonesimulator/PicPacPoe.build/Objects-normal/arm64/PicPacPoe_const_extract_protocols.json -Xcc -iquote -Xcc /var/folders/fh/vt8wk6pn5dgd_tv982c123440000gp/T/picpac-snapshots-raj9ar88/build/Build/Intermediates.noindex/PicPacPoe.build/Debug-iphonesimulator/PicPacPoe.build/PicPacPoe-generated-files.hmap -Xcc -I/var/folders/fh/vt8wk6pn5dgd_tv982c123440000gp/T/picpac-snapshots-raj9ar88/build/Build/Intermediates.noindex/PicPacPoe.build/Debug-iphonesimulator/PicPacPoe.build/PicPacPoe-own-target-headers.hmap -Xcc -I/var/folders/fh/vt8wk6pn5dgd_tv982c123440000gp/T/picpac-snapshots-raj9ar88/build/Build/Intermediates.noindex/PicPacPoe.build/Debug-iphonesimulator/PicPacPoe.build/PicPacPoe-all-non-framework-target-headers.hmap -Xcc -ivfsoverlay -Xcc /var/folders/fh/vt8wk6pn5dgd_tv982c123440000gp/T/picpac-snapshots-raj9ar88/build/Build/Intermediates.noindex/PicPacPoe.build/Debug-iphonesimulator/PicPacPoe-90eff2f9d9e8600d7e53134acd1cb833-VFS-iphonesimulator/all-product-headers.yaml -Xcc -iquote -Xcc /var/folders/fh/vt8wk6pn5dgd_tv982c123440000gp/T/picpac-snapshots-raj9ar88/build/Build/Intermediates.noindex/PicPacPoe.build/Debug-iphonesimulator/PicPacPoe.build/PicPacPoe-project-headers.hmap -Xcc -I/var/folders/fh/vt8wk6pn5dgd_tv982c123440000gp/T/picpac-snapshots-raj9ar88/build/Build/Products/Debug-iphonesimulator/include -Xcc -I/var/folders/fh/vt8wk6pn5dgd_tv982c123440000gp/T/picpac-snapshots-raj9ar88/build/Build/Intermediates.noindex/PicPacPoe.build/Debug-iphonesimulator/PicPacPoe.build/DerivedSources-normal/arm64 -Xcc -I/var/folders/fh/vt8wk6pn5dgd_tv982c123440000gp/T/picpac-snapshots-raj9ar88/build/Build/Intermediates.noindex/PicPacPoe.build/Debug-iphonesimulator/PicPacPoe.build/DerivedSources/arm64 -Xcc -I/var/folders/fh/vt8wk6pn5dgd_tv982c123440000gp/T/picpac-snapshots-raj9ar88/build/Build/Intermediates.noindex/PicPacPoe.build/Debug-iphonesimulator/PicPacPoe.build/DerivedSources -emit-objc-header -emit-objc-header-path /var/folders/fh/vt8wk6pn5dgd_tv982c123440000gp/T/picpac-snapshots-raj9ar88/build/Build/Intermediates.noindex/PicPacPoe.build/Debug-iphonesimulator/PicPacPoe.build/Objects-normal/arm64/PicPacPoe-Swift.h -working-directory /tmp/picpac-ios-privacy-link-20260926/ios -experimental-emit-module-separately -disable-cmo

SwiftDriverJobDiscovery normal x86_64 Compiling resource_bundle_accessor.swift (in target 'PicPacAI' from project 'PicPacKit')

RegisterExecutionPolicyException /var/folders/fh/vt8wk6pn5dgd_tv982c123440000gp/T/picpac-snapshots-raj9ar88/build/Build/Products/Debug-iphonesimulator/PicPacCore.o (in target 'PicPacCore' from project 'PicPacKit')
    cd /tmp/picpac-ios-privacy-link-20260926/ios/Packages/PicPacKit
    builtin-RegisterExecutionPolicyException /var/folders/fh/vt8wk6pn5dgd_tv982c123440000gp/T/picpac-snapshots-raj9ar88/build/Build/Products/Debug-iphonesimulator/PicPacCore.o

SwiftDriverJobDiscovery normal x86_64 Compiling ExpectiminimaxAgent.swift (in target 'PicPacAI' from project 'PicPacKit')

SwiftDriverJobDiscovery normal arm64 Compiling ExpectiminimaxAgent.swift (in target 'PicPacAI' from project 'PicPacKit')

SwiftDriverJobDiscovery normal arm64 Compiling StochasticMCTSAgent.swift (in target 'PicPacAI' from project 'PicPacKit')

SwiftDriverJobDiscovery normal x86_64 Compiling TabularPolicy.swift (in target 'PicPacAI' from project 'PicPacKit')

SwiftDriver\ Compilation PicPacAI normal x86_64 com.apple.xcode.tools.swift.compiler (in target 'PicPacAI' from project 'PicPacKit')
    cd /tmp/picpac-ios-privacy-link-20260926/ios/PicPacPoe.xcodeproj
    builtin-Swift-Compilation -- /Applications/Xcode.app/Contents/Developer/Toolchains/XcodeDefault.xctoolchain/usr/bin/swiftc -module-name PicPacAI -Onone @/var/folders/fh/vt8wk6pn5dgd_tv982c123440000gp/T/picpac-snapshots-raj9ar88/build/Build/Intermediates.noindex/PicPacKit.build/Debug-iphonesimulator/PicPacAI.build/Objects-normal/x86_64/PicPacAI.SwiftFileList -DSWIFT_PACKAGE -DDEBUG -DSWIFT_MODULE_RESOURCE_BUNDLE_AVAILABLE -DXcode -plugin-path /Applications/Xcode.app/Contents/Developer/Toolchains/XcodeDefault.xctoolchain/usr/lib/swift/host/plugins/testing -enable-experimental-feature DebugDescriptionMacro -sdk /Applications/Xcode.app/Contents/Developer/Platforms/iPhoneSimulator.platform/Developer/SDKs/iPhoneSimulator26.5.sdk -target x86_64-apple-ios17.0-simulator -g -module-cache-path /var/folders/fh/vt8wk6pn5dgd_tv982c123440000gp/T/picpac-snapshots-raj9ar88/build/ModuleCache.noindex -Xfrontend -serialize-debugging-options -profile-coverage-mapping -profile-generate -enable-testing -suppress-warnings -index-store-path /var/folders/fh/vt8wk6pn5dgd_tv982c123440000gp/T/picpac-snapshots-raj9ar88/build/Index.noindex/DataStore -Xcc -D_LIBCPP_HARDENING_MODE\=_LIBCPP_HARDENING_MODE_DEBUG -swift-version 6 -I /var/folders/fh/vt8wk6pn5dgd_tv982c123440000gp/T/picpac-snapshots-raj9ar88/build/Build/Products/Debug-iphonesimulator -Isystem /Applications/Xcode.app/Contents/Developer/Platforms/iPhoneSimulator.platform/Developer/usr/lib -F /var/folders/fh/vt8wk6pn5dgd_tv982c123440000gp/T/picpac-snapshots-raj9ar88/build/Build/Products/Debug-iphonesimulator/PackageFrameworks -F /var/folders/fh/vt8wk6pn5dgd_tv982c123440000gp/T/picpac-snapshots-raj9ar88/build/Build/Products/Debug-iphonesimulator -F /Applications/Xcode.app/Contents/Developer/Platforms/iPhoneSimulator.platform/Developer/Library/Frameworks -F /Applications/Xcode.app/Contents/Developer/Platforms/iPhoneSimulator.platform/Developer/SDKs/iPhoneSimulator26.5.sdk/Developer/Library/Frameworks -c -j12 -enable-batch-mode -incremental -Xcc -ivfsstatcache -Xcc /var/folders/fh/vt8wk6pn5dgd_tv982c123440000gp/T/picpac-snapshots-raj9ar88/build/SDKStatCaches.noindex/iphonesimulator26.5-23F81a-6cfe768891a92b912361537c460fe42b.sdkstatcache -output-file-map /var/folders/fh/vt8wk6pn5dgd_tv982c123440000gp/T/picpac-snapshots-raj9ar88/build/Build/Intermediates.noindex/PicPacKit.build/Debug-iphonesimulator/PicPacAI.build/Objects-normal/x86_64/PicPacAI-OutputFileMap.json -use-frontend-parseable-output -save-temps -no-color-diagnostics -explicit-module-build -module-cache-path /var/folders/fh/vt8wk6pn5dgd_tv982c123440000gp/T/picpac-snapshots-raj9ar88/build/Build/Intermediates.noindex/SwiftExplicitPrecompiledModules -clang-scanner-module-cache-path /var/folders/fh/vt8wk6pn5dgd_tv982c123440000gp/T/picpac-snapshots-raj9ar88/build/ModuleCache.noindex -sdk-module-cache-path /var/folders/fh/vt8wk6pn5dgd_tv982c123440000gp/T/picpac-snapshots-raj9ar88/build/ModuleCache.noindex -serialize-diagnostics -emit-dependencies -emit-module -emit-module-path /var/folders/fh/vt8wk6pn5dgd_tv982c123440000gp/T/picpac-snapshots-raj9ar88/build/Build/Intermediates.noindex/PicPacKit.build/Debug-iphonesimulator/PicPacAI.build/Objects-normal/x86_64/PicPacAI.swiftmodule -validate-clang-modules-once -clang-build-session-file /var/folders/fh/vt8wk6pn5dgd_tv982c123440000gp/T/picpac-snapshots-raj9ar88/build/ModuleCache.noindex/Session.modulevalidation -package-name picpackit -Xcc -I/var/folders/fh/vt8wk6pn5dgd_tv982c123440000gp/T/picpac-snapshots-raj9ar88/build/Build/Intermediates.noindex/PicPacKit.build/Debug-iphonesimulator/PicPacAI.build/swift-overrides.hmap -emit-const-values -Xfrontend -const-gather-protocols-file -Xfrontend /var/folders/fh/vt8wk6pn5dgd_tv982c123440000gp/T/picpac-snapshots-raj9ar88/build/Build/Intermediates.noindex/PicPacKit.build/Debug-iphonesimulator/PicPacAI.build/Objects-normal/x86_64/PicPacAI_const_extract_protocols.json -Xcc -I/var/folders/fh/vt8wk6pn5dgd_tv982c123440000gp/T/picpac-snapshots-raj9ar88/build/Build/Products/Debug-iphonesimulator/include -Xcc -I/var/folders/fh/vt8wk6pn5dgd_tv982c123440000gp/T/picpac-snapshots-raj9ar88/build/Build/Intermediates.noindex/PicPacKit.build/Debug-iphonesimulator/PicPacAI.build/DerivedSources-normal/x86_64 -Xcc -I/var/folders/fh/vt8wk6pn5dgd_tv982c123440000gp/T/picpac-snapshots-raj9ar88/build/Build/Intermediates.noindex/PicPacKit.build/Debug-iphonesimulator/PicPacAI.build/DerivedSources/x86_64 -Xcc -I/var/folders/fh/vt8wk6pn5dgd_tv982c123440000gp/T/picpac-snapshots-raj9ar88/build/Build/Intermediates.noindex/PicPacKit.build/Debug-iphonesimulator/PicPacAI.build/DerivedSources -Xcc -DSWIFT_PACKAGE -Xcc -DDEBUG\=1 -emit-objc-header -emit-objc-header-path /var/folders/fh/vt8wk6pn5dgd_tv982c123440000gp/T/picpac-snapshots-raj9ar88/build/Build/Intermediates.noindex/PicPacKit.build/Debug-iphonesimulator/PicPacAI.build/Objects-normal/x86_64/PicPacAI-Swift.h -working-directory /tmp/picpac-ios-privacy-link-20260926/ios/PicPacPoe.xcodeproj -experimental-emit-module-separately -disable-cmo

Ld /var/folders/fh/vt8wk6pn5dgd_tv982c123440000gp/T/picpac-snapshots-raj9ar88/build/Build/Intermediates.noindex/PicPacKit.build/Debug-iphonesimulator/PicPacAI.build/Objects-normal/x86_64/Binary/PicPacAI.o normal x86_64 (in target 'PicPacAI' from project 'PicPacKit')
    cd /tmp/picpac-ios-privacy-link-20260926/ios/Packages/PicPacKit
    /Applications/Xcode.app/Contents/Developer/Toolchains/XcodeDefault.xctoolchain/usr/bin/clang -Xlinker -reproducible -target x86_64-apple-ios17.0-simulator -r -isysroot /Applications/Xcode.app/Contents/Developer/Platforms/iPhoneSimulator.platform/Developer/SDKs/iPhoneSimulator26.5.sdk -O0 -w -F/var/folders/fh/vt8wk6pn5dgd_tv982c123440000gp/T/picpac-snapshots-raj9ar88/build/Build/Intermediates.noindex/EagerLinkingTBDs/Debug-iphonesimulator -F/var/folders/fh/vt8wk6pn5dgd_tv982c123440000gp/T/picpac-snapshots-raj9ar88/build/Build/Products/Debug-iphonesimulator/PackageFrameworks -F/var/folders/fh/vt8wk6pn5dgd_tv982c123440000gp/T/picpac-snapshots-raj9ar88/build/Build/Products/Debug-iphonesimulator -iframework /Applications/Xcode.app/Contents/Developer/Platforms/iPhoneSimulator.platform/Developer/Library/Frameworks -iframework /Applications/Xcode.app/Contents/Developer/Platforms/iPhoneSimulator.platform/Developer/SDKs/iPhoneSimulator26.5.sdk/Developer/Library/Frameworks -filelist /var/folders/fh/vt8wk6pn5dgd_tv982c123440000gp/T/picpac-snapshots-raj9ar88/build/Build/Intermediates.noindex/PicPacKit.build/Debug-iphonesimulator/PicPacAI.build/Objects-normal/x86_64/PicPacAI.LinkFileList -nostdlib -Xlinker -object_path_lto -Xlinker /var/folders/fh/vt8wk6pn5dgd_tv982c123440000gp/T/picpac-snapshots-raj9ar88/build/Build/Intermediates.noindex/PicPacKit.build/Debug-iphonesimulator/PicPacAI.build/Objects-normal/x86_64/PicPacAI_lto.o -Xlinker -no_deduplicate -Xlinker -objc_abi_version -Xlinker 2 -Xlinker -debug_variant -Xlinker -dependency_info -Xlinker /var/folders/fh/vt8wk6pn5dgd_tv982c123440000gp/T/picpac-snapshots-raj9ar88/build/Build/Intermediates.noindex/PicPacKit.build/Debug-iphonesimulator/PicPacAI.build/Objects-normal/x86_64/PicPacAI_dependency_info.dat -fobjc-link-runtime -L/Applications/Xcode.app/Contents/Developer/Toolchains/XcodeDefault.xctoolchain/usr/lib/swift/iphonesimulator -L/usr/lib/swift -Xlinker -add_ast_path -Xlinker /var/folders/fh/vt8wk6pn5dgd_tv982c123440000gp/T/picpac-snapshots-raj9ar88/build/Build/Intermediates.noindex/PicPacKit.build/Debug-iphonesimulator/PicPacAI.build/Objects-normal/x86_64/PicPacAI.swiftmodule @/var/folders/fh/vt8wk6pn5dgd_tv982c123440000gp/T/picpac-snapshots-raj9ar88/build/Build/Intermediates.noindex/PicPacKit.build/Debug-iphonesimulator/PicPacAI.build/Objects-normal/x86_64/PicPacAI-linker-args.resp -o /var/folders/fh/vt8wk6pn5dgd_tv982c123440000gp/T/picpac-snapshots-raj9ar88/build/Build/Intermediates.noindex/PicPacKit.build/Debug-iphonesimulator/PicPacAI.build/Objects-normal/x86_64/Binary/PicPacAI.o

SwiftDriverJobDiscovery normal x86_64 Compiling GameCoordinator.swift (in target 'PicPacPresentation' from project 'PicPacKit')

SwiftDriver\ Compilation PicPacPresentation normal x86_64 com.apple.xcode.tools.swift.compiler (in target 'PicPacPresentation' from project 'PicPacKit')
    cd /tmp/picpac-ios-privacy-link-20260926/ios/PicPacPoe.xcodeproj
    builtin-Swift-Compilation -- /Applications/Xcode.app/Contents/Developer/Toolchains/XcodeDefault.xctoolchain/usr/bin/swiftc -module-name PicPacPresentation -Onone @/var/folders/fh/vt8wk6pn5dgd_tv982c123440000gp/T/picpac-snapshots-raj9ar88/build/Build/Intermediates.noindex/PicPacKit.build/Debug-iphonesimulator/PicPacPresentation.build/Objects-normal/x86_64/PicPacPresentation.SwiftFileList -DSWIFT_PACKAGE -DDEBUG -DSWIFT_MODULE_RESOURCE_BUNDLE_UNAVAILABLE -DXcode -plugin-path /Applications/Xcode.app/Contents/Developer/Toolchains/XcodeDefault.xctoolchain/usr/lib/swift/host/plugins/testing -enable-experimental-feature DebugDescriptionMacro -sdk /Applications/Xcode.app/Contents/Developer/Platforms/iPhoneSimulator.platform/Developer/SDKs/iPhoneSimulator26.5.sdk -target x86_64-apple-ios17.0-simulator -g -module-cache-path /var/folders/fh/vt8wk6pn5dgd_tv982c123440000gp/T/picpac-snapshots-raj9ar88/build/ModuleCache.noindex -Xfrontend -serialize-debugging-options -profile-coverage-mapping -profile-generate -enable-testing -suppress-warnings -index-store-path /var/folders/fh/vt8wk6pn5dgd_tv982c123440000gp/T/picpac-snapshots-raj9ar88/build/Index.noindex/DataStore -Xcc -D_LIBCPP_HARDENING_MODE\=_LIBCPP_HARDENING_MODE_DEBUG -swift-version 6 -I /var/folders/fh/vt8wk6pn5dgd_tv982c123440000gp/T/picpac-snapshots-raj9ar88/build/Build/Products/Debug-iphonesimulator -Isystem /Applications/Xcode.app/Contents/Developer/Platforms/iPhoneSimulator.platform/Developer/usr/lib -F /var/folders/fh/vt8wk6pn5dgd_tv982c123440000gp/T/picpac-snapshots-raj9ar88/build/Build/Products/Debug-iphonesimulator/PackageFrameworks -F /var/folders/fh/vt8wk6pn5dgd_tv982c123440000gp/T/picpac-snapshots-raj9ar88/build/Build/Products/Debug-iphonesimulator -F /Applications/Xcode.app/Contents/Developer/Platforms/iPhoneSimulator.platform/Developer/Library/Frameworks -F /Applications/Xcode.app/Contents/Developer/Platforms/iPhoneSimulator.platform/Developer/SDKs/iPhoneSimulator26.5.sdk/Developer/Library/Frameworks -c -j12 -enable-batch-mode -incremental -Xcc -ivfsstatcache -Xcc /var/folders/fh/vt8wk6pn5dgd_tv982c123440000gp/T/picpac-snapshots-raj9ar88/build/SDKStatCaches.noindex/iphonesimulator26.5-23F81a-6cfe768891a92b912361537c460fe42b.sdkstatcache -output-file-map /var/folders/fh/vt8wk6pn5dgd_tv982c123440000gp/T/picpac-snapshots-raj9ar88/build/Build/Intermediates.noindex/PicPacKit.build/Debug-iphonesimulator/PicPacPresentation.build/Objects-normal/x86_64/PicPacPresentation-OutputFileMap.json -use-frontend-parseable-output -save-temps -no-color-diagnostics -explicit-module-build -module-cache-path /var/folders/fh/vt8wk6pn5dgd_tv982c123440000gp/T/picpac-snapshots-raj9ar88/build/Build/Intermediates.noindex/SwiftExplicitPrecompiledModules -clang-scanner-module-cache-path /var/folders/fh/vt8wk6pn5dgd_tv982c123440000gp/T/picpac-snapshots-raj9ar88/build/ModuleCache.noindex -sdk-module-cache-path /var/folders/fh/vt8wk6pn5dgd_tv982c123440000gp/T/picpac-snapshots-raj9ar88/build/ModuleCache.noindex -serialize-diagnostics -emit-dependencies -emit-module -emit-module-path /var/folders/fh/vt8wk6pn5dgd_tv982c123440000gp/T/picpac-snapshots-raj9ar88/build/Build/Intermediates.noindex/PicPacKit.build/Debug-iphonesimulator/PicPacPresentation.build/Objects-normal/x86_64/PicPacPresentation.swiftmodule -validate-clang-modules-once -clang-build-session-file /var/folders/fh/vt8wk6pn5dgd_tv982c123440000gp/T/picpac-snapshots-raj9ar88/build/ModuleCache.noindex/Session.modulevalidation -package-name picpackit -Xcc -I/var/folders/fh/vt8wk6pn5dgd_tv982c123440000gp/T/picpac-snapshots-raj9ar88/build/Build/Intermediates.noindex/PicPacKit.build/Debug-iphonesimulator/PicPacPresentation.build/swift-overrides.hmap -emit-const-values -Xfrontend -const-gather-protocols-file -Xfrontend /var/folders/fh/vt8wk6pn5dgd_tv982c123440000gp/T/picpac-snapshots-raj9ar88/build/Build/Intermediates.noindex/PicPacKit.build/Debug-iphonesimulator/PicPacPresentation.build/Objects-normal/x86_64/PicPacPresentation_const_extract_protocols.json -Xcc -I/var/folders/fh/vt8wk6pn5dgd_tv982c123440000gp/T/picpac-snapshots-raj9ar88/build/Build/Products/Debug-iphonesimulator/include -Xcc -I/var/folders/fh/vt8wk6pn5dgd_tv982c123440000gp/T/picpac-snapshots-raj9ar88/build/Build/Intermediates.noindex/PicPacKit.build/Debug-iphonesimulator/PicPacPresentation.build/DerivedSources-normal/x86_64 -Xcc -I/var/folders/fh/vt8wk6pn5dgd_tv982c123440000gp/T/picpac-snapshots-raj9ar88/build/Build/Intermediates.noindex/PicPacKit.build/Debug-iphonesimulator/PicPacPresentation.build/DerivedSources/x86_64 -Xcc -I/var/folders/fh/vt8wk6pn5dgd_tv982c123440000gp/T/picpac-snapshots-raj9ar88/build/Build/Intermediates.noindex/PicPacKit.build/Debug-iphonesimulator/PicPacPresentation.build/DerivedSources -Xcc -DSWIFT_PACKAGE -Xcc -DDEBUG\=1 -emit-objc-header -emit-objc-header-path /var/folders/fh/vt8wk6pn5dgd_tv982c123440000gp/T/picpac-snapshots-raj9ar88/build/Build/Intermediates.noindex/PicPacKit.build/Debug-iphonesimulator/PicPacPresentation.build/Objects-normal/x86_64/PicPacPresentation-Swift.h -working-directory /tmp/picpac-ios-privacy-link-20260926/ios/PicPacPoe.xcodeproj -experimental-emit-module-separately -disable-cmo

Ld /var/folders/fh/vt8wk6pn5dgd_tv982c123440000gp/T/picpac-snapshots-raj9ar88/build/Build/Intermediates.noindex/PicPacKit.build/Debug-iphonesimulator/PicPacPresentation.build/Objects-normal/x86_64/Binary/PicPacPresentation.o normal x86_64 (in target 'PicPacPresentation' from project 'PicPacKit')
    cd /tmp/picpac-ios-privacy-link-20260926/ios/Packages/PicPacKit
    /Applications/Xcode.app/Contents/Developer/Toolchains/XcodeDefault.xctoolchain/usr/bin/clang -Xlinker -reproducible -target x86_64-apple-ios17.0-simulator -r -isysroot /Applications/Xcode.app/Contents/Developer/Platforms/iPhoneSimulator.platform/Developer/SDKs/iPhoneSimulator26.5.sdk -O0 -w -F/var/folders/fh/vt8wk6pn5dgd_tv982c123440000gp/T/picpac-snapshots-raj9ar88/build/Build/Intermediates.noindex/EagerLinkingTBDs/Debug-iphonesimulator -F/var/folders/fh/vt8wk6pn5dgd_tv982c123440000gp/T/picpac-snapshots-raj9ar88/build/Build/Products/Debug-iphonesimulator/PackageFrameworks -F/var/folders/fh/vt8wk6pn5dgd_tv982c123440000gp/T/picpac-snapshots-raj9ar88/build/Build/Products/Debug-iphonesimulator -iframework /Applications/Xcode.app/Contents/Developer/Platforms/iPhoneSimulator.platform/Developer/Library/Frameworks -iframework /Applications/Xcode.app/Contents/Developer/Platforms/iPhoneSimulator.platform/Developer/SDKs/iPhoneSimulator26.5.sdk/Developer/Library/Frameworks -filelist /var/folders/fh/vt8wk6pn5dgd_tv982c123440000gp/T/picpac-snapshots-raj9ar88/build/Build/Intermediates.noindex/PicPacKit.build/Debug-iphonesimulator/PicPacPresentation.build/Objects-normal/x86_64/PicPacPresentation.LinkFileList -nostdlib -Xlinker -object_path_lto -Xlinker /var/folders/fh/vt8wk6pn5dgd_tv982c123440000gp/T/picpac-snapshots-raj9ar88/build/Build/Intermediates.noindex/PicPacKit.build/Debug-iphonesimulator/PicPacPresentation.build/Objects-normal/x86_64/PicPacPresentation_lto.o -Xlinker -no_deduplicate -Xlinker -objc_abi_version -Xlinker 2 -Xlinker -debug_variant -Xlinker -dependency_info -Xlinker /var/folders/fh/vt8wk6pn5dgd_tv982c123440000gp/T/picpac-snapshots-raj9ar88/build/Build/Intermediates.noindex/PicPacKit.build/Debug-iphonesimulator/PicPacPresentation.build/Objects-normal/x86_64/PicPacPresentation_dependency_info.dat -fobjc-link-runtime -L/Applications/Xcode.app/Contents/Developer/Toolchains/XcodeDefault.xctoolchain/usr/lib/swift/iphonesimulator -L/usr/lib/swift -Xlinker -add_ast_path -Xlinker /var/folders/fh/vt8wk6pn5dgd_tv982c123440000gp/T/picpac-snapshots-raj9ar88/build/Build/Intermediates.noindex/PicPacKit.build/Debug-iphonesimulator/PicPacPresentation.build/Objects-normal/x86_64/PicPacPresentation.swiftmodule @/var/folders/fh/vt8wk6pn5dgd_tv982c123440000gp/T/picpac-snapshots-raj9ar88/build/Build/Intermediates.noindex/PicPacKit.build/Debug-iphonesimulator/PicPacPresentation.build/Objects-normal/x86_64/PicPacPresentation-linker-args.resp -o /var/folders/fh/vt8wk6pn5dgd_tv982c123440000gp/T/picpac-snapshots-raj9ar88/build/Build/Intermediates.noindex/PicPacKit.build/Debug-iphonesimulator/PicPacPresentation.build/Objects-normal/x86_64/Binary/PicPacPresentation.o

SwiftDriverJobDiscovery normal arm64 Compiling TabularPolicy.swift (in target 'PicPacAI' from project 'PicPacKit')

SwiftDriver\ Compilation PicPacAI normal arm64 com.apple.xcode.tools.swift.compiler (in target 'PicPacAI' from project 'PicPacKit')
    cd /tmp/picpac-ios-privacy-link-20260926/ios/PicPacPoe.xcodeproj
    builtin-Swift-Compilation -- /Applications/Xcode.app/Contents/Developer/Toolchains/XcodeDefault.xctoolchain/usr/bin/swiftc -module-name PicPacAI -Onone @/var/folders/fh/vt8wk6pn5dgd_tv982c123440000gp/T/picpac-snapshots-raj9ar88/build/Build/Intermediates.noindex/PicPacKit.build/Debug-iphonesimulator/PicPacAI.build/Objects-normal/arm64/PicPacAI.SwiftFileList -DSWIFT_PACKAGE -DDEBUG -DSWIFT_MODULE_RESOURCE_BUNDLE_AVAILABLE -DXcode -plugin-path /Applications/Xcode.app/Contents/Developer/Toolchains/XcodeDefault.xctoolchain/usr/lib/swift/host/plugins/testing -enable-experimental-feature DebugDescriptionMacro -sdk /Applications/Xcode.app/Contents/Developer/Platforms/iPhoneSimulator.platform/Developer/SDKs/iPhoneSimulator26.5.sdk -target arm64-apple-ios17.0-simulator -g -module-cache-path /var/folders/fh/vt8wk6pn5dgd_tv982c123440000gp/T/picpac-snapshots-raj9ar88/build/ModuleCache.noindex -Xfrontend -serialize-debugging-options -profile-coverage-mapping -profile-generate -enable-testing -suppress-warnings -index-store-path /var/folders/fh/vt8wk6pn5dgd_tv982c123440000gp/T/picpac-snapshots-raj9ar88/build/Index.noindex/DataStore -Xcc -D_LIBCPP_HARDENING_MODE\=_LIBCPP_HARDENING_MODE_DEBUG -swift-version 6 -I /var/folders/fh/vt8wk6pn5dgd_tv982c123440000gp/T/picpac-snapshots-raj9ar88/build/Build/Products/Debug-iphonesimulator -Isystem /Applications/Xcode.app/Contents/Developer/Platforms/iPhoneSimulator.platform/Developer/usr/lib -F /var/folders/fh/vt8wk6pn5dgd_tv982c123440000gp/T/picpac-snapshots-raj9ar88/build/Build/Products/Debug-iphonesimulator/PackageFrameworks -F /var/folders/fh/vt8wk6pn5dgd_tv982c123440000gp/T/picpac-snapshots-raj9ar88/build/Build/Products/Debug-iphonesimulator -F /Applications/Xcode.app/Contents/Developer/Platforms/iPhoneSimulator.platform/Developer/Library/Frameworks -F /Applications/Xcode.app/Contents/Developer/Platforms/iPhoneSimulator.platform/Developer/SDKs/iPhoneSimulator26.5.sdk/Developer/Library/Frameworks -c -j12 -enable-batch-mode -incremental -Xcc -ivfsstatcache -Xcc /var/folders/fh/vt8wk6pn5dgd_tv982c123440000gp/T/picpac-snapshots-raj9ar88/build/SDKStatCaches.noindex/iphonesimulator26.5-23F81a-6cfe768891a92b912361537c460fe42b.sdkstatcache -output-file-map /var/folders/fh/vt8wk6pn5dgd_tv982c123440000gp/T/picpac-snapshots-raj9ar88/build/Build/Intermediates.noindex/PicPacKit.build/Debug-iphonesimulator/PicPacAI.build/Objects-normal/arm64/PicPacAI-OutputFileMap.json -use-frontend-parseable-output -save-temps -no-color-diagnostics -explicit-module-build -module-cache-path /var/folders/fh/vt8wk6pn5dgd_tv982c123440000gp/T/picpac-snapshots-raj9ar88/build/Build/Intermediates.noindex/SwiftExplicitPrecompiledModules -clang-scanner-module-cache-path /var/folders/fh/vt8wk6pn5dgd_tv982c123440000gp/T/picpac-snapshots-raj9ar88/build/ModuleCache.noindex -sdk-module-cache-path /var/folders/fh/vt8wk6pn5dgd_tv982c123440000gp/T/picpac-snapshots-raj9ar88/build/ModuleCache.noindex -serialize-diagnostics -emit-dependencies -emit-module -emit-module-path /var/folders/fh/vt8wk6pn5dgd_tv982c123440000gp/T/picpac-snapshots-raj9ar88/build/Build/Intermediates.noindex/PicPacKit.build/Debug-iphonesimulator/PicPacAI.build/Objects-normal/arm64/PicPacAI.swiftmodule -validate-clang-modules-once -clang-build-session-file /var/folders/fh/vt8wk6pn5dgd_tv982c123440000gp/T/picpac-snapshots-raj9ar88/build/ModuleCache.noindex/Session.modulevalidation -package-name picpackit -Xcc -I/var/folders/fh/vt8wk6pn5dgd_tv982c123440000gp/T/picpac-snapshots-raj9ar88/build/Build/Intermediates.noindex/PicPacKit.build/Debug-iphonesimulator/PicPacAI.build/swift-overrides.hmap -emit-const-values -Xfrontend -const-gather-protocols-file -Xfrontend /var/folders/fh/vt8wk6pn5dgd_tv982c123440000gp/T/picpac-snapshots-raj9ar88/build/Build/Intermediates.noindex/PicPacKit.build/Debug-iphonesimulator/PicPacAI.build/Objects-normal/arm64/PicPacAI_const_extract_protocols.json -Xcc -I/var/folders/fh/vt8wk6pn5dgd_tv982c123440000gp/T/picpac-snapshots-raj9ar88/build/Build/Products/Debug-iphonesimulator/include -Xcc -I/var/folders/fh/vt8wk6pn5dgd_tv982c123440000gp/T/picpac-snapshots-raj9ar88/build/Build/Intermediates.noindex/PicPacKit.build/Debug-iphonesimulator/PicPacAI.build/DerivedSources-normal/arm64 -Xcc -I/var/folders/fh/vt8wk6pn5dgd_tv982c123440000gp/T/picpac-snapshots-raj9ar88/build/Build/Intermediates.noindex/PicPacKit.build/Debug-iphonesimulator/PicPacAI.build/DerivedSources/arm64 -Xcc -I/var/folders/fh/vt8wk6pn5dgd_tv982c123440000gp/T/picpac-snapshots-raj9ar88/build/Build/Intermediates.noindex/PicPacKit.build/Debug-iphonesimulator/PicPacAI.build/DerivedSources -Xcc -DSWIFT_PACKAGE -Xcc -DDEBUG\=1 -emit-objc-header -emit-objc-header-path /var/folders/fh/vt8wk6pn5dgd_tv982c123440000gp/T/picpac-snapshots-raj9ar88/build/Build/Intermediates.noindex/PicPacKit.build/Debug-iphonesimulator/PicPacAI.build/Objects-normal/arm64/PicPacAI-Swift.h -working-directory /tmp/picpac-ios-privacy-link-20260926/ios/PicPacPoe.xcodeproj -experimental-emit-module-separately -disable-cmo

Ld /var/folders/fh/vt8wk6pn5dgd_tv982c123440000gp/T/picpac-snapshots-raj9ar88/build/Build/Intermediates.noindex/PicPacKit.build/Debug-iphonesimulator/PicPacAI.build/Objects-normal/arm64/Binary/PicPacAI.o normal arm64 (in target 'PicPacAI' from project 'PicPacKit')
    cd /tmp/picpac-ios-privacy-link-20260926/ios/Packages/PicPacKit
    /Applications/Xcode.app/Contents/Developer/Toolchains/XcodeDefault.xctoolchain/usr/bin/clang -Xlinker -reproducible -target arm64-apple-ios17.0-simulator -r -isysroot /Applications/Xcode.app/Contents/Developer/Platforms/iPhoneSimulator.platform/Developer/SDKs/iPhoneSimulator26.5.sdk -O0 -w -F/var/folders/fh/vt8wk6pn5dgd_tv982c123440000gp/T/picpac-snapshots-raj9ar88/build/Build/Intermediates.noindex/EagerLinkingTBDs/Debug-iphonesimulator -F/var/folders/fh/vt8wk6pn5dgd_tv982c123440000gp/T/picpac-snapshots-raj9ar88/build/Build/Products/Debug-iphonesimulator/PackageFrameworks -F/var/folders/fh/vt8wk6pn5dgd_tv982c123440000gp/T/picpac-snapshots-raj9ar88/build/Build/Products/Debug-iphonesimulator -iframework /Applications/Xcode.app/Contents/Developer/Platforms/iPhoneSimulator.platform/Developer/Library/Frameworks -iframework /Applications/Xcode.app/Contents/Developer/Platforms/iPhoneSimulator.platform/Developer/SDKs/iPhoneSimulator26.5.sdk/Developer/Library/Frameworks -filelist /var/folders/fh/vt8wk6pn5dgd_tv982c123440000gp/T/picpac-snapshots-raj9ar88/build/Build/Intermediates.noindex/PicPacKit.build/Debug-iphonesimulator/PicPacAI.build/Objects-normal/arm64/PicPacAI.LinkFileList -nostdlib -Xlinker -object_path_lto -Xlinker /var/folders/fh/vt8wk6pn5dgd_tv982c123440000gp/T/picpac-snapshots-raj9ar88/build/Build/Intermediates.noindex/PicPacKit.build/Debug-iphonesimulator/PicPacAI.build/Objects-normal/arm64/PicPacAI_lto.o -Xlinker -no_deduplicate -Xlinker -objc_abi_version -Xlinker 2 -Xlinker -debug_variant -Xlinker -dependency_info -Xlinker /var/folders/fh/vt8wk6pn5dgd_tv982c123440000gp/T/picpac-snapshots-raj9ar88/build/Build/Intermediates.noindex/PicPacKit.build/Debug-iphonesimulator/PicPacAI.build/Objects-normal/arm64/PicPacAI_dependency_info.dat -fobjc-link-runtime -L/Applications/Xcode.app/Contents/Developer/Toolchains/XcodeDefault.xctoolchain/usr/lib/swift/iphonesimulator -L/usr/lib/swift -Xlinker -add_ast_path -Xlinker /var/folders/fh/vt8wk6pn5dgd_tv982c123440000gp/T/picpac-snapshots-raj9ar88/build/Build/Intermediates.noindex/PicPacKit.build/Debug-iphonesimulator/PicPacAI.build/Objects-normal/arm64/PicPacAI.swiftmodule @/var/folders/fh/vt8wk6pn5dgd_tv982c123440000gp/T/picpac-snapshots-raj9ar88/build/Build/Intermediates.noindex/PicPacKit.build/Debug-iphonesimulator/PicPacAI.build/Objects-normal/arm64/PicPacAI-linker-args.resp -o /var/folders/fh/vt8wk6pn5dgd_tv982c123440000gp/T/picpac-snapshots-raj9ar88/build/Build/Intermediates.noindex/PicPacKit.build/Debug-iphonesimulator/PicPacAI.build/Objects-normal/arm64/Binary/PicPacAI.o

SwiftDriverJobDiscovery normal arm64 Compiling GameCoordinator.swift (in target 'PicPacPresentation' from project 'PicPacKit')

SwiftDriver\ Compilation PicPacPresentation normal arm64 com.apple.xcode.tools.swift.compiler (in target 'PicPacPresentation' from project 'PicPacKit')
    cd /tmp/picpac-ios-privacy-link-20260926/ios/PicPacPoe.xcodeproj
    builtin-Swift-Compilation -- /Applications/Xcode.app/Contents/Developer/Toolchains/XcodeDefault.xctoolchain/usr/bin/swiftc -module-name PicPacPresentation -Onone @/var/folders/fh/vt8wk6pn5dgd_tv982c123440000gp/T/picpac-snapshots-raj9ar88/build/Build/Intermediates.noindex/PicPacKit.build/Debug-iphonesimulator/PicPacPresentation.build/Objects-normal/arm64/PicPacPresentation.SwiftFileList -DSWIFT_PACKAGE -DDEBUG -DSWIFT_MODULE_RESOURCE_BUNDLE_UNAVAILABLE -DXcode -plugin-path /Applications/Xcode.app/Contents/Developer/Toolchains/XcodeDefault.xctoolchain/usr/lib/swift/host/plugins/testing -enable-experimental-feature DebugDescriptionMacro -sdk /Applications/Xcode.app/Contents/Developer/Platforms/iPhoneSimulator.platform/Developer/SDKs/iPhoneSimulator26.5.sdk -target arm64-apple-ios17.0-simulator -g -module-cache-path /var/folders/fh/vt8wk6pn5dgd_tv982c123440000gp/T/picpac-snapshots-raj9ar88/build/ModuleCache.noindex -Xfrontend -serialize-debugging-options -profile-coverage-mapping -profile-generate -enable-testing -suppress-warnings -index-store-path /var/folders/fh/vt8wk6pn5dgd_tv982c123440000gp/T/picpac-snapshots-raj9ar88/build/Index.noindex/DataStore -Xcc -D_LIBCPP_HARDENING_MODE\=_LIBCPP_HARDENING_MODE_DEBUG -swift-version 6 -I /var/folders/fh/vt8wk6pn5dgd_tv982c123440000gp/T/picpac-snapshots-raj9ar88/build/Build/Products/Debug-iphonesimulator -Isystem /Applications/Xcode.app/Contents/Developer/Platforms/iPhoneSimulator.platform/Developer/usr/lib -F /var/folders/fh/vt8wk6pn5dgd_tv982c123440000gp/T/picpac-snapshots-raj9ar88/build/Build/Products/Debug-iphonesimulator/PackageFrameworks -F /var/folders/fh/vt8wk6pn5dgd_tv982c123440000gp/T/picpac-snapshots-raj9ar88/build/Build/Products/Debug-iphonesimulator -F /Applications/Xcode.app/Contents/Developer/Platforms/iPhoneSimulator.platform/Developer/Library/Frameworks -F /Applications/Xcode.app/Contents/Developer/Platforms/iPhoneSimulator.platform/Developer/SDKs/iPhoneSimulator26.5.sdk/Developer/Library/Frameworks -c -j12 -enable-batch-mode -incremental -Xcc -ivfsstatcache -Xcc /var/folders/fh/vt8wk6pn5dgd_tv982c123440000gp/T/picpac-snapshots-raj9ar88/build/SDKStatCaches.noindex/iphonesimulator26.5-23F81a-6cfe768891a92b912361537c460fe42b.sdkstatcache -output-file-map /var/folders/fh/vt8wk6pn5dgd_tv982c123440000gp/T/picpac-snapshots-raj9ar88/build/Build/Intermediates.noindex/PicPacKit.build/Debug-iphonesimulator/PicPacPresentation.build/Objects-normal/arm64/PicPacPresentation-OutputFileMap.json -use-frontend-parseable-output -save-temps -no-color-diagnostics -explicit-module-build -module-cache-path /var/folders/fh/vt8wk6pn5dgd_tv982c123440000gp/T/picpac-snapshots-raj9ar88/build/Build/Intermediates.noindex/SwiftExplicitPrecompiledModules -clang-scanner-module-cache-path /var/folders/fh/vt8wk6pn5dgd_tv982c123440000gp/T/picpac-snapshots-raj9ar88/build/ModuleCache.noindex -sdk-module-cache-path /var/folders/fh/vt8wk6pn5dgd_tv982c123440000gp/T/picpac-snapshots-raj9ar88/build/ModuleCache.noindex -serialize-diagnostics -emit-dependencies -emit-module -emit-module-path /var/folders/fh/vt8wk6pn5dgd_tv982c123440000gp/T/picpac-snapshots-raj9ar88/build/Build/Intermediates.noindex/PicPacKit.build/Debug-iphonesimulator/PicPacPresentation.build/Objects-normal/arm64/PicPacPresentation.swiftmodule -validate-clang-modules-once -clang-build-session-file /var/folders/fh/vt8wk6pn5dgd_tv982c123440000gp/T/picpac-snapshots-raj9ar88/build/ModuleCache.noindex/Session.modulevalidation -package-name picpackit -Xcc -I/var/folders/fh/vt8wk6pn5dgd_tv982c123440000gp/T/picpac-snapshots-raj9ar88/build/Build/Intermediates.noindex/PicPacKit.build/Debug-iphonesimulator/PicPacPresentation.build/swift-overrides.hmap -emit-const-values -Xfrontend -const-gather-protocols-file -Xfrontend /var/folders/fh/vt8wk6pn5dgd_tv982c123440000gp/T/picpac-snapshots-raj9ar88/build/Build/Intermediates.noindex/PicPacKit.build/Debug-iphonesimulator/PicPacPresentation.build/Objects-normal/arm64/PicPacPresentation_const_extract_protocols.json -Xcc -I/var/folders/fh/vt8wk6pn5dgd_tv982c123440000gp/T/picpac-snapshots-raj9ar88/build/Build/Products/Debug-iphonesimulator/include -Xcc -I/var/folders/fh/vt8wk6pn5dgd_tv982c123440000gp/T/picpac-snapshots-raj9ar88/build/Build/Intermediates.noindex/PicPacKit.build/Debug-iphonesimulator/PicPacPresentation.build/DerivedSources-normal/arm64 -Xcc -I/var/folders/fh/vt8wk6pn5dgd_tv982c123440000gp/T/picpac-snapshots-raj9ar88/build/Build/Intermediates.noindex/PicPacKit.build/Debug-iphonesimulator/PicPacPresentation.build/DerivedSources/arm64 -Xcc -I/var/folders/fh/vt8wk6pn5dgd_tv982c123440000gp/T/picpac-snapshots-raj9ar88/build/Build/Intermediates.noindex/PicPacKit.build/Debug-iphonesimulator/PicPacPresentation.build/DerivedSources -Xcc -DSWIFT_PACKAGE -Xcc -DDEBUG\=1 -emit-objc-header -emit-objc-header-path /var/folders/fh/vt8wk6pn5dgd_tv982c123440000gp/T/picpac-snapshots-raj9ar88/build/Build/Intermediates.noindex/PicPacKit.build/Debug-iphonesimulator/PicPacPresentation.build/Objects-normal/arm64/PicPacPresentation-Swift.h -working-directory /tmp/picpac-ios-privacy-link-20260926/ios/PicPacPoe.xcodeproj -experimental-emit-module-separately -disable-cmo

Ld /var/folders/fh/vt8wk6pn5dgd_tv982c123440000gp/T/picpac-snapshots-raj9ar88/build/Build/Intermediates.noindex/PicPacKit.build/Debug-iphonesimulator/PicPacPresentation.build/Objects-normal/arm64/Binary/PicPacPresentation.o normal arm64 (in target 'PicPacPresentation' from project 'PicPacKit')
    cd /tmp/picpac-ios-privacy-link-20260926/ios/Packages/PicPacKit
    /Applications/Xcode.app/Contents/Developer/Toolchains/XcodeDefault.xctoolchain/usr/bin/clang -Xlinker -reproducible -target arm64-apple-ios17.0-simulator -r -isysroot /Applications/Xcode.app/Contents/Developer/Platforms/iPhoneSimulator.platform/Developer/SDKs/iPhoneSimulator26.5.sdk -O0 -w -F/var/folders/fh/vt8wk6pn5dgd_tv982c123440000gp/T/picpac-snapshots-raj9ar88/build/Build/Intermediates.noindex/EagerLinkingTBDs/Debug-iphonesimulator -F/var/folders/fh/vt8wk6pn5dgd_tv982c123440000gp/T/picpac-snapshots-raj9ar88/build/Build/Products/Debug-iphonesimulator/PackageFrameworks -F/var/folders/fh/vt8wk6pn5dgd_tv982c123440000gp/T/picpac-snapshots-raj9ar88/build/Build/Products/Debug-iphonesimulator -iframework /Applications/Xcode.app/Contents/Developer/Platforms/iPhoneSimulator.platform/Developer/Library/Frameworks -iframework /Applications/Xcode.app/Contents/Developer/Platforms/iPhoneSimulator.platform/Developer/SDKs/iPhoneSimulator26.5.sdk/Developer/Library/Frameworks -filelist /var/folders/fh/vt8wk6pn5dgd_tv982c123440000gp/T/picpac-snapshots-raj9ar88/build/Build/Intermediates.noindex/PicPacKit.build/Debug-iphonesimulator/PicPacPresentation.build/Objects-normal/arm64/PicPacPresentation.LinkFileList -nostdlib -Xlinker -object_path_lto -Xlinker /var/folders/fh/vt8wk6pn5dgd_tv982c123440000gp/T/picpac-snapshots-raj9ar88/build/Build/Intermediates.noindex/PicPacKit.build/Debug-iphonesimulator/PicPacPresentation.build/Objects-normal/arm64/PicPacPresentation_lto.o -Xlinker -no_deduplicate -Xlinker -objc_abi_version -Xlinker 2 -Xlinker -debug_variant -Xlinker -dependency_info -Xlinker /var/folders/fh/vt8wk6pn5dgd_tv982c123440000gp/T/picpac-snapshots-raj9ar88/build/Build/Intermediates.noindex/PicPacKit.build/Debug-iphonesimulator/PicPacPresentation.build/Objects-normal/arm64/PicPacPresentation_dependency_info.dat -fobjc-link-runtime -L/Applications/Xcode.app/Contents/Developer/Toolchains/XcodeDefault.xctoolchain/usr/lib/swift/iphonesimulator -L/usr/lib/swift -Xlinker -add_ast_path -Xlinker /var/folders/fh/vt8wk6pn5dgd_tv982c123440000gp/T/picpac-snapshots-raj9ar88/build/Build/Intermediates.noindex/PicPacKit.build/Debug-iphonesimulator/PicPacPresentation.build/Objects-normal/arm64/PicPacPresentation.swiftmodule @/var/folders/fh/vt8wk6pn5dgd_tv982c123440000gp/T/picpac-snapshots-raj9ar88/build/Build/Intermediates.noindex/PicPacKit.build/Debug-iphonesimulator/PicPacPresentation.build/Objects-normal/arm64/PicPacPresentation-linker-args.resp -o /var/folders/fh/vt8wk6pn5dgd_tv982c123440000gp/T/picpac-snapshots-raj9ar88/build/Build/Intermediates.noindex/PicPacKit.build/Debug-iphonesimulator/PicPacPresentation.build/Objects-normal/arm64/Binary/PicPacPresentation.o

CreateUniversalBinary /var/folders/fh/vt8wk6pn5dgd_tv982c123440000gp/T/picpac-snapshots-raj9ar88/build/Build/Products/Debug-iphonesimulator/PicPacAI.o normal arm64\ x86_64 (in target 'PicPacAI' from project 'PicPacKit')
    cd /tmp/picpac-ios-privacy-link-20260926/ios/Packages/PicPacKit
    /Applications/Xcode.app/Contents/Developer/Toolchains/XcodeDefault.xctoolchain/usr/bin/lipo -create /var/folders/fh/vt8wk6pn5dgd_tv982c123440000gp/T/picpac-snapshots-raj9ar88/build/Build/Intermediates.noindex/PicPacKit.build/Debug-iphonesimulator/PicPacAI.build/Objects-normal/arm64/Binary/PicPacAI.o /var/folders/fh/vt8wk6pn5dgd_tv982c123440000gp/T/picpac-snapshots-raj9ar88/build/Build/Intermediates.noindex/PicPacKit.build/Debug-iphonesimulator/PicPacAI.build/Objects-normal/x86_64/Binary/PicPacAI.o -output /var/folders/fh/vt8wk6pn5dgd_tv982c123440000gp/T/picpac-snapshots-raj9ar88/build/Build/Products/Debug-iphonesimulator/PicPacAI.o

ExtractAppIntentsMetadata (in target 'PicPacAI' from project 'PicPacKit')
    cd /tmp/picpac-ios-privacy-link-20260926/ios/Packages/PicPacKit
    /Applications/Xcode.app/Contents/Developer/Toolchains/XcodeDefault.xctoolchain/usr/bin/appintentsmetadataprocessor --toolchain-dir /Applications/Xcode.app/Contents/Developer/Toolchains/XcodeDefault.xctoolchain --module-name PicPacAI --sdk-root /Applications/Xcode.app/Contents/Developer/Platforms/iPhoneSimulator.platform/Developer/SDKs/iPhoneSimulator26.5.sdk --xcode-version 17F113 --platform-family iOS --deployment-target 17.0 --bundle-identifier picpackit.PicPacAI --output /var/folders/fh/vt8wk6pn5dgd_tv982c123440000gp/T/picpac-snapshots-raj9ar88/build/Build/Products/Debug-iphonesimulator/PicPacAI.appintents --target-triple arm64-apple-ios17.0-simulator --target-triple x86_64-apple-ios17.0-simulator --binary-file /var/folders/fh/vt8wk6pn5dgd_tv982c123440000gp/T/picpac-snapshots-raj9ar88/build/Build/Products/Debug-iphonesimulator/PicPacAI.o --dependency-file /var/folders/fh/vt8wk6pn5dgd_tv982c123440000gp/T/picpac-snapshots-raj9ar88/build/Build/Intermediates.noindex/PicPacKit.build/Debug-iphonesimulator/PicPacAI.build/Objects-normal/arm64/PicPacAI_dependency_info.dat --dependency-file /var/folders/fh/vt8wk6pn5dgd_tv982c123440000gp/T/picpac-snapshots-raj9ar88/build/Build/Intermediates.noindex/PicPacKit.build/Debug-iphonesimulator/PicPacAI.build/Objects-normal/x86_64/PicPacAI_dependency_info.dat --stringsdata-file /var/folders/fh/vt8wk6pn5dgd_tv982c123440000gp/T/picpac-snapshots-raj9ar88/build/Build/Intermediates.noindex/PicPacKit.build/Debug-iphonesimulator/PicPacAI.build/Objects-normal/arm64/ExtractedAppShortcutsMetadata.stringsdata --stringsdata-file /var/folders/fh/vt8wk6pn5dgd_tv982c123440000gp/T/picpac-snapshots-raj9ar88/build/Build/Intermediates.noindex/PicPacKit.build/Debug-iphonesimulator/PicPacAI.build/Objects-normal/x86_64/ExtractedAppShortcutsMetadata.stringsdata --source-file-list /var/folders/fh/vt8wk6pn5dgd_tv982c123440000gp/T/picpac-snapshots-raj9ar88/build/Build/Intermediates.noindex/PicPacKit.build/Debug-iphonesimulator/PicPacAI.build/Objects-normal/arm64/PicPacAI.SwiftFileList --source-file-list /var/folders/fh/vt8wk6pn5dgd_tv982c123440000gp/T/picpac-snapshots-raj9ar88/build/Build/Intermediates.noindex/PicPacKit.build/Debug-iphonesimulator/PicPacAI.build/Objects-normal/x86_64/PicPacAI.SwiftFileList --metadata-file-list /var/folders/fh/vt8wk6pn5dgd_tv982c123440000gp/T/picpac-snapshots-raj9ar88/build/Build/Intermediates.noindex/PicPacKit.build/Debug-iphonesimulator/PicPacAI.build/PicPacAI.DependencyMetadataFileList --static-metadata-file-list /var/folders/fh/vt8wk6pn5dgd_tv982c123440000gp/T/picpac-snapshots-raj9ar88/build/Build/Intermediates.noindex/PicPacKit.build/Debug-iphonesimulator/PicPacAI.build/PicPacAI.DependencyStaticMetadataFileList --swift-const-vals-list /var/folders/fh/vt8wk6pn5dgd_tv982c123440000gp/T/picpac-snapshots-raj9ar88/build/Build/Intermediates.noindex/PicPacKit.build/Debug-iphonesimulator/PicPacAI.build/Objects-normal/arm64/PicPacAI.SwiftConstValuesFileList --swift-const-vals-list /var/folders/fh/vt8wk6pn5dgd_tv982c123440000gp/T/picpac-snapshots-raj9ar88/build/Build/Intermediates.noindex/PicPacKit.build/Debug-iphonesimulator/PicPacAI.build/Objects-normal/x86_64/PicPacAI.SwiftConstValuesFileList --force --compile-time-extraction --deployment-aware-processing --validate-assistant-intents --no-app-shortcuts-localization
2026-09-26 13:30:32.198 appintentsmetadataprocessor[23627:118359880] Starting appintentsmetadataprocessor export
2026-09-26 13:30:32.206 appintentsmetadataprocessor[23627:118359880] Extracted no relevant App Intents symbols, skipping writing output

CreateUniversalBinary /var/folders/fh/vt8wk6pn5dgd_tv982c123440000gp/T/picpac-snapshots-raj9ar88/build/Build/Products/Debug-iphonesimulator/PicPacPresentation.o normal arm64\ x86_64 (in target 'PicPacPresentation' from project 'PicPacKit')
    cd /tmp/picpac-ios-privacy-link-20260926/ios/Packages/PicPacKit
    /Applications/Xcode.app/Contents/Developer/Toolchains/XcodeDefault.xctoolchain/usr/bin/lipo -create /var/folders/fh/vt8wk6pn5dgd_tv982c123440000gp/T/picpac-snapshots-raj9ar88/build/Build/Intermediates.noindex/PicPacKit.build/Debug-iphonesimulator/PicPacPresentation.build/Objects-normal/arm64/Binary/PicPacPresentation.o /var/folders/fh/vt8wk6pn5dgd_tv982c123440000gp/T/picpac-snapshots-raj9ar88/build/Build/Intermediates.noindex/PicPacKit.build/Debug-iphonesimulator/PicPacPresentation.build/Objects-normal/x86_64/Binary/PicPacPresentation.o -output /var/folders/fh/vt8wk6pn5dgd_tv982c123440000gp/T/picpac-snapshots-raj9ar88/build/Build/Products/Debug-iphonesimulator/PicPacPresentation.o

RegisterExecutionPolicyException /var/folders/fh/vt8wk6pn5dgd_tv982c123440000gp/T/picpac-snapshots-raj9ar88/build/Build/Products/Debug-iphonesimulator/PicPacAI.o (in target 'PicPacAI' from project 'PicPacKit')
    cd /tmp/picpac-ios-privacy-link-20260926/ios/Packages/PicPacKit
    builtin-RegisterExecutionPolicyException /var/folders/fh/vt8wk6pn5dgd_tv982c123440000gp/T/picpac-snapshots-raj9ar88/build/Build/Products/Debug-iphonesimulator/PicPacAI.o

ExtractAppIntentsMetadata (in target 'PicPacPresentation' from project 'PicPacKit')
    cd /tmp/picpac-ios-privacy-link-20260926/ios/Packages/PicPacKit
    /Applications/Xcode.app/Contents/Developer/Toolchains/XcodeDefault.xctoolchain/usr/bin/appintentsmetadataprocessor --toolchain-dir /Applications/Xcode.app/Contents/Developer/Toolchains/XcodeDefault.xctoolchain --module-name PicPacPresentation --sdk-root /Applications/Xcode.app/Contents/Developer/Platforms/iPhoneSimulator.platform/Developer/SDKs/iPhoneSimulator26.5.sdk --xcode-version 17F113 --platform-family iOS --deployment-target 17.0 --bundle-identifier picpackit.PicPacPresentation --output /var/folders/fh/vt8wk6pn5dgd_tv982c123440000gp/T/picpac-snapshots-raj9ar88/build/Build/Products/Debug-iphonesimulator/PicPacPresentation.appintents --target-triple arm64-apple-ios17.0-simulator --target-triple x86_64-apple-ios17.0-simulator --binary-file /var/folders/fh/vt8wk6pn5dgd_tv982c123440000gp/T/picpac-snapshots-raj9ar88/build/Build/Products/Debug-iphonesimulator/PicPacPresentation.o --dependency-file /var/folders/fh/vt8wk6pn5dgd_tv982c123440000gp/T/picpac-snapshots-raj9ar88/build/Build/Intermediates.noindex/PicPacKit.build/Debug-iphonesimulator/PicPacPresentation.build/Objects-normal/arm64/PicPacPresentation_dependency_info.dat --dependency-file /var/folders/fh/vt8wk6pn5dgd_tv982c123440000gp/T/picpac-snapshots-raj9ar88/build/Build/Intermediates.noindex/PicPacKit.build/Debug-iphonesimulator/PicPacPresentation.build/Objects-normal/x86_64/PicPacPresentation_dependency_info.dat --stringsdata-file /var/folders/fh/vt8wk6pn5dgd_tv982c123440000gp/T/picpac-snapshots-raj9ar88/build/Build/Intermediates.noindex/PicPacKit.build/Debug-iphonesimulator/PicPacPresentation.build/Objects-normal/arm64/ExtractedAppShortcutsMetadata.stringsdata --stringsdata-file /var/folders/fh/vt8wk6pn5dgd_tv982c123440000gp/T/picpac-snapshots-raj9ar88/build/Build/Intermediates.noindex/PicPacKit.build/Debug-iphonesimulator/PicPacPresentation.build/Objects-normal/x86_64/ExtractedAppShortcutsMetadata.stringsdata --source-file-list /var/folders/fh/vt8wk6pn5dgd_tv982c123440000gp/T/picpac-snapshots-raj9ar88/build/Build/Intermediates.noindex/PicPacKit.build/Debug-iphonesimulator/PicPacPresentation.build/Objects-normal/arm64/PicPacPresentation.SwiftFileList --source-file-list /var/folders/fh/vt8wk6pn5dgd_tv982c123440000gp/T/picpac-snapshots-raj9ar88/build/Build/Intermediates.noindex/PicPacKit.build/Debug-iphonesimulator/PicPacPresentation.build/Objects-normal/x86_64/PicPacPresentation.SwiftFileList --metadata-file-list /var/folders/fh/vt8wk6pn5dgd_tv982c123440000gp/T/picpac-snapshots-raj9ar88/build/Build/Intermediates.noindex/PicPacKit.build/Debug-iphonesimulator/PicPacPresentation.build/PicPacPresentation.DependencyMetadataFileList --static-metadata-file-list /var/folders/fh/vt8wk6pn5dgd_tv982c123440000gp/T/picpac-snapshots-raj9ar88/build/Build/Intermediates.noindex/PicPacKit.build/Debug-iphonesimulator/PicPacPresentation.build/PicPacPresentation.DependencyStaticMetadataFileList --swift-const-vals-list /var/folders/fh/vt8wk6pn5dgd_tv982c123440000gp/T/picpac-snapshots-raj9ar88/build/Build/Intermediates.noindex/PicPacKit.build/Debug-iphonesimulator/PicPacPresentation.build/Objects-normal/arm64/PicPacPresentation.SwiftConstValuesFileList --swift-const-vals-list /var/folders/fh/vt8wk6pn5dgd_tv982c123440000gp/T/picpac-snapshots-raj9ar88/build/Build/Intermediates.noindex/PicPacKit.build/Debug-iphonesimulator/PicPacPresentation.build/Objects-normal/x86_64/PicPacPresentation.SwiftConstValuesFileList --force --compile-time-extraction --deployment-aware-processing --validate-assistant-intents --no-app-shortcuts-localization
2026-09-26 13:30:32.223 appintentsmetadataprocessor[23631:118359899] Starting appintentsmetadataprocessor export
2026-09-26 13:30:32.232 appintentsmetadataprocessor[23631:118359899] Extracted no relevant App Intents symbols, skipping writing output

RegisterExecutionPolicyException /var/folders/fh/vt8wk6pn5dgd_tv982c123440000gp/T/picpac-snapshots-raj9ar88/build/Build/Products/Debug-iphonesimulator/PicPacPresentation.o (in target 'PicPacPresentation' from project 'PicPacKit')
    cd /tmp/picpac-ios-privacy-link-20260926/ios/Packages/PicPacKit
    builtin-RegisterExecutionPolicyException /var/folders/fh/vt8wk6pn5dgd_tv982c123440000gp/T/picpac-snapshots-raj9ar88/build/Build/Products/Debug-iphonesimulator/PicPacPresentation.o

CpResource /var/folders/fh/vt8wk6pn5dgd_tv982c123440000gp/T/picpac-snapshots-raj9ar88/build/Build/Products/Debug-iphonesimulator/PicPacPoe.app/fredoka_medium.ttf /tmp/picpac-ios-privacy-link-20260926/app/src/main/res/font/fredoka_medium.ttf (in target 'PicPacPoe' from project 'PicPacPoe')
    cd /tmp/picpac-ios-privacy-link-20260926/ios
    builtin-copy -exclude .DS_Store -exclude CVS -exclude .svn -exclude .git -exclude .hg -resolve-src-symlinks /tmp/picpac-ios-privacy-link-20260926/app/src/main/res/font/fredoka_medium.ttf /var/folders/fh/vt8wk6pn5dgd_tv982c123440000gp/T/picpac-snapshots-raj9ar88/build/Build/Products/Debug-iphonesimulator/PicPacPoe.app

CpResource /var/folders/fh/vt8wk6pn5dgd_tv982c123440000gp/T/picpac-snapshots-raj9ar88/build/Build/Products/Debug-iphonesimulator/PicPacPoe.app/fredoka_semibold.ttf /tmp/picpac-ios-privacy-link-20260926/app/src/main/res/font/fredoka_semibold.ttf (in target 'PicPacPoe' from project 'PicPacPoe')
    cd /tmp/picpac-ios-privacy-link-20260926/ios
    builtin-copy -exclude .DS_Store -exclude CVS -exclude .svn -exclude .git -exclude .hg -resolve-src-symlinks /tmp/picpac-ios-privacy-link-20260926/app/src/main/res/font/fredoka_semibold.ttf /var/folders/fh/vt8wk6pn5dgd_tv982c123440000gp/T/picpac-snapshots-raj9ar88/build/Build/Products/Debug-iphonesimulator/PicPacPoe.app

CpResource /var/folders/fh/vt8wk6pn5dgd_tv982c123440000gp/T/picpac-snapshots-raj9ar88/build/Build/Products/Debug-iphonesimulator/PicPacPoe.app/fredoka-OFL.txt /tmp/picpac-ios-privacy-link-20260926/app/src/main/assets/licenses/fredoka-OFL.txt (in target 'PicPacPoe' from project 'PicPacPoe')
    cd /tmp/picpac-ios-privacy-link-20260926/ios
    builtin-copy -exclude .DS_Store -exclude CVS -exclude .svn -exclude .git -exclude .hg -resolve-src-symlinks /tmp/picpac-ios-privacy-link-20260926/app/src/main/assets/licenses/fredoka-OFL.txt /var/folders/fh/vt8wk6pn5dgd_tv982c123440000gp/T/picpac-snapshots-raj9ar88/build/Build/Products/Debug-iphonesimulator/PicPacPoe.app

CpResource /var/folders/fh/vt8wk6pn5dgd_tv982c123440000gp/T/picpac-snapshots-raj9ar88/build/Build/Products/Debug-iphonesimulator/PicPacPoe.app/PrivacyInfo.xcprivacy /tmp/picpac-ios-privacy-link-20260926/ios/PicPacPoe/PrivacyInfo.xcprivacy (in target 'PicPacPoe' from project 'PicPacPoe')
    cd /tmp/picpac-ios-privacy-link-20260926/ios
    builtin-copy -exclude .DS_Store -exclude CVS -exclude .svn -exclude .git -exclude .hg -resolve-src-symlinks /tmp/picpac-ios-privacy-link-20260926/ios/PicPacPoe/PrivacyInfo.xcprivacy /var/folders/fh/vt8wk6pn5dgd_tv982c123440000gp/T/picpac-snapshots-raj9ar88/build/Build/Products/Debug-iphonesimulator/PicPacPoe.app

Copy /var/folders/fh/vt8wk6pn5dgd_tv982c123440000gp/T/picpac-snapshots-raj9ar88/build/Build/Products/Debug-iphonesimulator/PicPacPoe.app/PicPacKit_PicPacAI.bundle /var/folders/fh/vt8wk6pn5dgd_tv982c123440000gp/T/picpac-snapshots-raj9ar88/build/Build/Products/Debug-iphonesimulator/PicPacKit_PicPacAI.bundle (in target 'PicPacPoe' from project 'PicPacPoe')
    cd /tmp/picpac-ios-privacy-link-20260926/ios
    builtin-copy -exclude .DS_Store -exclude CVS -exclude .svn -exclude .git -exclude .hg -resolve-src-symlinks /var/folders/fh/vt8wk6pn5dgd_tv982c123440000gp/T/picpac-snapshots-raj9ar88/build/Build/Products/Debug-iphonesimulator/PicPacKit_PicPacAI.bundle /var/folders/fh/vt8wk6pn5dgd_tv982c123440000gp/T/picpac-snapshots-raj9ar88/build/Build/Products/Debug-iphonesimulator/PicPacPoe.app

Ld /var/folders/fh/vt8wk6pn5dgd_tv982c123440000gp/T/picpac-snapshots-raj9ar88/build/Build/Intermediates.noindex/PicPacPoe.build/Debug-iphonesimulator/PicPacPoe.build/Objects-normal/arm64/Binary/__preview.dylib normal arm64 (in target 'PicPacPoe' from project 'PicPacPoe')
    cd /tmp/picpac-ios-privacy-link-20260926/ios
    /Applications/Xcode.app/Contents/Developer/Toolchains/XcodeDefault.xctoolchain/usr/bin/clang -Xlinker -reproducible -target arm64-apple-ios17.0-simulator -dynamiclib -isysroot /Applications/Xcode.app/Contents/Developer/Platforms/iPhoneSimulator.platform/Developer/SDKs/iPhoneSimulator26.5.sdk -O0 -L/var/folders/fh/vt8wk6pn5dgd_tv982c123440000gp/T/picpac-snapshots-raj9ar88/build/Build/Products/Debug-iphonesimulator -F/var/folders/fh/vt8wk6pn5dgd_tv982c123440000gp/T/picpac-snapshots-raj9ar88/build/Build/Products/Debug-iphonesimulator/PackageFrameworks -F/var/folders/fh/vt8wk6pn5dgd_tv982c123440000gp/T/picpac-snapshots-raj9ar88/build/Build/Products/Debug-iphonesimulator/PackageFrameworks -F/var/folders/fh/vt8wk6pn5dgd_tv982c123440000gp/T/picpac-snapshots-raj9ar88/build/Build/Products/Debug-iphonesimulator/PackageFrameworks -F/var/folders/fh/vt8wk6pn5dgd_tv982c123440000gp/T/picpac-snapshots-raj9ar88/build/Build/Products/Debug-iphonesimulator -install_name @rpath/PicPacPoe.debug.dylib -Xlinker -dead_strip -rdynamic -Xlinker -no_deduplicate -Xlinker -objc_abi_version -Xlinker 2 -Xlinker -debug_variant -Xlinker -dependency_info -Xlinker /var/folders/fh/vt8wk6pn5dgd_tv982c123440000gp/T/picpac-snapshots-raj9ar88/build/Build/Intermediates.noindex/PicPacPoe.build/Debug-iphonesimulator/PicPacPoe.build/Objects-normal/arm64/PicPacPoe_dependency_info.dat -o /var/folders/fh/vt8wk6pn5dgd_tv982c123440000gp/T/picpac-snapshots-raj9ar88/build/Build/Intermediates.noindex/PicPacPoe.build/Debug-iphonesimulator/PicPacPoe.build/Objects-normal/arm64/Binary/__preview.dylib

Ld /var/folders/fh/vt8wk6pn5dgd_tv982c123440000gp/T/picpac-snapshots-raj9ar88/build/Build/Intermediates.noindex/PicPacPoe.build/Debug-iphonesimulator/PicPacPoe.build/Objects-normal/x86_64/Binary/__preview.dylib normal x86_64 (in target 'PicPacPoe' from project 'PicPacPoe')
    cd /tmp/picpac-ios-privacy-link-20260926/ios
    /Applications/Xcode.app/Contents/Developer/Toolchains/XcodeDefault.xctoolchain/usr/bin/clang -Xlinker -reproducible -target x86_64-apple-ios17.0-simulator -dynamiclib -isysroot /Applications/Xcode.app/Contents/Developer/Platforms/iPhoneSimulator.platform/Developer/SDKs/iPhoneSimulator26.5.sdk -O0 -L/var/folders/fh/vt8wk6pn5dgd_tv982c123440000gp/T/picpac-snapshots-raj9ar88/build/Build/Products/Debug-iphonesimulator -F/var/folders/fh/vt8wk6pn5dgd_tv982c123440000gp/T/picpac-snapshots-raj9ar88/build/Build/Products/Debug-iphonesimulator/PackageFrameworks -F/var/folders/fh/vt8wk6pn5dgd_tv982c123440000gp/T/picpac-snapshots-raj9ar88/build/Build/Products/Debug-iphonesimulator/PackageFrameworks -F/var/folders/fh/vt8wk6pn5dgd_tv982c123440000gp/T/picpac-snapshots-raj9ar88/build/Build/Products/Debug-iphonesimulator/PackageFrameworks -F/var/folders/fh/vt8wk6pn5dgd_tv982c123440000gp/T/picpac-snapshots-raj9ar88/build/Build/Products/Debug-iphonesimulator -install_name @rpath/PicPacPoe.debug.dylib -Xlinker -dead_strip -rdynamic -Xlinker -no_deduplicate -Xlinker -objc_abi_version -Xlinker 2 -Xlinker -debug_variant -Xlinker -dependency_info -Xlinker /var/folders/fh/vt8wk6pn5dgd_tv982c123440000gp/T/picpac-snapshots-raj9ar88/build/Build/Intermediates.noindex/PicPacPoe.build/Debug-iphonesimulator/PicPacPoe.build/Objects-normal/x86_64/PicPacPoe_dependency_info.dat -o /var/folders/fh/vt8wk6pn5dgd_tv982c123440000gp/T/picpac-snapshots-raj9ar88/build/Build/Intermediates.noindex/PicPacPoe.build/Debug-iphonesimulator/PicPacPoe.build/Objects-normal/x86_64/Binary/__preview.dylib

CreateUniversalBinary /var/folders/fh/vt8wk6pn5dgd_tv982c123440000gp/T/picpac-snapshots-raj9ar88/build/Build/Products/Debug-iphonesimulator/PicPacPoe.app/__preview.dylib normal arm64\ x86_64 (in target 'PicPacPoe' from project 'PicPacPoe')
    cd /tmp/picpac-ios-privacy-link-20260926/ios
    /Applications/Xcode.app/Contents/Developer/Toolchains/XcodeDefault.xctoolchain/usr/bin/lipo -create /var/folders/fh/vt8wk6pn5dgd_tv982c123440000gp/T/picpac-snapshots-raj9ar88/build/Build/Intermediates.noindex/PicPacPoe.build/Debug-iphonesimulator/PicPacPoe.build/Objects-normal/arm64/Binary/__preview.dylib /var/folders/fh/vt8wk6pn5dgd_tv982c123440000gp/T/picpac-snapshots-raj9ar88/build/Build/Intermediates.noindex/PicPacPoe.build/Debug-iphonesimulator/PicPacPoe.build/Objects-normal/x86_64/Binary/__preview.dylib -output /var/folders/fh/vt8wk6pn5dgd_tv982c123440000gp/T/picpac-snapshots-raj9ar88/build/Build/Products/Debug-iphonesimulator/PicPacPoe.app/__preview.dylib

SwiftExplicitDependencyGeneratePcm x86_64 /var/folders/fh/vt8wk6pn5dgd_tv982c123440000gp/T/picpac-snapshots-raj9ar88/build/ModuleCache.noindex/_AvailabilityInternal-C8LKFUIGOWD2SYR4F7O44REN1.pcm

SwiftExplicitDependencyGeneratePcm x86_64 /var/folders/fh/vt8wk6pn5dgd_tv982c123440000gp/T/picpac-snapshots-raj9ar88/build/ModuleCache.noindex/ptrcheck-5VELH7OV2OTSKZNFOVO79LDMH.pcm

SwiftExplicitDependencyGeneratePcm x86_64 /var/folders/fh/vt8wk6pn5dgd_tv982c123440000gp/T/picpac-snapshots-raj9ar88/build/ModuleCache.noindex/_Builtin_stddef-29J2PXY8LDTPXY3Q1VIU7CK3K.pcm

SwiftExplicitDependencyGeneratePcm x86_64 /var/folders/fh/vt8wk6pn5dgd_tv982c123440000gp/T/picpac-snapshots-raj9ar88/build/ModuleCache.noindex/_SwiftConcurrencyShims-DVLUTE7UYQVZ6BER8RV344R96.pcm

SwiftExplicitDependencyGeneratePcm x86_64 /var/folders/fh/vt8wk6pn5dgd_tv982c123440000gp/T/picpac-snapshots-raj9ar88/build/ModuleCache.noindex/DeveloperToolsSupport-EUV8IH10I612GGUR653LQWZSP.pcm

SwiftExplicitDependencyGeneratePcm x86_64 /var/folders/fh/vt8wk6pn5dgd_tv982c123440000gp/T/picpac-snapshots-raj9ar88/build/ModuleCache.noindex/SwiftShims-66FUXV7NVJ39X5H68B3PUKJT0.pcm

SwiftExplicitDependencyGeneratePcm x86_64 /var/folders/fh/vt8wk6pn5dgd_tv982c123440000gp/T/picpac-snapshots-raj9ar88/build/ModuleCache.noindex/_Builtin_stdarg-YTR64EIQWKKRHBW0EZWGI2DU.pcm

SwiftExplicitDependencyGeneratePcm x86_64 /var/folders/fh/vt8wk6pn5dgd_tv982c123440000gp/T/picpac-snapshots-raj9ar88/build/ModuleCache.noindex/_Builtin_stdbool-70W4UDU5X7OCAWPZCEEQ8D53N.pcm

SwiftExplicitDependencyGeneratePcm x86_64 /var/folders/fh/vt8wk6pn5dgd_tv982c123440000gp/T/picpac-snapshots-raj9ar88/build/ModuleCache.noindex/_Builtin_float-8LHHSPRS7YWSWCU06V43048V2.pcm

SwiftExplicitDependencyGeneratePcm x86_64 /var/folders/fh/vt8wk6pn5dgd_tv982c123440000gp/T/picpac-snapshots-raj9ar88/build/ModuleCache.noindex/ptrauth-DYG4WZH6730NBGN642HODE790.pcm

SwiftExplicitDependencyGeneratePcm arm64 /var/folders/fh/vt8wk6pn5dgd_tv982c123440000gp/T/picpac-snapshots-raj9ar88/build/ModuleCache.noindex/_Builtin_float-5D78TQ7FAPECLNOVO6MXQZ5L5.pcm

SwiftExplicitDependencyGeneratePcm arm64 /var/folders/fh/vt8wk6pn5dgd_tv982c123440000gp/T/picpac-snapshots-raj9ar88/build/ModuleCache.noindex/_Builtin_stdarg-9ITSZVLE3PD0LNDA9VZI91EIS.pcm

SwiftExplicitDependencyGeneratePcm arm64 /var/folders/fh/vt8wk6pn5dgd_tv982c123440000gp/T/picpac-snapshots-raj9ar88/build/ModuleCache.noindex/_SwiftConcurrencyShims-A9NZMUHDQHFH90X3GFZTRUAM.pcm

SwiftExplicitDependencyGeneratePcm arm64 /var/folders/fh/vt8wk6pn5dgd_tv982c123440000gp/T/picpac-snapshots-raj9ar88/build/ModuleCache.noindex/_AvailabilityInternal-4456DG8LLYDUU8LZGCUDOA6OB.pcm

SwiftExplicitDependencyGeneratePcm arm64 /var/folders/fh/vt8wk6pn5dgd_tv982c123440000gp/T/picpac-snapshots-raj9ar88/build/ModuleCache.noindex/_Builtin_stdbool-5IOHW1QOKFNEVZX78GSZRER75.pcm

SwiftExplicitDependencyGeneratePcm arm64 /var/folders/fh/vt8wk6pn5dgd_tv982c123440000gp/T/picpac-snapshots-raj9ar88/build/ModuleCache.noindex/DeveloperToolsSupport-DX9LLO4YIB2IIPTV1D4JO3T1I.pcm

SwiftExplicitDependencyGeneratePcm arm64 /var/folders/fh/vt8wk6pn5dgd_tv982c123440000gp/T/picpac-snapshots-raj9ar88/build/ModuleCache.noindex/SwiftShims-8AYA0ERVU8DB7Z7NTOV8N8VYS.pcm

SwiftExplicitDependencyGeneratePcm arm64 /var/folders/fh/vt8wk6pn5dgd_tv982c123440000gp/T/picpac-snapshots-raj9ar88/build/ModuleCache.noindex/ptrcheck-DJAHSSQ43O8ZJAIIEMWRUGQC5.pcm

SwiftExplicitDependencyGeneratePcm x86_64 /var/folders/fh/vt8wk6pn5dgd_tv982c123440000gp/T/picpac-snapshots-raj9ar88/build/ModuleCache.noindex/_DarwinFoundation1-CU6PWY2OMP48G74GYAPJDB9OM.pcm

SwiftExplicitDependencyGeneratePcm arm64 /var/folders/fh/vt8wk6pn5dgd_tv982c123440000gp/T/picpac-snapshots-raj9ar88/build/ModuleCache.noindex/_Builtin_stddef-835XK8JHDQHA2U8UM1BN71BT7.pcm

SwiftExplicitDependencyGeneratePcm arm64 /var/folders/fh/vt8wk6pn5dgd_tv982c123440000gp/T/picpac-snapshots-raj9ar88/build/ModuleCache.noindex/ptrauth-65O7Y6XLF4AWRMEA3F9DWWIAS.pcm

SwiftExplicitDependencyGeneratePcm arm64 /var/folders/fh/vt8wk6pn5dgd_tv982c123440000gp/T/picpac-snapshots-raj9ar88/build/ModuleCache.noindex/_DarwinFoundation1-1K03E46OCN4TYABOX3Y98626H.pcm

SwiftExplicitDependencyGeneratePcm x86_64 /var/folders/fh/vt8wk6pn5dgd_tv982c123440000gp/T/picpac-snapshots-raj9ar88/build/ModuleCache.noindex/_DarwinFoundation2-60NM8YKISDEWAR1I3DYDNTDAC.pcm

SwiftExplicitDependencyGeneratePcm x86_64 /var/folders/fh/vt8wk6pn5dgd_tv982c123440000gp/T/picpac-snapshots-raj9ar88/build/ModuleCache.noindex/_Builtin_limits-A34MUQ452CNV6UF4EZFIA9JZ3.pcm

SwiftExplicitDependencyGeneratePcm arm64 /var/folders/fh/vt8wk6pn5dgd_tv982c123440000gp/T/picpac-snapshots-raj9ar88/build/ModuleCache.noindex/_DarwinFoundation2-EIVTVX66V1MDJQR6FHEI7M4FZ.pcm

SwiftExplicitDependencyGeneratePcm arm64 /var/folders/fh/vt8wk6pn5dgd_tv982c123440000gp/T/picpac-snapshots-raj9ar88/build/ModuleCache.noindex/_Builtin_limits-49QY4UWTD9FZ8IH1BVW6PITTF.pcm

SwiftExplicitDependencyGeneratePcm x86_64 /var/folders/fh/vt8wk6pn5dgd_tv982c123440000gp/T/picpac-snapshots-raj9ar88/build/ModuleCache.noindex/_Builtin_tgmath-AWFMOVMUB7CSW5TZ2H0TEGWF3.pcm

SwiftExplicitDependencyGeneratePcm x86_64 /var/folders/fh/vt8wk6pn5dgd_tv982c123440000gp/T/picpac-snapshots-raj9ar88/build/ModuleCache.noindex/sys_types-2LWPP6GR4UN19M0GSXEBPRLBN.pcm

SwiftExplicitDependencyGeneratePcm x86_64 /var/folders/fh/vt8wk6pn5dgd_tv982c123440000gp/T/picpac-snapshots-raj9ar88/build/ModuleCache.noindex/_Builtin_stdint-AMYTYNT6ZMG4BUUYRDJIPIIMN.pcm

SwiftExplicitDependencyGeneratePcm x86_64 /var/folders/fh/vt8wk6pn5dgd_tv982c123440000gp/T/picpac-snapshots-raj9ar88/build/ModuleCache.noindex/_Builtin_stdatomic-CUIV2SYC78PBPF6YXJXXMUFEF.pcm

SwiftExplicitDependencyGeneratePcm x86_64 /var/folders/fh/vt8wk6pn5dgd_tv982c123440000gp/T/picpac-snapshots-raj9ar88/build/ModuleCache.noindex/_DarwinFoundation3-CF9TLZVQWSN2ZT0KFYX0N8DQM.pcm

SwiftExplicitDependencyGeneratePcm arm64 /var/folders/fh/vt8wk6pn5dgd_tv982c123440000gp/T/picpac-snapshots-raj9ar88/build/ModuleCache.noindex/_Builtin_stdint-4TAG9JOSRW05VB3NIXKLU0BW9.pcm

SwiftExplicitDependencyGeneratePcm arm64 /var/folders/fh/vt8wk6pn5dgd_tv982c123440000gp/T/picpac-snapshots-raj9ar88/build/ModuleCache.noindex/sys_types-EKBH3IHYE58VGSRIBQKFNQ1VN.pcm

SwiftExplicitDependencyGeneratePcm arm64 /var/folders/fh/vt8wk6pn5dgd_tv982c123440000gp/T/picpac-snapshots-raj9ar88/build/ModuleCache.noindex/_Builtin_tgmath-6HV3X5YCWXSGK5CJ1RYWQOFEO.pcm

SwiftExplicitDependencyGeneratePcm arm64 /var/folders/fh/vt8wk6pn5dgd_tv982c123440000gp/T/picpac-snapshots-raj9ar88/build/ModuleCache.noindex/_Builtin_intrinsics-7RNUGDX1S3159CB1CJOY03IBW.pcm

SwiftExplicitDependencyGeneratePcm arm64 /var/folders/fh/vt8wk6pn5dgd_tv982c123440000gp/T/picpac-snapshots-raj9ar88/build/ModuleCache.noindex/_DarwinFoundation3-891KCHGTMC9ELTLE736AK5XEC.pcm

SwiftExplicitDependencyGeneratePcm arm64 /var/folders/fh/vt8wk6pn5dgd_tv982c123440000gp/T/picpac-snapshots-raj9ar88/build/ModuleCache.noindex/_Builtin_stdatomic-49GS8WQ4EIOXXQIFQ7TL0JMNJ.pcm

SwiftExplicitDependencyGeneratePcm x86_64 /var/folders/fh/vt8wk6pn5dgd_tv982c123440000gp/T/picpac-snapshots-raj9ar88/build/ModuleCache.noindex/_Builtin_inttypes-7CSOU2UL98L8VM6HECRNV7X0P.pcm

SwiftExplicitDependencyGeneratePcm x86_64 /var/folders/fh/vt8wk6pn5dgd_tv982c123440000gp/T/picpac-snapshots-raj9ar88/build/ModuleCache.noindex/_Builtin_intrinsics-8EB94DV5J4TWQ55LX5Y9QDZ3P.pcm

SwiftExplicitDependencyGeneratePcm x86_64 /var/folders/fh/vt8wk6pn5dgd_tv982c123440000gp/T/picpac-snapshots-raj9ar88/build/ModuleCache.noindex/Darwin-ABPIMA8RQ9BT2HLXG5VBHGXBC.pcm

SwiftExplicitDependencyGeneratePcm arm64 /var/folders/fh/vt8wk6pn5dgd_tv982c123440000gp/T/picpac-snapshots-raj9ar88/build/ModuleCache.noindex/_Builtin_inttypes-8ZVAAC5G4JGBFP1EDAKJATXQE.pcm

SwiftExplicitDependencyGeneratePcm arm64 /var/folders/fh/vt8wk6pn5dgd_tv982c123440000gp/T/picpac-snapshots-raj9ar88/build/ModuleCache.noindex/Darwin-7X7YMLG20RKQDMGOTF30AHP57.pcm

SwiftExplicitDependencyGeneratePcm arm64 /var/folders/fh/vt8wk6pn5dgd_tv982c123440000gp/T/picpac-snapshots-raj9ar88/build/ModuleCache.noindex/simd-9U0C0702URUH5HUJTL234S1CK.pcm

SwiftExplicitDependencyGeneratePcm x86_64 /var/folders/fh/vt8wk6pn5dgd_tv982c123440000gp/T/picpac-snapshots-raj9ar88/build/ModuleCache.noindex/MachO-8N69V8PWZXS0T174JW2UQMIVJ.pcm

SwiftExplicitDependencyGeneratePcm x86_64 /var/folders/fh/vt8wk6pn5dgd_tv982c123440000gp/T/picpac-snapshots-raj9ar88/build/ModuleCache.noindex/ObjectiveC-6QIKYXZ77GFHK44GOH4B3L6C9.pcm

SwiftExplicitDependencyGeneratePcm x86_64 /var/folders/fh/vt8wk6pn5dgd_tv982c123440000gp/T/picpac-snapshots-raj9ar88/build/ModuleCache.noindex/simd-1UF4VDN3U28265IRPFQ3UW1CJ.pcm

SwiftExplicitDependencyGeneratePcm arm64 /var/folders/fh/vt8wk6pn5dgd_tv982c123440000gp/T/picpac-snapshots-raj9ar88/build/ModuleCache.noindex/MachO-AO0PENGX7SCO7I7AL1IQUJOXS.pcm

SwiftExplicitDependencyGeneratePcm arm64 /var/folders/fh/vt8wk6pn5dgd_tv982c123440000gp/T/picpac-snapshots-raj9ar88/build/ModuleCache.noindex/ObjectiveC-BT2COYU5J92OLD62UIX1PBXC.pcm

SwiftExplicitDependencyGeneratePcm x86_64 /var/folders/fh/vt8wk6pn5dgd_tv982c123440000gp/T/picpac-snapshots-raj9ar88/build/ModuleCache.noindex/os_object-1AVQYY3B5CGNNFZX42SGK2EI7.pcm

SwiftExplicitDependencyGeneratePcm x86_64 /var/folders/fh/vt8wk6pn5dgd_tv982c123440000gp/T/picpac-snapshots-raj9ar88/build/ModuleCache.noindex/os_workgroup-9U9PSM3PFNSUP8XY6SRFZDW3T.pcm

SwiftExplicitDependencyGeneratePcm arm64 /var/folders/fh/vt8wk6pn5dgd_tv982c123440000gp/T/picpac-snapshots-raj9ar88/build/ModuleCache.noindex/os_object-AKG9ZBLA3HRU11N42E5RTEBDU.pcm

SwiftExplicitDependencyGeneratePcm x86_64 /var/folders/fh/vt8wk6pn5dgd_tv982c123440000gp/T/picpac-snapshots-raj9ar88/build/ModuleCache.noindex/Dispatch-CEXMXMT8HBGT0J9GH2J3XW6B6.pcm

SwiftExplicitDependencyGeneratePcm arm64 /var/folders/fh/vt8wk6pn5dgd_tv982c123440000gp/T/picpac-snapshots-raj9ar88/build/ModuleCache.noindex/os_workgroup-1PSSP6MI9IB6IEWXQ4DTKF86E.pcm

SwiftExplicitDependencyGeneratePcm arm64 /var/folders/fh/vt8wk6pn5dgd_tv982c123440000gp/T/picpac-snapshots-raj9ar88/build/ModuleCache.noindex/Spatial-DMH1ZEVFWBT3E5CGYTO96FN2S.pcm

SwiftExplicitDependencyGeneratePcm x86_64 /var/folders/fh/vt8wk6pn5dgd_tv982c123440000gp/T/picpac-snapshots-raj9ar88/build/ModuleCache.noindex/XPC-6FF8GJ44R7GEQ47BAD0RLEJDR.pcm

SwiftExplicitDependencyGeneratePcm x86_64 /var/folders/fh/vt8wk6pn5dgd_tv982c123440000gp/T/picpac-snapshots-raj9ar88/build/ModuleCache.noindex/CoreFoundation-F089IOLNR8RC24XTTENH39VOR.pcm

SwiftExplicitDependencyGeneratePcm x86_64 /var/folders/fh/vt8wk6pn5dgd_tv982c123440000gp/T/picpac-snapshots-raj9ar88/build/ModuleCache.noindex/dnssd-N9PCXJVRHBFOPDCZ87HRYHYA.pcm

SwiftExplicitDependencyGeneratePcm arm64 /var/folders/fh/vt8wk6pn5dgd_tv982c123440000gp/T/picpac-snapshots-raj9ar88/build/ModuleCache.noindex/Dispatch-GBL1FA6XY414VNC947FNI03.pcm

SwiftExplicitDependencyGeneratePcm x86_64 /var/folders/fh/vt8wk6pn5dgd_tv982c123440000gp/T/picpac-snapshots-raj9ar88/build/ModuleCache.noindex/os-4H478P2RJ0ADAQ5ACPZ6IG1E0.pcm

SwiftExplicitDependencyGeneratePcm arm64 /var/folders/fh/vt8wk6pn5dgd_tv982c123440000gp/T/picpac-snapshots-raj9ar88/build/ModuleCache.noindex/dnssd-3D3C3FT2H0UJB41SAFWNDKRD5.pcm

SwiftExplicitDependencyGeneratePcm arm64 /var/folders/fh/vt8wk6pn5dgd_tv982c123440000gp/T/picpac-snapshots-raj9ar88/build/ModuleCache.noindex/XPC-49CC1TKAVDIZH4N0HTITCWPZR.pcm

SwiftExplicitDependencyGeneratePcm arm64 /var/folders/fh/vt8wk6pn5dgd_tv982c123440000gp/T/picpac-snapshots-raj9ar88/build/ModuleCache.noindex/CoreFoundation-1S2RBP99N8AUCUZ9VKQU4PBIV.pcm

SwiftExplicitDependencyGeneratePcm x86_64 /var/folders/fh/vt8wk6pn5dgd_tv982c123440000gp/T/picpac-snapshots-raj9ar88/build/ModuleCache.noindex/Security-DD6SEK58A2YKVYY6VP772GTS9.pcm

SwiftExplicitDependencyGeneratePcm x86_64 /var/folders/fh/vt8wk6pn5dgd_tv982c123440000gp/T/picpac-snapshots-raj9ar88/build/ModuleCache.noindex/CFNetwork-8SZ1OGH428632QBU30WQVOMXW.pcm

SwiftExplicitDependencyGeneratePcm x86_64 /var/folders/fh/vt8wk6pn5dgd_tv982c123440000gp/T/picpac-snapshots-raj9ar88/build/ModuleCache.noindex/CoreAudioTypes-DUQJ1ROQJJY49JBPDAMJ93X18.pcm

SwiftExplicitDependencyGeneratePcm x86_64 /var/folders/fh/vt8wk6pn5dgd_tv982c123440000gp/T/picpac-snapshots-raj9ar88/build/ModuleCache.noindex/CoreGraphics-E0DZ24AIMPWJ88VIR0NONCMCJ.pcm

SwiftExplicitDependencyGeneratePcm x86_64 /var/folders/fh/vt8wk6pn5dgd_tv982c123440000gp/T/picpac-snapshots-raj9ar88/build/ModuleCache.noindex/Spatial-8R5UU1YVQE3X1ILRCIXV6I5EV.pcm

SwiftExplicitDependencyGeneratePcm arm64 /var/folders/fh/vt8wk6pn5dgd_tv982c123440000gp/T/picpac-snapshots-raj9ar88/build/ModuleCache.noindex/os-6W8D0EH3UHYYXAAD4AWIV8QWQ.pcm

SwiftExplicitDependencyGeneratePcm x86_64 /var/folders/fh/vt8wk6pn5dgd_tv982c123440000gp/T/picpac-snapshots-raj9ar88/build/ModuleCache.noindex/CoreAudio-CJALNF5JKYDSDUE8GYYZELAH4.pcm

SwiftExplicitDependencyGeneratePcm arm64 /var/folders/fh/vt8wk6pn5dgd_tv982c123440000gp/T/picpac-snapshots-raj9ar88/build/ModuleCache.noindex/CFNetwork-B7UGH3Q9K1NCBZI9F9SVV293E.pcm

SwiftExplicitDependencyGeneratePcm arm64 /var/folders/fh/vt8wk6pn5dgd_tv982c123440000gp/T/picpac-snapshots-raj9ar88/build/ModuleCache.noindex/Security-46JJDSN7H47NNU6WH8B0YEOF4.pcm

SwiftExplicitDependencyGeneratePcm arm64 /var/folders/fh/vt8wk6pn5dgd_tv982c123440000gp/T/picpac-snapshots-raj9ar88/build/ModuleCache.noindex/CoreGraphics-8BGL04W4SXORGFGCRKFRLGY1U.pcm

SwiftExplicitDependencyGeneratePcm arm64 /var/folders/fh/vt8wk6pn5dgd_tv982c123440000gp/T/picpac-snapshots-raj9ar88/build/ModuleCache.noindex/CoreAudioTypes-CBQ6YUTS6947KBKMI9UV1Y3W0.pcm

SwiftExplicitDependencyGeneratePcm x86_64 /var/folders/fh/vt8wk6pn5dgd_tv982c123440000gp/T/picpac-snapshots-raj9ar88/build/ModuleCache.noindex/Foundation-8W6IOI8K0FOT6IL71LV0E6B67.pcm

SwiftExplicitDependencyGeneratePcm x86_64 /var/folders/fh/vt8wk6pn5dgd_tv982c123440000gp/T/picpac-snapshots-raj9ar88/build/ModuleCache.noindex/ImageIO-BWYLMP0RTLLXQUCOIYPZ8JC1W.pcm

SwiftExplicitDependencyGeneratePcm x86_64 /var/folders/fh/vt8wk6pn5dgd_tv982c123440000gp/T/picpac-snapshots-raj9ar88/build/ModuleCache.noindex/CoreText-9GWE7W6HT7VKIPRV1ROUMCK4S.pcm

SwiftExplicitDependencyGeneratePcm arm64 /var/folders/fh/vt8wk6pn5dgd_tv982c123440000gp/T/picpac-snapshots-raj9ar88/build/ModuleCache.noindex/CoreAudio-BQ4EEIH3BU2T1F7SKTJWVUHRJ.pcm

SwiftExplicitDependencyGeneratePcm arm64 /var/folders/fh/vt8wk6pn5dgd_tv982c123440000gp/T/picpac-snapshots-raj9ar88/build/ModuleCache.noindex/Foundation-6YP8XR8WL5VGPFU73E4DZMFUZ.pcm

SwiftExplicitDependencyGeneratePcm arm64 /var/folders/fh/vt8wk6pn5dgd_tv982c123440000gp/T/picpac-snapshots-raj9ar88/build/ModuleCache.noindex/CoreText-713ZO7P7LH8I2J9IE1MNPX7TH.pcm

SwiftExplicitDependencyGeneratePcm arm64 /var/folders/fh/vt8wk6pn5dgd_tv982c123440000gp/T/picpac-snapshots-raj9ar88/build/ModuleCache.noindex/ImageIO-DPNABU7QIE35E1ADEZSQNK286.pcm

SwiftExplicitDependencyGeneratePcm x86_64 /var/folders/fh/vt8wk6pn5dgd_tv982c123440000gp/T/picpac-snapshots-raj9ar88/build/ModuleCache.noindex/Network-B96BTAJ4O85NTMJF3MYDBK5HS.pcm

SwiftExplicitDependencyGeneratePcm x86_64 /var/folders/fh/vt8wk6pn5dgd_tv982c123440000gp/T/picpac-snapshots-raj9ar88/build/ModuleCache.noindex/UserNotifications-CWF2RN838DXRPMSOB2TC5RLK0.pcm

SwiftExplicitDependencyGeneratePcm x86_64 /var/folders/fh/vt8wk6pn5dgd_tv982c123440000gp/T/picpac-snapshots-raj9ar88/build/ModuleCache.noindex/OSLog-A3K8FHSYF2QIRBCUTD547COLA.pcm

SwiftExplicitDependencyGeneratePcm x86_64 /var/folders/fh/vt8wk6pn5dgd_tv982c123440000gp/T/picpac-snapshots-raj9ar88/build/ModuleCache.noindex/Accessibility-A4FSBK26Z5TNBKWEG00E7AX6Y.pcm

SwiftExplicitDependencyGeneratePcm x86_64 /var/folders/fh/vt8wk6pn5dgd_tv982c123440000gp/T/picpac-snapshots-raj9ar88/build/ModuleCache.noindex/DataDetection-AGJV0MX28A1PALV1U8KUNGV7B.pcm

SwiftExplicitDependencyGeneratePcm x86_64 /var/folders/fh/vt8wk6pn5dgd_tv982c123440000gp/T/picpac-snapshots-raj9ar88/build/ModuleCache.noindex/UniformTypeIdentifiers-DEECX28THY709HRGG1CSV1JSI.pcm

SwiftExplicitDependencyGeneratePcm x86_64 /var/folders/fh/vt8wk6pn5dgd_tv982c123440000gp/T/picpac-snapshots-raj9ar88/build/ModuleCache.noindex/OpenGLES-C78G6DMOQGPPVVI8PAS5J705U.pcm

SwiftExplicitDependencyGeneratePcm x86_64 /var/folders/fh/vt8wk6pn5dgd_tv982c123440000gp/T/picpac-snapshots-raj9ar88/build/ModuleCache.noindex/Symbols-236BJH5K2EV6BJOLVZGNHLHU0.pcm

SwiftExplicitDependencyGeneratePcm x86_64 /var/folders/fh/vt8wk6pn5dgd_tv982c123440000gp/T/picpac-snapshots-raj9ar88/build/ModuleCache.noindex/CoreData-E6FCRE6GG5IBBV52FUOVIEJF6.pcm

SwiftExplicitDependencyGeneratePcm x86_64 /var/folders/fh/vt8wk6pn5dgd_tv982c123440000gp/T/picpac-snapshots-raj9ar88/build/ModuleCache.noindex/IOSurface-C7EJ8W0CH60Z98VBNJCNXI7PG.pcm

SwiftExplicitDependencyGeneratePcm x86_64 /var/folders/fh/vt8wk6pn5dgd_tv982c123440000gp/T/picpac-snapshots-raj9ar88/build/ModuleCache.noindex/CoreMIDI-66MM5CYX3VTYHHOBZQK0RA2A.pcm

SwiftExplicitDependencyGeneratePcm x86_64 /var/folders/fh/vt8wk6pn5dgd_tv982c123440000gp/T/picpac-snapshots-raj9ar88/build/ModuleCache.noindex/CoreTransferable-4WHBWNBX6W9NGG45LEWMKG0KM.pcm

SwiftExplicitDependencyGeneratePcm x86_64 /var/folders/fh/vt8wk6pn5dgd_tv982c123440000gp/T/picpac-snapshots-raj9ar88/build/ModuleCache.noindex/FileProvider-E40S38MLIS7KB31K6DZ1DTDEY.pcm

SwiftExplicitDependencyGeneratePcm x86_64 /var/folders/fh/vt8wk6pn5dgd_tv982c123440000gp/T/picpac-snapshots-raj9ar88/build/ModuleCache.noindex/UIUtilities-ECVZWIAHEL5OFZVOOLRM4CT61.pcm

SwiftExplicitDependencyGeneratePcm x86_64 /var/folders/fh/vt8wk6pn5dgd_tv982c123440000gp/T/picpac-snapshots-raj9ar88/build/ModuleCache.noindex/Metal-65KOQISSVOX5RR0EA9CR4ZA7Z.pcm

SwiftExplicitDependencyGeneratePcm x86_64 /var/folders/fh/vt8wk6pn5dgd_tv982c123440000gp/T/picpac-snapshots-raj9ar88/build/ModuleCache.noindex/AVRouting-9JP7XVPP97WIOBDB3EMGIFP5G.pcm

SwiftExplicitDependencyGeneratePcm arm64 /var/folders/fh/vt8wk6pn5dgd_tv982c123440000gp/T/picpac-snapshots-raj9ar88/build/ModuleCache.noindex/UserNotifications-4RP8VH9BIDHUEBQ3K8WWB93S2.pcm

SwiftExplicitDependencyGeneratePcm arm64 /var/folders/fh/vt8wk6pn5dgd_tv982c123440000gp/T/picpac-snapshots-raj9ar88/build/ModuleCache.noindex/OpenGLES-36DQ3YGDJAJIBJOONBTVLD8.pcm

SwiftExplicitDependencyGeneratePcm arm64 /var/folders/fh/vt8wk6pn5dgd_tv982c123440000gp/T/picpac-snapshots-raj9ar88/build/ModuleCache.noindex/Symbols-369BA6P4GX85AOH3PT97T2FDC.pcm

SwiftExplicitDependencyGeneratePcm arm64 /var/folders/fh/vt8wk6pn5dgd_tv982c123440000gp/T/picpac-snapshots-raj9ar88/build/ModuleCache.noindex/IOSurface-3UEUHA50XC8A3UITN9IDIZM2W.pcm

SwiftExplicitDependencyGeneratePcm arm64 /var/folders/fh/vt8wk6pn5dgd_tv982c123440000gp/T/picpac-snapshots-raj9ar88/build/ModuleCache.noindex/CoreData-Q5N7GXUNR05XSISTB30JUF1K.pcm

SwiftExplicitDependencyGeneratePcm arm64 /var/folders/fh/vt8wk6pn5dgd_tv982c123440000gp/T/picpac-snapshots-raj9ar88/build/ModuleCache.noindex/FileProvider-9TP2PG8X3CMQ6SA8R0J0XZEQR.pcm

SwiftExplicitDependencyGeneratePcm arm64 /var/folders/fh/vt8wk6pn5dgd_tv982c123440000gp/T/picpac-snapshots-raj9ar88/build/ModuleCache.noindex/CoreTransferable-89QYIK5W2ZH4U7VSEIO67IBGU.pcm

SwiftExplicitDependencyGeneratePcm arm64 /var/folders/fh/vt8wk6pn5dgd_tv982c123440000gp/T/picpac-snapshots-raj9ar88/build/ModuleCache.noindex/UniformTypeIdentifiers-13M8Z1OA1IELU1J3UMKH5QK0P.pcm

SwiftExplicitDependencyGeneratePcm arm64 /var/folders/fh/vt8wk6pn5dgd_tv982c123440000gp/T/picpac-snapshots-raj9ar88/build/ModuleCache.noindex/Accessibility-11KDQRXLA90RSG03CD6J7F17X.pcm

SwiftExplicitDependencyGeneratePcm arm64 /var/folders/fh/vt8wk6pn5dgd_tv982c123440000gp/T/picpac-snapshots-raj9ar88/build/ModuleCache.noindex/OSLog-BRUBIWH6L4R5C50WFE3X4PIOZ.pcm

SwiftExplicitDependencyGeneratePcm arm64 /var/folders/fh/vt8wk6pn5dgd_tv982c123440000gp/T/picpac-snapshots-raj9ar88/build/ModuleCache.noindex/Network-AWDO1CBRKYEKN27L6XPUYV7X8.pcm

SwiftExplicitDependencyGeneratePcm arm64 /var/folders/fh/vt8wk6pn5dgd_tv982c123440000gp/T/picpac-snapshots-raj9ar88/build/ModuleCache.noindex/Metal-3KYJNAT0KC94LYP5FRU9U8PAE.pcm

SwiftExplicitDependencyGeneratePcm arm64 /var/folders/fh/vt8wk6pn5dgd_tv982c123440000gp/T/picpac-snapshots-raj9ar88/build/ModuleCache.noindex/UIUtilities-7WIAOOHJEL8FFFWUCCT2V8VVP.pcm

SwiftExplicitDependencyGeneratePcm arm64 /var/folders/fh/vt8wk6pn5dgd_tv982c123440000gp/T/picpac-snapshots-raj9ar88/build/ModuleCache.noindex/CoreMIDI-EKRV3V1Q7CME33J70H3L8EQZ7.pcm

SwiftExplicitDependencyGeneratePcm arm64 /var/folders/fh/vt8wk6pn5dgd_tv982c123440000gp/T/picpac-snapshots-raj9ar88/build/ModuleCache.noindex/DataDetection-EVXZKBUG3PQFEYGI4VXEPMB3X.pcm

SwiftExplicitDependencyGeneratePcm x86_64 /var/folders/fh/vt8wk6pn5dgd_tv982c123440000gp/T/picpac-snapshots-raj9ar88/build/ModuleCache.noindex/AudioToolbox-8EJIENGUHASG24L2D4QN5ICQ5.pcm

SwiftExplicitDependencyGeneratePcm arm64 /var/folders/fh/vt8wk6pn5dgd_tv982c123440000gp/T/picpac-snapshots-raj9ar88/build/ModuleCache.noindex/AudioToolbox-6O0P2R992VRK6PMHUQMCCRUWL.pcm

SwiftExplicitDependencyGeneratePcm arm64 /var/folders/fh/vt8wk6pn5dgd_tv982c123440000gp/T/picpac-snapshots-raj9ar88/build/ModuleCache.noindex/AVRouting-1EDQX3NSLTOPA9E6FI5DCUJBC.pcm

SwiftExplicitDependencyGeneratePcm x86_64 /var/folders/fh/vt8wk6pn5dgd_tv982c123440000gp/T/picpac-snapshots-raj9ar88/build/ModuleCache.noindex/CoreVideo-DOOACTJEKN4H0DQ733YK1UWYL.pcm

SwiftExplicitDependencyGeneratePcm arm64 /var/folders/fh/vt8wk6pn5dgd_tv982c123440000gp/T/picpac-snapshots-raj9ar88/build/ModuleCache.noindex/CoreVideo-5GDGZVLGMU014EQ47B6IA2XNE.pcm

SwiftExplicitDependencyGeneratePcm x86_64 /var/folders/fh/vt8wk6pn5dgd_tv982c123440000gp/T/picpac-snapshots-raj9ar88/build/ModuleCache.noindex/QuartzCore-59HRX374UPRBBU6BEK3588MQC.pcm

SwiftExplicitDependencyGeneratePcm x86_64 /var/folders/fh/vt8wk6pn5dgd_tv982c123440000gp/T/picpac-snapshots-raj9ar88/build/ModuleCache.noindex/CoreMedia-3BMA966R05VRYT813A2BUJ4KS.pcm

SwiftExplicitDependencyGeneratePcm x86_64 /var/folders/fh/vt8wk6pn5dgd_tv982c123440000gp/T/picpac-snapshots-raj9ar88/build/ModuleCache.noindex/CoreImage-9AQJNFFB5JP3DXA0RUL2X7X8W.pcm

SwiftExplicitDependencyGeneratePcm arm64 /var/folders/fh/vt8wk6pn5dgd_tv982c123440000gp/T/picpac-snapshots-raj9ar88/build/ModuleCache.noindex/QuartzCore-1147KYFYQUVHBMCOMX2YZLZRQ.pcm

SwiftExplicitDependencyGeneratePcm arm64 /var/folders/fh/vt8wk6pn5dgd_tv982c123440000gp/T/picpac-snapshots-raj9ar88/build/ModuleCache.noindex/CoreMedia-D0T4RVJ6IA30MR858P4UA7M29.pcm

SwiftExplicitDependencyGeneratePcm arm64 /var/folders/fh/vt8wk6pn5dgd_tv982c123440000gp/T/picpac-snapshots-raj9ar88/build/ModuleCache.noindex/CoreImage-AKJIIPTCCDJJD7A4T9JJT3EJK.pcm

SwiftExplicitDependencyGeneratePcm x86_64 /var/folders/fh/vt8wk6pn5dgd_tv982c123440000gp/T/picpac-snapshots-raj9ar88/build/ModuleCache.noindex/SwiftUICore-CRLLH3W8BWT11Q8PKOAJCO3QT.pcm

SwiftExplicitDependencyGeneratePcm x86_64 /var/folders/fh/vt8wk6pn5dgd_tv982c123440000gp/T/picpac-snapshots-raj9ar88/build/ModuleCache.noindex/AVFAudio-DEJE8HLV2RS8F43HZ75H0H212.pcm

SwiftExplicitDependencyGeneratePcm x86_64 /var/folders/fh/vt8wk6pn5dgd_tv982c123440000gp/T/picpac-snapshots-raj9ar88/build/ModuleCache.noindex/MediaToolbox-3NK1VKTY4KH7YK86IOQW9EFXS.pcm

SwiftExplicitDependencyGeneratePcm x86_64 /var/folders/fh/vt8wk6pn5dgd_tv982c123440000gp/T/picpac-snapshots-raj9ar88/build/ModuleCache.noindex/UIKit-73HCURNT4H6GODO1CW9C93RKN.pcm

SwiftExplicitDependencyGeneratePcm arm64 /var/folders/fh/vt8wk6pn5dgd_tv982c123440000gp/T/picpac-snapshots-raj9ar88/build/ModuleCache.noindex/SwiftUICore-NL7BCVVM5ILOCXYAXI4GJC2H.pcm

SwiftExplicitDependencyGeneratePcm arm64 /var/folders/fh/vt8wk6pn5dgd_tv982c123440000gp/T/picpac-snapshots-raj9ar88/build/ModuleCache.noindex/AVFAudio-7482YANO4QLXI6RWMKXZQYP3J.pcm

SwiftExplicitDependencyGeneratePcm arm64 /var/folders/fh/vt8wk6pn5dgd_tv982c123440000gp/T/picpac-snapshots-raj9ar88/build/ModuleCache.noindex/MediaToolbox-5R2H5V2C1QUGVP3G4RIGC9YH8.pcm

SwiftExplicitDependencyGeneratePcm arm64 /var/folders/fh/vt8wk6pn5dgd_tv982c123440000gp/T/picpac-snapshots-raj9ar88/build/ModuleCache.noindex/UIKit-5KXRP0Q3FMZPUTZ49UXS0TEYB.pcm

SwiftExplicitDependencyGeneratePcm x86_64 /var/folders/fh/vt8wk6pn5dgd_tv982c123440000gp/T/picpac-snapshots-raj9ar88/build/ModuleCache.noindex/AVFoundation-9PVXZR9W2CP7W5NVIN1D6CV98.pcm

SwiftExplicitDependencyGeneratePcm arm64 /var/folders/fh/vt8wk6pn5dgd_tv982c123440000gp/T/picpac-snapshots-raj9ar88/build/ModuleCache.noindex/AVFoundation-254U5Q233RD8QXWV6HXUC8NG.pcm

SwiftExplicitDependencyGeneratePcm x86_64 /var/folders/fh/vt8wk6pn5dgd_tv982c123440000gp/T/picpac-snapshots-raj9ar88/build/ModuleCache.noindex/SwiftUI-6EDED6WZ4E44ANX3RJ1L1K0ES.pcm

SwiftExplicitDependencyGeneratePcm arm64 /var/folders/fh/vt8wk6pn5dgd_tv982c123440000gp/T/picpac-snapshots-raj9ar88/build/ModuleCache.noindex/SwiftUI-BBMTA3LDCTB24XQDG2KQ0GYYY.pcm

SwiftCompile normal x86_64 Compiling\ GeneratedAssetSymbols.swift /var/folders/fh/vt8wk6pn5dgd_tv982c123440000gp/T/picpac-snapshots-raj9ar88/build/Build/Intermediates.noindex/PicPacPoe.build/Debug-iphonesimulator/PicPacPoe.build/DerivedSources/GeneratedAssetSymbols.swift (in target 'PicPacPoe' from project 'PicPacPoe')

SwiftCompile normal x86_64 /var/folders/fh/vt8wk6pn5dgd_tv982c123440000gp/T/picpac-snapshots-raj9ar88/build/Build/Intermediates.noindex/PicPacPoe.build/Debug-iphonesimulator/PicPacPoe.build/DerivedSources/GeneratedAssetSymbols.swift (in target 'PicPacPoe' from project 'PicPacPoe')
    cd /tmp/picpac-ios-privacy-link-20260926/ios
    

SwiftEmitModule normal x86_64 Emitting\ module\ for\ PicPacPoe (in target 'PicPacPoe' from project 'PicPacPoe')

EmitSwiftModule normal x86_64 (in target 'PicPacPoe' from project 'PicPacPoe')
    cd /tmp/picpac-ios-privacy-link-20260926/ios
    

SwiftCompile normal x86_64 Compiling\ DebugLaunchConfiguration.swift /tmp/picpac-ios-privacy-link-20260926/ios/PicPacPoe/DebugLaunchConfiguration.swift (in target 'PicPacPoe' from project 'PicPacPoe')
SwiftCompile normal x86_64 /tmp/picpac-ios-privacy-link-20260926/ios/PicPacPoe/DebugLaunchConfiguration.swift (in target 'PicPacPoe' from project 'PicPacPoe')
    cd /tmp/picpac-ios-privacy-link-20260926/ios
    

SwiftCompile normal x86_64 Compiling\ ProductionAIWorker.swift /tmp/picpac-ios-privacy-link-20260926/ios/PicPacPoe/ProductionAIWorker.swift (in target 'PicPacPoe' from project 'PicPacPoe')

SwiftCompile normal x86_64 /tmp/picpac-ios-privacy-link-20260926/ios/PicPacPoe/ProductionAIWorker.swift (in target 'PicPacPoe' from project 'PicPacPoe')
    cd /tmp/picpac-ios-privacy-link-20260926/ios
    

SwiftCompile normal x86_64 Compiling\ PicPacPoeApp.swift /tmp/picpac-ios-privacy-link-20260926/ios/PicPacPoe/PicPacPoeApp.swift (in target 'PicPacPoe' from project 'PicPacPoe')
SwiftCompile normal x86_64 /tmp/picpac-ios-privacy-link-20260926/ios/PicPacPoe/PicPacPoeApp.swift (in target 'PicPacPoe' from project 'PicPacPoe')
    cd /tmp/picpac-ios-privacy-link-20260926/ios
    

SwiftCompile normal x86_64 Compiling\ GameView.swift /tmp/picpac-ios-privacy-link-20260926/ios/PicPacPoe/GameView.swift (in target 'PicPacPoe' from project 'PicPacPoe')
SwiftCompile normal x86_64 /tmp/picpac-ios-privacy-link-20260926/ios/PicPacPoe/GameView.swift (in target 'PicPacPoe' from project 'PicPacPoe')
    cd /tmp/picpac-ios-privacy-link-20260926/ios
    

SwiftCompile normal x86_64 Compiling\ FeedbackService.swift /tmp/picpac-ios-privacy-link-20260926/ios/PicPacPoe/FeedbackService.swift (in target 'PicPacPoe' from project 'PicPacPoe')

SwiftCompile normal x86_64 /tmp/picpac-ios-privacy-link-20260926/ios/PicPacPoe/FeedbackService.swift (in target 'PicPacPoe' from project 'PicPacPoe')
    cd /tmp/picpac-ios-privacy-link-20260926/ios
    

SwiftCompile normal x86_64 Compiling\ FormTheme.swift /tmp/picpac-ios-privacy-link-20260926/ios/PicPacPoe/FormTheme.swift (in target 'PicPacPoe' from project 'PicPacPoe')

SwiftCompile normal x86_64 /tmp/picpac-ios-privacy-link-20260926/ios/PicPacPoe/FormTheme.swift (in target 'PicPacPoe' from project 'PicPacPoe')
    cd /tmp/picpac-ios-privacy-link-20260926/ios
    

SwiftCompile normal x86_64 Compiling\ PhysicalBoard.swift /tmp/picpac-ios-privacy-link-20260926/ios/PicPacPoe/PhysicalBoard.swift (in target 'PicPacPoe' from project 'PicPacPoe')

SwiftCompile normal x86_64 /tmp/picpac-ios-privacy-link-20260926/ios/PicPacPoe/PhysicalBoard.swift (in target 'PicPacPoe' from project 'PicPacPoe')
    cd /tmp/picpac-ios-privacy-link-20260926/ios
    

SwiftCompile normal x86_64 Compiling\ HomeView.swift /tmp/picpac-ios-privacy-link-20260926/ios/PicPacPoe/HomeView.swift (in target 'PicPacPoe' from project 'PicPacPoe')

SwiftCompile normal x86_64 /tmp/picpac-ios-privacy-link-20260926/ios/PicPacPoe/HomeView.swift (in target 'PicPacPoe' from project 'PicPacPoe')
    cd /tmp/picpac-ios-privacy-link-20260926/ios
    

SwiftCompile normal x86_64 Compiling\ InfoViews.swift /tmp/picpac-ios-privacy-link-20260926/ios/PicPacPoe/InfoViews.swift (in target 'PicPacPoe' from project 'PicPacPoe')

SwiftCompile normal x86_64 /tmp/picpac-ios-privacy-link-20260926/ios/PicPacPoe/InfoViews.swift (in target 'PicPacPoe' from project 'PicPacPoe')
    cd /tmp/picpac-ios-privacy-link-20260926/ios
    

SwiftEmitModule normal arm64 Emitting\ module\ for\ PicPacPoe (in target 'PicPacPoe' from project 'PicPacPoe')

EmitSwiftModule normal arm64 (in target 'PicPacPoe' from project 'PicPacPoe')
    cd /tmp/picpac-ios-privacy-link-20260926/ios
    

SwiftDriverJobDiscovery normal x86_64 Compiling ProductionAIWorker.swift (in target 'PicPacPoe' from project 'PicPacPoe')

SwiftCompile normal arm64 Compiling\ HomeView.swift /tmp/picpac-ios-privacy-link-20260926/ios/PicPacPoe/HomeView.swift (in target 'PicPacPoe' from project 'PicPacPoe')
SwiftCompile normal arm64 /tmp/picpac-ios-privacy-link-20260926/ios/PicPacPoe/HomeView.swift (in target 'PicPacPoe' from project 'PicPacPoe')
    cd /tmp/picpac-ios-privacy-link-20260926/ios
    

SwiftDriverJobDiscovery normal x86_64 Emitting module for PicPacPoe (in target 'PicPacPoe' from project 'PicPacPoe')

SwiftDriver\ Compilation\ Requirements PicPacPoe normal x86_64 com.apple.xcode.tools.swift.compiler (in target 'PicPacPoe' from project 'PicPacPoe')
    cd /tmp/picpac-ios-privacy-link-20260926/ios
    builtin-Swift-Compilation-Requirements -- /Applications/Xcode.app/Contents/Developer/Toolchains/XcodeDefault.xctoolchain/usr/bin/swiftc -module-name PicPacPoe -Onone @/var/folders/fh/vt8wk6pn5dgd_tv982c123440000gp/T/picpac-snapshots-raj9ar88/build/Build/Intermediates.noindex/PicPacPoe.build/Debug-iphonesimulator/PicPacPoe.build/Objects-normal/x86_64/PicPacPoe.SwiftFileList -DDEBUG -enable-experimental-feature DebugDescriptionMacro -sdk /Applications/Xcode.app/Contents/Developer/Platforms/iPhoneSimulator.platform/Developer/SDKs/iPhoneSimulator26.5.sdk -target x86_64-apple-ios17.0-simulator -g -module-cache-path /var/folders/fh/vt8wk6pn5dgd_tv982c123440000gp/T/picpac-snapshots-raj9ar88/build/ModuleCache.noindex -Xfrontend -serialize-debugging-options -profile-coverage-mapping -profile-generate -enable-testing -index-store-path /var/folders/fh/vt8wk6pn5dgd_tv982c123440000gp/T/picpac-snapshots-raj9ar88/build/Index.noindex/DataStore -Xcc -D_LIBCPP_HARDENING_MODE\=_LIBCPP_HARDENING_MODE_DEBUG -swift-version 6 -I /var/folders/fh/vt8wk6pn5dgd_tv982c123440000gp/T/picpac-snapshots-raj9ar88/build/Build/Products/Debug-iphonesimulator -F /var/folders/fh/vt8wk6pn5dgd_tv982c123440000gp/T/picpac-snapshots-raj9ar88/build/Build/Products/Debug-iphonesimulator/PackageFrameworks -F /var/folders/fh/vt8wk6pn5dgd_tv982c123440000gp/T/picpac-snapshots-raj9ar88/build/Build/Products/Debug-iphonesimulator/PackageFrameworks -F /var/folders/fh/vt8wk6pn5dgd_tv982c123440000gp/T/picpac-snapshots-raj9ar88/build/Build/Products/Debug-iphonesimulator/PackageFrameworks -F /var/folders/fh/vt8wk6pn5dgd_tv982c123440000gp/T/picpac-snapshots-raj9ar88/build/Build/Products/Debug-iphonesimulator -emit-localized-strings -emit-localized-strings-path /var/folders/fh/vt8wk6pn5dgd_tv982c123440000gp/T/picpac-snapshots-raj9ar88/build/Build/Intermediates.noindex/PicPacPoe.build/Debug-iphonesimulator/PicPacPoe.build/Objects-normal/x86_64 -c -j12 -enable-batch-mode -incremental -Xcc -ivfsstatcache -Xcc /var/folders/fh/vt8wk6pn5dgd_tv982c123440000gp/T/picpac-snapshots-raj9ar88/build/SDKStatCaches.noindex/iphonesimulator26.5-23F81a-6cfe768891a92b912361537c460fe42b.sdkstatcache -output-file-map /var/folders/fh/vt8wk6pn5dgd_tv982c123440000gp/T/picpac-snapshots-raj9ar88/build/Build/Intermediates.noindex/PicPacPoe.build/Debug-iphonesimulator/PicPacPoe.build/Objects-normal/x86_64/PicPacPoe-OutputFileMap.json -use-frontend-parseable-output -save-temps -no-color-diagnostics -explicit-module-build -module-cache-path /var/folders/fh/vt8wk6pn5dgd_tv982c123440000gp/T/picpac-snapshots-raj9ar88/build/Build/Intermediates.noindex/SwiftExplicitPrecompiledModules -clang-scanner-module-cache-path /var/folders/fh/vt8wk6pn5dgd_tv982c123440000gp/T/picpac-snapshots-raj9ar88/build/ModuleCache.noindex -sdk-module-cache-path /var/folders/fh/vt8wk6pn5dgd_tv982c123440000gp/T/picpac-snapshots-raj9ar88/build/ModuleCache.noindex -serialize-diagnostics -emit-dependencies -emit-module -emit-module-path /var/folders/fh/vt8wk6pn5dgd_tv982c123440000gp/T/picpac-snapshots-raj9ar88/build/Build/Intermediates.noindex/PicPacPoe.build/Debug-iphonesimulator/PicPacPoe.build/Objects-normal/x86_64/PicPacPoe.swiftmodule -validate-clang-modules-once -clang-build-session-file /var/folders/fh/vt8wk6pn5dgd_tv982c123440000gp/T/picpac-snapshots-raj9ar88/build/ModuleCache.noindex/Session.modulevalidation -Xcc -I/var/folders/fh/vt8wk6pn5dgd_tv982c123440000gp/T/picpac-snapshots-raj9ar88/build/Build/Intermediates.noindex/PicPacPoe.build/Debug-iphonesimulator/PicPacPoe.build/swift-overrides.hmap -emit-const-values -Xfrontend -const-gather-protocols-file -Xfrontend /var/folders/fh/vt8wk6pn5dgd_tv982c123440000gp/T/picpac-snapshots-raj9ar88/build/Build/Intermediates.noindex/PicPacPoe.build/Debug-iphonesimulator/PicPacPoe.build/Objects-normal/x86_64/PicPacPoe_const_extract_protocols.json -Xcc -iquote -Xcc /var/folders/fh/vt8wk6pn5dgd_tv982c123440000gp/T/picpac-snapshots-raj9ar88/build/Build/Intermediates.noindex/PicPacPoe.build/Debug-iphonesimulator/PicPacPoe.build/PicPacPoe-generated-files.hmap -Xcc -I/var/folders/fh/vt8wk6pn5dgd_tv982c123440000gp/T/picpac-snapshots-raj9ar88/build/Build/Intermediates.noindex/PicPacPoe.build/Debug-iphonesimulator/PicPacPoe.build/PicPacPoe-own-target-headers.hmap -Xcc -I/var/folders/fh/vt8wk6pn5dgd_tv982c123440000gp/T/picpac-snapshots-raj9ar88/build/Build/Intermediates.noindex/PicPacPoe.build/Debug-iphonesimulator/PicPacPoe.build/PicPacPoe-all-non-framework-target-headers.hmap -Xcc -ivfsoverlay -Xcc /var/folders/fh/vt8wk6pn5dgd_tv982c123440000gp/T/picpac-snapshots-raj9ar88/build/Build/Intermediates.noindex/PicPacPoe.build/Debug-iphonesimulator/PicPacPoe-90eff2f9d9e8600d7e53134acd1cb833-VFS-iphonesimulator/all-product-headers.yaml -Xcc -iquote -Xcc /var/folders/fh/vt8wk6pn5dgd_tv982c123440000gp/T/picpac-snapshots-raj9ar88/build/Build/Intermediates.noindex/PicPacPoe.build/Debug-iphonesimulator/PicPacPoe.build/PicPacPoe-project-headers.hmap -Xcc -I/var/folders/fh/vt8wk6pn5dgd_tv982c123440000gp/T/picpac-snapshots-raj9ar88/build/Build/Products/Debug-iphonesimulator/include -Xcc -I/var/folders/fh/vt8wk6pn5dgd_tv982c123440000gp/T/picpac-snapshots-raj9ar88/build/Build/Intermediates.noindex/PicPacPoe.build/Debug-iphonesimulator/PicPacPoe.build/DerivedSources-normal/x86_64 -Xcc -I/var/folders/fh/vt8wk6pn5dgd_tv982c123440000gp/T/picpac-snapshots-raj9ar88/build/Build/Intermediates.noindex/PicPacPoe.build/Debug-iphonesimulator/PicPacPoe.build/DerivedSources/x86_64 -Xcc -I/var/folders/fh/vt8wk6pn5dgd_tv982c123440000gp/T/picpac-snapshots-raj9ar88/build/Build/Intermediates.noindex/PicPacPoe.build/Debug-iphonesimulator/PicPacPoe.build/DerivedSources -emit-objc-header -emit-objc-header-path /var/folders/fh/vt8wk6pn5dgd_tv982c123440000gp/T/picpac-snapshots-raj9ar88/build/Build/Intermediates.noindex/PicPacPoe.build/Debug-iphonesimulator/PicPacPoe.build/Objects-normal/x86_64/PicPacPoe-Swift.h -working-directory /tmp/picpac-ios-privacy-link-20260926/ios -experimental-emit-module-separately -disable-cmo

SwiftDriverJobDiscovery normal x86_64 Compiling GeneratedAssetSymbols.swift (in target 'PicPacPoe' from project 'PicPacPoe')

SwiftCompile normal arm64 Compiling\ GeneratedAssetSymbols.swift /var/folders/fh/vt8wk6pn5dgd_tv982c123440000gp/T/picpac-snapshots-raj9ar88/build/Build/Intermediates.noindex/PicPacPoe.build/Debug-iphonesimulator/PicPacPoe.build/DerivedSources/GeneratedAssetSymbols.swift (in target 'PicPacPoe' from project 'PicPacPoe')

SwiftCompile normal arm64 /var/folders/fh/vt8wk6pn5dgd_tv982c123440000gp/T/picpac-snapshots-raj9ar88/build/Build/Intermediates.noindex/PicPacPoe.build/Debug-iphonesimulator/PicPacPoe.build/DerivedSources/GeneratedAssetSymbols.swift (in target 'PicPacPoe' from project 'PicPacPoe')
    cd /tmp/picpac-ios-privacy-link-20260926/ios
    

Copy /var/folders/fh/vt8wk6pn5dgd_tv982c123440000gp/T/picpac-snapshots-raj9ar88/build/Build/Products/Debug-iphonesimulator/PicPacPoe.swiftmodule/x86_64-apple-ios-simulator.swiftmodule /var/folders/fh/vt8wk6pn5dgd_tv982c123440000gp/T/picpac-snapshots-raj9ar88/build/Build/Intermediates.noindex/PicPacPoe.build/Debug-iphonesimulator/PicPacPoe.build/Objects-normal/x86_64/PicPacPoe.swiftmodule (in target 'PicPacPoe' from project 'PicPacPoe')
    cd /tmp/picpac-ios-privacy-link-20260926/ios
    builtin-copy -exclude .DS_Store -exclude CVS -exclude .svn -exclude .git -exclude .hg -resolve-src-symlinks -rename /var/folders/fh/vt8wk6pn5dgd_tv982c123440000gp/T/picpac-snapshots-raj9ar88/build/Build/Intermediates.noindex/PicPacPoe.build/Debug-iphonesimulator/PicPacPoe.build/Objects-normal/x86_64/PicPacPoe.swiftmodule /var/folders/fh/vt8wk6pn5dgd_tv982c123440000gp/T/picpac-snapshots-raj9ar88/build/Build/Products/Debug-iphonesimulator/PicPacPoe.swiftmodule/x86_64-apple-ios-simulator.swiftmodule

SwiftDriverJobDiscovery normal arm64 Emitting module for PicPacPoe (in target 'PicPacPoe' from project 'PicPacPoe')

SwiftDriver\ Compilation\ Requirements PicPacPoe normal arm64 com.apple.xcode.tools.swift.compiler (in target 'PicPacPoe' from project 'PicPacPoe')
    cd /tmp/picpac-ios-privacy-link-20260926/ios
    builtin-Swift-Compilation-Requirements -- /Applications/Xcode.app/Contents/Developer/Toolchains/XcodeDefault.xctoolchain/usr/bin/swiftc -module-name PicPacPoe -Onone @/var/folders/fh/vt8wk6pn5dgd_tv982c123440000gp/T/picpac-snapshots-raj9ar88/build/Build/Intermediates.noindex/PicPacPoe.build/Debug-iphonesimulator/PicPacPoe.build/Objects-normal/arm64/PicPacPoe.SwiftFileList -DDEBUG -enable-experimental-feature DebugDescriptionMacro -sdk /Applications/Xcode.app/Contents/Developer/Platforms/iPhoneSimulator.platform/Developer/SDKs/iPhoneSimulator26.5.sdk -target arm64-apple-ios17.0-simulator -g -module-cache-path /var/folders/fh/vt8wk6pn5dgd_tv982c123440000gp/T/picpac-snapshots-raj9ar88/build/ModuleCache.noindex -Xfrontend -serialize-debugging-options -profile-coverage-mapping -profile-generate -enable-testing -index-store-path /var/folders/fh/vt8wk6pn5dgd_tv982c123440000gp/T/picpac-snapshots-raj9ar88/build/Index.noindex/DataStore -Xcc -D_LIBCPP_HARDENING_MODE\=_LIBCPP_HARDENING_MODE_DEBUG -swift-version 6 -I /var/folders/fh/vt8wk6pn5dgd_tv982c123440000gp/T/picpac-snapshots-raj9ar88/build/Build/Products/Debug-iphonesimulator -F /var/folders/fh/vt8wk6pn5dgd_tv982c123440000gp/T/picpac-snapshots-raj9ar88/build/Build/Products/Debug-iphonesimulator/PackageFrameworks -F /var/folders/fh/vt8wk6pn5dgd_tv982c123440000gp/T/picpac-snapshots-raj9ar88/build/Build/Products/Debug-iphonesimulator/PackageFrameworks -F /var/folders/fh/vt8wk6pn5dgd_tv982c123440000gp/T/picpac-snapshots-raj9ar88/build/Build/Products/Debug-iphonesimulator/PackageFrameworks -F /var/folders/fh/vt8wk6pn5dgd_tv982c123440000gp/T/picpac-snapshots-raj9ar88/build/Build/Products/Debug-iphonesimulator -emit-localized-strings -emit-localized-strings-path /var/folders/fh/vt8wk6pn5dgd_tv982c123440000gp/T/picpac-snapshots-raj9ar88/build/Build/Intermediates.noindex/PicPacPoe.build/Debug-iphonesimulator/PicPacPoe.build/Objects-normal/arm64 -c -j12 -enable-batch-mode -incremental -Xcc -ivfsstatcache -Xcc /var/folders/fh/vt8wk6pn5dgd_tv982c123440000gp/T/picpac-snapshots-raj9ar88/build/SDKStatCaches.noindex/iphonesimulator26.5-23F81a-6cfe768891a92b912361537c460fe42b.sdkstatcache -output-file-map /var/folders/fh/vt8wk6pn5dgd_tv982c123440000gp/T/picpac-snapshots-raj9ar88/build/Build/Intermediates.noindex/PicPacPoe.build/Debug-iphonesimulator/PicPacPoe.build/Objects-normal/arm64/PicPacPoe-OutputFileMap.json -use-frontend-parseable-output -save-temps -no-color-diagnostics -explicit-module-build -module-cache-path /var/folders/fh/vt8wk6pn5dgd_tv982c123440000gp/T/picpac-snapshots-raj9ar88/build/Build/Intermediates.noindex/SwiftExplicitPrecompiledModules -clang-scanner-module-cache-path /var/folders/fh/vt8wk6pn5dgd_tv982c123440000gp/T/picpac-snapshots-raj9ar88/build/ModuleCache.noindex -sdk-module-cache-path /var/folders/fh/vt8wk6pn5dgd_tv982c123440000gp/T/picpac-snapshots-raj9ar88/build/ModuleCache.noindex -serialize-diagnostics -emit-dependencies -emit-module -emit-module-path /var/folders/fh/vt8wk6pn5dgd_tv982c123440000gp/T/picpac-snapshots-raj9ar88/build/Build/Intermediates.noindex/PicPacPoe.build/Debug-iphonesimulator/PicPacPoe.build/Objects-normal/arm64/PicPacPoe.swiftmodule -validate-clang-modules-once -clang-build-session-file /var/folders/fh/vt8wk6pn5dgd_tv982c123440000gp/T/picpac-snapshots-raj9ar88/build/ModuleCache.noindex/Session.modulevalidation -Xcc -I/var/folders/fh/vt8wk6pn5dgd_tv982c123440000gp/T/picpac-snapshots-raj9ar88/build/Build/Intermediates.noindex/PicPacPoe.build/Debug-iphonesimulator/PicPacPoe.build/swift-overrides.hmap -emit-const-values -Xfrontend -const-gather-protocols-file -Xfrontend /var/folders/fh/vt8wk6pn5dgd_tv982c123440000gp/T/picpac-snapshots-raj9ar88/build/Build/Intermediates.noindex/PicPacPoe.build/Debug-iphonesimulator/PicPacPoe.build/Objects-normal/arm64/PicPacPoe_const_extract_protocols.json -Xcc -iquote -Xcc /var/folders/fh/vt8wk6pn5dgd_tv982c123440000gp/T/picpac-snapshots-raj9ar88/build/Build/Intermediates.noindex/PicPacPoe.build/Debug-iphonesimulator/PicPacPoe.build/PicPacPoe-generated-files.hmap -Xcc -I/var/folders/fh/vt8wk6pn5dgd_tv982c123440000gp/T/picpac-snapshots-raj9ar88/build/Build/Intermediates.noindex/PicPacPoe.build/Debug-iphonesimulator/PicPacPoe.build/PicPacPoe-own-target-headers.hmap -Xcc -I/var/folders/fh/vt8wk6pn5dgd_tv982c123440000gp/T/picpac-snapshots-raj9ar88/build/Build/Intermediates.noindex/PicPacPoe.build/Debug-iphonesimulator/PicPacPoe.build/PicPacPoe-all-non-framework-target-headers.hmap -Xcc -ivfsoverlay -Xcc /var/folders/fh/vt8wk6pn5dgd_tv982c123440000gp/T/picpac-snapshots-raj9ar88/build/Build/Intermediates.noindex/PicPacPoe.build/Debug-iphonesimulator/PicPacPoe-90eff2f9d9e8600d7e53134acd1cb833-VFS-iphonesimulator/all-product-headers.yaml -Xcc -iquote -Xcc /var/folders/fh/vt8wk6pn5dgd_tv982c123440000gp/T/picpac-snapshots-raj9ar88/build/Build/Intermediates.noindex/PicPacPoe.build/Debug-iphonesimulator/PicPacPoe.build/PicPacPoe-project-headers.hmap -Xcc -I/var/folders/fh/vt8wk6pn5dgd_tv982c123440000gp/T/picpac-snapshots-raj9ar88/build/Build/Products/Debug-iphonesimulator/include -Xcc -I/var/folders/fh/vt8wk6pn5dgd_tv982c123440000gp/T/picpac-snapshots-raj9ar88/build/Build/Intermediates.noindex/PicPacPoe.build/Debug-iphonesimulator/PicPacPoe.build/DerivedSources-normal/arm64 -Xcc -I/var/folders/fh/vt8wk6pn5dgd_tv982c123440000gp/T/picpac-snapshots-raj9ar88/build/Build/Intermediates.noindex/PicPacPoe.build/Debug-iphonesimulator/PicPacPoe.build/DerivedSources/arm64 -Xcc -I/var/folders/fh/vt8wk6pn5dgd_tv982c123440000gp/T/picpac-snapshots-raj9ar88/build/Build/Intermediates.noindex/PicPacPoe.build/Debug-iphonesimulator/PicPacPoe.build/DerivedSources -emit-objc-header -emit-objc-header-path /var/folders/fh/vt8wk6pn5dgd_tv982c123440000gp/T/picpac-snapshots-raj9ar88/build/Build/Intermediates.noindex/PicPacPoe.build/Debug-iphonesimulator/PicPacPoe.build/Objects-normal/arm64/PicPacPoe-Swift.h -working-directory /tmp/picpac-ios-privacy-link-20260926/ios -experimental-emit-module-separately -disable-cmo

Copy /var/folders/fh/vt8wk6pn5dgd_tv982c123440000gp/T/picpac-snapshots-raj9ar88/build/Build/Products/Debug-iphonesimulator/PicPacPoe.swiftmodule/x86_64-apple-ios-simulator.swiftdoc /var/folders/fh/vt8wk6pn5dgd_tv982c123440000gp/T/picpac-snapshots-raj9ar88/build/Build/Intermediates.noindex/PicPacPoe.build/Debug-iphonesimulator/PicPacPoe.build/Objects-normal/x86_64/PicPacPoe.swiftdoc (in target 'PicPacPoe' from project 'PicPacPoe')
    cd /tmp/picpac-ios-privacy-link-20260926/ios
    builtin-copy -exclude .DS_Store -exclude CVS -exclude .svn -exclude .git -exclude .hg -resolve-src-symlinks -rename /var/folders/fh/vt8wk6pn5dgd_tv982c123440000gp/T/picpac-snapshots-raj9ar88/build/Build/Intermediates.noindex/PicPacPoe.build/Debug-iphonesimulator/PicPacPoe.build/Objects-normal/x86_64/PicPacPoe.swiftdoc /var/folders/fh/vt8wk6pn5dgd_tv982c123440000gp/T/picpac-snapshots-raj9ar88/build/Build/Products/Debug-iphonesimulator/PicPacPoe.swiftmodule/x86_64-apple-ios-simulator.swiftdoc

SwiftMergeGeneratedHeaders /var/folders/fh/vt8wk6pn5dgd_tv982c123440000gp/T/picpac-snapshots-raj9ar88/build/Build/Intermediates.noindex/PicPacPoe.build/Debug-iphonesimulator/PicPacPoe.build/DerivedSources/PicPacPoe-Swift.h /var/folders/fh/vt8wk6pn5dgd_tv982c123440000gp/T/picpac-snapshots-raj9ar88/build/Build/Intermediates.noindex/PicPacPoe.build/Debug-iphonesimulator/PicPacPoe.build/Objects-normal/arm64/PicPacPoe-Swift.h /var/folders/fh/vt8wk6pn5dgd_tv982c123440000gp/T/picpac-snapshots-raj9ar88/build/Build/Intermediates.noindex/PicPacPoe.build/Debug-iphonesimulator/PicPacPoe.build/Objects-normal/x86_64/PicPacPoe-Swift.h (in target 'PicPacPoe' from project 'PicPacPoe')
    cd /tmp/picpac-ios-privacy-link-20260926/ios
    builtin-swiftHeaderTool -arch arm64 /var/folders/fh/vt8wk6pn5dgd_tv982c123440000gp/T/picpac-snapshots-raj9ar88/build/Build/Intermediates.noindex/PicPacPoe.build/Debug-iphonesimulator/PicPacPoe.build/Objects-normal/arm64/PicPacPoe-Swift.h -arch x86_64 /var/folders/fh/vt8wk6pn5dgd_tv982c123440000gp/T/picpac-snapshots-raj9ar88/build/Build/Intermediates.noindex/PicPacPoe.build/Debug-iphonesimulator/PicPacPoe.build/Objects-normal/x86_64/PicPacPoe-Swift.h -o /var/folders/fh/vt8wk6pn5dgd_tv982c123440000gp/T/picpac-snapshots-raj9ar88/build/Build/Intermediates.noindex/PicPacPoe.build/Debug-iphonesimulator/PicPacPoe.build/DerivedSources/PicPacPoe-Swift.h

Copy /var/folders/fh/vt8wk6pn5dgd_tv982c123440000gp/T/picpac-snapshots-raj9ar88/build/Build/Products/Debug-iphonesimulator/PicPacPoe.swiftmodule/x86_64-apple-ios-simulator.abi.json /var/folders/fh/vt8wk6pn5dgd_tv982c123440000gp/T/picpac-snapshots-raj9ar88/build/Build/Intermediates.noindex/PicPacPoe.build/Debug-iphonesimulator/PicPacPoe.build/Objects-normal/x86_64/PicPacPoe.abi.json (in target 'PicPacPoe' from project 'PicPacPoe')
    cd /tmp/picpac-ios-privacy-link-20260926/ios
    builtin-copy -exclude .DS_Store -exclude CVS -exclude .svn -exclude .git -exclude .hg -resolve-src-symlinks -rename /var/folders/fh/vt8wk6pn5dgd_tv982c123440000gp/T/picpac-snapshots-raj9ar88/build/Build/Intermediates.noindex/PicPacPoe.build/Debug-iphonesimulator/PicPacPoe.build/Objects-normal/x86_64/PicPacPoe.abi.json /var/folders/fh/vt8wk6pn5dgd_tv982c123440000gp/T/picpac-snapshots-raj9ar88/build/Build/Products/Debug-iphonesimulator/PicPacPoe.swiftmodule/x86_64-apple-ios-simulator.abi.json

Copy /var/folders/fh/vt8wk6pn5dgd_tv982c123440000gp/T/picpac-snapshots-raj9ar88/build/Build/Products/Debug-iphonesimulator/PicPacPoe.swiftmodule/arm64-apple-ios-simulator.swiftmodule /var/folders/fh/vt8wk6pn5dgd_tv982c123440000gp/T/picpac-snapshots-raj9ar88/build/Build/Intermediates.noindex/PicPacPoe.build/Debug-iphonesimulator/PicPacPoe.build/Objects-normal/arm64/PicPacPoe.swiftmodule (in target 'PicPacPoe' from project 'PicPacPoe')
    cd /tmp/picpac-ios-privacy-link-20260926/ios
    builtin-copy -exclude .DS_Store -exclude CVS -exclude .svn -exclude .git -exclude .hg -resolve-src-symlinks -rename /var/folders/fh/vt8wk6pn5dgd_tv982c123440000gp/T/picpac-snapshots-raj9ar88/build/Build/Intermediates.noindex/PicPacPoe.build/Debug-iphonesimulator/PicPacPoe.build/Objects-normal/arm64/PicPacPoe.swiftmodule /var/folders/fh/vt8wk6pn5dgd_tv982c123440000gp/T/picpac-snapshots-raj9ar88/build/Build/Products/Debug-iphonesimulator/PicPacPoe.swiftmodule/arm64-apple-ios-simulator.swiftmodule

Copy /var/folders/fh/vt8wk6pn5dgd_tv982c123440000gp/T/picpac-snapshots-raj9ar88/build/Build/Products/Debug-iphonesimulator/PicPacPoe.swiftmodule/arm64-apple-ios-simulator.swiftdoc /var/folders/fh/vt8wk6pn5dgd_tv982c123440000gp/T/picpac-snapshots-raj9ar88/build/Build/Intermediates.noindex/PicPacPoe.build/Debug-iphonesimulator/PicPacPoe.build/Objects-normal/arm64/PicPacPoe.swiftdoc (in target 'PicPacPoe' from project 'PicPacPoe')
    cd /tmp/picpac-ios-privacy-link-20260926/ios
    builtin-copy -exclude .DS_Store -exclude CVS -exclude .svn -exclude .git -exclude .hg -resolve-src-symlinks -rename /var/folders/fh/vt8wk6pn5dgd_tv982c123440000gp/T/picpac-snapshots-raj9ar88/build/Build/Intermediates.noindex/PicPacPoe.build/Debug-iphonesimulator/PicPacPoe.build/Objects-normal/arm64/PicPacPoe.swiftdoc /var/folders/fh/vt8wk6pn5dgd_tv982c123440000gp/T/picpac-snapshots-raj9ar88/build/Build/Products/Debug-iphonesimulator/PicPacPoe.swiftmodule/arm64-apple-ios-simulator.swiftdoc

Copy /var/folders/fh/vt8wk6pn5dgd_tv982c123440000gp/T/picpac-snapshots-raj9ar88/build/Build/Products/Debug-iphonesimulator/PicPacPoe.swiftmodule/arm64-apple-ios-simulator.abi.json /var/folders/fh/vt8wk6pn5dgd_tv982c123440000gp/T/picpac-snapshots-raj9ar88/build/Build/Intermediates.noindex/PicPacPoe.build/Debug-iphonesimulator/PicPacPoe.build/Objects-normal/arm64/PicPacPoe.abi.json (in target 'PicPacPoe' from project 'PicPacPoe')
    cd /tmp/picpac-ios-privacy-link-20260926/ios
    builtin-copy -exclude .DS_Store -exclude CVS -exclude .svn -exclude .git -exclude .hg -resolve-src-symlinks -rename /var/folders/fh/vt8wk6pn5dgd_tv982c123440000gp/T/picpac-snapshots-raj9ar88/build/Build/Intermediates.noindex/PicPacPoe.build/Debug-iphonesimulator/PicPacPoe.build/Objects-normal/arm64/PicPacPoe.abi.json /var/folders/fh/vt8wk6pn5dgd_tv982c123440000gp/T/picpac-snapshots-raj9ar88/build/Build/Products/Debug-iphonesimulator/PicPacPoe.swiftmodule/arm64-apple-ios-simulator.abi.json

Copy /var/folders/fh/vt8wk6pn5dgd_tv982c123440000gp/T/picpac-snapshots-raj9ar88/build/Build/Products/Debug-iphonesimulator/PicPacPoe.swiftmodule/Project/x86_64-apple-ios-simulator.swiftsourceinfo /var/folders/fh/vt8wk6pn5dgd_tv982c123440000gp/T/picpac-snapshots-raj9ar88/build/Build/Intermediates.noindex/PicPacPoe.build/Debug-iphonesimulator/PicPacPoe.build/Objects-normal/x86_64/PicPacPoe.swiftsourceinfo (in target 'PicPacPoe' from project 'PicPacPoe')
    cd /tmp/picpac-ios-privacy-link-20260926/ios
    builtin-copy -exclude .DS_Store -exclude CVS -exclude .svn -exclude .git -exclude .hg -resolve-src-symlinks -rename /var/folders/fh/vt8wk6pn5dgd_tv982c123440000gp/T/picpac-snapshots-raj9ar88/build/Build/Intermediates.noindex/PicPacPoe.build/Debug-iphonesimulator/PicPacPoe.build/Objects-normal/x86_64/PicPacPoe.swiftsourceinfo /var/folders/fh/vt8wk6pn5dgd_tv982c123440000gp/T/picpac-snapshots-raj9ar88/build/Build/Products/Debug-iphonesimulator/PicPacPoe.swiftmodule/Project/x86_64-apple-ios-simulator.swiftsourceinfo

Copy /var/folders/fh/vt8wk6pn5dgd_tv982c123440000gp/T/picpac-snapshots-raj9ar88/build/Build/Products/Debug-iphonesimulator/PicPacPoe.swiftmodule/Project/arm64-apple-ios-simulator.swiftsourceinfo /var/folders/fh/vt8wk6pn5dgd_tv982c123440000gp/T/picpac-snapshots-raj9ar88/build/Build/Intermediates.noindex/PicPacPoe.build/Debug-iphonesimulator/PicPacPoe.build/Objects-normal/arm64/PicPacPoe.swiftsourceinfo (in target 'PicPacPoe' from project 'PicPacPoe')
    cd /tmp/picpac-ios-privacy-link-20260926/ios
    builtin-copy -exclude .DS_Store -exclude CVS -exclude .svn -exclude .git -exclude .hg -resolve-src-symlinks -rename /var/folders/fh/vt8wk6pn5dgd_tv982c123440000gp/T/picpac-snapshots-raj9ar88/build/Build/Intermediates.noindex/PicPacPoe.build/Debug-iphonesimulator/PicPacPoe.build/Objects-normal/arm64/PicPacPoe.swiftsourceinfo /var/folders/fh/vt8wk6pn5dgd_tv982c123440000gp/T/picpac-snapshots-raj9ar88/build/Build/Products/Debug-iphonesimulator/PicPacPoe.swiftmodule/Project/arm64-apple-ios-simulator.swiftsourceinfo

SwiftCompile normal arm64 Compiling\ FormTheme.swift /tmp/picpac-ios-privacy-link-20260926/ios/PicPacPoe/FormTheme.swift (in target 'PicPacPoe' from project 'PicPacPoe')

SwiftCompile normal arm64 /tmp/picpac-ios-privacy-link-20260926/ios/PicPacPoe/FormTheme.swift (in target 'PicPacPoe' from project 'PicPacPoe')
    cd /tmp/picpac-ios-privacy-link-20260926/ios
    

SwiftCompile normal arm64 Compiling\ PicPacPoeApp.swift /tmp/picpac-ios-privacy-link-20260926/ios/PicPacPoe/PicPacPoeApp.swift (in target 'PicPacPoe' from project 'PicPacPoe')

SwiftCompile normal arm64 /tmp/picpac-ios-privacy-link-20260926/ios/PicPacPoe/PicPacPoeApp.swift (in target 'PicPacPoe' from project 'PicPacPoe')
    cd /tmp/picpac-ios-privacy-link-20260926/ios
    

SwiftDriverJobDiscovery normal arm64 Compiling GeneratedAssetSymbols.swift (in target 'PicPacPoe' from project 'PicPacPoe')

SwiftCompile normal arm64 Compiling\ ProductionAIWorker.swift /tmp/picpac-ios-privacy-link-20260926/ios/PicPacPoe/ProductionAIWorker.swift (in target 'PicPacPoe' from project 'PicPacPoe')

SwiftCompile normal arm64 /tmp/picpac-ios-privacy-link-20260926/ios/PicPacPoe/ProductionAIWorker.swift (in target 'PicPacPoe' from project 'PicPacPoe')
    cd /tmp/picpac-ios-privacy-link-20260926/ios
    

LinkAssetCatalog /tmp/picpac-ios-privacy-link-20260926/ios/PicPacPoe/Assets.xcassets (in target 'PicPacPoe' from project 'PicPacPoe')
    cd /tmp/picpac-ios-privacy-link-20260926/ios
    builtin-linkAssetCatalog --thinned /var/folders/fh/vt8wk6pn5dgd_tv982c123440000gp/T/picpac-snapshots-raj9ar88/build/Build/Intermediates.noindex/PicPacPoe.build/Debug-iphonesimulator/PicPacPoe.build/assetcatalog_output/thinned --thinned-dependencies /var/folders/fh/vt8wk6pn5dgd_tv982c123440000gp/T/picpac-snapshots-raj9ar88/build/Build/Intermediates.noindex/PicPacPoe.build/Debug-iphonesimulator/PicPacPoe.build/assetcatalog_dependencies_thinned --thinned-info-plist-content /var/folders/fh/vt8wk6pn5dgd_tv982c123440000gp/T/picpac-snapshots-raj9ar88/build/Build/Intermediates.noindex/PicPacPoe.build/Debug-iphonesimulator/PicPacPoe.build/assetcatalog_generated_info.plist_thinned --unthinned /var/folders/fh/vt8wk6pn5dgd_tv982c123440000gp/T/picpac-snapshots-raj9ar88/build/Build/Intermediates.noindex/PicPacPoe.build/Debug-iphonesimulator/PicPacPoe.build/assetcatalog_output/unthinned --unthinned-dependencies /var/folders/fh/vt8wk6pn5dgd_tv982c123440000gp/T/picpac-snapshots-raj9ar88/build/Build/Intermediates.noindex/PicPacPoe.build/Debug-iphonesimulator/PicPacPoe.build/assetcatalog_dependencies_unthinned --unthinned-info-plist-content /var/folders/fh/vt8wk6pn5dgd_tv982c123440000gp/T/picpac-snapshots-raj9ar88/build/Build/Intermediates.noindex/PicPacPoe.build/Debug-iphonesimulator/PicPacPoe.build/assetcatalog_generated_info.plist_unthinned --output /var/folders/fh/vt8wk6pn5dgd_tv982c123440000gp/T/picpac-snapshots-raj9ar88/build/Build/Products/Debug-iphonesimulator/PicPacPoe.app --plist-output /var/folders/fh/vt8wk6pn5dgd_tv982c123440000gp/T/picpac-snapshots-raj9ar88/build/Build/Intermediates.noindex/PicPacPoe.build/Debug-iphonesimulator/PicPacPoe.build/assetcatalog_generated_info.plist
note: Emplaced /var/folders/fh/vt8wk6pn5dgd_tv982c123440000gp/T/picpac-snapshots-raj9ar88/build/Build/Products/Debug-iphonesimulator/PicPacPoe.app/AppIcon76x76@2x~ipad.png (in target 'PicPacPoe' from project 'PicPacPoe')
note: Emplaced /var/folders/fh/vt8wk6pn5dgd_tv982c123440000gp/T/picpac-snapshots-raj9ar88/build/Build/Products/Debug-iphonesimulator/PicPacPoe.app/Assets.car (in target 'PicPacPoe' from project 'PicPacPoe')
note: Emplaced /var/folders/fh/vt8wk6pn5dgd_tv982c123440000gp/T/picpac-snapshots-raj9ar88/build/Build/Products/Debug-iphonesimulator/PicPacPoe.app/AppIcon60x60@2x.png (in target 'PicPacPoe' from project 'PicPacPoe')

SwiftDriverJobDiscovery normal x86_64 Compiling FeedbackService.swift (in target 'PicPacPoe' from project 'PicPacPoe')

ProcessInfoPlistFile /var/folders/fh/vt8wk6pn5dgd_tv982c123440000gp/T/picpac-snapshots-raj9ar88/build/Build/Products/Debug-iphonesimulator/PicPacPoe.app/Info.plist /tmp/picpac-ios-privacy-link-20260926/ios/PicPacPoe/Info.plist (in target 'PicPacPoe' from project 'PicPacPoe')
    cd /tmp/picpac-ios-privacy-link-20260926/ios
    builtin-infoPlistUtility /tmp/picpac-ios-privacy-link-20260926/ios/PicPacPoe/Info.plist -producttype com.apple.product-type.application -genpkginfo /var/folders/fh/vt8wk6pn5dgd_tv982c123440000gp/T/picpac-snapshots-raj9ar88/build/Build/Products/Debug-iphonesimulator/PicPacPoe.app/PkgInfo -expandbuildsettings -format binary -platform iphonesimulator -additionalcontentfile /var/folders/fh/vt8wk6pn5dgd_tv982c123440000gp/T/picpac-snapshots-raj9ar88/build/Build/Intermediates.noindex/PicPacPoe.build/Debug-iphonesimulator/PicPacPoe.build/assetcatalog_generated_info.plist -scanforprivacyfile /var/folders/fh/vt8wk6pn5dgd_tv982c123440000gp/T/picpac-snapshots-raj9ar88/build/Build/Products/Debug-iphonesimulator/PicPacPoe.app/PicPacKit_PicPacAI.bundle -o /var/folders/fh/vt8wk6pn5dgd_tv982c123440000gp/T/picpac-snapshots-raj9ar88/build/Build/Products/Debug-iphonesimulator/PicPacPoe.app/Info.plist

SwiftCompile normal arm64 Compiling\ FeedbackService.swift /tmp/picpac-ios-privacy-link-20260926/ios/PicPacPoe/FeedbackService.swift (in target 'PicPacPoe' from project 'PicPacPoe')

SwiftCompile normal arm64 /tmp/picpac-ios-privacy-link-20260926/ios/PicPacPoe/FeedbackService.swift (in target 'PicPacPoe' from project 'PicPacPoe')
    cd /tmp/picpac-ios-privacy-link-20260926/ios
    

SwiftCompile normal arm64 Compiling\ DebugLaunchConfiguration.swift /tmp/picpac-ios-privacy-link-20260926/ios/PicPacPoe/DebugLaunchConfiguration.swift (in target 'PicPacPoe' from project 'PicPacPoe')

SwiftCompile normal arm64 /tmp/picpac-ios-privacy-link-20260926/ios/PicPacPoe/DebugLaunchConfiguration.swift (in target 'PicPacPoe' from project 'PicPacPoe')
    cd /tmp/picpac-ios-privacy-link-20260926/ios
    

SwiftDriverJobDiscovery normal arm64 Compiling ProductionAIWorker.swift (in target 'PicPacPoe' from project 'PicPacPoe')

SwiftCompile normal arm64 Compiling\ GameView.swift /tmp/picpac-ios-privacy-link-20260926/ios/PicPacPoe/GameView.swift (in target 'PicPacPoe' from project 'PicPacPoe')
SwiftCompile normal arm64 /tmp/picpac-ios-privacy-link-20260926/ios/PicPacPoe/GameView.swift (in target 'PicPacPoe' from project 'PicPacPoe')
    cd /tmp/picpac-ios-privacy-link-20260926/ios
    

SwiftDriverJobDiscovery normal x86_64 Compiling DebugLaunchConfiguration.swift (in target 'PicPacPoe' from project 'PicPacPoe')

SwiftCompile normal arm64 Compiling\ PhysicalBoard.swift /tmp/picpac-ios-privacy-link-20260926/ios/PicPacPoe/PhysicalBoard.swift (in target 'PicPacPoe' from project 'PicPacPoe')

SwiftCompile normal arm64 /tmp/picpac-ios-privacy-link-20260926/ios/PicPacPoe/PhysicalBoard.swift (in target 'PicPacPoe' from project 'PicPacPoe')
    cd /tmp/picpac-ios-privacy-link-20260926/ios
    

SwiftDriverJobDiscovery normal x86_64 Compiling FormTheme.swift (in target 'PicPacPoe' from project 'PicPacPoe')

SwiftCompile normal arm64 Compiling\ InfoViews.swift /tmp/picpac-ios-privacy-link-20260926/ios/PicPacPoe/InfoViews.swift (in target 'PicPacPoe' from project 'PicPacPoe')

SwiftCompile normal arm64 /tmp/picpac-ios-privacy-link-20260926/ios/PicPacPoe/InfoViews.swift (in target 'PicPacPoe' from project 'PicPacPoe')
    cd /tmp/picpac-ios-privacy-link-20260926/ios
    

SwiftDriverJobDiscovery normal x86_64 Compiling PicPacPoeApp.swift (in target 'PicPacPoe' from project 'PicPacPoe')

SwiftDriverJobDiscovery normal x86_64 Compiling PhysicalBoard.swift (in target 'PicPacPoe' from project 'PicPacPoe')

SwiftDriverJobDiscovery normal x86_64 Compiling InfoViews.swift (in target 'PicPacPoe' from project 'PicPacPoe')

SwiftDriverJobDiscovery normal x86_64 Compiling HomeView.swift (in target 'PicPacPoe' from project 'PicPacPoe')

SwiftDriverJobDiscovery normal x86_64 Compiling GameView.swift (in target 'PicPacPoe' from project 'PicPacPoe')

SwiftDriver\ Compilation PicPacPoe normal x86_64 com.apple.xcode.tools.swift.compiler (in target 'PicPacPoe' from project 'PicPacPoe')
    cd /tmp/picpac-ios-privacy-link-20260926/ios
    builtin-Swift-Compilation -- /Applications/Xcode.app/Contents/Developer/Toolchains/XcodeDefault.xctoolchain/usr/bin/swiftc -module-name PicPacPoe -Onone @/var/folders/fh/vt8wk6pn5dgd_tv982c123440000gp/T/picpac-snapshots-raj9ar88/build/Build/Intermediates.noindex/PicPacPoe.build/Debug-iphonesimulator/PicPacPoe.build/Objects-normal/x86_64/PicPacPoe.SwiftFileList -DDEBUG -enable-experimental-feature DebugDescriptionMacro -sdk /Applications/Xcode.app/Contents/Developer/Platforms/iPhoneSimulator.platform/Developer/SDKs/iPhoneSimulator26.5.sdk -target x86_64-apple-ios17.0-simulator -g -module-cache-path /var/folders/fh/vt8wk6pn5dgd_tv982c123440000gp/T/picpac-snapshots-raj9ar88/build/ModuleCache.noindex -Xfrontend -serialize-debugging-options -profile-coverage-mapping -profile-generate -enable-testing -index-store-path /var/folders/fh/vt8wk6pn5dgd_tv982c123440000gp/T/picpac-snapshots-raj9ar88/build/Index.noindex/DataStore -Xcc -D_LIBCPP_HARDENING_MODE\=_LIBCPP_HARDENING_MODE_DEBUG -swift-version 6 -I /var/folders/fh/vt8wk6pn5dgd_tv982c123440000gp/T/picpac-snapshots-raj9ar88/build/Build/Products/Debug-iphonesimulator -F /var/folders/fh/vt8wk6pn5dgd_tv982c123440000gp/T/picpac-snapshots-raj9ar88/build/Build/Products/Debug-iphonesimulator/PackageFrameworks -F /var/folders/fh/vt8wk6pn5dgd_tv982c123440000gp/T/picpac-snapshots-raj9ar88/build/Build/Products/Debug-iphonesimulator/PackageFrameworks -F /var/folders/fh/vt8wk6pn5dgd_tv982c123440000gp/T/picpac-snapshots-raj9ar88/build/Build/Products/Debug-iphonesimulator/PackageFrameworks -F /var/folders/fh/vt8wk6pn5dgd_tv982c123440000gp/T/picpac-snapshots-raj9ar88/build/Build/Products/Debug-iphonesimulator -emit-localized-strings -emit-localized-strings-path /var/folders/fh/vt8wk6pn5dgd_tv982c123440000gp/T/picpac-snapshots-raj9ar88/build/Build/Intermediates.noindex/PicPacPoe.build/Debug-iphonesimulator/PicPacPoe.build/Objects-normal/x86_64 -c -j12 -enable-batch-mode -incremental -Xcc -ivfsstatcache -Xcc /var/folders/fh/vt8wk6pn5dgd_tv982c123440000gp/T/picpac-snapshots-raj9ar88/build/SDKStatCaches.noindex/iphonesimulator26.5-23F81a-6cfe768891a92b912361537c460fe42b.sdkstatcache -output-file-map /var/folders/fh/vt8wk6pn5dgd_tv982c123440000gp/T/picpac-snapshots-raj9ar88/build/Build/Intermediates.noindex/PicPacPoe.build/Debug-iphonesimulator/PicPacPoe.build/Objects-normal/x86_64/PicPacPoe-OutputFileMap.json -use-frontend-parseable-output -save-temps -no-color-diagnostics -explicit-module-build -module-cache-path /var/folders/fh/vt8wk6pn5dgd_tv982c123440000gp/T/picpac-snapshots-raj9ar88/build/Build/Intermediates.noindex/SwiftExplicitPrecompiledModules -clang-scanner-module-cache-path /var/folders/fh/vt8wk6pn5dgd_tv982c123440000gp/T/picpac-snapshots-raj9ar88/build/ModuleCache.noindex -sdk-module-cache-path /var/folders/fh/vt8wk6pn5dgd_tv982c123440000gp/T/picpac-snapshots-raj9ar88/build/ModuleCache.noindex -serialize-diagnostics -emit-dependencies -emit-module -emit-module-path /var/folders/fh/vt8wk6pn5dgd_tv982c123440000gp/T/picpac-snapshots-raj9ar88/build/Build/Intermediates.noindex/PicPacPoe.build/Debug-iphonesimulator/PicPacPoe.build/Objects-normal/x86_64/PicPacPoe.swiftmodule -validate-clang-modules-once -clang-build-session-file /var/folders/fh/vt8wk6pn5dgd_tv982c123440000gp/T/picpac-snapshots-raj9ar88/build/ModuleCache.noindex/Session.modulevalidation -Xcc -I/var/folders/fh/vt8wk6pn5dgd_tv982c123440000gp/T/picpac-snapshots-raj9ar88/build/Build/Intermediates.noindex/PicPacPoe.build/Debug-iphonesimulator/PicPacPoe.build/swift-overrides.hmap -emit-const-values -Xfrontend -const-gather-protocols-file -Xfrontend /var/folders/fh/vt8wk6pn5dgd_tv982c123440000gp/T/picpac-snapshots-raj9ar88/build/Build/Intermediates.noindex/PicPacPoe.build/Debug-iphonesimulator/PicPacPoe.build/Objects-normal/x86_64/PicPacPoe_const_extract_protocols.json -Xcc -iquote -Xcc /var/folders/fh/vt8wk6pn5dgd_tv982c123440000gp/T/picpac-snapshots-raj9ar88/build/Build/Intermediates.noindex/PicPacPoe.build/Debug-iphonesimulator/PicPacPoe.build/PicPacPoe-generated-files.hmap -Xcc -I/var/folders/fh/vt8wk6pn5dgd_tv982c123440000gp/T/picpac-snapshots-raj9ar88/build/Build/Intermediates.noindex/PicPacPoe.build/Debug-iphonesimulator/PicPacPoe.build/PicPacPoe-own-target-headers.hmap -Xcc -I/var/folders/fh/vt8wk6pn5dgd_tv982c123440000gp/T/picpac-snapshots-raj9ar88/build/Build/Intermediates.noindex/PicPacPoe.build/Debug-iphonesimulator/PicPacPoe.build/PicPacPoe-all-non-framework-target-headers.hmap -Xcc -ivfsoverlay -Xcc /var/folders/fh/vt8wk6pn5dgd_tv982c123440000gp/T/picpac-snapshots-raj9ar88/build/Build/Intermediates.noindex/PicPacPoe.build/Debug-iphonesimulator/PicPacPoe-90eff2f9d9e8600d7e53134acd1cb833-VFS-iphonesimulator/all-product-headers.yaml -Xcc -iquote -Xcc /var/folders/fh/vt8wk6pn5dgd_tv982c123440000gp/T/picpac-snapshots-raj9ar88/build/Build/Intermediates.noindex/PicPacPoe.build/Debug-iphonesimulator/PicPacPoe.build/PicPacPoe-project-headers.hmap -Xcc -I/var/folders/fh/vt8wk6pn5dgd_tv982c123440000gp/T/picpac-snapshots-raj9ar88/build/Build/Products/Debug-iphonesimulator/include -Xcc -I/var/folders/fh/vt8wk6pn5dgd_tv982c123440000gp/T/picpac-snapshots-raj9ar88/build/Build/Intermediates.noindex/PicPacPoe.build/Debug-iphonesimulator/PicPacPoe.build/DerivedSources-normal/x86_64 -Xcc -I/var/folders/fh/vt8wk6pn5dgd_tv982c123440000gp/T/picpac-snapshots-raj9ar88/build/Build/Intermediates.noindex/PicPacPoe.build/Debug-iphonesimulator/PicPacPoe.build/DerivedSources/x86_64 -Xcc -I/var/folders/fh/vt8wk6pn5dgd_tv982c123440000gp/T/picpac-snapshots-raj9ar88/build/Build/Intermediates.noindex/PicPacPoe.build/Debug-iphonesimulator/PicPacPoe.build/DerivedSources -emit-objc-header -emit-objc-header-path /var/folders/fh/vt8wk6pn5dgd_tv982c123440000gp/T/picpac-snapshots-raj9ar88/build/Build/Intermediates.noindex/PicPacPoe.build/Debug-iphonesimulator/PicPacPoe.build/Objects-normal/x86_64/PicPacPoe-Swift.h -working-directory /tmp/picpac-ios-privacy-link-20260926/ios -experimental-emit-module-separately -disable-cmo

Ld /var/folders/fh/vt8wk6pn5dgd_tv982c123440000gp/T/picpac-snapshots-raj9ar88/build/Build/Intermediates.noindex/PicPacPoe.build/Debug-iphonesimulator/PicPacPoe.build/Objects-normal/x86_64/Binary/PicPacPoe.debug.dylib normal x86_64 (in target 'PicPacPoe' from project 'PicPacPoe')
    cd /tmp/picpac-ios-privacy-link-20260926/ios
    /Applications/Xcode.app/Contents/Developer/Toolchains/XcodeDefault.xctoolchain/usr/bin/clang -Xlinker -reproducible -target x86_64-apple-ios17.0-simulator -dynamiclib -isysroot /Applications/Xcode.app/Contents/Developer/Platforms/iPhoneSimulator.platform/Developer/SDKs/iPhoneSimulator26.5.sdk -O0 -L/var/folders/fh/vt8wk6pn5dgd_tv982c123440000gp/T/picpac-snapshots-raj9ar88/build/Build/Intermediates.noindex/EagerLinkingTBDs/Debug-iphonesimulator -L/var/folders/fh/vt8wk6pn5dgd_tv982c123440000gp/T/picpac-snapshots-raj9ar88/build/Build/Products/Debug-iphonesimulator -F/var/folders/fh/vt8wk6pn5dgd_tv982c123440000gp/T/picpac-snapshots-raj9ar88/build/Build/Intermediates.noindex/EagerLinkingTBDs/Debug-iphonesimulator -F/var/folders/fh/vt8wk6pn5dgd_tv982c123440000gp/T/picpac-snapshots-raj9ar88/build/Build/Products/Debug-iphonesimulator/PackageFrameworks -F/var/folders/fh/vt8wk6pn5dgd_tv982c123440000gp/T/picpac-snapshots-raj9ar88/build/Build/Products/Debug-iphonesimulator/PackageFrameworks -F/var/folders/fh/vt8wk6pn5dgd_tv982c123440000gp/T/picpac-snapshots-raj9ar88/build/Build/Products/Debug-iphonesimulator/PackageFrameworks -F/var/folders/fh/vt8wk6pn5dgd_tv982c123440000gp/T/picpac-snapshots-raj9ar88/build/Build/Products/Debug-iphonesimulator -filelist /var/folders/fh/vt8wk6pn5dgd_tv982c123440000gp/T/picpac-snapshots-raj9ar88/build/Build/Intermediates.noindex/PicPacPoe.build/Debug-iphonesimulator/PicPacPoe.build/Objects-normal/x86_64/PicPacPoe.LinkFileList -install_name @rpath/PicPacPoe.debug.dylib -Xlinker -rpath -Xlinker /usr/lib/swift -Xlinker -rpath -Xlinker /var/folders/fh/vt8wk6pn5dgd_tv982c123440000gp/T/picpac-snapshots-raj9ar88/build/Build/Products/Debug-iphonesimulator/PackageFrameworks -Xlinker -dead_strip -Xlinker -object_path_lto -Xlinker /var/folders/fh/vt8wk6pn5dgd_tv982c123440000gp/T/picpac-snapshots-raj9ar88/build/Build/Intermediates.noindex/PicPacPoe.build/Debug-iphonesimulator/PicPacPoe.build/Objects-normal/x86_64/PicPacPoe_lto.o -rdynamic -Xlinker -no_deduplicate -Xlinker -objc_abi_version -Xlinker 2 -Xlinker -debug_variant -Xlinker -dependency_info -Xlinker /var/folders/fh/vt8wk6pn5dgd_tv982c123440000gp/T/picpac-snapshots-raj9ar88/build/Build/Intermediates.noindex/PicPacPoe.build/Debug-iphonesimulator/PicPacPoe.build/Objects-normal/x86_64/PicPacPoe_dependency_info.dat -fobjc-link-runtime -fprofile-instr-generate -L/Applications/Xcode.app/Contents/Developer/Toolchains/XcodeDefault.xctoolchain/usr/lib/swift/iphonesimulator -L/usr/lib/swift -Xlinker -add_ast_path -Xlinker /var/folders/fh/vt8wk6pn5dgd_tv982c123440000gp/T/picpac-snapshots-raj9ar88/build/Build/Intermediates.noindex/PicPacPoe.build/Debug-iphonesimulator/PicPacPoe.build/Objects-normal/x86_64/PicPacPoe.swiftmodule @/var/folders/fh/vt8wk6pn5dgd_tv982c123440000gp/T/picpac-snapshots-raj9ar88/build/Build/Intermediates.noindex/PicPacPoe.build/Debug-iphonesimulator/PicPacPoe.build/Objects-normal/x86_64/PicPacPoe-linker-args.resp -Wl,-no_warn_duplicate_libraries -Wl,-no_warn_duplicate_libraries -Wl,-no_warn_duplicate_libraries -Xlinker -alias -Xlinker _main -Xlinker ___debug_main_executable_dylib_entry_point -o /var/folders/fh/vt8wk6pn5dgd_tv982c123440000gp/T/picpac-snapshots-raj9ar88/build/Build/Intermediates.noindex/PicPacPoe.build/Debug-iphonesimulator/PicPacPoe.build/Objects-normal/x86_64/Binary/PicPacPoe.debug.dylib -Xlinker -add_ast_path -Xlinker /var/folders/fh/vt8wk6pn5dgd_tv982c123440000gp/T/picpac-snapshots-raj9ar88/build/Build/Intermediates.noindex/PicPacKit.build/Debug-iphonesimulator/PicPacPresentation.build/Objects-normal/x86_64/PicPacPresentation.swiftmodule @/var/folders/fh/vt8wk6pn5dgd_tv982c123440000gp/T/picpac-snapshots-raj9ar88/build/Build/Intermediates.noindex/PicPacKit.build/Debug-iphonesimulator/PicPacPresentation.build/Objects-normal/x86_64/PicPacPresentation-linker-args.resp -Xlinker -add_ast_path -Xlinker /var/folders/fh/vt8wk6pn5dgd_tv982c123440000gp/T/picpac-snapshots-raj9ar88/build/Build/Intermediates.noindex/PicPacKit.build/Debug-iphonesimulator/PicPacCore.build/Objects-normal/x86_64/PicPacCore.swiftmodule @/var/folders/fh/vt8wk6pn5dgd_tv982c123440000gp/T/picpac-snapshots-raj9ar88/build/Build/Intermediates.noindex/PicPacKit.build/Debug-iphonesimulator/PicPacCore.build/Objects-normal/x86_64/PicPacCore-linker-args.resp -Xlinker -add_ast_path -Xlinker /var/folders/fh/vt8wk6pn5dgd_tv982c123440000gp/T/picpac-snapshots-raj9ar88/build/Build/Intermediates.noindex/PicPacKit.build/Debug-iphonesimulator/PicPacAI.build/Objects-normal/x86_64/PicPacAI.swiftmodule @/var/folders/fh/vt8wk6pn5dgd_tv982c123440000gp/T/picpac-snapshots-raj9ar88/build/Build/Intermediates.noindex/PicPacKit.build/Debug-iphonesimulator/PicPacAI.build/Objects-normal/x86_64/PicPacAI-linker-args.resp

ConstructStubExecutorLinkFileList /var/folders/fh/vt8wk6pn5dgd_tv982c123440000gp/T/picpac-snapshots-raj9ar88/build/Build/Intermediates.noindex/PicPacPoe.build/Debug-iphonesimulator/PicPacPoe.build/PicPacPoe-ExecutorLinkFileList-normal-x86_64.txt (in target 'PicPacPoe' from project 'PicPacPoe')
    cd /tmp/picpac-ios-privacy-link-20260926/ios
    construct-stub-executor-link-file-list /var/folders/fh/vt8wk6pn5dgd_tv982c123440000gp/T/picpac-snapshots-raj9ar88/build/Build/Intermediates.noindex/PicPacPoe.build/Debug-iphonesimulator/PicPacPoe.build/Objects-normal/x86_64/Binary/PicPacPoe.debug.dylib /Applications/Xcode.app/Contents/Developer/Platforms/iPhoneSimulator.platform/Developer/usr/lib/libPreviewsJITStubExecutor_no_swift_entry_point.a /Applications/Xcode.app/Contents/Developer/Platforms/iPhoneSimulator.platform/Developer/usr/lib/libPreviewsJITStubExecutor.a --output /var/folders/fh/vt8wk6pn5dgd_tv982c123440000gp/T/picpac-snapshots-raj9ar88/build/Build/Intermediates.noindex/PicPacPoe.build/Debug-iphonesimulator/PicPacPoe.build/PicPacPoe-ExecutorLinkFileList-normal-x86_64.txt
note: Using stub executor library with Swift entry point. (in target 'PicPacPoe' from project 'PicPacPoe')

Ld /var/folders/fh/vt8wk6pn5dgd_tv982c123440000gp/T/picpac-snapshots-raj9ar88/build/Build/Intermediates.noindex/PicPacPoe.build/Debug-iphonesimulator/PicPacPoe.build/Objects-normal/x86_64/Binary/PicPacPoe normal x86_64 (in target 'PicPacPoe' from project 'PicPacPoe')
    cd /tmp/picpac-ios-privacy-link-20260926/ios
    /Applications/Xcode.app/Contents/Developer/Toolchains/XcodeDefault.xctoolchain/usr/bin/clang -Xlinker -reproducible -target x86_64-apple-ios17.0-simulator -isysroot /Applications/Xcode.app/Contents/Developer/Platforms/iPhoneSimulator.platform/Developer/SDKs/iPhoneSimulator26.5.sdk -O0 -L/var/folders/fh/vt8wk6pn5dgd_tv982c123440000gp/T/picpac-snapshots-raj9ar88/build/Build/Products/Debug-iphonesimulator -F/var/folders/fh/vt8wk6pn5dgd_tv982c123440000gp/T/picpac-snapshots-raj9ar88/build/Build/Products/Debug-iphonesimulator/PackageFrameworks -F/var/folders/fh/vt8wk6pn5dgd_tv982c123440000gp/T/picpac-snapshots-raj9ar88/build/Build/Products/Debug-iphonesimulator/PackageFrameworks -F/var/folders/fh/vt8wk6pn5dgd_tv982c123440000gp/T/picpac-snapshots-raj9ar88/build/Build/Products/Debug-iphonesimulator/PackageFrameworks -F/var/folders/fh/vt8wk6pn5dgd_tv982c123440000gp/T/picpac-snapshots-raj9ar88/build/Build/Products/Debug-iphonesimulator -Xlinker -rpath -Xlinker @executable_path -Xlinker -rpath -Xlinker /var/folders/fh/vt8wk6pn5dgd_tv982c123440000gp/T/picpac-snapshots-raj9ar88/build/Build/Products/Debug-iphonesimulator/PackageFrameworks -rdynamic -Xlinker -no_deduplicate -Xlinker -objc_abi_version -Xlinker 2 -Xlinker -debug_variant -e ___debug_blank_executor_main -Xlinker -sectcreate -Xlinker __TEXT -Xlinker __debug_dylib -Xlinker /var/folders/fh/vt8wk6pn5dgd_tv982c123440000gp/T/picpac-snapshots-raj9ar88/build/Build/Intermediates.noindex/PicPacPoe.build/Debug-iphonesimulator/PicPacPoe.build/PicPacPoe-DebugDylibPath-normal-x86_64.txt -Xlinker -sectcreate -Xlinker __TEXT -Xlinker __debug_instlnm -Xlinker /var/folders/fh/vt8wk6pn5dgd_tv982c123440000gp/T/picpac-snapshots-raj9ar88/build/Build/Intermediates.noindex/PicPacPoe.build/Debug-iphonesimulator/PicPacPoe.build/PicPacPoe-DebugDylibInstallName-normal-x86_64.txt -Xlinker -filelist -Xlinker /var/folders/fh/vt8wk6pn5dgd_tv982c123440000gp/T/picpac-snapshots-raj9ar88/build/Build/Intermediates.noindex/PicPacPoe.build/Debug-iphonesimulator/PicPacPoe.build/PicPacPoe-ExecutorLinkFileList-normal-x86_64.txt /var/folders/fh/vt8wk6pn5dgd_tv982c123440000gp/T/picpac-snapshots-raj9ar88/build/Build/Intermediates.noindex/PicPacPoe.build/Debug-iphonesimulator/PicPacPoe.build/Objects-normal/x86_64/Binary/PicPacPoe.debug.dylib -o /var/folders/fh/vt8wk6pn5dgd_tv982c123440000gp/T/picpac-snapshots-raj9ar88/build/Build/Intermediates.noindex/PicPacPoe.build/Debug-iphonesimulator/PicPacPoe.build/Objects-normal/x86_64/Binary/PicPacPoe

SwiftDriverJobDiscovery normal arm64 Compiling PicPacPoeApp.swift (in target 'PicPacPoe' from project 'PicPacPoe')

SwiftDriverJobDiscovery normal arm64 Compiling FormTheme.swift (in target 'PicPacPoe' from project 'PicPacPoe')

SwiftDriverJobDiscovery normal arm64 Compiling InfoViews.swift (in target 'PicPacPoe' from project 'PicPacPoe')

SwiftDriverJobDiscovery normal arm64 Compiling FeedbackService.swift (in target 'PicPacPoe' from project 'PicPacPoe')

SwiftDriverJobDiscovery normal arm64 Compiling DebugLaunchConfiguration.swift (in target 'PicPacPoe' from project 'PicPacPoe')

SwiftDriverJobDiscovery normal arm64 Compiling HomeView.swift (in target 'PicPacPoe' from project 'PicPacPoe')

SwiftDriverJobDiscovery normal arm64 Compiling PhysicalBoard.swift (in target 'PicPacPoe' from project 'PicPacPoe')

SwiftDriverJobDiscovery normal arm64 Compiling GameView.swift (in target 'PicPacPoe' from project 'PicPacPoe')

SwiftDriver\ Compilation PicPacPoe normal arm64 com.apple.xcode.tools.swift.compiler (in target 'PicPacPoe' from project 'PicPacPoe')
    cd /tmp/picpac-ios-privacy-link-20260926/ios
    builtin-Swift-Compilation -- /Applications/Xcode.app/Contents/Developer/Toolchains/XcodeDefault.xctoolchain/usr/bin/swiftc -module-name PicPacPoe -Onone @/var/folders/fh/vt8wk6pn5dgd_tv982c123440000gp/T/picpac-snapshots-raj9ar88/build/Build/Intermediates.noindex/PicPacPoe.build/Debug-iphonesimulator/PicPacPoe.build/Objects-normal/arm64/PicPacPoe.SwiftFileList -DDEBUG -enable-experimental-feature DebugDescriptionMacro -sdk /Applications/Xcode.app/Contents/Developer/Platforms/iPhoneSimulator.platform/Developer/SDKs/iPhoneSimulator26.5.sdk -target arm64-apple-ios17.0-simulator -g -module-cache-path /var/folders/fh/vt8wk6pn5dgd_tv982c123440000gp/T/picpac-snapshots-raj9ar88/build/ModuleCache.noindex -Xfrontend -serialize-debugging-options -profile-coverage-mapping -profile-generate -enable-testing -index-store-path /var/folders/fh/vt8wk6pn5dgd_tv982c123440000gp/T/picpac-snapshots-raj9ar88/build/Index.noindex/DataStore -Xcc -D_LIBCPP_HARDENING_MODE\=_LIBCPP_HARDENING_MODE_DEBUG -swift-version 6 -I /var/folders/fh/vt8wk6pn5dgd_tv982c123440000gp/T/picpac-snapshots-raj9ar88/build/Build/Products/Debug-iphonesimulator -F /var/folders/fh/vt8wk6pn5dgd_tv982c123440000gp/T/picpac-snapshots-raj9ar88/build/Build/Products/Debug-iphonesimulator/PackageFrameworks -F /var/folders/fh/vt8wk6pn5dgd_tv982c123440000gp/T/picpac-snapshots-raj9ar88/build/Build/Products/Debug-iphonesimulator/PackageFrameworks -F /var/folders/fh/vt8wk6pn5dgd_tv982c123440000gp/T/picpac-snapshots-raj9ar88/build/Build/Products/Debug-iphonesimulator/PackageFrameworks -F /var/folders/fh/vt8wk6pn5dgd_tv982c123440000gp/T/picpac-snapshots-raj9ar88/build/Build/Products/Debug-iphonesimulator -emit-localized-strings -emit-localized-strings-path /var/folders/fh/vt8wk6pn5dgd_tv982c123440000gp/T/picpac-snapshots-raj9ar88/build/Build/Intermediates.noindex/PicPacPoe.build/Debug-iphonesimulator/PicPacPoe.build/Objects-normal/arm64 -c -j12 -enable-batch-mode -incremental -Xcc -ivfsstatcache -Xcc /var/folders/fh/vt8wk6pn5dgd_tv982c123440000gp/T/picpac-snapshots-raj9ar88/build/SDKStatCaches.noindex/iphonesimulator26.5-23F81a-6cfe768891a92b912361537c460fe42b.sdkstatcache -output-file-map /var/folders/fh/vt8wk6pn5dgd_tv982c123440000gp/T/picpac-snapshots-raj9ar88/build/Build/Intermediates.noindex/PicPacPoe.build/Debug-iphonesimulator/PicPacPoe.build/Objects-normal/arm64/PicPacPoe-OutputFileMap.json -use-frontend-parseable-output -save-temps -no-color-diagnostics -explicit-module-build -module-cache-path /var/folders/fh/vt8wk6pn5dgd_tv982c123440000gp/T/picpac-snapshots-raj9ar88/build/Build/Intermediates.noindex/SwiftExplicitPrecompiledModules -clang-scanner-module-cache-path /var/folders/fh/vt8wk6pn5dgd_tv982c123440000gp/T/picpac-snapshots-raj9ar88/build/ModuleCache.noindex -sdk-module-cache-path /var/folders/fh/vt8wk6pn5dgd_tv982c123440000gp/T/picpac-snapshots-raj9ar88/build/ModuleCache.noindex -serialize-diagnostics -emit-dependencies -emit-module -emit-module-path /var/folders/fh/vt8wk6pn5dgd_tv982c123440000gp/T/picpac-snapshots-raj9ar88/build/Build/Intermediates.noindex/PicPacPoe.build/Debug-iphonesimulator/PicPacPoe.build/Objects-normal/arm64/PicPacPoe.swiftmodule -validate-clang-modules-once -clang-build-session-file /var/folders/fh/vt8wk6pn5dgd_tv982c123440000gp/T/picpac-snapshots-raj9ar88/build/ModuleCache.noindex/Session.modulevalidation -Xcc -I/var/folders/fh/vt8wk6pn5dgd_tv982c123440000gp/T/picpac-snapshots-raj9ar88/build/Build/Intermediates.noindex/PicPacPoe.build/Debug-iphonesimulator/PicPacPoe.build/swift-overrides.hmap -emit-const-values -Xfrontend -const-gather-protocols-file -Xfrontend /var/folders/fh/vt8wk6pn5dgd_tv982c123440000gp/T/picpac-snapshots-raj9ar88/build/Build/Intermediates.noindex/PicPacPoe.build/Debug-iphonesimulator/PicPacPoe.build/Objects-normal/arm64/PicPacPoe_const_extract_protocols.json -Xcc -iquote -Xcc /var/folders/fh/vt8wk6pn5dgd_tv982c123440000gp/T/picpac-snapshots-raj9ar88/build/Build/Intermediates.noindex/PicPacPoe.build/Debug-iphonesimulator/PicPacPoe.build/PicPacPoe-generated-files.hmap -Xcc -I/var/folders/fh/vt8wk6pn5dgd_tv982c123440000gp/T/picpac-snapshots-raj9ar88/build/Build/Intermediates.noindex/PicPacPoe.build/Debug-iphonesimulator/PicPacPoe.build/PicPacPoe-own-target-headers.hmap -Xcc -I/var/folders/fh/vt8wk6pn5dgd_tv982c123440000gp/T/picpac-snapshots-raj9ar88/build/Build/Intermediates.noindex/PicPacPoe.build/Debug-iphonesimulator/PicPacPoe.build/PicPacPoe-all-non-framework-target-headers.hmap -Xcc -ivfsoverlay -Xcc /var/folders/fh/vt8wk6pn5dgd_tv982c123440000gp/T/picpac-snapshots-raj9ar88/build/Build/Intermediates.noindex/PicPacPoe.build/Debug-iphonesimulator/PicPacPoe-90eff2f9d9e8600d7e53134acd1cb833-VFS-iphonesimulator/all-product-headers.yaml -Xcc -iquote -Xcc /var/folders/fh/vt8wk6pn5dgd_tv982c123440000gp/T/picpac-snapshots-raj9ar88/build/Build/Intermediates.noindex/PicPacPoe.build/Debug-iphonesimulator/PicPacPoe.build/PicPacPoe-project-headers.hmap -Xcc -I/var/folders/fh/vt8wk6pn5dgd_tv982c123440000gp/T/picpac-snapshots-raj9ar88/build/Build/Products/Debug-iphonesimulator/include -Xcc -I/var/folders/fh/vt8wk6pn5dgd_tv982c123440000gp/T/picpac-snapshots-raj9ar88/build/Build/Intermediates.noindex/PicPacPoe.build/Debug-iphonesimulator/PicPacPoe.build/DerivedSources-normal/arm64 -Xcc -I/var/folders/fh/vt8wk6pn5dgd_tv982c123440000gp/T/picpac-snapshots-raj9ar88/build/Build/Intermediates.noindex/PicPacPoe.build/Debug-iphonesimulator/PicPacPoe.build/DerivedSources/arm64 -Xcc -I/var/folders/fh/vt8wk6pn5dgd_tv982c123440000gp/T/picpac-snapshots-raj9ar88/build/Build/Intermediates.noindex/PicPacPoe.build/Debug-iphonesimulator/PicPacPoe.build/DerivedSources -emit-objc-header -emit-objc-header-path /var/folders/fh/vt8wk6pn5dgd_tv982c123440000gp/T/picpac-snapshots-raj9ar88/build/Build/Intermediates.noindex/PicPacPoe.build/Debug-iphonesimulator/PicPacPoe.build/Objects-normal/arm64/PicPacPoe-Swift.h -working-directory /tmp/picpac-ios-privacy-link-20260926/ios -experimental-emit-module-separately -disable-cmo

Ld /var/folders/fh/vt8wk6pn5dgd_tv982c123440000gp/T/picpac-snapshots-raj9ar88/build/Build/Intermediates.noindex/PicPacPoe.build/Debug-iphonesimulator/PicPacPoe.build/Objects-normal/arm64/Binary/PicPacPoe.debug.dylib normal arm64 (in target 'PicPacPoe' from project 'PicPacPoe')
    cd /tmp/picpac-ios-privacy-link-20260926/ios
    /Applications/Xcode.app/Contents/Developer/Toolchains/XcodeDefault.xctoolchain/usr/bin/clang -Xlinker -reproducible -target arm64-apple-ios17.0-simulator -dynamiclib -isysroot /Applications/Xcode.app/Contents/Developer/Platforms/iPhoneSimulator.platform/Developer/SDKs/iPhoneSimulator26.5.sdk -O0 -L/var/folders/fh/vt8wk6pn5dgd_tv982c123440000gp/T/picpac-snapshots-raj9ar88/build/Build/Intermediates.noindex/EagerLinkingTBDs/Debug-iphonesimulator -L/var/folders/fh/vt8wk6pn5dgd_tv982c123440000gp/T/picpac-snapshots-raj9ar88/build/Build/Products/Debug-iphonesimulator -F/var/folders/fh/vt8wk6pn5dgd_tv982c123440000gp/T/picpac-snapshots-raj9ar88/build/Build/Intermediates.noindex/EagerLinkingTBDs/Debug-iphonesimulator -F/var/folders/fh/vt8wk6pn5dgd_tv982c123440000gp/T/picpac-snapshots-raj9ar88/build/Build/Products/Debug-iphonesimulator/PackageFrameworks -F/var/folders/fh/vt8wk6pn5dgd_tv982c123440000gp/T/picpac-snapshots-raj9ar88/build/Build/Products/Debug-iphonesimulator/PackageFrameworks -F/var/folders/fh/vt8wk6pn5dgd_tv982c123440000gp/T/picpac-snapshots-raj9ar88/build/Build/Products/Debug-iphonesimulator/PackageFrameworks -F/var/folders/fh/vt8wk6pn5dgd_tv982c123440000gp/T/picpac-snapshots-raj9ar88/build/Build/Products/Debug-iphonesimulator -filelist /var/folders/fh/vt8wk6pn5dgd_tv982c123440000gp/T/picpac-snapshots-raj9ar88/build/Build/Intermediates.noindex/PicPacPoe.build/Debug-iphonesimulator/PicPacPoe.build/Objects-normal/arm64/PicPacPoe.LinkFileList -install_name @rpath/PicPacPoe.debug.dylib -Xlinker -rpath -Xlinker /usr/lib/swift -Xlinker -rpath -Xlinker /var/folders/fh/vt8wk6pn5dgd_tv982c123440000gp/T/picpac-snapshots-raj9ar88/build/Build/Products/Debug-iphonesimulator/PackageFrameworks -Xlinker -dead_strip -Xlinker -object_path_lto -Xlinker /var/folders/fh/vt8wk6pn5dgd_tv982c123440000gp/T/picpac-snapshots-raj9ar88/build/Build/Intermediates.noindex/PicPacPoe.build/Debug-iphonesimulator/PicPacPoe.build/Objects-normal/arm64/PicPacPoe_lto.o -rdynamic -Xlinker -no_deduplicate -Xlinker -objc_abi_version -Xlinker 2 -Xlinker -debug_variant -Xlinker -dependency_info -Xlinker /var/folders/fh/vt8wk6pn5dgd_tv982c123440000gp/T/picpac-snapshots-raj9ar88/build/Build/Intermediates.noindex/PicPacPoe.build/Debug-iphonesimulator/PicPacPoe.build/Objects-normal/arm64/PicPacPoe_dependency_info.dat -fobjc-link-runtime -fprofile-instr-generate -L/Applications/Xcode.app/Contents/Developer/Toolchains/XcodeDefault.xctoolchain/usr/lib/swift/iphonesimulator -L/usr/lib/swift -Xlinker -add_ast_path -Xlinker /var/folders/fh/vt8wk6pn5dgd_tv982c123440000gp/T/picpac-snapshots-raj9ar88/build/Build/Intermediates.noindex/PicPacPoe.build/Debug-iphonesimulator/PicPacPoe.build/Objects-normal/arm64/PicPacPoe.swiftmodule @/var/folders/fh/vt8wk6pn5dgd_tv982c123440000gp/T/picpac-snapshots-raj9ar88/build/Build/Intermediates.noindex/PicPacPoe.build/Debug-iphonesimulator/PicPacPoe.build/Objects-normal/arm64/PicPacPoe-linker-args.resp -Wl,-no_warn_duplicate_libraries -Wl,-no_warn_duplicate_libraries -Wl,-no_warn_duplicate_libraries -Xlinker -alias -Xlinker _main -Xlinker ___debug_main_executable_dylib_entry_point -o /var/folders/fh/vt8wk6pn5dgd_tv982c123440000gp/T/picpac-snapshots-raj9ar88/build/Build/Intermediates.noindex/PicPacPoe.build/Debug-iphonesimulator/PicPacPoe.build/Objects-normal/arm64/Binary/PicPacPoe.debug.dylib -Xlinker -add_ast_path -Xlinker /var/folders/fh/vt8wk6pn5dgd_tv982c123440000gp/T/picpac-snapshots-raj9ar88/build/Build/Intermediates.noindex/PicPacKit.build/Debug-iphonesimulator/PicPacPresentation.build/Objects-normal/arm64/PicPacPresentation.swiftmodule @/var/folders/fh/vt8wk6pn5dgd_tv982c123440000gp/T/picpac-snapshots-raj9ar88/build/Build/Intermediates.noindex/PicPacKit.build/Debug-iphonesimulator/PicPacPresentation.build/Objects-normal/arm64/PicPacPresentation-linker-args.resp -Xlinker -add_ast_path -Xlinker /var/folders/fh/vt8wk6pn5dgd_tv982c123440000gp/T/picpac-snapshots-raj9ar88/build/Build/Intermediates.noindex/PicPacKit.build/Debug-iphonesimulator/PicPacCore.build/Objects-normal/arm64/PicPacCore.swiftmodule @/var/folders/fh/vt8wk6pn5dgd_tv982c123440000gp/T/picpac-snapshots-raj9ar88/build/Build/Intermediates.noindex/PicPacKit.build/Debug-iphonesimulator/PicPacCore.build/Objects-normal/arm64/PicPacCore-linker-args.resp -Xlinker -add_ast_path -Xlinker /var/folders/fh/vt8wk6pn5dgd_tv982c123440000gp/T/picpac-snapshots-raj9ar88/build/Build/Intermediates.noindex/PicPacKit.build/Debug-iphonesimulator/PicPacAI.build/Objects-normal/arm64/PicPacAI.swiftmodule @/var/folders/fh/vt8wk6pn5dgd_tv982c123440000gp/T/picpac-snapshots-raj9ar88/build/Build/Intermediates.noindex/PicPacKit.build/Debug-iphonesimulator/PicPacAI.build/Objects-normal/arm64/PicPacAI-linker-args.resp

CreateUniversalBinary /var/folders/fh/vt8wk6pn5dgd_tv982c123440000gp/T/picpac-snapshots-raj9ar88/build/Build/Products/Debug-iphonesimulator/PicPacPoe.app/PicPacPoe.debug.dylib normal arm64\ x86_64 (in target 'PicPacPoe' from project 'PicPacPoe')
    cd /tmp/picpac-ios-privacy-link-20260926/ios
    /Applications/Xcode.app/Contents/Developer/Toolchains/XcodeDefault.xctoolchain/usr/bin/lipo -create /var/folders/fh/vt8wk6pn5dgd_tv982c123440000gp/T/picpac-snapshots-raj9ar88/build/Build/Intermediates.noindex/PicPacPoe.build/Debug-iphonesimulator/PicPacPoe.build/Objects-normal/arm64/Binary/PicPacPoe.debug.dylib /var/folders/fh/vt8wk6pn5dgd_tv982c123440000gp/T/picpac-snapshots-raj9ar88/build/Build/Intermediates.noindex/PicPacPoe.build/Debug-iphonesimulator/PicPacPoe.build/Objects-normal/x86_64/Binary/PicPacPoe.debug.dylib -output /var/folders/fh/vt8wk6pn5dgd_tv982c123440000gp/T/picpac-snapshots-raj9ar88/build/Build/Products/Debug-iphonesimulator/PicPacPoe.app/PicPacPoe.debug.dylib

ConstructStubExecutorLinkFileList /var/folders/fh/vt8wk6pn5dgd_tv982c123440000gp/T/picpac-snapshots-raj9ar88/build/Build/Intermediates.noindex/PicPacPoe.build/Debug-iphonesimulator/PicPacPoe.build/PicPacPoe-ExecutorLinkFileList-normal-arm64.txt (in target 'PicPacPoe' from project 'PicPacPoe')
    cd /tmp/picpac-ios-privacy-link-20260926/ios
    construct-stub-executor-link-file-list /var/folders/fh/vt8wk6pn5dgd_tv982c123440000gp/T/picpac-snapshots-raj9ar88/build/Build/Intermediates.noindex/PicPacPoe.build/Debug-iphonesimulator/PicPacPoe.build/Objects-normal/arm64/Binary/PicPacPoe.debug.dylib /Applications/Xcode.app/Contents/Developer/Platforms/iPhoneSimulator.platform/Developer/usr/lib/libPreviewsJITStubExecutor_no_swift_entry_point.a /Applications/Xcode.app/Contents/Developer/Platforms/iPhoneSimulator.platform/Developer/usr/lib/libPreviewsJITStubExecutor.a --output /var/folders/fh/vt8wk6pn5dgd_tv982c123440000gp/T/picpac-snapshots-raj9ar88/build/Build/Intermediates.noindex/PicPacPoe.build/Debug-iphonesimulator/PicPacPoe.build/PicPacPoe-ExecutorLinkFileList-normal-arm64.txt
note: Using stub executor library with Swift entry point. (in target 'PicPacPoe' from project 'PicPacPoe')

Ld /var/folders/fh/vt8wk6pn5dgd_tv982c123440000gp/T/picpac-snapshots-raj9ar88/build/Build/Intermediates.noindex/PicPacPoe.build/Debug-iphonesimulator/PicPacPoe.build/Objects-normal/arm64/Binary/PicPacPoe normal arm64 (in target 'PicPacPoe' from project 'PicPacPoe')
    cd /tmp/picpac-ios-privacy-link-20260926/ios
    /Applications/Xcode.app/Contents/Developer/Toolchains/XcodeDefault.xctoolchain/usr/bin/clang -Xlinker -reproducible -target arm64-apple-ios17.0-simulator -isysroot /Applications/Xcode.app/Contents/Developer/Platforms/iPhoneSimulator.platform/Developer/SDKs/iPhoneSimulator26.5.sdk -O0 -L/var/folders/fh/vt8wk6pn5dgd_tv982c123440000gp/T/picpac-snapshots-raj9ar88/build/Build/Products/Debug-iphonesimulator -F/var/folders/fh/vt8wk6pn5dgd_tv982c123440000gp/T/picpac-snapshots-raj9ar88/build/Build/Products/Debug-iphonesimulator/PackageFrameworks -F/var/folders/fh/vt8wk6pn5dgd_tv982c123440000gp/T/picpac-snapshots-raj9ar88/build/Build/Products/Debug-iphonesimulator/PackageFrameworks -F/var/folders/fh/vt8wk6pn5dgd_tv982c123440000gp/T/picpac-snapshots-raj9ar88/build/Build/Products/Debug-iphonesimulator/PackageFrameworks -F/var/folders/fh/vt8wk6pn5dgd_tv982c123440000gp/T/picpac-snapshots-raj9ar88/build/Build/Products/Debug-iphonesimulator -Xlinker -rpath -Xlinker @executable_path -Xlinker -rpath -Xlinker /var/folders/fh/vt8wk6pn5dgd_tv982c123440000gp/T/picpac-snapshots-raj9ar88/build/Build/Products/Debug-iphonesimulator/PackageFrameworks -rdynamic -Xlinker -no_deduplicate -Xlinker -objc_abi_version -Xlinker 2 -Xlinker -debug_variant -e ___debug_blank_executor_main -Xlinker -sectcreate -Xlinker __TEXT -Xlinker __debug_dylib -Xlinker /var/folders/fh/vt8wk6pn5dgd_tv982c123440000gp/T/picpac-snapshots-raj9ar88/build/Build/Intermediates.noindex/PicPacPoe.build/Debug-iphonesimulator/PicPacPoe.build/PicPacPoe-DebugDylibPath-normal-arm64.txt -Xlinker -sectcreate -Xlinker __TEXT -Xlinker __debug_instlnm -Xlinker /var/folders/fh/vt8wk6pn5dgd_tv982c123440000gp/T/picpac-snapshots-raj9ar88/build/Build/Intermediates.noindex/PicPacPoe.build/Debug-iphonesimulator/PicPacPoe.build/PicPacPoe-DebugDylibInstallName-normal-arm64.txt -Xlinker -filelist -Xlinker /var/folders/fh/vt8wk6pn5dgd_tv982c123440000gp/T/picpac-snapshots-raj9ar88/build/Build/Intermediates.noindex/PicPacPoe.build/Debug-iphonesimulator/PicPacPoe.build/PicPacPoe-ExecutorLinkFileList-normal-arm64.txt /var/folders/fh/vt8wk6pn5dgd_tv982c123440000gp/T/picpac-snapshots-raj9ar88/build/Build/Intermediates.noindex/PicPacPoe.build/Debug-iphonesimulator/PicPacPoe.build/Objects-normal/arm64/Binary/PicPacPoe.debug.dylib -o /var/folders/fh/vt8wk6pn5dgd_tv982c123440000gp/T/picpac-snapshots-raj9ar88/build/Build/Intermediates.noindex/PicPacPoe.build/Debug-iphonesimulator/PicPacPoe.build/Objects-normal/arm64/Binary/PicPacPoe

CreateUniversalBinary /var/folders/fh/vt8wk6pn5dgd_tv982c123440000gp/T/picpac-snapshots-raj9ar88/build/Build/Products/Debug-iphonesimulator/PicPacPoe.app/PicPacPoe normal arm64\ x86_64 (in target 'PicPacPoe' from project 'PicPacPoe')
    cd /tmp/picpac-ios-privacy-link-20260926/ios
    /Applications/Xcode.app/Contents/Developer/Toolchains/XcodeDefault.xctoolchain/usr/bin/lipo -create /var/folders/fh/vt8wk6pn5dgd_tv982c123440000gp/T/picpac-snapshots-raj9ar88/build/Build/Intermediates.noindex/PicPacPoe.build/Debug-iphonesimulator/PicPacPoe.build/Objects-normal/arm64/Binary/PicPacPoe /var/folders/fh/vt8wk6pn5dgd_tv982c123440000gp/T/picpac-snapshots-raj9ar88/build/Build/Intermediates.noindex/PicPacPoe.build/Debug-iphonesimulator/PicPacPoe.build/Objects-normal/x86_64/Binary/PicPacPoe -output /var/folders/fh/vt8wk6pn5dgd_tv982c123440000gp/T/picpac-snapshots-raj9ar88/build/Build/Products/Debug-iphonesimulator/PicPacPoe.app/PicPacPoe

CopySwiftLibs /var/folders/fh/vt8wk6pn5dgd_tv982c123440000gp/T/picpac-snapshots-raj9ar88/build/Build/Products/Debug-iphonesimulator/PicPacPoe.app (in target 'PicPacPoe' from project 'PicPacPoe')
    cd /tmp/picpac-ios-privacy-link-20260926/ios
    builtin-swiftStdLibTool --copy --verbose --scan-executable /var/folders/fh/vt8wk6pn5dgd_tv982c123440000gp/T/picpac-snapshots-raj9ar88/build/Build/Products/Debug-iphonesimulator/PicPacPoe.app/PicPacPoe.debug.dylib --scan-folder /var/folders/fh/vt8wk6pn5dgd_tv982c123440000gp/T/picpac-snapshots-raj9ar88/build/Build/Products/Debug-iphonesimulator/PicPacPoe.app/Frameworks --scan-folder /var/folders/fh/vt8wk6pn5dgd_tv982c123440000gp/T/picpac-snapshots-raj9ar88/build/Build/Products/Debug-iphonesimulator/PicPacPoe.app/PlugIns --scan-folder /var/folders/fh/vt8wk6pn5dgd_tv982c123440000gp/T/picpac-snapshots-raj9ar88/build/Build/Products/Debug-iphonesimulator/PicPacPoe.app/SystemExtensions --scan-folder /var/folders/fh/vt8wk6pn5dgd_tv982c123440000gp/T/picpac-snapshots-raj9ar88/build/Build/Products/Debug-iphonesimulator/PicPacPoe.app/Extensions --platform iphonesimulator --toolchain /Applications/Xcode.app/Contents/Developer/Toolchains/XcodeDefault.xctoolchain --destination /var/folders/fh/vt8wk6pn5dgd_tv982c123440000gp/T/picpac-snapshots-raj9ar88/build/Build/Products/Debug-iphonesimulator/PicPacPoe.app/Frameworks --strip-bitcode --strip-bitcode-tool /Applications/Xcode.app/Contents/Developer/Toolchains/XcodeDefault.xctoolchain/usr/bin/bitcode_strip --emit-dependency-info /var/folders/fh/vt8wk6pn5dgd_tv982c123440000gp/T/picpac-snapshots-raj9ar88/build/Build/Intermediates.noindex/PicPacPoe.build/Debug-iphonesimulator/PicPacPoe.build/SwiftStdLibToolInputDependencies.dep --filter-for-swift-os --back-deploy-swift-span
Ignoring --strip-bitcode because --sign was not passed

ExtractAppIntentsMetadata (in target 'PicPacPoe' from project 'PicPacPoe')
    cd /tmp/picpac-ios-privacy-link-20260926/ios
    /Applications/Xcode.app/Contents/Developer/Toolchains/XcodeDefault.xctoolchain/usr/bin/appintentsmetadataprocessor --toolchain-dir /Applications/Xcode.app/Contents/Developer/Toolchains/XcodeDefault.xctoolchain --module-name PicPacPoe --sdk-root /Applications/Xcode.app/Contents/Developer/Platforms/iPhoneSimulator.platform/Developer/SDKs/iPhoneSimulator26.5.sdk --xcode-version 17F113 --platform-family iOS --deployment-target 17.0 --bundle-identifier dev.saipranith.picpacpoe --output /var/folders/fh/vt8wk6pn5dgd_tv982c123440000gp/T/picpac-snapshots-raj9ar88/build/Build/Products/Debug-iphonesimulator/PicPacPoe.app --target-triple arm64-apple-ios17.0-simulator --target-triple x86_64-apple-ios17.0-simulator --binary-file /var/folders/fh/vt8wk6pn5dgd_tv982c123440000gp/T/picpac-snapshots-raj9ar88/build/Build/Products/Debug-iphonesimulator/PicPacPoe.app/PicPacPoe --dependency-file /var/folders/fh/vt8wk6pn5dgd_tv982c123440000gp/T/picpac-snapshots-raj9ar88/build/Build/Intermediates.noindex/PicPacPoe.build/Debug-iphonesimulator/PicPacPoe.build/Objects-normal/arm64/PicPacPoe_dependency_info.dat --dependency-file /var/folders/fh/vt8wk6pn5dgd_tv982c123440000gp/T/picpac-snapshots-raj9ar88/build/Build/Intermediates.noindex/PicPacPoe.build/Debug-iphonesimulator/PicPacPoe.build/Objects-normal/x86_64/PicPacPoe_dependency_info.dat --stringsdata-file /var/folders/fh/vt8wk6pn5dgd_tv982c123440000gp/T/picpac-snapshots-raj9ar88/build/Build/Intermediates.noindex/PicPacPoe.build/Debug-iphonesimulator/PicPacPoe.build/Objects-normal/arm64/ExtractedAppShortcutsMetadata.stringsdata --stringsdata-file /var/folders/fh/vt8wk6pn5dgd_tv982c123440000gp/T/picpac-snapshots-raj9ar88/build/Build/Intermediates.noindex/PicPacPoe.build/Debug-iphonesimulator/PicPacPoe.build/Objects-normal/x86_64/ExtractedAppShortcutsMetadata.stringsdata --source-file-list /var/folders/fh/vt8wk6pn5dgd_tv982c123440000gp/T/picpac-snapshots-raj9ar88/build/Build/Intermediates.noindex/PicPacPoe.build/Debug-iphonesimulator/PicPacPoe.build/Objects-normal/arm64/PicPacPoe.SwiftFileList --source-file-list /var/folders/fh/vt8wk6pn5dgd_tv982c123440000gp/T/picpac-snapshots-raj9ar88/build/Build/Intermediates.noindex/PicPacPoe.build/Debug-iphonesimulator/PicPacPoe.build/Objects-normal/x86_64/PicPacPoe.SwiftFileList --metadata-file-list /var/folders/fh/vt8wk6pn5dgd_tv982c123440000gp/T/picpac-snapshots-raj9ar88/build/Build/Intermediates.noindex/PicPacPoe.build/Debug-iphonesimulator/PicPacPoe.build/PicPacPoe.DependencyMetadataFileList --static-metadata-file-list /var/folders/fh/vt8wk6pn5dgd_tv982c123440000gp/T/picpac-snapshots-raj9ar88/build/Build/Intermediates.noindex/PicPacPoe.build/Debug-iphonesimulator/PicPacPoe.build/PicPacPoe.DependencyStaticMetadataFileList --swift-const-vals-list /var/folders/fh/vt8wk6pn5dgd_tv982c123440000gp/T/picpac-snapshots-raj9ar88/build/Build/Intermediates.noindex/PicPacPoe.build/Debug-iphonesimulator/PicPacPoe.build/Objects-normal/arm64/PicPacPoe.SwiftConstValuesFileList --swift-const-vals-list /var/folders/fh/vt8wk6pn5dgd_tv982c123440000gp/T/picpac-snapshots-raj9ar88/build/Build/Intermediates.noindex/PicPacPoe.build/Debug-iphonesimulator/PicPacPoe.build/Objects-normal/x86_64/PicPacPoe.SwiftConstValuesFileList --compile-time-extraction --deployment-aware-processing --validate-assistant-intents --no-app-shortcuts-localization
2026-09-26 13:30:39.952 appintentsmetadataprocessor[23830:118360649] Starting appintentsmetadataprocessor export
2026-09-26 13:30:39.954 appintentsmetadataprocessor[23830:118360649] warning: Metadata extraction skipped. No AppIntents.framework dependency found.

AppIntentsSSUTraining (in target 'PicPacPoe' from project 'PicPacPoe')
    cd /tmp/picpac-ios-privacy-link-20260926/ios
    /Applications/Xcode.app/Contents/Developer/Toolchains/XcodeDefault.xctoolchain/usr/bin/appintentsnltrainingprocessor --infoplist-path /var/folders/fh/vt8wk6pn5dgd_tv982c123440000gp/T/picpac-snapshots-raj9ar88/build/Build/Products/Debug-iphonesimulator/PicPacPoe.app/Info.plist --temp-dir-path /var/folders/fh/vt8wk6pn5dgd_tv982c123440000gp/T/picpac-snapshots-raj9ar88/build/Build/Intermediates.noindex/PicPacPoe.build/Debug-iphonesimulator/PicPacPoe.build/ssu --bundle-id dev.saipranith.picpacpoe --product-path /var/folders/fh/vt8wk6pn5dgd_tv982c123440000gp/T/picpac-snapshots-raj9ar88/build/Build/Products/Debug-iphonesimulator/PicPacPoe.app --extracted-metadata-path /var/folders/fh/vt8wk6pn5dgd_tv982c123440000gp/T/picpac-snapshots-raj9ar88/build/Build/Products/Debug-iphonesimulator/PicPacPoe.app/Metadata.appintents --metadata-file-list /var/folders/fh/vt8wk6pn5dgd_tv982c123440000gp/T/picpac-snapshots-raj9ar88/build/Build/Intermediates.noindex/PicPacPoe.build/Debug-iphonesimulator/PicPacPoe.build/PicPacPoe.DependencyMetadataFileList --source-file /var/folders/fh/vt8wk6pn5dgd_tv982c123440000gp/T/picpac-snapshots-raj9ar88/build/Build/Products/Debug-iphonesimulator/PicPacPoe.app/Info.plist --archive-ssu-assets
2026-09-26 13:30:39.973 appintentsnltrainingprocessor[23831:118360652] Parsing options for appintentsnltrainingprocessor
2026-09-26 13:30:39.973 appintentsnltrainingprocessor[23831:118360652] Starting AppIntents SSU YAML Generation
2026-09-26 13:30:39.975 appintentsnltrainingprocessor[23831:118360652] No AppShortcuts found - Skipping.

RegisterExecutionPolicyException /var/folders/fh/vt8wk6pn5dgd_tv982c123440000gp/T/picpac-snapshots-raj9ar88/build/Build/Products/Debug-iphonesimulator/PicPacPoe.app (in target 'PicPacPoe' from project 'PicPacPoe')
    cd /tmp/picpac-ios-privacy-link-20260926/ios
    builtin-RegisterExecutionPolicyException /var/folders/fh/vt8wk6pn5dgd_tv982c123440000gp/T/picpac-snapshots-raj9ar88/build/Build/Products/Debug-iphonesimulator/PicPacPoe.app

Validate /var/folders/fh/vt8wk6pn5dgd_tv982c123440000gp/T/picpac-snapshots-raj9ar88/build/Build/Products/Debug-iphonesimulator/PicPacPoe.app (in target 'PicPacPoe' from project 'PicPacPoe')
    cd /tmp/picpac-ios-privacy-link-20260926/ios
    builtin-validationUtility /var/folders/fh/vt8wk6pn5dgd_tv982c123440000gp/T/picpac-snapshots-raj9ar88/build/Build/Products/Debug-iphonesimulator/PicPacPoe.app -shallow-bundle -infoplist-subpath Info.plist

Touch /var/folders/fh/vt8wk6pn5dgd_tv982c123440000gp/T/picpac-snapshots-raj9ar88/build/Build/Products/Debug-iphonesimulator/PicPacPoe.app (in target 'PicPacPoe' from project 'PicPacPoe')
    cd /tmp/picpac-ios-privacy-link-20260926/ios
    /usr/bin/touch -c /var/folders/fh/vt8wk6pn5dgd_tv982c123440000gp/T/picpac-snapshots-raj9ar88/build/Build/Products/Debug-iphonesimulator/PicPacPoe.app

** BUILD SUCCEEDED **

