Command line invocation:
    /Applications/Xcode.app/Contents/Developer/usr/bin/xcodebuild -project ios/PicPacPoe.xcodeproj -scheme PicPacPoe -configuration Test "-only-testing:PicPacPoeTests" -destination "platform=iOS Simulator,id=97FAA70C-E2D7-4893-9D76-FE172A792433" -parallel-testing-enabled NO -derivedDataPath /tmp/picpac-phase3-post-layout-lifecycle-derived-20260925 -resultBundlePath /tmp/picpac-phase3-post-layout-lifecycle-20260925/hosted.xcresult CODE_SIGNING_ALLOWED=NO CODE_SIGNING_REQUIRED=NO test

Build settings from command line:
    CODE_SIGNING_ALLOWED = NO
    CODE_SIGNING_REQUIRED = NO

Resolve Package Graph


Resolved source packages:
  PicPacKit: /Users/bavabangaru/Developer/pic-pac-poe-ios-native-parity/ios/Packages/PicPacKit @ local

Writing result bundle at path:
	/tmp/picpac-phase3-post-layout-lifecycle-20260925/hosted.xcresult

ComputePackagePrebuildTargetDependencyGraph

Prepare packages

CreateBuildRequest

SendProjectDescription

CreateBuildOperation

ComputeTargetDependencyGraph
note: Building targets in dependency order
note: Target dependency graph (9 targets)
    Target 'PicPacPoeUITests' in project 'PicPacPoe'
        ➜ Explicit dependency on target 'PicPacPoe' in project 'PicPacPoe'
    Target 'PicPacPoeTests' in project 'PicPacPoe'
        ➜ Explicit dependency on target 'PicPacPoe' in project 'PicPacPoe'
        ➜ Explicit dependency on target 'PicPacPresentation' in project 'PicPacKit'
    Target 'PicPacPoe' in project 'PicPacPoe'
        ➜ Explicit dependency on target 'PicPacPresentation' in project 'PicPacKit'
        ➜ Explicit dependency on target 'PicPacAI' in project 'PicPacKit'
    Target 'PicPacAI' in project 'PicPacKit'
        ➜ Explicit dependency on target 'PicPacAI' in project 'PicPacKit'
        ➜ Explicit dependency on target 'PicPacKit_PicPacAI' in project 'PicPacKit'
        ➜ Explicit dependency on target 'PicPacCore' in project 'PicPacKit'
    Target 'PicPacAI' in project 'PicPacKit'
        ➜ Explicit dependency on target 'PicPacKit_PicPacAI' in project 'PicPacKit'
        ➜ Explicit dependency on target 'PicPacCore' in project 'PicPacKit'
    Target 'PicPacKit_PicPacAI' in project 'PicPacKit' (no dependencies)
    Target 'PicPacPresentation' in project 'PicPacKit'
        ➜ Explicit dependency on target 'PicPacPresentation' in project 'PicPacKit'
        ➜ Explicit dependency on target 'PicPacCore' in project 'PicPacKit'
    Target 'PicPacPresentation' in project 'PicPacKit'
        ➜ Explicit dependency on target 'PicPacCore' in project 'PicPacKit'
    Target 'PicPacCore' in project 'PicPacKit' (no dependencies)

GatherProvisioningInputs

CreateBuildDescription

ExecuteExternalTool /Applications/Xcode.app/Contents/Developer/Toolchains/XcodeDefault.xctoolchain/usr/bin/swiftc --version

ExecuteExternalTool /Applications/Xcode.app/Contents/Developer/usr/bin/actool --print-asset-tag-combinations --output-format xml1 /Users/bavabangaru/Developer/pic-pac-poe-ios-native-parity/ios/PicPacPoe/Assets.xcassets

ExecuteExternalTool /Applications/Xcode.app/Contents/Developer/Toolchains/XcodeDefault.xctoolchain/usr/bin/clang -v -E -dM -isysroot /Applications/Xcode.app/Contents/Developer/Platforms/iPhoneSimulator.platform/Developer/SDKs/iPhoneSimulator26.5.sdk -x c -c /dev/null

ExecuteExternalTool /Applications/Xcode.app/Contents/Developer/Toolchains/XcodeDefault.xctoolchain/usr/bin/ld -version_details

ExecuteExternalTool /Applications/Xcode.app/Contents/Developer/usr/bin/actool --version --output-format xml1

Build description signature: e29672332aec9bf8fb6082b425f77b27
Build description path: /tmp/picpac-phase3-post-layout-lifecycle-derived-20260925/Build/Intermediates.noindex/XCBuildData/e29672332aec9bf8fb6082b425f77b27.xcbuilddata
ClangStatCache /Applications/Xcode.app/Contents/Developer/Toolchains/XcodeDefault.xctoolchain/usr/bin/clang-stat-cache /Applications/Xcode.app/Contents/Developer/Platforms/iPhoneSimulator.platform/Developer/SDKs/iPhoneSimulator26.5.sdk /tmp/picpac-phase3-post-layout-lifecycle-derived-20260925/SDKStatCaches.noindex/iphonesimulator26.5-23F81a-6cfe768891a92b912361537c460fe42b.sdkstatcache
    cd /Users/bavabangaru/Developer/pic-pac-poe-ios-native-parity/ios/PicPacPoe.xcodeproj
    /Applications/Xcode.app/Contents/Developer/Toolchains/XcodeDefault.xctoolchain/usr/bin/clang-stat-cache /Applications/Xcode.app/Contents/Developer/Platforms/iPhoneSimulator.platform/Developer/SDKs/iPhoneSimulator26.5.sdk -o /tmp/picpac-phase3-post-layout-lifecycle-derived-20260925/SDKStatCaches.noindex/iphonesimulator26.5-23F81a-6cfe768891a92b912361537c460fe42b.sdkstatcache

CreateBuildDirectory /tmp/picpac-phase3-post-layout-lifecycle-derived-20260925/Build/Products
    cd /Users/bavabangaru/Developer/pic-pac-poe-ios-native-parity/ios/PicPacPoe.xcodeproj
    builtin-create-build-directory /tmp/picpac-phase3-post-layout-lifecycle-derived-20260925/Build/Products

CreateBuildDirectory /tmp/picpac-phase3-post-layout-lifecycle-derived-20260925/Build/Intermediates.noindex
    cd /Users/bavabangaru/Developer/pic-pac-poe-ios-native-parity/ios/PicPacPoe.xcodeproj
    builtin-create-build-directory /tmp/picpac-phase3-post-layout-lifecycle-derived-20260925/Build/Intermediates.noindex

CreateBuildDirectory /tmp/picpac-phase3-post-layout-lifecycle-derived-20260925/Build/Intermediates.noindex/SwiftExplicitPrecompiledModules
    cd /Users/bavabangaru/Developer/pic-pac-poe-ios-native-parity/ios/PicPacPoe.xcodeproj
    builtin-create-build-directory /tmp/picpac-phase3-post-layout-lifecycle-derived-20260925/Build/Intermediates.noindex/SwiftExplicitPrecompiledModules

CreateBuildDirectory /tmp/picpac-phase3-post-layout-lifecycle-derived-20260925/Build/Intermediates.noindex/ExplicitPrecompiledModules
    cd /Users/bavabangaru/Developer/pic-pac-poe-ios-native-parity/ios/PicPacPoe.xcodeproj
    builtin-create-build-directory /tmp/picpac-phase3-post-layout-lifecycle-derived-20260925/Build/Intermediates.noindex/ExplicitPrecompiledModules

CreateBuildDirectory /tmp/picpac-phase3-post-layout-lifecycle-derived-20260925/Build/Products/Test-iphonesimulator
    cd /Users/bavabangaru/Developer/pic-pac-poe-ios-native-parity/ios/PicPacPoe.xcodeproj
    builtin-create-build-directory /tmp/picpac-phase3-post-layout-lifecycle-derived-20260925/Build/Products/Test-iphonesimulator

CreateBuildDirectory /tmp/picpac-phase3-post-layout-lifecycle-derived-20260925/Build/Intermediates.noindex/EagerLinkingTBDs/Test-iphonesimulator
    cd /Users/bavabangaru/Developer/pic-pac-poe-ios-native-parity/ios/PicPacPoe.xcodeproj
    builtin-create-build-directory /tmp/picpac-phase3-post-layout-lifecycle-derived-20260925/Build/Intermediates.noindex/EagerLinkingTBDs/Test-iphonesimulator

WriteAuxiliaryFile /tmp/picpac-phase3-post-layout-lifecycle-derived-20260925/Build/Intermediates.noindex/PicPacPoe.build/Test-iphonesimulator/PicPacPoe-90eff2f9d9e8600d7e53134acd1cb833-VFS-iphonesimulator/all-product-headers.yaml
    cd /Users/bavabangaru/Developer/pic-pac-poe-ios-native-parity/ios/PicPacPoe.xcodeproj
    write-file /tmp/picpac-phase3-post-layout-lifecycle-derived-20260925/Build/Intermediates.noindex/PicPacPoe.build/Test-iphonesimulator/PicPacPoe-90eff2f9d9e8600d7e53134acd1cb833-VFS-iphonesimulator/all-product-headers.yaml

CreateBuildDirectory /tmp/picpac-phase3-post-layout-lifecycle-derived-20260925/Build/Products/Test-iphonesimulator/PackageFrameworks
    cd /Users/bavabangaru/Developer/pic-pac-poe-ios-native-parity/ios/PicPacPoe.xcodeproj
    builtin-create-build-directory /tmp/picpac-phase3-post-layout-lifecycle-derived-20260925/Build/Products/Test-iphonesimulator/PackageFrameworks

WriteAuxiliaryFile /tmp/picpac-phase3-post-layout-lifecycle-derived-20260925/Build/Intermediates.noindex/PicPacPoe.build/Test-iphonesimulator/PicPacPoe.build/PicPacPoe-DebugDylibPath-normal-arm64.txt (in target 'PicPacPoe' from project 'PicPacPoe')
    cd /Users/bavabangaru/Developer/pic-pac-poe-ios-native-parity/ios
    write-file /tmp/picpac-phase3-post-layout-lifecycle-derived-20260925/Build/Intermediates.noindex/PicPacPoe.build/Test-iphonesimulator/PicPacPoe.build/PicPacPoe-DebugDylibPath-normal-arm64.txt

WriteAuxiliaryFile /tmp/picpac-phase3-post-layout-lifecycle-derived-20260925/Build/Intermediates.noindex/PicPacPoe.build/Test-iphonesimulator/PicPacPoe.build/PicPacPoe-generated-files.hmap (in target 'PicPacPoe' from project 'PicPacPoe')
    cd /Users/bavabangaru/Developer/pic-pac-poe-ios-native-parity/ios
    write-file /tmp/picpac-phase3-post-layout-lifecycle-derived-20260925/Build/Intermediates.noindex/PicPacPoe.build/Test-iphonesimulator/PicPacPoe.build/PicPacPoe-generated-files.hmap

WriteAuxiliaryFile /tmp/picpac-phase3-post-layout-lifecycle-derived-20260925/Build/Intermediates.noindex/PicPacPoe.build/Test-iphonesimulator/PicPacPoe.build/PicPacPoe-all-target-headers.hmap (in target 'PicPacPoe' from project 'PicPacPoe')
    cd /Users/bavabangaru/Developer/pic-pac-poe-ios-native-parity/ios
    write-file /tmp/picpac-phase3-post-layout-lifecycle-derived-20260925/Build/Intermediates.noindex/PicPacPoe.build/Test-iphonesimulator/PicPacPoe.build/PicPacPoe-all-target-headers.hmap

WriteAuxiliaryFile /tmp/picpac-phase3-post-layout-lifecycle-derived-20260925/Build/Intermediates.noindex/PicPacPoe.build/Test-iphonesimulator/PicPacPoe.build/PicPacPoe-DebugDylibInstallName-normal-arm64.txt (in target 'PicPacPoe' from project 'PicPacPoe')
    cd /Users/bavabangaru/Developer/pic-pac-poe-ios-native-parity/ios
    write-file /tmp/picpac-phase3-post-layout-lifecycle-derived-20260925/Build/Intermediates.noindex/PicPacPoe.build/Test-iphonesimulator/PicPacPoe.build/PicPacPoe-DebugDylibInstallName-normal-arm64.txt

WriteAuxiliaryFile /tmp/picpac-phase3-post-layout-lifecycle-derived-20260925/Build/Intermediates.noindex/PicPacPoe.build/Test-iphonesimulator/PicPacPoe.build/PicPacPoe.hmap (in target 'PicPacPoe' from project 'PicPacPoe')
    cd /Users/bavabangaru/Developer/pic-pac-poe-ios-native-parity/ios
    write-file /tmp/picpac-phase3-post-layout-lifecycle-derived-20260925/Build/Intermediates.noindex/PicPacPoe.build/Test-iphonesimulator/PicPacPoe.build/PicPacPoe.hmap

WriteAuxiliaryFile /tmp/picpac-phase3-post-layout-lifecycle-derived-20260925/Build/Intermediates.noindex/PicPacPoe.build/Test-iphonesimulator/PicPacPoe.build/PicPacPoe-project-headers.hmap (in target 'PicPacPoe' from project 'PicPacPoe')
    cd /Users/bavabangaru/Developer/pic-pac-poe-ios-native-parity/ios
    write-file /tmp/picpac-phase3-post-layout-lifecycle-derived-20260925/Build/Intermediates.noindex/PicPacPoe.build/Test-iphonesimulator/PicPacPoe.build/PicPacPoe-project-headers.hmap

WriteAuxiliaryFile /tmp/picpac-phase3-post-layout-lifecycle-derived-20260925/Build/Intermediates.noindex/PicPacPoe.build/Test-iphonesimulator/PicPacPoe.build/PicPacPoe-all-non-framework-target-headers.hmap (in target 'PicPacPoe' from project 'PicPacPoe')
    cd /Users/bavabangaru/Developer/pic-pac-poe-ios-native-parity/ios
    write-file /tmp/picpac-phase3-post-layout-lifecycle-derived-20260925/Build/Intermediates.noindex/PicPacPoe.build/Test-iphonesimulator/PicPacPoe.build/PicPacPoe-all-non-framework-target-headers.hmap

WriteAuxiliaryFile /tmp/picpac-phase3-post-layout-lifecycle-derived-20260925/Build/Intermediates.noindex/PicPacPoe.build/Test-iphonesimulator/PicPacPoe.build/PicPacPoe-own-target-headers.hmap (in target 'PicPacPoe' from project 'PicPacPoe')
    cd /Users/bavabangaru/Developer/pic-pac-poe-ios-native-parity/ios
    write-file /tmp/picpac-phase3-post-layout-lifecycle-derived-20260925/Build/Intermediates.noindex/PicPacPoe.build/Test-iphonesimulator/PicPacPoe.build/PicPacPoe-own-target-headers.hmap

WriteAuxiliaryFile /tmp/picpac-phase3-post-layout-lifecycle-derived-20260925/Build/Intermediates.noindex/PicPacPoe.build/Test-iphonesimulator/PicPacPoe.build/Objects-normal/arm64/PicPacPoe_const_extract_protocols.json (in target 'PicPacPoe' from project 'PicPacPoe')
    cd /Users/bavabangaru/Developer/pic-pac-poe-ios-native-parity/ios
    write-file /tmp/picpac-phase3-post-layout-lifecycle-derived-20260925/Build/Intermediates.noindex/PicPacPoe.build/Test-iphonesimulator/PicPacPoe.build/Objects-normal/arm64/PicPacPoe_const_extract_protocols.json

WriteAuxiliaryFile /tmp/picpac-phase3-post-layout-lifecycle-derived-20260925/Build/Intermediates.noindex/PicPacKit.build/Test-iphonesimulator/PicPacPresentation.build/PicPacPresentation.modulemap (in target 'PicPacPresentation' from project 'PicPacKit')
    cd /Users/bavabangaru/Developer/pic-pac-poe-ios-native-parity/ios/Packages/PicPacKit
    write-file /tmp/picpac-phase3-post-layout-lifecycle-derived-20260925/Build/Intermediates.noindex/PicPacKit.build/Test-iphonesimulator/PicPacPresentation.build/PicPacPresentation.modulemap

WriteAuxiliaryFile /tmp/picpac-phase3-post-layout-lifecycle-derived-20260925/Build/Intermediates.noindex/PicPacKit.build/Test-iphonesimulator/PicPacPresentation.build/PicPacPresentation.DependencyStaticMetadataFileList (in target 'PicPacPresentation' from project 'PicPacKit')
    cd /Users/bavabangaru/Developer/pic-pac-poe-ios-native-parity/ios/Packages/PicPacKit
    write-file /tmp/picpac-phase3-post-layout-lifecycle-derived-20260925/Build/Intermediates.noindex/PicPacKit.build/Test-iphonesimulator/PicPacPresentation.build/PicPacPresentation.DependencyStaticMetadataFileList

WriteAuxiliaryFile /tmp/picpac-phase3-post-layout-lifecycle-derived-20260925/Build/Intermediates.noindex/PicPacKit.build/Test-iphonesimulator/PicPacPresentation.build/PicPacPresentation.DependencyMetadataFileList (in target 'PicPacPresentation' from project 'PicPacKit')
    cd /Users/bavabangaru/Developer/pic-pac-poe-ios-native-parity/ios/Packages/PicPacKit
    write-file /tmp/picpac-phase3-post-layout-lifecycle-derived-20260925/Build/Intermediates.noindex/PicPacKit.build/Test-iphonesimulator/PicPacPresentation.build/PicPacPresentation.DependencyMetadataFileList

WriteAuxiliaryFile /tmp/picpac-phase3-post-layout-lifecycle-derived-20260925/Build/Intermediates.noindex/PicPacKit.build/Test-iphonesimulator/PicPacPresentation.build/Objects-normal/arm64/PicPacPresentation.SwiftConstValuesFileList (in target 'PicPacPresentation' from project 'PicPacKit')
    cd /Users/bavabangaru/Developer/pic-pac-poe-ios-native-parity/ios/Packages/PicPacKit
    write-file /tmp/picpac-phase3-post-layout-lifecycle-derived-20260925/Build/Intermediates.noindex/PicPacKit.build/Test-iphonesimulator/PicPacPresentation.build/Objects-normal/arm64/PicPacPresentation.SwiftConstValuesFileList

WriteAuxiliaryFile /tmp/picpac-phase3-post-layout-lifecycle-derived-20260925/Build/Intermediates.noindex/PicPacKit.build/Test-iphonesimulator/PicPacPresentation.build/Objects-normal/arm64/PicPacPresentation-OutputFileMap.json (in target 'PicPacPresentation' from project 'PicPacKit')
    cd /Users/bavabangaru/Developer/pic-pac-poe-ios-native-parity/ios/Packages/PicPacKit
    write-file /tmp/picpac-phase3-post-layout-lifecycle-derived-20260925/Build/Intermediates.noindex/PicPacKit.build/Test-iphonesimulator/PicPacPresentation.build/Objects-normal/arm64/PicPacPresentation-OutputFileMap.json

WriteAuxiliaryFile /tmp/picpac-phase3-post-layout-lifecycle-derived-20260925/Build/Intermediates.noindex/PicPacKit.build/Test-iphonesimulator/PicPacPresentation.build/Objects-normal/arm64/PicPacPresentation.SwiftFileList (in target 'PicPacPresentation' from project 'PicPacKit')
    cd /Users/bavabangaru/Developer/pic-pac-poe-ios-native-parity/ios/Packages/PicPacKit
    write-file /tmp/picpac-phase3-post-layout-lifecycle-derived-20260925/Build/Intermediates.noindex/PicPacKit.build/Test-iphonesimulator/PicPacPresentation.build/Objects-normal/arm64/PicPacPresentation.SwiftFileList

WriteAuxiliaryFile /tmp/picpac-phase3-post-layout-lifecycle-derived-20260925/Build/Intermediates.noindex/PicPacKit.build/Test-iphonesimulator/PicPacPresentation.build/Objects-normal/arm64/PicPacPresentation.LinkFileList (in target 'PicPacPresentation' from project 'PicPacKit')
    cd /Users/bavabangaru/Developer/pic-pac-poe-ios-native-parity/ios/Packages/PicPacKit
    write-file /tmp/picpac-phase3-post-layout-lifecycle-derived-20260925/Build/Intermediates.noindex/PicPacKit.build/Test-iphonesimulator/PicPacPresentation.build/Objects-normal/arm64/PicPacPresentation.LinkFileList

WriteAuxiliaryFile /tmp/picpac-phase3-post-layout-lifecycle-derived-20260925/Build/Intermediates.noindex/PicPacKit.build/Test-iphonesimulator/PicPacPresentation.build/Objects-normal/arm64/PicPacPresentation_const_extract_protocols.json (in target 'PicPacPresentation' from project 'PicPacKit')
    cd /Users/bavabangaru/Developer/pic-pac-poe-ios-native-parity/ios/Packages/PicPacKit
    write-file /tmp/picpac-phase3-post-layout-lifecycle-derived-20260925/Build/Intermediates.noindex/PicPacKit.build/Test-iphonesimulator/PicPacPresentation.build/Objects-normal/arm64/PicPacPresentation_const_extract_protocols.json

WriteAuxiliaryFile /tmp/picpac-phase3-post-layout-lifecycle-derived-20260925/Build/Intermediates.noindex/PicPacKit.build/Test-iphonesimulator/PicPacPresentation\ product.build/PicPacPresentation_-6026B0FB22E351C2_PackageProduct.DependencyStaticMetadataFileList (in target 'PicPacPresentation' from project 'PicPacKit')
    cd /Users/bavabangaru/Developer/pic-pac-poe-ios-native-parity/ios/Packages/PicPacKit
    write-file /tmp/picpac-phase3-post-layout-lifecycle-derived-20260925/Build/Intermediates.noindex/PicPacKit.build/Test-iphonesimulator/PicPacPresentation\ product.build/PicPacPresentation_-6026B0FB22E351C2_PackageProduct.DependencyStaticMetadataFileList

WriteAuxiliaryFile /tmp/picpac-phase3-post-layout-lifecycle-derived-20260925/Build/Intermediates.noindex/PicPacKit.build/Test-iphonesimulator/PicPacPresentation\ product.build/empty-PicPacPresentation_-6026B0FB22E351C2_PackageProduct.plist (in target 'PicPacPresentation' from project 'PicPacKit')
    cd /Users/bavabangaru/Developer/pic-pac-poe-ios-native-parity/ios/Packages/PicPacKit
    write-file /tmp/picpac-phase3-post-layout-lifecycle-derived-20260925/Build/Intermediates.noindex/PicPacKit.build/Test-iphonesimulator/PicPacPresentation\ product.build/empty-PicPacPresentation_-6026B0FB22E351C2_PackageProduct.plist

WriteAuxiliaryFile /tmp/picpac-phase3-post-layout-lifecycle-derived-20260925/Build/Intermediates.noindex/PicPacKit.build/Test-iphonesimulator/PicPacPresentation\ product.build/PicPacPresentation_-6026B0FB22E351C2_PackageProduct.DependencyMetadataFileList (in target 'PicPacPresentation' from project 'PicPacKit')
    cd /Users/bavabangaru/Developer/pic-pac-poe-ios-native-parity/ios/Packages/PicPacKit
    write-file /tmp/picpac-phase3-post-layout-lifecycle-derived-20260925/Build/Intermediates.noindex/PicPacKit.build/Test-iphonesimulator/PicPacPresentation\ product.build/PicPacPresentation_-6026B0FB22E351C2_PackageProduct.DependencyMetadataFileList

WriteAuxiliaryFile /tmp/picpac-phase3-post-layout-lifecycle-derived-20260925/Build/Intermediates.noindex/PicPacKit.build/Test-iphonesimulator/PicPacPresentation\ product.build/Objects-normal/arm64/PicPacPresentation_-6026B0FB22E351C2_PackageProduct.LinkFileList (in target 'PicPacPresentation' from project 'PicPacKit')
    cd /Users/bavabangaru/Developer/pic-pac-poe-ios-native-parity/ios/Packages/PicPacKit
    write-file /tmp/picpac-phase3-post-layout-lifecycle-derived-20260925/Build/Intermediates.noindex/PicPacKit.build/Test-iphonesimulator/PicPacPresentation\ product.build/Objects-normal/arm64/PicPacPresentation_-6026B0FB22E351C2_PackageProduct.LinkFileList

WriteAuxiliaryFile /tmp/picpac-phase3-post-layout-lifecycle-derived-20260925/Build/Intermediates.noindex/PicPacPoe.build/Test-iphonesimulator/PicPacPoeUITests.build/empty-PicPacPoeUITests.plist (in target 'PicPacPoeUITests' from project 'PicPacPoe')
    cd /Users/bavabangaru/Developer/pic-pac-poe-ios-native-parity/ios
    write-file /tmp/picpac-phase3-post-layout-lifecycle-derived-20260925/Build/Intermediates.noindex/PicPacPoe.build/Test-iphonesimulator/PicPacPoeUITests.build/empty-PicPacPoeUITests.plist

Copy /tmp/picpac-phase3-post-layout-lifecycle-derived-20260925/Build/Intermediates.noindex/GeneratedModuleMaps-iphonesimulator/PicPacPresentation.modulemap /tmp/picpac-phase3-post-layout-lifecycle-derived-20260925/Build/Intermediates.noindex/PicPacKit.build/Test-iphonesimulator/PicPacPresentation.build/PicPacPresentation.modulemap (in target 'PicPacPresentation' from project 'PicPacKit')
    cd /Users/bavabangaru/Developer/pic-pac-poe-ios-native-parity/ios/Packages/PicPacKit
    builtin-copy -exclude .DS_Store -exclude CVS -exclude .svn -exclude .git -exclude .hg -strip-unsigned-binaries -strip-deterministic -strip-tool /Applications/Xcode.app/Contents/Developer/Toolchains/XcodeDefault.xctoolchain/usr/bin/strip -resolve-src-symlinks /tmp/picpac-phase3-post-layout-lifecycle-derived-20260925/Build/Intermediates.noindex/PicPacKit.build/Test-iphonesimulator/PicPacPresentation.build/PicPacPresentation.modulemap /tmp/picpac-phase3-post-layout-lifecycle-derived-20260925/Build/Intermediates.noindex/GeneratedModuleMaps-iphonesimulator

WriteAuxiliaryFile /tmp/picpac-phase3-post-layout-lifecycle-derived-20260925/Build/Intermediates.noindex/PicPacPoe.build/Test-iphonesimulator/PicPacPoeUITests.build/ProductTypeInfoPlistAdditions.plist (in target 'PicPacPoeUITests' from project 'PicPacPoe')
    cd /Users/bavabangaru/Developer/pic-pac-poe-ios-native-parity/ios
    write-file /tmp/picpac-phase3-post-layout-lifecycle-derived-20260925/Build/Intermediates.noindex/PicPacPoe.build/Test-iphonesimulator/PicPacPoeUITests.build/ProductTypeInfoPlistAdditions.plist

WriteAuxiliaryFile /tmp/picpac-phase3-post-layout-lifecycle-derived-20260925/Build/Intermediates.noindex/PicPacPoe.build/Test-iphonesimulator/PicPacPoeUITests.build/PicPacPoeUITests.hmap (in target 'PicPacPoeUITests' from project 'PicPacPoe')
    cd /Users/bavabangaru/Developer/pic-pac-poe-ios-native-parity/ios
    write-file /tmp/picpac-phase3-post-layout-lifecycle-derived-20260925/Build/Intermediates.noindex/PicPacPoe.build/Test-iphonesimulator/PicPacPoeUITests.build/PicPacPoeUITests.hmap

WriteAuxiliaryFile /tmp/picpac-phase3-post-layout-lifecycle-derived-20260925/Build/Intermediates.noindex/PicPacPoe.build/Test-iphonesimulator/PicPacPoeUITests.build/PicPacPoeUITests.DependencyStaticMetadataFileList (in target 'PicPacPoeUITests' from project 'PicPacPoe')
    cd /Users/bavabangaru/Developer/pic-pac-poe-ios-native-parity/ios
    write-file /tmp/picpac-phase3-post-layout-lifecycle-derived-20260925/Build/Intermediates.noindex/PicPacPoe.build/Test-iphonesimulator/PicPacPoeUITests.build/PicPacPoeUITests.DependencyStaticMetadataFileList

WriteAuxiliaryFile /tmp/picpac-phase3-post-layout-lifecycle-derived-20260925/Build/Intermediates.noindex/PicPacPoe.build/Test-iphonesimulator/PicPacPoeUITests.build/PicPacPoeUITests-project-headers.hmap (in target 'PicPacPoeUITests' from project 'PicPacPoe')
    cd /Users/bavabangaru/Developer/pic-pac-poe-ios-native-parity/ios
    write-file /tmp/picpac-phase3-post-layout-lifecycle-derived-20260925/Build/Intermediates.noindex/PicPacPoe.build/Test-iphonesimulator/PicPacPoeUITests.build/PicPacPoeUITests-project-headers.hmap

WriteAuxiliaryFile /tmp/picpac-phase3-post-layout-lifecycle-derived-20260925/Build/Intermediates.noindex/PicPacPoe.build/Test-iphonesimulator/PicPacPoeUITests.build/PicPacPoeUITests-own-target-headers.hmap (in target 'PicPacPoeUITests' from project 'PicPacPoe')
    cd /Users/bavabangaru/Developer/pic-pac-poe-ios-native-parity/ios
    write-file /tmp/picpac-phase3-post-layout-lifecycle-derived-20260925/Build/Intermediates.noindex/PicPacPoe.build/Test-iphonesimulator/PicPacPoeUITests.build/PicPacPoeUITests-own-target-headers.hmap

WriteAuxiliaryFile /tmp/picpac-phase3-post-layout-lifecycle-derived-20260925/Build/Intermediates.noindex/PicPacPoe.build/Test-iphonesimulator/PicPacPoeUITests.build/PicPacPoeUITests-generated-files.hmap (in target 'PicPacPoeUITests' from project 'PicPacPoe')
    cd /Users/bavabangaru/Developer/pic-pac-poe-ios-native-parity/ios
    write-file /tmp/picpac-phase3-post-layout-lifecycle-derived-20260925/Build/Intermediates.noindex/PicPacPoe.build/Test-iphonesimulator/PicPacPoeUITests.build/PicPacPoeUITests-generated-files.hmap

WriteAuxiliaryFile /tmp/picpac-phase3-post-layout-lifecycle-derived-20260925/Build/Intermediates.noindex/PicPacPoe.build/Test-iphonesimulator/PicPacPoeUITests.build/PicPacPoeUITests.DependencyMetadataFileList (in target 'PicPacPoeUITests' from project 'PicPacPoe')
    cd /Users/bavabangaru/Developer/pic-pac-poe-ios-native-parity/ios
    write-file /tmp/picpac-phase3-post-layout-lifecycle-derived-20260925/Build/Intermediates.noindex/PicPacPoe.build/Test-iphonesimulator/PicPacPoeUITests.build/PicPacPoeUITests.DependencyMetadataFileList

WriteAuxiliaryFile /tmp/picpac-phase3-post-layout-lifecycle-derived-20260925/Build/Intermediates.noindex/PicPacPoe.build/Test-iphonesimulator/PicPacPoeUITests.build/PicPacPoeUITests-all-target-headers.hmap (in target 'PicPacPoeUITests' from project 'PicPacPoe')
    cd /Users/bavabangaru/Developer/pic-pac-poe-ios-native-parity/ios
    write-file /tmp/picpac-phase3-post-layout-lifecycle-derived-20260925/Build/Intermediates.noindex/PicPacPoe.build/Test-iphonesimulator/PicPacPoeUITests.build/PicPacPoeUITests-all-target-headers.hmap

WriteAuxiliaryFile /tmp/picpac-phase3-post-layout-lifecycle-derived-20260925/Build/Intermediates.noindex/PicPacPoe.build/Test-iphonesimulator/PicPacPoeUITests.build/PicPacPoeUITests-all-non-framework-target-headers.hmap (in target 'PicPacPoeUITests' from project 'PicPacPoe')
    cd /Users/bavabangaru/Developer/pic-pac-poe-ios-native-parity/ios
    write-file /tmp/picpac-phase3-post-layout-lifecycle-derived-20260925/Build/Intermediates.noindex/PicPacPoe.build/Test-iphonesimulator/PicPacPoeUITests.build/PicPacPoeUITests-all-non-framework-target-headers.hmap

WriteAuxiliaryFile /tmp/picpac-phase3-post-layout-lifecycle-derived-20260925/Build/Intermediates.noindex/PicPacPoe.build/Test-iphonesimulator/PicPacPoeUITests.build/Objects-normal/arm64/PicPacPoeUITests_const_extract_protocols.json (in target 'PicPacPoeUITests' from project 'PicPacPoe')
    cd /Users/bavabangaru/Developer/pic-pac-poe-ios-native-parity/ios
    write-file /tmp/picpac-phase3-post-layout-lifecycle-derived-20260925/Build/Intermediates.noindex/PicPacPoe.build/Test-iphonesimulator/PicPacPoeUITests.build/Objects-normal/arm64/PicPacPoeUITests_const_extract_protocols.json

WriteAuxiliaryFile /tmp/picpac-phase3-post-layout-lifecycle-derived-20260925/Build/Intermediates.noindex/PicPacPoe.build/Test-iphonesimulator/PicPacPoeUITests.build/Objects-normal/arm64/PicPacPoeUITests.SwiftFileList (in target 'PicPacPoeUITests' from project 'PicPacPoe')
    cd /Users/bavabangaru/Developer/pic-pac-poe-ios-native-parity/ios
    write-file /tmp/picpac-phase3-post-layout-lifecycle-derived-20260925/Build/Intermediates.noindex/PicPacPoe.build/Test-iphonesimulator/PicPacPoeUITests.build/Objects-normal/arm64/PicPacPoeUITests.SwiftFileList

WriteAuxiliaryFile /tmp/picpac-phase3-post-layout-lifecycle-derived-20260925/Build/Intermediates.noindex/PicPacPoe.build/Test-iphonesimulator/PicPacPoeUITests.build/Objects-normal/arm64/PicPacPoeUITests.LinkFileList (in target 'PicPacPoeUITests' from project 'PicPacPoe')
    cd /Users/bavabangaru/Developer/pic-pac-poe-ios-native-parity/ios
    write-file /tmp/picpac-phase3-post-layout-lifecycle-derived-20260925/Build/Intermediates.noindex/PicPacPoe.build/Test-iphonesimulator/PicPacPoeUITests.build/Objects-normal/arm64/PicPacPoeUITests.LinkFileList

WriteAuxiliaryFile /tmp/picpac-phase3-post-layout-lifecycle-derived-20260925/Build/Intermediates.noindex/PicPacPoe.build/Test-iphonesimulator/PicPacPoeUITests.build/Objects-normal/arm64/PicPacPoeUITests.SwiftConstValuesFileList (in target 'PicPacPoeUITests' from project 'PicPacPoe')
    cd /Users/bavabangaru/Developer/pic-pac-poe-ios-native-parity/ios
    write-file /tmp/picpac-phase3-post-layout-lifecycle-derived-20260925/Build/Intermediates.noindex/PicPacPoe.build/Test-iphonesimulator/PicPacPoeUITests.build/Objects-normal/arm64/PicPacPoeUITests.SwiftConstValuesFileList

WriteAuxiliaryFile /tmp/picpac-phase3-post-layout-lifecycle-derived-20260925/Build/Intermediates.noindex/PicPacPoe.build/Test-iphonesimulator/PicPacPoeUITests.build/Objects-normal/arm64/PicPacPoeUITests-OutputFileMap.json (in target 'PicPacPoeUITests' from project 'PicPacPoe')
    cd /Users/bavabangaru/Developer/pic-pac-poe-ios-native-parity/ios
    write-file /tmp/picpac-phase3-post-layout-lifecycle-derived-20260925/Build/Intermediates.noindex/PicPacPoe.build/Test-iphonesimulator/PicPacPoeUITests.build/Objects-normal/arm64/PicPacPoeUITests-OutputFileMap.json

WriteAuxiliaryFile /tmp/picpac-phase3-post-layout-lifecycle-derived-20260925/Build/Intermediates.noindex/PicPacPoe.build/Test-iphonesimulator/PicPacPoeTests.build/empty-PicPacPoeTests.plist (in target 'PicPacPoeTests' from project 'PicPacPoe')
    cd /Users/bavabangaru/Developer/pic-pac-poe-ios-native-parity/ios
    write-file /tmp/picpac-phase3-post-layout-lifecycle-derived-20260925/Build/Intermediates.noindex/PicPacPoe.build/Test-iphonesimulator/PicPacPoeTests.build/empty-PicPacPoeTests.plist

WriteAuxiliaryFile /tmp/picpac-phase3-post-layout-lifecycle-derived-20260925/Build/Intermediates.noindex/PicPacPoe.build/Test-iphonesimulator/PicPacPoeTests.build/PicPacPoeTests.hmap (in target 'PicPacPoeTests' from project 'PicPacPoe')
    cd /Users/bavabangaru/Developer/pic-pac-poe-ios-native-parity/ios
    write-file /tmp/picpac-phase3-post-layout-lifecycle-derived-20260925/Build/Intermediates.noindex/PicPacPoe.build/Test-iphonesimulator/PicPacPoeTests.build/PicPacPoeTests.hmap

WriteAuxiliaryFile /tmp/picpac-phase3-post-layout-lifecycle-derived-20260925/Build/Intermediates.noindex/PicPacPoe.build/Test-iphonesimulator/PicPacPoeTests.build/PicPacPoeTests.DependencyStaticMetadataFileList (in target 'PicPacPoeTests' from project 'PicPacPoe')
    cd /Users/bavabangaru/Developer/pic-pac-poe-ios-native-parity/ios
    write-file /tmp/picpac-phase3-post-layout-lifecycle-derived-20260925/Build/Intermediates.noindex/PicPacPoe.build/Test-iphonesimulator/PicPacPoeTests.build/PicPacPoeTests.DependencyStaticMetadataFileList

WriteAuxiliaryFile /tmp/picpac-phase3-post-layout-lifecycle-derived-20260925/Build/Intermediates.noindex/PicPacPoe.build/Test-iphonesimulator/PicPacPoeTests.build/PicPacPoeTests.DependencyMetadataFileList (in target 'PicPacPoeTests' from project 'PicPacPoe')
    cd /Users/bavabangaru/Developer/pic-pac-poe-ios-native-parity/ios
    write-file /tmp/picpac-phase3-post-layout-lifecycle-derived-20260925/Build/Intermediates.noindex/PicPacPoe.build/Test-iphonesimulator/PicPacPoeTests.build/PicPacPoeTests.DependencyMetadataFileList

WriteAuxiliaryFile /tmp/picpac-phase3-post-layout-lifecycle-derived-20260925/Build/Intermediates.noindex/PicPacPoe.build/Test-iphonesimulator/PicPacPoeTests.build/PicPacPoeTests-project-headers.hmap (in target 'PicPacPoeTests' from project 'PicPacPoe')
    cd /Users/bavabangaru/Developer/pic-pac-poe-ios-native-parity/ios
    write-file /tmp/picpac-phase3-post-layout-lifecycle-derived-20260925/Build/Intermediates.noindex/PicPacPoe.build/Test-iphonesimulator/PicPacPoeTests.build/PicPacPoeTests-project-headers.hmap

WriteAuxiliaryFile /tmp/picpac-phase3-post-layout-lifecycle-derived-20260925/Build/Intermediates.noindex/PicPacPoe.build/Test-iphonesimulator/PicPacPoeTests.build/PicPacPoeTests-own-target-headers.hmap (in target 'PicPacPoeTests' from project 'PicPacPoe')
    cd /Users/bavabangaru/Developer/pic-pac-poe-ios-native-parity/ios
    write-file /tmp/picpac-phase3-post-layout-lifecycle-derived-20260925/Build/Intermediates.noindex/PicPacPoe.build/Test-iphonesimulator/PicPacPoeTests.build/PicPacPoeTests-own-target-headers.hmap

WriteAuxiliaryFile /tmp/picpac-phase3-post-layout-lifecycle-derived-20260925/Build/Intermediates.noindex/PicPacPoe.build/Test-iphonesimulator/PicPacPoeTests.build/PicPacPoeTests-generated-files.hmap (in target 'PicPacPoeTests' from project 'PicPacPoe')
    cd /Users/bavabangaru/Developer/pic-pac-poe-ios-native-parity/ios
    write-file /tmp/picpac-phase3-post-layout-lifecycle-derived-20260925/Build/Intermediates.noindex/PicPacPoe.build/Test-iphonesimulator/PicPacPoeTests.build/PicPacPoeTests-generated-files.hmap

WriteAuxiliaryFile /tmp/picpac-phase3-post-layout-lifecycle-derived-20260925/Build/Intermediates.noindex/PicPacPoe.build/Test-iphonesimulator/PicPacPoeTests.build/PicPacPoeTests-all-target-headers.hmap (in target 'PicPacPoeTests' from project 'PicPacPoe')
    cd /Users/bavabangaru/Developer/pic-pac-poe-ios-native-parity/ios
    write-file /tmp/picpac-phase3-post-layout-lifecycle-derived-20260925/Build/Intermediates.noindex/PicPacPoe.build/Test-iphonesimulator/PicPacPoeTests.build/PicPacPoeTests-all-target-headers.hmap

WriteAuxiliaryFile /tmp/picpac-phase3-post-layout-lifecycle-derived-20260925/Build/Intermediates.noindex/PicPacPoe.build/Test-iphonesimulator/PicPacPoeTests.build/PicPacPoeTests-all-non-framework-target-headers.hmap (in target 'PicPacPoeTests' from project 'PicPacPoe')
    cd /Users/bavabangaru/Developer/pic-pac-poe-ios-native-parity/ios
    write-file /tmp/picpac-phase3-post-layout-lifecycle-derived-20260925/Build/Intermediates.noindex/PicPacPoe.build/Test-iphonesimulator/PicPacPoeTests.build/PicPacPoeTests-all-non-framework-target-headers.hmap

WriteAuxiliaryFile /tmp/picpac-phase3-post-layout-lifecycle-derived-20260925/Build/Intermediates.noindex/PicPacPoe.build/Test-iphonesimulator/PicPacPoeTests.build/Objects-normal/arm64/PicPacPoeTests_const_extract_protocols.json (in target 'PicPacPoeTests' from project 'PicPacPoe')
    cd /Users/bavabangaru/Developer/pic-pac-poe-ios-native-parity/ios
    write-file /tmp/picpac-phase3-post-layout-lifecycle-derived-20260925/Build/Intermediates.noindex/PicPacPoe.build/Test-iphonesimulator/PicPacPoeTests.build/Objects-normal/arm64/PicPacPoeTests_const_extract_protocols.json

WriteAuxiliaryFile /tmp/picpac-phase3-post-layout-lifecycle-derived-20260925/Build/Intermediates.noindex/PicPacPoe.build/Test-iphonesimulator/PicPacPoeTests.build/Objects-normal/arm64/PicPacPoeTests.SwiftFileList (in target 'PicPacPoeTests' from project 'PicPacPoe')
    cd /Users/bavabangaru/Developer/pic-pac-poe-ios-native-parity/ios
    write-file /tmp/picpac-phase3-post-layout-lifecycle-derived-20260925/Build/Intermediates.noindex/PicPacPoe.build/Test-iphonesimulator/PicPacPoeTests.build/Objects-normal/arm64/PicPacPoeTests.SwiftFileList

WriteAuxiliaryFile /tmp/picpac-phase3-post-layout-lifecycle-derived-20260925/Build/Intermediates.noindex/PicPacPoe.build/Test-iphonesimulator/PicPacPoeTests.build/Objects-normal/arm64/PicPacPoeTests.SwiftConstValuesFileList (in target 'PicPacPoeTests' from project 'PicPacPoe')
    cd /Users/bavabangaru/Developer/pic-pac-poe-ios-native-parity/ios
    write-file /tmp/picpac-phase3-post-layout-lifecycle-derived-20260925/Build/Intermediates.noindex/PicPacPoe.build/Test-iphonesimulator/PicPacPoeTests.build/Objects-normal/arm64/PicPacPoeTests.SwiftConstValuesFileList

WriteAuxiliaryFile /tmp/picpac-phase3-post-layout-lifecycle-derived-20260925/Build/Intermediates.noindex/PicPacPoe.build/Test-iphonesimulator/PicPacPoeTests.build/Objects-normal/arm64/PicPacPoeTests.LinkFileList (in target 'PicPacPoeTests' from project 'PicPacPoe')
    cd /Users/bavabangaru/Developer/pic-pac-poe-ios-native-parity/ios
    write-file /tmp/picpac-phase3-post-layout-lifecycle-derived-20260925/Build/Intermediates.noindex/PicPacPoe.build/Test-iphonesimulator/PicPacPoeTests.build/Objects-normal/arm64/PicPacPoeTests.LinkFileList

WriteAuxiliaryFile /tmp/picpac-phase3-post-layout-lifecycle-derived-20260925/Build/Intermediates.noindex/PicPacPoe.build/Test-iphonesimulator/PicPacPoeTests.build/Objects-normal/arm64/PicPacPoeTests-OutputFileMap.json (in target 'PicPacPoeTests' from project 'PicPacPoe')
    cd /Users/bavabangaru/Developer/pic-pac-poe-ios-native-parity/ios
    write-file /tmp/picpac-phase3-post-layout-lifecycle-derived-20260925/Build/Intermediates.noindex/PicPacPoe.build/Test-iphonesimulator/PicPacPoeTests.build/Objects-normal/arm64/PicPacPoeTests-OutputFileMap.json

WriteAuxiliaryFile /tmp/picpac-phase3-post-layout-lifecycle-derived-20260925/Build/Intermediates.noindex/PicPacPoe.build/Test-iphonesimulator/PicPacPoe.build/PicPacPoe.DependencyStaticMetadataFileList (in target 'PicPacPoe' from project 'PicPacPoe')
    cd /Users/bavabangaru/Developer/pic-pac-poe-ios-native-parity/ios
    write-file /tmp/picpac-phase3-post-layout-lifecycle-derived-20260925/Build/Intermediates.noindex/PicPacPoe.build/Test-iphonesimulator/PicPacPoe.build/PicPacPoe.DependencyStaticMetadataFileList

WriteAuxiliaryFile /tmp/picpac-phase3-post-layout-lifecycle-derived-20260925/Build/Intermediates.noindex/PicPacPoe.build/Test-iphonesimulator/PicPacPoe.build/PicPacPoe.DependencyMetadataFileList (in target 'PicPacPoe' from project 'PicPacPoe')
    cd /Users/bavabangaru/Developer/pic-pac-poe-ios-native-parity/ios
    write-file /tmp/picpac-phase3-post-layout-lifecycle-derived-20260925/Build/Intermediates.noindex/PicPacPoe.build/Test-iphonesimulator/PicPacPoe.build/PicPacPoe.DependencyMetadataFileList

WriteAuxiliaryFile /tmp/picpac-phase3-post-layout-lifecycle-derived-20260925/Build/Intermediates.noindex/PicPacPoe.build/Test-iphonesimulator/PicPacPoe.build/Objects-normal/arm64/PicPacPoe.SwiftConstValuesFileList (in target 'PicPacPoe' from project 'PicPacPoe')
    cd /Users/bavabangaru/Developer/pic-pac-poe-ios-native-parity/ios
    write-file /tmp/picpac-phase3-post-layout-lifecycle-derived-20260925/Build/Intermediates.noindex/PicPacPoe.build/Test-iphonesimulator/PicPacPoe.build/Objects-normal/arm64/PicPacPoe.SwiftConstValuesFileList

WriteAuxiliaryFile /tmp/picpac-phase3-post-layout-lifecycle-derived-20260925/Build/Intermediates.noindex/PicPacPoe.build/Test-iphonesimulator/PicPacPoe.build/Objects-normal/arm64/PicPacPoe.SwiftFileList (in target 'PicPacPoe' from project 'PicPacPoe')
    cd /Users/bavabangaru/Developer/pic-pac-poe-ios-native-parity/ios
    write-file /tmp/picpac-phase3-post-layout-lifecycle-derived-20260925/Build/Intermediates.noindex/PicPacPoe.build/Test-iphonesimulator/PicPacPoe.build/Objects-normal/arm64/PicPacPoe.SwiftFileList

WriteAuxiliaryFile /tmp/picpac-phase3-post-layout-lifecycle-derived-20260925/Build/Intermediates.noindex/PicPacPoe.build/Test-iphonesimulator/PicPacPoe.build/Objects-normal/arm64/PicPacPoe.LinkFileList (in target 'PicPacPoe' from project 'PicPacPoe')
    cd /Users/bavabangaru/Developer/pic-pac-poe-ios-native-parity/ios
    write-file /tmp/picpac-phase3-post-layout-lifecycle-derived-20260925/Build/Intermediates.noindex/PicPacPoe.build/Test-iphonesimulator/PicPacPoe.build/Objects-normal/arm64/PicPacPoe.LinkFileList

WriteAuxiliaryFile /tmp/picpac-phase3-post-layout-lifecycle-derived-20260925/Build/Intermediates.noindex/PicPacPoe.build/Test-iphonesimulator/PicPacPoe.build/Objects-normal/arm64/PicPacPoe-OutputFileMap.json (in target 'PicPacPoe' from project 'PicPacPoe')
    cd /Users/bavabangaru/Developer/pic-pac-poe-ios-native-parity/ios
    write-file /tmp/picpac-phase3-post-layout-lifecycle-derived-20260925/Build/Intermediates.noindex/PicPacPoe.build/Test-iphonesimulator/PicPacPoe.build/Objects-normal/arm64/PicPacPoe-OutputFileMap.json

WriteAuxiliaryFile /tmp/picpac-phase3-post-layout-lifecycle-derived-20260925/Build/Intermediates.noindex/PicPacKit.build/Test-iphonesimulator/PicPacKit_PicPacAI.build/PicPacKit_PicPacAI.DependencyStaticMetadataFileList (in target 'PicPacKit_PicPacAI' from project 'PicPacKit')
    cd /Users/bavabangaru/Developer/pic-pac-poe-ios-native-parity/ios/Packages/PicPacKit
    write-file /tmp/picpac-phase3-post-layout-lifecycle-derived-20260925/Build/Intermediates.noindex/PicPacKit.build/Test-iphonesimulator/PicPacKit_PicPacAI.build/PicPacKit_PicPacAI.DependencyStaticMetadataFileList

WriteAuxiliaryFile /tmp/picpac-phase3-post-layout-lifecycle-derived-20260925/Build/Intermediates.noindex/PicPacKit.build/Test-iphonesimulator/PicPacKit_PicPacAI.build/PicPacKit_PicPacAI.DependencyMetadataFileList (in target 'PicPacKit_PicPacAI' from project 'PicPacKit')
    cd /Users/bavabangaru/Developer/pic-pac-poe-ios-native-parity/ios/Packages/PicPacKit
    write-file /tmp/picpac-phase3-post-layout-lifecycle-derived-20260925/Build/Intermediates.noindex/PicPacKit.build/Test-iphonesimulator/PicPacKit_PicPacAI.build/PicPacKit_PicPacAI.DependencyMetadataFileList

WriteAuxiliaryFile /tmp/picpac-phase3-post-layout-lifecycle-derived-20260925/Build/Intermediates.noindex/PicPacKit.build/Test-iphonesimulator/PicPacKit_PicPacAI.build/empty-PicPacKit_PicPacAI.plist (in target 'PicPacKit_PicPacAI' from project 'PicPacKit')
    cd /Users/bavabangaru/Developer/pic-pac-poe-ios-native-parity/ios/Packages/PicPacKit
    write-file /tmp/picpac-phase3-post-layout-lifecycle-derived-20260925/Build/Intermediates.noindex/PicPacKit.build/Test-iphonesimulator/PicPacKit_PicPacAI.build/empty-PicPacKit_PicPacAI.plist

WriteAuxiliaryFile /tmp/picpac-phase3-post-layout-lifecycle-derived-20260925/Build/Intermediates.noindex/PicPacKit.build/Test-iphonesimulator/PicPacCore.build/PicPacCore.modulemap (in target 'PicPacCore' from project 'PicPacKit')
    cd /Users/bavabangaru/Developer/pic-pac-poe-ios-native-parity/ios/Packages/PicPacKit
    write-file /tmp/picpac-phase3-post-layout-lifecycle-derived-20260925/Build/Intermediates.noindex/PicPacKit.build/Test-iphonesimulator/PicPacCore.build/PicPacCore.modulemap

WriteAuxiliaryFile /tmp/picpac-phase3-post-layout-lifecycle-derived-20260925/Build/Intermediates.noindex/PicPacKit.build/Test-iphonesimulator/PicPacCore.build/PicPacCore.DependencyStaticMetadataFileList (in target 'PicPacCore' from project 'PicPacKit')
    cd /Users/bavabangaru/Developer/pic-pac-poe-ios-native-parity/ios/Packages/PicPacKit
    write-file /tmp/picpac-phase3-post-layout-lifecycle-derived-20260925/Build/Intermediates.noindex/PicPacKit.build/Test-iphonesimulator/PicPacCore.build/PicPacCore.DependencyStaticMetadataFileList

WriteAuxiliaryFile /tmp/picpac-phase3-post-layout-lifecycle-derived-20260925/Build/Intermediates.noindex/PicPacKit.build/Test-iphonesimulator/PicPacCore.build/PicPacCore.DependencyMetadataFileList (in target 'PicPacCore' from project 'PicPacKit')
    cd /Users/bavabangaru/Developer/pic-pac-poe-ios-native-parity/ios/Packages/PicPacKit
    write-file /tmp/picpac-phase3-post-layout-lifecycle-derived-20260925/Build/Intermediates.noindex/PicPacKit.build/Test-iphonesimulator/PicPacCore.build/PicPacCore.DependencyMetadataFileList

WriteAuxiliaryFile /tmp/picpac-phase3-post-layout-lifecycle-derived-20260925/Build/Intermediates.noindex/PicPacKit.build/Test-iphonesimulator/PicPacCore.build/Objects-normal/arm64/PicPacCore_const_extract_protocols.json (in target 'PicPacCore' from project 'PicPacKit')
    cd /Users/bavabangaru/Developer/pic-pac-poe-ios-native-parity/ios/Packages/PicPacKit
    write-file /tmp/picpac-phase3-post-layout-lifecycle-derived-20260925/Build/Intermediates.noindex/PicPacKit.build/Test-iphonesimulator/PicPacCore.build/Objects-normal/arm64/PicPacCore_const_extract_protocols.json

WriteAuxiliaryFile /tmp/picpac-phase3-post-layout-lifecycle-derived-20260925/Build/Intermediates.noindex/PicPacKit.build/Test-iphonesimulator/PicPacCore.build/Objects-normal/arm64/PicPacCore.SwiftFileList (in target 'PicPacCore' from project 'PicPacKit')
    cd /Users/bavabangaru/Developer/pic-pac-poe-ios-native-parity/ios/Packages/PicPacKit
    write-file /tmp/picpac-phase3-post-layout-lifecycle-derived-20260925/Build/Intermediates.noindex/PicPacKit.build/Test-iphonesimulator/PicPacCore.build/Objects-normal/arm64/PicPacCore.SwiftFileList

WriteAuxiliaryFile /tmp/picpac-phase3-post-layout-lifecycle-derived-20260925/Build/Intermediates.noindex/PicPacKit.build/Test-iphonesimulator/PicPacCore.build/Objects-normal/arm64/PicPacCore.LinkFileList (in target 'PicPacCore' from project 'PicPacKit')
    cd /Users/bavabangaru/Developer/pic-pac-poe-ios-native-parity/ios/Packages/PicPacKit
    write-file /tmp/picpac-phase3-post-layout-lifecycle-derived-20260925/Build/Intermediates.noindex/PicPacKit.build/Test-iphonesimulator/PicPacCore.build/Objects-normal/arm64/PicPacCore.LinkFileList

WriteAuxiliaryFile /tmp/picpac-phase3-post-layout-lifecycle-derived-20260925/Build/Intermediates.noindex/PicPacKit.build/Test-iphonesimulator/PicPacCore.build/Objects-normal/arm64/PicPacCore.SwiftConstValuesFileList (in target 'PicPacCore' from project 'PicPacKit')
    cd /Users/bavabangaru/Developer/pic-pac-poe-ios-native-parity/ios/Packages/PicPacKit
    write-file /tmp/picpac-phase3-post-layout-lifecycle-derived-20260925/Build/Intermediates.noindex/PicPacKit.build/Test-iphonesimulator/PicPacCore.build/Objects-normal/arm64/PicPacCore.SwiftConstValuesFileList

WriteAuxiliaryFile /tmp/picpac-phase3-post-layout-lifecycle-derived-20260925/Build/Intermediates.noindex/PicPacKit.build/Test-iphonesimulator/PicPacCore.build/Objects-normal/arm64/PicPacCore-OutputFileMap.json (in target 'PicPacCore' from project 'PicPacKit')
    cd /Users/bavabangaru/Developer/pic-pac-poe-ios-native-parity/ios/Packages/PicPacKit
    write-file /tmp/picpac-phase3-post-layout-lifecycle-derived-20260925/Build/Intermediates.noindex/PicPacKit.build/Test-iphonesimulator/PicPacCore.build/Objects-normal/arm64/PicPacCore-OutputFileMap.json

WriteAuxiliaryFile /tmp/picpac-phase3-post-layout-lifecycle-derived-20260925/Build/Intermediates.noindex/PicPacKit.build/Test-iphonesimulator/PicPacAI.build/PicPacAI.modulemap (in target 'PicPacAI' from project 'PicPacKit')
    cd /Users/bavabangaru/Developer/pic-pac-poe-ios-native-parity/ios/Packages/PicPacKit
    write-file /tmp/picpac-phase3-post-layout-lifecycle-derived-20260925/Build/Intermediates.noindex/PicPacKit.build/Test-iphonesimulator/PicPacAI.build/PicPacAI.modulemap

WriteAuxiliaryFile /tmp/picpac-phase3-post-layout-lifecycle-derived-20260925/Build/Intermediates.noindex/PicPacKit.build/Test-iphonesimulator/PicPacAI.build/PicPacAI.DependencyMetadataFileList (in target 'PicPacAI' from project 'PicPacKit')
    cd /Users/bavabangaru/Developer/pic-pac-poe-ios-native-parity/ios/Packages/PicPacKit
    write-file /tmp/picpac-phase3-post-layout-lifecycle-derived-20260925/Build/Intermediates.noindex/PicPacKit.build/Test-iphonesimulator/PicPacAI.build/PicPacAI.DependencyMetadataFileList

WriteAuxiliaryFile /tmp/picpac-phase3-post-layout-lifecycle-derived-20260925/Build/Intermediates.noindex/PicPacKit.build/Test-iphonesimulator/PicPacAI.build/PicPacAI.DependencyStaticMetadataFileList (in target 'PicPacAI' from project 'PicPacKit')
    cd /Users/bavabangaru/Developer/pic-pac-poe-ios-native-parity/ios/Packages/PicPacKit
    write-file /tmp/picpac-phase3-post-layout-lifecycle-derived-20260925/Build/Intermediates.noindex/PicPacKit.build/Test-iphonesimulator/PicPacAI.build/PicPacAI.DependencyStaticMetadataFileList

WriteAuxiliaryFile /tmp/picpac-phase3-post-layout-lifecycle-derived-20260925/Build/Intermediates.noindex/PicPacKit.build/Test-iphonesimulator/PicPacAI.build/Objects-normal/arm64/PicPacAI_const_extract_protocols.json (in target 'PicPacAI' from project 'PicPacKit')
    cd /Users/bavabangaru/Developer/pic-pac-poe-ios-native-parity/ios/Packages/PicPacKit
    write-file /tmp/picpac-phase3-post-layout-lifecycle-derived-20260925/Build/Intermediates.noindex/PicPacKit.build/Test-iphonesimulator/PicPacAI.build/Objects-normal/arm64/PicPacAI_const_extract_protocols.json

Copy /tmp/picpac-phase3-post-layout-lifecycle-derived-20260925/Build/Intermediates.noindex/GeneratedModuleMaps-iphonesimulator/PicPacCore.modulemap /tmp/picpac-phase3-post-layout-lifecycle-derived-20260925/Build/Intermediates.noindex/PicPacKit.build/Test-iphonesimulator/PicPacCore.build/PicPacCore.modulemap (in target 'PicPacCore' from project 'PicPacKit')
    cd /Users/bavabangaru/Developer/pic-pac-poe-ios-native-parity/ios/Packages/PicPacKit
    builtin-copy -exclude .DS_Store -exclude CVS -exclude .svn -exclude .git -exclude .hg -strip-unsigned-binaries -strip-deterministic -strip-tool /Applications/Xcode.app/Contents/Developer/Toolchains/XcodeDefault.xctoolchain/usr/bin/strip -resolve-src-symlinks /tmp/picpac-phase3-post-layout-lifecycle-derived-20260925/Build/Intermediates.noindex/PicPacKit.build/Test-iphonesimulator/PicPacCore.build/PicPacCore.modulemap /tmp/picpac-phase3-post-layout-lifecycle-derived-20260925/Build/Intermediates.noindex/GeneratedModuleMaps-iphonesimulator

WriteAuxiliaryFile /tmp/picpac-phase3-post-layout-lifecycle-derived-20260925/Build/Intermediates.noindex/PicPacKit.build/Test-iphonesimulator/PicPacAI.build/Objects-normal/arm64/PicPacAI.SwiftFileList (in target 'PicPacAI' from project 'PicPacKit')
    cd /Users/bavabangaru/Developer/pic-pac-poe-ios-native-parity/ios/Packages/PicPacKit
    write-file /tmp/picpac-phase3-post-layout-lifecycle-derived-20260925/Build/Intermediates.noindex/PicPacKit.build/Test-iphonesimulator/PicPacAI.build/Objects-normal/arm64/PicPacAI.SwiftFileList

WriteAuxiliaryFile /tmp/picpac-phase3-post-layout-lifecycle-derived-20260925/Build/Intermediates.noindex/PicPacKit.build/Test-iphonesimulator/PicPacAI.build/Objects-normal/arm64/PicPacAI.SwiftConstValuesFileList (in target 'PicPacAI' from project 'PicPacKit')
    cd /Users/bavabangaru/Developer/pic-pac-poe-ios-native-parity/ios/Packages/PicPacKit
    write-file /tmp/picpac-phase3-post-layout-lifecycle-derived-20260925/Build/Intermediates.noindex/PicPacKit.build/Test-iphonesimulator/PicPacAI.build/Objects-normal/arm64/PicPacAI.SwiftConstValuesFileList

WriteAuxiliaryFile /tmp/picpac-phase3-post-layout-lifecycle-derived-20260925/Build/Intermediates.noindex/PicPacKit.build/Test-iphonesimulator/PicPacAI.build/Objects-normal/arm64/PicPacAI.LinkFileList (in target 'PicPacAI' from project 'PicPacKit')
    cd /Users/bavabangaru/Developer/pic-pac-poe-ios-native-parity/ios/Packages/PicPacKit
    write-file /tmp/picpac-phase3-post-layout-lifecycle-derived-20260925/Build/Intermediates.noindex/PicPacKit.build/Test-iphonesimulator/PicPacAI.build/Objects-normal/arm64/PicPacAI.LinkFileList

WriteAuxiliaryFile /tmp/picpac-phase3-post-layout-lifecycle-derived-20260925/Build/Intermediates.noindex/PicPacKit.build/Test-iphonesimulator/PicPacAI.build/Objects-normal/arm64/PicPacAI-OutputFileMap.json (in target 'PicPacAI' from project 'PicPacKit')
    cd /Users/bavabangaru/Developer/pic-pac-poe-ios-native-parity/ios/Packages/PicPacKit
    write-file /tmp/picpac-phase3-post-layout-lifecycle-derived-20260925/Build/Intermediates.noindex/PicPacKit.build/Test-iphonesimulator/PicPacAI.build/Objects-normal/arm64/PicPacAI-OutputFileMap.json

WriteAuxiliaryFile /tmp/picpac-phase3-post-layout-lifecycle-derived-20260925/Build/Intermediates.noindex/PicPacKit.build/Test-iphonesimulator/PicPacAI.build/DerivedSources/resource_bundle_accessor.swift (in target 'PicPacAI' from project 'PicPacKit')
    cd /Users/bavabangaru/Developer/pic-pac-poe-ios-native-parity/ios/Packages/PicPacKit
    write-file /tmp/picpac-phase3-post-layout-lifecycle-derived-20260925/Build/Intermediates.noindex/PicPacKit.build/Test-iphonesimulator/PicPacAI.build/DerivedSources/resource_bundle_accessor.swift

MkDir /tmp/picpac-phase3-post-layout-lifecycle-derived-20260925/Build/Products/Test-iphonesimulator/PackageFrameworks/PicPacPresentation_-6026B0FB22E351C2_PackageProduct.framework (in target 'PicPacPresentation' from project 'PicPacKit')
    cd /Users/bavabangaru/Developer/pic-pac-poe-ios-native-parity/ios/Packages/PicPacKit
    /bin/mkdir -p /tmp/picpac-phase3-post-layout-lifecycle-derived-20260925/Build/Products/Test-iphonesimulator/PackageFrameworks/PicPacPresentation_-6026B0FB22E351C2_PackageProduct.framework

Copy /tmp/picpac-phase3-post-layout-lifecycle-derived-20260925/Build/Intermediates.noindex/GeneratedModuleMaps-iphonesimulator/PicPacAI.modulemap /tmp/picpac-phase3-post-layout-lifecycle-derived-20260925/Build/Intermediates.noindex/PicPacKit.build/Test-iphonesimulator/PicPacAI.build/PicPacAI.modulemap (in target 'PicPacAI' from project 'PicPacKit')
    cd /Users/bavabangaru/Developer/pic-pac-poe-ios-native-parity/ios/Packages/PicPacKit
    builtin-copy -exclude .DS_Store -exclude CVS -exclude .svn -exclude .git -exclude .hg -strip-unsigned-binaries -strip-deterministic -strip-tool /Applications/Xcode.app/Contents/Developer/Toolchains/XcodeDefault.xctoolchain/usr/bin/strip -resolve-src-symlinks /tmp/picpac-phase3-post-layout-lifecycle-derived-20260925/Build/Intermediates.noindex/PicPacKit.build/Test-iphonesimulator/PicPacAI.build/PicPacAI.modulemap /tmp/picpac-phase3-post-layout-lifecycle-derived-20260925/Build/Intermediates.noindex/GeneratedModuleMaps-iphonesimulator

MkDir /tmp/picpac-phase3-post-layout-lifecycle-derived-20260925/Build/Products/Test-iphonesimulator/PicPacPoe.app/PlugIns/PicPacPoeTests.xctest/Frameworks (in target 'PicPacPoeTests' from project 'PicPacPoe')
    cd /Users/bavabangaru/Developer/pic-pac-poe-ios-native-parity/ios
    /bin/mkdir -p /tmp/picpac-phase3-post-layout-lifecycle-derived-20260925/Build/Products/Test-iphonesimulator/PicPacPoe.app/PlugIns/PicPacPoeTests.xctest/Frameworks

MkDir /tmp/picpac-phase3-post-layout-lifecycle-derived-20260925/Build/Products/Test-iphonesimulator/PicPacPoe.app/PlugIns/PicPacPoeTests.xctest (in target 'PicPacPoeTests' from project 'PicPacPoe')
    cd /Users/bavabangaru/Developer/pic-pac-poe-ios-native-parity/ios
    /bin/mkdir -p /tmp/picpac-phase3-post-layout-lifecycle-derived-20260925/Build/Products/Test-iphonesimulator/PicPacPoe.app/PlugIns/PicPacPoeTests.xctest

MkDir /tmp/picpac-phase3-post-layout-lifecycle-derived-20260925/Build/Products/Test-iphonesimulator/PicPacPoeUITests-Runner.app/PlugIns/PicPacPoeUITests.xctest (in target 'PicPacPoeUITests' from project 'PicPacPoe')
    cd /Users/bavabangaru/Developer/pic-pac-poe-ios-native-parity/ios
    /bin/mkdir -p /tmp/picpac-phase3-post-layout-lifecycle-derived-20260925/Build/Products/Test-iphonesimulator/PicPacPoeUITests-Runner.app/PlugIns/PicPacPoeUITests.xctest

MkDir /tmp/picpac-phase3-post-layout-lifecycle-derived-20260925/Build/Products/Test-iphonesimulator/PicPacPoe.app/PlugIns (in target 'PicPacPoe' from project 'PicPacPoe')
    cd /Users/bavabangaru/Developer/pic-pac-poe-ios-native-parity/ios
    /bin/mkdir -p /tmp/picpac-phase3-post-layout-lifecycle-derived-20260925/Build/Products/Test-iphonesimulator/PicPacPoe.app/PlugIns

MkDir /tmp/picpac-phase3-post-layout-lifecycle-derived-20260925/Build/Products/Test-iphonesimulator/PicPacPoe.app/Frameworks (in target 'PicPacPoe' from project 'PicPacPoe')
    cd /Users/bavabangaru/Developer/pic-pac-poe-ios-native-parity/ios
    /bin/mkdir -p /tmp/picpac-phase3-post-layout-lifecycle-derived-20260925/Build/Products/Test-iphonesimulator/PicPacPoe.app/Frameworks

MkDir /tmp/picpac-phase3-post-layout-lifecycle-derived-20260925/Build/Products/Test-iphonesimulator/PicPacPoe.app (in target 'PicPacPoe' from project 'PicPacPoe')
    cd /Users/bavabangaru/Developer/pic-pac-poe-ios-native-parity/ios
    /bin/mkdir -p /tmp/picpac-phase3-post-layout-lifecycle-derived-20260925/Build/Products/Test-iphonesimulator/PicPacPoe.app

MkDir /tmp/picpac-phase3-post-layout-lifecycle-derived-20260925/Build/Products/Test-iphonesimulator/PicPacKit_PicPacAI.bundle (in target 'PicPacKit_PicPacAI' from project 'PicPacKit')
    cd /Users/bavabangaru/Developer/pic-pac-poe-ios-native-parity/ios/Packages/PicPacKit
    /bin/mkdir -p /tmp/picpac-phase3-post-layout-lifecycle-derived-20260925/Build/Products/Test-iphonesimulator/PicPacKit_PicPacAI.bundle

ProcessInfoPlistFile /tmp/picpac-phase3-post-layout-lifecycle-derived-20260925/Build/Products/Test-iphonesimulator/PicPacKit_PicPacAI.bundle/Info.plist /tmp/picpac-phase3-post-layout-lifecycle-derived-20260925/Build/Intermediates.noindex/PicPacKit.build/Test-iphonesimulator/PicPacKit_PicPacAI.build/empty-PicPacKit_PicPacAI.plist (in target 'PicPacKit_PicPacAI' from project 'PicPacKit')
    cd /Users/bavabangaru/Developer/pic-pac-poe-ios-native-parity/ios/Packages/PicPacKit
    builtin-infoPlistUtility /tmp/picpac-phase3-post-layout-lifecycle-derived-20260925/Build/Intermediates.noindex/PicPacKit.build/Test-iphonesimulator/PicPacKit_PicPacAI.build/empty-PicPacKit_PicPacAI.plist -producttype com.apple.product-type.bundle -expandbuildsettings -format binary -platform iphonesimulator -o /tmp/picpac-phase3-post-layout-lifecycle-derived-20260925/Build/Products/Test-iphonesimulator/PicPacKit_PicPacAI.bundle/Info.plist

CpResource /tmp/picpac-phase3-post-layout-lifecycle-derived-20260925/Build/Products/Test-iphonesimulator/PicPacKit_PicPacAI.bundle/picpac_rl_policy_v1.bin /Users/bavabangaru/Developer/pic-pac-poe-ios-native-parity/ios/Packages/PicPacKit/Sources/PicPacAI/Resources/picpac_rl_policy_v1.bin (in target 'PicPacKit_PicPacAI' from project 'PicPacKit')
    cd /Users/bavabangaru/Developer/pic-pac-poe-ios-native-parity/ios/Packages/PicPacKit
    builtin-copy -exclude .DS_Store -exclude CVS -exclude .svn -exclude .git -exclude .hg -strip-unsigned-binaries -strip-deterministic -strip-tool /Applications/Xcode.app/Contents/Developer/Toolchains/XcodeDefault.xctoolchain/usr/bin/strip -resolve-src-symlinks /Users/bavabangaru/Developer/pic-pac-poe-ios-native-parity/ios/Packages/PicPacKit/Sources/PicPacAI/Resources/picpac_rl_policy_v1.bin /tmp/picpac-phase3-post-layout-lifecycle-derived-20260925/Build/Products/Test-iphonesimulator/PicPacKit_PicPacAI.bundle

RegisterExecutionPolicyException /tmp/picpac-phase3-post-layout-lifecycle-derived-20260925/Build/Products/Test-iphonesimulator/PicPacKit_PicPacAI.bundle (in target 'PicPacKit_PicPacAI' from project 'PicPacKit')
    cd /Users/bavabangaru/Developer/pic-pac-poe-ios-native-parity/ios/Packages/PicPacKit
    builtin-RegisterExecutionPolicyException /tmp/picpac-phase3-post-layout-lifecycle-derived-20260925/Build/Products/Test-iphonesimulator/PicPacKit_PicPacAI.bundle

Touch /tmp/picpac-phase3-post-layout-lifecycle-derived-20260925/Build/Products/Test-iphonesimulator/PicPacKit_PicPacAI.bundle (in target 'PicPacKit_PicPacAI' from project 'PicPacKit')
    cd /Users/bavabangaru/Developer/pic-pac-poe-ios-native-parity/ios/Packages/PicPacKit
    /usr/bin/touch -c /tmp/picpac-phase3-post-layout-lifecycle-derived-20260925/Build/Products/Test-iphonesimulator/PicPacKit_PicPacAI.bundle

SwiftDriver PicPacCore normal arm64 com.apple.xcode.tools.swift.compiler (in target 'PicPacCore' from project 'PicPacKit')
    cd /Users/bavabangaru/Developer/pic-pac-poe-ios-native-parity/ios/PicPacPoe.xcodeproj
    builtin-SwiftDriver -- /Applications/Xcode.app/Contents/Developer/Toolchains/XcodeDefault.xctoolchain/usr/bin/swiftc -module-name PicPacCore -O -whole-module-optimization @/tmp/picpac-phase3-post-layout-lifecycle-derived-20260925/Build/Intermediates.noindex/PicPacKit.build/Test-iphonesimulator/PicPacCore.build/Objects-normal/arm64/PicPacCore.SwiftFileList -DSWIFT_PACKAGE -DSWIFT_MODULE_RESOURCE_BUNDLE_UNAVAILABLE -DXcode -plugin-path /Applications/Xcode.app/Contents/Developer/Toolchains/XcodeDefault.xctoolchain/usr/lib/swift/host/plugins/testing -enable-experimental-feature DebugDescriptionMacro -sdk /Applications/Xcode.app/Contents/Developer/Platforms/iPhoneSimulator.platform/Developer/SDKs/iPhoneSimulator26.5.sdk -target arm64-apple-ios17.0-simulator -g -module-cache-path /tmp/picpac-phase3-post-layout-lifecycle-derived-20260925/ModuleCache.noindex -Xfrontend -serialize-debugging-options -profile-coverage-mapping -profile-generate -suppress-warnings -swift-version 6 -I /tmp/picpac-phase3-post-layout-lifecycle-derived-20260925/Build/Products/Test-iphonesimulator -Isystem /Applications/Xcode.app/Contents/Developer/Platforms/iPhoneSimulator.platform/Developer/usr/lib -F /tmp/picpac-phase3-post-layout-lifecycle-derived-20260925/Build/Products/Test-iphonesimulator -F /Applications/Xcode.app/Contents/Developer/Platforms/iPhoneSimulator.platform/Developer/Library/Frameworks -F /Applications/Xcode.app/Contents/Developer/Platforms/iPhoneSimulator.platform/Developer/SDKs/iPhoneSimulator26.5.sdk/Developer/Library/Frameworks -c -num-threads 12 -Xcc -ivfsstatcache -Xcc /tmp/picpac-phase3-post-layout-lifecycle-derived-20260925/SDKStatCaches.noindex/iphonesimulator26.5-23F81a-6cfe768891a92b912361537c460fe42b.sdkstatcache -output-file-map /tmp/picpac-phase3-post-layout-lifecycle-derived-20260925/Build/Intermediates.noindex/PicPacKit.build/Test-iphonesimulator/PicPacCore.build/Objects-normal/arm64/PicPacCore-OutputFileMap.json -use-frontend-parseable-output -save-temps -no-color-diagnostics -explicit-module-build -module-cache-path /tmp/picpac-phase3-post-layout-lifecycle-derived-20260925/Build/Intermediates.noindex/SwiftExplicitPrecompiledModules -clang-scanner-module-cache-path /tmp/picpac-phase3-post-layout-lifecycle-derived-20260925/ModuleCache.noindex -sdk-module-cache-path /tmp/picpac-phase3-post-layout-lifecycle-derived-20260925/ModuleCache.noindex -serialize-diagnostics -emit-dependencies -emit-module -emit-module-path /tmp/picpac-phase3-post-layout-lifecycle-derived-20260925/Build/Intermediates.noindex/PicPacKit.build/Test-iphonesimulator/PicPacCore.build/Objects-normal/arm64/PicPacCore.swiftmodule -validate-clang-modules-once -clang-build-session-file /tmp/picpac-phase3-post-layout-lifecycle-derived-20260925/ModuleCache.noindex/Session.modulevalidation -package-name picpackit -Xcc -I/tmp/picpac-phase3-post-layout-lifecycle-derived-20260925/Build/Intermediates.noindex/PicPacKit.build/Test-iphonesimulator/PicPacCore.build/swift-overrides.hmap -emit-const-values -Xfrontend -const-gather-protocols-file -Xfrontend /tmp/picpac-phase3-post-layout-lifecycle-derived-20260925/Build/Intermediates.noindex/PicPacKit.build/Test-iphonesimulator/PicPacCore.build/Objects-normal/arm64/PicPacCore_const_extract_protocols.json -Xcc -I/tmp/picpac-phase3-post-layout-lifecycle-derived-20260925/Build/Products/Test-iphonesimulator/include -Xcc -I/tmp/picpac-phase3-post-layout-lifecycle-derived-20260925/Build/Intermediates.noindex/PicPacKit.build/Test-iphonesimulator/PicPacCore.build/DerivedSources-normal/arm64 -Xcc -I/tmp/picpac-phase3-post-layout-lifecycle-derived-20260925/Build/Intermediates.noindex/PicPacKit.build/Test-iphonesimulator/PicPacCore.build/DerivedSources/arm64 -Xcc -I/tmp/picpac-phase3-post-layout-lifecycle-derived-20260925/Build/Intermediates.noindex/PicPacKit.build/Test-iphonesimulator/PicPacCore.build/DerivedSources -Xcc -DSWIFT_PACKAGE -emit-objc-header -emit-objc-header-path /tmp/picpac-phase3-post-layout-lifecycle-derived-20260925/Build/Intermediates.noindex/PicPacKit.build/Test-iphonesimulator/PicPacCore.build/Objects-normal/arm64/PicPacCore-Swift.h -working-directory /Users/bavabangaru/Developer/pic-pac-poe-ios-native-parity/ios/PicPacPoe.xcodeproj -no-emit-module-separately-wmo

SwiftDriver\ Compilation PicPacCore normal arm64 com.apple.xcode.tools.swift.compiler (in target 'PicPacCore' from project 'PicPacKit')
    cd /Users/bavabangaru/Developer/pic-pac-poe-ios-native-parity/ios/PicPacPoe.xcodeproj
    builtin-Swift-Compilation -- /Applications/Xcode.app/Contents/Developer/Toolchains/XcodeDefault.xctoolchain/usr/bin/swiftc -module-name PicPacCore -O -whole-module-optimization @/tmp/picpac-phase3-post-layout-lifecycle-derived-20260925/Build/Intermediates.noindex/PicPacKit.build/Test-iphonesimulator/PicPacCore.build/Objects-normal/arm64/PicPacCore.SwiftFileList -DSWIFT_PACKAGE -DSWIFT_MODULE_RESOURCE_BUNDLE_UNAVAILABLE -DXcode -plugin-path /Applications/Xcode.app/Contents/Developer/Toolchains/XcodeDefault.xctoolchain/usr/lib/swift/host/plugins/testing -enable-experimental-feature DebugDescriptionMacro -sdk /Applications/Xcode.app/Contents/Developer/Platforms/iPhoneSimulator.platform/Developer/SDKs/iPhoneSimulator26.5.sdk -target arm64-apple-ios17.0-simulator -g -module-cache-path /tmp/picpac-phase3-post-layout-lifecycle-derived-20260925/ModuleCache.noindex -Xfrontend -serialize-debugging-options -profile-coverage-mapping -profile-generate -suppress-warnings -swift-version 6 -I /tmp/picpac-phase3-post-layout-lifecycle-derived-20260925/Build/Products/Test-iphonesimulator -Isystem /Applications/Xcode.app/Contents/Developer/Platforms/iPhoneSimulator.platform/Developer/usr/lib -F /tmp/picpac-phase3-post-layout-lifecycle-derived-20260925/Build/Products/Test-iphonesimulator -F /Applications/Xcode.app/Contents/Developer/Platforms/iPhoneSimulator.platform/Developer/Library/Frameworks -F /Applications/Xcode.app/Contents/Developer/Platforms/iPhoneSimulator.platform/Developer/SDKs/iPhoneSimulator26.5.sdk/Developer/Library/Frameworks -c -num-threads 12 -Xcc -ivfsstatcache -Xcc /tmp/picpac-phase3-post-layout-lifecycle-derived-20260925/SDKStatCaches.noindex/iphonesimulator26.5-23F81a-6cfe768891a92b912361537c460fe42b.sdkstatcache -output-file-map /tmp/picpac-phase3-post-layout-lifecycle-derived-20260925/Build/Intermediates.noindex/PicPacKit.build/Test-iphonesimulator/PicPacCore.build/Objects-normal/arm64/PicPacCore-OutputFileMap.json -use-frontend-parseable-output -save-temps -no-color-diagnostics -explicit-module-build -module-cache-path /tmp/picpac-phase3-post-layout-lifecycle-derived-20260925/Build/Intermediates.noindex/SwiftExplicitPrecompiledModules -clang-scanner-module-cache-path /tmp/picpac-phase3-post-layout-lifecycle-derived-20260925/ModuleCache.noindex -sdk-module-cache-path /tmp/picpac-phase3-post-layout-lifecycle-derived-20260925/ModuleCache.noindex -serialize-diagnostics -emit-dependencies -emit-module -emit-module-path /tmp/picpac-phase3-post-layout-lifecycle-derived-20260925/Build/Intermediates.noindex/PicPacKit.build/Test-iphonesimulator/PicPacCore.build/Objects-normal/arm64/PicPacCore.swiftmodule -validate-clang-modules-once -clang-build-session-file /tmp/picpac-phase3-post-layout-lifecycle-derived-20260925/ModuleCache.noindex/Session.modulevalidation -package-name picpackit -Xcc -I/tmp/picpac-phase3-post-layout-lifecycle-derived-20260925/Build/Intermediates.noindex/PicPacKit.build/Test-iphonesimulator/PicPacCore.build/swift-overrides.hmap -emit-const-values -Xfrontend -const-gather-protocols-file -Xfrontend /tmp/picpac-phase3-post-layout-lifecycle-derived-20260925/Build/Intermediates.noindex/PicPacKit.build/Test-iphonesimulator/PicPacCore.build/Objects-normal/arm64/PicPacCore_const_extract_protocols.json -Xcc -I/tmp/picpac-phase3-post-layout-lifecycle-derived-20260925/Build/Products/Test-iphonesimulator/include -Xcc -I/tmp/picpac-phase3-post-layout-lifecycle-derived-20260925/Build/Intermediates.noindex/PicPacKit.build/Test-iphonesimulator/PicPacCore.build/DerivedSources-normal/arm64 -Xcc -I/tmp/picpac-phase3-post-layout-lifecycle-derived-20260925/Build/Intermediates.noindex/PicPacKit.build/Test-iphonesimulator/PicPacCore.build/DerivedSources/arm64 -Xcc -I/tmp/picpac-phase3-post-layout-lifecycle-derived-20260925/Build/Intermediates.noindex/PicPacKit.build/Test-iphonesimulator/PicPacCore.build/DerivedSources -Xcc -DSWIFT_PACKAGE -emit-objc-header -emit-objc-header-path /tmp/picpac-phase3-post-layout-lifecycle-derived-20260925/Build/Intermediates.noindex/PicPacKit.build/Test-iphonesimulator/PicPacCore.build/Objects-normal/arm64/PicPacCore-Swift.h -working-directory /Users/bavabangaru/Developer/pic-pac-poe-ios-native-parity/ios/PicPacPoe.xcodeproj -no-emit-module-separately-wmo

SwiftExplicitDependencyGeneratePcm arm64 /tmp/picpac-phase3-post-layout-lifecycle-derived-20260925/ModuleCache.noindex/ptrcheck-3I5QHOGS4BOSBUN9IJ6ZXEEX2.pcm

SwiftExplicitDependencyGeneratePcm arm64 /tmp/picpac-phase3-post-layout-lifecycle-derived-20260925/ModuleCache.noindex/_SwiftConcurrencyShims-B09453A0FBZ0U5E81Z9THWKVR.pcm

SwiftExplicitDependencyGeneratePcm arm64 /tmp/picpac-phase3-post-layout-lifecycle-derived-20260925/ModuleCache.noindex/_Builtin_stdbool-UZEG77U76UBI1XP6SU5JXTFC.pcm

SwiftExplicitDependencyGeneratePcm arm64 /tmp/picpac-phase3-post-layout-lifecycle-derived-20260925/ModuleCache.noindex/_AvailabilityInternal-2PGRVP20SGH5P9CU370BJ347H.pcm

SwiftExplicitDependencyGeneratePcm arm64 /tmp/picpac-phase3-post-layout-lifecycle-derived-20260925/ModuleCache.noindex/ptrauth-CCYMRI4GETU8KFLEG2PUAXD7G.pcm

SwiftExplicitDependencyGeneratePcm arm64 /tmp/picpac-phase3-post-layout-lifecycle-derived-20260925/ModuleCache.noindex/_Builtin_stddef-3PWM5DASSI85GYKF3DSMRP2I6.pcm

SwiftExplicitDependencyGeneratePcm arm64 /tmp/picpac-phase3-post-layout-lifecycle-derived-20260925/ModuleCache.noindex/_Builtin_stdarg-A79KAMJS9EBJ74RWK1QHAQJOY.pcm

SwiftExplicitDependencyGeneratePcm arm64 /tmp/picpac-phase3-post-layout-lifecycle-derived-20260925/ModuleCache.noindex/_Builtin_float-AJZOB9G7C9PA01J785ZSCHGMA.pcm

SwiftExplicitDependencyGeneratePcm arm64 /tmp/picpac-phase3-post-layout-lifecycle-derived-20260925/ModuleCache.noindex/SwiftShims-3TNMFUGFH0V49R2XMMG2RP2MA.pcm

SwiftExplicitDependencyGeneratePcm arm64 /tmp/picpac-phase3-post-layout-lifecycle-derived-20260925/ModuleCache.noindex/_DarwinFoundation1-EM2IO8A1UPK34AWBW181UGKBN.pcm

SwiftExplicitDependencyGeneratePcm arm64 /tmp/picpac-phase3-post-layout-lifecycle-derived-20260925/ModuleCache.noindex/_Builtin_limits-8N3G423T3WHPP4NQTNXOWXGWJ.pcm

SwiftExplicitDependencyGeneratePcm arm64 /tmp/picpac-phase3-post-layout-lifecycle-derived-20260925/ModuleCache.noindex/_DarwinFoundation2-5MKWTEXPLZ6DQQNRA3YTUIDUX.pcm

SwiftExplicitDependencyGeneratePcm arm64 /tmp/picpac-phase3-post-layout-lifecycle-derived-20260925/ModuleCache.noindex/_Builtin_stdint-51RJDGPQD196UWZNZ837ZW2RH.pcm

SwiftExplicitDependencyGeneratePcm arm64 /tmp/picpac-phase3-post-layout-lifecycle-derived-20260925/ModuleCache.noindex/sys_types-D3HHHCIAKPZYTFR04X1AWO9XI.pcm

SwiftExplicitDependencyGeneratePcm arm64 /tmp/picpac-phase3-post-layout-lifecycle-derived-20260925/ModuleCache.noindex/_DarwinFoundation3-9V1RR5X6G3PTL4NU02TYNFCEY.pcm

SwiftExplicitDependencyGeneratePcm arm64 /tmp/picpac-phase3-post-layout-lifecycle-derived-20260925/ModuleCache.noindex/_Builtin_inttypes-DHHBMOBFVSF5H6PQ5IHZ0X57R.pcm

SwiftExplicitDependencyGeneratePcm arm64 /tmp/picpac-phase3-post-layout-lifecycle-derived-20260925/ModuleCache.noindex/Darwin-BFVWB8KBTHKN9OYT7LIHO2I38.pcm

SwiftExplicitDependencyGeneratePcm arm64 /tmp/picpac-phase3-post-layout-lifecycle-derived-20260925/ModuleCache.noindex/ObjectiveC-5E2VAKXEZMUPKW08SBFYMYO2.pcm

SwiftExplicitDependencyGeneratePcm arm64 /tmp/picpac-phase3-post-layout-lifecycle-derived-20260925/ModuleCache.noindex/os_object-42GJM1EP1A6OTG7U5IVIUS73B.pcm

SwiftExplicitDependencyGeneratePcm arm64 /tmp/picpac-phase3-post-layout-lifecycle-derived-20260925/ModuleCache.noindex/os_workgroup-YJGTBGGVLUG37UL0T4PKVQ4F.pcm

SwiftExplicitDependencyGeneratePcm arm64 /tmp/picpac-phase3-post-layout-lifecycle-derived-20260925/ModuleCache.noindex/Dispatch-EV05XZHY8VPOEJ72Y482PA8IP.pcm

SwiftExplicitDependencyGeneratePcm arm64 /tmp/picpac-phase3-post-layout-lifecycle-derived-20260925/ModuleCache.noindex/XPC-41N76M5207RKWLF1B2CEXW398.pcm

SwiftExplicitDependencyGeneratePcm arm64 /tmp/picpac-phase3-post-layout-lifecycle-derived-20260925/ModuleCache.noindex/CoreFoundation-7XR9ECWAEGGE88TPWC9V08BKK.pcm

SwiftExplicitDependencyGeneratePcm arm64 /tmp/picpac-phase3-post-layout-lifecycle-derived-20260925/ModuleCache.noindex/CFNetwork-DMTBNVE7F1QS43P5671LLRLV7.pcm

SwiftExplicitDependencyGeneratePcm arm64 /tmp/picpac-phase3-post-layout-lifecycle-derived-20260925/ModuleCache.noindex/Security-3V6707DPW090Z1KI49WXY90PF.pcm

SwiftExplicitDependencyGeneratePcm arm64 /tmp/picpac-phase3-post-layout-lifecycle-derived-20260925/ModuleCache.noindex/Foundation-6OML86E4ULG8SI43PMFH4GDLD.pcm

SwiftCompile normal arm64 Compiling\ AiObservation.swift,\ Model.swift,\ Randomness.swift,\ Rules.swift,\ State.swift /Users/bavabangaru/Developer/pic-pac-poe-ios-native-parity/ios/Packages/PicPacKit/Sources/PicPacCore/AiObservation.swift /Users/bavabangaru/Developer/pic-pac-poe-ios-native-parity/ios/Packages/PicPacKit/Sources/PicPacCore/Model.swift /Users/bavabangaru/Developer/pic-pac-poe-ios-native-parity/ios/Packages/PicPacKit/Sources/PicPacCore/Randomness.swift /Users/bavabangaru/Developer/pic-pac-poe-ios-native-parity/ios/Packages/PicPacKit/Sources/PicPacCore/Rules.swift /Users/bavabangaru/Developer/pic-pac-poe-ios-native-parity/ios/Packages/PicPacKit/Sources/PicPacCore/State.swift /Applications/Xcode.app/Contents/Developer/Toolchains/XcodeDefault.xctoolchain/usr/lib/swift/iphonesimulator/prebuilt-modules/26.5/System.swiftmodule/arm64-apple-ios-simulator.swiftmodule /Applications/Xcode.app/Contents/Developer/Toolchains/XcodeDefault.xctoolchain/usr/lib/swift/iphonesimulator/prebuilt-modules/26.5/Swift.swiftmodule/arm64-apple-ios-simulator.swiftmodule /Applications/Xcode.app/Contents/Developer/Toolchains/XcodeDefault.xctoolchain/usr/lib/swift/iphonesimulator/prebuilt-modules/26.5/Foundation.swiftmodule/arm64-apple-ios-simulator.swiftmodule /Applications/Xcode.app/Contents/Developer/Toolchains/XcodeDefault.xctoolchain/usr/lib/swift/iphonesimulator/prebuilt-modules/26.5/_DarwinFoundation1.swiftmodule/arm64-apple-ios-simulator.swiftmodule /Applications/Xcode.app/Contents/Developer/Toolchains/XcodeDefault.xctoolchain/usr/lib/swift/iphonesimulator/prebuilt-modules/26.5/XPC.swiftmodule/arm64-apple-ios-simulator.swiftmodule /Applications/Xcode.app/Contents/Developer/Toolchains/XcodeDefault.xctoolchain/usr/lib/swift/iphonesimulator/prebuilt-modules/26.5/_DarwinFoundation2.swiftmodule/arm64-apple-ios-simulator.swiftmodule /Applications/Xcode.app/Contents/Developer/Toolchains/XcodeDefault.xctoolchain/usr/lib/swift/iphonesimulator/prebuilt-modules/26.5/_Concurrency.swiftmodule/arm64-apple-ios-simulator.swiftmodule /Applications/Xcode.app/Contents/Developer/Toolchains/XcodeDefault.xctoolchain/usr/lib/swift/iphonesimulator/prebuilt-modules/26.5/Observation.swiftmodule/arm64-apple-ios-simulator.swiftmodule /Applications/Xcode.app/Contents/Developer/Toolchains/XcodeDefault.xctoolchain/usr/lib/swift/iphonesimulator/prebuilt-modules/26.5/Darwin.swiftmodule/arm64-apple-ios-simulator.swiftmodule /Applications/Xcode.app/Contents/Developer/Toolchains/XcodeDefault.xctoolchain/usr/lib/swift/iphonesimulator/prebuilt-modules/26.5/ObjectiveC.swiftmodule/arm64-apple-ios-simulator.swiftmodule /Applications/Xcode.app/Contents/Developer/Toolchains/XcodeDefault.xctoolchain/usr/lib/swift/iphonesimulator/prebuilt-modules/26.5/Combine.swiftmodule/arm64-apple-ios-simulator.swiftmodule /Applications/Xcode.app/Contents/Developer/Toolchains/XcodeDefault.xctoolchain/usr/lib/swift/iphonesimulator/prebuilt-modules/26.5/CoreFoundation.swiftmodule/arm64-apple-ios-simulator.swiftmodule /Applications/Xcode.app/Contents/Developer/Toolchains/XcodeDefault.xctoolchain/usr/lib/swift/iphonesimulator/prebuilt-modules/26.5/_StringProcessing.swiftmodule/arm64-apple-ios-simulator.swiftmodule /Applications/Xcode.app/Contents/Developer/Toolchains/XcodeDefault.xctoolchain/usr/lib/swift/iphonesimulator/prebuilt-modules/26.5/Dispatch.swiftmodule/arm64-apple-ios-simulator.swiftmodule /Applications/Xcode.app/Contents/Developer/Toolchains/XcodeDefault.xctoolchain/usr/lib/swift/iphonesimulator/prebuilt-modules/26.5/_DarwinFoundation3.swiftmodule/arm64-apple-ios-simulator.swiftmodule /Applications/Xcode.app/Contents/Developer/Toolchains/XcodeDefault.xctoolchain/usr/lib/swift/iphonesimulator/prebuilt-modules/26.5/_Builtin_float.swiftmodule/arm64-apple-ios-simulator.swiftmodule /tmp/picpac-phase3-post-layout-lifecycle-derived-20260925/ModuleCache.noindex/_Builtin_stdint-51RJDGPQD196UWZNZ837ZW2RH.pcm /tmp/picpac-phase3-post-layout-lifecycle-derived-20260925/ModuleCache.noindex/Security-3V6707DPW090Z1KI49WXY90PF.pcm /tmp/picpac-phase3-post-layout-lifecycle-derived-20260925/ModuleCache.noindex/os_object-42GJM1EP1A6OTG7U5IVIUS73B.pcm /tmp/picpac-phase3-post-layout-lifecycle-derived-20260925/ModuleCache.noindex/_Builtin_float-AJZOB9G7C9PA01J785ZSCHGMA.pcm /tmp/picpac-phase3-post-layout-lifecycle-derived-20260925/ModuleCache.noindex/_Builtin_limits-8N3G423T3WHPP4NQTNXOWXGWJ.pcm /tmp/picpac-phase3-post-layout-lifecycle-derived-20260925/ModuleCache.noindex/os_workgroup-YJGTBGGVLUG37UL0T4PKVQ4F.pcm /tmp/picpac-phase3-post-layout-lifecycle-derived-20260925/ModuleCache.noindex/SwiftShims-3TNMFUGFH0V49R2XMMG2RP2MA.pcm /tmp/picpac-phase3-post-layout-lifecycle-derived-20260925/ModuleCache.noindex/sys_types-D3HHHCIAKPZYTFR04X1AWO9XI.pcm /tmp/picpac-phase3-post-layout-lifecycle-derived-20260925/ModuleCache.noindex/_SwiftConcurrencyShims-B09453A0FBZ0U5E81Z9THWKVR.pcm /tmp/picpac-phase3-post-layout-lifecycle-derived-20260925/ModuleCache.noindex/CFNetwork-DMTBNVE7F1QS43P5671LLRLV7.pcm /tmp/picpac-phase3-post-layout-lifecycle-derived-20260925/ModuleCache.noindex/Dispatch-EV05XZHY8VPOEJ72Y482PA8IP.pcm /tmp/picpac-phase3-post-layout-lifecycle-derived-20260925/ModuleCache.noindex/CoreFoundation-7XR9ECWAEGGE88TPWC9V08BKK.pcm /tmp/picpac-phase3-post-layout-lifecycle-derived-20260925/ModuleCache.noindex/_AvailabilityInternal-2PGRVP20SGH5P9CU370BJ347H.pcm /tmp/picpac-phase3-post-layout-lifecycle-derived-20260925/ModuleCache.noindex/Foundation-6OML86E4ULG8SI43PMFH4GDLD.pcm /tmp/picpac-phase3-post-layout-lifecycle-derived-20260925/ModuleCache.noindex/_Builtin_stddef-3PWM5DASSI85GYKF3DSMRP2I6.pcm /tmp/picpac-phase3-post-layout-lifecycle-derived-20260925/ModuleCache.noindex/_Builtin_stdarg-A79KAMJS9EBJ74RWK1QHAQJOY.pcm /tmp/picpac-phase3-post-layout-lifecycle-derived-20260925/ModuleCache.noindex/XPC-41N76M5207RKWLF1B2CEXW398.pcm /tmp/picpac-phase3-post-layout-lifecycle-derived-20260925/ModuleCache.noindex/ObjectiveC-5E2VAKXEZMUPKW08SBFYMYO2.pcm /tmp/picpac-phase3-post-layout-lifecycle-derived-20260925/ModuleCache.noindex/ptrcheck-3I5QHOGS4BOSBUN9IJ6ZXEEX2.pcm /tmp/picpac-phase3-post-layout-lifecycle-derived-20260925/ModuleCache.noindex/_DarwinFoundation3-9V1RR5X6G3PTL4NU02TYNFCEY.pcm /tmp/picpac-phase3-post-layout-lifecycle-derived-20260925/ModuleCache.noindex/ptrauth-CCYMRI4GETU8KFLEG2PUAXD7G.pcm /tmp/picpac-phase3-post-layout-lifecycle-derived-20260925/ModuleCache.noindex/_DarwinFoundation2-5MKWTEXPLZ6DQQNRA3YTUIDUX.pcm /tmp/picpac-phase3-post-layout-lifecycle-derived-20260925/ModuleCache.noindex/_Builtin_stdbool-UZEG77U76UBI1XP6SU5JXTFC.pcm /tmp/picpac-phase3-post-layout-lifecycle-derived-20260925/ModuleCache.noindex/_Builtin_inttypes-DHHBMOBFVSF5H6PQ5IHZ0X57R.pcm /tmp/picpac-phase3-post-layout-lifecycle-derived-20260925/ModuleCache.noindex/_DarwinFoundation1-EM2IO8A1UPK34AWBW181UGKBN.pcm /tmp/picpac-phase3-post-layout-lifecycle-derived-20260925/ModuleCache.noindex/Darwin-BFVWB8KBTHKN9OYT7LIHO2I38.pcm /tmp/picpac-phase3-post-layout-lifecycle-derived-20260925/Build/Intermediates.noindex/PicPacKit.build/Test-iphonesimulator/PicPacCore.build/Objects-normal/arm64/PicPacCore-dependencies-1.json (in target 'PicPacCore' from project 'PicPacKit')

CompileSwift normal arm64 (in target 'PicPacCore' from project 'PicPacKit')
    cd /Users/bavabangaru/Developer/pic-pac-poe-ios-native-parity/ios/PicPacPoe.xcodeproj
    

SwiftDriverJobDiscovery normal arm64 Compiling AiObservation.swift, Model.swift, Randomness.swift, Rules.swift, State.swift (in target 'PicPacCore' from project 'PicPacKit')

SwiftDriver\ Compilation\ Requirements PicPacCore normal arm64 com.apple.xcode.tools.swift.compiler (in target 'PicPacCore' from project 'PicPacKit')
    cd /Users/bavabangaru/Developer/pic-pac-poe-ios-native-parity/ios/PicPacPoe.xcodeproj
    builtin-Swift-Compilation-Requirements -- /Applications/Xcode.app/Contents/Developer/Toolchains/XcodeDefault.xctoolchain/usr/bin/swiftc -module-name PicPacCore -O -whole-module-optimization @/tmp/picpac-phase3-post-layout-lifecycle-derived-20260925/Build/Intermediates.noindex/PicPacKit.build/Test-iphonesimulator/PicPacCore.build/Objects-normal/arm64/PicPacCore.SwiftFileList -DSWIFT_PACKAGE -DSWIFT_MODULE_RESOURCE_BUNDLE_UNAVAILABLE -DXcode -plugin-path /Applications/Xcode.app/Contents/Developer/Toolchains/XcodeDefault.xctoolchain/usr/lib/swift/host/plugins/testing -enable-experimental-feature DebugDescriptionMacro -sdk /Applications/Xcode.app/Contents/Developer/Platforms/iPhoneSimulator.platform/Developer/SDKs/iPhoneSimulator26.5.sdk -target arm64-apple-ios17.0-simulator -g -module-cache-path /tmp/picpac-phase3-post-layout-lifecycle-derived-20260925/ModuleCache.noindex -Xfrontend -serialize-debugging-options -profile-coverage-mapping -profile-generate -suppress-warnings -swift-version 6 -I /tmp/picpac-phase3-post-layout-lifecycle-derived-20260925/Build/Products/Test-iphonesimulator -Isystem /Applications/Xcode.app/Contents/Developer/Platforms/iPhoneSimulator.platform/Developer/usr/lib -F /tmp/picpac-phase3-post-layout-lifecycle-derived-20260925/Build/Products/Test-iphonesimulator -F /Applications/Xcode.app/Contents/Developer/Platforms/iPhoneSimulator.platform/Developer/Library/Frameworks -F /Applications/Xcode.app/Contents/Developer/Platforms/iPhoneSimulator.platform/Developer/SDKs/iPhoneSimulator26.5.sdk/Developer/Library/Frameworks -c -num-threads 12 -Xcc -ivfsstatcache -Xcc /tmp/picpac-phase3-post-layout-lifecycle-derived-20260925/SDKStatCaches.noindex/iphonesimulator26.5-23F81a-6cfe768891a92b912361537c460fe42b.sdkstatcache -output-file-map /tmp/picpac-phase3-post-layout-lifecycle-derived-20260925/Build/Intermediates.noindex/PicPacKit.build/Test-iphonesimulator/PicPacCore.build/Objects-normal/arm64/PicPacCore-OutputFileMap.json -use-frontend-parseable-output -save-temps -no-color-diagnostics -explicit-module-build -module-cache-path /tmp/picpac-phase3-post-layout-lifecycle-derived-20260925/Build/Intermediates.noindex/SwiftExplicitPrecompiledModules -clang-scanner-module-cache-path /tmp/picpac-phase3-post-layout-lifecycle-derived-20260925/ModuleCache.noindex -sdk-module-cache-path /tmp/picpac-phase3-post-layout-lifecycle-derived-20260925/ModuleCache.noindex -serialize-diagnostics -emit-dependencies -emit-module -emit-module-path /tmp/picpac-phase3-post-layout-lifecycle-derived-20260925/Build/Intermediates.noindex/PicPacKit.build/Test-iphonesimulator/PicPacCore.build/Objects-normal/arm64/PicPacCore.swiftmodule -validate-clang-modules-once -clang-build-session-file /tmp/picpac-phase3-post-layout-lifecycle-derived-20260925/ModuleCache.noindex/Session.modulevalidation -package-name picpackit -Xcc -I/tmp/picpac-phase3-post-layout-lifecycle-derived-20260925/Build/Intermediates.noindex/PicPacKit.build/Test-iphonesimulator/PicPacCore.build/swift-overrides.hmap -emit-const-values -Xfrontend -const-gather-protocols-file -Xfrontend /tmp/picpac-phase3-post-layout-lifecycle-derived-20260925/Build/Intermediates.noindex/PicPacKit.build/Test-iphonesimulator/PicPacCore.build/Objects-normal/arm64/PicPacCore_const_extract_protocols.json -Xcc -I/tmp/picpac-phase3-post-layout-lifecycle-derived-20260925/Build/Products/Test-iphonesimulator/include -Xcc -I/tmp/picpac-phase3-post-layout-lifecycle-derived-20260925/Build/Intermediates.noindex/PicPacKit.build/Test-iphonesimulator/PicPacCore.build/DerivedSources-normal/arm64 -Xcc -I/tmp/picpac-phase3-post-layout-lifecycle-derived-20260925/Build/Intermediates.noindex/PicPacKit.build/Test-iphonesimulator/PicPacCore.build/DerivedSources/arm64 -Xcc -I/tmp/picpac-phase3-post-layout-lifecycle-derived-20260925/Build/Intermediates.noindex/PicPacKit.build/Test-iphonesimulator/PicPacCore.build/DerivedSources -Xcc -DSWIFT_PACKAGE -emit-objc-header -emit-objc-header-path /tmp/picpac-phase3-post-layout-lifecycle-derived-20260925/Build/Intermediates.noindex/PicPacKit.build/Test-iphonesimulator/PicPacCore.build/Objects-normal/arm64/PicPacCore-Swift.h -working-directory /Users/bavabangaru/Developer/pic-pac-poe-ios-native-parity/ios/PicPacPoe.xcodeproj -no-emit-module-separately-wmo

SwiftMergeGeneratedHeaders /tmp/picpac-phase3-post-layout-lifecycle-derived-20260925/Build/Intermediates.noindex/GeneratedModuleMaps-iphonesimulator/PicPacCore-Swift.h /tmp/picpac-phase3-post-layout-lifecycle-derived-20260925/Build/Intermediates.noindex/PicPacKit.build/Test-iphonesimulator/PicPacCore.build/Objects-normal/arm64/PicPacCore-Swift.h (in target 'PicPacCore' from project 'PicPacKit')
    cd /Users/bavabangaru/Developer/pic-pac-poe-ios-native-parity/ios/Packages/PicPacKit
    builtin-swiftHeaderTool -arch arm64 /tmp/picpac-phase3-post-layout-lifecycle-derived-20260925/Build/Intermediates.noindex/PicPacKit.build/Test-iphonesimulator/PicPacCore.build/Objects-normal/arm64/PicPacCore-Swift.h -o /tmp/picpac-phase3-post-layout-lifecycle-derived-20260925/Build/Intermediates.noindex/GeneratedModuleMaps-iphonesimulator/PicPacCore-Swift.h

Copy /tmp/picpac-phase3-post-layout-lifecycle-derived-20260925/Build/Products/Test-iphonesimulator/PicPacCore.swiftmodule/arm64-apple-ios-simulator.abi.json /tmp/picpac-phase3-post-layout-lifecycle-derived-20260925/Build/Intermediates.noindex/PicPacKit.build/Test-iphonesimulator/PicPacCore.build/Objects-normal/arm64/PicPacCore.abi.json (in target 'PicPacCore' from project 'PicPacKit')
    cd /Users/bavabangaru/Developer/pic-pac-poe-ios-native-parity/ios/Packages/PicPacKit
    builtin-copy -exclude .DS_Store -exclude CVS -exclude .svn -exclude .git -exclude .hg -strip-unsigned-binaries -strip-deterministic -strip-tool /Applications/Xcode.app/Contents/Developer/Toolchains/XcodeDefault.xctoolchain/usr/bin/strip -resolve-src-symlinks -rename /tmp/picpac-phase3-post-layout-lifecycle-derived-20260925/Build/Intermediates.noindex/PicPacKit.build/Test-iphonesimulator/PicPacCore.build/Objects-normal/arm64/PicPacCore.abi.json /tmp/picpac-phase3-post-layout-lifecycle-derived-20260925/Build/Products/Test-iphonesimulator/PicPacCore.swiftmodule/arm64-apple-ios-simulator.abi.json

Copy /tmp/picpac-phase3-post-layout-lifecycle-derived-20260925/Build/Products/Test-iphonesimulator/PicPacCore.swiftmodule/arm64-apple-ios-simulator.swiftdoc /tmp/picpac-phase3-post-layout-lifecycle-derived-20260925/Build/Intermediates.noindex/PicPacKit.build/Test-iphonesimulator/PicPacCore.build/Objects-normal/arm64/PicPacCore.swiftdoc (in target 'PicPacCore' from project 'PicPacKit')
    cd /Users/bavabangaru/Developer/pic-pac-poe-ios-native-parity/ios/Packages/PicPacKit
    builtin-copy -exclude .DS_Store -exclude CVS -exclude .svn -exclude .git -exclude .hg -strip-unsigned-binaries -strip-deterministic -strip-tool /Applications/Xcode.app/Contents/Developer/Toolchains/XcodeDefault.xctoolchain/usr/bin/strip -resolve-src-symlinks -rename /tmp/picpac-phase3-post-layout-lifecycle-derived-20260925/Build/Intermediates.noindex/PicPacKit.build/Test-iphonesimulator/PicPacCore.build/Objects-normal/arm64/PicPacCore.swiftdoc /tmp/picpac-phase3-post-layout-lifecycle-derived-20260925/Build/Products/Test-iphonesimulator/PicPacCore.swiftmodule/arm64-apple-ios-simulator.swiftdoc

Copy /tmp/picpac-phase3-post-layout-lifecycle-derived-20260925/Build/Products/Test-iphonesimulator/PicPacCore.swiftmodule/arm64-apple-ios-simulator.swiftmodule /tmp/picpac-phase3-post-layout-lifecycle-derived-20260925/Build/Intermediates.noindex/PicPacKit.build/Test-iphonesimulator/PicPacCore.build/Objects-normal/arm64/PicPacCore.swiftmodule (in target 'PicPacCore' from project 'PicPacKit')
    cd /Users/bavabangaru/Developer/pic-pac-poe-ios-native-parity/ios/Packages/PicPacKit
    builtin-copy -exclude .DS_Store -exclude CVS -exclude .svn -exclude .git -exclude .hg -strip-unsigned-binaries -strip-deterministic -strip-tool /Applications/Xcode.app/Contents/Developer/Toolchains/XcodeDefault.xctoolchain/usr/bin/strip -resolve-src-symlinks -rename /tmp/picpac-phase3-post-layout-lifecycle-derived-20260925/Build/Intermediates.noindex/PicPacKit.build/Test-iphonesimulator/PicPacCore.build/Objects-normal/arm64/PicPacCore.swiftmodule /tmp/picpac-phase3-post-layout-lifecycle-derived-20260925/Build/Products/Test-iphonesimulator/PicPacCore.swiftmodule/arm64-apple-ios-simulator.swiftmodule

Copy /tmp/picpac-phase3-post-layout-lifecycle-derived-20260925/Build/Products/Test-iphonesimulator/PicPacCore.swiftmodule/Project/arm64-apple-ios-simulator.swiftsourceinfo /tmp/picpac-phase3-post-layout-lifecycle-derived-20260925/Build/Intermediates.noindex/PicPacKit.build/Test-iphonesimulator/PicPacCore.build/Objects-normal/arm64/PicPacCore.swiftsourceinfo (in target 'PicPacCore' from project 'PicPacKit')
    cd /Users/bavabangaru/Developer/pic-pac-poe-ios-native-parity/ios/Packages/PicPacKit
    builtin-copy -exclude .DS_Store -exclude CVS -exclude .svn -exclude .git -exclude .hg -strip-unsigned-binaries -strip-deterministic -strip-tool /Applications/Xcode.app/Contents/Developer/Toolchains/XcodeDefault.xctoolchain/usr/bin/strip -resolve-src-symlinks -rename /tmp/picpac-phase3-post-layout-lifecycle-derived-20260925/Build/Intermediates.noindex/PicPacKit.build/Test-iphonesimulator/PicPacCore.build/Objects-normal/arm64/PicPacCore.swiftsourceinfo /tmp/picpac-phase3-post-layout-lifecycle-derived-20260925/Build/Products/Test-iphonesimulator/PicPacCore.swiftmodule/Project/arm64-apple-ios-simulator.swiftsourceinfo

Ld /tmp/picpac-phase3-post-layout-lifecycle-derived-20260925/Build/Products/Test-iphonesimulator/PicPacCore.o normal (in target 'PicPacCore' from project 'PicPacKit')
    cd /Users/bavabangaru/Developer/pic-pac-poe-ios-native-parity/ios/Packages/PicPacKit
    /Applications/Xcode.app/Contents/Developer/Toolchains/XcodeDefault.xctoolchain/usr/bin/clang -Xlinker -reproducible -target arm64-apple-ios17.0-simulator -r -isysroot /Applications/Xcode.app/Contents/Developer/Platforms/iPhoneSimulator.platform/Developer/SDKs/iPhoneSimulator26.5.sdk -Os -w -F/tmp/picpac-phase3-post-layout-lifecycle-derived-20260925/Build/Intermediates.noindex/EagerLinkingTBDs/Test-iphonesimulator -F/tmp/picpac-phase3-post-layout-lifecycle-derived-20260925/Build/Products/Test-iphonesimulator -iframework /Applications/Xcode.app/Contents/Developer/Platforms/iPhoneSimulator.platform/Developer/Library/Frameworks -iframework /Applications/Xcode.app/Contents/Developer/Platforms/iPhoneSimulator.platform/Developer/SDKs/iPhoneSimulator26.5.sdk/Developer/Library/Frameworks -filelist /tmp/picpac-phase3-post-layout-lifecycle-derived-20260925/Build/Intermediates.noindex/PicPacKit.build/Test-iphonesimulator/PicPacCore.build/Objects-normal/arm64/PicPacCore.LinkFileList -nostdlib -Xlinker -object_path_lto -Xlinker /tmp/picpac-phase3-post-layout-lifecycle-derived-20260925/Build/Intermediates.noindex/PicPacKit.build/Test-iphonesimulator/PicPacCore.build/Objects-normal/arm64/PicPacCore_lto.o -Xlinker -objc_abi_version -Xlinker 2 -Xlinker -debug_variant -Xlinker -dependency_info -Xlinker /tmp/picpac-phase3-post-layout-lifecycle-derived-20260925/Build/Intermediates.noindex/PicPacKit.build/Test-iphonesimulator/PicPacCore.build/Objects-normal/arm64/PicPacCore_dependency_info.dat -fobjc-link-runtime -L/Applications/Xcode.app/Contents/Developer/Toolchains/XcodeDefault.xctoolchain/usr/lib/swift/iphonesimulator -L/usr/lib/swift -Xlinker -add_ast_path -Xlinker /tmp/picpac-phase3-post-layout-lifecycle-derived-20260925/Build/Intermediates.noindex/PicPacKit.build/Test-iphonesimulator/PicPacCore.build/Objects-normal/arm64/PicPacCore.swiftmodule @/tmp/picpac-phase3-post-layout-lifecycle-derived-20260925/Build/Intermediates.noindex/PicPacKit.build/Test-iphonesimulator/PicPacCore.build/Objects-normal/arm64/PicPacCore-linker-args.resp -o /tmp/picpac-phase3-post-layout-lifecycle-derived-20260925/Build/Products/Test-iphonesimulator/PicPacCore.o

SwiftDriver PicPacPresentation normal arm64 com.apple.xcode.tools.swift.compiler (in target 'PicPacPresentation' from project 'PicPacKit')
    cd /Users/bavabangaru/Developer/pic-pac-poe-ios-native-parity/ios/PicPacPoe.xcodeproj
    builtin-SwiftDriver -- /Applications/Xcode.app/Contents/Developer/Toolchains/XcodeDefault.xctoolchain/usr/bin/swiftc -module-name PicPacPresentation -O -whole-module-optimization @/tmp/picpac-phase3-post-layout-lifecycle-derived-20260925/Build/Intermediates.noindex/PicPacKit.build/Test-iphonesimulator/PicPacPresentation.build/Objects-normal/arm64/PicPacPresentation.SwiftFileList -DSWIFT_PACKAGE -DSWIFT_MODULE_RESOURCE_BUNDLE_UNAVAILABLE -DXcode -plugin-path /Applications/Xcode.app/Contents/Developer/Toolchains/XcodeDefault.xctoolchain/usr/lib/swift/host/plugins/testing -enable-experimental-feature DebugDescriptionMacro -sdk /Applications/Xcode.app/Contents/Developer/Platforms/iPhoneSimulator.platform/Developer/SDKs/iPhoneSimulator26.5.sdk -target arm64-apple-ios17.0-simulator -g -module-cache-path /tmp/picpac-phase3-post-layout-lifecycle-derived-20260925/ModuleCache.noindex -Xfrontend -serialize-debugging-options -profile-coverage-mapping -profile-generate -suppress-warnings -swift-version 6 -I /tmp/picpac-phase3-post-layout-lifecycle-derived-20260925/Build/Products/Test-iphonesimulator -Isystem /Applications/Xcode.app/Contents/Developer/Platforms/iPhoneSimulator.platform/Developer/usr/lib -F /tmp/picpac-phase3-post-layout-lifecycle-derived-20260925/Build/Products/Test-iphonesimulator/PackageFrameworks -F /tmp/picpac-phase3-post-layout-lifecycle-derived-20260925/Build/Products/Test-iphonesimulator -F /Applications/Xcode.app/Contents/Developer/Platforms/iPhoneSimulator.platform/Developer/Library/Frameworks -F /Applications/Xcode.app/Contents/Developer/Platforms/iPhoneSimulator.platform/Developer/SDKs/iPhoneSimulator26.5.sdk/Developer/Library/Frameworks -c -num-threads 12 -Xcc -ivfsstatcache -Xcc /tmp/picpac-phase3-post-layout-lifecycle-derived-20260925/SDKStatCaches.noindex/iphonesimulator26.5-23F81a-6cfe768891a92b912361537c460fe42b.sdkstatcache -output-file-map /tmp/picpac-phase3-post-layout-lifecycle-derived-20260925/Build/Intermediates.noindex/PicPacKit.build/Test-iphonesimulator/PicPacPresentation.build/Objects-normal/arm64/PicPacPresentation-OutputFileMap.json -use-frontend-parseable-output -save-temps -no-color-diagnostics -explicit-module-build -module-cache-path /tmp/picpac-phase3-post-layout-lifecycle-derived-20260925/Build/Intermediates.noindex/SwiftExplicitPrecompiledModules -clang-scanner-module-cache-path /tmp/picpac-phase3-post-layout-lifecycle-derived-20260925/ModuleCache.noindex -sdk-module-cache-path /tmp/picpac-phase3-post-layout-lifecycle-derived-20260925/ModuleCache.noindex -serialize-diagnostics -emit-dependencies -emit-module -emit-module-path /tmp/picpac-phase3-post-layout-lifecycle-derived-20260925/Build/Intermediates.noindex/PicPacKit.build/Test-iphonesimulator/PicPacPresentation.build/Objects-normal/arm64/PicPacPresentation.swiftmodule -validate-clang-modules-once -clang-build-session-file /tmp/picpac-phase3-post-layout-lifecycle-derived-20260925/ModuleCache.noindex/Session.modulevalidation -package-name picpackit -Xcc -I/tmp/picpac-phase3-post-layout-lifecycle-derived-20260925/Build/Intermediates.noindex/PicPacKit.build/Test-iphonesimulator/PicPacPresentation.build/swift-overrides.hmap -emit-const-values -Xfrontend -const-gather-protocols-file -Xfrontend /tmp/picpac-phase3-post-layout-lifecycle-derived-20260925/Build/Intermediates.noindex/PicPacKit.build/Test-iphonesimulator/PicPacPresentation.build/Objects-normal/arm64/PicPacPresentation_const_extract_protocols.json -Xcc -I/tmp/picpac-phase3-post-layout-lifecycle-derived-20260925/Build/Products/Test-iphonesimulator/include -Xcc -I/tmp/picpac-phase3-post-layout-lifecycle-derived-20260925/Build/Intermediates.noindex/PicPacKit.build/Test-iphonesimulator/PicPacPresentation.build/DerivedSources-normal/arm64 -Xcc -I/tmp/picpac-phase3-post-layout-lifecycle-derived-20260925/Build/Intermediates.noindex/PicPacKit.build/Test-iphonesimulator/PicPacPresentation.build/DerivedSources/arm64 -Xcc -I/tmp/picpac-phase3-post-layout-lifecycle-derived-20260925/Build/Intermediates.noindex/PicPacKit.build/Test-iphonesimulator/PicPacPresentation.build/DerivedSources -Xcc -DSWIFT_PACKAGE -emit-objc-header -emit-objc-header-path /tmp/picpac-phase3-post-layout-lifecycle-derived-20260925/Build/Intermediates.noindex/PicPacKit.build/Test-iphonesimulator/PicPacPresentation.build/Objects-normal/arm64/PicPacPresentation-Swift.h -working-directory /Users/bavabangaru/Developer/pic-pac-poe-ios-native-parity/ios/PicPacPoe.xcodeproj -no-emit-module-separately-wmo

SwiftDriver PicPacAI normal arm64 com.apple.xcode.tools.swift.compiler (in target 'PicPacAI' from project 'PicPacKit')
    cd /Users/bavabangaru/Developer/pic-pac-poe-ios-native-parity/ios/PicPacPoe.xcodeproj
    builtin-SwiftDriver -- /Applications/Xcode.app/Contents/Developer/Toolchains/XcodeDefault.xctoolchain/usr/bin/swiftc -module-name PicPacAI -O -whole-module-optimization @/tmp/picpac-phase3-post-layout-lifecycle-derived-20260925/Build/Intermediates.noindex/PicPacKit.build/Test-iphonesimulator/PicPacAI.build/Objects-normal/arm64/PicPacAI.SwiftFileList -DSWIFT_PACKAGE -DSWIFT_MODULE_RESOURCE_BUNDLE_AVAILABLE -DXcode -plugin-path /Applications/Xcode.app/Contents/Developer/Toolchains/XcodeDefault.xctoolchain/usr/lib/swift/host/plugins/testing -enable-experimental-feature DebugDescriptionMacro -sdk /Applications/Xcode.app/Contents/Developer/Platforms/iPhoneSimulator.platform/Developer/SDKs/iPhoneSimulator26.5.sdk -target arm64-apple-ios17.0-simulator -g -module-cache-path /tmp/picpac-phase3-post-layout-lifecycle-derived-20260925/ModuleCache.noindex -Xfrontend -serialize-debugging-options -profile-coverage-mapping -profile-generate -suppress-warnings -swift-version 6 -I /tmp/picpac-phase3-post-layout-lifecycle-derived-20260925/Build/Products/Test-iphonesimulator -Isystem /Applications/Xcode.app/Contents/Developer/Platforms/iPhoneSimulator.platform/Developer/usr/lib -F /tmp/picpac-phase3-post-layout-lifecycle-derived-20260925/Build/Products/Test-iphonesimulator/PackageFrameworks -F /tmp/picpac-phase3-post-layout-lifecycle-derived-20260925/Build/Products/Test-iphonesimulator -F /Applications/Xcode.app/Contents/Developer/Platforms/iPhoneSimulator.platform/Developer/Library/Frameworks -F /Applications/Xcode.app/Contents/Developer/Platforms/iPhoneSimulator.platform/Developer/SDKs/iPhoneSimulator26.5.sdk/Developer/Library/Frameworks -c -num-threads 12 -Xcc -ivfsstatcache -Xcc /tmp/picpac-phase3-post-layout-lifecycle-derived-20260925/SDKStatCaches.noindex/iphonesimulator26.5-23F81a-6cfe768891a92b912361537c460fe42b.sdkstatcache -output-file-map /tmp/picpac-phase3-post-layout-lifecycle-derived-20260925/Build/Intermediates.noindex/PicPacKit.build/Test-iphonesimulator/PicPacAI.build/Objects-normal/arm64/PicPacAI-OutputFileMap.json -use-frontend-parseable-output -save-temps -no-color-diagnostics -explicit-module-build -module-cache-path /tmp/picpac-phase3-post-layout-lifecycle-derived-20260925/Build/Intermediates.noindex/SwiftExplicitPrecompiledModules -clang-scanner-module-cache-path /tmp/picpac-phase3-post-layout-lifecycle-derived-20260925/ModuleCache.noindex -sdk-module-cache-path /tmp/picpac-phase3-post-layout-lifecycle-derived-20260925/ModuleCache.noindex -serialize-diagnostics -emit-dependencies -emit-module -emit-module-path /tmp/picpac-phase3-post-layout-lifecycle-derived-20260925/Build/Intermediates.noindex/PicPacKit.build/Test-iphonesimulator/PicPacAI.build/Objects-normal/arm64/PicPacAI.swiftmodule -validate-clang-modules-once -clang-build-session-file /tmp/picpac-phase3-post-layout-lifecycle-derived-20260925/ModuleCache.noindex/Session.modulevalidation -package-name picpackit -Xcc -I/tmp/picpac-phase3-post-layout-lifecycle-derived-20260925/Build/Intermediates.noindex/PicPacKit.build/Test-iphonesimulator/PicPacAI.build/swift-overrides.hmap -emit-const-values -Xfrontend -const-gather-protocols-file -Xfrontend /tmp/picpac-phase3-post-layout-lifecycle-derived-20260925/Build/Intermediates.noindex/PicPacKit.build/Test-iphonesimulator/PicPacAI.build/Objects-normal/arm64/PicPacAI_const_extract_protocols.json -Xcc -I/tmp/picpac-phase3-post-layout-lifecycle-derived-20260925/Build/Products/Test-iphonesimulator/include -Xcc -I/tmp/picpac-phase3-post-layout-lifecycle-derived-20260925/Build/Intermediates.noindex/PicPacKit.build/Test-iphonesimulator/PicPacAI.build/DerivedSources-normal/arm64 -Xcc -I/tmp/picpac-phase3-post-layout-lifecycle-derived-20260925/Build/Intermediates.noindex/PicPacKit.build/Test-iphonesimulator/PicPacAI.build/DerivedSources/arm64 -Xcc -I/tmp/picpac-phase3-post-layout-lifecycle-derived-20260925/Build/Intermediates.noindex/PicPacKit.build/Test-iphonesimulator/PicPacAI.build/DerivedSources -Xcc -DSWIFT_PACKAGE -emit-objc-header -emit-objc-header-path /tmp/picpac-phase3-post-layout-lifecycle-derived-20260925/Build/Intermediates.noindex/PicPacKit.build/Test-iphonesimulator/PicPacAI.build/Objects-normal/arm64/PicPacAI-Swift.h -working-directory /Users/bavabangaru/Developer/pic-pac-poe-ios-native-parity/ios/PicPacPoe.xcodeproj -no-emit-module-separately-wmo

ExtractAppIntentsMetadata (in target 'PicPacCore' from project 'PicPacKit')
    cd /Users/bavabangaru/Developer/pic-pac-poe-ios-native-parity/ios/Packages/PicPacKit
    /Applications/Xcode.app/Contents/Developer/Toolchains/XcodeDefault.xctoolchain/usr/bin/appintentsmetadataprocessor --toolchain-dir /Applications/Xcode.app/Contents/Developer/Toolchains/XcodeDefault.xctoolchain --module-name PicPacCore --sdk-root /Applications/Xcode.app/Contents/Developer/Platforms/iPhoneSimulator.platform/Developer/SDKs/iPhoneSimulator26.5.sdk --xcode-version 17F113 --platform-family iOS --deployment-target 17.0 --bundle-identifier picpackit.PicPacCore --output /tmp/picpac-phase3-post-layout-lifecycle-derived-20260925/Build/Products/Test-iphonesimulator/PicPacCore.appintents --target-triple arm64-apple-ios17.0-simulator --binary-file /tmp/picpac-phase3-post-layout-lifecycle-derived-20260925/Build/Products/Test-iphonesimulator/PicPacCore.o --dependency-file /tmp/picpac-phase3-post-layout-lifecycle-derived-20260925/Build/Intermediates.noindex/PicPacKit.build/Test-iphonesimulator/PicPacCore.build/Objects-normal/arm64/PicPacCore_dependency_info.dat --stringsdata-file /tmp/picpac-phase3-post-layout-lifecycle-derived-20260925/Build/Intermediates.noindex/PicPacKit.build/Test-iphonesimulator/PicPacCore.build/Objects-normal/arm64/ExtractedAppShortcutsMetadata.stringsdata --source-file-list /tmp/picpac-phase3-post-layout-lifecycle-derived-20260925/Build/Intermediates.noindex/PicPacKit.build/Test-iphonesimulator/PicPacCore.build/Objects-normal/arm64/PicPacCore.SwiftFileList --metadata-file-list /tmp/picpac-phase3-post-layout-lifecycle-derived-20260925/Build/Intermediates.noindex/PicPacKit.build/Test-iphonesimulator/PicPacCore.build/PicPacCore.DependencyMetadataFileList --static-metadata-file-list /tmp/picpac-phase3-post-layout-lifecycle-derived-20260925/Build/Intermediates.noindex/PicPacKit.build/Test-iphonesimulator/PicPacCore.build/PicPacCore.DependencyStaticMetadataFileList --swift-const-vals-list /tmp/picpac-phase3-post-layout-lifecycle-derived-20260925/Build/Intermediates.noindex/PicPacKit.build/Test-iphonesimulator/PicPacCore.build/Objects-normal/arm64/PicPacCore.SwiftConstValuesFileList --force --compile-time-extraction --deployment-aware-processing --validate-assistant-intents --no-app-shortcuts-localization
2026-09-25 06:58:28.887 appintentsmetadataprocessor[18152:116156430] Starting appintentsmetadataprocessor export
2026-09-25 06:58:28.907 appintentsmetadataprocessor[18152:116156430] Extracted no relevant App Intents symbols, skipping writing output

RegisterExecutionPolicyException /tmp/picpac-phase3-post-layout-lifecycle-derived-20260925/Build/Products/Test-iphonesimulator/PicPacCore.o (in target 'PicPacCore' from project 'PicPacKit')
    cd /Users/bavabangaru/Developer/pic-pac-poe-ios-native-parity/ios/Packages/PicPacKit
    builtin-RegisterExecutionPolicyException /tmp/picpac-phase3-post-layout-lifecycle-derived-20260925/Build/Products/Test-iphonesimulator/PicPacCore.o

SwiftDriver\ Compilation PicPacPresentation normal arm64 com.apple.xcode.tools.swift.compiler (in target 'PicPacPresentation' from project 'PicPacKit')
    cd /Users/bavabangaru/Developer/pic-pac-poe-ios-native-parity/ios/PicPacPoe.xcodeproj
    builtin-Swift-Compilation -- /Applications/Xcode.app/Contents/Developer/Toolchains/XcodeDefault.xctoolchain/usr/bin/swiftc -module-name PicPacPresentation -O -whole-module-optimization @/tmp/picpac-phase3-post-layout-lifecycle-derived-20260925/Build/Intermediates.noindex/PicPacKit.build/Test-iphonesimulator/PicPacPresentation.build/Objects-normal/arm64/PicPacPresentation.SwiftFileList -DSWIFT_PACKAGE -DSWIFT_MODULE_RESOURCE_BUNDLE_UNAVAILABLE -DXcode -plugin-path /Applications/Xcode.app/Contents/Developer/Toolchains/XcodeDefault.xctoolchain/usr/lib/swift/host/plugins/testing -enable-experimental-feature DebugDescriptionMacro -sdk /Applications/Xcode.app/Contents/Developer/Platforms/iPhoneSimulator.platform/Developer/SDKs/iPhoneSimulator26.5.sdk -target arm64-apple-ios17.0-simulator -g -module-cache-path /tmp/picpac-phase3-post-layout-lifecycle-derived-20260925/ModuleCache.noindex -Xfrontend -serialize-debugging-options -profile-coverage-mapping -profile-generate -suppress-warnings -swift-version 6 -I /tmp/picpac-phase3-post-layout-lifecycle-derived-20260925/Build/Products/Test-iphonesimulator -Isystem /Applications/Xcode.app/Contents/Developer/Platforms/iPhoneSimulator.platform/Developer/usr/lib -F /tmp/picpac-phase3-post-layout-lifecycle-derived-20260925/Build/Products/Test-iphonesimulator/PackageFrameworks -F /tmp/picpac-phase3-post-layout-lifecycle-derived-20260925/Build/Products/Test-iphonesimulator -F /Applications/Xcode.app/Contents/Developer/Platforms/iPhoneSimulator.platform/Developer/Library/Frameworks -F /Applications/Xcode.app/Contents/Developer/Platforms/iPhoneSimulator.platform/Developer/SDKs/iPhoneSimulator26.5.sdk/Developer/Library/Frameworks -c -num-threads 12 -Xcc -ivfsstatcache -Xcc /tmp/picpac-phase3-post-layout-lifecycle-derived-20260925/SDKStatCaches.noindex/iphonesimulator26.5-23F81a-6cfe768891a92b912361537c460fe42b.sdkstatcache -output-file-map /tmp/picpac-phase3-post-layout-lifecycle-derived-20260925/Build/Intermediates.noindex/PicPacKit.build/Test-iphonesimulator/PicPacPresentation.build/Objects-normal/arm64/PicPacPresentation-OutputFileMap.json -use-frontend-parseable-output -save-temps -no-color-diagnostics -explicit-module-build -module-cache-path /tmp/picpac-phase3-post-layout-lifecycle-derived-20260925/Build/Intermediates.noindex/SwiftExplicitPrecompiledModules -clang-scanner-module-cache-path /tmp/picpac-phase3-post-layout-lifecycle-derived-20260925/ModuleCache.noindex -sdk-module-cache-path /tmp/picpac-phase3-post-layout-lifecycle-derived-20260925/ModuleCache.noindex -serialize-diagnostics -emit-dependencies -emit-module -emit-module-path /tmp/picpac-phase3-post-layout-lifecycle-derived-20260925/Build/Intermediates.noindex/PicPacKit.build/Test-iphonesimulator/PicPacPresentation.build/Objects-normal/arm64/PicPacPresentation.swiftmodule -validate-clang-modules-once -clang-build-session-file /tmp/picpac-phase3-post-layout-lifecycle-derived-20260925/ModuleCache.noindex/Session.modulevalidation -package-name picpackit -Xcc -I/tmp/picpac-phase3-post-layout-lifecycle-derived-20260925/Build/Intermediates.noindex/PicPacKit.build/Test-iphonesimulator/PicPacPresentation.build/swift-overrides.hmap -emit-const-values -Xfrontend -const-gather-protocols-file -Xfrontend /tmp/picpac-phase3-post-layout-lifecycle-derived-20260925/Build/Intermediates.noindex/PicPacKit.build/Test-iphonesimulator/PicPacPresentation.build/Objects-normal/arm64/PicPacPresentation_const_extract_protocols.json -Xcc -I/tmp/picpac-phase3-post-layout-lifecycle-derived-20260925/Build/Products/Test-iphonesimulator/include -Xcc -I/tmp/picpac-phase3-post-layout-lifecycle-derived-20260925/Build/Intermediates.noindex/PicPacKit.build/Test-iphonesimulator/PicPacPresentation.build/DerivedSources-normal/arm64 -Xcc -I/tmp/picpac-phase3-post-layout-lifecycle-derived-20260925/Build/Intermediates.noindex/PicPacKit.build/Test-iphonesimulator/PicPacPresentation.build/DerivedSources/arm64 -Xcc -I/tmp/picpac-phase3-post-layout-lifecycle-derived-20260925/Build/Intermediates.noindex/PicPacKit.build/Test-iphonesimulator/PicPacPresentation.build/DerivedSources -Xcc -DSWIFT_PACKAGE -emit-objc-header -emit-objc-header-path /tmp/picpac-phase3-post-layout-lifecycle-derived-20260925/Build/Intermediates.noindex/PicPacKit.build/Test-iphonesimulator/PicPacPresentation.build/Objects-normal/arm64/PicPacPresentation-Swift.h -working-directory /Users/bavabangaru/Developer/pic-pac-poe-ios-native-parity/ios/PicPacPoe.xcodeproj -no-emit-module-separately-wmo

SwiftCompile normal arm64 Compiling\ GameCoordinator.swift,\ PresentationDependencies.swift,\ PresentationModels.swift,\ RestorationValidation.swift /Users/bavabangaru/Developer/pic-pac-poe-ios-native-parity/ios/Packages/PicPacKit/Sources/PicPacPresentation/GameCoordinator.swift /Users/bavabangaru/Developer/pic-pac-poe-ios-native-parity/ios/Packages/PicPacKit/Sources/PicPacPresentation/PresentationDependencies.swift /Users/bavabangaru/Developer/pic-pac-poe-ios-native-parity/ios/Packages/PicPacKit/Sources/PicPacPresentation/PresentationModels.swift /Users/bavabangaru/Developer/pic-pac-poe-ios-native-parity/ios/Packages/PicPacKit/Sources/PicPacPresentation/RestorationValidation.swift /Applications/Xcode.app/Contents/Developer/Toolchains/XcodeDefault.xctoolchain/usr/lib/swift/iphonesimulator/prebuilt-modules/26.5/Combine.swiftmodule/arm64-apple-ios-simulator.swiftmodule /Applications/Xcode.app/Contents/Developer/Toolchains/XcodeDefault.xctoolchain/usr/lib/swift/iphonesimulator/prebuilt-modules/26.5/_DarwinFoundation1.swiftmodule/arm64-apple-ios-simulator.swiftmodule /Applications/Xcode.app/Contents/Developer/Toolchains/XcodeDefault.xctoolchain/usr/lib/swift/iphonesimulator/prebuilt-modules/26.5/CoreFoundation.swiftmodule/arm64-apple-ios-simulator.swiftmodule /Applications/Xcode.app/Contents/Developer/Toolchains/XcodeDefault.xctoolchain/usr/lib/swift/iphonesimulator/prebuilt-modules/26.5/Dispatch.swiftmodule/arm64-apple-ios-simulator.swiftmodule /Applications/Xcode.app/Contents/Developer/Toolchains/XcodeDefault.xctoolchain/usr/lib/swift/iphonesimulator/prebuilt-modules/26.5/_DarwinFoundation2.swiftmodule/arm64-apple-ios-simulator.swiftmodule /Applications/Xcode.app/Contents/Developer/Toolchains/XcodeDefault.xctoolchain/usr/lib/swift/iphonesimulator/prebuilt-modules/26.5/_Concurrency.swiftmodule/arm64-apple-ios-simulator.swiftmodule /Applications/Xcode.app/Contents/Developer/Toolchains/XcodeDefault.xctoolchain/usr/lib/swift/iphonesimulator/prebuilt-modules/26.5/_StringProcessing.swiftmodule/arm64-apple-ios-simulator.swiftmodule /Applications/Xcode.app/Contents/Developer/Toolchains/XcodeDefault.xctoolchain/usr/lib/swift/iphonesimulator/prebuilt-modules/26.5/_DarwinFoundation3.swiftmodule/arm64-apple-ios-simulator.swiftmodule /Applications/Xcode.app/Contents/Developer/Toolchains/XcodeDefault.xctoolchain/usr/lib/swift/iphonesimulator/prebuilt-modules/26.5/Swift.swiftmodule/arm64-apple-ios-simulator.swiftmodule /tmp/picpac-phase3-post-layout-lifecycle-derived-20260925/Build/Products/Test-iphonesimulator/PicPacCore.swiftmodule/arm64-apple-ios-simulator.swiftmodule /Applications/Xcode.app/Contents/Developer/Toolchains/XcodeDefault.xctoolchain/usr/lib/swift/iphonesimulator/prebuilt-modules/26.5/XPC.swiftmodule/arm64-apple-ios-simulator.swiftmodule /Applications/Xcode.app/Contents/Developer/Toolchains/XcodeDefault.xctoolchain/usr/lib/swift/iphonesimulator/prebuilt-modules/26.5/Darwin.swiftmodule/arm64-apple-ios-simulator.swiftmodule /Applications/Xcode.app/Contents/Developer/Toolchains/XcodeDefault.xctoolchain/usr/lib/swift/iphonesimulator/prebuilt-modules/26.5/_Builtin_float.swiftmodule/arm64-apple-ios-simulator.swiftmodule /Applications/Xcode.app/Contents/Developer/Toolchains/XcodeDefault.xctoolchain/usr/lib/swift/iphonesimulator/prebuilt-modules/26.5/ObjectiveC.swiftmodule/arm64-apple-ios-simulator.swiftmodule /Applications/Xcode.app/Contents/Developer/Toolchains/XcodeDefault.xctoolchain/usr/lib/swift/iphonesimulator/prebuilt-modules/26.5/System.swiftmodule/arm64-apple-ios-simulator.swiftmodule /Applications/Xcode.app/Contents/Developer/Toolchains/XcodeDefault.xctoolchain/usr/lib/swift/iphonesimulator/prebuilt-modules/26.5/Foundation.swiftmodule/arm64-apple-ios-simulator.swiftmodule /Applications/Xcode.app/Contents/Developer/Toolchains/XcodeDefault.xctoolchain/usr/lib/swift/iphonesimulator/prebuilt-modules/26.5/Observation.swiftmodule/arm64-apple-ios-simulator.swiftmodule /tmp/picpac-phase3-post-layout-lifecycle-derived-20260925/ModuleCache.noindex/_Builtin_stdint-51RJDGPQD196UWZNZ837ZW2RH.pcm /tmp/picpac-phase3-post-layout-lifecycle-derived-20260925/ModuleCache.noindex/Security-3V6707DPW090Z1KI49WXY90PF.pcm /tmp/picpac-phase3-post-layout-lifecycle-derived-20260925/ModuleCache.noindex/os_object-42GJM1EP1A6OTG7U5IVIUS73B.pcm /tmp/picpac-phase3-post-layout-lifecycle-derived-20260925/ModuleCache.noindex/_Builtin_float-AJZOB9G7C9PA01J785ZSCHGMA.pcm /tmp/picpac-phase3-post-layout-lifecycle-derived-20260925/ModuleCache.noindex/_Builtin_limits-8N3G423T3WHPP4NQTNXOWXGWJ.pcm /tmp/picpac-phase3-post-layout-lifecycle-derived-20260925/ModuleCache.noindex/os_workgroup-YJGTBGGVLUG37UL0T4PKVQ4F.pcm /tmp/picpac-phase3-post-layout-lifecycle-derived-20260925/ModuleCache.noindex/SwiftShims-3TNMFUGFH0V49R2XMMG2RP2MA.pcm /tmp/picpac-phase3-post-layout-lifecycle-derived-20260925/ModuleCache.noindex/sys_types-D3HHHCIAKPZYTFR04X1AWO9XI.pcm /tmp/picpac-phase3-post-layout-lifecycle-derived-20260925/ModuleCache.noindex/_SwiftConcurrencyShims-B09453A0FBZ0U5E81Z9THWKVR.pcm /tmp/picpac-phase3-post-layout-lifecycle-derived-20260925/ModuleCache.noindex/CFNetwork-DMTBNVE7F1QS43P5671LLRLV7.pcm /tmp/picpac-phase3-post-layout-lifecycle-derived-20260925/ModuleCache.noindex/Dispatch-EV05XZHY8VPOEJ72Y482PA8IP.pcm /tmp/picpac-phase3-post-layout-lifecycle-derived-20260925/ModuleCache.noindex/CoreFoundation-7XR9ECWAEGGE88TPWC9V08BKK.pcm /tmp/picpac-phase3-post-layout-lifecycle-derived-20260925/ModuleCache.noindex/_AvailabilityInternal-2PGRVP20SGH5P9CU370BJ347H.pcm /tmp/picpac-phase3-post-layout-lifecycle-derived-20260925/ModuleCache.noindex/Foundation-6OML86E4ULG8SI43PMFH4GDLD.pcm /tmp/picpac-phase3-post-layout-lifecycle-derived-20260925/ModuleCache.noindex/_Builtin_stddef-3PWM5DASSI85GYKF3DSMRP2I6.pcm /tmp/picpac-phase3-post-layout-lifecycle-derived-20260925/ModuleCache.noindex/_Builtin_stdarg-A79KAMJS9EBJ74RWK1QHAQJOY.pcm /tmp/picpac-phase3-post-layout-lifecycle-derived-20260925/ModuleCache.noindex/XPC-41N76M5207RKWLF1B2CEXW398.pcm /tmp/picpac-phase3-post-layout-lifecycle-derived-20260925/ModuleCache.noindex/ObjectiveC-5E2VAKXEZMUPKW08SBFYMYO2.pcm /tmp/picpac-phase3-post-layout-lifecycle-derived-20260925/ModuleCache.noindex/ptrauth-CCYMRI4GETU8KFLEG2PUAXD7G.pcm /tmp/picpac-phase3-post-layout-lifecycle-derived-20260925/ModuleCache.noindex/ptrcheck-3I5QHOGS4BOSBUN9IJ6ZXEEX2.pcm /tmp/picpac-phase3-post-layout-lifecycle-derived-20260925/ModuleCache.noindex/_DarwinFoundation2-5MKWTEXPLZ6DQQNRA3YTUIDUX.pcm /tmp/picpac-phase3-post-layout-lifecycle-derived-20260925/ModuleCache.noindex/_DarwinFoundation3-9V1RR5X6G3PTL4NU02TYNFCEY.pcm /tmp/picpac-phase3-post-layout-lifecycle-derived-20260925/ModuleCache.noindex/_Builtin_stdbool-UZEG77U76UBI1XP6SU5JXTFC.pcm /tmp/picpac-phase3-post-layout-lifecycle-derived-20260925/ModuleCache.noindex/_Builtin_inttypes-DHHBMOBFVSF5H6PQ5IHZ0X57R.pcm /tmp/picpac-phase3-post-layout-lifecycle-derived-20260925/ModuleCache.noindex/_DarwinFoundation1-EM2IO8A1UPK34AWBW181UGKBN.pcm /tmp/picpac-phase3-post-layout-lifecycle-derived-20260925/ModuleCache.noindex/Darwin-BFVWB8KBTHKN9OYT7LIHO2I38.pcm /tmp/picpac-phase3-post-layout-lifecycle-derived-20260925/Build/Intermediates.noindex/PicPacKit.build/Test-iphonesimulator/PicPacPresentation.build/Objects-normal/arm64/PicPacPresentation-dependencies-1.json (in target 'PicPacPresentation' from project 'PicPacKit')

CompileSwift normal arm64 (in target 'PicPacPresentation' from project 'PicPacKit')
    cd /Users/bavabangaru/Developer/pic-pac-poe-ios-native-parity/ios/PicPacPoe.xcodeproj
    

SwiftDriver\ Compilation PicPacAI normal arm64 com.apple.xcode.tools.swift.compiler (in target 'PicPacAI' from project 'PicPacKit')
    cd /Users/bavabangaru/Developer/pic-pac-poe-ios-native-parity/ios/PicPacPoe.xcodeproj
    builtin-Swift-Compilation -- /Applications/Xcode.app/Contents/Developer/Toolchains/XcodeDefault.xctoolchain/usr/bin/swiftc -module-name PicPacAI -O -whole-module-optimization @/tmp/picpac-phase3-post-layout-lifecycle-derived-20260925/Build/Intermediates.noindex/PicPacKit.build/Test-iphonesimulator/PicPacAI.build/Objects-normal/arm64/PicPacAI.SwiftFileList -DSWIFT_PACKAGE -DSWIFT_MODULE_RESOURCE_BUNDLE_AVAILABLE -DXcode -plugin-path /Applications/Xcode.app/Contents/Developer/Toolchains/XcodeDefault.xctoolchain/usr/lib/swift/host/plugins/testing -enable-experimental-feature DebugDescriptionMacro -sdk /Applications/Xcode.app/Contents/Developer/Platforms/iPhoneSimulator.platform/Developer/SDKs/iPhoneSimulator26.5.sdk -target arm64-apple-ios17.0-simulator -g -module-cache-path /tmp/picpac-phase3-post-layout-lifecycle-derived-20260925/ModuleCache.noindex -Xfrontend -serialize-debugging-options -profile-coverage-mapping -profile-generate -suppress-warnings -swift-version 6 -I /tmp/picpac-phase3-post-layout-lifecycle-derived-20260925/Build/Products/Test-iphonesimulator -Isystem /Applications/Xcode.app/Contents/Developer/Platforms/iPhoneSimulator.platform/Developer/usr/lib -F /tmp/picpac-phase3-post-layout-lifecycle-derived-20260925/Build/Products/Test-iphonesimulator/PackageFrameworks -F /tmp/picpac-phase3-post-layout-lifecycle-derived-20260925/Build/Products/Test-iphonesimulator -F /Applications/Xcode.app/Contents/Developer/Platforms/iPhoneSimulator.platform/Developer/Library/Frameworks -F /Applications/Xcode.app/Contents/Developer/Platforms/iPhoneSimulator.platform/Developer/SDKs/iPhoneSimulator26.5.sdk/Developer/Library/Frameworks -c -num-threads 12 -Xcc -ivfsstatcache -Xcc /tmp/picpac-phase3-post-layout-lifecycle-derived-20260925/SDKStatCaches.noindex/iphonesimulator26.5-23F81a-6cfe768891a92b912361537c460fe42b.sdkstatcache -output-file-map /tmp/picpac-phase3-post-layout-lifecycle-derived-20260925/Build/Intermediates.noindex/PicPacKit.build/Test-iphonesimulator/PicPacAI.build/Objects-normal/arm64/PicPacAI-OutputFileMap.json -use-frontend-parseable-output -save-temps -no-color-diagnostics -explicit-module-build -module-cache-path /tmp/picpac-phase3-post-layout-lifecycle-derived-20260925/Build/Intermediates.noindex/SwiftExplicitPrecompiledModules -clang-scanner-module-cache-path /tmp/picpac-phase3-post-layout-lifecycle-derived-20260925/ModuleCache.noindex -sdk-module-cache-path /tmp/picpac-phase3-post-layout-lifecycle-derived-20260925/ModuleCache.noindex -serialize-diagnostics -emit-dependencies -emit-module -emit-module-path /tmp/picpac-phase3-post-layout-lifecycle-derived-20260925/Build/Intermediates.noindex/PicPacKit.build/Test-iphonesimulator/PicPacAI.build/Objects-normal/arm64/PicPacAI.swiftmodule -validate-clang-modules-once -clang-build-session-file /tmp/picpac-phase3-post-layout-lifecycle-derived-20260925/ModuleCache.noindex/Session.modulevalidation -package-name picpackit -Xcc -I/tmp/picpac-phase3-post-layout-lifecycle-derived-20260925/Build/Intermediates.noindex/PicPacKit.build/Test-iphonesimulator/PicPacAI.build/swift-overrides.hmap -emit-const-values -Xfrontend -const-gather-protocols-file -Xfrontend /tmp/picpac-phase3-post-layout-lifecycle-derived-20260925/Build/Intermediates.noindex/PicPacKit.build/Test-iphonesimulator/PicPacAI.build/Objects-normal/arm64/PicPacAI_const_extract_protocols.json -Xcc -I/tmp/picpac-phase3-post-layout-lifecycle-derived-20260925/Build/Products/Test-iphonesimulator/include -Xcc -I/tmp/picpac-phase3-post-layout-lifecycle-derived-20260925/Build/Intermediates.noindex/PicPacKit.build/Test-iphonesimulator/PicPacAI.build/DerivedSources-normal/arm64 -Xcc -I/tmp/picpac-phase3-post-layout-lifecycle-derived-20260925/Build/Intermediates.noindex/PicPacKit.build/Test-iphonesimulator/PicPacAI.build/DerivedSources/arm64 -Xcc -I/tmp/picpac-phase3-post-layout-lifecycle-derived-20260925/Build/Intermediates.noindex/PicPacKit.build/Test-iphonesimulator/PicPacAI.build/DerivedSources -Xcc -DSWIFT_PACKAGE -emit-objc-header -emit-objc-header-path /tmp/picpac-phase3-post-layout-lifecycle-derived-20260925/Build/Intermediates.noindex/PicPacKit.build/Test-iphonesimulator/PicPacAI.build/Objects-normal/arm64/PicPacAI-Swift.h -working-directory /Users/bavabangaru/Developer/pic-pac-poe-ios-native-parity/ios/PicPacPoe.xcodeproj -no-emit-module-separately-wmo

SwiftCompile normal arm64 Compiling\ resource_bundle_accessor.swift,\ AIContracts.swift,\ ExpectiminimaxAgent.swift,\ FastAgents.swift,\ PositionEvaluator.swift,\ ProductionAIEngine.swift,\ RandomSources.swift,\ ReferenceExpectiminimax.swift,\ SearchModel.swift,\ StochasticMCTSAgent.swift,\ TabularPolicy.swift /tmp/picpac-phase3-post-layout-lifecycle-derived-20260925/Build/Intermediates.noindex/PicPacKit.build/Test-iphonesimulator/PicPacAI.build/DerivedSources/resource_bundle_accessor.swift /Users/bavabangaru/Developer/pic-pac-poe-ios-native-parity/ios/Packages/PicPacKit/Sources/PicPacAI/AIContracts.swift /Users/bavabangaru/Developer/pic-pac-poe-ios-native-parity/ios/Packages/PicPacKit/Sources/PicPacAI/ExpectiminimaxAgent.swift /Users/bavabangaru/Developer/pic-pac-poe-ios-native-parity/ios/Packages/PicPacKit/Sources/PicPacAI/FastAgents.swift /Users/bavabangaru/Developer/pic-pac-poe-ios-native-parity/ios/Packages/PicPacKit/Sources/PicPacAI/PositionEvaluator.swift /Users/bavabangaru/Developer/pic-pac-poe-ios-native-parity/ios/Packages/PicPacKit/Sources/PicPacAI/ProductionAIEngine.swift /Users/bavabangaru/Developer/pic-pac-poe-ios-native-parity/ios/Packages/PicPacKit/Sources/PicPacAI/RandomSources.swift /Users/bavabangaru/Developer/pic-pac-poe-ios-native-parity/ios/Packages/PicPacKit/Sources/PicPacAI/ReferenceExpectiminimax.swift /Users/bavabangaru/Developer/pic-pac-poe-ios-native-parity/ios/Packages/PicPacKit/Sources/PicPacAI/SearchModel.swift /Users/bavabangaru/Developer/pic-pac-poe-ios-native-parity/ios/Packages/PicPacKit/Sources/PicPacAI/StochasticMCTSAgent.swift /Users/bavabangaru/Developer/pic-pac-poe-ios-native-parity/ios/Packages/PicPacKit/Sources/PicPacAI/TabularPolicy.swift /Applications/Xcode.app/Contents/Developer/Toolchains/XcodeDefault.xctoolchain/usr/lib/swift/iphonesimulator/prebuilt-modules/26.5/_Concurrency.swiftmodule/arm64-apple-ios-simulator.swiftmodule /Applications/Xcode.app/Contents/Developer/Toolchains/XcodeDefault.xctoolchain/usr/lib/swift/iphonesimulator/prebuilt-modules/26.5/Observation.swiftmodule/arm64-apple-ios-simulator.swiftmodule /Applications/Xcode.app/Contents/Developer/Toolchains/XcodeDefault.xctoolchain/usr/lib/swift/iphonesimulator/prebuilt-modules/26.5/XPC.swiftmodule/arm64-apple-ios-simulator.swiftmodule /Applications/Xcode.app/Contents/Developer/Toolchains/XcodeDefault.xctoolchain/usr/lib/swift/iphonesimulator/prebuilt-modules/26.5/CoreFoundation.swiftmodule/arm64-apple-ios-simulator.swiftmodule /Applications/Xcode.app/Contents/Developer/Toolchains/XcodeDefault.xctoolchain/usr/lib/swift/iphonesimulator/prebuilt-modules/26.5/_StringProcessing.swiftmodule/arm64-apple-ios-simulator.swiftmodule /Applications/Xcode.app/Contents/Developer/Toolchains/XcodeDefault.xctoolchain/usr/lib/swift/iphonesimulator/prebuilt-modules/26.5/ObjectiveC.swiftmodule/arm64-apple-ios-simulator.swiftmodule /tmp/picpac-phase3-post-layout-lifecycle-derived-20260925/Build/Products/Test-iphonesimulator/PicPacCore.swiftmodule/arm64-apple-ios-simulator.swiftmodule /Applications/Xcode.app/Contents/Developer/Toolchains/XcodeDefault.xctoolchain/usr/lib/swift/iphonesimulator/prebuilt-modules/26.5/_DarwinFoundation3.swiftmodule/arm64-apple-ios-simulator.swiftmodule /Applications/Xcode.app/Contents/Developer/Toolchains/XcodeDefault.xctoolchain/usr/lib/swift/iphonesimulator/prebuilt-modules/26.5/Darwin.swiftmodule/arm64-apple-ios-simulator.swiftmodule /Applications/Xcode.app/Contents/Developer/Toolchains/XcodeDefault.xctoolchain/usr/lib/swift/iphonesimulator/prebuilt-modules/26.5/Swift.swiftmodule/arm64-apple-ios-simulator.swiftmodule /Applications/Xcode.app/Contents/Developer/Toolchains/XcodeDefault.xctoolchain/usr/lib/swift/iphonesimulator/prebuilt-modules/26.5/Combine.swiftmodule/arm64-apple-ios-simulator.swiftmodule /Applications/Xcode.app/Contents/Developer/Toolchains/XcodeDefault.xctoolchain/usr/lib/swift/iphonesimulator/prebuilt-modules/26.5/_DarwinFoundation2.swiftmodule/arm64-apple-ios-simulator.swiftmodule /Applications/Xcode.app/Contents/Developer/Toolchains/XcodeDefault.xctoolchain/usr/lib/swift/iphonesimulator/prebuilt-modules/26.5/Dispatch.swiftmodule/arm64-apple-ios-simulator.swiftmodule /Applications/Xcode.app/Contents/Developer/Toolchains/XcodeDefault.xctoolchain/usr/lib/swift/iphonesimulator/prebuilt-modules/26.5/_Builtin_float.swiftmodule/arm64-apple-ios-simulator.swiftmodule /Applications/Xcode.app/Contents/Developer/Toolchains/XcodeDefault.xctoolchain/usr/lib/swift/iphonesimulator/prebuilt-modules/26.5/System.swiftmodule/arm64-apple-ios-simulator.swiftmodule /Applications/Xcode.app/Contents/Developer/Toolchains/XcodeDefault.xctoolchain/usr/lib/swift/iphonesimulator/prebuilt-modules/26.5/_DarwinFoundation1.swiftmodule/arm64-apple-ios-simulator.swiftmodule /Applications/Xcode.app/Contents/Developer/Toolchains/XcodeDefault.xctoolchain/usr/lib/swift/iphonesimulator/prebuilt-modules/26.5/Foundation.swiftmodule/arm64-apple-ios-simulator.swiftmodule /tmp/picpac-phase3-post-layout-lifecycle-derived-20260925/ModuleCache.noindex/_Builtin_stdint-51RJDGPQD196UWZNZ837ZW2RH.pcm /tmp/picpac-phase3-post-layout-lifecycle-derived-20260925/ModuleCache.noindex/Security-3V6707DPW090Z1KI49WXY90PF.pcm /tmp/picpac-phase3-post-layout-lifecycle-derived-20260925/ModuleCache.noindex/os_object-42GJM1EP1A6OTG7U5IVIUS73B.pcm /tmp/picpac-phase3-post-layout-lifecycle-derived-20260925/ModuleCache.noindex/_Builtin_float-AJZOB9G7C9PA01J785ZSCHGMA.pcm /tmp/picpac-phase3-post-layout-lifecycle-derived-20260925/ModuleCache.noindex/_Builtin_limits-8N3G423T3WHPP4NQTNXOWXGWJ.pcm /tmp/picpac-phase3-post-layout-lifecycle-derived-20260925/ModuleCache.noindex/os_workgroup-YJGTBGGVLUG37UL0T4PKVQ4F.pcm /tmp/picpac-phase3-post-layout-lifecycle-derived-20260925/ModuleCache.noindex/SwiftShims-3TNMFUGFH0V49R2XMMG2RP2MA.pcm /tmp/picpac-phase3-post-layout-lifecycle-derived-20260925/ModuleCache.noindex/sys_types-D3HHHCIAKPZYTFR04X1AWO9XI.pcm /tmp/picpac-phase3-post-layout-lifecycle-derived-20260925/ModuleCache.noindex/_SwiftConcurrencyShims-B09453A0FBZ0U5E81Z9THWKVR.pcm /tmp/picpac-phase3-post-layout-lifecycle-derived-20260925/ModuleCache.noindex/CFNetwork-DMTBNVE7F1QS43P5671LLRLV7.pcm /tmp/picpac-phase3-post-layout-lifecycle-derived-20260925/ModuleCache.noindex/Dispatch-EV05XZHY8VPOEJ72Y482PA8IP.pcm /tmp/picpac-phase3-post-layout-lifecycle-derived-20260925/ModuleCache.noindex/CoreFoundation-7XR9ECWAEGGE88TPWC9V08BKK.pcm /tmp/picpac-phase3-post-layout-lifecycle-derived-20260925/ModuleCache.noindex/_AvailabilityInternal-2PGRVP20SGH5P9CU370BJ347H.pcm /tmp/picpac-phase3-post-layout-lifecycle-derived-20260925/ModuleCache.noindex/Foundation-6OML86E4ULG8SI43PMFH4GDLD.pcm /tmp/picpac-phase3-post-layout-lifecycle-derived-20260925/ModuleCache.noindex/_Builtin_stddef-3PWM5DASSI85GYKF3DSMRP2I6.pcm /tmp/picpac-phase3-post-layout-lifecycle-derived-20260925/ModuleCache.noindex/_Builtin_stdarg-A79KAMJS9EBJ74RWK1QHAQJOY.pcm /tmp/picpac-phase3-post-layout-lifecycle-derived-20260925/ModuleCache.noindex/XPC-41N76M5207RKWLF1B2CEXW398.pcm /tmp/picpac-phase3-post-layout-lifecycle-derived-20260925/ModuleCache.noindex/ObjectiveC-5E2VAKXEZMUPKW08SBFYMYO2.pcm /tmp/picpac-phase3-post-layout-lifecycle-derived-20260925/ModuleCache.noindex/ptrauth-CCYMRI4GETU8KFLEG2PUAXD7G.pcm /tmp/picpac-phase3-post-layout-lifecycle-derived-20260925/ModuleCache.noindex/ptrcheck-3I5QHOGS4BOSBUN9IJ6ZXEEX2.pcm /tmp/picpac-phase3-post-layout-lifecycle-derived-20260925/ModuleCache.noindex/_DarwinFoundation2-5MKWTEXPLZ6DQQNRA3YTUIDUX.pcm /tmp/picpac-phase3-post-layout-lifecycle-derived-20260925/ModuleCache.noindex/_DarwinFoundation3-9V1RR5X6G3PTL4NU02TYNFCEY.pcm /tmp/picpac-phase3-post-layout-lifecycle-derived-20260925/ModuleCache.noindex/_Builtin_stdbool-UZEG77U76UBI1XP6SU5JXTFC.pcm /tmp/picpac-phase3-post-layout-lifecycle-derived-20260925/ModuleCache.noindex/_Builtin_inttypes-DHHBMOBFVSF5H6PQ5IHZ0X57R.pcm /tmp/picpac-phase3-post-layout-lifecycle-derived-20260925/ModuleCache.noindex/_DarwinFoundation1-EM2IO8A1UPK34AWBW181UGKBN.pcm /tmp/picpac-phase3-post-layout-lifecycle-derived-20260925/ModuleCache.noindex/Darwin-BFVWB8KBTHKN9OYT7LIHO2I38.pcm /tmp/picpac-phase3-post-layout-lifecycle-derived-20260925/Build/Intermediates.noindex/PicPacKit.build/Test-iphonesimulator/PicPacAI.build/Objects-normal/arm64/PicPacAI-dependencies-1.json (in target 'PicPacAI' from project 'PicPacKit')
CompileSwift normal arm64 (in target 'PicPacAI' from project 'PicPacKit')
    cd /Users/bavabangaru/Developer/pic-pac-poe-ios-native-parity/ios/PicPacPoe.xcodeproj
    

SwiftDriverJobDiscovery normal arm64 Compiling GameCoordinator.swift, PresentationDependencies.swift, PresentationModels.swift, RestorationValidation.swift (in target 'PicPacPresentation' from project 'PicPacKit')

SwiftDriver\ Compilation\ Requirements PicPacPresentation normal arm64 com.apple.xcode.tools.swift.compiler (in target 'PicPacPresentation' from project 'PicPacKit')
    cd /Users/bavabangaru/Developer/pic-pac-poe-ios-native-parity/ios/PicPacPoe.xcodeproj
    builtin-Swift-Compilation-Requirements -- /Applications/Xcode.app/Contents/Developer/Toolchains/XcodeDefault.xctoolchain/usr/bin/swiftc -module-name PicPacPresentation -O -whole-module-optimization @/tmp/picpac-phase3-post-layout-lifecycle-derived-20260925/Build/Intermediates.noindex/PicPacKit.build/Test-iphonesimulator/PicPacPresentation.build/Objects-normal/arm64/PicPacPresentation.SwiftFileList -DSWIFT_PACKAGE -DSWIFT_MODULE_RESOURCE_BUNDLE_UNAVAILABLE -DXcode -plugin-path /Applications/Xcode.app/Contents/Developer/Toolchains/XcodeDefault.xctoolchain/usr/lib/swift/host/plugins/testing -enable-experimental-feature DebugDescriptionMacro -sdk /Applications/Xcode.app/Contents/Developer/Platforms/iPhoneSimulator.platform/Developer/SDKs/iPhoneSimulator26.5.sdk -target arm64-apple-ios17.0-simulator -g -module-cache-path /tmp/picpac-phase3-post-layout-lifecycle-derived-20260925/ModuleCache.noindex -Xfrontend -serialize-debugging-options -profile-coverage-mapping -profile-generate -suppress-warnings -swift-version 6 -I /tmp/picpac-phase3-post-layout-lifecycle-derived-20260925/Build/Products/Test-iphonesimulator -Isystem /Applications/Xcode.app/Contents/Developer/Platforms/iPhoneSimulator.platform/Developer/usr/lib -F /tmp/picpac-phase3-post-layout-lifecycle-derived-20260925/Build/Products/Test-iphonesimulator/PackageFrameworks -F /tmp/picpac-phase3-post-layout-lifecycle-derived-20260925/Build/Products/Test-iphonesimulator -F /Applications/Xcode.app/Contents/Developer/Platforms/iPhoneSimulator.platform/Developer/Library/Frameworks -F /Applications/Xcode.app/Contents/Developer/Platforms/iPhoneSimulator.platform/Developer/SDKs/iPhoneSimulator26.5.sdk/Developer/Library/Frameworks -c -num-threads 12 -Xcc -ivfsstatcache -Xcc /tmp/picpac-phase3-post-layout-lifecycle-derived-20260925/SDKStatCaches.noindex/iphonesimulator26.5-23F81a-6cfe768891a92b912361537c460fe42b.sdkstatcache -output-file-map /tmp/picpac-phase3-post-layout-lifecycle-derived-20260925/Build/Intermediates.noindex/PicPacKit.build/Test-iphonesimulator/PicPacPresentation.build/Objects-normal/arm64/PicPacPresentation-OutputFileMap.json -use-frontend-parseable-output -save-temps -no-color-diagnostics -explicit-module-build -module-cache-path /tmp/picpac-phase3-post-layout-lifecycle-derived-20260925/Build/Intermediates.noindex/SwiftExplicitPrecompiledModules -clang-scanner-module-cache-path /tmp/picpac-phase3-post-layout-lifecycle-derived-20260925/ModuleCache.noindex -sdk-module-cache-path /tmp/picpac-phase3-post-layout-lifecycle-derived-20260925/ModuleCache.noindex -serialize-diagnostics -emit-dependencies -emit-module -emit-module-path /tmp/picpac-phase3-post-layout-lifecycle-derived-20260925/Build/Intermediates.noindex/PicPacKit.build/Test-iphonesimulator/PicPacPresentation.build/Objects-normal/arm64/PicPacPresentation.swiftmodule -validate-clang-modules-once -clang-build-session-file /tmp/picpac-phase3-post-layout-lifecycle-derived-20260925/ModuleCache.noindex/Session.modulevalidation -package-name picpackit -Xcc -I/tmp/picpac-phase3-post-layout-lifecycle-derived-20260925/Build/Intermediates.noindex/PicPacKit.build/Test-iphonesimulator/PicPacPresentation.build/swift-overrides.hmap -emit-const-values -Xfrontend -const-gather-protocols-file -Xfrontend /tmp/picpac-phase3-post-layout-lifecycle-derived-20260925/Build/Intermediates.noindex/PicPacKit.build/Test-iphonesimulator/PicPacPresentation.build/Objects-normal/arm64/PicPacPresentation_const_extract_protocols.json -Xcc -I/tmp/picpac-phase3-post-layout-lifecycle-derived-20260925/Build/Products/Test-iphonesimulator/include -Xcc -I/tmp/picpac-phase3-post-layout-lifecycle-derived-20260925/Build/Intermediates.noindex/PicPacKit.build/Test-iphonesimulator/PicPacPresentation.build/DerivedSources-normal/arm64 -Xcc -I/tmp/picpac-phase3-post-layout-lifecycle-derived-20260925/Build/Intermediates.noindex/PicPacKit.build/Test-iphonesimulator/PicPacPresentation.build/DerivedSources/arm64 -Xcc -I/tmp/picpac-phase3-post-layout-lifecycle-derived-20260925/Build/Intermediates.noindex/PicPacKit.build/Test-iphonesimulator/PicPacPresentation.build/DerivedSources -Xcc -DSWIFT_PACKAGE -emit-objc-header -emit-objc-header-path /tmp/picpac-phase3-post-layout-lifecycle-derived-20260925/Build/Intermediates.noindex/PicPacKit.build/Test-iphonesimulator/PicPacPresentation.build/Objects-normal/arm64/PicPacPresentation-Swift.h -working-directory /Users/bavabangaru/Developer/pic-pac-poe-ios-native-parity/ios/PicPacPoe.xcodeproj -no-emit-module-separately-wmo

SwiftMergeGeneratedHeaders /tmp/picpac-phase3-post-layout-lifecycle-derived-20260925/Build/Intermediates.noindex/GeneratedModuleMaps-iphonesimulator/PicPacPresentation-Swift.h /tmp/picpac-phase3-post-layout-lifecycle-derived-20260925/Build/Intermediates.noindex/PicPacKit.build/Test-iphonesimulator/PicPacPresentation.build/Objects-normal/arm64/PicPacPresentation-Swift.h (in target 'PicPacPresentation' from project 'PicPacKit')
    cd /Users/bavabangaru/Developer/pic-pac-poe-ios-native-parity/ios/Packages/PicPacKit
    builtin-swiftHeaderTool -arch arm64 /tmp/picpac-phase3-post-layout-lifecycle-derived-20260925/Build/Intermediates.noindex/PicPacKit.build/Test-iphonesimulator/PicPacPresentation.build/Objects-normal/arm64/PicPacPresentation-Swift.h -o /tmp/picpac-phase3-post-layout-lifecycle-derived-20260925/Build/Intermediates.noindex/GeneratedModuleMaps-iphonesimulator/PicPacPresentation-Swift.h

Copy /tmp/picpac-phase3-post-layout-lifecycle-derived-20260925/Build/Products/Test-iphonesimulator/PicPacPresentation.swiftmodule/arm64-apple-ios-simulator.swiftdoc /tmp/picpac-phase3-post-layout-lifecycle-derived-20260925/Build/Intermediates.noindex/PicPacKit.build/Test-iphonesimulator/PicPacPresentation.build/Objects-normal/arm64/PicPacPresentation.swiftdoc (in target 'PicPacPresentation' from project 'PicPacKit')
    cd /Users/bavabangaru/Developer/pic-pac-poe-ios-native-parity/ios/Packages/PicPacKit
    builtin-copy -exclude .DS_Store -exclude CVS -exclude .svn -exclude .git -exclude .hg -strip-unsigned-binaries -strip-deterministic -strip-tool /Applications/Xcode.app/Contents/Developer/Toolchains/XcodeDefault.xctoolchain/usr/bin/strip -resolve-src-symlinks -rename /tmp/picpac-phase3-post-layout-lifecycle-derived-20260925/Build/Intermediates.noindex/PicPacKit.build/Test-iphonesimulator/PicPacPresentation.build/Objects-normal/arm64/PicPacPresentation.swiftdoc /tmp/picpac-phase3-post-layout-lifecycle-derived-20260925/Build/Products/Test-iphonesimulator/PicPacPresentation.swiftmodule/arm64-apple-ios-simulator.swiftdoc

Copy /tmp/picpac-phase3-post-layout-lifecycle-derived-20260925/Build/Products/Test-iphonesimulator/PicPacPresentation.swiftmodule/arm64-apple-ios-simulator.swiftmodule /tmp/picpac-phase3-post-layout-lifecycle-derived-20260925/Build/Intermediates.noindex/PicPacKit.build/Test-iphonesimulator/PicPacPresentation.build/Objects-normal/arm64/PicPacPresentation.swiftmodule (in target 'PicPacPresentation' from project 'PicPacKit')
    cd /Users/bavabangaru/Developer/pic-pac-poe-ios-native-parity/ios/Packages/PicPacKit
    builtin-copy -exclude .DS_Store -exclude CVS -exclude .svn -exclude .git -exclude .hg -strip-unsigned-binaries -strip-deterministic -strip-tool /Applications/Xcode.app/Contents/Developer/Toolchains/XcodeDefault.xctoolchain/usr/bin/strip -resolve-src-symlinks -rename /tmp/picpac-phase3-post-layout-lifecycle-derived-20260925/Build/Intermediates.noindex/PicPacKit.build/Test-iphonesimulator/PicPacPresentation.build/Objects-normal/arm64/PicPacPresentation.swiftmodule /tmp/picpac-phase3-post-layout-lifecycle-derived-20260925/Build/Products/Test-iphonesimulator/PicPacPresentation.swiftmodule/arm64-apple-ios-simulator.swiftmodule

Copy /tmp/picpac-phase3-post-layout-lifecycle-derived-20260925/Build/Products/Test-iphonesimulator/PicPacPresentation.swiftmodule/arm64-apple-ios-simulator.abi.json /tmp/picpac-phase3-post-layout-lifecycle-derived-20260925/Build/Intermediates.noindex/PicPacKit.build/Test-iphonesimulator/PicPacPresentation.build/Objects-normal/arm64/PicPacPresentation.abi.json (in target 'PicPacPresentation' from project 'PicPacKit')
    cd /Users/bavabangaru/Developer/pic-pac-poe-ios-native-parity/ios/Packages/PicPacKit
    builtin-copy -exclude .DS_Store -exclude CVS -exclude .svn -exclude .git -exclude .hg -strip-unsigned-binaries -strip-deterministic -strip-tool /Applications/Xcode.app/Contents/Developer/Toolchains/XcodeDefault.xctoolchain/usr/bin/strip -resolve-src-symlinks -rename /tmp/picpac-phase3-post-layout-lifecycle-derived-20260925/Build/Intermediates.noindex/PicPacKit.build/Test-iphonesimulator/PicPacPresentation.build/Objects-normal/arm64/PicPacPresentation.abi.json /tmp/picpac-phase3-post-layout-lifecycle-derived-20260925/Build/Products/Test-iphonesimulator/PicPacPresentation.swiftmodule/arm64-apple-ios-simulator.abi.json

Copy /tmp/picpac-phase3-post-layout-lifecycle-derived-20260925/Build/Products/Test-iphonesimulator/PicPacPresentation.swiftmodule/Project/arm64-apple-ios-simulator.swiftsourceinfo /tmp/picpac-phase3-post-layout-lifecycle-derived-20260925/Build/Intermediates.noindex/PicPacKit.build/Test-iphonesimulator/PicPacPresentation.build/Objects-normal/arm64/PicPacPresentation.swiftsourceinfo (in target 'PicPacPresentation' from project 'PicPacKit')
    cd /Users/bavabangaru/Developer/pic-pac-poe-ios-native-parity/ios/Packages/PicPacKit
    builtin-copy -exclude .DS_Store -exclude CVS -exclude .svn -exclude .git -exclude .hg -strip-unsigned-binaries -strip-deterministic -strip-tool /Applications/Xcode.app/Contents/Developer/Toolchains/XcodeDefault.xctoolchain/usr/bin/strip -resolve-src-symlinks -rename /tmp/picpac-phase3-post-layout-lifecycle-derived-20260925/Build/Intermediates.noindex/PicPacKit.build/Test-iphonesimulator/PicPacPresentation.build/Objects-normal/arm64/PicPacPresentation.swiftsourceinfo /tmp/picpac-phase3-post-layout-lifecycle-derived-20260925/Build/Products/Test-iphonesimulator/PicPacPresentation.swiftmodule/Project/arm64-apple-ios-simulator.swiftsourceinfo

Ld /tmp/picpac-phase3-post-layout-lifecycle-derived-20260925/Build/Products/Test-iphonesimulator/PicPacPresentation.o normal (in target 'PicPacPresentation' from project 'PicPacKit')
    cd /Users/bavabangaru/Developer/pic-pac-poe-ios-native-parity/ios/Packages/PicPacKit
    /Applications/Xcode.app/Contents/Developer/Toolchains/XcodeDefault.xctoolchain/usr/bin/clang -Xlinker -reproducible -target arm64-apple-ios17.0-simulator -r -isysroot /Applications/Xcode.app/Contents/Developer/Platforms/iPhoneSimulator.platform/Developer/SDKs/iPhoneSimulator26.5.sdk -Os -w -F/tmp/picpac-phase3-post-layout-lifecycle-derived-20260925/Build/Intermediates.noindex/EagerLinkingTBDs/Test-iphonesimulator -F/tmp/picpac-phase3-post-layout-lifecycle-derived-20260925/Build/Products/Test-iphonesimulator/PackageFrameworks -F/tmp/picpac-phase3-post-layout-lifecycle-derived-20260925/Build/Products/Test-iphonesimulator -iframework /Applications/Xcode.app/Contents/Developer/Platforms/iPhoneSimulator.platform/Developer/Library/Frameworks -iframework /Applications/Xcode.app/Contents/Developer/Platforms/iPhoneSimulator.platform/Developer/SDKs/iPhoneSimulator26.5.sdk/Developer/Library/Frameworks -filelist /tmp/picpac-phase3-post-layout-lifecycle-derived-20260925/Build/Intermediates.noindex/PicPacKit.build/Test-iphonesimulator/PicPacPresentation.build/Objects-normal/arm64/PicPacPresentation.LinkFileList -nostdlib -Xlinker -object_path_lto -Xlinker /tmp/picpac-phase3-post-layout-lifecycle-derived-20260925/Build/Intermediates.noindex/PicPacKit.build/Test-iphonesimulator/PicPacPresentation.build/Objects-normal/arm64/PicPacPresentation_lto.o -Xlinker -objc_abi_version -Xlinker 2 -Xlinker -debug_variant -Xlinker -dependency_info -Xlinker /tmp/picpac-phase3-post-layout-lifecycle-derived-20260925/Build/Intermediates.noindex/PicPacKit.build/Test-iphonesimulator/PicPacPresentation.build/Objects-normal/arm64/PicPacPresentation_dependency_info.dat -fobjc-link-runtime -L/Applications/Xcode.app/Contents/Developer/Toolchains/XcodeDefault.xctoolchain/usr/lib/swift/iphonesimulator -L/usr/lib/swift -Xlinker -add_ast_path -Xlinker /tmp/picpac-phase3-post-layout-lifecycle-derived-20260925/Build/Intermediates.noindex/PicPacKit.build/Test-iphonesimulator/PicPacPresentation.build/Objects-normal/arm64/PicPacPresentation.swiftmodule @/tmp/picpac-phase3-post-layout-lifecycle-derived-20260925/Build/Intermediates.noindex/PicPacKit.build/Test-iphonesimulator/PicPacPresentation.build/Objects-normal/arm64/PicPacPresentation-linker-args.resp -o /tmp/picpac-phase3-post-layout-lifecycle-derived-20260925/Build/Products/Test-iphonesimulator/PicPacPresentation.o

ExtractAppIntentsMetadata (in target 'PicPacPresentation' from project 'PicPacKit')
    cd /Users/bavabangaru/Developer/pic-pac-poe-ios-native-parity/ios/Packages/PicPacKit
    /Applications/Xcode.app/Contents/Developer/Toolchains/XcodeDefault.xctoolchain/usr/bin/appintentsmetadataprocessor --toolchain-dir /Applications/Xcode.app/Contents/Developer/Toolchains/XcodeDefault.xctoolchain --module-name PicPacPresentation --sdk-root /Applications/Xcode.app/Contents/Developer/Platforms/iPhoneSimulator.platform/Developer/SDKs/iPhoneSimulator26.5.sdk --xcode-version 17F113 --platform-family iOS --deployment-target 17.0 --bundle-identifier picpackit.PicPacPresentation --output /tmp/picpac-phase3-post-layout-lifecycle-derived-20260925/Build/Products/Test-iphonesimulator/PicPacPresentation.appintents --target-triple arm64-apple-ios17.0-simulator --binary-file /tmp/picpac-phase3-post-layout-lifecycle-derived-20260925/Build/Products/Test-iphonesimulator/PicPacPresentation.o --dependency-file /tmp/picpac-phase3-post-layout-lifecycle-derived-20260925/Build/Intermediates.noindex/PicPacKit.build/Test-iphonesimulator/PicPacPresentation.build/Objects-normal/arm64/PicPacPresentation_dependency_info.dat --stringsdata-file /tmp/picpac-phase3-post-layout-lifecycle-derived-20260925/Build/Intermediates.noindex/PicPacKit.build/Test-iphonesimulator/PicPacPresentation.build/Objects-normal/arm64/ExtractedAppShortcutsMetadata.stringsdata --source-file-list /tmp/picpac-phase3-post-layout-lifecycle-derived-20260925/Build/Intermediates.noindex/PicPacKit.build/Test-iphonesimulator/PicPacPresentation.build/Objects-normal/arm64/PicPacPresentation.SwiftFileList --metadata-file-list /tmp/picpac-phase3-post-layout-lifecycle-derived-20260925/Build/Intermediates.noindex/PicPacKit.build/Test-iphonesimulator/PicPacPresentation.build/PicPacPresentation.DependencyMetadataFileList --static-metadata-file-list /tmp/picpac-phase3-post-layout-lifecycle-derived-20260925/Build/Intermediates.noindex/PicPacKit.build/Test-iphonesimulator/PicPacPresentation.build/PicPacPresentation.DependencyStaticMetadataFileList --swift-const-vals-list /tmp/picpac-phase3-post-layout-lifecycle-derived-20260925/Build/Intermediates.noindex/PicPacKit.build/Test-iphonesimulator/PicPacPresentation.build/Objects-normal/arm64/PicPacPresentation.SwiftConstValuesFileList --force --compile-time-extraction --deployment-aware-processing --validate-assistant-intents --no-app-shortcuts-localization
2026-09-25 06:58:31.675 appintentsmetadataprocessor[18167:116156732] Starting appintentsmetadataprocessor export
2026-09-25 06:58:31.685 appintentsmetadataprocessor[18167:116156732] Extracted no relevant App Intents symbols, skipping writing output

RegisterExecutionPolicyException /tmp/picpac-phase3-post-layout-lifecycle-derived-20260925/Build/Products/Test-iphonesimulator/PicPacPresentation.o (in target 'PicPacPresentation' from project 'PicPacKit')
    cd /Users/bavabangaru/Developer/pic-pac-poe-ios-native-parity/ios/Packages/PicPacKit
    builtin-RegisterExecutionPolicyException /tmp/picpac-phase3-post-layout-lifecycle-derived-20260925/Build/Products/Test-iphonesimulator/PicPacPresentation.o

Ld /tmp/picpac-phase3-post-layout-lifecycle-derived-20260925/Build/Products/Test-iphonesimulator/PackageFrameworks/PicPacPresentation_-6026B0FB22E351C2_PackageProduct.framework/PicPacPresentation_-6026B0FB22E351C2_PackageProduct normal (in target 'PicPacPresentation' from project 'PicPacKit')
    cd /Users/bavabangaru/Developer/pic-pac-poe-ios-native-parity/ios/Packages/PicPacKit
    /Applications/Xcode.app/Contents/Developer/Toolchains/XcodeDefault.xctoolchain/usr/bin/clang -Xlinker -reproducible -target arm64-apple-ios17.0-simulator -dynamiclib -isysroot /Applications/Xcode.app/Contents/Developer/Platforms/iPhoneSimulator.platform/Developer/SDKs/iPhoneSimulator26.5.sdk -Os -w -L/tmp/picpac-phase3-post-layout-lifecycle-derived-20260925/Build/Intermediates.noindex/EagerLinkingTBDs/Test-iphonesimulator -L/tmp/picpac-phase3-post-layout-lifecycle-derived-20260925/Build/Products/Test-iphonesimulator -L/Applications/Xcode.app/Contents/Developer/Platforms/iPhoneSimulator.platform/Developer/usr/lib -F/tmp/picpac-phase3-post-layout-lifecycle-derived-20260925/Build/Intermediates.noindex/EagerLinkingTBDs/Test-iphonesimulator -F/tmp/picpac-phase3-post-layout-lifecycle-derived-20260925/Build/Products/Test-iphonesimulator/PackageFrameworks -F/tmp/picpac-phase3-post-layout-lifecycle-derived-20260925/Build/Products/Test-iphonesimulator/PackageFrameworks -F/tmp/picpac-phase3-post-layout-lifecycle-derived-20260925/Build/Products/Test-iphonesimulator -iframework /Applications/Xcode.app/Contents/Developer/Platforms/iPhoneSimulator.platform/Developer/Library/Frameworks -iframework /Applications/Xcode.app/Contents/Developer/Platforms/iPhoneSimulator.platform/Developer/SDKs/iPhoneSimulator26.5.sdk/Developer/Library/Frameworks -filelist /tmp/picpac-phase3-post-layout-lifecycle-derived-20260925/Build/Intermediates.noindex/PicPacKit.build/Test-iphonesimulator/PicPacPresentation\ product.build/Objects-normal/arm64/PicPacPresentation_-6026B0FB22E351C2_PackageProduct.LinkFileList -install_name @rpath/PicPacPresentation_-6026B0FB22E351C2_PackageProduct.framework/PicPacPresentation_-6026B0FB22E351C2_PackageProduct -Xlinker -rpath -Xlinker /usr/lib/swift -Xlinker -dead_strip -Xlinker -object_path_lto -Xlinker /tmp/picpac-phase3-post-layout-lifecycle-derived-20260925/Build/Intermediates.noindex/PicPacKit.build/Test-iphonesimulator/PicPacPresentation\ product.build/Objects-normal/arm64/PicPacPresentation_-6026B0FB22E351C2_PackageProduct_lto.o -Xlinker -objc_abi_version -Xlinker 2 -Xlinker -debug_variant -Xlinker -dependency_info -Xlinker /tmp/picpac-phase3-post-layout-lifecycle-derived-20260925/Build/Intermediates.noindex/PicPacKit.build/Test-iphonesimulator/PicPacPresentation\ product.build/Objects-normal/arm64/PicPacPresentation_-6026B0FB22E351C2_PackageProduct_dependency_info.dat -fobjc-link-runtime -fprofile-instr-generate -L/Applications/Xcode.app/Contents/Developer/Toolchains/XcodeDefault.xctoolchain/usr/lib/swift/iphonesimulator -L/usr/lib/swift -Wl,-no_warn_duplicate_libraries -Wl,-no_warn_duplicate_libraries -o /tmp/picpac-phase3-post-layout-lifecycle-derived-20260925/Build/Products/Test-iphonesimulator/PackageFrameworks/PicPacPresentation_-6026B0FB22E351C2_PackageProduct.framework/PicPacPresentation_-6026B0FB22E351C2_PackageProduct -Xlinker -add_ast_path -Xlinker /tmp/picpac-phase3-post-layout-lifecycle-derived-20260925/Build/Intermediates.noindex/PicPacKit.build/Test-iphonesimulator/PicPacPresentation.build/Objects-normal/arm64/PicPacPresentation.swiftmodule @/tmp/picpac-phase3-post-layout-lifecycle-derived-20260925/Build/Intermediates.noindex/PicPacKit.build/Test-iphonesimulator/PicPacPresentation.build/Objects-normal/arm64/PicPacPresentation-linker-args.resp -Xlinker -add_ast_path -Xlinker /tmp/picpac-phase3-post-layout-lifecycle-derived-20260925/Build/Intermediates.noindex/PicPacKit.build/Test-iphonesimulator/PicPacCore.build/Objects-normal/arm64/PicPacCore.swiftmodule @/tmp/picpac-phase3-post-layout-lifecycle-derived-20260925/Build/Intermediates.noindex/PicPacKit.build/Test-iphonesimulator/PicPacCore.build/Objects-normal/arm64/PicPacCore-linker-args.resp

ProcessInfoPlistFile /tmp/picpac-phase3-post-layout-lifecycle-derived-20260925/Build/Products/Test-iphonesimulator/PackageFrameworks/PicPacPresentation_-6026B0FB22E351C2_PackageProduct.framework/Info.plist /tmp/picpac-phase3-post-layout-lifecycle-derived-20260925/Build/Intermediates.noindex/PicPacKit.build/Test-iphonesimulator/PicPacPresentation\ product.build/empty-PicPacPresentation_-6026B0FB22E351C2_PackageProduct.plist (in target 'PicPacPresentation' from project 'PicPacKit')
    cd /Users/bavabangaru/Developer/pic-pac-poe-ios-native-parity/ios/Packages/PicPacKit
    builtin-infoPlistUtility /tmp/picpac-phase3-post-layout-lifecycle-derived-20260925/Build/Intermediates.noindex/PicPacKit.build/Test-iphonesimulator/PicPacPresentation\ product.build/empty-PicPacPresentation_-6026B0FB22E351C2_PackageProduct.plist -producttype com.apple.product-type.framework -expandbuildsettings -format binary -platform iphonesimulator -o /tmp/picpac-phase3-post-layout-lifecycle-derived-20260925/Build/Products/Test-iphonesimulator/PackageFrameworks/PicPacPresentation_-6026B0FB22E351C2_PackageProduct.framework/Info.plist

GenerateDSYMFile /tmp/picpac-phase3-post-layout-lifecycle-derived-20260925/Build/Products/Test-iphonesimulator/PicPacPresentation_-6026B0FB22E351C2_PackageProduct.framework.dSYM /tmp/picpac-phase3-post-layout-lifecycle-derived-20260925/Build/Products/Test-iphonesimulator/PackageFrameworks/PicPacPresentation_-6026B0FB22E351C2_PackageProduct.framework/PicPacPresentation_-6026B0FB22E351C2_PackageProduct (in target 'PicPacPresentation' from project 'PicPacKit')
    cd /Users/bavabangaru/Developer/pic-pac-poe-ios-native-parity/ios/Packages/PicPacKit
    /Applications/Xcode.app/Contents/Developer/Toolchains/XcodeDefault.xctoolchain/usr/bin/dsymutil /tmp/picpac-phase3-post-layout-lifecycle-derived-20260925/Build/Products/Test-iphonesimulator/PackageFrameworks/PicPacPresentation_-6026B0FB22E351C2_PackageProduct.framework/PicPacPresentation_-6026B0FB22E351C2_PackageProduct -o /tmp/picpac-phase3-post-layout-lifecycle-derived-20260925/Build/Products/Test-iphonesimulator/PicPacPresentation_-6026B0FB22E351C2_PackageProduct.framework.dSYM

GenerateTAPI /tmp/picpac-phase3-post-layout-lifecycle-derived-20260925/Build/Intermediates.noindex/EagerLinkingTBDs/Test-iphonesimulator/PicPacPresentation_-6026B0FB22E351C2_PackageProduct.framework/PicPacPresentation_-6026B0FB22E351C2_PackageProduct.tbd (in target 'PicPacPresentation' from project 'PicPacKit')
    cd /Users/bavabangaru/Developer/pic-pac-poe-ios-native-parity/ios/Packages/PicPacKit
    /Applications/Xcode.app/Contents/Developer/Toolchains/XcodeDefault.xctoolchain/usr/bin/tapi stubify -isysroot /Applications/Xcode.app/Contents/Developer/Platforms/iPhoneSimulator.platform/Developer/SDKs/iPhoneSimulator26.5.sdk -F/tmp/picpac-phase3-post-layout-lifecycle-derived-20260925/Build/Products/Test-iphonesimulator/PackageFrameworks -F/tmp/picpac-phase3-post-layout-lifecycle-derived-20260925/Build/Products/Test-iphonesimulator/PackageFrameworks -F/tmp/picpac-phase3-post-layout-lifecycle-derived-20260925/Build/Products/Test-iphonesimulator -iframework /Applications/Xcode.app/Contents/Developer/Platforms/iPhoneSimulator.platform/Developer/Library/Frameworks -iframework /Applications/Xcode.app/Contents/Developer/Platforms/iPhoneSimulator.platform/Developer/SDKs/iPhoneSimulator26.5.sdk/Developer/Library/Frameworks -L/tmp/picpac-phase3-post-layout-lifecycle-derived-20260925/Build/Products/Test-iphonesimulator -L/Applications/Xcode.app/Contents/Developer/Platforms/iPhoneSimulator.platform/Developer/usr/lib /tmp/picpac-phase3-post-layout-lifecycle-derived-20260925/Build/Products/Test-iphonesimulator/PackageFrameworks/PicPacPresentation_-6026B0FB22E351C2_PackageProduct.framework/PicPacPresentation_-6026B0FB22E351C2_PackageProduct -o /tmp/picpac-phase3-post-layout-lifecycle-derived-20260925/Build/Intermediates.noindex/EagerLinkingTBDs/Test-iphonesimulator/PicPacPresentation_-6026B0FB22E351C2_PackageProduct.framework/PicPacPresentation_-6026B0FB22E351C2_PackageProduct.tbd

RegisterExecutionPolicyException /tmp/picpac-phase3-post-layout-lifecycle-derived-20260925/Build/Products/Test-iphonesimulator/PackageFrameworks/PicPacPresentation_-6026B0FB22E351C2_PackageProduct.framework (in target 'PicPacPresentation' from project 'PicPacKit')
    cd /Users/bavabangaru/Developer/pic-pac-poe-ios-native-parity/ios/Packages/PicPacKit
    builtin-RegisterExecutionPolicyException /tmp/picpac-phase3-post-layout-lifecycle-derived-20260925/Build/Products/Test-iphonesimulator/PackageFrameworks/PicPacPresentation_-6026B0FB22E351C2_PackageProduct.framework

Touch /tmp/picpac-phase3-post-layout-lifecycle-derived-20260925/Build/Products/Test-iphonesimulator/PackageFrameworks/PicPacPresentation_-6026B0FB22E351C2_PackageProduct.framework (in target 'PicPacPresentation' from project 'PicPacKit')
    cd /Users/bavabangaru/Developer/pic-pac-poe-ios-native-parity/ios/Packages/PicPacKit
    /usr/bin/touch -c /tmp/picpac-phase3-post-layout-lifecycle-derived-20260925/Build/Products/Test-iphonesimulator/PackageFrameworks/PicPacPresentation_-6026B0FB22E351C2_PackageProduct.framework

SwiftDriverJobDiscovery normal arm64 Compiling resource_bundle_accessor.swift, AIContracts.swift, ExpectiminimaxAgent.swift, FastAgents.swift, PositionEvaluator.swift, ProductionAIEngine.swift, RandomSources.swift, ReferenceExpectiminimax.swift, SearchModel.swift, StochasticMCTSAgent.swift, TabularPolicy.swift (in target 'PicPacAI' from project 'PicPacKit')

SwiftDriver\ Compilation\ Requirements PicPacAI normal arm64 com.apple.xcode.tools.swift.compiler (in target 'PicPacAI' from project 'PicPacKit')
    cd /Users/bavabangaru/Developer/pic-pac-poe-ios-native-parity/ios/PicPacPoe.xcodeproj
    builtin-Swift-Compilation-Requirements -- /Applications/Xcode.app/Contents/Developer/Toolchains/XcodeDefault.xctoolchain/usr/bin/swiftc -module-name PicPacAI -O -whole-module-optimization @/tmp/picpac-phase3-post-layout-lifecycle-derived-20260925/Build/Intermediates.noindex/PicPacKit.build/Test-iphonesimulator/PicPacAI.build/Objects-normal/arm64/PicPacAI.SwiftFileList -DSWIFT_PACKAGE -DSWIFT_MODULE_RESOURCE_BUNDLE_AVAILABLE -DXcode -plugin-path /Applications/Xcode.app/Contents/Developer/Toolchains/XcodeDefault.xctoolchain/usr/lib/swift/host/plugins/testing -enable-experimental-feature DebugDescriptionMacro -sdk /Applications/Xcode.app/Contents/Developer/Platforms/iPhoneSimulator.platform/Developer/SDKs/iPhoneSimulator26.5.sdk -target arm64-apple-ios17.0-simulator -g -module-cache-path /tmp/picpac-phase3-post-layout-lifecycle-derived-20260925/ModuleCache.noindex -Xfrontend -serialize-debugging-options -profile-coverage-mapping -profile-generate -suppress-warnings -swift-version 6 -I /tmp/picpac-phase3-post-layout-lifecycle-derived-20260925/Build/Products/Test-iphonesimulator -Isystem /Applications/Xcode.app/Contents/Developer/Platforms/iPhoneSimulator.platform/Developer/usr/lib -F /tmp/picpac-phase3-post-layout-lifecycle-derived-20260925/Build/Products/Test-iphonesimulator/PackageFrameworks -F /tmp/picpac-phase3-post-layout-lifecycle-derived-20260925/Build/Products/Test-iphonesimulator -F /Applications/Xcode.app/Contents/Developer/Platforms/iPhoneSimulator.platform/Developer/Library/Frameworks -F /Applications/Xcode.app/Contents/Developer/Platforms/iPhoneSimulator.platform/Developer/SDKs/iPhoneSimulator26.5.sdk/Developer/Library/Frameworks -c -num-threads 12 -Xcc -ivfsstatcache -Xcc /tmp/picpac-phase3-post-layout-lifecycle-derived-20260925/SDKStatCaches.noindex/iphonesimulator26.5-23F81a-6cfe768891a92b912361537c460fe42b.sdkstatcache -output-file-map /tmp/picpac-phase3-post-layout-lifecycle-derived-20260925/Build/Intermediates.noindex/PicPacKit.build/Test-iphonesimulator/PicPacAI.build/Objects-normal/arm64/PicPacAI-OutputFileMap.json -use-frontend-parseable-output -save-temps -no-color-diagnostics -explicit-module-build -module-cache-path /tmp/picpac-phase3-post-layout-lifecycle-derived-20260925/Build/Intermediates.noindex/SwiftExplicitPrecompiledModules -clang-scanner-module-cache-path /tmp/picpac-phase3-post-layout-lifecycle-derived-20260925/ModuleCache.noindex -sdk-module-cache-path /tmp/picpac-phase3-post-layout-lifecycle-derived-20260925/ModuleCache.noindex -serialize-diagnostics -emit-dependencies -emit-module -emit-module-path /tmp/picpac-phase3-post-layout-lifecycle-derived-20260925/Build/Intermediates.noindex/PicPacKit.build/Test-iphonesimulator/PicPacAI.build/Objects-normal/arm64/PicPacAI.swiftmodule -validate-clang-modules-once -clang-build-session-file /tmp/picpac-phase3-post-layout-lifecycle-derived-20260925/ModuleCache.noindex/Session.modulevalidation -package-name picpackit -Xcc -I/tmp/picpac-phase3-post-layout-lifecycle-derived-20260925/Build/Intermediates.noindex/PicPacKit.build/Test-iphonesimulator/PicPacAI.build/swift-overrides.hmap -emit-const-values -Xfrontend -const-gather-protocols-file -Xfrontend /tmp/picpac-phase3-post-layout-lifecycle-derived-20260925/Build/Intermediates.noindex/PicPacKit.build/Test-iphonesimulator/PicPacAI.build/Objects-normal/arm64/PicPacAI_const_extract_protocols.json -Xcc -I/tmp/picpac-phase3-post-layout-lifecycle-derived-20260925/Build/Products/Test-iphonesimulator/include -Xcc -I/tmp/picpac-phase3-post-layout-lifecycle-derived-20260925/Build/Intermediates.noindex/PicPacKit.build/Test-iphonesimulator/PicPacAI.build/DerivedSources-normal/arm64 -Xcc -I/tmp/picpac-phase3-post-layout-lifecycle-derived-20260925/Build/Intermediates.noindex/PicPacKit.build/Test-iphonesimulator/PicPacAI.build/DerivedSources/arm64 -Xcc -I/tmp/picpac-phase3-post-layout-lifecycle-derived-20260925/Build/Intermediates.noindex/PicPacKit.build/Test-iphonesimulator/PicPacAI.build/DerivedSources -Xcc -DSWIFT_PACKAGE -emit-objc-header -emit-objc-header-path /tmp/picpac-phase3-post-layout-lifecycle-derived-20260925/Build/Intermediates.noindex/PicPacKit.build/Test-iphonesimulator/PicPacAI.build/Objects-normal/arm64/PicPacAI-Swift.h -working-directory /Users/bavabangaru/Developer/pic-pac-poe-ios-native-parity/ios/PicPacPoe.xcodeproj -no-emit-module-separately-wmo

SwiftMergeGeneratedHeaders /tmp/picpac-phase3-post-layout-lifecycle-derived-20260925/Build/Intermediates.noindex/GeneratedModuleMaps-iphonesimulator/PicPacAI-Swift.h /tmp/picpac-phase3-post-layout-lifecycle-derived-20260925/Build/Intermediates.noindex/PicPacKit.build/Test-iphonesimulator/PicPacAI.build/Objects-normal/arm64/PicPacAI-Swift.h (in target 'PicPacAI' from project 'PicPacKit')
    cd /Users/bavabangaru/Developer/pic-pac-poe-ios-native-parity/ios/Packages/PicPacKit
    builtin-swiftHeaderTool -arch arm64 /tmp/picpac-phase3-post-layout-lifecycle-derived-20260925/Build/Intermediates.noindex/PicPacKit.build/Test-iphonesimulator/PicPacAI.build/Objects-normal/arm64/PicPacAI-Swift.h -o /tmp/picpac-phase3-post-layout-lifecycle-derived-20260925/Build/Intermediates.noindex/GeneratedModuleMaps-iphonesimulator/PicPacAI-Swift.h

Copy /tmp/picpac-phase3-post-layout-lifecycle-derived-20260925/Build/Products/Test-iphonesimulator/PicPacAI.swiftmodule/arm64-apple-ios-simulator.swiftmodule /tmp/picpac-phase3-post-layout-lifecycle-derived-20260925/Build/Intermediates.noindex/PicPacKit.build/Test-iphonesimulator/PicPacAI.build/Objects-normal/arm64/PicPacAI.swiftmodule (in target 'PicPacAI' from project 'PicPacKit')
    cd /Users/bavabangaru/Developer/pic-pac-poe-ios-native-parity/ios/Packages/PicPacKit
    builtin-copy -exclude .DS_Store -exclude CVS -exclude .svn -exclude .git -exclude .hg -strip-unsigned-binaries -strip-deterministic -strip-tool /Applications/Xcode.app/Contents/Developer/Toolchains/XcodeDefault.xctoolchain/usr/bin/strip -resolve-src-symlinks -rename /tmp/picpac-phase3-post-layout-lifecycle-derived-20260925/Build/Intermediates.noindex/PicPacKit.build/Test-iphonesimulator/PicPacAI.build/Objects-normal/arm64/PicPacAI.swiftmodule /tmp/picpac-phase3-post-layout-lifecycle-derived-20260925/Build/Products/Test-iphonesimulator/PicPacAI.swiftmodule/arm64-apple-ios-simulator.swiftmodule

Copy /tmp/picpac-phase3-post-layout-lifecycle-derived-20260925/Build/Products/Test-iphonesimulator/PicPacAI.swiftmodule/arm64-apple-ios-simulator.abi.json /tmp/picpac-phase3-post-layout-lifecycle-derived-20260925/Build/Intermediates.noindex/PicPacKit.build/Test-iphonesimulator/PicPacAI.build/Objects-normal/arm64/PicPacAI.abi.json (in target 'PicPacAI' from project 'PicPacKit')
    cd /Users/bavabangaru/Developer/pic-pac-poe-ios-native-parity/ios/Packages/PicPacKit
    builtin-copy -exclude .DS_Store -exclude CVS -exclude .svn -exclude .git -exclude .hg -strip-unsigned-binaries -strip-deterministic -strip-tool /Applications/Xcode.app/Contents/Developer/Toolchains/XcodeDefault.xctoolchain/usr/bin/strip -resolve-src-symlinks -rename /tmp/picpac-phase3-post-layout-lifecycle-derived-20260925/Build/Intermediates.noindex/PicPacKit.build/Test-iphonesimulator/PicPacAI.build/Objects-normal/arm64/PicPacAI.abi.json /tmp/picpac-phase3-post-layout-lifecycle-derived-20260925/Build/Products/Test-iphonesimulator/PicPacAI.swiftmodule/arm64-apple-ios-simulator.abi.json

Copy /tmp/picpac-phase3-post-layout-lifecycle-derived-20260925/Build/Products/Test-iphonesimulator/PicPacAI.swiftmodule/arm64-apple-ios-simulator.swiftdoc /tmp/picpac-phase3-post-layout-lifecycle-derived-20260925/Build/Intermediates.noindex/PicPacKit.build/Test-iphonesimulator/PicPacAI.build/Objects-normal/arm64/PicPacAI.swiftdoc (in target 'PicPacAI' from project 'PicPacKit')
    cd /Users/bavabangaru/Developer/pic-pac-poe-ios-native-parity/ios/Packages/PicPacKit
    builtin-copy -exclude .DS_Store -exclude CVS -exclude .svn -exclude .git -exclude .hg -strip-unsigned-binaries -strip-deterministic -strip-tool /Applications/Xcode.app/Contents/Developer/Toolchains/XcodeDefault.xctoolchain/usr/bin/strip -resolve-src-symlinks -rename /tmp/picpac-phase3-post-layout-lifecycle-derived-20260925/Build/Intermediates.noindex/PicPacKit.build/Test-iphonesimulator/PicPacAI.build/Objects-normal/arm64/PicPacAI.swiftdoc /tmp/picpac-phase3-post-layout-lifecycle-derived-20260925/Build/Products/Test-iphonesimulator/PicPacAI.swiftmodule/arm64-apple-ios-simulator.swiftdoc

Copy /tmp/picpac-phase3-post-layout-lifecycle-derived-20260925/Build/Products/Test-iphonesimulator/PicPacAI.swiftmodule/Project/arm64-apple-ios-simulator.swiftsourceinfo /tmp/picpac-phase3-post-layout-lifecycle-derived-20260925/Build/Intermediates.noindex/PicPacKit.build/Test-iphonesimulator/PicPacAI.build/Objects-normal/arm64/PicPacAI.swiftsourceinfo (in target 'PicPacAI' from project 'PicPacKit')
    cd /Users/bavabangaru/Developer/pic-pac-poe-ios-native-parity/ios/Packages/PicPacKit
    builtin-copy -exclude .DS_Store -exclude CVS -exclude .svn -exclude .git -exclude .hg -strip-unsigned-binaries -strip-deterministic -strip-tool /Applications/Xcode.app/Contents/Developer/Toolchains/XcodeDefault.xctoolchain/usr/bin/strip -resolve-src-symlinks -rename /tmp/picpac-phase3-post-layout-lifecycle-derived-20260925/Build/Intermediates.noindex/PicPacKit.build/Test-iphonesimulator/PicPacAI.build/Objects-normal/arm64/PicPacAI.swiftsourceinfo /tmp/picpac-phase3-post-layout-lifecycle-derived-20260925/Build/Products/Test-iphonesimulator/PicPacAI.swiftmodule/Project/arm64-apple-ios-simulator.swiftsourceinfo

Ld /tmp/picpac-phase3-post-layout-lifecycle-derived-20260925/Build/Products/Test-iphonesimulator/PicPacAI.o normal (in target 'PicPacAI' from project 'PicPacKit')
    cd /Users/bavabangaru/Developer/pic-pac-poe-ios-native-parity/ios/Packages/PicPacKit
    /Applications/Xcode.app/Contents/Developer/Toolchains/XcodeDefault.xctoolchain/usr/bin/clang -Xlinker -reproducible -target arm64-apple-ios17.0-simulator -r -isysroot /Applications/Xcode.app/Contents/Developer/Platforms/iPhoneSimulator.platform/Developer/SDKs/iPhoneSimulator26.5.sdk -Os -w -F/tmp/picpac-phase3-post-layout-lifecycle-derived-20260925/Build/Intermediates.noindex/EagerLinkingTBDs/Test-iphonesimulator -F/tmp/picpac-phase3-post-layout-lifecycle-derived-20260925/Build/Products/Test-iphonesimulator/PackageFrameworks -F/tmp/picpac-phase3-post-layout-lifecycle-derived-20260925/Build/Products/Test-iphonesimulator -iframework /Applications/Xcode.app/Contents/Developer/Platforms/iPhoneSimulator.platform/Developer/Library/Frameworks -iframework /Applications/Xcode.app/Contents/Developer/Platforms/iPhoneSimulator.platform/Developer/SDKs/iPhoneSimulator26.5.sdk/Developer/Library/Frameworks -filelist /tmp/picpac-phase3-post-layout-lifecycle-derived-20260925/Build/Intermediates.noindex/PicPacKit.build/Test-iphonesimulator/PicPacAI.build/Objects-normal/arm64/PicPacAI.LinkFileList -nostdlib -Xlinker -object_path_lto -Xlinker /tmp/picpac-phase3-post-layout-lifecycle-derived-20260925/Build/Intermediates.noindex/PicPacKit.build/Test-iphonesimulator/PicPacAI.build/Objects-normal/arm64/PicPacAI_lto.o -Xlinker -objc_abi_version -Xlinker 2 -Xlinker -debug_variant -Xlinker -dependency_info -Xlinker /tmp/picpac-phase3-post-layout-lifecycle-derived-20260925/Build/Intermediates.noindex/PicPacKit.build/Test-iphonesimulator/PicPacAI.build/Objects-normal/arm64/PicPacAI_dependency_info.dat -fobjc-link-runtime -L/Applications/Xcode.app/Contents/Developer/Toolchains/XcodeDefault.xctoolchain/usr/lib/swift/iphonesimulator -L/usr/lib/swift -Xlinker -add_ast_path -Xlinker /tmp/picpac-phase3-post-layout-lifecycle-derived-20260925/Build/Intermediates.noindex/PicPacKit.build/Test-iphonesimulator/PicPacAI.build/Objects-normal/arm64/PicPacAI.swiftmodule @/tmp/picpac-phase3-post-layout-lifecycle-derived-20260925/Build/Intermediates.noindex/PicPacKit.build/Test-iphonesimulator/PicPacAI.build/Objects-normal/arm64/PicPacAI-linker-args.resp -o /tmp/picpac-phase3-post-layout-lifecycle-derived-20260925/Build/Products/Test-iphonesimulator/PicPacAI.o

GenerateAssetSymbols /Users/bavabangaru/Developer/pic-pac-poe-ios-native-parity/ios/PicPacPoe/Assets.xcassets (in target 'PicPacPoe' from project 'PicPacPoe')
    cd /Users/bavabangaru/Developer/pic-pac-poe-ios-native-parity/ios
    /Applications/Xcode.app/Contents/Developer/usr/bin/actool /Users/bavabangaru/Developer/pic-pac-poe-ios-native-parity/ios/PicPacPoe/Assets.xcassets --compile /tmp/picpac-phase3-post-layout-lifecycle-derived-20260925/Build/Products/Test-iphonesimulator/PicPacPoe.app --output-format human-readable-text --notices --warnings --export-dependency-info /tmp/picpac-phase3-post-layout-lifecycle-derived-20260925/Build/Intermediates.noindex/PicPacPoe.build/Test-iphonesimulator/PicPacPoe.build/assetcatalog_dependencies --output-partial-info-plist /tmp/picpac-phase3-post-layout-lifecycle-derived-20260925/Build/Intermediates.noindex/PicPacPoe.build/Test-iphonesimulator/PicPacPoe.build/assetcatalog_generated_info.plist --app-icon AppIcon --compress-pngs --enable-on-demand-resources YES --development-region en --target-device iphone --target-device ipad --minimum-deployment-target 17.0 --platform iphonesimulator --bundle-identifier dev.saipranith.picpacpoe --generate-swift-asset-symbol-extensions NO --generate-swift-asset-symbols /tmp/picpac-phase3-post-layout-lifecycle-derived-20260925/Build/Intermediates.noindex/PicPacPoe.build/Test-iphonesimulator/PicPacPoe.build/DerivedSources/GeneratedAssetSymbols.swift --generate-objc-asset-symbols /tmp/picpac-phase3-post-layout-lifecycle-derived-20260925/Build/Intermediates.noindex/PicPacPoe.build/Test-iphonesimulator/PicPacPoe.build/DerivedSources/GeneratedAssetSymbols.h --generate-asset-symbol-index /tmp/picpac-phase3-post-layout-lifecycle-derived-20260925/Build/Intermediates.noindex/PicPacPoe.build/Test-iphonesimulator/PicPacPoe.build/DerivedSources/GeneratedAssetSymbols-Index.plist
/* com.apple.actool.compilation-results */
/tmp/picpac-phase3-post-layout-lifecycle-derived-20260925/Build/Intermediates.noindex/PicPacPoe.build/Test-iphonesimulator/PicPacPoe.build/DerivedSources/GeneratedAssetSymbols-Index.plist
/tmp/picpac-phase3-post-layout-lifecycle-derived-20260925/Build/Intermediates.noindex/PicPacPoe.build/Test-iphonesimulator/PicPacPoe.build/DerivedSources/GeneratedAssetSymbols.h
/tmp/picpac-phase3-post-layout-lifecycle-derived-20260925/Build/Intermediates.noindex/PicPacPoe.build/Test-iphonesimulator/PicPacPoe.build/DerivedSources/GeneratedAssetSymbols.swift


MkDir /tmp/picpac-phase3-post-layout-lifecycle-derived-20260925/Build/Intermediates.noindex/PicPacPoe.build/Test-iphonesimulator/PicPacPoe.build/assetcatalog_output/unthinned (in target 'PicPacPoe' from project 'PicPacPoe')
    cd /Users/bavabangaru/Developer/pic-pac-poe-ios-native-parity/ios
    /bin/mkdir -p /tmp/picpac-phase3-post-layout-lifecycle-derived-20260925/Build/Intermediates.noindex/PicPacPoe.build/Test-iphonesimulator/PicPacPoe.build/assetcatalog_output/unthinned

MkDir /tmp/picpac-phase3-post-layout-lifecycle-derived-20260925/Build/Intermediates.noindex/PicPacPoe.build/Test-iphonesimulator/PicPacPoe.build/assetcatalog_output/thinned (in target 'PicPacPoe' from project 'PicPacPoe')
    cd /Users/bavabangaru/Developer/pic-pac-poe-ios-native-parity/ios
    /bin/mkdir -p /tmp/picpac-phase3-post-layout-lifecycle-derived-20260925/Build/Intermediates.noindex/PicPacPoe.build/Test-iphonesimulator/PicPacPoe.build/assetcatalog_output/thinned

CompileAssetCatalogVariant thinned /tmp/picpac-phase3-post-layout-lifecycle-derived-20260925/Build/Products/Test-iphonesimulator/PicPacPoe.app /Users/bavabangaru/Developer/pic-pac-poe-ios-native-parity/ios/PicPacPoe/Assets.xcassets (in target 'PicPacPoe' from project 'PicPacPoe')
    cd /Users/bavabangaru/Developer/pic-pac-poe-ios-native-parity/ios
    /Applications/Xcode.app/Contents/Developer/usr/bin/actool /Users/bavabangaru/Developer/pic-pac-poe-ios-native-parity/ios/PicPacPoe/Assets.xcassets --compile /tmp/picpac-phase3-post-layout-lifecycle-derived-20260925/Build/Intermediates.noindex/PicPacPoe.build/Test-iphonesimulator/PicPacPoe.build/assetcatalog_output/thinned --output-format human-readable-text --notices --warnings --export-dependency-info /tmp/picpac-phase3-post-layout-lifecycle-derived-20260925/Build/Intermediates.noindex/PicPacPoe.build/Test-iphonesimulator/PicPacPoe.build/assetcatalog_dependencies_thinned --output-partial-info-plist /tmp/picpac-phase3-post-layout-lifecycle-derived-20260925/Build/Intermediates.noindex/PicPacPoe.build/Test-iphonesimulator/PicPacPoe.build/assetcatalog_generated_info.plist_thinned --app-icon AppIcon --compress-pngs --enable-on-demand-resources YES --filter-for-thinning-device-configuration iPhone18,1 --filter-for-device-os-version 26.5 --development-region en --target-device iphone --target-device ipad --minimum-deployment-target 17.0 --platform iphonesimulator
/* com.apple.actool.compilation-results */
/tmp/picpac-phase3-post-layout-lifecycle-derived-20260925/Build/Intermediates.noindex/PicPacPoe.build/Test-iphonesimulator/PicPacPoe.build/assetcatalog_generated_info.plist_thinned
/tmp/picpac-phase3-post-layout-lifecycle-derived-20260925/Build/Intermediates.noindex/PicPacPoe.build/Test-iphonesimulator/PicPacPoe.build/assetcatalog_output/thinned/AppIcon60x60@2x.png
/tmp/picpac-phase3-post-layout-lifecycle-derived-20260925/Build/Intermediates.noindex/PicPacPoe.build/Test-iphonesimulator/PicPacPoe.build/assetcatalog_output/thinned/AppIcon76x76@2x~ipad.png
/tmp/picpac-phase3-post-layout-lifecycle-derived-20260925/Build/Intermediates.noindex/PicPacPoe.build/Test-iphonesimulator/PicPacPoe.build/assetcatalog_output/thinned/Assets.car


ExtractAppIntentsMetadata (in target 'PicPacAI' from project 'PicPacKit')
    cd /Users/bavabangaru/Developer/pic-pac-poe-ios-native-parity/ios/Packages/PicPacKit
    /Applications/Xcode.app/Contents/Developer/Toolchains/XcodeDefault.xctoolchain/usr/bin/appintentsmetadataprocessor --toolchain-dir /Applications/Xcode.app/Contents/Developer/Toolchains/XcodeDefault.xctoolchain --module-name PicPacAI --sdk-root /Applications/Xcode.app/Contents/Developer/Platforms/iPhoneSimulator.platform/Developer/SDKs/iPhoneSimulator26.5.sdk --xcode-version 17F113 --platform-family iOS --deployment-target 17.0 --bundle-identifier picpackit.PicPacAI --output /tmp/picpac-phase3-post-layout-lifecycle-derived-20260925/Build/Products/Test-iphonesimulator/PicPacAI.appintents --target-triple arm64-apple-ios17.0-simulator --binary-file /tmp/picpac-phase3-post-layout-lifecycle-derived-20260925/Build/Products/Test-iphonesimulator/PicPacAI.o --dependency-file /tmp/picpac-phase3-post-layout-lifecycle-derived-20260925/Build/Intermediates.noindex/PicPacKit.build/Test-iphonesimulator/PicPacAI.build/Objects-normal/arm64/PicPacAI_dependency_info.dat --stringsdata-file /tmp/picpac-phase3-post-layout-lifecycle-derived-20260925/Build/Intermediates.noindex/PicPacKit.build/Test-iphonesimulator/PicPacAI.build/Objects-normal/arm64/ExtractedAppShortcutsMetadata.stringsdata --source-file-list /tmp/picpac-phase3-post-layout-lifecycle-derived-20260925/Build/Intermediates.noindex/PicPacKit.build/Test-iphonesimulator/PicPacAI.build/Objects-normal/arm64/PicPacAI.SwiftFileList --metadata-file-list /tmp/picpac-phase3-post-layout-lifecycle-derived-20260925/Build/Intermediates.noindex/PicPacKit.build/Test-iphonesimulator/PicPacAI.build/PicPacAI.DependencyMetadataFileList --static-metadata-file-list /tmp/picpac-phase3-post-layout-lifecycle-derived-20260925/Build/Intermediates.noindex/PicPacKit.build/Test-iphonesimulator/PicPacAI.build/PicPacAI.DependencyStaticMetadataFileList --swift-const-vals-list /tmp/picpac-phase3-post-layout-lifecycle-derived-20260925/Build/Intermediates.noindex/PicPacKit.build/Test-iphonesimulator/PicPacAI.build/Objects-normal/arm64/PicPacAI.SwiftConstValuesFileList --force --compile-time-extraction --deployment-aware-processing --validate-assistant-intents --no-app-shortcuts-localization
2026-09-25 06:58:33.004 appintentsmetadataprocessor[18193:116156909] Starting appintentsmetadataprocessor export
2026-09-25 06:58:33.015 appintentsmetadataprocessor[18193:116156909] Extracted no relevant App Intents symbols, skipping writing output

RegisterExecutionPolicyException /tmp/picpac-phase3-post-layout-lifecycle-derived-20260925/Build/Products/Test-iphonesimulator/PicPacAI.o (in target 'PicPacAI' from project 'PicPacKit')
    cd /Users/bavabangaru/Developer/pic-pac-poe-ios-native-parity/ios/Packages/PicPacKit
    builtin-RegisterExecutionPolicyException /tmp/picpac-phase3-post-layout-lifecycle-derived-20260925/Build/Products/Test-iphonesimulator/PicPacAI.o

CpResource /tmp/picpac-phase3-post-layout-lifecycle-derived-20260925/Build/Products/Test-iphonesimulator/PicPacPoe.app/fredoka-OFL.txt /Users/bavabangaru/Developer/pic-pac-poe-ios-native-parity/app/src/main/assets/licenses/fredoka-OFL.txt (in target 'PicPacPoe' from project 'PicPacPoe')
    cd /Users/bavabangaru/Developer/pic-pac-poe-ios-native-parity/ios
    builtin-copy -exclude .DS_Store -exclude CVS -exclude .svn -exclude .git -exclude .hg -resolve-src-symlinks /Users/bavabangaru/Developer/pic-pac-poe-ios-native-parity/app/src/main/assets/licenses/fredoka-OFL.txt /tmp/picpac-phase3-post-layout-lifecycle-derived-20260925/Build/Products/Test-iphonesimulator/PicPacPoe.app

CpResource /tmp/picpac-phase3-post-layout-lifecycle-derived-20260925/Build/Products/Test-iphonesimulator/PicPacPoe.app/fredoka_semibold.ttf /Users/bavabangaru/Developer/pic-pac-poe-ios-native-parity/app/src/main/res/font/fredoka_semibold.ttf (in target 'PicPacPoe' from project 'PicPacPoe')
    cd /Users/bavabangaru/Developer/pic-pac-poe-ios-native-parity/ios
    builtin-copy -exclude .DS_Store -exclude CVS -exclude .svn -exclude .git -exclude .hg -resolve-src-symlinks /Users/bavabangaru/Developer/pic-pac-poe-ios-native-parity/app/src/main/res/font/fredoka_semibold.ttf /tmp/picpac-phase3-post-layout-lifecycle-derived-20260925/Build/Products/Test-iphonesimulator/PicPacPoe.app

CpResource /tmp/picpac-phase3-post-layout-lifecycle-derived-20260925/Build/Products/Test-iphonesimulator/PicPacPoe.app/fredoka_medium.ttf /Users/bavabangaru/Developer/pic-pac-poe-ios-native-parity/app/src/main/res/font/fredoka_medium.ttf (in target 'PicPacPoe' from project 'PicPacPoe')
    cd /Users/bavabangaru/Developer/pic-pac-poe-ios-native-parity/ios
    builtin-copy -exclude .DS_Store -exclude CVS -exclude .svn -exclude .git -exclude .hg -resolve-src-symlinks /Users/bavabangaru/Developer/pic-pac-poe-ios-native-parity/app/src/main/res/font/fredoka_medium.ttf /tmp/picpac-phase3-post-layout-lifecycle-derived-20260925/Build/Products/Test-iphonesimulator/PicPacPoe.app

Copy /tmp/picpac-phase3-post-layout-lifecycle-derived-20260925/Build/Products/Test-iphonesimulator/PicPacPoe.app/PicPacKit_PicPacAI.bundle /tmp/picpac-phase3-post-layout-lifecycle-derived-20260925/Build/Products/Test-iphonesimulator/PicPacKit_PicPacAI.bundle (in target 'PicPacPoe' from project 'PicPacPoe')
    cd /Users/bavabangaru/Developer/pic-pac-poe-ios-native-parity/ios
    builtin-copy -exclude .DS_Store -exclude CVS -exclude .svn -exclude .git -exclude .hg -resolve-src-symlinks /tmp/picpac-phase3-post-layout-lifecycle-derived-20260925/Build/Products/Test-iphonesimulator/PicPacKit_PicPacAI.bundle /tmp/picpac-phase3-post-layout-lifecycle-derived-20260925/Build/Products/Test-iphonesimulator/PicPacPoe.app

Copy /tmp/picpac-phase3-post-layout-lifecycle-derived-20260925/Build/Products/Test-iphonesimulator/PicPacPoe.app/Frameworks/libXCTestSwiftSupport.dylib /Applications/Xcode.app/Contents/Developer/Platforms/iPhoneSimulator.platform/Developer/usr/lib/libXCTestSwiftSupport.dylib (in target 'PicPacPoe' from project 'PicPacPoe')
    cd /Users/bavabangaru/Developer/pic-pac-poe-ios-native-parity/ios
    builtin-copy -exclude .DS_Store -exclude CVS -exclude .svn -exclude .git -exclude .hg -exclude Headers -exclude PrivateHeaders -exclude Modules -exclude \*.tbd -resolve-src-symlinks /Applications/Xcode.app/Contents/Developer/Platforms/iPhoneSimulator.platform/Developer/usr/lib/libXCTestSwiftSupport.dylib /tmp/picpac-phase3-post-layout-lifecycle-derived-20260925/Build/Products/Test-iphonesimulator/PicPacPoe.app/Frameworks

Copy /tmp/picpac-phase3-post-layout-lifecycle-derived-20260925/Build/Products/Test-iphonesimulator/PicPacPoe.app/Frameworks/libXCTestBundleInject.dylib /Applications/Xcode.app/Contents/Developer/Platforms/iPhoneSimulator.platform/Developer/usr/lib/libXCTestBundleInject.dylib (in target 'PicPacPoe' from project 'PicPacPoe')
    cd /Users/bavabangaru/Developer/pic-pac-poe-ios-native-parity/ios
    builtin-copy -exclude .DS_Store -exclude CVS -exclude .svn -exclude .git -exclude .hg -exclude Headers -exclude PrivateHeaders -exclude Modules -exclude \*.tbd -resolve-src-symlinks /Applications/Xcode.app/Contents/Developer/Platforms/iPhoneSimulator.platform/Developer/usr/lib/libXCTestBundleInject.dylib /tmp/picpac-phase3-post-layout-lifecycle-derived-20260925/Build/Products/Test-iphonesimulator/PicPacPoe.app/Frameworks

Copy /tmp/picpac-phase3-post-layout-lifecycle-derived-20260925/Build/Products/Test-iphonesimulator/PicPacPoe.app/Frameworks/XCUnit.framework /Applications/Xcode.app/Contents/Developer/Platforms/iPhoneSimulator.platform/Developer/Library/PrivateFrameworks/XCUnit.framework (in target 'PicPacPoe' from project 'PicPacPoe')
    cd /Users/bavabangaru/Developer/pic-pac-poe-ios-native-parity/ios
    builtin-copy -exclude .DS_Store -exclude CVS -exclude .svn -exclude .git -exclude .hg -exclude Headers -exclude PrivateHeaders -exclude Modules -exclude \*.tbd -resolve-src-symlinks /Applications/Xcode.app/Contents/Developer/Platforms/iPhoneSimulator.platform/Developer/Library/PrivateFrameworks/XCUnit.framework /tmp/picpac-phase3-post-layout-lifecycle-derived-20260925/Build/Products/Test-iphonesimulator/PicPacPoe.app/Frameworks

Copy /tmp/picpac-phase3-post-layout-lifecycle-derived-20260925/Build/Products/Test-iphonesimulator/PicPacPoe.app/Frameworks/XCUIAutomation.framework /Applications/Xcode.app/Contents/Developer/Platforms/iPhoneSimulator.platform/Developer/Library/Frameworks/XCUIAutomation.framework (in target 'PicPacPoe' from project 'PicPacPoe')
    cd /Users/bavabangaru/Developer/pic-pac-poe-ios-native-parity/ios
    builtin-copy -exclude .DS_Store -exclude CVS -exclude .svn -exclude .git -exclude .hg -exclude Headers -exclude PrivateHeaders -exclude Modules -exclude \*.tbd -resolve-src-symlinks /Applications/Xcode.app/Contents/Developer/Platforms/iPhoneSimulator.platform/Developer/Library/Frameworks/XCUIAutomation.framework /tmp/picpac-phase3-post-layout-lifecycle-derived-20260925/Build/Products/Test-iphonesimulator/PicPacPoe.app/Frameworks

Copy /tmp/picpac-phase3-post-layout-lifecycle-derived-20260925/Build/Products/Test-iphonesimulator/PicPacPoe.app/Frameworks/XCTestSupport.framework /Applications/Xcode.app/Contents/Developer/Platforms/iPhoneSimulator.platform/Developer/Library/PrivateFrameworks/XCTestSupport.framework (in target 'PicPacPoe' from project 'PicPacPoe')
    cd /Users/bavabangaru/Developer/pic-pac-poe-ios-native-parity/ios
    builtin-copy -exclude .DS_Store -exclude CVS -exclude .svn -exclude .git -exclude .hg -exclude Headers -exclude PrivateHeaders -exclude Modules -exclude \*.tbd -resolve-src-symlinks /Applications/Xcode.app/Contents/Developer/Platforms/iPhoneSimulator.platform/Developer/Library/PrivateFrameworks/XCTestSupport.framework /tmp/picpac-phase3-post-layout-lifecycle-derived-20260925/Build/Products/Test-iphonesimulator/PicPacPoe.app/Frameworks

Copy /tmp/picpac-phase3-post-layout-lifecycle-derived-20260925/Build/Products/Test-iphonesimulator/PicPacPoe.app/Frameworks/XCTestCore.framework /Applications/Xcode.app/Contents/Developer/Platforms/iPhoneSimulator.platform/Developer/Library/PrivateFrameworks/XCTestCore.framework (in target 'PicPacPoe' from project 'PicPacPoe')
    cd /Users/bavabangaru/Developer/pic-pac-poe-ios-native-parity/ios
    builtin-copy -exclude .DS_Store -exclude CVS -exclude .svn -exclude .git -exclude .hg -exclude Headers -exclude PrivateHeaders -exclude Modules -exclude \*.tbd -resolve-src-symlinks /Applications/Xcode.app/Contents/Developer/Platforms/iPhoneSimulator.platform/Developer/Library/PrivateFrameworks/XCTestCore.framework /tmp/picpac-phase3-post-layout-lifecycle-derived-20260925/Build/Products/Test-iphonesimulator/PicPacPoe.app/Frameworks

Ld /tmp/picpac-phase3-post-layout-lifecycle-derived-20260925/Build/Products/Test-iphonesimulator/PicPacPoe.app/__preview.dylib normal (in target 'PicPacPoe' from project 'PicPacPoe')
    cd /Users/bavabangaru/Developer/pic-pac-poe-ios-native-parity/ios
    /Applications/Xcode.app/Contents/Developer/Toolchains/XcodeDefault.xctoolchain/usr/bin/clang -Xlinker -reproducible -target arm64-apple-ios17.0-simulator -dynamiclib -isysroot /Applications/Xcode.app/Contents/Developer/Platforms/iPhoneSimulator.platform/Developer/SDKs/iPhoneSimulator26.5.sdk -O0 -L/tmp/picpac-phase3-post-layout-lifecycle-derived-20260925/Build/Products/Test-iphonesimulator -F/tmp/picpac-phase3-post-layout-lifecycle-derived-20260925/Build/Products/Test-iphonesimulator/PackageFrameworks -F/tmp/picpac-phase3-post-layout-lifecycle-derived-20260925/Build/Products/Test-iphonesimulator/PackageFrameworks -F/tmp/picpac-phase3-post-layout-lifecycle-derived-20260925/Build/Products/Test-iphonesimulator/PackageFrameworks -F/tmp/picpac-phase3-post-layout-lifecycle-derived-20260925/Build/Products/Test-iphonesimulator -install_name @rpath/PicPacPoe.debug.dylib -Xlinker -dead_strip -rdynamic -Xlinker -no_deduplicate -Xlinker -objc_abi_version -Xlinker 2 -Xlinker -debug_variant -Xlinker -dependency_info -Xlinker /tmp/picpac-phase3-post-layout-lifecycle-derived-20260925/Build/Intermediates.noindex/PicPacPoe.build/Test-iphonesimulator/PicPacPoe.build/Objects-normal/arm64/PicPacPoe_dependency_info.dat -o /tmp/picpac-phase3-post-layout-lifecycle-derived-20260925/Build/Products/Test-iphonesimulator/PicPacPoe.app/__preview.dylib

Copy /tmp/picpac-phase3-post-layout-lifecycle-derived-20260925/Build/Products/Test-iphonesimulator/PicPacPoe.app/Frameworks/XCTest.framework /Applications/Xcode.app/Contents/Developer/Platforms/iPhoneSimulator.platform/Developer/Library/Frameworks/XCTest.framework (in target 'PicPacPoe' from project 'PicPacPoe')
    cd /Users/bavabangaru/Developer/pic-pac-poe-ios-native-parity/ios
    builtin-copy -exclude .DS_Store -exclude CVS -exclude .svn -exclude .git -exclude .hg -exclude Headers -exclude PrivateHeaders -exclude Modules -exclude \*.tbd -resolve-src-symlinks /Applications/Xcode.app/Contents/Developer/Platforms/iPhoneSimulator.platform/Developer/Library/Frameworks/XCTest.framework /tmp/picpac-phase3-post-layout-lifecycle-derived-20260925/Build/Products/Test-iphonesimulator/PicPacPoe.app/Frameworks

Copy /tmp/picpac-phase3-post-layout-lifecycle-derived-20260925/Build/Products/Test-iphonesimulator/PicPacPoe.app/Frameworks/XCTAutomationSupport.framework /Applications/Xcode.app/Contents/Developer/Platforms/iPhoneSimulator.platform/Developer/Library/PrivateFrameworks/XCTAutomationSupport.framework (in target 'PicPacPoe' from project 'PicPacPoe')
    cd /Users/bavabangaru/Developer/pic-pac-poe-ios-native-parity/ios
    builtin-copy -exclude .DS_Store -exclude CVS -exclude .svn -exclude .git -exclude .hg -exclude Headers -exclude PrivateHeaders -exclude Modules -exclude \*.tbd -resolve-src-symlinks /Applications/Xcode.app/Contents/Developer/Platforms/iPhoneSimulator.platform/Developer/Library/PrivateFrameworks/XCTAutomationSupport.framework /tmp/picpac-phase3-post-layout-lifecycle-derived-20260925/Build/Products/Test-iphonesimulator/PicPacPoe.app/Frameworks

Copy /tmp/picpac-phase3-post-layout-lifecycle-derived-20260925/Build/Products/Test-iphonesimulator/PicPacPoe.app/Frameworks/Testing.framework /Applications/Xcode.app/Contents/Developer/Platforms/iPhoneSimulator.platform/Developer/Library/Frameworks/Testing.framework (in target 'PicPacPoe' from project 'PicPacPoe')
    cd /Users/bavabangaru/Developer/pic-pac-poe-ios-native-parity/ios
    builtin-copy -exclude .DS_Store -exclude CVS -exclude .svn -exclude .git -exclude .hg -exclude Headers -exclude PrivateHeaders -exclude Modules -exclude \*.tbd -resolve-src-symlinks /Applications/Xcode.app/Contents/Developer/Platforms/iPhoneSimulator.platform/Developer/Library/Frameworks/Testing.framework /tmp/picpac-phase3-post-layout-lifecycle-derived-20260925/Build/Products/Test-iphonesimulator/PicPacPoe.app/Frameworks

Copy /tmp/picpac-phase3-post-layout-lifecycle-derived-20260925/Build/Products/Test-iphonesimulator/PicPacPoe.app/Frameworks/PicPacPresentation_-6026B0FB22E351C2_PackageProduct.framework /tmp/picpac-phase3-post-layout-lifecycle-derived-20260925/Build/Products/Test-iphonesimulator/PackageFrameworks/PicPacPresentation_-6026B0FB22E351C2_PackageProduct.framework (in target 'PicPacPoe' from project 'PicPacPoe')
    cd /Users/bavabangaru/Developer/pic-pac-poe-ios-native-parity/ios
    builtin-copy -exclude .DS_Store -exclude CVS -exclude .svn -exclude .git -exclude .hg -resolve-src-symlinks -remove-static-executable /tmp/picpac-phase3-post-layout-lifecycle-derived-20260925/Build/Products/Test-iphonesimulator/PackageFrameworks/PicPacPresentation_-6026B0FB22E351C2_PackageProduct.framework /tmp/picpac-phase3-post-layout-lifecycle-derived-20260925/Build/Products/Test-iphonesimulator/PicPacPoe.app/Frameworks

SwiftDriver PicPacPoe normal arm64 com.apple.xcode.tools.swift.compiler (in target 'PicPacPoe' from project 'PicPacPoe')
    cd /Users/bavabangaru/Developer/pic-pac-poe-ios-native-parity/ios
    builtin-SwiftDriver -- /Applications/Xcode.app/Contents/Developer/Toolchains/XcodeDefault.xctoolchain/usr/bin/swiftc -module-name PicPacPoe -Onone @/tmp/picpac-phase3-post-layout-lifecycle-derived-20260925/Build/Intermediates.noindex/PicPacPoe.build/Test-iphonesimulator/PicPacPoe.build/Objects-normal/arm64/PicPacPoe.SwiftFileList -DTESTING -DDEBUG -enable-experimental-feature DebugDescriptionMacro -sdk /Applications/Xcode.app/Contents/Developer/Platforms/iPhoneSimulator.platform/Developer/SDKs/iPhoneSimulator26.5.sdk -target arm64-apple-ios17.0-simulator -g -module-cache-path /tmp/picpac-phase3-post-layout-lifecycle-derived-20260925/ModuleCache.noindex -Xfrontend -serialize-debugging-options -profile-coverage-mapping -profile-generate -enable-testing -index-store-path /tmp/picpac-phase3-post-layout-lifecycle-derived-20260925/Index.noindex/DataStore -Xcc -D_LIBCPP_HARDENING_MODE\=_LIBCPP_HARDENING_MODE_DEBUG -swift-version 6 -I /tmp/picpac-phase3-post-layout-lifecycle-derived-20260925/Build/Products/Test-iphonesimulator -F /tmp/picpac-phase3-post-layout-lifecycle-derived-20260925/Build/Products/Test-iphonesimulator/PackageFrameworks -F /tmp/picpac-phase3-post-layout-lifecycle-derived-20260925/Build/Products/Test-iphonesimulator/PackageFrameworks -F /tmp/picpac-phase3-post-layout-lifecycle-derived-20260925/Build/Products/Test-iphonesimulator/PackageFrameworks -F /tmp/picpac-phase3-post-layout-lifecycle-derived-20260925/Build/Products/Test-iphonesimulator -emit-localized-strings -emit-localized-strings-path /tmp/picpac-phase3-post-layout-lifecycle-derived-20260925/Build/Intermediates.noindex/PicPacPoe.build/Test-iphonesimulator/PicPacPoe.build/Objects-normal/arm64 -c -j12 -enable-batch-mode -incremental -Xcc -ivfsstatcache -Xcc /tmp/picpac-phase3-post-layout-lifecycle-derived-20260925/SDKStatCaches.noindex/iphonesimulator26.5-23F81a-6cfe768891a92b912361537c460fe42b.sdkstatcache -output-file-map /tmp/picpac-phase3-post-layout-lifecycle-derived-20260925/Build/Intermediates.noindex/PicPacPoe.build/Test-iphonesimulator/PicPacPoe.build/Objects-normal/arm64/PicPacPoe-OutputFileMap.json -use-frontend-parseable-output -save-temps -no-color-diagnostics -explicit-module-build -module-cache-path /tmp/picpac-phase3-post-layout-lifecycle-derived-20260925/Build/Intermediates.noindex/SwiftExplicitPrecompiledModules -clang-scanner-module-cache-path /tmp/picpac-phase3-post-layout-lifecycle-derived-20260925/ModuleCache.noindex -sdk-module-cache-path /tmp/picpac-phase3-post-layout-lifecycle-derived-20260925/ModuleCache.noindex -serialize-diagnostics -emit-dependencies -emit-module -emit-module-path /tmp/picpac-phase3-post-layout-lifecycle-derived-20260925/Build/Intermediates.noindex/PicPacPoe.build/Test-iphonesimulator/PicPacPoe.build/Objects-normal/arm64/PicPacPoe.swiftmodule -validate-clang-modules-once -clang-build-session-file /tmp/picpac-phase3-post-layout-lifecycle-derived-20260925/ModuleCache.noindex/Session.modulevalidation -Xcc -I/tmp/picpac-phase3-post-layout-lifecycle-derived-20260925/Build/Intermediates.noindex/PicPacPoe.build/Test-iphonesimulator/PicPacPoe.build/swift-overrides.hmap -emit-const-values -Xfrontend -const-gather-protocols-file -Xfrontend /tmp/picpac-phase3-post-layout-lifecycle-derived-20260925/Build/Intermediates.noindex/PicPacPoe.build/Test-iphonesimulator/PicPacPoe.build/Objects-normal/arm64/PicPacPoe_const_extract_protocols.json -Xcc -iquote -Xcc /tmp/picpac-phase3-post-layout-lifecycle-derived-20260925/Build/Intermediates.noindex/PicPacPoe.build/Test-iphonesimulator/PicPacPoe.build/PicPacPoe-generated-files.hmap -Xcc -I/tmp/picpac-phase3-post-layout-lifecycle-derived-20260925/Build/Intermediates.noindex/PicPacPoe.build/Test-iphonesimulator/PicPacPoe.build/PicPacPoe-own-target-headers.hmap -Xcc -I/tmp/picpac-phase3-post-layout-lifecycle-derived-20260925/Build/Intermediates.noindex/PicPacPoe.build/Test-iphonesimulator/PicPacPoe.build/PicPacPoe-all-non-framework-target-headers.hmap -Xcc -ivfsoverlay -Xcc /tmp/picpac-phase3-post-layout-lifecycle-derived-20260925/Build/Intermediates.noindex/PicPacPoe.build/Test-iphonesimulator/PicPacPoe-90eff2f9d9e8600d7e53134acd1cb833-VFS-iphonesimulator/all-product-headers.yaml -Xcc -iquote -Xcc /tmp/picpac-phase3-post-layout-lifecycle-derived-20260925/Build/Intermediates.noindex/PicPacPoe.build/Test-iphonesimulator/PicPacPoe.build/PicPacPoe-project-headers.hmap -Xcc -I/tmp/picpac-phase3-post-layout-lifecycle-derived-20260925/Build/Products/Test-iphonesimulator/include -Xcc -I/tmp/picpac-phase3-post-layout-lifecycle-derived-20260925/Build/Intermediates.noindex/PicPacPoe.build/Test-iphonesimulator/PicPacPoe.build/DerivedSources-normal/arm64 -Xcc -I/tmp/picpac-phase3-post-layout-lifecycle-derived-20260925/Build/Intermediates.noindex/PicPacPoe.build/Test-iphonesimulator/PicPacPoe.build/DerivedSources/arm64 -Xcc -I/tmp/picpac-phase3-post-layout-lifecycle-derived-20260925/Build/Intermediates.noindex/PicPacPoe.build/Test-iphonesimulator/PicPacPoe.build/DerivedSources -emit-objc-header -emit-objc-header-path /tmp/picpac-phase3-post-layout-lifecycle-derived-20260925/Build/Intermediates.noindex/PicPacPoe.build/Test-iphonesimulator/PicPacPoe.build/Objects-normal/arm64/PicPacPoe-Swift.h -working-directory /Users/bavabangaru/Developer/pic-pac-poe-ios-native-parity/ios -experimental-emit-module-separately -disable-cmo

SwiftExplicitDependencyGeneratePcm arm64 /tmp/picpac-phase3-post-layout-lifecycle-derived-20260925/ModuleCache.noindex/_Builtin_stdarg-8AODBQCGMCA33EYD5KSEP2G0E.pcm

SwiftExplicitDependencyGeneratePcm arm64 /tmp/picpac-phase3-post-layout-lifecycle-derived-20260925/ModuleCache.noindex/DeveloperToolsSupport-87I2MXUUCYT6KHXFDB63P5KVD.pcm

SwiftExplicitDependencyGeneratePcm arm64 /tmp/picpac-phase3-post-layout-lifecycle-derived-20260925/ModuleCache.noindex/_SwiftConcurrencyShims-BZBVDTJ5R3KUSE1ZD8S351ON3.pcm

SwiftExplicitDependencyGeneratePcm arm64 /tmp/picpac-phase3-post-layout-lifecycle-derived-20260925/ModuleCache.noindex/_AvailabilityInternal-29OJRQAQW4JUE4W0BZUETQW5E.pcm

SwiftExplicitDependencyGeneratePcm arm64 /tmp/picpac-phase3-post-layout-lifecycle-derived-20260925/ModuleCache.noindex/_Builtin_stdbool-3TJIUWM87HW8Y2ZPCRDXAVQUY.pcm

SwiftExplicitDependencyGeneratePcm arm64 /tmp/picpac-phase3-post-layout-lifecycle-derived-20260925/ModuleCache.noindex/_Builtin_float-1WSBHIYUXYFQ34XUVCPC6DZE8.pcm

SwiftExplicitDependencyGeneratePcm arm64 /tmp/picpac-phase3-post-layout-lifecycle-derived-20260925/ModuleCache.noindex/ptrauth-4ZP9B5I7B7IJIFKI139JAJ3O9.pcm

SwiftExplicitDependencyGeneratePcm arm64 /tmp/picpac-phase3-post-layout-lifecycle-derived-20260925/ModuleCache.noindex/SwiftShims-83CFJR9KFLQAVR5VULI686VEQ.pcm

SwiftExplicitDependencyGeneratePcm arm64 /tmp/picpac-phase3-post-layout-lifecycle-derived-20260925/ModuleCache.noindex/ptrcheck-B0FY7BU2BN30HLEV3VR2U80RB.pcm

SwiftExplicitDependencyGeneratePcm arm64 /tmp/picpac-phase3-post-layout-lifecycle-derived-20260925/ModuleCache.noindex/_Builtin_stddef-D1RC51F6R0JBXM4AID2DIDFMG.pcm

SwiftExplicitDependencyGeneratePcm arm64 /tmp/picpac-phase3-post-layout-lifecycle-derived-20260925/ModuleCache.noindex/_DarwinFoundation1-2REFZC130CLK2YIB4ISY8YJYS.pcm

SwiftExplicitDependencyGeneratePcm arm64 /tmp/picpac-phase3-post-layout-lifecycle-derived-20260925/ModuleCache.noindex/_DarwinFoundation2-F0N0GSZNC2PHZY0C9YPW2YG5T.pcm

SwiftExplicitDependencyGeneratePcm arm64 /tmp/picpac-phase3-post-layout-lifecycle-derived-20260925/ModuleCache.noindex/_Builtin_limits-C8PA0GQMAU6RIUASFB6KSHWUN.pcm

SwiftExplicitDependencyGeneratePcm arm64 /tmp/picpac-phase3-post-layout-lifecycle-derived-20260925/ModuleCache.noindex/_Builtin_tgmath-1AQ1A8FYLB1HNTD0HXI06DVAI.pcm

SwiftExplicitDependencyGeneratePcm arm64 /tmp/picpac-phase3-post-layout-lifecycle-derived-20260925/ModuleCache.noindex/_Builtin_stdint-9HQ6AV5IZBN0X1ZHQNIZLEWLA.pcm

SwiftExplicitDependencyGeneratePcm arm64 /tmp/picpac-phase3-post-layout-lifecycle-derived-20260925/ModuleCache.noindex/sys_types-6O3EM57ZVMRH4E0Y2ZUAWIX16.pcm

SwiftExplicitDependencyGeneratePcm arm64 /tmp/picpac-phase3-post-layout-lifecycle-derived-20260925/ModuleCache.noindex/_DarwinFoundation3-9JAG749YJWLO8HHW6LECNGV0H.pcm

SwiftExplicitDependencyGeneratePcm arm64 /tmp/picpac-phase3-post-layout-lifecycle-derived-20260925/ModuleCache.noindex/_Builtin_intrinsics-EKGC3UXCE3F0MWN7B5FHPT94G.pcm

SwiftExplicitDependencyGeneratePcm arm64 /tmp/picpac-phase3-post-layout-lifecycle-derived-20260925/ModuleCache.noindex/_Builtin_stdatomic-5IAIYUEIS421F7H8TW2HVG8TD.pcm

SwiftExplicitDependencyGeneratePcm arm64 /tmp/picpac-phase3-post-layout-lifecycle-derived-20260925/ModuleCache.noindex/_Builtin_inttypes-3XJ1MGMJOF91DOS022N7H6GFI.pcm

SwiftExplicitDependencyGeneratePcm arm64 /tmp/picpac-phase3-post-layout-lifecycle-derived-20260925/ModuleCache.noindex/Darwin-5AX4MBI47RI7LM2W6XBEAZOLW.pcm

SwiftExplicitDependencyGeneratePcm arm64 /tmp/picpac-phase3-post-layout-lifecycle-derived-20260925/ModuleCache.noindex/simd-8Y2R648BYDG3JXCNW1A6Y2UWI.pcm

SwiftExplicitDependencyGeneratePcm arm64 /tmp/picpac-phase3-post-layout-lifecycle-derived-20260925/ModuleCache.noindex/MachO-CX8YK9GGY4MI1NR10LP0N38N0.pcm

SwiftExplicitDependencyGeneratePcm arm64 /tmp/picpac-phase3-post-layout-lifecycle-derived-20260925/ModuleCache.noindex/ObjectiveC-F3ZUSI1BAQXT4Z0EXRSRRVDWI.pcm

SwiftExplicitDependencyGeneratePcm arm64 /tmp/picpac-phase3-post-layout-lifecycle-derived-20260925/ModuleCache.noindex/os_object-78UPQPRPOMVTYV0VAAEK75BH9.pcm

SwiftExplicitDependencyGeneratePcm arm64 /tmp/picpac-phase3-post-layout-lifecycle-derived-20260925/ModuleCache.noindex/os_workgroup-42O2678SOTSN9RQ3BKAMLGNX4.pcm

SwiftExplicitDependencyGeneratePcm arm64 /tmp/picpac-phase3-post-layout-lifecycle-derived-20260925/ModuleCache.noindex/Spatial-28ZTD7C5VL135FI6SN08CH29G.pcm

SwiftExplicitDependencyGeneratePcm arm64 /tmp/picpac-phase3-post-layout-lifecycle-derived-20260925/ModuleCache.noindex/Dispatch-CXRZ3QU8W97PM6EH1DC5TLUFI.pcm

SwiftExplicitDependencyGeneratePcm arm64 /tmp/picpac-phase3-post-layout-lifecycle-derived-20260925/ModuleCache.noindex/dnssd-Y2P61YWN4QUDM8V41NZT5G9G.pcm

SwiftExplicitDependencyGeneratePcm arm64 /tmp/picpac-phase3-post-layout-lifecycle-derived-20260925/ModuleCache.noindex/XPC-7KB4VC3HYD1BYYADBCH0J0A4N.pcm

SwiftExplicitDependencyGeneratePcm arm64 /tmp/picpac-phase3-post-layout-lifecycle-derived-20260925/ModuleCache.noindex/CoreFoundation-1I3HGN4F56Q79KMQJDMKXZ31K.pcm

SwiftExplicitDependencyGeneratePcm arm64 /tmp/picpac-phase3-post-layout-lifecycle-derived-20260925/ModuleCache.noindex/os-8VRBWMY5T2EIJYX0EGR4YM8S5.pcm

SwiftExplicitDependencyGeneratePcm arm64 /tmp/picpac-phase3-post-layout-lifecycle-derived-20260925/ModuleCache.noindex/CoreGraphics-1GAUY1H5JEPCLXS05P0NGLXZZ.pcm

SwiftExplicitDependencyGeneratePcm arm64 /tmp/picpac-phase3-post-layout-lifecycle-derived-20260925/ModuleCache.noindex/CFNetwork-E2TTFODTZU4VZ494W38JL5G63.pcm

SwiftExplicitDependencyGeneratePcm arm64 /tmp/picpac-phase3-post-layout-lifecycle-derived-20260925/ModuleCache.noindex/Security-RLF5M50W3N8JT9JBF8SJYVQO.pcm

SwiftExplicitDependencyGeneratePcm arm64 /tmp/picpac-phase3-post-layout-lifecycle-derived-20260925/ModuleCache.noindex/CoreAudioTypes-AR18RUDBPIQMHMLXPNEEQ2AT8.pcm

SwiftExplicitDependencyGeneratePcm arm64 /tmp/picpac-phase3-post-layout-lifecycle-derived-20260925/ModuleCache.noindex/CoreAudio-82IWVI2W7YYNODIV5FYF3F9QW.pcm

SwiftExplicitDependencyGeneratePcm arm64 /tmp/picpac-phase3-post-layout-lifecycle-derived-20260925/ModuleCache.noindex/Foundation-DXQLDPXPXH0WCZRDLPXW6X06Y.pcm

SwiftExplicitDependencyGeneratePcm arm64 /tmp/picpac-phase3-post-layout-lifecycle-derived-20260925/ModuleCache.noindex/CoreText-8XNN5Y2PM359VEMOLKOU64QFF.pcm

SwiftExplicitDependencyGeneratePcm arm64 /tmp/picpac-phase3-post-layout-lifecycle-derived-20260925/ModuleCache.noindex/ImageIO-3SJAG73HRM9Y1N8EO2PCKU8MO.pcm

SwiftExplicitDependencyGeneratePcm arm64 /tmp/picpac-phase3-post-layout-lifecycle-derived-20260925/ModuleCache.noindex/CoreTransferable-46SSX1MQ4SVKCXHI40VVKCPU.pcm

SwiftExplicitDependencyGeneratePcm arm64 /tmp/picpac-phase3-post-layout-lifecycle-derived-20260925/ModuleCache.noindex/Accessibility-C03JRIQQ8DIA1DQTL498XZ6T8.pcm

SwiftExplicitDependencyGeneratePcm arm64 /tmp/picpac-phase3-post-layout-lifecycle-derived-20260925/ModuleCache.noindex/OSLog-CQC9Q6XGO912H8ETEJEVJG6LQ.pcm

SwiftExplicitDependencyGeneratePcm arm64 /tmp/picpac-phase3-post-layout-lifecycle-derived-20260925/ModuleCache.noindex/DataDetection-25M343ZU67YMHH0XFADFOHFBK.pcm

SwiftExplicitDependencyGeneratePcm arm64 /tmp/picpac-phase3-post-layout-lifecycle-derived-20260925/ModuleCache.noindex/Network-3G5WWEXUM93QICWLGA41QIZ20.pcm

SwiftExplicitDependencyGeneratePcm arm64 /tmp/picpac-phase3-post-layout-lifecycle-derived-20260925/ModuleCache.noindex/UniformTypeIdentifiers-7YIWZ9WOTKZFLKCD7A6ZMNXFJ.pcm

SwiftExplicitDependencyGeneratePcm arm64 /tmp/picpac-phase3-post-layout-lifecycle-derived-20260925/ModuleCache.noindex/CoreMIDI-2ROTU481SE8PH0BTOPYYYRR7H.pcm

SwiftExplicitDependencyGeneratePcm arm64 /tmp/picpac-phase3-post-layout-lifecycle-derived-20260925/ModuleCache.noindex/Symbols-1X6LMRPGXAL6GY7S4OJQ86OEJ.pcm

SwiftExplicitDependencyGeneratePcm arm64 /tmp/picpac-phase3-post-layout-lifecycle-derived-20260925/ModuleCache.noindex/UIUtilities-1EKYDJVCPE11BADNGUBVXAXFW.pcm

SwiftExplicitDependencyGeneratePcm arm64 /tmp/picpac-phase3-post-layout-lifecycle-derived-20260925/ModuleCache.noindex/IOSurface-7ED9IKZQYNSQ3JPYZRP3G0QGF.pcm

SwiftExplicitDependencyGeneratePcm arm64 /tmp/picpac-phase3-post-layout-lifecycle-derived-20260925/ModuleCache.noindex/CoreData-6RQZ72L3S30P0FH3MOMHV9A2D.pcm

SwiftExplicitDependencyGeneratePcm arm64 /tmp/picpac-phase3-post-layout-lifecycle-derived-20260925/ModuleCache.noindex/OpenGLES-B8BU9A5COG4NJAVCM34JVJ37O.pcm

SwiftExplicitDependencyGeneratePcm arm64 /tmp/picpac-phase3-post-layout-lifecycle-derived-20260925/ModuleCache.noindex/UserNotifications-CGU0KREIT1VEG74N0H6CQY6X7.pcm

SwiftExplicitDependencyGeneratePcm arm64 /tmp/picpac-phase3-post-layout-lifecycle-derived-20260925/ModuleCache.noindex/FileProvider-FHUD7JGOG189Y30XVTEE7JZQ.pcm

SwiftExplicitDependencyGeneratePcm arm64 /tmp/picpac-phase3-post-layout-lifecycle-derived-20260925/ModuleCache.noindex/Metal-4XF8YFZTYI0RMKHNEPIDGWU39.pcm

SwiftExplicitDependencyGeneratePcm arm64 /tmp/picpac-phase3-post-layout-lifecycle-derived-20260925/ModuleCache.noindex/AudioToolbox-5G3UEAIHFTKR9IE9MKDUIOL1W.pcm

SwiftExplicitDependencyGeneratePcm arm64 /tmp/picpac-phase3-post-layout-lifecycle-derived-20260925/ModuleCache.noindex/AVRouting-86L5YYISN6SF2X42805O8T2IT.pcm

SwiftExplicitDependencyGeneratePcm arm64 /tmp/picpac-phase3-post-layout-lifecycle-derived-20260925/ModuleCache.noindex/CoreVideo-1M0ODRQX1YECTMJHHGMPQ355E.pcm

SwiftExplicitDependencyGeneratePcm arm64 /tmp/picpac-phase3-post-layout-lifecycle-derived-20260925/ModuleCache.noindex/QuartzCore-DHCS9OHCOIEQRA31MQ0GQJPJL.pcm

SwiftExplicitDependencyGeneratePcm arm64 /tmp/picpac-phase3-post-layout-lifecycle-derived-20260925/ModuleCache.noindex/CoreImage-4QK2STHYABGH4U0P37JFGLC8U.pcm

SwiftExplicitDependencyGeneratePcm arm64 /tmp/picpac-phase3-post-layout-lifecycle-derived-20260925/ModuleCache.noindex/CoreMedia-CCQZXBCQX0K3F04P1AE3RXODV.pcm

SwiftExplicitDependencyGeneratePcm arm64 /tmp/picpac-phase3-post-layout-lifecycle-derived-20260925/ModuleCache.noindex/SwiftUICore-2M0SI3OM14QG0FII013FCJIQO.pcm

SwiftExplicitDependencyGeneratePcm arm64 /tmp/picpac-phase3-post-layout-lifecycle-derived-20260925/ModuleCache.noindex/AVFAudio-74ROF639BPVRIOCILQZ0ZT0YD.pcm

SwiftExplicitDependencyGeneratePcm arm64 /tmp/picpac-phase3-post-layout-lifecycle-derived-20260925/ModuleCache.noindex/MediaToolbox-B7V9DZRW0R4FO5DVS9TV6LWKG.pcm

SwiftExplicitDependencyGeneratePcm arm64 /tmp/picpac-phase3-post-layout-lifecycle-derived-20260925/ModuleCache.noindex/UIKit-BSYWSS516SCZEN7BERRX7U9XP.pcm

SwiftExplicitDependencyGeneratePcm arm64 /tmp/picpac-phase3-post-layout-lifecycle-derived-20260925/ModuleCache.noindex/AVFoundation-9S9XWQSDRL6W7OWMQV86Q7WXA.pcm

LinkAssetCatalog /Users/bavabangaru/Developer/pic-pac-poe-ios-native-parity/ios/PicPacPoe/Assets.xcassets (in target 'PicPacPoe' from project 'PicPacPoe')
    cd /Users/bavabangaru/Developer/pic-pac-poe-ios-native-parity/ios
    builtin-linkAssetCatalog --thinned /tmp/picpac-phase3-post-layout-lifecycle-derived-20260925/Build/Intermediates.noindex/PicPacPoe.build/Test-iphonesimulator/PicPacPoe.build/assetcatalog_output/thinned --thinned-dependencies /tmp/picpac-phase3-post-layout-lifecycle-derived-20260925/Build/Intermediates.noindex/PicPacPoe.build/Test-iphonesimulator/PicPacPoe.build/assetcatalog_dependencies_thinned --thinned-info-plist-content /tmp/picpac-phase3-post-layout-lifecycle-derived-20260925/Build/Intermediates.noindex/PicPacPoe.build/Test-iphonesimulator/PicPacPoe.build/assetcatalog_generated_info.plist_thinned --unthinned /tmp/picpac-phase3-post-layout-lifecycle-derived-20260925/Build/Intermediates.noindex/PicPacPoe.build/Test-iphonesimulator/PicPacPoe.build/assetcatalog_output/unthinned --unthinned-dependencies /tmp/picpac-phase3-post-layout-lifecycle-derived-20260925/Build/Intermediates.noindex/PicPacPoe.build/Test-iphonesimulator/PicPacPoe.build/assetcatalog_dependencies_unthinned --unthinned-info-plist-content /tmp/picpac-phase3-post-layout-lifecycle-derived-20260925/Build/Intermediates.noindex/PicPacPoe.build/Test-iphonesimulator/PicPacPoe.build/assetcatalog_generated_info.plist_unthinned --output /tmp/picpac-phase3-post-layout-lifecycle-derived-20260925/Build/Products/Test-iphonesimulator/PicPacPoe.app --plist-output /tmp/picpac-phase3-post-layout-lifecycle-derived-20260925/Build/Intermediates.noindex/PicPacPoe.build/Test-iphonesimulator/PicPacPoe.build/assetcatalog_generated_info.plist
note: Emplaced /tmp/picpac-phase3-post-layout-lifecycle-derived-20260925/Build/Products/Test-iphonesimulator/PicPacPoe.app/AppIcon60x60@2x.png (in target 'PicPacPoe' from project 'PicPacPoe')
note: Emplaced /tmp/picpac-phase3-post-layout-lifecycle-derived-20260925/Build/Products/Test-iphonesimulator/PicPacPoe.app/Assets.car (in target 'PicPacPoe' from project 'PicPacPoe')
note: Emplaced /tmp/picpac-phase3-post-layout-lifecycle-derived-20260925/Build/Products/Test-iphonesimulator/PicPacPoe.app/AppIcon76x76@2x~ipad.png (in target 'PicPacPoe' from project 'PicPacPoe')

ProcessInfoPlistFile /tmp/picpac-phase3-post-layout-lifecycle-derived-20260925/Build/Products/Test-iphonesimulator/PicPacPoe.app/Info.plist /Users/bavabangaru/Developer/pic-pac-poe-ios-native-parity/ios/PicPacPoe/Info.plist (in target 'PicPacPoe' from project 'PicPacPoe')
    cd /Users/bavabangaru/Developer/pic-pac-poe-ios-native-parity/ios
    builtin-infoPlistUtility /Users/bavabangaru/Developer/pic-pac-poe-ios-native-parity/ios/PicPacPoe/Info.plist -producttype com.apple.product-type.application -genpkginfo /tmp/picpac-phase3-post-layout-lifecycle-derived-20260925/Build/Products/Test-iphonesimulator/PicPacPoe.app/PkgInfo -expandbuildsettings -format binary -platform iphonesimulator -additionalcontentfile /tmp/picpac-phase3-post-layout-lifecycle-derived-20260925/Build/Intermediates.noindex/PicPacPoe.build/Test-iphonesimulator/PicPacPoe.build/assetcatalog_generated_info.plist -scanforprivacyfile /tmp/picpac-phase3-post-layout-lifecycle-derived-20260925/Build/Products/Test-iphonesimulator/PicPacPoe.app/Frameworks/PicPacPresentation_-6026B0FB22E351C2_PackageProduct.framework -scanforprivacyfile /tmp/picpac-phase3-post-layout-lifecycle-derived-20260925/Build/Products/Test-iphonesimulator/PicPacPoe.app/PicPacKit_PicPacAI.bundle -o /tmp/picpac-phase3-post-layout-lifecycle-derived-20260925/Build/Products/Test-iphonesimulator/PicPacPoe.app/Info.plist

SwiftExplicitDependencyGeneratePcm arm64 /tmp/picpac-phase3-post-layout-lifecycle-derived-20260925/ModuleCache.noindex/SwiftUI-EBOGNFK20NUNKL3RRGKMI8BMM.pcm

SwiftEmitModule normal arm64 Emitting\ module\ for\ PicPacPoe (in target 'PicPacPoe' from project 'PicPacPoe')

EmitSwiftModule normal arm64 (in target 'PicPacPoe' from project 'PicPacPoe')
    cd /Users/bavabangaru/Developer/pic-pac-poe-ios-native-parity/ios
    

SwiftCompile normal arm64 Compiling\ ProductionAIWorker.swift /Users/bavabangaru/Developer/pic-pac-poe-ios-native-parity/ios/PicPacPoe/ProductionAIWorker.swift (in target 'PicPacPoe' from project 'PicPacPoe')
SwiftCompile normal arm64 /Users/bavabangaru/Developer/pic-pac-poe-ios-native-parity/ios/PicPacPoe/ProductionAIWorker.swift (in target 'PicPacPoe' from project 'PicPacPoe')
    cd /Users/bavabangaru/Developer/pic-pac-poe-ios-native-parity/ios
    

SwiftCompile normal arm64 Compiling\ InfoViews.swift /Users/bavabangaru/Developer/pic-pac-poe-ios-native-parity/ios/PicPacPoe/InfoViews.swift (in target 'PicPacPoe' from project 'PicPacPoe')
SwiftCompile normal arm64 /Users/bavabangaru/Developer/pic-pac-poe-ios-native-parity/ios/PicPacPoe/InfoViews.swift (in target 'PicPacPoe' from project 'PicPacPoe')
    cd /Users/bavabangaru/Developer/pic-pac-poe-ios-native-parity/ios
    

SwiftCompile normal arm64 Compiling\ GeneratedAssetSymbols.swift /tmp/picpac-phase3-post-layout-lifecycle-derived-20260925/Build/Intermediates.noindex/PicPacPoe.build/Test-iphonesimulator/PicPacPoe.build/DerivedSources/GeneratedAssetSymbols.swift (in target 'PicPacPoe' from project 'PicPacPoe')

SwiftCompile normal arm64 /tmp/picpac-phase3-post-layout-lifecycle-derived-20260925/Build/Intermediates.noindex/PicPacPoe.build/Test-iphonesimulator/PicPacPoe.build/DerivedSources/GeneratedAssetSymbols.swift (in target 'PicPacPoe' from project 'PicPacPoe')
    cd /Users/bavabangaru/Developer/pic-pac-poe-ios-native-parity/ios
    

SwiftCompile normal arm64 Compiling\ FeedbackService.swift /Users/bavabangaru/Developer/pic-pac-poe-ios-native-parity/ios/PicPacPoe/FeedbackService.swift (in target 'PicPacPoe' from project 'PicPacPoe')

SwiftCompile normal arm64 /Users/bavabangaru/Developer/pic-pac-poe-ios-native-parity/ios/PicPacPoe/FeedbackService.swift (in target 'PicPacPoe' from project 'PicPacPoe')
    cd /Users/bavabangaru/Developer/pic-pac-poe-ios-native-parity/ios
    

SwiftCompile normal arm64 Compiling\ HomeView.swift /Users/bavabangaru/Developer/pic-pac-poe-ios-native-parity/ios/PicPacPoe/HomeView.swift (in target 'PicPacPoe' from project 'PicPacPoe')
SwiftCompile normal arm64 /Users/bavabangaru/Developer/pic-pac-poe-ios-native-parity/ios/PicPacPoe/HomeView.swift (in target 'PicPacPoe' from project 'PicPacPoe')
    cd /Users/bavabangaru/Developer/pic-pac-poe-ios-native-parity/ios
    

SwiftCompile normal arm64 Compiling\ FormTheme.swift /Users/bavabangaru/Developer/pic-pac-poe-ios-native-parity/ios/PicPacPoe/FormTheme.swift (in target 'PicPacPoe' from project 'PicPacPoe')

SwiftCompile normal arm64 /Users/bavabangaru/Developer/pic-pac-poe-ios-native-parity/ios/PicPacPoe/FormTheme.swift (in target 'PicPacPoe' from project 'PicPacPoe')
    cd /Users/bavabangaru/Developer/pic-pac-poe-ios-native-parity/ios
    

SwiftCompile normal arm64 Compiling\ GameView.swift /Users/bavabangaru/Developer/pic-pac-poe-ios-native-parity/ios/PicPacPoe/GameView.swift (in target 'PicPacPoe' from project 'PicPacPoe')
SwiftCompile normal arm64 /Users/bavabangaru/Developer/pic-pac-poe-ios-native-parity/ios/PicPacPoe/GameView.swift (in target 'PicPacPoe' from project 'PicPacPoe')
    cd /Users/bavabangaru/Developer/pic-pac-poe-ios-native-parity/ios
    

SwiftCompile normal arm64 Compiling\ PicPacPoeApp.swift /Users/bavabangaru/Developer/pic-pac-poe-ios-native-parity/ios/PicPacPoe/PicPacPoeApp.swift (in target 'PicPacPoe' from project 'PicPacPoe')

SwiftCompile normal arm64 /Users/bavabangaru/Developer/pic-pac-poe-ios-native-parity/ios/PicPacPoe/PicPacPoeApp.swift (in target 'PicPacPoe' from project 'PicPacPoe')
    cd /Users/bavabangaru/Developer/pic-pac-poe-ios-native-parity/ios
    

SwiftCompile normal arm64 Compiling\ PhysicalBoard.swift /Users/bavabangaru/Developer/pic-pac-poe-ios-native-parity/ios/PicPacPoe/PhysicalBoard.swift (in target 'PicPacPoe' from project 'PicPacPoe')

SwiftCompile normal arm64 /Users/bavabangaru/Developer/pic-pac-poe-ios-native-parity/ios/PicPacPoe/PhysicalBoard.swift (in target 'PicPacPoe' from project 'PicPacPoe')
    cd /Users/bavabangaru/Developer/pic-pac-poe-ios-native-parity/ios
    

SwiftCompile normal arm64 Compiling\ DebugLaunchConfiguration.swift /Users/bavabangaru/Developer/pic-pac-poe-ios-native-parity/ios/PicPacPoe/DebugLaunchConfiguration.swift (in target 'PicPacPoe' from project 'PicPacPoe')

SwiftCompile normal arm64 /Users/bavabangaru/Developer/pic-pac-poe-ios-native-parity/ios/PicPacPoe/DebugLaunchConfiguration.swift (in target 'PicPacPoe' from project 'PicPacPoe')
    cd /Users/bavabangaru/Developer/pic-pac-poe-ios-native-parity/ios
    

SwiftDriverJobDiscovery normal arm64 Emitting module for PicPacPoe (in target 'PicPacPoe' from project 'PicPacPoe')

SwiftDriver\ Compilation\ Requirements PicPacPoe normal arm64 com.apple.xcode.tools.swift.compiler (in target 'PicPacPoe' from project 'PicPacPoe')
    cd /Users/bavabangaru/Developer/pic-pac-poe-ios-native-parity/ios
    builtin-Swift-Compilation-Requirements -- /Applications/Xcode.app/Contents/Developer/Toolchains/XcodeDefault.xctoolchain/usr/bin/swiftc -module-name PicPacPoe -Onone @/tmp/picpac-phase3-post-layout-lifecycle-derived-20260925/Build/Intermediates.noindex/PicPacPoe.build/Test-iphonesimulator/PicPacPoe.build/Objects-normal/arm64/PicPacPoe.SwiftFileList -DTESTING -DDEBUG -enable-experimental-feature DebugDescriptionMacro -sdk /Applications/Xcode.app/Contents/Developer/Platforms/iPhoneSimulator.platform/Developer/SDKs/iPhoneSimulator26.5.sdk -target arm64-apple-ios17.0-simulator -g -module-cache-path /tmp/picpac-phase3-post-layout-lifecycle-derived-20260925/ModuleCache.noindex -Xfrontend -serialize-debugging-options -profile-coverage-mapping -profile-generate -enable-testing -index-store-path /tmp/picpac-phase3-post-layout-lifecycle-derived-20260925/Index.noindex/DataStore -Xcc -D_LIBCPP_HARDENING_MODE\=_LIBCPP_HARDENING_MODE_DEBUG -swift-version 6 -I /tmp/picpac-phase3-post-layout-lifecycle-derived-20260925/Build/Products/Test-iphonesimulator -F /tmp/picpac-phase3-post-layout-lifecycle-derived-20260925/Build/Products/Test-iphonesimulator/PackageFrameworks -F /tmp/picpac-phase3-post-layout-lifecycle-derived-20260925/Build/Products/Test-iphonesimulator/PackageFrameworks -F /tmp/picpac-phase3-post-layout-lifecycle-derived-20260925/Build/Products/Test-iphonesimulator/PackageFrameworks -F /tmp/picpac-phase3-post-layout-lifecycle-derived-20260925/Build/Products/Test-iphonesimulator -emit-localized-strings -emit-localized-strings-path /tmp/picpac-phase3-post-layout-lifecycle-derived-20260925/Build/Intermediates.noindex/PicPacPoe.build/Test-iphonesimulator/PicPacPoe.build/Objects-normal/arm64 -c -j12 -enable-batch-mode -incremental -Xcc -ivfsstatcache -Xcc /tmp/picpac-phase3-post-layout-lifecycle-derived-20260925/SDKStatCaches.noindex/iphonesimulator26.5-23F81a-6cfe768891a92b912361537c460fe42b.sdkstatcache -output-file-map /tmp/picpac-phase3-post-layout-lifecycle-derived-20260925/Build/Intermediates.noindex/PicPacPoe.build/Test-iphonesimulator/PicPacPoe.build/Objects-normal/arm64/PicPacPoe-OutputFileMap.json -use-frontend-parseable-output -save-temps -no-color-diagnostics -explicit-module-build -module-cache-path /tmp/picpac-phase3-post-layout-lifecycle-derived-20260925/Build/Intermediates.noindex/SwiftExplicitPrecompiledModules -clang-scanner-module-cache-path /tmp/picpac-phase3-post-layout-lifecycle-derived-20260925/ModuleCache.noindex -sdk-module-cache-path /tmp/picpac-phase3-post-layout-lifecycle-derived-20260925/ModuleCache.noindex -serialize-diagnostics -emit-dependencies -emit-module -emit-module-path /tmp/picpac-phase3-post-layout-lifecycle-derived-20260925/Build/Intermediates.noindex/PicPacPoe.build/Test-iphonesimulator/PicPacPoe.build/Objects-normal/arm64/PicPacPoe.swiftmodule -validate-clang-modules-once -clang-build-session-file /tmp/picpac-phase3-post-layout-lifecycle-derived-20260925/ModuleCache.noindex/Session.modulevalidation -Xcc -I/tmp/picpac-phase3-post-layout-lifecycle-derived-20260925/Build/Intermediates.noindex/PicPacPoe.build/Test-iphonesimulator/PicPacPoe.build/swift-overrides.hmap -emit-const-values -Xfrontend -const-gather-protocols-file -Xfrontend /tmp/picpac-phase3-post-layout-lifecycle-derived-20260925/Build/Intermediates.noindex/PicPacPoe.build/Test-iphonesimulator/PicPacPoe.build/Objects-normal/arm64/PicPacPoe_const_extract_protocols.json -Xcc -iquote -Xcc /tmp/picpac-phase3-post-layout-lifecycle-derived-20260925/Build/Intermediates.noindex/PicPacPoe.build/Test-iphonesimulator/PicPacPoe.build/PicPacPoe-generated-files.hmap -Xcc -I/tmp/picpac-phase3-post-layout-lifecycle-derived-20260925/Build/Intermediates.noindex/PicPacPoe.build/Test-iphonesimulator/PicPacPoe.build/PicPacPoe-own-target-headers.hmap -Xcc -I/tmp/picpac-phase3-post-layout-lifecycle-derived-20260925/Build/Intermediates.noindex/PicPacPoe.build/Test-iphonesimulator/PicPacPoe.build/PicPacPoe-all-non-framework-target-headers.hmap -Xcc -ivfsoverlay -Xcc /tmp/picpac-phase3-post-layout-lifecycle-derived-20260925/Build/Intermediates.noindex/PicPacPoe.build/Test-iphonesimulator/PicPacPoe-90eff2f9d9e8600d7e53134acd1cb833-VFS-iphonesimulator/all-product-headers.yaml -Xcc -iquote -Xcc /tmp/picpac-phase3-post-layout-lifecycle-derived-20260925/Build/Intermediates.noindex/PicPacPoe.build/Test-iphonesimulator/PicPacPoe.build/PicPacPoe-project-headers.hmap -Xcc -I/tmp/picpac-phase3-post-layout-lifecycle-derived-20260925/Build/Products/Test-iphonesimulator/include -Xcc -I/tmp/picpac-phase3-post-layout-lifecycle-derived-20260925/Build/Intermediates.noindex/PicPacPoe.build/Test-iphonesimulator/PicPacPoe.build/DerivedSources-normal/arm64 -Xcc -I/tmp/picpac-phase3-post-layout-lifecycle-derived-20260925/Build/Intermediates.noindex/PicPacPoe.build/Test-iphonesimulator/PicPacPoe.build/DerivedSources/arm64 -Xcc -I/tmp/picpac-phase3-post-layout-lifecycle-derived-20260925/Build/Intermediates.noindex/PicPacPoe.build/Test-iphonesimulator/PicPacPoe.build/DerivedSources -emit-objc-header -emit-objc-header-path /tmp/picpac-phase3-post-layout-lifecycle-derived-20260925/Build/Intermediates.noindex/PicPacPoe.build/Test-iphonesimulator/PicPacPoe.build/Objects-normal/arm64/PicPacPoe-Swift.h -working-directory /Users/bavabangaru/Developer/pic-pac-poe-ios-native-parity/ios -experimental-emit-module-separately -disable-cmo

SwiftMergeGeneratedHeaders /tmp/picpac-phase3-post-layout-lifecycle-derived-20260925/Build/Intermediates.noindex/PicPacPoe.build/Test-iphonesimulator/PicPacPoe.build/DerivedSources/PicPacPoe-Swift.h /tmp/picpac-phase3-post-layout-lifecycle-derived-20260925/Build/Intermediates.noindex/PicPacPoe.build/Test-iphonesimulator/PicPacPoe.build/Objects-normal/arm64/PicPacPoe-Swift.h (in target 'PicPacPoe' from project 'PicPacPoe')
    cd /Users/bavabangaru/Developer/pic-pac-poe-ios-native-parity/ios
    builtin-swiftHeaderTool -arch arm64 /tmp/picpac-phase3-post-layout-lifecycle-derived-20260925/Build/Intermediates.noindex/PicPacPoe.build/Test-iphonesimulator/PicPacPoe.build/Objects-normal/arm64/PicPacPoe-Swift.h -o /tmp/picpac-phase3-post-layout-lifecycle-derived-20260925/Build/Intermediates.noindex/PicPacPoe.build/Test-iphonesimulator/PicPacPoe.build/DerivedSources/PicPacPoe-Swift.h

Copy /tmp/picpac-phase3-post-layout-lifecycle-derived-20260925/Build/Products/Test-iphonesimulator/PicPacPoe.swiftmodule/arm64-apple-ios-simulator.swiftmodule /tmp/picpac-phase3-post-layout-lifecycle-derived-20260925/Build/Intermediates.noindex/PicPacPoe.build/Test-iphonesimulator/PicPacPoe.build/Objects-normal/arm64/PicPacPoe.swiftmodule (in target 'PicPacPoe' from project 'PicPacPoe')
    cd /Users/bavabangaru/Developer/pic-pac-poe-ios-native-parity/ios
    builtin-copy -exclude .DS_Store -exclude CVS -exclude .svn -exclude .git -exclude .hg -resolve-src-symlinks -rename /tmp/picpac-phase3-post-layout-lifecycle-derived-20260925/Build/Intermediates.noindex/PicPacPoe.build/Test-iphonesimulator/PicPacPoe.build/Objects-normal/arm64/PicPacPoe.swiftmodule /tmp/picpac-phase3-post-layout-lifecycle-derived-20260925/Build/Products/Test-iphonesimulator/PicPacPoe.swiftmodule/arm64-apple-ios-simulator.swiftmodule

Copy /tmp/picpac-phase3-post-layout-lifecycle-derived-20260925/Build/Products/Test-iphonesimulator/PicPacPoe.swiftmodule/arm64-apple-ios-simulator.swiftdoc /tmp/picpac-phase3-post-layout-lifecycle-derived-20260925/Build/Intermediates.noindex/PicPacPoe.build/Test-iphonesimulator/PicPacPoe.build/Objects-normal/arm64/PicPacPoe.swiftdoc (in target 'PicPacPoe' from project 'PicPacPoe')
    cd /Users/bavabangaru/Developer/pic-pac-poe-ios-native-parity/ios
    builtin-copy -exclude .DS_Store -exclude CVS -exclude .svn -exclude .git -exclude .hg -resolve-src-symlinks -rename /tmp/picpac-phase3-post-layout-lifecycle-derived-20260925/Build/Intermediates.noindex/PicPacPoe.build/Test-iphonesimulator/PicPacPoe.build/Objects-normal/arm64/PicPacPoe.swiftdoc /tmp/picpac-phase3-post-layout-lifecycle-derived-20260925/Build/Products/Test-iphonesimulator/PicPacPoe.swiftmodule/arm64-apple-ios-simulator.swiftdoc

Copy /tmp/picpac-phase3-post-layout-lifecycle-derived-20260925/Build/Products/Test-iphonesimulator/PicPacPoe.swiftmodule/arm64-apple-ios-simulator.abi.json /tmp/picpac-phase3-post-layout-lifecycle-derived-20260925/Build/Intermediates.noindex/PicPacPoe.build/Test-iphonesimulator/PicPacPoe.build/Objects-normal/arm64/PicPacPoe.abi.json (in target 'PicPacPoe' from project 'PicPacPoe')
    cd /Users/bavabangaru/Developer/pic-pac-poe-ios-native-parity/ios
    builtin-copy -exclude .DS_Store -exclude CVS -exclude .svn -exclude .git -exclude .hg -resolve-src-symlinks -rename /tmp/picpac-phase3-post-layout-lifecycle-derived-20260925/Build/Intermediates.noindex/PicPacPoe.build/Test-iphonesimulator/PicPacPoe.build/Objects-normal/arm64/PicPacPoe.abi.json /tmp/picpac-phase3-post-layout-lifecycle-derived-20260925/Build/Products/Test-iphonesimulator/PicPacPoe.swiftmodule/arm64-apple-ios-simulator.abi.json

Copy /tmp/picpac-phase3-post-layout-lifecycle-derived-20260925/Build/Products/Test-iphonesimulator/PicPacPoe.swiftmodule/Project/arm64-apple-ios-simulator.swiftsourceinfo /tmp/picpac-phase3-post-layout-lifecycle-derived-20260925/Build/Intermediates.noindex/PicPacPoe.build/Test-iphonesimulator/PicPacPoe.build/Objects-normal/arm64/PicPacPoe.swiftsourceinfo (in target 'PicPacPoe' from project 'PicPacPoe')
    cd /Users/bavabangaru/Developer/pic-pac-poe-ios-native-parity/ios
    builtin-copy -exclude .DS_Store -exclude CVS -exclude .svn -exclude .git -exclude .hg -resolve-src-symlinks -rename /tmp/picpac-phase3-post-layout-lifecycle-derived-20260925/Build/Intermediates.noindex/PicPacPoe.build/Test-iphonesimulator/PicPacPoe.build/Objects-normal/arm64/PicPacPoe.swiftsourceinfo /tmp/picpac-phase3-post-layout-lifecycle-derived-20260925/Build/Products/Test-iphonesimulator/PicPacPoe.swiftmodule/Project/arm64-apple-ios-simulator.swiftsourceinfo

SwiftDriver PicPacPoeUITests normal arm64 com.apple.xcode.tools.swift.compiler (in target 'PicPacPoeUITests' from project 'PicPacPoe')
    cd /Users/bavabangaru/Developer/pic-pac-poe-ios-native-parity/ios
    builtin-SwiftDriver -- /Applications/Xcode.app/Contents/Developer/Toolchains/XcodeDefault.xctoolchain/usr/bin/swiftc -module-name PicPacPoeUITests -Onone @/tmp/picpac-phase3-post-layout-lifecycle-derived-20260925/Build/Intermediates.noindex/PicPacPoe.build/Test-iphonesimulator/PicPacPoeUITests.build/Objects-normal/arm64/PicPacPoeUITests.SwiftFileList -DTESTING -DDEBUG -module-alias Testing\=_Testing_Unavailable -plugin-path /Applications/Xcode.app/Contents/Developer/Toolchains/XcodeDefault.xctoolchain/usr/lib/swift/host/plugins/testing -enable-experimental-feature DebugDescriptionMacro -sdk /Applications/Xcode.app/Contents/Developer/Platforms/iPhoneSimulator.platform/Developer/SDKs/iPhoneSimulator26.5.sdk -target arm64-apple-ios17.0-simulator -g -module-cache-path /tmp/picpac-phase3-post-layout-lifecycle-derived-20260925/ModuleCache.noindex -Xfrontend -serialize-debugging-options -profile-coverage-mapping -profile-generate -enable-testing -index-store-path /tmp/picpac-phase3-post-layout-lifecycle-derived-20260925/Index.noindex/DataStore -Xcc -D_LIBCPP_HARDENING_MODE\=_LIBCPP_HARDENING_MODE_DEBUG -swift-version 6 -I /tmp/picpac-phase3-post-layout-lifecycle-derived-20260925/Build/Products/Test-iphonesimulator -Isystem /Applications/Xcode.app/Contents/Developer/Platforms/iPhoneSimulator.platform/Developer/usr/lib -F /tmp/picpac-phase3-post-layout-lifecycle-derived-20260925/Build/Products/Test-iphonesimulator -F /Applications/Xcode.app/Contents/Developer/Platforms/iPhoneSimulator.platform/Developer/Library/Frameworks -F /Applications/Xcode.app/Contents/Developer/Platforms/iPhoneSimulator.platform/Developer/SDKs/iPhoneSimulator26.5.sdk/Developer/Library/Frameworks -parse-as-library -emit-localized-strings -emit-localized-strings-path /tmp/picpac-phase3-post-layout-lifecycle-derived-20260925/Build/Intermediates.noindex/PicPacPoe.build/Test-iphonesimulator/PicPacPoeUITests.build/Objects-normal/arm64 -c -j12 -enable-batch-mode -incremental -Xcc -ivfsstatcache -Xcc /tmp/picpac-phase3-post-layout-lifecycle-derived-20260925/SDKStatCaches.noindex/iphonesimulator26.5-23F81a-6cfe768891a92b912361537c460fe42b.sdkstatcache -output-file-map /tmp/picpac-phase3-post-layout-lifecycle-derived-20260925/Build/Intermediates.noindex/PicPacPoe.build/Test-iphonesimulator/PicPacPoeUITests.build/Objects-normal/arm64/PicPacPoeUITests-OutputFileMap.json -use-frontend-parseable-output -save-temps -no-color-diagnostics -explicit-module-build -module-cache-path /tmp/picpac-phase3-post-layout-lifecycle-derived-20260925/Build/Intermediates.noindex/SwiftExplicitPrecompiledModules -clang-scanner-module-cache-path /tmp/picpac-phase3-post-layout-lifecycle-derived-20260925/ModuleCache.noindex -sdk-module-cache-path /tmp/picpac-phase3-post-layout-lifecycle-derived-20260925/ModuleCache.noindex -serialize-diagnostics -emit-dependencies -emit-module -emit-module-path /tmp/picpac-phase3-post-layout-lifecycle-derived-20260925/Build/Intermediates.noindex/PicPacPoe.build/Test-iphonesimulator/PicPacPoeUITests.build/Objects-normal/arm64/PicPacPoeUITests.swiftmodule -validate-clang-modules-once -clang-build-session-file /tmp/picpac-phase3-post-layout-lifecycle-derived-20260925/ModuleCache.noindex/Session.modulevalidation -Xcc -I/tmp/picpac-phase3-post-layout-lifecycle-derived-20260925/Build/Intermediates.noindex/PicPacPoe.build/Test-iphonesimulator/PicPacPoeUITests.build/swift-overrides.hmap -emit-const-values -Xfrontend -const-gather-protocols-file -Xfrontend /tmp/picpac-phase3-post-layout-lifecycle-derived-20260925/Build/Intermediates.noindex/PicPacPoe.build/Test-iphonesimulator/PicPacPoeUITests.build/Objects-normal/arm64/PicPacPoeUITests_const_extract_protocols.json -Xcc -iquote -Xcc /tmp/picpac-phase3-post-layout-lifecycle-derived-20260925/Build/Intermediates.noindex/PicPacPoe.build/Test-iphonesimulator/PicPacPoeUITests.build/PicPacPoeUITests-generated-files.hmap -Xcc -I/tmp/picpac-phase3-post-layout-lifecycle-derived-20260925/Build/Intermediates.noindex/PicPacPoe.build/Test-iphonesimulator/PicPacPoeUITests.build/PicPacPoeUITests-own-target-headers.hmap -Xcc -I/tmp/picpac-phase3-post-layout-lifecycle-derived-20260925/Build/Intermediates.noindex/PicPacPoe.build/Test-iphonesimulator/PicPacPoeUITests.build/PicPacPoeUITests-all-non-framework-target-headers.hmap -Xcc -ivfsoverlay -Xcc /tmp/picpac-phase3-post-layout-lifecycle-derived-20260925/Build/Intermediates.noindex/PicPacPoe.build/Test-iphonesimulator/PicPacPoe-90eff2f9d9e8600d7e53134acd1cb833-VFS-iphonesimulator/all-product-headers.yaml -Xcc -iquote -Xcc /tmp/picpac-phase3-post-layout-lifecycle-derived-20260925/Build/Intermediates.noindex/PicPacPoe.build/Test-iphonesimulator/PicPacPoeUITests.build/PicPacPoeUITests-project-headers.hmap -Xcc -I/tmp/picpac-phase3-post-layout-lifecycle-derived-20260925/Build/Products/Test-iphonesimulator/include -Xcc -I/tmp/picpac-phase3-post-layout-lifecycle-derived-20260925/Build/Intermediates.noindex/PicPacPoe.build/Test-iphonesimulator/PicPacPoeUITests.build/DerivedSources-normal/arm64 -Xcc -I/tmp/picpac-phase3-post-layout-lifecycle-derived-20260925/Build/Intermediates.noindex/PicPacPoe.build/Test-iphonesimulator/PicPacPoeUITests.build/DerivedSources/arm64 -Xcc -I/tmp/picpac-phase3-post-layout-lifecycle-derived-20260925/Build/Intermediates.noindex/PicPacPoe.build/Test-iphonesimulator/PicPacPoeUITests.build/DerivedSources -emit-objc-header -emit-objc-header-path /tmp/picpac-phase3-post-layout-lifecycle-derived-20260925/Build/Intermediates.noindex/PicPacPoe.build/Test-iphonesimulator/PicPacPoeUITests.build/Objects-normal/arm64/PicPacPoeUITests-Swift.h -working-directory /Users/bavabangaru/Developer/pic-pac-poe-ios-native-parity/ios -experimental-emit-module-separately -disable-cmo

SwiftDriver PicPacPoeTests normal arm64 com.apple.xcode.tools.swift.compiler (in target 'PicPacPoeTests' from project 'PicPacPoe')
    cd /Users/bavabangaru/Developer/pic-pac-poe-ios-native-parity/ios
    builtin-SwiftDriver -- /Applications/Xcode.app/Contents/Developer/Toolchains/XcodeDefault.xctoolchain/usr/bin/swiftc -module-name PicPacPoeTests -Onone @/tmp/picpac-phase3-post-layout-lifecycle-derived-20260925/Build/Intermediates.noindex/PicPacPoe.build/Test-iphonesimulator/PicPacPoeTests.build/Objects-normal/arm64/PicPacPoeTests.SwiftFileList -DTESTING -DDEBUG -plugin-path /Applications/Xcode.app/Contents/Developer/Toolchains/XcodeDefault.xctoolchain/usr/lib/swift/host/plugins/testing -enable-experimental-feature DebugDescriptionMacro -sdk /Applications/Xcode.app/Contents/Developer/Platforms/iPhoneSimulator.platform/Developer/SDKs/iPhoneSimulator26.5.sdk -target arm64-apple-ios17.0-simulator -g -module-cache-path /tmp/picpac-phase3-post-layout-lifecycle-derived-20260925/ModuleCache.noindex -Xfrontend -serialize-debugging-options -profile-coverage-mapping -profile-generate -enable-testing -index-store-path /tmp/picpac-phase3-post-layout-lifecycle-derived-20260925/Index.noindex/DataStore -Xcc -D_LIBCPP_HARDENING_MODE\=_LIBCPP_HARDENING_MODE_DEBUG -swift-version 6 -I /tmp/picpac-phase3-post-layout-lifecycle-derived-20260925/Build/Products/Test-iphonesimulator -Isystem /Applications/Xcode.app/Contents/Developer/Platforms/iPhoneSimulator.platform/Developer/usr/lib -F /tmp/picpac-phase3-post-layout-lifecycle-derived-20260925/Build/Products/Test-iphonesimulator/PackageFrameworks -F /tmp/picpac-phase3-post-layout-lifecycle-derived-20260925/Build/Products/Test-iphonesimulator/PackageFrameworks -F /tmp/picpac-phase3-post-layout-lifecycle-derived-20260925/Build/Products/Test-iphonesimulator/PackageFrameworks -F /tmp/picpac-phase3-post-layout-lifecycle-derived-20260925/Build/Products/Test-iphonesimulator/PackageFrameworks -F /tmp/picpac-phase3-post-layout-lifecycle-derived-20260925/Build/Products/Test-iphonesimulator/PackageFrameworks -F /tmp/picpac-phase3-post-layout-lifecycle-derived-20260925/Build/Products/Test-iphonesimulator -F /Applications/Xcode.app/Contents/Developer/Platforms/iPhoneSimulator.platform/Developer/Library/Frameworks -F /Applications/Xcode.app/Contents/Developer/Platforms/iPhoneSimulator.platform/Developer/SDKs/iPhoneSimulator26.5.sdk/Developer/Library/Frameworks -parse-as-library -emit-localized-strings -emit-localized-strings-path /tmp/picpac-phase3-post-layout-lifecycle-derived-20260925/Build/Intermediates.noindex/PicPacPoe.build/Test-iphonesimulator/PicPacPoeTests.build/Objects-normal/arm64 -c -j12 -enable-batch-mode -incremental -Xcc -ivfsstatcache -Xcc /tmp/picpac-phase3-post-layout-lifecycle-derived-20260925/SDKStatCaches.noindex/iphonesimulator26.5-23F81a-6cfe768891a92b912361537c460fe42b.sdkstatcache -output-file-map /tmp/picpac-phase3-post-layout-lifecycle-derived-20260925/Build/Intermediates.noindex/PicPacPoe.build/Test-iphonesimulator/PicPacPoeTests.build/Objects-normal/arm64/PicPacPoeTests-OutputFileMap.json -use-frontend-parseable-output -save-temps -no-color-diagnostics -explicit-module-build -module-cache-path /tmp/picpac-phase3-post-layout-lifecycle-derived-20260925/Build/Intermediates.noindex/SwiftExplicitPrecompiledModules -clang-scanner-module-cache-path /tmp/picpac-phase3-post-layout-lifecycle-derived-20260925/ModuleCache.noindex -sdk-module-cache-path /tmp/picpac-phase3-post-layout-lifecycle-derived-20260925/ModuleCache.noindex -serialize-diagnostics -emit-dependencies -emit-module -emit-module-path /tmp/picpac-phase3-post-layout-lifecycle-derived-20260925/Build/Intermediates.noindex/PicPacPoe.build/Test-iphonesimulator/PicPacPoeTests.build/Objects-normal/arm64/PicPacPoeTests.swiftmodule -validate-clang-modules-once -clang-build-session-file /tmp/picpac-phase3-post-layout-lifecycle-derived-20260925/ModuleCache.noindex/Session.modulevalidation -Xcc -I/tmp/picpac-phase3-post-layout-lifecycle-derived-20260925/Build/Intermediates.noindex/PicPacPoe.build/Test-iphonesimulator/PicPacPoeTests.build/swift-overrides.hmap -emit-const-values -Xfrontend -const-gather-protocols-file -Xfrontend /tmp/picpac-phase3-post-layout-lifecycle-derived-20260925/Build/Intermediates.noindex/PicPacPoe.build/Test-iphonesimulator/PicPacPoeTests.build/Objects-normal/arm64/PicPacPoeTests_const_extract_protocols.json -Xcc -iquote -Xcc /tmp/picpac-phase3-post-layout-lifecycle-derived-20260925/Build/Intermediates.noindex/PicPacPoe.build/Test-iphonesimulator/PicPacPoeTests.build/PicPacPoeTests-generated-files.hmap -Xcc -I/tmp/picpac-phase3-post-layout-lifecycle-derived-20260925/Build/Intermediates.noindex/PicPacPoe.build/Test-iphonesimulator/PicPacPoeTests.build/PicPacPoeTests-own-target-headers.hmap -Xcc -I/tmp/picpac-phase3-post-layout-lifecycle-derived-20260925/Build/Intermediates.noindex/PicPacPoe.build/Test-iphonesimulator/PicPacPoeTests.build/PicPacPoeTests-all-non-framework-target-headers.hmap -Xcc -ivfsoverlay -Xcc /tmp/picpac-phase3-post-layout-lifecycle-derived-20260925/Build/Intermediates.noindex/PicPacPoe.build/Test-iphonesimulator/PicPacPoe-90eff2f9d9e8600d7e53134acd1cb833-VFS-iphonesimulator/all-product-headers.yaml -Xcc -iquote -Xcc /tmp/picpac-phase3-post-layout-lifecycle-derived-20260925/Build/Intermediates.noindex/PicPacPoe.build/Test-iphonesimulator/PicPacPoeTests.build/PicPacPoeTests-project-headers.hmap -Xcc -I/tmp/picpac-phase3-post-layout-lifecycle-derived-20260925/Build/Products/Test-iphonesimulator/include -Xcc -I/tmp/picpac-phase3-post-layout-lifecycle-derived-20260925/Build/Intermediates.noindex/PicPacPoe.build/Test-iphonesimulator/PicPacPoeTests.build/DerivedSources-normal/arm64 -Xcc -I/tmp/picpac-phase3-post-layout-lifecycle-derived-20260925/Build/Intermediates.noindex/PicPacPoe.build/Test-iphonesimulator/PicPacPoeTests.build/DerivedSources/arm64 -Xcc -I/tmp/picpac-phase3-post-layout-lifecycle-derived-20260925/Build/Intermediates.noindex/PicPacPoe.build/Test-iphonesimulator/PicPacPoeTests.build/DerivedSources -emit-objc-header -emit-objc-header-path /tmp/picpac-phase3-post-layout-lifecycle-derived-20260925/Build/Intermediates.noindex/PicPacPoe.build/Test-iphonesimulator/PicPacPoeTests.build/Objects-normal/arm64/PicPacPoeTests-Swift.h -working-directory /Users/bavabangaru/Developer/pic-pac-poe-ios-native-parity/ios -experimental-emit-module-separately -disable-cmo

SwiftDriverJobDiscovery normal arm64 Compiling ProductionAIWorker.swift (in target 'PicPacPoe' from project 'PicPacPoe')

SwiftExplicitDependencyGeneratePcm arm64 /tmp/picpac-phase3-post-layout-lifecycle-derived-20260925/Build/Intermediates.noindex/SwiftExplicitPrecompiledModules/XCUIAutomation-5LKOGSOWE1XXNOECZ850BC6T1.pcm

SwiftExplicitDependencyGeneratePcm arm64 /tmp/picpac-phase3-post-layout-lifecycle-derived-20260925/ModuleCache.noindex/LocalAuthentication-2CQKU83L93O0P0S47GAXBKZNU.pcm

SwiftExplicitDependencyGeneratePcm arm64 /tmp/picpac-phase3-post-layout-lifecycle-derived-20260925/Build/Intermediates.noindex/SwiftExplicitPrecompiledModules/XCTest-CVZ8QV2QMDSUHNZWO6TC8CJB0.pcm

SwiftExplicitDependencyCompileModuleFromInterface arm64 /tmp/picpac-phase3-post-layout-lifecycle-derived-20260925/Build/Intermediates.noindex/SwiftExplicitPrecompiledModules/XCUIAutomation-3CJJA44U2UNKC.swiftmodule

SwiftExplicitDependencyCompileModuleFromInterface arm64 /tmp/picpac-phase3-post-layout-lifecycle-derived-20260925/Build/Intermediates.noindex/SwiftExplicitPrecompiledModules/XCTest-368XIYIEU92XO.swiftmodule

SwiftEmitModule normal arm64 Emitting\ module\ for\ PicPacPoeUITests (in target 'PicPacPoeUITests' from project 'PicPacPoe')

SwiftCompile normal arm64 /Users/bavabangaru/Developer/pic-pac-poe-ios-native-parity/ios/PicPacPoeUITests/PicPacPoeUITests.swift (in target 'PicPacPoeUITests' from project 'PicPacPoe')
    cd /Users/bavabangaru/Developer/pic-pac-poe-ios-native-parity/ios
    

SwiftEmitModule normal arm64 Emitting\ module\ for\ PicPacPoeTests (in target 'PicPacPoeTests' from project 'PicPacPoe')

SwiftCompile normal arm64 /Users/bavabangaru/Developer/pic-pac-poe-ios-native-parity/ios/PicPacPoeTests/PicPacPoeIntegrationTests.swift (in target 'PicPacPoeTests' from project 'PicPacPoe')
    cd /Users/bavabangaru/Developer/pic-pac-poe-ios-native-parity/ios
    

SwiftCompile normal arm64 Compiling\ PicPacPoeUITests.swift /Users/bavabangaru/Developer/pic-pac-poe-ios-native-parity/ios/PicPacPoeUITests/PicPacPoeUITests.swift (in target 'PicPacPoeUITests' from project 'PicPacPoe')

SwiftCompile normal arm64 /Users/bavabangaru/Developer/pic-pac-poe-ios-native-parity/ios/PicPacPoeUITests/PicPacPoeUITests.swift (in target 'PicPacPoeUITests' from project 'PicPacPoe')
    cd /Users/bavabangaru/Developer/pic-pac-poe-ios-native-parity/ios
    

SwiftCompile normal arm64 Compiling\ PicPacPoeIntegrationTests.swift /Users/bavabangaru/Developer/pic-pac-poe-ios-native-parity/ios/PicPacPoeTests/PicPacPoeIntegrationTests.swift (in target 'PicPacPoeTests' from project 'PicPacPoe')
SwiftCompile normal arm64 /Users/bavabangaru/Developer/pic-pac-poe-ios-native-parity/ios/PicPacPoeTests/PicPacPoeIntegrationTests.swift (in target 'PicPacPoeTests' from project 'PicPacPoe')
    cd /Users/bavabangaru/Developer/pic-pac-poe-ios-native-parity/ios
    

SwiftDriverJobDiscovery normal arm64 Compiling GeneratedAssetSymbols.swift (in target 'PicPacPoe' from project 'PicPacPoe')

SwiftDriverJobDiscovery normal arm64 Emitting module for PicPacPoeUITests (in target 'PicPacPoeUITests' from project 'PicPacPoe')

SwiftDriver\ Compilation\ Requirements PicPacPoeUITests normal arm64 com.apple.xcode.tools.swift.compiler (in target 'PicPacPoeUITests' from project 'PicPacPoe')
    cd /Users/bavabangaru/Developer/pic-pac-poe-ios-native-parity/ios
    builtin-Swift-Compilation-Requirements -- /Applications/Xcode.app/Contents/Developer/Toolchains/XcodeDefault.xctoolchain/usr/bin/swiftc -module-name PicPacPoeUITests -Onone @/tmp/picpac-phase3-post-layout-lifecycle-derived-20260925/Build/Intermediates.noindex/PicPacPoe.build/Test-iphonesimulator/PicPacPoeUITests.build/Objects-normal/arm64/PicPacPoeUITests.SwiftFileList -DTESTING -DDEBUG -module-alias Testing\=_Testing_Unavailable -plugin-path /Applications/Xcode.app/Contents/Developer/Toolchains/XcodeDefault.xctoolchain/usr/lib/swift/host/plugins/testing -enable-experimental-feature DebugDescriptionMacro -sdk /Applications/Xcode.app/Contents/Developer/Platforms/iPhoneSimulator.platform/Developer/SDKs/iPhoneSimulator26.5.sdk -target arm64-apple-ios17.0-simulator -g -module-cache-path /tmp/picpac-phase3-post-layout-lifecycle-derived-20260925/ModuleCache.noindex -Xfrontend -serialize-debugging-options -profile-coverage-mapping -profile-generate -enable-testing -index-store-path /tmp/picpac-phase3-post-layout-lifecycle-derived-20260925/Index.noindex/DataStore -Xcc -D_LIBCPP_HARDENING_MODE\=_LIBCPP_HARDENING_MODE_DEBUG -swift-version 6 -I /tmp/picpac-phase3-post-layout-lifecycle-derived-20260925/Build/Products/Test-iphonesimulator -Isystem /Applications/Xcode.app/Contents/Developer/Platforms/iPhoneSimulator.platform/Developer/usr/lib -F /tmp/picpac-phase3-post-layout-lifecycle-derived-20260925/Build/Products/Test-iphonesimulator -F /Applications/Xcode.app/Contents/Developer/Platforms/iPhoneSimulator.platform/Developer/Library/Frameworks -F /Applications/Xcode.app/Contents/Developer/Platforms/iPhoneSimulator.platform/Developer/SDKs/iPhoneSimulator26.5.sdk/Developer/Library/Frameworks -parse-as-library -emit-localized-strings -emit-localized-strings-path /tmp/picpac-phase3-post-layout-lifecycle-derived-20260925/Build/Intermediates.noindex/PicPacPoe.build/Test-iphonesimulator/PicPacPoeUITests.build/Objects-normal/arm64 -c -j12 -enable-batch-mode -incremental -Xcc -ivfsstatcache -Xcc /tmp/picpac-phase3-post-layout-lifecycle-derived-20260925/SDKStatCaches.noindex/iphonesimulator26.5-23F81a-6cfe768891a92b912361537c460fe42b.sdkstatcache -output-file-map /tmp/picpac-phase3-post-layout-lifecycle-derived-20260925/Build/Intermediates.noindex/PicPacPoe.build/Test-iphonesimulator/PicPacPoeUITests.build/Objects-normal/arm64/PicPacPoeUITests-OutputFileMap.json -use-frontend-parseable-output -save-temps -no-color-diagnostics -explicit-module-build -module-cache-path /tmp/picpac-phase3-post-layout-lifecycle-derived-20260925/Build/Intermediates.noindex/SwiftExplicitPrecompiledModules -clang-scanner-module-cache-path /tmp/picpac-phase3-post-layout-lifecycle-derived-20260925/ModuleCache.noindex -sdk-module-cache-path /tmp/picpac-phase3-post-layout-lifecycle-derived-20260925/ModuleCache.noindex -serialize-diagnostics -emit-dependencies -emit-module -emit-module-path /tmp/picpac-phase3-post-layout-lifecycle-derived-20260925/Build/Intermediates.noindex/PicPacPoe.build/Test-iphonesimulator/PicPacPoeUITests.build/Objects-normal/arm64/PicPacPoeUITests.swiftmodule -validate-clang-modules-once -clang-build-session-file /tmp/picpac-phase3-post-layout-lifecycle-derived-20260925/ModuleCache.noindex/Session.modulevalidation -Xcc -I/tmp/picpac-phase3-post-layout-lifecycle-derived-20260925/Build/Intermediates.noindex/PicPacPoe.build/Test-iphonesimulator/PicPacPoeUITests.build/swift-overrides.hmap -emit-const-values -Xfrontend -const-gather-protocols-file -Xfrontend /tmp/picpac-phase3-post-layout-lifecycle-derived-20260925/Build/Intermediates.noindex/PicPacPoe.build/Test-iphonesimulator/PicPacPoeUITests.build/Objects-normal/arm64/PicPacPoeUITests_const_extract_protocols.json -Xcc -iquote -Xcc /tmp/picpac-phase3-post-layout-lifecycle-derived-20260925/Build/Intermediates.noindex/PicPacPoe.build/Test-iphonesimulator/PicPacPoeUITests.build/PicPacPoeUITests-generated-files.hmap -Xcc -I/tmp/picpac-phase3-post-layout-lifecycle-derived-20260925/Build/Intermediates.noindex/PicPacPoe.build/Test-iphonesimulator/PicPacPoeUITests.build/PicPacPoeUITests-own-target-headers.hmap -Xcc -I/tmp/picpac-phase3-post-layout-lifecycle-derived-20260925/Build/Intermediates.noindex/PicPacPoe.build/Test-iphonesimulator/PicPacPoeUITests.build/PicPacPoeUITests-all-non-framework-target-headers.hmap -Xcc -ivfsoverlay -Xcc /tmp/picpac-phase3-post-layout-lifecycle-derived-20260925/Build/Intermediates.noindex/PicPacPoe.build/Test-iphonesimulator/PicPacPoe-90eff2f9d9e8600d7e53134acd1cb833-VFS-iphonesimulator/all-product-headers.yaml -Xcc -iquote -Xcc /tmp/picpac-phase3-post-layout-lifecycle-derived-20260925/Build/Intermediates.noindex/PicPacPoe.build/Test-iphonesimulator/PicPacPoeUITests.build/PicPacPoeUITests-project-headers.hmap -Xcc -I/tmp/picpac-phase3-post-layout-lifecycle-derived-20260925/Build/Products/Test-iphonesimulator/include -Xcc -I/tmp/picpac-phase3-post-layout-lifecycle-derived-20260925/Build/Intermediates.noindex/PicPacPoe.build/Test-iphonesimulator/PicPacPoeUITests.build/DerivedSources-normal/arm64 -Xcc -I/tmp/picpac-phase3-post-layout-lifecycle-derived-20260925/Build/Intermediates.noindex/PicPacPoe.build/Test-iphonesimulator/PicPacPoeUITests.build/DerivedSources/arm64 -Xcc -I/tmp/picpac-phase3-post-layout-lifecycle-derived-20260925/Build/Intermediates.noindex/PicPacPoe.build/Test-iphonesimulator/PicPacPoeUITests.build/DerivedSources -emit-objc-header -emit-objc-header-path /tmp/picpac-phase3-post-layout-lifecycle-derived-20260925/Build/Intermediates.noindex/PicPacPoe.build/Test-iphonesimulator/PicPacPoeUITests.build/Objects-normal/arm64/PicPacPoeUITests-Swift.h -working-directory /Users/bavabangaru/Developer/pic-pac-poe-ios-native-parity/ios -experimental-emit-module-separately -disable-cmo

SwiftMergeGeneratedHeaders /tmp/picpac-phase3-post-layout-lifecycle-derived-20260925/Build/Intermediates.noindex/PicPacPoe.build/Test-iphonesimulator/PicPacPoeUITests.build/DerivedSources/PicPacPoeUITests-Swift.h /tmp/picpac-phase3-post-layout-lifecycle-derived-20260925/Build/Intermediates.noindex/PicPacPoe.build/Test-iphonesimulator/PicPacPoeUITests.build/Objects-normal/arm64/PicPacPoeUITests-Swift.h (in target 'PicPacPoeUITests' from project 'PicPacPoe')
    cd /Users/bavabangaru/Developer/pic-pac-poe-ios-native-parity/ios
    builtin-swiftHeaderTool -arch arm64 /tmp/picpac-phase3-post-layout-lifecycle-derived-20260925/Build/Intermediates.noindex/PicPacPoe.build/Test-iphonesimulator/PicPacPoeUITests.build/Objects-normal/arm64/PicPacPoeUITests-Swift.h -o /tmp/picpac-phase3-post-layout-lifecycle-derived-20260925/Build/Intermediates.noindex/PicPacPoe.build/Test-iphonesimulator/PicPacPoeUITests.build/DerivedSources/PicPacPoeUITests-Swift.h

Copy /tmp/picpac-phase3-post-layout-lifecycle-derived-20260925/Build/Products/Test-iphonesimulator/PicPacPoeUITests.swiftmodule/arm64-apple-ios-simulator.swiftmodule /tmp/picpac-phase3-post-layout-lifecycle-derived-20260925/Build/Intermediates.noindex/PicPacPoe.build/Test-iphonesimulator/PicPacPoeUITests.build/Objects-normal/arm64/PicPacPoeUITests.swiftmodule (in target 'PicPacPoeUITests' from project 'PicPacPoe')
    cd /Users/bavabangaru/Developer/pic-pac-poe-ios-native-parity/ios
    builtin-copy -exclude .DS_Store -exclude CVS -exclude .svn -exclude .git -exclude .hg -resolve-src-symlinks -rename /tmp/picpac-phase3-post-layout-lifecycle-derived-20260925/Build/Intermediates.noindex/PicPacPoe.build/Test-iphonesimulator/PicPacPoeUITests.build/Objects-normal/arm64/PicPacPoeUITests.swiftmodule /tmp/picpac-phase3-post-layout-lifecycle-derived-20260925/Build/Products/Test-iphonesimulator/PicPacPoeUITests.swiftmodule/arm64-apple-ios-simulator.swiftmodule

Copy /tmp/picpac-phase3-post-layout-lifecycle-derived-20260925/Build/Products/Test-iphonesimulator/PicPacPoeUITests.swiftmodule/arm64-apple-ios-simulator.swiftdoc /tmp/picpac-phase3-post-layout-lifecycle-derived-20260925/Build/Intermediates.noindex/PicPacPoe.build/Test-iphonesimulator/PicPacPoeUITests.build/Objects-normal/arm64/PicPacPoeUITests.swiftdoc (in target 'PicPacPoeUITests' from project 'PicPacPoe')
    cd /Users/bavabangaru/Developer/pic-pac-poe-ios-native-parity/ios
    builtin-copy -exclude .DS_Store -exclude CVS -exclude .svn -exclude .git -exclude .hg -resolve-src-symlinks -rename /tmp/picpac-phase3-post-layout-lifecycle-derived-20260925/Build/Intermediates.noindex/PicPacPoe.build/Test-iphonesimulator/PicPacPoeUITests.build/Objects-normal/arm64/PicPacPoeUITests.swiftdoc /tmp/picpac-phase3-post-layout-lifecycle-derived-20260925/Build/Products/Test-iphonesimulator/PicPacPoeUITests.swiftmodule/arm64-apple-ios-simulator.swiftdoc

Copy /tmp/picpac-phase3-post-layout-lifecycle-derived-20260925/Build/Products/Test-iphonesimulator/PicPacPoeUITests.swiftmodule/arm64-apple-ios-simulator.abi.json /tmp/picpac-phase3-post-layout-lifecycle-derived-20260925/Build/Intermediates.noindex/PicPacPoe.build/Test-iphonesimulator/PicPacPoeUITests.build/Objects-normal/arm64/PicPacPoeUITests.abi.json (in target 'PicPacPoeUITests' from project 'PicPacPoe')
    cd /Users/bavabangaru/Developer/pic-pac-poe-ios-native-parity/ios
    builtin-copy -exclude .DS_Store -exclude CVS -exclude .svn -exclude .git -exclude .hg -resolve-src-symlinks -rename /tmp/picpac-phase3-post-layout-lifecycle-derived-20260925/Build/Intermediates.noindex/PicPacPoe.build/Test-iphonesimulator/PicPacPoeUITests.build/Objects-normal/arm64/PicPacPoeUITests.abi.json /tmp/picpac-phase3-post-layout-lifecycle-derived-20260925/Build/Products/Test-iphonesimulator/PicPacPoeUITests.swiftmodule/arm64-apple-ios-simulator.abi.json

Copy /tmp/picpac-phase3-post-layout-lifecycle-derived-20260925/Build/Products/Test-iphonesimulator/PicPacPoeUITests.swiftmodule/Project/arm64-apple-ios-simulator.swiftsourceinfo /tmp/picpac-phase3-post-layout-lifecycle-derived-20260925/Build/Intermediates.noindex/PicPacPoe.build/Test-iphonesimulator/PicPacPoeUITests.build/Objects-normal/arm64/PicPacPoeUITests.swiftsourceinfo (in target 'PicPacPoeUITests' from project 'PicPacPoe')
    cd /Users/bavabangaru/Developer/pic-pac-poe-ios-native-parity/ios
    builtin-copy -exclude .DS_Store -exclude CVS -exclude .svn -exclude .git -exclude .hg -resolve-src-symlinks -rename /tmp/picpac-phase3-post-layout-lifecycle-derived-20260925/Build/Intermediates.noindex/PicPacPoe.build/Test-iphonesimulator/PicPacPoeUITests.build/Objects-normal/arm64/PicPacPoeUITests.swiftsourceinfo /tmp/picpac-phase3-post-layout-lifecycle-derived-20260925/Build/Products/Test-iphonesimulator/PicPacPoeUITests.swiftmodule/Project/arm64-apple-ios-simulator.swiftsourceinfo

SwiftDriverJobDiscovery normal arm64 Emitting module for PicPacPoeTests (in target 'PicPacPoeTests' from project 'PicPacPoe')

SwiftDriver\ Compilation\ Requirements PicPacPoeTests normal arm64 com.apple.xcode.tools.swift.compiler (in target 'PicPacPoeTests' from project 'PicPacPoe')
    cd /Users/bavabangaru/Developer/pic-pac-poe-ios-native-parity/ios
    builtin-Swift-Compilation-Requirements -- /Applications/Xcode.app/Contents/Developer/Toolchains/XcodeDefault.xctoolchain/usr/bin/swiftc -module-name PicPacPoeTests -Onone @/tmp/picpac-phase3-post-layout-lifecycle-derived-20260925/Build/Intermediates.noindex/PicPacPoe.build/Test-iphonesimulator/PicPacPoeTests.build/Objects-normal/arm64/PicPacPoeTests.SwiftFileList -DTESTING -DDEBUG -plugin-path /Applications/Xcode.app/Contents/Developer/Toolchains/XcodeDefault.xctoolchain/usr/lib/swift/host/plugins/testing -enable-experimental-feature DebugDescriptionMacro -sdk /Applications/Xcode.app/Contents/Developer/Platforms/iPhoneSimulator.platform/Developer/SDKs/iPhoneSimulator26.5.sdk -target arm64-apple-ios17.0-simulator -g -module-cache-path /tmp/picpac-phase3-post-layout-lifecycle-derived-20260925/ModuleCache.noindex -Xfrontend -serialize-debugging-options -profile-coverage-mapping -profile-generate -enable-testing -index-store-path /tmp/picpac-phase3-post-layout-lifecycle-derived-20260925/Index.noindex/DataStore -Xcc -D_LIBCPP_HARDENING_MODE\=_LIBCPP_HARDENING_MODE_DEBUG -swift-version 6 -I /tmp/picpac-phase3-post-layout-lifecycle-derived-20260925/Build/Products/Test-iphonesimulator -Isystem /Applications/Xcode.app/Contents/Developer/Platforms/iPhoneSimulator.platform/Developer/usr/lib -F /tmp/picpac-phase3-post-layout-lifecycle-derived-20260925/Build/Products/Test-iphonesimulator/PackageFrameworks -F /tmp/picpac-phase3-post-layout-lifecycle-derived-20260925/Build/Products/Test-iphonesimulator/PackageFrameworks -F /tmp/picpac-phase3-post-layout-lifecycle-derived-20260925/Build/Products/Test-iphonesimulator/PackageFrameworks -F /tmp/picpac-phase3-post-layout-lifecycle-derived-20260925/Build/Products/Test-iphonesimulator/PackageFrameworks -F /tmp/picpac-phase3-post-layout-lifecycle-derived-20260925/Build/Products/Test-iphonesimulator/PackageFrameworks -F /tmp/picpac-phase3-post-layout-lifecycle-derived-20260925/Build/Products/Test-iphonesimulator -F /Applications/Xcode.app/Contents/Developer/Platforms/iPhoneSimulator.platform/Developer/Library/Frameworks -F /Applications/Xcode.app/Contents/Developer/Platforms/iPhoneSimulator.platform/Developer/SDKs/iPhoneSimulator26.5.sdk/Developer/Library/Frameworks -parse-as-library -emit-localized-strings -emit-localized-strings-path /tmp/picpac-phase3-post-layout-lifecycle-derived-20260925/Build/Intermediates.noindex/PicPacPoe.build/Test-iphonesimulator/PicPacPoeTests.build/Objects-normal/arm64 -c -j12 -enable-batch-mode -incremental -Xcc -ivfsstatcache -Xcc /tmp/picpac-phase3-post-layout-lifecycle-derived-20260925/SDKStatCaches.noindex/iphonesimulator26.5-23F81a-6cfe768891a92b912361537c460fe42b.sdkstatcache -output-file-map /tmp/picpac-phase3-post-layout-lifecycle-derived-20260925/Build/Intermediates.noindex/PicPacPoe.build/Test-iphonesimulator/PicPacPoeTests.build/Objects-normal/arm64/PicPacPoeTests-OutputFileMap.json -use-frontend-parseable-output -save-temps -no-color-diagnostics -explicit-module-build -module-cache-path /tmp/picpac-phase3-post-layout-lifecycle-derived-20260925/Build/Intermediates.noindex/SwiftExplicitPrecompiledModules -clang-scanner-module-cache-path /tmp/picpac-phase3-post-layout-lifecycle-derived-20260925/ModuleCache.noindex -sdk-module-cache-path /tmp/picpac-phase3-post-layout-lifecycle-derived-20260925/ModuleCache.noindex -serialize-diagnostics -emit-dependencies -emit-module -emit-module-path /tmp/picpac-phase3-post-layout-lifecycle-derived-20260925/Build/Intermediates.noindex/PicPacPoe.build/Test-iphonesimulator/PicPacPoeTests.build/Objects-normal/arm64/PicPacPoeTests.swiftmodule -validate-clang-modules-once -clang-build-session-file /tmp/picpac-phase3-post-layout-lifecycle-derived-20260925/ModuleCache.noindex/Session.modulevalidation -Xcc -I/tmp/picpac-phase3-post-layout-lifecycle-derived-20260925/Build/Intermediates.noindex/PicPacPoe.build/Test-iphonesimulator/PicPacPoeTests.build/swift-overrides.hmap -emit-const-values -Xfrontend -const-gather-protocols-file -Xfrontend /tmp/picpac-phase3-post-layout-lifecycle-derived-20260925/Build/Intermediates.noindex/PicPacPoe.build/Test-iphonesimulator/PicPacPoeTests.build/Objects-normal/arm64/PicPacPoeTests_const_extract_protocols.json -Xcc -iquote -Xcc /tmp/picpac-phase3-post-layout-lifecycle-derived-20260925/Build/Intermediates.noindex/PicPacPoe.build/Test-iphonesimulator/PicPacPoeTests.build/PicPacPoeTests-generated-files.hmap -Xcc -I/tmp/picpac-phase3-post-layout-lifecycle-derived-20260925/Build/Intermediates.noindex/PicPacPoe.build/Test-iphonesimulator/PicPacPoeTests.build/PicPacPoeTests-own-target-headers.hmap -Xcc -I/tmp/picpac-phase3-post-layout-lifecycle-derived-20260925/Build/Intermediates.noindex/PicPacPoe.build/Test-iphonesimulator/PicPacPoeTests.build/PicPacPoeTests-all-non-framework-target-headers.hmap -Xcc -ivfsoverlay -Xcc /tmp/picpac-phase3-post-layout-lifecycle-derived-20260925/Build/Intermediates.noindex/PicPacPoe.build/Test-iphonesimulator/PicPacPoe-90eff2f9d9e8600d7e53134acd1cb833-VFS-iphonesimulator/all-product-headers.yaml -Xcc -iquote -Xcc /tmp/picpac-phase3-post-layout-lifecycle-derived-20260925/Build/Intermediates.noindex/PicPacPoe.build/Test-iphonesimulator/PicPacPoeTests.build/PicPacPoeTests-project-headers.hmap -Xcc -I/tmp/picpac-phase3-post-layout-lifecycle-derived-20260925/Build/Products/Test-iphonesimulator/include -Xcc -I/tmp/picpac-phase3-post-layout-lifecycle-derived-20260925/Build/Intermediates.noindex/PicPacPoe.build/Test-iphonesimulator/PicPacPoeTests.build/DerivedSources-normal/arm64 -Xcc -I/tmp/picpac-phase3-post-layout-lifecycle-derived-20260925/Build/Intermediates.noindex/PicPacPoe.build/Test-iphonesimulator/PicPacPoeTests.build/DerivedSources/arm64 -Xcc -I/tmp/picpac-phase3-post-layout-lifecycle-derived-20260925/Build/Intermediates.noindex/PicPacPoe.build/Test-iphonesimulator/PicPacPoeTests.build/DerivedSources -emit-objc-header -emit-objc-header-path /tmp/picpac-phase3-post-layout-lifecycle-derived-20260925/Build/Intermediates.noindex/PicPacPoe.build/Test-iphonesimulator/PicPacPoeTests.build/Objects-normal/arm64/PicPacPoeTests-Swift.h -working-directory /Users/bavabangaru/Developer/pic-pac-poe-ios-native-parity/ios -experimental-emit-module-separately -disable-cmo

SwiftMergeGeneratedHeaders /tmp/picpac-phase3-post-layout-lifecycle-derived-20260925/Build/Intermediates.noindex/PicPacPoe.build/Test-iphonesimulator/PicPacPoeTests.build/DerivedSources/PicPacPoeTests-Swift.h /tmp/picpac-phase3-post-layout-lifecycle-derived-20260925/Build/Intermediates.noindex/PicPacPoe.build/Test-iphonesimulator/PicPacPoeTests.build/Objects-normal/arm64/PicPacPoeTests-Swift.h (in target 'PicPacPoeTests' from project 'PicPacPoe')
    cd /Users/bavabangaru/Developer/pic-pac-poe-ios-native-parity/ios
    builtin-swiftHeaderTool -arch arm64 /tmp/picpac-phase3-post-layout-lifecycle-derived-20260925/Build/Intermediates.noindex/PicPacPoe.build/Test-iphonesimulator/PicPacPoeTests.build/Objects-normal/arm64/PicPacPoeTests-Swift.h -o /tmp/picpac-phase3-post-layout-lifecycle-derived-20260925/Build/Intermediates.noindex/PicPacPoe.build/Test-iphonesimulator/PicPacPoeTests.build/DerivedSources/PicPacPoeTests-Swift.h

Copy /tmp/picpac-phase3-post-layout-lifecycle-derived-20260925/Build/Products/Test-iphonesimulator/PicPacPoeTests.swiftmodule/arm64-apple-ios-simulator.swiftmodule /tmp/picpac-phase3-post-layout-lifecycle-derived-20260925/Build/Intermediates.noindex/PicPacPoe.build/Test-iphonesimulator/PicPacPoeTests.build/Objects-normal/arm64/PicPacPoeTests.swiftmodule (in target 'PicPacPoeTests' from project 'PicPacPoe')
    cd /Users/bavabangaru/Developer/pic-pac-poe-ios-native-parity/ios
    builtin-copy -exclude .DS_Store -exclude CVS -exclude .svn -exclude .git -exclude .hg -resolve-src-symlinks -rename /tmp/picpac-phase3-post-layout-lifecycle-derived-20260925/Build/Intermediates.noindex/PicPacPoe.build/Test-iphonesimulator/PicPacPoeTests.build/Objects-normal/arm64/PicPacPoeTests.swiftmodule /tmp/picpac-phase3-post-layout-lifecycle-derived-20260925/Build/Products/Test-iphonesimulator/PicPacPoeTests.swiftmodule/arm64-apple-ios-simulator.swiftmodule

Copy /tmp/picpac-phase3-post-layout-lifecycle-derived-20260925/Build/Products/Test-iphonesimulator/PicPacPoeTests.swiftmodule/arm64-apple-ios-simulator.swiftdoc /tmp/picpac-phase3-post-layout-lifecycle-derived-20260925/Build/Intermediates.noindex/PicPacPoe.build/Test-iphonesimulator/PicPacPoeTests.build/Objects-normal/arm64/PicPacPoeTests.swiftdoc (in target 'PicPacPoeTests' from project 'PicPacPoe')
    cd /Users/bavabangaru/Developer/pic-pac-poe-ios-native-parity/ios
    builtin-copy -exclude .DS_Store -exclude CVS -exclude .svn -exclude .git -exclude .hg -resolve-src-symlinks -rename /tmp/picpac-phase3-post-layout-lifecycle-derived-20260925/Build/Intermediates.noindex/PicPacPoe.build/Test-iphonesimulator/PicPacPoeTests.build/Objects-normal/arm64/PicPacPoeTests.swiftdoc /tmp/picpac-phase3-post-layout-lifecycle-derived-20260925/Build/Products/Test-iphonesimulator/PicPacPoeTests.swiftmodule/arm64-apple-ios-simulator.swiftdoc

Copy /tmp/picpac-phase3-post-layout-lifecycle-derived-20260925/Build/Products/Test-iphonesimulator/PicPacPoeTests.swiftmodule/arm64-apple-ios-simulator.abi.json /tmp/picpac-phase3-post-layout-lifecycle-derived-20260925/Build/Intermediates.noindex/PicPacPoe.build/Test-iphonesimulator/PicPacPoeTests.build/Objects-normal/arm64/PicPacPoeTests.abi.json (in target 'PicPacPoeTests' from project 'PicPacPoe')
    cd /Users/bavabangaru/Developer/pic-pac-poe-ios-native-parity/ios
    builtin-copy -exclude .DS_Store -exclude CVS -exclude .svn -exclude .git -exclude .hg -resolve-src-symlinks -rename /tmp/picpac-phase3-post-layout-lifecycle-derived-20260925/Build/Intermediates.noindex/PicPacPoe.build/Test-iphonesimulator/PicPacPoeTests.build/Objects-normal/arm64/PicPacPoeTests.abi.json /tmp/picpac-phase3-post-layout-lifecycle-derived-20260925/Build/Products/Test-iphonesimulator/PicPacPoeTests.swiftmodule/arm64-apple-ios-simulator.abi.json

Copy /tmp/picpac-phase3-post-layout-lifecycle-derived-20260925/Build/Products/Test-iphonesimulator/PicPacPoeTests.swiftmodule/Project/arm64-apple-ios-simulator.swiftsourceinfo /tmp/picpac-phase3-post-layout-lifecycle-derived-20260925/Build/Intermediates.noindex/PicPacPoe.build/Test-iphonesimulator/PicPacPoeTests.build/Objects-normal/arm64/PicPacPoeTests.swiftsourceinfo (in target 'PicPacPoeTests' from project 'PicPacPoe')
    cd /Users/bavabangaru/Developer/pic-pac-poe-ios-native-parity/ios
    builtin-copy -exclude .DS_Store -exclude CVS -exclude .svn -exclude .git -exclude .hg -resolve-src-symlinks -rename /tmp/picpac-phase3-post-layout-lifecycle-derived-20260925/Build/Intermediates.noindex/PicPacPoe.build/Test-iphonesimulator/PicPacPoeTests.build/Objects-normal/arm64/PicPacPoeTests.swiftsourceinfo /tmp/picpac-phase3-post-layout-lifecycle-derived-20260925/Build/Products/Test-iphonesimulator/PicPacPoeTests.swiftmodule/Project/arm64-apple-ios-simulator.swiftsourceinfo

SwiftDriverJobDiscovery normal arm64 Compiling FeedbackService.swift (in target 'PicPacPoe' from project 'PicPacPoe')

SwiftDriverJobDiscovery normal arm64 Compiling DebugLaunchConfiguration.swift (in target 'PicPacPoe' from project 'PicPacPoe')

SwiftDriverJobDiscovery normal arm64 Compiling PicPacPoeApp.swift (in target 'PicPacPoe' from project 'PicPacPoe')

SwiftDriverJobDiscovery normal arm64 Compiling FormTheme.swift (in target 'PicPacPoe' from project 'PicPacPoe')

SwiftDriverJobDiscovery normal arm64 Compiling PhysicalBoard.swift (in target 'PicPacPoe' from project 'PicPacPoe')

SwiftDriverJobDiscovery normal arm64 Compiling InfoViews.swift (in target 'PicPacPoe' from project 'PicPacPoe')

SwiftDriverJobDiscovery normal arm64 Compiling HomeView.swift (in target 'PicPacPoe' from project 'PicPacPoe')

SwiftDriverJobDiscovery normal arm64 Compiling PicPacPoeUITests.swift (in target 'PicPacPoeUITests' from project 'PicPacPoe')

SwiftDriver\ Compilation PicPacPoeUITests normal arm64 com.apple.xcode.tools.swift.compiler (in target 'PicPacPoeUITests' from project 'PicPacPoe')
    cd /Users/bavabangaru/Developer/pic-pac-poe-ios-native-parity/ios
    builtin-Swift-Compilation -- /Applications/Xcode.app/Contents/Developer/Toolchains/XcodeDefault.xctoolchain/usr/bin/swiftc -module-name PicPacPoeUITests -Onone @/tmp/picpac-phase3-post-layout-lifecycle-derived-20260925/Build/Intermediates.noindex/PicPacPoe.build/Test-iphonesimulator/PicPacPoeUITests.build/Objects-normal/arm64/PicPacPoeUITests.SwiftFileList -DTESTING -DDEBUG -module-alias Testing\=_Testing_Unavailable -plugin-path /Applications/Xcode.app/Contents/Developer/Toolchains/XcodeDefault.xctoolchain/usr/lib/swift/host/plugins/testing -enable-experimental-feature DebugDescriptionMacro -sdk /Applications/Xcode.app/Contents/Developer/Platforms/iPhoneSimulator.platform/Developer/SDKs/iPhoneSimulator26.5.sdk -target arm64-apple-ios17.0-simulator -g -module-cache-path /tmp/picpac-phase3-post-layout-lifecycle-derived-20260925/ModuleCache.noindex -Xfrontend -serialize-debugging-options -profile-coverage-mapping -profile-generate -enable-testing -index-store-path /tmp/picpac-phase3-post-layout-lifecycle-derived-20260925/Index.noindex/DataStore -Xcc -D_LIBCPP_HARDENING_MODE\=_LIBCPP_HARDENING_MODE_DEBUG -swift-version 6 -I /tmp/picpac-phase3-post-layout-lifecycle-derived-20260925/Build/Products/Test-iphonesimulator -Isystem /Applications/Xcode.app/Contents/Developer/Platforms/iPhoneSimulator.platform/Developer/usr/lib -F /tmp/picpac-phase3-post-layout-lifecycle-derived-20260925/Build/Products/Test-iphonesimulator -F /Applications/Xcode.app/Contents/Developer/Platforms/iPhoneSimulator.platform/Developer/Library/Frameworks -F /Applications/Xcode.app/Contents/Developer/Platforms/iPhoneSimulator.platform/Developer/SDKs/iPhoneSimulator26.5.sdk/Developer/Library/Frameworks -parse-as-library -emit-localized-strings -emit-localized-strings-path /tmp/picpac-phase3-post-layout-lifecycle-derived-20260925/Build/Intermediates.noindex/PicPacPoe.build/Test-iphonesimulator/PicPacPoeUITests.build/Objects-normal/arm64 -c -j12 -enable-batch-mode -incremental -Xcc -ivfsstatcache -Xcc /tmp/picpac-phase3-post-layout-lifecycle-derived-20260925/SDKStatCaches.noindex/iphonesimulator26.5-23F81a-6cfe768891a92b912361537c460fe42b.sdkstatcache -output-file-map /tmp/picpac-phase3-post-layout-lifecycle-derived-20260925/Build/Intermediates.noindex/PicPacPoe.build/Test-iphonesimulator/PicPacPoeUITests.build/Objects-normal/arm64/PicPacPoeUITests-OutputFileMap.json -use-frontend-parseable-output -save-temps -no-color-diagnostics -explicit-module-build -module-cache-path /tmp/picpac-phase3-post-layout-lifecycle-derived-20260925/Build/Intermediates.noindex/SwiftExplicitPrecompiledModules -clang-scanner-module-cache-path /tmp/picpac-phase3-post-layout-lifecycle-derived-20260925/ModuleCache.noindex -sdk-module-cache-path /tmp/picpac-phase3-post-layout-lifecycle-derived-20260925/ModuleCache.noindex -serialize-diagnostics -emit-dependencies -emit-module -emit-module-path /tmp/picpac-phase3-post-layout-lifecycle-derived-20260925/Build/Intermediates.noindex/PicPacPoe.build/Test-iphonesimulator/PicPacPoeUITests.build/Objects-normal/arm64/PicPacPoeUITests.swiftmodule -validate-clang-modules-once -clang-build-session-file /tmp/picpac-phase3-post-layout-lifecycle-derived-20260925/ModuleCache.noindex/Session.modulevalidation -Xcc -I/tmp/picpac-phase3-post-layout-lifecycle-derived-20260925/Build/Intermediates.noindex/PicPacPoe.build/Test-iphonesimulator/PicPacPoeUITests.build/swift-overrides.hmap -emit-const-values -Xfrontend -const-gather-protocols-file -Xfrontend /tmp/picpac-phase3-post-layout-lifecycle-derived-20260925/Build/Intermediates.noindex/PicPacPoe.build/Test-iphonesimulator/PicPacPoeUITests.build/Objects-normal/arm64/PicPacPoeUITests_const_extract_protocols.json -Xcc -iquote -Xcc /tmp/picpac-phase3-post-layout-lifecycle-derived-20260925/Build/Intermediates.noindex/PicPacPoe.build/Test-iphonesimulator/PicPacPoeUITests.build/PicPacPoeUITests-generated-files.hmap -Xcc -I/tmp/picpac-phase3-post-layout-lifecycle-derived-20260925/Build/Intermediates.noindex/PicPacPoe.build/Test-iphonesimulator/PicPacPoeUITests.build/PicPacPoeUITests-own-target-headers.hmap -Xcc -I/tmp/picpac-phase3-post-layout-lifecycle-derived-20260925/Build/Intermediates.noindex/PicPacPoe.build/Test-iphonesimulator/PicPacPoeUITests.build/PicPacPoeUITests-all-non-framework-target-headers.hmap -Xcc -ivfsoverlay -Xcc /tmp/picpac-phase3-post-layout-lifecycle-derived-20260925/Build/Intermediates.noindex/PicPacPoe.build/Test-iphonesimulator/PicPacPoe-90eff2f9d9e8600d7e53134acd1cb833-VFS-iphonesimulator/all-product-headers.yaml -Xcc -iquote -Xcc /tmp/picpac-phase3-post-layout-lifecycle-derived-20260925/Build/Intermediates.noindex/PicPacPoe.build/Test-iphonesimulator/PicPacPoeUITests.build/PicPacPoeUITests-project-headers.hmap -Xcc -I/tmp/picpac-phase3-post-layout-lifecycle-derived-20260925/Build/Products/Test-iphonesimulator/include -Xcc -I/tmp/picpac-phase3-post-layout-lifecycle-derived-20260925/Build/Intermediates.noindex/PicPacPoe.build/Test-iphonesimulator/PicPacPoeUITests.build/DerivedSources-normal/arm64 -Xcc -I/tmp/picpac-phase3-post-layout-lifecycle-derived-20260925/Build/Intermediates.noindex/PicPacPoe.build/Test-iphonesimulator/PicPacPoeUITests.build/DerivedSources/arm64 -Xcc -I/tmp/picpac-phase3-post-layout-lifecycle-derived-20260925/Build/Intermediates.noindex/PicPacPoe.build/Test-iphonesimulator/PicPacPoeUITests.build/DerivedSources -emit-objc-header -emit-objc-header-path /tmp/picpac-phase3-post-layout-lifecycle-derived-20260925/Build/Intermediates.noindex/PicPacPoe.build/Test-iphonesimulator/PicPacPoeUITests.build/Objects-normal/arm64/PicPacPoeUITests-Swift.h -working-directory /Users/bavabangaru/Developer/pic-pac-poe-ios-native-parity/ios -experimental-emit-module-separately -disable-cmo

SwiftDriverJobDiscovery normal arm64 Compiling GameView.swift (in target 'PicPacPoe' from project 'PicPacPoe')

SwiftDriver\ Compilation PicPacPoe normal arm64 com.apple.xcode.tools.swift.compiler (in target 'PicPacPoe' from project 'PicPacPoe')
    cd /Users/bavabangaru/Developer/pic-pac-poe-ios-native-parity/ios
    builtin-Swift-Compilation -- /Applications/Xcode.app/Contents/Developer/Toolchains/XcodeDefault.xctoolchain/usr/bin/swiftc -module-name PicPacPoe -Onone @/tmp/picpac-phase3-post-layout-lifecycle-derived-20260925/Build/Intermediates.noindex/PicPacPoe.build/Test-iphonesimulator/PicPacPoe.build/Objects-normal/arm64/PicPacPoe.SwiftFileList -DTESTING -DDEBUG -enable-experimental-feature DebugDescriptionMacro -sdk /Applications/Xcode.app/Contents/Developer/Platforms/iPhoneSimulator.platform/Developer/SDKs/iPhoneSimulator26.5.sdk -target arm64-apple-ios17.0-simulator -g -module-cache-path /tmp/picpac-phase3-post-layout-lifecycle-derived-20260925/ModuleCache.noindex -Xfrontend -serialize-debugging-options -profile-coverage-mapping -profile-generate -enable-testing -index-store-path /tmp/picpac-phase3-post-layout-lifecycle-derived-20260925/Index.noindex/DataStore -Xcc -D_LIBCPP_HARDENING_MODE\=_LIBCPP_HARDENING_MODE_DEBUG -swift-version 6 -I /tmp/picpac-phase3-post-layout-lifecycle-derived-20260925/Build/Products/Test-iphonesimulator -F /tmp/picpac-phase3-post-layout-lifecycle-derived-20260925/Build/Products/Test-iphonesimulator/PackageFrameworks -F /tmp/picpac-phase3-post-layout-lifecycle-derived-20260925/Build/Products/Test-iphonesimulator/PackageFrameworks -F /tmp/picpac-phase3-post-layout-lifecycle-derived-20260925/Build/Products/Test-iphonesimulator/PackageFrameworks -F /tmp/picpac-phase3-post-layout-lifecycle-derived-20260925/Build/Products/Test-iphonesimulator -emit-localized-strings -emit-localized-strings-path /tmp/picpac-phase3-post-layout-lifecycle-derived-20260925/Build/Intermediates.noindex/PicPacPoe.build/Test-iphonesimulator/PicPacPoe.build/Objects-normal/arm64 -c -j12 -enable-batch-mode -incremental -Xcc -ivfsstatcache -Xcc /tmp/picpac-phase3-post-layout-lifecycle-derived-20260925/SDKStatCaches.noindex/iphonesimulator26.5-23F81a-6cfe768891a92b912361537c460fe42b.sdkstatcache -output-file-map /tmp/picpac-phase3-post-layout-lifecycle-derived-20260925/Build/Intermediates.noindex/PicPacPoe.build/Test-iphonesimulator/PicPacPoe.build/Objects-normal/arm64/PicPacPoe-OutputFileMap.json -use-frontend-parseable-output -save-temps -no-color-diagnostics -explicit-module-build -module-cache-path /tmp/picpac-phase3-post-layout-lifecycle-derived-20260925/Build/Intermediates.noindex/SwiftExplicitPrecompiledModules -clang-scanner-module-cache-path /tmp/picpac-phase3-post-layout-lifecycle-derived-20260925/ModuleCache.noindex -sdk-module-cache-path /tmp/picpac-phase3-post-layout-lifecycle-derived-20260925/ModuleCache.noindex -serialize-diagnostics -emit-dependencies -emit-module -emit-module-path /tmp/picpac-phase3-post-layout-lifecycle-derived-20260925/Build/Intermediates.noindex/PicPacPoe.build/Test-iphonesimulator/PicPacPoe.build/Objects-normal/arm64/PicPacPoe.swiftmodule -validate-clang-modules-once -clang-build-session-file /tmp/picpac-phase3-post-layout-lifecycle-derived-20260925/ModuleCache.noindex/Session.modulevalidation -Xcc -I/tmp/picpac-phase3-post-layout-lifecycle-derived-20260925/Build/Intermediates.noindex/PicPacPoe.build/Test-iphonesimulator/PicPacPoe.build/swift-overrides.hmap -emit-const-values -Xfrontend -const-gather-protocols-file -Xfrontend /tmp/picpac-phase3-post-layout-lifecycle-derived-20260925/Build/Intermediates.noindex/PicPacPoe.build/Test-iphonesimulator/PicPacPoe.build/Objects-normal/arm64/PicPacPoe_const_extract_protocols.json -Xcc -iquote -Xcc /tmp/picpac-phase3-post-layout-lifecycle-derived-20260925/Build/Intermediates.noindex/PicPacPoe.build/Test-iphonesimulator/PicPacPoe.build/PicPacPoe-generated-files.hmap -Xcc -I/tmp/picpac-phase3-post-layout-lifecycle-derived-20260925/Build/Intermediates.noindex/PicPacPoe.build/Test-iphonesimulator/PicPacPoe.build/PicPacPoe-own-target-headers.hmap -Xcc -I/tmp/picpac-phase3-post-layout-lifecycle-derived-20260925/Build/Intermediates.noindex/PicPacPoe.build/Test-iphonesimulator/PicPacPoe.build/PicPacPoe-all-non-framework-target-headers.hmap -Xcc -ivfsoverlay -Xcc /tmp/picpac-phase3-post-layout-lifecycle-derived-20260925/Build/Intermediates.noindex/PicPacPoe.build/Test-iphonesimulator/PicPacPoe-90eff2f9d9e8600d7e53134acd1cb833-VFS-iphonesimulator/all-product-headers.yaml -Xcc -iquote -Xcc /tmp/picpac-phase3-post-layout-lifecycle-derived-20260925/Build/Intermediates.noindex/PicPacPoe.build/Test-iphonesimulator/PicPacPoe.build/PicPacPoe-project-headers.hmap -Xcc -I/tmp/picpac-phase3-post-layout-lifecycle-derived-20260925/Build/Products/Test-iphonesimulator/include -Xcc -I/tmp/picpac-phase3-post-layout-lifecycle-derived-20260925/Build/Intermediates.noindex/PicPacPoe.build/Test-iphonesimulator/PicPacPoe.build/DerivedSources-normal/arm64 -Xcc -I/tmp/picpac-phase3-post-layout-lifecycle-derived-20260925/Build/Intermediates.noindex/PicPacPoe.build/Test-iphonesimulator/PicPacPoe.build/DerivedSources/arm64 -Xcc -I/tmp/picpac-phase3-post-layout-lifecycle-derived-20260925/Build/Intermediates.noindex/PicPacPoe.build/Test-iphonesimulator/PicPacPoe.build/DerivedSources -emit-objc-header -emit-objc-header-path /tmp/picpac-phase3-post-layout-lifecycle-derived-20260925/Build/Intermediates.noindex/PicPacPoe.build/Test-iphonesimulator/PicPacPoe.build/Objects-normal/arm64/PicPacPoe-Swift.h -working-directory /Users/bavabangaru/Developer/pic-pac-poe-ios-native-parity/ios -experimental-emit-module-separately -disable-cmo

Ld /tmp/picpac-phase3-post-layout-lifecycle-derived-20260925/Build/Products/Test-iphonesimulator/PicPacPoe.app/PicPacPoe.debug.dylib normal (in target 'PicPacPoe' from project 'PicPacPoe')
    cd /Users/bavabangaru/Developer/pic-pac-poe-ios-native-parity/ios
    /Applications/Xcode.app/Contents/Developer/Toolchains/XcodeDefault.xctoolchain/usr/bin/clang -Xlinker -reproducible -target arm64-apple-ios17.0-simulator -dynamiclib -isysroot /Applications/Xcode.app/Contents/Developer/Platforms/iPhoneSimulator.platform/Developer/SDKs/iPhoneSimulator26.5.sdk -O0 -L/tmp/picpac-phase3-post-layout-lifecycle-derived-20260925/Build/Intermediates.noindex/EagerLinkingTBDs/Test-iphonesimulator -L/tmp/picpac-phase3-post-layout-lifecycle-derived-20260925/Build/Products/Test-iphonesimulator -F/tmp/picpac-phase3-post-layout-lifecycle-derived-20260925/Build/Intermediates.noindex/EagerLinkingTBDs/Test-iphonesimulator -F/tmp/picpac-phase3-post-layout-lifecycle-derived-20260925/Build/Products/Test-iphonesimulator/PackageFrameworks -F/tmp/picpac-phase3-post-layout-lifecycle-derived-20260925/Build/Products/Test-iphonesimulator/PackageFrameworks -F/tmp/picpac-phase3-post-layout-lifecycle-derived-20260925/Build/Products/Test-iphonesimulator/PackageFrameworks -F/tmp/picpac-phase3-post-layout-lifecycle-derived-20260925/Build/Products/Test-iphonesimulator -filelist /tmp/picpac-phase3-post-layout-lifecycle-derived-20260925/Build/Intermediates.noindex/PicPacPoe.build/Test-iphonesimulator/PicPacPoe.build/Objects-normal/arm64/PicPacPoe.LinkFileList -install_name @rpath/PicPacPoe.debug.dylib -Xlinker -rpath -Xlinker /usr/lib/swift -Xlinker -dead_strip -Xlinker -object_path_lto -Xlinker /tmp/picpac-phase3-post-layout-lifecycle-derived-20260925/Build/Intermediates.noindex/PicPacPoe.build/Test-iphonesimulator/PicPacPoe.build/Objects-normal/arm64/PicPacPoe_lto.o -rdynamic -Xlinker -no_deduplicate -Xlinker -objc_abi_version -Xlinker 2 -Xlinker -debug_variant -Xlinker -dependency_info -Xlinker /tmp/picpac-phase3-post-layout-lifecycle-derived-20260925/Build/Intermediates.noindex/PicPacPoe.build/Test-iphonesimulator/PicPacPoe.build/Objects-normal/arm64/PicPacPoe_dependency_info.dat -fobjc-link-runtime -fprofile-instr-generate -L/Applications/Xcode.app/Contents/Developer/Toolchains/XcodeDefault.xctoolchain/usr/lib/swift/iphonesimulator -L/usr/lib/swift -Xlinker -add_ast_path -Xlinker /tmp/picpac-phase3-post-layout-lifecycle-derived-20260925/Build/Intermediates.noindex/PicPacPoe.build/Test-iphonesimulator/PicPacPoe.build/Objects-normal/arm64/PicPacPoe.swiftmodule @/tmp/picpac-phase3-post-layout-lifecycle-derived-20260925/Build/Intermediates.noindex/PicPacPoe.build/Test-iphonesimulator/PicPacPoe.build/Objects-normal/arm64/PicPacPoe-linker-args.resp -Wl,-no_warn_duplicate_libraries -Wl,-no_warn_duplicate_libraries -Wl,-no_warn_duplicate_libraries -Xlinker -alias -Xlinker _main -Xlinker ___debug_main_executable_dylib_entry_point /tmp/picpac-phase3-post-layout-lifecycle-derived-20260925/Build/Products/Test-iphonesimulator/PackageFrameworks/PicPacPresentation_-6026B0FB22E351C2_PackageProduct.framework/PicPacPresentation_-6026B0FB22E351C2_PackageProduct -o /tmp/picpac-phase3-post-layout-lifecycle-derived-20260925/Build/Products/Test-iphonesimulator/PicPacPoe.app/PicPacPoe.debug.dylib -Xlinker -add_ast_path -Xlinker /tmp/picpac-phase3-post-layout-lifecycle-derived-20260925/Build/Intermediates.noindex/PicPacKit.build/Test-iphonesimulator/PicPacAI.build/Objects-normal/arm64/PicPacAI.swiftmodule @/tmp/picpac-phase3-post-layout-lifecycle-derived-20260925/Build/Intermediates.noindex/PicPacKit.build/Test-iphonesimulator/PicPacAI.build/Objects-normal/arm64/PicPacAI-linker-args.resp -Xlinker -add_ast_path -Xlinker /tmp/picpac-phase3-post-layout-lifecycle-derived-20260925/Build/Intermediates.noindex/PicPacKit.build/Test-iphonesimulator/PicPacCore.build/Objects-normal/arm64/PicPacCore.swiftmodule @/tmp/picpac-phase3-post-layout-lifecycle-derived-20260925/Build/Intermediates.noindex/PicPacKit.build/Test-iphonesimulator/PicPacCore.build/Objects-normal/arm64/PicPacCore-linker-args.resp

SwiftDriverJobDiscovery normal arm64 Compiling PicPacPoeIntegrationTests.swift (in target 'PicPacPoeTests' from project 'PicPacPoe')

SwiftDriver\ Compilation PicPacPoeTests normal arm64 com.apple.xcode.tools.swift.compiler (in target 'PicPacPoeTests' from project 'PicPacPoe')
    cd /Users/bavabangaru/Developer/pic-pac-poe-ios-native-parity/ios
    builtin-Swift-Compilation -- /Applications/Xcode.app/Contents/Developer/Toolchains/XcodeDefault.xctoolchain/usr/bin/swiftc -module-name PicPacPoeTests -Onone @/tmp/picpac-phase3-post-layout-lifecycle-derived-20260925/Build/Intermediates.noindex/PicPacPoe.build/Test-iphonesimulator/PicPacPoeTests.build/Objects-normal/arm64/PicPacPoeTests.SwiftFileList -DTESTING -DDEBUG -plugin-path /Applications/Xcode.app/Contents/Developer/Toolchains/XcodeDefault.xctoolchain/usr/lib/swift/host/plugins/testing -enable-experimental-feature DebugDescriptionMacro -sdk /Applications/Xcode.app/Contents/Developer/Platforms/iPhoneSimulator.platform/Developer/SDKs/iPhoneSimulator26.5.sdk -target arm64-apple-ios17.0-simulator -g -module-cache-path /tmp/picpac-phase3-post-layout-lifecycle-derived-20260925/ModuleCache.noindex -Xfrontend -serialize-debugging-options -profile-coverage-mapping -profile-generate -enable-testing -index-store-path /tmp/picpac-phase3-post-layout-lifecycle-derived-20260925/Index.noindex/DataStore -Xcc -D_LIBCPP_HARDENING_MODE\=_LIBCPP_HARDENING_MODE_DEBUG -swift-version 6 -I /tmp/picpac-phase3-post-layout-lifecycle-derived-20260925/Build/Products/Test-iphonesimulator -Isystem /Applications/Xcode.app/Contents/Developer/Platforms/iPhoneSimulator.platform/Developer/usr/lib -F /tmp/picpac-phase3-post-layout-lifecycle-derived-20260925/Build/Products/Test-iphonesimulator/PackageFrameworks -F /tmp/picpac-phase3-post-layout-lifecycle-derived-20260925/Build/Products/Test-iphonesimulator/PackageFrameworks -F /tmp/picpac-phase3-post-layout-lifecycle-derived-20260925/Build/Products/Test-iphonesimulator/PackageFrameworks -F /tmp/picpac-phase3-post-layout-lifecycle-derived-20260925/Build/Products/Test-iphonesimulator/PackageFrameworks -F /tmp/picpac-phase3-post-layout-lifecycle-derived-20260925/Build/Products/Test-iphonesimulator/PackageFrameworks -F /tmp/picpac-phase3-post-layout-lifecycle-derived-20260925/Build/Products/Test-iphonesimulator -F /Applications/Xcode.app/Contents/Developer/Platforms/iPhoneSimulator.platform/Developer/Library/Frameworks -F /Applications/Xcode.app/Contents/Developer/Platforms/iPhoneSimulator.platform/Developer/SDKs/iPhoneSimulator26.5.sdk/Developer/Library/Frameworks -parse-as-library -emit-localized-strings -emit-localized-strings-path /tmp/picpac-phase3-post-layout-lifecycle-derived-20260925/Build/Intermediates.noindex/PicPacPoe.build/Test-iphonesimulator/PicPacPoeTests.build/Objects-normal/arm64 -c -j12 -enable-batch-mode -incremental -Xcc -ivfsstatcache -Xcc /tmp/picpac-phase3-post-layout-lifecycle-derived-20260925/SDKStatCaches.noindex/iphonesimulator26.5-23F81a-6cfe768891a92b912361537c460fe42b.sdkstatcache -output-file-map /tmp/picpac-phase3-post-layout-lifecycle-derived-20260925/Build/Intermediates.noindex/PicPacPoe.build/Test-iphonesimulator/PicPacPoeTests.build/Objects-normal/arm64/PicPacPoeTests-OutputFileMap.json -use-frontend-parseable-output -save-temps -no-color-diagnostics -explicit-module-build -module-cache-path /tmp/picpac-phase3-post-layout-lifecycle-derived-20260925/Build/Intermediates.noindex/SwiftExplicitPrecompiledModules -clang-scanner-module-cache-path /tmp/picpac-phase3-post-layout-lifecycle-derived-20260925/ModuleCache.noindex -sdk-module-cache-path /tmp/picpac-phase3-post-layout-lifecycle-derived-20260925/ModuleCache.noindex -serialize-diagnostics -emit-dependencies -emit-module -emit-module-path /tmp/picpac-phase3-post-layout-lifecycle-derived-20260925/Build/Intermediates.noindex/PicPacPoe.build/Test-iphonesimulator/PicPacPoeTests.build/Objects-normal/arm64/PicPacPoeTests.swiftmodule -validate-clang-modules-once -clang-build-session-file /tmp/picpac-phase3-post-layout-lifecycle-derived-20260925/ModuleCache.noindex/Session.modulevalidation -Xcc -I/tmp/picpac-phase3-post-layout-lifecycle-derived-20260925/Build/Intermediates.noindex/PicPacPoe.build/Test-iphonesimulator/PicPacPoeTests.build/swift-overrides.hmap -emit-const-values -Xfrontend -const-gather-protocols-file -Xfrontend /tmp/picpac-phase3-post-layout-lifecycle-derived-20260925/Build/Intermediates.noindex/PicPacPoe.build/Test-iphonesimulator/PicPacPoeTests.build/Objects-normal/arm64/PicPacPoeTests_const_extract_protocols.json -Xcc -iquote -Xcc /tmp/picpac-phase3-post-layout-lifecycle-derived-20260925/Build/Intermediates.noindex/PicPacPoe.build/Test-iphonesimulator/PicPacPoeTests.build/PicPacPoeTests-generated-files.hmap -Xcc -I/tmp/picpac-phase3-post-layout-lifecycle-derived-20260925/Build/Intermediates.noindex/PicPacPoe.build/Test-iphonesimulator/PicPacPoeTests.build/PicPacPoeTests-own-target-headers.hmap -Xcc -I/tmp/picpac-phase3-post-layout-lifecycle-derived-20260925/Build/Intermediates.noindex/PicPacPoe.build/Test-iphonesimulator/PicPacPoeTests.build/PicPacPoeTests-all-non-framework-target-headers.hmap -Xcc -ivfsoverlay -Xcc /tmp/picpac-phase3-post-layout-lifecycle-derived-20260925/Build/Intermediates.noindex/PicPacPoe.build/Test-iphonesimulator/PicPacPoe-90eff2f9d9e8600d7e53134acd1cb833-VFS-iphonesimulator/all-product-headers.yaml -Xcc -iquote -Xcc /tmp/picpac-phase3-post-layout-lifecycle-derived-20260925/Build/Intermediates.noindex/PicPacPoe.build/Test-iphonesimulator/PicPacPoeTests.build/PicPacPoeTests-project-headers.hmap -Xcc -I/tmp/picpac-phase3-post-layout-lifecycle-derived-20260925/Build/Products/Test-iphonesimulator/include -Xcc -I/tmp/picpac-phase3-post-layout-lifecycle-derived-20260925/Build/Intermediates.noindex/PicPacPoe.build/Test-iphonesimulator/PicPacPoeTests.build/DerivedSources-normal/arm64 -Xcc -I/tmp/picpac-phase3-post-layout-lifecycle-derived-20260925/Build/Intermediates.noindex/PicPacPoe.build/Test-iphonesimulator/PicPacPoeTests.build/DerivedSources/arm64 -Xcc -I/tmp/picpac-phase3-post-layout-lifecycle-derived-20260925/Build/Intermediates.noindex/PicPacPoe.build/Test-iphonesimulator/PicPacPoeTests.build/DerivedSources -emit-objc-header -emit-objc-header-path /tmp/picpac-phase3-post-layout-lifecycle-derived-20260925/Build/Intermediates.noindex/PicPacPoe.build/Test-iphonesimulator/PicPacPoeTests.build/Objects-normal/arm64/PicPacPoeTests-Swift.h -working-directory /Users/bavabangaru/Developer/pic-pac-poe-ios-native-parity/ios -experimental-emit-module-separately -disable-cmo

ConstructStubExecutorLinkFileList /tmp/picpac-phase3-post-layout-lifecycle-derived-20260925/Build/Intermediates.noindex/PicPacPoe.build/Test-iphonesimulator/PicPacPoe.build/PicPacPoe-ExecutorLinkFileList-normal-arm64.txt (in target 'PicPacPoe' from project 'PicPacPoe')
    cd /Users/bavabangaru/Developer/pic-pac-poe-ios-native-parity/ios
    construct-stub-executor-link-file-list /tmp/picpac-phase3-post-layout-lifecycle-derived-20260925/Build/Products/Test-iphonesimulator/PicPacPoe.app/PicPacPoe.debug.dylib /Applications/Xcode.app/Contents/Developer/Platforms/iPhoneSimulator.platform/Developer/usr/lib/libPreviewsJITStubExecutor_no_swift_entry_point.a /Applications/Xcode.app/Contents/Developer/Platforms/iPhoneSimulator.platform/Developer/usr/lib/libPreviewsJITStubExecutor.a --output /tmp/picpac-phase3-post-layout-lifecycle-derived-20260925/Build/Intermediates.noindex/PicPacPoe.build/Test-iphonesimulator/PicPacPoe.build/PicPacPoe-ExecutorLinkFileList-normal-arm64.txt
note: Using stub executor library with Swift entry point. (in target 'PicPacPoe' from project 'PicPacPoe')

GenerateDSYMFile /tmp/picpac-phase3-post-layout-lifecycle-derived-20260925/Build/Products/Test-iphonesimulator/PicPacPoe.app.dSYM /tmp/picpac-phase3-post-layout-lifecycle-derived-20260925/Build/Products/Test-iphonesimulator/PicPacPoe.app/PicPacPoe.debug.dylib (in target 'PicPacPoe' from project 'PicPacPoe')
    cd /Users/bavabangaru/Developer/pic-pac-poe-ios-native-parity/ios
    /Applications/Xcode.app/Contents/Developer/Toolchains/XcodeDefault.xctoolchain/usr/bin/dsymutil /tmp/picpac-phase3-post-layout-lifecycle-derived-20260925/Build/Products/Test-iphonesimulator/PicPacPoe.app/PicPacPoe.debug.dylib -o /tmp/picpac-phase3-post-layout-lifecycle-derived-20260925/Build/Products/Test-iphonesimulator/PicPacPoe.app.dSYM

Ld /tmp/picpac-phase3-post-layout-lifecycle-derived-20260925/Build/Products/Test-iphonesimulator/PicPacPoe.app/PicPacPoe normal (in target 'PicPacPoe' from project 'PicPacPoe')
    cd /Users/bavabangaru/Developer/pic-pac-poe-ios-native-parity/ios
    /Applications/Xcode.app/Contents/Developer/Toolchains/XcodeDefault.xctoolchain/usr/bin/clang -Xlinker -reproducible -target arm64-apple-ios17.0-simulator -isysroot /Applications/Xcode.app/Contents/Developer/Platforms/iPhoneSimulator.platform/Developer/SDKs/iPhoneSimulator26.5.sdk -O0 -L/tmp/picpac-phase3-post-layout-lifecycle-derived-20260925/Build/Products/Test-iphonesimulator -F/tmp/picpac-phase3-post-layout-lifecycle-derived-20260925/Build/Products/Test-iphonesimulator/PackageFrameworks -F/tmp/picpac-phase3-post-layout-lifecycle-derived-20260925/Build/Products/Test-iphonesimulator/PackageFrameworks -F/tmp/picpac-phase3-post-layout-lifecycle-derived-20260925/Build/Products/Test-iphonesimulator/PackageFrameworks -F/tmp/picpac-phase3-post-layout-lifecycle-derived-20260925/Build/Products/Test-iphonesimulator -Xlinker -rpath -Xlinker @executable_path -rdynamic -Xlinker -no_deduplicate -Xlinker -objc_abi_version -Xlinker 2 -Xlinker -debug_variant -e ___debug_blank_executor_main -Xlinker -sectcreate -Xlinker __TEXT -Xlinker __debug_dylib -Xlinker /tmp/picpac-phase3-post-layout-lifecycle-derived-20260925/Build/Intermediates.noindex/PicPacPoe.build/Test-iphonesimulator/PicPacPoe.build/PicPacPoe-DebugDylibPath-normal-arm64.txt -Xlinker -sectcreate -Xlinker __TEXT -Xlinker __debug_instlnm -Xlinker /tmp/picpac-phase3-post-layout-lifecycle-derived-20260925/Build/Intermediates.noindex/PicPacPoe.build/Test-iphonesimulator/PicPacPoe.build/PicPacPoe-DebugDylibInstallName-normal-arm64.txt -Xlinker -filelist -Xlinker /tmp/picpac-phase3-post-layout-lifecycle-derived-20260925/Build/Intermediates.noindex/PicPacPoe.build/Test-iphonesimulator/PicPacPoe.build/PicPacPoe-ExecutorLinkFileList-normal-arm64.txt /tmp/picpac-phase3-post-layout-lifecycle-derived-20260925/Build/Products/Test-iphonesimulator/PicPacPoe.app/PicPacPoe.debug.dylib -o /tmp/picpac-phase3-post-layout-lifecycle-derived-20260925/Build/Products/Test-iphonesimulator/PicPacPoe.app/PicPacPoe

GenerateDSYMFile /tmp/picpac-phase3-post-layout-lifecycle-derived-20260925/Build/Products/Test-iphonesimulator/PicPacPoe.app.dSYM /tmp/picpac-phase3-post-layout-lifecycle-derived-20260925/Build/Products/Test-iphonesimulator/PicPacPoe.app/PicPacPoe (in target 'PicPacPoe' from project 'PicPacPoe')
    cd /Users/bavabangaru/Developer/pic-pac-poe-ios-native-parity/ios
    /Applications/Xcode.app/Contents/Developer/Toolchains/XcodeDefault.xctoolchain/usr/bin/dsymutil -q /tmp/picpac-phase3-post-layout-lifecycle-derived-20260925/Build/Products/Test-iphonesimulator/PicPacPoe.app/PicPacPoe -o /tmp/picpac-phase3-post-layout-lifecycle-derived-20260925/Build/Products/Test-iphonesimulator/PicPacPoe.app.dSYM

CopySwiftLibs /tmp/picpac-phase3-post-layout-lifecycle-derived-20260925/Build/Products/Test-iphonesimulator/PicPacPoe.app (in target 'PicPacPoe' from project 'PicPacPoe')
    cd /Users/bavabangaru/Developer/pic-pac-poe-ios-native-parity/ios
    builtin-swiftStdLibTool --copy --verbose --scan-executable /tmp/picpac-phase3-post-layout-lifecycle-derived-20260925/Build/Products/Test-iphonesimulator/PicPacPoe.app/PicPacPoe.debug.dylib --scan-folder /tmp/picpac-phase3-post-layout-lifecycle-derived-20260925/Build/Products/Test-iphonesimulator/PicPacPoe.app/Frameworks --scan-folder /tmp/picpac-phase3-post-layout-lifecycle-derived-20260925/Build/Products/Test-iphonesimulator/PicPacPoe.app/PlugIns --scan-folder /tmp/picpac-phase3-post-layout-lifecycle-derived-20260925/Build/Products/Test-iphonesimulator/PicPacPoe.app/SystemExtensions --scan-folder /tmp/picpac-phase3-post-layout-lifecycle-derived-20260925/Build/Products/Test-iphonesimulator/PicPacPoe.app/Extensions --scan-folder /tmp/picpac-phase3-post-layout-lifecycle-derived-20260925/Build/Products/Test-iphonesimulator/PackageFrameworks/PicPacPresentation_-6026B0FB22E351C2_PackageProduct.framework --platform iphonesimulator --toolchain /Applications/Xcode.app/Contents/Developer/Toolchains/XcodeDefault.xctoolchain --destination /tmp/picpac-phase3-post-layout-lifecycle-derived-20260925/Build/Products/Test-iphonesimulator/PicPacPoe.app/Frameworks --strip-bitcode --strip-bitcode-tool /Applications/Xcode.app/Contents/Developer/Toolchains/XcodeDefault.xctoolchain/usr/bin/bitcode_strip --emit-dependency-info /tmp/picpac-phase3-post-layout-lifecycle-derived-20260925/Build/Intermediates.noindex/PicPacPoe.build/Test-iphonesimulator/PicPacPoe.build/SwiftStdLibToolInputDependencies.dep --filter-for-swift-os
Ignoring --strip-bitcode because --sign was not passed

ExtractAppIntentsMetadata (in target 'PicPacPoe' from project 'PicPacPoe')
    cd /Users/bavabangaru/Developer/pic-pac-poe-ios-native-parity/ios
    /Applications/Xcode.app/Contents/Developer/Toolchains/XcodeDefault.xctoolchain/usr/bin/appintentsmetadataprocessor --toolchain-dir /Applications/Xcode.app/Contents/Developer/Toolchains/XcodeDefault.xctoolchain --module-name PicPacPoe --sdk-root /Applications/Xcode.app/Contents/Developer/Platforms/iPhoneSimulator.platform/Developer/SDKs/iPhoneSimulator26.5.sdk --xcode-version 17F113 --platform-family iOS --deployment-target 17.0 --bundle-identifier dev.saipranith.picpacpoe --output /tmp/picpac-phase3-post-layout-lifecycle-derived-20260925/Build/Products/Test-iphonesimulator/PicPacPoe.app --target-triple arm64-apple-ios17.0-simulator --binary-file /tmp/picpac-phase3-post-layout-lifecycle-derived-20260925/Build/Products/Test-iphonesimulator/PicPacPoe.app/PicPacPoe --dependency-file /tmp/picpac-phase3-post-layout-lifecycle-derived-20260925/Build/Intermediates.noindex/PicPacPoe.build/Test-iphonesimulator/PicPacPoe.build/Objects-normal/arm64/PicPacPoe_dependency_info.dat --stringsdata-file /tmp/picpac-phase3-post-layout-lifecycle-derived-20260925/Build/Intermediates.noindex/PicPacPoe.build/Test-iphonesimulator/PicPacPoe.build/Objects-normal/arm64/ExtractedAppShortcutsMetadata.stringsdata --source-file-list /tmp/picpac-phase3-post-layout-lifecycle-derived-20260925/Build/Intermediates.noindex/PicPacPoe.build/Test-iphonesimulator/PicPacPoe.build/Objects-normal/arm64/PicPacPoe.SwiftFileList --metadata-file-list /tmp/picpac-phase3-post-layout-lifecycle-derived-20260925/Build/Intermediates.noindex/PicPacPoe.build/Test-iphonesimulator/PicPacPoe.build/PicPacPoe.DependencyMetadataFileList --static-metadata-file-list /tmp/picpac-phase3-post-layout-lifecycle-derived-20260925/Build/Intermediates.noindex/PicPacPoe.build/Test-iphonesimulator/PicPacPoe.build/PicPacPoe.DependencyStaticMetadataFileList --swift-const-vals-list /tmp/picpac-phase3-post-layout-lifecycle-derived-20260925/Build/Intermediates.noindex/PicPacPoe.build/Test-iphonesimulator/PicPacPoe.build/Objects-normal/arm64/PicPacPoe.SwiftConstValuesFileList --compile-time-extraction --deployment-aware-processing --validate-assistant-intents --no-app-shortcuts-localization
2026-09-25 06:58:42.058 appintentsmetadataprocessor[18308:116157644] Starting appintentsmetadataprocessor export
2026-09-25 06:58:42.063 appintentsmetadataprocessor[18308:116157644] warning: Metadata extraction skipped. No AppIntents.framework dependency found.

AppIntentsSSUTraining (in target 'PicPacPoe' from project 'PicPacPoe')
    cd /Users/bavabangaru/Developer/pic-pac-poe-ios-native-parity/ios
    /Applications/Xcode.app/Contents/Developer/Toolchains/XcodeDefault.xctoolchain/usr/bin/appintentsnltrainingprocessor --infoplist-path /tmp/picpac-phase3-post-layout-lifecycle-derived-20260925/Build/Products/Test-iphonesimulator/PicPacPoe.app/Info.plist --temp-dir-path /tmp/picpac-phase3-post-layout-lifecycle-derived-20260925/Build/Intermediates.noindex/PicPacPoe.build/Test-iphonesimulator/PicPacPoe.build/ssu --bundle-id dev.saipranith.picpacpoe --product-path /tmp/picpac-phase3-post-layout-lifecycle-derived-20260925/Build/Products/Test-iphonesimulator/PicPacPoe.app --extracted-metadata-path /tmp/picpac-phase3-post-layout-lifecycle-derived-20260925/Build/Products/Test-iphonesimulator/PicPacPoe.app/Metadata.appintents --metadata-file-list /tmp/picpac-phase3-post-layout-lifecycle-derived-20260925/Build/Intermediates.noindex/PicPacPoe.build/Test-iphonesimulator/PicPacPoe.build/PicPacPoe.DependencyMetadataFileList --source-file /tmp/picpac-phase3-post-layout-lifecycle-derived-20260925/Build/Products/Test-iphonesimulator/PicPacPoe.app/Info.plist --archive-ssu-assets
2026-09-25 06:58:42.087 appintentsnltrainingprocessor[18309:116157647] Parsing options for appintentsnltrainingprocessor
2026-09-25 06:58:42.087 appintentsnltrainingprocessor[18309:116157647] Starting AppIntents SSU YAML Generation
2026-09-25 06:58:42.089 appintentsnltrainingprocessor[18309:116157647] No AppShortcuts found - Skipping.

Copy /tmp/picpac-phase3-post-layout-lifecycle-derived-20260925/Build/Products/Test-iphonesimulator/PicPacPoe.app/PlugIns/PicPacPoeTests.xctest/PicPacKit_PicPacAI.bundle /tmp/picpac-phase3-post-layout-lifecycle-derived-20260925/Build/Products/Test-iphonesimulator/PicPacKit_PicPacAI.bundle (in target 'PicPacPoeTests' from project 'PicPacPoe')
    cd /Users/bavabangaru/Developer/pic-pac-poe-ios-native-parity/ios
    builtin-copy -exclude .DS_Store -exclude CVS -exclude .svn -exclude .git -exclude .hg -resolve-src-symlinks /tmp/picpac-phase3-post-layout-lifecycle-derived-20260925/Build/Products/Test-iphonesimulator/PicPacKit_PicPacAI.bundle /tmp/picpac-phase3-post-layout-lifecycle-derived-20260925/Build/Products/Test-iphonesimulator/PicPacPoe.app/PlugIns/PicPacPoeTests.xctest

Ld /tmp/picpac-phase3-post-layout-lifecycle-derived-20260925/Build/Products/Test-iphonesimulator/PicPacPoe.app/PlugIns/PicPacPoeTests.xctest/PicPacPoeTests normal (in target 'PicPacPoeTests' from project 'PicPacPoe')
    cd /Users/bavabangaru/Developer/pic-pac-poe-ios-native-parity/ios
    /Applications/Xcode.app/Contents/Developer/Toolchains/XcodeDefault.xctoolchain/usr/bin/clang -Xlinker -reproducible -target arm64-apple-ios17.0-simulator -bundle -isysroot /Applications/Xcode.app/Contents/Developer/Platforms/iPhoneSimulator.platform/Developer/SDKs/iPhoneSimulator26.5.sdk -O0 -L/tmp/picpac-phase3-post-layout-lifecycle-derived-20260925/Build/Intermediates.noindex/EagerLinkingTBDs/Test-iphonesimulator -L/tmp/picpac-phase3-post-layout-lifecycle-derived-20260925/Build/Products/Test-iphonesimulator -L/Applications/Xcode.app/Contents/Developer/Platforms/iPhoneSimulator.platform/Developer/usr/lib -F/tmp/picpac-phase3-post-layout-lifecycle-derived-20260925/Build/Intermediates.noindex/EagerLinkingTBDs/Test-iphonesimulator -F/tmp/picpac-phase3-post-layout-lifecycle-derived-20260925/Build/Products/Test-iphonesimulator/PackageFrameworks -F/tmp/picpac-phase3-post-layout-lifecycle-derived-20260925/Build/Products/Test-iphonesimulator/PackageFrameworks -F/tmp/picpac-phase3-post-layout-lifecycle-derived-20260925/Build/Products/Test-iphonesimulator/PackageFrameworks -F/tmp/picpac-phase3-post-layout-lifecycle-derived-20260925/Build/Products/Test-iphonesimulator/PackageFrameworks -F/tmp/picpac-phase3-post-layout-lifecycle-derived-20260925/Build/Products/Test-iphonesimulator/PackageFrameworks -F/tmp/picpac-phase3-post-layout-lifecycle-derived-20260925/Build/Products/Test-iphonesimulator -iframework /Applications/Xcode.app/Contents/Developer/Platforms/iPhoneSimulator.platform/Developer/Library/Frameworks -iframework /Applications/Xcode.app/Contents/Developer/Platforms/iPhoneSimulator.platform/Developer/SDKs/iPhoneSimulator26.5.sdk/Developer/Library/Frameworks -filelist /tmp/picpac-phase3-post-layout-lifecycle-derived-20260925/Build/Intermediates.noindex/PicPacPoe.build/Test-iphonesimulator/PicPacPoeTests.build/Objects-normal/arm64/PicPacPoeTests.LinkFileList -Xlinker -rpath -Xlinker /usr/lib/swift -Xlinker -rpath -Xlinker @loader_path/Frameworks -Xlinker -rpath -Xlinker @executable_path/Frameworks -Xlinker -dead_strip -bundle_loader /tmp/picpac-phase3-post-layout-lifecycle-derived-20260925/Build/Products/Test-iphonesimulator/PicPacPoe.app/PicPacPoe -Xlinker -object_path_lto -Xlinker /tmp/picpac-phase3-post-layout-lifecycle-derived-20260925/Build/Intermediates.noindex/PicPacPoe.build/Test-iphonesimulator/PicPacPoeTests.build/Objects-normal/arm64/PicPacPoeTests_lto.o -rdynamic -Xlinker -no_deduplicate -Xlinker -objc_abi_version -Xlinker 2 -Xlinker -debug_variant -Xlinker -dependency_info -Xlinker /tmp/picpac-phase3-post-layout-lifecycle-derived-20260925/Build/Intermediates.noindex/PicPacPoe.build/Test-iphonesimulator/PicPacPoeTests.build/Objects-normal/arm64/PicPacPoeTests_dependency_info.dat -fobjc-link-runtime -fprofile-instr-generate -L/Applications/Xcode.app/Contents/Developer/Toolchains/XcodeDefault.xctoolchain/usr/lib/swift/iphonesimulator -L/usr/lib/swift -Xlinker -add_ast_path -Xlinker /tmp/picpac-phase3-post-layout-lifecycle-derived-20260925/Build/Intermediates.noindex/PicPacPoe.build/Test-iphonesimulator/PicPacPoeTests.build/Objects-normal/arm64/PicPacPoeTests.swiftmodule @/tmp/picpac-phase3-post-layout-lifecycle-derived-20260925/Build/Intermediates.noindex/PicPacPoe.build/Test-iphonesimulator/PicPacPoeTests.build/Objects-normal/arm64/PicPacPoeTests-linker-args.resp -Wl,-no_warn_duplicate_libraries -Wl,-no_warn_duplicate_libraries -Wl,-no_warn_duplicate_libraries -Wl,-no_warn_duplicate_libraries -Wl,-no_warn_duplicate_libraries -Xlinker -needed_framework -Xlinker XCTest -framework XCTest -Xlinker -needed-lXCTestSwiftSupport -lXCTestSwiftSupport /tmp/picpac-phase3-post-layout-lifecycle-derived-20260925/Build/Products/Test-iphonesimulator/PackageFrameworks/PicPacPresentation_-6026B0FB22E351C2_PackageProduct.framework/PicPacPresentation_-6026B0FB22E351C2_PackageProduct /tmp/picpac-phase3-post-layout-lifecycle-derived-20260925/Build/Products/Test-iphonesimulator/PicPacPoe.app/PicPacPoe.debug.dylib -o /tmp/picpac-phase3-post-layout-lifecycle-derived-20260925/Build/Products/Test-iphonesimulator/PicPacPoe.app/PlugIns/PicPacPoeTests.xctest/PicPacPoeTests

Copy /tmp/picpac-phase3-post-layout-lifecycle-derived-20260925/Build/Products/Test-iphonesimulator/PicPacPoe.app/PlugIns/PicPacPoeTests.xctest/Frameworks/PicPacPresentation_-6026B0FB22E351C2_PackageProduct.framework /tmp/picpac-phase3-post-layout-lifecycle-derived-20260925/Build/Products/Test-iphonesimulator/PackageFrameworks/PicPacPresentation_-6026B0FB22E351C2_PackageProduct.framework (in target 'PicPacPoeTests' from project 'PicPacPoe')
    cd /Users/bavabangaru/Developer/pic-pac-poe-ios-native-parity/ios
    builtin-copy -exclude .DS_Store -exclude CVS -exclude .svn -exclude .git -exclude .hg -resolve-src-symlinks -remove-static-executable /tmp/picpac-phase3-post-layout-lifecycle-derived-20260925/Build/Products/Test-iphonesimulator/PackageFrameworks/PicPacPresentation_-6026B0FB22E351C2_PackageProduct.framework /tmp/picpac-phase3-post-layout-lifecycle-derived-20260925/Build/Products/Test-iphonesimulator/PicPacPoe.app/PlugIns/PicPacPoeTests.xctest/Frameworks

ProcessInfoPlistFile /tmp/picpac-phase3-post-layout-lifecycle-derived-20260925/Build/Products/Test-iphonesimulator/PicPacPoe.app/PlugIns/PicPacPoeTests.xctest/Info.plist /tmp/picpac-phase3-post-layout-lifecycle-derived-20260925/Build/Intermediates.noindex/PicPacPoe.build/Test-iphonesimulator/PicPacPoeTests.build/empty-PicPacPoeTests.plist (in target 'PicPacPoeTests' from project 'PicPacPoe')
    cd /Users/bavabangaru/Developer/pic-pac-poe-ios-native-parity/ios
    builtin-infoPlistUtility /tmp/picpac-phase3-post-layout-lifecycle-derived-20260925/Build/Intermediates.noindex/PicPacPoe.build/Test-iphonesimulator/PicPacPoeTests.build/empty-PicPacPoeTests.plist -producttype com.apple.product-type.bundle.unit-test -expandbuildsettings -format binary -platform iphonesimulator -scanforprivacyfile /tmp/picpac-phase3-post-layout-lifecycle-derived-20260925/Build/Products/Test-iphonesimulator/PicPacPoe.app/PlugIns/PicPacPoeTests.xctest/PicPacKit_PicPacAI.bundle -o /tmp/picpac-phase3-post-layout-lifecycle-derived-20260925/Build/Products/Test-iphonesimulator/PicPacPoe.app/PlugIns/PicPacPoeTests.xctest/Info.plist

CopySwiftLibs /tmp/picpac-phase3-post-layout-lifecycle-derived-20260925/Build/Products/Test-iphonesimulator/PicPacPoe.app/PlugIns/PicPacPoeTests.xctest (in target 'PicPacPoeTests' from project 'PicPacPoe')
    cd /Users/bavabangaru/Developer/pic-pac-poe-ios-native-parity/ios
    builtin-swiftStdLibTool --copy --verbose --scan-executable /tmp/picpac-phase3-post-layout-lifecycle-derived-20260925/Build/Products/Test-iphonesimulator/PicPacPoe.app/PlugIns/PicPacPoeTests.xctest/PicPacPoeTests --scan-folder /tmp/picpac-phase3-post-layout-lifecycle-derived-20260925/Build/Products/Test-iphonesimulator/PicPacPoe.app/PlugIns/PicPacPoeTests.xctest/Frameworks --scan-folder /tmp/picpac-phase3-post-layout-lifecycle-derived-20260925/Build/Products/Test-iphonesimulator/PicPacPoe.app/PlugIns/PicPacPoeTests.xctest/PlugIns --scan-folder /tmp/picpac-phase3-post-layout-lifecycle-derived-20260925/Build/Products/Test-iphonesimulator/PicPacPoe.app/PlugIns/PicPacPoeTests.xctest/SystemExtensions --scan-folder /tmp/picpac-phase3-post-layout-lifecycle-derived-20260925/Build/Products/Test-iphonesimulator/PicPacPoe.app/PlugIns/PicPacPoeTests.xctest/Extensions --scan-folder /tmp/picpac-phase3-post-layout-lifecycle-derived-20260925/Build/Products/Test-iphonesimulator/PackageFrameworks/PicPacPresentation_-6026B0FB22E351C2_PackageProduct.framework --platform iphonesimulator --toolchain /Applications/Xcode.app/Contents/Developer/Toolchains/XcodeDefault.xctoolchain --destination /tmp/picpac-phase3-post-layout-lifecycle-derived-20260925/Build/Products/Test-iphonesimulator/PicPacPoe.app/PlugIns/PicPacPoeTests.xctest/Frameworks --strip-bitcode --scan-executable /Applications/Xcode.app/Contents/Developer/Platforms/iPhoneSimulator.platform/Developer/usr/lib/libXCTestSwiftSupport.dylib --strip-bitcode-tool /Applications/Xcode.app/Contents/Developer/Toolchains/XcodeDefault.xctoolchain/usr/bin/bitcode_strip --emit-dependency-info /tmp/picpac-phase3-post-layout-lifecycle-derived-20260925/Build/Intermediates.noindex/PicPacPoe.build/Test-iphonesimulator/PicPacPoeTests.build/SwiftStdLibToolInputDependencies.dep --filter-for-swift-os
Ignoring --strip-bitcode because --sign was not passed

ExtractAppIntentsMetadata (in target 'PicPacPoeTests' from project 'PicPacPoe')
    cd /Users/bavabangaru/Developer/pic-pac-poe-ios-native-parity/ios
    /Applications/Xcode.app/Contents/Developer/Toolchains/XcodeDefault.xctoolchain/usr/bin/appintentsmetadataprocessor --toolchain-dir /Applications/Xcode.app/Contents/Developer/Toolchains/XcodeDefault.xctoolchain --module-name PicPacPoeTests --sdk-root /Applications/Xcode.app/Contents/Developer/Platforms/iPhoneSimulator.platform/Developer/SDKs/iPhoneSimulator26.5.sdk --xcode-version 17F113 --platform-family iOS --deployment-target 17.0 --bundle-identifier dev.saipranith.picpacpoe.tests --output /tmp/picpac-phase3-post-layout-lifecycle-derived-20260925/Build/Products/Test-iphonesimulator/PicPacPoe.app/PlugIns/PicPacPoeTests.xctest --target-triple arm64-apple-ios17.0-simulator --binary-file /tmp/picpac-phase3-post-layout-lifecycle-derived-20260925/Build/Products/Test-iphonesimulator/PicPacPoe.app/PlugIns/PicPacPoeTests.xctest/PicPacPoeTests --dependency-file /tmp/picpac-phase3-post-layout-lifecycle-derived-20260925/Build/Intermediates.noindex/PicPacPoe.build/Test-iphonesimulator/PicPacPoeTests.build/Objects-normal/arm64/PicPacPoeTests_dependency_info.dat --stringsdata-file /tmp/picpac-phase3-post-layout-lifecycle-derived-20260925/Build/Intermediates.noindex/PicPacPoe.build/Test-iphonesimulator/PicPacPoeTests.build/Objects-normal/arm64/ExtractedAppShortcutsMetadata.stringsdata --source-file-list /tmp/picpac-phase3-post-layout-lifecycle-derived-20260925/Build/Intermediates.noindex/PicPacPoe.build/Test-iphonesimulator/PicPacPoeTests.build/Objects-normal/arm64/PicPacPoeTests.SwiftFileList --metadata-file-list /tmp/picpac-phase3-post-layout-lifecycle-derived-20260925/Build/Intermediates.noindex/PicPacPoe.build/Test-iphonesimulator/PicPacPoeTests.build/PicPacPoeTests.DependencyMetadataFileList --static-metadata-file-list /tmp/picpac-phase3-post-layout-lifecycle-derived-20260925/Build/Intermediates.noindex/PicPacPoe.build/Test-iphonesimulator/PicPacPoeTests.build/PicPacPoeTests.DependencyStaticMetadataFileList --swift-const-vals-list /tmp/picpac-phase3-post-layout-lifecycle-derived-20260925/Build/Intermediates.noindex/PicPacPoe.build/Test-iphonesimulator/PicPacPoeTests.build/Objects-normal/arm64/PicPacPoeTests.SwiftConstValuesFileList --compile-time-extraction --deployment-aware-processing --validate-assistant-intents --no-app-shortcuts-localization
2026-09-25 06:58:42.479 appintentsmetadataprocessor[18314:116157737] Starting appintentsmetadataprocessor export
2026-09-25 06:58:42.480 appintentsmetadataprocessor[18314:116157737] warning: Metadata extraction skipped. No AppIntents.framework dependency found.

GenerateDSYMFile /tmp/picpac-phase3-post-layout-lifecycle-derived-20260925/Build/Products/Test-iphonesimulator/PicPacPoe.app/PlugIns/PicPacPoeTests.xctest.dSYM /tmp/picpac-phase3-post-layout-lifecycle-derived-20260925/Build/Products/Test-iphonesimulator/PicPacPoe.app/PlugIns/PicPacPoeTests.xctest/PicPacPoeTests (in target 'PicPacPoeTests' from project 'PicPacPoe')
    cd /Users/bavabangaru/Developer/pic-pac-poe-ios-native-parity/ios
    /Applications/Xcode.app/Contents/Developer/Toolchains/XcodeDefault.xctoolchain/usr/bin/dsymutil /tmp/picpac-phase3-post-layout-lifecycle-derived-20260925/Build/Products/Test-iphonesimulator/PicPacPoe.app/PlugIns/PicPacPoeTests.xctest/PicPacPoeTests -o /tmp/picpac-phase3-post-layout-lifecycle-derived-20260925/Build/Products/Test-iphonesimulator/PicPacPoe.app/PlugIns/PicPacPoeTests.xctest.dSYM

AppIntentsSSUTraining (in target 'PicPacPoeTests' from project 'PicPacPoe')
    cd /Users/bavabangaru/Developer/pic-pac-poe-ios-native-parity/ios
    /Applications/Xcode.app/Contents/Developer/Toolchains/XcodeDefault.xctoolchain/usr/bin/appintentsnltrainingprocessor --infoplist-path /tmp/picpac-phase3-post-layout-lifecycle-derived-20260925/Build/Products/Test-iphonesimulator/PicPacPoe.app/PlugIns/PicPacPoeTests.xctest/Info.plist --temp-dir-path /tmp/picpac-phase3-post-layout-lifecycle-derived-20260925/Build/Intermediates.noindex/PicPacPoe.build/Test-iphonesimulator/PicPacPoeTests.build/ssu --bundle-id dev.saipranith.picpacpoe.tests --product-path /tmp/picpac-phase3-post-layout-lifecycle-derived-20260925/Build/Products/Test-iphonesimulator/PicPacPoe.app/PlugIns/PicPacPoeTests.xctest --extracted-metadata-path /tmp/picpac-phase3-post-layout-lifecycle-derived-20260925/Build/Products/Test-iphonesimulator/PicPacPoe.app/PlugIns/PicPacPoeTests.xctest/Metadata.appintents --metadata-file-list /tmp/picpac-phase3-post-layout-lifecycle-derived-20260925/Build/Intermediates.noindex/PicPacPoe.build/Test-iphonesimulator/PicPacPoeTests.build/PicPacPoeTests.DependencyMetadataFileList --source-file /tmp/picpac-phase3-post-layout-lifecycle-derived-20260925/Build/Products/Test-iphonesimulator/PicPacPoe.app/PlugIns/PicPacPoeTests.xctest/Info.plist --archive-ssu-assets
2026-09-25 06:58:42.497 appintentsnltrainingprocessor[18316:116157741] Parsing options for appintentsnltrainingprocessor
2026-09-25 06:58:42.497 appintentsnltrainingprocessor[18316:116157741] Starting AppIntents SSU YAML Generation
2026-09-25 06:58:42.497 appintentsnltrainingprocessor[18316:116157741] No AppShortcuts found - Skipping.

RegisterExecutionPolicyException /tmp/picpac-phase3-post-layout-lifecycle-derived-20260925/Build/Products/Test-iphonesimulator/PicPacPoe.app/PlugIns/PicPacPoeTests.xctest (in target 'PicPacPoeTests' from project 'PicPacPoe')
    cd /Users/bavabangaru/Developer/pic-pac-poe-ios-native-parity/ios
    builtin-RegisterExecutionPolicyException /tmp/picpac-phase3-post-layout-lifecycle-derived-20260925/Build/Products/Test-iphonesimulator/PicPacPoe.app/PlugIns/PicPacPoeTests.xctest

Touch /tmp/picpac-phase3-post-layout-lifecycle-derived-20260925/Build/Products/Test-iphonesimulator/PicPacPoe.app/PlugIns/PicPacPoeTests.xctest (in target 'PicPacPoeTests' from project 'PicPacPoe')
    cd /Users/bavabangaru/Developer/pic-pac-poe-ios-native-parity/ios
    /usr/bin/touch -c /tmp/picpac-phase3-post-layout-lifecycle-derived-20260925/Build/Products/Test-iphonesimulator/PicPacPoe.app/PlugIns/PicPacPoeTests.xctest

RegisterExecutionPolicyException /tmp/picpac-phase3-post-layout-lifecycle-derived-20260925/Build/Products/Test-iphonesimulator/PicPacPoe.app (in target 'PicPacPoe' from project 'PicPacPoe')
    cd /Users/bavabangaru/Developer/pic-pac-poe-ios-native-parity/ios
    builtin-RegisterExecutionPolicyException /tmp/picpac-phase3-post-layout-lifecycle-derived-20260925/Build/Products/Test-iphonesimulator/PicPacPoe.app

Validate /tmp/picpac-phase3-post-layout-lifecycle-derived-20260925/Build/Products/Test-iphonesimulator/PicPacPoe.app (in target 'PicPacPoe' from project 'PicPacPoe')
    cd /Users/bavabangaru/Developer/pic-pac-poe-ios-native-parity/ios
    builtin-validationUtility /tmp/picpac-phase3-post-layout-lifecycle-derived-20260925/Build/Products/Test-iphonesimulator/PicPacPoe.app -shallow-bundle -infoplist-subpath Info.plist

Touch /tmp/picpac-phase3-post-layout-lifecycle-derived-20260925/Build/Products/Test-iphonesimulator/PicPacPoe.app (in target 'PicPacPoe' from project 'PicPacPoe')
    cd /Users/bavabangaru/Developer/pic-pac-poe-ios-native-parity/ios
    /usr/bin/touch -c /tmp/picpac-phase3-post-layout-lifecycle-derived-20260925/Build/Products/Test-iphonesimulator/PicPacPoe.app

ProcessInfoPlistFile /tmp/picpac-phase3-post-layout-lifecycle-derived-20260925/Build/Products/Test-iphonesimulator/PicPacPoeUITests-Runner.app/PlugIns/PicPacPoeUITests.xctest/Info.plist /tmp/picpac-phase3-post-layout-lifecycle-derived-20260925/Build/Intermediates.noindex/PicPacPoe.build/Test-iphonesimulator/PicPacPoeUITests.build/empty-PicPacPoeUITests.plist (in target 'PicPacPoeUITests' from project 'PicPacPoe')
    cd /Users/bavabangaru/Developer/pic-pac-poe-ios-native-parity/ios
    builtin-infoPlistUtility /tmp/picpac-phase3-post-layout-lifecycle-derived-20260925/Build/Intermediates.noindex/PicPacPoe.build/Test-iphonesimulator/PicPacPoeUITests.build/empty-PicPacPoeUITests.plist -producttype com.apple.product-type.bundle.ui-testing -expandbuildsettings -format binary -platform iphonesimulator -additionalcontentfile /tmp/picpac-phase3-post-layout-lifecycle-derived-20260925/Build/Intermediates.noindex/PicPacPoe.build/Test-iphonesimulator/PicPacPoeUITests.build/ProductTypeInfoPlistAdditions.plist -o /tmp/picpac-phase3-post-layout-lifecycle-derived-20260925/Build/Products/Test-iphonesimulator/PicPacPoeUITests-Runner.app/PlugIns/PicPacPoeUITests.xctest/Info.plist

Ld /tmp/picpac-phase3-post-layout-lifecycle-derived-20260925/Build/Products/Test-iphonesimulator/PicPacPoeUITests-Runner.app/PlugIns/PicPacPoeUITests.xctest/PicPacPoeUITests normal (in target 'PicPacPoeUITests' from project 'PicPacPoe')
    cd /Users/bavabangaru/Developer/pic-pac-poe-ios-native-parity/ios
    /Applications/Xcode.app/Contents/Developer/Toolchains/XcodeDefault.xctoolchain/usr/bin/clang -Xlinker -reproducible -target arm64-apple-ios17.0-simulator -bundle -isysroot /Applications/Xcode.app/Contents/Developer/Platforms/iPhoneSimulator.platform/Developer/SDKs/iPhoneSimulator26.5.sdk -O0 -L/tmp/picpac-phase3-post-layout-lifecycle-derived-20260925/Build/Intermediates.noindex/EagerLinkingTBDs/Test-iphonesimulator -L/tmp/picpac-phase3-post-layout-lifecycle-derived-20260925/Build/Products/Test-iphonesimulator -L/Applications/Xcode.app/Contents/Developer/Platforms/iPhoneSimulator.platform/Developer/usr/lib -F/tmp/picpac-phase3-post-layout-lifecycle-derived-20260925/Build/Intermediates.noindex/EagerLinkingTBDs/Test-iphonesimulator -F/tmp/picpac-phase3-post-layout-lifecycle-derived-20260925/Build/Products/Test-iphonesimulator -iframework /Applications/Xcode.app/Contents/Developer/Platforms/iPhoneSimulator.platform/Developer/Library/Frameworks -iframework /Applications/Xcode.app/Contents/Developer/Platforms/iPhoneSimulator.platform/Developer/SDKs/iPhoneSimulator26.5.sdk/Developer/Library/Frameworks -filelist /tmp/picpac-phase3-post-layout-lifecycle-derived-20260925/Build/Intermediates.noindex/PicPacPoe.build/Test-iphonesimulator/PicPacPoeUITests.build/Objects-normal/arm64/PicPacPoeUITests.LinkFileList -Xlinker -rpath -Xlinker /usr/lib/swift -Xlinker -rpath -Xlinker @loader_path/Frameworks -Xlinker -dead_strip -Xlinker -object_path_lto -Xlinker /tmp/picpac-phase3-post-layout-lifecycle-derived-20260925/Build/Intermediates.noindex/PicPacPoe.build/Test-iphonesimulator/PicPacPoeUITests.build/Objects-normal/arm64/PicPacPoeUITests_lto.o -rdynamic -Xlinker -no_deduplicate -Xlinker -objc_abi_version -Xlinker 2 -Xlinker -debug_variant -Xlinker -dependency_info -Xlinker /tmp/picpac-phase3-post-layout-lifecycle-derived-20260925/Build/Intermediates.noindex/PicPacPoe.build/Test-iphonesimulator/PicPacPoeUITests.build/Objects-normal/arm64/PicPacPoeUITests_dependency_info.dat -fobjc-link-runtime -fprofile-instr-generate -L/Applications/Xcode.app/Contents/Developer/Toolchains/XcodeDefault.xctoolchain/usr/lib/swift/iphonesimulator -L/usr/lib/swift -Xlinker -add_ast_path -Xlinker /tmp/picpac-phase3-post-layout-lifecycle-derived-20260925/Build/Intermediates.noindex/PicPacPoe.build/Test-iphonesimulator/PicPacPoeUITests.build/Objects-normal/arm64/PicPacPoeUITests.swiftmodule @/tmp/picpac-phase3-post-layout-lifecycle-derived-20260925/Build/Intermediates.noindex/PicPacPoe.build/Test-iphonesimulator/PicPacPoeUITests.build/Objects-normal/arm64/PicPacPoeUITests-linker-args.resp -Xlinker -needed_framework -Xlinker XCTest -framework XCTest -Xlinker -needed-lXCTestSwiftSupport -lXCTestSwiftSupport -o /tmp/picpac-phase3-post-layout-lifecycle-derived-20260925/Build/Products/Test-iphonesimulator/PicPacPoeUITests-Runner.app/PlugIns/PicPacPoeUITests.xctest/PicPacPoeUITests

ExtractAppIntentsMetadata (in target 'PicPacPoeUITests' from project 'PicPacPoe')
    cd /Users/bavabangaru/Developer/pic-pac-poe-ios-native-parity/ios
    /Applications/Xcode.app/Contents/Developer/Toolchains/XcodeDefault.xctoolchain/usr/bin/appintentsmetadataprocessor --toolchain-dir /Applications/Xcode.app/Contents/Developer/Toolchains/XcodeDefault.xctoolchain --module-name PicPacPoeUITests --sdk-root /Applications/Xcode.app/Contents/Developer/Platforms/iPhoneSimulator.platform/Developer/SDKs/iPhoneSimulator26.5.sdk --xcode-version 17F113 --platform-family iOS --deployment-target 17.0 --bundle-identifier dev.saipranith.picpacpoe.uitests --output /tmp/picpac-phase3-post-layout-lifecycle-derived-20260925/Build/Products/Test-iphonesimulator/PicPacPoeUITests-Runner.app/PlugIns/PicPacPoeUITests.xctest --target-triple arm64-apple-ios17.0-simulator --binary-file /tmp/picpac-phase3-post-layout-lifecycle-derived-20260925/Build/Products/Test-iphonesimulator/PicPacPoeUITests-Runner.app/PlugIns/PicPacPoeUITests.xctest/PicPacPoeUITests --dependency-file /tmp/picpac-phase3-post-layout-lifecycle-derived-20260925/Build/Intermediates.noindex/PicPacPoe.build/Test-iphonesimulator/PicPacPoeUITests.build/Objects-normal/arm64/PicPacPoeUITests_dependency_info.dat --stringsdata-file /tmp/picpac-phase3-post-layout-lifecycle-derived-20260925/Build/Intermediates.noindex/PicPacPoe.build/Test-iphonesimulator/PicPacPoeUITests.build/Objects-normal/arm64/ExtractedAppShortcutsMetadata.stringsdata --source-file-list /tmp/picpac-phase3-post-layout-lifecycle-derived-20260925/Build/Intermediates.noindex/PicPacPoe.build/Test-iphonesimulator/PicPacPoeUITests.build/Objects-normal/arm64/PicPacPoeUITests.SwiftFileList --metadata-file-list /tmp/picpac-phase3-post-layout-lifecycle-derived-20260925/Build/Intermediates.noindex/PicPacPoe.build/Test-iphonesimulator/PicPacPoeUITests.build/PicPacPoeUITests.DependencyMetadataFileList --static-metadata-file-list /tmp/picpac-phase3-post-layout-lifecycle-derived-20260925/Build/Intermediates.noindex/PicPacPoe.build/Test-iphonesimulator/PicPacPoeUITests.build/PicPacPoeUITests.DependencyStaticMetadataFileList --swift-const-vals-list /tmp/picpac-phase3-post-layout-lifecycle-derived-20260925/Build/Intermediates.noindex/PicPacPoe.build/Test-iphonesimulator/PicPacPoeUITests.build/Objects-normal/arm64/PicPacPoeUITests.SwiftConstValuesFileList --compile-time-extraction --deployment-aware-processing --validate-assistant-intents --no-app-shortcuts-localization
2026-09-25 06:58:42.736 appintentsmetadataprocessor[18321:116157763] Starting appintentsmetadataprocessor export
2026-09-25 06:58:42.737 appintentsmetadataprocessor[18321:116157763] warning: Metadata extraction skipped. No AppIntents.framework dependency found.

CopySwiftLibs /tmp/picpac-phase3-post-layout-lifecycle-derived-20260925/Build/Products/Test-iphonesimulator/PicPacPoeUITests-Runner.app/PlugIns/PicPacPoeUITests.xctest (in target 'PicPacPoeUITests' from project 'PicPacPoe')
    cd /Users/bavabangaru/Developer/pic-pac-poe-ios-native-parity/ios
    builtin-swiftStdLibTool --copy --verbose --scan-executable /tmp/picpac-phase3-post-layout-lifecycle-derived-20260925/Build/Products/Test-iphonesimulator/PicPacPoeUITests-Runner.app/PlugIns/PicPacPoeUITests.xctest/PicPacPoeUITests --scan-folder /tmp/picpac-phase3-post-layout-lifecycle-derived-20260925/Build/Products/Test-iphonesimulator/PicPacPoeUITests-Runner.app/PlugIns/PicPacPoeUITests.xctest/Frameworks --scan-folder /tmp/picpac-phase3-post-layout-lifecycle-derived-20260925/Build/Products/Test-iphonesimulator/PicPacPoeUITests-Runner.app/PlugIns/PicPacPoeUITests.xctest/PlugIns --scan-folder /tmp/picpac-phase3-post-layout-lifecycle-derived-20260925/Build/Products/Test-iphonesimulator/PicPacPoeUITests-Runner.app/PlugIns/PicPacPoeUITests.xctest/SystemExtensions --scan-folder /tmp/picpac-phase3-post-layout-lifecycle-derived-20260925/Build/Products/Test-iphonesimulator/PicPacPoeUITests-Runner.app/PlugIns/PicPacPoeUITests.xctest/Extensions --platform iphonesimulator --toolchain /Applications/Xcode.app/Contents/Developer/Toolchains/XcodeDefault.xctoolchain --destination /tmp/picpac-phase3-post-layout-lifecycle-derived-20260925/Build/Products/Test-iphonesimulator/PicPacPoeUITests-Runner.app/PlugIns/PicPacPoeUITests.xctest/Frameworks --strip-bitcode --scan-executable /Applications/Xcode.app/Contents/Developer/Platforms/iPhoneSimulator.platform/Developer/usr/lib/libXCTestSwiftSupport.dylib --strip-bitcode-tool /Applications/Xcode.app/Contents/Developer/Toolchains/XcodeDefault.xctoolchain/usr/bin/bitcode_strip --emit-dependency-info /tmp/picpac-phase3-post-layout-lifecycle-derived-20260925/Build/Intermediates.noindex/PicPacPoe.build/Test-iphonesimulator/PicPacPoeUITests.build/SwiftStdLibToolInputDependencies.dep --filter-for-swift-os
Ignoring --strip-bitcode because --sign was not passed

GenerateDSYMFile /tmp/picpac-phase3-post-layout-lifecycle-derived-20260925/Build/Products/Test-iphonesimulator/PicPacPoeUITests-Runner.app/PlugIns/PicPacPoeUITests.xctest.dSYM /tmp/picpac-phase3-post-layout-lifecycle-derived-20260925/Build/Products/Test-iphonesimulator/PicPacPoeUITests-Runner.app/PlugIns/PicPacPoeUITests.xctest/PicPacPoeUITests (in target 'PicPacPoeUITests' from project 'PicPacPoe')
    cd /Users/bavabangaru/Developer/pic-pac-poe-ios-native-parity/ios
    /Applications/Xcode.app/Contents/Developer/Toolchains/XcodeDefault.xctoolchain/usr/bin/dsymutil /tmp/picpac-phase3-post-layout-lifecycle-derived-20260925/Build/Products/Test-iphonesimulator/PicPacPoeUITests-Runner.app/PlugIns/PicPacPoeUITests.xctest/PicPacPoeUITests -o /tmp/picpac-phase3-post-layout-lifecycle-derived-20260925/Build/Products/Test-iphonesimulator/PicPacPoeUITests-Runner.app/PlugIns/PicPacPoeUITests.xctest.dSYM

AppIntentsSSUTraining (in target 'PicPacPoeUITests' from project 'PicPacPoe')
    cd /Users/bavabangaru/Developer/pic-pac-poe-ios-native-parity/ios
    /Applications/Xcode.app/Contents/Developer/Toolchains/XcodeDefault.xctoolchain/usr/bin/appintentsnltrainingprocessor --infoplist-path /tmp/picpac-phase3-post-layout-lifecycle-derived-20260925/Build/Products/Test-iphonesimulator/PicPacPoeUITests-Runner.app/PlugIns/PicPacPoeUITests.xctest/Info.plist --temp-dir-path /tmp/picpac-phase3-post-layout-lifecycle-derived-20260925/Build/Intermediates.noindex/PicPacPoe.build/Test-iphonesimulator/PicPacPoeUITests.build/ssu --bundle-id dev.saipranith.picpacpoe.uitests --product-path /tmp/picpac-phase3-post-layout-lifecycle-derived-20260925/Build/Products/Test-iphonesimulator/PicPacPoeUITests-Runner.app/PlugIns/PicPacPoeUITests.xctest --extracted-metadata-path /tmp/picpac-phase3-post-layout-lifecycle-derived-20260925/Build/Products/Test-iphonesimulator/PicPacPoeUITests-Runner.app/PlugIns/PicPacPoeUITests.xctest/Metadata.appintents --metadata-file-list /tmp/picpac-phase3-post-layout-lifecycle-derived-20260925/Build/Intermediates.noindex/PicPacPoe.build/Test-iphonesimulator/PicPacPoeUITests.build/PicPacPoeUITests.DependencyMetadataFileList --source-file /tmp/picpac-phase3-post-layout-lifecycle-derived-20260925/Build/Products/Test-iphonesimulator/PicPacPoeUITests-Runner.app/PlugIns/PicPacPoeUITests.xctest/Info.plist --archive-ssu-assets
2026-09-25 06:58:42.753 appintentsnltrainingprocessor[18323:116157770] Parsing options for appintentsnltrainingprocessor
2026-09-25 06:58:42.754 appintentsnltrainingprocessor[18323:116157770] Starting AppIntents SSU YAML Generation
2026-09-25 06:58:42.754 appintentsnltrainingprocessor[18323:116157770] No AppShortcuts found - Skipping.

Copy /tmp/picpac-phase3-post-layout-lifecycle-derived-20260925/Build/Products/Test-iphonesimulator/PicPacPoeUITests-Runner.app/PkgInfo /Applications/Xcode.app/Contents/Developer/Platforms/iPhoneSimulator.platform/Developer/Library/Xcode/Agents/XCTRunner.app/PkgInfo (in target 'PicPacPoeUITests' from project 'PicPacPoe')
    cd /Users/bavabangaru/Developer/pic-pac-poe-ios-native-parity/ios
    builtin-copy -exclude .DS_Store -exclude CVS -exclude .svn -exclude .git -exclude .hg -resolve-src-symlinks /Applications/Xcode.app/Contents/Developer/Platforms/iPhoneSimulator.platform/Developer/Library/Xcode/Agents/XCTRunner.app/PkgInfo /tmp/picpac-phase3-post-layout-lifecycle-derived-20260925/Build/Products/Test-iphonesimulator/PicPacPoeUITests-Runner.app

CopyPlistFile /tmp/picpac-phase3-post-layout-lifecycle-derived-20260925/Build/Products/Test-iphonesimulator/PicPacPoeUITests-Runner.app/Info.plist /Applications/Xcode.app/Contents/Developer/Platforms/iPhoneSimulator.platform/Developer/Library/Xcode/Agents/XCTRunner.app/Info.plist (in target 'PicPacPoeUITests' from project 'PicPacPoe')
    cd /Users/bavabangaru/Developer/pic-pac-poe-ios-native-parity/ios
    builtin-copyPlist --validate --convert xml1 --macro-expansion WRAPPEDPRODUCTNAME PicPacPoeUITests-Runner --macro-expansion WRAPPEDPRODUCTBUNDLEIDENTIFIER dev.saipranith.picpacpoe.uitests.xctrunner --macro-expansion TESTPRODUCTNAME PicPacPoeUITests --macro-expansion TESTPRODUCTBUNDLEIDENTIFIER dev.saipranith.picpacpoe.uitests --copy-value UIDeviceFamily /tmp/picpac-phase3-post-layout-lifecycle-derived-20260925/Build/Products/Test-iphonesimulator/PicPacPoeUITests-Runner.app/PlugIns/PicPacPoeUITests.xctest/Info.plist --outdir /tmp/picpac-phase3-post-layout-lifecycle-derived-20260925/Build/Products/Test-iphonesimulator/PicPacPoeUITests-Runner.app -- /Applications/Xcode.app/Contents/Developer/Platforms/iPhoneSimulator.platform/Developer/Library/Xcode/Agents/XCTRunner.app/Info.plist

MkDir /tmp/picpac-phase3-post-layout-lifecycle-derived-20260925/Build/Products/Test-iphonesimulator/PicPacPoeUITests-Runner.app (in target 'PicPacPoeUITests' from project 'PicPacPoe')
    cd /Users/bavabangaru/Developer/pic-pac-poe-ios-native-parity/ios
    /bin/mkdir -p /tmp/picpac-phase3-post-layout-lifecycle-derived-20260925/Build/Products/Test-iphonesimulator/PicPacPoeUITests-Runner.app

CopyAndPreserveArchs /tmp/picpac-phase3-post-layout-lifecycle-derived-20260925/Build/Products/Test-iphonesimulator/PicPacPoeUITests-Runner.app/PicPacPoeUITests-Runner (in target 'PicPacPoeUITests' from project 'PicPacPoe')
    cd /Users/bavabangaru/Developer/pic-pac-poe-ios-native-parity/ios
    /Applications/Xcode.app/Contents/Developer/Toolchains/XcodeDefault.xctoolchain/usr/bin/lipo /Applications/Xcode.app/Contents/Developer/Platforms/iPhoneSimulator.platform/Developer/Library/Xcode/Agents/XCTRunner.app/XCTRunner -output /tmp/picpac-phase3-post-layout-lifecycle-derived-20260925/Build/Products/Test-iphonesimulator/PicPacPoeUITests-Runner.app/PicPacPoeUITests-Runner -extract arm64

Copy /tmp/picpac-phase3-post-layout-lifecycle-derived-20260925/Build/Products/Test-iphonesimulator/PicPacPoeUITests-Runner.app/Frameworks/XCTestSupport.framework /Applications/Xcode.app/Contents/Developer/Platforms/iPhoneSimulator.platform/Developer/Library/PrivateFrameworks/XCTestSupport.framework (in target 'PicPacPoeUITests' from project 'PicPacPoe')
    cd /Users/bavabangaru/Developer/pic-pac-poe-ios-native-parity/ios
    builtin-copy -exclude .DS_Store -exclude CVS -exclude .svn -exclude .git -exclude .hg -exclude Headers -exclude PrivateHeaders -exclude Modules -exclude \*.tbd -resolve-src-symlinks /Applications/Xcode.app/Contents/Developer/Platforms/iPhoneSimulator.platform/Developer/Library/PrivateFrameworks/XCTestSupport.framework /tmp/picpac-phase3-post-layout-lifecycle-derived-20260925/Build/Products/Test-iphonesimulator/PicPacPoeUITests-Runner.app/Frameworks

Copy /tmp/picpac-phase3-post-layout-lifecycle-derived-20260925/Build/Products/Test-iphonesimulator/PicPacPoeUITests-Runner.app/Frameworks/XCTest.framework /Applications/Xcode.app/Contents/Developer/Platforms/iPhoneSimulator.platform/Developer/Library/Frameworks/XCTest.framework (in target 'PicPacPoeUITests' from project 'PicPacPoe')
    cd /Users/bavabangaru/Developer/pic-pac-poe-ios-native-parity/ios
    builtin-copy -exclude .DS_Store -exclude CVS -exclude .svn -exclude .git -exclude .hg -exclude Headers -exclude PrivateHeaders -exclude Modules -exclude \*.tbd -resolve-src-symlinks /Applications/Xcode.app/Contents/Developer/Platforms/iPhoneSimulator.platform/Developer/Library/Frameworks/XCTest.framework /tmp/picpac-phase3-post-layout-lifecycle-derived-20260925/Build/Products/Test-iphonesimulator/PicPacPoeUITests-Runner.app/Frameworks

Copy /tmp/picpac-phase3-post-layout-lifecycle-derived-20260925/Build/Products/Test-iphonesimulator/PicPacPoeUITests-Runner.app/Frameworks/XCTestCore.framework /Applications/Xcode.app/Contents/Developer/Platforms/iPhoneSimulator.platform/Developer/Library/PrivateFrameworks/XCTestCore.framework (in target 'PicPacPoeUITests' from project 'PicPacPoe')
    cd /Users/bavabangaru/Developer/pic-pac-poe-ios-native-parity/ios
    builtin-copy -exclude .DS_Store -exclude CVS -exclude .svn -exclude .git -exclude .hg -exclude Headers -exclude PrivateHeaders -exclude Modules -exclude \*.tbd -resolve-src-symlinks /Applications/Xcode.app/Contents/Developer/Platforms/iPhoneSimulator.platform/Developer/Library/PrivateFrameworks/XCTestCore.framework /tmp/picpac-phase3-post-layout-lifecycle-derived-20260925/Build/Products/Test-iphonesimulator/PicPacPoeUITests-Runner.app/Frameworks

Copy /tmp/picpac-phase3-post-layout-lifecycle-derived-20260925/Build/Products/Test-iphonesimulator/PicPacPoeUITests-Runner.app/Frameworks/libXCTestSwiftSupport.dylib /Applications/Xcode.app/Contents/Developer/Platforms/iPhoneSimulator.platform/Developer/usr/lib/libXCTestSwiftSupport.dylib (in target 'PicPacPoeUITests' from project 'PicPacPoe')
    cd /Users/bavabangaru/Developer/pic-pac-poe-ios-native-parity/ios
    builtin-copy -exclude .DS_Store -exclude CVS -exclude .svn -exclude .git -exclude .hg -exclude Headers -exclude PrivateHeaders -exclude Modules -exclude \*.tbd -resolve-src-symlinks /Applications/Xcode.app/Contents/Developer/Platforms/iPhoneSimulator.platform/Developer/usr/lib/libXCTestSwiftSupport.dylib /tmp/picpac-phase3-post-layout-lifecycle-derived-20260925/Build/Products/Test-iphonesimulator/PicPacPoeUITests-Runner.app/Frameworks

Copy /tmp/picpac-phase3-post-layout-lifecycle-derived-20260925/Build/Products/Test-iphonesimulator/PicPacPoeUITests-Runner.app/Frameworks/XCUnit.framework /Applications/Xcode.app/Contents/Developer/Platforms/iPhoneSimulator.platform/Developer/Library/PrivateFrameworks/XCUnit.framework (in target 'PicPacPoeUITests' from project 'PicPacPoe')
    cd /Users/bavabangaru/Developer/pic-pac-poe-ios-native-parity/ios
    builtin-copy -exclude .DS_Store -exclude CVS -exclude .svn -exclude .git -exclude .hg -exclude Headers -exclude PrivateHeaders -exclude Modules -exclude \*.tbd -resolve-src-symlinks /Applications/Xcode.app/Contents/Developer/Platforms/iPhoneSimulator.platform/Developer/Library/PrivateFrameworks/XCUnit.framework /tmp/picpac-phase3-post-layout-lifecycle-derived-20260925/Build/Products/Test-iphonesimulator/PicPacPoeUITests-Runner.app/Frameworks

Copy /tmp/picpac-phase3-post-layout-lifecycle-derived-20260925/Build/Products/Test-iphonesimulator/PicPacPoeUITests-Runner.app/Frameworks/XCUIAutomation.framework /Applications/Xcode.app/Contents/Developer/Platforms/iPhoneSimulator.platform/Developer/Library/Frameworks/XCUIAutomation.framework (in target 'PicPacPoeUITests' from project 'PicPacPoe')
    cd /Users/bavabangaru/Developer/pic-pac-poe-ios-native-parity/ios
    builtin-copy -exclude .DS_Store -exclude CVS -exclude .svn -exclude .git -exclude .hg -exclude Headers -exclude PrivateHeaders -exclude Modules -exclude \*.tbd -resolve-src-symlinks /Applications/Xcode.app/Contents/Developer/Platforms/iPhoneSimulator.platform/Developer/Library/Frameworks/XCUIAutomation.framework /tmp/picpac-phase3-post-layout-lifecycle-derived-20260925/Build/Products/Test-iphonesimulator/PicPacPoeUITests-Runner.app/Frameworks

Copy /tmp/picpac-phase3-post-layout-lifecycle-derived-20260925/Build/Products/Test-iphonesimulator/PicPacPoeUITests-Runner.app/Frameworks/XCTAutomationSupport.framework /Applications/Xcode.app/Contents/Developer/Platforms/iPhoneSimulator.platform/Developer/Library/PrivateFrameworks/XCTAutomationSupport.framework (in target 'PicPacPoeUITests' from project 'PicPacPoe')
    cd /Users/bavabangaru/Developer/pic-pac-poe-ios-native-parity/ios
    builtin-copy -exclude .DS_Store -exclude CVS -exclude .svn -exclude .git -exclude .hg -exclude Headers -exclude PrivateHeaders -exclude Modules -exclude \*.tbd -resolve-src-symlinks /Applications/Xcode.app/Contents/Developer/Platforms/iPhoneSimulator.platform/Developer/Library/PrivateFrameworks/XCTAutomationSupport.framework /tmp/picpac-phase3-post-layout-lifecycle-derived-20260925/Build/Products/Test-iphonesimulator/PicPacPoeUITests-Runner.app/Frameworks

Copy /tmp/picpac-phase3-post-layout-lifecycle-derived-20260925/Build/Products/Test-iphonesimulator/PicPacPoeUITests-Runner.app/Frameworks/Testing.framework /Applications/Xcode.app/Contents/Developer/Platforms/iPhoneSimulator.platform/Developer/Library/Frameworks/Testing.framework (in target 'PicPacPoeUITests' from project 'PicPacPoe')
    cd /Users/bavabangaru/Developer/pic-pac-poe-ios-native-parity/ios
    builtin-copy -exclude .DS_Store -exclude CVS -exclude .svn -exclude .git -exclude .hg -exclude Headers -exclude PrivateHeaders -exclude Modules -exclude \*.tbd -resolve-src-symlinks /Applications/Xcode.app/Contents/Developer/Platforms/iPhoneSimulator.platform/Developer/Library/Frameworks/Testing.framework /tmp/picpac-phase3-post-layout-lifecycle-derived-20260925/Build/Products/Test-iphonesimulator/PicPacPoeUITests-Runner.app/Frameworks

RegisterExecutionPolicyException /tmp/picpac-phase3-post-layout-lifecycle-derived-20260925/Build/Products/Test-iphonesimulator/PicPacPoeUITests-Runner.app/PlugIns/PicPacPoeUITests.xctest (in target 'PicPacPoeUITests' from project 'PicPacPoe')
    cd /Users/bavabangaru/Developer/pic-pac-poe-ios-native-parity/ios
    builtin-RegisterExecutionPolicyException /tmp/picpac-phase3-post-layout-lifecycle-derived-20260925/Build/Products/Test-iphonesimulator/PicPacPoeUITests-Runner.app/PlugIns/PicPacPoeUITests.xctest

Touch /tmp/picpac-phase3-post-layout-lifecycle-derived-20260925/Build/Products/Test-iphonesimulator/PicPacPoeUITests-Runner.app/PlugIns/PicPacPoeUITests.xctest (in target 'PicPacPoeUITests' from project 'PicPacPoe')
    cd /Users/bavabangaru/Developer/pic-pac-poe-ios-native-parity/ios
    /usr/bin/touch -c /tmp/picpac-phase3-post-layout-lifecycle-derived-20260925/Build/Products/Test-iphonesimulator/PicPacPoeUITests-Runner.app/PlugIns/PicPacPoeUITests.xctest

2026-09-25 06:58:51.616438-0400 PicPacPoe[18360:116158590] [General] Failed to send CA Event for app launch measurements for ca_event_type: 0 event_name: com.apple.app_launch_measurement.FirstFramePresentationMetric
2026-09-25 06:58:51.671556-0400 PicPacPoe[18360:116158491] [plugin] AddInstanceForFactory: No factory registered for id <CFUUID 0x103bf4260> F8BB1C28-BAE8-11D6-9C31-00039315CD46
IOSurfaceClientSetSurfaceNotify failed e00002c7
Test Suite 'All tests' started at 2026-09-25 06:58:52.048.
Test Suite 'PicPacPoeTests.xctest' started at 2026-09-25 06:58:52.049.
Test Suite 'PicPacPoeIntegrationTests' started at 2026-09-25 06:58:52.049.
Test Case '-[PicPacPoeTests.PicPacPoeIntegrationTests testAppHostLoadsPresentationPackage]' started.
Test Case '-[PicPacPoeTests.PicPacPoeIntegrationTests testAppHostLoadsPresentationPackage]' passed (0.002 seconds).
Test Case '-[PicPacPoeTests.PicPacPoeIntegrationTests testBoardAnnouncementsDistinguishTargetFromCommittedPiece]' started.
Test Case '-[PicPacPoeTests.PicPacPoeIntegrationTests testBoardAnnouncementsDistinguishTargetFromCommittedPiece]' passed (0.001 seconds).
Test Case '-[PicPacPoeTests.PicPacPoeIntegrationTests testBothPalettesPreserveWordmarkAndActorContrast]' started.
Test Case '-[PicPacPoeTests.PicPacPoeIntegrationTests testBothPalettesPreserveWordmarkAndActorContrast]' passed (0.000 seconds).
Test Case '-[PicPacPoeTests.PicPacPoeIntegrationTests testBundledBrandFontsResolveAndMatchCanonicalFiles]' started.
Test Case '-[PicPacPoeTests.PicPacPoeIntegrationTests testBundledBrandFontsResolveAndMatchCanonicalFiles]' passed (0.002 seconds).
Test Case '-[PicPacPoeTests.PicPacPoeIntegrationTests testDebugCaptureSnapshotsRestoreWithoutLosingStage]' started.
Test Case '-[PicPacPoeTests.PicPacPoeIntegrationTests testDebugCaptureSnapshotsRestoreWithoutLosingStage]' passed (0.009 seconds).
Test Case '-[PicPacPoeTests.PicPacPoeIntegrationTests testFeedbackCuesAreSmallLocalPCMFiles]' started.
Test Case '-[PicPacPoeTests.PicPacPoeIntegrationTests testFeedbackCuesAreSmallLocalPCMFiles]' passed (0.002 seconds).
Test Case '-[PicPacPoeTests.PicPacPoeIntegrationTests testHomeMotionIsBoundedAndReducedMotionNeverScales]' started.
Test Case '-[PicPacPoeTests.PicPacPoeIntegrationTests testHomeMotionIsBoundedAndReducedMotionNeverScales]' passed (0.002 seconds).
Test Case '-[PicPacPoeTests.PicPacPoeIntegrationTests testSettingsCaptureMatchesCanonicalControlStates]' started.
Test Case '-[PicPacPoeTests.PicPacPoeIntegrationTests testSettingsCaptureMatchesCanonicalControlStates]' passed (0.005 seconds).
Test Case '-[PicPacPoeTests.PicPacPoeIntegrationTests testTransitionSpeechNeverReplaysRestorationOrDuplicatesFocusedContent]' started.
Test Case '-[PicPacPoeTests.PicPacPoeIntegrationTests testTransitionSpeechNeverReplaysRestorationOrDuplicatesFocusedContent]' passed (0.001 seconds).
Test Case '-[PicPacPoeTests.PicPacPoeIntegrationTests testWordmarkFittingKeepsAllFiveRunsInsideGutters]' started.
Test Case '-[PicPacPoeTests.PicPacPoeIntegrationTests testWordmarkFittingKeepsAllFiveRunsInsideGutters]' passed (0.031 seconds).
Test Suite 'PicPacPoeIntegrationTests' passed at 2026-09-25 06:58:52.111.
	 Executed 10 tests, with 0 failures (0 unexpected) in 0.054 (0.062) seconds
Test Suite 'PicPacPoePerformanceIntegrationTests' started at 2026-09-25 06:58:52.111.
Test Case '-[PicPacPoeTests.PicPacPoePerformanceIntegrationTests testSimulatorProductionSearchBudgetLatencyAndCancellation]' started.
2026-09-25 06:58:52.154546-0400 PicPacPoe[18360:116158594] [General] Failed to send CA Event for app launch measurements for ca_event_type: 1 event_name: com.apple.app_launch_measurement.ExtendedLaunchMetrics
SIMULATOR_SEARCH_PERFORMANCE_JSON {"environment":{"configuration":"Test (application -Onone; production Swift package -O)","deviceName":"PicPacPoe Phase3 Performance","kind":"actual-iOS-simulator-hosted-test","model":"iPhone18,1","systemVersion":"26.5"},"hardColdMilliseconds":[77.285833999999994,77.230874999999997,76.871499999999997],"hardColdNodes":[109706,109706,109706],"hardInFlightCancellationMilliseconds":[1.241625,0.107125,0.22816700000000001],"hardWarmMilliseconds":[0.022459,0.022832999999999999,0.020209000000000001],"hardWarmNodes":[18,18,18],"mctsCompletedSimulationsPerCall":2000,"mctsMilliseconds":[23.446874999999999,23.898125,24.048583000000001],"physicalDeviceEvidence":false,"sampleCount":3,"schemaVersion":1}
Test Case '-[PicPacPoeTests.PicPacPoePerformanceIntegrationTests testSimulatorProductionSearchBudgetLatencyAndCancellation]' passed (0.331 seconds).
Test Case '-[PicPacPoeTests.PicPacPoePerformanceIntegrationTests testVisibleHomeMotionAndLiveHardTurnDisplayCadence]' started.
2026-09-25 06:58:52.451351-0400 PicPacPoe[18360:116158491] [Invalid Configuration] SceneStorage is only for use with SwiftUI App Lifecycle. This will become a fatal error in a future release.
2026-09-25 06:58:52.452365-0400 PicPacPoe[18360:116158491] [SwiftUI] Accessing a SceneStorage value outside of being installed on a View or outside SwiftUI App Lifecycle. This will always return the default value.
2026-09-25 06:58:52.456432-0400 PicPacPoe[18360:116158491] [SwiftUI] Accessing a SceneStorage value outside of being installed on a View or outside SwiftUI App Lifecycle. This will always return the default value.
2026-09-25 06:58:52.457184-0400 PicPacPoe[18360:116158491] [SwiftUI] Accessing a SceneStorage value outside of being installed on a View or outside SwiftUI App Lifecycle. This will always return the default value.
2026-09-25 06:58:52.457637-0400 PicPacPoe[18360:116158491] [SwiftUI] Accessing a SceneStorage value outside of being installed on a View or outside SwiftUI App Lifecycle. This will always return the default value.
2026-09-25 06:58:52.458240-0400 PicPacPoe[18360:116158491] [SwiftUI] Accessing a SceneStorage value outside of being installed on a View or outside SwiftUI App Lifecycle. This will always return the default value.
2026-09-25 06:58:52.458743-0400 PicPacPoe[18360:116158491] [SwiftUI] Accessing a SceneStorage value outside of being installed on a View or outside SwiftUI App Lifecycle. This will always return the default value.
2026-09-25 06:58:52.459268-0400 PicPacPoe[18360:116158491] [SwiftUI] Accessing a SceneStorage value outside of being installed on a View or outside SwiftUI App Lifecycle. This will always return the default value.
2026-09-25 06:58:52.464102-0400 PicPacPoe[18360:116158491] [Invalid Configuration] SceneStorage is only for use with SwiftUI App Lifecycle. This will become a fatal error in a future release.
2026-09-25 06:58:57.453123-0400 PicPacPoe[18360:116158491] [SwiftUI] Accessing a SceneStorage value outside of being installed on a View or outside SwiftUI App Lifecycle. This will always return the default value.
2026-09-25 06:58:57.455790-0400 PicPacPoe[18360:116158491] [SwiftUI] Accessing a SceneStorage value outside of being installed on a View or outside SwiftUI App Lifecycle. This will always return the default value.
2026-09-25 06:58:57.456358-0400 PicPacPoe[18360:116158491] [SwiftUI] Accessing a SceneStorage value outside of being installed on a View or outside SwiftUI App Lifecycle. This will always return the default value.
2026-09-25 06:58:57.456773-0400 PicPacPoe[18360:116158491] [SwiftUI] Accessing a SceneStorage value outside of being installed on a View or outside SwiftUI App Lifecycle. This will always return the default value.
2026-09-25 06:58:59.350175-0400 PicPacPoe[18360:116158491] [Invalid Configuration] SceneStorage is only for use with SwiftUI App Lifecycle. This will become a fatal error in a future release.
2026-09-25 06:58:59.350848-0400 PicPacPoe[18360:116158491] [SwiftUI] Accessing a SceneStorage value outside of being installed on a View or outside SwiftUI App Lifecycle. This will always return the default value.
2026-09-25 06:58:59.352131-0400 PicPacPoe[18360:116158491] [SwiftUI] Accessing a SceneStorage value outside of being installed on a View or outside SwiftUI App Lifecycle. This will always return the default value.
2026-09-25 06:58:59.352671-0400 PicPacPoe[18360:116158491] [SwiftUI] Accessing a SceneStorage value outside of being installed on a View or outside SwiftUI App Lifecycle. This will always return the default value.
2026-09-25 06:58:59.353124-0400 PicPacPoe[18360:116158491] [SwiftUI] Accessing a SceneStorage value outside of being installed on a View or outside SwiftUI App Lifecycle. This will always return the default value.
2026-09-25 06:58:59.356934-0400 PicPacPoe[18360:116158491] [Invalid Configuration] SceneStorage is only for use with SwiftUI App Lifecycle. This will become a fatal error in a future release.
2026-09-25 06:58:59.357864-0400 PicPacPoe[18360:116158491] [SwiftUI] Accessing a SceneStorage value outside of being installed on a View or outside SwiftUI App Lifecycle. This will always return the default value.
2026-09-25 06:58:59.362390-0400 PicPacPoe[18360:116158491] [SwiftUI] Accessing a SceneStorage value outside of being installed on a View or outside SwiftUI App Lifecycle. This will always return the default value.
2026-09-25 06:58:59.363193-0400 PicPacPoe[18360:116158491] [SwiftUI] Accessing a SceneStorage value outside of being installed on a View or outside SwiftUI App Lifecycle. This will always return the default value.
2026-09-25 06:58:59.363866-0400 PicPacPoe[18360:116158491] [SwiftUI] Accessing a SceneStorage value outside of being installed on a View or outside SwiftUI App Lifecycle. This will always return the default value.
2026-09-25 06:58:59.364640-0400 PicPacPoe[18360:116158491] [SwiftUI] Accessing a SceneStorage value outside of being installed on a View or outside SwiftUI App Lifecycle. This will always return the default value.
2026-09-25 06:58:59.365317-0400 PicPacPoe[18360:116158491] [SwiftUI] Accessing a SceneStorage value outside of being installed on a View or outside SwiftUI App Lifecycle. This will always return the default value.
2026-09-25 06:58:59.365868-0400 PicPacPoe[18360:116158491] [SwiftUI] Accessing a SceneStorage value outside of being installed on a View or outside SwiftUI App Lifecycle. This will always return the default value.
2026-09-25 06:58:59.371808-0400 PicPacPoe[18360:116158491] [Invalid Configuration] SceneStorage is only for use with SwiftUI App Lifecycle. This will become a fatal error in a future release.
2026-09-25 06:59:04.338441-0400 PicPacPoe[18360:116158491] [SwiftUI] Accessing a SceneStorage value outside of being installed on a View or outside SwiftUI App Lifecycle. This will always return the default value.
2026-09-25 06:59:04.341183-0400 PicPacPoe[18360:116158491] [SwiftUI] Accessing a SceneStorage value outside of being installed on a View or outside SwiftUI App Lifecycle. This will always return the default value.
2026-09-25 06:59:04.341713-0400 PicPacPoe[18360:116158491] [SwiftUI] Accessing a SceneStorage value outside of being installed on a View or outside SwiftUI App Lifecycle. This will always return the default value.
2026-09-25 06:59:04.342203-0400 PicPacPoe[18360:116158491] [SwiftUI] Accessing a SceneStorage value outside of being installed on a View or outside SwiftUI App Lifecycle. This will always return the default value.
2026-09-25 06:59:06.238425-0400 PicPacPoe[18360:116158491] [Invalid Configuration] SceneStorage is only for use with SwiftUI App Lifecycle. This will become a fatal error in a future release.
2026-09-25 06:59:06.239031-0400 PicPacPoe[18360:116158491] [SwiftUI] Accessing a SceneStorage value outside of being installed on a View or outside SwiftUI App Lifecycle. This will always return the default value.
2026-09-25 06:59:06.240242-0400 PicPacPoe[18360:116158491] [SwiftUI] Accessing a SceneStorage value outside of being installed on a View or outside SwiftUI App Lifecycle. This will always return the default value.
2026-09-25 06:59:06.240759-0400 PicPacPoe[18360:116158491] [SwiftUI] Accessing a SceneStorage value outside of being installed on a View or outside SwiftUI App Lifecycle. This will always return the default value.
2026-09-25 06:59:06.241183-0400 PicPacPoe[18360:116158491] [SwiftUI] Accessing a SceneStorage value outside of being installed on a View or outside SwiftUI App Lifecycle. This will always return the default value.
SIMULATOR_FRAME_PACING_JSON {"environment":{"configuration":"Test (application -Onone; production Swift package -O)","deviceName":"PicPacPoe Phase3 Performance","kind":"actual-iOS-simulator-hosted-test","model":"iPhone18,1","systemVersion":"26.5"},"gpuCompletionMeasured":false,"homeDecorativeSnapshotWrites":0,"homeDrawCalls":0,"homeTemporalSequences":[{"activeFrames":[{"attachmentName":"home-normal-motion-active-0.0","captureUptimeSeconds":5071810.3714120835,"elapsedObservedSeconds":2.2916123270988464e-05,"pixelHeight":2622,"pixelWidth":1206,"pngSHA256":"a60ec24655f320c818266e38ec0b5da2220fa84f7484370118c09e33d6de00a3","requestedOffsetSeconds":0},{"attachmentName":"home-normal-motion-active-0.34","captureUptimeSeconds":5071810.7197842505,"elapsedObservedSeconds":0.34839508309960365,"pixelHeight":2622,"pixelWidth":1206,"pngSHA256":"a60ec24655f320c818266e38ec0b5da2220fa84f7484370118c09e33d6de00a3","requestedOffsetSeconds":0.34000000000000002},{"attachmentName":"home-normal-motion-active-1.4","captureUptimeSeconds":5071811.7740837922,"elapsedObservedSeconds":1.4026946248486638,"pixelHeight":2622,"pixelWidth":1206,"pngSHA256":"6c54300409b8f28373d1d6401f3005f3f2d459d5428d215170bb0701606bc0f3","requestedOffsetSeconds":1.3999999999999999}],"capture":"Full visible UIWindow.drawHierarchy, including safe areas; no crop or synthetic content","decorativeSnapshotWrites":0,"drawCalls":0,"gameStateUnchanged":true,"inactiveDecorativeSnapshotWrites":0,"inactiveFrames":[{"attachmentName":"home-normal-motion-inactive-start","captureUptimeSeconds":5071812.0414385833,"elapsedObservedSeconds":4.7078356146812439e-06,"pixelHeight":2622,"pixelWidth":1206,"pngSHA256":"a60ec24655f320c818266e38ec0b5da2220fa84f7484370118c09e33d6de00a3","requestedOffsetSeconds":0},{"attachmentName":"home-normal-motion-inactive-plus-1.5","captureUptimeSeconds":5071813.6669687917,"elapsedObservedSeconds":1.6255349162966013,"pixelHeight":2622,"pixelWidth":1206,"pngSHA256":"a60ec24655f320c818266e38ec0b5da2220fa84f7484370118c09e33d6de00a3","requestedOffsetSeconds":1.5}],"inactivePixelIdentical":true,"inactiveSequenceStartUptimeSeconds":5071812.0414338754,"mode":"home-normal-motion","sequenceStartUptimeSeconds":5071810.3713891674,"timing":"Requested offsets from sequence start after cadence sample; elapsedObservedSeconds is authoritative, not a controlled animation phase"},{"activeFrames":[{"attachmentName":"home-reduce-motion-active-0.0","captureUptimeSeconds":5071817.2549340418,"elapsedObservedSeconds":3.7085264921188354e-06,"pixelHeight":2622,"pixelWidth":1206,"pngSHA256":"a60ec24655f320c818266e38ec0b5da2220fa84f7484370118c09e33d6de00a3","requestedOffsetSeconds":0},{"attachmentName":"home-reduce-motion-active-0.34","captureUptimeSeconds":5071817.5972252507,"elapsedObservedSeconds":0.34229491744190454,"pixelHeight":2622,"pixelWidth":1206,"pngSHA256":"a60ec24655f320c818266e38ec0b5da2220fa84f7484370118c09e33d6de00a3","requestedOffsetSeconds":0.34000000000000002},{"attachmentName":"home-reduce-motion-active-1.4","captureUptimeSeconds":5071818.6646730416,"elapsedObservedSeconds":1.4097427083179355,"pixelHeight":2622,"pixelWidth":1206,"pngSHA256":"6c54300409b8f28373d1d6401f3005f3f2d459d5428d215170bb0701606bc0f3","requestedOffsetSeconds":1.3999999999999999}],"capture":"Full visible UIWindow.drawHierarchy, including safe areas; no crop or synthetic content","decorativeSnapshotWrites":0,"drawCalls":0,"gameStateUnchanged":true,"inactiveDecorativeSnapshotWrites":0,"inactiveFrames":[{"attachmentName":"home-reduce-motion-inactive-start","captureUptimeSeconds":5071818.9242185839,"elapsedObservedSeconds":6.0414895415306091e-06,"pixelHeight":2622,"pixelWidth":1206,"pngSHA256":"a60ec24655f320c818266e38ec0b5da2220fa84f7484370118c09e33d6de00a3","requestedOffsetSeconds":0},{"attachmentName":"home-reduce-motion-inactive-plus-1.5","captureUptimeSeconds":5071820.5526360832,"elapsedObservedSeconds":1.6284235408529639,"pixelHeight":2622,"pixelWidth":1206,"pngSHA256":"a60ec24655f320c818266e38ec0b5da2220fa84f7484370118c09e33d6de00a3","requestedOffsetSeconds":1.5}],"inactivePixelIdentical":true,"inactiveSequenceStartUptimeSeconds":5071818.9242125424,"mode":"home-reduce-motion","sequenceStartUptimeSeconds":5071817.2549303332,"timing":"Requested offsets from sequence start after cadence sample; elapsedObservedSeconds is authoritative, not a controlled animation phase"}],"liveHardStages":["turnStart","revealing","aiTargeting","aiPlacing","aiSettling","turnStart","revealing","playing"],"measurement":"CADisplayLink delivered timestamps and actual main-runloop callback intervals","physicalDeviceEvidence":false,"requestedDisplayLinkHz":60,"samples":[{"callbackIntervalsMilliseconds":[16.557457856833935,16.638750210404396,16.717458143830299,16.675583086907864,16.669750213623047,16.680125147104263,16.719167120754719,16.631916165351868,16.633625142276287,16.689499840140343,16.587333753705025,16.680624336004257,16.722208820283413,16.630416736006737,16.870166175067425,16.698624938726425,16.614458523690701,16.808708198368549,16.898958943784237,16.441791318356991,16.540541313588619,16.823958605527878,16.608917154371738,16.687332652509212,16.654875129461288,16.426624730229378,16.628792509436607,16.625124961137772,16.699332743883133,16.612375155091286,16.718249768018723,16.642333939671516,16.665332950651646,16.655958257615566,16.630458645522594,16.714000143110752,16.692041419446468,16.581291332840919,16.666917130351067,16.737166792154312,16.653957776725292,16.673416830599308,16.573417000472546,16.6915412992239,16.709583811461926,16.655333340167999,16.690458171069622,16.630250029265881,17.004000023007393,16.676750034093857,16.690082848072052,16.721458174288273,16.662625595927238,16.640958376228809,16.666208393871784,16.697082668542862,16.727625392377377,16.604208387434483,16.641750000417233,16.658833250403404,16.726083122193813,16.629833728075027,16.609916463494301,16.580833122134209,16.663833521306515,16.627833247184753,16.63716696202755,16.698207706212997,16.699084080755711,16.651207581162453,16.890541650354862,16.457625664770603,16.690749675035477,16.614625230431557,16.753749921917915,16.637416556477547,16.656416468322277,16.863292083144188,16.666666604578495,16.574541106820107,16.681375913321972,16.714832745492458,16.525000333786011,16.633791849017143,16.673833131790161,16.662875190377235,16.641750000417233,16.687541268765926,16.741500236093998,16.330458223819733,16.752541996538639,16.550916247069836,16.667082905769348,16.731500625610352,16.676625236868858,16.574207693338394,16.752541996538639,16.678458079695702,16.691083088517189,16.595167107880116,16.623208299279213,16.668125055730343,16.665874980390072,16.627333126962185,16.734291799366474,16.605916433036327,16.68254192918539,16.660583205521107,16.663582995533943,16.649667173624039,16.754250042140484,16.635624691843987,16.720416955649853,16.646374948322773,16.675916500389576,16.629083082079887,17.188875004649162,16.41995832324028,16.623958945274353,16.730041243135929,16.7348338291049,16.692041419446468,16.533332876861095,16.667917370796204,16.641583293676376,16.673666425049305,16.698124818503857,16.713458113372326,16.612499952316284,16.816542483866215,16.670124605298042,16.703500412404537,16.511416062712669,16.668625175952911,16.698124818503857,16.648166812956333,16.640124842524529,16.871541738510132,16.473708674311638,16.657332889735699,16.768208704888821,16.632166691124439,16.725791618227959,16.619957983493805,16.801666468381882,16.585499979555607,16.657291911542416,16.554833389818668,16.667500138282776,16.705749556422234,16.638792119920254,16.714625060558319,16.515541821718216,16.722666099667549,16.850000247359276,16.41995832324028,16.80291723459959,16.74629095941782,16.740750521421432,16.569666564464569,16.70345850288868,16.542208380997181,16.6915412992239,16.630374826490879,16.636333428323269,16.692708246409893,16.666250303387642,16.68350026011467,16.640124842524529,16.709958203136921,16.887166537344456,16.418416984379292,16.719666309654713,16.886208206415176,16.490708105266094,16.652042046189308,16.617500223219395,16.75129123032093,16.577708534896374,16.68670866638422,16.622499562799931,16.708999872207642,16.523541882634163,16.716750338673592,16.776749864220619,16.555166803300381],"callbackMaxMilliseconds":17.188875004649162,"callbackP50Milliseconds":16.666666604578495,"callbackP95Milliseconds":16.823958605527878,"frameIntervalsMilliseconds":[16.666666604578495,16.666666604578495,16.666666604578495,16.666666604578495,16.66666753590107,16.666666604578495,16.666666604578495,16.666666604578495,16.666666604578495,16.666666604578495,16.666666604578495,16.666666604578495,16.666666604578495,16.666666604578495,16.666666604578495,16.666666604578495,16.666666604578495,16.666666604578495,16.666666604578495,16.66666753590107,16.666666604578495,16.666666604578495,16.666666604578495,16.666666604578495,16.666666604578495,16.666666604578495,16.666666604578495,16.666666604578495,16.666666604578495,16.666666604578495,16.666666604578495,16.666666604578495,16.666666604578495,16.666666604578495,16.66666753590107,16.666666604578495,16.666666604578495,16.666666604578495,16.666666604578495,16.666666604578495,16.666666604578495,16.666666604578495,16.666666604578495,16.666666604578495,16.666666604578495,16.666666604578495,16.666666604578495,16.666666604578495,16.666666604578495,16.66666753590107,16.666666604578495,16.666666604578495,16.666666604578495,16.666666604578495,16.666666604578495,16.666666604578495,16.666666604578495,16.666666604578495,16.666666604578495,16.666666604578495,16.666666604578495,16.666666604578495,16.666666604578495,16.666666604578495,16.66666753590107,16.666666604578495,16.666666604578495,16.666666604578495,16.666666604578495,16.666666604578495,16.666666604578495,16.666666604578495,16.666666604578495,16.666666604578495,16.666666604578495,16.666666604578495,16.666666604578495,16.666666604578495,16.666666604578495,16.66666753590107,16.666666604578495,16.666666604578495,16.666666604578495,16.666666604578495,16.666666604578495,16.666666604578495,16.666666604578495,16.666666604578495,16.666666604578495,16.666666604578495,16.666666604578495,16.666666604578495,16.666666604578495,16.666666604578495,16.66666753590107,16.666666604578495,16.666666604578495,16.666666604578495,16.666666604578495,16.666666604578495,16.666666604578495,16.666666604578495,16.666666604578495,16.666666604578495,16.666666604578495,16.666666604578495,16.666666604578495,16.666666604578495,16.666666604578495,16.66666753590107,16.666666604578495,16.666666604578495,16.666666604578495,16.666666604578495,16.666666604578495,16.666666604578495,16.666666604578495,16.666666604578495,16.666666604578495,16.666666604578495,16.666666604578495,16.666666604578495,16.666666604578495,16.666666604578495,16.66666753590107,16.666666604578495,16.666666604578495,16.666666604578495,16.666666604578495,16.666666604578495,16.666666604578495,16.666666604578495,16.666666604578495,16.666666604578495,16.666666604578495,16.666666604578495,16.666666604578495,16.666666604578495,16.666666604578495,16.66666753590107,16.666666604578495,16.666666604578495,16.666666604578495,16.666666604578495,16.666666604578495,16.666666604578495,16.666666604578495,16.666666604578495,16.666666604578495,16.666666604578495,16.666666604578495,16.666666604578495,16.666666604578495,16.666666604578495,16.66666753590107,16.666666604578495,16.666666604578495,16.666666604578495,16.666666604578495,16.666666604578495,16.666666604578495,16.666666604578495,16.666666604578495,16.666666604578495,16.666666604578495,16.666666604578495,16.666666604578495,16.666666604578495,16.666666604578495,16.66666753590107,16.666666604578495,16.666666604578495,16.666666604578495,16.666666604578495,16.666666604578495,16.666666604578495,16.666666604578495,16.666666604578495,16.666666604578495,16.666666604578495,16.666666604578495,16.666666604578495,16.666666604578495,16.666666604578495,16.66666753590107,16.666666604578495],"frameSamples":186,"intervalsOverOneAndHalfNominal":0,"nominalIntervalMilliseconds":16.666666604578495,"scenario":"home-normal-motion","timestampMaxMilliseconds":16.66666753590107,"timestampP50Milliseconds":16.666666604578495,"timestampP95Milliseconds":16.66666753590107},{"callbackIntervalsMilliseconds":[16.710749827325344,16.602625139057636,16.707125119864941,16.64416678249836,16.776249743998051,16.599083319306374,16.607041470706463,16.674208454787731,16.584958881139755,16.693624667823315,16.629124991595745,16.668000258505344,16.698707826435566,16.675041988492012,16.632708720862865,16.682458110153675,16.733082942664623,16.603041440248489,16.69645868241787,16.662833280861378,16.646250151097775,16.65816642343998,16.70391671359539,16.624417155981064,16.731875017285347,16.621207818388939,16.709041781723499,16.747208312153816,16.567000187933445,16.68879110366106,16.673916950821877,16.787583939731121,16.573166474699974,16.663791611790657,16.615750268101692,16.756541095674038,16.628541983664036,16.580208204686642,16.802208498120308,16.559207811951637,16.77437499165535,16.609333455562592,16.607125289738178,16.699458472430706,16.722832806408405,16.614958643913269,16.652874648571014,16.649000346660614,16.70666690915823,16.6378328576684,16.651666723191738,16.669875010848045,16.799375414848328,16.5737085044384,16.599415801465511,16.735625453293324,16.664625145494938,16.783041879534721,16.724999994039536,16.541250050067902,16.6592076420784,16.691042110323906,16.719666309654713,16.549374908208847,16.681833192706108,16.725583933293819,16.717707738280296,16.576958820223808,16.474541276693344,16.629875637590885,16.65258314460516,16.548832878470421,16.662458889186382,16.655249521136284,16.623250208795071,16.700292006134987,16.667000018060207,17.13341660797596,16.479624435305595,16.66912529617548,16.796041280031204,16.568375751376152,16.63262490183115,16.797833144664764,16.585833393037319,16.609958373010159,16.773166134953499,16.667083837091923,16.647416166961193,16.713125631213188,16.655207611620426,16.655583865940571,16.713375225663185,16.536207869648933,16.760708764195442,16.732082702219486,16.566791571676731,16.633250750601292,16.616916283965111,16.661874949932098,16.758541576564312,16.580583527684212,16.660416498780251,16.704708337783813,16.620666719973087,16.658583655953407,16.68095774948597,16.784208826720715,16.528207808732986,16.684625297784805,16.668333671987057,16.753791831433773,16.57154131680727,16.664249822497368,16.801208257675171,16.557167284190655,16.680624336004257,16.713833436369896,16.772249713540077,16.578417271375656,16.682458110153675,16.635417006909847,16.990791074931622,16.419333405792713,16.659583896398544,16.675207763910294,16.775500029325485,16.535250470042229,16.568374820053577,16.656333580613136,16.679916530847549,16.678416170179844,16.719167120754719,16.590666957199574,16.693833284080029,16.638833098113537,16.888291575014591,16.567833721637726,16.557082533836365,16.672000288963318,16.778250224888325,16.540166921913624,16.687332652509212,16.705541871488094,16.724583692848682,16.59745816141367,16.759124584496021,16.755333170294762,16.526042483747005,16.656083054840565,16.691958531737328,16.668790951371193,16.572375781834126,16.898499801754951,16.436999663710594,16.704458743333817,16.70316606760025,16.652291640639305,16.59829169511795,16.635417006909847,16.691749915480614,16.682750545442104,16.790666617453098,16.503333114087582,16.802833415567875,16.530541703104973,16.634915955364704,16.726291738450527,16.638792119920254,16.64595864713192,16.702624969184399,16.669291071593761,16.38979185372591,16.726791858673096,16.59829169511795,16.690291464328766,16.672416590154171,16.614708118140697,16.743750311434269,16.664458438754082,16.636291518807411,16.712541691958904,16.62145834416151,16.627583652734756,16.687625087797642],"callbackMaxMilliseconds":17.13341660797596,"callbackP50Milliseconds":16.664458438754082,"callbackP95Milliseconds":16.790666617453098,"frameIntervalsMilliseconds":[16.666666604578495,16.666666604578495,16.666666604578495,16.666666604578495,16.666666604578495,16.666666604578495,16.666666604578495,16.666666604578495,16.666666604578495,16.666666604578495,16.66666753590107,16.666666604578495,16.666666604578495,16.666666604578495,16.666666604578495,16.666666604578495,16.666666604578495,16.666666604578495,16.666666604578495,16.666666604578495,16.666666604578495,16.666666604578495,16.666666604578495,16.666666604578495,16.666666604578495,16.66666753590107,16.666666604578495,16.666666604578495,16.666666604578495,16.666666604578495,16.666666604578495,16.666666604578495,16.666666604578495,16.666666604578495,16.666666604578495,16.666666604578495,16.666666604578495,16.666666604578495,16.666666604578495,16.666666604578495,16.66666753590107,16.666666604578495,16.666666604578495,16.666666604578495,16.666666604578495,16.666666604578495,16.666666604578495,16.666666604578495,16.666666604578495,16.666666604578495,16.666666604578495,16.666666604578495,16.666666604578495,16.666666604578495,16.666666604578495,16.66666753590107,16.666666604578495,16.666666604578495,16.666666604578495,16.666666604578495,16.666666604578495,16.666666604578495,16.666666604578495,16.666666604578495,16.666666604578495,16.666666604578495,16.666666604578495,16.666666604578495,16.666666604578495,16.666666604578495,16.66666753590107,16.666666604578495,16.666666604578495,16.666666604578495,16.666666604578495,16.666666604578495,16.666666604578495,16.666666604578495,16.666666604578495,16.666666604578495,16.666666604578495,16.666666604578495,16.666666604578495,16.666666604578495,16.666666604578495,16.66666753590107,16.666666604578495,16.666666604578495,16.666666604578495,16.666666604578495,16.666666604578495,16.666666604578495,16.666666604578495,16.666666604578495,16.666666604578495,16.666666604578495,16.666666604578495,16.666666604578495,16.666666604578495,16.666666604578495,16.66666753590107,16.666666604578495,16.666666604578495,16.666666604578495,16.666666604578495,16.666666604578495,16.666666604578495,16.666666604578495,16.666666604578495,16.666666604578495,16.666666604578495,16.666666604578495,16.666666604578495,16.666666604578495,16.666666604578495,16.66666753590107,16.666666604578495,16.666666604578495,16.666666604578495,16.666666604578495,16.666666604578495,16.666666604578495,16.666666604578495,16.666666604578495,16.666666604578495,16.666666604578495,16.666666604578495,16.666666604578495,16.666666604578495,16.666666604578495,16.66666753590107,16.666666604578495,16.666666604578495,16.666666604578495,16.666666604578495,16.666666604578495,16.666666604578495,16.666666604578495,16.666666604578495,16.666666604578495,16.666666604578495,16.666666604578495,16.666666604578495,16.666666604578495,16.666666604578495,16.66666753590107,16.666666604578495,16.666666604578495,16.666666604578495,16.666666604578495,16.666666604578495,16.666666604578495,16.666666604578495,16.666666604578495,16.666666604578495,16.666666604578495,16.666666604578495,16.666666604578495,16.666666604578495,16.666666604578495,16.66666753590107,16.666666604578495,16.666666604578495,16.666666604578495,16.666666604578495,16.666666604578495,16.666666604578495,16.666666604578495,16.666666604578495,16.666666604578495,16.666666604578495,16.666666604578495,16.666666604578495,16.666666604578495,16.666666604578495,16.66666753590107,16.666666604578495,16.666666604578495,16.666666604578495,16.666666604578495,16.666666604578495,16.666666604578495,16.666666604578495,16.666666604578495,16.666666604578495],"frameSamples":185,"intervalsOverOneAndHalfNominal":0,"nominalIntervalMilliseconds":16.666666604578495,"scenario":"home-reduce-motion","timestampMaxMilliseconds":16.66666753590107,"timestampP50Milliseconds":16.666666604578495,"timestampP95Milliseconds":16.66666753590107},{"callbackIntervalsMilliseconds":[16.659707762300968,16.680042259395123,16.668832860887051,16.665042378008366,16.666666604578495,16.668125055730343,16.667082905769348,16.661874949932098,16.673000529408455,16.665499657392502,16.676750034093857,16.660083085298538,16.669750213623047,16.673457808792591,16.657625325024128,16.668375581502914,16.666791401803493,19.513249397277832,13.829333707690239,16.635917127132416,16.709666699171066,16.627457924187183,16.672874800860882,16.685499809682369,16.667500138282776,16.65058359503746,16.671707853674889,16.671166755259037,16.670167446136475,16.663665883243084,16.70383382588625,16.638166271150112,16.651375219225883,16.666250303387642,16.670958139002323,16.665332950651646,16.66733343154192,16.666541807353497,16.671208664774895,16.659707762300968,16.672875732183456,16.665166243910789,16.664708033204079,16.665958799421787,16.690041869878769,16.638499684631824,16.673125326633453,16.668624244630337,16.651459038257599,16.676332801580429,16.714083962142467,16.624166630208492,16.677082516252995,16.656500287353992,16.663875430822372,16.664499416947365,16.672500409185886,18.230916932225227,15.096457675099373,16.696500591933727,16.644916497170925,16.674208454787731,16.650249250233173,16.668625175952911,16.667375341057777,16.664874739944935,16.667791642248631,16.676833853125572,16.657041385769844,16.670791432261467,16.668916679918766,16.661083325743675,16.680083237588406,16.652291640639305,16.663666814565659,16.666208393871784,16.668375581502914,16.661624424159527,16.667583025991917,16.66533388197422,16.679458320140839,16.67375024408102,16.674707643687725,16.639666631817818,16.671125777065754,16.664041206240654,16.665416769683361,16.67716633528471,16.682708635926247,16.66420791298151,16.662208363413811,16.667041927576065,16.64916705340147,16.668999567627907,16.668208874762058,21.243915893137455,12.082291767001152,16.6727090254426,16.660332679748535,16.678333282470703,16.661583445966244,16.659583896398544,16.673875041306019,16.670833341777325,16.658208332955837,16.670499928295612,16.676999628543854,16.655083745718002,16.675000078976154,16.663541086018085,16.661083325743675,16.688958741724491,16.647249460220337,16.667542047798634,16.694874502718449,16.64595864713192,16.650917008519173,16.693166457116604,16.668333671987057,16.666416078805923,16.663291491568089,16.649125143885612,16.642500646412373,16.697749495506287,16.659291461110115,16.648958437144756,16.665250062942505,16.682666726410389,16.668249852955341,16.667624935507774,16.671250574290752,16.659624874591827,16.659916378557682,16.680416651070118,16.663208603858948,16.670333221554756,16.663208603858948,16.680041328072548,16.650957986712456,16.666500829160213,16.691083088517189,16.641374677419662,16.668625175952911,16.701666638255119,16.631999984383583,16.655624844133854,16.693958081305027,16.651625744998455,16.677374951541424,16.658749431371689,16.689125448465347,16.678166575729847,16.629749909043312,16.664249822497368,16.665833070874214,16.648083925247192,16.687625087797642,16.668249852955341,16.665250062942505,16.66658278554678,16.672208905220032,16.662457957863808,16.664125025272369,16.667500138282776,16.664291732013226,16.666208393871784,16.670041717588902,16.664791852235794,16.673291102051735,16.664625145494938,16.685041598975658,16.670583747327328,16.692624427378178,16.646875068545341,16.639750450849533,16.655500046908855,16.691416501998901,16.64699986577034,16.705083660781384,16.666291281580925,16.685583628714085,16.608624719083309,16.666541807353497,22.112833335995674],"callbackMaxMilliseconds":22.112833335995674,"callbackP50Milliseconds":16.666666604578495,"callbackP95Milliseconds":16.696500591933727,"frameIntervalsMilliseconds":[16.666666604578495,16.666666604578495,16.666666604578495,16.666666604578495,16.66666753590107,16.666666604578495,16.666666604578495,16.666666604578495,16.666666604578495,16.666666604578495,16.666666604578495,16.666666604578495,16.666666604578495,16.666666604578495,16.666666604578495,16.666666604578495,16.666666604578495,16.666666604578495,16.666666604578495,16.66666753590107,16.666666604578495,16.666666604578495,16.666666604578495,16.666666604578495,16.666666604578495,16.666666604578495,16.666666604578495,16.666666604578495,16.666666604578495,16.666666604578495,16.666666604578495,16.666666604578495,16.666666604578495,16.666666604578495,16.66666753590107,16.666666604578495,16.666666604578495,16.666666604578495,16.666666604578495,16.666666604578495,16.666666604578495,16.666666604578495,16.666666604578495,16.666666604578495,16.666666604578495,16.666666604578495,16.666666604578495,16.666666604578495,16.666666604578495,16.66666753590107,16.666666604578495,16.666666604578495,16.666666604578495,16.666666604578495,16.666666604578495,16.666666604578495,16.666666604578495,16.666666604578495,16.666666604578495,16.666666604578495,16.666666604578495,16.666666604578495,16.666666604578495,16.666666604578495,16.66666753590107,16.666666604578495,16.666666604578495,16.666666604578495,16.666666604578495,16.666666604578495,16.666666604578495,16.666666604578495,16.666666604578495,16.666666604578495,16.666666604578495,16.666666604578495,16.666666604578495,16.666666604578495,16.666666604578495,16.66666753590107,16.666666604578495,16.666666604578495,16.666666604578495,16.666666604578495,16.666666604578495,16.666666604578495,16.666666604578495,16.666666604578495,16.666666604578495,16.666666604578495,16.666666604578495,16.666666604578495,16.666666604578495,16.666666604578495,16.66666753590107,16.666666604578495,16.666666604578495,16.666666604578495,16.666666604578495,16.666666604578495,16.666666604578495,16.666666604578495,16.666666604578495,16.666666604578495,16.666666604578495,16.666666604578495,16.666666604578495,16.666666604578495,16.666666604578495,16.66666753590107,16.666666604578495,16.666666604578495,16.666666604578495,16.666666604578495,16.666666604578495,16.666666604578495,16.666666604578495,16.666666604578495,16.666666604578495,16.666666604578495,16.666666604578495,16.666666604578495,16.666666604578495,16.666666604578495,16.66666753590107,16.666666604578495,16.666666604578495,16.666666604578495,16.666666604578495,16.666666604578495,16.666666604578495,16.666666604578495,16.666666604578495,16.666666604578495,16.666666604578495,16.666666604578495,16.666666604578495,16.666666604578495,16.666666604578495,16.66666753590107,16.666666604578495,16.666666604578495,16.666666604578495,16.666666604578495,16.666666604578495,16.666666604578495,16.666666604578495,16.666666604578495,16.666666604578495,16.666666604578495,16.666666604578495,16.666666604578495,16.666666604578495,16.666666604578495,16.66666753590107,16.666666604578495,16.666666604578495,16.666666604578495,16.666666604578495,16.666666604578495,16.666666604578495,16.666666604578495,16.666666604578495,16.666666604578495,16.666666604578495,16.666666604578495,16.666666604578495,16.666666604578495,16.666666604578495,16.66666753590107,16.666666604578495,16.666666604578495,16.666666604578495,16.666666604578495,16.666666604578495,16.666666604578495,16.666666604578495,16.666666604578495,16.666666604578495,16.666666604578495,16.666666604578495,16.666666604578495,16.666666604578495,16.666666604578495],"frameSamples":184,"intervalsOverOneAndHalfNominal":0,"nominalIntervalMilliseconds":16.666666604578495,"scenario":"live-hard-reveal-target-place-settle","timestampMaxMilliseconds":16.66666753590107,"timestampP50Milliseconds":16.666666604578495,"timestampP95Milliseconds":16.66666753590107}],"schemaVersion":1,"viewHosting":"Real app views in a visible UIKit UIHostingController with explicit active scene environment; SceneStorage uses default values. Real SwiftUI scene persistence and OS interruptions are covered separately by XCUITest."}
Test Case '-[PicPacPoeTests.PicPacPoePerformanceIntegrationTests testVisibleHomeMotionAndLiveHardTurnDisplayCadence]' passed (17.958 seconds).
Test Suite 'PicPacPoePerformanceIntegrationTests' passed at 2026-09-25 06:59:10.401.
	 Executed 2 tests, with 0 failures (0 unexpected) in 18.290 (18.290) seconds
Test Suite 'PicPacPoeTests.xctest' passed at 2026-09-25 06:59:10.402.
	 Executed 12 tests, with 0 failures (0 unexpected) in 18.344 (18.353) seconds
Test Suite 'All tests' passed at 2026-09-25 06:59:10.402.
	 Executed 12 tests, with 0 failures (0 unexpected) in 18.344 (18.353) seconds
2026-09-25 06:59:10.724 xcodebuild[18049:116155339]  IDETestOperationsObserverDebug: Failure collecting diagnostics from simulator: Process exited with error 72:
 xcrun: error: unable to find utility "simctl", not a developer tool or in PATH

2026-09-25 06:59:10.734 xcodebuild[18049:116155335] [MT] IDETestOperationsObserverDebug: 27.898 elapsed -- Testing started completed.
2026-09-25 06:59:10.734 xcodebuild[18049:116155335] [MT] IDETestOperationsObserverDebug: 0.000 sec, +0.000 sec -- start
2026-09-25 06:59:10.734 xcodebuild[18049:116155335] [MT] IDETestOperationsObserverDebug: 27.898 sec, +27.898 sec -- end

Test session results, code coverage, and logs:
	/tmp/picpac-phase3-post-layout-lifecycle-20260925/hosted.xcresult

** TEST SUCCEEDED **

Testing started
