Command line invocation:
    /Applications/Xcode.app/Contents/Developer/usr/bin/xcodebuild -project ios/PicPacPoe.xcodeproj -scheme PicPacPoe -configuration Test -destination "platform=iOS Simulator,id=97FAA70C-E2D7-4893-9D76-FE172A792433" -derivedDataPath /tmp/picpac-phase3-hosted-performance -resultBundlePath /tmp/picpac-phase3-hosted-performance.xcresult "-only-testing:PicPacPoeTests" CODE_SIGNING_ALLOWED=NO test

Build settings from command line:
    CODE_SIGNING_ALLOWED = NO

Resolve Package Graph


Resolved source packages:
  PicPacKit: /Users/bavabangaru/Developer/pic-pac-poe-ios-native-parity/ios/Packages/PicPacKit @ local

Writing result bundle at path:
	/tmp/picpac-phase3-hosted-performance.xcresult

ComputePackagePrebuildTargetDependencyGraph

Prepare packages

CreateBuildRequest

SendProjectDescription

CreateBuildOperation

ComputeTargetDependencyGraph
note: Building targets in dependency order
note: Target dependency graph (9 targets)
    Target 'PicPacPoeUITests' in project 'PicPacPoe'
        ➜ Explicit dependency on target 'PicPacPoe' in project 'PicPacPoe'
    Target 'PicPacPoeTests' in project 'PicPacPoe'
        ➜ Explicit dependency on target 'PicPacPoe' in project 'PicPacPoe'
        ➜ Explicit dependency on target 'PicPacPresentation' in project 'PicPacKit'
    Target 'PicPacPoe' in project 'PicPacPoe'
        ➜ Explicit dependency on target 'PicPacPresentation' in project 'PicPacKit'
        ➜ Explicit dependency on target 'PicPacAI' in project 'PicPacKit'
    Target 'PicPacAI' in project 'PicPacKit'
        ➜ Explicit dependency on target 'PicPacAI' in project 'PicPacKit'
        ➜ Explicit dependency on target 'PicPacKit_PicPacAI' in project 'PicPacKit'
        ➜ Explicit dependency on target 'PicPacCore' in project 'PicPacKit'
    Target 'PicPacAI' in project 'PicPacKit'
        ➜ Explicit dependency on target 'PicPacKit_PicPacAI' in project 'PicPacKit'
        ➜ Explicit dependency on target 'PicPacCore' in project 'PicPacKit'
    Target 'PicPacKit_PicPacAI' in project 'PicPacKit' (no dependencies)
    Target 'PicPacPresentation' in project 'PicPacKit'
        ➜ Explicit dependency on target 'PicPacPresentation' in project 'PicPacKit'
        ➜ Explicit dependency on target 'PicPacCore' in project 'PicPacKit'
    Target 'PicPacPresentation' in project 'PicPacKit'
        ➜ Explicit dependency on target 'PicPacCore' in project 'PicPacKit'
    Target 'PicPacCore' in project 'PicPacKit' (no dependencies)

GatherProvisioningInputs

CreateBuildDescription

ExecuteExternalTool /Applications/Xcode.app/Contents/Developer/Toolchains/XcodeDefault.xctoolchain/usr/bin/swiftc --version

ExecuteExternalTool /Applications/Xcode.app/Contents/Developer/Toolchains/XcodeDefault.xctoolchain/usr/bin/clang -v -E -dM -isysroot /Applications/Xcode.app/Contents/Developer/Platforms/iPhoneSimulator.platform/Developer/SDKs/iPhoneSimulator26.5.sdk -x c -c /dev/null

ExecuteExternalTool /Applications/Xcode.app/Contents/Developer/Toolchains/XcodeDefault.xctoolchain/usr/bin/ld -version_details

Build description signature: b7b5e95af52bf4906bb50cc02cad683a
Build description path: /tmp/picpac-phase3-hosted-performance/Build/Intermediates.noindex/XCBuildData/b7b5e95af52bf4906bb50cc02cad683a.xcbuilddata
CreateBuildDirectory /tmp/picpac-phase3-hosted-performance/Build/Products
    cd /Users/bavabangaru/Developer/pic-pac-poe-ios-native-parity/ios/PicPacPoe.xcodeproj
    builtin-create-build-directory /tmp/picpac-phase3-hosted-performance/Build/Products

ClangStatCache /Applications/Xcode.app/Contents/Developer/Toolchains/XcodeDefault.xctoolchain/usr/bin/clang-stat-cache /Applications/Xcode.app/Contents/Developer/Platforms/iPhoneSimulator.platform/Developer/SDKs/iPhoneSimulator26.5.sdk /tmp/picpac-phase3-hosted-performance/SDKStatCaches.noindex/iphonesimulator26.5-23F81a-6cfe768891a92b912361537c460fe42b.sdkstatcache
    cd /Users/bavabangaru/Developer/pic-pac-poe-ios-native-parity/ios/PicPacPoe.xcodeproj
    /Applications/Xcode.app/Contents/Developer/Toolchains/XcodeDefault.xctoolchain/usr/bin/clang-stat-cache /Applications/Xcode.app/Contents/Developer/Platforms/iPhoneSimulator.platform/Developer/SDKs/iPhoneSimulator26.5.sdk -o /tmp/picpac-phase3-hosted-performance/SDKStatCaches.noindex/iphonesimulator26.5-23F81a-6cfe768891a92b912361537c460fe42b.sdkstatcache

CreateBuildDirectory /tmp/picpac-phase3-hosted-performance/Build/Intermediates.noindex
    cd /Users/bavabangaru/Developer/pic-pac-poe-ios-native-parity/ios/PicPacPoe.xcodeproj
    builtin-create-build-directory /tmp/picpac-phase3-hosted-performance/Build/Intermediates.noindex

CreateBuildDirectory /tmp/picpac-phase3-hosted-performance/Build/Products/Test-iphonesimulator
    cd /Users/bavabangaru/Developer/pic-pac-poe-ios-native-parity/ios/PicPacPoe.xcodeproj
    builtin-create-build-directory /tmp/picpac-phase3-hosted-performance/Build/Products/Test-iphonesimulator

CreateBuildDirectory /tmp/picpac-phase3-hosted-performance/Build/Intermediates.noindex/ExplicitPrecompiledModules
    cd /Users/bavabangaru/Developer/pic-pac-poe-ios-native-parity/ios/PicPacPoe.xcodeproj
    builtin-create-build-directory /tmp/picpac-phase3-hosted-performance/Build/Intermediates.noindex/ExplicitPrecompiledModules

CreateBuildDirectory /tmp/picpac-phase3-hosted-performance/Build/Intermediates.noindex/SwiftExplicitPrecompiledModules
    cd /Users/bavabangaru/Developer/pic-pac-poe-ios-native-parity/ios/PicPacPoe.xcodeproj
    builtin-create-build-directory /tmp/picpac-phase3-hosted-performance/Build/Intermediates.noindex/SwiftExplicitPrecompiledModules

CreateBuildDirectory /tmp/picpac-phase3-hosted-performance/Build/Intermediates.noindex/EagerLinkingTBDs/Test-iphonesimulator
    cd /Users/bavabangaru/Developer/pic-pac-poe-ios-native-parity/ios/PicPacPoe.xcodeproj
    builtin-create-build-directory /tmp/picpac-phase3-hosted-performance/Build/Intermediates.noindex/EagerLinkingTBDs/Test-iphonesimulator

WriteAuxiliaryFile /tmp/picpac-phase3-hosted-performance/Build/Intermediates.noindex/PicPacPoe.build/Test-iphonesimulator/PicPacPoe-90eff2f9d9e8600d7e53134acd1cb833-VFS-iphonesimulator/all-product-headers.yaml
    cd /Users/bavabangaru/Developer/pic-pac-poe-ios-native-parity/ios/PicPacPoe.xcodeproj
    write-file /tmp/picpac-phase3-hosted-performance/Build/Intermediates.noindex/PicPacPoe.build/Test-iphonesimulator/PicPacPoe-90eff2f9d9e8600d7e53134acd1cb833-VFS-iphonesimulator/all-product-headers.yaml

CreateBuildDirectory /tmp/picpac-phase3-hosted-performance/Build/Products/Test-iphonesimulator/PackageFrameworks
    cd /Users/bavabangaru/Developer/pic-pac-poe-ios-native-parity/ios/PicPacPoe.xcodeproj
    builtin-create-build-directory /tmp/picpac-phase3-hosted-performance/Build/Products/Test-iphonesimulator/PackageFrameworks

WriteAuxiliaryFile /tmp/picpac-phase3-hosted-performance/Build/Intermediates.noindex/PicPacKit.build/Test-iphonesimulator/PicPacPresentation.build/PicPacPresentation.modulemap (in target 'PicPacPresentation' from project 'PicPacKit')
    cd /Users/bavabangaru/Developer/pic-pac-poe-ios-native-parity/ios/Packages/PicPacKit
    write-file /tmp/picpac-phase3-hosted-performance/Build/Intermediates.noindex/PicPacKit.build/Test-iphonesimulator/PicPacPresentation.build/PicPacPresentation.modulemap

WriteAuxiliaryFile /tmp/picpac-phase3-hosted-performance/Build/Intermediates.noindex/PicPacKit.build/Test-iphonesimulator/PicPacPresentation.build/PicPacPresentation.DependencyStaticMetadataFileList (in target 'PicPacPresentation' from project 'PicPacKit')
    cd /Users/bavabangaru/Developer/pic-pac-poe-ios-native-parity/ios/Packages/PicPacKit
    write-file /tmp/picpac-phase3-hosted-performance/Build/Intermediates.noindex/PicPacKit.build/Test-iphonesimulator/PicPacPresentation.build/PicPacPresentation.DependencyStaticMetadataFileList

WriteAuxiliaryFile /tmp/picpac-phase3-hosted-performance/Build/Intermediates.noindex/PicPacKit.build/Test-iphonesimulator/PicPacPresentation.build/PicPacPresentation.DependencyMetadataFileList (in target 'PicPacPresentation' from project 'PicPacKit')
    cd /Users/bavabangaru/Developer/pic-pac-poe-ios-native-parity/ios/Packages/PicPacKit
    write-file /tmp/picpac-phase3-hosted-performance/Build/Intermediates.noindex/PicPacKit.build/Test-iphonesimulator/PicPacPresentation.build/PicPacPresentation.DependencyMetadataFileList

WriteAuxiliaryFile /tmp/picpac-phase3-hosted-performance/Build/Intermediates.noindex/PicPacKit.build/Test-iphonesimulator/PicPacPresentation.build/Objects-normal/arm64/PicPacPresentation_const_extract_protocols.json (in target 'PicPacPresentation' from project 'PicPacKit')
    cd /Users/bavabangaru/Developer/pic-pac-poe-ios-native-parity/ios/Packages/PicPacKit
    write-file /tmp/picpac-phase3-hosted-performance/Build/Intermediates.noindex/PicPacKit.build/Test-iphonesimulator/PicPacPresentation.build/Objects-normal/arm64/PicPacPresentation_const_extract_protocols.json

WriteAuxiliaryFile /tmp/picpac-phase3-hosted-performance/Build/Intermediates.noindex/PicPacKit.build/Test-iphonesimulator/PicPacPresentation.build/Objects-normal/arm64/PicPacPresentation.SwiftFileList (in target 'PicPacPresentation' from project 'PicPacKit')
    cd /Users/bavabangaru/Developer/pic-pac-poe-ios-native-parity/ios/Packages/PicPacKit
    write-file /tmp/picpac-phase3-hosted-performance/Build/Intermediates.noindex/PicPacKit.build/Test-iphonesimulator/PicPacPresentation.build/Objects-normal/arm64/PicPacPresentation.SwiftFileList

WriteAuxiliaryFile /tmp/picpac-phase3-hosted-performance/Build/Intermediates.noindex/PicPacKit.build/Test-iphonesimulator/PicPacPresentation.build/Objects-normal/arm64/PicPacPresentation.SwiftConstValuesFileList (in target 'PicPacPresentation' from project 'PicPacKit')
    cd /Users/bavabangaru/Developer/pic-pac-poe-ios-native-parity/ios/Packages/PicPacKit
    write-file /tmp/picpac-phase3-hosted-performance/Build/Intermediates.noindex/PicPacKit.build/Test-iphonesimulator/PicPacPresentation.build/Objects-normal/arm64/PicPacPresentation.SwiftConstValuesFileList

WriteAuxiliaryFile /tmp/picpac-phase3-hosted-performance/Build/Intermediates.noindex/PicPacKit.build/Test-iphonesimulator/PicPacPresentation.build/Objects-normal/arm64/PicPacPresentation.LinkFileList (in target 'PicPacPresentation' from project 'PicPacKit')
    cd /Users/bavabangaru/Developer/pic-pac-poe-ios-native-parity/ios/Packages/PicPacKit
    write-file /tmp/picpac-phase3-hosted-performance/Build/Intermediates.noindex/PicPacKit.build/Test-iphonesimulator/PicPacPresentation.build/Objects-normal/arm64/PicPacPresentation.LinkFileList

WriteAuxiliaryFile /tmp/picpac-phase3-hosted-performance/Build/Intermediates.noindex/PicPacKit.build/Test-iphonesimulator/PicPacPresentation.build/Objects-normal/arm64/PicPacPresentation-OutputFileMap.json (in target 'PicPacPresentation' from project 'PicPacKit')
    cd /Users/bavabangaru/Developer/pic-pac-poe-ios-native-parity/ios/Packages/PicPacKit
    write-file /tmp/picpac-phase3-hosted-performance/Build/Intermediates.noindex/PicPacKit.build/Test-iphonesimulator/PicPacPresentation.build/Objects-normal/arm64/PicPacPresentation-OutputFileMap.json

WriteAuxiliaryFile /tmp/picpac-phase3-hosted-performance/Build/Intermediates.noindex/PicPacKit.build/Test-iphonesimulator/PicPacPresentation\ product.build/empty-PicPacPresentation_-6026B0FB22E351C2_PackageProduct.plist (in target 'PicPacPresentation' from project 'PicPacKit')
    cd /Users/bavabangaru/Developer/pic-pac-poe-ios-native-parity/ios/Packages/PicPacKit
    write-file /tmp/picpac-phase3-hosted-performance/Build/Intermediates.noindex/PicPacKit.build/Test-iphonesimulator/PicPacPresentation\ product.build/empty-PicPacPresentation_-6026B0FB22E351C2_PackageProduct.plist

WriteAuxiliaryFile /tmp/picpac-phase3-hosted-performance/Build/Intermediates.noindex/PicPacKit.build/Test-iphonesimulator/PicPacPresentation\ product.build/PicPacPresentation_-6026B0FB22E351C2_PackageProduct.DependencyStaticMetadataFileList (in target 'PicPacPresentation' from project 'PicPacKit')
    cd /Users/bavabangaru/Developer/pic-pac-poe-ios-native-parity/ios/Packages/PicPacKit
    write-file /tmp/picpac-phase3-hosted-performance/Build/Intermediates.noindex/PicPacKit.build/Test-iphonesimulator/PicPacPresentation\ product.build/PicPacPresentation_-6026B0FB22E351C2_PackageProduct.DependencyStaticMetadataFileList

WriteAuxiliaryFile /tmp/picpac-phase3-hosted-performance/Build/Intermediates.noindex/PicPacKit.build/Test-iphonesimulator/PicPacPresentation\ product.build/PicPacPresentation_-6026B0FB22E351C2_PackageProduct.DependencyMetadataFileList (in target 'PicPacPresentation' from project 'PicPacKit')
    cd /Users/bavabangaru/Developer/pic-pac-poe-ios-native-parity/ios/Packages/PicPacKit
    write-file /tmp/picpac-phase3-hosted-performance/Build/Intermediates.noindex/PicPacKit.build/Test-iphonesimulator/PicPacPresentation\ product.build/PicPacPresentation_-6026B0FB22E351C2_PackageProduct.DependencyMetadataFileList

WriteAuxiliaryFile /tmp/picpac-phase3-hosted-performance/Build/Intermediates.noindex/PicPacPoe.build/Test-iphonesimulator/PicPacPoeUITests.build/ProductTypeInfoPlistAdditions.plist (in target 'PicPacPoeUITests' from project 'PicPacPoe')
    cd /Users/bavabangaru/Developer/pic-pac-poe-ios-native-parity/ios
    write-file /tmp/picpac-phase3-hosted-performance/Build/Intermediates.noindex/PicPacPoe.build/Test-iphonesimulator/PicPacPoeUITests.build/ProductTypeInfoPlistAdditions.plist

WriteAuxiliaryFile /tmp/picpac-phase3-hosted-performance/Build/Intermediates.noindex/PicPacPoe.build/Test-iphonesimulator/PicPacPoeUITests.build/empty-PicPacPoeUITests.plist (in target 'PicPacPoeUITests' from project 'PicPacPoe')
    cd /Users/bavabangaru/Developer/pic-pac-poe-ios-native-parity/ios
    write-file /tmp/picpac-phase3-hosted-performance/Build/Intermediates.noindex/PicPacPoe.build/Test-iphonesimulator/PicPacPoeUITests.build/empty-PicPacPoeUITests.plist

WriteAuxiliaryFile /tmp/picpac-phase3-hosted-performance/Build/Intermediates.noindex/PicPacPoe.build/Test-iphonesimulator/PicPacPoeUITests.build/PicPacPoeUITests.hmap (in target 'PicPacPoeUITests' from project 'PicPacPoe')
    cd /Users/bavabangaru/Developer/pic-pac-poe-ios-native-parity/ios
    write-file /tmp/picpac-phase3-hosted-performance/Build/Intermediates.noindex/PicPacPoe.build/Test-iphonesimulator/PicPacPoeUITests.build/PicPacPoeUITests.hmap

WriteAuxiliaryFile /tmp/picpac-phase3-hosted-performance/Build/Intermediates.noindex/PicPacKit.build/Test-iphonesimulator/PicPacPresentation\ product.build/Objects-normal/arm64/PicPacPresentation_-6026B0FB22E351C2_PackageProduct.LinkFileList (in target 'PicPacPresentation' from project 'PicPacKit')
    cd /Users/bavabangaru/Developer/pic-pac-poe-ios-native-parity/ios/Packages/PicPacKit
    write-file /tmp/picpac-phase3-hosted-performance/Build/Intermediates.noindex/PicPacKit.build/Test-iphonesimulator/PicPacPresentation\ product.build/Objects-normal/arm64/PicPacPresentation_-6026B0FB22E351C2_PackageProduct.LinkFileList

Copy /tmp/picpac-phase3-hosted-performance/Build/Intermediates.noindex/GeneratedModuleMaps-iphonesimulator/PicPacPresentation.modulemap /tmp/picpac-phase3-hosted-performance/Build/Intermediates.noindex/PicPacKit.build/Test-iphonesimulator/PicPacPresentation.build/PicPacPresentation.modulemap (in target 'PicPacPresentation' from project 'PicPacKit')
    cd /Users/bavabangaru/Developer/pic-pac-poe-ios-native-parity/ios/Packages/PicPacKit
    builtin-copy -exclude .DS_Store -exclude CVS -exclude .svn -exclude .git -exclude .hg -strip-unsigned-binaries -strip-deterministic -strip-tool /Applications/Xcode.app/Contents/Developer/Toolchains/XcodeDefault.xctoolchain/usr/bin/strip -resolve-src-symlinks /tmp/picpac-phase3-hosted-performance/Build/Intermediates.noindex/PicPacKit.build/Test-iphonesimulator/PicPacPresentation.build/PicPacPresentation.modulemap /tmp/picpac-phase3-hosted-performance/Build/Intermediates.noindex/GeneratedModuleMaps-iphonesimulator

WriteAuxiliaryFile /tmp/picpac-phase3-hosted-performance/Build/Intermediates.noindex/PicPacPoe.build/Test-iphonesimulator/PicPacPoeUITests.build/PicPacPoeUITests.DependencyStaticMetadataFileList (in target 'PicPacPoeUITests' from project 'PicPacPoe')
    cd /Users/bavabangaru/Developer/pic-pac-poe-ios-native-parity/ios
    write-file /tmp/picpac-phase3-hosted-performance/Build/Intermediates.noindex/PicPacPoe.build/Test-iphonesimulator/PicPacPoeUITests.build/PicPacPoeUITests.DependencyStaticMetadataFileList

WriteAuxiliaryFile /tmp/picpac-phase3-hosted-performance/Build/Intermediates.noindex/PicPacPoe.build/Test-iphonesimulator/PicPacPoeUITests.build/PicPacPoeUITests.DependencyMetadataFileList (in target 'PicPacPoeUITests' from project 'PicPacPoe')
    cd /Users/bavabangaru/Developer/pic-pac-poe-ios-native-parity/ios
    write-file /tmp/picpac-phase3-hosted-performance/Build/Intermediates.noindex/PicPacPoe.build/Test-iphonesimulator/PicPacPoeUITests.build/PicPacPoeUITests.DependencyMetadataFileList

WriteAuxiliaryFile /tmp/picpac-phase3-hosted-performance/Build/Intermediates.noindex/PicPacPoe.build/Test-iphonesimulator/PicPacPoeUITests.build/PicPacPoeUITests-project-headers.hmap (in target 'PicPacPoeUITests' from project 'PicPacPoe')
    cd /Users/bavabangaru/Developer/pic-pac-poe-ios-native-parity/ios
    write-file /tmp/picpac-phase3-hosted-performance/Build/Intermediates.noindex/PicPacPoe.build/Test-iphonesimulator/PicPacPoeUITests.build/PicPacPoeUITests-project-headers.hmap

WriteAuxiliaryFile /tmp/picpac-phase3-hosted-performance/Build/Intermediates.noindex/PicPacPoe.build/Test-iphonesimulator/PicPacPoeUITests.build/PicPacPoeUITests-own-target-headers.hmap (in target 'PicPacPoeUITests' from project 'PicPacPoe')
    cd /Users/bavabangaru/Developer/pic-pac-poe-ios-native-parity/ios
    write-file /tmp/picpac-phase3-hosted-performance/Build/Intermediates.noindex/PicPacPoe.build/Test-iphonesimulator/PicPacPoeUITests.build/PicPacPoeUITests-own-target-headers.hmap

WriteAuxiliaryFile /tmp/picpac-phase3-hosted-performance/Build/Intermediates.noindex/PicPacPoe.build/Test-iphonesimulator/PicPacPoeUITests.build/PicPacPoeUITests-all-target-headers.hmap (in target 'PicPacPoeUITests' from project 'PicPacPoe')
    cd /Users/bavabangaru/Developer/pic-pac-poe-ios-native-parity/ios
    write-file /tmp/picpac-phase3-hosted-performance/Build/Intermediates.noindex/PicPacPoe.build/Test-iphonesimulator/PicPacPoeUITests.build/PicPacPoeUITests-all-target-headers.hmap

WriteAuxiliaryFile /tmp/picpac-phase3-hosted-performance/Build/Intermediates.noindex/PicPacPoe.build/Test-iphonesimulator/PicPacPoeUITests.build/PicPacPoeUITests-generated-files.hmap (in target 'PicPacPoeUITests' from project 'PicPacPoe')
    cd /Users/bavabangaru/Developer/pic-pac-poe-ios-native-parity/ios
    write-file /tmp/picpac-phase3-hosted-performance/Build/Intermediates.noindex/PicPacPoe.build/Test-iphonesimulator/PicPacPoeUITests.build/PicPacPoeUITests-generated-files.hmap

WriteAuxiliaryFile /tmp/picpac-phase3-hosted-performance/Build/Intermediates.noindex/PicPacPoe.build/Test-iphonesimulator/PicPacPoeUITests.build/Objects-normal/arm64/PicPacPoeUITests.SwiftFileList (in target 'PicPacPoeUITests' from project 'PicPacPoe')
    cd /Users/bavabangaru/Developer/pic-pac-poe-ios-native-parity/ios
    write-file /tmp/picpac-phase3-hosted-performance/Build/Intermediates.noindex/PicPacPoe.build/Test-iphonesimulator/PicPacPoeUITests.build/Objects-normal/arm64/PicPacPoeUITests.SwiftFileList

WriteAuxiliaryFile /tmp/picpac-phase3-hosted-performance/Build/Intermediates.noindex/PicPacPoe.build/Test-iphonesimulator/PicPacPoeUITests.build/PicPacPoeUITests-all-non-framework-target-headers.hmap (in target 'PicPacPoeUITests' from project 'PicPacPoe')
    cd /Users/bavabangaru/Developer/pic-pac-poe-ios-native-parity/ios
    write-file /tmp/picpac-phase3-hosted-performance/Build/Intermediates.noindex/PicPacPoe.build/Test-iphonesimulator/PicPacPoeUITests.build/PicPacPoeUITests-all-non-framework-target-headers.hmap

WriteAuxiliaryFile /tmp/picpac-phase3-hosted-performance/Build/Intermediates.noindex/PicPacPoe.build/Test-iphonesimulator/PicPacPoeUITests.build/Objects-normal/arm64/PicPacPoeUITests_const_extract_protocols.json (in target 'PicPacPoeUITests' from project 'PicPacPoe')
    cd /Users/bavabangaru/Developer/pic-pac-poe-ios-native-parity/ios
    write-file /tmp/picpac-phase3-hosted-performance/Build/Intermediates.noindex/PicPacPoe.build/Test-iphonesimulator/PicPacPoeUITests.build/Objects-normal/arm64/PicPacPoeUITests_const_extract_protocols.json

WriteAuxiliaryFile /tmp/picpac-phase3-hosted-performance/Build/Intermediates.noindex/PicPacPoe.build/Test-iphonesimulator/PicPacPoeUITests.build/Objects-normal/arm64/PicPacPoeUITests.SwiftConstValuesFileList (in target 'PicPacPoeUITests' from project 'PicPacPoe')
    cd /Users/bavabangaru/Developer/pic-pac-poe-ios-native-parity/ios
    write-file /tmp/picpac-phase3-hosted-performance/Build/Intermediates.noindex/PicPacPoe.build/Test-iphonesimulator/PicPacPoeUITests.build/Objects-normal/arm64/PicPacPoeUITests.SwiftConstValuesFileList

WriteAuxiliaryFile /tmp/picpac-phase3-hosted-performance/Build/Intermediates.noindex/PicPacPoe.build/Test-iphonesimulator/PicPacPoeUITests.build/Objects-normal/arm64/PicPacPoeUITests-OutputFileMap.json (in target 'PicPacPoeUITests' from project 'PicPacPoe')
    cd /Users/bavabangaru/Developer/pic-pac-poe-ios-native-parity/ios
    write-file /tmp/picpac-phase3-hosted-performance/Build/Intermediates.noindex/PicPacPoe.build/Test-iphonesimulator/PicPacPoeUITests.build/Objects-normal/arm64/PicPacPoeUITests-OutputFileMap.json

WriteAuxiliaryFile /tmp/picpac-phase3-hosted-performance/Build/Intermediates.noindex/PicPacPoe.build/Test-iphonesimulator/PicPacPoeUITests.build/Objects-normal/arm64/PicPacPoeUITests.LinkFileList (in target 'PicPacPoeUITests' from project 'PicPacPoe')
    cd /Users/bavabangaru/Developer/pic-pac-poe-ios-native-parity/ios
    write-file /tmp/picpac-phase3-hosted-performance/Build/Intermediates.noindex/PicPacPoe.build/Test-iphonesimulator/PicPacPoeUITests.build/Objects-normal/arm64/PicPacPoeUITests.LinkFileList

WriteAuxiliaryFile /tmp/picpac-phase3-hosted-performance/Build/Intermediates.noindex/PicPacPoe.build/Test-iphonesimulator/PicPacPoeTests.build/empty-PicPacPoeTests.plist (in target 'PicPacPoeTests' from project 'PicPacPoe')
    cd /Users/bavabangaru/Developer/pic-pac-poe-ios-native-parity/ios
    write-file /tmp/picpac-phase3-hosted-performance/Build/Intermediates.noindex/PicPacPoe.build/Test-iphonesimulator/PicPacPoeTests.build/empty-PicPacPoeTests.plist

WriteAuxiliaryFile /tmp/picpac-phase3-hosted-performance/Build/Intermediates.noindex/PicPacPoe.build/Test-iphonesimulator/PicPacPoeTests.build/PicPacPoeTests.hmap (in target 'PicPacPoeTests' from project 'PicPacPoe')
    cd /Users/bavabangaru/Developer/pic-pac-poe-ios-native-parity/ios
    write-file /tmp/picpac-phase3-hosted-performance/Build/Intermediates.noindex/PicPacPoe.build/Test-iphonesimulator/PicPacPoeTests.build/PicPacPoeTests.hmap

WriteAuxiliaryFile /tmp/picpac-phase3-hosted-performance/Build/Intermediates.noindex/PicPacPoe.build/Test-iphonesimulator/PicPacPoeTests.build/PicPacPoeTests.DependencyStaticMetadataFileList (in target 'PicPacPoeTests' from project 'PicPacPoe')
    cd /Users/bavabangaru/Developer/pic-pac-poe-ios-native-parity/ios
    write-file /tmp/picpac-phase3-hosted-performance/Build/Intermediates.noindex/PicPacPoe.build/Test-iphonesimulator/PicPacPoeTests.build/PicPacPoeTests.DependencyStaticMetadataFileList

WriteAuxiliaryFile /tmp/picpac-phase3-hosted-performance/Build/Intermediates.noindex/PicPacPoe.build/Test-iphonesimulator/PicPacPoeTests.build/PicPacPoeTests.DependencyMetadataFileList (in target 'PicPacPoeTests' from project 'PicPacPoe')
    cd /Users/bavabangaru/Developer/pic-pac-poe-ios-native-parity/ios
    write-file /tmp/picpac-phase3-hosted-performance/Build/Intermediates.noindex/PicPacPoe.build/Test-iphonesimulator/PicPacPoeTests.build/PicPacPoeTests.DependencyMetadataFileList

WriteAuxiliaryFile /tmp/picpac-phase3-hosted-performance/Build/Intermediates.noindex/PicPacPoe.build/Test-iphonesimulator/PicPacPoeTests.build/PicPacPoeTests-project-headers.hmap (in target 'PicPacPoeTests' from project 'PicPacPoe')
    cd /Users/bavabangaru/Developer/pic-pac-poe-ios-native-parity/ios
    write-file /tmp/picpac-phase3-hosted-performance/Build/Intermediates.noindex/PicPacPoe.build/Test-iphonesimulator/PicPacPoeTests.build/PicPacPoeTests-project-headers.hmap

WriteAuxiliaryFile /tmp/picpac-phase3-hosted-performance/Build/Intermediates.noindex/PicPacPoe.build/Test-iphonesimulator/PicPacPoeTests.build/PicPacPoeTests-own-target-headers.hmap (in target 'PicPacPoeTests' from project 'PicPacPoe')
    cd /Users/bavabangaru/Developer/pic-pac-poe-ios-native-parity/ios
    write-file /tmp/picpac-phase3-hosted-performance/Build/Intermediates.noindex/PicPacPoe.build/Test-iphonesimulator/PicPacPoeTests.build/PicPacPoeTests-own-target-headers.hmap

WriteAuxiliaryFile /tmp/picpac-phase3-hosted-performance/Build/Intermediates.noindex/PicPacPoe.build/Test-iphonesimulator/PicPacPoeTests.build/PicPacPoeTests-all-non-framework-target-headers.hmap (in target 'PicPacPoeTests' from project 'PicPacPoe')
    cd /Users/bavabangaru/Developer/pic-pac-poe-ios-native-parity/ios
    write-file /tmp/picpac-phase3-hosted-performance/Build/Intermediates.noindex/PicPacPoe.build/Test-iphonesimulator/PicPacPoeTests.build/PicPacPoeTests-all-non-framework-target-headers.hmap

WriteAuxiliaryFile /tmp/picpac-phase3-hosted-performance/Build/Intermediates.noindex/PicPacPoe.build/Test-iphonesimulator/PicPacPoeTests.build/PicPacPoeTests-generated-files.hmap (in target 'PicPacPoeTests' from project 'PicPacPoe')
    cd /Users/bavabangaru/Developer/pic-pac-poe-ios-native-parity/ios
    write-file /tmp/picpac-phase3-hosted-performance/Build/Intermediates.noindex/PicPacPoe.build/Test-iphonesimulator/PicPacPoeTests.build/PicPacPoeTests-generated-files.hmap

WriteAuxiliaryFile /tmp/picpac-phase3-hosted-performance/Build/Intermediates.noindex/PicPacPoe.build/Test-iphonesimulator/PicPacPoeTests.build/PicPacPoeTests-all-target-headers.hmap (in target 'PicPacPoeTests' from project 'PicPacPoe')
    cd /Users/bavabangaru/Developer/pic-pac-poe-ios-native-parity/ios
    write-file /tmp/picpac-phase3-hosted-performance/Build/Intermediates.noindex/PicPacPoe.build/Test-iphonesimulator/PicPacPoeTests.build/PicPacPoeTests-all-target-headers.hmap

WriteAuxiliaryFile /tmp/picpac-phase3-hosted-performance/Build/Intermediates.noindex/PicPacPoe.build/Test-iphonesimulator/PicPacPoeTests.build/Objects-normal/arm64/PicPacPoeTests_const_extract_protocols.json (in target 'PicPacPoeTests' from project 'PicPacPoe')
    cd /Users/bavabangaru/Developer/pic-pac-poe-ios-native-parity/ios
    write-file /tmp/picpac-phase3-hosted-performance/Build/Intermediates.noindex/PicPacPoe.build/Test-iphonesimulator/PicPacPoeTests.build/Objects-normal/arm64/PicPacPoeTests_const_extract_protocols.json

WriteAuxiliaryFile /tmp/picpac-phase3-hosted-performance/Build/Intermediates.noindex/PicPacPoe.build/Test-iphonesimulator/PicPacPoeTests.build/Objects-normal/arm64/PicPacPoeTests.SwiftFileList (in target 'PicPacPoeTests' from project 'PicPacPoe')
    cd /Users/bavabangaru/Developer/pic-pac-poe-ios-native-parity/ios
    write-file /tmp/picpac-phase3-hosted-performance/Build/Intermediates.noindex/PicPacPoe.build/Test-iphonesimulator/PicPacPoeTests.build/Objects-normal/arm64/PicPacPoeTests.SwiftFileList

WriteAuxiliaryFile /tmp/picpac-phase3-hosted-performance/Build/Intermediates.noindex/PicPacPoe.build/Test-iphonesimulator/PicPacPoeTests.build/Objects-normal/arm64/PicPacPoeTests.SwiftConstValuesFileList (in target 'PicPacPoeTests' from project 'PicPacPoe')
    cd /Users/bavabangaru/Developer/pic-pac-poe-ios-native-parity/ios
    write-file /tmp/picpac-phase3-hosted-performance/Build/Intermediates.noindex/PicPacPoe.build/Test-iphonesimulator/PicPacPoeTests.build/Objects-normal/arm64/PicPacPoeTests.SwiftConstValuesFileList

WriteAuxiliaryFile /tmp/picpac-phase3-hosted-performance/Build/Intermediates.noindex/PicPacPoe.build/Test-iphonesimulator/PicPacPoeTests.build/Objects-normal/arm64/PicPacPoeTests.LinkFileList (in target 'PicPacPoeTests' from project 'PicPacPoe')
    cd /Users/bavabangaru/Developer/pic-pac-poe-ios-native-parity/ios
    write-file /tmp/picpac-phase3-hosted-performance/Build/Intermediates.noindex/PicPacPoe.build/Test-iphonesimulator/PicPacPoeTests.build/Objects-normal/arm64/PicPacPoeTests.LinkFileList

WriteAuxiliaryFile /tmp/picpac-phase3-hosted-performance/Build/Intermediates.noindex/PicPacPoe.build/Test-iphonesimulator/PicPacPoeTests.build/Objects-normal/arm64/PicPacPoeTests-OutputFileMap.json (in target 'PicPacPoeTests' from project 'PicPacPoe')
    cd /Users/bavabangaru/Developer/pic-pac-poe-ios-native-parity/ios
    write-file /tmp/picpac-phase3-hosted-performance/Build/Intermediates.noindex/PicPacPoe.build/Test-iphonesimulator/PicPacPoeTests.build/Objects-normal/arm64/PicPacPoeTests-OutputFileMap.json

WriteAuxiliaryFile /tmp/picpac-phase3-hosted-performance/Build/Intermediates.noindex/PicPacPoe.build/Test-iphonesimulator/PicPacPoe.build/PicPacPoe.hmap (in target 'PicPacPoe' from project 'PicPacPoe')
    cd /Users/bavabangaru/Developer/pic-pac-poe-ios-native-parity/ios
    write-file /tmp/picpac-phase3-hosted-performance/Build/Intermediates.noindex/PicPacPoe.build/Test-iphonesimulator/PicPacPoe.build/PicPacPoe.hmap

WriteAuxiliaryFile /tmp/picpac-phase3-hosted-performance/Build/Intermediates.noindex/PicPacPoe.build/Test-iphonesimulator/PicPacPoe.build/PicPacPoe.DependencyStaticMetadataFileList (in target 'PicPacPoe' from project 'PicPacPoe')
    cd /Users/bavabangaru/Developer/pic-pac-poe-ios-native-parity/ios
    write-file /tmp/picpac-phase3-hosted-performance/Build/Intermediates.noindex/PicPacPoe.build/Test-iphonesimulator/PicPacPoe.build/PicPacPoe.DependencyStaticMetadataFileList

WriteAuxiliaryFile /tmp/picpac-phase3-hosted-performance/Build/Intermediates.noindex/PicPacPoe.build/Test-iphonesimulator/PicPacPoe.build/PicPacPoe.DependencyMetadataFileList (in target 'PicPacPoe' from project 'PicPacPoe')
    cd /Users/bavabangaru/Developer/pic-pac-poe-ios-native-parity/ios
    write-file /tmp/picpac-phase3-hosted-performance/Build/Intermediates.noindex/PicPacPoe.build/Test-iphonesimulator/PicPacPoe.build/PicPacPoe.DependencyMetadataFileList

WriteAuxiliaryFile /tmp/picpac-phase3-hosted-performance/Build/Intermediates.noindex/PicPacPoe.build/Test-iphonesimulator/PicPacPoe.build/PicPacPoe-project-headers.hmap (in target 'PicPacPoe' from project 'PicPacPoe')
    cd /Users/bavabangaru/Developer/pic-pac-poe-ios-native-parity/ios
    write-file /tmp/picpac-phase3-hosted-performance/Build/Intermediates.noindex/PicPacPoe.build/Test-iphonesimulator/PicPacPoe.build/PicPacPoe-project-headers.hmap

WriteAuxiliaryFile /tmp/picpac-phase3-hosted-performance/Build/Intermediates.noindex/PicPacPoe.build/Test-iphonesimulator/PicPacPoe.build/PicPacPoe-own-target-headers.hmap (in target 'PicPacPoe' from project 'PicPacPoe')
    cd /Users/bavabangaru/Developer/pic-pac-poe-ios-native-parity/ios
    write-file /tmp/picpac-phase3-hosted-performance/Build/Intermediates.noindex/PicPacPoe.build/Test-iphonesimulator/PicPacPoe.build/PicPacPoe-own-target-headers.hmap

WriteAuxiliaryFile /tmp/picpac-phase3-hosted-performance/Build/Intermediates.noindex/PicPacPoe.build/Test-iphonesimulator/PicPacPoe.build/PicPacPoe-generated-files.hmap (in target 'PicPacPoe' from project 'PicPacPoe')
    cd /Users/bavabangaru/Developer/pic-pac-poe-ios-native-parity/ios
    write-file /tmp/picpac-phase3-hosted-performance/Build/Intermediates.noindex/PicPacPoe.build/Test-iphonesimulator/PicPacPoe.build/PicPacPoe-generated-files.hmap

WriteAuxiliaryFile /tmp/picpac-phase3-hosted-performance/Build/Intermediates.noindex/PicPacPoe.build/Test-iphonesimulator/PicPacPoe.build/PicPacPoe-all-target-headers.hmap (in target 'PicPacPoe' from project 'PicPacPoe')
    cd /Users/bavabangaru/Developer/pic-pac-poe-ios-native-parity/ios
    write-file /tmp/picpac-phase3-hosted-performance/Build/Intermediates.noindex/PicPacPoe.build/Test-iphonesimulator/PicPacPoe.build/PicPacPoe-all-target-headers.hmap

WriteAuxiliaryFile /tmp/picpac-phase3-hosted-performance/Build/Intermediates.noindex/PicPacPoe.build/Test-iphonesimulator/PicPacPoe.build/PicPacPoe-all-non-framework-target-headers.hmap (in target 'PicPacPoe' from project 'PicPacPoe')
    cd /Users/bavabangaru/Developer/pic-pac-poe-ios-native-parity/ios
    write-file /tmp/picpac-phase3-hosted-performance/Build/Intermediates.noindex/PicPacPoe.build/Test-iphonesimulator/PicPacPoe.build/PicPacPoe-all-non-framework-target-headers.hmap

WriteAuxiliaryFile /tmp/picpac-phase3-hosted-performance/Build/Intermediates.noindex/PicPacPoe.build/Test-iphonesimulator/PicPacPoe.build/PicPacPoe-DebugDylibPath-normal-arm64.txt (in target 'PicPacPoe' from project 'PicPacPoe')
    cd /Users/bavabangaru/Developer/pic-pac-poe-ios-native-parity/ios
    write-file /tmp/picpac-phase3-hosted-performance/Build/Intermediates.noindex/PicPacPoe.build/Test-iphonesimulator/PicPacPoe.build/PicPacPoe-DebugDylibPath-normal-arm64.txt

WriteAuxiliaryFile /tmp/picpac-phase3-hosted-performance/Build/Intermediates.noindex/PicPacPoe.build/Test-iphonesimulator/PicPacPoe.build/PicPacPoe-DebugDylibInstallName-normal-arm64.txt (in target 'PicPacPoe' from project 'PicPacPoe')
    cd /Users/bavabangaru/Developer/pic-pac-poe-ios-native-parity/ios
    write-file /tmp/picpac-phase3-hosted-performance/Build/Intermediates.noindex/PicPacPoe.build/Test-iphonesimulator/PicPacPoe.build/PicPacPoe-DebugDylibInstallName-normal-arm64.txt

WriteAuxiliaryFile /tmp/picpac-phase3-hosted-performance/Build/Intermediates.noindex/PicPacPoe.build/Test-iphonesimulator/PicPacPoe.build/Objects-normal/arm64/PicPacPoe_const_extract_protocols.json (in target 'PicPacPoe' from project 'PicPacPoe')
    cd /Users/bavabangaru/Developer/pic-pac-poe-ios-native-parity/ios
    write-file /tmp/picpac-phase3-hosted-performance/Build/Intermediates.noindex/PicPacPoe.build/Test-iphonesimulator/PicPacPoe.build/Objects-normal/arm64/PicPacPoe_const_extract_protocols.json

WriteAuxiliaryFile /tmp/picpac-phase3-hosted-performance/Build/Intermediates.noindex/PicPacPoe.build/Test-iphonesimulator/PicPacPoe.build/Objects-normal/arm64/PicPacPoe.SwiftFileList (in target 'PicPacPoe' from project 'PicPacPoe')
    cd /Users/bavabangaru/Developer/pic-pac-poe-ios-native-parity/ios
    write-file /tmp/picpac-phase3-hosted-performance/Build/Intermediates.noindex/PicPacPoe.build/Test-iphonesimulator/PicPacPoe.build/Objects-normal/arm64/PicPacPoe.SwiftFileList

WriteAuxiliaryFile /tmp/picpac-phase3-hosted-performance/Build/Intermediates.noindex/PicPacPoe.build/Test-iphonesimulator/PicPacPoe.build/Objects-normal/arm64/PicPacPoe.SwiftConstValuesFileList (in target 'PicPacPoe' from project 'PicPacPoe')
    cd /Users/bavabangaru/Developer/pic-pac-poe-ios-native-parity/ios
    write-file /tmp/picpac-phase3-hosted-performance/Build/Intermediates.noindex/PicPacPoe.build/Test-iphonesimulator/PicPacPoe.build/Objects-normal/arm64/PicPacPoe.SwiftConstValuesFileList

WriteAuxiliaryFile /tmp/picpac-phase3-hosted-performance/Build/Intermediates.noindex/PicPacPoe.build/Test-iphonesimulator/PicPacPoe.build/Objects-normal/arm64/PicPacPoe.LinkFileList (in target 'PicPacPoe' from project 'PicPacPoe')
    cd /Users/bavabangaru/Developer/pic-pac-poe-ios-native-parity/ios
    write-file /tmp/picpac-phase3-hosted-performance/Build/Intermediates.noindex/PicPacPoe.build/Test-iphonesimulator/PicPacPoe.build/Objects-normal/arm64/PicPacPoe.LinkFileList

WriteAuxiliaryFile /tmp/picpac-phase3-hosted-performance/Build/Intermediates.noindex/PicPacPoe.build/Test-iphonesimulator/PicPacPoe.build/Objects-normal/arm64/PicPacPoe-OutputFileMap.json (in target 'PicPacPoe' from project 'PicPacPoe')
    cd /Users/bavabangaru/Developer/pic-pac-poe-ios-native-parity/ios
    write-file /tmp/picpac-phase3-hosted-performance/Build/Intermediates.noindex/PicPacPoe.build/Test-iphonesimulator/PicPacPoe.build/Objects-normal/arm64/PicPacPoe-OutputFileMap.json

WriteAuxiliaryFile /tmp/picpac-phase3-hosted-performance/Build/Intermediates.noindex/PicPacKit.build/Test-iphonesimulator/PicPacKit_PicPacAI.build/empty-PicPacKit_PicPacAI.plist (in target 'PicPacKit_PicPacAI' from project 'PicPacKit')
    cd /Users/bavabangaru/Developer/pic-pac-poe-ios-native-parity/ios/Packages/PicPacKit
    write-file /tmp/picpac-phase3-hosted-performance/Build/Intermediates.noindex/PicPacKit.build/Test-iphonesimulator/PicPacKit_PicPacAI.build/empty-PicPacKit_PicPacAI.plist

WriteAuxiliaryFile /tmp/picpac-phase3-hosted-performance/Build/Intermediates.noindex/PicPacKit.build/Test-iphonesimulator/PicPacKit_PicPacAI.build/PicPacKit_PicPacAI.DependencyStaticMetadataFileList (in target 'PicPacKit_PicPacAI' from project 'PicPacKit')
    cd /Users/bavabangaru/Developer/pic-pac-poe-ios-native-parity/ios/Packages/PicPacKit
    write-file /tmp/picpac-phase3-hosted-performance/Build/Intermediates.noindex/PicPacKit.build/Test-iphonesimulator/PicPacKit_PicPacAI.build/PicPacKit_PicPacAI.DependencyStaticMetadataFileList

WriteAuxiliaryFile /tmp/picpac-phase3-hosted-performance/Build/Intermediates.noindex/PicPacKit.build/Test-iphonesimulator/PicPacKit_PicPacAI.build/PicPacKit_PicPacAI.DependencyMetadataFileList (in target 'PicPacKit_PicPacAI' from project 'PicPacKit')
    cd /Users/bavabangaru/Developer/pic-pac-poe-ios-native-parity/ios/Packages/PicPacKit
    write-file /tmp/picpac-phase3-hosted-performance/Build/Intermediates.noindex/PicPacKit.build/Test-iphonesimulator/PicPacKit_PicPacAI.build/PicPacKit_PicPacAI.DependencyMetadataFileList

WriteAuxiliaryFile /tmp/picpac-phase3-hosted-performance/Build/Intermediates.noindex/PicPacKit.build/Test-iphonesimulator/PicPacCore.build/PicPacCore.modulemap (in target 'PicPacCore' from project 'PicPacKit')
    cd /Users/bavabangaru/Developer/pic-pac-poe-ios-native-parity/ios/Packages/PicPacKit
    write-file /tmp/picpac-phase3-hosted-performance/Build/Intermediates.noindex/PicPacKit.build/Test-iphonesimulator/PicPacCore.build/PicPacCore.modulemap

WriteAuxiliaryFile /tmp/picpac-phase3-hosted-performance/Build/Intermediates.noindex/PicPacKit.build/Test-iphonesimulator/PicPacCore.build/PicPacCore.DependencyStaticMetadataFileList (in target 'PicPacCore' from project 'PicPacKit')
    cd /Users/bavabangaru/Developer/pic-pac-poe-ios-native-parity/ios/Packages/PicPacKit
    write-file /tmp/picpac-phase3-hosted-performance/Build/Intermediates.noindex/PicPacKit.build/Test-iphonesimulator/PicPacCore.build/PicPacCore.DependencyStaticMetadataFileList

WriteAuxiliaryFile /tmp/picpac-phase3-hosted-performance/Build/Intermediates.noindex/PicPacKit.build/Test-iphonesimulator/PicPacCore.build/PicPacCore.DependencyMetadataFileList (in target 'PicPacCore' from project 'PicPacKit')
    cd /Users/bavabangaru/Developer/pic-pac-poe-ios-native-parity/ios/Packages/PicPacKit
    write-file /tmp/picpac-phase3-hosted-performance/Build/Intermediates.noindex/PicPacKit.build/Test-iphonesimulator/PicPacCore.build/PicPacCore.DependencyMetadataFileList

WriteAuxiliaryFile /tmp/picpac-phase3-hosted-performance/Build/Intermediates.noindex/PicPacKit.build/Test-iphonesimulator/PicPacCore.build/Objects-normal/arm64/PicPacCore_const_extract_protocols.json (in target 'PicPacCore' from project 'PicPacKit')
    cd /Users/bavabangaru/Developer/pic-pac-poe-ios-native-parity/ios/Packages/PicPacKit
    write-file /tmp/picpac-phase3-hosted-performance/Build/Intermediates.noindex/PicPacKit.build/Test-iphonesimulator/PicPacCore.build/Objects-normal/arm64/PicPacCore_const_extract_protocols.json

WriteAuxiliaryFile /tmp/picpac-phase3-hosted-performance/Build/Intermediates.noindex/PicPacKit.build/Test-iphonesimulator/PicPacCore.build/Objects-normal/arm64/PicPacCore.SwiftFileList (in target 'PicPacCore' from project 'PicPacKit')
    cd /Users/bavabangaru/Developer/pic-pac-poe-ios-native-parity/ios/Packages/PicPacKit
    write-file /tmp/picpac-phase3-hosted-performance/Build/Intermediates.noindex/PicPacKit.build/Test-iphonesimulator/PicPacCore.build/Objects-normal/arm64/PicPacCore.SwiftFileList

WriteAuxiliaryFile /tmp/picpac-phase3-hosted-performance/Build/Intermediates.noindex/PicPacKit.build/Test-iphonesimulator/PicPacCore.build/Objects-normal/arm64/PicPacCore.SwiftConstValuesFileList (in target 'PicPacCore' from project 'PicPacKit')
    cd /Users/bavabangaru/Developer/pic-pac-poe-ios-native-parity/ios/Packages/PicPacKit
    write-file /tmp/picpac-phase3-hosted-performance/Build/Intermediates.noindex/PicPacKit.build/Test-iphonesimulator/PicPacCore.build/Objects-normal/arm64/PicPacCore.SwiftConstValuesFileList

WriteAuxiliaryFile /tmp/picpac-phase3-hosted-performance/Build/Intermediates.noindex/PicPacKit.build/Test-iphonesimulator/PicPacCore.build/Objects-normal/arm64/PicPacCore.LinkFileList (in target 'PicPacCore' from project 'PicPacKit')
    cd /Users/bavabangaru/Developer/pic-pac-poe-ios-native-parity/ios/Packages/PicPacKit
    write-file /tmp/picpac-phase3-hosted-performance/Build/Intermediates.noindex/PicPacKit.build/Test-iphonesimulator/PicPacCore.build/Objects-normal/arm64/PicPacCore.LinkFileList

WriteAuxiliaryFile /tmp/picpac-phase3-hosted-performance/Build/Intermediates.noindex/PicPacKit.build/Test-iphonesimulator/PicPacCore.build/Objects-normal/arm64/PicPacCore-OutputFileMap.json (in target 'PicPacCore' from project 'PicPacKit')
    cd /Users/bavabangaru/Developer/pic-pac-poe-ios-native-parity/ios/Packages/PicPacKit
    write-file /tmp/picpac-phase3-hosted-performance/Build/Intermediates.noindex/PicPacKit.build/Test-iphonesimulator/PicPacCore.build/Objects-normal/arm64/PicPacCore-OutputFileMap.json

WriteAuxiliaryFile /tmp/picpac-phase3-hosted-performance/Build/Intermediates.noindex/PicPacKit.build/Test-iphonesimulator/PicPacAI.build/PicPacAI.modulemap (in target 'PicPacAI' from project 'PicPacKit')
    cd /Users/bavabangaru/Developer/pic-pac-poe-ios-native-parity/ios/Packages/PicPacKit
    write-file /tmp/picpac-phase3-hosted-performance/Build/Intermediates.noindex/PicPacKit.build/Test-iphonesimulator/PicPacAI.build/PicPacAI.modulemap

Copy /tmp/picpac-phase3-hosted-performance/Build/Intermediates.noindex/GeneratedModuleMaps-iphonesimulator/PicPacCore.modulemap /tmp/picpac-phase3-hosted-performance/Build/Intermediates.noindex/PicPacKit.build/Test-iphonesimulator/PicPacCore.build/PicPacCore.modulemap (in target 'PicPacCore' from project 'PicPacKit')
    cd /Users/bavabangaru/Developer/pic-pac-poe-ios-native-parity/ios/Packages/PicPacKit
    builtin-copy -exclude .DS_Store -exclude CVS -exclude .svn -exclude .git -exclude .hg -strip-unsigned-binaries -strip-deterministic -strip-tool /Applications/Xcode.app/Contents/Developer/Toolchains/XcodeDefault.xctoolchain/usr/bin/strip -resolve-src-symlinks /tmp/picpac-phase3-hosted-performance/Build/Intermediates.noindex/PicPacKit.build/Test-iphonesimulator/PicPacCore.build/PicPacCore.modulemap /tmp/picpac-phase3-hosted-performance/Build/Intermediates.noindex/GeneratedModuleMaps-iphonesimulator

WriteAuxiliaryFile /tmp/picpac-phase3-hosted-performance/Build/Intermediates.noindex/PicPacKit.build/Test-iphonesimulator/PicPacAI.build/PicPacAI.DependencyStaticMetadataFileList (in target 'PicPacAI' from project 'PicPacKit')
    cd /Users/bavabangaru/Developer/pic-pac-poe-ios-native-parity/ios/Packages/PicPacKit
    write-file /tmp/picpac-phase3-hosted-performance/Build/Intermediates.noindex/PicPacKit.build/Test-iphonesimulator/PicPacAI.build/PicPacAI.DependencyStaticMetadataFileList

WriteAuxiliaryFile /tmp/picpac-phase3-hosted-performance/Build/Intermediates.noindex/PicPacKit.build/Test-iphonesimulator/PicPacAI.build/PicPacAI.DependencyMetadataFileList (in target 'PicPacAI' from project 'PicPacKit')
    cd /Users/bavabangaru/Developer/pic-pac-poe-ios-native-parity/ios/Packages/PicPacKit
    write-file /tmp/picpac-phase3-hosted-performance/Build/Intermediates.noindex/PicPacKit.build/Test-iphonesimulator/PicPacAI.build/PicPacAI.DependencyMetadataFileList

WriteAuxiliaryFile /tmp/picpac-phase3-hosted-performance/Build/Intermediates.noindex/PicPacKit.build/Test-iphonesimulator/PicPacAI.build/Objects-normal/arm64/PicPacAI_const_extract_protocols.json (in target 'PicPacAI' from project 'PicPacKit')
    cd /Users/bavabangaru/Developer/pic-pac-poe-ios-native-parity/ios/Packages/PicPacKit
    write-file /tmp/picpac-phase3-hosted-performance/Build/Intermediates.noindex/PicPacKit.build/Test-iphonesimulator/PicPacAI.build/Objects-normal/arm64/PicPacAI_const_extract_protocols.json

WriteAuxiliaryFile /tmp/picpac-phase3-hosted-performance/Build/Intermediates.noindex/PicPacKit.build/Test-iphonesimulator/PicPacAI.build/Objects-normal/arm64/PicPacAI.SwiftFileList (in target 'PicPacAI' from project 'PicPacKit')
    cd /Users/bavabangaru/Developer/pic-pac-poe-ios-native-parity/ios/Packages/PicPacKit
    write-file /tmp/picpac-phase3-hosted-performance/Build/Intermediates.noindex/PicPacKit.build/Test-iphonesimulator/PicPacAI.build/Objects-normal/arm64/PicPacAI.SwiftFileList

WriteAuxiliaryFile /tmp/picpac-phase3-hosted-performance/Build/Intermediates.noindex/PicPacKit.build/Test-iphonesimulator/PicPacAI.build/Objects-normal/arm64/PicPacAI.SwiftConstValuesFileList (in target 'PicPacAI' from project 'PicPacKit')
    cd /Users/bavabangaru/Developer/pic-pac-poe-ios-native-parity/ios/Packages/PicPacKit
    write-file /tmp/picpac-phase3-hosted-performance/Build/Intermediates.noindex/PicPacKit.build/Test-iphonesimulator/PicPacAI.build/Objects-normal/arm64/PicPacAI.SwiftConstValuesFileList

WriteAuxiliaryFile /tmp/picpac-phase3-hosted-performance/Build/Intermediates.noindex/PicPacKit.build/Test-iphonesimulator/PicPacAI.build/Objects-normal/arm64/PicPacAI.LinkFileList (in target 'PicPacAI' from project 'PicPacKit')
    cd /Users/bavabangaru/Developer/pic-pac-poe-ios-native-parity/ios/Packages/PicPacKit
    write-file /tmp/picpac-phase3-hosted-performance/Build/Intermediates.noindex/PicPacKit.build/Test-iphonesimulator/PicPacAI.build/Objects-normal/arm64/PicPacAI.LinkFileList

WriteAuxiliaryFile /tmp/picpac-phase3-hosted-performance/Build/Intermediates.noindex/PicPacKit.build/Test-iphonesimulator/PicPacAI.build/Objects-normal/arm64/PicPacAI-OutputFileMap.json (in target 'PicPacAI' from project 'PicPacKit')
    cd /Users/bavabangaru/Developer/pic-pac-poe-ios-native-parity/ios/Packages/PicPacKit
    write-file /tmp/picpac-phase3-hosted-performance/Build/Intermediates.noindex/PicPacKit.build/Test-iphonesimulator/PicPacAI.build/Objects-normal/arm64/PicPacAI-OutputFileMap.json

WriteAuxiliaryFile /tmp/picpac-phase3-hosted-performance/Build/Intermediates.noindex/PicPacKit.build/Test-iphonesimulator/PicPacAI.build/DerivedSources/resource_bundle_accessor.swift (in target 'PicPacAI' from project 'PicPacKit')
    cd /Users/bavabangaru/Developer/pic-pac-poe-ios-native-parity/ios/Packages/PicPacKit
    write-file /tmp/picpac-phase3-hosted-performance/Build/Intermediates.noindex/PicPacKit.build/Test-iphonesimulator/PicPacAI.build/DerivedSources/resource_bundle_accessor.swift

Copy /tmp/picpac-phase3-hosted-performance/Build/Intermediates.noindex/GeneratedModuleMaps-iphonesimulator/PicPacAI.modulemap /tmp/picpac-phase3-hosted-performance/Build/Intermediates.noindex/PicPacKit.build/Test-iphonesimulator/PicPacAI.build/PicPacAI.modulemap (in target 'PicPacAI' from project 'PicPacKit')
    cd /Users/bavabangaru/Developer/pic-pac-poe-ios-native-parity/ios/Packages/PicPacKit
    builtin-copy -exclude .DS_Store -exclude CVS -exclude .svn -exclude .git -exclude .hg -strip-unsigned-binaries -strip-deterministic -strip-tool /Applications/Xcode.app/Contents/Developer/Toolchains/XcodeDefault.xctoolchain/usr/bin/strip -resolve-src-symlinks /tmp/picpac-phase3-hosted-performance/Build/Intermediates.noindex/PicPacKit.build/Test-iphonesimulator/PicPacAI.build/PicPacAI.modulemap /tmp/picpac-phase3-hosted-performance/Build/Intermediates.noindex/GeneratedModuleMaps-iphonesimulator

MkDir /tmp/picpac-phase3-hosted-performance/Build/Products/Test-iphonesimulator/PackageFrameworks/PicPacPresentation_-6026B0FB22E351C2_PackageProduct.framework (in target 'PicPacPresentation' from project 'PicPacKit')
    cd /Users/bavabangaru/Developer/pic-pac-poe-ios-native-parity/ios/Packages/PicPacKit
    /bin/mkdir -p /tmp/picpac-phase3-hosted-performance/Build/Products/Test-iphonesimulator/PackageFrameworks/PicPacPresentation_-6026B0FB22E351C2_PackageProduct.framework

MkDir /tmp/picpac-phase3-hosted-performance/Build/Products/Test-iphonesimulator/PicPacPoeUITests-Runner.app/PlugIns/PicPacPoeUITests.xctest (in target 'PicPacPoeUITests' from project 'PicPacPoe')
    cd /Users/bavabangaru/Developer/pic-pac-poe-ios-native-parity/ios
    /bin/mkdir -p /tmp/picpac-phase3-hosted-performance/Build/Products/Test-iphonesimulator/PicPacPoeUITests-Runner.app/PlugIns/PicPacPoeUITests.xctest

MkDir /tmp/picpac-phase3-hosted-performance/Build/Products/Test-iphonesimulator/PicPacPoe.app/PlugIns/PicPacPoeTests.xctest/Frameworks (in target 'PicPacPoeTests' from project 'PicPacPoe')
    cd /Users/bavabangaru/Developer/pic-pac-poe-ios-native-parity/ios
    /bin/mkdir -p /tmp/picpac-phase3-hosted-performance/Build/Products/Test-iphonesimulator/PicPacPoe.app/PlugIns/PicPacPoeTests.xctest/Frameworks

MkDir /tmp/picpac-phase3-hosted-performance/Build/Products/Test-iphonesimulator/PicPacPoe.app/PlugIns/PicPacPoeTests.xctest (in target 'PicPacPoeTests' from project 'PicPacPoe')
    cd /Users/bavabangaru/Developer/pic-pac-poe-ios-native-parity/ios
    /bin/mkdir -p /tmp/picpac-phase3-hosted-performance/Build/Products/Test-iphonesimulator/PicPacPoe.app/PlugIns/PicPacPoeTests.xctest

MkDir /tmp/picpac-phase3-hosted-performance/Build/Products/Test-iphonesimulator/PicPacPoe.app/PlugIns (in target 'PicPacPoe' from project 'PicPacPoe')
    cd /Users/bavabangaru/Developer/pic-pac-poe-ios-native-parity/ios
    /bin/mkdir -p /tmp/picpac-phase3-hosted-performance/Build/Products/Test-iphonesimulator/PicPacPoe.app/PlugIns

MkDir /tmp/picpac-phase3-hosted-performance/Build/Products/Test-iphonesimulator/PicPacPoe.app/Frameworks (in target 'PicPacPoe' from project 'PicPacPoe')
    cd /Users/bavabangaru/Developer/pic-pac-poe-ios-native-parity/ios
    /bin/mkdir -p /tmp/picpac-phase3-hosted-performance/Build/Products/Test-iphonesimulator/PicPacPoe.app/Frameworks

MkDir /tmp/picpac-phase3-hosted-performance/Build/Products/Test-iphonesimulator/PicPacPoe.app (in target 'PicPacPoe' from project 'PicPacPoe')
    cd /Users/bavabangaru/Developer/pic-pac-poe-ios-native-parity/ios
    /bin/mkdir -p /tmp/picpac-phase3-hosted-performance/Build/Products/Test-iphonesimulator/PicPacPoe.app

MkDir /tmp/picpac-phase3-hosted-performance/Build/Products/Test-iphonesimulator/PicPacKit_PicPacAI.bundle (in target 'PicPacKit_PicPacAI' from project 'PicPacKit')
    cd /Users/bavabangaru/Developer/pic-pac-poe-ios-native-parity/ios/Packages/PicPacKit
    /bin/mkdir -p /tmp/picpac-phase3-hosted-performance/Build/Products/Test-iphonesimulator/PicPacKit_PicPacAI.bundle

CpResource /tmp/picpac-phase3-hosted-performance/Build/Products/Test-iphonesimulator/PicPacKit_PicPacAI.bundle/picpac_rl_policy_v1.bin /Users/bavabangaru/Developer/pic-pac-poe-ios-native-parity/ios/Packages/PicPacKit/Sources/PicPacAI/Resources/picpac_rl_policy_v1.bin (in target 'PicPacKit_PicPacAI' from project 'PicPacKit')
    cd /Users/bavabangaru/Developer/pic-pac-poe-ios-native-parity/ios/Packages/PicPacKit
    builtin-copy -exclude .DS_Store -exclude CVS -exclude .svn -exclude .git -exclude .hg -strip-unsigned-binaries -strip-deterministic -strip-tool /Applications/Xcode.app/Contents/Developer/Toolchains/XcodeDefault.xctoolchain/usr/bin/strip -resolve-src-symlinks /Users/bavabangaru/Developer/pic-pac-poe-ios-native-parity/ios/Packages/PicPacKit/Sources/PicPacAI/Resources/picpac_rl_policy_v1.bin /tmp/picpac-phase3-hosted-performance/Build/Products/Test-iphonesimulator/PicPacKit_PicPacAI.bundle

ProcessInfoPlistFile /tmp/picpac-phase3-hosted-performance/Build/Products/Test-iphonesimulator/PicPacKit_PicPacAI.bundle/Info.plist /tmp/picpac-phase3-hosted-performance/Build/Intermediates.noindex/PicPacKit.build/Test-iphonesimulator/PicPacKit_PicPacAI.build/empty-PicPacKit_PicPacAI.plist (in target 'PicPacKit_PicPacAI' from project 'PicPacKit')
    cd /Users/bavabangaru/Developer/pic-pac-poe-ios-native-parity/ios/Packages/PicPacKit
    builtin-infoPlistUtility /tmp/picpac-phase3-hosted-performance/Build/Intermediates.noindex/PicPacKit.build/Test-iphonesimulator/PicPacKit_PicPacAI.build/empty-PicPacKit_PicPacAI.plist -producttype com.apple.product-type.bundle -expandbuildsettings -format binary -platform iphonesimulator -o /tmp/picpac-phase3-hosted-performance/Build/Products/Test-iphonesimulator/PicPacKit_PicPacAI.bundle/Info.plist

RegisterExecutionPolicyException /tmp/picpac-phase3-hosted-performance/Build/Products/Test-iphonesimulator/PicPacKit_PicPacAI.bundle (in target 'PicPacKit_PicPacAI' from project 'PicPacKit')
    cd /Users/bavabangaru/Developer/pic-pac-poe-ios-native-parity/ios/Packages/PicPacKit
    builtin-RegisterExecutionPolicyException /tmp/picpac-phase3-hosted-performance/Build/Products/Test-iphonesimulator/PicPacKit_PicPacAI.bundle

Touch /tmp/picpac-phase3-hosted-performance/Build/Products/Test-iphonesimulator/PicPacKit_PicPacAI.bundle (in target 'PicPacKit_PicPacAI' from project 'PicPacKit')
    cd /Users/bavabangaru/Developer/pic-pac-poe-ios-native-parity/ios/Packages/PicPacKit
    /usr/bin/touch -c /tmp/picpac-phase3-hosted-performance/Build/Products/Test-iphonesimulator/PicPacKit_PicPacAI.bundle

SwiftDriver PicPacCore normal arm64 com.apple.xcode.tools.swift.compiler (in target 'PicPacCore' from project 'PicPacKit')
    cd /Users/bavabangaru/Developer/pic-pac-poe-ios-native-parity/ios/PicPacPoe.xcodeproj
    builtin-SwiftDriver -- /Applications/Xcode.app/Contents/Developer/Toolchains/XcodeDefault.xctoolchain/usr/bin/swiftc -module-name PicPacCore -O -whole-module-optimization @/tmp/picpac-phase3-hosted-performance/Build/Intermediates.noindex/PicPacKit.build/Test-iphonesimulator/PicPacCore.build/Objects-normal/arm64/PicPacCore.SwiftFileList -DSWIFT_PACKAGE -DSWIFT_MODULE_RESOURCE_BUNDLE_UNAVAILABLE -DXcode -plugin-path /Applications/Xcode.app/Contents/Developer/Toolchains/XcodeDefault.xctoolchain/usr/lib/swift/host/plugins/testing -enable-experimental-feature DebugDescriptionMacro -sdk /Applications/Xcode.app/Contents/Developer/Platforms/iPhoneSimulator.platform/Developer/SDKs/iPhoneSimulator26.5.sdk -target arm64-apple-ios17.0-simulator -g -module-cache-path /tmp/picpac-phase3-hosted-performance/ModuleCache.noindex -Xfrontend -serialize-debugging-options -profile-coverage-mapping -profile-generate -suppress-warnings -swift-version 6 -I /tmp/picpac-phase3-hosted-performance/Build/Products/Test-iphonesimulator -Isystem /Applications/Xcode.app/Contents/Developer/Platforms/iPhoneSimulator.platform/Developer/usr/lib -F /tmp/picpac-phase3-hosted-performance/Build/Products/Test-iphonesimulator -F /Applications/Xcode.app/Contents/Developer/Platforms/iPhoneSimulator.platform/Developer/Library/Frameworks -F /Applications/Xcode.app/Contents/Developer/Platforms/iPhoneSimulator.platform/Developer/SDKs/iPhoneSimulator26.5.sdk/Developer/Library/Frameworks -c -num-threads 12 -Xcc -ivfsstatcache -Xcc /tmp/picpac-phase3-hosted-performance/SDKStatCaches.noindex/iphonesimulator26.5-23F81a-6cfe768891a92b912361537c460fe42b.sdkstatcache -output-file-map /tmp/picpac-phase3-hosted-performance/Build/Intermediates.noindex/PicPacKit.build/Test-iphonesimulator/PicPacCore.build/Objects-normal/arm64/PicPacCore-OutputFileMap.json -use-frontend-parseable-output -save-temps -no-color-diagnostics -explicit-module-build -module-cache-path /tmp/picpac-phase3-hosted-performance/Build/Intermediates.noindex/SwiftExplicitPrecompiledModules -clang-scanner-module-cache-path /tmp/picpac-phase3-hosted-performance/ModuleCache.noindex -sdk-module-cache-path /tmp/picpac-phase3-hosted-performance/ModuleCache.noindex -serialize-diagnostics -emit-dependencies -emit-module -emit-module-path /tmp/picpac-phase3-hosted-performance/Build/Intermediates.noindex/PicPacKit.build/Test-iphonesimulator/PicPacCore.build/Objects-normal/arm64/PicPacCore.swiftmodule -validate-clang-modules-once -clang-build-session-file /tmp/picpac-phase3-hosted-performance/ModuleCache.noindex/Session.modulevalidation -package-name picpackit -Xcc -I/tmp/picpac-phase3-hosted-performance/Build/Intermediates.noindex/PicPacKit.build/Test-iphonesimulator/PicPacCore.build/swift-overrides.hmap -emit-const-values -Xfrontend -const-gather-protocols-file -Xfrontend /tmp/picpac-phase3-hosted-performance/Build/Intermediates.noindex/PicPacKit.build/Test-iphonesimulator/PicPacCore.build/Objects-normal/arm64/PicPacCore_const_extract_protocols.json -Xcc -I/tmp/picpac-phase3-hosted-performance/Build/Products/Test-iphonesimulator/include -Xcc -I/tmp/picpac-phase3-hosted-performance/Build/Intermediates.noindex/PicPacKit.build/Test-iphonesimulator/PicPacCore.build/DerivedSources-normal/arm64 -Xcc -I/tmp/picpac-phase3-hosted-performance/Build/Intermediates.noindex/PicPacKit.build/Test-iphonesimulator/PicPacCore.build/DerivedSources/arm64 -Xcc -I/tmp/picpac-phase3-hosted-performance/Build/Intermediates.noindex/PicPacKit.build/Test-iphonesimulator/PicPacCore.build/DerivedSources -Xcc -DSWIFT_PACKAGE -emit-objc-header -emit-objc-header-path /tmp/picpac-phase3-hosted-performance/Build/Intermediates.noindex/PicPacKit.build/Test-iphonesimulator/PicPacCore.build/Objects-normal/arm64/PicPacCore-Swift.h -working-directory /Users/bavabangaru/Developer/pic-pac-poe-ios-native-parity/ios/PicPacPoe.xcodeproj -no-emit-module-separately-wmo

SwiftDriver\ Compilation PicPacCore normal arm64 com.apple.xcode.tools.swift.compiler (in target 'PicPacCore' from project 'PicPacKit')
    cd /Users/bavabangaru/Developer/pic-pac-poe-ios-native-parity/ios/PicPacPoe.xcodeproj
    builtin-Swift-Compilation -- /Applications/Xcode.app/Contents/Developer/Toolchains/XcodeDefault.xctoolchain/usr/bin/swiftc -module-name PicPacCore -O -whole-module-optimization @/tmp/picpac-phase3-hosted-performance/Build/Intermediates.noindex/PicPacKit.build/Test-iphonesimulator/PicPacCore.build/Objects-normal/arm64/PicPacCore.SwiftFileList -DSWIFT_PACKAGE -DSWIFT_MODULE_RESOURCE_BUNDLE_UNAVAILABLE -DXcode -plugin-path /Applications/Xcode.app/Contents/Developer/Toolchains/XcodeDefault.xctoolchain/usr/lib/swift/host/plugins/testing -enable-experimental-feature DebugDescriptionMacro -sdk /Applications/Xcode.app/Contents/Developer/Platforms/iPhoneSimulator.platform/Developer/SDKs/iPhoneSimulator26.5.sdk -target arm64-apple-ios17.0-simulator -g -module-cache-path /tmp/picpac-phase3-hosted-performance/ModuleCache.noindex -Xfrontend -serialize-debugging-options -profile-coverage-mapping -profile-generate -suppress-warnings -swift-version 6 -I /tmp/picpac-phase3-hosted-performance/Build/Products/Test-iphonesimulator -Isystem /Applications/Xcode.app/Contents/Developer/Platforms/iPhoneSimulator.platform/Developer/usr/lib -F /tmp/picpac-phase3-hosted-performance/Build/Products/Test-iphonesimulator -F /Applications/Xcode.app/Contents/Developer/Platforms/iPhoneSimulator.platform/Developer/Library/Frameworks -F /Applications/Xcode.app/Contents/Developer/Platforms/iPhoneSimulator.platform/Developer/SDKs/iPhoneSimulator26.5.sdk/Developer/Library/Frameworks -c -num-threads 12 -Xcc -ivfsstatcache -Xcc /tmp/picpac-phase3-hosted-performance/SDKStatCaches.noindex/iphonesimulator26.5-23F81a-6cfe768891a92b912361537c460fe42b.sdkstatcache -output-file-map /tmp/picpac-phase3-hosted-performance/Build/Intermediates.noindex/PicPacKit.build/Test-iphonesimulator/PicPacCore.build/Objects-normal/arm64/PicPacCore-OutputFileMap.json -use-frontend-parseable-output -save-temps -no-color-diagnostics -explicit-module-build -module-cache-path /tmp/picpac-phase3-hosted-performance/Build/Intermediates.noindex/SwiftExplicitPrecompiledModules -clang-scanner-module-cache-path /tmp/picpac-phase3-hosted-performance/ModuleCache.noindex -sdk-module-cache-path /tmp/picpac-phase3-hosted-performance/ModuleCache.noindex -serialize-diagnostics -emit-dependencies -emit-module -emit-module-path /tmp/picpac-phase3-hosted-performance/Build/Intermediates.noindex/PicPacKit.build/Test-iphonesimulator/PicPacCore.build/Objects-normal/arm64/PicPacCore.swiftmodule -validate-clang-modules-once -clang-build-session-file /tmp/picpac-phase3-hosted-performance/ModuleCache.noindex/Session.modulevalidation -package-name picpackit -Xcc -I/tmp/picpac-phase3-hosted-performance/Build/Intermediates.noindex/PicPacKit.build/Test-iphonesimulator/PicPacCore.build/swift-overrides.hmap -emit-const-values -Xfrontend -const-gather-protocols-file -Xfrontend /tmp/picpac-phase3-hosted-performance/Build/Intermediates.noindex/PicPacKit.build/Test-iphonesimulator/PicPacCore.build/Objects-normal/arm64/PicPacCore_const_extract_protocols.json -Xcc -I/tmp/picpac-phase3-hosted-performance/Build/Products/Test-iphonesimulator/include -Xcc -I/tmp/picpac-phase3-hosted-performance/Build/Intermediates.noindex/PicPacKit.build/Test-iphonesimulator/PicPacCore.build/DerivedSources-normal/arm64 -Xcc -I/tmp/picpac-phase3-hosted-performance/Build/Intermediates.noindex/PicPacKit.build/Test-iphonesimulator/PicPacCore.build/DerivedSources/arm64 -Xcc -I/tmp/picpac-phase3-hosted-performance/Build/Intermediates.noindex/PicPacKit.build/Test-iphonesimulator/PicPacCore.build/DerivedSources -Xcc -DSWIFT_PACKAGE -emit-objc-header -emit-objc-header-path /tmp/picpac-phase3-hosted-performance/Build/Intermediates.noindex/PicPacKit.build/Test-iphonesimulator/PicPacCore.build/Objects-normal/arm64/PicPacCore-Swift.h -working-directory /Users/bavabangaru/Developer/pic-pac-poe-ios-native-parity/ios/PicPacPoe.xcodeproj -no-emit-module-separately-wmo

SwiftExplicitDependencyGeneratePcm arm64 /tmp/picpac-phase3-hosted-performance/ModuleCache.noindex/ptrcheck-8BSXBT9ZQCDIK67ADBPUWC99A.pcm

SwiftExplicitDependencyGeneratePcm arm64 /tmp/picpac-phase3-hosted-performance/ModuleCache.noindex/_Builtin_stddef-EO503IEYQTA2WBY8G2H991246.pcm

SwiftExplicitDependencyGeneratePcm arm64 /tmp/picpac-phase3-hosted-performance/ModuleCache.noindex/_Builtin_stdarg-BZJOQML9JZLXA5C0K3XBKCI29.pcm

SwiftExplicitDependencyGeneratePcm arm64 /tmp/picpac-phase3-hosted-performance/ModuleCache.noindex/_Builtin_float-1IFCV0POUSYY86H1XDM7LGTBN.pcm

SwiftExplicitDependencyGeneratePcm arm64 /tmp/picpac-phase3-hosted-performance/ModuleCache.noindex/_AvailabilityInternal-BF3GO34YOINZD1JM31LD0YB4O.pcm

SwiftExplicitDependencyGeneratePcm arm64 /tmp/picpac-phase3-hosted-performance/ModuleCache.noindex/_SwiftConcurrencyShims-2E579WIPDAAA8F1K9GG9694LW.pcm

SwiftExplicitDependencyGeneratePcm arm64 /tmp/picpac-phase3-hosted-performance/ModuleCache.noindex/SwiftShims-DAB4UD3UOXY0FEI7MNO92DG2I.pcm

SwiftExplicitDependencyGeneratePcm arm64 /tmp/picpac-phase3-hosted-performance/ModuleCache.noindex/_Builtin_stdbool-AN4Q6V52QAO0KLQC5XTTNW1CZ.pcm

SwiftExplicitDependencyGeneratePcm arm64 /tmp/picpac-phase3-hosted-performance/ModuleCache.noindex/ptrauth-4YOMOD1OVBR6D106U8IC0IKYW.pcm

SwiftExplicitDependencyGeneratePcm arm64 /tmp/picpac-phase3-hosted-performance/ModuleCache.noindex/_DarwinFoundation1-EY8THRSHP0BVWH598RN0IBBUN.pcm

SwiftExplicitDependencyGeneratePcm arm64 /tmp/picpac-phase3-hosted-performance/ModuleCache.noindex/_DarwinFoundation2-C05DEDYJ5EWPOD0EQ93UGYZTM.pcm

SwiftExplicitDependencyGeneratePcm arm64 /tmp/picpac-phase3-hosted-performance/ModuleCache.noindex/_Builtin_limits-26DGU0T9K78VSDCHBADZ5IGB.pcm

SwiftExplicitDependencyGeneratePcm arm64 /tmp/picpac-phase3-hosted-performance/ModuleCache.noindex/_Builtin_stdint-BAY5DN1NBJDDJLLLA2YCSAN6W.pcm

SwiftExplicitDependencyGeneratePcm arm64 /tmp/picpac-phase3-hosted-performance/ModuleCache.noindex/sys_types-CJ93W84KVOG4SLIT5YE42AIZ7.pcm

SwiftExplicitDependencyGeneratePcm arm64 /tmp/picpac-phase3-hosted-performance/ModuleCache.noindex/_DarwinFoundation3-6NRV7QWCPBAUAGE7BU6AEPE1S.pcm

SwiftExplicitDependencyGeneratePcm arm64 /tmp/picpac-phase3-hosted-performance/ModuleCache.noindex/_Builtin_inttypes-63LYY2KEDUI3U6K6JPQYA2NBT.pcm

SwiftExplicitDependencyGeneratePcm arm64 /tmp/picpac-phase3-hosted-performance/ModuleCache.noindex/Darwin-GERNMJV21A4OCD3RET4QK0Y4.pcm

SwiftExplicitDependencyGeneratePcm arm64 /tmp/picpac-phase3-hosted-performance/ModuleCache.noindex/ObjectiveC-AFLR924X4P9YTLAQ4NOY9BUR4.pcm

SwiftExplicitDependencyGeneratePcm arm64 /tmp/picpac-phase3-hosted-performance/ModuleCache.noindex/os_object-6R49XX6JE2N2G9N88VNHX0ANL.pcm

SwiftExplicitDependencyGeneratePcm arm64 /tmp/picpac-phase3-hosted-performance/ModuleCache.noindex/os_workgroup-1VZ77P8BVJJ1LATRUULBNWDPO.pcm

SwiftExplicitDependencyGeneratePcm arm64 /tmp/picpac-phase3-hosted-performance/ModuleCache.noindex/Dispatch-6534YZPH7N126OQFXOEATZNQD.pcm

SwiftExplicitDependencyGeneratePcm arm64 /tmp/picpac-phase3-hosted-performance/ModuleCache.noindex/XPC-1IJEK75N5U8BY1PKQ4PQ93GUJ.pcm

SwiftExplicitDependencyGeneratePcm arm64 /tmp/picpac-phase3-hosted-performance/ModuleCache.noindex/CoreFoundation-B3J2ZXODXGSLG6XCM0I75966A.pcm

SwiftExplicitDependencyGeneratePcm arm64 /tmp/picpac-phase3-hosted-performance/ModuleCache.noindex/CFNetwork-AFXFWIGPF7R8HH7JQELB0MGG6.pcm

SwiftExplicitDependencyGeneratePcm arm64 /tmp/picpac-phase3-hosted-performance/ModuleCache.noindex/Security-9DCGXXPCBN7XA2MOE5RQ7CA7Z.pcm

SwiftExplicitDependencyGeneratePcm arm64 /tmp/picpac-phase3-hosted-performance/ModuleCache.noindex/Foundation-AEI8GY5OF7QPKT3MXTB360TJJ.pcm

SwiftCompile normal arm64 Compiling\ AiObservation.swift,\ Model.swift,\ Randomness.swift,\ Rules.swift,\ State.swift /Users/bavabangaru/Developer/pic-pac-poe-ios-native-parity/ios/Packages/PicPacKit/Sources/PicPacCore/AiObservation.swift /Users/bavabangaru/Developer/pic-pac-poe-ios-native-parity/ios/Packages/PicPacKit/Sources/PicPacCore/Model.swift /Users/bavabangaru/Developer/pic-pac-poe-ios-native-parity/ios/Packages/PicPacKit/Sources/PicPacCore/Randomness.swift /Users/bavabangaru/Developer/pic-pac-poe-ios-native-parity/ios/Packages/PicPacKit/Sources/PicPacCore/Rules.swift /Users/bavabangaru/Developer/pic-pac-poe-ios-native-parity/ios/Packages/PicPacKit/Sources/PicPacCore/State.swift /Applications/Xcode.app/Contents/Developer/Toolchains/XcodeDefault.xctoolchain/usr/lib/swift/iphonesimulator/prebuilt-modules/26.5/_Concurrency.swiftmodule/arm64-apple-ios-simulator.swiftmodule /Applications/Xcode.app/Contents/Developer/Toolchains/XcodeDefault.xctoolchain/usr/lib/swift/iphonesimulator/prebuilt-modules/26.5/Combine.swiftmodule/arm64-apple-ios-simulator.swiftmodule /Applications/Xcode.app/Contents/Developer/Toolchains/XcodeDefault.xctoolchain/usr/lib/swift/iphonesimulator/prebuilt-modules/26.5/_DarwinFoundation3.swiftmodule/arm64-apple-ios-simulator.swiftmodule /Applications/Xcode.app/Contents/Developer/Toolchains/XcodeDefault.xctoolchain/usr/lib/swift/iphonesimulator/prebuilt-modules/26.5/Darwin.swiftmodule/arm64-apple-ios-simulator.swiftmodule /Applications/Xcode.app/Contents/Developer/Toolchains/XcodeDefault.xctoolchain/usr/lib/swift/iphonesimulator/prebuilt-modules/26.5/_DarwinFoundation2.swiftmodule/arm64-apple-ios-simulator.swiftmodule /Applications/Xcode.app/Contents/Developer/Toolchains/XcodeDefault.xctoolchain/usr/lib/swift/iphonesimulator/prebuilt-modules/26.5/System.swiftmodule/arm64-apple-ios-simulator.swiftmodule /Applications/Xcode.app/Contents/Developer/Toolchains/XcodeDefault.xctoolchain/usr/lib/swift/iphonesimulator/prebuilt-modules/26.5/Swift.swiftmodule/arm64-apple-ios-simulator.swiftmodule /Applications/Xcode.app/Contents/Developer/Toolchains/XcodeDefault.xctoolchain/usr/lib/swift/iphonesimulator/prebuilt-modules/26.5/CoreFoundation.swiftmodule/arm64-apple-ios-simulator.swiftmodule /Applications/Xcode.app/Contents/Developer/Toolchains/XcodeDefault.xctoolchain/usr/lib/swift/iphonesimulator/prebuilt-modules/26.5/_DarwinFoundation1.swiftmodule/arm64-apple-ios-simulator.swiftmodule /Applications/Xcode.app/Contents/Developer/Toolchains/XcodeDefault.xctoolchain/usr/lib/swift/iphonesimulator/prebuilt-modules/26.5/_StringProcessing.swiftmodule/arm64-apple-ios-simulator.swiftmodule /Applications/Xcode.app/Contents/Developer/Toolchains/XcodeDefault.xctoolchain/usr/lib/swift/iphonesimulator/prebuilt-modules/26.5/XPC.swiftmodule/arm64-apple-ios-simulator.swiftmodule /Applications/Xcode.app/Contents/Developer/Toolchains/XcodeDefault.xctoolchain/usr/lib/swift/iphonesimulator/prebuilt-modules/26.5/ObjectiveC.swiftmodule/arm64-apple-ios-simulator.swiftmodule /Applications/Xcode.app/Contents/Developer/Toolchains/XcodeDefault.xctoolchain/usr/lib/swift/iphonesimulator/prebuilt-modules/26.5/Dispatch.swiftmodule/arm64-apple-ios-simulator.swiftmodule /Applications/Xcode.app/Contents/Developer/Toolchains/XcodeDefault.xctoolchain/usr/lib/swift/iphonesimulator/prebuilt-modules/26.5/_Builtin_float.swiftmodule/arm64-apple-ios-simulator.swiftmodule /Applications/Xcode.app/Contents/Developer/Toolchains/XcodeDefault.xctoolchain/usr/lib/swift/iphonesimulator/prebuilt-modules/26.5/Observation.swiftmodule/arm64-apple-ios-simulator.swiftmodule /Applications/Xcode.app/Contents/Developer/Toolchains/XcodeDefault.xctoolchain/usr/lib/swift/iphonesimulator/prebuilt-modules/26.5/Foundation.swiftmodule/arm64-apple-ios-simulator.swiftmodule /tmp/picpac-phase3-hosted-performance/ModuleCache.noindex/_Builtin_limits-26DGU0T9K78VSDCHBADZ5IGB.pcm /tmp/picpac-phase3-hosted-performance/ModuleCache.noindex/_DarwinFoundation1-EY8THRSHP0BVWH598RN0IBBUN.pcm /tmp/picpac-phase3-hosted-performance/ModuleCache.noindex/_Builtin_stdint-BAY5DN1NBJDDJLLLA2YCSAN6W.pcm /tmp/picpac-phase3-hosted-performance/ModuleCache.noindex/CoreFoundation-B3J2ZXODXGSLG6XCM0I75966A.pcm /tmp/picpac-phase3-hosted-performance/ModuleCache.noindex/os_object-6R49XX6JE2N2G9N88VNHX0ANL.pcm /tmp/picpac-phase3-hosted-performance/ModuleCache.noindex/Dispatch-6534YZPH7N126OQFXOEATZNQD.pcm /tmp/picpac-phase3-hosted-performance/ModuleCache.noindex/Security-9DCGXXPCBN7XA2MOE5RQ7CA7Z.pcm /tmp/picpac-phase3-hosted-performance/ModuleCache.noindex/ptrauth-4YOMOD1OVBR6D106U8IC0IKYW.pcm /tmp/picpac-phase3-hosted-performance/ModuleCache.noindex/_Builtin_inttypes-63LYY2KEDUI3U6K6JPQYA2NBT.pcm /tmp/picpac-phase3-hosted-performance/ModuleCache.noindex/_Builtin_stdarg-BZJOQML9JZLXA5C0K3XBKCI29.pcm /tmp/picpac-phase3-hosted-performance/ModuleCache.noindex/_SwiftConcurrencyShims-2E579WIPDAAA8F1K9GG9694LW.pcm /tmp/picpac-phase3-hosted-performance/ModuleCache.noindex/_Builtin_stddef-EO503IEYQTA2WBY8G2H991246.pcm /tmp/picpac-phase3-hosted-performance/ModuleCache.noindex/ObjectiveC-AFLR924X4P9YTLAQ4NOY9BUR4.pcm /tmp/picpac-phase3-hosted-performance/ModuleCache.noindex/_AvailabilityInternal-BF3GO34YOINZD1JM31LD0YB4O.pcm /tmp/picpac-phase3-hosted-performance/ModuleCache.noindex/CFNetwork-AFXFWIGPF7R8HH7JQELB0MGG6.pcm /tmp/picpac-phase3-hosted-performance/ModuleCache.noindex/os_workgroup-1VZ77P8BVJJ1LATRUULBNWDPO.pcm /tmp/picpac-phase3-hosted-performance/ModuleCache.noindex/Darwin-GERNMJV21A4OCD3RET4QK0Y4.pcm /tmp/picpac-phase3-hosted-performance/ModuleCache.noindex/ptrcheck-8BSXBT9ZQCDIK67ADBPUWC99A.pcm /tmp/picpac-phase3-hosted-performance/ModuleCache.noindex/_Builtin_float-1IFCV0POUSYY86H1XDM7LGTBN.pcm /tmp/picpac-phase3-hosted-performance/ModuleCache.noindex/_Builtin_stdbool-AN4Q6V52QAO0KLQC5XTTNW1CZ.pcm /tmp/picpac-phase3-hosted-performance/ModuleCache.noindex/Foundation-AEI8GY5OF7QPKT3MXTB360TJJ.pcm /tmp/picpac-phase3-hosted-performance/ModuleCache.noindex/sys_types-CJ93W84KVOG4SLIT5YE42AIZ7.pcm /tmp/picpac-phase3-hosted-performance/ModuleCache.noindex/_DarwinFoundation2-C05DEDYJ5EWPOD0EQ93UGYZTM.pcm /tmp/picpac-phase3-hosted-performance/ModuleCache.noindex/SwiftShims-DAB4UD3UOXY0FEI7MNO92DG2I.pcm /tmp/picpac-phase3-hosted-performance/ModuleCache.noindex/_DarwinFoundation3-6NRV7QWCPBAUAGE7BU6AEPE1S.pcm /tmp/picpac-phase3-hosted-performance/ModuleCache.noindex/XPC-1IJEK75N5U8BY1PKQ4PQ93GUJ.pcm /tmp/picpac-phase3-hosted-performance/Build/Intermediates.noindex/PicPacKit.build/Test-iphonesimulator/PicPacCore.build/Objects-normal/arm64/PicPacCore-dependencies-1.json (in target 'PicPacCore' from project 'PicPacKit')

CompileSwift normal arm64 (in target 'PicPacCore' from project 'PicPacKit')
    cd /Users/bavabangaru/Developer/pic-pac-poe-ios-native-parity/ios/PicPacPoe.xcodeproj
    

SwiftDriverJobDiscovery normal arm64 Compiling AiObservation.swift, Model.swift, Randomness.swift, Rules.swift, State.swift (in target 'PicPacCore' from project 'PicPacKit')

SwiftDriver\ Compilation\ Requirements PicPacCore normal arm64 com.apple.xcode.tools.swift.compiler (in target 'PicPacCore' from project 'PicPacKit')
    cd /Users/bavabangaru/Developer/pic-pac-poe-ios-native-parity/ios/PicPacPoe.xcodeproj
    builtin-Swift-Compilation-Requirements -- /Applications/Xcode.app/Contents/Developer/Toolchains/XcodeDefault.xctoolchain/usr/bin/swiftc -module-name PicPacCore -O -whole-module-optimization @/tmp/picpac-phase3-hosted-performance/Build/Intermediates.noindex/PicPacKit.build/Test-iphonesimulator/PicPacCore.build/Objects-normal/arm64/PicPacCore.SwiftFileList -DSWIFT_PACKAGE -DSWIFT_MODULE_RESOURCE_BUNDLE_UNAVAILABLE -DXcode -plugin-path /Applications/Xcode.app/Contents/Developer/Toolchains/XcodeDefault.xctoolchain/usr/lib/swift/host/plugins/testing -enable-experimental-feature DebugDescriptionMacro -sdk /Applications/Xcode.app/Contents/Developer/Platforms/iPhoneSimulator.platform/Developer/SDKs/iPhoneSimulator26.5.sdk -target arm64-apple-ios17.0-simulator -g -module-cache-path /tmp/picpac-phase3-hosted-performance/ModuleCache.noindex -Xfrontend -serialize-debugging-options -profile-coverage-mapping -profile-generate -suppress-warnings -swift-version 6 -I /tmp/picpac-phase3-hosted-performance/Build/Products/Test-iphonesimulator -Isystem /Applications/Xcode.app/Contents/Developer/Platforms/iPhoneSimulator.platform/Developer/usr/lib -F /tmp/picpac-phase3-hosted-performance/Build/Products/Test-iphonesimulator -F /Applications/Xcode.app/Contents/Developer/Platforms/iPhoneSimulator.platform/Developer/Library/Frameworks -F /Applications/Xcode.app/Contents/Developer/Platforms/iPhoneSimulator.platform/Developer/SDKs/iPhoneSimulator26.5.sdk/Developer/Library/Frameworks -c -num-threads 12 -Xcc -ivfsstatcache -Xcc /tmp/picpac-phase3-hosted-performance/SDKStatCaches.noindex/iphonesimulator26.5-23F81a-6cfe768891a92b912361537c460fe42b.sdkstatcache -output-file-map /tmp/picpac-phase3-hosted-performance/Build/Intermediates.noindex/PicPacKit.build/Test-iphonesimulator/PicPacCore.build/Objects-normal/arm64/PicPacCore-OutputFileMap.json -use-frontend-parseable-output -save-temps -no-color-diagnostics -explicit-module-build -module-cache-path /tmp/picpac-phase3-hosted-performance/Build/Intermediates.noindex/SwiftExplicitPrecompiledModules -clang-scanner-module-cache-path /tmp/picpac-phase3-hosted-performance/ModuleCache.noindex -sdk-module-cache-path /tmp/picpac-phase3-hosted-performance/ModuleCache.noindex -serialize-diagnostics -emit-dependencies -emit-module -emit-module-path /tmp/picpac-phase3-hosted-performance/Build/Intermediates.noindex/PicPacKit.build/Test-iphonesimulator/PicPacCore.build/Objects-normal/arm64/PicPacCore.swiftmodule -validate-clang-modules-once -clang-build-session-file /tmp/picpac-phase3-hosted-performance/ModuleCache.noindex/Session.modulevalidation -package-name picpackit -Xcc -I/tmp/picpac-phase3-hosted-performance/Build/Intermediates.noindex/PicPacKit.build/Test-iphonesimulator/PicPacCore.build/swift-overrides.hmap -emit-const-values -Xfrontend -const-gather-protocols-file -Xfrontend /tmp/picpac-phase3-hosted-performance/Build/Intermediates.noindex/PicPacKit.build/Test-iphonesimulator/PicPacCore.build/Objects-normal/arm64/PicPacCore_const_extract_protocols.json -Xcc -I/tmp/picpac-phase3-hosted-performance/Build/Products/Test-iphonesimulator/include -Xcc -I/tmp/picpac-phase3-hosted-performance/Build/Intermediates.noindex/PicPacKit.build/Test-iphonesimulator/PicPacCore.build/DerivedSources-normal/arm64 -Xcc -I/tmp/picpac-phase3-hosted-performance/Build/Intermediates.noindex/PicPacKit.build/Test-iphonesimulator/PicPacCore.build/DerivedSources/arm64 -Xcc -I/tmp/picpac-phase3-hosted-performance/Build/Intermediates.noindex/PicPacKit.build/Test-iphonesimulator/PicPacCore.build/DerivedSources -Xcc -DSWIFT_PACKAGE -emit-objc-header -emit-objc-header-path /tmp/picpac-phase3-hosted-performance/Build/Intermediates.noindex/PicPacKit.build/Test-iphonesimulator/PicPacCore.build/Objects-normal/arm64/PicPacCore-Swift.h -working-directory /Users/bavabangaru/Developer/pic-pac-poe-ios-native-parity/ios/PicPacPoe.xcodeproj -no-emit-module-separately-wmo

SwiftMergeGeneratedHeaders /tmp/picpac-phase3-hosted-performance/Build/Intermediates.noindex/GeneratedModuleMaps-iphonesimulator/PicPacCore-Swift.h /tmp/picpac-phase3-hosted-performance/Build/Intermediates.noindex/PicPacKit.build/Test-iphonesimulator/PicPacCore.build/Objects-normal/arm64/PicPacCore-Swift.h (in target 'PicPacCore' from project 'PicPacKit')
    cd /Users/bavabangaru/Developer/pic-pac-poe-ios-native-parity/ios/Packages/PicPacKit
    builtin-swiftHeaderTool -arch arm64 /tmp/picpac-phase3-hosted-performance/Build/Intermediates.noindex/PicPacKit.build/Test-iphonesimulator/PicPacCore.build/Objects-normal/arm64/PicPacCore-Swift.h -o /tmp/picpac-phase3-hosted-performance/Build/Intermediates.noindex/GeneratedModuleMaps-iphonesimulator/PicPacCore-Swift.h

Copy /tmp/picpac-phase3-hosted-performance/Build/Products/Test-iphonesimulator/PicPacCore.swiftmodule/arm64-apple-ios-simulator.swiftmodule /tmp/picpac-phase3-hosted-performance/Build/Intermediates.noindex/PicPacKit.build/Test-iphonesimulator/PicPacCore.build/Objects-normal/arm64/PicPacCore.swiftmodule (in target 'PicPacCore' from project 'PicPacKit')
    cd /Users/bavabangaru/Developer/pic-pac-poe-ios-native-parity/ios/Packages/PicPacKit
    builtin-copy -exclude .DS_Store -exclude CVS -exclude .svn -exclude .git -exclude .hg -strip-unsigned-binaries -strip-deterministic -strip-tool /Applications/Xcode.app/Contents/Developer/Toolchains/XcodeDefault.xctoolchain/usr/bin/strip -resolve-src-symlinks -rename /tmp/picpac-phase3-hosted-performance/Build/Intermediates.noindex/PicPacKit.build/Test-iphonesimulator/PicPacCore.build/Objects-normal/arm64/PicPacCore.swiftmodule /tmp/picpac-phase3-hosted-performance/Build/Products/Test-iphonesimulator/PicPacCore.swiftmodule/arm64-apple-ios-simulator.swiftmodule

Copy /tmp/picpac-phase3-hosted-performance/Build/Products/Test-iphonesimulator/PicPacCore.swiftmodule/arm64-apple-ios-simulator.swiftdoc /tmp/picpac-phase3-hosted-performance/Build/Intermediates.noindex/PicPacKit.build/Test-iphonesimulator/PicPacCore.build/Objects-normal/arm64/PicPacCore.swiftdoc (in target 'PicPacCore' from project 'PicPacKit')
    cd /Users/bavabangaru/Developer/pic-pac-poe-ios-native-parity/ios/Packages/PicPacKit
    builtin-copy -exclude .DS_Store -exclude CVS -exclude .svn -exclude .git -exclude .hg -strip-unsigned-binaries -strip-deterministic -strip-tool /Applications/Xcode.app/Contents/Developer/Toolchains/XcodeDefault.xctoolchain/usr/bin/strip -resolve-src-symlinks -rename /tmp/picpac-phase3-hosted-performance/Build/Intermediates.noindex/PicPacKit.build/Test-iphonesimulator/PicPacCore.build/Objects-normal/arm64/PicPacCore.swiftdoc /tmp/picpac-phase3-hosted-performance/Build/Products/Test-iphonesimulator/PicPacCore.swiftmodule/arm64-apple-ios-simulator.swiftdoc

Copy /tmp/picpac-phase3-hosted-performance/Build/Products/Test-iphonesimulator/PicPacCore.swiftmodule/arm64-apple-ios-simulator.abi.json /tmp/picpac-phase3-hosted-performance/Build/Intermediates.noindex/PicPacKit.build/Test-iphonesimulator/PicPacCore.build/Objects-normal/arm64/PicPacCore.abi.json (in target 'PicPacCore' from project 'PicPacKit')
    cd /Users/bavabangaru/Developer/pic-pac-poe-ios-native-parity/ios/Packages/PicPacKit
    builtin-copy -exclude .DS_Store -exclude CVS -exclude .svn -exclude .git -exclude .hg -strip-unsigned-binaries -strip-deterministic -strip-tool /Applications/Xcode.app/Contents/Developer/Toolchains/XcodeDefault.xctoolchain/usr/bin/strip -resolve-src-symlinks -rename /tmp/picpac-phase3-hosted-performance/Build/Intermediates.noindex/PicPacKit.build/Test-iphonesimulator/PicPacCore.build/Objects-normal/arm64/PicPacCore.abi.json /tmp/picpac-phase3-hosted-performance/Build/Products/Test-iphonesimulator/PicPacCore.swiftmodule/arm64-apple-ios-simulator.abi.json

Copy /tmp/picpac-phase3-hosted-performance/Build/Products/Test-iphonesimulator/PicPacCore.swiftmodule/Project/arm64-apple-ios-simulator.swiftsourceinfo /tmp/picpac-phase3-hosted-performance/Build/Intermediates.noindex/PicPacKit.build/Test-iphonesimulator/PicPacCore.build/Objects-normal/arm64/PicPacCore.swiftsourceinfo (in target 'PicPacCore' from project 'PicPacKit')
    cd /Users/bavabangaru/Developer/pic-pac-poe-ios-native-parity/ios/Packages/PicPacKit
    builtin-copy -exclude .DS_Store -exclude CVS -exclude .svn -exclude .git -exclude .hg -strip-unsigned-binaries -strip-deterministic -strip-tool /Applications/Xcode.app/Contents/Developer/Toolchains/XcodeDefault.xctoolchain/usr/bin/strip -resolve-src-symlinks -rename /tmp/picpac-phase3-hosted-performance/Build/Intermediates.noindex/PicPacKit.build/Test-iphonesimulator/PicPacCore.build/Objects-normal/arm64/PicPacCore.swiftsourceinfo /tmp/picpac-phase3-hosted-performance/Build/Products/Test-iphonesimulator/PicPacCore.swiftmodule/Project/arm64-apple-ios-simulator.swiftsourceinfo

Ld /tmp/picpac-phase3-hosted-performance/Build/Products/Test-iphonesimulator/PicPacCore.o normal (in target 'PicPacCore' from project 'PicPacKit')
    cd /Users/bavabangaru/Developer/pic-pac-poe-ios-native-parity/ios/Packages/PicPacKit
    /Applications/Xcode.app/Contents/Developer/Toolchains/XcodeDefault.xctoolchain/usr/bin/clang -Xlinker -reproducible -target arm64-apple-ios17.0-simulator -r -isysroot /Applications/Xcode.app/Contents/Developer/Platforms/iPhoneSimulator.platform/Developer/SDKs/iPhoneSimulator26.5.sdk -Os -w -F/tmp/picpac-phase3-hosted-performance/Build/Intermediates.noindex/EagerLinkingTBDs/Test-iphonesimulator -F/tmp/picpac-phase3-hosted-performance/Build/Products/Test-iphonesimulator -iframework /Applications/Xcode.app/Contents/Developer/Platforms/iPhoneSimulator.platform/Developer/Library/Frameworks -iframework /Applications/Xcode.app/Contents/Developer/Platforms/iPhoneSimulator.platform/Developer/SDKs/iPhoneSimulator26.5.sdk/Developer/Library/Frameworks -filelist /tmp/picpac-phase3-hosted-performance/Build/Intermediates.noindex/PicPacKit.build/Test-iphonesimulator/PicPacCore.build/Objects-normal/arm64/PicPacCore.LinkFileList -nostdlib -Xlinker -object_path_lto -Xlinker /tmp/picpac-phase3-hosted-performance/Build/Intermediates.noindex/PicPacKit.build/Test-iphonesimulator/PicPacCore.build/Objects-normal/arm64/PicPacCore_lto.o -Xlinker -objc_abi_version -Xlinker 2 -Xlinker -debug_variant -Xlinker -dependency_info -Xlinker /tmp/picpac-phase3-hosted-performance/Build/Intermediates.noindex/PicPacKit.build/Test-iphonesimulator/PicPacCore.build/Objects-normal/arm64/PicPacCore_dependency_info.dat -fobjc-link-runtime -L/Applications/Xcode.app/Contents/Developer/Toolchains/XcodeDefault.xctoolchain/usr/lib/swift/iphonesimulator -L/usr/lib/swift -Xlinker -add_ast_path -Xlinker /tmp/picpac-phase3-hosted-performance/Build/Intermediates.noindex/PicPacKit.build/Test-iphonesimulator/PicPacCore.build/Objects-normal/arm64/PicPacCore.swiftmodule @/tmp/picpac-phase3-hosted-performance/Build/Intermediates.noindex/PicPacKit.build/Test-iphonesimulator/PicPacCore.build/Objects-normal/arm64/PicPacCore-linker-args.resp -o /tmp/picpac-phase3-hosted-performance/Build/Products/Test-iphonesimulator/PicPacCore.o

SwiftDriver PicPacPresentation normal arm64 com.apple.xcode.tools.swift.compiler (in target 'PicPacPresentation' from project 'PicPacKit')
    cd /Users/bavabangaru/Developer/pic-pac-poe-ios-native-parity/ios/PicPacPoe.xcodeproj
    builtin-SwiftDriver -- /Applications/Xcode.app/Contents/Developer/Toolchains/XcodeDefault.xctoolchain/usr/bin/swiftc -module-name PicPacPresentation -O -whole-module-optimization @/tmp/picpac-phase3-hosted-performance/Build/Intermediates.noindex/PicPacKit.build/Test-iphonesimulator/PicPacPresentation.build/Objects-normal/arm64/PicPacPresentation.SwiftFileList -DSWIFT_PACKAGE -DSWIFT_MODULE_RESOURCE_BUNDLE_UNAVAILABLE -DXcode -plugin-path /Applications/Xcode.app/Contents/Developer/Toolchains/XcodeDefault.xctoolchain/usr/lib/swift/host/plugins/testing -enable-experimental-feature DebugDescriptionMacro -sdk /Applications/Xcode.app/Contents/Developer/Platforms/iPhoneSimulator.platform/Developer/SDKs/iPhoneSimulator26.5.sdk -target arm64-apple-ios17.0-simulator -g -module-cache-path /tmp/picpac-phase3-hosted-performance/ModuleCache.noindex -Xfrontend -serialize-debugging-options -profile-coverage-mapping -profile-generate -suppress-warnings -swift-version 6 -I /tmp/picpac-phase3-hosted-performance/Build/Products/Test-iphonesimulator -Isystem /Applications/Xcode.app/Contents/Developer/Platforms/iPhoneSimulator.platform/Developer/usr/lib -F /tmp/picpac-phase3-hosted-performance/Build/Products/Test-iphonesimulator/PackageFrameworks -F /tmp/picpac-phase3-hosted-performance/Build/Products/Test-iphonesimulator -F /Applications/Xcode.app/Contents/Developer/Platforms/iPhoneSimulator.platform/Developer/Library/Frameworks -F /Applications/Xcode.app/Contents/Developer/Platforms/iPhoneSimulator.platform/Developer/SDKs/iPhoneSimulator26.5.sdk/Developer/Library/Frameworks -c -num-threads 12 -Xcc -ivfsstatcache -Xcc /tmp/picpac-phase3-hosted-performance/SDKStatCaches.noindex/iphonesimulator26.5-23F81a-6cfe768891a92b912361537c460fe42b.sdkstatcache -output-file-map /tmp/picpac-phase3-hosted-performance/Build/Intermediates.noindex/PicPacKit.build/Test-iphonesimulator/PicPacPresentation.build/Objects-normal/arm64/PicPacPresentation-OutputFileMap.json -use-frontend-parseable-output -save-temps -no-color-diagnostics -explicit-module-build -module-cache-path /tmp/picpac-phase3-hosted-performance/Build/Intermediates.noindex/SwiftExplicitPrecompiledModules -clang-scanner-module-cache-path /tmp/picpac-phase3-hosted-performance/ModuleCache.noindex -sdk-module-cache-path /tmp/picpac-phase3-hosted-performance/ModuleCache.noindex -serialize-diagnostics -emit-dependencies -emit-module -emit-module-path /tmp/picpac-phase3-hosted-performance/Build/Intermediates.noindex/PicPacKit.build/Test-iphonesimulator/PicPacPresentation.build/Objects-normal/arm64/PicPacPresentation.swiftmodule -validate-clang-modules-once -clang-build-session-file /tmp/picpac-phase3-hosted-performance/ModuleCache.noindex/Session.modulevalidation -package-name picpackit -Xcc -I/tmp/picpac-phase3-hosted-performance/Build/Intermediates.noindex/PicPacKit.build/Test-iphonesimulator/PicPacPresentation.build/swift-overrides.hmap -emit-const-values -Xfrontend -const-gather-protocols-file -Xfrontend /tmp/picpac-phase3-hosted-performance/Build/Intermediates.noindex/PicPacKit.build/Test-iphonesimulator/PicPacPresentation.build/Objects-normal/arm64/PicPacPresentation_const_extract_protocols.json -Xcc -I/tmp/picpac-phase3-hosted-performance/Build/Products/Test-iphonesimulator/include -Xcc -I/tmp/picpac-phase3-hosted-performance/Build/Intermediates.noindex/PicPacKit.build/Test-iphonesimulator/PicPacPresentation.build/DerivedSources-normal/arm64 -Xcc -I/tmp/picpac-phase3-hosted-performance/Build/Intermediates.noindex/PicPacKit.build/Test-iphonesimulator/PicPacPresentation.build/DerivedSources/arm64 -Xcc -I/tmp/picpac-phase3-hosted-performance/Build/Intermediates.noindex/PicPacKit.build/Test-iphonesimulator/PicPacPresentation.build/DerivedSources -Xcc -DSWIFT_PACKAGE -emit-objc-header -emit-objc-header-path /tmp/picpac-phase3-hosted-performance/Build/Intermediates.noindex/PicPacKit.build/Test-iphonesimulator/PicPacPresentation.build/Objects-normal/arm64/PicPacPresentation-Swift.h -working-directory /Users/bavabangaru/Developer/pic-pac-poe-ios-native-parity/ios/PicPacPoe.xcodeproj -no-emit-module-separately-wmo

SwiftDriver PicPacAI normal arm64 com.apple.xcode.tools.swift.compiler (in target 'PicPacAI' from project 'PicPacKit')
    cd /Users/bavabangaru/Developer/pic-pac-poe-ios-native-parity/ios/PicPacPoe.xcodeproj
    builtin-SwiftDriver -- /Applications/Xcode.app/Contents/Developer/Toolchains/XcodeDefault.xctoolchain/usr/bin/swiftc -module-name PicPacAI -O -whole-module-optimization @/tmp/picpac-phase3-hosted-performance/Build/Intermediates.noindex/PicPacKit.build/Test-iphonesimulator/PicPacAI.build/Objects-normal/arm64/PicPacAI.SwiftFileList -DSWIFT_PACKAGE -DSWIFT_MODULE_RESOURCE_BUNDLE_AVAILABLE -DXcode -plugin-path /Applications/Xcode.app/Contents/Developer/Toolchains/XcodeDefault.xctoolchain/usr/lib/swift/host/plugins/testing -enable-experimental-feature DebugDescriptionMacro -sdk /Applications/Xcode.app/Contents/Developer/Platforms/iPhoneSimulator.platform/Developer/SDKs/iPhoneSimulator26.5.sdk -target arm64-apple-ios17.0-simulator -g -module-cache-path /tmp/picpac-phase3-hosted-performance/ModuleCache.noindex -Xfrontend -serialize-debugging-options -profile-coverage-mapping -profile-generate -suppress-warnings -swift-version 6 -I /tmp/picpac-phase3-hosted-performance/Build/Products/Test-iphonesimulator -Isystem /Applications/Xcode.app/Contents/Developer/Platforms/iPhoneSimulator.platform/Developer/usr/lib -F /tmp/picpac-phase3-hosted-performance/Build/Products/Test-iphonesimulator/PackageFrameworks -F /tmp/picpac-phase3-hosted-performance/Build/Products/Test-iphonesimulator -F /Applications/Xcode.app/Contents/Developer/Platforms/iPhoneSimulator.platform/Developer/Library/Frameworks -F /Applications/Xcode.app/Contents/Developer/Platforms/iPhoneSimulator.platform/Developer/SDKs/iPhoneSimulator26.5.sdk/Developer/Library/Frameworks -c -num-threads 12 -Xcc -ivfsstatcache -Xcc /tmp/picpac-phase3-hosted-performance/SDKStatCaches.noindex/iphonesimulator26.5-23F81a-6cfe768891a92b912361537c460fe42b.sdkstatcache -output-file-map /tmp/picpac-phase3-hosted-performance/Build/Intermediates.noindex/PicPacKit.build/Test-iphonesimulator/PicPacAI.build/Objects-normal/arm64/PicPacAI-OutputFileMap.json -use-frontend-parseable-output -save-temps -no-color-diagnostics -explicit-module-build -module-cache-path /tmp/picpac-phase3-hosted-performance/Build/Intermediates.noindex/SwiftExplicitPrecompiledModules -clang-scanner-module-cache-path /tmp/picpac-phase3-hosted-performance/ModuleCache.noindex -sdk-module-cache-path /tmp/picpac-phase3-hosted-performance/ModuleCache.noindex -serialize-diagnostics -emit-dependencies -emit-module -emit-module-path /tmp/picpac-phase3-hosted-performance/Build/Intermediates.noindex/PicPacKit.build/Test-iphonesimulator/PicPacAI.build/Objects-normal/arm64/PicPacAI.swiftmodule -validate-clang-modules-once -clang-build-session-file /tmp/picpac-phase3-hosted-performance/ModuleCache.noindex/Session.modulevalidation -package-name picpackit -Xcc -I/tmp/picpac-phase3-hosted-performance/Build/Intermediates.noindex/PicPacKit.build/Test-iphonesimulator/PicPacAI.build/swift-overrides.hmap -emit-const-values -Xfrontend -const-gather-protocols-file -Xfrontend /tmp/picpac-phase3-hosted-performance/Build/Intermediates.noindex/PicPacKit.build/Test-iphonesimulator/PicPacAI.build/Objects-normal/arm64/PicPacAI_const_extract_protocols.json -Xcc -I/tmp/picpac-phase3-hosted-performance/Build/Products/Test-iphonesimulator/include -Xcc -I/tmp/picpac-phase3-hosted-performance/Build/Intermediates.noindex/PicPacKit.build/Test-iphonesimulator/PicPacAI.build/DerivedSources-normal/arm64 -Xcc -I/tmp/picpac-phase3-hosted-performance/Build/Intermediates.noindex/PicPacKit.build/Test-iphonesimulator/PicPacAI.build/DerivedSources/arm64 -Xcc -I/tmp/picpac-phase3-hosted-performance/Build/Intermediates.noindex/PicPacKit.build/Test-iphonesimulator/PicPacAI.build/DerivedSources -Xcc -DSWIFT_PACKAGE -emit-objc-header -emit-objc-header-path /tmp/picpac-phase3-hosted-performance/Build/Intermediates.noindex/PicPacKit.build/Test-iphonesimulator/PicPacAI.build/Objects-normal/arm64/PicPacAI-Swift.h -working-directory /Users/bavabangaru/Developer/pic-pac-poe-ios-native-parity/ios/PicPacPoe.xcodeproj -no-emit-module-separately-wmo

ExtractAppIntentsMetadata (in target 'PicPacCore' from project 'PicPacKit')
    cd /Users/bavabangaru/Developer/pic-pac-poe-ios-native-parity/ios/Packages/PicPacKit
    /Applications/Xcode.app/Contents/Developer/Toolchains/XcodeDefault.xctoolchain/usr/bin/appintentsmetadataprocessor --toolchain-dir /Applications/Xcode.app/Contents/Developer/Toolchains/XcodeDefault.xctoolchain --module-name PicPacCore --sdk-root /Applications/Xcode.app/Contents/Developer/Platforms/iPhoneSimulator.platform/Developer/SDKs/iPhoneSimulator26.5.sdk --xcode-version 17F113 --platform-family iOS --deployment-target 17.0 --bundle-identifier picpackit.PicPacCore --output /tmp/picpac-phase3-hosted-performance/Build/Products/Test-iphonesimulator/PicPacCore.appintents --target-triple arm64-apple-ios17.0-simulator --binary-file /tmp/picpac-phase3-hosted-performance/Build/Products/Test-iphonesimulator/PicPacCore.o --dependency-file /tmp/picpac-phase3-hosted-performance/Build/Intermediates.noindex/PicPacKit.build/Test-iphonesimulator/PicPacCore.build/Objects-normal/arm64/PicPacCore_dependency_info.dat --stringsdata-file /tmp/picpac-phase3-hosted-performance/Build/Intermediates.noindex/PicPacKit.build/Test-iphonesimulator/PicPacCore.build/Objects-normal/arm64/ExtractedAppShortcutsMetadata.stringsdata --source-file-list /tmp/picpac-phase3-hosted-performance/Build/Intermediates.noindex/PicPacKit.build/Test-iphonesimulator/PicPacCore.build/Objects-normal/arm64/PicPacCore.SwiftFileList --metadata-file-list /tmp/picpac-phase3-hosted-performance/Build/Intermediates.noindex/PicPacKit.build/Test-iphonesimulator/PicPacCore.build/PicPacCore.DependencyMetadataFileList --static-metadata-file-list /tmp/picpac-phase3-hosted-performance/Build/Intermediates.noindex/PicPacKit.build/Test-iphonesimulator/PicPacCore.build/PicPacCore.DependencyStaticMetadataFileList --swift-const-vals-list /tmp/picpac-phase3-hosted-performance/Build/Intermediates.noindex/PicPacKit.build/Test-iphonesimulator/PicPacCore.build/Objects-normal/arm64/PicPacCore.SwiftConstValuesFileList --force --compile-time-extraction --deployment-aware-processing --validate-assistant-intents --no-app-shortcuts-localization
2026-09-21 09:02:57.530 appintentsmetadataprocessor[2518:107905137] Starting appintentsmetadataprocessor export
2026-09-21 09:02:57.858 appintentsmetadataprocessor[2518:107905137] Extracted no relevant App Intents symbols, skipping writing output

SwiftCompile normal arm64 Compiling\ GameCoordinator.swift,\ PresentationDependencies.swift,\ PresentationModels.swift,\ RestorationValidation.swift /Users/bavabangaru/Developer/pic-pac-poe-ios-native-parity/ios/Packages/PicPacKit/Sources/PicPacPresentation/GameCoordinator.swift /Users/bavabangaru/Developer/pic-pac-poe-ios-native-parity/ios/Packages/PicPacKit/Sources/PicPacPresentation/PresentationDependencies.swift /Users/bavabangaru/Developer/pic-pac-poe-ios-native-parity/ios/Packages/PicPacKit/Sources/PicPacPresentation/PresentationModels.swift /Users/bavabangaru/Developer/pic-pac-poe-ios-native-parity/ios/Packages/PicPacKit/Sources/PicPacPresentation/RestorationValidation.swift /Applications/Xcode.app/Contents/Developer/Toolchains/XcodeDefault.xctoolchain/usr/lib/swift/iphonesimulator/prebuilt-modules/26.5/Observation.swiftmodule/arm64-apple-ios-simulator.swiftmodule /tmp/picpac-phase3-hosted-performance/Build/Products/Test-iphonesimulator/PicPacCore.swiftmodule/arm64-apple-ios-simulator.swiftmodule /Applications/Xcode.app/Contents/Developer/Toolchains/XcodeDefault.xctoolchain/usr/lib/swift/iphonesimulator/prebuilt-modules/26.5/Foundation.swiftmodule/arm64-apple-ios-simulator.swiftmodule /Applications/Xcode.app/Contents/Developer/Toolchains/XcodeDefault.xctoolchain/usr/lib/swift/iphonesimulator/prebuilt-modules/26.5/_StringProcessing.swiftmodule/arm64-apple-ios-simulator.swiftmodule /Applications/Xcode.app/Contents/Developer/Toolchains/XcodeDefault.xctoolchain/usr/lib/swift/iphonesimulator/prebuilt-modules/26.5/System.swiftmodule/arm64-apple-ios-simulator.swiftmodule /Applications/Xcode.app/Contents/Developer/Toolchains/XcodeDefault.xctoolchain/usr/lib/swift/iphonesimulator/prebuilt-modules/26.5/Swift.swiftmodule/arm64-apple-ios-simulator.swiftmodule /Applications/Xcode.app/Contents/Developer/Toolchains/XcodeDefault.xctoolchain/usr/lib/swift/iphonesimulator/prebuilt-modules/26.5/_Concurrency.swiftmodule/arm64-apple-ios-simulator.swiftmodule /Applications/Xcode.app/Contents/Developer/Toolchains/XcodeDefault.xctoolchain/usr/lib/swift/iphonesimulator/prebuilt-modules/26.5/_DarwinFoundation1.swiftmodule/arm64-apple-ios-simulator.swiftmodule /Applications/Xcode.app/Contents/Developer/Toolchains/XcodeDefault.xctoolchain/usr/lib/swift/iphonesimulator/prebuilt-modules/26.5/CoreFoundation.swiftmodule/arm64-apple-ios-simulator.swiftmodule /Applications/Xcode.app/Contents/Developer/Toolchains/XcodeDefault.xctoolchain/usr/lib/swift/iphonesimulator/prebuilt-modules/26.5/Dispatch.swiftmodule/arm64-apple-ios-simulator.swiftmodule /Applications/Xcode.app/Contents/Developer/Toolchains/XcodeDefault.xctoolchain/usr/lib/swift/iphonesimulator/prebuilt-modules/26.5/Combine.swiftmodule/arm64-apple-ios-simulator.swiftmodule /Applications/Xcode.app/Contents/Developer/Toolchains/XcodeDefault.xctoolchain/usr/lib/swift/iphonesimulator/prebuilt-modules/26.5/_Builtin_float.swiftmodule/arm64-apple-ios-simulator.swiftmodule /Applications/Xcode.app/Contents/Developer/Toolchains/XcodeDefault.xctoolchain/usr/lib/swift/iphonesimulator/prebuilt-modules/26.5/XPC.swiftmodule/arm64-apple-ios-simulator.swiftmodule /Applications/Xcode.app/Contents/Developer/Toolchains/XcodeDefault.xctoolchain/usr/lib/swift/iphonesimulator/prebuilt-modules/26.5/Darwin.swiftmodule/arm64-apple-ios-simulator.swiftmodule /Applications/Xcode.app/Contents/Developer/Toolchains/XcodeDefault.xctoolchain/usr/lib/swift/iphonesimulator/prebuilt-modules/26.5/_DarwinFoundation3.swiftmodule/arm64-apple-ios-simulator.swiftmodule /Applications/Xcode.app/Contents/Developer/Toolchains/XcodeDefault.xctoolchain/usr/lib/swift/iphonesimulator/prebuilt-modules/26.5/_DarwinFoundation2.swiftmodule/arm64-apple-ios-simulator.swiftmodule /Applications/Xcode.app/Contents/Developer/Toolchains/XcodeDefault.xctoolchain/usr/lib/swift/iphonesimulator/prebuilt-modules/26.5/ObjectiveC.swiftmodule/arm64-apple-ios-simulator.swiftmodule /tmp/picpac-phase3-hosted-performance/ModuleCache.noindex/_DarwinFoundation2-C05DEDYJ5EWPOD0EQ93UGYZTM.pcm /tmp/picpac-phase3-hosted-performance/ModuleCache.noindex/_DarwinFoundation1-EY8THRSHP0BVWH598RN0IBBUN.pcm /tmp/picpac-phase3-hosted-performance/ModuleCache.noindex/_Builtin_float-1IFCV0POUSYY86H1XDM7LGTBN.pcm /tmp/picpac-phase3-hosted-performance/ModuleCache.noindex/os_workgroup-1VZ77P8BVJJ1LATRUULBNWDPO.pcm /tmp/picpac-phase3-hosted-performance/ModuleCache.noindex/Dispatch-6534YZPH7N126OQFXOEATZNQD.pcm /tmp/picpac-phase3-hosted-performance/ModuleCache.noindex/_SwiftConcurrencyShims-2E579WIPDAAA8F1K9GG9694LW.pcm /tmp/picpac-phase3-hosted-performance/ModuleCache.noindex/_Builtin_inttypes-63LYY2KEDUI3U6K6JPQYA2NBT.pcm /tmp/picpac-phase3-hosted-performance/ModuleCache.noindex/SwiftShims-DAB4UD3UOXY0FEI7MNO92DG2I.pcm /tmp/picpac-phase3-hosted-performance/ModuleCache.noindex/_Builtin_stdarg-BZJOQML9JZLXA5C0K3XBKCI29.pcm /tmp/picpac-phase3-hosted-performance/ModuleCache.noindex/CoreFoundation-B3J2ZXODXGSLG6XCM0I75966A.pcm /tmp/picpac-phase3-hosted-performance/ModuleCache.noindex/Foundation-AEI8GY5OF7QPKT3MXTB360TJJ.pcm /tmp/picpac-phase3-hosted-performance/ModuleCache.noindex/_Builtin_stddef-EO503IEYQTA2WBY8G2H991246.pcm /tmp/picpac-phase3-hosted-performance/ModuleCache.noindex/_DarwinFoundation3-6NRV7QWCPBAUAGE7BU6AEPE1S.pcm /tmp/picpac-phase3-hosted-performance/ModuleCache.noindex/ptrauth-4YOMOD1OVBR6D106U8IC0IKYW.pcm /tmp/picpac-phase3-hosted-performance/ModuleCache.noindex/ObjectiveC-AFLR924X4P9YTLAQ4NOY9BUR4.pcm /tmp/picpac-phase3-hosted-performance/ModuleCache.noindex/_Builtin_limits-26DGU0T9K78VSDCHBADZ5IGB.pcm /tmp/picpac-phase3-hosted-performance/ModuleCache.noindex/CFNetwork-AFXFWIGPF7R8HH7JQELB0MGG6.pcm /tmp/picpac-phase3-hosted-performance/ModuleCache.noindex/ptrcheck-8BSXBT9ZQCDIK67ADBPUWC99A.pcm /tmp/picpac-phase3-hosted-performance/ModuleCache.noindex/_Builtin_stdint-BAY5DN1NBJDDJLLLA2YCSAN6W.pcm /tmp/picpac-phase3-hosted-performance/ModuleCache.noindex/Darwin-GERNMJV21A4OCD3RET4QK0Y4.pcm /tmp/picpac-phase3-hosted-performance/ModuleCache.noindex/sys_types-CJ93W84KVOG4SLIT5YE42AIZ7.pcm /tmp/picpac-phase3-hosted-performance/ModuleCache.noindex/os_object-6R49XX6JE2N2G9N88VNHX0ANL.pcm /tmp/picpac-phase3-hosted-performance/ModuleCache.noindex/XPC-1IJEK75N5U8BY1PKQ4PQ93GUJ.pcm /tmp/picpac-phase3-hosted-performance/ModuleCache.noindex/_AvailabilityInternal-BF3GO34YOINZD1JM31LD0YB4O.pcm /tmp/picpac-phase3-hosted-performance/ModuleCache.noindex/Security-9DCGXXPCBN7XA2MOE5RQ7CA7Z.pcm /tmp/picpac-phase3-hosted-performance/ModuleCache.noindex/_Builtin_stdbool-AN4Q6V52QAO0KLQC5XTTNW1CZ.pcm /tmp/picpac-phase3-hosted-performance/Build/Intermediates.noindex/PicPacKit.build/Test-iphonesimulator/PicPacPresentation.build/Objects-normal/arm64/PicPacPresentation-dependencies-1.json (in target 'PicPacPresentation' from project 'PicPacKit')
CompileSwift normal arm64 (in target 'PicPacPresentation' from project 'PicPacKit')
    cd /Users/bavabangaru/Developer/pic-pac-poe-ios-native-parity/ios/PicPacPoe.xcodeproj
    

SwiftDriver\ Compilation PicPacPresentation normal arm64 com.apple.xcode.tools.swift.compiler (in target 'PicPacPresentation' from project 'PicPacKit')
    cd /Users/bavabangaru/Developer/pic-pac-poe-ios-native-parity/ios/PicPacPoe.xcodeproj
    builtin-Swift-Compilation -- /Applications/Xcode.app/Contents/Developer/Toolchains/XcodeDefault.xctoolchain/usr/bin/swiftc -module-name PicPacPresentation -O -whole-module-optimization @/tmp/picpac-phase3-hosted-performance/Build/Intermediates.noindex/PicPacKit.build/Test-iphonesimulator/PicPacPresentation.build/Objects-normal/arm64/PicPacPresentation.SwiftFileList -DSWIFT_PACKAGE -DSWIFT_MODULE_RESOURCE_BUNDLE_UNAVAILABLE -DXcode -plugin-path /Applications/Xcode.app/Contents/Developer/Toolchains/XcodeDefault.xctoolchain/usr/lib/swift/host/plugins/testing -enable-experimental-feature DebugDescriptionMacro -sdk /Applications/Xcode.app/Contents/Developer/Platforms/iPhoneSimulator.platform/Developer/SDKs/iPhoneSimulator26.5.sdk -target arm64-apple-ios17.0-simulator -g -module-cache-path /tmp/picpac-phase3-hosted-performance/ModuleCache.noindex -Xfrontend -serialize-debugging-options -profile-coverage-mapping -profile-generate -suppress-warnings -swift-version 6 -I /tmp/picpac-phase3-hosted-performance/Build/Products/Test-iphonesimulator -Isystem /Applications/Xcode.app/Contents/Developer/Platforms/iPhoneSimulator.platform/Developer/usr/lib -F /tmp/picpac-phase3-hosted-performance/Build/Products/Test-iphonesimulator/PackageFrameworks -F /tmp/picpac-phase3-hosted-performance/Build/Products/Test-iphonesimulator -F /Applications/Xcode.app/Contents/Developer/Platforms/iPhoneSimulator.platform/Developer/Library/Frameworks -F /Applications/Xcode.app/Contents/Developer/Platforms/iPhoneSimulator.platform/Developer/SDKs/iPhoneSimulator26.5.sdk/Developer/Library/Frameworks -c -num-threads 12 -Xcc -ivfsstatcache -Xcc /tmp/picpac-phase3-hosted-performance/SDKStatCaches.noindex/iphonesimulator26.5-23F81a-6cfe768891a92b912361537c460fe42b.sdkstatcache -output-file-map /tmp/picpac-phase3-hosted-performance/Build/Intermediates.noindex/PicPacKit.build/Test-iphonesimulator/PicPacPresentation.build/Objects-normal/arm64/PicPacPresentation-OutputFileMap.json -use-frontend-parseable-output -save-temps -no-color-diagnostics -explicit-module-build -module-cache-path /tmp/picpac-phase3-hosted-performance/Build/Intermediates.noindex/SwiftExplicitPrecompiledModules -clang-scanner-module-cache-path /tmp/picpac-phase3-hosted-performance/ModuleCache.noindex -sdk-module-cache-path /tmp/picpac-phase3-hosted-performance/ModuleCache.noindex -serialize-diagnostics -emit-dependencies -emit-module -emit-module-path /tmp/picpac-phase3-hosted-performance/Build/Intermediates.noindex/PicPacKit.build/Test-iphonesimulator/PicPacPresentation.build/Objects-normal/arm64/PicPacPresentation.swiftmodule -validate-clang-modules-once -clang-build-session-file /tmp/picpac-phase3-hosted-performance/ModuleCache.noindex/Session.modulevalidation -package-name picpackit -Xcc -I/tmp/picpac-phase3-hosted-performance/Build/Intermediates.noindex/PicPacKit.build/Test-iphonesimulator/PicPacPresentation.build/swift-overrides.hmap -emit-const-values -Xfrontend -const-gather-protocols-file -Xfrontend /tmp/picpac-phase3-hosted-performance/Build/Intermediates.noindex/PicPacKit.build/Test-iphonesimulator/PicPacPresentation.build/Objects-normal/arm64/PicPacPresentation_const_extract_protocols.json -Xcc -I/tmp/picpac-phase3-hosted-performance/Build/Products/Test-iphonesimulator/include -Xcc -I/tmp/picpac-phase3-hosted-performance/Build/Intermediates.noindex/PicPacKit.build/Test-iphonesimulator/PicPacPresentation.build/DerivedSources-normal/arm64 -Xcc -I/tmp/picpac-phase3-hosted-performance/Build/Intermediates.noindex/PicPacKit.build/Test-iphonesimulator/PicPacPresentation.build/DerivedSources/arm64 -Xcc -I/tmp/picpac-phase3-hosted-performance/Build/Intermediates.noindex/PicPacKit.build/Test-iphonesimulator/PicPacPresentation.build/DerivedSources -Xcc -DSWIFT_PACKAGE -emit-objc-header -emit-objc-header-path /tmp/picpac-phase3-hosted-performance/Build/Intermediates.noindex/PicPacKit.build/Test-iphonesimulator/PicPacPresentation.build/Objects-normal/arm64/PicPacPresentation-Swift.h -working-directory /Users/bavabangaru/Developer/pic-pac-poe-ios-native-parity/ios/PicPacPoe.xcodeproj -no-emit-module-separately-wmo

RegisterExecutionPolicyException /tmp/picpac-phase3-hosted-performance/Build/Products/Test-iphonesimulator/PicPacCore.o (in target 'PicPacCore' from project 'PicPacKit')
    cd /Users/bavabangaru/Developer/pic-pac-poe-ios-native-parity/ios/Packages/PicPacKit
    builtin-RegisterExecutionPolicyException /tmp/picpac-phase3-hosted-performance/Build/Products/Test-iphonesimulator/PicPacCore.o

SwiftCompile normal arm64 Compiling\ resource_bundle_accessor.swift,\ AIContracts.swift,\ ExpectiminimaxAgent.swift,\ FastAgents.swift,\ PositionEvaluator.swift,\ ProductionAIEngine.swift,\ RandomSources.swift,\ ReferenceExpectiminimax.swift,\ SearchModel.swift,\ StochasticMCTSAgent.swift,\ TabularPolicy.swift /tmp/picpac-phase3-hosted-performance/Build/Intermediates.noindex/PicPacKit.build/Test-iphonesimulator/PicPacAI.build/DerivedSources/resource_bundle_accessor.swift /Users/bavabangaru/Developer/pic-pac-poe-ios-native-parity/ios/Packages/PicPacKit/Sources/PicPacAI/AIContracts.swift /Users/bavabangaru/Developer/pic-pac-poe-ios-native-parity/ios/Packages/PicPacKit/Sources/PicPacAI/ExpectiminimaxAgent.swift /Users/bavabangaru/Developer/pic-pac-poe-ios-native-parity/ios/Packages/PicPacKit/Sources/PicPacAI/FastAgents.swift /Users/bavabangaru/Developer/pic-pac-poe-ios-native-parity/ios/Packages/PicPacKit/Sources/PicPacAI/PositionEvaluator.swift /Users/bavabangaru/Developer/pic-pac-poe-ios-native-parity/ios/Packages/PicPacKit/Sources/PicPacAI/ProductionAIEngine.swift /Users/bavabangaru/Developer/pic-pac-poe-ios-native-parity/ios/Packages/PicPacKit/Sources/PicPacAI/RandomSources.swift /Users/bavabangaru/Developer/pic-pac-poe-ios-native-parity/ios/Packages/PicPacKit/Sources/PicPacAI/ReferenceExpectiminimax.swift /Users/bavabangaru/Developer/pic-pac-poe-ios-native-parity/ios/Packages/PicPacKit/Sources/PicPacAI/SearchModel.swift /Users/bavabangaru/Developer/pic-pac-poe-ios-native-parity/ios/Packages/PicPacKit/Sources/PicPacAI/StochasticMCTSAgent.swift /Users/bavabangaru/Developer/pic-pac-poe-ios-native-parity/ios/Packages/PicPacKit/Sources/PicPacAI/TabularPolicy.swift /Applications/Xcode.app/Contents/Developer/Toolchains/XcodeDefault.xctoolchain/usr/lib/swift/iphonesimulator/prebuilt-modules/26.5/Swift.swiftmodule/arm64-apple-ios-simulator.swiftmodule /Applications/Xcode.app/Contents/Developer/Toolchains/XcodeDefault.xctoolchain/usr/lib/swift/iphonesimulator/prebuilt-modules/26.5/Dispatch.swiftmodule/arm64-apple-ios-simulator.swiftmodule /Applications/Xcode.app/Contents/Developer/Toolchains/XcodeDefault.xctoolchain/usr/lib/swift/iphonesimulator/prebuilt-modules/26.5/_DarwinFoundation3.swiftmodule/arm64-apple-ios-simulator.swiftmodule /Applications/Xcode.app/Contents/Developer/Toolchains/XcodeDefault.xctoolchain/usr/lib/swift/iphonesimulator/prebuilt-modules/26.5/_Concurrency.swiftmodule/arm64-apple-ios-simulator.swiftmodule /Applications/Xcode.app/Contents/Developer/Toolchains/XcodeDefault.xctoolchain/usr/lib/swift/iphonesimulator/prebuilt-modules/26.5/Observation.swiftmodule/arm64-apple-ios-simulator.swiftmodule /Applications/Xcode.app/Contents/Developer/Toolchains/XcodeDefault.xctoolchain/usr/lib/swift/iphonesimulator/prebuilt-modules/26.5/_DarwinFoundation1.swiftmodule/arm64-apple-ios-simulator.swiftmodule /Applications/Xcode.app/Contents/Developer/Toolchains/XcodeDefault.xctoolchain/usr/lib/swift/iphonesimulator/prebuilt-modules/26.5/System.swiftmodule/arm64-apple-ios-simulator.swiftmodule /Applications/Xcode.app/Contents/Developer/Toolchains/XcodeDefault.xctoolchain/usr/lib/swift/iphonesimulator/prebuilt-modules/26.5/ObjectiveC.swiftmodule/arm64-apple-ios-simulator.swiftmodule /Applications/Xcode.app/Contents/Developer/Toolchains/XcodeDefault.xctoolchain/usr/lib/swift/iphonesimulator/prebuilt-modules/26.5/CoreFoundation.swiftmodule/arm64-apple-ios-simulator.swiftmodule /Applications/Xcode.app/Contents/Developer/Toolchains/XcodeDefault.xctoolchain/usr/lib/swift/iphonesimulator/prebuilt-modules/26.5/XPC.swiftmodule/arm64-apple-ios-simulator.swiftmodule /Applications/Xcode.app/Contents/Developer/Toolchains/XcodeDefault.xctoolchain/usr/lib/swift/iphonesimulator/prebuilt-modules/26.5/_DarwinFoundation2.swiftmodule/arm64-apple-ios-simulator.swiftmodule /tmp/picpac-phase3-hosted-performance/Build/Products/Test-iphonesimulator/PicPacCore.swiftmodule/arm64-apple-ios-simulator.swiftmodule /Applications/Xcode.app/Contents/Developer/Toolchains/XcodeDefault.xctoolchain/usr/lib/swift/iphonesimulator/prebuilt-modules/26.5/Foundation.swiftmodule/arm64-apple-ios-simulator.swiftmodule /Applications/Xcode.app/Contents/Developer/Toolchains/XcodeDefault.xctoolchain/usr/lib/swift/iphonesimulator/prebuilt-modules/26.5/_Builtin_float.swiftmodule/arm64-apple-ios-simulator.swiftmodule /Applications/Xcode.app/Contents/Developer/Toolchains/XcodeDefault.xctoolchain/usr/lib/swift/iphonesimulator/prebuilt-modules/26.5/Darwin.swiftmodule/arm64-apple-ios-simulator.swiftmodule /Applications/Xcode.app/Contents/Developer/Toolchains/XcodeDefault.xctoolchain/usr/lib/swift/iphonesimulator/prebuilt-modules/26.5/_StringProcessing.swiftmodule/arm64-apple-ios-simulator.swiftmodule /Applications/Xcode.app/Contents/Developer/Toolchains/XcodeDefault.xctoolchain/usr/lib/swift/iphonesimulator/prebuilt-modules/26.5/Combine.swiftmodule/arm64-apple-ios-simulator.swiftmodule /tmp/picpac-phase3-hosted-performance/ModuleCache.noindex/_Builtin_inttypes-63LYY2KEDUI3U6K6JPQYA2NBT.pcm /tmp/picpac-phase3-hosted-performance/ModuleCache.noindex/_Builtin_stdbool-AN4Q6V52QAO0KLQC5XTTNW1CZ.pcm /tmp/picpac-phase3-hosted-performance/ModuleCache.noindex/_AvailabilityInternal-BF3GO34YOINZD1JM31LD0YB4O.pcm /tmp/picpac-phase3-hosted-performance/ModuleCache.noindex/_Builtin_float-1IFCV0POUSYY86H1XDM7LGTBN.pcm /tmp/picpac-phase3-hosted-performance/ModuleCache.noindex/os_object-6R49XX6JE2N2G9N88VNHX0ANL.pcm /tmp/picpac-phase3-hosted-performance/ModuleCache.noindex/SwiftShims-DAB4UD3UOXY0FEI7MNO92DG2I.pcm /tmp/picpac-phase3-hosted-performance/ModuleCache.noindex/Darwin-GERNMJV21A4OCD3RET4QK0Y4.pcm /tmp/picpac-phase3-hosted-performance/ModuleCache.noindex/XPC-1IJEK75N5U8BY1PKQ4PQ93GUJ.pcm /tmp/picpac-phase3-hosted-performance/ModuleCache.noindex/CoreFoundation-B3J2ZXODXGSLG6XCM0I75966A.pcm /tmp/picpac-phase3-hosted-performance/ModuleCache.noindex/os_workgroup-1VZ77P8BVJJ1LATRUULBNWDPO.pcm /tmp/picpac-phase3-hosted-performance/ModuleCache.noindex/_Builtin_stdarg-BZJOQML9JZLXA5C0K3XBKCI29.pcm /tmp/picpac-phase3-hosted-performance/ModuleCache.noindex/Dispatch-6534YZPH7N126OQFXOEATZNQD.pcm /tmp/picpac-phase3-hosted-performance/ModuleCache.noindex/_DarwinFoundation1-EY8THRSHP0BVWH598RN0IBBUN.pcm /tmp/picpac-phase3-hosted-performance/ModuleCache.noindex/Security-9DCGXXPCBN7XA2MOE5RQ7CA7Z.pcm /tmp/picpac-phase3-hosted-performance/ModuleCache.noindex/ptrcheck-8BSXBT9ZQCDIK67ADBPUWC99A.pcm /tmp/picpac-phase3-hosted-performance/ModuleCache.noindex/_SwiftConcurrencyShims-2E579WIPDAAA8F1K9GG9694LW.pcm /tmp/picpac-phase3-hosted-performance/ModuleCache.noindex/_Builtin_limits-26DGU0T9K78VSDCHBADZ5IGB.pcm /tmp/picpac-phase3-hosted-performance/ModuleCache.noindex/_DarwinFoundation2-C05DEDYJ5EWPOD0EQ93UGYZTM.pcm /tmp/picpac-phase3-hosted-performance/ModuleCache.noindex/sys_types-CJ93W84KVOG4SLIT5YE42AIZ7.pcm /tmp/picpac-phase3-hosted-performance/ModuleCache.noindex/CFNetwork-AFXFWIGPF7R8HH7JQELB0MGG6.pcm /tmp/picpac-phase3-hosted-performance/ModuleCache.noindex/Foundation-AEI8GY5OF7QPKT3MXTB360TJJ.pcm /tmp/picpac-phase3-hosted-performance/ModuleCache.noindex/_Builtin_stddef-EO503IEYQTA2WBY8G2H991246.pcm /tmp/picpac-phase3-hosted-performance/ModuleCache.noindex/ptrauth-4YOMOD1OVBR6D106U8IC0IKYW.pcm /tmp/picpac-phase3-hosted-performance/ModuleCache.noindex/ObjectiveC-AFLR924X4P9YTLAQ4NOY9BUR4.pcm /tmp/picpac-phase3-hosted-performance/ModuleCache.noindex/_Builtin_stdint-BAY5DN1NBJDDJLLLA2YCSAN6W.pcm /tmp/picpac-phase3-hosted-performance/ModuleCache.noindex/_DarwinFoundation3-6NRV7QWCPBAUAGE7BU6AEPE1S.pcm /tmp/picpac-phase3-hosted-performance/Build/Intermediates.noindex/PicPacKit.build/Test-iphonesimulator/PicPacAI.build/Objects-normal/arm64/PicPacAI-dependencies-1.json (in target 'PicPacAI' from project 'PicPacKit')
CompileSwift normal arm64 (in target 'PicPacAI' from project 'PicPacKit')
    cd /Users/bavabangaru/Developer/pic-pac-poe-ios-native-parity/ios/PicPacPoe.xcodeproj
    

SwiftDriver\ Compilation PicPacAI normal arm64 com.apple.xcode.tools.swift.compiler (in target 'PicPacAI' from project 'PicPacKit')
    cd /Users/bavabangaru/Developer/pic-pac-poe-ios-native-parity/ios/PicPacPoe.xcodeproj
    builtin-Swift-Compilation -- /Applications/Xcode.app/Contents/Developer/Toolchains/XcodeDefault.xctoolchain/usr/bin/swiftc -module-name PicPacAI -O -whole-module-optimization @/tmp/picpac-phase3-hosted-performance/Build/Intermediates.noindex/PicPacKit.build/Test-iphonesimulator/PicPacAI.build/Objects-normal/arm64/PicPacAI.SwiftFileList -DSWIFT_PACKAGE -DSWIFT_MODULE_RESOURCE_BUNDLE_AVAILABLE -DXcode -plugin-path /Applications/Xcode.app/Contents/Developer/Toolchains/XcodeDefault.xctoolchain/usr/lib/swift/host/plugins/testing -enable-experimental-feature DebugDescriptionMacro -sdk /Applications/Xcode.app/Contents/Developer/Platforms/iPhoneSimulator.platform/Developer/SDKs/iPhoneSimulator26.5.sdk -target arm64-apple-ios17.0-simulator -g -module-cache-path /tmp/picpac-phase3-hosted-performance/ModuleCache.noindex -Xfrontend -serialize-debugging-options -profile-coverage-mapping -profile-generate -suppress-warnings -swift-version 6 -I /tmp/picpac-phase3-hosted-performance/Build/Products/Test-iphonesimulator -Isystem /Applications/Xcode.app/Contents/Developer/Platforms/iPhoneSimulator.platform/Developer/usr/lib -F /tmp/picpac-phase3-hosted-performance/Build/Products/Test-iphonesimulator/PackageFrameworks -F /tmp/picpac-phase3-hosted-performance/Build/Products/Test-iphonesimulator -F /Applications/Xcode.app/Contents/Developer/Platforms/iPhoneSimulator.platform/Developer/Library/Frameworks -F /Applications/Xcode.app/Contents/Developer/Platforms/iPhoneSimulator.platform/Developer/SDKs/iPhoneSimulator26.5.sdk/Developer/Library/Frameworks -c -num-threads 12 -Xcc -ivfsstatcache -Xcc /tmp/picpac-phase3-hosted-performance/SDKStatCaches.noindex/iphonesimulator26.5-23F81a-6cfe768891a92b912361537c460fe42b.sdkstatcache -output-file-map /tmp/picpac-phase3-hosted-performance/Build/Intermediates.noindex/PicPacKit.build/Test-iphonesimulator/PicPacAI.build/Objects-normal/arm64/PicPacAI-OutputFileMap.json -use-frontend-parseable-output -save-temps -no-color-diagnostics -explicit-module-build -module-cache-path /tmp/picpac-phase3-hosted-performance/Build/Intermediates.noindex/SwiftExplicitPrecompiledModules -clang-scanner-module-cache-path /tmp/picpac-phase3-hosted-performance/ModuleCache.noindex -sdk-module-cache-path /tmp/picpac-phase3-hosted-performance/ModuleCache.noindex -serialize-diagnostics -emit-dependencies -emit-module -emit-module-path /tmp/picpac-phase3-hosted-performance/Build/Intermediates.noindex/PicPacKit.build/Test-iphonesimulator/PicPacAI.build/Objects-normal/arm64/PicPacAI.swiftmodule -validate-clang-modules-once -clang-build-session-file /tmp/picpac-phase3-hosted-performance/ModuleCache.noindex/Session.modulevalidation -package-name picpackit -Xcc -I/tmp/picpac-phase3-hosted-performance/Build/Intermediates.noindex/PicPacKit.build/Test-iphonesimulator/PicPacAI.build/swift-overrides.hmap -emit-const-values -Xfrontend -const-gather-protocols-file -Xfrontend /tmp/picpac-phase3-hosted-performance/Build/Intermediates.noindex/PicPacKit.build/Test-iphonesimulator/PicPacAI.build/Objects-normal/arm64/PicPacAI_const_extract_protocols.json -Xcc -I/tmp/picpac-phase3-hosted-performance/Build/Products/Test-iphonesimulator/include -Xcc -I/tmp/picpac-phase3-hosted-performance/Build/Intermediates.noindex/PicPacKit.build/Test-iphonesimulator/PicPacAI.build/DerivedSources-normal/arm64 -Xcc -I/tmp/picpac-phase3-hosted-performance/Build/Intermediates.noindex/PicPacKit.build/Test-iphonesimulator/PicPacAI.build/DerivedSources/arm64 -Xcc -I/tmp/picpac-phase3-hosted-performance/Build/Intermediates.noindex/PicPacKit.build/Test-iphonesimulator/PicPacAI.build/DerivedSources -Xcc -DSWIFT_PACKAGE -emit-objc-header -emit-objc-header-path /tmp/picpac-phase3-hosted-performance/Build/Intermediates.noindex/PicPacKit.build/Test-iphonesimulator/PicPacAI.build/Objects-normal/arm64/PicPacAI-Swift.h -working-directory /Users/bavabangaru/Developer/pic-pac-poe-ios-native-parity/ios/PicPacPoe.xcodeproj -no-emit-module-separately-wmo

SwiftDriverJobDiscovery normal arm64 Compiling GameCoordinator.swift, PresentationDependencies.swift, PresentationModels.swift, RestorationValidation.swift (in target 'PicPacPresentation' from project 'PicPacKit')

SwiftDriver\ Compilation\ Requirements PicPacPresentation normal arm64 com.apple.xcode.tools.swift.compiler (in target 'PicPacPresentation' from project 'PicPacKit')
    cd /Users/bavabangaru/Developer/pic-pac-poe-ios-native-parity/ios/PicPacPoe.xcodeproj
    builtin-Swift-Compilation-Requirements -- /Applications/Xcode.app/Contents/Developer/Toolchains/XcodeDefault.xctoolchain/usr/bin/swiftc -module-name PicPacPresentation -O -whole-module-optimization @/tmp/picpac-phase3-hosted-performance/Build/Intermediates.noindex/PicPacKit.build/Test-iphonesimulator/PicPacPresentation.build/Objects-normal/arm64/PicPacPresentation.SwiftFileList -DSWIFT_PACKAGE -DSWIFT_MODULE_RESOURCE_BUNDLE_UNAVAILABLE -DXcode -plugin-path /Applications/Xcode.app/Contents/Developer/Toolchains/XcodeDefault.xctoolchain/usr/lib/swift/host/plugins/testing -enable-experimental-feature DebugDescriptionMacro -sdk /Applications/Xcode.app/Contents/Developer/Platforms/iPhoneSimulator.platform/Developer/SDKs/iPhoneSimulator26.5.sdk -target arm64-apple-ios17.0-simulator -g -module-cache-path /tmp/picpac-phase3-hosted-performance/ModuleCache.noindex -Xfrontend -serialize-debugging-options -profile-coverage-mapping -profile-generate -suppress-warnings -swift-version 6 -I /tmp/picpac-phase3-hosted-performance/Build/Products/Test-iphonesimulator -Isystem /Applications/Xcode.app/Contents/Developer/Platforms/iPhoneSimulator.platform/Developer/usr/lib -F /tmp/picpac-phase3-hosted-performance/Build/Products/Test-iphonesimulator/PackageFrameworks -F /tmp/picpac-phase3-hosted-performance/Build/Products/Test-iphonesimulator -F /Applications/Xcode.app/Contents/Developer/Platforms/iPhoneSimulator.platform/Developer/Library/Frameworks -F /Applications/Xcode.app/Contents/Developer/Platforms/iPhoneSimulator.platform/Developer/SDKs/iPhoneSimulator26.5.sdk/Developer/Library/Frameworks -c -num-threads 12 -Xcc -ivfsstatcache -Xcc /tmp/picpac-phase3-hosted-performance/SDKStatCaches.noindex/iphonesimulator26.5-23F81a-6cfe768891a92b912361537c460fe42b.sdkstatcache -output-file-map /tmp/picpac-phase3-hosted-performance/Build/Intermediates.noindex/PicPacKit.build/Test-iphonesimulator/PicPacPresentation.build/Objects-normal/arm64/PicPacPresentation-OutputFileMap.json -use-frontend-parseable-output -save-temps -no-color-diagnostics -explicit-module-build -module-cache-path /tmp/picpac-phase3-hosted-performance/Build/Intermediates.noindex/SwiftExplicitPrecompiledModules -clang-scanner-module-cache-path /tmp/picpac-phase3-hosted-performance/ModuleCache.noindex -sdk-module-cache-path /tmp/picpac-phase3-hosted-performance/ModuleCache.noindex -serialize-diagnostics -emit-dependencies -emit-module -emit-module-path /tmp/picpac-phase3-hosted-performance/Build/Intermediates.noindex/PicPacKit.build/Test-iphonesimulator/PicPacPresentation.build/Objects-normal/arm64/PicPacPresentation.swiftmodule -validate-clang-modules-once -clang-build-session-file /tmp/picpac-phase3-hosted-performance/ModuleCache.noindex/Session.modulevalidation -package-name picpackit -Xcc -I/tmp/picpac-phase3-hosted-performance/Build/Intermediates.noindex/PicPacKit.build/Test-iphonesimulator/PicPacPresentation.build/swift-overrides.hmap -emit-const-values -Xfrontend -const-gather-protocols-file -Xfrontend /tmp/picpac-phase3-hosted-performance/Build/Intermediates.noindex/PicPacKit.build/Test-iphonesimulator/PicPacPresentation.build/Objects-normal/arm64/PicPacPresentation_const_extract_protocols.json -Xcc -I/tmp/picpac-phase3-hosted-performance/Build/Products/Test-iphonesimulator/include -Xcc -I/tmp/picpac-phase3-hosted-performance/Build/Intermediates.noindex/PicPacKit.build/Test-iphonesimulator/PicPacPresentation.build/DerivedSources-normal/arm64 -Xcc -I/tmp/picpac-phase3-hosted-performance/Build/Intermediates.noindex/PicPacKit.build/Test-iphonesimulator/PicPacPresentation.build/DerivedSources/arm64 -Xcc -I/tmp/picpac-phase3-hosted-performance/Build/Intermediates.noindex/PicPacKit.build/Test-iphonesimulator/PicPacPresentation.build/DerivedSources -Xcc -DSWIFT_PACKAGE -emit-objc-header -emit-objc-header-path /tmp/picpac-phase3-hosted-performance/Build/Intermediates.noindex/PicPacKit.build/Test-iphonesimulator/PicPacPresentation.build/Objects-normal/arm64/PicPacPresentation-Swift.h -working-directory /Users/bavabangaru/Developer/pic-pac-poe-ios-native-parity/ios/PicPacPoe.xcodeproj -no-emit-module-separately-wmo

SwiftMergeGeneratedHeaders /tmp/picpac-phase3-hosted-performance/Build/Intermediates.noindex/GeneratedModuleMaps-iphonesimulator/PicPacPresentation-Swift.h /tmp/picpac-phase3-hosted-performance/Build/Intermediates.noindex/PicPacKit.build/Test-iphonesimulator/PicPacPresentation.build/Objects-normal/arm64/PicPacPresentation-Swift.h (in target 'PicPacPresentation' from project 'PicPacKit')
    cd /Users/bavabangaru/Developer/pic-pac-poe-ios-native-parity/ios/Packages/PicPacKit
    builtin-swiftHeaderTool -arch arm64 /tmp/picpac-phase3-hosted-performance/Build/Intermediates.noindex/PicPacKit.build/Test-iphonesimulator/PicPacPresentation.build/Objects-normal/arm64/PicPacPresentation-Swift.h -o /tmp/picpac-phase3-hosted-performance/Build/Intermediates.noindex/GeneratedModuleMaps-iphonesimulator/PicPacPresentation-Swift.h

Copy /tmp/picpac-phase3-hosted-performance/Build/Products/Test-iphonesimulator/PicPacPresentation.swiftmodule/arm64-apple-ios-simulator.swiftdoc /tmp/picpac-phase3-hosted-performance/Build/Intermediates.noindex/PicPacKit.build/Test-iphonesimulator/PicPacPresentation.build/Objects-normal/arm64/PicPacPresentation.swiftdoc (in target 'PicPacPresentation' from project 'PicPacKit')
    cd /Users/bavabangaru/Developer/pic-pac-poe-ios-native-parity/ios/Packages/PicPacKit
    builtin-copy -exclude .DS_Store -exclude CVS -exclude .svn -exclude .git -exclude .hg -strip-unsigned-binaries -strip-deterministic -strip-tool /Applications/Xcode.app/Contents/Developer/Toolchains/XcodeDefault.xctoolchain/usr/bin/strip -resolve-src-symlinks -rename /tmp/picpac-phase3-hosted-performance/Build/Intermediates.noindex/PicPacKit.build/Test-iphonesimulator/PicPacPresentation.build/Objects-normal/arm64/PicPacPresentation.swiftdoc /tmp/picpac-phase3-hosted-performance/Build/Products/Test-iphonesimulator/PicPacPresentation.swiftmodule/arm64-apple-ios-simulator.swiftdoc

Copy /tmp/picpac-phase3-hosted-performance/Build/Products/Test-iphonesimulator/PicPacPresentation.swiftmodule/arm64-apple-ios-simulator.abi.json /tmp/picpac-phase3-hosted-performance/Build/Intermediates.noindex/PicPacKit.build/Test-iphonesimulator/PicPacPresentation.build/Objects-normal/arm64/PicPacPresentation.abi.json (in target 'PicPacPresentation' from project 'PicPacKit')
    cd /Users/bavabangaru/Developer/pic-pac-poe-ios-native-parity/ios/Packages/PicPacKit
    builtin-copy -exclude .DS_Store -exclude CVS -exclude .svn -exclude .git -exclude .hg -strip-unsigned-binaries -strip-deterministic -strip-tool /Applications/Xcode.app/Contents/Developer/Toolchains/XcodeDefault.xctoolchain/usr/bin/strip -resolve-src-symlinks -rename /tmp/picpac-phase3-hosted-performance/Build/Intermediates.noindex/PicPacKit.build/Test-iphonesimulator/PicPacPresentation.build/Objects-normal/arm64/PicPacPresentation.abi.json /tmp/picpac-phase3-hosted-performance/Build/Products/Test-iphonesimulator/PicPacPresentation.swiftmodule/arm64-apple-ios-simulator.abi.json

Copy /tmp/picpac-phase3-hosted-performance/Build/Products/Test-iphonesimulator/PicPacPresentation.swiftmodule/arm64-apple-ios-simulator.swiftmodule /tmp/picpac-phase3-hosted-performance/Build/Intermediates.noindex/PicPacKit.build/Test-iphonesimulator/PicPacPresentation.build/Objects-normal/arm64/PicPacPresentation.swiftmodule (in target 'PicPacPresentation' from project 'PicPacKit')
    cd /Users/bavabangaru/Developer/pic-pac-poe-ios-native-parity/ios/Packages/PicPacKit
    builtin-copy -exclude .DS_Store -exclude CVS -exclude .svn -exclude .git -exclude .hg -strip-unsigned-binaries -strip-deterministic -strip-tool /Applications/Xcode.app/Contents/Developer/Toolchains/XcodeDefault.xctoolchain/usr/bin/strip -resolve-src-symlinks -rename /tmp/picpac-phase3-hosted-performance/Build/Intermediates.noindex/PicPacKit.build/Test-iphonesimulator/PicPacPresentation.build/Objects-normal/arm64/PicPacPresentation.swiftmodule /tmp/picpac-phase3-hosted-performance/Build/Products/Test-iphonesimulator/PicPacPresentation.swiftmodule/arm64-apple-ios-simulator.swiftmodule

Copy /tmp/picpac-phase3-hosted-performance/Build/Products/Test-iphonesimulator/PicPacPresentation.swiftmodule/Project/arm64-apple-ios-simulator.swiftsourceinfo /tmp/picpac-phase3-hosted-performance/Build/Intermediates.noindex/PicPacKit.build/Test-iphonesimulator/PicPacPresentation.build/Objects-normal/arm64/PicPacPresentation.swiftsourceinfo (in target 'PicPacPresentation' from project 'PicPacKit')
    cd /Users/bavabangaru/Developer/pic-pac-poe-ios-native-parity/ios/Packages/PicPacKit
    builtin-copy -exclude .DS_Store -exclude CVS -exclude .svn -exclude .git -exclude .hg -strip-unsigned-binaries -strip-deterministic -strip-tool /Applications/Xcode.app/Contents/Developer/Toolchains/XcodeDefault.xctoolchain/usr/bin/strip -resolve-src-symlinks -rename /tmp/picpac-phase3-hosted-performance/Build/Intermediates.noindex/PicPacKit.build/Test-iphonesimulator/PicPacPresentation.build/Objects-normal/arm64/PicPacPresentation.swiftsourceinfo /tmp/picpac-phase3-hosted-performance/Build/Products/Test-iphonesimulator/PicPacPresentation.swiftmodule/Project/arm64-apple-ios-simulator.swiftsourceinfo

Ld /tmp/picpac-phase3-hosted-performance/Build/Products/Test-iphonesimulator/PicPacPresentation.o normal (in target 'PicPacPresentation' from project 'PicPacKit')
    cd /Users/bavabangaru/Developer/pic-pac-poe-ios-native-parity/ios/Packages/PicPacKit
    /Applications/Xcode.app/Contents/Developer/Toolchains/XcodeDefault.xctoolchain/usr/bin/clang -Xlinker -reproducible -target arm64-apple-ios17.0-simulator -r -isysroot /Applications/Xcode.app/Contents/Developer/Platforms/iPhoneSimulator.platform/Developer/SDKs/iPhoneSimulator26.5.sdk -Os -w -F/tmp/picpac-phase3-hosted-performance/Build/Intermediates.noindex/EagerLinkingTBDs/Test-iphonesimulator -F/tmp/picpac-phase3-hosted-performance/Build/Products/Test-iphonesimulator/PackageFrameworks -F/tmp/picpac-phase3-hosted-performance/Build/Products/Test-iphonesimulator -iframework /Applications/Xcode.app/Contents/Developer/Platforms/iPhoneSimulator.platform/Developer/Library/Frameworks -iframework /Applications/Xcode.app/Contents/Developer/Platforms/iPhoneSimulator.platform/Developer/SDKs/iPhoneSimulator26.5.sdk/Developer/Library/Frameworks -filelist /tmp/picpac-phase3-hosted-performance/Build/Intermediates.noindex/PicPacKit.build/Test-iphonesimulator/PicPacPresentation.build/Objects-normal/arm64/PicPacPresentation.LinkFileList -nostdlib -Xlinker -object_path_lto -Xlinker /tmp/picpac-phase3-hosted-performance/Build/Intermediates.noindex/PicPacKit.build/Test-iphonesimulator/PicPacPresentation.build/Objects-normal/arm64/PicPacPresentation_lto.o -Xlinker -objc_abi_version -Xlinker 2 -Xlinker -debug_variant -Xlinker -dependency_info -Xlinker /tmp/picpac-phase3-hosted-performance/Build/Intermediates.noindex/PicPacKit.build/Test-iphonesimulator/PicPacPresentation.build/Objects-normal/arm64/PicPacPresentation_dependency_info.dat -fobjc-link-runtime -L/Applications/Xcode.app/Contents/Developer/Toolchains/XcodeDefault.xctoolchain/usr/lib/swift/iphonesimulator -L/usr/lib/swift -Xlinker -add_ast_path -Xlinker /tmp/picpac-phase3-hosted-performance/Build/Intermediates.noindex/PicPacKit.build/Test-iphonesimulator/PicPacPresentation.build/Objects-normal/arm64/PicPacPresentation.swiftmodule @/tmp/picpac-phase3-hosted-performance/Build/Intermediates.noindex/PicPacKit.build/Test-iphonesimulator/PicPacPresentation.build/Objects-normal/arm64/PicPacPresentation-linker-args.resp -o /tmp/picpac-phase3-hosted-performance/Build/Products/Test-iphonesimulator/PicPacPresentation.o

ExtractAppIntentsMetadata (in target 'PicPacPresentation' from project 'PicPacKit')
    cd /Users/bavabangaru/Developer/pic-pac-poe-ios-native-parity/ios/Packages/PicPacKit
    /Applications/Xcode.app/Contents/Developer/Toolchains/XcodeDefault.xctoolchain/usr/bin/appintentsmetadataprocessor --toolchain-dir /Applications/Xcode.app/Contents/Developer/Toolchains/XcodeDefault.xctoolchain --module-name PicPacPresentation --sdk-root /Applications/Xcode.app/Contents/Developer/Platforms/iPhoneSimulator.platform/Developer/SDKs/iPhoneSimulator26.5.sdk --xcode-version 17F113 --platform-family iOS --deployment-target 17.0 --bundle-identifier picpackit.PicPacPresentation --output /tmp/picpac-phase3-hosted-performance/Build/Products/Test-iphonesimulator/PicPacPresentation.appintents --target-triple arm64-apple-ios17.0-simulator --binary-file /tmp/picpac-phase3-hosted-performance/Build/Products/Test-iphonesimulator/PicPacPresentation.o --dependency-file /tmp/picpac-phase3-hosted-performance/Build/Intermediates.noindex/PicPacKit.build/Test-iphonesimulator/PicPacPresentation.build/Objects-normal/arm64/PicPacPresentation_dependency_info.dat --stringsdata-file /tmp/picpac-phase3-hosted-performance/Build/Intermediates.noindex/PicPacKit.build/Test-iphonesimulator/PicPacPresentation.build/Objects-normal/arm64/ExtractedAppShortcutsMetadata.stringsdata --source-file-list /tmp/picpac-phase3-hosted-performance/Build/Intermediates.noindex/PicPacKit.build/Test-iphonesimulator/PicPacPresentation.build/Objects-normal/arm64/PicPacPresentation.SwiftFileList --metadata-file-list /tmp/picpac-phase3-hosted-performance/Build/Intermediates.noindex/PicPacKit.build/Test-iphonesimulator/PicPacPresentation.build/PicPacPresentation.DependencyMetadataFileList --static-metadata-file-list /tmp/picpac-phase3-hosted-performance/Build/Intermediates.noindex/PicPacKit.build/Test-iphonesimulator/PicPacPresentation.build/PicPacPresentation.DependencyStaticMetadataFileList --swift-const-vals-list /tmp/picpac-phase3-hosted-performance/Build/Intermediates.noindex/PicPacKit.build/Test-iphonesimulator/PicPacPresentation.build/Objects-normal/arm64/PicPacPresentation.SwiftConstValuesFileList --force --compile-time-extraction --deployment-aware-processing --validate-assistant-intents --no-app-shortcuts-localization
2026-09-21 09:03:16.169 appintentsmetadataprocessor[2750:107907394] Starting appintentsmetadataprocessor export
2026-09-21 09:03:16.180 appintentsmetadataprocessor[2750:107907394] Extracted no relevant App Intents symbols, skipping writing output

RegisterExecutionPolicyException /tmp/picpac-phase3-hosted-performance/Build/Products/Test-iphonesimulator/PicPacPresentation.o (in target 'PicPacPresentation' from project 'PicPacKit')
    cd /Users/bavabangaru/Developer/pic-pac-poe-ios-native-parity/ios/Packages/PicPacKit
    builtin-RegisterExecutionPolicyException /tmp/picpac-phase3-hosted-performance/Build/Products/Test-iphonesimulator/PicPacPresentation.o

ProcessInfoPlistFile /tmp/picpac-phase3-hosted-performance/Build/Products/Test-iphonesimulator/PackageFrameworks/PicPacPresentation_-6026B0FB22E351C2_PackageProduct.framework/Info.plist /tmp/picpac-phase3-hosted-performance/Build/Intermediates.noindex/PicPacKit.build/Test-iphonesimulator/PicPacPresentation\ product.build/empty-PicPacPresentation_-6026B0FB22E351C2_PackageProduct.plist (in target 'PicPacPresentation' from project 'PicPacKit')
    cd /Users/bavabangaru/Developer/pic-pac-poe-ios-native-parity/ios/Packages/PicPacKit
    builtin-infoPlistUtility /tmp/picpac-phase3-hosted-performance/Build/Intermediates.noindex/PicPacKit.build/Test-iphonesimulator/PicPacPresentation\ product.build/empty-PicPacPresentation_-6026B0FB22E351C2_PackageProduct.plist -producttype com.apple.product-type.framework -expandbuildsettings -format binary -platform iphonesimulator -o /tmp/picpac-phase3-hosted-performance/Build/Products/Test-iphonesimulator/PackageFrameworks/PicPacPresentation_-6026B0FB22E351C2_PackageProduct.framework/Info.plist

Ld /tmp/picpac-phase3-hosted-performance/Build/Products/Test-iphonesimulator/PackageFrameworks/PicPacPresentation_-6026B0FB22E351C2_PackageProduct.framework/PicPacPresentation_-6026B0FB22E351C2_PackageProduct normal (in target 'PicPacPresentation' from project 'PicPacKit')
    cd /Users/bavabangaru/Developer/pic-pac-poe-ios-native-parity/ios/Packages/PicPacKit
    /Applications/Xcode.app/Contents/Developer/Toolchains/XcodeDefault.xctoolchain/usr/bin/clang -Xlinker -reproducible -target arm64-apple-ios17.0-simulator -dynamiclib -isysroot /Applications/Xcode.app/Contents/Developer/Platforms/iPhoneSimulator.platform/Developer/SDKs/iPhoneSimulator26.5.sdk -Os -w -L/tmp/picpac-phase3-hosted-performance/Build/Intermediates.noindex/EagerLinkingTBDs/Test-iphonesimulator -L/tmp/picpac-phase3-hosted-performance/Build/Products/Test-iphonesimulator -L/Applications/Xcode.app/Contents/Developer/Platforms/iPhoneSimulator.platform/Developer/usr/lib -F/tmp/picpac-phase3-hosted-performance/Build/Intermediates.noindex/EagerLinkingTBDs/Test-iphonesimulator -F/tmp/picpac-phase3-hosted-performance/Build/Products/Test-iphonesimulator/PackageFrameworks -F/tmp/picpac-phase3-hosted-performance/Build/Products/Test-iphonesimulator/PackageFrameworks -F/tmp/picpac-phase3-hosted-performance/Build/Products/Test-iphonesimulator -iframework /Applications/Xcode.app/Contents/Developer/Platforms/iPhoneSimulator.platform/Developer/Library/Frameworks -iframework /Applications/Xcode.app/Contents/Developer/Platforms/iPhoneSimulator.platform/Developer/SDKs/iPhoneSimulator26.5.sdk/Developer/Library/Frameworks -filelist /tmp/picpac-phase3-hosted-performance/Build/Intermediates.noindex/PicPacKit.build/Test-iphonesimulator/PicPacPresentation\ product.build/Objects-normal/arm64/PicPacPresentation_-6026B0FB22E351C2_PackageProduct.LinkFileList -install_name @rpath/PicPacPresentation_-6026B0FB22E351C2_PackageProduct.framework/PicPacPresentation_-6026B0FB22E351C2_PackageProduct -Xlinker -rpath -Xlinker /usr/lib/swift -Xlinker -dead_strip -Xlinker -object_path_lto -Xlinker /tmp/picpac-phase3-hosted-performance/Build/Intermediates.noindex/PicPacKit.build/Test-iphonesimulator/PicPacPresentation\ product.build/Objects-normal/arm64/PicPacPresentation_-6026B0FB22E351C2_PackageProduct_lto.o -Xlinker -objc_abi_version -Xlinker 2 -Xlinker -debug_variant -Xlinker -dependency_info -Xlinker /tmp/picpac-phase3-hosted-performance/Build/Intermediates.noindex/PicPacKit.build/Test-iphonesimulator/PicPacPresentation\ product.build/Objects-normal/arm64/PicPacPresentation_-6026B0FB22E351C2_PackageProduct_dependency_info.dat -fobjc-link-runtime -fprofile-instr-generate -L/Applications/Xcode.app/Contents/Developer/Toolchains/XcodeDefault.xctoolchain/usr/lib/swift/iphonesimulator -L/usr/lib/swift -Wl,-no_warn_duplicate_libraries -Wl,-no_warn_duplicate_libraries -o /tmp/picpac-phase3-hosted-performance/Build/Products/Test-iphonesimulator/PackageFrameworks/PicPacPresentation_-6026B0FB22E351C2_PackageProduct.framework/PicPacPresentation_-6026B0FB22E351C2_PackageProduct -Xlinker -add_ast_path -Xlinker /tmp/picpac-phase3-hosted-performance/Build/Intermediates.noindex/PicPacKit.build/Test-iphonesimulator/PicPacPresentation.build/Objects-normal/arm64/PicPacPresentation.swiftmodule @/tmp/picpac-phase3-hosted-performance/Build/Intermediates.noindex/PicPacKit.build/Test-iphonesimulator/PicPacPresentation.build/Objects-normal/arm64/PicPacPresentation-linker-args.resp -Xlinker -add_ast_path -Xlinker /tmp/picpac-phase3-hosted-performance/Build/Intermediates.noindex/PicPacKit.build/Test-iphonesimulator/PicPacCore.build/Objects-normal/arm64/PicPacCore.swiftmodule @/tmp/picpac-phase3-hosted-performance/Build/Intermediates.noindex/PicPacKit.build/Test-iphonesimulator/PicPacCore.build/Objects-normal/arm64/PicPacCore-linker-args.resp

GenerateDSYMFile /tmp/picpac-phase3-hosted-performance/Build/Products/Test-iphonesimulator/PicPacPresentation_-6026B0FB22E351C2_PackageProduct.framework.dSYM /tmp/picpac-phase3-hosted-performance/Build/Products/Test-iphonesimulator/PackageFrameworks/PicPacPresentation_-6026B0FB22E351C2_PackageProduct.framework/PicPacPresentation_-6026B0FB22E351C2_PackageProduct (in target 'PicPacPresentation' from project 'PicPacKit')
    cd /Users/bavabangaru/Developer/pic-pac-poe-ios-native-parity/ios/Packages/PicPacKit
    /Applications/Xcode.app/Contents/Developer/Toolchains/XcodeDefault.xctoolchain/usr/bin/dsymutil /tmp/picpac-phase3-hosted-performance/Build/Products/Test-iphonesimulator/PackageFrameworks/PicPacPresentation_-6026B0FB22E351C2_PackageProduct.framework/PicPacPresentation_-6026B0FB22E351C2_PackageProduct -o /tmp/picpac-phase3-hosted-performance/Build/Products/Test-iphonesimulator/PicPacPresentation_-6026B0FB22E351C2_PackageProduct.framework.dSYM

GenerateTAPI /tmp/picpac-phase3-hosted-performance/Build/Intermediates.noindex/EagerLinkingTBDs/Test-iphonesimulator/PicPacPresentation_-6026B0FB22E351C2_PackageProduct.framework/PicPacPresentation_-6026B0FB22E351C2_PackageProduct.tbd (in target 'PicPacPresentation' from project 'PicPacKit')
    cd /Users/bavabangaru/Developer/pic-pac-poe-ios-native-parity/ios/Packages/PicPacKit
    /Applications/Xcode.app/Contents/Developer/Toolchains/XcodeDefault.xctoolchain/usr/bin/tapi stubify -isysroot /Applications/Xcode.app/Contents/Developer/Platforms/iPhoneSimulator.platform/Developer/SDKs/iPhoneSimulator26.5.sdk -F/tmp/picpac-phase3-hosted-performance/Build/Products/Test-iphonesimulator/PackageFrameworks -F/tmp/picpac-phase3-hosted-performance/Build/Products/Test-iphonesimulator/PackageFrameworks -F/tmp/picpac-phase3-hosted-performance/Build/Products/Test-iphonesimulator -iframework /Applications/Xcode.app/Contents/Developer/Platforms/iPhoneSimulator.platform/Developer/Library/Frameworks -iframework /Applications/Xcode.app/Contents/Developer/Platforms/iPhoneSimulator.platform/Developer/SDKs/iPhoneSimulator26.5.sdk/Developer/Library/Frameworks -L/tmp/picpac-phase3-hosted-performance/Build/Products/Test-iphonesimulator -L/Applications/Xcode.app/Contents/Developer/Platforms/iPhoneSimulator.platform/Developer/usr/lib /tmp/picpac-phase3-hosted-performance/Build/Products/Test-iphonesimulator/PackageFrameworks/PicPacPresentation_-6026B0FB22E351C2_PackageProduct.framework/PicPacPresentation_-6026B0FB22E351C2_PackageProduct -o /tmp/picpac-phase3-hosted-performance/Build/Intermediates.noindex/EagerLinkingTBDs/Test-iphonesimulator/PicPacPresentation_-6026B0FB22E351C2_PackageProduct.framework/PicPacPresentation_-6026B0FB22E351C2_PackageProduct.tbd

RegisterExecutionPolicyException /tmp/picpac-phase3-hosted-performance/Build/Products/Test-iphonesimulator/PackageFrameworks/PicPacPresentation_-6026B0FB22E351C2_PackageProduct.framework (in target 'PicPacPresentation' from project 'PicPacKit')
    cd /Users/bavabangaru/Developer/pic-pac-poe-ios-native-parity/ios/Packages/PicPacKit
    builtin-RegisterExecutionPolicyException /tmp/picpac-phase3-hosted-performance/Build/Products/Test-iphonesimulator/PackageFrameworks/PicPacPresentation_-6026B0FB22E351C2_PackageProduct.framework

Touch /tmp/picpac-phase3-hosted-performance/Build/Products/Test-iphonesimulator/PackageFrameworks/PicPacPresentation_-6026B0FB22E351C2_PackageProduct.framework (in target 'PicPacPresentation' from project 'PicPacKit')
    cd /Users/bavabangaru/Developer/pic-pac-poe-ios-native-parity/ios/Packages/PicPacKit
    /usr/bin/touch -c /tmp/picpac-phase3-hosted-performance/Build/Products/Test-iphonesimulator/PackageFrameworks/PicPacPresentation_-6026B0FB22E351C2_PackageProduct.framework

SwiftDriverJobDiscovery normal arm64 Compiling resource_bundle_accessor.swift, AIContracts.swift, ExpectiminimaxAgent.swift, FastAgents.swift, PositionEvaluator.swift, ProductionAIEngine.swift, RandomSources.swift, ReferenceExpectiminimax.swift, SearchModel.swift, StochasticMCTSAgent.swift, TabularPolicy.swift (in target 'PicPacAI' from project 'PicPacKit')

SwiftDriver\ Compilation\ Requirements PicPacAI normal arm64 com.apple.xcode.tools.swift.compiler (in target 'PicPacAI' from project 'PicPacKit')
    cd /Users/bavabangaru/Developer/pic-pac-poe-ios-native-parity/ios/PicPacPoe.xcodeproj
    builtin-Swift-Compilation-Requirements -- /Applications/Xcode.app/Contents/Developer/Toolchains/XcodeDefault.xctoolchain/usr/bin/swiftc -module-name PicPacAI -O -whole-module-optimization @/tmp/picpac-phase3-hosted-performance/Build/Intermediates.noindex/PicPacKit.build/Test-iphonesimulator/PicPacAI.build/Objects-normal/arm64/PicPacAI.SwiftFileList -DSWIFT_PACKAGE -DSWIFT_MODULE_RESOURCE_BUNDLE_AVAILABLE -DXcode -plugin-path /Applications/Xcode.app/Contents/Developer/Toolchains/XcodeDefault.xctoolchain/usr/lib/swift/host/plugins/testing -enable-experimental-feature DebugDescriptionMacro -sdk /Applications/Xcode.app/Contents/Developer/Platforms/iPhoneSimulator.platform/Developer/SDKs/iPhoneSimulator26.5.sdk -target arm64-apple-ios17.0-simulator -g -module-cache-path /tmp/picpac-phase3-hosted-performance/ModuleCache.noindex -Xfrontend -serialize-debugging-options -profile-coverage-mapping -profile-generate -suppress-warnings -swift-version 6 -I /tmp/picpac-phase3-hosted-performance/Build/Products/Test-iphonesimulator -Isystem /Applications/Xcode.app/Contents/Developer/Platforms/iPhoneSimulator.platform/Developer/usr/lib -F /tmp/picpac-phase3-hosted-performance/Build/Products/Test-iphonesimulator/PackageFrameworks -F /tmp/picpac-phase3-hosted-performance/Build/Products/Test-iphonesimulator -F /Applications/Xcode.app/Contents/Developer/Platforms/iPhoneSimulator.platform/Developer/Library/Frameworks -F /Applications/Xcode.app/Contents/Developer/Platforms/iPhoneSimulator.platform/Developer/SDKs/iPhoneSimulator26.5.sdk/Developer/Library/Frameworks -c -num-threads 12 -Xcc -ivfsstatcache -Xcc /tmp/picpac-phase3-hosted-performance/SDKStatCaches.noindex/iphonesimulator26.5-23F81a-6cfe768891a92b912361537c460fe42b.sdkstatcache -output-file-map /tmp/picpac-phase3-hosted-performance/Build/Intermediates.noindex/PicPacKit.build/Test-iphonesimulator/PicPacAI.build/Objects-normal/arm64/PicPacAI-OutputFileMap.json -use-frontend-parseable-output -save-temps -no-color-diagnostics -explicit-module-build -module-cache-path /tmp/picpac-phase3-hosted-performance/Build/Intermediates.noindex/SwiftExplicitPrecompiledModules -clang-scanner-module-cache-path /tmp/picpac-phase3-hosted-performance/ModuleCache.noindex -sdk-module-cache-path /tmp/picpac-phase3-hosted-performance/ModuleCache.noindex -serialize-diagnostics -emit-dependencies -emit-module -emit-module-path /tmp/picpac-phase3-hosted-performance/Build/Intermediates.noindex/PicPacKit.build/Test-iphonesimulator/PicPacAI.build/Objects-normal/arm64/PicPacAI.swiftmodule -validate-clang-modules-once -clang-build-session-file /tmp/picpac-phase3-hosted-performance/ModuleCache.noindex/Session.modulevalidation -package-name picpackit -Xcc -I/tmp/picpac-phase3-hosted-performance/Build/Intermediates.noindex/PicPacKit.build/Test-iphonesimulator/PicPacAI.build/swift-overrides.hmap -emit-const-values -Xfrontend -const-gather-protocols-file -Xfrontend /tmp/picpac-phase3-hosted-performance/Build/Intermediates.noindex/PicPacKit.build/Test-iphonesimulator/PicPacAI.build/Objects-normal/arm64/PicPacAI_const_extract_protocols.json -Xcc -I/tmp/picpac-phase3-hosted-performance/Build/Products/Test-iphonesimulator/include -Xcc -I/tmp/picpac-phase3-hosted-performance/Build/Intermediates.noindex/PicPacKit.build/Test-iphonesimulator/PicPacAI.build/DerivedSources-normal/arm64 -Xcc -I/tmp/picpac-phase3-hosted-performance/Build/Intermediates.noindex/PicPacKit.build/Test-iphonesimulator/PicPacAI.build/DerivedSources/arm64 -Xcc -I/tmp/picpac-phase3-hosted-performance/Build/Intermediates.noindex/PicPacKit.build/Test-iphonesimulator/PicPacAI.build/DerivedSources -Xcc -DSWIFT_PACKAGE -emit-objc-header -emit-objc-header-path /tmp/picpac-phase3-hosted-performance/Build/Intermediates.noindex/PicPacKit.build/Test-iphonesimulator/PicPacAI.build/Objects-normal/arm64/PicPacAI-Swift.h -working-directory /Users/bavabangaru/Developer/pic-pac-poe-ios-native-parity/ios/PicPacPoe.xcodeproj -no-emit-module-separately-wmo

SwiftMergeGeneratedHeaders /tmp/picpac-phase3-hosted-performance/Build/Intermediates.noindex/GeneratedModuleMaps-iphonesimulator/PicPacAI-Swift.h /tmp/picpac-phase3-hosted-performance/Build/Intermediates.noindex/PicPacKit.build/Test-iphonesimulator/PicPacAI.build/Objects-normal/arm64/PicPacAI-Swift.h (in target 'PicPacAI' from project 'PicPacKit')
    cd /Users/bavabangaru/Developer/pic-pac-poe-ios-native-parity/ios/Packages/PicPacKit
    builtin-swiftHeaderTool -arch arm64 /tmp/picpac-phase3-hosted-performance/Build/Intermediates.noindex/PicPacKit.build/Test-iphonesimulator/PicPacAI.build/Objects-normal/arm64/PicPacAI-Swift.h -o /tmp/picpac-phase3-hosted-performance/Build/Intermediates.noindex/GeneratedModuleMaps-iphonesimulator/PicPacAI-Swift.h

Copy /tmp/picpac-phase3-hosted-performance/Build/Products/Test-iphonesimulator/PicPacAI.swiftmodule/arm64-apple-ios-simulator.swiftmodule /tmp/picpac-phase3-hosted-performance/Build/Intermediates.noindex/PicPacKit.build/Test-iphonesimulator/PicPacAI.build/Objects-normal/arm64/PicPacAI.swiftmodule (in target 'PicPacAI' from project 'PicPacKit')
    cd /Users/bavabangaru/Developer/pic-pac-poe-ios-native-parity/ios/Packages/PicPacKit
    builtin-copy -exclude .DS_Store -exclude CVS -exclude .svn -exclude .git -exclude .hg -strip-unsigned-binaries -strip-deterministic -strip-tool /Applications/Xcode.app/Contents/Developer/Toolchains/XcodeDefault.xctoolchain/usr/bin/strip -resolve-src-symlinks -rename /tmp/picpac-phase3-hosted-performance/Build/Intermediates.noindex/PicPacKit.build/Test-iphonesimulator/PicPacAI.build/Objects-normal/arm64/PicPacAI.swiftmodule /tmp/picpac-phase3-hosted-performance/Build/Products/Test-iphonesimulator/PicPacAI.swiftmodule/arm64-apple-ios-simulator.swiftmodule

Copy /tmp/picpac-phase3-hosted-performance/Build/Products/Test-iphonesimulator/PicPacAI.swiftmodule/arm64-apple-ios-simulator.swiftdoc /tmp/picpac-phase3-hosted-performance/Build/Intermediates.noindex/PicPacKit.build/Test-iphonesimulator/PicPacAI.build/Objects-normal/arm64/PicPacAI.swiftdoc (in target 'PicPacAI' from project 'PicPacKit')
    cd /Users/bavabangaru/Developer/pic-pac-poe-ios-native-parity/ios/Packages/PicPacKit
    builtin-copy -exclude .DS_Store -exclude CVS -exclude .svn -exclude .git -exclude .hg -strip-unsigned-binaries -strip-deterministic -strip-tool /Applications/Xcode.app/Contents/Developer/Toolchains/XcodeDefault.xctoolchain/usr/bin/strip -resolve-src-symlinks -rename /tmp/picpac-phase3-hosted-performance/Build/Intermediates.noindex/PicPacKit.build/Test-iphonesimulator/PicPacAI.build/Objects-normal/arm64/PicPacAI.swiftdoc /tmp/picpac-phase3-hosted-performance/Build/Products/Test-iphonesimulator/PicPacAI.swiftmodule/arm64-apple-ios-simulator.swiftdoc

Copy /tmp/picpac-phase3-hosted-performance/Build/Products/Test-iphonesimulator/PicPacAI.swiftmodule/Project/arm64-apple-ios-simulator.swiftsourceinfo /tmp/picpac-phase3-hosted-performance/Build/Intermediates.noindex/PicPacKit.build/Test-iphonesimulator/PicPacAI.build/Objects-normal/arm64/PicPacAI.swiftsourceinfo (in target 'PicPacAI' from project 'PicPacKit')
    cd /Users/bavabangaru/Developer/pic-pac-poe-ios-native-parity/ios/Packages/PicPacKit
    builtin-copy -exclude .DS_Store -exclude CVS -exclude .svn -exclude .git -exclude .hg -strip-unsigned-binaries -strip-deterministic -strip-tool /Applications/Xcode.app/Contents/Developer/Toolchains/XcodeDefault.xctoolchain/usr/bin/strip -resolve-src-symlinks -rename /tmp/picpac-phase3-hosted-performance/Build/Intermediates.noindex/PicPacKit.build/Test-iphonesimulator/PicPacAI.build/Objects-normal/arm64/PicPacAI.swiftsourceinfo /tmp/picpac-phase3-hosted-performance/Build/Products/Test-iphonesimulator/PicPacAI.swiftmodule/Project/arm64-apple-ios-simulator.swiftsourceinfo

Copy /tmp/picpac-phase3-hosted-performance/Build/Products/Test-iphonesimulator/PicPacAI.swiftmodule/arm64-apple-ios-simulator.abi.json /tmp/picpac-phase3-hosted-performance/Build/Intermediates.noindex/PicPacKit.build/Test-iphonesimulator/PicPacAI.build/Objects-normal/arm64/PicPacAI.abi.json (in target 'PicPacAI' from project 'PicPacKit')
    cd /Users/bavabangaru/Developer/pic-pac-poe-ios-native-parity/ios/Packages/PicPacKit
    builtin-copy -exclude .DS_Store -exclude CVS -exclude .svn -exclude .git -exclude .hg -strip-unsigned-binaries -strip-deterministic -strip-tool /Applications/Xcode.app/Contents/Developer/Toolchains/XcodeDefault.xctoolchain/usr/bin/strip -resolve-src-symlinks -rename /tmp/picpac-phase3-hosted-performance/Build/Intermediates.noindex/PicPacKit.build/Test-iphonesimulator/PicPacAI.build/Objects-normal/arm64/PicPacAI.abi.json /tmp/picpac-phase3-hosted-performance/Build/Products/Test-iphonesimulator/PicPacAI.swiftmodule/arm64-apple-ios-simulator.abi.json

Ld /tmp/picpac-phase3-hosted-performance/Build/Products/Test-iphonesimulator/PicPacAI.o normal (in target 'PicPacAI' from project 'PicPacKit')
    cd /Users/bavabangaru/Developer/pic-pac-poe-ios-native-parity/ios/Packages/PicPacKit
    /Applications/Xcode.app/Contents/Developer/Toolchains/XcodeDefault.xctoolchain/usr/bin/clang -Xlinker -reproducible -target arm64-apple-ios17.0-simulator -r -isysroot /Applications/Xcode.app/Contents/Developer/Platforms/iPhoneSimulator.platform/Developer/SDKs/iPhoneSimulator26.5.sdk -Os -w -F/tmp/picpac-phase3-hosted-performance/Build/Intermediates.noindex/EagerLinkingTBDs/Test-iphonesimulator -F/tmp/picpac-phase3-hosted-performance/Build/Products/Test-iphonesimulator/PackageFrameworks -F/tmp/picpac-phase3-hosted-performance/Build/Products/Test-iphonesimulator -iframework /Applications/Xcode.app/Contents/Developer/Platforms/iPhoneSimulator.platform/Developer/Library/Frameworks -iframework /Applications/Xcode.app/Contents/Developer/Platforms/iPhoneSimulator.platform/Developer/SDKs/iPhoneSimulator26.5.sdk/Developer/Library/Frameworks -filelist /tmp/picpac-phase3-hosted-performance/Build/Intermediates.noindex/PicPacKit.build/Test-iphonesimulator/PicPacAI.build/Objects-normal/arm64/PicPacAI.LinkFileList -nostdlib -Xlinker -object_path_lto -Xlinker /tmp/picpac-phase3-hosted-performance/Build/Intermediates.noindex/PicPacKit.build/Test-iphonesimulator/PicPacAI.build/Objects-normal/arm64/PicPacAI_lto.o -Xlinker -objc_abi_version -Xlinker 2 -Xlinker -debug_variant -Xlinker -dependency_info -Xlinker /tmp/picpac-phase3-hosted-performance/Build/Intermediates.noindex/PicPacKit.build/Test-iphonesimulator/PicPacAI.build/Objects-normal/arm64/PicPacAI_dependency_info.dat -fobjc-link-runtime -L/Applications/Xcode.app/Contents/Developer/Toolchains/XcodeDefault.xctoolchain/usr/lib/swift/iphonesimulator -L/usr/lib/swift -Xlinker -add_ast_path -Xlinker /tmp/picpac-phase3-hosted-performance/Build/Intermediates.noindex/PicPacKit.build/Test-iphonesimulator/PicPacAI.build/Objects-normal/arm64/PicPacAI.swiftmodule @/tmp/picpac-phase3-hosted-performance/Build/Intermediates.noindex/PicPacKit.build/Test-iphonesimulator/PicPacAI.build/Objects-normal/arm64/PicPacAI-linker-args.resp -o /tmp/picpac-phase3-hosted-performance/Build/Products/Test-iphonesimulator/PicPacAI.o

SwiftDriver PicPacPoe normal arm64 com.apple.xcode.tools.swift.compiler (in target 'PicPacPoe' from project 'PicPacPoe')
    cd /Users/bavabangaru/Developer/pic-pac-poe-ios-native-parity/ios
    builtin-SwiftDriver -- /Applications/Xcode.app/Contents/Developer/Toolchains/XcodeDefault.xctoolchain/usr/bin/swiftc -module-name PicPacPoe -Onone @/tmp/picpac-phase3-hosted-performance/Build/Intermediates.noindex/PicPacPoe.build/Test-iphonesimulator/PicPacPoe.build/Objects-normal/arm64/PicPacPoe.SwiftFileList -DTESTING -DDEBUG -enable-experimental-feature DebugDescriptionMacro -sdk /Applications/Xcode.app/Contents/Developer/Platforms/iPhoneSimulator.platform/Developer/SDKs/iPhoneSimulator26.5.sdk -target arm64-apple-ios17.0-simulator -g -module-cache-path /tmp/picpac-phase3-hosted-performance/ModuleCache.noindex -Xfrontend -serialize-debugging-options -profile-coverage-mapping -profile-generate -enable-testing -index-store-path /tmp/picpac-phase3-hosted-performance/Index.noindex/DataStore -Xcc -D_LIBCPP_HARDENING_MODE\=_LIBCPP_HARDENING_MODE_DEBUG -swift-version 6 -I /tmp/picpac-phase3-hosted-performance/Build/Products/Test-iphonesimulator -F /tmp/picpac-phase3-hosted-performance/Build/Products/Test-iphonesimulator/PackageFrameworks -F /tmp/picpac-phase3-hosted-performance/Build/Products/Test-iphonesimulator/PackageFrameworks -F /tmp/picpac-phase3-hosted-performance/Build/Products/Test-iphonesimulator/PackageFrameworks -F /tmp/picpac-phase3-hosted-performance/Build/Products/Test-iphonesimulator -emit-localized-strings -emit-localized-strings-path /tmp/picpac-phase3-hosted-performance/Build/Intermediates.noindex/PicPacPoe.build/Test-iphonesimulator/PicPacPoe.build/Objects-normal/arm64 -c -j12 -enable-batch-mode -incremental -Xcc -ivfsstatcache -Xcc /tmp/picpac-phase3-hosted-performance/SDKStatCaches.noindex/iphonesimulator26.5-23F81a-6cfe768891a92b912361537c460fe42b.sdkstatcache -output-file-map /tmp/picpac-phase3-hosted-performance/Build/Intermediates.noindex/PicPacPoe.build/Test-iphonesimulator/PicPacPoe.build/Objects-normal/arm64/PicPacPoe-OutputFileMap.json -use-frontend-parseable-output -save-temps -no-color-diagnostics -explicit-module-build -module-cache-path /tmp/picpac-phase3-hosted-performance/Build/Intermediates.noindex/SwiftExplicitPrecompiledModules -clang-scanner-module-cache-path /tmp/picpac-phase3-hosted-performance/ModuleCache.noindex -sdk-module-cache-path /tmp/picpac-phase3-hosted-performance/ModuleCache.noindex -serialize-diagnostics -emit-dependencies -emit-module -emit-module-path /tmp/picpac-phase3-hosted-performance/Build/Intermediates.noindex/PicPacPoe.build/Test-iphonesimulator/PicPacPoe.build/Objects-normal/arm64/PicPacPoe.swiftmodule -validate-clang-modules-once -clang-build-session-file /tmp/picpac-phase3-hosted-performance/ModuleCache.noindex/Session.modulevalidation -Xcc -I/tmp/picpac-phase3-hosted-performance/Build/Intermediates.noindex/PicPacPoe.build/Test-iphonesimulator/PicPacPoe.build/swift-overrides.hmap -emit-const-values -Xfrontend -const-gather-protocols-file -Xfrontend /tmp/picpac-phase3-hosted-performance/Build/Intermediates.noindex/PicPacPoe.build/Test-iphonesimulator/PicPacPoe.build/Objects-normal/arm64/PicPacPoe_const_extract_protocols.json -Xcc -iquote -Xcc /tmp/picpac-phase3-hosted-performance/Build/Intermediates.noindex/PicPacPoe.build/Test-iphonesimulator/PicPacPoe.build/PicPacPoe-generated-files.hmap -Xcc -I/tmp/picpac-phase3-hosted-performance/Build/Intermediates.noindex/PicPacPoe.build/Test-iphonesimulator/PicPacPoe.build/PicPacPoe-own-target-headers.hmap -Xcc -I/tmp/picpac-phase3-hosted-performance/Build/Intermediates.noindex/PicPacPoe.build/Test-iphonesimulator/PicPacPoe.build/PicPacPoe-all-non-framework-target-headers.hmap -Xcc -ivfsoverlay -Xcc /tmp/picpac-phase3-hosted-performance/Build/Intermediates.noindex/PicPacPoe.build/Test-iphonesimulator/PicPacPoe-90eff2f9d9e8600d7e53134acd1cb833-VFS-iphonesimulator/all-product-headers.yaml -Xcc -iquote -Xcc /tmp/picpac-phase3-hosted-performance/Build/Intermediates.noindex/PicPacPoe.build/Test-iphonesimulator/PicPacPoe.build/PicPacPoe-project-headers.hmap -Xcc -I/tmp/picpac-phase3-hosted-performance/Build/Products/Test-iphonesimulator/include -Xcc -I/tmp/picpac-phase3-hosted-performance/Build/Intermediates.noindex/PicPacPoe.build/Test-iphonesimulator/PicPacPoe.build/DerivedSources-normal/arm64 -Xcc -I/tmp/picpac-phase3-hosted-performance/Build/Intermediates.noindex/PicPacPoe.build/Test-iphonesimulator/PicPacPoe.build/DerivedSources/arm64 -Xcc -I/tmp/picpac-phase3-hosted-performance/Build/Intermediates.noindex/PicPacPoe.build/Test-iphonesimulator/PicPacPoe.build/DerivedSources -emit-objc-header -emit-objc-header-path /tmp/picpac-phase3-hosted-performance/Build/Intermediates.noindex/PicPacPoe.build/Test-iphonesimulator/PicPacPoe.build/Objects-normal/arm64/PicPacPoe-Swift.h -working-directory /Users/bavabangaru/Developer/pic-pac-poe-ios-native-parity/ios -experimental-emit-module-separately -disable-cmo

ExtractAppIntentsMetadata (in target 'PicPacAI' from project 'PicPacKit')
    cd /Users/bavabangaru/Developer/pic-pac-poe-ios-native-parity/ios/Packages/PicPacKit
    /Applications/Xcode.app/Contents/Developer/Toolchains/XcodeDefault.xctoolchain/usr/bin/appintentsmetadataprocessor --toolchain-dir /Applications/Xcode.app/Contents/Developer/Toolchains/XcodeDefault.xctoolchain --module-name PicPacAI --sdk-root /Applications/Xcode.app/Contents/Developer/Platforms/iPhoneSimulator.platform/Developer/SDKs/iPhoneSimulator26.5.sdk --xcode-version 17F113 --platform-family iOS --deployment-target 17.0 --bundle-identifier picpackit.PicPacAI --output /tmp/picpac-phase3-hosted-performance/Build/Products/Test-iphonesimulator/PicPacAI.appintents --target-triple arm64-apple-ios17.0-simulator --binary-file /tmp/picpac-phase3-hosted-performance/Build/Products/Test-iphonesimulator/PicPacAI.o --dependency-file /tmp/picpac-phase3-hosted-performance/Build/Intermediates.noindex/PicPacKit.build/Test-iphonesimulator/PicPacAI.build/Objects-normal/arm64/PicPacAI_dependency_info.dat --stringsdata-file /tmp/picpac-phase3-hosted-performance/Build/Intermediates.noindex/PicPacKit.build/Test-iphonesimulator/PicPacAI.build/Objects-normal/arm64/ExtractedAppShortcutsMetadata.stringsdata --source-file-list /tmp/picpac-phase3-hosted-performance/Build/Intermediates.noindex/PicPacKit.build/Test-iphonesimulator/PicPacAI.build/Objects-normal/arm64/PicPacAI.SwiftFileList --metadata-file-list /tmp/picpac-phase3-hosted-performance/Build/Intermediates.noindex/PicPacKit.build/Test-iphonesimulator/PicPacAI.build/PicPacAI.DependencyMetadataFileList --static-metadata-file-list /tmp/picpac-phase3-hosted-performance/Build/Intermediates.noindex/PicPacKit.build/Test-iphonesimulator/PicPacAI.build/PicPacAI.DependencyStaticMetadataFileList --swift-const-vals-list /tmp/picpac-phase3-hosted-performance/Build/Intermediates.noindex/PicPacKit.build/Test-iphonesimulator/PicPacAI.build/Objects-normal/arm64/PicPacAI.SwiftConstValuesFileList --force --compile-time-extraction --deployment-aware-processing --validate-assistant-intents --no-app-shortcuts-localization
2026-09-21 09:03:17.973 appintentsmetadataprocessor[2813:107907641] Starting appintentsmetadataprocessor export
2026-09-21 09:03:17.999 appintentsmetadataprocessor[2813:107907641] Extracted no relevant App Intents symbols, skipping writing output

RegisterExecutionPolicyException /tmp/picpac-phase3-hosted-performance/Build/Products/Test-iphonesimulator/PicPacAI.o (in target 'PicPacAI' from project 'PicPacKit')
    cd /Users/bavabangaru/Developer/pic-pac-poe-ios-native-parity/ios/Packages/PicPacKit
    builtin-RegisterExecutionPolicyException /tmp/picpac-phase3-hosted-performance/Build/Products/Test-iphonesimulator/PicPacAI.o

CpResource /tmp/picpac-phase3-hosted-performance/Build/Products/Test-iphonesimulator/PicPacPoe.app/fredoka_semibold.ttf /Users/bavabangaru/Developer/pic-pac-poe-ios-native-parity/app/src/main/res/font/fredoka_semibold.ttf (in target 'PicPacPoe' from project 'PicPacPoe')
    cd /Users/bavabangaru/Developer/pic-pac-poe-ios-native-parity/ios
    builtin-copy -exclude .DS_Store -exclude CVS -exclude .svn -exclude .git -exclude .hg -resolve-src-symlinks /Users/bavabangaru/Developer/pic-pac-poe-ios-native-parity/app/src/main/res/font/fredoka_semibold.ttf /tmp/picpac-phase3-hosted-performance/Build/Products/Test-iphonesimulator/PicPacPoe.app

CpResource /tmp/picpac-phase3-hosted-performance/Build/Products/Test-iphonesimulator/PicPacPoe.app/fredoka_medium.ttf /Users/bavabangaru/Developer/pic-pac-poe-ios-native-parity/app/src/main/res/font/fredoka_medium.ttf (in target 'PicPacPoe' from project 'PicPacPoe')
    cd /Users/bavabangaru/Developer/pic-pac-poe-ios-native-parity/ios
    builtin-copy -exclude .DS_Store -exclude CVS -exclude .svn -exclude .git -exclude .hg -resolve-src-symlinks /Users/bavabangaru/Developer/pic-pac-poe-ios-native-parity/app/src/main/res/font/fredoka_medium.ttf /tmp/picpac-phase3-hosted-performance/Build/Products/Test-iphonesimulator/PicPacPoe.app

CpResource /tmp/picpac-phase3-hosted-performance/Build/Products/Test-iphonesimulator/PicPacPoe.app/fredoka-OFL.txt /Users/bavabangaru/Developer/pic-pac-poe-ios-native-parity/app/src/main/assets/licenses/fredoka-OFL.txt (in target 'PicPacPoe' from project 'PicPacPoe')
    cd /Users/bavabangaru/Developer/pic-pac-poe-ios-native-parity/ios
    builtin-copy -exclude .DS_Store -exclude CVS -exclude .svn -exclude .git -exclude .hg -resolve-src-symlinks /Users/bavabangaru/Developer/pic-pac-poe-ios-native-parity/app/src/main/assets/licenses/fredoka-OFL.txt /tmp/picpac-phase3-hosted-performance/Build/Products/Test-iphonesimulator/PicPacPoe.app

Copy /tmp/picpac-phase3-hosted-performance/Build/Products/Test-iphonesimulator/PicPacPoe.app/PicPacKit_PicPacAI.bundle /tmp/picpac-phase3-hosted-performance/Build/Products/Test-iphonesimulator/PicPacKit_PicPacAI.bundle (in target 'PicPacPoe' from project 'PicPacPoe')
    cd /Users/bavabangaru/Developer/pic-pac-poe-ios-native-parity/ios
    builtin-copy -exclude .DS_Store -exclude CVS -exclude .svn -exclude .git -exclude .hg -resolve-src-symlinks /tmp/picpac-phase3-hosted-performance/Build/Products/Test-iphonesimulator/PicPacKit_PicPacAI.bundle /tmp/picpac-phase3-hosted-performance/Build/Products/Test-iphonesimulator/PicPacPoe.app

Copy /tmp/picpac-phase3-hosted-performance/Build/Products/Test-iphonesimulator/PicPacPoe.app/Frameworks/libXCTestBundleInject.dylib /Applications/Xcode.app/Contents/Developer/Platforms/iPhoneSimulator.platform/Developer/usr/lib/libXCTestBundleInject.dylib (in target 'PicPacPoe' from project 'PicPacPoe')
    cd /Users/bavabangaru/Developer/pic-pac-poe-ios-native-parity/ios
    builtin-copy -exclude .DS_Store -exclude CVS -exclude .svn -exclude .git -exclude .hg -exclude Headers -exclude PrivateHeaders -exclude Modules -exclude \*.tbd -resolve-src-symlinks /Applications/Xcode.app/Contents/Developer/Platforms/iPhoneSimulator.platform/Developer/usr/lib/libXCTestBundleInject.dylib /tmp/picpac-phase3-hosted-performance/Build/Products/Test-iphonesimulator/PicPacPoe.app/Frameworks

Copy /tmp/picpac-phase3-hosted-performance/Build/Products/Test-iphonesimulator/PicPacPoe.app/Frameworks/libXCTestSwiftSupport.dylib /Applications/Xcode.app/Contents/Developer/Platforms/iPhoneSimulator.platform/Developer/usr/lib/libXCTestSwiftSupport.dylib (in target 'PicPacPoe' from project 'PicPacPoe')
    cd /Users/bavabangaru/Developer/pic-pac-poe-ios-native-parity/ios
    builtin-copy -exclude .DS_Store -exclude CVS -exclude .svn -exclude .git -exclude .hg -exclude Headers -exclude PrivateHeaders -exclude Modules -exclude \*.tbd -resolve-src-symlinks /Applications/Xcode.app/Contents/Developer/Platforms/iPhoneSimulator.platform/Developer/usr/lib/libXCTestSwiftSupport.dylib /tmp/picpac-phase3-hosted-performance/Build/Products/Test-iphonesimulator/PicPacPoe.app/Frameworks

Copy /tmp/picpac-phase3-hosted-performance/Build/Products/Test-iphonesimulator/PicPacPoe.app/Frameworks/XCUnit.framework /Applications/Xcode.app/Contents/Developer/Platforms/iPhoneSimulator.platform/Developer/Library/PrivateFrameworks/XCUnit.framework (in target 'PicPacPoe' from project 'PicPacPoe')
    cd /Users/bavabangaru/Developer/pic-pac-poe-ios-native-parity/ios
    builtin-copy -exclude .DS_Store -exclude CVS -exclude .svn -exclude .git -exclude .hg -exclude Headers -exclude PrivateHeaders -exclude Modules -exclude \*.tbd -resolve-src-symlinks /Applications/Xcode.app/Contents/Developer/Platforms/iPhoneSimulator.platform/Developer/Library/PrivateFrameworks/XCUnit.framework /tmp/picpac-phase3-hosted-performance/Build/Products/Test-iphonesimulator/PicPacPoe.app/Frameworks

Copy /tmp/picpac-phase3-hosted-performance/Build/Products/Test-iphonesimulator/PicPacPoe.app/Frameworks/XCUIAutomation.framework /Applications/Xcode.app/Contents/Developer/Platforms/iPhoneSimulator.platform/Developer/Library/Frameworks/XCUIAutomation.framework (in target 'PicPacPoe' from project 'PicPacPoe')
    cd /Users/bavabangaru/Developer/pic-pac-poe-ios-native-parity/ios
    builtin-copy -exclude .DS_Store -exclude CVS -exclude .svn -exclude .git -exclude .hg -exclude Headers -exclude PrivateHeaders -exclude Modules -exclude \*.tbd -resolve-src-symlinks /Applications/Xcode.app/Contents/Developer/Platforms/iPhoneSimulator.platform/Developer/Library/Frameworks/XCUIAutomation.framework /tmp/picpac-phase3-hosted-performance/Build/Products/Test-iphonesimulator/PicPacPoe.app/Frameworks

Copy /tmp/picpac-phase3-hosted-performance/Build/Products/Test-iphonesimulator/PicPacPoe.app/Frameworks/XCTestSupport.framework /Applications/Xcode.app/Contents/Developer/Platforms/iPhoneSimulator.platform/Developer/Library/PrivateFrameworks/XCTestSupport.framework (in target 'PicPacPoe' from project 'PicPacPoe')
    cd /Users/bavabangaru/Developer/pic-pac-poe-ios-native-parity/ios
    builtin-copy -exclude .DS_Store -exclude CVS -exclude .svn -exclude .git -exclude .hg -exclude Headers -exclude PrivateHeaders -exclude Modules -exclude \*.tbd -resolve-src-symlinks /Applications/Xcode.app/Contents/Developer/Platforms/iPhoneSimulator.platform/Developer/Library/PrivateFrameworks/XCTestSupport.framework /tmp/picpac-phase3-hosted-performance/Build/Products/Test-iphonesimulator/PicPacPoe.app/Frameworks

Copy /tmp/picpac-phase3-hosted-performance/Build/Products/Test-iphonesimulator/PicPacPoe.app/Frameworks/XCTestCore.framework /Applications/Xcode.app/Contents/Developer/Platforms/iPhoneSimulator.platform/Developer/Library/PrivateFrameworks/XCTestCore.framework (in target 'PicPacPoe' from project 'PicPacPoe')
    cd /Users/bavabangaru/Developer/pic-pac-poe-ios-native-parity/ios
    builtin-copy -exclude .DS_Store -exclude CVS -exclude .svn -exclude .git -exclude .hg -exclude Headers -exclude PrivateHeaders -exclude Modules -exclude \*.tbd -resolve-src-symlinks /Applications/Xcode.app/Contents/Developer/Platforms/iPhoneSimulator.platform/Developer/Library/PrivateFrameworks/XCTestCore.framework /tmp/picpac-phase3-hosted-performance/Build/Products/Test-iphonesimulator/PicPacPoe.app/Frameworks

Copy /tmp/picpac-phase3-hosted-performance/Build/Products/Test-iphonesimulator/PicPacPoe.app/Frameworks/XCTest.framework /Applications/Xcode.app/Contents/Developer/Platforms/iPhoneSimulator.platform/Developer/Library/Frameworks/XCTest.framework (in target 'PicPacPoe' from project 'PicPacPoe')
    cd /Users/bavabangaru/Developer/pic-pac-poe-ios-native-parity/ios
    builtin-copy -exclude .DS_Store -exclude CVS -exclude .svn -exclude .git -exclude .hg -exclude Headers -exclude PrivateHeaders -exclude Modules -exclude \*.tbd -resolve-src-symlinks /Applications/Xcode.app/Contents/Developer/Platforms/iPhoneSimulator.platform/Developer/Library/Frameworks/XCTest.framework /tmp/picpac-phase3-hosted-performance/Build/Products/Test-iphonesimulator/PicPacPoe.app/Frameworks

Ld /tmp/picpac-phase3-hosted-performance/Build/Products/Test-iphonesimulator/PicPacPoe.app/__preview.dylib normal (in target 'PicPacPoe' from project 'PicPacPoe')
    cd /Users/bavabangaru/Developer/pic-pac-poe-ios-native-parity/ios
    /Applications/Xcode.app/Contents/Developer/Toolchains/XcodeDefault.xctoolchain/usr/bin/clang -Xlinker -reproducible -target arm64-apple-ios17.0-simulator -dynamiclib -isysroot /Applications/Xcode.app/Contents/Developer/Platforms/iPhoneSimulator.platform/Developer/SDKs/iPhoneSimulator26.5.sdk -O0 -L/tmp/picpac-phase3-hosted-performance/Build/Products/Test-iphonesimulator -F/tmp/picpac-phase3-hosted-performance/Build/Products/Test-iphonesimulator/PackageFrameworks -F/tmp/picpac-phase3-hosted-performance/Build/Products/Test-iphonesimulator/PackageFrameworks -F/tmp/picpac-phase3-hosted-performance/Build/Products/Test-iphonesimulator/PackageFrameworks -F/tmp/picpac-phase3-hosted-performance/Build/Products/Test-iphonesimulator -install_name @rpath/PicPacPoe.debug.dylib -Xlinker -dead_strip -rdynamic -Xlinker -no_deduplicate -Xlinker -objc_abi_version -Xlinker 2 -Xlinker -debug_variant -Xlinker -dependency_info -Xlinker /tmp/picpac-phase3-hosted-performance/Build/Intermediates.noindex/PicPacPoe.build/Test-iphonesimulator/PicPacPoe.build/Objects-normal/arm64/PicPacPoe_dependency_info.dat -o /tmp/picpac-phase3-hosted-performance/Build/Products/Test-iphonesimulator/PicPacPoe.app/__preview.dylib

Copy /tmp/picpac-phase3-hosted-performance/Build/Products/Test-iphonesimulator/PicPacPoe.app/Frameworks/XCTAutomationSupport.framework /Applications/Xcode.app/Contents/Developer/Platforms/iPhoneSimulator.platform/Developer/Library/PrivateFrameworks/XCTAutomationSupport.framework (in target 'PicPacPoe' from project 'PicPacPoe')
    cd /Users/bavabangaru/Developer/pic-pac-poe-ios-native-parity/ios
    builtin-copy -exclude .DS_Store -exclude CVS -exclude .svn -exclude .git -exclude .hg -exclude Headers -exclude PrivateHeaders -exclude Modules -exclude \*.tbd -resolve-src-symlinks /Applications/Xcode.app/Contents/Developer/Platforms/iPhoneSimulator.platform/Developer/Library/PrivateFrameworks/XCTAutomationSupport.framework /tmp/picpac-phase3-hosted-performance/Build/Products/Test-iphonesimulator/PicPacPoe.app/Frameworks

Copy /tmp/picpac-phase3-hosted-performance/Build/Products/Test-iphonesimulator/PicPacPoe.app/Frameworks/Testing.framework /Applications/Xcode.app/Contents/Developer/Platforms/iPhoneSimulator.platform/Developer/Library/Frameworks/Testing.framework (in target 'PicPacPoe' from project 'PicPacPoe')
    cd /Users/bavabangaru/Developer/pic-pac-poe-ios-native-parity/ios
    builtin-copy -exclude .DS_Store -exclude CVS -exclude .svn -exclude .git -exclude .hg -exclude Headers -exclude PrivateHeaders -exclude Modules -exclude \*.tbd -resolve-src-symlinks /Applications/Xcode.app/Contents/Developer/Platforms/iPhoneSimulator.platform/Developer/Library/Frameworks/Testing.framework /tmp/picpac-phase3-hosted-performance/Build/Products/Test-iphonesimulator/PicPacPoe.app/Frameworks

Copy /tmp/picpac-phase3-hosted-performance/Build/Products/Test-iphonesimulator/PicPacPoe.app/Frameworks/PicPacPresentation_-6026B0FB22E351C2_PackageProduct.framework /tmp/picpac-phase3-hosted-performance/Build/Products/Test-iphonesimulator/PackageFrameworks/PicPacPresentation_-6026B0FB22E351C2_PackageProduct.framework (in target 'PicPacPoe' from project 'PicPacPoe')
    cd /Users/bavabangaru/Developer/pic-pac-poe-ios-native-parity/ios
    builtin-copy -exclude .DS_Store -exclude CVS -exclude .svn -exclude .git -exclude .hg -resolve-src-symlinks -remove-static-executable /tmp/picpac-phase3-hosted-performance/Build/Products/Test-iphonesimulator/PackageFrameworks/PicPacPresentation_-6026B0FB22E351C2_PackageProduct.framework /tmp/picpac-phase3-hosted-performance/Build/Products/Test-iphonesimulator/PicPacPoe.app/Frameworks

ProcessInfoPlistFile /tmp/picpac-phase3-hosted-performance/Build/Products/Test-iphonesimulator/PicPacPoe.app/Info.plist /Users/bavabangaru/Developer/pic-pac-poe-ios-native-parity/ios/PicPacPoe/Info.plist (in target 'PicPacPoe' from project 'PicPacPoe')
    cd /Users/bavabangaru/Developer/pic-pac-poe-ios-native-parity/ios
    builtin-infoPlistUtility /Users/bavabangaru/Developer/pic-pac-poe-ios-native-parity/ios/PicPacPoe/Info.plist -producttype com.apple.product-type.application -genpkginfo /tmp/picpac-phase3-hosted-performance/Build/Products/Test-iphonesimulator/PicPacPoe.app/PkgInfo -expandbuildsettings -format binary -platform iphonesimulator -scanforprivacyfile /tmp/picpac-phase3-hosted-performance/Build/Products/Test-iphonesimulator/PicPacPoe.app/Frameworks/PicPacPresentation_-6026B0FB22E351C2_PackageProduct.framework -scanforprivacyfile /tmp/picpac-phase3-hosted-performance/Build/Products/Test-iphonesimulator/PicPacPoe.app/PicPacKit_PicPacAI.bundle -o /tmp/picpac-phase3-hosted-performance/Build/Products/Test-iphonesimulator/PicPacPoe.app/Info.plist

SwiftExplicitDependencyGeneratePcm arm64 /tmp/picpac-phase3-hosted-performance/ModuleCache.noindex/ptrauth-CK940FTG6N7T90OGY6AHSOLLI.pcm

SwiftExplicitDependencyGeneratePcm arm64 /tmp/picpac-phase3-hosted-performance/ModuleCache.noindex/_Builtin_float-3MDXIIOX2TWWJ5GDXACW52WOV.pcm

SwiftExplicitDependencyGeneratePcm arm64 /tmp/picpac-phase3-hosted-performance/ModuleCache.noindex/_Builtin_stddef-3QU76L6AGEEKHMTTUXKUK0D7P.pcm

SwiftExplicitDependencyGeneratePcm arm64 /tmp/picpac-phase3-hosted-performance/ModuleCache.noindex/ptrcheck-29M1BFNG7I6ODAJSUORBYOQFZ.pcm

SwiftExplicitDependencyGeneratePcm arm64 /tmp/picpac-phase3-hosted-performance/ModuleCache.noindex/DeveloperToolsSupport-D4NHPY983NT57J46392Q6L36L.pcm

SwiftExplicitDependencyGeneratePcm arm64 /tmp/picpac-phase3-hosted-performance/ModuleCache.noindex/_Builtin_stdarg-38IBTFLVRY5V7TOXQIEINVDGM.pcm

SwiftExplicitDependencyGeneratePcm arm64 /tmp/picpac-phase3-hosted-performance/ModuleCache.noindex/_AvailabilityInternal-A9SQZNT03M7KNBGSUJBXDX8GN.pcm

SwiftExplicitDependencyGeneratePcm arm64 /tmp/picpac-phase3-hosted-performance/ModuleCache.noindex/_Builtin_stdbool-9U9F8L6OS1304O2C39JQUZDI5.pcm

SwiftExplicitDependencyGeneratePcm arm64 /tmp/picpac-phase3-hosted-performance/ModuleCache.noindex/SwiftShims-9O3A468AQFU0MUEVOU5L0P2NP.pcm

SwiftExplicitDependencyGeneratePcm arm64 /tmp/picpac-phase3-hosted-performance/ModuleCache.noindex/_SwiftConcurrencyShims-7RJPJV5ZGAPDZ3PBIFXNNPE3I.pcm

SwiftExplicitDependencyGeneratePcm arm64 /tmp/picpac-phase3-hosted-performance/ModuleCache.noindex/_DarwinFoundation1-3LYAUNS4ELMZUI2PYTFU1X4XW.pcm

SwiftExplicitDependencyGeneratePcm arm64 /tmp/picpac-phase3-hosted-performance/ModuleCache.noindex/_Builtin_limits-2D0I5TWZ1BS9B0PQ8W7N41A1T.pcm

SwiftExplicitDependencyGeneratePcm arm64 /tmp/picpac-phase3-hosted-performance/ModuleCache.noindex/_DarwinFoundation2-ATJSEDF37YZDD3GUD8PU2B51C.pcm

SwiftExplicitDependencyGeneratePcm arm64 /tmp/picpac-phase3-hosted-performance/ModuleCache.noindex/_Builtin_tgmath-AZIT5ZO25WIQC9G3FE9UOHC4G.pcm

SwiftExplicitDependencyGeneratePcm arm64 /tmp/picpac-phase3-hosted-performance/ModuleCache.noindex/_Builtin_stdint-B4OAM2CC8K475KUYI8LOTMAIW.pcm

SwiftExplicitDependencyGeneratePcm arm64 /tmp/picpac-phase3-hosted-performance/ModuleCache.noindex/sys_types-1H9IS8OWXZIKK3HFH7CSKP3JG.pcm

SwiftExplicitDependencyGeneratePcm arm64 /tmp/picpac-phase3-hosted-performance/ModuleCache.noindex/_DarwinFoundation3-BNR7NHJZI5BTDE7PE94NSN0RY.pcm

SwiftExplicitDependencyGeneratePcm arm64 /tmp/picpac-phase3-hosted-performance/ModuleCache.noindex/_Builtin_stdatomic-2SJUNG1VHYJNPTJS3ZLRJZAGI.pcm

SwiftExplicitDependencyGeneratePcm arm64 /tmp/picpac-phase3-hosted-performance/ModuleCache.noindex/_Builtin_intrinsics-ZZVYEMBG8YR4O9HE994UHX5D.pcm

SwiftExplicitDependencyGeneratePcm arm64 /tmp/picpac-phase3-hosted-performance/ModuleCache.noindex/_Builtin_inttypes-A65NCL9YJBGQ7LOJ3FB8A1AB6.pcm

SwiftExplicitDependencyGeneratePcm arm64 /tmp/picpac-phase3-hosted-performance/ModuleCache.noindex/Darwin-15E85UYHYBA6PPP3BJUMTU816.pcm

SwiftExplicitDependencyGeneratePcm arm64 /tmp/picpac-phase3-hosted-performance/ModuleCache.noindex/simd-AP1AQ2DCP2KHJNNX0FGSLMSJ4.pcm

SwiftExplicitDependencyGeneratePcm arm64 /tmp/picpac-phase3-hosted-performance/ModuleCache.noindex/ObjectiveC-60YJPU3IELYGKT8RI9ZCK3YFV.pcm

SwiftExplicitDependencyGeneratePcm arm64 /tmp/picpac-phase3-hosted-performance/ModuleCache.noindex/MachO-2WTY1OK8TQQ6K83NCSN0QO13I.pcm

SwiftExplicitDependencyGeneratePcm arm64 /tmp/picpac-phase3-hosted-performance/ModuleCache.noindex/os_object-9FT7OHTYTGTGQ3ZBLF8ZLIASS.pcm

SwiftExplicitDependencyGeneratePcm arm64 /tmp/picpac-phase3-hosted-performance/ModuleCache.noindex/os_workgroup-BXRSGAGXAGGIQP6AHSIBH81DB.pcm

SwiftExplicitDependencyGeneratePcm arm64 /tmp/picpac-phase3-hosted-performance/ModuleCache.noindex/Dispatch-3RV2YZAM89QZ7IP6MFO6YJ07Z.pcm

SwiftExplicitDependencyGeneratePcm arm64 /tmp/picpac-phase3-hosted-performance/ModuleCache.noindex/Spatial-BP49N95LQQO0JH8GZJQFVF9XV.pcm

SwiftExplicitDependencyGeneratePcm arm64 /tmp/picpac-phase3-hosted-performance/ModuleCache.noindex/dnssd-AE6P50NBJ087PD7J0IHTEGSG4.pcm

SwiftExplicitDependencyGeneratePcm arm64 /tmp/picpac-phase3-hosted-performance/ModuleCache.noindex/XPC-CSHK05BQCPSCQ41IBVS3D2GCZ.pcm

SwiftExplicitDependencyGeneratePcm arm64 /tmp/picpac-phase3-hosted-performance/ModuleCache.noindex/CoreFoundation-EUKB1UHEQ9QS2JU12U4TUVWFB.pcm

SwiftExplicitDependencyGeneratePcm arm64 /tmp/picpac-phase3-hosted-performance/ModuleCache.noindex/os-CT0CT7IKS5DOCMJPUYJ3J85EH.pcm

SwiftExplicitDependencyGeneratePcm arm64 /tmp/picpac-phase3-hosted-performance/ModuleCache.noindex/CoreGraphics-9WCJB42HSIW0BT2OXOZYLO4XR.pcm

SwiftExplicitDependencyGeneratePcm arm64 /tmp/picpac-phase3-hosted-performance/ModuleCache.noindex/Security-29N2Q68VP19TXRHCNFY6I933K.pcm

SwiftExplicitDependencyGeneratePcm arm64 /tmp/picpac-phase3-hosted-performance/ModuleCache.noindex/CoreAudioTypes-AFH13145OUGC8UHCNKNFEQ8DU.pcm

SwiftExplicitDependencyGeneratePcm arm64 /tmp/picpac-phase3-hosted-performance/ModuleCache.noindex/CFNetwork-AV3267RLEREYPM4G1707BS03A.pcm

SwiftExplicitDependencyGeneratePcm arm64 /tmp/picpac-phase3-hosted-performance/ModuleCache.noindex/CoreAudio-8KCE63MBGBSBDW4UKJUI1ARMT.pcm

SwiftExplicitDependencyGeneratePcm arm64 /tmp/picpac-phase3-hosted-performance/ModuleCache.noindex/CoreText-458VKISAX9131YHOAIGKYUTEQ.pcm

SwiftExplicitDependencyGeneratePcm arm64 /tmp/picpac-phase3-hosted-performance/ModuleCache.noindex/ImageIO-DS4E87LNXDG8PPDIE7QU2QQHL.pcm

SwiftExplicitDependencyGeneratePcm arm64 /tmp/picpac-phase3-hosted-performance/ModuleCache.noindex/Foundation-B2G9MQCO2UK1P0IQHW5J56HAM.pcm

SwiftExplicitDependencyGeneratePcm arm64 /tmp/picpac-phase3-hosted-performance/ModuleCache.noindex/OpenGLES-68C0DOYWIE9DUUKB5PVTMBK21.pcm

SwiftExplicitDependencyGeneratePcm arm64 /tmp/picpac-phase3-hosted-performance/ModuleCache.noindex/DataDetection-1S4NYXH7Q87FKA6BQMQY0CXTV.pcm

SwiftExplicitDependencyGeneratePcm arm64 /tmp/picpac-phase3-hosted-performance/ModuleCache.noindex/CoreData-ADWL1WDRM44ZQFRAKS0OO2VXI.pcm

SwiftExplicitDependencyGeneratePcm arm64 /tmp/picpac-phase3-hosted-performance/ModuleCache.noindex/FileProvider-5SSF1CI439CLQP1JPY7YR54CD.pcm

SwiftExplicitDependencyGeneratePcm arm64 /tmp/picpac-phase3-hosted-performance/ModuleCache.noindex/CoreTransferable-1VL343R0BBKG75FNNV2XIVZRP.pcm

SwiftExplicitDependencyGeneratePcm arm64 /tmp/picpac-phase3-hosted-performance/ModuleCache.noindex/Symbols-9MKMRU0OP7F9KEYPLN71RHSBH.pcm

SwiftExplicitDependencyGeneratePcm arm64 /tmp/picpac-phase3-hosted-performance/ModuleCache.noindex/UniformTypeIdentifiers-6BRRGLZ3HTP4KKOXKH919EZG8.pcm

SwiftExplicitDependencyGeneratePcm arm64 /tmp/picpac-phase3-hosted-performance/ModuleCache.noindex/UserNotifications-EC20ZECIBBAPVDO56XW1MGKM0.pcm

SwiftExplicitDependencyGeneratePcm arm64 /tmp/picpac-phase3-hosted-performance/ModuleCache.noindex/Network-7I0IYCVCGTVSLBW5XEH6YSGU4.pcm

SwiftExplicitDependencyGeneratePcm arm64 /tmp/picpac-phase3-hosted-performance/ModuleCache.noindex/CoreMIDI-F4502NIBGRH0M7M1MSMEQEAXM.pcm

SwiftExplicitDependencyGeneratePcm arm64 /tmp/picpac-phase3-hosted-performance/ModuleCache.noindex/UIUtilities-CG940ZK32KHFIPEHDS51GIFWD.pcm

SwiftExplicitDependencyGeneratePcm arm64 /tmp/picpac-phase3-hosted-performance/ModuleCache.noindex/Accessibility-25YET7AFBLXJUCCO1W8EEAD9S.pcm

SwiftExplicitDependencyGeneratePcm arm64 /tmp/picpac-phase3-hosted-performance/ModuleCache.noindex/IOSurface-DS7PRYAJP5JMOD0SNODFKP14H.pcm

SwiftExplicitDependencyGeneratePcm arm64 /tmp/picpac-phase3-hosted-performance/ModuleCache.noindex/OSLog-6KNRVA1B90O97HAMBPWQPTWA2.pcm

SwiftExplicitDependencyGeneratePcm arm64 /tmp/picpac-phase3-hosted-performance/ModuleCache.noindex/AVRouting-CSSPEM8JUTRGD1BUMUJESU7YW.pcm

SwiftExplicitDependencyGeneratePcm arm64 /tmp/picpac-phase3-hosted-performance/ModuleCache.noindex/AudioToolbox-3DC1AP2XF1HICT6POIUC1GJAW.pcm

SwiftExplicitDependencyGeneratePcm arm64 /tmp/picpac-phase3-hosted-performance/ModuleCache.noindex/Metal-8JZGEZK158PVTM4V6P71LSO6K.pcm

SwiftExplicitDependencyGeneratePcm arm64 /tmp/picpac-phase3-hosted-performance/ModuleCache.noindex/CoreVideo-9M2SSTRCEYAY0K6ERRLEVRHZQ.pcm

SwiftExplicitDependencyGeneratePcm arm64 /tmp/picpac-phase3-hosted-performance/ModuleCache.noindex/QuartzCore-5I9AKLVTVJ080A84ZZHYVUGGN.pcm

SwiftExplicitDependencyGeneratePcm arm64 /tmp/picpac-phase3-hosted-performance/ModuleCache.noindex/CoreMedia-EDS25BR1C58O7NXWWK6FFEXMA.pcm

SwiftExplicitDependencyGeneratePcm arm64 /tmp/picpac-phase3-hosted-performance/ModuleCache.noindex/CoreImage-B45HJ42GUA9X8LIC0B88VPVRX.pcm

SwiftExplicitDependencyGeneratePcm arm64 /tmp/picpac-phase3-hosted-performance/ModuleCache.noindex/MediaToolbox-6FWY484KULNWYO47W4ADP8SD5.pcm

SwiftExplicitDependencyGeneratePcm arm64 /tmp/picpac-phase3-hosted-performance/ModuleCache.noindex/AVFAudio-9TBQ3DATQLCU9ICAKBC2L8KW5.pcm

SwiftExplicitDependencyGeneratePcm arm64 /tmp/picpac-phase3-hosted-performance/ModuleCache.noindex/SwiftUICore-2BX9T6G5GHOL6I4CRGQMWWWDU.pcm

SwiftExplicitDependencyGeneratePcm arm64 /tmp/picpac-phase3-hosted-performance/ModuleCache.noindex/UIKit-5JK2OA1L7Y1172W1SB5TFW9IJ.pcm

SwiftExplicitDependencyGeneratePcm arm64 /tmp/picpac-phase3-hosted-performance/ModuleCache.noindex/AVFoundation-DTMYGH8T7PXGK9IUYEZ29GCWD.pcm

SwiftExplicitDependencyGeneratePcm arm64 /tmp/picpac-phase3-hosted-performance/ModuleCache.noindex/SwiftUI-5TCXSOU85V0SNA6M3ZPP9TNLI.pcm

SwiftCompile normal arm64 Compiling\ GameView.swift /Users/bavabangaru/Developer/pic-pac-poe-ios-native-parity/ios/PicPacPoe/GameView.swift (in target 'PicPacPoe' from project 'PicPacPoe')

SwiftCompile normal arm64 /Users/bavabangaru/Developer/pic-pac-poe-ios-native-parity/ios/PicPacPoe/GameView.swift (in target 'PicPacPoe' from project 'PicPacPoe')
    cd /Users/bavabangaru/Developer/pic-pac-poe-ios-native-parity/ios
    

SwiftCompile normal arm64 Compiling\ ProductionAIWorker.swift /Users/bavabangaru/Developer/pic-pac-poe-ios-native-parity/ios/PicPacPoe/ProductionAIWorker.swift (in target 'PicPacPoe' from project 'PicPacPoe')

SwiftCompile normal arm64 /Users/bavabangaru/Developer/pic-pac-poe-ios-native-parity/ios/PicPacPoe/ProductionAIWorker.swift (in target 'PicPacPoe' from project 'PicPacPoe')
    cd /Users/bavabangaru/Developer/pic-pac-poe-ios-native-parity/ios
    

SwiftEmitModule normal arm64 Emitting\ module\ for\ PicPacPoe (in target 'PicPacPoe' from project 'PicPacPoe')

EmitSwiftModule normal arm64 (in target 'PicPacPoe' from project 'PicPacPoe')
    cd /Users/bavabangaru/Developer/pic-pac-poe-ios-native-parity/ios
    

SwiftCompile normal arm64 Compiling\ FeedbackService.swift /Users/bavabangaru/Developer/pic-pac-poe-ios-native-parity/ios/PicPacPoe/FeedbackService.swift (in target 'PicPacPoe' from project 'PicPacPoe')

SwiftCompile normal arm64 /Users/bavabangaru/Developer/pic-pac-poe-ios-native-parity/ios/PicPacPoe/FeedbackService.swift (in target 'PicPacPoe' from project 'PicPacPoe')
    cd /Users/bavabangaru/Developer/pic-pac-poe-ios-native-parity/ios
    

SwiftCompile normal arm64 Compiling\ InfoViews.swift /Users/bavabangaru/Developer/pic-pac-poe-ios-native-parity/ios/PicPacPoe/InfoViews.swift (in target 'PicPacPoe' from project 'PicPacPoe')

SwiftCompile normal arm64 /Users/bavabangaru/Developer/pic-pac-poe-ios-native-parity/ios/PicPacPoe/InfoViews.swift (in target 'PicPacPoe' from project 'PicPacPoe')
    cd /Users/bavabangaru/Developer/pic-pac-poe-ios-native-parity/ios
    

SwiftCompile normal arm64 Compiling\ DebugLaunchConfiguration.swift /Users/bavabangaru/Developer/pic-pac-poe-ios-native-parity/ios/PicPacPoe/DebugLaunchConfiguration.swift (in target 'PicPacPoe' from project 'PicPacPoe')

SwiftCompile normal arm64 /Users/bavabangaru/Developer/pic-pac-poe-ios-native-parity/ios/PicPacPoe/DebugLaunchConfiguration.swift (in target 'PicPacPoe' from project 'PicPacPoe')
    cd /Users/bavabangaru/Developer/pic-pac-poe-ios-native-parity/ios
    

SwiftCompile normal arm64 Compiling\ PhysicalBoard.swift /Users/bavabangaru/Developer/pic-pac-poe-ios-native-parity/ios/PicPacPoe/PhysicalBoard.swift (in target 'PicPacPoe' from project 'PicPacPoe')

SwiftCompile normal arm64 /Users/bavabangaru/Developer/pic-pac-poe-ios-native-parity/ios/PicPacPoe/PhysicalBoard.swift (in target 'PicPacPoe' from project 'PicPacPoe')
    cd /Users/bavabangaru/Developer/pic-pac-poe-ios-native-parity/ios
    

SwiftCompile normal arm64 Compiling\ HomeView.swift /Users/bavabangaru/Developer/pic-pac-poe-ios-native-parity/ios/PicPacPoe/HomeView.swift (in target 'PicPacPoe' from project 'PicPacPoe')
SwiftCompile normal arm64 /Users/bavabangaru/Developer/pic-pac-poe-ios-native-parity/ios/PicPacPoe/HomeView.swift (in target 'PicPacPoe' from project 'PicPacPoe')
    cd /Users/bavabangaru/Developer/pic-pac-poe-ios-native-parity/ios
    

SwiftCompile normal arm64 Compiling\ FormTheme.swift /Users/bavabangaru/Developer/pic-pac-poe-ios-native-parity/ios/PicPacPoe/FormTheme.swift (in target 'PicPacPoe' from project 'PicPacPoe')

SwiftCompile normal arm64 /Users/bavabangaru/Developer/pic-pac-poe-ios-native-parity/ios/PicPacPoe/FormTheme.swift (in target 'PicPacPoe' from project 'PicPacPoe')
    cd /Users/bavabangaru/Developer/pic-pac-poe-ios-native-parity/ios
    

SwiftCompile normal arm64 Compiling\ PicPacPoeApp.swift /Users/bavabangaru/Developer/pic-pac-poe-ios-native-parity/ios/PicPacPoe/PicPacPoeApp.swift (in target 'PicPacPoe' from project 'PicPacPoe')

SwiftCompile normal arm64 /Users/bavabangaru/Developer/pic-pac-poe-ios-native-parity/ios/PicPacPoe/PicPacPoeApp.swift (in target 'PicPacPoe' from project 'PicPacPoe')
    cd /Users/bavabangaru/Developer/pic-pac-poe-ios-native-parity/ios
    

SwiftDriverJobDiscovery normal arm64 Emitting module for PicPacPoe (in target 'PicPacPoe' from project 'PicPacPoe')

SwiftDriver\ Compilation\ Requirements PicPacPoe normal arm64 com.apple.xcode.tools.swift.compiler (in target 'PicPacPoe' from project 'PicPacPoe')
    cd /Users/bavabangaru/Developer/pic-pac-poe-ios-native-parity/ios
    builtin-Swift-Compilation-Requirements -- /Applications/Xcode.app/Contents/Developer/Toolchains/XcodeDefault.xctoolchain/usr/bin/swiftc -module-name PicPacPoe -Onone @/tmp/picpac-phase3-hosted-performance/Build/Intermediates.noindex/PicPacPoe.build/Test-iphonesimulator/PicPacPoe.build/Objects-normal/arm64/PicPacPoe.SwiftFileList -DTESTING -DDEBUG -enable-experimental-feature DebugDescriptionMacro -sdk /Applications/Xcode.app/Contents/Developer/Platforms/iPhoneSimulator.platform/Developer/SDKs/iPhoneSimulator26.5.sdk -target arm64-apple-ios17.0-simulator -g -module-cache-path /tmp/picpac-phase3-hosted-performance/ModuleCache.noindex -Xfrontend -serialize-debugging-options -profile-coverage-mapping -profile-generate -enable-testing -index-store-path /tmp/picpac-phase3-hosted-performance/Index.noindex/DataStore -Xcc -D_LIBCPP_HARDENING_MODE\=_LIBCPP_HARDENING_MODE_DEBUG -swift-version 6 -I /tmp/picpac-phase3-hosted-performance/Build/Products/Test-iphonesimulator -F /tmp/picpac-phase3-hosted-performance/Build/Products/Test-iphonesimulator/PackageFrameworks -F /tmp/picpac-phase3-hosted-performance/Build/Products/Test-iphonesimulator/PackageFrameworks -F /tmp/picpac-phase3-hosted-performance/Build/Products/Test-iphonesimulator/PackageFrameworks -F /tmp/picpac-phase3-hosted-performance/Build/Products/Test-iphonesimulator -emit-localized-strings -emit-localized-strings-path /tmp/picpac-phase3-hosted-performance/Build/Intermediates.noindex/PicPacPoe.build/Test-iphonesimulator/PicPacPoe.build/Objects-normal/arm64 -c -j12 -enable-batch-mode -incremental -Xcc -ivfsstatcache -Xcc /tmp/picpac-phase3-hosted-performance/SDKStatCaches.noindex/iphonesimulator26.5-23F81a-6cfe768891a92b912361537c460fe42b.sdkstatcache -output-file-map /tmp/picpac-phase3-hosted-performance/Build/Intermediates.noindex/PicPacPoe.build/Test-iphonesimulator/PicPacPoe.build/Objects-normal/arm64/PicPacPoe-OutputFileMap.json -use-frontend-parseable-output -save-temps -no-color-diagnostics -explicit-module-build -module-cache-path /tmp/picpac-phase3-hosted-performance/Build/Intermediates.noindex/SwiftExplicitPrecompiledModules -clang-scanner-module-cache-path /tmp/picpac-phase3-hosted-performance/ModuleCache.noindex -sdk-module-cache-path /tmp/picpac-phase3-hosted-performance/ModuleCache.noindex -serialize-diagnostics -emit-dependencies -emit-module -emit-module-path /tmp/picpac-phase3-hosted-performance/Build/Intermediates.noindex/PicPacPoe.build/Test-iphonesimulator/PicPacPoe.build/Objects-normal/arm64/PicPacPoe.swiftmodule -validate-clang-modules-once -clang-build-session-file /tmp/picpac-phase3-hosted-performance/ModuleCache.noindex/Session.modulevalidation -Xcc -I/tmp/picpac-phase3-hosted-performance/Build/Intermediates.noindex/PicPacPoe.build/Test-iphonesimulator/PicPacPoe.build/swift-overrides.hmap -emit-const-values -Xfrontend -const-gather-protocols-file -Xfrontend /tmp/picpac-phase3-hosted-performance/Build/Intermediates.noindex/PicPacPoe.build/Test-iphonesimulator/PicPacPoe.build/Objects-normal/arm64/PicPacPoe_const_extract_protocols.json -Xcc -iquote -Xcc /tmp/picpac-phase3-hosted-performance/Build/Intermediates.noindex/PicPacPoe.build/Test-iphonesimulator/PicPacPoe.build/PicPacPoe-generated-files.hmap -Xcc -I/tmp/picpac-phase3-hosted-performance/Build/Intermediates.noindex/PicPacPoe.build/Test-iphonesimulator/PicPacPoe.build/PicPacPoe-own-target-headers.hmap -Xcc -I/tmp/picpac-phase3-hosted-performance/Build/Intermediates.noindex/PicPacPoe.build/Test-iphonesimulator/PicPacPoe.build/PicPacPoe-all-non-framework-target-headers.hmap -Xcc -ivfsoverlay -Xcc /tmp/picpac-phase3-hosted-performance/Build/Intermediates.noindex/PicPacPoe.build/Test-iphonesimulator/PicPacPoe-90eff2f9d9e8600d7e53134acd1cb833-VFS-iphonesimulator/all-product-headers.yaml -Xcc -iquote -Xcc /tmp/picpac-phase3-hosted-performance/Build/Intermediates.noindex/PicPacPoe.build/Test-iphonesimulator/PicPacPoe.build/PicPacPoe-project-headers.hmap -Xcc -I/tmp/picpac-phase3-hosted-performance/Build/Products/Test-iphonesimulator/include -Xcc -I/tmp/picpac-phase3-hosted-performance/Build/Intermediates.noindex/PicPacPoe.build/Test-iphonesimulator/PicPacPoe.build/DerivedSources-normal/arm64 -Xcc -I/tmp/picpac-phase3-hosted-performance/Build/Intermediates.noindex/PicPacPoe.build/Test-iphonesimulator/PicPacPoe.build/DerivedSources/arm64 -Xcc -I/tmp/picpac-phase3-hosted-performance/Build/Intermediates.noindex/PicPacPoe.build/Test-iphonesimulator/PicPacPoe.build/DerivedSources -emit-objc-header -emit-objc-header-path /tmp/picpac-phase3-hosted-performance/Build/Intermediates.noindex/PicPacPoe.build/Test-iphonesimulator/PicPacPoe.build/Objects-normal/arm64/PicPacPoe-Swift.h -working-directory /Users/bavabangaru/Developer/pic-pac-poe-ios-native-parity/ios -experimental-emit-module-separately -disable-cmo

SwiftMergeGeneratedHeaders /tmp/picpac-phase3-hosted-performance/Build/Intermediates.noindex/PicPacPoe.build/Test-iphonesimulator/PicPacPoe.build/DerivedSources/PicPacPoe-Swift.h /tmp/picpac-phase3-hosted-performance/Build/Intermediates.noindex/PicPacPoe.build/Test-iphonesimulator/PicPacPoe.build/Objects-normal/arm64/PicPacPoe-Swift.h (in target 'PicPacPoe' from project 'PicPacPoe')
    cd /Users/bavabangaru/Developer/pic-pac-poe-ios-native-parity/ios
    builtin-swiftHeaderTool -arch arm64 /tmp/picpac-phase3-hosted-performance/Build/Intermediates.noindex/PicPacPoe.build/Test-iphonesimulator/PicPacPoe.build/Objects-normal/arm64/PicPacPoe-Swift.h -o /tmp/picpac-phase3-hosted-performance/Build/Intermediates.noindex/PicPacPoe.build/Test-iphonesimulator/PicPacPoe.build/DerivedSources/PicPacPoe-Swift.h

Copy /tmp/picpac-phase3-hosted-performance/Build/Products/Test-iphonesimulator/PicPacPoe.swiftmodule/arm64-apple-ios-simulator.swiftdoc /tmp/picpac-phase3-hosted-performance/Build/Intermediates.noindex/PicPacPoe.build/Test-iphonesimulator/PicPacPoe.build/Objects-normal/arm64/PicPacPoe.swiftdoc (in target 'PicPacPoe' from project 'PicPacPoe')
    cd /Users/bavabangaru/Developer/pic-pac-poe-ios-native-parity/ios
    builtin-copy -exclude .DS_Store -exclude CVS -exclude .svn -exclude .git -exclude .hg -resolve-src-symlinks -rename /tmp/picpac-phase3-hosted-performance/Build/Intermediates.noindex/PicPacPoe.build/Test-iphonesimulator/PicPacPoe.build/Objects-normal/arm64/PicPacPoe.swiftdoc /tmp/picpac-phase3-hosted-performance/Build/Products/Test-iphonesimulator/PicPacPoe.swiftmodule/arm64-apple-ios-simulator.swiftdoc

Copy /tmp/picpac-phase3-hosted-performance/Build/Products/Test-iphonesimulator/PicPacPoe.swiftmodule/arm64-apple-ios-simulator.swiftmodule /tmp/picpac-phase3-hosted-performance/Build/Intermediates.noindex/PicPacPoe.build/Test-iphonesimulator/PicPacPoe.build/Objects-normal/arm64/PicPacPoe.swiftmodule (in target 'PicPacPoe' from project 'PicPacPoe')
    cd /Users/bavabangaru/Developer/pic-pac-poe-ios-native-parity/ios
    builtin-copy -exclude .DS_Store -exclude CVS -exclude .svn -exclude .git -exclude .hg -resolve-src-symlinks -rename /tmp/picpac-phase3-hosted-performance/Build/Intermediates.noindex/PicPacPoe.build/Test-iphonesimulator/PicPacPoe.build/Objects-normal/arm64/PicPacPoe.swiftmodule /tmp/picpac-phase3-hosted-performance/Build/Products/Test-iphonesimulator/PicPacPoe.swiftmodule/arm64-apple-ios-simulator.swiftmodule

Copy /tmp/picpac-phase3-hosted-performance/Build/Products/Test-iphonesimulator/PicPacPoe.swiftmodule/arm64-apple-ios-simulator.abi.json /tmp/picpac-phase3-hosted-performance/Build/Intermediates.noindex/PicPacPoe.build/Test-iphonesimulator/PicPacPoe.build/Objects-normal/arm64/PicPacPoe.abi.json (in target 'PicPacPoe' from project 'PicPacPoe')
    cd /Users/bavabangaru/Developer/pic-pac-poe-ios-native-parity/ios
    builtin-copy -exclude .DS_Store -exclude CVS -exclude .svn -exclude .git -exclude .hg -resolve-src-symlinks -rename /tmp/picpac-phase3-hosted-performance/Build/Intermediates.noindex/PicPacPoe.build/Test-iphonesimulator/PicPacPoe.build/Objects-normal/arm64/PicPacPoe.abi.json /tmp/picpac-phase3-hosted-performance/Build/Products/Test-iphonesimulator/PicPacPoe.swiftmodule/arm64-apple-ios-simulator.abi.json

Copy /tmp/picpac-phase3-hosted-performance/Build/Products/Test-iphonesimulator/PicPacPoe.swiftmodule/Project/arm64-apple-ios-simulator.swiftsourceinfo /tmp/picpac-phase3-hosted-performance/Build/Intermediates.noindex/PicPacPoe.build/Test-iphonesimulator/PicPacPoe.build/Objects-normal/arm64/PicPacPoe.swiftsourceinfo (in target 'PicPacPoe' from project 'PicPacPoe')
    cd /Users/bavabangaru/Developer/pic-pac-poe-ios-native-parity/ios
    builtin-copy -exclude .DS_Store -exclude CVS -exclude .svn -exclude .git -exclude .hg -resolve-src-symlinks -rename /tmp/picpac-phase3-hosted-performance/Build/Intermediates.noindex/PicPacPoe.build/Test-iphonesimulator/PicPacPoe.build/Objects-normal/arm64/PicPacPoe.swiftsourceinfo /tmp/picpac-phase3-hosted-performance/Build/Products/Test-iphonesimulator/PicPacPoe.swiftmodule/Project/arm64-apple-ios-simulator.swiftsourceinfo

SwiftDriver PicPacPoeUITests normal arm64 com.apple.xcode.tools.swift.compiler (in target 'PicPacPoeUITests' from project 'PicPacPoe')
    cd /Users/bavabangaru/Developer/pic-pac-poe-ios-native-parity/ios
    builtin-SwiftDriver -- /Applications/Xcode.app/Contents/Developer/Toolchains/XcodeDefault.xctoolchain/usr/bin/swiftc -module-name PicPacPoeUITests -Onone @/tmp/picpac-phase3-hosted-performance/Build/Intermediates.noindex/PicPacPoe.build/Test-iphonesimulator/PicPacPoeUITests.build/Objects-normal/arm64/PicPacPoeUITests.SwiftFileList -DTESTING -DDEBUG -module-alias Testing\=_Testing_Unavailable -plugin-path /Applications/Xcode.app/Contents/Developer/Toolchains/XcodeDefault.xctoolchain/usr/lib/swift/host/plugins/testing -enable-experimental-feature DebugDescriptionMacro -sdk /Applications/Xcode.app/Contents/Developer/Platforms/iPhoneSimulator.platform/Developer/SDKs/iPhoneSimulator26.5.sdk -target arm64-apple-ios17.0-simulator -g -module-cache-path /tmp/picpac-phase3-hosted-performance/ModuleCache.noindex -Xfrontend -serialize-debugging-options -profile-coverage-mapping -profile-generate -enable-testing -index-store-path /tmp/picpac-phase3-hosted-performance/Index.noindex/DataStore -Xcc -D_LIBCPP_HARDENING_MODE\=_LIBCPP_HARDENING_MODE_DEBUG -swift-version 6 -I /tmp/picpac-phase3-hosted-performance/Build/Products/Test-iphonesimulator -Isystem /Applications/Xcode.app/Contents/Developer/Platforms/iPhoneSimulator.platform/Developer/usr/lib -F /tmp/picpac-phase3-hosted-performance/Build/Products/Test-iphonesimulator -F /Applications/Xcode.app/Contents/Developer/Platforms/iPhoneSimulator.platform/Developer/Library/Frameworks -F /Applications/Xcode.app/Contents/Developer/Platforms/iPhoneSimulator.platform/Developer/SDKs/iPhoneSimulator26.5.sdk/Developer/Library/Frameworks -parse-as-library -emit-localized-strings -emit-localized-strings-path /tmp/picpac-phase3-hosted-performance/Build/Intermediates.noindex/PicPacPoe.build/Test-iphonesimulator/PicPacPoeUITests.build/Objects-normal/arm64 -c -j12 -enable-batch-mode -incremental -Xcc -ivfsstatcache -Xcc /tmp/picpac-phase3-hosted-performance/SDKStatCaches.noindex/iphonesimulator26.5-23F81a-6cfe768891a92b912361537c460fe42b.sdkstatcache -output-file-map /tmp/picpac-phase3-hosted-performance/Build/Intermediates.noindex/PicPacPoe.build/Test-iphonesimulator/PicPacPoeUITests.build/Objects-normal/arm64/PicPacPoeUITests-OutputFileMap.json -use-frontend-parseable-output -save-temps -no-color-diagnostics -explicit-module-build -module-cache-path /tmp/picpac-phase3-hosted-performance/Build/Intermediates.noindex/SwiftExplicitPrecompiledModules -clang-scanner-module-cache-path /tmp/picpac-phase3-hosted-performance/ModuleCache.noindex -sdk-module-cache-path /tmp/picpac-phase3-hosted-performance/ModuleCache.noindex -serialize-diagnostics -emit-dependencies -emit-module -emit-module-path /tmp/picpac-phase3-hosted-performance/Build/Intermediates.noindex/PicPacPoe.build/Test-iphonesimulator/PicPacPoeUITests.build/Objects-normal/arm64/PicPacPoeUITests.swiftmodule -validate-clang-modules-once -clang-build-session-file /tmp/picpac-phase3-hosted-performance/ModuleCache.noindex/Session.modulevalidation -Xcc -I/tmp/picpac-phase3-hosted-performance/Build/Intermediates.noindex/PicPacPoe.build/Test-iphonesimulator/PicPacPoeUITests.build/swift-overrides.hmap -emit-const-values -Xfrontend -const-gather-protocols-file -Xfrontend /tmp/picpac-phase3-hosted-performance/Build/Intermediates.noindex/PicPacPoe.build/Test-iphonesimulator/PicPacPoeUITests.build/Objects-normal/arm64/PicPacPoeUITests_const_extract_protocols.json -Xcc -iquote -Xcc /tmp/picpac-phase3-hosted-performance/Build/Intermediates.noindex/PicPacPoe.build/Test-iphonesimulator/PicPacPoeUITests.build/PicPacPoeUITests-generated-files.hmap -Xcc -I/tmp/picpac-phase3-hosted-performance/Build/Intermediates.noindex/PicPacPoe.build/Test-iphonesimulator/PicPacPoeUITests.build/PicPacPoeUITests-own-target-headers.hmap -Xcc -I/tmp/picpac-phase3-hosted-performance/Build/Intermediates.noindex/PicPacPoe.build/Test-iphonesimulator/PicPacPoeUITests.build/PicPacPoeUITests-all-non-framework-target-headers.hmap -Xcc -ivfsoverlay -Xcc /tmp/picpac-phase3-hosted-performance/Build/Intermediates.noindex/PicPacPoe.build/Test-iphonesimulator/PicPacPoe-90eff2f9d9e8600d7e53134acd1cb833-VFS-iphonesimulator/all-product-headers.yaml -Xcc -iquote -Xcc /tmp/picpac-phase3-hosted-performance/Build/Intermediates.noindex/PicPacPoe.build/Test-iphonesimulator/PicPacPoeUITests.build/PicPacPoeUITests-project-headers.hmap -Xcc -I/tmp/picpac-phase3-hosted-performance/Build/Products/Test-iphonesimulator/include -Xcc -I/tmp/picpac-phase3-hosted-performance/Build/Intermediates.noindex/PicPacPoe.build/Test-iphonesimulator/PicPacPoeUITests.build/DerivedSources-normal/arm64 -Xcc -I/tmp/picpac-phase3-hosted-performance/Build/Intermediates.noindex/PicPacPoe.build/Test-iphonesimulator/PicPacPoeUITests.build/DerivedSources/arm64 -Xcc -I/tmp/picpac-phase3-hosted-performance/Build/Intermediates.noindex/PicPacPoe.build/Test-iphonesimulator/PicPacPoeUITests.build/DerivedSources -emit-objc-header -emit-objc-header-path /tmp/picpac-phase3-hosted-performance/Build/Intermediates.noindex/PicPacPoe.build/Test-iphonesimulator/PicPacPoeUITests.build/Objects-normal/arm64/PicPacPoeUITests-Swift.h -working-directory /Users/bavabangaru/Developer/pic-pac-poe-ios-native-parity/ios -experimental-emit-module-separately -disable-cmo

SwiftDriver PicPacPoeTests normal arm64 com.apple.xcode.tools.swift.compiler (in target 'PicPacPoeTests' from project 'PicPacPoe')
    cd /Users/bavabangaru/Developer/pic-pac-poe-ios-native-parity/ios
    builtin-SwiftDriver -- /Applications/Xcode.app/Contents/Developer/Toolchains/XcodeDefault.xctoolchain/usr/bin/swiftc -module-name PicPacPoeTests -Onone @/tmp/picpac-phase3-hosted-performance/Build/Intermediates.noindex/PicPacPoe.build/Test-iphonesimulator/PicPacPoeTests.build/Objects-normal/arm64/PicPacPoeTests.SwiftFileList -DTESTING -DDEBUG -plugin-path /Applications/Xcode.app/Contents/Developer/Toolchains/XcodeDefault.xctoolchain/usr/lib/swift/host/plugins/testing -enable-experimental-feature DebugDescriptionMacro -sdk /Applications/Xcode.app/Contents/Developer/Platforms/iPhoneSimulator.platform/Developer/SDKs/iPhoneSimulator26.5.sdk -target arm64-apple-ios17.0-simulator -g -module-cache-path /tmp/picpac-phase3-hosted-performance/ModuleCache.noindex -Xfrontend -serialize-debugging-options -profile-coverage-mapping -profile-generate -enable-testing -index-store-path /tmp/picpac-phase3-hosted-performance/Index.noindex/DataStore -Xcc -D_LIBCPP_HARDENING_MODE\=_LIBCPP_HARDENING_MODE_DEBUG -swift-version 6 -I /tmp/picpac-phase3-hosted-performance/Build/Products/Test-iphonesimulator -Isystem /Applications/Xcode.app/Contents/Developer/Platforms/iPhoneSimulator.platform/Developer/usr/lib -F /tmp/picpac-phase3-hosted-performance/Build/Products/Test-iphonesimulator/PackageFrameworks -F /tmp/picpac-phase3-hosted-performance/Build/Products/Test-iphonesimulator/PackageFrameworks -F /tmp/picpac-phase3-hosted-performance/Build/Products/Test-iphonesimulator/PackageFrameworks -F /tmp/picpac-phase3-hosted-performance/Build/Products/Test-iphonesimulator/PackageFrameworks -F /tmp/picpac-phase3-hosted-performance/Build/Products/Test-iphonesimulator/PackageFrameworks -F /tmp/picpac-phase3-hosted-performance/Build/Products/Test-iphonesimulator -F /Applications/Xcode.app/Contents/Developer/Platforms/iPhoneSimulator.platform/Developer/Library/Frameworks -F /Applications/Xcode.app/Contents/Developer/Platforms/iPhoneSimulator.platform/Developer/SDKs/iPhoneSimulator26.5.sdk/Developer/Library/Frameworks -parse-as-library -emit-localized-strings -emit-localized-strings-path /tmp/picpac-phase3-hosted-performance/Build/Intermediates.noindex/PicPacPoe.build/Test-iphonesimulator/PicPacPoeTests.build/Objects-normal/arm64 -c -j12 -enable-batch-mode -incremental -Xcc -ivfsstatcache -Xcc /tmp/picpac-phase3-hosted-performance/SDKStatCaches.noindex/iphonesimulator26.5-23F81a-6cfe768891a92b912361537c460fe42b.sdkstatcache -output-file-map /tmp/picpac-phase3-hosted-performance/Build/Intermediates.noindex/PicPacPoe.build/Test-iphonesimulator/PicPacPoeTests.build/Objects-normal/arm64/PicPacPoeTests-OutputFileMap.json -use-frontend-parseable-output -save-temps -no-color-diagnostics -explicit-module-build -module-cache-path /tmp/picpac-phase3-hosted-performance/Build/Intermediates.noindex/SwiftExplicitPrecompiledModules -clang-scanner-module-cache-path /tmp/picpac-phase3-hosted-performance/ModuleCache.noindex -sdk-module-cache-path /tmp/picpac-phase3-hosted-performance/ModuleCache.noindex -serialize-diagnostics -emit-dependencies -emit-module -emit-module-path /tmp/picpac-phase3-hosted-performance/Build/Intermediates.noindex/PicPacPoe.build/Test-iphonesimulator/PicPacPoeTests.build/Objects-normal/arm64/PicPacPoeTests.swiftmodule -validate-clang-modules-once -clang-build-session-file /tmp/picpac-phase3-hosted-performance/ModuleCache.noindex/Session.modulevalidation -Xcc -I/tmp/picpac-phase3-hosted-performance/Build/Intermediates.noindex/PicPacPoe.build/Test-iphonesimulator/PicPacPoeTests.build/swift-overrides.hmap -emit-const-values -Xfrontend -const-gather-protocols-file -Xfrontend /tmp/picpac-phase3-hosted-performance/Build/Intermediates.noindex/PicPacPoe.build/Test-iphonesimulator/PicPacPoeTests.build/Objects-normal/arm64/PicPacPoeTests_const_extract_protocols.json -Xcc -iquote -Xcc /tmp/picpac-phase3-hosted-performance/Build/Intermediates.noindex/PicPacPoe.build/Test-iphonesimulator/PicPacPoeTests.build/PicPacPoeTests-generated-files.hmap -Xcc -I/tmp/picpac-phase3-hosted-performance/Build/Intermediates.noindex/PicPacPoe.build/Test-iphonesimulator/PicPacPoeTests.build/PicPacPoeTests-own-target-headers.hmap -Xcc -I/tmp/picpac-phase3-hosted-performance/Build/Intermediates.noindex/PicPacPoe.build/Test-iphonesimulator/PicPacPoeTests.build/PicPacPoeTests-all-non-framework-target-headers.hmap -Xcc -ivfsoverlay -Xcc /tmp/picpac-phase3-hosted-performance/Build/Intermediates.noindex/PicPacPoe.build/Test-iphonesimulator/PicPacPoe-90eff2f9d9e8600d7e53134acd1cb833-VFS-iphonesimulator/all-product-headers.yaml -Xcc -iquote -Xcc /tmp/picpac-phase3-hosted-performance/Build/Intermediates.noindex/PicPacPoe.build/Test-iphonesimulator/PicPacPoeTests.build/PicPacPoeTests-project-headers.hmap -Xcc -I/tmp/picpac-phase3-hosted-performance/Build/Products/Test-iphonesimulator/include -Xcc -I/tmp/picpac-phase3-hosted-performance/Build/Intermediates.noindex/PicPacPoe.build/Test-iphonesimulator/PicPacPoeTests.build/DerivedSources-normal/arm64 -Xcc -I/tmp/picpac-phase3-hosted-performance/Build/Intermediates.noindex/PicPacPoe.build/Test-iphonesimulator/PicPacPoeTests.build/DerivedSources/arm64 -Xcc -I/tmp/picpac-phase3-hosted-performance/Build/Intermediates.noindex/PicPacPoe.build/Test-iphonesimulator/PicPacPoeTests.build/DerivedSources -emit-objc-header -emit-objc-header-path /tmp/picpac-phase3-hosted-performance/Build/Intermediates.noindex/PicPacPoe.build/Test-iphonesimulator/PicPacPoeTests.build/Objects-normal/arm64/PicPacPoeTests-Swift.h -working-directory /Users/bavabangaru/Developer/pic-pac-poe-ios-native-parity/ios -experimental-emit-module-separately -disable-cmo

SwiftDriverJobDiscovery normal arm64 Compiling ProductionAIWorker.swift (in target 'PicPacPoe' from project 'PicPacPoe')

SwiftExplicitDependencyGeneratePcm arm64 /tmp/picpac-phase3-hosted-performance/Build/Intermediates.noindex/SwiftExplicitPrecompiledModules/XCUIAutomation-AMQECK5W7EIWYJ5L1O6UXUQLR.pcm

SwiftExplicitDependencyGeneratePcm arm64 /tmp/picpac-phase3-hosted-performance/ModuleCache.noindex/LocalAuthentication-6UEE3BNOAF0IW38UW9JARC9NV.pcm

SwiftExplicitDependencyCompileModuleFromInterface arm64 /tmp/picpac-phase3-hosted-performance/Build/Intermediates.noindex/SwiftExplicitPrecompiledModules/XCUIAutomation-3N6H33J5HT9HT.swiftmodule

SwiftExplicitDependencyGeneratePcm arm64 /tmp/picpac-phase3-hosted-performance/Build/Intermediates.noindex/SwiftExplicitPrecompiledModules/XCTest-783MA5ZTVX04PTXKWQTTC01F1.pcm

SwiftExplicitDependencyCompileModuleFromInterface arm64 /tmp/picpac-phase3-hosted-performance/Build/Intermediates.noindex/SwiftExplicitPrecompiledModules/XCTest-3GW6PBZ0A6NF5.swiftmodule

SwiftEmitModule normal arm64 Emitting\ module\ for\ PicPacPoeUITests (in target 'PicPacPoeUITests' from project 'PicPacPoe')

SwiftCompile normal arm64 /Users/bavabangaru/Developer/pic-pac-poe-ios-native-parity/ios/PicPacPoeUITests/PicPacPoeUITests.swift (in target 'PicPacPoeUITests' from project 'PicPacPoe')
    cd /Users/bavabangaru/Developer/pic-pac-poe-ios-native-parity/ios
    

SwiftEmitModule normal arm64 Emitting\ module\ for\ PicPacPoeTests (in target 'PicPacPoeTests' from project 'PicPacPoe')

SwiftCompile normal arm64 /Users/bavabangaru/Developer/pic-pac-poe-ios-native-parity/ios/PicPacPoeTests/PicPacPoeIntegrationTests.swift (in target 'PicPacPoeTests' from project 'PicPacPoe')
    cd /Users/bavabangaru/Developer/pic-pac-poe-ios-native-parity/ios
    

SwiftCompile normal arm64 Compiling\ PicPacPoeUITests.swift /Users/bavabangaru/Developer/pic-pac-poe-ios-native-parity/ios/PicPacPoeUITests/PicPacPoeUITests.swift (in target 'PicPacPoeUITests' from project 'PicPacPoe')

SwiftCompile normal arm64 /Users/bavabangaru/Developer/pic-pac-poe-ios-native-parity/ios/PicPacPoeUITests/PicPacPoeUITests.swift (in target 'PicPacPoeUITests' from project 'PicPacPoe')
    cd /Users/bavabangaru/Developer/pic-pac-poe-ios-native-parity/ios
    

SwiftCompile normal arm64 Compiling\ PicPacPoeIntegrationTests.swift /Users/bavabangaru/Developer/pic-pac-poe-ios-native-parity/ios/PicPacPoeTests/PicPacPoeIntegrationTests.swift (in target 'PicPacPoeTests' from project 'PicPacPoe')
SwiftCompile normal arm64 /Users/bavabangaru/Developer/pic-pac-poe-ios-native-parity/ios/PicPacPoeTests/PicPacPoeIntegrationTests.swift (in target 'PicPacPoeTests' from project 'PicPacPoe')
    cd /Users/bavabangaru/Developer/pic-pac-poe-ios-native-parity/ios
    

SwiftDriverJobDiscovery normal arm64 Emitting module for PicPacPoeUITests (in target 'PicPacPoeUITests' from project 'PicPacPoe')

SwiftDriver\ Compilation\ Requirements PicPacPoeUITests normal arm64 com.apple.xcode.tools.swift.compiler (in target 'PicPacPoeUITests' from project 'PicPacPoe')
    cd /Users/bavabangaru/Developer/pic-pac-poe-ios-native-parity/ios
    builtin-Swift-Compilation-Requirements -- /Applications/Xcode.app/Contents/Developer/Toolchains/XcodeDefault.xctoolchain/usr/bin/swiftc -module-name PicPacPoeUITests -Onone @/tmp/picpac-phase3-hosted-performance/Build/Intermediates.noindex/PicPacPoe.build/Test-iphonesimulator/PicPacPoeUITests.build/Objects-normal/arm64/PicPacPoeUITests.SwiftFileList -DTESTING -DDEBUG -module-alias Testing\=_Testing_Unavailable -plugin-path /Applications/Xcode.app/Contents/Developer/Toolchains/XcodeDefault.xctoolchain/usr/lib/swift/host/plugins/testing -enable-experimental-feature DebugDescriptionMacro -sdk /Applications/Xcode.app/Contents/Developer/Platforms/iPhoneSimulator.platform/Developer/SDKs/iPhoneSimulator26.5.sdk -target arm64-apple-ios17.0-simulator -g -module-cache-path /tmp/picpac-phase3-hosted-performance/ModuleCache.noindex -Xfrontend -serialize-debugging-options -profile-coverage-mapping -profile-generate -enable-testing -index-store-path /tmp/picpac-phase3-hosted-performance/Index.noindex/DataStore -Xcc -D_LIBCPP_HARDENING_MODE\=_LIBCPP_HARDENING_MODE_DEBUG -swift-version 6 -I /tmp/picpac-phase3-hosted-performance/Build/Products/Test-iphonesimulator -Isystem /Applications/Xcode.app/Contents/Developer/Platforms/iPhoneSimulator.platform/Developer/usr/lib -F /tmp/picpac-phase3-hosted-performance/Build/Products/Test-iphonesimulator -F /Applications/Xcode.app/Contents/Developer/Platforms/iPhoneSimulator.platform/Developer/Library/Frameworks -F /Applications/Xcode.app/Contents/Developer/Platforms/iPhoneSimulator.platform/Developer/SDKs/iPhoneSimulator26.5.sdk/Developer/Library/Frameworks -parse-as-library -emit-localized-strings -emit-localized-strings-path /tmp/picpac-phase3-hosted-performance/Build/Intermediates.noindex/PicPacPoe.build/Test-iphonesimulator/PicPacPoeUITests.build/Objects-normal/arm64 -c -j12 -enable-batch-mode -incremental -Xcc -ivfsstatcache -Xcc /tmp/picpac-phase3-hosted-performance/SDKStatCaches.noindex/iphonesimulator26.5-23F81a-6cfe768891a92b912361537c460fe42b.sdkstatcache -output-file-map /tmp/picpac-phase3-hosted-performance/Build/Intermediates.noindex/PicPacPoe.build/Test-iphonesimulator/PicPacPoeUITests.build/Objects-normal/arm64/PicPacPoeUITests-OutputFileMap.json -use-frontend-parseable-output -save-temps -no-color-diagnostics -explicit-module-build -module-cache-path /tmp/picpac-phase3-hosted-performance/Build/Intermediates.noindex/SwiftExplicitPrecompiledModules -clang-scanner-module-cache-path /tmp/picpac-phase3-hosted-performance/ModuleCache.noindex -sdk-module-cache-path /tmp/picpac-phase3-hosted-performance/ModuleCache.noindex -serialize-diagnostics -emit-dependencies -emit-module -emit-module-path /tmp/picpac-phase3-hosted-performance/Build/Intermediates.noindex/PicPacPoe.build/Test-iphonesimulator/PicPacPoeUITests.build/Objects-normal/arm64/PicPacPoeUITests.swiftmodule -validate-clang-modules-once -clang-build-session-file /tmp/picpac-phase3-hosted-performance/ModuleCache.noindex/Session.modulevalidation -Xcc -I/tmp/picpac-phase3-hosted-performance/Build/Intermediates.noindex/PicPacPoe.build/Test-iphonesimulator/PicPacPoeUITests.build/swift-overrides.hmap -emit-const-values -Xfrontend -const-gather-protocols-file -Xfrontend /tmp/picpac-phase3-hosted-performance/Build/Intermediates.noindex/PicPacPoe.build/Test-iphonesimulator/PicPacPoeUITests.build/Objects-normal/arm64/PicPacPoeUITests_const_extract_protocols.json -Xcc -iquote -Xcc /tmp/picpac-phase3-hosted-performance/Build/Intermediates.noindex/PicPacPoe.build/Test-iphonesimulator/PicPacPoeUITests.build/PicPacPoeUITests-generated-files.hmap -Xcc -I/tmp/picpac-phase3-hosted-performance/Build/Intermediates.noindex/PicPacPoe.build/Test-iphonesimulator/PicPacPoeUITests.build/PicPacPoeUITests-own-target-headers.hmap -Xcc -I/tmp/picpac-phase3-hosted-performance/Build/Intermediates.noindex/PicPacPoe.build/Test-iphonesimulator/PicPacPoeUITests.build/PicPacPoeUITests-all-non-framework-target-headers.hmap -Xcc -ivfsoverlay -Xcc /tmp/picpac-phase3-hosted-performance/Build/Intermediates.noindex/PicPacPoe.build/Test-iphonesimulator/PicPacPoe-90eff2f9d9e8600d7e53134acd1cb833-VFS-iphonesimulator/all-product-headers.yaml -Xcc -iquote -Xcc /tmp/picpac-phase3-hosted-performance/Build/Intermediates.noindex/PicPacPoe.build/Test-iphonesimulator/PicPacPoeUITests.build/PicPacPoeUITests-project-headers.hmap -Xcc -I/tmp/picpac-phase3-hosted-performance/Build/Products/Test-iphonesimulator/include -Xcc -I/tmp/picpac-phase3-hosted-performance/Build/Intermediates.noindex/PicPacPoe.build/Test-iphonesimulator/PicPacPoeUITests.build/DerivedSources-normal/arm64 -Xcc -I/tmp/picpac-phase3-hosted-performance/Build/Intermediates.noindex/PicPacPoe.build/Test-iphonesimulator/PicPacPoeUITests.build/DerivedSources/arm64 -Xcc -I/tmp/picpac-phase3-hosted-performance/Build/Intermediates.noindex/PicPacPoe.build/Test-iphonesimulator/PicPacPoeUITests.build/DerivedSources -emit-objc-header -emit-objc-header-path /tmp/picpac-phase3-hosted-performance/Build/Intermediates.noindex/PicPacPoe.build/Test-iphonesimulator/PicPacPoeUITests.build/Objects-normal/arm64/PicPacPoeUITests-Swift.h -working-directory /Users/bavabangaru/Developer/pic-pac-poe-ios-native-parity/ios -experimental-emit-module-separately -disable-cmo

SwiftMergeGeneratedHeaders /tmp/picpac-phase3-hosted-performance/Build/Intermediates.noindex/PicPacPoe.build/Test-iphonesimulator/PicPacPoeUITests.build/DerivedSources/PicPacPoeUITests-Swift.h /tmp/picpac-phase3-hosted-performance/Build/Intermediates.noindex/PicPacPoe.build/Test-iphonesimulator/PicPacPoeUITests.build/Objects-normal/arm64/PicPacPoeUITests-Swift.h (in target 'PicPacPoeUITests' from project 'PicPacPoe')
    cd /Users/bavabangaru/Developer/pic-pac-poe-ios-native-parity/ios
    builtin-swiftHeaderTool -arch arm64 /tmp/picpac-phase3-hosted-performance/Build/Intermediates.noindex/PicPacPoe.build/Test-iphonesimulator/PicPacPoeUITests.build/Objects-normal/arm64/PicPacPoeUITests-Swift.h -o /tmp/picpac-phase3-hosted-performance/Build/Intermediates.noindex/PicPacPoe.build/Test-iphonesimulator/PicPacPoeUITests.build/DerivedSources/PicPacPoeUITests-Swift.h

Copy /tmp/picpac-phase3-hosted-performance/Build/Products/Test-iphonesimulator/PicPacPoeUITests.swiftmodule/arm64-apple-ios-simulator.swiftmodule /tmp/picpac-phase3-hosted-performance/Build/Intermediates.noindex/PicPacPoe.build/Test-iphonesimulator/PicPacPoeUITests.build/Objects-normal/arm64/PicPacPoeUITests.swiftmodule (in target 'PicPacPoeUITests' from project 'PicPacPoe')
    cd /Users/bavabangaru/Developer/pic-pac-poe-ios-native-parity/ios
    builtin-copy -exclude .DS_Store -exclude CVS -exclude .svn -exclude .git -exclude .hg -resolve-src-symlinks -rename /tmp/picpac-phase3-hosted-performance/Build/Intermediates.noindex/PicPacPoe.build/Test-iphonesimulator/PicPacPoeUITests.build/Objects-normal/arm64/PicPacPoeUITests.swiftmodule /tmp/picpac-phase3-hosted-performance/Build/Products/Test-iphonesimulator/PicPacPoeUITests.swiftmodule/arm64-apple-ios-simulator.swiftmodule

Copy /tmp/picpac-phase3-hosted-performance/Build/Products/Test-iphonesimulator/PicPacPoeUITests.swiftmodule/arm64-apple-ios-simulator.swiftdoc /tmp/picpac-phase3-hosted-performance/Build/Intermediates.noindex/PicPacPoe.build/Test-iphonesimulator/PicPacPoeUITests.build/Objects-normal/arm64/PicPacPoeUITests.swiftdoc (in target 'PicPacPoeUITests' from project 'PicPacPoe')
    cd /Users/bavabangaru/Developer/pic-pac-poe-ios-native-parity/ios
    builtin-copy -exclude .DS_Store -exclude CVS -exclude .svn -exclude .git -exclude .hg -resolve-src-symlinks -rename /tmp/picpac-phase3-hosted-performance/Build/Intermediates.noindex/PicPacPoe.build/Test-iphonesimulator/PicPacPoeUITests.build/Objects-normal/arm64/PicPacPoeUITests.swiftdoc /tmp/picpac-phase3-hosted-performance/Build/Products/Test-iphonesimulator/PicPacPoeUITests.swiftmodule/arm64-apple-ios-simulator.swiftdoc

Copy /tmp/picpac-phase3-hosted-performance/Build/Products/Test-iphonesimulator/PicPacPoeUITests.swiftmodule/arm64-apple-ios-simulator.abi.json /tmp/picpac-phase3-hosted-performance/Build/Intermediates.noindex/PicPacPoe.build/Test-iphonesimulator/PicPacPoeUITests.build/Objects-normal/arm64/PicPacPoeUITests.abi.json (in target 'PicPacPoeUITests' from project 'PicPacPoe')
    cd /Users/bavabangaru/Developer/pic-pac-poe-ios-native-parity/ios
    builtin-copy -exclude .DS_Store -exclude CVS -exclude .svn -exclude .git -exclude .hg -resolve-src-symlinks -rename /tmp/picpac-phase3-hosted-performance/Build/Intermediates.noindex/PicPacPoe.build/Test-iphonesimulator/PicPacPoeUITests.build/Objects-normal/arm64/PicPacPoeUITests.abi.json /tmp/picpac-phase3-hosted-performance/Build/Products/Test-iphonesimulator/PicPacPoeUITests.swiftmodule/arm64-apple-ios-simulator.abi.json

Copy /tmp/picpac-phase3-hosted-performance/Build/Products/Test-iphonesimulator/PicPacPoeUITests.swiftmodule/Project/arm64-apple-ios-simulator.swiftsourceinfo /tmp/picpac-phase3-hosted-performance/Build/Intermediates.noindex/PicPacPoe.build/Test-iphonesimulator/PicPacPoeUITests.build/Objects-normal/arm64/PicPacPoeUITests.swiftsourceinfo (in target 'PicPacPoeUITests' from project 'PicPacPoe')
    cd /Users/bavabangaru/Developer/pic-pac-poe-ios-native-parity/ios
    builtin-copy -exclude .DS_Store -exclude CVS -exclude .svn -exclude .git -exclude .hg -resolve-src-symlinks -rename /tmp/picpac-phase3-hosted-performance/Build/Intermediates.noindex/PicPacPoe.build/Test-iphonesimulator/PicPacPoeUITests.build/Objects-normal/arm64/PicPacPoeUITests.swiftsourceinfo /tmp/picpac-phase3-hosted-performance/Build/Products/Test-iphonesimulator/PicPacPoeUITests.swiftmodule/Project/arm64-apple-ios-simulator.swiftsourceinfo

SwiftDriverJobDiscovery normal arm64 Emitting module for PicPacPoeTests (in target 'PicPacPoeTests' from project 'PicPacPoe')

SwiftDriver\ Compilation\ Requirements PicPacPoeTests normal arm64 com.apple.xcode.tools.swift.compiler (in target 'PicPacPoeTests' from project 'PicPacPoe')
    cd /Users/bavabangaru/Developer/pic-pac-poe-ios-native-parity/ios
    builtin-Swift-Compilation-Requirements -- /Applications/Xcode.app/Contents/Developer/Toolchains/XcodeDefault.xctoolchain/usr/bin/swiftc -module-name PicPacPoeTests -Onone @/tmp/picpac-phase3-hosted-performance/Build/Intermediates.noindex/PicPacPoe.build/Test-iphonesimulator/PicPacPoeTests.build/Objects-normal/arm64/PicPacPoeTests.SwiftFileList -DTESTING -DDEBUG -plugin-path /Applications/Xcode.app/Contents/Developer/Toolchains/XcodeDefault.xctoolchain/usr/lib/swift/host/plugins/testing -enable-experimental-feature DebugDescriptionMacro -sdk /Applications/Xcode.app/Contents/Developer/Platforms/iPhoneSimulator.platform/Developer/SDKs/iPhoneSimulator26.5.sdk -target arm64-apple-ios17.0-simulator -g -module-cache-path /tmp/picpac-phase3-hosted-performance/ModuleCache.noindex -Xfrontend -serialize-debugging-options -profile-coverage-mapping -profile-generate -enable-testing -index-store-path /tmp/picpac-phase3-hosted-performance/Index.noindex/DataStore -Xcc -D_LIBCPP_HARDENING_MODE\=_LIBCPP_HARDENING_MODE_DEBUG -swift-version 6 -I /tmp/picpac-phase3-hosted-performance/Build/Products/Test-iphonesimulator -Isystem /Applications/Xcode.app/Contents/Developer/Platforms/iPhoneSimulator.platform/Developer/usr/lib -F /tmp/picpac-phase3-hosted-performance/Build/Products/Test-iphonesimulator/PackageFrameworks -F /tmp/picpac-phase3-hosted-performance/Build/Products/Test-iphonesimulator/PackageFrameworks -F /tmp/picpac-phase3-hosted-performance/Build/Products/Test-iphonesimulator/PackageFrameworks -F /tmp/picpac-phase3-hosted-performance/Build/Products/Test-iphonesimulator/PackageFrameworks -F /tmp/picpac-phase3-hosted-performance/Build/Products/Test-iphonesimulator/PackageFrameworks -F /tmp/picpac-phase3-hosted-performance/Build/Products/Test-iphonesimulator -F /Applications/Xcode.app/Contents/Developer/Platforms/iPhoneSimulator.platform/Developer/Library/Frameworks -F /Applications/Xcode.app/Contents/Developer/Platforms/iPhoneSimulator.platform/Developer/SDKs/iPhoneSimulator26.5.sdk/Developer/Library/Frameworks -parse-as-library -emit-localized-strings -emit-localized-strings-path /tmp/picpac-phase3-hosted-performance/Build/Intermediates.noindex/PicPacPoe.build/Test-iphonesimulator/PicPacPoeTests.build/Objects-normal/arm64 -c -j12 -enable-batch-mode -incremental -Xcc -ivfsstatcache -Xcc /tmp/picpac-phase3-hosted-performance/SDKStatCaches.noindex/iphonesimulator26.5-23F81a-6cfe768891a92b912361537c460fe42b.sdkstatcache -output-file-map /tmp/picpac-phase3-hosted-performance/Build/Intermediates.noindex/PicPacPoe.build/Test-iphonesimulator/PicPacPoeTests.build/Objects-normal/arm64/PicPacPoeTests-OutputFileMap.json -use-frontend-parseable-output -save-temps -no-color-diagnostics -explicit-module-build -module-cache-path /tmp/picpac-phase3-hosted-performance/Build/Intermediates.noindex/SwiftExplicitPrecompiledModules -clang-scanner-module-cache-path /tmp/picpac-phase3-hosted-performance/ModuleCache.noindex -sdk-module-cache-path /tmp/picpac-phase3-hosted-performance/ModuleCache.noindex -serialize-diagnostics -emit-dependencies -emit-module -emit-module-path /tmp/picpac-phase3-hosted-performance/Build/Intermediates.noindex/PicPacPoe.build/Test-iphonesimulator/PicPacPoeTests.build/Objects-normal/arm64/PicPacPoeTests.swiftmodule -validate-clang-modules-once -clang-build-session-file /tmp/picpac-phase3-hosted-performance/ModuleCache.noindex/Session.modulevalidation -Xcc -I/tmp/picpac-phase3-hosted-performance/Build/Intermediates.noindex/PicPacPoe.build/Test-iphonesimulator/PicPacPoeTests.build/swift-overrides.hmap -emit-const-values -Xfrontend -const-gather-protocols-file -Xfrontend /tmp/picpac-phase3-hosted-performance/Build/Intermediates.noindex/PicPacPoe.build/Test-iphonesimulator/PicPacPoeTests.build/Objects-normal/arm64/PicPacPoeTests_const_extract_protocols.json -Xcc -iquote -Xcc /tmp/picpac-phase3-hosted-performance/Build/Intermediates.noindex/PicPacPoe.build/Test-iphonesimulator/PicPacPoeTests.build/PicPacPoeTests-generated-files.hmap -Xcc -I/tmp/picpac-phase3-hosted-performance/Build/Intermediates.noindex/PicPacPoe.build/Test-iphonesimulator/PicPacPoeTests.build/PicPacPoeTests-own-target-headers.hmap -Xcc -I/tmp/picpac-phase3-hosted-performance/Build/Intermediates.noindex/PicPacPoe.build/Test-iphonesimulator/PicPacPoeTests.build/PicPacPoeTests-all-non-framework-target-headers.hmap -Xcc -ivfsoverlay -Xcc /tmp/picpac-phase3-hosted-performance/Build/Intermediates.noindex/PicPacPoe.build/Test-iphonesimulator/PicPacPoe-90eff2f9d9e8600d7e53134acd1cb833-VFS-iphonesimulator/all-product-headers.yaml -Xcc -iquote -Xcc /tmp/picpac-phase3-hosted-performance/Build/Intermediates.noindex/PicPacPoe.build/Test-iphonesimulator/PicPacPoeTests.build/PicPacPoeTests-project-headers.hmap -Xcc -I/tmp/picpac-phase3-hosted-performance/Build/Products/Test-iphonesimulator/include -Xcc -I/tmp/picpac-phase3-hosted-performance/Build/Intermediates.noindex/PicPacPoe.build/Test-iphonesimulator/PicPacPoeTests.build/DerivedSources-normal/arm64 -Xcc -I/tmp/picpac-phase3-hosted-performance/Build/Intermediates.noindex/PicPacPoe.build/Test-iphonesimulator/PicPacPoeTests.build/DerivedSources/arm64 -Xcc -I/tmp/picpac-phase3-hosted-performance/Build/Intermediates.noindex/PicPacPoe.build/Test-iphonesimulator/PicPacPoeTests.build/DerivedSources -emit-objc-header -emit-objc-header-path /tmp/picpac-phase3-hosted-performance/Build/Intermediates.noindex/PicPacPoe.build/Test-iphonesimulator/PicPacPoeTests.build/Objects-normal/arm64/PicPacPoeTests-Swift.h -working-directory /Users/bavabangaru/Developer/pic-pac-poe-ios-native-parity/ios -experimental-emit-module-separately -disable-cmo

SwiftMergeGeneratedHeaders /tmp/picpac-phase3-hosted-performance/Build/Intermediates.noindex/PicPacPoe.build/Test-iphonesimulator/PicPacPoeTests.build/DerivedSources/PicPacPoeTests-Swift.h /tmp/picpac-phase3-hosted-performance/Build/Intermediates.noindex/PicPacPoe.build/Test-iphonesimulator/PicPacPoeTests.build/Objects-normal/arm64/PicPacPoeTests-Swift.h (in target 'PicPacPoeTests' from project 'PicPacPoe')
    cd /Users/bavabangaru/Developer/pic-pac-poe-ios-native-parity/ios
    builtin-swiftHeaderTool -arch arm64 /tmp/picpac-phase3-hosted-performance/Build/Intermediates.noindex/PicPacPoe.build/Test-iphonesimulator/PicPacPoeTests.build/Objects-normal/arm64/PicPacPoeTests-Swift.h -o /tmp/picpac-phase3-hosted-performance/Build/Intermediates.noindex/PicPacPoe.build/Test-iphonesimulator/PicPacPoeTests.build/DerivedSources/PicPacPoeTests-Swift.h

Copy /tmp/picpac-phase3-hosted-performance/Build/Products/Test-iphonesimulator/PicPacPoeTests.swiftmodule/arm64-apple-ios-simulator.swiftmodule /tmp/picpac-phase3-hosted-performance/Build/Intermediates.noindex/PicPacPoe.build/Test-iphonesimulator/PicPacPoeTests.build/Objects-normal/arm64/PicPacPoeTests.swiftmodule (in target 'PicPacPoeTests' from project 'PicPacPoe')
    cd /Users/bavabangaru/Developer/pic-pac-poe-ios-native-parity/ios
    builtin-copy -exclude .DS_Store -exclude CVS -exclude .svn -exclude .git -exclude .hg -resolve-src-symlinks -rename /tmp/picpac-phase3-hosted-performance/Build/Intermediates.noindex/PicPacPoe.build/Test-iphonesimulator/PicPacPoeTests.build/Objects-normal/arm64/PicPacPoeTests.swiftmodule /tmp/picpac-phase3-hosted-performance/Build/Products/Test-iphonesimulator/PicPacPoeTests.swiftmodule/arm64-apple-ios-simulator.swiftmodule

Copy /tmp/picpac-phase3-hosted-performance/Build/Products/Test-iphonesimulator/PicPacPoeTests.swiftmodule/arm64-apple-ios-simulator.swiftdoc /tmp/picpac-phase3-hosted-performance/Build/Intermediates.noindex/PicPacPoe.build/Test-iphonesimulator/PicPacPoeTests.build/Objects-normal/arm64/PicPacPoeTests.swiftdoc (in target 'PicPacPoeTests' from project 'PicPacPoe')
    cd /Users/bavabangaru/Developer/pic-pac-poe-ios-native-parity/ios
    builtin-copy -exclude .DS_Store -exclude CVS -exclude .svn -exclude .git -exclude .hg -resolve-src-symlinks -rename /tmp/picpac-phase3-hosted-performance/Build/Intermediates.noindex/PicPacPoe.build/Test-iphonesimulator/PicPacPoeTests.build/Objects-normal/arm64/PicPacPoeTests.swiftdoc /tmp/picpac-phase3-hosted-performance/Build/Products/Test-iphonesimulator/PicPacPoeTests.swiftmodule/arm64-apple-ios-simulator.swiftdoc

Copy /tmp/picpac-phase3-hosted-performance/Build/Products/Test-iphonesimulator/PicPacPoeTests.swiftmodule/arm64-apple-ios-simulator.abi.json /tmp/picpac-phase3-hosted-performance/Build/Intermediates.noindex/PicPacPoe.build/Test-iphonesimulator/PicPacPoeTests.build/Objects-normal/arm64/PicPacPoeTests.abi.json (in target 'PicPacPoeTests' from project 'PicPacPoe')
    cd /Users/bavabangaru/Developer/pic-pac-poe-ios-native-parity/ios
    builtin-copy -exclude .DS_Store -exclude CVS -exclude .svn -exclude .git -exclude .hg -resolve-src-symlinks -rename /tmp/picpac-phase3-hosted-performance/Build/Intermediates.noindex/PicPacPoe.build/Test-iphonesimulator/PicPacPoeTests.build/Objects-normal/arm64/PicPacPoeTests.abi.json /tmp/picpac-phase3-hosted-performance/Build/Products/Test-iphonesimulator/PicPacPoeTests.swiftmodule/arm64-apple-ios-simulator.abi.json

Copy /tmp/picpac-phase3-hosted-performance/Build/Products/Test-iphonesimulator/PicPacPoeTests.swiftmodule/Project/arm64-apple-ios-simulator.swiftsourceinfo /tmp/picpac-phase3-hosted-performance/Build/Intermediates.noindex/PicPacPoe.build/Test-iphonesimulator/PicPacPoeTests.build/Objects-normal/arm64/PicPacPoeTests.swiftsourceinfo (in target 'PicPacPoeTests' from project 'PicPacPoe')
    cd /Users/bavabangaru/Developer/pic-pac-poe-ios-native-parity/ios
    builtin-copy -exclude .DS_Store -exclude CVS -exclude .svn -exclude .git -exclude .hg -resolve-src-symlinks -rename /tmp/picpac-phase3-hosted-performance/Build/Intermediates.noindex/PicPacPoe.build/Test-iphonesimulator/PicPacPoeTests.build/Objects-normal/arm64/PicPacPoeTests.swiftsourceinfo /tmp/picpac-phase3-hosted-performance/Build/Products/Test-iphonesimulator/PicPacPoeTests.swiftmodule/Project/arm64-apple-ios-simulator.swiftsourceinfo

SwiftDriverJobDiscovery normal arm64 Compiling DebugLaunchConfiguration.swift (in target 'PicPacPoe' from project 'PicPacPoe')

SwiftDriverJobDiscovery normal arm64 Compiling PicPacPoeUITests.swift (in target 'PicPacPoeUITests' from project 'PicPacPoe')

SwiftDriver\ Compilation PicPacPoeUITests normal arm64 com.apple.xcode.tools.swift.compiler (in target 'PicPacPoeUITests' from project 'PicPacPoe')
    cd /Users/bavabangaru/Developer/pic-pac-poe-ios-native-parity/ios
    builtin-Swift-Compilation -- /Applications/Xcode.app/Contents/Developer/Toolchains/XcodeDefault.xctoolchain/usr/bin/swiftc -module-name PicPacPoeUITests -Onone @/tmp/picpac-phase3-hosted-performance/Build/Intermediates.noindex/PicPacPoe.build/Test-iphonesimulator/PicPacPoeUITests.build/Objects-normal/arm64/PicPacPoeUITests.SwiftFileList -DTESTING -DDEBUG -module-alias Testing\=_Testing_Unavailable -plugin-path /Applications/Xcode.app/Contents/Developer/Toolchains/XcodeDefault.xctoolchain/usr/lib/swift/host/plugins/testing -enable-experimental-feature DebugDescriptionMacro -sdk /Applications/Xcode.app/Contents/Developer/Platforms/iPhoneSimulator.platform/Developer/SDKs/iPhoneSimulator26.5.sdk -target arm64-apple-ios17.0-simulator -g -module-cache-path /tmp/picpac-phase3-hosted-performance/ModuleCache.noindex -Xfrontend -serialize-debugging-options -profile-coverage-mapping -profile-generate -enable-testing -index-store-path /tmp/picpac-phase3-hosted-performance/Index.noindex/DataStore -Xcc -D_LIBCPP_HARDENING_MODE\=_LIBCPP_HARDENING_MODE_DEBUG -swift-version 6 -I /tmp/picpac-phase3-hosted-performance/Build/Products/Test-iphonesimulator -Isystem /Applications/Xcode.app/Contents/Developer/Platforms/iPhoneSimulator.platform/Developer/usr/lib -F /tmp/picpac-phase3-hosted-performance/Build/Products/Test-iphonesimulator -F /Applications/Xcode.app/Contents/Developer/Platforms/iPhoneSimulator.platform/Developer/Library/Frameworks -F /Applications/Xcode.app/Contents/Developer/Platforms/iPhoneSimulator.platform/Developer/SDKs/iPhoneSimulator26.5.sdk/Developer/Library/Frameworks -parse-as-library -emit-localized-strings -emit-localized-strings-path /tmp/picpac-phase3-hosted-performance/Build/Intermediates.noindex/PicPacPoe.build/Test-iphonesimulator/PicPacPoeUITests.build/Objects-normal/arm64 -c -j12 -enable-batch-mode -incremental -Xcc -ivfsstatcache -Xcc /tmp/picpac-phase3-hosted-performance/SDKStatCaches.noindex/iphonesimulator26.5-23F81a-6cfe768891a92b912361537c460fe42b.sdkstatcache -output-file-map /tmp/picpac-phase3-hosted-performance/Build/Intermediates.noindex/PicPacPoe.build/Test-iphonesimulator/PicPacPoeUITests.build/Objects-normal/arm64/PicPacPoeUITests-OutputFileMap.json -use-frontend-parseable-output -save-temps -no-color-diagnostics -explicit-module-build -module-cache-path /tmp/picpac-phase3-hosted-performance/Build/Intermediates.noindex/SwiftExplicitPrecompiledModules -clang-scanner-module-cache-path /tmp/picpac-phase3-hosted-performance/ModuleCache.noindex -sdk-module-cache-path /tmp/picpac-phase3-hosted-performance/ModuleCache.noindex -serialize-diagnostics -emit-dependencies -emit-module -emit-module-path /tmp/picpac-phase3-hosted-performance/Build/Intermediates.noindex/PicPacPoe.build/Test-iphonesimulator/PicPacPoeUITests.build/Objects-normal/arm64/PicPacPoeUITests.swiftmodule -validate-clang-modules-once -clang-build-session-file /tmp/picpac-phase3-hosted-performance/ModuleCache.noindex/Session.modulevalidation -Xcc -I/tmp/picpac-phase3-hosted-performance/Build/Intermediates.noindex/PicPacPoe.build/Test-iphonesimulator/PicPacPoeUITests.build/swift-overrides.hmap -emit-const-values -Xfrontend -const-gather-protocols-file -Xfrontend /tmp/picpac-phase3-hosted-performance/Build/Intermediates.noindex/PicPacPoe.build/Test-iphonesimulator/PicPacPoeUITests.build/Objects-normal/arm64/PicPacPoeUITests_const_extract_protocols.json -Xcc -iquote -Xcc /tmp/picpac-phase3-hosted-performance/Build/Intermediates.noindex/PicPacPoe.build/Test-iphonesimulator/PicPacPoeUITests.build/PicPacPoeUITests-generated-files.hmap -Xcc -I/tmp/picpac-phase3-hosted-performance/Build/Intermediates.noindex/PicPacPoe.build/Test-iphonesimulator/PicPacPoeUITests.build/PicPacPoeUITests-own-target-headers.hmap -Xcc -I/tmp/picpac-phase3-hosted-performance/Build/Intermediates.noindex/PicPacPoe.build/Test-iphonesimulator/PicPacPoeUITests.build/PicPacPoeUITests-all-non-framework-target-headers.hmap -Xcc -ivfsoverlay -Xcc /tmp/picpac-phase3-hosted-performance/Build/Intermediates.noindex/PicPacPoe.build/Test-iphonesimulator/PicPacPoe-90eff2f9d9e8600d7e53134acd1cb833-VFS-iphonesimulator/all-product-headers.yaml -Xcc -iquote -Xcc /tmp/picpac-phase3-hosted-performance/Build/Intermediates.noindex/PicPacPoe.build/Test-iphonesimulator/PicPacPoeUITests.build/PicPacPoeUITests-project-headers.hmap -Xcc -I/tmp/picpac-phase3-hosted-performance/Build/Products/Test-iphonesimulator/include -Xcc -I/tmp/picpac-phase3-hosted-performance/Build/Intermediates.noindex/PicPacPoe.build/Test-iphonesimulator/PicPacPoeUITests.build/DerivedSources-normal/arm64 -Xcc -I/tmp/picpac-phase3-hosted-performance/Build/Intermediates.noindex/PicPacPoe.build/Test-iphonesimulator/PicPacPoeUITests.build/DerivedSources/arm64 -Xcc -I/tmp/picpac-phase3-hosted-performance/Build/Intermediates.noindex/PicPacPoe.build/Test-iphonesimulator/PicPacPoeUITests.build/DerivedSources -emit-objc-header -emit-objc-header-path /tmp/picpac-phase3-hosted-performance/Build/Intermediates.noindex/PicPacPoe.build/Test-iphonesimulator/PicPacPoeUITests.build/Objects-normal/arm64/PicPacPoeUITests-Swift.h -working-directory /Users/bavabangaru/Developer/pic-pac-poe-ios-native-parity/ios -experimental-emit-module-separately -disable-cmo

SwiftDriverJobDiscovery normal arm64 Compiling FeedbackService.swift (in target 'PicPacPoe' from project 'PicPacPoe')

SwiftDriverJobDiscovery normal arm64 Compiling PicPacPoeApp.swift (in target 'PicPacPoe' from project 'PicPacPoe')

SwiftDriverJobDiscovery normal arm64 Compiling PhysicalBoard.swift (in target 'PicPacPoe' from project 'PicPacPoe')

SwiftDriverJobDiscovery normal arm64 Compiling FormTheme.swift (in target 'PicPacPoe' from project 'PicPacPoe')

SwiftDriverJobDiscovery normal arm64 Compiling InfoViews.swift (in target 'PicPacPoe' from project 'PicPacPoe')

SwiftDriverJobDiscovery normal arm64 Compiling GameView.swift (in target 'PicPacPoe' from project 'PicPacPoe')

SwiftDriverJobDiscovery normal arm64 Compiling HomeView.swift (in target 'PicPacPoe' from project 'PicPacPoe')

SwiftDriver\ Compilation PicPacPoe normal arm64 com.apple.xcode.tools.swift.compiler (in target 'PicPacPoe' from project 'PicPacPoe')
    cd /Users/bavabangaru/Developer/pic-pac-poe-ios-native-parity/ios
    builtin-Swift-Compilation -- /Applications/Xcode.app/Contents/Developer/Toolchains/XcodeDefault.xctoolchain/usr/bin/swiftc -module-name PicPacPoe -Onone @/tmp/picpac-phase3-hosted-performance/Build/Intermediates.noindex/PicPacPoe.build/Test-iphonesimulator/PicPacPoe.build/Objects-normal/arm64/PicPacPoe.SwiftFileList -DTESTING -DDEBUG -enable-experimental-feature DebugDescriptionMacro -sdk /Applications/Xcode.app/Contents/Developer/Platforms/iPhoneSimulator.platform/Developer/SDKs/iPhoneSimulator26.5.sdk -target arm64-apple-ios17.0-simulator -g -module-cache-path /tmp/picpac-phase3-hosted-performance/ModuleCache.noindex -Xfrontend -serialize-debugging-options -profile-coverage-mapping -profile-generate -enable-testing -index-store-path /tmp/picpac-phase3-hosted-performance/Index.noindex/DataStore -Xcc -D_LIBCPP_HARDENING_MODE\=_LIBCPP_HARDENING_MODE_DEBUG -swift-version 6 -I /tmp/picpac-phase3-hosted-performance/Build/Products/Test-iphonesimulator -F /tmp/picpac-phase3-hosted-performance/Build/Products/Test-iphonesimulator/PackageFrameworks -F /tmp/picpac-phase3-hosted-performance/Build/Products/Test-iphonesimulator/PackageFrameworks -F /tmp/picpac-phase3-hosted-performance/Build/Products/Test-iphonesimulator/PackageFrameworks -F /tmp/picpac-phase3-hosted-performance/Build/Products/Test-iphonesimulator -emit-localized-strings -emit-localized-strings-path /tmp/picpac-phase3-hosted-performance/Build/Intermediates.noindex/PicPacPoe.build/Test-iphonesimulator/PicPacPoe.build/Objects-normal/arm64 -c -j12 -enable-batch-mode -incremental -Xcc -ivfsstatcache -Xcc /tmp/picpac-phase3-hosted-performance/SDKStatCaches.noindex/iphonesimulator26.5-23F81a-6cfe768891a92b912361537c460fe42b.sdkstatcache -output-file-map /tmp/picpac-phase3-hosted-performance/Build/Intermediates.noindex/PicPacPoe.build/Test-iphonesimulator/PicPacPoe.build/Objects-normal/arm64/PicPacPoe-OutputFileMap.json -use-frontend-parseable-output -save-temps -no-color-diagnostics -explicit-module-build -module-cache-path /tmp/picpac-phase3-hosted-performance/Build/Intermediates.noindex/SwiftExplicitPrecompiledModules -clang-scanner-module-cache-path /tmp/picpac-phase3-hosted-performance/ModuleCache.noindex -sdk-module-cache-path /tmp/picpac-phase3-hosted-performance/ModuleCache.noindex -serialize-diagnostics -emit-dependencies -emit-module -emit-module-path /tmp/picpac-phase3-hosted-performance/Build/Intermediates.noindex/PicPacPoe.build/Test-iphonesimulator/PicPacPoe.build/Objects-normal/arm64/PicPacPoe.swiftmodule -validate-clang-modules-once -clang-build-session-file /tmp/picpac-phase3-hosted-performance/ModuleCache.noindex/Session.modulevalidation -Xcc -I/tmp/picpac-phase3-hosted-performance/Build/Intermediates.noindex/PicPacPoe.build/Test-iphonesimulator/PicPacPoe.build/swift-overrides.hmap -emit-const-values -Xfrontend -const-gather-protocols-file -Xfrontend /tmp/picpac-phase3-hosted-performance/Build/Intermediates.noindex/PicPacPoe.build/Test-iphonesimulator/PicPacPoe.build/Objects-normal/arm64/PicPacPoe_const_extract_protocols.json -Xcc -iquote -Xcc /tmp/picpac-phase3-hosted-performance/Build/Intermediates.noindex/PicPacPoe.build/Test-iphonesimulator/PicPacPoe.build/PicPacPoe-generated-files.hmap -Xcc -I/tmp/picpac-phase3-hosted-performance/Build/Intermediates.noindex/PicPacPoe.build/Test-iphonesimulator/PicPacPoe.build/PicPacPoe-own-target-headers.hmap -Xcc -I/tmp/picpac-phase3-hosted-performance/Build/Intermediates.noindex/PicPacPoe.build/Test-iphonesimulator/PicPacPoe.build/PicPacPoe-all-non-framework-target-headers.hmap -Xcc -ivfsoverlay -Xcc /tmp/picpac-phase3-hosted-performance/Build/Intermediates.noindex/PicPacPoe.build/Test-iphonesimulator/PicPacPoe-90eff2f9d9e8600d7e53134acd1cb833-VFS-iphonesimulator/all-product-headers.yaml -Xcc -iquote -Xcc /tmp/picpac-phase3-hosted-performance/Build/Intermediates.noindex/PicPacPoe.build/Test-iphonesimulator/PicPacPoe.build/PicPacPoe-project-headers.hmap -Xcc -I/tmp/picpac-phase3-hosted-performance/Build/Products/Test-iphonesimulator/include -Xcc -I/tmp/picpac-phase3-hosted-performance/Build/Intermediates.noindex/PicPacPoe.build/Test-iphonesimulator/PicPacPoe.build/DerivedSources-normal/arm64 -Xcc -I/tmp/picpac-phase3-hosted-performance/Build/Intermediates.noindex/PicPacPoe.build/Test-iphonesimulator/PicPacPoe.build/DerivedSources/arm64 -Xcc -I/tmp/picpac-phase3-hosted-performance/Build/Intermediates.noindex/PicPacPoe.build/Test-iphonesimulator/PicPacPoe.build/DerivedSources -emit-objc-header -emit-objc-header-path /tmp/picpac-phase3-hosted-performance/Build/Intermediates.noindex/PicPacPoe.build/Test-iphonesimulator/PicPacPoe.build/Objects-normal/arm64/PicPacPoe-Swift.h -working-directory /Users/bavabangaru/Developer/pic-pac-poe-ios-native-parity/ios -experimental-emit-module-separately -disable-cmo

Ld /tmp/picpac-phase3-hosted-performance/Build/Products/Test-iphonesimulator/PicPacPoe.app/PicPacPoe.debug.dylib normal (in target 'PicPacPoe' from project 'PicPacPoe')
    cd /Users/bavabangaru/Developer/pic-pac-poe-ios-native-parity/ios
    /Applications/Xcode.app/Contents/Developer/Toolchains/XcodeDefault.xctoolchain/usr/bin/clang -Xlinker -reproducible -target arm64-apple-ios17.0-simulator -dynamiclib -isysroot /Applications/Xcode.app/Contents/Developer/Platforms/iPhoneSimulator.platform/Developer/SDKs/iPhoneSimulator26.5.sdk -O0 -L/tmp/picpac-phase3-hosted-performance/Build/Intermediates.noindex/EagerLinkingTBDs/Test-iphonesimulator -L/tmp/picpac-phase3-hosted-performance/Build/Products/Test-iphonesimulator -F/tmp/picpac-phase3-hosted-performance/Build/Intermediates.noindex/EagerLinkingTBDs/Test-iphonesimulator -F/tmp/picpac-phase3-hosted-performance/Build/Products/Test-iphonesimulator/PackageFrameworks -F/tmp/picpac-phase3-hosted-performance/Build/Products/Test-iphonesimulator/PackageFrameworks -F/tmp/picpac-phase3-hosted-performance/Build/Products/Test-iphonesimulator/PackageFrameworks -F/tmp/picpac-phase3-hosted-performance/Build/Products/Test-iphonesimulator -filelist /tmp/picpac-phase3-hosted-performance/Build/Intermediates.noindex/PicPacPoe.build/Test-iphonesimulator/PicPacPoe.build/Objects-normal/arm64/PicPacPoe.LinkFileList -install_name @rpath/PicPacPoe.debug.dylib -Xlinker -rpath -Xlinker /usr/lib/swift -Xlinker -dead_strip -Xlinker -object_path_lto -Xlinker /tmp/picpac-phase3-hosted-performance/Build/Intermediates.noindex/PicPacPoe.build/Test-iphonesimulator/PicPacPoe.build/Objects-normal/arm64/PicPacPoe_lto.o -rdynamic -Xlinker -no_deduplicate -Xlinker -objc_abi_version -Xlinker 2 -Xlinker -debug_variant -Xlinker -dependency_info -Xlinker /tmp/picpac-phase3-hosted-performance/Build/Intermediates.noindex/PicPacPoe.build/Test-iphonesimulator/PicPacPoe.build/Objects-normal/arm64/PicPacPoe_dependency_info.dat -fobjc-link-runtime -fprofile-instr-generate -L/Applications/Xcode.app/Contents/Developer/Toolchains/XcodeDefault.xctoolchain/usr/lib/swift/iphonesimulator -L/usr/lib/swift -Xlinker -add_ast_path -Xlinker /tmp/picpac-phase3-hosted-performance/Build/Intermediates.noindex/PicPacPoe.build/Test-iphonesimulator/PicPacPoe.build/Objects-normal/arm64/PicPacPoe.swiftmodule @/tmp/picpac-phase3-hosted-performance/Build/Intermediates.noindex/PicPacPoe.build/Test-iphonesimulator/PicPacPoe.build/Objects-normal/arm64/PicPacPoe-linker-args.resp -Wl,-no_warn_duplicate_libraries -Wl,-no_warn_duplicate_libraries -Wl,-no_warn_duplicate_libraries -Xlinker -alias -Xlinker _main -Xlinker ___debug_main_executable_dylib_entry_point /tmp/picpac-phase3-hosted-performance/Build/Products/Test-iphonesimulator/PackageFrameworks/PicPacPresentation_-6026B0FB22E351C2_PackageProduct.framework/PicPacPresentation_-6026B0FB22E351C2_PackageProduct -o /tmp/picpac-phase3-hosted-performance/Build/Products/Test-iphonesimulator/PicPacPoe.app/PicPacPoe.debug.dylib -Xlinker -add_ast_path -Xlinker /tmp/picpac-phase3-hosted-performance/Build/Intermediates.noindex/PicPacKit.build/Test-iphonesimulator/PicPacAI.build/Objects-normal/arm64/PicPacAI.swiftmodule @/tmp/picpac-phase3-hosted-performance/Build/Intermediates.noindex/PicPacKit.build/Test-iphonesimulator/PicPacAI.build/Objects-normal/arm64/PicPacAI-linker-args.resp -Xlinker -add_ast_path -Xlinker /tmp/picpac-phase3-hosted-performance/Build/Intermediates.noindex/PicPacKit.build/Test-iphonesimulator/PicPacCore.build/Objects-normal/arm64/PicPacCore.swiftmodule @/tmp/picpac-phase3-hosted-performance/Build/Intermediates.noindex/PicPacKit.build/Test-iphonesimulator/PicPacCore.build/Objects-normal/arm64/PicPacCore-linker-args.resp

SwiftDriverJobDiscovery normal arm64 Compiling PicPacPoeIntegrationTests.swift (in target 'PicPacPoeTests' from project 'PicPacPoe')

SwiftDriver\ Compilation PicPacPoeTests normal arm64 com.apple.xcode.tools.swift.compiler (in target 'PicPacPoeTests' from project 'PicPacPoe')
    cd /Users/bavabangaru/Developer/pic-pac-poe-ios-native-parity/ios
    builtin-Swift-Compilation -- /Applications/Xcode.app/Contents/Developer/Toolchains/XcodeDefault.xctoolchain/usr/bin/swiftc -module-name PicPacPoeTests -Onone @/tmp/picpac-phase3-hosted-performance/Build/Intermediates.noindex/PicPacPoe.build/Test-iphonesimulator/PicPacPoeTests.build/Objects-normal/arm64/PicPacPoeTests.SwiftFileList -DTESTING -DDEBUG -plugin-path /Applications/Xcode.app/Contents/Developer/Toolchains/XcodeDefault.xctoolchain/usr/lib/swift/host/plugins/testing -enable-experimental-feature DebugDescriptionMacro -sdk /Applications/Xcode.app/Contents/Developer/Platforms/iPhoneSimulator.platform/Developer/SDKs/iPhoneSimulator26.5.sdk -target arm64-apple-ios17.0-simulator -g -module-cache-path /tmp/picpac-phase3-hosted-performance/ModuleCache.noindex -Xfrontend -serialize-debugging-options -profile-coverage-mapping -profile-generate -enable-testing -index-store-path /tmp/picpac-phase3-hosted-performance/Index.noindex/DataStore -Xcc -D_LIBCPP_HARDENING_MODE\=_LIBCPP_HARDENING_MODE_DEBUG -swift-version 6 -I /tmp/picpac-phase3-hosted-performance/Build/Products/Test-iphonesimulator -Isystem /Applications/Xcode.app/Contents/Developer/Platforms/iPhoneSimulator.platform/Developer/usr/lib -F /tmp/picpac-phase3-hosted-performance/Build/Products/Test-iphonesimulator/PackageFrameworks -F /tmp/picpac-phase3-hosted-performance/Build/Products/Test-iphonesimulator/PackageFrameworks -F /tmp/picpac-phase3-hosted-performance/Build/Products/Test-iphonesimulator/PackageFrameworks -F /tmp/picpac-phase3-hosted-performance/Build/Products/Test-iphonesimulator/PackageFrameworks -F /tmp/picpac-phase3-hosted-performance/Build/Products/Test-iphonesimulator/PackageFrameworks -F /tmp/picpac-phase3-hosted-performance/Build/Products/Test-iphonesimulator -F /Applications/Xcode.app/Contents/Developer/Platforms/iPhoneSimulator.platform/Developer/Library/Frameworks -F /Applications/Xcode.app/Contents/Developer/Platforms/iPhoneSimulator.platform/Developer/SDKs/iPhoneSimulator26.5.sdk/Developer/Library/Frameworks -parse-as-library -emit-localized-strings -emit-localized-strings-path /tmp/picpac-phase3-hosted-performance/Build/Intermediates.noindex/PicPacPoe.build/Test-iphonesimulator/PicPacPoeTests.build/Objects-normal/arm64 -c -j12 -enable-batch-mode -incremental -Xcc -ivfsstatcache -Xcc /tmp/picpac-phase3-hosted-performance/SDKStatCaches.noindex/iphonesimulator26.5-23F81a-6cfe768891a92b912361537c460fe42b.sdkstatcache -output-file-map /tmp/picpac-phase3-hosted-performance/Build/Intermediates.noindex/PicPacPoe.build/Test-iphonesimulator/PicPacPoeTests.build/Objects-normal/arm64/PicPacPoeTests-OutputFileMap.json -use-frontend-parseable-output -save-temps -no-color-diagnostics -explicit-module-build -module-cache-path /tmp/picpac-phase3-hosted-performance/Build/Intermediates.noindex/SwiftExplicitPrecompiledModules -clang-scanner-module-cache-path /tmp/picpac-phase3-hosted-performance/ModuleCache.noindex -sdk-module-cache-path /tmp/picpac-phase3-hosted-performance/ModuleCache.noindex -serialize-diagnostics -emit-dependencies -emit-module -emit-module-path /tmp/picpac-phase3-hosted-performance/Build/Intermediates.noindex/PicPacPoe.build/Test-iphonesimulator/PicPacPoeTests.build/Objects-normal/arm64/PicPacPoeTests.swiftmodule -validate-clang-modules-once -clang-build-session-file /tmp/picpac-phase3-hosted-performance/ModuleCache.noindex/Session.modulevalidation -Xcc -I/tmp/picpac-phase3-hosted-performance/Build/Intermediates.noindex/PicPacPoe.build/Test-iphonesimulator/PicPacPoeTests.build/swift-overrides.hmap -emit-const-values -Xfrontend -const-gather-protocols-file -Xfrontend /tmp/picpac-phase3-hosted-performance/Build/Intermediates.noindex/PicPacPoe.build/Test-iphonesimulator/PicPacPoeTests.build/Objects-normal/arm64/PicPacPoeTests_const_extract_protocols.json -Xcc -iquote -Xcc /tmp/picpac-phase3-hosted-performance/Build/Intermediates.noindex/PicPacPoe.build/Test-iphonesimulator/PicPacPoeTests.build/PicPacPoeTests-generated-files.hmap -Xcc -I/tmp/picpac-phase3-hosted-performance/Build/Intermediates.noindex/PicPacPoe.build/Test-iphonesimulator/PicPacPoeTests.build/PicPacPoeTests-own-target-headers.hmap -Xcc -I/tmp/picpac-phase3-hosted-performance/Build/Intermediates.noindex/PicPacPoe.build/Test-iphonesimulator/PicPacPoeTests.build/PicPacPoeTests-all-non-framework-target-headers.hmap -Xcc -ivfsoverlay -Xcc /tmp/picpac-phase3-hosted-performance/Build/Intermediates.noindex/PicPacPoe.build/Test-iphonesimulator/PicPacPoe-90eff2f9d9e8600d7e53134acd1cb833-VFS-iphonesimulator/all-product-headers.yaml -Xcc -iquote -Xcc /tmp/picpac-phase3-hosted-performance/Build/Intermediates.noindex/PicPacPoe.build/Test-iphonesimulator/PicPacPoeTests.build/PicPacPoeTests-project-headers.hmap -Xcc -I/tmp/picpac-phase3-hosted-performance/Build/Products/Test-iphonesimulator/include -Xcc -I/tmp/picpac-phase3-hosted-performance/Build/Intermediates.noindex/PicPacPoe.build/Test-iphonesimulator/PicPacPoeTests.build/DerivedSources-normal/arm64 -Xcc -I/tmp/picpac-phase3-hosted-performance/Build/Intermediates.noindex/PicPacPoe.build/Test-iphonesimulator/PicPacPoeTests.build/DerivedSources/arm64 -Xcc -I/tmp/picpac-phase3-hosted-performance/Build/Intermediates.noindex/PicPacPoe.build/Test-iphonesimulator/PicPacPoeTests.build/DerivedSources -emit-objc-header -emit-objc-header-path /tmp/picpac-phase3-hosted-performance/Build/Intermediates.noindex/PicPacPoe.build/Test-iphonesimulator/PicPacPoeTests.build/Objects-normal/arm64/PicPacPoeTests-Swift.h -working-directory /Users/bavabangaru/Developer/pic-pac-poe-ios-native-parity/ios -experimental-emit-module-separately -disable-cmo

ConstructStubExecutorLinkFileList /tmp/picpac-phase3-hosted-performance/Build/Intermediates.noindex/PicPacPoe.build/Test-iphonesimulator/PicPacPoe.build/PicPacPoe-ExecutorLinkFileList-normal-arm64.txt (in target 'PicPacPoe' from project 'PicPacPoe')
    cd /Users/bavabangaru/Developer/pic-pac-poe-ios-native-parity/ios
    construct-stub-executor-link-file-list /tmp/picpac-phase3-hosted-performance/Build/Products/Test-iphonesimulator/PicPacPoe.app/PicPacPoe.debug.dylib /Applications/Xcode.app/Contents/Developer/Platforms/iPhoneSimulator.platform/Developer/usr/lib/libPreviewsJITStubExecutor_no_swift_entry_point.a /Applications/Xcode.app/Contents/Developer/Platforms/iPhoneSimulator.platform/Developer/usr/lib/libPreviewsJITStubExecutor.a --output /tmp/picpac-phase3-hosted-performance/Build/Intermediates.noindex/PicPacPoe.build/Test-iphonesimulator/PicPacPoe.build/PicPacPoe-ExecutorLinkFileList-normal-arm64.txt
note: Using stub executor library with Swift entry point. (in target 'PicPacPoe' from project 'PicPacPoe')

GenerateDSYMFile /tmp/picpac-phase3-hosted-performance/Build/Products/Test-iphonesimulator/PicPacPoe.app.dSYM /tmp/picpac-phase3-hosted-performance/Build/Products/Test-iphonesimulator/PicPacPoe.app/PicPacPoe.debug.dylib (in target 'PicPacPoe' from project 'PicPacPoe')
    cd /Users/bavabangaru/Developer/pic-pac-poe-ios-native-parity/ios
    /Applications/Xcode.app/Contents/Developer/Toolchains/XcodeDefault.xctoolchain/usr/bin/dsymutil /tmp/picpac-phase3-hosted-performance/Build/Products/Test-iphonesimulator/PicPacPoe.app/PicPacPoe.debug.dylib -o /tmp/picpac-phase3-hosted-performance/Build/Products/Test-iphonesimulator/PicPacPoe.app.dSYM

Ld /tmp/picpac-phase3-hosted-performance/Build/Products/Test-iphonesimulator/PicPacPoe.app/PicPacPoe normal (in target 'PicPacPoe' from project 'PicPacPoe')
    cd /Users/bavabangaru/Developer/pic-pac-poe-ios-native-parity/ios
    /Applications/Xcode.app/Contents/Developer/Toolchains/XcodeDefault.xctoolchain/usr/bin/clang -Xlinker -reproducible -target arm64-apple-ios17.0-simulator -isysroot /Applications/Xcode.app/Contents/Developer/Platforms/iPhoneSimulator.platform/Developer/SDKs/iPhoneSimulator26.5.sdk -O0 -L/tmp/picpac-phase3-hosted-performance/Build/Products/Test-iphonesimulator -F/tmp/picpac-phase3-hosted-performance/Build/Products/Test-iphonesimulator/PackageFrameworks -F/tmp/picpac-phase3-hosted-performance/Build/Products/Test-iphonesimulator/PackageFrameworks -F/tmp/picpac-phase3-hosted-performance/Build/Products/Test-iphonesimulator/PackageFrameworks -F/tmp/picpac-phase3-hosted-performance/Build/Products/Test-iphonesimulator -Xlinker -rpath -Xlinker @executable_path -rdynamic -Xlinker -no_deduplicate -Xlinker -objc_abi_version -Xlinker 2 -Xlinker -debug_variant -e ___debug_blank_executor_main -Xlinker -sectcreate -Xlinker __TEXT -Xlinker __debug_dylib -Xlinker /tmp/picpac-phase3-hosted-performance/Build/Intermediates.noindex/PicPacPoe.build/Test-iphonesimulator/PicPacPoe.build/PicPacPoe-DebugDylibPath-normal-arm64.txt -Xlinker -sectcreate -Xlinker __TEXT -Xlinker __debug_instlnm -Xlinker /tmp/picpac-phase3-hosted-performance/Build/Intermediates.noindex/PicPacPoe.build/Test-iphonesimulator/PicPacPoe.build/PicPacPoe-DebugDylibInstallName-normal-arm64.txt -Xlinker -filelist -Xlinker /tmp/picpac-phase3-hosted-performance/Build/Intermediates.noindex/PicPacPoe.build/Test-iphonesimulator/PicPacPoe.build/PicPacPoe-ExecutorLinkFileList-normal-arm64.txt /tmp/picpac-phase3-hosted-performance/Build/Products/Test-iphonesimulator/PicPacPoe.app/PicPacPoe.debug.dylib -o /tmp/picpac-phase3-hosted-performance/Build/Products/Test-iphonesimulator/PicPacPoe.app/PicPacPoe

GenerateDSYMFile /tmp/picpac-phase3-hosted-performance/Build/Products/Test-iphonesimulator/PicPacPoe.app.dSYM /tmp/picpac-phase3-hosted-performance/Build/Products/Test-iphonesimulator/PicPacPoe.app/PicPacPoe (in target 'PicPacPoe' from project 'PicPacPoe')
    cd /Users/bavabangaru/Developer/pic-pac-poe-ios-native-parity/ios
    /Applications/Xcode.app/Contents/Developer/Toolchains/XcodeDefault.xctoolchain/usr/bin/dsymutil -q /tmp/picpac-phase3-hosted-performance/Build/Products/Test-iphonesimulator/PicPacPoe.app/PicPacPoe -o /tmp/picpac-phase3-hosted-performance/Build/Products/Test-iphonesimulator/PicPacPoe.app.dSYM

CopySwiftLibs /tmp/picpac-phase3-hosted-performance/Build/Products/Test-iphonesimulator/PicPacPoe.app (in target 'PicPacPoe' from project 'PicPacPoe')
    cd /Users/bavabangaru/Developer/pic-pac-poe-ios-native-parity/ios
    builtin-swiftStdLibTool --copy --verbose --scan-executable /tmp/picpac-phase3-hosted-performance/Build/Products/Test-iphonesimulator/PicPacPoe.app/PicPacPoe.debug.dylib --scan-folder /tmp/picpac-phase3-hosted-performance/Build/Products/Test-iphonesimulator/PicPacPoe.app/Frameworks --scan-folder /tmp/picpac-phase3-hosted-performance/Build/Products/Test-iphonesimulator/PicPacPoe.app/PlugIns --scan-folder /tmp/picpac-phase3-hosted-performance/Build/Products/Test-iphonesimulator/PicPacPoe.app/SystemExtensions --scan-folder /tmp/picpac-phase3-hosted-performance/Build/Products/Test-iphonesimulator/PicPacPoe.app/Extensions --scan-folder /tmp/picpac-phase3-hosted-performance/Build/Products/Test-iphonesimulator/PackageFrameworks/PicPacPresentation_-6026B0FB22E351C2_PackageProduct.framework --platform iphonesimulator --toolchain /Applications/Xcode.app/Contents/Developer/Toolchains/XcodeDefault.xctoolchain --destination /tmp/picpac-phase3-hosted-performance/Build/Products/Test-iphonesimulator/PicPacPoe.app/Frameworks --strip-bitcode --strip-bitcode-tool /Applications/Xcode.app/Contents/Developer/Toolchains/XcodeDefault.xctoolchain/usr/bin/bitcode_strip --emit-dependency-info /tmp/picpac-phase3-hosted-performance/Build/Intermediates.noindex/PicPacPoe.build/Test-iphonesimulator/PicPacPoe.build/SwiftStdLibToolInputDependencies.dep --filter-for-swift-os
Ignoring --strip-bitcode because --sign was not passed

ExtractAppIntentsMetadata (in target 'PicPacPoe' from project 'PicPacPoe')
    cd /Users/bavabangaru/Developer/pic-pac-poe-ios-native-parity/ios
    /Applications/Xcode.app/Contents/Developer/Toolchains/XcodeDefault.xctoolchain/usr/bin/appintentsmetadataprocessor --toolchain-dir /Applications/Xcode.app/Contents/Developer/Toolchains/XcodeDefault.xctoolchain --module-name PicPacPoe --sdk-root /Applications/Xcode.app/Contents/Developer/Platforms/iPhoneSimulator.platform/Developer/SDKs/iPhoneSimulator26.5.sdk --xcode-version 17F113 --platform-family iOS --deployment-target 17.0 --bundle-identifier dev.saipranith.picpacpoe --output /tmp/picpac-phase3-hosted-performance/Build/Products/Test-iphonesimulator/PicPacPoe.app --target-triple arm64-apple-ios17.0-simulator --binary-file /tmp/picpac-phase3-hosted-performance/Build/Products/Test-iphonesimulator/PicPacPoe.app/PicPacPoe --dependency-file /tmp/picpac-phase3-hosted-performance/Build/Intermediates.noindex/PicPacPoe.build/Test-iphonesimulator/PicPacPoe.build/Objects-normal/arm64/PicPacPoe_dependency_info.dat --stringsdata-file /tmp/picpac-phase3-hosted-performance/Build/Intermediates.noindex/PicPacPoe.build/Test-iphonesimulator/PicPacPoe.build/Objects-normal/arm64/ExtractedAppShortcutsMetadata.stringsdata --source-file-list /tmp/picpac-phase3-hosted-performance/Build/Intermediates.noindex/PicPacPoe.build/Test-iphonesimulator/PicPacPoe.build/Objects-normal/arm64/PicPacPoe.SwiftFileList --metadata-file-list /tmp/picpac-phase3-hosted-performance/Build/Intermediates.noindex/PicPacPoe.build/Test-iphonesimulator/PicPacPoe.build/PicPacPoe.DependencyMetadataFileList --static-metadata-file-list /tmp/picpac-phase3-hosted-performance/Build/Intermediates.noindex/PicPacPoe.build/Test-iphonesimulator/PicPacPoe.build/PicPacPoe.DependencyStaticMetadataFileList --swift-const-vals-list /tmp/picpac-phase3-hosted-performance/Build/Intermediates.noindex/PicPacPoe.build/Test-iphonesimulator/PicPacPoe.build/Objects-normal/arm64/PicPacPoe.SwiftConstValuesFileList --compile-time-extraction --deployment-aware-processing --validate-assistant-intents --no-app-shortcuts-localization
2026-09-21 09:03:59.464 appintentsmetadataprocessor[3192:107911713] Starting appintentsmetadataprocessor export
2026-09-21 09:03:59.465 appintentsmetadataprocessor[3192:107911713] warning: Metadata extraction skipped. No AppIntents.framework dependency found.

AppIntentsSSUTraining (in target 'PicPacPoe' from project 'PicPacPoe')
    cd /Users/bavabangaru/Developer/pic-pac-poe-ios-native-parity/ios
    /Applications/Xcode.app/Contents/Developer/Toolchains/XcodeDefault.xctoolchain/usr/bin/appintentsnltrainingprocessor --infoplist-path /tmp/picpac-phase3-hosted-performance/Build/Products/Test-iphonesimulator/PicPacPoe.app/Info.plist --temp-dir-path /tmp/picpac-phase3-hosted-performance/Build/Intermediates.noindex/PicPacPoe.build/Test-iphonesimulator/PicPacPoe.build/ssu --bundle-id dev.saipranith.picpacpoe --product-path /tmp/picpac-phase3-hosted-performance/Build/Products/Test-iphonesimulator/PicPacPoe.app --extracted-metadata-path /tmp/picpac-phase3-hosted-performance/Build/Products/Test-iphonesimulator/PicPacPoe.app/Metadata.appintents --metadata-file-list /tmp/picpac-phase3-hosted-performance/Build/Intermediates.noindex/PicPacPoe.build/Test-iphonesimulator/PicPacPoe.build/PicPacPoe.DependencyMetadataFileList --source-file /tmp/picpac-phase3-hosted-performance/Build/Products/Test-iphonesimulator/PicPacPoe.app/Info.plist --archive-ssu-assets
2026-09-21 09:03:59.493 appintentsnltrainingprocessor[3193:107911714] Parsing options for appintentsnltrainingprocessor
2026-09-21 09:03:59.494 appintentsnltrainingprocessor[3193:107911714] Starting AppIntents SSU YAML Generation
2026-09-21 09:03:59.494 appintentsnltrainingprocessor[3193:107911714] No AppShortcuts found - Skipping.

Ld /tmp/picpac-phase3-hosted-performance/Build/Products/Test-iphonesimulator/PicPacPoe.app/PlugIns/PicPacPoeTests.xctest/PicPacPoeTests normal (in target 'PicPacPoeTests' from project 'PicPacPoe')
    cd /Users/bavabangaru/Developer/pic-pac-poe-ios-native-parity/ios
    /Applications/Xcode.app/Contents/Developer/Toolchains/XcodeDefault.xctoolchain/usr/bin/clang -Xlinker -reproducible -target arm64-apple-ios17.0-simulator -bundle -isysroot /Applications/Xcode.app/Contents/Developer/Platforms/iPhoneSimulator.platform/Developer/SDKs/iPhoneSimulator26.5.sdk -O0 -L/tmp/picpac-phase3-hosted-performance/Build/Intermediates.noindex/EagerLinkingTBDs/Test-iphonesimulator -L/tmp/picpac-phase3-hosted-performance/Build/Products/Test-iphonesimulator -L/Applications/Xcode.app/Contents/Developer/Platforms/iPhoneSimulator.platform/Developer/usr/lib -F/tmp/picpac-phase3-hosted-performance/Build/Intermediates.noindex/EagerLinkingTBDs/Test-iphonesimulator -F/tmp/picpac-phase3-hosted-performance/Build/Products/Test-iphonesimulator/PackageFrameworks -F/tmp/picpac-phase3-hosted-performance/Build/Products/Test-iphonesimulator/PackageFrameworks -F/tmp/picpac-phase3-hosted-performance/Build/Products/Test-iphonesimulator/PackageFrameworks -F/tmp/picpac-phase3-hosted-performance/Build/Products/Test-iphonesimulator/PackageFrameworks -F/tmp/picpac-phase3-hosted-performance/Build/Products/Test-iphonesimulator/PackageFrameworks -F/tmp/picpac-phase3-hosted-performance/Build/Products/Test-iphonesimulator -iframework /Applications/Xcode.app/Contents/Developer/Platforms/iPhoneSimulator.platform/Developer/Library/Frameworks -iframework /Applications/Xcode.app/Contents/Developer/Platforms/iPhoneSimulator.platform/Developer/SDKs/iPhoneSimulator26.5.sdk/Developer/Library/Frameworks -filelist /tmp/picpac-phase3-hosted-performance/Build/Intermediates.noindex/PicPacPoe.build/Test-iphonesimulator/PicPacPoeTests.build/Objects-normal/arm64/PicPacPoeTests.LinkFileList -Xlinker -rpath -Xlinker /usr/lib/swift -Xlinker -rpath -Xlinker @loader_path/Frameworks -Xlinker -rpath -Xlinker @executable_path/Frameworks -Xlinker -dead_strip -bundle_loader /tmp/picpac-phase3-hosted-performance/Build/Products/Test-iphonesimulator/PicPacPoe.app/PicPacPoe -Xlinker -object_path_lto -Xlinker /tmp/picpac-phase3-hosted-performance/Build/Intermediates.noindex/PicPacPoe.build/Test-iphonesimulator/PicPacPoeTests.build/Objects-normal/arm64/PicPacPoeTests_lto.o -rdynamic -Xlinker -no_deduplicate -Xlinker -objc_abi_version -Xlinker 2 -Xlinker -debug_variant -Xlinker -dependency_info -Xlinker /tmp/picpac-phase3-hosted-performance/Build/Intermediates.noindex/PicPacPoe.build/Test-iphonesimulator/PicPacPoeTests.build/Objects-normal/arm64/PicPacPoeTests_dependency_info.dat -fobjc-link-runtime -fprofile-instr-generate -L/Applications/Xcode.app/Contents/Developer/Toolchains/XcodeDefault.xctoolchain/usr/lib/swift/iphonesimulator -L/usr/lib/swift -Xlinker -add_ast_path -Xlinker /tmp/picpac-phase3-hosted-performance/Build/Intermediates.noindex/PicPacPoe.build/Test-iphonesimulator/PicPacPoeTests.build/Objects-normal/arm64/PicPacPoeTests.swiftmodule @/tmp/picpac-phase3-hosted-performance/Build/Intermediates.noindex/PicPacPoe.build/Test-iphonesimulator/PicPacPoeTests.build/Objects-normal/arm64/PicPacPoeTests-linker-args.resp -Wl,-no_warn_duplicate_libraries -Wl,-no_warn_duplicate_libraries -Wl,-no_warn_duplicate_libraries -Wl,-no_warn_duplicate_libraries -Wl,-no_warn_duplicate_libraries -Xlinker -needed_framework -Xlinker XCTest -framework XCTest -Xlinker -needed-lXCTestSwiftSupport -lXCTestSwiftSupport /tmp/picpac-phase3-hosted-performance/Build/Products/Test-iphonesimulator/PackageFrameworks/PicPacPresentation_-6026B0FB22E351C2_PackageProduct.framework/PicPacPresentation_-6026B0FB22E351C2_PackageProduct /tmp/picpac-phase3-hosted-performance/Build/Products/Test-iphonesimulator/PicPacPoe.app/PicPacPoe.debug.dylib -o /tmp/picpac-phase3-hosted-performance/Build/Products/Test-iphonesimulator/PicPacPoe.app/PlugIns/PicPacPoeTests.xctest/PicPacPoeTests

Copy /tmp/picpac-phase3-hosted-performance/Build/Products/Test-iphonesimulator/PicPacPoe.app/PlugIns/PicPacPoeTests.xctest/PicPacKit_PicPacAI.bundle /tmp/picpac-phase3-hosted-performance/Build/Products/Test-iphonesimulator/PicPacKit_PicPacAI.bundle (in target 'PicPacPoeTests' from project 'PicPacPoe')
    cd /Users/bavabangaru/Developer/pic-pac-poe-ios-native-parity/ios
    builtin-copy -exclude .DS_Store -exclude CVS -exclude .svn -exclude .git -exclude .hg -resolve-src-symlinks /tmp/picpac-phase3-hosted-performance/Build/Products/Test-iphonesimulator/PicPacKit_PicPacAI.bundle /tmp/picpac-phase3-hosted-performance/Build/Products/Test-iphonesimulator/PicPacPoe.app/PlugIns/PicPacPoeTests.xctest

Copy /tmp/picpac-phase3-hosted-performance/Build/Products/Test-iphonesimulator/PicPacPoe.app/PlugIns/PicPacPoeTests.xctest/Frameworks/PicPacPresentation_-6026B0FB22E351C2_PackageProduct.framework /tmp/picpac-phase3-hosted-performance/Build/Products/Test-iphonesimulator/PackageFrameworks/PicPacPresentation_-6026B0FB22E351C2_PackageProduct.framework (in target 'PicPacPoeTests' from project 'PicPacPoe')
    cd /Users/bavabangaru/Developer/pic-pac-poe-ios-native-parity/ios
    builtin-copy -exclude .DS_Store -exclude CVS -exclude .svn -exclude .git -exclude .hg -resolve-src-symlinks -remove-static-executable /tmp/picpac-phase3-hosted-performance/Build/Products/Test-iphonesimulator/PackageFrameworks/PicPacPresentation_-6026B0FB22E351C2_PackageProduct.framework /tmp/picpac-phase3-hosted-performance/Build/Products/Test-iphonesimulator/PicPacPoe.app/PlugIns/PicPacPoeTests.xctest/Frameworks

ProcessInfoPlistFile /tmp/picpac-phase3-hosted-performance/Build/Products/Test-iphonesimulator/PicPacPoe.app/PlugIns/PicPacPoeTests.xctest/Info.plist /tmp/picpac-phase3-hosted-performance/Build/Intermediates.noindex/PicPacPoe.build/Test-iphonesimulator/PicPacPoeTests.build/empty-PicPacPoeTests.plist (in target 'PicPacPoeTests' from project 'PicPacPoe')
    cd /Users/bavabangaru/Developer/pic-pac-poe-ios-native-parity/ios
    builtin-infoPlistUtility /tmp/picpac-phase3-hosted-performance/Build/Intermediates.noindex/PicPacPoe.build/Test-iphonesimulator/PicPacPoeTests.build/empty-PicPacPoeTests.plist -producttype com.apple.product-type.bundle.unit-test -expandbuildsettings -format binary -platform iphonesimulator -scanforprivacyfile /tmp/picpac-phase3-hosted-performance/Build/Products/Test-iphonesimulator/PicPacPoe.app/PlugIns/PicPacPoeTests.xctest/PicPacKit_PicPacAI.bundle -o /tmp/picpac-phase3-hosted-performance/Build/Products/Test-iphonesimulator/PicPacPoe.app/PlugIns/PicPacPoeTests.xctest/Info.plist

CopySwiftLibs /tmp/picpac-phase3-hosted-performance/Build/Products/Test-iphonesimulator/PicPacPoe.app/PlugIns/PicPacPoeTests.xctest (in target 'PicPacPoeTests' from project 'PicPacPoe')
    cd /Users/bavabangaru/Developer/pic-pac-poe-ios-native-parity/ios
    builtin-swiftStdLibTool --copy --verbose --scan-executable /tmp/picpac-phase3-hosted-performance/Build/Products/Test-iphonesimulator/PicPacPoe.app/PlugIns/PicPacPoeTests.xctest/PicPacPoeTests --scan-folder /tmp/picpac-phase3-hosted-performance/Build/Products/Test-iphonesimulator/PicPacPoe.app/PlugIns/PicPacPoeTests.xctest/Frameworks --scan-folder /tmp/picpac-phase3-hosted-performance/Build/Products/Test-iphonesimulator/PicPacPoe.app/PlugIns/PicPacPoeTests.xctest/PlugIns --scan-folder /tmp/picpac-phase3-hosted-performance/Build/Products/Test-iphonesimulator/PicPacPoe.app/PlugIns/PicPacPoeTests.xctest/SystemExtensions --scan-folder /tmp/picpac-phase3-hosted-performance/Build/Products/Test-iphonesimulator/PicPacPoe.app/PlugIns/PicPacPoeTests.xctest/Extensions --scan-folder /tmp/picpac-phase3-hosted-performance/Build/Products/Test-iphonesimulator/PackageFrameworks/PicPacPresentation_-6026B0FB22E351C2_PackageProduct.framework --platform iphonesimulator --toolchain /Applications/Xcode.app/Contents/Developer/Toolchains/XcodeDefault.xctoolchain --destination /tmp/picpac-phase3-hosted-performance/Build/Products/Test-iphonesimulator/PicPacPoe.app/PlugIns/PicPacPoeTests.xctest/Frameworks --strip-bitcode --scan-executable /Applications/Xcode.app/Contents/Developer/Platforms/iPhoneSimulator.platform/Developer/usr/lib/libXCTestSwiftSupport.dylib --strip-bitcode-tool /Applications/Xcode.app/Contents/Developer/Toolchains/XcodeDefault.xctoolchain/usr/bin/bitcode_strip --emit-dependency-info /tmp/picpac-phase3-hosted-performance/Build/Intermediates.noindex/PicPacPoe.build/Test-iphonesimulator/PicPacPoeTests.build/SwiftStdLibToolInputDependencies.dep --filter-for-swift-os
Ignoring --strip-bitcode because --sign was not passed

ExtractAppIntentsMetadata (in target 'PicPacPoeTests' from project 'PicPacPoe')
    cd /Users/bavabangaru/Developer/pic-pac-poe-ios-native-parity/ios
    /Applications/Xcode.app/Contents/Developer/Toolchains/XcodeDefault.xctoolchain/usr/bin/appintentsmetadataprocessor --toolchain-dir /Applications/Xcode.app/Contents/Developer/Toolchains/XcodeDefault.xctoolchain --module-name PicPacPoeTests --sdk-root /Applications/Xcode.app/Contents/Developer/Platforms/iPhoneSimulator.platform/Developer/SDKs/iPhoneSimulator26.5.sdk --xcode-version 17F113 --platform-family iOS --deployment-target 17.0 --bundle-identifier dev.saipranith.picpacpoe.tests --output /tmp/picpac-phase3-hosted-performance/Build/Products/Test-iphonesimulator/PicPacPoe.app/PlugIns/PicPacPoeTests.xctest --target-triple arm64-apple-ios17.0-simulator --binary-file /tmp/picpac-phase3-hosted-performance/Build/Products/Test-iphonesimulator/PicPacPoe.app/PlugIns/PicPacPoeTests.xctest/PicPacPoeTests --dependency-file /tmp/picpac-phase3-hosted-performance/Build/Intermediates.noindex/PicPacPoe.build/Test-iphonesimulator/PicPacPoeTests.build/Objects-normal/arm64/PicPacPoeTests_dependency_info.dat --stringsdata-file /tmp/picpac-phase3-hosted-performance/Build/Intermediates.noindex/PicPacPoe.build/Test-iphonesimulator/PicPacPoeTests.build/Objects-normal/arm64/ExtractedAppShortcutsMetadata.stringsdata --source-file-list /tmp/picpac-phase3-hosted-performance/Build/Intermediates.noindex/PicPacPoe.build/Test-iphonesimulator/PicPacPoeTests.build/Objects-normal/arm64/PicPacPoeTests.SwiftFileList --metadata-file-list /tmp/picpac-phase3-hosted-performance/Build/Intermediates.noindex/PicPacPoe.build/Test-iphonesimulator/PicPacPoeTests.build/PicPacPoeTests.DependencyMetadataFileList --static-metadata-file-list /tmp/picpac-phase3-hosted-performance/Build/Intermediates.noindex/PicPacPoe.build/Test-iphonesimulator/PicPacPoeTests.build/PicPacPoeTests.DependencyStaticMetadataFileList --swift-const-vals-list /tmp/picpac-phase3-hosted-performance/Build/Intermediates.noindex/PicPacPoe.build/Test-iphonesimulator/PicPacPoeTests.build/Objects-normal/arm64/PicPacPoeTests.SwiftConstValuesFileList --compile-time-extraction --deployment-aware-processing --validate-assistant-intents --no-app-shortcuts-localization
2026-09-21 09:04:00.123 appintentsmetadataprocessor[3204:107911794] Starting appintentsmetadataprocessor export
2026-09-21 09:04:00.126 appintentsmetadataprocessor[3204:107911794] warning: Metadata extraction skipped. No AppIntents.framework dependency found.

GenerateDSYMFile /tmp/picpac-phase3-hosted-performance/Build/Products/Test-iphonesimulator/PicPacPoe.app/PlugIns/PicPacPoeTests.xctest.dSYM /tmp/picpac-phase3-hosted-performance/Build/Products/Test-iphonesimulator/PicPacPoe.app/PlugIns/PicPacPoeTests.xctest/PicPacPoeTests (in target 'PicPacPoeTests' from project 'PicPacPoe')
    cd /Users/bavabangaru/Developer/pic-pac-poe-ios-native-parity/ios
    /Applications/Xcode.app/Contents/Developer/Toolchains/XcodeDefault.xctoolchain/usr/bin/dsymutil /tmp/picpac-phase3-hosted-performance/Build/Products/Test-iphonesimulator/PicPacPoe.app/PlugIns/PicPacPoeTests.xctest/PicPacPoeTests -o /tmp/picpac-phase3-hosted-performance/Build/Products/Test-iphonesimulator/PicPacPoe.app/PlugIns/PicPacPoeTests.xctest.dSYM

AppIntentsSSUTraining (in target 'PicPacPoeTests' from project 'PicPacPoe')
    cd /Users/bavabangaru/Developer/pic-pac-poe-ios-native-parity/ios
    /Applications/Xcode.app/Contents/Developer/Toolchains/XcodeDefault.xctoolchain/usr/bin/appintentsnltrainingprocessor --infoplist-path /tmp/picpac-phase3-hosted-performance/Build/Products/Test-iphonesimulator/PicPacPoe.app/PlugIns/PicPacPoeTests.xctest/Info.plist --temp-dir-path /tmp/picpac-phase3-hosted-performance/Build/Intermediates.noindex/PicPacPoe.build/Test-iphonesimulator/PicPacPoeTests.build/ssu --bundle-id dev.saipranith.picpacpoe.tests --product-path /tmp/picpac-phase3-hosted-performance/Build/Products/Test-iphonesimulator/PicPacPoe.app/PlugIns/PicPacPoeTests.xctest --extracted-metadata-path /tmp/picpac-phase3-hosted-performance/Build/Products/Test-iphonesimulator/PicPacPoe.app/PlugIns/PicPacPoeTests.xctest/Metadata.appintents --metadata-file-list /tmp/picpac-phase3-hosted-performance/Build/Intermediates.noindex/PicPacPoe.build/Test-iphonesimulator/PicPacPoeTests.build/PicPacPoeTests.DependencyMetadataFileList --source-file /tmp/picpac-phase3-hosted-performance/Build/Products/Test-iphonesimulator/PicPacPoe.app/PlugIns/PicPacPoeTests.xctest/Info.plist --archive-ssu-assets
2026-09-21 09:04:00.152 appintentsnltrainingprocessor[3206:107911799] Parsing options for appintentsnltrainingprocessor
2026-09-21 09:04:00.152 appintentsnltrainingprocessor[3206:107911799] Starting AppIntents SSU YAML Generation
2026-09-21 09:04:00.152 appintentsnltrainingprocessor[3206:107911799] No AppShortcuts found - Skipping.

RegisterExecutionPolicyException /tmp/picpac-phase3-hosted-performance/Build/Products/Test-iphonesimulator/PicPacPoe.app/PlugIns/PicPacPoeTests.xctest (in target 'PicPacPoeTests' from project 'PicPacPoe')
    cd /Users/bavabangaru/Developer/pic-pac-poe-ios-native-parity/ios
    builtin-RegisterExecutionPolicyException /tmp/picpac-phase3-hosted-performance/Build/Products/Test-iphonesimulator/PicPacPoe.app/PlugIns/PicPacPoeTests.xctest

Touch /tmp/picpac-phase3-hosted-performance/Build/Products/Test-iphonesimulator/PicPacPoe.app/PlugIns/PicPacPoeTests.xctest (in target 'PicPacPoeTests' from project 'PicPacPoe')
    cd /Users/bavabangaru/Developer/pic-pac-poe-ios-native-parity/ios
    /usr/bin/touch -c /tmp/picpac-phase3-hosted-performance/Build/Products/Test-iphonesimulator/PicPacPoe.app/PlugIns/PicPacPoeTests.xctest

RegisterExecutionPolicyException /tmp/picpac-phase3-hosted-performance/Build/Products/Test-iphonesimulator/PicPacPoe.app (in target 'PicPacPoe' from project 'PicPacPoe')
    cd /Users/bavabangaru/Developer/pic-pac-poe-ios-native-parity/ios
    builtin-RegisterExecutionPolicyException /tmp/picpac-phase3-hosted-performance/Build/Products/Test-iphonesimulator/PicPacPoe.app

Validate /tmp/picpac-phase3-hosted-performance/Build/Products/Test-iphonesimulator/PicPacPoe.app (in target 'PicPacPoe' from project 'PicPacPoe')
    cd /Users/bavabangaru/Developer/pic-pac-poe-ios-native-parity/ios
    builtin-validationUtility /tmp/picpac-phase3-hosted-performance/Build/Products/Test-iphonesimulator/PicPacPoe.app -shallow-bundle -infoplist-subpath Info.plist

Touch /tmp/picpac-phase3-hosted-performance/Build/Products/Test-iphonesimulator/PicPacPoe.app (in target 'PicPacPoe' from project 'PicPacPoe')
    cd /Users/bavabangaru/Developer/pic-pac-poe-ios-native-parity/ios
    /usr/bin/touch -c /tmp/picpac-phase3-hosted-performance/Build/Products/Test-iphonesimulator/PicPacPoe.app

Ld /tmp/picpac-phase3-hosted-performance/Build/Products/Test-iphonesimulator/PicPacPoeUITests-Runner.app/PlugIns/PicPacPoeUITests.xctest/PicPacPoeUITests normal (in target 'PicPacPoeUITests' from project 'PicPacPoe')
    cd /Users/bavabangaru/Developer/pic-pac-poe-ios-native-parity/ios
    /Applications/Xcode.app/Contents/Developer/Toolchains/XcodeDefault.xctoolchain/usr/bin/clang -Xlinker -reproducible -target arm64-apple-ios17.0-simulator -bundle -isysroot /Applications/Xcode.app/Contents/Developer/Platforms/iPhoneSimulator.platform/Developer/SDKs/iPhoneSimulator26.5.sdk -O0 -L/tmp/picpac-phase3-hosted-performance/Build/Intermediates.noindex/EagerLinkingTBDs/Test-iphonesimulator -L/tmp/picpac-phase3-hosted-performance/Build/Products/Test-iphonesimulator -L/Applications/Xcode.app/Contents/Developer/Platforms/iPhoneSimulator.platform/Developer/usr/lib -F/tmp/picpac-phase3-hosted-performance/Build/Intermediates.noindex/EagerLinkingTBDs/Test-iphonesimulator -F/tmp/picpac-phase3-hosted-performance/Build/Products/Test-iphonesimulator -iframework /Applications/Xcode.app/Contents/Developer/Platforms/iPhoneSimulator.platform/Developer/Library/Frameworks -iframework /Applications/Xcode.app/Contents/Developer/Platforms/iPhoneSimulator.platform/Developer/SDKs/iPhoneSimulator26.5.sdk/Developer/Library/Frameworks -filelist /tmp/picpac-phase3-hosted-performance/Build/Intermediates.noindex/PicPacPoe.build/Test-iphonesimulator/PicPacPoeUITests.build/Objects-normal/arm64/PicPacPoeUITests.LinkFileList -Xlinker -rpath -Xlinker /usr/lib/swift -Xlinker -rpath -Xlinker @loader_path/Frameworks -Xlinker -dead_strip -Xlinker -object_path_lto -Xlinker /tmp/picpac-phase3-hosted-performance/Build/Intermediates.noindex/PicPacPoe.build/Test-iphonesimulator/PicPacPoeUITests.build/Objects-normal/arm64/PicPacPoeUITests_lto.o -rdynamic -Xlinker -no_deduplicate -Xlinker -objc_abi_version -Xlinker 2 -Xlinker -debug_variant -Xlinker -dependency_info -Xlinker /tmp/picpac-phase3-hosted-performance/Build/Intermediates.noindex/PicPacPoe.build/Test-iphonesimulator/PicPacPoeUITests.build/Objects-normal/arm64/PicPacPoeUITests_dependency_info.dat -fobjc-link-runtime -fprofile-instr-generate -L/Applications/Xcode.app/Contents/Developer/Toolchains/XcodeDefault.xctoolchain/usr/lib/swift/iphonesimulator -L/usr/lib/swift -Xlinker -add_ast_path -Xlinker /tmp/picpac-phase3-hosted-performance/Build/Intermediates.noindex/PicPacPoe.build/Test-iphonesimulator/PicPacPoeUITests.build/Objects-normal/arm64/PicPacPoeUITests.swiftmodule @/tmp/picpac-phase3-hosted-performance/Build/Intermediates.noindex/PicPacPoe.build/Test-iphonesimulator/PicPacPoeUITests.build/Objects-normal/arm64/PicPacPoeUITests-linker-args.resp -Xlinker -needed_framework -Xlinker XCTest -framework XCTest -Xlinker -needed-lXCTestSwiftSupport -lXCTestSwiftSupport -o /tmp/picpac-phase3-hosted-performance/Build/Products/Test-iphonesimulator/PicPacPoeUITests-Runner.app/PlugIns/PicPacPoeUITests.xctest/PicPacPoeUITests

ProcessInfoPlistFile /tmp/picpac-phase3-hosted-performance/Build/Products/Test-iphonesimulator/PicPacPoeUITests-Runner.app/PlugIns/PicPacPoeUITests.xctest/Info.plist /tmp/picpac-phase3-hosted-performance/Build/Intermediates.noindex/PicPacPoe.build/Test-iphonesimulator/PicPacPoeUITests.build/empty-PicPacPoeUITests.plist (in target 'PicPacPoeUITests' from project 'PicPacPoe')
    cd /Users/bavabangaru/Developer/pic-pac-poe-ios-native-parity/ios
    builtin-infoPlistUtility /tmp/picpac-phase3-hosted-performance/Build/Intermediates.noindex/PicPacPoe.build/Test-iphonesimulator/PicPacPoeUITests.build/empty-PicPacPoeUITests.plist -producttype com.apple.product-type.bundle.ui-testing -expandbuildsettings -format binary -platform iphonesimulator -additionalcontentfile /tmp/picpac-phase3-hosted-performance/Build/Intermediates.noindex/PicPacPoe.build/Test-iphonesimulator/PicPacPoeUITests.build/ProductTypeInfoPlistAdditions.plist -o /tmp/picpac-phase3-hosted-performance/Build/Products/Test-iphonesimulator/PicPacPoeUITests-Runner.app/PlugIns/PicPacPoeUITests.xctest/Info.plist

CopySwiftLibs /tmp/picpac-phase3-hosted-performance/Build/Products/Test-iphonesimulator/PicPacPoeUITests-Runner.app/PlugIns/PicPacPoeUITests.xctest (in target 'PicPacPoeUITests' from project 'PicPacPoe')
    cd /Users/bavabangaru/Developer/pic-pac-poe-ios-native-parity/ios
    builtin-swiftStdLibTool --copy --verbose --scan-executable /tmp/picpac-phase3-hosted-performance/Build/Products/Test-iphonesimulator/PicPacPoeUITests-Runner.app/PlugIns/PicPacPoeUITests.xctest/PicPacPoeUITests --scan-folder /tmp/picpac-phase3-hosted-performance/Build/Products/Test-iphonesimulator/PicPacPoeUITests-Runner.app/PlugIns/PicPacPoeUITests.xctest/Frameworks --scan-folder /tmp/picpac-phase3-hosted-performance/Build/Products/Test-iphonesimulator/PicPacPoeUITests-Runner.app/PlugIns/PicPacPoeUITests.xctest/PlugIns --scan-folder /tmp/picpac-phase3-hosted-performance/Build/Products/Test-iphonesimulator/PicPacPoeUITests-Runner.app/PlugIns/PicPacPoeUITests.xctest/SystemExtensions --scan-folder /tmp/picpac-phase3-hosted-performance/Build/Products/Test-iphonesimulator/PicPacPoeUITests-Runner.app/PlugIns/PicPacPoeUITests.xctest/Extensions --platform iphonesimulator --toolchain /Applications/Xcode.app/Contents/Developer/Toolchains/XcodeDefault.xctoolchain --destination /tmp/picpac-phase3-hosted-performance/Build/Products/Test-iphonesimulator/PicPacPoeUITests-Runner.app/PlugIns/PicPacPoeUITests.xctest/Frameworks --strip-bitcode --scan-executable /Applications/Xcode.app/Contents/Developer/Platforms/iPhoneSimulator.platform/Developer/usr/lib/libXCTestSwiftSupport.dylib --strip-bitcode-tool /Applications/Xcode.app/Contents/Developer/Toolchains/XcodeDefault.xctoolchain/usr/bin/bitcode_strip --emit-dependency-info /tmp/picpac-phase3-hosted-performance/Build/Intermediates.noindex/PicPacPoe.build/Test-iphonesimulator/PicPacPoeUITests.build/SwiftStdLibToolInputDependencies.dep --filter-for-swift-os
Ignoring --strip-bitcode because --sign was not passed

ExtractAppIntentsMetadata (in target 'PicPacPoeUITests' from project 'PicPacPoe')
    cd /Users/bavabangaru/Developer/pic-pac-poe-ios-native-parity/ios
    /Applications/Xcode.app/Contents/Developer/Toolchains/XcodeDefault.xctoolchain/usr/bin/appintentsmetadataprocessor --toolchain-dir /Applications/Xcode.app/Contents/Developer/Toolchains/XcodeDefault.xctoolchain --module-name PicPacPoeUITests --sdk-root /Applications/Xcode.app/Contents/Developer/Platforms/iPhoneSimulator.platform/Developer/SDKs/iPhoneSimulator26.5.sdk --xcode-version 17F113 --platform-family iOS --deployment-target 17.0 --bundle-identifier dev.saipranith.picpacpoe.uitests --output /tmp/picpac-phase3-hosted-performance/Build/Products/Test-iphonesimulator/PicPacPoeUITests-Runner.app/PlugIns/PicPacPoeUITests.xctest --target-triple arm64-apple-ios17.0-simulator --binary-file /tmp/picpac-phase3-hosted-performance/Build/Products/Test-iphonesimulator/PicPacPoeUITests-Runner.app/PlugIns/PicPacPoeUITests.xctest/PicPacPoeUITests --dependency-file /tmp/picpac-phase3-hosted-performance/Build/Intermediates.noindex/PicPacPoe.build/Test-iphonesimulator/PicPacPoeUITests.build/Objects-normal/arm64/PicPacPoeUITests_dependency_info.dat --stringsdata-file /tmp/picpac-phase3-hosted-performance/Build/Intermediates.noindex/PicPacPoe.build/Test-iphonesimulator/PicPacPoeUITests.build/Objects-normal/arm64/ExtractedAppShortcutsMetadata.stringsdata --source-file-list /tmp/picpac-phase3-hosted-performance/Build/Intermediates.noindex/PicPacPoe.build/Test-iphonesimulator/PicPacPoeUITests.build/Objects-normal/arm64/PicPacPoeUITests.SwiftFileList --metadata-file-list /tmp/picpac-phase3-hosted-performance/Build/Intermediates.noindex/PicPacPoe.build/Test-iphonesimulator/PicPacPoeUITests.build/PicPacPoeUITests.DependencyMetadataFileList --static-metadata-file-list /tmp/picpac-phase3-hosted-performance/Build/Intermediates.noindex/PicPacPoe.build/Test-iphonesimulator/PicPacPoeUITests.build/PicPacPoeUITests.DependencyStaticMetadataFileList --swift-const-vals-list /tmp/picpac-phase3-hosted-performance/Build/Intermediates.noindex/PicPacPoe.build/Test-iphonesimulator/PicPacPoeUITests.build/Objects-normal/arm64/PicPacPoeUITests.SwiftConstValuesFileList --compile-time-extraction --deployment-aware-processing --validate-assistant-intents --no-app-shortcuts-localization
2026-09-21 09:04:00.910 appintentsmetadataprocessor[3212:107911872] Starting appintentsmetadataprocessor export
2026-09-21 09:04:00.912 appintentsmetadataprocessor[3212:107911872] warning: Metadata extraction skipped. No AppIntents.framework dependency found.

GenerateDSYMFile /tmp/picpac-phase3-hosted-performance/Build/Products/Test-iphonesimulator/PicPacPoeUITests-Runner.app/PlugIns/PicPacPoeUITests.xctest.dSYM /tmp/picpac-phase3-hosted-performance/Build/Products/Test-iphonesimulator/PicPacPoeUITests-Runner.app/PlugIns/PicPacPoeUITests.xctest/PicPacPoeUITests (in target 'PicPacPoeUITests' from project 'PicPacPoe')
    cd /Users/bavabangaru/Developer/pic-pac-poe-ios-native-parity/ios
    /Applications/Xcode.app/Contents/Developer/Toolchains/XcodeDefault.xctoolchain/usr/bin/dsymutil /tmp/picpac-phase3-hosted-performance/Build/Products/Test-iphonesimulator/PicPacPoeUITests-Runner.app/PlugIns/PicPacPoeUITests.xctest/PicPacPoeUITests -o /tmp/picpac-phase3-hosted-performance/Build/Products/Test-iphonesimulator/PicPacPoeUITests-Runner.app/PlugIns/PicPacPoeUITests.xctest.dSYM

AppIntentsSSUTraining (in target 'PicPacPoeUITests' from project 'PicPacPoe')
    cd /Users/bavabangaru/Developer/pic-pac-poe-ios-native-parity/ios
    /Applications/Xcode.app/Contents/Developer/Toolchains/XcodeDefault.xctoolchain/usr/bin/appintentsnltrainingprocessor --infoplist-path /tmp/picpac-phase3-hosted-performance/Build/Products/Test-iphonesimulator/PicPacPoeUITests-Runner.app/PlugIns/PicPacPoeUITests.xctest/Info.plist --temp-dir-path /tmp/picpac-phase3-hosted-performance/Build/Intermediates.noindex/PicPacPoe.build/Test-iphonesimulator/PicPacPoeUITests.build/ssu --bundle-id dev.saipranith.picpacpoe.uitests --product-path /tmp/picpac-phase3-hosted-performance/Build/Products/Test-iphonesimulator/PicPacPoeUITests-Runner.app/PlugIns/PicPacPoeUITests.xctest --extracted-metadata-path /tmp/picpac-phase3-hosted-performance/Build/Products/Test-iphonesimulator/PicPacPoeUITests-Runner.app/PlugIns/PicPacPoeUITests.xctest/Metadata.appintents --metadata-file-list /tmp/picpac-phase3-hosted-performance/Build/Intermediates.noindex/PicPacPoe.build/Test-iphonesimulator/PicPacPoeUITests.build/PicPacPoeUITests.DependencyMetadataFileList --source-file /tmp/picpac-phase3-hosted-performance/Build/Products/Test-iphonesimulator/PicPacPoeUITests-Runner.app/PlugIns/PicPacPoeUITests.xctest/Info.plist --archive-ssu-assets
2026-09-21 09:04:00.936 appintentsnltrainingprocessor[3214:107911876] Parsing options for appintentsnltrainingprocessor
2026-09-21 09:04:00.937 appintentsnltrainingprocessor[3214:107911876] Starting AppIntents SSU YAML Generation
2026-09-21 09:04:00.937 appintentsnltrainingprocessor[3214:107911876] No AppShortcuts found - Skipping.

Copy /tmp/picpac-phase3-hosted-performance/Build/Products/Test-iphonesimulator/PicPacPoeUITests-Runner.app/PkgInfo /Applications/Xcode.app/Contents/Developer/Platforms/iPhoneSimulator.platform/Developer/Library/Xcode/Agents/XCTRunner.app/PkgInfo (in target 'PicPacPoeUITests' from project 'PicPacPoe')
    cd /Users/bavabangaru/Developer/pic-pac-poe-ios-native-parity/ios
    builtin-copy -exclude .DS_Store -exclude CVS -exclude .svn -exclude .git -exclude .hg -resolve-src-symlinks /Applications/Xcode.app/Contents/Developer/Platforms/iPhoneSimulator.platform/Developer/Library/Xcode/Agents/XCTRunner.app/PkgInfo /tmp/picpac-phase3-hosted-performance/Build/Products/Test-iphonesimulator/PicPacPoeUITests-Runner.app

CopyAndPreserveArchs /tmp/picpac-phase3-hosted-performance/Build/Products/Test-iphonesimulator/PicPacPoeUITests-Runner.app/PicPacPoeUITests-Runner (in target 'PicPacPoeUITests' from project 'PicPacPoe')
    cd /Users/bavabangaru/Developer/pic-pac-poe-ios-native-parity/ios
    /Applications/Xcode.app/Contents/Developer/Toolchains/XcodeDefault.xctoolchain/usr/bin/lipo /Applications/Xcode.app/Contents/Developer/Platforms/iPhoneSimulator.platform/Developer/Library/Xcode/Agents/XCTRunner.app/XCTRunner -output /tmp/picpac-phase3-hosted-performance/Build/Products/Test-iphonesimulator/PicPacPoeUITests-Runner.app/PicPacPoeUITests-Runner -extract arm64

CopyPlistFile /tmp/picpac-phase3-hosted-performance/Build/Products/Test-iphonesimulator/PicPacPoeUITests-Runner.app/Info.plist /Applications/Xcode.app/Contents/Developer/Platforms/iPhoneSimulator.platform/Developer/Library/Xcode/Agents/XCTRunner.app/Info.plist (in target 'PicPacPoeUITests' from project 'PicPacPoe')
    cd /Users/bavabangaru/Developer/pic-pac-poe-ios-native-parity/ios
    builtin-copyPlist --validate --convert xml1 --macro-expansion WRAPPEDPRODUCTNAME PicPacPoeUITests-Runner --macro-expansion WRAPPEDPRODUCTBUNDLEIDENTIFIER dev.saipranith.picpacpoe.uitests.xctrunner --macro-expansion TESTPRODUCTNAME PicPacPoeUITests --macro-expansion TESTPRODUCTBUNDLEIDENTIFIER dev.saipranith.picpacpoe.uitests --copy-value UIDeviceFamily /tmp/picpac-phase3-hosted-performance/Build/Products/Test-iphonesimulator/PicPacPoeUITests-Runner.app/PlugIns/PicPacPoeUITests.xctest/Info.plist --outdir /tmp/picpac-phase3-hosted-performance/Build/Products/Test-iphonesimulator/PicPacPoeUITests-Runner.app -- /Applications/Xcode.app/Contents/Developer/Platforms/iPhoneSimulator.platform/Developer/Library/Xcode/Agents/XCTRunner.app/Info.plist

MkDir /tmp/picpac-phase3-hosted-performance/Build/Products/Test-iphonesimulator/PicPacPoeUITests-Runner.app (in target 'PicPacPoeUITests' from project 'PicPacPoe')
    cd /Users/bavabangaru/Developer/pic-pac-poe-ios-native-parity/ios
    /bin/mkdir -p /tmp/picpac-phase3-hosted-performance/Build/Products/Test-iphonesimulator/PicPacPoeUITests-Runner.app

Copy /tmp/picpac-phase3-hosted-performance/Build/Products/Test-iphonesimulator/PicPacPoeUITests-Runner.app/Frameworks/libXCTestSwiftSupport.dylib /Applications/Xcode.app/Contents/Developer/Platforms/iPhoneSimulator.platform/Developer/usr/lib/libXCTestSwiftSupport.dylib (in target 'PicPacPoeUITests' from project 'PicPacPoe')
    cd /Users/bavabangaru/Developer/pic-pac-poe-ios-native-parity/ios
    builtin-copy -exclude .DS_Store -exclude CVS -exclude .svn -exclude .git -exclude .hg -exclude Headers -exclude PrivateHeaders -exclude Modules -exclude \*.tbd -resolve-src-symlinks /Applications/Xcode.app/Contents/Developer/Platforms/iPhoneSimulator.platform/Developer/usr/lib/libXCTestSwiftSupport.dylib /tmp/picpac-phase3-hosted-performance/Build/Products/Test-iphonesimulator/PicPacPoeUITests-Runner.app/Frameworks

Copy /tmp/picpac-phase3-hosted-performance/Build/Products/Test-iphonesimulator/PicPacPoeUITests-Runner.app/Frameworks/XCUIAutomation.framework /Applications/Xcode.app/Contents/Developer/Platforms/iPhoneSimulator.platform/Developer/Library/Frameworks/XCUIAutomation.framework (in target 'PicPacPoeUITests' from project 'PicPacPoe')
    cd /Users/bavabangaru/Developer/pic-pac-poe-ios-native-parity/ios
    builtin-copy -exclude .DS_Store -exclude CVS -exclude .svn -exclude .git -exclude .hg -exclude Headers -exclude PrivateHeaders -exclude Modules -exclude \*.tbd -resolve-src-symlinks /Applications/Xcode.app/Contents/Developer/Platforms/iPhoneSimulator.platform/Developer/Library/Frameworks/XCUIAutomation.framework /tmp/picpac-phase3-hosted-performance/Build/Products/Test-iphonesimulator/PicPacPoeUITests-Runner.app/Frameworks

Copy /tmp/picpac-phase3-hosted-performance/Build/Products/Test-iphonesimulator/PicPacPoeUITests-Runner.app/Frameworks/XCTest.framework /Applications/Xcode.app/Contents/Developer/Platforms/iPhoneSimulator.platform/Developer/Library/Frameworks/XCTest.framework (in target 'PicPacPoeUITests' from project 'PicPacPoe')
    cd /Users/bavabangaru/Developer/pic-pac-poe-ios-native-parity/ios
    builtin-copy -exclude .DS_Store -exclude CVS -exclude .svn -exclude .git -exclude .hg -exclude Headers -exclude PrivateHeaders -exclude Modules -exclude \*.tbd -resolve-src-symlinks /Applications/Xcode.app/Contents/Developer/Platforms/iPhoneSimulator.platform/Developer/Library/Frameworks/XCTest.framework /tmp/picpac-phase3-hosted-performance/Build/Products/Test-iphonesimulator/PicPacPoeUITests-Runner.app/Frameworks

Copy /tmp/picpac-phase3-hosted-performance/Build/Products/Test-iphonesimulator/PicPacPoeUITests-Runner.app/Frameworks/XCUnit.framework /Applications/Xcode.app/Contents/Developer/Platforms/iPhoneSimulator.platform/Developer/Library/PrivateFrameworks/XCUnit.framework (in target 'PicPacPoeUITests' from project 'PicPacPoe')
    cd /Users/bavabangaru/Developer/pic-pac-poe-ios-native-parity/ios
    builtin-copy -exclude .DS_Store -exclude CVS -exclude .svn -exclude .git -exclude .hg -exclude Headers -exclude PrivateHeaders -exclude Modules -exclude \*.tbd -resolve-src-symlinks /Applications/Xcode.app/Contents/Developer/Platforms/iPhoneSimulator.platform/Developer/Library/PrivateFrameworks/XCUnit.framework /tmp/picpac-phase3-hosted-performance/Build/Products/Test-iphonesimulator/PicPacPoeUITests-Runner.app/Frameworks

Copy /tmp/picpac-phase3-hosted-performance/Build/Products/Test-iphonesimulator/PicPacPoeUITests-Runner.app/Frameworks/XCTAutomationSupport.framework /Applications/Xcode.app/Contents/Developer/Platforms/iPhoneSimulator.platform/Developer/Library/PrivateFrameworks/XCTAutomationSupport.framework (in target 'PicPacPoeUITests' from project 'PicPacPoe')
    cd /Users/bavabangaru/Developer/pic-pac-poe-ios-native-parity/ios
    builtin-copy -exclude .DS_Store -exclude CVS -exclude .svn -exclude .git -exclude .hg -exclude Headers -exclude PrivateHeaders -exclude Modules -exclude \*.tbd -resolve-src-symlinks /Applications/Xcode.app/Contents/Developer/Platforms/iPhoneSimulator.platform/Developer/Library/PrivateFrameworks/XCTAutomationSupport.framework /tmp/picpac-phase3-hosted-performance/Build/Products/Test-iphonesimulator/PicPacPoeUITests-Runner.app/Frameworks

Copy /tmp/picpac-phase3-hosted-performance/Build/Products/Test-iphonesimulator/PicPacPoeUITests-Runner.app/Frameworks/XCTestSupport.framework /Applications/Xcode.app/Contents/Developer/Platforms/iPhoneSimulator.platform/Developer/Library/PrivateFrameworks/XCTestSupport.framework (in target 'PicPacPoeUITests' from project 'PicPacPoe')
    cd /Users/bavabangaru/Developer/pic-pac-poe-ios-native-parity/ios
    builtin-copy -exclude .DS_Store -exclude CVS -exclude .svn -exclude .git -exclude .hg -exclude Headers -exclude PrivateHeaders -exclude Modules -exclude \*.tbd -resolve-src-symlinks /Applications/Xcode.app/Contents/Developer/Platforms/iPhoneSimulator.platform/Developer/Library/PrivateFrameworks/XCTestSupport.framework /tmp/picpac-phase3-hosted-performance/Build/Products/Test-iphonesimulator/PicPacPoeUITests-Runner.app/Frameworks

Copy /tmp/picpac-phase3-hosted-performance/Build/Products/Test-iphonesimulator/PicPacPoeUITests-Runner.app/Frameworks/XCTestCore.framework /Applications/Xcode.app/Contents/Developer/Platforms/iPhoneSimulator.platform/Developer/Library/PrivateFrameworks/XCTestCore.framework (in target 'PicPacPoeUITests' from project 'PicPacPoe')
    cd /Users/bavabangaru/Developer/pic-pac-poe-ios-native-parity/ios
    builtin-copy -exclude .DS_Store -exclude CVS -exclude .svn -exclude .git -exclude .hg -exclude Headers -exclude PrivateHeaders -exclude Modules -exclude \*.tbd -resolve-src-symlinks /Applications/Xcode.app/Contents/Developer/Platforms/iPhoneSimulator.platform/Developer/Library/PrivateFrameworks/XCTestCore.framework /tmp/picpac-phase3-hosted-performance/Build/Products/Test-iphonesimulator/PicPacPoeUITests-Runner.app/Frameworks

Copy /tmp/picpac-phase3-hosted-performance/Build/Products/Test-iphonesimulator/PicPacPoeUITests-Runner.app/Frameworks/Testing.framework /Applications/Xcode.app/Contents/Developer/Platforms/iPhoneSimulator.platform/Developer/Library/Frameworks/Testing.framework (in target 'PicPacPoeUITests' from project 'PicPacPoe')
    cd /Users/bavabangaru/Developer/pic-pac-poe-ios-native-parity/ios
    builtin-copy -exclude .DS_Store -exclude CVS -exclude .svn -exclude .git -exclude .hg -exclude Headers -exclude PrivateHeaders -exclude Modules -exclude \*.tbd -resolve-src-symlinks /Applications/Xcode.app/Contents/Developer/Platforms/iPhoneSimulator.platform/Developer/Library/Frameworks/Testing.framework /tmp/picpac-phase3-hosted-performance/Build/Products/Test-iphonesimulator/PicPacPoeUITests-Runner.app/Frameworks

RegisterExecutionPolicyException /tmp/picpac-phase3-hosted-performance/Build/Products/Test-iphonesimulator/PicPacPoeUITests-Runner.app/PlugIns/PicPacPoeUITests.xctest (in target 'PicPacPoeUITests' from project 'PicPacPoe')
    cd /Users/bavabangaru/Developer/pic-pac-poe-ios-native-parity/ios
    builtin-RegisterExecutionPolicyException /tmp/picpac-phase3-hosted-performance/Build/Products/Test-iphonesimulator/PicPacPoeUITests-Runner.app/PlugIns/PicPacPoeUITests.xctest

Touch /tmp/picpac-phase3-hosted-performance/Build/Products/Test-iphonesimulator/PicPacPoeUITests-Runner.app/PlugIns/PicPacPoeUITests.xctest (in target 'PicPacPoeUITests' from project 'PicPacPoe')
    cd /Users/bavabangaru/Developer/pic-pac-poe-ios-native-parity/ios
    /usr/bin/touch -c /tmp/picpac-phase3-hosted-performance/Build/Products/Test-iphonesimulator/PicPacPoeUITests-Runner.app/PlugIns/PicPacPoeUITests.xctest

Testing started
In flight operation:   <DVTOperationGroup: 0x89fe7c300; state = AREfc>
     <IDEBuildOperationGroup: 0x89fddb600; state = AReFc>
         <DVTOperationGroup: 0x89fddb300; state = AReFc>
             <IDEXCBuildSupportCore.IDEXCBuildServiceBuildOperation:0x8a1defc00:AReFc>
         <DVTOperation: 0x89ff148c0; state = aReFc>
         <__DVTSwiftAsyncOperation: 0x89fddbc00; state = AReFc>
         <__DVTSwiftAsyncOperation: 0x89fddba80; state = AReFc>
         <__DVTSwiftAsyncOperation: 0x89fddbd80; state = AReFc>
         <DVTOperation: 0x89ff15400; state = aReFc>
         <DVTOperation: 0x89ff17700; state = aReFc>
         <__DVTSwiftAsyncOperation: 0x89fddb900; state = AReFc>
         <DVTOperation: 0x89ff14280; state = aReFc>
     <DVTOperationGroup: 0x89fe7c000; state = AREfc>
         <DVTOperation: 0x89ff41b80; name = 'Remove Log If Needed', state = aReFc>
         <DVTOperationGroup: 0x89fece880; state = AREfc>
             <DVTOperationGroup: 0x89fecea00; state = AREfc>
                 <DVTOperationGroup: 0x89fe63d80; state = AREfc>
                     <DVTOperation: 0x89ff41040; state = aReFc>
                     <IDESchemeActionResultOperation: 0x89fe63300; state = Arefc>
                     <__DVTSwiftAsyncOperation: 0x89fe63900; state = AReFc>
                     <__DVTSwiftAsyncOperation: 0x89fe63c00; state = AReFc>
                     <DVTOperation: 0x89ff412c0; state = arefc>
                     <DVTOperationGroup: 0x89fe63180; state = AREf!c, blocking { Blocking finish to clean up test session. }>
                         <DVTOperation: 0x89ff40b40; state = aReFc>
                         <XCTHOperationGroup: 0x89fe63000>
                             <XCTHOperationGroup: 0x89fe60c00>
                                 <XCTHOperationGroup: 0x89fe63600>
                                     <XCTHOperationGroup: 0x89fe63480>{name = 'com.apple.dt.xctest.target-runner'}(Finishing blocked for reasons:
  waiting for workers to materialize
  )
                                         <XCTHOperationGroup: 0x89fe7c180>
                                             <XCTHOperationGroup: 0x89fe7cd80>
                                                 <IDERunOperation: 0x89fe7cc00; state = aReF!c, blocking { XCTHTestOperationCoordinator processing delay, Blocking finish to allow restarting of crashed test operations., Waiting for -runningDidFinish call. }>
                                                 worker: <IDERunOperationWorkerGroup: 0x89f4f7180, unfinished subworkers : 
					<_IDEInstalliPhoneSimulatorWorker: 0x8a0c763a0 -- ExtensionIdentifier: Xcode.IDEiPhoneSimulatorSupport.DeviceService.Install>
					<IDELaunchiPhoneSimulatorLauncher: 0x8a21c6920 -- ExtensionIdentifier: Xcode.IDEiPhoneSimulatorSupport.Launch>
				 >

                                                 tracker: <IDEExecutionOperationTracker: 0x8a2815030: Testing project PicPacPoe with scheme PicPacPoe
	subtrackers=(
    "<IDEExecutionRunnableTracker: 0x8a2330de0: subtrackers=none>"
)>

                                 <XCTHOperation: 0x89ff40f00>
                     <DVTOperation: 0x89ff41180; state = aReFc>
                     <__DVTSwiftAsyncOperation: 0x89fe63780; state = AReFc>
                     <__DVTSwiftAsyncOperation: 0x89fe63a80; state = AReFc>
                     <DVTOperation: 0x89ff41400; state = arefc>
                 <_DVTAsyncBlockOperation: 0x89ff417c0; name = 'Download and merge code coverage profiles', state = Arefc>
                 <XCTHCoverageReportGenerationOperation: 0x8a2146d80>{name = 'Generate coverage report'}
             <DVTOperation: 0x89ff41540; state = aReFc>
         <_IDETestingFinalizeLogsOperation: 0x89ff41cc0; name = 'Finalize test log', state = aref!c, blocking { waiting for test log to finish recording }>
<DVTOperationGroup: 0x89fe7c300; state = AREfc> created at:
  0   -[DVTOperation init] (in DVTFoundation)
  1   -[DVTOperationGroup init] (in DVTFoundation)
  2   +[DVTOperationGroup operationGroupWithSuboperations:] (in DVTFoundation)
  3   -[IDEScheme _groupAndImposeDependenciesForOrderedOperations:] (in IDEFoundation)
  4   -[IDEScheme _executionOperationForSchemeOperationParameters:build:onlyBuild:buildParameters:title:buildLog:dontActuallyRunCommands:restorePersistedBuildResults:deviceAvailableChecker:error:actionCallbackBlock:] (in IDEFoundation)
  5   -[IDEScheme(TestSchemeAction) schemeTestActionOperationForSchemeOperationParameters:onlyBuild:buildLog:deviceAvailableChecker:buildParameters:shouldBuild:restorePersistedBuildResults:error:completionBlock:] (in IDEFoundation)
  6   -[IDEScheme buildAndActionTaskForSchemeOperationParameters:shouldBuild:onlyBuild:buildParameters:buildLog:deviceAvailableChecker:restorePersistedBuildResults:dontActuallyRunCommands:error:completionBlock:] (in IDEFoundation)
  7   -[IDEScheme schemeOperationForSchemeOperationParameters:buildLog:overridingProperties:overridingBuildConfiguration:dontActuallyRunCommands:restorePersistedBuildResults:deviceAvailableChecker:error:completionBlock:] (in IDEFoundation)
  8   -[IDEScheme schemeOperationForSchemeOperationParameters:buildLog:overridingProperties:overridingBuildConfiguration:dontActuallyRunCommands:restorePersistedBuildResults:error:completionBlock:] (in IDEFoundation)
  9   -[Xcode3CommandLineBuildTool(TestSchemeAction) buildForTestSchemeCommandWantsSkip:buildAction:isProjectBuild:title:buildLog:isMoreDestinationsPending:runDestinations:runDestination:schemeCommand:executionEnvironment:restorePersistedBuildResults:operationToEnqueue:error:] (in Xcode3Core)
 10   -[Xcode3CommandLineBuildTool doSchemeBuildWithRunDestinations:runDestinationIdx:wantsSkip:buildActionTimingSection:timingSection:buildAction:isMoreDesinationsPending:actionResultBlock:title:buildLog:executionEnvironment:restorePersistedBuildResults:operationToEnqueue:error:] (in Xcode3Core)
 11   -[Xcode3CommandLineBuildTool doBuildForBuildAction:timingSection:colorize:colorizeFailure:error:] (in Xcode3Core)
 12   -[Xcode3CommandLineBuildTool _buildWithTimingSection:] (in Xcode3Core)
 13   -[Xcode3CommandLineBuildTool run] (in Xcode3Core)
 14   XcodeBuildMain (in libxcodebuildLoader.dylib)
 15   -[XcodebuildPreIDEHandler loadXcode3ProjectSupportAndRunXcode3CommandLineBuildToolWithArguments:] (in xcodebuild)
 16   -[XcodebuildPreIDEHandler runWithArguments:] (in xcodebuild)
 17   main (in xcodebuild)
 18   start (in dyld)

<IDEBuildOperationGroup: 0x89fddb600; state = AReFc> created at:
  0   -[DVTOperation init] (in DVTFoundation)
  1   -[DVTOperationGroup init] (in DVTFoundation)
  2   -[IDEBuildOperationGroup initWithBuildOperations:otherOperations:buildLog:] (in IDEFoundation)
  3   -[IDEBuildOperationGroup initWithBuildOperations:buildLog:] (in IDEFoundation)
  4   -[IDEScheme _buildOperationGroupForSchemeOperationParameters:primaryBuildParameters:variantSpecifiers:buildLog:dontActuallyRunCommands:restorePersistedBuildResults:schemeActionRecord:error:] (in IDEFoundation)
  5   -[IDEScheme _executionOperationForSchemeOperationParameters:build:onlyBuild:buildParameters:title:buildLog:dontActuallyRunCommands:restorePersistedBuildResults:deviceAvailableChecker:error:actionCallbackBlock:] (in IDEFoundation)
  6   -[IDEScheme(TestSchemeAction) schemeTestActionOperationForSchemeOperationParameters:onlyBuild:buildLog:deviceAvailableChecker:buildParameters:shouldBuild:restorePersistedBuildResults:error:completionBlock:] (in IDEFoundation)
  7   -[IDEScheme buildAndActionTaskForSchemeOperationParameters:shouldBuild:onlyBuild:buildParameters:buildLog:deviceAvailableChecker:restorePersistedBuildResults:dontActuallyRunCommands:error:completionBlock:] (in IDEFoundation)
  8   -[IDEScheme schemeOperationForSchemeOperationParameters:buildLog:overridingProperties:overridingBuildConfiguration:dontActuallyRunCommands:restorePersistedBuildResults:deviceAvailableChecker:error:completionBlock:] (in IDEFoundation)
  9   -[IDEScheme schemeOperationForSchemeOperationParameters:buildLog:overridingProperties:overridingBuildConfiguration:dontActuallyRunCommands:restorePersistedBuildResults:error:completionBlock:] (in IDEFoundation)
 10   -[Xcode3CommandLineBuildTool(TestSchemeAction) buildForTestSchemeCommandWantsSkip:buildAction:isProjectBuild:title:buildLog:isMoreDestinationsPending:runDestinations:runDestination:schemeCommand:executionEnvironment:restorePersistedBuildResults:operationToEnqueue:error:] (in Xcode3Core)
 11   -[Xcode3CommandLineBuildTool doSchemeBuildWithRunDestinations:runDestinationIdx:wantsSkip:buildActionTimingSection:timingSection:buildAction:isMoreDesinationsPending:actionResultBlock:title:buildLog:executionEnvironment:restorePersistedBuildResults:operationToEnqueue:error:] (in Xcode3Core)
 12   -[Xcode3CommandLineBuildTool doBuildForBuildAction:timingSection:colorize:colorizeFailure:error:] (in Xcode3Core)
 13   -[Xcode3CommandLineBuildTool _buildWithTimingSection:] (in Xcode3Core)
 14   -[Xcode3CommandLineBuildTool run] (in Xcode3Core)
 15   XcodeBuildMain (in libxcodebuildLoader.dylib)
 16   -[XcodebuildPreIDEHandler loadXcode3ProjectSupportAndRunXcode3CommandLineBuildToolWithArguments:] (in xcodebuild)
 17   -[XcodebuildPreIDEHandler runWithArguments:] (in xcodebuild)
 18   main (in xcodebuild)
 19   start (in dyld)

<DVTOperationGroup: 0x89fddb300; state = AReFc> created at:
  0   -[DVTOperation init] (in DVTFoundation)
  1   -[DVTOperationGroup init] (in DVTFoundation)
  2   +[DVTOperationGroup operationGroupWithSuboperations:] (in DVTFoundation)
  3   -[IDEBuildOperationGroup initWithBuildOperations:otherOperations:buildLog:] (in IDEFoundation)
  4   -[IDEBuildOperationGroup initWithBuildOperations:buildLog:] (in IDEFoundation)
  5   -[IDEScheme _buildOperationGroupForSchemeOperationParameters:primaryBuildParameters:variantSpecifiers:buildLog:dontActuallyRunCommands:restorePersistedBuildResults:schemeActionRecord:error:] (in IDEFoundation)
  6   -[IDEScheme _executionOperationForSchemeOperationParameters:build:onlyBuild:buildParameters:title:buildLog:dontActuallyRunCommands:restorePersistedBuildResults:deviceAvailableChecker:error:actionCallbackBlock:] (in IDEFoundation)
  7   -[IDEScheme(TestSchemeAction) schemeTestActionOperationForSchemeOperationParameters:onlyBuild:buildLog:deviceAvailableChecker:buildParameters:shouldBuild:restorePersistedBuildResults:error:completionBlock:] (in IDEFoundation)
  8   -[IDEScheme buildAndActionTaskForSchemeOperationParameters:shouldBuild:onlyBuild:buildParameters:buildLog:deviceAvailableChecker:restorePersistedBuildResults:dontActuallyRunCommands:error:completionBlock:] (in IDEFoundation)
  9   -[IDEScheme schemeOperationForSchemeOperationParameters:buildLog:overridingProperties:overridingBuildConfiguration:dontActuallyRunCommands:restorePersistedBuildResults:deviceAvailableChecker:error:completionBlock:] (in IDEFoundation)
 10   -[IDEScheme schemeOperationForSchemeOperationParameters:buildLog:overridingProperties:overridingBuildConfiguration:dontActuallyRunCommands:restorePersistedBuildResults:error:completionBlock:] (in IDEFoundation)
 11   -[Xcode3CommandLineBuildTool(TestSchemeAction) buildForTestSchemeCommandWantsSkip:buildAction:isProjectBuild:title:buildLog:isMoreDestinationsPending:runDestinations:runDestination:schemeCommand:executionEnvironment:restorePersistedBuildResults:operationToEnqueue:error:] (in Xcode3Core)
 12   -[Xcode3CommandLineBuildTool doSchemeBuildWithRunDestinations:runDestinationIdx:wantsSkip:buildActionTimingSection:timingSection:buildAction:isMoreDesinationsPending:actionResultBlock:title:buildLog:executionEnvironment:restorePersistedBuildResults:operationToEnqueue:error:] (in Xcode3Core)
 13   -[Xcode3CommandLineBuildTool doBuildForBuildAction:timingSection:colorize:colorizeFailure:error:] (in Xcode3Core)
 14   -[Xcode3CommandLineBuildTool _buildWithTimingSection:] (in Xcode3Core)
 15   -[Xcode3CommandLineBuildTool run] (in Xcode3Core)
 16   XcodeBuildMain (in libxcodebuildLoader.dylib)
 17   -[XcodebuildPreIDEHandler loadXcode3ProjectSupportAndRunXcode3CommandLineBuildToolWithArguments:] (in xcodebuild)
 18   -[XcodebuildPreIDEHandler runWithArguments:] (in xcodebuild)
 19   main (in xcodebuild)
 20   start (in dyld)

<IDEXCBuildSupportCore.IDEXCBuildServiceBuildOperation:0x8a1defc00:AReFc> created at:
  0   -[DVTOperation init] (in DVTFoundation)
  1   -[IDEBuildOperation initWithConfiguration:] (in IDEFoundation)
  2   specialized IDEXCBuildServiceBuildOperation.init(configuration:) (in IDEXCBuildSupportCore)
  3   @objc IDEXCBuildServiceBuildOperation.init(configuration:) (in IDEXCBuildSupportCore)
  4   -[IDEScheme _buildOperationGroupForSchemeOperationParameters:primaryBuildParameters:variantSpecifiers:buildLog:dontActuallyRunCommands:restorePersistedBuildResults:schemeActionRecord:error:] (in IDEFoundation)
  5   -[IDEScheme _executionOperationForSchemeOperationParameters:build:onlyBuild:buildParameters:title:buildLog:dontActuallyRunCommands:restorePersistedBuildResults:deviceAvailableChecker:error:actionCallbackBlock:] (in IDEFoundation)
  6   -[IDEScheme(TestSchemeAction) schemeTestActionOperationForSchemeOperationParameters:onlyBuild:buildLog:deviceAvailableChecker:buildParameters:shouldBuild:restorePersistedBuildResults:error:completionBlock:] (in IDEFoundation)
  7   -[IDEScheme buildAndActionTaskForSchemeOperationParameters:shouldBuild:onlyBuild:buildParameters:buildLog:deviceAvailableChecker:restorePersistedBuildResults:dontActuallyRunCommands:error:completionBlock:] (in IDEFoundation)
  8   -[IDEScheme schemeOperationForSchemeOperationParameters:buildLog:overridingProperties:overridingBuildConfiguration:dontActuallyRunCommands:restorePersistedBuildResults:deviceAvailableChecker:error:completionBlock:] (in IDEFoundation)
  9   -[IDEScheme schemeOperationForSchemeOperationParameters:buildLog:overridingProperties:overridingBuildConfiguration:dontActuallyRunCommands:restorePersistedBuildResults:error:completionBlock:] (in IDEFoundation)
 10   -[Xcode3CommandLineBuildTool(TestSchemeAction) buildForTestSchemeCommandWantsSkip:buildAction:isProjectBuild:title:buildLog:isMoreDestinationsPending:runDestinations:runDestination:schemeCommand:executionEnvironment:restorePersistedBuildResults:operationToEnqueue:error:] (in Xcode3Core)
 11   -[Xcode3CommandLineBuildTool doSchemeBuildWithRunDestinations:runDestinationIdx:wantsSkip:buildActionTimingSection:timingSection:buildAction:isMoreDesinationsPending:actionResultBlock:title:buildLog:executionEnvironment:restorePersistedBuildResults:operationToEnqueue:error:] (in Xcode3Core)
 12   -[Xcode3CommandLineBuildTool doBuildForBuildAction:timingSection:colorize:colorizeFailure:error:] (in Xcode3Core)
 13   -[Xcode3CommandLineBuildTool _buildWithTimingSection:] (in Xcode3Core)
 14   -[Xcode3CommandLineBuildTool run] (in Xcode3Core)
 15   XcodeBuildMain (in libxcodebuildLoader.dylib)
 16   -[XcodebuildPreIDEHandler loadXcode3ProjectSupportAndRunXcode3CommandLineBuildToolWithArguments:] (in xcodebuild)
 17   -[XcodebuildPreIDEHandler runWithArguments:] (in xcodebuild)
 18   main (in xcodebuild)
 19   start (in dyld)

<DVTOperation: 0x89ff148c0; state = aReFc> created at:
  0   -[DVTOperation init] (in DVTFoundation)
  1   +[DVTOperation(DVTConveniences) operationWithBlock:] (in DVTFoundation)
  2   -[IDESchemeAction setUpActionDependenciesForCorePhaseOperation:shouldRunPostActionsBlock:prePhaseEnvironmentPopulationBlock:postPhaseEnvironmentPopulationBlock:handlePreActionsActivityLogSection:handlePostActionsActivityLogSection:buildParameters:schemeActionResultOperation:error:] (in IDEFoundation)
  3   -[IDEScheme _buildOperationGroupForSchemeOperationParameters:primaryBuildParameters:variantSpecifiers:buildLog:dontActuallyRunCommands:restorePersistedBuildResults:schemeActionRecord:error:] (in IDEFoundation)
  4   -[IDEScheme _executionOperationForSchemeOperationParameters:build:onlyBuild:buildParameters:title:buildLog:dontActuallyRunCommands:restorePersistedBuildResults:deviceAvailableChecker:error:actionCallbackBlock:] (in IDEFoundation)
  5   -[IDEScheme(TestSchemeAction) schemeTestActionOperationForSchemeOperationParameters:onlyBuild:buildLog:deviceAvailableChecker:buildParameters:shouldBuild:restorePersistedBuildResults:error:completionBlock:] (in IDEFoundation)
  6   -[IDEScheme buildAndActionTaskForSchemeOperationParameters:shouldBuild:onlyBuild:buildParameters:buildLog:deviceAvailableChecker:restorePersistedBuildResults:dontActuallyRunCommands:error:completionBlock:] (in IDEFoundation)
  7   -[IDEScheme schemeOperationForSchemeOperationParameters:buildLog:overridingProperties:overridingBuildConfiguration:dontActuallyRunCommands:restorePersistedBuildResults:deviceAvailableChecker:error:completionBlock:] (in IDEFoundation)
  8   -[IDEScheme schemeOperationForSchemeOperationParameters:buildLog:overridingProperties:overridingBuildConfiguration:dontActuallyRunCommands:restorePersistedBuildResults:error:completionBlock:] (in IDEFoundation)
  9   -[Xcode3CommandLineBuildTool(TestSchemeAction) buildForTestSchemeCommandWantsSkip:buildAction:isProjectBuild:title:buildLog:isMoreDestinationsPending:runDestinations:runDestination:schemeCommand:executionEnvironment:restorePersistedBuildResults:operationToEnqueue:error:] (in Xcode3Core)
 10   -[Xcode3CommandLineBuildTool doSchemeBuildWithRunDestinations:runDestinationIdx:wantsSkip:buildActionTimingSection:timingSection:buildAction:isMoreDesinationsPending:actionResultBlock:title:buildLog:executionEnvironment:restorePersistedBuildResults:operationToEnqueue:error:] (in Xcode3Core)
 11   -[Xcode3CommandLineBuildTool doBuildForBuildAction:timingSection:colorize:colorizeFailure:error:] (in Xcode3Core)
 12   -[Xcode3CommandLineBuildTool _buildWithTimingSection:] (in Xcode3Core)
 13   -[Xcode3CommandLineBuildTool run] (in Xcode3Core)
 14   XcodeBuildMain (in libxcodebuildLoader.dylib)
 15   -[XcodebuildPreIDEHandler loadXcode3ProjectSupportAndRunXcode3CommandLineBuildToolWithArguments:] (in xcodebuild)
 16   -[XcodebuildPreIDEHandler runWithArguments:] (in xcodebuild)
 17   main (in xcodebuild)
 18   start (in dyld)

<__DVTSwiftAsyncOperation: 0x89fddbc00; state = AReFc> created at:
  0   -[DVTOperation init] (in DVTFoundation)
  1   @objc DVTAsyncOperation.init() (in DVTFoundation)
  2   static DVTOperation.awaiting(_:) (in DVTFoundation)
  3   @objc static IDESchemeAction.operationToWaitForFinishedLoadingOperation(of:) (in IDEFoundation)
  4   -[IDESchemeAction _setUpOperationsForPackageLoadingInWorkspace:handlePreActionsActivityLogSection:isCleanOperation:] (in IDEFoundation)
  5   -[IDESchemeAction setUpActionDependenciesForCorePhaseOperation:shouldRunPostActionsBlock:prePhaseEnvironmentPopulationBlock:postPhaseEnvironmentPopulationBlock:handlePreActionsActivityLogSection:handlePostActionsActivityLogSection:buildParameters:schemeActionResultOperation:error:] (in IDEFoundation)
  6   -[IDEScheme _buildOperationGroupForSchemeOperationParameters:primaryBuildParameters:variantSpecifiers:buildLog:dontActuallyRunCommands:restorePersistedBuildResults:schemeActionRecord:error:] (in IDEFoundation)
  7   -[IDEScheme _executionOperationForSchemeOperationParameters:build:onlyBuild:buildParameters:title:buildLog:dontActuallyRunCommands:restorePersistedBuildResults:deviceAvailableChecker:error:actionCallbackBlock:] (in IDEFoundation)
  8   -[IDEScheme(TestSchemeAction) schemeTestActionOperationForSchemeOperationParameters:onlyBuild:buildLog:deviceAvailableChecker:buildParameters:shouldBuild:restorePersistedBuildResults:error:completionBlock:] (in IDEFoundation)
  9   -[IDEScheme buildAndActionTaskForSchemeOperationParameters:shouldBuild:onlyBuild:buildParameters:buildLog:deviceAvailableChecker:restorePersistedBuildResults:dontActuallyRunCommands:error:completionBlock:] (in IDEFoundation)
 10   -[IDEScheme schemeOperationForSchemeOperationParameters:buildLog:overridingProperties:overridingBuildConfiguration:dontActuallyRunCommands:restorePersistedBuildResults:deviceAvailableChecker:error:completionBlock:] (in IDEFoundation)
 11   -[IDEScheme schemeOperationForSchemeOperationParameters:buildLog:overridingProperties:overridingBuildConfiguration:dontActuallyRunCommands:restorePersistedBuildResults:error:completionBlock:] (in IDEFoundation)
 12   -[Xcode3CommandLineBuildTool(TestSchemeAction) buildForTestSchemeCommandWantsSkip:buildAction:isProjectBuild:title:buildLog:isMoreDestinationsPending:runDestinations:runDestination:schemeCommand:executionEnvironment:restorePersistedBuildResults:operationToEnqueue:error:] (in Xcode3Core)
 13   -[Xcode3CommandLineBuildTool doSchemeBuildWithRunDestinations:runDestinationIdx:wantsSkip:buildActionTimingSection:timingSection:buildAction:isMoreDesinationsPending:actionResultBlock:title:buildLog:executionEnvironment:restorePersistedBuildResults:operationToEnqueue:error:] (in Xcode3Core)
 14   -[Xcode3CommandLineBuildTool doBuildForBuildAction:timingSection:colorize:colorizeFailure:error:] (in Xcode3Core)
 15   -[Xcode3CommandLineBuildTool _buildWithTimingSection:] (in Xcode3Core)
 16   -[Xcode3CommandLineBuildTool run] (in Xcode3Core)
 17   XcodeBuildMain (in libxcodebuildLoader.dylib)
 18   -[XcodebuildPreIDEHandler loadXcode3ProjectSupportAndRunXcode3CommandLineBuildToolWithArguments:] (in xcodebuild)
 19   -[XcodebuildPreIDEHandler runWithArguments:] (in xcodebuild)
 20   main (in xcodebuild)
 21   start (in dyld)

<__DVTSwiftAsyncOperation: 0x89fddba80; state = AReFc> created at:
  0   -[DVTOperation init] (in DVTFoundation)
  1   @objc DVTAsyncOperation.init() (in DVTFoundation)
  2   @objc static DVTOperation.operationWithMainThreadBlock(_:) (in DVTFoundation)
  3   -[IDESchemeAction _setUpOperationsForPackageLoadingInWorkspace:handlePreActionsActivityLogSection:isCleanOperation:] (in IDEFoundation)
  4   -[IDESchemeAction setUpActionDependenciesForCorePhaseOperation:shouldRunPostActionsBlock:prePhaseEnvironmentPopulationBlock:postPhaseEnvironmentPopulationBlock:handlePreActionsActivityLogSection:handlePostActionsActivityLogSection:buildParameters:schemeActionResultOperation:error:] (in IDEFoundation)
  5   -[IDEScheme _buildOperationGroupForSchemeOperationParameters:primaryBuildParameters:variantSpecifiers:buildLog:dontActuallyRunCommands:restorePersistedBuildResults:schemeActionRecord:error:] (in IDEFoundation)
  6   -[IDEScheme _executionOperationForSchemeOperationParameters:build:onlyBuild:buildParameters:title:buildLog:dontActuallyRunCommands:restorePersistedBuildResults:deviceAvailableChecker:error:actionCallbackBlock:] (in IDEFoundation)
  7   -[IDEScheme(TestSchemeAction) schemeTestActionOperationForSchemeOperationParameters:onlyBuild:buildLog:deviceAvailableChecker:buildParameters:shouldBuild:restorePersistedBuildResults:error:completionBlock:] (in IDEFoundation)
  8   -[IDEScheme buildAndActionTaskForSchemeOperationParameters:shouldBuild:onlyBuild:buildParameters:buildLog:deviceAvailableChecker:restorePersistedBuildResults:dontActuallyRunCommands:error:completionBlock:] (in IDEFoundation)
  9   -[IDEScheme schemeOperationForSchemeOperationParameters:buildLog:overridingProperties:overridingBuildConfiguration:dontActuallyRunCommands:restorePersistedBuildResults:deviceAvailableChecker:error:completionBlock:] (in IDEFoundation)
 10   -[IDEScheme schemeOperationForSchemeOperationParameters:buildLog:overridingProperties:overridingBuildConfiguration:dontActuallyRunCommands:restorePersistedBuildResults:error:completionBlock:] (in IDEFoundation)
 11   -[Xcode3CommandLineBuildTool(TestSchemeAction) buildForTestSchemeCommandWantsSkip:buildAction:isProjectBuild:title:buildLog:isMoreDestinationsPending:runDestinations:runDestination:schemeCommand:executionEnvironment:restorePersistedBuildResults:operationToEnqueue:error:] (in Xcode3Core)
 12   -[Xcode3CommandLineBuildTool doSchemeBuildWithRunDestinations:runDestinationIdx:wantsSkip:buildActionTimingSection:timingSection:buildAction:isMoreDesinationsPending:actionResultBlock:title:buildLog:executionEnvironment:restorePersistedBuildResults:operationToEnqueue:error:] (in Xcode3Core)
 13   -[Xcode3CommandLineBuildTool doBuildForBuildAction:timingSection:colorize:colorizeFailure:error:] (in Xcode3Core)
 14   -[Xcode3CommandLineBuildTool _buildWithTimingSection:] (in Xcode3Core)
 15   -[Xcode3CommandLineBuildTool run] (in Xcode3Core)
 16   XcodeBuildMain (in libxcodebuildLoader.dylib)
 17   -[XcodebuildPreIDEHandler loadXcode3ProjectSupportAndRunXcode3CommandLineBuildToolWithArguments:] (in xcodebuild)
 18   -[XcodebuildPreIDEHandler runWithArguments:] (in xcodebuild)
 19   main (in xcodebuild)
 20   start (in dyld)

<__DVTSwiftAsyncOperation: 0x89fddbd80; state = AReFc> created at:
  0   -[DVTOperation init] (in DVTFoundation)
  1   @objc DVTAsyncOperation.init() (in DVTFoundation)
  2   @objc static DVTOperation.operationWithMainThreadBlock(_:) (in DVTFoundation)
  3   -[IDESchemeAction _setUpOperationsForPackageLoadingInWorkspace:handlePreActionsActivityLogSection:isCleanOperation:] (in IDEFoundation)
  4   -[IDESchemeAction setUpActionDependenciesForCorePhaseOperation:shouldRunPostActionsBlock:prePhaseEnvironmentPopulationBlock:postPhaseEnvironmentPopulationBlock:handlePreActionsActivityLogSection:handlePostActionsActivityLogSection:buildParameters:schemeActionResultOperation:error:] (in IDEFoundation)
  5   -[IDEScheme _buildOperationGroupForSchemeOperationParameters:primaryBuildParameters:variantSpecifiers:buildLog:dontActuallyRunCommands:restorePersistedBuildResults:schemeActionRecord:error:] (in IDEFoundation)
  6   -[IDEScheme _executionOperationForSchemeOperationParameters:build:onlyBuild:buildParameters:title:buildLog:dontActuallyRunCommands:restorePersistedBuildResults:deviceAvailableChecker:error:actionCallbackBlock:] (in IDEFoundation)
  7   -[IDEScheme(TestSchemeAction) schemeTestActionOperationForSchemeOperationParameters:onlyBuild:buildLog:deviceAvailableChecker:buildParameters:shouldBuild:restorePersistedBuildResults:error:completionBlock:] (in IDEFoundation)
  8   -[IDEScheme buildAndActionTaskForSchemeOperationParameters:shouldBuild:onlyBuild:buildParameters:buildLog:deviceAvailableChecker:restorePersistedBuildResults:dontActuallyRunCommands:error:completionBlock:] (in IDEFoundation)
  9   -[IDEScheme schemeOperationForSchemeOperationParameters:buildLog:overridingProperties:overridingBuildConfiguration:dontActuallyRunCommands:restorePersistedBuildResults:deviceAvailableChecker:error:completionBlock:] (in IDEFoundation)
 10   -[IDEScheme schemeOperationForSchemeOperationParameters:buildLog:overridingProperties:overridingBuildConfiguration:dontActuallyRunCommands:restorePersistedBuildResults:error:completionBlock:] (in IDEFoundation)
 11   -[Xcode3CommandLineBuildTool(TestSchemeAction) buildForTestSchemeCommandWantsSkip:buildAction:isProjectBuild:title:buildLog:isMoreDestinationsPending:runDestinations:runDestination:schemeCommand:executionEnvironment:restorePersistedBuildResults:operationToEnqueue:error:] (in Xcode3Core)
 12   -[Xcode3CommandLineBuildTool doSchemeBuildWithRunDestinations:runDestinationIdx:wantsSkip:buildActionTimingSection:timingSection:buildAction:isMoreDesinationsPending:actionResultBlock:title:buildLog:executionEnvironment:restorePersistedBuildResults:operationToEnqueue:error:] (in Xcode3Core)
 13   -[Xcode3CommandLineBuildTool doBuildForBuildAction:timingSection:colorize:colorizeFailure:error:] (in Xcode3Core)
 14   -[Xcode3CommandLineBuildTool _buildWithTimingSection:] (in Xcode3Core)
 15   -[Xcode3CommandLineBuildTool run] (in Xcode3Core)
 16   XcodeBuildMain (in libxcodebuildLoader.dylib)
 17   -[XcodebuildPreIDEHandler loadXcode3ProjectSupportAndRunXcode3CommandLineBuildToolWithArguments:] (in xcodebuild)
 18   -[XcodebuildPreIDEHandler runWithArguments:] (in xcodebuild)
 19   main (in xcodebuild)
 20   start (in dyld)

<DVTOperation: 0x89ff15400; state = aReFc> created at:
  0   -[DVTOperation init] (in DVTFoundation)
  1   +[DVTOperation(DVTConveniences) operationWithBlock:] (in DVTFoundation)
  2   -[IDESchemeAction setUpActionDependenciesForCorePhaseOperation:shouldRunPostActionsBlock:prePhaseEnvironmentPopulationBlock:postPhaseEnvironmentPopulationBlock:handlePreActionsActivityLogSection:handlePostActionsActivityLogSection:buildParameters:schemeActionResultOperation:error:] (in IDEFoundation)
  3   -[IDEScheme _buildOperationGroupForSchemeOperationParameters:primaryBuildParameters:variantSpecifiers:buildLog:dontActuallyRunCommands:restorePersistedBuildResults:schemeActionRecord:error:] (in IDEFoundation)
  4   -[IDEScheme _executionOperationForSchemeOperationParameters:build:onlyBuild:buildParameters:title:buildLog:dontActuallyRunCommands:restorePersistedBuildResults:deviceAvailableChecker:error:actionCallbackBlock:] (in IDEFoundation)
  5   -[IDEScheme(TestSchemeAction) schemeTestActionOperationForSchemeOperationParameters:onlyBuild:buildLog:deviceAvailableChecker:buildParameters:shouldBuild:restorePersistedBuildResults:error:completionBlock:] (in IDEFoundation)
  6   -[IDEScheme buildAndActionTaskForSchemeOperationParameters:shouldBuild:onlyBuild:buildParameters:buildLog:deviceAvailableChecker:restorePersistedBuildResults:dontActuallyRunCommands:error:completionBlock:] (in IDEFoundation)
  7   -[IDEScheme schemeOperationForSchemeOperationParameters:buildLog:overridingProperties:overridingBuildConfiguration:dontActuallyRunCommands:restorePersistedBuildResults:deviceAvailableChecker:error:completionBlock:] (in IDEFoundation)
  8   -[IDEScheme schemeOperationForSchemeOperationParameters:buildLog:overridingProperties:overridingBuildConfiguration:dontActuallyRunCommands:restorePersistedBuildResults:error:completionBlock:] (in IDEFoundation)
  9   -[Xcode3CommandLineBuildTool(TestSchemeAction) buildForTestSchemeCommandWantsSkip:buildAction:isProjectBuild:title:buildLog:isMoreDestinationsPending:runDestinations:runDestination:schemeCommand:executionEnvironment:restorePersistedBuildResults:operationToEnqueue:error:] (in Xcode3Core)
 10   -[Xcode3CommandLineBuildTool doSchemeBuildWithRunDestinations:runDestinationIdx:wantsSkip:buildActionTimingSection:timingSection:buildAction:isMoreDesinationsPending:actionResultBlock:title:buildLog:executionEnvironment:restorePersistedBuildResults:operationToEnqueue:error:] (in Xcode3Core)
 11   -[Xcode3CommandLineBuildTool doBuildForBuildAction:timingSection:colorize:colorizeFailure:error:] (in Xcode3Core)
 12   -[Xcode3CommandLineBuildTool _buildWithTimingSection:] (in Xcode3Core)
 13   -[Xcode3CommandLineBuildTool run] (in Xcode3Core)
 14   XcodeBuildMain (in libxcodebuildLoader.dylib)
 15   -[XcodebuildPreIDEHandler loadXcode3ProjectSupportAndRunXcode3CommandLineBuildToolWithArguments:] (in xcodebuild)
 16   -[XcodebuildPreIDEHandler runWithArguments:] (in xcodebuild)
 17   main (in xcodebuild)
 18   start (in dyld)

<DVTOperation: 0x89ff17700; state = aReFc> created at:
  0   -[DVTOperation init] (in DVTFoundation)
  1   +[DVTOperation(DVTConveniences) operationWithBlock:] (in DVTFoundation)
  2   -[IDESchemeAction setUpActionDependenciesForCorePhaseOperation:shouldRunPostActionsBlock:prePhaseEnvironmentPopulationBlock:postPhaseEnvironmentPopulationBlock:handlePreActionsActivityLogSection:handlePostActionsActivityLogSection:buildParameters:schemeActionResultOperation:error:] (in IDEFoundation)
  3   -[IDEScheme _buildOperationGroupForSchemeOperationParameters:primaryBuildParameters:variantSpecifiers:buildLog:dontActuallyRunCommands:restorePersistedBuildResults:schemeActionRecord:error:] (in IDEFoundation)
  4   -[IDEScheme _executionOperationForSchemeOperationParameters:build:onlyBuild:buildParameters:title:buildLog:dontActuallyRunCommands:restorePersistedBuildResults:deviceAvailableChecker:error:actionCallbackBlock:] (in IDEFoundation)
  5   -[IDEScheme(TestSchemeAction) schemeTestActionOperationForSchemeOperationParameters:onlyBuild:buildLog:deviceAvailableChecker:buildParameters:shouldBuild:restorePersistedBuildResults:error:completionBlock:] (in IDEFoundation)
  6   -[IDEScheme buildAndActionTaskForSchemeOperationParameters:shouldBuild:onlyBuild:buildParameters:buildLog:deviceAvailableChecker:restorePersistedBuildResults:dontActuallyRunCommands:error:completionBlock:] (in IDEFoundation)
  7   -[IDEScheme schemeOperationForSchemeOperationParameters:buildLog:overridingProperties:overridingBuildConfiguration:dontActuallyRunCommands:restorePersistedBuildResults:deviceAvailableChecker:error:completionBlock:] (in IDEFoundation)
  8   -[IDEScheme schemeOperationForSchemeOperationParameters:buildLog:overridingProperties:overridingBuildConfiguration:dontActuallyRunCommands:restorePersistedBuildResults:error:completionBlock:] (in IDEFoundation)
  9   -[Xcode3CommandLineBuildTool(TestSchemeAction) buildForTestSchemeCommandWantsSkip:buildAction:isProjectBuild:title:buildLog:isMoreDestinationsPending:runDestinations:runDestination:schemeCommand:executionEnvironment:restorePersistedBuildResults:operationToEnqueue:error:] (in Xcode3Core)
 10   -[Xcode3CommandLineBuildTool doSchemeBuildWithRunDestinations:runDestinationIdx:wantsSkip:buildActionTimingSection:timingSection:buildAction:isMoreDesinationsPending:actionResultBlock:title:buildLog:executionEnvironment:restorePersistedBuildResults:operationToEnqueue:error:] (in Xcode3Core)
 11   -[Xcode3CommandLineBuildTool doBuildForBuildAction:timingSection:colorize:colorizeFailure:error:] (in Xcode3Core)
 12   -[Xcode3CommandLineBuildTool _buildWithTimingSection:] (in Xcode3Core)
 13   -[Xcode3CommandLineBuildTool run] (in Xcode3Core)
 14   XcodeBuildMain (in libxcodebuildLoader.dylib)
 15   -[XcodebuildPreIDEHandler loadXcode3ProjectSupportAndRunXcode3CommandLineBuildToolWithArguments:] (in xcodebuild)
 16   -[XcodebuildPreIDEHandler runWithArguments:] (in xcodebuild)
 17   main (in xcodebuild)
 18   start (in dyld)

<__DVTSwiftAsyncOperation: 0x89fddb900; state = AReFc> created at:
  0   -[DVTOperation init] (in DVTFoundation)
  1   @objc DVTAsyncOperation.init() (in DVTFoundation)
  2   static DVTOperation.awaiting(_:) (in DVTFoundation)
  3   @objc static IDESchemeAction.operationToWaitForFinishedLoadingOperation(of:) (in IDEFoundation)
  4   -[IDESchemeAction setUpActionDependenciesForCorePhaseOperation:shouldRunPostActionsBlock:prePhaseEnvironmentPopulationBlock:postPhaseEnvironmentPopulationBlock:handlePreActionsActivityLogSection:handlePostActionsActivityLogSection:buildParameters:schemeActionResultOperation:error:] (in IDEFoundation)
  5   -[IDEScheme _buildOperationGroupForSchemeOperationParameters:primaryBuildParameters:variantSpecifiers:buildLog:dontActuallyRunCommands:restorePersistedBuildResults:schemeActionRecord:error:] (in IDEFoundation)
  6   -[IDEScheme _executionOperationForSchemeOperationParameters:build:onlyBuild:buildParameters:title:buildLog:dontActuallyRunCommands:restorePersistedBuildResults:deviceAvailableChecker:error:actionCallbackBlock:] (in IDEFoundation)
  7   -[IDEScheme(TestSchemeAction) schemeTestActionOperationForSchemeOperationParameters:onlyBuild:buildLog:deviceAvailableChecker:buildParameters:shouldBuild:restorePersistedBuildResults:error:completionBlock:] (in IDEFoundation)
  8   -[IDEScheme buildAndActionTaskForSchemeOperationParameters:shouldBuild:onlyBuild:buildParameters:buildLog:deviceAvailableChecker:restorePersistedBuildResults:dontActuallyRunCommands:error:completionBlock:] (in IDEFoundation)
  9   -[IDEScheme schemeOperationForSchemeOperationParameters:buildLog:overridingProperties:overridingBuildConfiguration:dontActuallyRunCommands:restorePersistedBuildResults:deviceAvailableChecker:error:completionBlock:] (in IDEFoundation)
 10   -[IDEScheme schemeOperationForSchemeOperationParameters:buildLog:overridingProperties:overridingBuildConfiguration:dontActuallyRunCommands:restorePersistedBuildResults:error:completionBlock:] (in IDEFoundation)
 11   -[Xcode3CommandLineBuildTool(TestSchemeAction) buildForTestSchemeCommandWantsSkip:buildAction:isProjectBuild:title:buildLog:isMoreDestinationsPending:runDestinations:runDestination:schemeCommand:executionEnvironment:restorePersistedBuildResults:operationToEnqueue:error:] (in Xcode3Core)
 12   -[Xcode3CommandLineBuildTool doSchemeBuildWithRunDestinations:runDestinationIdx:wantsSkip:buildActionTimingSection:timingSection:buildAction:isMoreDesinationsPending:actionResultBlock:title:buildLog:executionEnvironment:restorePersistedBuildResults:operationToEnqueue:error:] (in Xcode3Core)
 13   -[Xcode3CommandLineBuildTool doBuildForBuildAction:timingSection:colorize:colorizeFailure:error:] (in Xcode3Core)
 14   -[Xcode3CommandLineBuildTool _buildWithTimingSection:] (in Xcode3Core)
 15   -[Xcode3CommandLineBuildTool run] (in Xcode3Core)
 16   XcodeBuildMain (in libxcodebuildLoader.dylib)
 17   -[XcodebuildPreIDEHandler loadXcode3ProjectSupportAndRunXcode3CommandLineBuildToolWithArguments:] (in xcodebuild)
 18   -[XcodebuildPreIDEHandler runWithArguments:] (in xcodebuild)
 19   main (in xcodebuild)
 20   start (in dyld)

<DVTOperation: 0x89ff14280; state = aReFc> created at:
  0   -[DVTOperation init] (in DVTFoundation)
  1   +[DVTOperation(DVTConveniences) operationWithBlock:] (in DVTFoundation)
  2   -[IDESchemeAction setUpActionDependenciesForCorePhaseOperation:shouldRunPostActionsBlock:prePhaseEnvironmentPopulationBlock:postPhaseEnvironmentPopulationBlock:handlePreActionsActivityLogSection:handlePostActionsActivityLogSection:buildParameters:schemeActionResultOperation:error:] (in IDEFoundation)
  3   -[IDEScheme _buildOperationGroupForSchemeOperationParameters:primaryBuildParameters:variantSpecifiers:buildLog:dontActuallyRunCommands:restorePersistedBuildResults:schemeActionRecord:error:] (in IDEFoundation)
  4   -[IDEScheme _executionOperationForSchemeOperationParameters:build:onlyBuild:buildParameters:title:buildLog:dontActuallyRunCommands:restorePersistedBuildResults:deviceAvailableChecker:error:actionCallbackBlock:] (in IDEFoundation)
  5   -[IDEScheme(TestSchemeAction) schemeTestActionOperationForSchemeOperationParameters:onlyBuild:buildLog:deviceAvailableChecker:buildParameters:shouldBuild:restorePersistedBuildResults:error:completionBlock:] (in IDEFoundation)
  6   -[IDEScheme buildAndActionTaskForSchemeOperationParameters:shouldBuild:onlyBuild:buildParameters:buildLog:deviceAvailableChecker:restorePersistedBuildResults:dontActuallyRunCommands:error:completionBlock:] (in IDEFoundation)
  7   -[IDEScheme schemeOperationForSchemeOperationParameters:buildLog:overridingProperties:overridingBuildConfiguration:dontActuallyRunCommands:restorePersistedBuildResults:deviceAvailableChecker:error:completionBlock:] (in IDEFoundation)
  8   -[IDEScheme schemeOperationForSchemeOperationParameters:buildLog:overridingProperties:overridingBuildConfiguration:dontActuallyRunCommands:restorePersistedBuildResults:error:completionBlock:] (in IDEFoundation)
  9   -[Xcode3CommandLineBuildTool(TestSchemeAction) buildForTestSchemeCommandWantsSkip:buildAction:isProjectBuild:title:buildLog:isMoreDestinationsPending:runDestinations:runDestination:schemeCommand:executionEnvironment:restorePersistedBuildResults:operationToEnqueue:error:] (in Xcode3Core)
 10   -[Xcode3CommandLineBuildTool doSchemeBuildWithRunDestinations:runDestinationIdx:wantsSkip:buildActionTimingSection:timingSection:buildAction:isMoreDesinationsPending:actionResultBlock:title:buildLog:executionEnvironment:restorePersistedBuildResults:operationToEnqueue:error:] (in Xcode3Core)
 11   -[Xcode3CommandLineBuildTool doBuildForBuildAction:timingSection:colorize:colorizeFailure:error:] (in Xcode3Core)
 12   -[Xcode3CommandLineBuildTool _buildWithTimingSection:] (in Xcode3Core)
 13   -[Xcode3CommandLineBuildTool run] (in Xcode3Core)
 14   XcodeBuildMain (in libxcodebuildLoader.dylib)
 15   -[XcodebuildPreIDEHandler loadXcode3ProjectSupportAndRunXcode3CommandLineBuildToolWithArguments:] (in xcodebuild)
 16   -[XcodebuildPreIDEHandler runWithArguments:] (in xcodebuild)
 17   main (in xcodebuild)
 18   start (in dyld)

<DVTOperationGroup: 0x89fe7c000; state = AREfc> created at:
  0   -[DVTOperation init] (in DVTFoundation)
  1   -[DVTOperationGroup init] (in DVTFoundation)
  2   +[DVTOperationGroup operationGroupWithSuboperations:] (in DVTFoundation)
  3   -[IDETestSchemeAction testOperationWithSchemeOperationParameters:testManager:buildOperation:buildParameters:schemeCommand:actionRecord:testPlanRunSpecifications:deviceAvailableChecker:outError:actionCallbackBlock:] (in IDEFoundation)
  4   -[IDEScheme(TestSchemeAction) executionOperationForTestSchemeActionWithOperationParameters:command:buildOperationVariantSpecifiers:buildOperationGroup:schemeActionResult:buildParameters:shouldOnlyBuild:runDestination:orderedOperations:schemeActionRecord:deviceAvailableChecker:actionCallbackBlock:error:] (in IDEFoundation)
  5   -[IDEScheme _executionOperationForSchemeOperationParameters:build:onlyBuild:buildParameters:title:buildLog:dontActuallyRunCommands:restorePersistedBuildResults:deviceAvailableChecker:error:actionCallbackBlock:] (in IDEFoundation)
  6   -[IDEScheme(TestSchemeAction) schemeTestActionOperationForSchemeOperationParameters:onlyBuild:buildLog:deviceAvailableChecker:buildParameters:shouldBuild:restorePersistedBuildResults:error:completionBlock:] (in IDEFoundation)
  7   -[IDEScheme buildAndActionTaskForSchemeOperationParameters:shouldBuild:onlyBuild:buildParameters:buildLog:deviceAvailableChecker:restorePersistedBuildResults:dontActuallyRunCommands:error:completionBlock:] (in IDEFoundation)
  8   -[IDEScheme schemeOperationForSchemeOperationParameters:buildLog:overridingProperties:overridingBuildConfiguration:dontActuallyRunCommands:restorePersistedBuildResults:deviceAvailableChecker:error:completionBlock:] (in IDEFoundation)
  9   -[IDEScheme schemeOperationForSchemeOperationParameters:buildLog:overridingProperties:overridingBuildConfiguration:dontActuallyRunCommands:restorePersistedBuildResults:error:completionBlock:] (in IDEFoundation)
 10   -[Xcode3CommandLineBuildTool(TestSchemeAction) buildForTestSchemeCommandWantsSkip:buildAction:isProjectBuild:title:buildLog:isMoreDestinationsPending:runDestinations:runDestination:schemeCommand:executionEnvironment:restorePersistedBuildResults:operationToEnqueue:error:] (in Xcode3Core)
 11   -[Xcode3CommandLineBuildTool doSchemeBuildWithRunDestinations:runDestinationIdx:wantsSkip:buildActionTimingSection:timingSection:buildAction:isMoreDesinationsPending:actionResultBlock:title:buildLog:executionEnvironment:restorePersistedBuildResults:operationToEnqueue:error:] (in Xcode3Core)
 12   -[Xcode3CommandLineBuildTool doBuildForBuildAction:timingSection:colorize:colorizeFailure:error:] (in Xcode3Core)
 13   -[Xcode3CommandLineBuildTool _buildWithTimingSection:] (in Xcode3Core)
 14   -[Xcode3CommandLineBuildTool run] (in Xcode3Core)
 15   XcodeBuildMain (in libxcodebuildLoader.dylib)
 16   -[XcodebuildPreIDEHandler loadXcode3ProjectSupportAndRunXcode3CommandLineBuildToolWithArguments:] (in xcodebuild)
 17   -[XcodebuildPreIDEHandler runWithArguments:] (in xcodebuild)
 18   main (in xcodebuild)
 19   start (in dyld)

<DVTOperation: 0x89ff41b80; name = 'Remove Log If Needed', state = aReFc> created at:
  0   -[DVTOperation init] (in DVTFoundation)
  1   +[DVTOperation(DVTConveniences) operationWithBlock:] (in DVTFoundation)
  2   -[IDETestSchemeAction _removeLogIfNeededOperationWithLogStore:logRecord:buildOperation:] (in IDEFoundation)
  3   -[IDETestSchemeAction testOperationWithSchemeOperationParameters:testManager:buildOperation:buildParameters:schemeCommand:actionRecord:testPlanRunSpecifications:deviceAvailableChecker:outError:actionCallbackBlock:] (in IDEFoundation)
  4   -[IDEScheme(TestSchemeAction) executionOperationForTestSchemeActionWithOperationParameters:command:buildOperationVariantSpecifiers:buildOperationGroup:schemeActionResult:buildParameters:shouldOnlyBuild:runDestination:orderedOperations:schemeActionRecord:deviceAvailableChecker:actionCallbackBlock:error:] (in IDEFoundation)
  5   -[IDEScheme _executionOperationForSchemeOperationParameters:build:onlyBuild:buildParameters:title:buildLog:dontActuallyRunCommands:restorePersistedBuildResults:deviceAvailableChecker:error:actionCallbackBlock:] (in IDEFoundation)
  6   -[IDEScheme(TestSchemeAction) schemeTestActionOperationForSchemeOperationParameters:onlyBuild:buildLog:deviceAvailableChecker:buildParameters:shouldBuild:restorePersistedBuildResults:error:completionBlock:] (in IDEFoundation)
  7   -[IDEScheme buildAndActionTaskForSchemeOperationParameters:shouldBuild:onlyBuild:buildParameters:buildLog:deviceAvailableChecker:restorePersistedBuildResults:dontActuallyRunCommands:error:completionBlock:] (in IDEFoundation)
  8   -[IDEScheme schemeOperationForSchemeOperationParameters:buildLog:overridingProperties:overridingBuildConfiguration:dontActuallyRunCommands:restorePersistedBuildResults:deviceAvailableChecker:error:completionBlock:] (in IDEFoundation)
  9   -[IDEScheme schemeOperationForSchemeOperationParameters:buildLog:overridingProperties:overridingBuildConfiguration:dontActuallyRunCommands:restorePersistedBuildResults:error:completionBlock:] (in IDEFoundation)
 10   -[Xcode3CommandLineBuildTool(TestSchemeAction) buildForTestSchemeCommandWantsSkip:buildAction:isProjectBuild:title:buildLog:isMoreDestinationsPending:runDestinations:runDestination:schemeCommand:executionEnvironment:restorePersistedBuildResults:operationToEnqueue:error:] (in Xcode3Core)
 11   -[Xcode3CommandLineBuildTool doSchemeBuildWithRunDestinations:runDestinationIdx:wantsSkip:buildActionTimingSection:timingSection:buildAction:isMoreDesinationsPending:actionResultBlock:title:buildLog:executionEnvironment:restorePersistedBuildResults:operationToEnqueue:error:] (in Xcode3Core)
 12   -[Xcode3CommandLineBuildTool doBuildForBuildAction:timingSection:colorize:colorizeFailure:error:] (in Xcode3Core)
 13   -[Xcode3CommandLineBuildTool _buildWithTimingSection:] (in Xcode3Core)
 14   -[Xcode3CommandLineBuildTool run] (in Xcode3Core)
 15   XcodeBuildMain (in libxcodebuildLoader.dylib)
 16   -[XcodebuildPreIDEHandler loadXcode3ProjectSupportAndRunXcode3CommandLineBuildToolWithArguments:] (in xcodebuild)
 17   -[XcodebuildPreIDEHandler runWithArguments:] (in xcodebuild)
 18   main (in xcodebuild)
 19   start (in dyld)

<DVTOperationGroup: 0x89fece880; state = AREfc> created at:
  0   -[DVTOperation init] (in DVTFoundation)
  1   -[DVTOperationGroup init] (in DVTFoundation)
  2   +[DVTOperationGroup operationGroupWithSuboperations:] (in DVTFoundation)
  3   -[IDETestSchemeAction testOperationWithSchemeOperationParameters:testManager:buildOperation:buildParameters:schemeCommand:actionRecord:testPlanRunSpecifications:deviceAvailableChecker:outError:actionCallbackBlock:] (in IDEFoundation)
  4   -[IDEScheme(TestSchemeAction) executionOperationForTestSchemeActionWithOperationParameters:command:buildOperationVariantSpecifiers:buildOperationGroup:schemeActionResult:buildParameters:shouldOnlyBuild:runDestination:orderedOperations:schemeActionRecord:deviceAvailableChecker:actionCallbackBlock:error:] (in IDEFoundation)
  5   -[IDEScheme _executionOperationForSchemeOperationParameters:build:onlyBuild:buildParameters:title:buildLog:dontActuallyRunCommands:restorePersistedBuildResults:deviceAvailableChecker:error:actionCallbackBlock:] (in IDEFoundation)
  6   -[IDEScheme(TestSchemeAction) schemeTestActionOperationForSchemeOperationParameters:onlyBuild:buildLog:deviceAvailableChecker:buildParameters:shouldBuild:restorePersistedBuildResults:error:completionBlock:] (in IDEFoundation)
  7   -[IDEScheme buildAndActionTaskForSchemeOperationParameters:shouldBuild:onlyBuild:buildParameters:buildLog:deviceAvailableChecker:restorePersistedBuildResults:dontActuallyRunCommands:error:completionBlock:] (in IDEFoundation)
  8   -[IDEScheme schemeOperationForSchemeOperationParameters:buildLog:overridingProperties:overridingBuildConfiguration:dontActuallyRunCommands:restorePersistedBuildResults:deviceAvailableChecker:error:completionBlock:] (in IDEFoundation)
  9   -[IDEScheme schemeOperationForSchemeOperationParameters:buildLog:overridingProperties:overridingBuildConfiguration:dontActuallyRunCommands:restorePersistedBuildResults:error:completionBlock:] (in IDEFoundation)
 10   -[Xcode3CommandLineBuildTool(TestSchemeAction) buildForTestSchemeCommandWantsSkip:buildAction:isProjectBuild:title:buildLog:isMoreDestinationsPending:runDestinations:runDestination:schemeCommand:executionEnvironment:restorePersistedBuildResults:operationToEnqueue:error:] (in Xcode3Core)
 11   -[Xcode3CommandLineBuildTool doSchemeBuildWithRunDestinations:runDestinationIdx:wantsSkip:buildActionTimingSection:timingSection:buildAction:isMoreDesinationsPending:actionResultBlock:title:buildLog:executionEnvironment:restorePersistedBuildResults:operationToEnqueue:error:] (in Xcode3Core)
 12   -[Xcode3CommandLineBuildTool doBuildForBuildAction:timingSection:colorize:colorizeFailure:error:] (in Xcode3Core)
 13   -[Xcode3CommandLineBuildTool _buildWithTimingSection:] (in Xcode3Core)
 14   -[Xcode3CommandLineBuildTool run] (in Xcode3Core)
 15   XcodeBuildMain (in libxcodebuildLoader.dylib)
 16   -[XcodebuildPreIDEHandler loadXcode3ProjectSupportAndRunXcode3CommandLineBuildToolWithArguments:] (in xcodebuild)
 17   -[XcodebuildPreIDEHandler runWithArguments:] (in xcodebuild)
 18   main (in xcodebuild)
 19   start (in dyld)

<DVTOperationGroup: 0x89fecea00; state = AREfc> created at:
  0   -[DVTOperation init] (in DVTFoundation)
  1   -[DVTOperationGroup init] (in DVTFoundation)
  2   +[DVTOperationGroup operationGroupWithSuboperations:] (in DVTFoundation)
  3   -[IDETestSchemeAction testOperationWithSchemeOperationParameters:testManager:buildOperation:buildParameters:schemeCommand:actionRecord:testPlanRunSpecifications:deviceAvailableChecker:outError:actionCallbackBlock:] (in IDEFoundation)
  4   -[IDEScheme(TestSchemeAction) executionOperationForTestSchemeActionWithOperationParameters:command:buildOperationVariantSpecifiers:buildOperationGroup:schemeActionResult:buildParameters:shouldOnlyBuild:runDestination:orderedOperations:schemeActionRecord:deviceAvailableChecker:actionCallbackBlock:error:] (in IDEFoundation)
  5   -[IDEScheme _executionOperationForSchemeOperationParameters:build:onlyBuild:buildParameters:title:buildLog:dontActuallyRunCommands:restorePersistedBuildResults:deviceAvailableChecker:error:actionCallbackBlock:] (in IDEFoundation)
  6   -[IDEScheme(TestSchemeAction) schemeTestActionOperationForSchemeOperationParameters:onlyBuild:buildLog:deviceAvailableChecker:buildParameters:shouldBuild:restorePersistedBuildResults:error:completionBlock:] (in IDEFoundation)
  7   -[IDEScheme buildAndActionTaskForSchemeOperationParameters:shouldBuild:onlyBuild:buildParameters:buildLog:deviceAvailableChecker:restorePersistedBuildResults:dontActuallyRunCommands:error:completionBlock:] (in IDEFoundation)
  8   -[IDEScheme schemeOperationForSchemeOperationParameters:buildLog:overridingProperties:overridingBuildConfiguration:dontActuallyRunCommands:restorePersistedBuildResults:deviceAvailableChecker:error:completionBlock:] (in IDEFoundation)
  9   -[IDEScheme schemeOperationForSchemeOperationParameters:buildLog:overridingProperties:overridingBuildConfiguration:dontActuallyRunCommands:restorePersistedBuildResults:error:completionBlock:] (in IDEFoundation)
 10   -[Xcode3CommandLineBuildTool(TestSchemeAction) buildForTestSchemeCommandWantsSkip:buildAction:isProjectBuild:title:buildLog:isMoreDestinationsPending:runDestinations:runDestination:schemeCommand:executionEnvironment:restorePersistedBuildResults:operationToEnqueue:error:] (in Xcode3Core)
 11   -[Xcode3CommandLineBuildTool doSchemeBuildWithRunDestinations:runDestinationIdx:wantsSkip:buildActionTimingSection:timingSection:buildAction:isMoreDesinationsPending:actionResultBlock:title:buildLog:executionEnvironment:restorePersistedBuildResults:operationToEnqueue:error:] (in Xcode3Core)
 12   -[Xcode3CommandLineBuildTool doBuildForBuildAction:timingSection:colorize:colorizeFailure:error:] (in Xcode3Core)
 13   -[Xcode3CommandLineBuildTool _buildWithTimingSection:] (in Xcode3Core)
 14   -[Xcode3CommandLineBuildTool run] (in Xcode3Core)
 15   XcodeBuildMain (in libxcodebuildLoader.dylib)
 16   -[XcodebuildPreIDEHandler loadXcode3ProjectSupportAndRunXcode3CommandLineBuildToolWithArguments:] (in xcodebuild)
 17   -[XcodebuildPreIDEHandler runWithArguments:] (in xcodebuild)
 18   main (in xcodebuild)
 19   start (in dyld)

<DVTOperationGroup: 0x89fe63d80; state = AREfc> created at:
  0   -[DVTOperation init] (in DVTFoundation)
  1   -[DVTOperationGroup init] (in DVTFoundation)
  2   +[DVTOperationGroup operationGroupWithSuboperations:] (in DVTFoundation)
  3   -[IDETestSchemeAction testOperationWithSchemeOperationParameters:testManager:buildOperation:buildParameters:schemeCommand:actionRecord:testPlanRunSpecifications:deviceAvailableChecker:outError:actionCallbackBlock:] (in IDEFoundation)
  4   -[IDEScheme(TestSchemeAction) executionOperationForTestSchemeActionWithOperationParameters:command:buildOperationVariantSpecifiers:buildOperationGroup:schemeActionResult:buildParameters:shouldOnlyBuild:runDestination:orderedOperations:schemeActionRecord:deviceAvailableChecker:actionCallbackBlock:error:] (in IDEFoundation)
  5   -[IDEScheme _executionOperationForSchemeOperationParameters:build:onlyBuild:buildParameters:title:buildLog:dontActuallyRunCommands:restorePersistedBuildResults:deviceAvailableChecker:error:actionCallbackBlock:] (in IDEFoundation)
  6   -[IDEScheme(TestSchemeAction) schemeTestActionOperationForSchemeOperationParameters:onlyBuild:buildLog:deviceAvailableChecker:buildParameters:shouldBuild:restorePersistedBuildResults:error:completionBlock:] (in IDEFoundation)
  7   -[IDEScheme buildAndActionTaskForSchemeOperationParameters:shouldBuild:onlyBuild:buildParameters:buildLog:deviceAvailableChecker:restorePersistedBuildResults:dontActuallyRunCommands:error:completionBlock:] (in IDEFoundation)
  8   -[IDEScheme schemeOperationForSchemeOperationParameters:buildLog:overridingProperties:overridingBuildConfiguration:dontActuallyRunCommands:restorePersistedBuildResults:deviceAvailableChecker:error:completionBlock:] (in IDEFoundation)
  9   -[IDEScheme schemeOperationForSchemeOperationParameters:buildLog:overridingProperties:overridingBuildConfiguration:dontActuallyRunCommands:restorePersistedBuildResults:error:completionBlock:] (in IDEFoundation)
 10   -[Xcode3CommandLineBuildTool(TestSchemeAction) buildForTestSchemeCommandWantsSkip:buildAction:isProjectBuild:title:buildLog:isMoreDestinationsPending:runDestinations:runDestination:schemeCommand:executionEnvironment:restorePersistedBuildResults:operationToEnqueue:error:] (in Xcode3Core)
 11   -[Xcode3CommandLineBuildTool doSchemeBuildWithRunDestinations:runDestinationIdx:wantsSkip:buildActionTimingSection:timingSection:buildAction:isMoreDesinationsPending:actionResultBlock:title:buildLog:executionEnvironment:restorePersistedBuildResults:operationToEnqueue:error:] (in Xcode3Core)
 12   -[Xcode3CommandLineBuildTool doBuildForBuildAction:timingSection:colorize:colorizeFailure:error:] (in Xcode3Core)
 13   -[Xcode3CommandLineBuildTool _buildWithTimingSection:] (in Xcode3Core)
 14   -[Xcode3CommandLineBuildTool run] (in Xcode3Core)
 15   XcodeBuildMain (in libxcodebuildLoader.dylib)
 16   -[XcodebuildPreIDEHandler loadXcode3ProjectSupportAndRunXcode3CommandLineBuildToolWithArguments:] (in xcodebuild)
 17   -[XcodebuildPreIDEHandler runWithArguments:] (in xcodebuild)
 18   main (in xcodebuild)
 19   start (in dyld)

<DVTOperation: 0x89ff41040; state = aReFc> created at:
  0   -[DVTOperation init] (in DVTFoundation)
  1   +[DVTOperation(DVTConveniences) operationWithBlock:] (in DVTFoundation)
  2   -[IDESchemeAction setUpActionDependenciesForCorePhaseOperation:shouldRunPostActionsBlock:prePhaseEnvironmentPopulationBlock:postPhaseEnvironmentPopulationBlock:handlePreActionsActivityLogSection:handlePostActionsActivityLogSection:buildParameters:schemeActionResultOperation:error:] (in IDEFoundation)
  3   -[IDETestSchemeAction testOperationWithSchemeOperationParameters:testManager:buildOperation:buildParameters:schemeCommand:actionRecord:testPlanRunSpecifications:deviceAvailableChecker:outError:actionCallbackBlock:] (in IDEFoundation)
  4   -[IDEScheme(TestSchemeAction) executionOperationForTestSchemeActionWithOperationParameters:command:buildOperationVariantSpecifiers:buildOperationGroup:schemeActionResult:buildParameters:shouldOnlyBuild:runDestination:orderedOperations:schemeActionRecord:deviceAvailableChecker:actionCallbackBlock:error:] (in IDEFoundation)
  5   -[IDEScheme _executionOperationForSchemeOperationParameters:build:onlyBuild:buildParameters:title:buildLog:dontActuallyRunCommands:restorePersistedBuildResults:deviceAvailableChecker:error:actionCallbackBlock:] (in IDEFoundation)
  6   -[IDEScheme(TestSchemeAction) schemeTestActionOperationForSchemeOperationParameters:onlyBuild:buildLog:deviceAvailableChecker:buildParameters:shouldBuild:restorePersistedBuildResults:error:completionBlock:] (in IDEFoundation)
  7   -[IDEScheme buildAndActionTaskForSchemeOperationParameters:shouldBuild:onlyBuild:buildParameters:buildLog:deviceAvailableChecker:restorePersistedBuildResults:dontActuallyRunCommands:error:completionBlock:] (in IDEFoundation)
  8   -[IDEScheme schemeOperationForSchemeOperationParameters:buildLog:overridingProperties:overridingBuildConfiguration:dontActuallyRunCommands:restorePersistedBuildResults:deviceAvailableChecker:error:completionBlock:] (in IDEFoundation)
  9   -[IDEScheme schemeOperationForSchemeOperationParameters:buildLog:overridingProperties:overridingBuildConfiguration:dontActuallyRunCommands:restorePersistedBuildResults:error:completionBlock:] (in IDEFoundation)
 10   -[Xcode3CommandLineBuildTool(TestSchemeAction) buildForTestSchemeCommandWantsSkip:buildAction:isProjectBuild:title:buildLog:isMoreDestinationsPending:runDestinations:runDestination:schemeCommand:executionEnvironment:restorePersistedBuildResults:operationToEnqueue:error:] (in Xcode3Core)
 11   -[Xcode3CommandLineBuildTool doSchemeBuildWithRunDestinations:runDestinationIdx:wantsSkip:buildActionTimingSection:timingSection:buildAction:isMoreDesinationsPending:actionResultBlock:title:buildLog:executionEnvironment:restorePersistedBuildResults:operationToEnqueue:error:] (in Xcode3Core)
 12   -[Xcode3CommandLineBuildTool doBuildForBuildAction:timingSection:colorize:colorizeFailure:error:] (in Xcode3Core)
 13   -[Xcode3CommandLineBuildTool _buildWithTimingSection:] (in Xcode3Core)
 14   -[Xcode3CommandLineBuildTool run] (in Xcode3Core)
 15   XcodeBuildMain (in libxcodebuildLoader.dylib)
 16   -[XcodebuildPreIDEHandler loadXcode3ProjectSupportAndRunXcode3CommandLineBuildToolWithArguments:] (in xcodebuild)
 17   -[XcodebuildPreIDEHandler runWithArguments:] (in xcodebuild)
 18   main (in xcodebuild)
 19   start (in dyld)

<IDESchemeActionResultOperation: 0x89fe63300; state = Arefc> created at:
  0   -[DVTOperation init] (in DVTFoundation)
  1   +[IDESchemeActionResultOperation schemeActionResultOperationWithSchemeActionRecord:trackingExecutionOfOperation:actionCallbackBlock:schemeActionResultComputationBlock:] (in IDEFoundation)
  2   -[IDETestRunSession testOperationForTestRunSpecificationGroups:executionEnvironment:invocationRecord:actionRecord:schemeIdentifier:outSchemeActionResultOperation:launchParametersBlock:actionCallbackBlock:error:] (in IDEFoundation)
  3   -[IDETestManager testOperationForTestRunSpecificationGroups:executionEnvironment:runDestinationPool:invocationRecord:actionRecord:schemeIdentifier:outSchemeActionResultOperation:launchParametersBlock:actionCallbackBlock:error:] (in IDEFoundation)
  4   -[IDETestSchemeAction testOperationWithSchemeOperationParameters:testManager:buildOperation:buildParameters:schemeCommand:actionRecord:testPlanRunSpecifications:deviceAvailableChecker:outError:actionCallbackBlock:] (in IDEFoundation)
  5   -[IDEScheme(TestSchemeAction) executionOperationForTestSchemeActionWithOperationParameters:command:buildOperationVariantSpecifiers:buildOperationGroup:schemeActionResult:buildParameters:shouldOnlyBuild:runDestination:orderedOperations:schemeActionRecord:deviceAvailableChecker:actionCallbackBlock:error:] (in IDEFoundation)
  6   -[IDEScheme _executionOperationForSchemeOperationParameters:build:onlyBuild:buildParameters:title:buildLog:dontActuallyRunCommands:restorePersistedBuildResults:deviceAvailableChecker:error:actionCallbackBlock:] (in IDEFoundation)
  7   -[IDEScheme(TestSchemeAction) schemeTestActionOperationForSchemeOperationParameters:onlyBuild:buildLog:deviceAvailableChecker:buildParameters:shouldBuild:restorePersistedBuildResults:error:completionBlock:] (in IDEFoundation)
  8   -[IDEScheme buildAndActionTaskForSchemeOperationParameters:shouldBuild:onlyBuild:buildParameters:buildLog:deviceAvailableChecker:restorePersistedBuildResults:dontActuallyRunCommands:error:completionBlock:] (in IDEFoundation)
  9   -[IDEScheme schemeOperationForSchemeOperationParameters:buildLog:overridingProperties:overridingBuildConfiguration:dontActuallyRunCommands:restorePersistedBuildResults:deviceAvailableChecker:error:completionBlock:] (in IDEFoundation)
 10   -[IDEScheme schemeOperationForSchemeOperationParameters:buildLog:overridingProperties:overridingBuildConfiguration:dontActuallyRunCommands:restorePersistedBuildResults:error:completionBlock:] (in IDEFoundation)
 11   -[Xcode3CommandLineBuildTool(TestSchemeAction) buildForTestSchemeCommandWantsSkip:buildAction:isProjectBuild:title:buildLog:isMoreDestinationsPending:runDestinations:runDestination:schemeCommand:executionEnvironment:restorePersistedBuildResults:operationToEnqueue:error:] (in Xcode3Core)
 12   -[Xcode3CommandLineBuildTool doSchemeBuildWithRunDestinations:runDestinationIdx:wantsSkip:buildActionTimingSection:timingSection:buildAction:isMoreDesinationsPending:actionResultBlock:title:buildLog:executionEnvironment:restorePersistedBuildResults:operationToEnqueue:error:] (in Xcode3Core)
 13   -[Xcode3CommandLineBuildTool doBuildForBuildAction:timingSection:colorize:colorizeFailure:error:] (in Xcode3Core)
 14   -[Xcode3CommandLineBuildTool _buildWithTimingSection:] (in Xcode3Core)
 15   -[Xcode3CommandLineBuildTool run] (in Xcode3Core)
 16   XcodeBuildMain (in libxcodebuildLoader.dylib)
 17   -[XcodebuildPreIDEHandler loadXcode3ProjectSupportAndRunXcode3CommandLineBuildToolWithArguments:] (in xcodebuild)
 18   -[XcodebuildPreIDEHandler runWithArguments:] (in xcodebuild)
 19   main (in xcodebuild)
 20   start (in dyld)

<__DVTSwiftAsyncOperation: 0x89fe63900; state = AReFc> created at:
  0   -[DVTOperation init] (in DVTFoundation)
  1   @objc DVTAsyncOperation.init() (in DVTFoundation)
  2   static DVTOperation.awaiting(_:) (in DVTFoundation)
  3   @objc static IDESchemeAction.operationToWaitForFinishedLoadingOperation(of:) (in IDEFoundation)
  4   -[IDESchemeAction setUpActionDependenciesForCorePhaseOperation:shouldRunPostActionsBlock:prePhaseEnvironmentPopulationBlock:postPhaseEnvironmentPopulationBlock:handlePreActionsActivityLogSection:handlePostActionsActivityLogSection:buildParameters:schemeActionResultOperation:error:] (in IDEFoundation)
  5   -[IDETestSchemeAction testOperationWithSchemeOperationParameters:testManager:buildOperation:buildParameters:schemeCommand:actionRecord:testPlanRunSpecifications:deviceAvailableChecker:outError:actionCallbackBlock:] (in IDEFoundation)
  6   -[IDEScheme(TestSchemeAction) executionOperationForTestSchemeActionWithOperationParameters:command:buildOperationVariantSpecifiers:buildOperationGroup:schemeActionResult:buildParameters:shouldOnlyBuild:runDestination:orderedOperations:schemeActionRecord:deviceAvailableChecker:actionCallbackBlock:error:] (in IDEFoundation)
  7   -[IDEScheme _executionOperationForSchemeOperationParameters:build:onlyBuild:buildParameters:title:buildLog:dontActuallyRunCommands:restorePersistedBuildResults:deviceAvailableChecker:error:actionCallbackBlock:] (in IDEFoundation)
  8   -[IDEScheme(TestSchemeAction) schemeTestActionOperationForSchemeOperationParameters:onlyBuild:buildLog:deviceAvailableChecker:buildParameters:shouldBuild:restorePersistedBuildResults:error:completionBlock:] (in IDEFoundation)
  9   -[IDEScheme buildAndActionTaskForSchemeOperationParameters:shouldBuild:onlyBuild:buildParameters:buildLog:deviceAvailableChecker:restorePersistedBuildResults:dontActuallyRunCommands:error:completionBlock:] (in IDEFoundation)
 10   -[IDEScheme schemeOperationForSchemeOperationParameters:buildLog:overridingProperties:overridingBuildConfiguration:dontActuallyRunCommands:restorePersistedBuildResults:deviceAvailableChecker:error:completionBlock:] (in IDEFoundation)
 11   -[IDEScheme schemeOperationForSchemeOperationParameters:buildLog:overridingProperties:overridingBuildConfiguration:dontActuallyRunCommands:restorePersistedBuildResults:error:completionBlock:] (in IDEFoundation)
 12   -[Xcode3CommandLineBuildTool(TestSchemeAction) buildForTestSchemeCommandWantsSkip:buildAction:isProjectBuild:title:buildLog:isMoreDestinationsPending:runDestinations:runDestination:schemeCommand:executionEnvironment:restorePersistedBuildResults:operationToEnqueue:error:] (in Xcode3Core)
 13   -[Xcode3CommandLineBuildTool doSchemeBuildWithRunDestinations:runDestinationIdx:wantsSkip:buildActionTimingSection:timingSection:buildAction:isMoreDesinationsPending:actionResultBlock:title:buildLog:executionEnvironment:restorePersistedBuildResults:operationToEnqueue:error:] (in Xcode3Core)
 14   -[Xcode3CommandLineBuildTool doBuildForBuildAction:timingSection:colorize:colorizeFailure:error:] (in Xcode3Core)
 15   -[Xcode3CommandLineBuildTool _buildWithTimingSection:] (in Xcode3Core)
 16   -[Xcode3CommandLineBuildTool run] (in Xcode3Core)
 17   XcodeBuildMain (in libxcodebuildLoader.dylib)
 18   -[XcodebuildPreIDEHandler loadXcode3ProjectSupportAndRunXcode3CommandLineBuildToolWithArguments:] (in xcodebuild)
 19   -[XcodebuildPreIDEHandler runWithArguments:] (in xcodebuild)
 20   main (in xcodebuild)
 21   start (in dyld)

<__DVTSwiftAsyncOperation: 0x89fe63c00; state = AReFc> created at:
  0   -[DVTOperation init] (in DVTFoundation)
  1   @objc DVTAsyncOperation.init() (in DVTFoundation)
  2   @objc static DVTOperation.operationWithMainThreadBlock(_:) (in DVTFoundation)
  3   -[IDESchemeAction _setUpOperationsForPackageLoadingInWorkspace:handlePreActionsActivityLogSection:isCleanOperation:] (in IDEFoundation)
  4   -[IDESchemeAction setUpActionDependenciesForCorePhaseOperation:shouldRunPostActionsBlock:prePhaseEnvironmentPopulationBlock:postPhaseEnvironmentPopulationBlock:handlePreActionsActivityLogSection:handlePostActionsActivityLogSection:buildParameters:schemeActionResultOperation:error:] (in IDEFoundation)
  5   -[IDETestSchemeAction testOperationWithSchemeOperationParameters:testManager:buildOperation:buildParameters:schemeCommand:actionRecord:testPlanRunSpecifications:deviceAvailableChecker:outError:actionCallbackBlock:] (in IDEFoundation)
  6   -[IDEScheme(TestSchemeAction) executionOperationForTestSchemeActionWithOperationParameters:command:buildOperationVariantSpecifiers:buildOperationGroup:schemeActionResult:buildParameters:shouldOnlyBuild:runDestination:orderedOperations:schemeActionRecord:deviceAvailableChecker:actionCallbackBlock:error:] (in IDEFoundation)
  7   -[IDEScheme _executionOperationForSchemeOperationParameters:build:onlyBuild:buildParameters:title:buildLog:dontActuallyRunCommands:restorePersistedBuildResults:deviceAvailableChecker:error:actionCallbackBlock:] (in IDEFoundation)
  8   -[IDEScheme(TestSchemeAction) schemeTestActionOperationForSchemeOperationParameters:onlyBuild:buildLog:deviceAvailableChecker:buildParameters:shouldBuild:restorePersistedBuildResults:error:completionBlock:] (in IDEFoundation)
  9   -[IDEScheme buildAndActionTaskForSchemeOperationParameters:shouldBuild:onlyBuild:buildParameters:buildLog:deviceAvailableChecker:restorePersistedBuildResults:dontActuallyRunCommands:error:completionBlock:] (in IDEFoundation)
 10   -[IDEScheme schemeOperationForSchemeOperationParameters:buildLog:overridingProperties:overridingBuildConfiguration:dontActuallyRunCommands:restorePersistedBuildResults:deviceAvailableChecker:error:completionBlock:] (in IDEFoundation)
 11   -[IDEScheme schemeOperationForSchemeOperationParameters:buildLog:overridingProperties:overridingBuildConfiguration:dontActuallyRunCommands:restorePersistedBuildResults:error:completionBlock:] (in IDEFoundation)
 12   -[Xcode3CommandLineBuildTool(TestSchemeAction) buildForTestSchemeCommandWantsSkip:buildAction:isProjectBuild:title:buildLog:isMoreDestinationsPending:runDestinations:runDestination:schemeCommand:executionEnvironment:restorePersistedBuildResults:operationToEnqueue:error:] (in Xcode3Core)
 13   -[Xcode3CommandLineBuildTool doSchemeBuildWithRunDestinations:runDestinationIdx:wantsSkip:buildActionTimingSection:timingSection:buildAction:isMoreDesinationsPending:actionResultBlock:title:buildLog:executionEnvironment:restorePersistedBuildResults:operationToEnqueue:error:] (in Xcode3Core)
 14   -[Xcode3CommandLineBuildTool doBuildForBuildAction:timingSection:colorize:colorizeFailure:error:] (in Xcode3Core)
 15   -[Xcode3CommandLineBuildTool _buildWithTimingSection:] (in Xcode3Core)
 16   -[Xcode3CommandLineBuildTool run] (in Xcode3Core)
 17   XcodeBuildMain (in libxcodebuildLoader.dylib)
 18   -[XcodebuildPreIDEHandler loadXcode3ProjectSupportAndRunXcode3CommandLineBuildToolWithArguments:] (in xcodebuild)
 19   -[XcodebuildPreIDEHandler runWithArguments:] (in xcodebuild)
 20   main (in xcodebuild)
 21   start (in dyld)

<DVTOperation: 0x89ff412c0; state = arefc> created at:
  0   -[DVTOperation init] (in DVTFoundation)
  1   +[DVTOperation(DVTConveniences) operationWithBlock:] (in DVTFoundation)
  2   -[IDESchemeAction setUpActionDependenciesForCorePhaseOperation:shouldRunPostActionsBlock:prePhaseEnvironmentPopulationBlock:postPhaseEnvironmentPopulationBlock:handlePreActionsActivityLogSection:handlePostActionsActivityLogSection:buildParameters:schemeActionResultOperation:error:] (in IDEFoundation)
  3   -[IDETestSchemeAction testOperationWithSchemeOperationParameters:testManager:buildOperation:buildParameters:schemeCommand:actionRecord:testPlanRunSpecifications:deviceAvailableChecker:outError:actionCallbackBlock:] (in IDEFoundation)
  4   -[IDEScheme(TestSchemeAction) executionOperationForTestSchemeActionWithOperationParameters:command:buildOperationVariantSpecifiers:buildOperationGroup:schemeActionResult:buildParameters:shouldOnlyBuild:runDestination:orderedOperations:schemeActionRecord:deviceAvailableChecker:actionCallbackBlock:error:] (in IDEFoundation)
  5   -[IDEScheme _executionOperationForSchemeOperationParameters:build:onlyBuild:buildParameters:title:buildLog:dontActuallyRunCommands:restorePersistedBuildResults:deviceAvailableChecker:error:actionCallbackBlock:] (in IDEFoundation)
  6   -[IDEScheme(TestSchemeAction) schemeTestActionOperationForSchemeOperationParameters:onlyBuild:buildLog:deviceAvailableChecker:buildParameters:shouldBuild:restorePersistedBuildResults:error:completionBlock:] (in IDEFoundation)
  7   -[IDEScheme buildAndActionTaskForSchemeOperationParameters:shouldBuild:onlyBuild:buildParameters:buildLog:deviceAvailableChecker:restorePersistedBuildResults:dontActuallyRunCommands:error:completionBlock:] (in IDEFoundation)
  8   -[IDEScheme schemeOperationForSchemeOperationParameters:buildLog:overridingProperties:overridingBuildConfiguration:dontActuallyRunCommands:restorePersistedBuildResults:deviceAvailableChecker:error:completionBlock:] (in IDEFoundation)
  9   -[IDEScheme schemeOperationForSchemeOperationParameters:buildLog:overridingProperties:overridingBuildConfiguration:dontActuallyRunCommands:restorePersistedBuildResults:error:completionBlock:] (in IDEFoundation)
 10   -[Xcode3CommandLineBuildTool(TestSchemeAction) buildForTestSchemeCommandWantsSkip:buildAction:isProjectBuild:title:buildLog:isMoreDestinationsPending:runDestinations:runDestination:schemeCommand:executionEnvironment:restorePersistedBuildResults:operationToEnqueue:error:] (in Xcode3Core)
 11   -[Xcode3CommandLineBuildTool doSchemeBuildWithRunDestinations:runDestinationIdx:wantsSkip:buildActionTimingSection:timingSection:buildAction:isMoreDesinationsPending:actionResultBlock:title:buildLog:executionEnvironment:restorePersistedBuildResults:operationToEnqueue:error:] (in Xcode3Core)
 12   -[Xcode3CommandLineBuildTool doBuildForBuildAction:timingSection:colorize:colorizeFailure:error:] (in Xcode3Core)
 13   -[Xcode3CommandLineBuildTool _buildWithTimingSection:] (in Xcode3Core)
 14   -[Xcode3CommandLineBuildTool run] (in Xcode3Core)
 15   XcodeBuildMain (in libxcodebuildLoader.dylib)
 16   -[XcodebuildPreIDEHandler loadXcode3ProjectSupportAndRunXcode3CommandLineBuildToolWithArguments:] (in xcodebuild)
 17   -[XcodebuildPreIDEHandler runWithArguments:] (in xcodebuild)
 18   main (in xcodebuild)
 19   start (in dyld)

<DVTOperationGroup: 0x89fe63180; state = AREf!c> created at:
  0   -[DVTOperation init] (in DVTFoundation)
  1   -[DVTOperationGroup init] (in DVTFoundation)
  2   -[IDETestRunSession testOperationForTestRunSpecificationGroups:executionEnvironment:invocationRecord:actionRecord:schemeIdentifier:outSchemeActionResultOperation:launchParametersBlock:actionCallbackBlock:error:] (in IDEFoundation)
  3   -[IDETestManager testOperationForTestRunSpecificationGroups:executionEnvironment:runDestinationPool:invocationRecord:actionRecord:schemeIdentifier:outSchemeActionResultOperation:launchParametersBlock:actionCallbackBlock:error:] (in IDEFoundation)
  4   -[IDETestSchemeAction testOperationWithSchemeOperationParameters:testManager:buildOperation:buildParameters:schemeCommand:actionRecord:testPlanRunSpecifications:deviceAvailableChecker:outError:actionCallbackBlock:] (in IDEFoundation)
  5   -[IDEScheme(TestSchemeAction) executionOperationForTestSchemeActionWithOperationParameters:command:buildOperationVariantSpecifiers:buildOperationGroup:schemeActionResult:buildParameters:shouldOnlyBuild:runDestination:orderedOperations:schemeActionRecord:deviceAvailableChecker:actionCallbackBlock:error:] (in IDEFoundation)
  6   -[IDEScheme _executionOperationForSchemeOperationParameters:build:onlyBuild:buildParameters:title:buildLog:dontActuallyRunCommands:restorePersistedBuildResults:deviceAvailableChecker:error:actionCallbackBlock:] (in IDEFoundation)
  7   -[IDEScheme(TestSchemeAction) schemeTestActionOperationForSchemeOperationParameters:onlyBuild:buildLog:deviceAvailableChecker:buildParameters:shouldBuild:restorePersistedBuildResults:error:completionBlock:] (in IDEFoundation)
  8   -[IDEScheme buildAndActionTaskForSchemeOperationParameters:shouldBuild:onlyBuild:buildParameters:buildLog:deviceAvailableChecker:restorePersistedBuildResults:dontActuallyRunCommands:error:completionBlock:] (in IDEFoundation)
  9   -[IDEScheme schemeOperationForSchemeOperationParameters:buildLog:overridingProperties:overridingBuildConfiguration:dontActuallyRunCommands:restorePersistedBuildResults:deviceAvailableChecker:error:completionBlock:] (in IDEFoundation)
 10   -[IDEScheme schemeOperationForSchemeOperationParameters:buildLog:overridingProperties:overridingBuildConfiguration:dontActuallyRunCommands:restorePersistedBuildResults:error:completionBlock:] (in IDEFoundation)
 11   -[Xcode3CommandLineBuildTool(TestSchemeAction) buildForTestSchemeCommandWantsSkip:buildAction:isProjectBuild:title:buildLog:isMoreDestinationsPending:runDestinations:runDestination:schemeCommand:executionEnvironment:restorePersistedBuildResults:operationToEnqueue:error:] (in Xcode3Core)
 12   -[Xcode3CommandLineBuildTool doSchemeBuildWithRunDestinations:runDestinationIdx:wantsSkip:buildActionTimingSection:timingSection:buildAction:isMoreDesinationsPending:actionResultBlock:title:buildLog:executionEnvironment:restorePersistedBuildResults:operationToEnqueue:error:] (in Xcode3Core)
 13   -[Xcode3CommandLineBuildTool doBuildForBuildAction:timingSection:colorize:colorizeFailure:error:] (in Xcode3Core)
 14   -[Xcode3CommandLineBuildTool _buildWithTimingSection:] (in Xcode3Core)
 15   -[Xcode3CommandLineBuildTool run] (in Xcode3Core)
 16   XcodeBuildMain (in libxcodebuildLoader.dylib)
 17   -[XcodebuildPreIDEHandler loadXcode3ProjectSupportAndRunXcode3CommandLineBuildToolWithArguments:] (in xcodebuild)
 18   -[XcodebuildPreIDEHandler runWithArguments:] (in xcodebuild)
 19   main (in xcodebuild)
 20   start (in dyld)

<DVTOperation: 0x89ff40b40; state = aReFc> created at:
  0   -[DVTOperation init] (in DVTFoundation)
  1   +[DVTOperation(DVTConveniences) operationWithBlock:] (in DVTFoundation)
  2   -[IDETestRunSession testOperationForTestRunSpecificationGroups:executionEnvironment:invocationRecord:actionRecord:schemeIdentifier:outSchemeActionResultOperation:launchParametersBlock:actionCallbackBlock:error:] (in IDEFoundation)
  3   -[IDETestManager testOperationForTestRunSpecificationGroups:executionEnvironment:runDestinationPool:invocationRecord:actionRecord:schemeIdentifier:outSchemeActionResultOperation:launchParametersBlock:actionCallbackBlock:error:] (in IDEFoundation)
  4   -[IDETestSchemeAction testOperationWithSchemeOperationParameters:testManager:buildOperation:buildParameters:schemeCommand:actionRecord:testPlanRunSpecifications:deviceAvailableChecker:outError:actionCallbackBlock:] (in IDEFoundation)
  5   -[IDEScheme(TestSchemeAction) executionOperationForTestSchemeActionWithOperationParameters:command:buildOperationVariantSpecifiers:buildOperationGroup:schemeActionResult:buildParameters:shouldOnlyBuild:runDestination:orderedOperations:schemeActionRecord:deviceAvailableChecker:actionCallbackBlock:error:] (in IDEFoundation)
  6   -[IDEScheme _executionOperationForSchemeOperationParameters:build:onlyBuild:buildParameters:title:buildLog:dontActuallyRunCommands:restorePersistedBuildResults:deviceAvailableChecker:error:actionCallbackBlock:] (in IDEFoundation)
  7   -[IDEScheme(TestSchemeAction) schemeTestActionOperationForSchemeOperationParameters:onlyBuild:buildLog:deviceAvailableChecker:buildParameters:shouldBuild:restorePersistedBuildResults:error:completionBlock:] (in IDEFoundation)
  8   -[IDEScheme buildAndActionTaskForSchemeOperationParameters:shouldBuild:onlyBuild:buildParameters:buildLog:deviceAvailableChecker:restorePersistedBuildResults:dontActuallyRunCommands:error:completionBlock:] (in IDEFoundation)
  9   -[IDEScheme schemeOperationForSchemeOperationParameters:buildLog:overridingProperties:overridingBuildConfiguration:dontActuallyRunCommands:restorePersistedBuildResults:deviceAvailableChecker:error:completionBlock:] (in IDEFoundation)
 10   -[IDEScheme schemeOperationForSchemeOperationParameters:buildLog:overridingProperties:overridingBuildConfiguration:dontActuallyRunCommands:restorePersistedBuildResults:error:completionBlock:] (in IDEFoundation)
 11   -[Xcode3CommandLineBuildTool(TestSchemeAction) buildForTestSchemeCommandWantsSkip:buildAction:isProjectBuild:title:buildLog:isMoreDestinationsPending:runDestinations:runDestination:schemeCommand:executionEnvironment:restorePersistedBuildResults:operationToEnqueue:error:] (in Xcode3Core)
 12   -[Xcode3CommandLineBuildTool doSchemeBuildWithRunDestinations:runDestinationIdx:wantsSkip:buildActionTimingSection:timingSection:buildAction:isMoreDesinationsPending:actionResultBlock:title:buildLog:executionEnvironment:restorePersistedBuildResults:operationToEnqueue:error:] (in Xcode3Core)
 13   -[Xcode3CommandLineBuildTool doBuildForBuildAction:timingSection:colorize:colorizeFailure:error:] (in Xcode3Core)
 14   -[Xcode3CommandLineBuildTool _buildWithTimingSection:] (in Xcode3Core)
 15   -[Xcode3CommandLineBuildTool run] (in Xcode3Core)
 16   XcodeBuildMain (in libxcodebuildLoader.dylib)
 17   -[XcodebuildPreIDEHandler loadXcode3ProjectSupportAndRunXcode3CommandLineBuildToolWithArguments:] (in xcodebuild)
 18   -[XcodebuildPreIDEHandler runWithArguments:] (in xcodebuild)
 19   main (in xcodebuild)
 20   start (in dyld)

<IDERunOperation: 0x89fe7cc00; state = aReF!c> created at:
  0   -[DVTOperation init] (in DVTFoundation)
  1   -[IDERunOperation initWithWorker:] (in IDEFoundation)
  2   +[IDETestRunnerLaunchOperationFactory testRunOperationWithLaunchParameters:testRunSpecification:testConfiguration:executionEnvironment:schemeActionRecord:runDestination:localDeviceRunDestination:error:] (in IDEFoundation)
  3   __110+[IDETestRunnerLaunchOperationFactory makeLaunchOperationProviderWithExecutionEnvironment:schemeActionRecord:]_block_invoke (in IDEFoundation)
  4   thunk for @escaping @callee_unowned @convention(block) (@unowned XCTHRunDestination, @unowned XCTHTestRunSpecification, @unowned XCTestConfiguration, @unowned XCTHLaunchParameters, @unowned AutoreleasingUnsafeMutablePointer<NSError?>?) -> (@autoreleased (NSOperation & XCTHRunOperation)?) (in XCTHarness)
  5   thunk for @escaping @callee_guaranteed (@guaranteed XCTHRunDestination, @guaranteed XCTHTestRunSpecification, @guaranteed XCTestConfiguration, @guaranteed XCTHLaunchParameters, @unowned AutoreleasingUnsafeMutablePointer<NSError?>?) -> (@owned (NSOperation & XCTHRunOperation)?) (in XCTHarness)
  6   -[XCTHTestRunner _testRunOperationWithError:] (in XCTHarness)
  7   -[XCTHTestRunner _addTestRunOperation:] (in XCTHarness)
  8   -[XCTHTestRunner testOperationWithError:] (in XCTHarness)
  9   -[XCTHTestTargetRunner workerWasProvided:] (in XCTHarness)
 10   __40-[XCTHTestTargetRunner requestNewWorker]_block_invoke (in XCTHarness)
 11   __45-[XCTHFuture observeFinishOnQueue:withBlock:]_block_invoke_2 (in XCTHarness)
 12   __XCTHAsyncPerformBlockOnMainRunLoop_block_invoke (in XCTHarness)
 13   __CFRUNLOOP_IS_CALLING_OUT_TO_A_BLOCK__ (in CoreFoundation)
 14   __CFRunLoopDoBlocks (in CoreFoundation)
 15   __CFRunLoopRun (in CoreFoundation)
 16   _CFRunLoopRunSpecificWithOptions (in CoreFoundation)
 17   CFRunLoopRun (in CoreFoundation)
 18   -[Xcode3CommandLineBuildTool waitForBuildWithBuildLog:buildActionTimingSection:executionEnvironment:title:operationToEnqueue:error:] (in Xcode3Core)
 19   -[Xcode3CommandLineBuildTool doBuildForBuildAction:timingSection:colorize:colorizeFailure:error:] (in Xcode3Core)
 20   -[Xcode3CommandLineBuildTool _buildWithTimingSection:] (in Xcode3Core)
 21   -[Xcode3CommandLineBuildTool run] (in Xcode3Core)
 22   XcodeBuildMain (in libxcodebuildLoader.dylib)
 23   -[XcodebuildPreIDEHandler loadXcode3ProjectSupportAndRunXcode3CommandLineBuildToolWithArguments:] (in xcodebuild)
 24   -[XcodebuildPreIDEHandler runWithArguments:] (in xcodebuild)
 25   main (in xcodebuild)
 26   start (in dyld)

<DVTOperation: 0x89ff41180; state = aReFc> created at:
  0   -[DVTOperation init] (in DVTFoundation)
  1   +[DVTOperation(DVTConveniences) operationWithBlock:] (in DVTFoundation)
  2   -[IDESchemeAction setUpActionDependenciesForCorePhaseOperation:shouldRunPostActionsBlock:prePhaseEnvironmentPopulationBlock:postPhaseEnvironmentPopulationBlock:handlePreActionsActivityLogSection:handlePostActionsActivityLogSection:buildParameters:schemeActionResultOperation:error:] (in IDEFoundation)
  3   -[IDETestSchemeAction testOperationWithSchemeOperationParameters:testManager:buildOperation:buildParameters:schemeCommand:actionRecord:testPlanRunSpecifications:deviceAvailableChecker:outError:actionCallbackBlock:] (in IDEFoundation)
  4   -[IDEScheme(TestSchemeAction) executionOperationForTestSchemeActionWithOperationParameters:command:buildOperationVariantSpecifiers:buildOperationGroup:schemeActionResult:buildParameters:shouldOnlyBuild:runDestination:orderedOperations:schemeActionRecord:deviceAvailableChecker:actionCallbackBlock:error:] (in IDEFoundation)
  5   -[IDEScheme _executionOperationForSchemeOperationParameters:build:onlyBuild:buildParameters:title:buildLog:dontActuallyRunCommands:restorePersistedBuildResults:deviceAvailableChecker:error:actionCallbackBlock:] (in IDEFoundation)
  6   -[IDEScheme(TestSchemeAction) schemeTestActionOperationForSchemeOperationParameters:onlyBuild:buildLog:deviceAvailableChecker:buildParameters:shouldBuild:restorePersistedBuildResults:error:completionBlock:] (in IDEFoundation)
  7   -[IDEScheme buildAndActionTaskForSchemeOperationParameters:shouldBuild:onlyBuild:buildParameters:buildLog:deviceAvailableChecker:restorePersistedBuildResults:dontActuallyRunCommands:error:completionBlock:] (in IDEFoundation)
  8   -[IDEScheme schemeOperationForSchemeOperationParameters:buildLog:overridingProperties:overridingBuildConfiguration:dontActuallyRunCommands:restorePersistedBuildResults:deviceAvailableChecker:error:completionBlock:] (in IDEFoundation)
  9   -[IDEScheme schemeOperationForSchemeOperationParameters:buildLog:overridingProperties:overridingBuildConfiguration:dontActuallyRunCommands:restorePersistedBuildResults:error:completionBlock:] (in IDEFoundation)
 10   -[Xcode3CommandLineBuildTool(TestSchemeAction) buildForTestSchemeCommandWantsSkip:buildAction:isProjectBuild:title:buildLog:isMoreDestinationsPending:runDestinations:runDestination:schemeCommand:executionEnvironment:restorePersistedBuildResults:operationToEnqueue:error:] (in Xcode3Core)
 11   -[Xcode3CommandLineBuildTool doSchemeBuildWithRunDestinations:runDestinationIdx:wantsSkip:buildActionTimingSection:timingSection:buildAction:isMoreDesinationsPending:actionResultBlock:title:buildLog:executionEnvironment:restorePersistedBuildResults:operationToEnqueue:error:] (in Xcode3Core)
 12   -[Xcode3CommandLineBuildTool doBuildForBuildAction:timingSection:colorize:colorizeFailure:error:] (in Xcode3Core)
 13   -[Xcode3CommandLineBuildTool _buildWithTimingSection:] (in Xcode3Core)
 14   -[Xcode3CommandLineBuildTool run] (in Xcode3Core)
 15   XcodeBuildMain (in libxcodebuildLoader.dylib)
 16   -[XcodebuildPreIDEHandler loadXcode3ProjectSupportAndRunXcode3CommandLineBuildToolWithArguments:] (in xcodebuild)
 17   -[XcodebuildPreIDEHandler runWithArguments:] (in xcodebuild)
 18   main (in xcodebuild)
 19   start (in dyld)

<__DVTSwiftAsyncOperation: 0x89fe63780; state = AReFc> created at:
  0   -[DVTOperation init] (in DVTFoundation)
  1   @objc DVTAsyncOperation.init() (in DVTFoundation)
  2   @objc static DVTOperation.operationWithMainThreadBlock(_:) (in DVTFoundation)
  3   -[IDESchemeAction _setUpOperationsForPackageLoadingInWorkspace:handlePreActionsActivityLogSection:isCleanOperation:] (in IDEFoundation)
  4   -[IDESchemeAction setUpActionDependenciesForCorePhaseOperation:shouldRunPostActionsBlock:prePhaseEnvironmentPopulationBlock:postPhaseEnvironmentPopulationBlock:handlePreActionsActivityLogSection:handlePostActionsActivityLogSection:buildParameters:schemeActionResultOperation:error:] (in IDEFoundation)
  5   -[IDETestSchemeAction testOperationWithSchemeOperationParameters:testManager:buildOperation:buildParameters:schemeCommand:actionRecord:testPlanRunSpecifications:deviceAvailableChecker:outError:actionCallbackBlock:] (in IDEFoundation)
  6   -[IDEScheme(TestSchemeAction) executionOperationForTestSchemeActionWithOperationParameters:command:buildOperationVariantSpecifiers:buildOperationGroup:schemeActionResult:buildParameters:shouldOnlyBuild:runDestination:orderedOperations:schemeActionRecord:deviceAvailableChecker:actionCallbackBlock:error:] (in IDEFoundation)
  7   -[IDEScheme _executionOperationForSchemeOperationParameters:build:onlyBuild:buildParameters:title:buildLog:dontActuallyRunCommands:restorePersistedBuildResults:deviceAvailableChecker:error:actionCallbackBlock:] (in IDEFoundation)
  8   -[IDEScheme(TestSchemeAction) schemeTestActionOperationForSchemeOperationParameters:onlyBuild:buildLog:deviceAvailableChecker:buildParameters:shouldBuild:restorePersistedBuildResults:error:completionBlock:] (in IDEFoundation)
  9   -[IDEScheme buildAndActionTaskForSchemeOperationParameters:shouldBuild:onlyBuild:buildParameters:buildLog:deviceAvailableChecker:restorePersistedBuildResults:dontActuallyRunCommands:error:completionBlock:] (in IDEFoundation)
 10   -[IDEScheme schemeOperationForSchemeOperationParameters:buildLog:overridingProperties:overridingBuildConfiguration:dontActuallyRunCommands:restorePersistedBuildResults:deviceAvailableChecker:error:completionBlock:] (in IDEFoundation)
 11   -[IDEScheme schemeOperationForSchemeOperationParameters:buildLog:overridingProperties:overridingBuildConfiguration:dontActuallyRunCommands:restorePersistedBuildResults:error:completionBlock:] (in IDEFoundation)
 12   -[Xcode3CommandLineBuildTool(TestSchemeAction) buildForTestSchemeCommandWantsSkip:buildAction:isProjectBuild:title:buildLog:isMoreDestinationsPending:runDestinations:runDestination:schemeCommand:executionEnvironment:restorePersistedBuildResults:operationToEnqueue:error:] (in Xcode3Core)
 13   -[Xcode3CommandLineBuildTool doSchemeBuildWithRunDestinations:runDestinationIdx:wantsSkip:buildActionTimingSection:timingSection:buildAction:isMoreDesinationsPending:actionResultBlock:title:buildLog:executionEnvironment:restorePersistedBuildResults:operationToEnqueue:error:] (in Xcode3Core)
 14   -[Xcode3CommandLineBuildTool doBuildForBuildAction:timingSection:colorize:colorizeFailure:error:] (in Xcode3Core)
 15   -[Xcode3CommandLineBuildTool _buildWithTimingSection:] (in Xcode3Core)
 16   -[Xcode3CommandLineBuildTool run] (in Xcode3Core)
 17   XcodeBuildMain (in libxcodebuildLoader.dylib)
 18   -[XcodebuildPreIDEHandler loadXcode3ProjectSupportAndRunXcode3CommandLineBuildToolWithArguments:] (in xcodebuild)
 19   -[XcodebuildPreIDEHandler runWithArguments:] (in xcodebuild)
 20   main (in xcodebuild)
 21   start (in dyld)

<__DVTSwiftAsyncOperation: 0x89fe63a80; state = AReFc> created at:
  0   -[DVTOperation init] (in DVTFoundation)
  1   @objc DVTAsyncOperation.init() (in DVTFoundation)
  2   static DVTOperation.awaiting(_:) (in DVTFoundation)
  3   @objc static IDESchemeAction.operationToWaitForFinishedLoadingOperation(of:) (in IDEFoundation)
  4   -[IDESchemeAction _setUpOperationsForPackageLoadingInWorkspace:handlePreActionsActivityLogSection:isCleanOperation:] (in IDEFoundation)
  5   -[IDESchemeAction setUpActionDependenciesForCorePhaseOperation:shouldRunPostActionsBlock:prePhaseEnvironmentPopulationBlock:postPhaseEnvironmentPopulationBlock:handlePreActionsActivityLogSection:handlePostActionsActivityLogSection:buildParameters:schemeActionResultOperation:error:] (in IDEFoundation)
  6   -[IDETestSchemeAction testOperationWithSchemeOperationParameters:testManager:buildOperation:buildParameters:schemeCommand:actionRecord:testPlanRunSpecifications:deviceAvailableChecker:outError:actionCallbackBlock:] (in IDEFoundation)
  7   -[IDEScheme(TestSchemeAction) executionOperationForTestSchemeActionWithOperationParameters:command:buildOperationVariantSpecifiers:buildOperationGroup:schemeActionResult:buildParameters:shouldOnlyBuild:runDestination:orderedOperations:schemeActionRecord:deviceAvailableChecker:actionCallbackBlock:error:] (in IDEFoundation)
  8   -[IDEScheme _executionOperationForSchemeOperationParameters:build:onlyBuild:buildParameters:title:buildLog:dontActuallyRunCommands:restorePersistedBuildResults:deviceAvailableChecker:error:actionCallbackBlock:] (in IDEFoundation)
  9   -[IDEScheme(TestSchemeAction) schemeTestActionOperationForSchemeOperationParameters:onlyBuild:buildLog:deviceAvailableChecker:buildParameters:shouldBuild:restorePersistedBuildResults:error:completionBlock:] (in IDEFoundation)
 10   -[IDEScheme buildAndActionTaskForSchemeOperationParameters:shouldBuild:onlyBuild:buildParameters:buildLog:deviceAvailableChecker:restorePersistedBuildResults:dontActuallyRunCommands:error:completionBlock:] (in IDEFoundation)
 11   -[IDEScheme schemeOperationForSchemeOperationParameters:buildLog:overridingProperties:overridingBuildConfiguration:dontActuallyRunCommands:restorePersistedBuildResults:deviceAvailableChecker:error:completionBlock:] (in IDEFoundation)
 12   -[IDEScheme schemeOperationForSchemeOperationParameters:buildLog:overridingProperties:overridingBuildConfiguration:dontActuallyRunCommands:restorePersistedBuildResults:error:completionBlock:] (in IDEFoundation)
 13   -[Xcode3CommandLineBuildTool(TestSchemeAction) buildForTestSchemeCommandWantsSkip:buildAction:isProjectBuild:title:buildLog:isMoreDestinationsPending:runDestinations:runDestination:schemeCommand:executionEnvironment:restorePersistedBuildResults:operationToEnqueue:error:] (in Xcode3Core)
 14   -[Xcode3CommandLineBuildTool doSchemeBuildWithRunDestinations:runDestinationIdx:wantsSkip:buildActionTimingSection:timingSection:buildAction:isMoreDesinationsPending:actionResultBlock:title:buildLog:executionEnvironment:restorePersistedBuildResults:operationToEnqueue:error:] (in Xcode3Core)
 15   -[Xcode3CommandLineBuildTool doBuildForBuildAction:timingSection:colorize:colorizeFailure:error:] (in Xcode3Core)
 16   -[Xcode3CommandLineBuildTool _buildWithTimingSection:] (in Xcode3Core)
 17   -[Xcode3CommandLineBuildTool run] (in Xcode3Core)
 18   XcodeBuildMain (in libxcodebuildLoader.dylib)
 19   -[XcodebuildPreIDEHandler loadXcode3ProjectSupportAndRunXcode3CommandLineBuildToolWithArguments:] (in xcodebuild)
 20   -[XcodebuildPreIDEHandler runWithArguments:] (in xcodebuild)
 21   main (in xcodebuild)
 22   start (in dyld)

<DVTOperation: 0x89ff41400; state = arefc> created at:
  0   -[DVTOperation init] (in DVTFoundation)
  1   +[DVTOperation(DVTConveniences) operationWithBlock:] (in DVTFoundation)
  2   -[IDESchemeAction setUpActionDependenciesForCorePhaseOperation:shouldRunPostActionsBlock:prePhaseEnvironmentPopulationBlock:postPhaseEnvironmentPopulationBlock:handlePreActionsActivityLogSection:handlePostActionsActivityLogSection:buildParameters:schemeActionResultOperation:error:] (in IDEFoundation)
  3   -[IDETestSchemeAction testOperationWithSchemeOperationParameters:testManager:buildOperation:buildParameters:schemeCommand:actionRecord:testPlanRunSpecifications:deviceAvailableChecker:outError:actionCallbackBlock:] (in IDEFoundation)
  4   -[IDEScheme(TestSchemeAction) executionOperationForTestSchemeActionWithOperationParameters:command:buildOperationVariantSpecifiers:buildOperationGroup:schemeActionResult:buildParameters:shouldOnlyBuild:runDestination:orderedOperations:schemeActionRecord:deviceAvailableChecker:actionCallbackBlock:error:] (in IDEFoundation)
  5   -[IDEScheme _executionOperationForSchemeOperationParameters:build:onlyBuild:buildParameters:title:buildLog:dontActuallyRunCommands:restorePersistedBuildResults:deviceAvailableChecker:error:actionCallbackBlock:] (in IDEFoundation)
  6   -[IDEScheme(TestSchemeAction) schemeTestActionOperationForSchemeOperationParameters:onlyBuild:buildLog:deviceAvailableChecker:buildParameters:shouldBuild:restorePersistedBuildResults:error:completionBlock:] (in IDEFoundation)
  7   -[IDEScheme buildAndActionTaskForSchemeOperationParameters:shouldBuild:onlyBuild:buildParameters:buildLog:deviceAvailableChecker:restorePersistedBuildResults:dontActuallyRunCommands:error:completionBlock:] (in IDEFoundation)
  8   -[IDEScheme schemeOperationForSchemeOperationParameters:buildLog:overridingProperties:overridingBuildConfiguration:dontActuallyRunCommands:restorePersistedBuildResults:deviceAvailableChecker:error:completionBlock:] (in IDEFoundation)
  9   -[IDEScheme schemeOperationForSchemeOperationParameters:buildLog:overridingProperties:overridingBuildConfiguration:dontActuallyRunCommands:restorePersistedBuildResults:error:completionBlock:] (in IDEFoundation)
 10   -[Xcode3CommandLineBuildTool(TestSchemeAction) buildForTestSchemeCommandWantsSkip:buildAction:isProjectBuild:title:buildLog:isMoreDestinationsPending:runDestinations:runDestination:schemeCommand:executionEnvironment:restorePersistedBuildResults:operationToEnqueue:error:] (in Xcode3Core)
 11   -[Xcode3CommandLineBuildTool doSchemeBuildWithRunDestinations:runDestinationIdx:wantsSkip:buildActionTimingSection:timingSection:buildAction:isMoreDesinationsPending:actionResultBlock:title:buildLog:executionEnvironment:restorePersistedBuildResults:operationToEnqueue:error:] (in Xcode3Core)
 12   -[Xcode3CommandLineBuildTool doBuildForBuildAction:timingSection:colorize:colorizeFailure:error:] (in Xcode3Core)
 13   -[Xcode3CommandLineBuildTool _buildWithTimingSection:] (in Xcode3Core)
 14   -[Xcode3CommandLineBuildTool run] (in Xcode3Core)
 15   XcodeBuildMain (in libxcodebuildLoader.dylib)
 16   -[XcodebuildPreIDEHandler loadXcode3ProjectSupportAndRunXcode3CommandLineBuildToolWithArguments:] (in xcodebuild)
 17   -[XcodebuildPreIDEHandler runWithArguments:] (in xcodebuild)
 18   main (in xcodebuild)
 19   start (in dyld)

<_DVTAsyncBlockOperation: 0x89ff417c0; name = 'Download and merge code coverage profiles', state = Arefc> created at:
  0   -[DVTOperation init] (in DVTFoundation)
  1   -[_DVTAsyncBlockOperation initWithBlock:] (in DVTFoundation)
  2   +[DVTOperation(DVTConveniences) operationWithAsynchronousBlock:] (in DVTFoundation)
  3   -[IDETestSchemeAction testOperationWithSchemeOperationParameters:testManager:buildOperation:buildParameters:schemeCommand:actionRecord:testPlanRunSpecifications:deviceAvailableChecker:outError:actionCallbackBlock:] (in IDEFoundation)
  4   -[IDEScheme(TestSchemeAction) executionOperationForTestSchemeActionWithOperationParameters:command:buildOperationVariantSpecifiers:buildOperationGroup:schemeActionResult:buildParameters:shouldOnlyBuild:runDestination:orderedOperations:schemeActionRecord:deviceAvailableChecker:actionCallbackBlock:error:] (in IDEFoundation)
  5   -[IDEScheme _executionOperationForSchemeOperationParameters:build:onlyBuild:buildParameters:title:buildLog:dontActuallyRunCommands:restorePersistedBuildResults:deviceAvailableChecker:error:actionCallbackBlock:] (in IDEFoundation)
  6   -[IDEScheme(TestSchemeAction) schemeTestActionOperationForSchemeOperationParameters:onlyBuild:buildLog:deviceAvailableChecker:buildParameters:shouldBuild:restorePersistedBuildResults:error:completionBlock:] (in IDEFoundation)
  7   -[IDEScheme buildAndActionTaskForSchemeOperationParameters:shouldBuild:onlyBuild:buildParameters:buildLog:deviceAvailableChecker:restorePersistedBuildResults:dontActuallyRunCommands:error:completionBlock:] (in IDEFoundation)
  8   -[IDEScheme schemeOperationForSchemeOperationParameters:buildLog:overridingProperties:overridingBuildConfiguration:dontActuallyRunCommands:restorePersistedBuildResults:deviceAvailableChecker:error:completionBlock:] (in IDEFoundation)
  9   -[IDEScheme schemeOperationForSchemeOperationParameters:buildLog:overridingProperties:overridingBuildConfiguration:dontActuallyRunCommands:restorePersistedBuildResults:error:completionBlock:] (in IDEFoundation)
 10   -[Xcode3CommandLineBuildTool(TestSchemeAction) buildForTestSchemeCommandWantsSkip:buildAction:isProjectBuild:title:buildLog:isMoreDestinationsPending:runDestinations:runDestination:schemeCommand:executionEnvironment:restorePersistedBuildResults:operationToEnqueue:error:] (in Xcode3Core)
 11   -[Xcode3CommandLineBuildTool doSchemeBuildWithRunDestinations:runDestinationIdx:wantsSkip:buildActionTimingSection:timingSection:buildAction:isMoreDesinationsPending:actionResultBlock:title:buildLog:executionEnvironment:restorePersistedBuildResults:operationToEnqueue:error:] (in Xcode3Core)
 12   -[Xcode3CommandLineBuildTool doBuildForBuildAction:timingSection:colorize:colorizeFailure:error:] (in Xcode3Core)
 13   -[Xcode3CommandLineBuildTool _buildWithTimingSection:] (in Xcode3Core)
 14   -[Xcode3CommandLineBuildTool run] (in Xcode3Core)
 15   XcodeBuildMain (in libxcodebuildLoader.dylib)
 16   -[XcodebuildPreIDEHandler loadXcode3ProjectSupportAndRunXcode3CommandLineBuildToolWithArguments:] (in xcodebuild)
 17   -[XcodebuildPreIDEHandler runWithArguments:] (in xcodebuild)
 18   main (in xcodebuild)
 19   start (in dyld)

<DVTOperation: 0x89ff41540; state = aReFc> created at:
  0   -[DVTOperation init] (in DVTFoundation)
  1   +[DVTOperation(DVTConveniences) operationWithBlock:] (in DVTFoundation)
  2   -[IDETestSchemeAction testOperationWithSchemeOperationParameters:testManager:buildOperation:buildParameters:schemeCommand:actionRecord:testPlanRunSpecifications:deviceAvailableChecker:outError:actionCallbackBlock:] (in IDEFoundation)
  3   -[IDEScheme(TestSchemeAction) executionOperationForTestSchemeActionWithOperationParameters:command:buildOperationVariantSpecifiers:buildOperationGroup:schemeActionResult:buildParameters:shouldOnlyBuild:runDestination:orderedOperations:schemeActionRecord:deviceAvailableChecker:actionCallbackBlock:error:] (in IDEFoundation)
  4   -[IDEScheme _executionOperationForSchemeOperationParameters:build:onlyBuild:buildParameters:title:buildLog:dontActuallyRunCommands:restorePersistedBuildResults:deviceAvailableChecker:error:actionCallbackBlock:] (in IDEFoundation)
  5   -[IDEScheme(TestSchemeAction) schemeTestActionOperationForSchemeOperationParameters:onlyBuild:buildLog:deviceAvailableChecker:buildParameters:shouldBuild:restorePersistedBuildResults:error:completionBlock:] (in IDEFoundation)
  6   -[IDEScheme buildAndActionTaskForSchemeOperationParameters:shouldBuild:onlyBuild:buildParameters:buildLog:deviceAvailableChecker:restorePersistedBuildResults:dontActuallyRunCommands:error:completionBlock:] (in IDEFoundation)
  7   -[IDEScheme schemeOperationForSchemeOperationParameters:buildLog:overridingProperties:overridingBuildConfiguration:dontActuallyRunCommands:restorePersistedBuildResults:deviceAvailableChecker:error:completionBlock:] (in IDEFoundation)
  8   -[IDEScheme schemeOperationForSchemeOperationParameters:buildLog:overridingProperties:overridingBuildConfiguration:dontActuallyRunCommands:restorePersistedBuildResults:error:completionBlock:] (in IDEFoundation)
  9   -[Xcode3CommandLineBuildTool(TestSchemeAction) buildForTestSchemeCommandWantsSkip:buildAction:isProjectBuild:title:buildLog:isMoreDestinationsPending:runDestinations:runDestination:schemeCommand:executionEnvironment:restorePersistedBuildResults:operationToEnqueue:error:] (in Xcode3Core)
 10   -[Xcode3CommandLineBuildTool doSchemeBuildWithRunDestinations:runDestinationIdx:wantsSkip:buildActionTimingSection:timingSection:buildAction:isMoreDesinationsPending:actionResultBlock:title:buildLog:executionEnvironment:restorePersistedBuildResults:operationToEnqueue:error:] (in Xcode3Core)
 11   -[Xcode3CommandLineBuildTool doBuildForBuildAction:timingSection:colorize:colorizeFailure:error:] (in Xcode3Core)
 12   -[Xcode3CommandLineBuildTool _buildWithTimingSection:] (in Xcode3Core)
 13   -[Xcode3CommandLineBuildTool run] (in Xcode3Core)
 14   XcodeBuildMain (in2026-09-21 09:04:36.230 xcodebuild[2182:107902103] [MT] IDETestOperationsObserverDebug: 35.221 elapsed -- Testing started completed.
2026-09-21 09:04:36.230 xcodebuild[2182:107902103] [MT] IDETestOperationsObserverDebug: 0.000 sec, +0.000 sec -- start
2026-09-21 09:04:36.230 xcodebuild[2182:107902103] [MT] IDETestOperationsObserverDebug: 35.221 sec, +35.221 sec -- end

Test session results, code coverage, and logs:
	/tmp/picpac-phase3-hosted-performance.xcresult

** TEST INTERRUPTED **

2026-09-21 09:05:07.291 xcodebuild[2182:107902103] [MT] IDEResultKit: Warning: While writing a result bundle to /tmp/picpac-phase3-hosted-performance.xcresult, not all contents have been imported, as the Staging directory still contains the following files/directories: ["1_Test"]
Error saving invocation record to resultBundlePath:Error Domain=IDEFoundationErrorDomain Code=12 "The result bundle could not be saved due to an error: Could not write the 1_Test action log because the log hasn't finished recording after waiting 30 seconds." UserInfo={NSUnderlyingError=0x89f528960 {Error Domain=IDEFoundationErrorDomain Code=10 "Could not write the 1_Test action log because the log hasn't finished recording after waiting 30 seconds." UserInfo={NSLocalizedDescription=Could not write the 1_Test action log because the log hasn't finished recording after waiting 30 seconds.}}, NSLocalizedDescription=The result bundle could not be saved due to an error: Could not write the 1_Test action log because the log hasn't finished recording after waiting 30 seconds.}
 libxcodebuildLoader.dylib)
 15   -[XcodebuildPreIDEHandler loadXcode3ProjectSupportAndRunXcode3CommandLineBuildToolWithArguments:] (in xcodebuild)
 16   -[XcodebuildPreIDEHandler runWithArguments:] (in xcodebuild)
 17   main (in xcodebuild)
 18   start (in dyld)

<_IDETestingFinalizeLogsOperation: 0x89ff41cc0; name = 'Finalize test log', state = aref!c> created at:
  0   -[DVTOperation init] (in DVTFoundation)
  1   +[DVTOperation(DVTConveniences) operationWithBlock:] (in DVTFoundation)
  2   -[IDETestSchemeAction _finalizeLogOperationWithRecorder:launchLogsSectionRecorder:] (in IDEFoundation)
  3   -[IDETestSchemeAction testOperationWithSchemeOperationParameters:testManager:buildOperation:buildParameters:schemeCommand:actionRecord:testPlanRunSpecifications:deviceAvailableChecker:outError:actionCallbackBlock:] (in IDEFoundation)
  4   -[IDEScheme(TestSchemeAction) executionOperationForTestSchemeActionWithOperationParameters:command:buildOperationVariantSpecifiers:buildOperationGroup:schemeActionResult:buildParameters:shouldOnlyBuild:runDestination:orderedOperations:schemeActionRecord:deviceAvailableChecker:actionCallbackBlock:error:] (in IDEFoundation)
  5   -[IDEScheme _executionOperationForSchemeOperationParameters:build:onlyBuild:buildParameters:title:buildLog:dontActuallyRunCommands:restorePersistedBuildResults:deviceAvailableChecker:error:actionCallbackBlock:] (in IDEFoundation)
  6   -[IDEScheme(TestSchemeAction) schemeTestActionOperationForSchemeOperationParameters:onlyBuild:buildLog:deviceAvailableChecker:buildParameters:shouldBuild:restorePersistedBuildResults:error:completionBlock:] (in IDEFoundation)
  7   -[IDEScheme buildAndActionTaskForSchemeOperationParameters:shouldBuild:onlyBuild:buildParameters:buildLog:deviceAvailableChecker:restorePersistedBuildResults:dontActuallyRunCommands:error:completionBlock:] (in IDEFoundation)
  8   -[IDEScheme schemeOperationForSchemeOperationParameters:buildLog:overridingProperties:overridingBuildConfiguration:dontActuallyRunCommands:restorePersistedBuildResults:deviceAvailableChecker:error:completionBlock:] (in IDEFoundation)
  9   -[IDEScheme schemeOperationForSchemeOperationParameters:buildLog:overridingProperties:overridingBuildConfiguration:dontActuallyRunCommands:restorePersistedBuildResults:error:completionBlock:] (in IDEFoundation)
 10   -[Xcode3CommandLineBuildTool(TestSchemeAction) buildForTestSchemeCommandWantsSkip:buildAction:isProjectBuild:title:buildLog:isMoreDestinationsPending:runDestinations:runDestination:schemeCommand:executionEnvironment:restorePersistedBuildResults:operationToEnqueue:error:] (in Xcode3Core)
 11   -[Xcode3CommandLineBuildTool doSchemeBuildWithRunDestinations:runDestinationIdx:wantsSkip:buildActionTimingSection:timingSection:buildAction:isMoreDesinationsPending:actionResultBlock:title:buildLog:executionEnvironment:restorePersistedBuildResults:operationToEnqueue:error:] (in Xcode3Core)
 12   -[Xcode3CommandLineBuildTool doBuildForBuildAction:timingSection:colorize:colorizeFailure:error:] (in Xcode3Core)
 13   -[Xcode3CommandLineBuildTool _buildWithTimingSection:] (in Xcode3Core)
 14   -[Xcode3CommandLineBuildTool run] (in Xcode3Core)
 15   XcodeBuildMain (in libxcodebuildLoader.dylib)
 16   -[XcodebuildPreIDEHandler loadXcode3ProjectSupportAndRunXcode3CommandLineBuildToolWithArguments:] (in xcodebuild)
 17   -[XcodebuildPreIDEHandler runWithArguments:] (in xcodebuild)
 18   main (in xcodebuild)
 19   start (in dyld)

