Command line invocation:
    /Applications/Xcode.app/Contents/Developer/usr/bin/xcodebuild -project ios/PicPacPoe.xcodeproj -scheme PicPacPoe -configuration Test "-only-testing:PicPacPoeTests" -destination "platform=iOS Simulator,id=97FAA70C-E2D7-4893-9D76-FE172A792433" -parallel-testing-enabled NO -derivedDataPath /tmp/picpac-phase3-recovery-lifecycle-derived-20260925 -resultBundlePath /tmp/picpac-phase3-recovery-lifecycle-20260925/hosted.xcresult CODE_SIGNING_ALLOWED=NO CODE_SIGNING_REQUIRED=NO test

Build settings from command line:
    CODE_SIGNING_ALLOWED = NO
    CODE_SIGNING_REQUIRED = NO

Resolve Package Graph


Resolved source packages:
  PicPacKit: /Users/bavabangaru/Developer/pic-pac-poe-ios-native-parity/ios/Packages/PicPacKit @ local

Writing result bundle at path:
	/tmp/picpac-phase3-recovery-lifecycle-20260925/hosted.xcresult

ComputePackagePrebuildTargetDependencyGraph

Prepare packages

CreateBuildRequest

SendProjectDescription

CreateBuildOperation

ComputeTargetDependencyGraph
note: Building targets in dependency order
note: Target dependency graph (9 targets)
    Target 'PicPacPoeUITests' in project 'PicPacPoe'
        ➜ Explicit dependency on target 'PicPacPoe' in project 'PicPacPoe'
    Target 'PicPacPoeTests' in project 'PicPacPoe'
        ➜ Explicit dependency on target 'PicPacPoe' in project 'PicPacPoe'
        ➜ Explicit dependency on target 'PicPacPresentation' in project 'PicPacKit'
    Target 'PicPacPoe' in project 'PicPacPoe'
        ➜ Explicit dependency on target 'PicPacPresentation' in project 'PicPacKit'
        ➜ Explicit dependency on target 'PicPacAI' in project 'PicPacKit'
    Target 'PicPacAI' in project 'PicPacKit'
        ➜ Explicit dependency on target 'PicPacAI' in project 'PicPacKit'
        ➜ Explicit dependency on target 'PicPacKit_PicPacAI' in project 'PicPacKit'
        ➜ Explicit dependency on target 'PicPacCore' in project 'PicPacKit'
    Target 'PicPacAI' in project 'PicPacKit'
        ➜ Explicit dependency on target 'PicPacKit_PicPacAI' in project 'PicPacKit'
        ➜ Explicit dependency on target 'PicPacCore' in project 'PicPacKit'
    Target 'PicPacKit_PicPacAI' in project 'PicPacKit' (no dependencies)
    Target 'PicPacPresentation' in project 'PicPacKit'
        ➜ Explicit dependency on target 'PicPacPresentation' in project 'PicPacKit'
        ➜ Explicit dependency on target 'PicPacCore' in project 'PicPacKit'
    Target 'PicPacPresentation' in project 'PicPacKit'
        ➜ Explicit dependency on target 'PicPacCore' in project 'PicPacKit'
    Target 'PicPacCore' in project 'PicPacKit' (no dependencies)

GatherProvisioningInputs

CreateBuildDescription

ExecuteExternalTool /Applications/Xcode.app/Contents/Developer/Toolchains/XcodeDefault.xctoolchain/usr/bin/swiftc --version

ExecuteExternalTool /Applications/Xcode.app/Contents/Developer/usr/bin/actool --print-asset-tag-combinations --output-format xml1 /Users/bavabangaru/Developer/pic-pac-poe-ios-native-parity/ios/PicPacPoe/Assets.xcassets

ExecuteExternalTool /Applications/Xcode.app/Contents/Developer/Toolchains/XcodeDefault.xctoolchain/usr/bin/clang -v -E -dM -isysroot /Applications/Xcode.app/Contents/Developer/Platforms/iPhoneSimulator.platform/Developer/SDKs/iPhoneSimulator26.5.sdk -x c -c /dev/null

ExecuteExternalTool /Applications/Xcode.app/Contents/Developer/Toolchains/XcodeDefault.xctoolchain/usr/bin/ld -version_details

ExecuteExternalTool /Applications/Xcode.app/Contents/Developer/usr/bin/actool --version --output-format xml1

Build description signature: 273cf7508aa63689b3730f38191f85b6
Build description path: /tmp/picpac-phase3-recovery-lifecycle-derived-20260925/Build/Intermediates.noindex/XCBuildData/273cf7508aa63689b3730f38191f85b6.xcbuilddata
ClangStatCache /Applications/Xcode.app/Contents/Developer/Toolchains/XcodeDefault.xctoolchain/usr/bin/clang-stat-cache /Applications/Xcode.app/Contents/Developer/Platforms/iPhoneSimulator.platform/Developer/SDKs/iPhoneSimulator26.5.sdk /tmp/picpac-phase3-recovery-lifecycle-derived-20260925/SDKStatCaches.noindex/iphonesimulator26.5-23F81a-6cfe768891a92b912361537c460fe42b.sdkstatcache
    cd /Users/bavabangaru/Developer/pic-pac-poe-ios-native-parity/ios/PicPacPoe.xcodeproj
    /Applications/Xcode.app/Contents/Developer/Toolchains/XcodeDefault.xctoolchain/usr/bin/clang-stat-cache /Applications/Xcode.app/Contents/Developer/Platforms/iPhoneSimulator.platform/Developer/SDKs/iPhoneSimulator26.5.sdk -o /tmp/picpac-phase3-recovery-lifecycle-derived-20260925/SDKStatCaches.noindex/iphonesimulator26.5-23F81a-6cfe768891a92b912361537c460fe42b.sdkstatcache

CreateBuildDirectory /tmp/picpac-phase3-recovery-lifecycle-derived-20260925/Build/Products
    cd /Users/bavabangaru/Developer/pic-pac-poe-ios-native-parity/ios/PicPacPoe.xcodeproj
    builtin-create-build-directory /tmp/picpac-phase3-recovery-lifecycle-derived-20260925/Build/Products

CreateBuildDirectory /tmp/picpac-phase3-recovery-lifecycle-derived-20260925/Build/Intermediates.noindex
    cd /Users/bavabangaru/Developer/pic-pac-poe-ios-native-parity/ios/PicPacPoe.xcodeproj
    builtin-create-build-directory /tmp/picpac-phase3-recovery-lifecycle-derived-20260925/Build/Intermediates.noindex

CreateBuildDirectory /tmp/picpac-phase3-recovery-lifecycle-derived-20260925/Build/Products/Test-iphonesimulator
    cd /Users/bavabangaru/Developer/pic-pac-poe-ios-native-parity/ios/PicPacPoe.xcodeproj
    builtin-create-build-directory /tmp/picpac-phase3-recovery-lifecycle-derived-20260925/Build/Products/Test-iphonesimulator

CreateBuildDirectory /tmp/picpac-phase3-recovery-lifecycle-derived-20260925/Build/Intermediates.noindex/SwiftExplicitPrecompiledModules
    cd /Users/bavabangaru/Developer/pic-pac-poe-ios-native-parity/ios/PicPacPoe.xcodeproj
    builtin-create-build-directory /tmp/picpac-phase3-recovery-lifecycle-derived-20260925/Build/Intermediates.noindex/SwiftExplicitPrecompiledModules

WriteAuxiliaryFile /tmp/picpac-phase3-recovery-lifecycle-derived-20260925/Build/Intermediates.noindex/PicPacPoe.build/Test-iphonesimulator/PicPacPoe-90eff2f9d9e8600d7e53134acd1cb833-VFS-iphonesimulator/all-product-headers.yaml
    cd /Users/bavabangaru/Developer/pic-pac-poe-ios-native-parity/ios/PicPacPoe.xcodeproj
    write-file /tmp/picpac-phase3-recovery-lifecycle-derived-20260925/Build/Intermediates.noindex/PicPacPoe.build/Test-iphonesimulator/PicPacPoe-90eff2f9d9e8600d7e53134acd1cb833-VFS-iphonesimulator/all-product-headers.yaml

CreateBuildDirectory /tmp/picpac-phase3-recovery-lifecycle-derived-20260925/Build/Intermediates.noindex/ExplicitPrecompiledModules
    cd /Users/bavabangaru/Developer/pic-pac-poe-ios-native-parity/ios/PicPacPoe.xcodeproj
    builtin-create-build-directory /tmp/picpac-phase3-recovery-lifecycle-derived-20260925/Build/Intermediates.noindex/ExplicitPrecompiledModules

CreateBuildDirectory /tmp/picpac-phase3-recovery-lifecycle-derived-20260925/Build/Intermediates.noindex/EagerLinkingTBDs/Test-iphonesimulator
    cd /Users/bavabangaru/Developer/pic-pac-poe-ios-native-parity/ios/PicPacPoe.xcodeproj
    builtin-create-build-directory /tmp/picpac-phase3-recovery-lifecycle-derived-20260925/Build/Intermediates.noindex/EagerLinkingTBDs/Test-iphonesimulator

CreateBuildDirectory /tmp/picpac-phase3-recovery-lifecycle-derived-20260925/Build/Products/Test-iphonesimulator/PackageFrameworks
    cd /Users/bavabangaru/Developer/pic-pac-poe-ios-native-parity/ios/PicPacPoe.xcodeproj
    builtin-create-build-directory /tmp/picpac-phase3-recovery-lifecycle-derived-20260925/Build/Products/Test-iphonesimulator/PackageFrameworks

WriteAuxiliaryFile /tmp/picpac-phase3-recovery-lifecycle-derived-20260925/Build/Intermediates.noindex/PicPacKit.build/Test-iphonesimulator/PicPacPresentation.build/PicPacPresentation.modulemap (in target 'PicPacPresentation' from project 'PicPacKit')
    cd /Users/bavabangaru/Developer/pic-pac-poe-ios-native-parity/ios/Packages/PicPacKit
    write-file /tmp/picpac-phase3-recovery-lifecycle-derived-20260925/Build/Intermediates.noindex/PicPacKit.build/Test-iphonesimulator/PicPacPresentation.build/PicPacPresentation.modulemap

WriteAuxiliaryFile /tmp/picpac-phase3-recovery-lifecycle-derived-20260925/Build/Intermediates.noindex/PicPacKit.build/Test-iphonesimulator/PicPacPresentation.build/Objects-normal/arm64/PicPacPresentation.SwiftConstValuesFileList (in target 'PicPacPresentation' from project 'PicPacKit')
    cd /Users/bavabangaru/Developer/pic-pac-poe-ios-native-parity/ios/Packages/PicPacKit
    write-file /tmp/picpac-phase3-recovery-lifecycle-derived-20260925/Build/Intermediates.noindex/PicPacKit.build/Test-iphonesimulator/PicPacPresentation.build/Objects-normal/arm64/PicPacPresentation.SwiftConstValuesFileList

WriteAuxiliaryFile /tmp/picpac-phase3-recovery-lifecycle-derived-20260925/Build/Intermediates.noindex/PicPacKit.build/Test-iphonesimulator/PicPacPresentation.build/Objects-normal/arm64/PicPacPresentation.LinkFileList (in target 'PicPacPresentation' from project 'PicPacKit')
    cd /Users/bavabangaru/Developer/pic-pac-poe-ios-native-parity/ios/Packages/PicPacKit
    write-file /tmp/picpac-phase3-recovery-lifecycle-derived-20260925/Build/Intermediates.noindex/PicPacKit.build/Test-iphonesimulator/PicPacPresentation.build/Objects-normal/arm64/PicPacPresentation.LinkFileList

WriteAuxiliaryFile /tmp/picpac-phase3-recovery-lifecycle-derived-20260925/Build/Intermediates.noindex/PicPacKit.build/Test-iphonesimulator/PicPacPresentation.build/Objects-normal/arm64/PicPacPresentation_const_extract_protocols.json (in target 'PicPacPresentation' from project 'PicPacKit')
    cd /Users/bavabangaru/Developer/pic-pac-poe-ios-native-parity/ios/Packages/PicPacKit
    write-file /tmp/picpac-phase3-recovery-lifecycle-derived-20260925/Build/Intermediates.noindex/PicPacKit.build/Test-iphonesimulator/PicPacPresentation.build/Objects-normal/arm64/PicPacPresentation_const_extract_protocols.json

WriteAuxiliaryFile /tmp/picpac-phase3-recovery-lifecycle-derived-20260925/Build/Intermediates.noindex/PicPacKit.build/Test-iphonesimulator/PicPacPresentation.build/Objects-normal/arm64/PicPacPresentation-OutputFileMap.json (in target 'PicPacPresentation' from project 'PicPacKit')
    cd /Users/bavabangaru/Developer/pic-pac-poe-ios-native-parity/ios/Packages/PicPacKit
    write-file /tmp/picpac-phase3-recovery-lifecycle-derived-20260925/Build/Intermediates.noindex/PicPacKit.build/Test-iphonesimulator/PicPacPresentation.build/Objects-normal/arm64/PicPacPresentation-OutputFileMap.json

WriteAuxiliaryFile /tmp/picpac-phase3-recovery-lifecycle-derived-20260925/Build/Intermediates.noindex/PicPacKit.build/Test-iphonesimulator/PicPacPresentation.build/Objects-normal/arm64/PicPacPresentation.SwiftFileList (in target 'PicPacPresentation' from project 'PicPacKit')
    cd /Users/bavabangaru/Developer/pic-pac-poe-ios-native-parity/ios/Packages/PicPacKit
    write-file /tmp/picpac-phase3-recovery-lifecycle-derived-20260925/Build/Intermediates.noindex/PicPacKit.build/Test-iphonesimulator/PicPacPresentation.build/Objects-normal/arm64/PicPacPresentation.SwiftFileList

WriteAuxiliaryFile /tmp/picpac-phase3-recovery-lifecycle-derived-20260925/Build/Intermediates.noindex/PicPacKit.build/Test-iphonesimulator/PicPacPresentation.build/PicPacPresentation.DependencyMetadataFileList (in target 'PicPacPresentation' from project 'PicPacKit')
    cd /Users/bavabangaru/Developer/pic-pac-poe-ios-native-parity/ios/Packages/PicPacKit
    write-file /tmp/picpac-phase3-recovery-lifecycle-derived-20260925/Build/Intermediates.noindex/PicPacKit.build/Test-iphonesimulator/PicPacPresentation.build/PicPacPresentation.DependencyMetadataFileList

WriteAuxiliaryFile /tmp/picpac-phase3-recovery-lifecycle-derived-20260925/Build/Intermediates.noindex/PicPacKit.build/Test-iphonesimulator/PicPacPresentation.build/PicPacPresentation.DependencyStaticMetadataFileList (in target 'PicPacPresentation' from project 'PicPacKit')
    cd /Users/bavabangaru/Developer/pic-pac-poe-ios-native-parity/ios/Packages/PicPacKit
    write-file /tmp/picpac-phase3-recovery-lifecycle-derived-20260925/Build/Intermediates.noindex/PicPacKit.build/Test-iphonesimulator/PicPacPresentation.build/PicPacPresentation.DependencyStaticMetadataFileList

WriteAuxiliaryFile /tmp/picpac-phase3-recovery-lifecycle-derived-20260925/Build/Intermediates.noindex/PicPacKit.build/Test-iphonesimulator/PicPacPresentation\ product.build/PicPacPresentation_-6026B0FB22E351C2_PackageProduct.DependencyStaticMetadataFileList (in target 'PicPacPresentation' from project 'PicPacKit')
    cd /Users/bavabangaru/Developer/pic-pac-poe-ios-native-parity/ios/Packages/PicPacKit
    write-file /tmp/picpac-phase3-recovery-lifecycle-derived-20260925/Build/Intermediates.noindex/PicPacKit.build/Test-iphonesimulator/PicPacPresentation\ product.build/PicPacPresentation_-6026B0FB22E351C2_PackageProduct.DependencyStaticMetadataFileList

WriteAuxiliaryFile /tmp/picpac-phase3-recovery-lifecycle-derived-20260925/Build/Intermediates.noindex/PicPacKit.build/Test-iphonesimulator/PicPacPresentation\ product.build/empty-PicPacPresentation_-6026B0FB22E351C2_PackageProduct.plist (in target 'PicPacPresentation' from project 'PicPacKit')
    cd /Users/bavabangaru/Developer/pic-pac-poe-ios-native-parity/ios/Packages/PicPacKit
    write-file /tmp/picpac-phase3-recovery-lifecycle-derived-20260925/Build/Intermediates.noindex/PicPacKit.build/Test-iphonesimulator/PicPacPresentation\ product.build/empty-PicPacPresentation_-6026B0FB22E351C2_PackageProduct.plist

WriteAuxiliaryFile /tmp/picpac-phase3-recovery-lifecycle-derived-20260925/Build/Intermediates.noindex/PicPacKit.build/Test-iphonesimulator/PicPacPresentation\ product.build/PicPacPresentation_-6026B0FB22E351C2_PackageProduct.DependencyMetadataFileList (in target 'PicPacPresentation' from project 'PicPacKit')
    cd /Users/bavabangaru/Developer/pic-pac-poe-ios-native-parity/ios/Packages/PicPacKit
    write-file /tmp/picpac-phase3-recovery-lifecycle-derived-20260925/Build/Intermediates.noindex/PicPacKit.build/Test-iphonesimulator/PicPacPresentation\ product.build/PicPacPresentation_-6026B0FB22E351C2_PackageProduct.DependencyMetadataFileList

WriteAuxiliaryFile /tmp/picpac-phase3-recovery-lifecycle-derived-20260925/Build/Intermediates.noindex/PicPacPoe.build/Test-iphonesimulator/PicPacPoeUITests.build/empty-PicPacPoeUITests.plist (in target 'PicPacPoeUITests' from project 'PicPacPoe')
    cd /Users/bavabangaru/Developer/pic-pac-poe-ios-native-parity/ios
    write-file /tmp/picpac-phase3-recovery-lifecycle-derived-20260925/Build/Intermediates.noindex/PicPacPoe.build/Test-iphonesimulator/PicPacPoeUITests.build/empty-PicPacPoeUITests.plist

WriteAuxiliaryFile /tmp/picpac-phase3-recovery-lifecycle-derived-20260925/Build/Intermediates.noindex/PicPacKit.build/Test-iphonesimulator/PicPacPresentation\ product.build/Objects-normal/arm64/PicPacPresentation_-6026B0FB22E351C2_PackageProduct.LinkFileList (in target 'PicPacPresentation' from project 'PicPacKit')
    cd /Users/bavabangaru/Developer/pic-pac-poe-ios-native-parity/ios/Packages/PicPacKit
    write-file /tmp/picpac-phase3-recovery-lifecycle-derived-20260925/Build/Intermediates.noindex/PicPacKit.build/Test-iphonesimulator/PicPacPresentation\ product.build/Objects-normal/arm64/PicPacPresentation_-6026B0FB22E351C2_PackageProduct.LinkFileList

Copy /tmp/picpac-phase3-recovery-lifecycle-derived-20260925/Build/Intermediates.noindex/GeneratedModuleMaps-iphonesimulator/PicPacPresentation.modulemap /tmp/picpac-phase3-recovery-lifecycle-derived-20260925/Build/Intermediates.noindex/PicPacKit.build/Test-iphonesimulator/PicPacPresentation.build/PicPacPresentation.modulemap (in target 'PicPacPresentation' from project 'PicPacKit')
    cd /Users/bavabangaru/Developer/pic-pac-poe-ios-native-parity/ios/Packages/PicPacKit
    builtin-copy -exclude .DS_Store -exclude CVS -exclude .svn -exclude .git -exclude .hg -strip-unsigned-binaries -strip-deterministic -strip-tool /Applications/Xcode.app/Contents/Developer/Toolchains/XcodeDefault.xctoolchain/usr/bin/strip -resolve-src-symlinks /tmp/picpac-phase3-recovery-lifecycle-derived-20260925/Build/Intermediates.noindex/PicPacKit.build/Test-iphonesimulator/PicPacPresentation.build/PicPacPresentation.modulemap /tmp/picpac-phase3-recovery-lifecycle-derived-20260925/Build/Intermediates.noindex/GeneratedModuleMaps-iphonesimulator

WriteAuxiliaryFile /tmp/picpac-phase3-recovery-lifecycle-derived-20260925/Build/Intermediates.noindex/PicPacPoe.build/Test-iphonesimulator/PicPacPoeUITests.build/ProductTypeInfoPlistAdditions.plist (in target 'PicPacPoeUITests' from project 'PicPacPoe')
    cd /Users/bavabangaru/Developer/pic-pac-poe-ios-native-parity/ios
    write-file /tmp/picpac-phase3-recovery-lifecycle-derived-20260925/Build/Intermediates.noindex/PicPacPoe.build/Test-iphonesimulator/PicPacPoeUITests.build/ProductTypeInfoPlistAdditions.plist

WriteAuxiliaryFile /tmp/picpac-phase3-recovery-lifecycle-derived-20260925/Build/Intermediates.noindex/PicPacPoe.build/Test-iphonesimulator/PicPacPoeUITests.build/PicPacPoeUITests.hmap (in target 'PicPacPoeUITests' from project 'PicPacPoe')
    cd /Users/bavabangaru/Developer/pic-pac-poe-ios-native-parity/ios
    write-file /tmp/picpac-phase3-recovery-lifecycle-derived-20260925/Build/Intermediates.noindex/PicPacPoe.build/Test-iphonesimulator/PicPacPoeUITests.build/PicPacPoeUITests.hmap

WriteAuxiliaryFile /tmp/picpac-phase3-recovery-lifecycle-derived-20260925/Build/Intermediates.noindex/PicPacPoe.build/Test-iphonesimulator/PicPacPoeUITests.build/PicPacPoeUITests.DependencyStaticMetadataFileList (in target 'PicPacPoeUITests' from project 'PicPacPoe')
    cd /Users/bavabangaru/Developer/pic-pac-poe-ios-native-parity/ios
    write-file /tmp/picpac-phase3-recovery-lifecycle-derived-20260925/Build/Intermediates.noindex/PicPacPoe.build/Test-iphonesimulator/PicPacPoeUITests.build/PicPacPoeUITests.DependencyStaticMetadataFileList

WriteAuxiliaryFile /tmp/picpac-phase3-recovery-lifecycle-derived-20260925/Build/Intermediates.noindex/PicPacPoe.build/Test-iphonesimulator/PicPacPoeUITests.build/PicPacPoeUITests.DependencyMetadataFileList (in target 'PicPacPoeUITests' from project 'PicPacPoe')
    cd /Users/bavabangaru/Developer/pic-pac-poe-ios-native-parity/ios
    write-file /tmp/picpac-phase3-recovery-lifecycle-derived-20260925/Build/Intermediates.noindex/PicPacPoe.build/Test-iphonesimulator/PicPacPoeUITests.build/PicPacPoeUITests.DependencyMetadataFileList

WriteAuxiliaryFile /tmp/picpac-phase3-recovery-lifecycle-derived-20260925/Build/Intermediates.noindex/PicPacPoe.build/Test-iphonesimulator/PicPacPoeUITests.build/PicPacPoeUITests-project-headers.hmap (in target 'PicPacPoeUITests' from project 'PicPacPoe')
    cd /Users/bavabangaru/Developer/pic-pac-poe-ios-native-parity/ios
    write-file /tmp/picpac-phase3-recovery-lifecycle-derived-20260925/Build/Intermediates.noindex/PicPacPoe.build/Test-iphonesimulator/PicPacPoeUITests.build/PicPacPoeUITests-project-headers.hmap

WriteAuxiliaryFile /tmp/picpac-phase3-recovery-lifecycle-derived-20260925/Build/Intermediates.noindex/PicPacPoe.build/Test-iphonesimulator/PicPacPoeUITests.build/PicPacPoeUITests-own-target-headers.hmap (in target 'PicPacPoeUITests' from project 'PicPacPoe')
    cd /Users/bavabangaru/Developer/pic-pac-poe-ios-native-parity/ios
    write-file /tmp/picpac-phase3-recovery-lifecycle-derived-20260925/Build/Intermediates.noindex/PicPacPoe.build/Test-iphonesimulator/PicPacPoeUITests.build/PicPacPoeUITests-own-target-headers.hmap

WriteAuxiliaryFile /tmp/picpac-phase3-recovery-lifecycle-derived-20260925/Build/Intermediates.noindex/PicPacPoe.build/Test-iphonesimulator/PicPacPoeUITests.build/PicPacPoeUITests-generated-files.hmap (in target 'PicPacPoeUITests' from project 'PicPacPoe')
    cd /Users/bavabangaru/Developer/pic-pac-poe-ios-native-parity/ios
    write-file /tmp/picpac-phase3-recovery-lifecycle-derived-20260925/Build/Intermediates.noindex/PicPacPoe.build/Test-iphonesimulator/PicPacPoeUITests.build/PicPacPoeUITests-generated-files.hmap

WriteAuxiliaryFile /tmp/picpac-phase3-recovery-lifecycle-derived-20260925/Build/Intermediates.noindex/PicPacPoe.build/Test-iphonesimulator/PicPacPoeUITests.build/PicPacPoeUITests-all-target-headers.hmap (in target 'PicPacPoeUITests' from project 'PicPacPoe')
    cd /Users/bavabangaru/Developer/pic-pac-poe-ios-native-parity/ios
    write-file /tmp/picpac-phase3-recovery-lifecycle-derived-20260925/Build/Intermediates.noindex/PicPacPoe.build/Test-iphonesimulator/PicPacPoeUITests.build/PicPacPoeUITests-all-target-headers.hmap

WriteAuxiliaryFile /tmp/picpac-phase3-recovery-lifecycle-derived-20260925/Build/Intermediates.noindex/PicPacPoe.build/Test-iphonesimulator/PicPacPoeUITests.build/PicPacPoeUITests-all-non-framework-target-headers.hmap (in target 'PicPacPoeUITests' from project 'PicPacPoe')
    cd /Users/bavabangaru/Developer/pic-pac-poe-ios-native-parity/ios
    write-file /tmp/picpac-phase3-recovery-lifecycle-derived-20260925/Build/Intermediates.noindex/PicPacPoe.build/Test-iphonesimulator/PicPacPoeUITests.build/PicPacPoeUITests-all-non-framework-target-headers.hmap

WriteAuxiliaryFile /tmp/picpac-phase3-recovery-lifecycle-derived-20260925/Build/Intermediates.noindex/PicPacPoe.build/Test-iphonesimulator/PicPacPoeUITests.build/Objects-normal/arm64/PicPacPoeUITests_const_extract_protocols.json (in target 'PicPacPoeUITests' from project 'PicPacPoe')
    cd /Users/bavabangaru/Developer/pic-pac-poe-ios-native-parity/ios
    write-file /tmp/picpac-phase3-recovery-lifecycle-derived-20260925/Build/Intermediates.noindex/PicPacPoe.build/Test-iphonesimulator/PicPacPoeUITests.build/Objects-normal/arm64/PicPacPoeUITests_const_extract_protocols.json

WriteAuxiliaryFile /tmp/picpac-phase3-recovery-lifecycle-derived-20260925/Build/Intermediates.noindex/PicPacPoe.build/Test-iphonesimulator/PicPacPoeUITests.build/Objects-normal/arm64/PicPacPoeUITests.SwiftFileList (in target 'PicPacPoeUITests' from project 'PicPacPoe')
    cd /Users/bavabangaru/Developer/pic-pac-poe-ios-native-parity/ios
    write-file /tmp/picpac-phase3-recovery-lifecycle-derived-20260925/Build/Intermediates.noindex/PicPacPoe.build/Test-iphonesimulator/PicPacPoeUITests.build/Objects-normal/arm64/PicPacPoeUITests.SwiftFileList

WriteAuxiliaryFile /tmp/picpac-phase3-recovery-lifecycle-derived-20260925/Build/Intermediates.noindex/PicPacPoe.build/Test-iphonesimulator/PicPacPoeUITests.build/Objects-normal/arm64/PicPacPoeUITests.SwiftConstValuesFileList (in target 'PicPacPoeUITests' from project 'PicPacPoe')
    cd /Users/bavabangaru/Developer/pic-pac-poe-ios-native-parity/ios
    write-file /tmp/picpac-phase3-recovery-lifecycle-derived-20260925/Build/Intermediates.noindex/PicPacPoe.build/Test-iphonesimulator/PicPacPoeUITests.build/Objects-normal/arm64/PicPacPoeUITests.SwiftConstValuesFileList

WriteAuxiliaryFile /tmp/picpac-phase3-recovery-lifecycle-derived-20260925/Build/Intermediates.noindex/PicPacPoe.build/Test-iphonesimulator/PicPacPoeUITests.build/Objects-normal/arm64/PicPacPoeUITests.LinkFileList (in target 'PicPacPoeUITests' from project 'PicPacPoe')
    cd /Users/bavabangaru/Developer/pic-pac-poe-ios-native-parity/ios
    write-file /tmp/picpac-phase3-recovery-lifecycle-derived-20260925/Build/Intermediates.noindex/PicPacPoe.build/Test-iphonesimulator/PicPacPoeUITests.build/Objects-normal/arm64/PicPacPoeUITests.LinkFileList

WriteAuxiliaryFile /tmp/picpac-phase3-recovery-lifecycle-derived-20260925/Build/Intermediates.noindex/PicPacPoe.build/Test-iphonesimulator/PicPacPoeUITests.build/Objects-normal/arm64/PicPacPoeUITests-OutputFileMap.json (in target 'PicPacPoeUITests' from project 'PicPacPoe')
    cd /Users/bavabangaru/Developer/pic-pac-poe-ios-native-parity/ios
    write-file /tmp/picpac-phase3-recovery-lifecycle-derived-20260925/Build/Intermediates.noindex/PicPacPoe.build/Test-iphonesimulator/PicPacPoeUITests.build/Objects-normal/arm64/PicPacPoeUITests-OutputFileMap.json

WriteAuxiliaryFile /tmp/picpac-phase3-recovery-lifecycle-derived-20260925/Build/Intermediates.noindex/PicPacPoe.build/Test-iphonesimulator/PicPacPoeTests.build/empty-PicPacPoeTests.plist (in target 'PicPacPoeTests' from project 'PicPacPoe')
    cd /Users/bavabangaru/Developer/pic-pac-poe-ios-native-parity/ios
    write-file /tmp/picpac-phase3-recovery-lifecycle-derived-20260925/Build/Intermediates.noindex/PicPacPoe.build/Test-iphonesimulator/PicPacPoeTests.build/empty-PicPacPoeTests.plist

WriteAuxiliaryFile /tmp/picpac-phase3-recovery-lifecycle-derived-20260925/Build/Intermediates.noindex/PicPacPoe.build/Test-iphonesimulator/PicPacPoeTests.build/PicPacPoeTests.hmap (in target 'PicPacPoeTests' from project 'PicPacPoe')
    cd /Users/bavabangaru/Developer/pic-pac-poe-ios-native-parity/ios
    write-file /tmp/picpac-phase3-recovery-lifecycle-derived-20260925/Build/Intermediates.noindex/PicPacPoe.build/Test-iphonesimulator/PicPacPoeTests.build/PicPacPoeTests.hmap

WriteAuxiliaryFile /tmp/picpac-phase3-recovery-lifecycle-derived-20260925/Build/Intermediates.noindex/PicPacPoe.build/Test-iphonesimulator/PicPacPoeTests.build/PicPacPoeTests.DependencyStaticMetadataFileList (in target 'PicPacPoeTests' from project 'PicPacPoe')
    cd /Users/bavabangaru/Developer/pic-pac-poe-ios-native-parity/ios
    write-file /tmp/picpac-phase3-recovery-lifecycle-derived-20260925/Build/Intermediates.noindex/PicPacPoe.build/Test-iphonesimulator/PicPacPoeTests.build/PicPacPoeTests.DependencyStaticMetadataFileList

WriteAuxiliaryFile /tmp/picpac-phase3-recovery-lifecycle-derived-20260925/Build/Intermediates.noindex/PicPacPoe.build/Test-iphonesimulator/PicPacPoeTests.build/PicPacPoeTests.DependencyMetadataFileList (in target 'PicPacPoeTests' from project 'PicPacPoe')
    cd /Users/bavabangaru/Developer/pic-pac-poe-ios-native-parity/ios
    write-file /tmp/picpac-phase3-recovery-lifecycle-derived-20260925/Build/Intermediates.noindex/PicPacPoe.build/Test-iphonesimulator/PicPacPoeTests.build/PicPacPoeTests.DependencyMetadataFileList

WriteAuxiliaryFile /tmp/picpac-phase3-recovery-lifecycle-derived-20260925/Build/Intermediates.noindex/PicPacPoe.build/Test-iphonesimulator/PicPacPoeTests.build/PicPacPoeTests-project-headers.hmap (in target 'PicPacPoeTests' from project 'PicPacPoe')
    cd /Users/bavabangaru/Developer/pic-pac-poe-ios-native-parity/ios
    write-file /tmp/picpac-phase3-recovery-lifecycle-derived-20260925/Build/Intermediates.noindex/PicPacPoe.build/Test-iphonesimulator/PicPacPoeTests.build/PicPacPoeTests-project-headers.hmap

WriteAuxiliaryFile /tmp/picpac-phase3-recovery-lifecycle-derived-20260925/Build/Intermediates.noindex/PicPacPoe.build/Test-iphonesimulator/PicPacPoeTests.build/PicPacPoeTests-own-target-headers.hmap (in target 'PicPacPoeTests' from project 'PicPacPoe')
    cd /Users/bavabangaru/Developer/pic-pac-poe-ios-native-parity/ios
    write-file /tmp/picpac-phase3-recovery-lifecycle-derived-20260925/Build/Intermediates.noindex/PicPacPoe.build/Test-iphonesimulator/PicPacPoeTests.build/PicPacPoeTests-own-target-headers.hmap

WriteAuxiliaryFile /tmp/picpac-phase3-recovery-lifecycle-derived-20260925/Build/Intermediates.noindex/PicPacPoe.build/Test-iphonesimulator/PicPacPoeTests.build/PicPacPoeTests-generated-files.hmap (in target 'PicPacPoeTests' from project 'PicPacPoe')
    cd /Users/bavabangaru/Developer/pic-pac-poe-ios-native-parity/ios
    write-file /tmp/picpac-phase3-recovery-lifecycle-derived-20260925/Build/Intermediates.noindex/PicPacPoe.build/Test-iphonesimulator/PicPacPoeTests.build/PicPacPoeTests-generated-files.hmap

WriteAuxiliaryFile /tmp/picpac-phase3-recovery-lifecycle-derived-20260925/Build/Intermediates.noindex/PicPacPoe.build/Test-iphonesimulator/PicPacPoeTests.build/PicPacPoeTests-all-target-headers.hmap (in target 'PicPacPoeTests' from project 'PicPacPoe')
    cd /Users/bavabangaru/Developer/pic-pac-poe-ios-native-parity/ios
    write-file /tmp/picpac-phase3-recovery-lifecycle-derived-20260925/Build/Intermediates.noindex/PicPacPoe.build/Test-iphonesimulator/PicPacPoeTests.build/PicPacPoeTests-all-target-headers.hmap

WriteAuxiliaryFile /tmp/picpac-phase3-recovery-lifecycle-derived-20260925/Build/Intermediates.noindex/PicPacPoe.build/Test-iphonesimulator/PicPacPoeTests.build/PicPacPoeTests-all-non-framework-target-headers.hmap (in target 'PicPacPoeTests' from project 'PicPacPoe')
    cd /Users/bavabangaru/Developer/pic-pac-poe-ios-native-parity/ios
    write-file /tmp/picpac-phase3-recovery-lifecycle-derived-20260925/Build/Intermediates.noindex/PicPacPoe.build/Test-iphonesimulator/PicPacPoeTests.build/PicPacPoeTests-all-non-framework-target-headers.hmap

WriteAuxiliaryFile /tmp/picpac-phase3-recovery-lifecycle-derived-20260925/Build/Intermediates.noindex/PicPacPoe.build/Test-iphonesimulator/PicPacPoeTests.build/Objects-normal/arm64/PicPacPoeTests_const_extract_protocols.json (in target 'PicPacPoeTests' from project 'PicPacPoe')
    cd /Users/bavabangaru/Developer/pic-pac-poe-ios-native-parity/ios
    write-file /tmp/picpac-phase3-recovery-lifecycle-derived-20260925/Build/Intermediates.noindex/PicPacPoe.build/Test-iphonesimulator/PicPacPoeTests.build/Objects-normal/arm64/PicPacPoeTests_const_extract_protocols.json

WriteAuxiliaryFile /tmp/picpac-phase3-recovery-lifecycle-derived-20260925/Build/Intermediates.noindex/PicPacPoe.build/Test-iphonesimulator/PicPacPoeTests.build/Objects-normal/arm64/PicPacPoeTests.SwiftFileList (in target 'PicPacPoeTests' from project 'PicPacPoe')
    cd /Users/bavabangaru/Developer/pic-pac-poe-ios-native-parity/ios
    write-file /tmp/picpac-phase3-recovery-lifecycle-derived-20260925/Build/Intermediates.noindex/PicPacPoe.build/Test-iphonesimulator/PicPacPoeTests.build/Objects-normal/arm64/PicPacPoeTests.SwiftFileList

WriteAuxiliaryFile /tmp/picpac-phase3-recovery-lifecycle-derived-20260925/Build/Intermediates.noindex/PicPacPoe.build/Test-iphonesimulator/PicPacPoeTests.build/Objects-normal/arm64/PicPacPoeTests.SwiftConstValuesFileList (in target 'PicPacPoeTests' from project 'PicPacPoe')
    cd /Users/bavabangaru/Developer/pic-pac-poe-ios-native-parity/ios
    write-file /tmp/picpac-phase3-recovery-lifecycle-derived-20260925/Build/Intermediates.noindex/PicPacPoe.build/Test-iphonesimulator/PicPacPoeTests.build/Objects-normal/arm64/PicPacPoeTests.SwiftConstValuesFileList

WriteAuxiliaryFile /tmp/picpac-phase3-recovery-lifecycle-derived-20260925/Build/Intermediates.noindex/PicPacPoe.build/Test-iphonesimulator/PicPacPoeTests.build/Objects-normal/arm64/PicPacPoeTests.LinkFileList (in target 'PicPacPoeTests' from project 'PicPacPoe')
    cd /Users/bavabangaru/Developer/pic-pac-poe-ios-native-parity/ios
    write-file /tmp/picpac-phase3-recovery-lifecycle-derived-20260925/Build/Intermediates.noindex/PicPacPoe.build/Test-iphonesimulator/PicPacPoeTests.build/Objects-normal/arm64/PicPacPoeTests.LinkFileList

WriteAuxiliaryFile /tmp/picpac-phase3-recovery-lifecycle-derived-20260925/Build/Intermediates.noindex/PicPacPoe.build/Test-iphonesimulator/PicPacPoeTests.build/Objects-normal/arm64/PicPacPoeTests-OutputFileMap.json (in target 'PicPacPoeTests' from project 'PicPacPoe')
    cd /Users/bavabangaru/Developer/pic-pac-poe-ios-native-parity/ios
    write-file /tmp/picpac-phase3-recovery-lifecycle-derived-20260925/Build/Intermediates.noindex/PicPacPoe.build/Test-iphonesimulator/PicPacPoeTests.build/Objects-normal/arm64/PicPacPoeTests-OutputFileMap.json

WriteAuxiliaryFile /tmp/picpac-phase3-recovery-lifecycle-derived-20260925/Build/Intermediates.noindex/PicPacPoe.build/Test-iphonesimulator/PicPacPoe.build/PicPacPoe.hmap (in target 'PicPacPoe' from project 'PicPacPoe')
    cd /Users/bavabangaru/Developer/pic-pac-poe-ios-native-parity/ios
    write-file /tmp/picpac-phase3-recovery-lifecycle-derived-20260925/Build/Intermediates.noindex/PicPacPoe.build/Test-iphonesimulator/PicPacPoe.build/PicPacPoe.hmap

WriteAuxiliaryFile /tmp/picpac-phase3-recovery-lifecycle-derived-20260925/Build/Intermediates.noindex/PicPacPoe.build/Test-iphonesimulator/PicPacPoe.build/PicPacPoe.DependencyStaticMetadataFileList (in target 'PicPacPoe' from project 'PicPacPoe')
    cd /Users/bavabangaru/Developer/pic-pac-poe-ios-native-parity/ios
    write-file /tmp/picpac-phase3-recovery-lifecycle-derived-20260925/Build/Intermediates.noindex/PicPacPoe.build/Test-iphonesimulator/PicPacPoe.build/PicPacPoe.DependencyStaticMetadataFileList

WriteAuxiliaryFile /tmp/picpac-phase3-recovery-lifecycle-derived-20260925/Build/Intermediates.noindex/PicPacPoe.build/Test-iphonesimulator/PicPacPoe.build/PicPacPoe.DependencyMetadataFileList (in target 'PicPacPoe' from project 'PicPacPoe')
    cd /Users/bavabangaru/Developer/pic-pac-poe-ios-native-parity/ios
    write-file /tmp/picpac-phase3-recovery-lifecycle-derived-20260925/Build/Intermediates.noindex/PicPacPoe.build/Test-iphonesimulator/PicPacPoe.build/PicPacPoe.DependencyMetadataFileList

WriteAuxiliaryFile /tmp/picpac-phase3-recovery-lifecycle-derived-20260925/Build/Intermediates.noindex/PicPacPoe.build/Test-iphonesimulator/PicPacPoe.build/PicPacPoe-project-headers.hmap (in target 'PicPacPoe' from project 'PicPacPoe')
    cd /Users/bavabangaru/Developer/pic-pac-poe-ios-native-parity/ios
    write-file /tmp/picpac-phase3-recovery-lifecycle-derived-20260925/Build/Intermediates.noindex/PicPacPoe.build/Test-iphonesimulator/PicPacPoe.build/PicPacPoe-project-headers.hmap

WriteAuxiliaryFile /tmp/picpac-phase3-recovery-lifecycle-derived-20260925/Build/Intermediates.noindex/PicPacPoe.build/Test-iphonesimulator/PicPacPoe.build/PicPacPoe-own-target-headers.hmap (in target 'PicPacPoe' from project 'PicPacPoe')
    cd /Users/bavabangaru/Developer/pic-pac-poe-ios-native-parity/ios
    write-file /tmp/picpac-phase3-recovery-lifecycle-derived-20260925/Build/Intermediates.noindex/PicPacPoe.build/Test-iphonesimulator/PicPacPoe.build/PicPacPoe-own-target-headers.hmap

WriteAuxiliaryFile /tmp/picpac-phase3-recovery-lifecycle-derived-20260925/Build/Intermediates.noindex/PicPacPoe.build/Test-iphonesimulator/PicPacPoe.build/PicPacPoe-generated-files.hmap (in target 'PicPacPoe' from project 'PicPacPoe')
    cd /Users/bavabangaru/Developer/pic-pac-poe-ios-native-parity/ios
    write-file /tmp/picpac-phase3-recovery-lifecycle-derived-20260925/Build/Intermediates.noindex/PicPacPoe.build/Test-iphonesimulator/PicPacPoe.build/PicPacPoe-generated-files.hmap

WriteAuxiliaryFile /tmp/picpac-phase3-recovery-lifecycle-derived-20260925/Build/Intermediates.noindex/PicPacPoe.build/Test-iphonesimulator/PicPacPoe.build/PicPacPoe-all-target-headers.hmap (in target 'PicPacPoe' from project 'PicPacPoe')
    cd /Users/bavabangaru/Developer/pic-pac-poe-ios-native-parity/ios
    write-file /tmp/picpac-phase3-recovery-lifecycle-derived-20260925/Build/Intermediates.noindex/PicPacPoe.build/Test-iphonesimulator/PicPacPoe.build/PicPacPoe-all-target-headers.hmap

WriteAuxiliaryFile /tmp/picpac-phase3-recovery-lifecycle-derived-20260925/Build/Intermediates.noindex/PicPacPoe.build/Test-iphonesimulator/PicPacPoe.build/PicPacPoe-all-non-framework-target-headers.hmap (in target 'PicPacPoe' from project 'PicPacPoe')
    cd /Users/bavabangaru/Developer/pic-pac-poe-ios-native-parity/ios
    write-file /tmp/picpac-phase3-recovery-lifecycle-derived-20260925/Build/Intermediates.noindex/PicPacPoe.build/Test-iphonesimulator/PicPacPoe.build/PicPacPoe-all-non-framework-target-headers.hmap

WriteAuxiliaryFile /tmp/picpac-phase3-recovery-lifecycle-derived-20260925/Build/Intermediates.noindex/PicPacPoe.build/Test-iphonesimulator/PicPacPoe.build/PicPacPoe-DebugDylibPath-normal-arm64.txt (in target 'PicPacPoe' from project 'PicPacPoe')
    cd /Users/bavabangaru/Developer/pic-pac-poe-ios-native-parity/ios
    write-file /tmp/picpac-phase3-recovery-lifecycle-derived-20260925/Build/Intermediates.noindex/PicPacPoe.build/Test-iphonesimulator/PicPacPoe.build/PicPacPoe-DebugDylibPath-normal-arm64.txt

WriteAuxiliaryFile /tmp/picpac-phase3-recovery-lifecycle-derived-20260925/Build/Intermediates.noindex/PicPacPoe.build/Test-iphonesimulator/PicPacPoe.build/PicPacPoe-DebugDylibInstallName-normal-arm64.txt (in target 'PicPacPoe' from project 'PicPacPoe')
    cd /Users/bavabangaru/Developer/pic-pac-poe-ios-native-parity/ios
    write-file /tmp/picpac-phase3-recovery-lifecycle-derived-20260925/Build/Intermediates.noindex/PicPacPoe.build/Test-iphonesimulator/PicPacPoe.build/PicPacPoe-DebugDylibInstallName-normal-arm64.txt

WriteAuxiliaryFile /tmp/picpac-phase3-recovery-lifecycle-derived-20260925/Build/Intermediates.noindex/PicPacPoe.build/Test-iphonesimulator/PicPacPoe.build/Objects-normal/arm64/PicPacPoe_const_extract_protocols.json (in target 'PicPacPoe' from project 'PicPacPoe')
    cd /Users/bavabangaru/Developer/pic-pac-poe-ios-native-parity/ios
    write-file /tmp/picpac-phase3-recovery-lifecycle-derived-20260925/Build/Intermediates.noindex/PicPacPoe.build/Test-iphonesimulator/PicPacPoe.build/Objects-normal/arm64/PicPacPoe_const_extract_protocols.json

WriteAuxiliaryFile /tmp/picpac-phase3-recovery-lifecycle-derived-20260925/Build/Intermediates.noindex/PicPacPoe.build/Test-iphonesimulator/PicPacPoe.build/Objects-normal/arm64/PicPacPoe.SwiftFileList (in target 'PicPacPoe' from project 'PicPacPoe')
    cd /Users/bavabangaru/Developer/pic-pac-poe-ios-native-parity/ios
    write-file /tmp/picpac-phase3-recovery-lifecycle-derived-20260925/Build/Intermediates.noindex/PicPacPoe.build/Test-iphonesimulator/PicPacPoe.build/Objects-normal/arm64/PicPacPoe.SwiftFileList

WriteAuxiliaryFile /tmp/picpac-phase3-recovery-lifecycle-derived-20260925/Build/Intermediates.noindex/PicPacPoe.build/Test-iphonesimulator/PicPacPoe.build/Objects-normal/arm64/PicPacPoe.SwiftConstValuesFileList (in target 'PicPacPoe' from project 'PicPacPoe')
    cd /Users/bavabangaru/Developer/pic-pac-poe-ios-native-parity/ios
    write-file /tmp/picpac-phase3-recovery-lifecycle-derived-20260925/Build/Intermediates.noindex/PicPacPoe.build/Test-iphonesimulator/PicPacPoe.build/Objects-normal/arm64/PicPacPoe.SwiftConstValuesFileList

WriteAuxiliaryFile /tmp/picpac-phase3-recovery-lifecycle-derived-20260925/Build/Intermediates.noindex/PicPacPoe.build/Test-iphonesimulator/PicPacPoe.build/Objects-normal/arm64/PicPacPoe.LinkFileList (in target 'PicPacPoe' from project 'PicPacPoe')
    cd /Users/bavabangaru/Developer/pic-pac-poe-ios-native-parity/ios
    write-file /tmp/picpac-phase3-recovery-lifecycle-derived-20260925/Build/Intermediates.noindex/PicPacPoe.build/Test-iphonesimulator/PicPacPoe.build/Objects-normal/arm64/PicPacPoe.LinkFileList

WriteAuxiliaryFile /tmp/picpac-phase3-recovery-lifecycle-derived-20260925/Build/Intermediates.noindex/PicPacPoe.build/Test-iphonesimulator/PicPacPoe.build/Objects-normal/arm64/PicPacPoe-OutputFileMap.json (in target 'PicPacPoe' from project 'PicPacPoe')
    cd /Users/bavabangaru/Developer/pic-pac-poe-ios-native-parity/ios
    write-file /tmp/picpac-phase3-recovery-lifecycle-derived-20260925/Build/Intermediates.noindex/PicPacPoe.build/Test-iphonesimulator/PicPacPoe.build/Objects-normal/arm64/PicPacPoe-OutputFileMap.json

WriteAuxiliaryFile /tmp/picpac-phase3-recovery-lifecycle-derived-20260925/Build/Intermediates.noindex/PicPacKit.build/Test-iphonesimulator/PicPacKit_PicPacAI.build/empty-PicPacKit_PicPacAI.plist (in target 'PicPacKit_PicPacAI' from project 'PicPacKit')
    cd /Users/bavabangaru/Developer/pic-pac-poe-ios-native-parity/ios/Packages/PicPacKit
    write-file /tmp/picpac-phase3-recovery-lifecycle-derived-20260925/Build/Intermediates.noindex/PicPacKit.build/Test-iphonesimulator/PicPacKit_PicPacAI.build/empty-PicPacKit_PicPacAI.plist

WriteAuxiliaryFile /tmp/picpac-phase3-recovery-lifecycle-derived-20260925/Build/Intermediates.noindex/PicPacKit.build/Test-iphonesimulator/PicPacKit_PicPacAI.build/PicPacKit_PicPacAI.DependencyStaticMetadataFileList (in target 'PicPacKit_PicPacAI' from project 'PicPacKit')
    cd /Users/bavabangaru/Developer/pic-pac-poe-ios-native-parity/ios/Packages/PicPacKit
    write-file /tmp/picpac-phase3-recovery-lifecycle-derived-20260925/Build/Intermediates.noindex/PicPacKit.build/Test-iphonesimulator/PicPacKit_PicPacAI.build/PicPacKit_PicPacAI.DependencyStaticMetadataFileList

WriteAuxiliaryFile /tmp/picpac-phase3-recovery-lifecycle-derived-20260925/Build/Intermediates.noindex/PicPacKit.build/Test-iphonesimulator/PicPacKit_PicPacAI.build/PicPacKit_PicPacAI.DependencyMetadataFileList (in target 'PicPacKit_PicPacAI' from project 'PicPacKit')
    cd /Users/bavabangaru/Developer/pic-pac-poe-ios-native-parity/ios/Packages/PicPacKit
    write-file /tmp/picpac-phase3-recovery-lifecycle-derived-20260925/Build/Intermediates.noindex/PicPacKit.build/Test-iphonesimulator/PicPacKit_PicPacAI.build/PicPacKit_PicPacAI.DependencyMetadataFileList

WriteAuxiliaryFile /tmp/picpac-phase3-recovery-lifecycle-derived-20260925/Build/Intermediates.noindex/PicPacKit.build/Test-iphonesimulator/PicPacCore.build/PicPacCore.modulemap (in target 'PicPacCore' from project 'PicPacKit')
    cd /Users/bavabangaru/Developer/pic-pac-poe-ios-native-parity/ios/Packages/PicPacKit
    write-file /tmp/picpac-phase3-recovery-lifecycle-derived-20260925/Build/Intermediates.noindex/PicPacKit.build/Test-iphonesimulator/PicPacCore.build/PicPacCore.modulemap

WriteAuxiliaryFile /tmp/picpac-phase3-recovery-lifecycle-derived-20260925/Build/Intermediates.noindex/PicPacKit.build/Test-iphonesimulator/PicPacCore.build/PicPacCore.DependencyStaticMetadataFileList (in target 'PicPacCore' from project 'PicPacKit')
    cd /Users/bavabangaru/Developer/pic-pac-poe-ios-native-parity/ios/Packages/PicPacKit
    write-file /tmp/picpac-phase3-recovery-lifecycle-derived-20260925/Build/Intermediates.noindex/PicPacKit.build/Test-iphonesimulator/PicPacCore.build/PicPacCore.DependencyStaticMetadataFileList

WriteAuxiliaryFile /tmp/picpac-phase3-recovery-lifecycle-derived-20260925/Build/Intermediates.noindex/PicPacKit.build/Test-iphonesimulator/PicPacCore.build/PicPacCore.DependencyMetadataFileList (in target 'PicPacCore' from project 'PicPacKit')
    cd /Users/bavabangaru/Developer/pic-pac-poe-ios-native-parity/ios/Packages/PicPacKit
    write-file /tmp/picpac-phase3-recovery-lifecycle-derived-20260925/Build/Intermediates.noindex/PicPacKit.build/Test-iphonesimulator/PicPacCore.build/PicPacCore.DependencyMetadataFileList

WriteAuxiliaryFile /tmp/picpac-phase3-recovery-lifecycle-derived-20260925/Build/Intermediates.noindex/PicPacKit.build/Test-iphonesimulator/PicPacCore.build/Objects-normal/arm64/PicPacCore_const_extract_protocols.json (in target 'PicPacCore' from project 'PicPacKit')
    cd /Users/bavabangaru/Developer/pic-pac-poe-ios-native-parity/ios/Packages/PicPacKit
    write-file /tmp/picpac-phase3-recovery-lifecycle-derived-20260925/Build/Intermediates.noindex/PicPacKit.build/Test-iphonesimulator/PicPacCore.build/Objects-normal/arm64/PicPacCore_const_extract_protocols.json

WriteAuxiliaryFile /tmp/picpac-phase3-recovery-lifecycle-derived-20260925/Build/Intermediates.noindex/PicPacKit.build/Test-iphonesimulator/PicPacCore.build/Objects-normal/arm64/PicPacCore.SwiftFileList (in target 'PicPacCore' from project 'PicPacKit')
    cd /Users/bavabangaru/Developer/pic-pac-poe-ios-native-parity/ios/Packages/PicPacKit
    write-file /tmp/picpac-phase3-recovery-lifecycle-derived-20260925/Build/Intermediates.noindex/PicPacKit.build/Test-iphonesimulator/PicPacCore.build/Objects-normal/arm64/PicPacCore.SwiftFileList

WriteAuxiliaryFile /tmp/picpac-phase3-recovery-lifecycle-derived-20260925/Build/Intermediates.noindex/PicPacKit.build/Test-iphonesimulator/PicPacCore.build/Objects-normal/arm64/PicPacCore.SwiftConstValuesFileList (in target 'PicPacCore' from project 'PicPacKit')
    cd /Users/bavabangaru/Developer/pic-pac-poe-ios-native-parity/ios/Packages/PicPacKit
    write-file /tmp/picpac-phase3-recovery-lifecycle-derived-20260925/Build/Intermediates.noindex/PicPacKit.build/Test-iphonesimulator/PicPacCore.build/Objects-normal/arm64/PicPacCore.SwiftConstValuesFileList

WriteAuxiliaryFile /tmp/picpac-phase3-recovery-lifecycle-derived-20260925/Build/Intermediates.noindex/PicPacKit.build/Test-iphonesimulator/PicPacCore.build/Objects-normal/arm64/PicPacCore.LinkFileList (in target 'PicPacCore' from project 'PicPacKit')
    cd /Users/bavabangaru/Developer/pic-pac-poe-ios-native-parity/ios/Packages/PicPacKit
    write-file /tmp/picpac-phase3-recovery-lifecycle-derived-20260925/Build/Intermediates.noindex/PicPacKit.build/Test-iphonesimulator/PicPacCore.build/Objects-normal/arm64/PicPacCore.LinkFileList

WriteAuxiliaryFile /tmp/picpac-phase3-recovery-lifecycle-derived-20260925/Build/Intermediates.noindex/PicPacKit.build/Test-iphonesimulator/PicPacCore.build/Objects-normal/arm64/PicPacCore-OutputFileMap.json (in target 'PicPacCore' from project 'PicPacKit')
    cd /Users/bavabangaru/Developer/pic-pac-poe-ios-native-parity/ios/Packages/PicPacKit
    write-file /tmp/picpac-phase3-recovery-lifecycle-derived-20260925/Build/Intermediates.noindex/PicPacKit.build/Test-iphonesimulator/PicPacCore.build/Objects-normal/arm64/PicPacCore-OutputFileMap.json

WriteAuxiliaryFile /tmp/picpac-phase3-recovery-lifecycle-derived-20260925/Build/Intermediates.noindex/PicPacKit.build/Test-iphonesimulator/PicPacAI.build/PicPacAI.DependencyStaticMetadataFileList (in target 'PicPacAI' from project 'PicPacKit')
    cd /Users/bavabangaru/Developer/pic-pac-poe-ios-native-parity/ios/Packages/PicPacKit
    write-file /tmp/picpac-phase3-recovery-lifecycle-derived-20260925/Build/Intermediates.noindex/PicPacKit.build/Test-iphonesimulator/PicPacAI.build/PicPacAI.DependencyStaticMetadataFileList

WriteAuxiliaryFile /tmp/picpac-phase3-recovery-lifecycle-derived-20260925/Build/Intermediates.noindex/PicPacKit.build/Test-iphonesimulator/PicPacAI.build/PicPacAI.modulemap (in target 'PicPacAI' from project 'PicPacKit')
    cd /Users/bavabangaru/Developer/pic-pac-poe-ios-native-parity/ios/Packages/PicPacKit
    write-file /tmp/picpac-phase3-recovery-lifecycle-derived-20260925/Build/Intermediates.noindex/PicPacKit.build/Test-iphonesimulator/PicPacAI.build/PicPacAI.modulemap

WriteAuxiliaryFile /tmp/picpac-phase3-recovery-lifecycle-derived-20260925/Build/Intermediates.noindex/PicPacKit.build/Test-iphonesimulator/PicPacAI.build/PicPacAI.DependencyMetadataFileList (in target 'PicPacAI' from project 'PicPacKit')
    cd /Users/bavabangaru/Developer/pic-pac-poe-ios-native-parity/ios/Packages/PicPacKit
    write-file /tmp/picpac-phase3-recovery-lifecycle-derived-20260925/Build/Intermediates.noindex/PicPacKit.build/Test-iphonesimulator/PicPacAI.build/PicPacAI.DependencyMetadataFileList

Copy /tmp/picpac-phase3-recovery-lifecycle-derived-20260925/Build/Intermediates.noindex/GeneratedModuleMaps-iphonesimulator/PicPacCore.modulemap /tmp/picpac-phase3-recovery-lifecycle-derived-20260925/Build/Intermediates.noindex/PicPacKit.build/Test-iphonesimulator/PicPacCore.build/PicPacCore.modulemap (in target 'PicPacCore' from project 'PicPacKit')
    cd /Users/bavabangaru/Developer/pic-pac-poe-ios-native-parity/ios/Packages/PicPacKit
    builtin-copy -exclude .DS_Store -exclude CVS -exclude .svn -exclude .git -exclude .hg -strip-unsigned-binaries -strip-deterministic -strip-tool /Applications/Xcode.app/Contents/Developer/Toolchains/XcodeDefault.xctoolchain/usr/bin/strip -resolve-src-symlinks /tmp/picpac-phase3-recovery-lifecycle-derived-20260925/Build/Intermediates.noindex/PicPacKit.build/Test-iphonesimulator/PicPacCore.build/PicPacCore.modulemap /tmp/picpac-phase3-recovery-lifecycle-derived-20260925/Build/Intermediates.noindex/GeneratedModuleMaps-iphonesimulator

WriteAuxiliaryFile /tmp/picpac-phase3-recovery-lifecycle-derived-20260925/Build/Intermediates.noindex/PicPacKit.build/Test-iphonesimulator/PicPacAI.build/Objects-normal/arm64/PicPacAI_const_extract_protocols.json (in target 'PicPacAI' from project 'PicPacKit')
    cd /Users/bavabangaru/Developer/pic-pac-poe-ios-native-parity/ios/Packages/PicPacKit
    write-file /tmp/picpac-phase3-recovery-lifecycle-derived-20260925/Build/Intermediates.noindex/PicPacKit.build/Test-iphonesimulator/PicPacAI.build/Objects-normal/arm64/PicPacAI_const_extract_protocols.json

WriteAuxiliaryFile /tmp/picpac-phase3-recovery-lifecycle-derived-20260925/Build/Intermediates.noindex/PicPacKit.build/Test-iphonesimulator/PicPacAI.build/Objects-normal/arm64/PicPacAI.SwiftFileList (in target 'PicPacAI' from project 'PicPacKit')
    cd /Users/bavabangaru/Developer/pic-pac-poe-ios-native-parity/ios/Packages/PicPacKit
    write-file /tmp/picpac-phase3-recovery-lifecycle-derived-20260925/Build/Intermediates.noindex/PicPacKit.build/Test-iphonesimulator/PicPacAI.build/Objects-normal/arm64/PicPacAI.SwiftFileList

WriteAuxiliaryFile /tmp/picpac-phase3-recovery-lifecycle-derived-20260925/Build/Intermediates.noindex/PicPacKit.build/Test-iphonesimulator/PicPacAI.build/Objects-normal/arm64/PicPacAI.SwiftConstValuesFileList (in target 'PicPacAI' from project 'PicPacKit')
    cd /Users/bavabangaru/Developer/pic-pac-poe-ios-native-parity/ios/Packages/PicPacKit
    write-file /tmp/picpac-phase3-recovery-lifecycle-derived-20260925/Build/Intermediates.noindex/PicPacKit.build/Test-iphonesimulator/PicPacAI.build/Objects-normal/arm64/PicPacAI.SwiftConstValuesFileList

WriteAuxiliaryFile /tmp/picpac-phase3-recovery-lifecycle-derived-20260925/Build/Intermediates.noindex/PicPacKit.build/Test-iphonesimulator/PicPacAI.build/Objects-normal/arm64/PicPacAI.LinkFileList (in target 'PicPacAI' from project 'PicPacKit')
    cd /Users/bavabangaru/Developer/pic-pac-poe-ios-native-parity/ios/Packages/PicPacKit
    write-file /tmp/picpac-phase3-recovery-lifecycle-derived-20260925/Build/Intermediates.noindex/PicPacKit.build/Test-iphonesimulator/PicPacAI.build/Objects-normal/arm64/PicPacAI.LinkFileList

WriteAuxiliaryFile /tmp/picpac-phase3-recovery-lifecycle-derived-20260925/Build/Intermediates.noindex/PicPacKit.build/Test-iphonesimulator/PicPacAI.build/Objects-normal/arm64/PicPacAI-OutputFileMap.json (in target 'PicPacAI' from project 'PicPacKit')
    cd /Users/bavabangaru/Developer/pic-pac-poe-ios-native-parity/ios/Packages/PicPacKit
    write-file /tmp/picpac-phase3-recovery-lifecycle-derived-20260925/Build/Intermediates.noindex/PicPacKit.build/Test-iphonesimulator/PicPacAI.build/Objects-normal/arm64/PicPacAI-OutputFileMap.json

WriteAuxiliaryFile /tmp/picpac-phase3-recovery-lifecycle-derived-20260925/Build/Intermediates.noindex/PicPacKit.build/Test-iphonesimulator/PicPacAI.build/DerivedSources/resource_bundle_accessor.swift (in target 'PicPacAI' from project 'PicPacKit')
    cd /Users/bavabangaru/Developer/pic-pac-poe-ios-native-parity/ios/Packages/PicPacKit
    write-file /tmp/picpac-phase3-recovery-lifecycle-derived-20260925/Build/Intermediates.noindex/PicPacKit.build/Test-iphonesimulator/PicPacAI.build/DerivedSources/resource_bundle_accessor.swift

MkDir /tmp/picpac-phase3-recovery-lifecycle-derived-20260925/Build/Products/Test-iphonesimulator/PackageFrameworks/PicPacPresentation_-6026B0FB22E351C2_PackageProduct.framework (in target 'PicPacPresentation' from project 'PicPacKit')
    cd /Users/bavabangaru/Developer/pic-pac-poe-ios-native-parity/ios/Packages/PicPacKit
    /bin/mkdir -p /tmp/picpac-phase3-recovery-lifecycle-derived-20260925/Build/Products/Test-iphonesimulator/PackageFrameworks/PicPacPresentation_-6026B0FB22E351C2_PackageProduct.framework

MkDir /tmp/picpac-phase3-recovery-lifecycle-derived-20260925/Build/Products/Test-iphonesimulator/PicPacPoeUITests-Runner.app/PlugIns/PicPacPoeUITests.xctest (in target 'PicPacPoeUITests' from project 'PicPacPoe')
    cd /Users/bavabangaru/Developer/pic-pac-poe-ios-native-parity/ios
    /bin/mkdir -p /tmp/picpac-phase3-recovery-lifecycle-derived-20260925/Build/Products/Test-iphonesimulator/PicPacPoeUITests-Runner.app/PlugIns/PicPacPoeUITests.xctest

MkDir /tmp/picpac-phase3-recovery-lifecycle-derived-20260925/Build/Products/Test-iphonesimulator/PicPacPoe.app/PlugIns/PicPacPoeTests.xctest (in target 'PicPacPoeTests' from project 'PicPacPoe')
    cd /Users/bavabangaru/Developer/pic-pac-poe-ios-native-parity/ios
    /bin/mkdir -p /tmp/picpac-phase3-recovery-lifecycle-derived-20260925/Build/Products/Test-iphonesimulator/PicPacPoe.app/PlugIns/PicPacPoeTests.xctest

MkDir /tmp/picpac-phase3-recovery-lifecycle-derived-20260925/Build/Products/Test-iphonesimulator/PicPacPoe.app/PlugIns/PicPacPoeTests.xctest/Frameworks (in target 'PicPacPoeTests' from project 'PicPacPoe')
    cd /Users/bavabangaru/Developer/pic-pac-poe-ios-native-parity/ios
    /bin/mkdir -p /tmp/picpac-phase3-recovery-lifecycle-derived-20260925/Build/Products/Test-iphonesimulator/PicPacPoe.app/PlugIns/PicPacPoeTests.xctest/Frameworks

Copy /tmp/picpac-phase3-recovery-lifecycle-derived-20260925/Build/Intermediates.noindex/GeneratedModuleMaps-iphonesimulator/PicPacAI.modulemap /tmp/picpac-phase3-recovery-lifecycle-derived-20260925/Build/Intermediates.noindex/PicPacKit.build/Test-iphonesimulator/PicPacAI.build/PicPacAI.modulemap (in target 'PicPacAI' from project 'PicPacKit')
    cd /Users/bavabangaru/Developer/pic-pac-poe-ios-native-parity/ios/Packages/PicPacKit
    builtin-copy -exclude .DS_Store -exclude CVS -exclude .svn -exclude .git -exclude .hg -strip-unsigned-binaries -strip-deterministic -strip-tool /Applications/Xcode.app/Contents/Developer/Toolchains/XcodeDefault.xctoolchain/usr/bin/strip -resolve-src-symlinks /tmp/picpac-phase3-recovery-lifecycle-derived-20260925/Build/Intermediates.noindex/PicPacKit.build/Test-iphonesimulator/PicPacAI.build/PicPacAI.modulemap /tmp/picpac-phase3-recovery-lifecycle-derived-20260925/Build/Intermediates.noindex/GeneratedModuleMaps-iphonesimulator

MkDir /tmp/picpac-phase3-recovery-lifecycle-derived-20260925/Build/Products/Test-iphonesimulator/PicPacPoe.app/PlugIns (in target 'PicPacPoe' from project 'PicPacPoe')
    cd /Users/bavabangaru/Developer/pic-pac-poe-ios-native-parity/ios
    /bin/mkdir -p /tmp/picpac-phase3-recovery-lifecycle-derived-20260925/Build/Products/Test-iphonesimulator/PicPacPoe.app/PlugIns

MkDir /tmp/picpac-phase3-recovery-lifecycle-derived-20260925/Build/Products/Test-iphonesimulator/PicPacPoe.app/Frameworks (in target 'PicPacPoe' from project 'PicPacPoe')
    cd /Users/bavabangaru/Developer/pic-pac-poe-ios-native-parity/ios
    /bin/mkdir -p /tmp/picpac-phase3-recovery-lifecycle-derived-20260925/Build/Products/Test-iphonesimulator/PicPacPoe.app/Frameworks

MkDir /tmp/picpac-phase3-recovery-lifecycle-derived-20260925/Build/Products/Test-iphonesimulator/PicPacPoe.app (in target 'PicPacPoe' from project 'PicPacPoe')
    cd /Users/bavabangaru/Developer/pic-pac-poe-ios-native-parity/ios
    /bin/mkdir -p /tmp/picpac-phase3-recovery-lifecycle-derived-20260925/Build/Products/Test-iphonesimulator/PicPacPoe.app

MkDir /tmp/picpac-phase3-recovery-lifecycle-derived-20260925/Build/Products/Test-iphonesimulator/PicPacKit_PicPacAI.bundle (in target 'PicPacKit_PicPacAI' from project 'PicPacKit')
    cd /Users/bavabangaru/Developer/pic-pac-poe-ios-native-parity/ios/Packages/PicPacKit
    /bin/mkdir -p /tmp/picpac-phase3-recovery-lifecycle-derived-20260925/Build/Products/Test-iphonesimulator/PicPacKit_PicPacAI.bundle

CpResource /tmp/picpac-phase3-recovery-lifecycle-derived-20260925/Build/Products/Test-iphonesimulator/PicPacKit_PicPacAI.bundle/picpac_rl_policy_v1.bin /Users/bavabangaru/Developer/pic-pac-poe-ios-native-parity/ios/Packages/PicPacKit/Sources/PicPacAI/Resources/picpac_rl_policy_v1.bin (in target 'PicPacKit_PicPacAI' from project 'PicPacKit')
    cd /Users/bavabangaru/Developer/pic-pac-poe-ios-native-parity/ios/Packages/PicPacKit
    builtin-copy -exclude .DS_Store -exclude CVS -exclude .svn -exclude .git -exclude .hg -strip-unsigned-binaries -strip-deterministic -strip-tool /Applications/Xcode.app/Contents/Developer/Toolchains/XcodeDefault.xctoolchain/usr/bin/strip -resolve-src-symlinks /Users/bavabangaru/Developer/pic-pac-poe-ios-native-parity/ios/Packages/PicPacKit/Sources/PicPacAI/Resources/picpac_rl_policy_v1.bin /tmp/picpac-phase3-recovery-lifecycle-derived-20260925/Build/Products/Test-iphonesimulator/PicPacKit_PicPacAI.bundle

ProcessInfoPlistFile /tmp/picpac-phase3-recovery-lifecycle-derived-20260925/Build/Products/Test-iphonesimulator/PicPacKit_PicPacAI.bundle/Info.plist /tmp/picpac-phase3-recovery-lifecycle-derived-20260925/Build/Intermediates.noindex/PicPacKit.build/Test-iphonesimulator/PicPacKit_PicPacAI.build/empty-PicPacKit_PicPacAI.plist (in target 'PicPacKit_PicPacAI' from project 'PicPacKit')
    cd /Users/bavabangaru/Developer/pic-pac-poe-ios-native-parity/ios/Packages/PicPacKit
    builtin-infoPlistUtility /tmp/picpac-phase3-recovery-lifecycle-derived-20260925/Build/Intermediates.noindex/PicPacKit.build/Test-iphonesimulator/PicPacKit_PicPacAI.build/empty-PicPacKit_PicPacAI.plist -producttype com.apple.product-type.bundle -expandbuildsettings -format binary -platform iphonesimulator -o /tmp/picpac-phase3-recovery-lifecycle-derived-20260925/Build/Products/Test-iphonesimulator/PicPacKit_PicPacAI.bundle/Info.plist

RegisterExecutionPolicyException /tmp/picpac-phase3-recovery-lifecycle-derived-20260925/Build/Products/Test-iphonesimulator/PicPacKit_PicPacAI.bundle (in target 'PicPacKit_PicPacAI' from project 'PicPacKit')
    cd /Users/bavabangaru/Developer/pic-pac-poe-ios-native-parity/ios/Packages/PicPacKit
    builtin-RegisterExecutionPolicyException /tmp/picpac-phase3-recovery-lifecycle-derived-20260925/Build/Products/Test-iphonesimulator/PicPacKit_PicPacAI.bundle

Touch /tmp/picpac-phase3-recovery-lifecycle-derived-20260925/Build/Products/Test-iphonesimulator/PicPacKit_PicPacAI.bundle (in target 'PicPacKit_PicPacAI' from project 'PicPacKit')
    cd /Users/bavabangaru/Developer/pic-pac-poe-ios-native-parity/ios/Packages/PicPacKit
    /usr/bin/touch -c /tmp/picpac-phase3-recovery-lifecycle-derived-20260925/Build/Products/Test-iphonesimulator/PicPacKit_PicPacAI.bundle

SwiftDriver PicPacCore normal arm64 com.apple.xcode.tools.swift.compiler (in target 'PicPacCore' from project 'PicPacKit')
    cd /Users/bavabangaru/Developer/pic-pac-poe-ios-native-parity/ios/PicPacPoe.xcodeproj
    builtin-SwiftDriver -- /Applications/Xcode.app/Contents/Developer/Toolchains/XcodeDefault.xctoolchain/usr/bin/swiftc -module-name PicPacCore -O -whole-module-optimization @/tmp/picpac-phase3-recovery-lifecycle-derived-20260925/Build/Intermediates.noindex/PicPacKit.build/Test-iphonesimulator/PicPacCore.build/Objects-normal/arm64/PicPacCore.SwiftFileList -DSWIFT_PACKAGE -DSWIFT_MODULE_RESOURCE_BUNDLE_UNAVAILABLE -DXcode -plugin-path /Applications/Xcode.app/Contents/Developer/Toolchains/XcodeDefault.xctoolchain/usr/lib/swift/host/plugins/testing -enable-experimental-feature DebugDescriptionMacro -sdk /Applications/Xcode.app/Contents/Developer/Platforms/iPhoneSimulator.platform/Developer/SDKs/iPhoneSimulator26.5.sdk -target arm64-apple-ios17.0-simulator -g -module-cache-path /tmp/picpac-phase3-recovery-lifecycle-derived-20260925/ModuleCache.noindex -Xfrontend -serialize-debugging-options -profile-coverage-mapping -profile-generate -suppress-warnings -swift-version 6 -I /tmp/picpac-phase3-recovery-lifecycle-derived-20260925/Build/Products/Test-iphonesimulator -Isystem /Applications/Xcode.app/Contents/Developer/Platforms/iPhoneSimulator.platform/Developer/usr/lib -F /tmp/picpac-phase3-recovery-lifecycle-derived-20260925/Build/Products/Test-iphonesimulator -F /Applications/Xcode.app/Contents/Developer/Platforms/iPhoneSimulator.platform/Developer/Library/Frameworks -F /Applications/Xcode.app/Contents/Developer/Platforms/iPhoneSimulator.platform/Developer/SDKs/iPhoneSimulator26.5.sdk/Developer/Library/Frameworks -c -num-threads 12 -Xcc -ivfsstatcache -Xcc /tmp/picpac-phase3-recovery-lifecycle-derived-20260925/SDKStatCaches.noindex/iphonesimulator26.5-23F81a-6cfe768891a92b912361537c460fe42b.sdkstatcache -output-file-map /tmp/picpac-phase3-recovery-lifecycle-derived-20260925/Build/Intermediates.noindex/PicPacKit.build/Test-iphonesimulator/PicPacCore.build/Objects-normal/arm64/PicPacCore-OutputFileMap.json -use-frontend-parseable-output -save-temps -no-color-diagnostics -explicit-module-build -module-cache-path /tmp/picpac-phase3-recovery-lifecycle-derived-20260925/Build/Intermediates.noindex/SwiftExplicitPrecompiledModules -clang-scanner-module-cache-path /tmp/picpac-phase3-recovery-lifecycle-derived-20260925/ModuleCache.noindex -sdk-module-cache-path /tmp/picpac-phase3-recovery-lifecycle-derived-20260925/ModuleCache.noindex -serialize-diagnostics -emit-dependencies -emit-module -emit-module-path /tmp/picpac-phase3-recovery-lifecycle-derived-20260925/Build/Intermediates.noindex/PicPacKit.build/Test-iphonesimulator/PicPacCore.build/Objects-normal/arm64/PicPacCore.swiftmodule -validate-clang-modules-once -clang-build-session-file /tmp/picpac-phase3-recovery-lifecycle-derived-20260925/ModuleCache.noindex/Session.modulevalidation -package-name picpackit -Xcc -I/tmp/picpac-phase3-recovery-lifecycle-derived-20260925/Build/Intermediates.noindex/PicPacKit.build/Test-iphonesimulator/PicPacCore.build/swift-overrides.hmap -emit-const-values -Xfrontend -const-gather-protocols-file -Xfrontend /tmp/picpac-phase3-recovery-lifecycle-derived-20260925/Build/Intermediates.noindex/PicPacKit.build/Test-iphonesimulator/PicPacCore.build/Objects-normal/arm64/PicPacCore_const_extract_protocols.json -Xcc -I/tmp/picpac-phase3-recovery-lifecycle-derived-20260925/Build/Products/Test-iphonesimulator/include -Xcc -I/tmp/picpac-phase3-recovery-lifecycle-derived-20260925/Build/Intermediates.noindex/PicPacKit.build/Test-iphonesimulator/PicPacCore.build/DerivedSources-normal/arm64 -Xcc -I/tmp/picpac-phase3-recovery-lifecycle-derived-20260925/Build/Intermediates.noindex/PicPacKit.build/Test-iphonesimulator/PicPacCore.build/DerivedSources/arm64 -Xcc -I/tmp/picpac-phase3-recovery-lifecycle-derived-20260925/Build/Intermediates.noindex/PicPacKit.build/Test-iphonesimulator/PicPacCore.build/DerivedSources -Xcc -DSWIFT_PACKAGE -emit-objc-header -emit-objc-header-path /tmp/picpac-phase3-recovery-lifecycle-derived-20260925/Build/Intermediates.noindex/PicPacKit.build/Test-iphonesimulator/PicPacCore.build/Objects-normal/arm64/PicPacCore-Swift.h -working-directory /Users/bavabangaru/Developer/pic-pac-poe-ios-native-parity/ios/PicPacPoe.xcodeproj -no-emit-module-separately-wmo

SwiftDriver\ Compilation PicPacCore normal arm64 com.apple.xcode.tools.swift.compiler (in target 'PicPacCore' from project 'PicPacKit')
    cd /Users/bavabangaru/Developer/pic-pac-poe-ios-native-parity/ios/PicPacPoe.xcodeproj
    builtin-Swift-Compilation -- /Applications/Xcode.app/Contents/Developer/Toolchains/XcodeDefault.xctoolchain/usr/bin/swiftc -module-name PicPacCore -O -whole-module-optimization @/tmp/picpac-phase3-recovery-lifecycle-derived-20260925/Build/Intermediates.noindex/PicPacKit.build/Test-iphonesimulator/PicPacCore.build/Objects-normal/arm64/PicPacCore.SwiftFileList -DSWIFT_PACKAGE -DSWIFT_MODULE_RESOURCE_BUNDLE_UNAVAILABLE -DXcode -plugin-path /Applications/Xcode.app/Contents/Developer/Toolchains/XcodeDefault.xctoolchain/usr/lib/swift/host/plugins/testing -enable-experimental-feature DebugDescriptionMacro -sdk /Applications/Xcode.app/Contents/Developer/Platforms/iPhoneSimulator.platform/Developer/SDKs/iPhoneSimulator26.5.sdk -target arm64-apple-ios17.0-simulator -g -module-cache-path /tmp/picpac-phase3-recovery-lifecycle-derived-20260925/ModuleCache.noindex -Xfrontend -serialize-debugging-options -profile-coverage-mapping -profile-generate -suppress-warnings -swift-version 6 -I /tmp/picpac-phase3-recovery-lifecycle-derived-20260925/Build/Products/Test-iphonesimulator -Isystem /Applications/Xcode.app/Contents/Developer/Platforms/iPhoneSimulator.platform/Developer/usr/lib -F /tmp/picpac-phase3-recovery-lifecycle-derived-20260925/Build/Products/Test-iphonesimulator -F /Applications/Xcode.app/Contents/Developer/Platforms/iPhoneSimulator.platform/Developer/Library/Frameworks -F /Applications/Xcode.app/Contents/Developer/Platforms/iPhoneSimulator.platform/Developer/SDKs/iPhoneSimulator26.5.sdk/Developer/Library/Frameworks -c -num-threads 12 -Xcc -ivfsstatcache -Xcc /tmp/picpac-phase3-recovery-lifecycle-derived-20260925/SDKStatCaches.noindex/iphonesimulator26.5-23F81a-6cfe768891a92b912361537c460fe42b.sdkstatcache -output-file-map /tmp/picpac-phase3-recovery-lifecycle-derived-20260925/Build/Intermediates.noindex/PicPacKit.build/Test-iphonesimulator/PicPacCore.build/Objects-normal/arm64/PicPacCore-OutputFileMap.json -use-frontend-parseable-output -save-temps -no-color-diagnostics -explicit-module-build -module-cache-path /tmp/picpac-phase3-recovery-lifecycle-derived-20260925/Build/Intermediates.noindex/SwiftExplicitPrecompiledModules -clang-scanner-module-cache-path /tmp/picpac-phase3-recovery-lifecycle-derived-20260925/ModuleCache.noindex -sdk-module-cache-path /tmp/picpac-phase3-recovery-lifecycle-derived-20260925/ModuleCache.noindex -serialize-diagnostics -emit-dependencies -emit-module -emit-module-path /tmp/picpac-phase3-recovery-lifecycle-derived-20260925/Build/Intermediates.noindex/PicPacKit.build/Test-iphonesimulator/PicPacCore.build/Objects-normal/arm64/PicPacCore.swiftmodule -validate-clang-modules-once -clang-build-session-file /tmp/picpac-phase3-recovery-lifecycle-derived-20260925/ModuleCache.noindex/Session.modulevalidation -package-name picpackit -Xcc -I/tmp/picpac-phase3-recovery-lifecycle-derived-20260925/Build/Intermediates.noindex/PicPacKit.build/Test-iphonesimulator/PicPacCore.build/swift-overrides.hmap -emit-const-values -Xfrontend -const-gather-protocols-file -Xfrontend /tmp/picpac-phase3-recovery-lifecycle-derived-20260925/Build/Intermediates.noindex/PicPacKit.build/Test-iphonesimulator/PicPacCore.build/Objects-normal/arm64/PicPacCore_const_extract_protocols.json -Xcc -I/tmp/picpac-phase3-recovery-lifecycle-derived-20260925/Build/Products/Test-iphonesimulator/include -Xcc -I/tmp/picpac-phase3-recovery-lifecycle-derived-20260925/Build/Intermediates.noindex/PicPacKit.build/Test-iphonesimulator/PicPacCore.build/DerivedSources-normal/arm64 -Xcc -I/tmp/picpac-phase3-recovery-lifecycle-derived-20260925/Build/Intermediates.noindex/PicPacKit.build/Test-iphonesimulator/PicPacCore.build/DerivedSources/arm64 -Xcc -I/tmp/picpac-phase3-recovery-lifecycle-derived-20260925/Build/Intermediates.noindex/PicPacKit.build/Test-iphonesimulator/PicPacCore.build/DerivedSources -Xcc -DSWIFT_PACKAGE -emit-objc-header -emit-objc-header-path /tmp/picpac-phase3-recovery-lifecycle-derived-20260925/Build/Intermediates.noindex/PicPacKit.build/Test-iphonesimulator/PicPacCore.build/Objects-normal/arm64/PicPacCore-Swift.h -working-directory /Users/bavabangaru/Developer/pic-pac-poe-ios-native-parity/ios/PicPacPoe.xcodeproj -no-emit-module-separately-wmo

SwiftExplicitDependencyGeneratePcm arm64 /tmp/picpac-phase3-recovery-lifecycle-derived-20260925/ModuleCache.noindex/_AvailabilityInternal-94ZWCSE3AXMF2AUXL43U4ZKI6.pcm

SwiftExplicitDependencyGeneratePcm arm64 /tmp/picpac-phase3-recovery-lifecycle-derived-20260925/ModuleCache.noindex/_Builtin_stdbool-TWXPF9P81FX4JBL8N5F2B6YN.pcm

SwiftExplicitDependencyGeneratePcm arm64 /tmp/picpac-phase3-recovery-lifecycle-derived-20260925/ModuleCache.noindex/_SwiftConcurrencyShims-4DSYOSEKXFXEI49X0SN40XVIX.pcm

SwiftExplicitDependencyGeneratePcm arm64 /tmp/picpac-phase3-recovery-lifecycle-derived-20260925/ModuleCache.noindex/ptrcheck-3BTNV508ATKNXMEMVJR4CNK3L.pcm

SwiftExplicitDependencyGeneratePcm arm64 /tmp/picpac-phase3-recovery-lifecycle-derived-20260925/ModuleCache.noindex/_Builtin_stddef-1V1KPCVEBD1L66NATB2IR8RM.pcm

SwiftExplicitDependencyGeneratePcm arm64 /tmp/picpac-phase3-recovery-lifecycle-derived-20260925/ModuleCache.noindex/ptrauth-AHEVXRIKBAPA5V19FAQRD2AKI.pcm

SwiftExplicitDependencyGeneratePcm arm64 /tmp/picpac-phase3-recovery-lifecycle-derived-20260925/ModuleCache.noindex/_Builtin_float-8X2LBBECS459L2NHEB0QU5JJN.pcm

SwiftExplicitDependencyGeneratePcm arm64 /tmp/picpac-phase3-recovery-lifecycle-derived-20260925/ModuleCache.noindex/_Builtin_stdarg-1HR58FKC4MLDKF38RIC1TQPBF.pcm

SwiftExplicitDependencyGeneratePcm arm64 /tmp/picpac-phase3-recovery-lifecycle-derived-20260925/ModuleCache.noindex/SwiftShims-1RD56242FN0GYQZ5FT3GUXF5P.pcm

SwiftExplicitDependencyGeneratePcm arm64 /tmp/picpac-phase3-recovery-lifecycle-derived-20260925/ModuleCache.noindex/_DarwinFoundation1-5U9BMAYGZV3QP2QHS3T12BO87.pcm

SwiftExplicitDependencyGeneratePcm arm64 /tmp/picpac-phase3-recovery-lifecycle-derived-20260925/ModuleCache.noindex/_Builtin_limits-28VVQJR5FMLIVC9BR9EYLTKOX.pcm

SwiftExplicitDependencyGeneratePcm arm64 /tmp/picpac-phase3-recovery-lifecycle-derived-20260925/ModuleCache.noindex/_DarwinFoundation2-9KVYITQFVRQWDNY73L1HFFQRY.pcm

SwiftExplicitDependencyGeneratePcm arm64 /tmp/picpac-phase3-recovery-lifecycle-derived-20260925/ModuleCache.noindex/sys_types-B5QKXUS4YZ78K5GEDGAKOL00S.pcm

SwiftExplicitDependencyGeneratePcm arm64 /tmp/picpac-phase3-recovery-lifecycle-derived-20260925/ModuleCache.noindex/_Builtin_stdint-4LOOSAZYCW19UXKD86R30DJGS.pcm

SwiftExplicitDependencyGeneratePcm arm64 /tmp/picpac-phase3-recovery-lifecycle-derived-20260925/ModuleCache.noindex/_DarwinFoundation3-8N67NKFR94FILZ817HTHPIIVE.pcm

SwiftExplicitDependencyGeneratePcm arm64 /tmp/picpac-phase3-recovery-lifecycle-derived-20260925/ModuleCache.noindex/_Builtin_inttypes-6LKHG7GZARPZMYYEU1IXRIO2A.pcm

SwiftExplicitDependencyGeneratePcm arm64 /tmp/picpac-phase3-recovery-lifecycle-derived-20260925/ModuleCache.noindex/Darwin-B2SKPJ67S9Q9RZKRISH0ZTZT5.pcm

SwiftExplicitDependencyGeneratePcm arm64 /tmp/picpac-phase3-recovery-lifecycle-derived-20260925/ModuleCache.noindex/ObjectiveC-925ZSNZILP7BNABDMBBCDRQKN.pcm

SwiftExplicitDependencyGeneratePcm arm64 /tmp/picpac-phase3-recovery-lifecycle-derived-20260925/ModuleCache.noindex/os_object-76I6CUXVRAPJKQXW2S1ZZERTP.pcm

SwiftExplicitDependencyGeneratePcm arm64 /tmp/picpac-phase3-recovery-lifecycle-derived-20260925/ModuleCache.noindex/os_workgroup-9G9OPMJ7ZYY7LPHM3QH3A89IC.pcm

SwiftExplicitDependencyGeneratePcm arm64 /tmp/picpac-phase3-recovery-lifecycle-derived-20260925/ModuleCache.noindex/Dispatch-4YDPW8E2WNFCCFI51B0W3WB4P.pcm

SwiftExplicitDependencyGeneratePcm arm64 /tmp/picpac-phase3-recovery-lifecycle-derived-20260925/ModuleCache.noindex/XPC-8VCRT10NSMP6HL9VL740QK38N.pcm

SwiftExplicitDependencyGeneratePcm arm64 /tmp/picpac-phase3-recovery-lifecycle-derived-20260925/ModuleCache.noindex/CoreFoundation-8T1OE58LCAX5WYJCXY8RX3047.pcm

SwiftExplicitDependencyGeneratePcm arm64 /tmp/picpac-phase3-recovery-lifecycle-derived-20260925/ModuleCache.noindex/Security-BMOKCYIDJ0EX51W19SQU7CJFK.pcm

SwiftExplicitDependencyGeneratePcm arm64 /tmp/picpac-phase3-recovery-lifecycle-derived-20260925/ModuleCache.noindex/CFNetwork-DUJHMWI54HX426BT5OFQ3GVKH.pcm

SwiftExplicitDependencyGeneratePcm arm64 /tmp/picpac-phase3-recovery-lifecycle-derived-20260925/ModuleCache.noindex/Foundation-A989BTVCARND0JWL1QB13P3FJ.pcm

SwiftCompile normal arm64 Compiling\ AiObservation.swift,\ Model.swift,\ Randomness.swift,\ Rules.swift,\ State.swift /Users/bavabangaru/Developer/pic-pac-poe-ios-native-parity/ios/Packages/PicPacKit/Sources/PicPacCore/AiObservation.swift /Users/bavabangaru/Developer/pic-pac-poe-ios-native-parity/ios/Packages/PicPacKit/Sources/PicPacCore/Model.swift /Users/bavabangaru/Developer/pic-pac-poe-ios-native-parity/ios/Packages/PicPacKit/Sources/PicPacCore/Randomness.swift /Users/bavabangaru/Developer/pic-pac-poe-ios-native-parity/ios/Packages/PicPacKit/Sources/PicPacCore/Rules.swift /Users/bavabangaru/Developer/pic-pac-poe-ios-native-parity/ios/Packages/PicPacKit/Sources/PicPacCore/State.swift /Applications/Xcode.app/Contents/Developer/Toolchains/XcodeDefault.xctoolchain/usr/lib/swift/iphonesimulator/prebuilt-modules/26.5/Foundation.swiftmodule/arm64-apple-ios-simulator.swiftmodule /Applications/Xcode.app/Contents/Developer/Toolchains/XcodeDefault.xctoolchain/usr/lib/swift/iphonesimulator/prebuilt-modules/26.5/System.swiftmodule/arm64-apple-ios-simulator.swiftmodule /Applications/Xcode.app/Contents/Developer/Toolchains/XcodeDefault.xctoolchain/usr/lib/swift/iphonesimulator/prebuilt-modules/26.5/_Builtin_float.swiftmodule/arm64-apple-ios-simulator.swiftmodule /Applications/Xcode.app/Contents/Developer/Toolchains/XcodeDefault.xctoolchain/usr/lib/swift/iphonesimulator/prebuilt-modules/26.5/Darwin.swiftmodule/arm64-apple-ios-simulator.swiftmodule /Applications/Xcode.app/Contents/Developer/Toolchains/XcodeDefault.xctoolchain/usr/lib/swift/iphonesimulator/prebuilt-modules/26.5/Observation.swiftmodule/arm64-apple-ios-simulator.swiftmodule /Applications/Xcode.app/Contents/Developer/Toolchains/XcodeDefault.xctoolchain/usr/lib/swift/iphonesimulator/prebuilt-modules/26.5/_Concurrency.swiftmodule/arm64-apple-ios-simulator.swiftmodule /Applications/Xcode.app/Contents/Developer/Toolchains/XcodeDefault.xctoolchain/usr/lib/swift/iphonesimulator/prebuilt-modules/26.5/Combine.swiftmodule/arm64-apple-ios-simulator.swiftmodule /Applications/Xcode.app/Contents/Developer/Toolchains/XcodeDefault.xctoolchain/usr/lib/swift/iphonesimulator/prebuilt-modules/26.5/XPC.swiftmodule/arm64-apple-ios-simulator.swiftmodule /Applications/Xcode.app/Contents/Developer/Toolchains/XcodeDefault.xctoolchain/usr/lib/swift/iphonesimulator/prebuilt-modules/26.5/ObjectiveC.swiftmodule/arm64-apple-ios-simulator.swiftmodule /Applications/Xcode.app/Contents/Developer/Toolchains/XcodeDefault.xctoolchain/usr/lib/swift/iphonesimulator/prebuilt-modules/26.5/Dispatch.swiftmodule/arm64-apple-ios-simulator.swiftmodule /Applications/Xcode.app/Contents/Developer/Toolchains/XcodeDefault.xctoolchain/usr/lib/swift/iphonesimulator/prebuilt-modules/26.5/_StringProcessing.swiftmodule/arm64-apple-ios-simulator.swiftmodule /Applications/Xcode.app/Contents/Developer/Toolchains/XcodeDefault.xctoolchain/usr/lib/swift/iphonesimulator/prebuilt-modules/26.5/_DarwinFoundation2.swiftmodule/arm64-apple-ios-simulator.swiftmodule /Applications/Xcode.app/Contents/Developer/Toolchains/XcodeDefault.xctoolchain/usr/lib/swift/iphonesimulator/prebuilt-modules/26.5/Swift.swiftmodule/arm64-apple-ios-simulator.swiftmodule /Applications/Xcode.app/Contents/Developer/Toolchains/XcodeDefault.xctoolchain/usr/lib/swift/iphonesimulator/prebuilt-modules/26.5/_DarwinFoundation3.swiftmodule/arm64-apple-ios-simulator.swiftmodule /Applications/Xcode.app/Contents/Developer/Toolchains/XcodeDefault.xctoolchain/usr/lib/swift/iphonesimulator/prebuilt-modules/26.5/_DarwinFoundation1.swiftmodule/arm64-apple-ios-simulator.swiftmodule /Applications/Xcode.app/Contents/Developer/Toolchains/XcodeDefault.xctoolchain/usr/lib/swift/iphonesimulator/prebuilt-modules/26.5/CoreFoundation.swiftmodule/arm64-apple-ios-simulator.swiftmodule /tmp/picpac-phase3-recovery-lifecycle-derived-20260925/ModuleCache.noindex/_Builtin_stdarg-1HR58FKC4MLDKF38RIC1TQPBF.pcm /tmp/picpac-phase3-recovery-lifecycle-derived-20260925/ModuleCache.noindex/_DarwinFoundation3-8N67NKFR94FILZ817HTHPIIVE.pcm /tmp/picpac-phase3-recovery-lifecycle-derived-20260925/ModuleCache.noindex/os_workgroup-9G9OPMJ7ZYY7LPHM3QH3A89IC.pcm /tmp/picpac-phase3-recovery-lifecycle-derived-20260925/ModuleCache.noindex/Darwin-B2SKPJ67S9Q9RZKRISH0ZTZT5.pcm /tmp/picpac-phase3-recovery-lifecycle-derived-20260925/ModuleCache.noindex/ptrcheck-3BTNV508ATKNXMEMVJR4CNK3L.pcm /tmp/picpac-phase3-recovery-lifecycle-derived-20260925/ModuleCache.noindex/CoreFoundation-8T1OE58LCAX5WYJCXY8RX3047.pcm /tmp/picpac-phase3-recovery-lifecycle-derived-20260925/ModuleCache.noindex/_DarwinFoundation1-5U9BMAYGZV3QP2QHS3T12BO87.pcm /tmp/picpac-phase3-recovery-lifecycle-derived-20260925/ModuleCache.noindex/Security-BMOKCYIDJ0EX51W19SQU7CJFK.pcm /tmp/picpac-phase3-recovery-lifecycle-derived-20260925/ModuleCache.noindex/_Builtin_stdbool-TWXPF9P81FX4JBL8N5F2B6YN.pcm /tmp/picpac-phase3-recovery-lifecycle-derived-20260925/ModuleCache.noindex/_SwiftConcurrencyShims-4DSYOSEKXFXEI49X0SN40XVIX.pcm /tmp/picpac-phase3-recovery-lifecycle-derived-20260925/ModuleCache.noindex/Foundation-A989BTVCARND0JWL1QB13P3FJ.pcm /tmp/picpac-phase3-recovery-lifecycle-derived-20260925/ModuleCache.noindex/_Builtin_stdint-4LOOSAZYCW19UXKD86R30DJGS.pcm /tmp/picpac-phase3-recovery-lifecycle-derived-20260925/ModuleCache.noindex/_AvailabilityInternal-94ZWCSE3AXMF2AUXL43U4ZKI6.pcm /tmp/picpac-phase3-recovery-lifecycle-derived-20260925/ModuleCache.noindex/Dispatch-4YDPW8E2WNFCCFI51B0W3WB4P.pcm /tmp/picpac-phase3-recovery-lifecycle-derived-20260925/ModuleCache.noindex/SwiftShims-1RD56242FN0GYQZ5FT3GUXF5P.pcm /tmp/picpac-phase3-recovery-lifecycle-derived-20260925/ModuleCache.noindex/ptrauth-AHEVXRIKBAPA5V19FAQRD2AKI.pcm /tmp/picpac-phase3-recovery-lifecycle-derived-20260925/ModuleCache.noindex/os_object-76I6CUXVRAPJKQXW2S1ZZERTP.pcm /tmp/picpac-phase3-recovery-lifecycle-derived-20260925/ModuleCache.noindex/XPC-8VCRT10NSMP6HL9VL740QK38N.pcm /tmp/picpac-phase3-recovery-lifecycle-derived-20260925/ModuleCache.noindex/_DarwinFoundation2-9KVYITQFVRQWDNY73L1HFFQRY.pcm /tmp/picpac-phase3-recovery-lifecycle-derived-20260925/ModuleCache.noindex/_Builtin_stddef-1V1KPCVEBD1L66NATB2IR8RM.pcm /tmp/picpac-phase3-recovery-lifecycle-derived-20260925/ModuleCache.noindex/_Builtin_float-8X2LBBECS459L2NHEB0QU5JJN.pcm /tmp/picpac-phase3-recovery-lifecycle-derived-20260925/ModuleCache.noindex/_Builtin_inttypes-6LKHG7GZARPZMYYEU1IXRIO2A.pcm /tmp/picpac-phase3-recovery-lifecycle-derived-20260925/ModuleCache.noindex/_Builtin_limits-28VVQJR5FMLIVC9BR9EYLTKOX.pcm /tmp/picpac-phase3-recovery-lifecycle-derived-20260925/ModuleCache.noindex/CFNetwork-DUJHMWI54HX426BT5OFQ3GVKH.pcm /tmp/picpac-phase3-recovery-lifecycle-derived-20260925/ModuleCache.noindex/ObjectiveC-925ZSNZILP7BNABDMBBCDRQKN.pcm /tmp/picpac-phase3-recovery-lifecycle-derived-20260925/ModuleCache.noindex/sys_types-B5QKXUS4YZ78K5GEDGAKOL00S.pcm /tmp/picpac-phase3-recovery-lifecycle-derived-20260925/Build/Intermediates.noindex/PicPacKit.build/Test-iphonesimulator/PicPacCore.build/Objects-normal/arm64/PicPacCore-dependencies-1.json (in target 'PicPacCore' from project 'PicPacKit')

CompileSwift normal arm64 (in target 'PicPacCore' from project 'PicPacKit')
    cd /Users/bavabangaru/Developer/pic-pac-poe-ios-native-parity/ios/PicPacPoe.xcodeproj
    

SwiftDriverJobDiscovery normal arm64 Compiling AiObservation.swift, Model.swift, Randomness.swift, Rules.swift, State.swift (in target 'PicPacCore' from project 'PicPacKit')

SwiftDriver\ Compilation\ Requirements PicPacCore normal arm64 com.apple.xcode.tools.swift.compiler (in target 'PicPacCore' from project 'PicPacKit')
    cd /Users/bavabangaru/Developer/pic-pac-poe-ios-native-parity/ios/PicPacPoe.xcodeproj
    builtin-Swift-Compilation-Requirements -- /Applications/Xcode.app/Contents/Developer/Toolchains/XcodeDefault.xctoolchain/usr/bin/swiftc -module-name PicPacCore -O -whole-module-optimization @/tmp/picpac-phase3-recovery-lifecycle-derived-20260925/Build/Intermediates.noindex/PicPacKit.build/Test-iphonesimulator/PicPacCore.build/Objects-normal/arm64/PicPacCore.SwiftFileList -DSWIFT_PACKAGE -DSWIFT_MODULE_RESOURCE_BUNDLE_UNAVAILABLE -DXcode -plugin-path /Applications/Xcode.app/Contents/Developer/Toolchains/XcodeDefault.xctoolchain/usr/lib/swift/host/plugins/testing -enable-experimental-feature DebugDescriptionMacro -sdk /Applications/Xcode.app/Contents/Developer/Platforms/iPhoneSimulator.platform/Developer/SDKs/iPhoneSimulator26.5.sdk -target arm64-apple-ios17.0-simulator -g -module-cache-path /tmp/picpac-phase3-recovery-lifecycle-derived-20260925/ModuleCache.noindex -Xfrontend -serialize-debugging-options -profile-coverage-mapping -profile-generate -suppress-warnings -swift-version 6 -I /tmp/picpac-phase3-recovery-lifecycle-derived-20260925/Build/Products/Test-iphonesimulator -Isystem /Applications/Xcode.app/Contents/Developer/Platforms/iPhoneSimulator.platform/Developer/usr/lib -F /tmp/picpac-phase3-recovery-lifecycle-derived-20260925/Build/Products/Test-iphonesimulator -F /Applications/Xcode.app/Contents/Developer/Platforms/iPhoneSimulator.platform/Developer/Library/Frameworks -F /Applications/Xcode.app/Contents/Developer/Platforms/iPhoneSimulator.platform/Developer/SDKs/iPhoneSimulator26.5.sdk/Developer/Library/Frameworks -c -num-threads 12 -Xcc -ivfsstatcache -Xcc /tmp/picpac-phase3-recovery-lifecycle-derived-20260925/SDKStatCaches.noindex/iphonesimulator26.5-23F81a-6cfe768891a92b912361537c460fe42b.sdkstatcache -output-file-map /tmp/picpac-phase3-recovery-lifecycle-derived-20260925/Build/Intermediates.noindex/PicPacKit.build/Test-iphonesimulator/PicPacCore.build/Objects-normal/arm64/PicPacCore-OutputFileMap.json -use-frontend-parseable-output -save-temps -no-color-diagnostics -explicit-module-build -module-cache-path /tmp/picpac-phase3-recovery-lifecycle-derived-20260925/Build/Intermediates.noindex/SwiftExplicitPrecompiledModules -clang-scanner-module-cache-path /tmp/picpac-phase3-recovery-lifecycle-derived-20260925/ModuleCache.noindex -sdk-module-cache-path /tmp/picpac-phase3-recovery-lifecycle-derived-20260925/ModuleCache.noindex -serialize-diagnostics -emit-dependencies -emit-module -emit-module-path /tmp/picpac-phase3-recovery-lifecycle-derived-20260925/Build/Intermediates.noindex/PicPacKit.build/Test-iphonesimulator/PicPacCore.build/Objects-normal/arm64/PicPacCore.swiftmodule -validate-clang-modules-once -clang-build-session-file /tmp/picpac-phase3-recovery-lifecycle-derived-20260925/ModuleCache.noindex/Session.modulevalidation -package-name picpackit -Xcc -I/tmp/picpac-phase3-recovery-lifecycle-derived-20260925/Build/Intermediates.noindex/PicPacKit.build/Test-iphonesimulator/PicPacCore.build/swift-overrides.hmap -emit-const-values -Xfrontend -const-gather-protocols-file -Xfrontend /tmp/picpac-phase3-recovery-lifecycle-derived-20260925/Build/Intermediates.noindex/PicPacKit.build/Test-iphonesimulator/PicPacCore.build/Objects-normal/arm64/PicPacCore_const_extract_protocols.json -Xcc -I/tmp/picpac-phase3-recovery-lifecycle-derived-20260925/Build/Products/Test-iphonesimulator/include -Xcc -I/tmp/picpac-phase3-recovery-lifecycle-derived-20260925/Build/Intermediates.noindex/PicPacKit.build/Test-iphonesimulator/PicPacCore.build/DerivedSources-normal/arm64 -Xcc -I/tmp/picpac-phase3-recovery-lifecycle-derived-20260925/Build/Intermediates.noindex/PicPacKit.build/Test-iphonesimulator/PicPacCore.build/DerivedSources/arm64 -Xcc -I/tmp/picpac-phase3-recovery-lifecycle-derived-20260925/Build/Intermediates.noindex/PicPacKit.build/Test-iphonesimulator/PicPacCore.build/DerivedSources -Xcc -DSWIFT_PACKAGE -emit-objc-header -emit-objc-header-path /tmp/picpac-phase3-recovery-lifecycle-derived-20260925/Build/Intermediates.noindex/PicPacKit.build/Test-iphonesimulator/PicPacCore.build/Objects-normal/arm64/PicPacCore-Swift.h -working-directory /Users/bavabangaru/Developer/pic-pac-poe-ios-native-parity/ios/PicPacPoe.xcodeproj -no-emit-module-separately-wmo

SwiftMergeGeneratedHeaders /tmp/picpac-phase3-recovery-lifecycle-derived-20260925/Build/Intermediates.noindex/GeneratedModuleMaps-iphonesimulator/PicPacCore-Swift.h /tmp/picpac-phase3-recovery-lifecycle-derived-20260925/Build/Intermediates.noindex/PicPacKit.build/Test-iphonesimulator/PicPacCore.build/Objects-normal/arm64/PicPacCore-Swift.h (in target 'PicPacCore' from project 'PicPacKit')
    cd /Users/bavabangaru/Developer/pic-pac-poe-ios-native-parity/ios/Packages/PicPacKit
    builtin-swiftHeaderTool -arch arm64 /tmp/picpac-phase3-recovery-lifecycle-derived-20260925/Build/Intermediates.noindex/PicPacKit.build/Test-iphonesimulator/PicPacCore.build/Objects-normal/arm64/PicPacCore-Swift.h -o /tmp/picpac-phase3-recovery-lifecycle-derived-20260925/Build/Intermediates.noindex/GeneratedModuleMaps-iphonesimulator/PicPacCore-Swift.h

Copy /tmp/picpac-phase3-recovery-lifecycle-derived-20260925/Build/Products/Test-iphonesimulator/PicPacCore.swiftmodule/arm64-apple-ios-simulator.swiftdoc /tmp/picpac-phase3-recovery-lifecycle-derived-20260925/Build/Intermediates.noindex/PicPacKit.build/Test-iphonesimulator/PicPacCore.build/Objects-normal/arm64/PicPacCore.swiftdoc (in target 'PicPacCore' from project 'PicPacKit')
    cd /Users/bavabangaru/Developer/pic-pac-poe-ios-native-parity/ios/Packages/PicPacKit
    builtin-copy -exclude .DS_Store -exclude CVS -exclude .svn -exclude .git -exclude .hg -strip-unsigned-binaries -strip-deterministic -strip-tool /Applications/Xcode.app/Contents/Developer/Toolchains/XcodeDefault.xctoolchain/usr/bin/strip -resolve-src-symlinks -rename /tmp/picpac-phase3-recovery-lifecycle-derived-20260925/Build/Intermediates.noindex/PicPacKit.build/Test-iphonesimulator/PicPacCore.build/Objects-normal/arm64/PicPacCore.swiftdoc /tmp/picpac-phase3-recovery-lifecycle-derived-20260925/Build/Products/Test-iphonesimulator/PicPacCore.swiftmodule/arm64-apple-ios-simulator.swiftdoc

Copy /tmp/picpac-phase3-recovery-lifecycle-derived-20260925/Build/Products/Test-iphonesimulator/PicPacCore.swiftmodule/arm64-apple-ios-simulator.swiftmodule /tmp/picpac-phase3-recovery-lifecycle-derived-20260925/Build/Intermediates.noindex/PicPacKit.build/Test-iphonesimulator/PicPacCore.build/Objects-normal/arm64/PicPacCore.swiftmodule (in target 'PicPacCore' from project 'PicPacKit')
    cd /Users/bavabangaru/Developer/pic-pac-poe-ios-native-parity/ios/Packages/PicPacKit
    builtin-copy -exclude .DS_Store -exclude CVS -exclude .svn -exclude .git -exclude .hg -strip-unsigned-binaries -strip-deterministic -strip-tool /Applications/Xcode.app/Contents/Developer/Toolchains/XcodeDefault.xctoolchain/usr/bin/strip -resolve-src-symlinks -rename /tmp/picpac-phase3-recovery-lifecycle-derived-20260925/Build/Intermediates.noindex/PicPacKit.build/Test-iphonesimulator/PicPacCore.build/Objects-normal/arm64/PicPacCore.swiftmodule /tmp/picpac-phase3-recovery-lifecycle-derived-20260925/Build/Products/Test-iphonesimulator/PicPacCore.swiftmodule/arm64-apple-ios-simulator.swiftmodule

Copy /tmp/picpac-phase3-recovery-lifecycle-derived-20260925/Build/Products/Test-iphonesimulator/PicPacCore.swiftmodule/arm64-apple-ios-simulator.abi.json /tmp/picpac-phase3-recovery-lifecycle-derived-20260925/Build/Intermediates.noindex/PicPacKit.build/Test-iphonesimulator/PicPacCore.build/Objects-normal/arm64/PicPacCore.abi.json (in target 'PicPacCore' from project 'PicPacKit')
    cd /Users/bavabangaru/Developer/pic-pac-poe-ios-native-parity/ios/Packages/PicPacKit
    builtin-copy -exclude .DS_Store -exclude CVS -exclude .svn -exclude .git -exclude .hg -strip-unsigned-binaries -strip-deterministic -strip-tool /Applications/Xcode.app/Contents/Developer/Toolchains/XcodeDefault.xctoolchain/usr/bin/strip -resolve-src-symlinks -rename /tmp/picpac-phase3-recovery-lifecycle-derived-20260925/Build/Intermediates.noindex/PicPacKit.build/Test-iphonesimulator/PicPacCore.build/Objects-normal/arm64/PicPacCore.abi.json /tmp/picpac-phase3-recovery-lifecycle-derived-20260925/Build/Products/Test-iphonesimulator/PicPacCore.swiftmodule/arm64-apple-ios-simulator.abi.json

Copy /tmp/picpac-phase3-recovery-lifecycle-derived-20260925/Build/Products/Test-iphonesimulator/PicPacCore.swiftmodule/Project/arm64-apple-ios-simulator.swiftsourceinfo /tmp/picpac-phase3-recovery-lifecycle-derived-20260925/Build/Intermediates.noindex/PicPacKit.build/Test-iphonesimulator/PicPacCore.build/Objects-normal/arm64/PicPacCore.swiftsourceinfo (in target 'PicPacCore' from project 'PicPacKit')
    cd /Users/bavabangaru/Developer/pic-pac-poe-ios-native-parity/ios/Packages/PicPacKit
    builtin-copy -exclude .DS_Store -exclude CVS -exclude .svn -exclude .git -exclude .hg -strip-unsigned-binaries -strip-deterministic -strip-tool /Applications/Xcode.app/Contents/Developer/Toolchains/XcodeDefault.xctoolchain/usr/bin/strip -resolve-src-symlinks -rename /tmp/picpac-phase3-recovery-lifecycle-derived-20260925/Build/Intermediates.noindex/PicPacKit.build/Test-iphonesimulator/PicPacCore.build/Objects-normal/arm64/PicPacCore.swiftsourceinfo /tmp/picpac-phase3-recovery-lifecycle-derived-20260925/Build/Products/Test-iphonesimulator/PicPacCore.swiftmodule/Project/arm64-apple-ios-simulator.swiftsourceinfo

Ld /tmp/picpac-phase3-recovery-lifecycle-derived-20260925/Build/Products/Test-iphonesimulator/PicPacCore.o normal (in target 'PicPacCore' from project 'PicPacKit')
    cd /Users/bavabangaru/Developer/pic-pac-poe-ios-native-parity/ios/Packages/PicPacKit
    /Applications/Xcode.app/Contents/Developer/Toolchains/XcodeDefault.xctoolchain/usr/bin/clang -Xlinker -reproducible -target arm64-apple-ios17.0-simulator -r -isysroot /Applications/Xcode.app/Contents/Developer/Platforms/iPhoneSimulator.platform/Developer/SDKs/iPhoneSimulator26.5.sdk -Os -w -F/tmp/picpac-phase3-recovery-lifecycle-derived-20260925/Build/Intermediates.noindex/EagerLinkingTBDs/Test-iphonesimulator -F/tmp/picpac-phase3-recovery-lifecycle-derived-20260925/Build/Products/Test-iphonesimulator -iframework /Applications/Xcode.app/Contents/Developer/Platforms/iPhoneSimulator.platform/Developer/Library/Frameworks -iframework /Applications/Xcode.app/Contents/Developer/Platforms/iPhoneSimulator.platform/Developer/SDKs/iPhoneSimulator26.5.sdk/Developer/Library/Frameworks -filelist /tmp/picpac-phase3-recovery-lifecycle-derived-20260925/Build/Intermediates.noindex/PicPacKit.build/Test-iphonesimulator/PicPacCore.build/Objects-normal/arm64/PicPacCore.LinkFileList -nostdlib -Xlinker -object_path_lto -Xlinker /tmp/picpac-phase3-recovery-lifecycle-derived-20260925/Build/Intermediates.noindex/PicPacKit.build/Test-iphonesimulator/PicPacCore.build/Objects-normal/arm64/PicPacCore_lto.o -Xlinker -objc_abi_version -Xlinker 2 -Xlinker -debug_variant -Xlinker -dependency_info -Xlinker /tmp/picpac-phase3-recovery-lifecycle-derived-20260925/Build/Intermediates.noindex/PicPacKit.build/Test-iphonesimulator/PicPacCore.build/Objects-normal/arm64/PicPacCore_dependency_info.dat -fobjc-link-runtime -L/Applications/Xcode.app/Contents/Developer/Toolchains/XcodeDefault.xctoolchain/usr/lib/swift/iphonesimulator -L/usr/lib/swift -Xlinker -add_ast_path -Xlinker /tmp/picpac-phase3-recovery-lifecycle-derived-20260925/Build/Intermediates.noindex/PicPacKit.build/Test-iphonesimulator/PicPacCore.build/Objects-normal/arm64/PicPacCore.swiftmodule @/tmp/picpac-phase3-recovery-lifecycle-derived-20260925/Build/Intermediates.noindex/PicPacKit.build/Test-iphonesimulator/PicPacCore.build/Objects-normal/arm64/PicPacCore-linker-args.resp -o /tmp/picpac-phase3-recovery-lifecycle-derived-20260925/Build/Products/Test-iphonesimulator/PicPacCore.o

SwiftDriver PicPacPresentation normal arm64 com.apple.xcode.tools.swift.compiler (in target 'PicPacPresentation' from project 'PicPacKit')
    cd /Users/bavabangaru/Developer/pic-pac-poe-ios-native-parity/ios/PicPacPoe.xcodeproj
    builtin-SwiftDriver -- /Applications/Xcode.app/Contents/Developer/Toolchains/XcodeDefault.xctoolchain/usr/bin/swiftc -module-name PicPacPresentation -O -whole-module-optimization @/tmp/picpac-phase3-recovery-lifecycle-derived-20260925/Build/Intermediates.noindex/PicPacKit.build/Test-iphonesimulator/PicPacPresentation.build/Objects-normal/arm64/PicPacPresentation.SwiftFileList -DSWIFT_PACKAGE -DSWIFT_MODULE_RESOURCE_BUNDLE_UNAVAILABLE -DXcode -plugin-path /Applications/Xcode.app/Contents/Developer/Toolchains/XcodeDefault.xctoolchain/usr/lib/swift/host/plugins/testing -enable-experimental-feature DebugDescriptionMacro -sdk /Applications/Xcode.app/Contents/Developer/Platforms/iPhoneSimulator.platform/Developer/SDKs/iPhoneSimulator26.5.sdk -target arm64-apple-ios17.0-simulator -g -module-cache-path /tmp/picpac-phase3-recovery-lifecycle-derived-20260925/ModuleCache.noindex -Xfrontend -serialize-debugging-options -profile-coverage-mapping -profile-generate -suppress-warnings -swift-version 6 -I /tmp/picpac-phase3-recovery-lifecycle-derived-20260925/Build/Products/Test-iphonesimulator -Isystem /Applications/Xcode.app/Contents/Developer/Platforms/iPhoneSimulator.platform/Developer/usr/lib -F /tmp/picpac-phase3-recovery-lifecycle-derived-20260925/Build/Products/Test-iphonesimulator/PackageFrameworks -F /tmp/picpac-phase3-recovery-lifecycle-derived-20260925/Build/Products/Test-iphonesimulator -F /Applications/Xcode.app/Contents/Developer/Platforms/iPhoneSimulator.platform/Developer/Library/Frameworks -F /Applications/Xcode.app/Contents/Developer/Platforms/iPhoneSimulator.platform/Developer/SDKs/iPhoneSimulator26.5.sdk/Developer/Library/Frameworks -c -num-threads 12 -Xcc -ivfsstatcache -Xcc /tmp/picpac-phase3-recovery-lifecycle-derived-20260925/SDKStatCaches.noindex/iphonesimulator26.5-23F81a-6cfe768891a92b912361537c460fe42b.sdkstatcache -output-file-map /tmp/picpac-phase3-recovery-lifecycle-derived-20260925/Build/Intermediates.noindex/PicPacKit.build/Test-iphonesimulator/PicPacPresentation.build/Objects-normal/arm64/PicPacPresentation-OutputFileMap.json -use-frontend-parseable-output -save-temps -no-color-diagnostics -explicit-module-build -module-cache-path /tmp/picpac-phase3-recovery-lifecycle-derived-20260925/Build/Intermediates.noindex/SwiftExplicitPrecompiledModules -clang-scanner-module-cache-path /tmp/picpac-phase3-recovery-lifecycle-derived-20260925/ModuleCache.noindex -sdk-module-cache-path /tmp/picpac-phase3-recovery-lifecycle-derived-20260925/ModuleCache.noindex -serialize-diagnostics -emit-dependencies -emit-module -emit-module-path /tmp/picpac-phase3-recovery-lifecycle-derived-20260925/Build/Intermediates.noindex/PicPacKit.build/Test-iphonesimulator/PicPacPresentation.build/Objects-normal/arm64/PicPacPresentation.swiftmodule -validate-clang-modules-once -clang-build-session-file /tmp/picpac-phase3-recovery-lifecycle-derived-20260925/ModuleCache.noindex/Session.modulevalidation -package-name picpackit -Xcc -I/tmp/picpac-phase3-recovery-lifecycle-derived-20260925/Build/Intermediates.noindex/PicPacKit.build/Test-iphonesimulator/PicPacPresentation.build/swift-overrides.hmap -emit-const-values -Xfrontend -const-gather-protocols-file -Xfrontend /tmp/picpac-phase3-recovery-lifecycle-derived-20260925/Build/Intermediates.noindex/PicPacKit.build/Test-iphonesimulator/PicPacPresentation.build/Objects-normal/arm64/PicPacPresentation_const_extract_protocols.json -Xcc -I/tmp/picpac-phase3-recovery-lifecycle-derived-20260925/Build/Products/Test-iphonesimulator/include -Xcc -I/tmp/picpac-phase3-recovery-lifecycle-derived-20260925/Build/Intermediates.noindex/PicPacKit.build/Test-iphonesimulator/PicPacPresentation.build/DerivedSources-normal/arm64 -Xcc -I/tmp/picpac-phase3-recovery-lifecycle-derived-20260925/Build/Intermediates.noindex/PicPacKit.build/Test-iphonesimulator/PicPacPresentation.build/DerivedSources/arm64 -Xcc -I/tmp/picpac-phase3-recovery-lifecycle-derived-20260925/Build/Intermediates.noindex/PicPacKit.build/Test-iphonesimulator/PicPacPresentation.build/DerivedSources -Xcc -DSWIFT_PACKAGE -emit-objc-header -emit-objc-header-path /tmp/picpac-phase3-recovery-lifecycle-derived-20260925/Build/Intermediates.noindex/PicPacKit.build/Test-iphonesimulator/PicPacPresentation.build/Objects-normal/arm64/PicPacPresentation-Swift.h -working-directory /Users/bavabangaru/Developer/pic-pac-poe-ios-native-parity/ios/PicPacPoe.xcodeproj -no-emit-module-separately-wmo

SwiftDriver PicPacAI normal arm64 com.apple.xcode.tools.swift.compiler (in target 'PicPacAI' from project 'PicPacKit')
    cd /Users/bavabangaru/Developer/pic-pac-poe-ios-native-parity/ios/PicPacPoe.xcodeproj
    builtin-SwiftDriver -- /Applications/Xcode.app/Contents/Developer/Toolchains/XcodeDefault.xctoolchain/usr/bin/swiftc -module-name PicPacAI -O -whole-module-optimization @/tmp/picpac-phase3-recovery-lifecycle-derived-20260925/Build/Intermediates.noindex/PicPacKit.build/Test-iphonesimulator/PicPacAI.build/Objects-normal/arm64/PicPacAI.SwiftFileList -DSWIFT_PACKAGE -DSWIFT_MODULE_RESOURCE_BUNDLE_AVAILABLE -DXcode -plugin-path /Applications/Xcode.app/Contents/Developer/Toolchains/XcodeDefault.xctoolchain/usr/lib/swift/host/plugins/testing -enable-experimental-feature DebugDescriptionMacro -sdk /Applications/Xcode.app/Contents/Developer/Platforms/iPhoneSimulator.platform/Developer/SDKs/iPhoneSimulator26.5.sdk -target arm64-apple-ios17.0-simulator -g -module-cache-path /tmp/picpac-phase3-recovery-lifecycle-derived-20260925/ModuleCache.noindex -Xfrontend -serialize-debugging-options -profile-coverage-mapping -profile-generate -suppress-warnings -swift-version 6 -I /tmp/picpac-phase3-recovery-lifecycle-derived-20260925/Build/Products/Test-iphonesimulator -Isystem /Applications/Xcode.app/Contents/Developer/Platforms/iPhoneSimulator.platform/Developer/usr/lib -F /tmp/picpac-phase3-recovery-lifecycle-derived-20260925/Build/Products/Test-iphonesimulator/PackageFrameworks -F /tmp/picpac-phase3-recovery-lifecycle-derived-20260925/Build/Products/Test-iphonesimulator -F /Applications/Xcode.app/Contents/Developer/Platforms/iPhoneSimulator.platform/Developer/Library/Frameworks -F /Applications/Xcode.app/Contents/Developer/Platforms/iPhoneSimulator.platform/Developer/SDKs/iPhoneSimulator26.5.sdk/Developer/Library/Frameworks -c -num-threads 12 -Xcc -ivfsstatcache -Xcc /tmp/picpac-phase3-recovery-lifecycle-derived-20260925/SDKStatCaches.noindex/iphonesimulator26.5-23F81a-6cfe768891a92b912361537c460fe42b.sdkstatcache -output-file-map /tmp/picpac-phase3-recovery-lifecycle-derived-20260925/Build/Intermediates.noindex/PicPacKit.build/Test-iphonesimulator/PicPacAI.build/Objects-normal/arm64/PicPacAI-OutputFileMap.json -use-frontend-parseable-output -save-temps -no-color-diagnostics -explicit-module-build -module-cache-path /tmp/picpac-phase3-recovery-lifecycle-derived-20260925/Build/Intermediates.noindex/SwiftExplicitPrecompiledModules -clang-scanner-module-cache-path /tmp/picpac-phase3-recovery-lifecycle-derived-20260925/ModuleCache.noindex -sdk-module-cache-path /tmp/picpac-phase3-recovery-lifecycle-derived-20260925/ModuleCache.noindex -serialize-diagnostics -emit-dependencies -emit-module -emit-module-path /tmp/picpac-phase3-recovery-lifecycle-derived-20260925/Build/Intermediates.noindex/PicPacKit.build/Test-iphonesimulator/PicPacAI.build/Objects-normal/arm64/PicPacAI.swiftmodule -validate-clang-modules-once -clang-build-session-file /tmp/picpac-phase3-recovery-lifecycle-derived-20260925/ModuleCache.noindex/Session.modulevalidation -package-name picpackit -Xcc -I/tmp/picpac-phase3-recovery-lifecycle-derived-20260925/Build/Intermediates.noindex/PicPacKit.build/Test-iphonesimulator/PicPacAI.build/swift-overrides.hmap -emit-const-values -Xfrontend -const-gather-protocols-file -Xfrontend /tmp/picpac-phase3-recovery-lifecycle-derived-20260925/Build/Intermediates.noindex/PicPacKit.build/Test-iphonesimulator/PicPacAI.build/Objects-normal/arm64/PicPacAI_const_extract_protocols.json -Xcc -I/tmp/picpac-phase3-recovery-lifecycle-derived-20260925/Build/Products/Test-iphonesimulator/include -Xcc -I/tmp/picpac-phase3-recovery-lifecycle-derived-20260925/Build/Intermediates.noindex/PicPacKit.build/Test-iphonesimulator/PicPacAI.build/DerivedSources-normal/arm64 -Xcc -I/tmp/picpac-phase3-recovery-lifecycle-derived-20260925/Build/Intermediates.noindex/PicPacKit.build/Test-iphonesimulator/PicPacAI.build/DerivedSources/arm64 -Xcc -I/tmp/picpac-phase3-recovery-lifecycle-derived-20260925/Build/Intermediates.noindex/PicPacKit.build/Test-iphonesimulator/PicPacAI.build/DerivedSources -Xcc -DSWIFT_PACKAGE -emit-objc-header -emit-objc-header-path /tmp/picpac-phase3-recovery-lifecycle-derived-20260925/Build/Intermediates.noindex/PicPacKit.build/Test-iphonesimulator/PicPacAI.build/Objects-normal/arm64/PicPacAI-Swift.h -working-directory /Users/bavabangaru/Developer/pic-pac-poe-ios-native-parity/ios/PicPacPoe.xcodeproj -no-emit-module-separately-wmo

ExtractAppIntentsMetadata (in target 'PicPacCore' from project 'PicPacKit')
    cd /Users/bavabangaru/Developer/pic-pac-poe-ios-native-parity/ios/Packages/PicPacKit
    /Applications/Xcode.app/Contents/Developer/Toolchains/XcodeDefault.xctoolchain/usr/bin/appintentsmetadataprocessor --toolchain-dir /Applications/Xcode.app/Contents/Developer/Toolchains/XcodeDefault.xctoolchain --module-name PicPacCore --sdk-root /Applications/Xcode.app/Contents/Developer/Platforms/iPhoneSimulator.platform/Developer/SDKs/iPhoneSimulator26.5.sdk --xcode-version 17F113 --platform-family iOS --deployment-target 17.0 --bundle-identifier picpackit.PicPacCore --output /tmp/picpac-phase3-recovery-lifecycle-derived-20260925/Build/Products/Test-iphonesimulator/PicPacCore.appintents --target-triple arm64-apple-ios17.0-simulator --binary-file /tmp/picpac-phase3-recovery-lifecycle-derived-20260925/Build/Products/Test-iphonesimulator/PicPacCore.o --dependency-file /tmp/picpac-phase3-recovery-lifecycle-derived-20260925/Build/Intermediates.noindex/PicPacKit.build/Test-iphonesimulator/PicPacCore.build/Objects-normal/arm64/PicPacCore_dependency_info.dat --stringsdata-file /tmp/picpac-phase3-recovery-lifecycle-derived-20260925/Build/Intermediates.noindex/PicPacKit.build/Test-iphonesimulator/PicPacCore.build/Objects-normal/arm64/ExtractedAppShortcutsMetadata.stringsdata --source-file-list /tmp/picpac-phase3-recovery-lifecycle-derived-20260925/Build/Intermediates.noindex/PicPacKit.build/Test-iphonesimulator/PicPacCore.build/Objects-normal/arm64/PicPacCore.SwiftFileList --metadata-file-list /tmp/picpac-phase3-recovery-lifecycle-derived-20260925/Build/Intermediates.noindex/PicPacKit.build/Test-iphonesimulator/PicPacCore.build/PicPacCore.DependencyMetadataFileList --static-metadata-file-list /tmp/picpac-phase3-recovery-lifecycle-derived-20260925/Build/Intermediates.noindex/PicPacKit.build/Test-iphonesimulator/PicPacCore.build/PicPacCore.DependencyStaticMetadataFileList --swift-const-vals-list /tmp/picpac-phase3-recovery-lifecycle-derived-20260925/Build/Intermediates.noindex/PicPacKit.build/Test-iphonesimulator/PicPacCore.build/Objects-normal/arm64/PicPacCore.SwiftConstValuesFileList --force --compile-time-extraction --deployment-aware-processing --validate-assistant-intents --no-app-shortcuts-localization
2026-09-25 04:44:11.452 appintentsmetadataprocessor[84148:115723741] Starting appintentsmetadataprocessor export
2026-09-25 04:44:11.497 appintentsmetadataprocessor[84148:115723741] Extracted no relevant App Intents symbols, skipping writing output

SwiftDriver\ Compilation PicPacAI normal arm64 com.apple.xcode.tools.swift.compiler (in target 'PicPacAI' from project 'PicPacKit')
    cd /Users/bavabangaru/Developer/pic-pac-poe-ios-native-parity/ios/PicPacPoe.xcodeproj
    builtin-Swift-Compilation -- /Applications/Xcode.app/Contents/Developer/Toolchains/XcodeDefault.xctoolchain/usr/bin/swiftc -module-name PicPacAI -O -whole-module-optimization @/tmp/picpac-phase3-recovery-lifecycle-derived-20260925/Build/Intermediates.noindex/PicPacKit.build/Test-iphonesimulator/PicPacAI.build/Objects-normal/arm64/PicPacAI.SwiftFileList -DSWIFT_PACKAGE -DSWIFT_MODULE_RESOURCE_BUNDLE_AVAILABLE -DXcode -plugin-path /Applications/Xcode.app/Contents/Developer/Toolchains/XcodeDefault.xctoolchain/usr/lib/swift/host/plugins/testing -enable-experimental-feature DebugDescriptionMacro -sdk /Applications/Xcode.app/Contents/Developer/Platforms/iPhoneSimulator.platform/Developer/SDKs/iPhoneSimulator26.5.sdk -target arm64-apple-ios17.0-simulator -g -module-cache-path /tmp/picpac-phase3-recovery-lifecycle-derived-20260925/ModuleCache.noindex -Xfrontend -serialize-debugging-options -profile-coverage-mapping -profile-generate -suppress-warnings -swift-version 6 -I /tmp/picpac-phase3-recovery-lifecycle-derived-20260925/Build/Products/Test-iphonesimulator -Isystem /Applications/Xcode.app/Contents/Developer/Platforms/iPhoneSimulator.platform/Developer/usr/lib -F /tmp/picpac-phase3-recovery-lifecycle-derived-20260925/Build/Products/Test-iphonesimulator/PackageFrameworks -F /tmp/picpac-phase3-recovery-lifecycle-derived-20260925/Build/Products/Test-iphonesimulator -F /Applications/Xcode.app/Contents/Developer/Platforms/iPhoneSimulator.platform/Developer/Library/Frameworks -F /Applications/Xcode.app/Contents/Developer/Platforms/iPhoneSimulator.platform/Developer/SDKs/iPhoneSimulator26.5.sdk/Developer/Library/Frameworks -c -num-threads 12 -Xcc -ivfsstatcache -Xcc /tmp/picpac-phase3-recovery-lifecycle-derived-20260925/SDKStatCaches.noindex/iphonesimulator26.5-23F81a-6cfe768891a92b912361537c460fe42b.sdkstatcache -output-file-map /tmp/picpac-phase3-recovery-lifecycle-derived-20260925/Build/Intermediates.noindex/PicPacKit.build/Test-iphonesimulator/PicPacAI.build/Objects-normal/arm64/PicPacAI-OutputFileMap.json -use-frontend-parseable-output -save-temps -no-color-diagnostics -explicit-module-build -module-cache-path /tmp/picpac-phase3-recovery-lifecycle-derived-20260925/Build/Intermediates.noindex/SwiftExplicitPrecompiledModules -clang-scanner-module-cache-path /tmp/picpac-phase3-recovery-lifecycle-derived-20260925/ModuleCache.noindex -sdk-module-cache-path /tmp/picpac-phase3-recovery-lifecycle-derived-20260925/ModuleCache.noindex -serialize-diagnostics -emit-dependencies -emit-module -emit-module-path /tmp/picpac-phase3-recovery-lifecycle-derived-20260925/Build/Intermediates.noindex/PicPacKit.build/Test-iphonesimulator/PicPacAI.build/Objects-normal/arm64/PicPacAI.swiftmodule -validate-clang-modules-once -clang-build-session-file /tmp/picpac-phase3-recovery-lifecycle-derived-20260925/ModuleCache.noindex/Session.modulevalidation -package-name picpackit -Xcc -I/tmp/picpac-phase3-recovery-lifecycle-derived-20260925/Build/Intermediates.noindex/PicPacKit.build/Test-iphonesimulator/PicPacAI.build/swift-overrides.hmap -emit-const-values -Xfrontend -const-gather-protocols-file -Xfrontend /tmp/picpac-phase3-recovery-lifecycle-derived-20260925/Build/Intermediates.noindex/PicPacKit.build/Test-iphonesimulator/PicPacAI.build/Objects-normal/arm64/PicPacAI_const_extract_protocols.json -Xcc -I/tmp/picpac-phase3-recovery-lifecycle-derived-20260925/Build/Products/Test-iphonesimulator/include -Xcc -I/tmp/picpac-phase3-recovery-lifecycle-derived-20260925/Build/Intermediates.noindex/PicPacKit.build/Test-iphonesimulator/PicPacAI.build/DerivedSources-normal/arm64 -Xcc -I/tmp/picpac-phase3-recovery-lifecycle-derived-20260925/Build/Intermediates.noindex/PicPacKit.build/Test-iphonesimulator/PicPacAI.build/DerivedSources/arm64 -Xcc -I/tmp/picpac-phase3-recovery-lifecycle-derived-20260925/Build/Intermediates.noindex/PicPacKit.build/Test-iphonesimulator/PicPacAI.build/DerivedSources -Xcc -DSWIFT_PACKAGE -emit-objc-header -emit-objc-header-path /tmp/picpac-phase3-recovery-lifecycle-derived-20260925/Build/Intermediates.noindex/PicPacKit.build/Test-iphonesimulator/PicPacAI.build/Objects-normal/arm64/PicPacAI-Swift.h -working-directory /Users/bavabangaru/Developer/pic-pac-poe-ios-native-parity/ios/PicPacPoe.xcodeproj -no-emit-module-separately-wmo

SwiftCompile normal arm64 Compiling\ resource_bundle_accessor.swift,\ AIContracts.swift,\ ExpectiminimaxAgent.swift,\ FastAgents.swift,\ PositionEvaluator.swift,\ ProductionAIEngine.swift,\ RandomSources.swift,\ ReferenceExpectiminimax.swift,\ SearchModel.swift,\ StochasticMCTSAgent.swift,\ TabularPolicy.swift /tmp/picpac-phase3-recovery-lifecycle-derived-20260925/Build/Intermediates.noindex/PicPacKit.build/Test-iphonesimulator/PicPacAI.build/DerivedSources/resource_bundle_accessor.swift /Users/bavabangaru/Developer/pic-pac-poe-ios-native-parity/ios/Packages/PicPacKit/Sources/PicPacAI/AIContracts.swift /Users/bavabangaru/Developer/pic-pac-poe-ios-native-parity/ios/Packages/PicPacKit/Sources/PicPacAI/ExpectiminimaxAgent.swift /Users/bavabangaru/Developer/pic-pac-poe-ios-native-parity/ios/Packages/PicPacKit/Sources/PicPacAI/FastAgents.swift /Users/bavabangaru/Developer/pic-pac-poe-ios-native-parity/ios/Packages/PicPacKit/Sources/PicPacAI/PositionEvaluator.swift /Users/bavabangaru/Developer/pic-pac-poe-ios-native-parity/ios/Packages/PicPacKit/Sources/PicPacAI/ProductionAIEngine.swift /Users/bavabangaru/Developer/pic-pac-poe-ios-native-parity/ios/Packages/PicPacKit/Sources/PicPacAI/RandomSources.swift /Users/bavabangaru/Developer/pic-pac-poe-ios-native-parity/ios/Packages/PicPacKit/Sources/PicPacAI/ReferenceExpectiminimax.swift /Users/bavabangaru/Developer/pic-pac-poe-ios-native-parity/ios/Packages/PicPacKit/Sources/PicPacAI/SearchModel.swift /Users/bavabangaru/Developer/pic-pac-poe-ios-native-parity/ios/Packages/PicPacKit/Sources/PicPacAI/StochasticMCTSAgent.swift /Users/bavabangaru/Developer/pic-pac-poe-ios-native-parity/ios/Packages/PicPacKit/Sources/PicPacAI/TabularPolicy.swift /Applications/Xcode.app/Contents/Developer/Toolchains/XcodeDefault.xctoolchain/usr/lib/swift/iphonesimulator/prebuilt-modules/26.5/Combine.swiftmodule/arm64-apple-ios-simulator.swiftmodule /Applications/Xcode.app/Contents/Developer/Toolchains/XcodeDefault.xctoolchain/usr/lib/swift/iphonesimulator/prebuilt-modules/26.5/Observation.swiftmodule/arm64-apple-ios-simulator.swiftmodule /Applications/Xcode.app/Contents/Developer/Toolchains/XcodeDefault.xctoolchain/usr/lib/swift/iphonesimulator/prebuilt-modules/26.5/ObjectiveC.swiftmodule/arm64-apple-ios-simulator.swiftmodule /Applications/Xcode.app/Contents/Developer/Toolchains/XcodeDefault.xctoolchain/usr/lib/swift/iphonesimulator/prebuilt-modules/26.5/_Concurrency.swiftmodule/arm64-apple-ios-simulator.swiftmodule /Applications/Xcode.app/Contents/Developer/Toolchains/XcodeDefault.xctoolchain/usr/lib/swift/iphonesimulator/prebuilt-modules/26.5/_StringProcessing.swiftmodule/arm64-apple-ios-simulator.swiftmodule /tmp/picpac-phase3-recovery-lifecycle-derived-20260925/Build/Products/Test-iphonesimulator/PicPacCore.swiftmodule/arm64-apple-ios-simulator.swiftmodule /Applications/Xcode.app/Contents/Developer/Toolchains/XcodeDefault.xctoolchain/usr/lib/swift/iphonesimulator/prebuilt-modules/26.5/XPC.swiftmodule/arm64-apple-ios-simulator.swiftmodule /Applications/Xcode.app/Contents/Developer/Toolchains/XcodeDefault.xctoolchain/usr/lib/swift/iphonesimulator/prebuilt-modules/26.5/Dispatch.swiftmodule/arm64-apple-ios-simulator.swiftmodule /Applications/Xcode.app/Contents/Developer/Toolchains/XcodeDefault.xctoolchain/usr/lib/swift/iphonesimulator/prebuilt-modules/26.5/Foundation.swiftmodule/arm64-apple-ios-simulator.swiftmodule /Applications/Xcode.app/Contents/Developer/Toolchains/XcodeDefault.xctoolchain/usr/lib/swift/iphonesimulator/prebuilt-modules/26.5/_Builtin_float.swiftmodule/arm64-apple-ios-simulator.swiftmodule /Applications/Xcode.app/Contents/Developer/Toolchains/XcodeDefault.xctoolchain/usr/lib/swift/iphonesimulator/prebuilt-modules/26.5/_DarwinFoundation2.swiftmodule/arm64-apple-ios-simulator.swiftmodule /Applications/Xcode.app/Contents/Developer/Toolchains/XcodeDefault.xctoolchain/usr/lib/swift/iphonesimulator/prebuilt-modules/26.5/Darwin.swiftmodule/arm64-apple-ios-simulator.swiftmodule /Applications/Xcode.app/Contents/Developer/Toolchains/XcodeDefault.xctoolchain/usr/lib/swift/iphonesimulator/prebuilt-modules/26.5/CoreFoundation.swiftmodule/arm64-apple-ios-simulator.swiftmodule /Applications/Xcode.app/Contents/Developer/Toolchains/XcodeDefault.xctoolchain/usr/lib/swift/iphonesimulator/prebuilt-modules/26.5/Swift.swiftmodule/arm64-apple-ios-simulator.swiftmodule /Applications/Xcode.app/Contents/Developer/Toolchains/XcodeDefault.xctoolchain/usr/lib/swift/iphonesimulator/prebuilt-modules/26.5/_DarwinFoundation1.swiftmodule/arm64-apple-ios-simulator.swiftmodule /Applications/Xcode.app/Contents/Developer/Toolchains/XcodeDefault.xctoolchain/usr/lib/swift/iphonesimulator/prebuilt-modules/26.5/_DarwinFoundation3.swiftmodule/arm64-apple-ios-simulator.swiftmodule /Applications/Xcode.app/Contents/Developer/Toolchains/XcodeDefault.xctoolchain/usr/lib/swift/iphonesimulator/prebuilt-modules/26.5/System.swiftmodule/arm64-apple-ios-simulator.swiftmodule /tmp/picpac-phase3-recovery-lifecycle-derived-20260925/ModuleCache.noindex/_Builtin_stdarg-1HR58FKC4MLDKF38RIC1TQPBF.pcm /tmp/picpac-phase3-recovery-lifecycle-derived-20260925/ModuleCache.noindex/_DarwinFoundation3-8N67NKFR94FILZ817HTHPIIVE.pcm /tmp/picpac-phase3-recovery-lifecycle-derived-20260925/ModuleCache.noindex/os_workgroup-9G9OPMJ7ZYY7LPHM3QH3A89IC.pcm /tmp/picpac-phase3-recovery-lifecycle-derived-20260925/ModuleCache.noindex/Darwin-B2SKPJ67S9Q9RZKRISH0ZTZT5.pcm /tmp/picpac-phase3-recovery-lifecycle-derived-20260925/ModuleCache.noindex/ptrcheck-3BTNV508ATKNXMEMVJR4CNK3L.pcm /tmp/picpac-phase3-recovery-lifecycle-derived-20260925/ModuleCache.noindex/CoreFoundation-8T1OE58LCAX5WYJCXY8RX3047.pcm /tmp/picpac-phase3-recovery-lifecycle-derived-20260925/ModuleCache.noindex/_DarwinFoundation1-5U9BMAYGZV3QP2QHS3T12BO87.pcm /tmp/picpac-phase3-recovery-lifecycle-derived-20260925/ModuleCache.noindex/Security-BMOKCYIDJ0EX51W19SQU7CJFK.pcm /tmp/picpac-phase3-recovery-lifecycle-derived-20260925/ModuleCache.noindex/_Builtin_stdbool-TWXPF9P81FX4JBL8N5F2B6YN.pcm /tmp/picpac-phase3-recovery-lifecycle-derived-20260925/ModuleCache.noindex/_SwiftConcurrencyShims-4DSYOSEKXFXEI49X0SN40XVIX.pcm /tmp/picpac-phase3-recovery-lifecycle-derived-20260925/ModuleCache.noindex/Foundation-A989BTVCARND0JWL1QB13P3FJ.pcm /tmp/picpac-phase3-recovery-lifecycle-derived-20260925/ModuleCache.noindex/_Builtin_stdint-4LOOSAZYCW19UXKD86R30DJGS.pcm /tmp/picpac-phase3-recovery-lifecycle-derived-20260925/ModuleCache.noindex/_AvailabilityInternal-94ZWCSE3AXMF2AUXL43U4ZKI6.pcm /tmp/picpac-phase3-recovery-lifecycle-derived-20260925/ModuleCache.noindex/SwiftShims-1RD56242FN0GYQZ5FT3GUXF5P.pcm /tmp/picpac-phase3-recovery-lifecycle-derived-20260925/ModuleCache.noindex/Dispatch-4YDPW8E2WNFCCFI51B0W3WB4P.pcm /tmp/picpac-phase3-recovery-lifecycle-derived-20260925/ModuleCache.noindex/ptrauth-AHEVXRIKBAPA5V19FAQRD2AKI.pcm /tmp/picpac-phase3-recovery-lifecycle-derived-20260925/ModuleCache.noindex/os_object-76I6CUXVRAPJKQXW2S1ZZERTP.pcm /tmp/picpac-phase3-recovery-lifecycle-derived-20260925/ModuleCache.noindex/_DarwinFoundation2-9KVYITQFVRQWDNY73L1HFFQRY.pcm /tmp/picpac-phase3-recovery-lifecycle-derived-20260925/ModuleCache.noindex/XPC-8VCRT10NSMP6HL9VL740QK38N.pcm /tmp/picpac-phase3-recovery-lifecycle-derived-20260925/ModuleCache.noindex/_Builtin_stddef-1V1KPCVEBD1L66NATB2IR8RM.pcm /tmp/picpac-phase3-recovery-lifecycle-derived-20260925/ModuleCache.noindex/_Builtin_float-8X2LBBECS459L2NHEB0QU5JJN.pcm /tmp/picpac-phase3-recovery-lifecycle-derived-20260925/ModuleCache.noindex/_Builtin_inttypes-6LKHG7GZARPZMYYEU1IXRIO2A.pcm /tmp/picpac-phase3-recovery-lifecycle-derived-20260925/ModuleCache.noindex/_Builtin_limits-28VVQJR5FMLIVC9BR9EYLTKOX.pcm /tmp/picpac-phase3-recovery-lifecycle-derived-20260925/ModuleCache.noindex/CFNetwork-DUJHMWI54HX426BT5OFQ3GVKH.pcm /tmp/picpac-phase3-recovery-lifecycle-derived-20260925/ModuleCache.noindex/ObjectiveC-925ZSNZILP7BNABDMBBCDRQKN.pcm /tmp/picpac-phase3-recovery-lifecycle-derived-20260925/ModuleCache.noindex/sys_types-B5QKXUS4YZ78K5GEDGAKOL00S.pcm /tmp/picpac-phase3-recovery-lifecycle-derived-20260925/Build/Intermediates.noindex/PicPacKit.build/Test-iphonesimulator/PicPacAI.build/Objects-normal/arm64/PicPacAI-dependencies-1.json (in target 'PicPacAI' from project 'PicPacKit')
CompileSwift normal arm64 (in target 'PicPacAI' from project 'PicPacKit')
    cd /Users/bavabangaru/Developer/pic-pac-poe-ios-native-parity/ios/PicPacPoe.xcodeproj
    

SwiftCompile normal arm64 Compiling\ GameCoordinator.swift,\ PresentationDependencies.swift,\ PresentationModels.swift,\ RestorationValidation.swift /Users/bavabangaru/Developer/pic-pac-poe-ios-native-parity/ios/Packages/PicPacKit/Sources/PicPacPresentation/GameCoordinator.swift /Users/bavabangaru/Developer/pic-pac-poe-ios-native-parity/ios/Packages/PicPacKit/Sources/PicPacPresentation/PresentationDependencies.swift /Users/bavabangaru/Developer/pic-pac-poe-ios-native-parity/ios/Packages/PicPacKit/Sources/PicPacPresentation/PresentationModels.swift /Users/bavabangaru/Developer/pic-pac-poe-ios-native-parity/ios/Packages/PicPacKit/Sources/PicPacPresentation/RestorationValidation.swift /Applications/Xcode.app/Contents/Developer/Toolchains/XcodeDefault.xctoolchain/usr/lib/swift/iphonesimulator/prebuilt-modules/26.5/XPC.swiftmodule/arm64-apple-ios-simulator.swiftmodule /Applications/Xcode.app/Contents/Developer/Toolchains/XcodeDefault.xctoolchain/usr/lib/swift/iphonesimulator/prebuilt-modules/26.5/Dispatch.swiftmodule/arm64-apple-ios-simulator.swiftmodule /Applications/Xcode.app/Contents/Developer/Toolchains/XcodeDefault.xctoolchain/usr/lib/swift/iphonesimulator/prebuilt-modules/26.5/CoreFoundation.swiftmodule/arm64-apple-ios-simulator.swiftmodule /Applications/Xcode.app/Contents/Developer/Toolchains/XcodeDefault.xctoolchain/usr/lib/swift/iphonesimulator/prebuilt-modules/26.5/Darwin.swiftmodule/arm64-apple-ios-simulator.swiftmodule /Applications/Xcode.app/Contents/Developer/Toolchains/XcodeDefault.xctoolchain/usr/lib/swift/iphonesimulator/prebuilt-modules/26.5/Combine.swiftmodule/arm64-apple-ios-simulator.swiftmodule /Applications/Xcode.app/Contents/Developer/Toolchains/XcodeDefault.xctoolchain/usr/lib/swift/iphonesimulator/prebuilt-modules/26.5/Observation.swiftmodule/arm64-apple-ios-simulator.swiftmodule /Applications/Xcode.app/Contents/Developer/Toolchains/XcodeDefault.xctoolchain/usr/lib/swift/iphonesimulator/prebuilt-modules/26.5/Foundation.swiftmodule/arm64-apple-ios-simulator.swiftmodule /Applications/Xcode.app/Contents/Developer/Toolchains/XcodeDefault.xctoolchain/usr/lib/swift/iphonesimulator/prebuilt-modules/26.5/_DarwinFoundation2.swiftmodule/arm64-apple-ios-simulator.swiftmodule /Applications/Xcode.app/Contents/Developer/Toolchains/XcodeDefault.xctoolchain/usr/lib/swift/iphonesimulator/prebuilt-modules/26.5/_DarwinFoundation1.swiftmodule/arm64-apple-ios-simulator.swiftmodule /Applications/Xcode.app/Contents/Developer/Toolchains/XcodeDefault.xctoolchain/usr/lib/swift/iphonesimulator/prebuilt-modules/26.5/_Concurrency.swiftmodule/arm64-apple-ios-simulator.swiftmodule /Applications/Xcode.app/Contents/Developer/Toolchains/XcodeDefault.xctoolchain/usr/lib/swift/iphonesimulator/prebuilt-modules/26.5/_Builtin_float.swiftmodule/arm64-apple-ios-simulator.swiftmodule /Applications/Xcode.app/Contents/Developer/Toolchains/XcodeDefault.xctoolchain/usr/lib/swift/iphonesimulator/prebuilt-modules/26.5/Swift.swiftmodule/arm64-apple-ios-simulator.swiftmodule /Applications/Xcode.app/Contents/Developer/Toolchains/XcodeDefault.xctoolchain/usr/lib/swift/iphonesimulator/prebuilt-modules/26.5/ObjectiveC.swiftmodule/arm64-apple-ios-simulator.swiftmodule /Applications/Xcode.app/Contents/Developer/Toolchains/XcodeDefault.xctoolchain/usr/lib/swift/iphonesimulator/prebuilt-modules/26.5/_StringProcessing.swiftmodule/arm64-apple-ios-simulator.swiftmodule /tmp/picpac-phase3-recovery-lifecycle-derived-20260925/Build/Products/Test-iphonesimulator/PicPacCore.swiftmodule/arm64-apple-ios-simulator.swiftmodule /Applications/Xcode.app/Contents/Developer/Toolchains/XcodeDefault.xctoolchain/usr/lib/swift/iphonesimulator/prebuilt-modules/26.5/_DarwinFoundation3.swiftmodule/arm64-apple-ios-simulator.swiftmodule /Applications/Xcode.app/Contents/Developer/Toolchains/XcodeDefault.xctoolchain/usr/lib/swift/iphonesimulator/prebuilt-modules/26.5/System.swiftmodule/arm64-apple-ios-simulator.swiftmodule /tmp/picpac-phase3-recovery-lifecycle-derived-20260925/ModuleCache.noindex/_Builtin_stdarg-1HR58FKC4MLDKF38RIC1TQPBF.pcm /tmp/picpac-phase3-recovery-lifecycle-derived-20260925/ModuleCache.noindex/_DarwinFoundation3-8N67NKFR94FILZ817HTHPIIVE.pcm /tmp/picpac-phase3-recovery-lifecycle-derived-20260925/ModuleCache.noindex/os_workgroup-9G9OPMJ7ZYY7LPHM3QH3A89IC.pcm /tmp/picpac-phase3-recovery-lifecycle-derived-20260925/ModuleCache.noindex/Darwin-B2SKPJ67S9Q9RZKRISH0ZTZT5.pcm /tmp/picpac-phase3-recovery-lifecycle-derived-20260925/ModuleCache.noindex/ptrcheck-3BTNV508ATKNXMEMVJR4CNK3L.pcm /tmp/picpac-phase3-recovery-lifecycle-derived-20260925/ModuleCache.noindex/CoreFoundation-8T1OE58LCAX5WYJCXY8RX3047.pcm /tmp/picpac-phase3-recovery-lifecycle-derived-20260925/ModuleCache.noindex/_DarwinFoundation1-5U9BMAYGZV3QP2QHS3T12BO87.pcm /tmp/picpac-phase3-recovery-lifecycle-derived-20260925/ModuleCache.noindex/Security-BMOKCYIDJ0EX51W19SQU7CJFK.pcm /tmp/picpac-phase3-recovery-lifecycle-derived-20260925/ModuleCache.noindex/_Builtin_stdbool-TWXPF9P81FX4JBL8N5F2B6YN.pcm /tmp/picpac-phase3-recovery-lifecycle-derived-20260925/ModuleCache.noindex/_SwiftConcurrencyShims-4DSYOSEKXFXEI49X0SN40XVIX.pcm /tmp/picpac-phase3-recovery-lifecycle-derived-20260925/ModuleCache.noindex/Foundation-A989BTVCARND0JWL1QB13P3FJ.pcm /tmp/picpac-phase3-recovery-lifecycle-derived-20260925/ModuleCache.noindex/_Builtin_stdint-4LOOSAZYCW19UXKD86R30DJGS.pcm /tmp/picpac-phase3-recovery-lifecycle-derived-20260925/ModuleCache.noindex/_AvailabilityInternal-94ZWCSE3AXMF2AUXL43U4ZKI6.pcm /tmp/picpac-phase3-recovery-lifecycle-derived-20260925/ModuleCache.noindex/Dispatch-4YDPW8E2WNFCCFI51B0W3WB4P.pcm /tmp/picpac-phase3-recovery-lifecycle-derived-20260925/ModuleCache.noindex/SwiftShims-1RD56242FN0GYQZ5FT3GUXF5P.pcm /tmp/picpac-phase3-recovery-lifecycle-derived-20260925/ModuleCache.noindex/ptrauth-AHEVXRIKBAPA5V19FAQRD2AKI.pcm /tmp/picpac-phase3-recovery-lifecycle-derived-20260925/ModuleCache.noindex/os_object-76I6CUXVRAPJKQXW2S1ZZERTP.pcm /tmp/picpac-phase3-recovery-lifecycle-derived-20260925/ModuleCache.noindex/_DarwinFoundation2-9KVYITQFVRQWDNY73L1HFFQRY.pcm /tmp/picpac-phase3-recovery-lifecycle-derived-20260925/ModuleCache.noindex/XPC-8VCRT10NSMP6HL9VL740QK38N.pcm /tmp/picpac-phase3-recovery-lifecycle-derived-20260925/ModuleCache.noindex/_Builtin_stddef-1V1KPCVEBD1L66NATB2IR8RM.pcm /tmp/picpac-phase3-recovery-lifecycle-derived-20260925/ModuleCache.noindex/_Builtin_float-8X2LBBECS459L2NHEB0QU5JJN.pcm /tmp/picpac-phase3-recovery-lifecycle-derived-20260925/ModuleCache.noindex/_Builtin_inttypes-6LKHG7GZARPZMYYEU1IXRIO2A.pcm /tmp/picpac-phase3-recovery-lifecycle-derived-20260925/ModuleCache.noindex/_Builtin_limits-28VVQJR5FMLIVC9BR9EYLTKOX.pcm /tmp/picpac-phase3-recovery-lifecycle-derived-20260925/ModuleCache.noindex/CFNetwork-DUJHMWI54HX426BT5OFQ3GVKH.pcm /tmp/picpac-phase3-recovery-lifecycle-derived-20260925/ModuleCache.noindex/ObjectiveC-925ZSNZILP7BNABDMBBCDRQKN.pcm /tmp/picpac-phase3-recovery-lifecycle-derived-20260925/ModuleCache.noindex/sys_types-B5QKXUS4YZ78K5GEDGAKOL00S.pcm /tmp/picpac-phase3-recovery-lifecycle-derived-20260925/Build/Intermediates.noindex/PicPacKit.build/Test-iphonesimulator/PicPacPresentation.build/Objects-normal/arm64/PicPacPresentation-dependencies-1.json (in target 'PicPacPresentation' from project 'PicPacKit')

CompileSwift normal arm64 (in target 'PicPacPresentation' from project 'PicPacKit')
    cd /Users/bavabangaru/Developer/pic-pac-poe-ios-native-parity/ios/PicPacPoe.xcodeproj
    

SwiftDriver\ Compilation PicPacPresentation normal arm64 com.apple.xcode.tools.swift.compiler (in target 'PicPacPresentation' from project 'PicPacKit')
    cd /Users/bavabangaru/Developer/pic-pac-poe-ios-native-parity/ios/PicPacPoe.xcodeproj
    builtin-Swift-Compilation -- /Applications/Xcode.app/Contents/Developer/Toolchains/XcodeDefault.xctoolchain/usr/bin/swiftc -module-name PicPacPresentation -O -whole-module-optimization @/tmp/picpac-phase3-recovery-lifecycle-derived-20260925/Build/Intermediates.noindex/PicPacKit.build/Test-iphonesimulator/PicPacPresentation.build/Objects-normal/arm64/PicPacPresentation.SwiftFileList -DSWIFT_PACKAGE -DSWIFT_MODULE_RESOURCE_BUNDLE_UNAVAILABLE -DXcode -plugin-path /Applications/Xcode.app/Contents/Developer/Toolchains/XcodeDefault.xctoolchain/usr/lib/swift/host/plugins/testing -enable-experimental-feature DebugDescriptionMacro -sdk /Applications/Xcode.app/Contents/Developer/Platforms/iPhoneSimulator.platform/Developer/SDKs/iPhoneSimulator26.5.sdk -target arm64-apple-ios17.0-simulator -g -module-cache-path /tmp/picpac-phase3-recovery-lifecycle-derived-20260925/ModuleCache.noindex -Xfrontend -serialize-debugging-options -profile-coverage-mapping -profile-generate -suppress-warnings -swift-version 6 -I /tmp/picpac-phase3-recovery-lifecycle-derived-20260925/Build/Products/Test-iphonesimulator -Isystem /Applications/Xcode.app/Contents/Developer/Platforms/iPhoneSimulator.platform/Developer/usr/lib -F /tmp/picpac-phase3-recovery-lifecycle-derived-20260925/Build/Products/Test-iphonesimulator/PackageFrameworks -F /tmp/picpac-phase3-recovery-lifecycle-derived-20260925/Build/Products/Test-iphonesimulator -F /Applications/Xcode.app/Contents/Developer/Platforms/iPhoneSimulator.platform/Developer/Library/Frameworks -F /Applications/Xcode.app/Contents/Developer/Platforms/iPhoneSimulator.platform/Developer/SDKs/iPhoneSimulator26.5.sdk/Developer/Library/Frameworks -c -num-threads 12 -Xcc -ivfsstatcache -Xcc /tmp/picpac-phase3-recovery-lifecycle-derived-20260925/SDKStatCaches.noindex/iphonesimulator26.5-23F81a-6cfe768891a92b912361537c460fe42b.sdkstatcache -output-file-map /tmp/picpac-phase3-recovery-lifecycle-derived-20260925/Build/Intermediates.noindex/PicPacKit.build/Test-iphonesimulator/PicPacPresentation.build/Objects-normal/arm64/PicPacPresentation-OutputFileMap.json -use-frontend-parseable-output -save-temps -no-color-diagnostics -explicit-module-build -module-cache-path /tmp/picpac-phase3-recovery-lifecycle-derived-20260925/Build/Intermediates.noindex/SwiftExplicitPrecompiledModules -clang-scanner-module-cache-path /tmp/picpac-phase3-recovery-lifecycle-derived-20260925/ModuleCache.noindex -sdk-module-cache-path /tmp/picpac-phase3-recovery-lifecycle-derived-20260925/ModuleCache.noindex -serialize-diagnostics -emit-dependencies -emit-module -emit-module-path /tmp/picpac-phase3-recovery-lifecycle-derived-20260925/Build/Intermediates.noindex/PicPacKit.build/Test-iphonesimulator/PicPacPresentation.build/Objects-normal/arm64/PicPacPresentation.swiftmodule -validate-clang-modules-once -clang-build-session-file /tmp/picpac-phase3-recovery-lifecycle-derived-20260925/ModuleCache.noindex/Session.modulevalidation -package-name picpackit -Xcc -I/tmp/picpac-phase3-recovery-lifecycle-derived-20260925/Build/Intermediates.noindex/PicPacKit.build/Test-iphonesimulator/PicPacPresentation.build/swift-overrides.hmap -emit-const-values -Xfrontend -const-gather-protocols-file -Xfrontend /tmp/picpac-phase3-recovery-lifecycle-derived-20260925/Build/Intermediates.noindex/PicPacKit.build/Test-iphonesimulator/PicPacPresentation.build/Objects-normal/arm64/PicPacPresentation_const_extract_protocols.json -Xcc -I/tmp/picpac-phase3-recovery-lifecycle-derived-20260925/Build/Products/Test-iphonesimulator/include -Xcc -I/tmp/picpac-phase3-recovery-lifecycle-derived-20260925/Build/Intermediates.noindex/PicPacKit.build/Test-iphonesimulator/PicPacPresentation.build/DerivedSources-normal/arm64 -Xcc -I/tmp/picpac-phase3-recovery-lifecycle-derived-20260925/Build/Intermediates.noindex/PicPacKit.build/Test-iphonesimulator/PicPacPresentation.build/DerivedSources/arm64 -Xcc -I/tmp/picpac-phase3-recovery-lifecycle-derived-20260925/Build/Intermediates.noindex/PicPacKit.build/Test-iphonesimulator/PicPacPresentation.build/DerivedSources -Xcc -DSWIFT_PACKAGE -emit-objc-header -emit-objc-header-path /tmp/picpac-phase3-recovery-lifecycle-derived-20260925/Build/Intermediates.noindex/PicPacKit.build/Test-iphonesimulator/PicPacPresentation.build/Objects-normal/arm64/PicPacPresentation-Swift.h -working-directory /Users/bavabangaru/Developer/pic-pac-poe-ios-native-parity/ios/PicPacPoe.xcodeproj -no-emit-module-separately-wmo

RegisterExecutionPolicyException /tmp/picpac-phase3-recovery-lifecycle-derived-20260925/Build/Products/Test-iphonesimulator/PicPacCore.o (in target 'PicPacCore' from project 'PicPacKit')
    cd /Users/bavabangaru/Developer/pic-pac-poe-ios-native-parity/ios/Packages/PicPacKit
    builtin-RegisterExecutionPolicyException /tmp/picpac-phase3-recovery-lifecycle-derived-20260925/Build/Products/Test-iphonesimulator/PicPacCore.o

SwiftDriverJobDiscovery normal arm64 Compiling GameCoordinator.swift, PresentationDependencies.swift, PresentationModels.swift, RestorationValidation.swift (in target 'PicPacPresentation' from project 'PicPacKit')

SwiftDriver\ Compilation\ Requirements PicPacPresentation normal arm64 com.apple.xcode.tools.swift.compiler (in target 'PicPacPresentation' from project 'PicPacKit')
    cd /Users/bavabangaru/Developer/pic-pac-poe-ios-native-parity/ios/PicPacPoe.xcodeproj
    builtin-Swift-Compilation-Requirements -- /Applications/Xcode.app/Contents/Developer/Toolchains/XcodeDefault.xctoolchain/usr/bin/swiftc -module-name PicPacPresentation -O -whole-module-optimization @/tmp/picpac-phase3-recovery-lifecycle-derived-20260925/Build/Intermediates.noindex/PicPacKit.build/Test-iphonesimulator/PicPacPresentation.build/Objects-normal/arm64/PicPacPresentation.SwiftFileList -DSWIFT_PACKAGE -DSWIFT_MODULE_RESOURCE_BUNDLE_UNAVAILABLE -DXcode -plugin-path /Applications/Xcode.app/Contents/Developer/Toolchains/XcodeDefault.xctoolchain/usr/lib/swift/host/plugins/testing -enable-experimental-feature DebugDescriptionMacro -sdk /Applications/Xcode.app/Contents/Developer/Platforms/iPhoneSimulator.platform/Developer/SDKs/iPhoneSimulator26.5.sdk -target arm64-apple-ios17.0-simulator -g -module-cache-path /tmp/picpac-phase3-recovery-lifecycle-derived-20260925/ModuleCache.noindex -Xfrontend -serialize-debugging-options -profile-coverage-mapping -profile-generate -suppress-warnings -swift-version 6 -I /tmp/picpac-phase3-recovery-lifecycle-derived-20260925/Build/Products/Test-iphonesimulator -Isystem /Applications/Xcode.app/Contents/Developer/Platforms/iPhoneSimulator.platform/Developer/usr/lib -F /tmp/picpac-phase3-recovery-lifecycle-derived-20260925/Build/Products/Test-iphonesimulator/PackageFrameworks -F /tmp/picpac-phase3-recovery-lifecycle-derived-20260925/Build/Products/Test-iphonesimulator -F /Applications/Xcode.app/Contents/Developer/Platforms/iPhoneSimulator.platform/Developer/Library/Frameworks -F /Applications/Xcode.app/Contents/Developer/Platforms/iPhoneSimulator.platform/Developer/SDKs/iPhoneSimulator26.5.sdk/Developer/Library/Frameworks -c -num-threads 12 -Xcc -ivfsstatcache -Xcc /tmp/picpac-phase3-recovery-lifecycle-derived-20260925/SDKStatCaches.noindex/iphonesimulator26.5-23F81a-6cfe768891a92b912361537c460fe42b.sdkstatcache -output-file-map /tmp/picpac-phase3-recovery-lifecycle-derived-20260925/Build/Intermediates.noindex/PicPacKit.build/Test-iphonesimulator/PicPacPresentation.build/Objects-normal/arm64/PicPacPresentation-OutputFileMap.json -use-frontend-parseable-output -save-temps -no-color-diagnostics -explicit-module-build -module-cache-path /tmp/picpac-phase3-recovery-lifecycle-derived-20260925/Build/Intermediates.noindex/SwiftExplicitPrecompiledModules -clang-scanner-module-cache-path /tmp/picpac-phase3-recovery-lifecycle-derived-20260925/ModuleCache.noindex -sdk-module-cache-path /tmp/picpac-phase3-recovery-lifecycle-derived-20260925/ModuleCache.noindex -serialize-diagnostics -emit-dependencies -emit-module -emit-module-path /tmp/picpac-phase3-recovery-lifecycle-derived-20260925/Build/Intermediates.noindex/PicPacKit.build/Test-iphonesimulator/PicPacPresentation.build/Objects-normal/arm64/PicPacPresentation.swiftmodule -validate-clang-modules-once -clang-build-session-file /tmp/picpac-phase3-recovery-lifecycle-derived-20260925/ModuleCache.noindex/Session.modulevalidation -package-name picpackit -Xcc -I/tmp/picpac-phase3-recovery-lifecycle-derived-20260925/Build/Intermediates.noindex/PicPacKit.build/Test-iphonesimulator/PicPacPresentation.build/swift-overrides.hmap -emit-const-values -Xfrontend -const-gather-protocols-file -Xfrontend /tmp/picpac-phase3-recovery-lifecycle-derived-20260925/Build/Intermediates.noindex/PicPacKit.build/Test-iphonesimulator/PicPacPresentation.build/Objects-normal/arm64/PicPacPresentation_const_extract_protocols.json -Xcc -I/tmp/picpac-phase3-recovery-lifecycle-derived-20260925/Build/Products/Test-iphonesimulator/include -Xcc -I/tmp/picpac-phase3-recovery-lifecycle-derived-20260925/Build/Intermediates.noindex/PicPacKit.build/Test-iphonesimulator/PicPacPresentation.build/DerivedSources-normal/arm64 -Xcc -I/tmp/picpac-phase3-recovery-lifecycle-derived-20260925/Build/Intermediates.noindex/PicPacKit.build/Test-iphonesimulator/PicPacPresentation.build/DerivedSources/arm64 -Xcc -I/tmp/picpac-phase3-recovery-lifecycle-derived-20260925/Build/Intermediates.noindex/PicPacKit.build/Test-iphonesimulator/PicPacPresentation.build/DerivedSources -Xcc -DSWIFT_PACKAGE -emit-objc-header -emit-objc-header-path /tmp/picpac-phase3-recovery-lifecycle-derived-20260925/Build/Intermediates.noindex/PicPacKit.build/Test-iphonesimulator/PicPacPresentation.build/Objects-normal/arm64/PicPacPresentation-Swift.h -working-directory /Users/bavabangaru/Developer/pic-pac-poe-ios-native-parity/ios/PicPacPoe.xcodeproj -no-emit-module-separately-wmo

SwiftMergeGeneratedHeaders /tmp/picpac-phase3-recovery-lifecycle-derived-20260925/Build/Intermediates.noindex/GeneratedModuleMaps-iphonesimulator/PicPacPresentation-Swift.h /tmp/picpac-phase3-recovery-lifecycle-derived-20260925/Build/Intermediates.noindex/PicPacKit.build/Test-iphonesimulator/PicPacPresentation.build/Objects-normal/arm64/PicPacPresentation-Swift.h (in target 'PicPacPresentation' from project 'PicPacKit')
    cd /Users/bavabangaru/Developer/pic-pac-poe-ios-native-parity/ios/Packages/PicPacKit
    builtin-swiftHeaderTool -arch arm64 /tmp/picpac-phase3-recovery-lifecycle-derived-20260925/Build/Intermediates.noindex/PicPacKit.build/Test-iphonesimulator/PicPacPresentation.build/Objects-normal/arm64/PicPacPresentation-Swift.h -o /tmp/picpac-phase3-recovery-lifecycle-derived-20260925/Build/Intermediates.noindex/GeneratedModuleMaps-iphonesimulator/PicPacPresentation-Swift.h

Copy /tmp/picpac-phase3-recovery-lifecycle-derived-20260925/Build/Products/Test-iphonesimulator/PicPacPresentation.swiftmodule/arm64-apple-ios-simulator.swiftdoc /tmp/picpac-phase3-recovery-lifecycle-derived-20260925/Build/Intermediates.noindex/PicPacKit.build/Test-iphonesimulator/PicPacPresentation.build/Objects-normal/arm64/PicPacPresentation.swiftdoc (in target 'PicPacPresentation' from project 'PicPacKit')
    cd /Users/bavabangaru/Developer/pic-pac-poe-ios-native-parity/ios/Packages/PicPacKit
    builtin-copy -exclude .DS_Store -exclude CVS -exclude .svn -exclude .git -exclude .hg -strip-unsigned-binaries -strip-deterministic -strip-tool /Applications/Xcode.app/Contents/Developer/Toolchains/XcodeDefault.xctoolchain/usr/bin/strip -resolve-src-symlinks -rename /tmp/picpac-phase3-recovery-lifecycle-derived-20260925/Build/Intermediates.noindex/PicPacKit.build/Test-iphonesimulator/PicPacPresentation.build/Objects-normal/arm64/PicPacPresentation.swiftdoc /tmp/picpac-phase3-recovery-lifecycle-derived-20260925/Build/Products/Test-iphonesimulator/PicPacPresentation.swiftmodule/arm64-apple-ios-simulator.swiftdoc

Copy /tmp/picpac-phase3-recovery-lifecycle-derived-20260925/Build/Products/Test-iphonesimulator/PicPacPresentation.swiftmodule/arm64-apple-ios-simulator.abi.json /tmp/picpac-phase3-recovery-lifecycle-derived-20260925/Build/Intermediates.noindex/PicPacKit.build/Test-iphonesimulator/PicPacPresentation.build/Objects-normal/arm64/PicPacPresentation.abi.json (in target 'PicPacPresentation' from project 'PicPacKit')
    cd /Users/bavabangaru/Developer/pic-pac-poe-ios-native-parity/ios/Packages/PicPacKit
    builtin-copy -exclude .DS_Store -exclude CVS -exclude .svn -exclude .git -exclude .hg -strip-unsigned-binaries -strip-deterministic -strip-tool /Applications/Xcode.app/Contents/Developer/Toolchains/XcodeDefault.xctoolchain/usr/bin/strip -resolve-src-symlinks -rename /tmp/picpac-phase3-recovery-lifecycle-derived-20260925/Build/Intermediates.noindex/PicPacKit.build/Test-iphonesimulator/PicPacPresentation.build/Objects-normal/arm64/PicPacPresentation.abi.json /tmp/picpac-phase3-recovery-lifecycle-derived-20260925/Build/Products/Test-iphonesimulator/PicPacPresentation.swiftmodule/arm64-apple-ios-simulator.abi.json

Copy /tmp/picpac-phase3-recovery-lifecycle-derived-20260925/Build/Products/Test-iphonesimulator/PicPacPresentation.swiftmodule/arm64-apple-ios-simulator.swiftmodule /tmp/picpac-phase3-recovery-lifecycle-derived-20260925/Build/Intermediates.noindex/PicPacKit.build/Test-iphonesimulator/PicPacPresentation.build/Objects-normal/arm64/PicPacPresentation.swiftmodule (in target 'PicPacPresentation' from project 'PicPacKit')
    cd /Users/bavabangaru/Developer/pic-pac-poe-ios-native-parity/ios/Packages/PicPacKit
    builtin-copy -exclude .DS_Store -exclude CVS -exclude .svn -exclude .git -exclude .hg -strip-unsigned-binaries -strip-deterministic -strip-tool /Applications/Xcode.app/Contents/Developer/Toolchains/XcodeDefault.xctoolchain/usr/bin/strip -resolve-src-symlinks -rename /tmp/picpac-phase3-recovery-lifecycle-derived-20260925/Build/Intermediates.noindex/PicPacKit.build/Test-iphonesimulator/PicPacPresentation.build/Objects-normal/arm64/PicPacPresentation.swiftmodule /tmp/picpac-phase3-recovery-lifecycle-derived-20260925/Build/Products/Test-iphonesimulator/PicPacPresentation.swiftmodule/arm64-apple-ios-simulator.swiftmodule

Copy /tmp/picpac-phase3-recovery-lifecycle-derived-20260925/Build/Products/Test-iphonesimulator/PicPacPresentation.swiftmodule/Project/arm64-apple-ios-simulator.swiftsourceinfo /tmp/picpac-phase3-recovery-lifecycle-derived-20260925/Build/Intermediates.noindex/PicPacKit.build/Test-iphonesimulator/PicPacPresentation.build/Objects-normal/arm64/PicPacPresentation.swiftsourceinfo (in target 'PicPacPresentation' from project 'PicPacKit')
    cd /Users/bavabangaru/Developer/pic-pac-poe-ios-native-parity/ios/Packages/PicPacKit
    builtin-copy -exclude .DS_Store -exclude CVS -exclude .svn -exclude .git -exclude .hg -strip-unsigned-binaries -strip-deterministic -strip-tool /Applications/Xcode.app/Contents/Developer/Toolchains/XcodeDefault.xctoolchain/usr/bin/strip -resolve-src-symlinks -rename /tmp/picpac-phase3-recovery-lifecycle-derived-20260925/Build/Intermediates.noindex/PicPacKit.build/Test-iphonesimulator/PicPacPresentation.build/Objects-normal/arm64/PicPacPresentation.swiftsourceinfo /tmp/picpac-phase3-recovery-lifecycle-derived-20260925/Build/Products/Test-iphonesimulator/PicPacPresentation.swiftmodule/Project/arm64-apple-ios-simulator.swiftsourceinfo

Ld /tmp/picpac-phase3-recovery-lifecycle-derived-20260925/Build/Products/Test-iphonesimulator/PicPacPresentation.o normal (in target 'PicPacPresentation' from project 'PicPacKit')
    cd /Users/bavabangaru/Developer/pic-pac-poe-ios-native-parity/ios/Packages/PicPacKit
    /Applications/Xcode.app/Contents/Developer/Toolchains/XcodeDefault.xctoolchain/usr/bin/clang -Xlinker -reproducible -target arm64-apple-ios17.0-simulator -r -isysroot /Applications/Xcode.app/Contents/Developer/Platforms/iPhoneSimulator.platform/Developer/SDKs/iPhoneSimulator26.5.sdk -Os -w -F/tmp/picpac-phase3-recovery-lifecycle-derived-20260925/Build/Intermediates.noindex/EagerLinkingTBDs/Test-iphonesimulator -F/tmp/picpac-phase3-recovery-lifecycle-derived-20260925/Build/Products/Test-iphonesimulator/PackageFrameworks -F/tmp/picpac-phase3-recovery-lifecycle-derived-20260925/Build/Products/Test-iphonesimulator -iframework /Applications/Xcode.app/Contents/Developer/Platforms/iPhoneSimulator.platform/Developer/Library/Frameworks -iframework /Applications/Xcode.app/Contents/Developer/Platforms/iPhoneSimulator.platform/Developer/SDKs/iPhoneSimulator26.5.sdk/Developer/Library/Frameworks -filelist /tmp/picpac-phase3-recovery-lifecycle-derived-20260925/Build/Intermediates.noindex/PicPacKit.build/Test-iphonesimulator/PicPacPresentation.build/Objects-normal/arm64/PicPacPresentation.LinkFileList -nostdlib -Xlinker -object_path_lto -Xlinker /tmp/picpac-phase3-recovery-lifecycle-derived-20260925/Build/Intermediates.noindex/PicPacKit.build/Test-iphonesimulator/PicPacPresentation.build/Objects-normal/arm64/PicPacPresentation_lto.o -Xlinker -objc_abi_version -Xlinker 2 -Xlinker -debug_variant -Xlinker -dependency_info -Xlinker /tmp/picpac-phase3-recovery-lifecycle-derived-20260925/Build/Intermediates.noindex/PicPacKit.build/Test-iphonesimulator/PicPacPresentation.build/Objects-normal/arm64/PicPacPresentation_dependency_info.dat -fobjc-link-runtime -L/Applications/Xcode.app/Contents/Developer/Toolchains/XcodeDefault.xctoolchain/usr/lib/swift/iphonesimulator -L/usr/lib/swift -Xlinker -add_ast_path -Xlinker /tmp/picpac-phase3-recovery-lifecycle-derived-20260925/Build/Intermediates.noindex/PicPacKit.build/Test-iphonesimulator/PicPacPresentation.build/Objects-normal/arm64/PicPacPresentation.swiftmodule @/tmp/picpac-phase3-recovery-lifecycle-derived-20260925/Build/Intermediates.noindex/PicPacKit.build/Test-iphonesimulator/PicPacPresentation.build/Objects-normal/arm64/PicPacPresentation-linker-args.resp -o /tmp/picpac-phase3-recovery-lifecycle-derived-20260925/Build/Products/Test-iphonesimulator/PicPacPresentation.o

ExtractAppIntentsMetadata (in target 'PicPacPresentation' from project 'PicPacKit')
    cd /Users/bavabangaru/Developer/pic-pac-poe-ios-native-parity/ios/Packages/PicPacKit
    /Applications/Xcode.app/Contents/Developer/Toolchains/XcodeDefault.xctoolchain/usr/bin/appintentsmetadataprocessor --toolchain-dir /Applications/Xcode.app/Contents/Developer/Toolchains/XcodeDefault.xctoolchain --module-name PicPacPresentation --sdk-root /Applications/Xcode.app/Contents/Developer/Platforms/iPhoneSimulator.platform/Developer/SDKs/iPhoneSimulator26.5.sdk --xcode-version 17F113 --platform-family iOS --deployment-target 17.0 --bundle-identifier picpackit.PicPacPresentation --output /tmp/picpac-phase3-recovery-lifecycle-derived-20260925/Build/Products/Test-iphonesimulator/PicPacPresentation.appintents --target-triple arm64-apple-ios17.0-simulator --binary-file /tmp/picpac-phase3-recovery-lifecycle-derived-20260925/Build/Products/Test-iphonesimulator/PicPacPresentation.o --dependency-file /tmp/picpac-phase3-recovery-lifecycle-derived-20260925/Build/Intermediates.noindex/PicPacKit.build/Test-iphonesimulator/PicPacPresentation.build/Objects-normal/arm64/PicPacPresentation_dependency_info.dat --stringsdata-file /tmp/picpac-phase3-recovery-lifecycle-derived-20260925/Build/Intermediates.noindex/PicPacKit.build/Test-iphonesimulator/PicPacPresentation.build/Objects-normal/arm64/ExtractedAppShortcutsMetadata.stringsdata --source-file-list /tmp/picpac-phase3-recovery-lifecycle-derived-20260925/Build/Intermediates.noindex/PicPacKit.build/Test-iphonesimulator/PicPacPresentation.build/Objects-normal/arm64/PicPacPresentation.SwiftFileList --metadata-file-list /tmp/picpac-phase3-recovery-lifecycle-derived-20260925/Build/Intermediates.noindex/PicPacKit.build/Test-iphonesimulator/PicPacPresentation.build/PicPacPresentation.DependencyMetadataFileList --static-metadata-file-list /tmp/picpac-phase3-recovery-lifecycle-derived-20260925/Build/Intermediates.noindex/PicPacKit.build/Test-iphonesimulator/PicPacPresentation.build/PicPacPresentation.DependencyStaticMetadataFileList --swift-const-vals-list /tmp/picpac-phase3-recovery-lifecycle-derived-20260925/Build/Intermediates.noindex/PicPacKit.build/Test-iphonesimulator/PicPacPresentation.build/Objects-normal/arm64/PicPacPresentation.SwiftConstValuesFileList --force --compile-time-extraction --deployment-aware-processing --validate-assistant-intents --no-app-shortcuts-localization
2026-09-25 04:44:15.128 appintentsmetadataprocessor[84176:115724188] Starting appintentsmetadataprocessor export
2026-09-25 04:44:15.136 appintentsmetadataprocessor[84176:115724188] Extracted no relevant App Intents symbols, skipping writing output

RegisterExecutionPolicyException /tmp/picpac-phase3-recovery-lifecycle-derived-20260925/Build/Products/Test-iphonesimulator/PicPacPresentation.o (in target 'PicPacPresentation' from project 'PicPacKit')
    cd /Users/bavabangaru/Developer/pic-pac-poe-ios-native-parity/ios/Packages/PicPacKit
    builtin-RegisterExecutionPolicyException /tmp/picpac-phase3-recovery-lifecycle-derived-20260925/Build/Products/Test-iphonesimulator/PicPacPresentation.o

Ld /tmp/picpac-phase3-recovery-lifecycle-derived-20260925/Build/Products/Test-iphonesimulator/PackageFrameworks/PicPacPresentation_-6026B0FB22E351C2_PackageProduct.framework/PicPacPresentation_-6026B0FB22E351C2_PackageProduct normal (in target 'PicPacPresentation' from project 'PicPacKit')
    cd /Users/bavabangaru/Developer/pic-pac-poe-ios-native-parity/ios/Packages/PicPacKit
    /Applications/Xcode.app/Contents/Developer/Toolchains/XcodeDefault.xctoolchain/usr/bin/clang -Xlinker -reproducible -target arm64-apple-ios17.0-simulator -dynamiclib -isysroot /Applications/Xcode.app/Contents/Developer/Platforms/iPhoneSimulator.platform/Developer/SDKs/iPhoneSimulator26.5.sdk -Os -w -L/tmp/picpac-phase3-recovery-lifecycle-derived-20260925/Build/Intermediates.noindex/EagerLinkingTBDs/Test-iphonesimulator -L/tmp/picpac-phase3-recovery-lifecycle-derived-20260925/Build/Products/Test-iphonesimulator -L/Applications/Xcode.app/Contents/Developer/Platforms/iPhoneSimulator.platform/Developer/usr/lib -F/tmp/picpac-phase3-recovery-lifecycle-derived-20260925/Build/Intermediates.noindex/EagerLinkingTBDs/Test-iphonesimulator -F/tmp/picpac-phase3-recovery-lifecycle-derived-20260925/Build/Products/Test-iphonesimulator/PackageFrameworks -F/tmp/picpac-phase3-recovery-lifecycle-derived-20260925/Build/Products/Test-iphonesimulator/PackageFrameworks -F/tmp/picpac-phase3-recovery-lifecycle-derived-20260925/Build/Products/Test-iphonesimulator -iframework /Applications/Xcode.app/Contents/Developer/Platforms/iPhoneSimulator.platform/Developer/Library/Frameworks -iframework /Applications/Xcode.app/Contents/Developer/Platforms/iPhoneSimulator.platform/Developer/SDKs/iPhoneSimulator26.5.sdk/Developer/Library/Frameworks -filelist /tmp/picpac-phase3-recovery-lifecycle-derived-20260925/Build/Intermediates.noindex/PicPacKit.build/Test-iphonesimulator/PicPacPresentation\ product.build/Objects-normal/arm64/PicPacPresentation_-6026B0FB22E351C2_PackageProduct.LinkFileList -install_name @rpath/PicPacPresentation_-6026B0FB22E351C2_PackageProduct.framework/PicPacPresentation_-6026B0FB22E351C2_PackageProduct -Xlinker -rpath -Xlinker /usr/lib/swift -Xlinker -dead_strip -Xlinker -object_path_lto -Xlinker /tmp/picpac-phase3-recovery-lifecycle-derived-20260925/Build/Intermediates.noindex/PicPacKit.build/Test-iphonesimulator/PicPacPresentation\ product.build/Objects-normal/arm64/PicPacPresentation_-6026B0FB22E351C2_PackageProduct_lto.o -Xlinker -objc_abi_version -Xlinker 2 -Xlinker -debug_variant -Xlinker -dependency_info -Xlinker /tmp/picpac-phase3-recovery-lifecycle-derived-20260925/Build/Intermediates.noindex/PicPacKit.build/Test-iphonesimulator/PicPacPresentation\ product.build/Objects-normal/arm64/PicPacPresentation_-6026B0FB22E351C2_PackageProduct_dependency_info.dat -fobjc-link-runtime -fprofile-instr-generate -L/Applications/Xcode.app/Contents/Developer/Toolchains/XcodeDefault.xctoolchain/usr/lib/swift/iphonesimulator -L/usr/lib/swift -Wl,-no_warn_duplicate_libraries -Wl,-no_warn_duplicate_libraries -o /tmp/picpac-phase3-recovery-lifecycle-derived-20260925/Build/Products/Test-iphonesimulator/PackageFrameworks/PicPacPresentation_-6026B0FB22E351C2_PackageProduct.framework/PicPacPresentation_-6026B0FB22E351C2_PackageProduct -Xlinker -add_ast_path -Xlinker /tmp/picpac-phase3-recovery-lifecycle-derived-20260925/Build/Intermediates.noindex/PicPacKit.build/Test-iphonesimulator/PicPacPresentation.build/Objects-normal/arm64/PicPacPresentation.swiftmodule @/tmp/picpac-phase3-recovery-lifecycle-derived-20260925/Build/Intermediates.noindex/PicPacKit.build/Test-iphonesimulator/PicPacPresentation.build/Objects-normal/arm64/PicPacPresentation-linker-args.resp -Xlinker -add_ast_path -Xlinker /tmp/picpac-phase3-recovery-lifecycle-derived-20260925/Build/Intermediates.noindex/PicPacKit.build/Test-iphonesimulator/PicPacCore.build/Objects-normal/arm64/PicPacCore.swiftmodule @/tmp/picpac-phase3-recovery-lifecycle-derived-20260925/Build/Intermediates.noindex/PicPacKit.build/Test-iphonesimulator/PicPacCore.build/Objects-normal/arm64/PicPacCore-linker-args.resp

ProcessInfoPlistFile /tmp/picpac-phase3-recovery-lifecycle-derived-20260925/Build/Products/Test-iphonesimulator/PackageFrameworks/PicPacPresentation_-6026B0FB22E351C2_PackageProduct.framework/Info.plist /tmp/picpac-phase3-recovery-lifecycle-derived-20260925/Build/Intermediates.noindex/PicPacKit.build/Test-iphonesimulator/PicPacPresentation\ product.build/empty-PicPacPresentation_-6026B0FB22E351C2_PackageProduct.plist (in target 'PicPacPresentation' from project 'PicPacKit')
    cd /Users/bavabangaru/Developer/pic-pac-poe-ios-native-parity/ios/Packages/PicPacKit
    builtin-infoPlistUtility /tmp/picpac-phase3-recovery-lifecycle-derived-20260925/Build/Intermediates.noindex/PicPacKit.build/Test-iphonesimulator/PicPacPresentation\ product.build/empty-PicPacPresentation_-6026B0FB22E351C2_PackageProduct.plist -producttype com.apple.product-type.framework -expandbuildsettings -format binary -platform iphonesimulator -o /tmp/picpac-phase3-recovery-lifecycle-derived-20260925/Build/Products/Test-iphonesimulator/PackageFrameworks/PicPacPresentation_-6026B0FB22E351C2_PackageProduct.framework/Info.plist

GenerateTAPI /tmp/picpac-phase3-recovery-lifecycle-derived-20260925/Build/Intermediates.noindex/EagerLinkingTBDs/Test-iphonesimulator/PicPacPresentation_-6026B0FB22E351C2_PackageProduct.framework/PicPacPresentation_-6026B0FB22E351C2_PackageProduct.tbd (in target 'PicPacPresentation' from project 'PicPacKit')
    cd /Users/bavabangaru/Developer/pic-pac-poe-ios-native-parity/ios/Packages/PicPacKit
    /Applications/Xcode.app/Contents/Developer/Toolchains/XcodeDefault.xctoolchain/usr/bin/tapi stubify -isysroot /Applications/Xcode.app/Contents/Developer/Platforms/iPhoneSimulator.platform/Developer/SDKs/iPhoneSimulator26.5.sdk -F/tmp/picpac-phase3-recovery-lifecycle-derived-20260925/Build/Products/Test-iphonesimulator/PackageFrameworks -F/tmp/picpac-phase3-recovery-lifecycle-derived-20260925/Build/Products/Test-iphonesimulator/PackageFrameworks -F/tmp/picpac-phase3-recovery-lifecycle-derived-20260925/Build/Products/Test-iphonesimulator -iframework /Applications/Xcode.app/Contents/Developer/Platforms/iPhoneSimulator.platform/Developer/Library/Frameworks -iframework /Applications/Xcode.app/Contents/Developer/Platforms/iPhoneSimulator.platform/Developer/SDKs/iPhoneSimulator26.5.sdk/Developer/Library/Frameworks -L/tmp/picpac-phase3-recovery-lifecycle-derived-20260925/Build/Products/Test-iphonesimulator -L/Applications/Xcode.app/Contents/Developer/Platforms/iPhoneSimulator.platform/Developer/usr/lib /tmp/picpac-phase3-recovery-lifecycle-derived-20260925/Build/Products/Test-iphonesimulator/PackageFrameworks/PicPacPresentation_-6026B0FB22E351C2_PackageProduct.framework/PicPacPresentation_-6026B0FB22E351C2_PackageProduct -o /tmp/picpac-phase3-recovery-lifecycle-derived-20260925/Build/Intermediates.noindex/EagerLinkingTBDs/Test-iphonesimulator/PicPacPresentation_-6026B0FB22E351C2_PackageProduct.framework/PicPacPresentation_-6026B0FB22E351C2_PackageProduct.tbd

GenerateDSYMFile /tmp/picpac-phase3-recovery-lifecycle-derived-20260925/Build/Products/Test-iphonesimulator/PicPacPresentation_-6026B0FB22E351C2_PackageProduct.framework.dSYM /tmp/picpac-phase3-recovery-lifecycle-derived-20260925/Build/Products/Test-iphonesimulator/PackageFrameworks/PicPacPresentation_-6026B0FB22E351C2_PackageProduct.framework/PicPacPresentation_-6026B0FB22E351C2_PackageProduct (in target 'PicPacPresentation' from project 'PicPacKit')
    cd /Users/bavabangaru/Developer/pic-pac-poe-ios-native-parity/ios/Packages/PicPacKit
    /Applications/Xcode.app/Contents/Developer/Toolchains/XcodeDefault.xctoolchain/usr/bin/dsymutil /tmp/picpac-phase3-recovery-lifecycle-derived-20260925/Build/Products/Test-iphonesimulator/PackageFrameworks/PicPacPresentation_-6026B0FB22E351C2_PackageProduct.framework/PicPacPresentation_-6026B0FB22E351C2_PackageProduct -o /tmp/picpac-phase3-recovery-lifecycle-derived-20260925/Build/Products/Test-iphonesimulator/PicPacPresentation_-6026B0FB22E351C2_PackageProduct.framework.dSYM

RegisterExecutionPolicyException /tmp/picpac-phase3-recovery-lifecycle-derived-20260925/Build/Products/Test-iphonesimulator/PackageFrameworks/PicPacPresentation_-6026B0FB22E351C2_PackageProduct.framework (in target 'PicPacPresentation' from project 'PicPacKit')
    cd /Users/bavabangaru/Developer/pic-pac-poe-ios-native-parity/ios/Packages/PicPacKit
    builtin-RegisterExecutionPolicyException /tmp/picpac-phase3-recovery-lifecycle-derived-20260925/Build/Products/Test-iphonesimulator/PackageFrameworks/PicPacPresentation_-6026B0FB22E351C2_PackageProduct.framework

Touch /tmp/picpac-phase3-recovery-lifecycle-derived-20260925/Build/Products/Test-iphonesimulator/PackageFrameworks/PicPacPresentation_-6026B0FB22E351C2_PackageProduct.framework (in target 'PicPacPresentation' from project 'PicPacKit')
    cd /Users/bavabangaru/Developer/pic-pac-poe-ios-native-parity/ios/Packages/PicPacKit
    /usr/bin/touch -c /tmp/picpac-phase3-recovery-lifecycle-derived-20260925/Build/Products/Test-iphonesimulator/PackageFrameworks/PicPacPresentation_-6026B0FB22E351C2_PackageProduct.framework

SwiftDriverJobDiscovery normal arm64 Compiling resource_bundle_accessor.swift, AIContracts.swift, ExpectiminimaxAgent.swift, FastAgents.swift, PositionEvaluator.swift, ProductionAIEngine.swift, RandomSources.swift, ReferenceExpectiminimax.swift, SearchModel.swift, StochasticMCTSAgent.swift, TabularPolicy.swift (in target 'PicPacAI' from project 'PicPacKit')

SwiftDriver\ Compilation\ Requirements PicPacAI normal arm64 com.apple.xcode.tools.swift.compiler (in target 'PicPacAI' from project 'PicPacKit')
    cd /Users/bavabangaru/Developer/pic-pac-poe-ios-native-parity/ios/PicPacPoe.xcodeproj
    builtin-Swift-Compilation-Requirements -- /Applications/Xcode.app/Contents/Developer/Toolchains/XcodeDefault.xctoolchain/usr/bin/swiftc -module-name PicPacAI -O -whole-module-optimization @/tmp/picpac-phase3-recovery-lifecycle-derived-20260925/Build/Intermediates.noindex/PicPacKit.build/Test-iphonesimulator/PicPacAI.build/Objects-normal/arm64/PicPacAI.SwiftFileList -DSWIFT_PACKAGE -DSWIFT_MODULE_RESOURCE_BUNDLE_AVAILABLE -DXcode -plugin-path /Applications/Xcode.app/Contents/Developer/Toolchains/XcodeDefault.xctoolchain/usr/lib/swift/host/plugins/testing -enable-experimental-feature DebugDescriptionMacro -sdk /Applications/Xcode.app/Contents/Developer/Platforms/iPhoneSimulator.platform/Developer/SDKs/iPhoneSimulator26.5.sdk -target arm64-apple-ios17.0-simulator -g -module-cache-path /tmp/picpac-phase3-recovery-lifecycle-derived-20260925/ModuleCache.noindex -Xfrontend -serialize-debugging-options -profile-coverage-mapping -profile-generate -suppress-warnings -swift-version 6 -I /tmp/picpac-phase3-recovery-lifecycle-derived-20260925/Build/Products/Test-iphonesimulator -Isystem /Applications/Xcode.app/Contents/Developer/Platforms/iPhoneSimulator.platform/Developer/usr/lib -F /tmp/picpac-phase3-recovery-lifecycle-derived-20260925/Build/Products/Test-iphonesimulator/PackageFrameworks -F /tmp/picpac-phase3-recovery-lifecycle-derived-20260925/Build/Products/Test-iphonesimulator -F /Applications/Xcode.app/Contents/Developer/Platforms/iPhoneSimulator.platform/Developer/Library/Frameworks -F /Applications/Xcode.app/Contents/Developer/Platforms/iPhoneSimulator.platform/Developer/SDKs/iPhoneSimulator26.5.sdk/Developer/Library/Frameworks -c -num-threads 12 -Xcc -ivfsstatcache -Xcc /tmp/picpac-phase3-recovery-lifecycle-derived-20260925/SDKStatCaches.noindex/iphonesimulator26.5-23F81a-6cfe768891a92b912361537c460fe42b.sdkstatcache -output-file-map /tmp/picpac-phase3-recovery-lifecycle-derived-20260925/Build/Intermediates.noindex/PicPacKit.build/Test-iphonesimulator/PicPacAI.build/Objects-normal/arm64/PicPacAI-OutputFileMap.json -use-frontend-parseable-output -save-temps -no-color-diagnostics -explicit-module-build -module-cache-path /tmp/picpac-phase3-recovery-lifecycle-derived-20260925/Build/Intermediates.noindex/SwiftExplicitPrecompiledModules -clang-scanner-module-cache-path /tmp/picpac-phase3-recovery-lifecycle-derived-20260925/ModuleCache.noindex -sdk-module-cache-path /tmp/picpac-phase3-recovery-lifecycle-derived-20260925/ModuleCache.noindex -serialize-diagnostics -emit-dependencies -emit-module -emit-module-path /tmp/picpac-phase3-recovery-lifecycle-derived-20260925/Build/Intermediates.noindex/PicPacKit.build/Test-iphonesimulator/PicPacAI.build/Objects-normal/arm64/PicPacAI.swiftmodule -validate-clang-modules-once -clang-build-session-file /tmp/picpac-phase3-recovery-lifecycle-derived-20260925/ModuleCache.noindex/Session.modulevalidation -package-name picpackit -Xcc -I/tmp/picpac-phase3-recovery-lifecycle-derived-20260925/Build/Intermediates.noindex/PicPacKit.build/Test-iphonesimulator/PicPacAI.build/swift-overrides.hmap -emit-const-values -Xfrontend -const-gather-protocols-file -Xfrontend /tmp/picpac-phase3-recovery-lifecycle-derived-20260925/Build/Intermediates.noindex/PicPacKit.build/Test-iphonesimulator/PicPacAI.build/Objects-normal/arm64/PicPacAI_const_extract_protocols.json -Xcc -I/tmp/picpac-phase3-recovery-lifecycle-derived-20260925/Build/Products/Test-iphonesimulator/include -Xcc -I/tmp/picpac-phase3-recovery-lifecycle-derived-20260925/Build/Intermediates.noindex/PicPacKit.build/Test-iphonesimulator/PicPacAI.build/DerivedSources-normal/arm64 -Xcc -I/tmp/picpac-phase3-recovery-lifecycle-derived-20260925/Build/Intermediates.noindex/PicPacKit.build/Test-iphonesimulator/PicPacAI.build/DerivedSources/arm64 -Xcc -I/tmp/picpac-phase3-recovery-lifecycle-derived-20260925/Build/Intermediates.noindex/PicPacKit.build/Test-iphonesimulator/PicPacAI.build/DerivedSources -Xcc -DSWIFT_PACKAGE -emit-objc-header -emit-objc-header-path /tmp/picpac-phase3-recovery-lifecycle-derived-20260925/Build/Intermediates.noindex/PicPacKit.build/Test-iphonesimulator/PicPacAI.build/Objects-normal/arm64/PicPacAI-Swift.h -working-directory /Users/bavabangaru/Developer/pic-pac-poe-ios-native-parity/ios/PicPacPoe.xcodeproj -no-emit-module-separately-wmo

SwiftMergeGeneratedHeaders /tmp/picpac-phase3-recovery-lifecycle-derived-20260925/Build/Intermediates.noindex/GeneratedModuleMaps-iphonesimulator/PicPacAI-Swift.h /tmp/picpac-phase3-recovery-lifecycle-derived-20260925/Build/Intermediates.noindex/PicPacKit.build/Test-iphonesimulator/PicPacAI.build/Objects-normal/arm64/PicPacAI-Swift.h (in target 'PicPacAI' from project 'PicPacKit')
    cd /Users/bavabangaru/Developer/pic-pac-poe-ios-native-parity/ios/Packages/PicPacKit
    builtin-swiftHeaderTool -arch arm64 /tmp/picpac-phase3-recovery-lifecycle-derived-20260925/Build/Intermediates.noindex/PicPacKit.build/Test-iphonesimulator/PicPacAI.build/Objects-normal/arm64/PicPacAI-Swift.h -o /tmp/picpac-phase3-recovery-lifecycle-derived-20260925/Build/Intermediates.noindex/GeneratedModuleMaps-iphonesimulator/PicPacAI-Swift.h

Copy /tmp/picpac-phase3-recovery-lifecycle-derived-20260925/Build/Products/Test-iphonesimulator/PicPacAI.swiftmodule/arm64-apple-ios-simulator.swiftdoc /tmp/picpac-phase3-recovery-lifecycle-derived-20260925/Build/Intermediates.noindex/PicPacKit.build/Test-iphonesimulator/PicPacAI.build/Objects-normal/arm64/PicPacAI.swiftdoc (in target 'PicPacAI' from project 'PicPacKit')
    cd /Users/bavabangaru/Developer/pic-pac-poe-ios-native-parity/ios/Packages/PicPacKit
    builtin-copy -exclude .DS_Store -exclude CVS -exclude .svn -exclude .git -exclude .hg -strip-unsigned-binaries -strip-deterministic -strip-tool /Applications/Xcode.app/Contents/Developer/Toolchains/XcodeDefault.xctoolchain/usr/bin/strip -resolve-src-symlinks -rename /tmp/picpac-phase3-recovery-lifecycle-derived-20260925/Build/Intermediates.noindex/PicPacKit.build/Test-iphonesimulator/PicPacAI.build/Objects-normal/arm64/PicPacAI.swiftdoc /tmp/picpac-phase3-recovery-lifecycle-derived-20260925/Build/Products/Test-iphonesimulator/PicPacAI.swiftmodule/arm64-apple-ios-simulator.swiftdoc

Copy /tmp/picpac-phase3-recovery-lifecycle-derived-20260925/Build/Products/Test-iphonesimulator/PicPacAI.swiftmodule/arm64-apple-ios-simulator.swiftmodule /tmp/picpac-phase3-recovery-lifecycle-derived-20260925/Build/Intermediates.noindex/PicPacKit.build/Test-iphonesimulator/PicPacAI.build/Objects-normal/arm64/PicPacAI.swiftmodule (in target 'PicPacAI' from project 'PicPacKit')
    cd /Users/bavabangaru/Developer/pic-pac-poe-ios-native-parity/ios/Packages/PicPacKit
    builtin-copy -exclude .DS_Store -exclude CVS -exclude .svn -exclude .git -exclude .hg -strip-unsigned-binaries -strip-deterministic -strip-tool /Applications/Xcode.app/Contents/Developer/Toolchains/XcodeDefault.xctoolchain/usr/bin/strip -resolve-src-symlinks -rename /tmp/picpac-phase3-recovery-lifecycle-derived-20260925/Build/Intermediates.noindex/PicPacKit.build/Test-iphonesimulator/PicPacAI.build/Objects-normal/arm64/PicPacAI.swiftmodule /tmp/picpac-phase3-recovery-lifecycle-derived-20260925/Build/Products/Test-iphonesimulator/PicPacAI.swiftmodule/arm64-apple-ios-simulator.swiftmodule

Copy /tmp/picpac-phase3-recovery-lifecycle-derived-20260925/Build/Products/Test-iphonesimulator/PicPacAI.swiftmodule/arm64-apple-ios-simulator.abi.json /tmp/picpac-phase3-recovery-lifecycle-derived-20260925/Build/Intermediates.noindex/PicPacKit.build/Test-iphonesimulator/PicPacAI.build/Objects-normal/arm64/PicPacAI.abi.json (in target 'PicPacAI' from project 'PicPacKit')
    cd /Users/bavabangaru/Developer/pic-pac-poe-ios-native-parity/ios/Packages/PicPacKit
    builtin-copy -exclude .DS_Store -exclude CVS -exclude .svn -exclude .git -exclude .hg -strip-unsigned-binaries -strip-deterministic -strip-tool /Applications/Xcode.app/Contents/Developer/Toolchains/XcodeDefault.xctoolchain/usr/bin/strip -resolve-src-symlinks -rename /tmp/picpac-phase3-recovery-lifecycle-derived-20260925/Build/Intermediates.noindex/PicPacKit.build/Test-iphonesimulator/PicPacAI.build/Objects-normal/arm64/PicPacAI.abi.json /tmp/picpac-phase3-recovery-lifecycle-derived-20260925/Build/Products/Test-iphonesimulator/PicPacAI.swiftmodule/arm64-apple-ios-simulator.abi.json

Copy /tmp/picpac-phase3-recovery-lifecycle-derived-20260925/Build/Products/Test-iphonesimulator/PicPacAI.swiftmodule/Project/arm64-apple-ios-simulator.swiftsourceinfo /tmp/picpac-phase3-recovery-lifecycle-derived-20260925/Build/Intermediates.noindex/PicPacKit.build/Test-iphonesimulator/PicPacAI.build/Objects-normal/arm64/PicPacAI.swiftsourceinfo (in target 'PicPacAI' from project 'PicPacKit')
    cd /Users/bavabangaru/Developer/pic-pac-poe-ios-native-parity/ios/Packages/PicPacKit
    builtin-copy -exclude .DS_Store -exclude CVS -exclude .svn -exclude .git -exclude .hg -strip-unsigned-binaries -strip-deterministic -strip-tool /Applications/Xcode.app/Contents/Developer/Toolchains/XcodeDefault.xctoolchain/usr/bin/strip -resolve-src-symlinks -rename /tmp/picpac-phase3-recovery-lifecycle-derived-20260925/Build/Intermediates.noindex/PicPacKit.build/Test-iphonesimulator/PicPacAI.build/Objects-normal/arm64/PicPacAI.swiftsourceinfo /tmp/picpac-phase3-recovery-lifecycle-derived-20260925/Build/Products/Test-iphonesimulator/PicPacAI.swiftmodule/Project/arm64-apple-ios-simulator.swiftsourceinfo

Ld /tmp/picpac-phase3-recovery-lifecycle-derived-20260925/Build/Products/Test-iphonesimulator/PicPacAI.o normal (in target 'PicPacAI' from project 'PicPacKit')
    cd /Users/bavabangaru/Developer/pic-pac-poe-ios-native-parity/ios/Packages/PicPacKit
    /Applications/Xcode.app/Contents/Developer/Toolchains/XcodeDefault.xctoolchain/usr/bin/clang -Xlinker -reproducible -target arm64-apple-ios17.0-simulator -r -isysroot /Applications/Xcode.app/Contents/Developer/Platforms/iPhoneSimulator.platform/Developer/SDKs/iPhoneSimulator26.5.sdk -Os -w -F/tmp/picpac-phase3-recovery-lifecycle-derived-20260925/Build/Intermediates.noindex/EagerLinkingTBDs/Test-iphonesimulator -F/tmp/picpac-phase3-recovery-lifecycle-derived-20260925/Build/Products/Test-iphonesimulator/PackageFrameworks -F/tmp/picpac-phase3-recovery-lifecycle-derived-20260925/Build/Products/Test-iphonesimulator -iframework /Applications/Xcode.app/Contents/Developer/Platforms/iPhoneSimulator.platform/Developer/Library/Frameworks -iframework /Applications/Xcode.app/Contents/Developer/Platforms/iPhoneSimulator.platform/Developer/SDKs/iPhoneSimulator26.5.sdk/Developer/Library/Frameworks -filelist /tmp/picpac-phase3-recovery-lifecycle-derived-20260925/Build/Intermediates.noindex/PicPacKit.build/Test-iphonesimulator/PicPacAI.build/Objects-normal/arm64/PicPacAI.LinkFileList -nostdlib -Xlinker -object_path_lto -Xlinker /tmp/picpac-phase3-recovery-lifecycle-derived-20260925/Build/Intermediates.noindex/PicPacKit.build/Test-iphonesimulator/PicPacAI.build/Objects-normal/arm64/PicPacAI_lto.o -Xlinker -objc_abi_version -Xlinker 2 -Xlinker -debug_variant -Xlinker -dependency_info -Xlinker /tmp/picpac-phase3-recovery-lifecycle-derived-20260925/Build/Intermediates.noindex/PicPacKit.build/Test-iphonesimulator/PicPacAI.build/Objects-normal/arm64/PicPacAI_dependency_info.dat -fobjc-link-runtime -L/Applications/Xcode.app/Contents/Developer/Toolchains/XcodeDefault.xctoolchain/usr/lib/swift/iphonesimulator -L/usr/lib/swift -Xlinker -add_ast_path -Xlinker /tmp/picpac-phase3-recovery-lifecycle-derived-20260925/Build/Intermediates.noindex/PicPacKit.build/Test-iphonesimulator/PicPacAI.build/Objects-normal/arm64/PicPacAI.swiftmodule @/tmp/picpac-phase3-recovery-lifecycle-derived-20260925/Build/Intermediates.noindex/PicPacKit.build/Test-iphonesimulator/PicPacAI.build/Objects-normal/arm64/PicPacAI-linker-args.resp -o /tmp/picpac-phase3-recovery-lifecycle-derived-20260925/Build/Products/Test-iphonesimulator/PicPacAI.o

MkDir /tmp/picpac-phase3-recovery-lifecycle-derived-20260925/Build/Intermediates.noindex/PicPacPoe.build/Test-iphonesimulator/PicPacPoe.build/assetcatalog_output/thinned (in target 'PicPacPoe' from project 'PicPacPoe')
    cd /Users/bavabangaru/Developer/pic-pac-poe-ios-native-parity/ios
    /bin/mkdir -p /tmp/picpac-phase3-recovery-lifecycle-derived-20260925/Build/Intermediates.noindex/PicPacPoe.build/Test-iphonesimulator/PicPacPoe.build/assetcatalog_output/thinned

MkDir /tmp/picpac-phase3-recovery-lifecycle-derived-20260925/Build/Intermediates.noindex/PicPacPoe.build/Test-iphonesimulator/PicPacPoe.build/assetcatalog_output/unthinned (in target 'PicPacPoe' from project 'PicPacPoe')
    cd /Users/bavabangaru/Developer/pic-pac-poe-ios-native-parity/ios
    /bin/mkdir -p /tmp/picpac-phase3-recovery-lifecycle-derived-20260925/Build/Intermediates.noindex/PicPacPoe.build/Test-iphonesimulator/PicPacPoe.build/assetcatalog_output/unthinned

GenerateAssetSymbols /Users/bavabangaru/Developer/pic-pac-poe-ios-native-parity/ios/PicPacPoe/Assets.xcassets (in target 'PicPacPoe' from project 'PicPacPoe')
    cd /Users/bavabangaru/Developer/pic-pac-poe-ios-native-parity/ios
    /Applications/Xcode.app/Contents/Developer/usr/bin/actool /Users/bavabangaru/Developer/pic-pac-poe-ios-native-parity/ios/PicPacPoe/Assets.xcassets --compile /tmp/picpac-phase3-recovery-lifecycle-derived-20260925/Build/Products/Test-iphonesimulator/PicPacPoe.app --output-format human-readable-text --notices --warnings --export-dependency-info /tmp/picpac-phase3-recovery-lifecycle-derived-20260925/Build/Intermediates.noindex/PicPacPoe.build/Test-iphonesimulator/PicPacPoe.build/assetcatalog_dependencies --output-partial-info-plist /tmp/picpac-phase3-recovery-lifecycle-derived-20260925/Build/Intermediates.noindex/PicPacPoe.build/Test-iphonesimulator/PicPacPoe.build/assetcatalog_generated_info.plist --app-icon AppIcon --compress-pngs --enable-on-demand-resources YES --development-region en --target-device iphone --target-device ipad --minimum-deployment-target 17.0 --platform iphonesimulator --bundle-identifier dev.saipranith.picpacpoe --generate-swift-asset-symbol-extensions NO --generate-swift-asset-symbols /tmp/picpac-phase3-recovery-lifecycle-derived-20260925/Build/Intermediates.noindex/PicPacPoe.build/Test-iphonesimulator/PicPacPoe.build/DerivedSources/GeneratedAssetSymbols.swift --generate-objc-asset-symbols /tmp/picpac-phase3-recovery-lifecycle-derived-20260925/Build/Intermediates.noindex/PicPacPoe.build/Test-iphonesimulator/PicPacPoe.build/DerivedSources/GeneratedAssetSymbols.h --generate-asset-symbol-index /tmp/picpac-phase3-recovery-lifecycle-derived-20260925/Build/Intermediates.noindex/PicPacPoe.build/Test-iphonesimulator/PicPacPoe.build/DerivedSources/GeneratedAssetSymbols-Index.plist
/* com.apple.actool.compilation-results */
/tmp/picpac-phase3-recovery-lifecycle-derived-20260925/Build/Intermediates.noindex/PicPacPoe.build/Test-iphonesimulator/PicPacPoe.build/DerivedSources/GeneratedAssetSymbols-Index.plist
/tmp/picpac-phase3-recovery-lifecycle-derived-20260925/Build/Intermediates.noindex/PicPacPoe.build/Test-iphonesimulator/PicPacPoe.build/DerivedSources/GeneratedAssetSymbols.h
/tmp/picpac-phase3-recovery-lifecycle-derived-20260925/Build/Intermediates.noindex/PicPacPoe.build/Test-iphonesimulator/PicPacPoe.build/DerivedSources/GeneratedAssetSymbols.swift


CompileAssetCatalogVariant thinned /tmp/picpac-phase3-recovery-lifecycle-derived-20260925/Build/Products/Test-iphonesimulator/PicPacPoe.app /Users/bavabangaru/Developer/pic-pac-poe-ios-native-parity/ios/PicPacPoe/Assets.xcassets (in target 'PicPacPoe' from project 'PicPacPoe')
    cd /Users/bavabangaru/Developer/pic-pac-poe-ios-native-parity/ios
    /Applications/Xcode.app/Contents/Developer/usr/bin/actool /Users/bavabangaru/Developer/pic-pac-poe-ios-native-parity/ios/PicPacPoe/Assets.xcassets --compile /tmp/picpac-phase3-recovery-lifecycle-derived-20260925/Build/Intermediates.noindex/PicPacPoe.build/Test-iphonesimulator/PicPacPoe.build/assetcatalog_output/thinned --output-format human-readable-text --notices --warnings --export-dependency-info /tmp/picpac-phase3-recovery-lifecycle-derived-20260925/Build/Intermediates.noindex/PicPacPoe.build/Test-iphonesimulator/PicPacPoe.build/assetcatalog_dependencies_thinned --output-partial-info-plist /tmp/picpac-phase3-recovery-lifecycle-derived-20260925/Build/Intermediates.noindex/PicPacPoe.build/Test-iphonesimulator/PicPacPoe.build/assetcatalog_generated_info.plist_thinned --app-icon AppIcon --compress-pngs --enable-on-demand-resources YES --filter-for-thinning-device-configuration iPhone18,1 --filter-for-device-os-version 26.5 --development-region en --target-device iphone --target-device ipad --minimum-deployment-target 17.0 --platform iphonesimulator
/* com.apple.actool.compilation-results */
/tmp/picpac-phase3-recovery-lifecycle-derived-20260925/Build/Intermediates.noindex/PicPacPoe.build/Test-iphonesimulator/PicPacPoe.build/assetcatalog_generated_info.plist_thinned
/tmp/picpac-phase3-recovery-lifecycle-derived-20260925/Build/Intermediates.noindex/PicPacPoe.build/Test-iphonesimulator/PicPacPoe.build/assetcatalog_output/thinned/AppIcon60x60@2x.png
/tmp/picpac-phase3-recovery-lifecycle-derived-20260925/Build/Intermediates.noindex/PicPacPoe.build/Test-iphonesimulator/PicPacPoe.build/assetcatalog_output/thinned/AppIcon76x76@2x~ipad.png
/tmp/picpac-phase3-recovery-lifecycle-derived-20260925/Build/Intermediates.noindex/PicPacPoe.build/Test-iphonesimulator/PicPacPoe.build/assetcatalog_output/thinned/Assets.car


ExtractAppIntentsMetadata (in target 'PicPacAI' from project 'PicPacKit')
    cd /Users/bavabangaru/Developer/pic-pac-poe-ios-native-parity/ios/Packages/PicPacKit
    /Applications/Xcode.app/Contents/Developer/Toolchains/XcodeDefault.xctoolchain/usr/bin/appintentsmetadataprocessor --toolchain-dir /Applications/Xcode.app/Contents/Developer/Toolchains/XcodeDefault.xctoolchain --module-name PicPacAI --sdk-root /Applications/Xcode.app/Contents/Developer/Platforms/iPhoneSimulator.platform/Developer/SDKs/iPhoneSimulator26.5.sdk --xcode-version 17F113 --platform-family iOS --deployment-target 17.0 --bundle-identifier picpackit.PicPacAI --output /tmp/picpac-phase3-recovery-lifecycle-derived-20260925/Build/Products/Test-iphonesimulator/PicPacAI.appintents --target-triple arm64-apple-ios17.0-simulator --binary-file /tmp/picpac-phase3-recovery-lifecycle-derived-20260925/Build/Products/Test-iphonesimulator/PicPacAI.o --dependency-file /tmp/picpac-phase3-recovery-lifecycle-derived-20260925/Build/Intermediates.noindex/PicPacKit.build/Test-iphonesimulator/PicPacAI.build/Objects-normal/arm64/PicPacAI_dependency_info.dat --stringsdata-file /tmp/picpac-phase3-recovery-lifecycle-derived-20260925/Build/Intermediates.noindex/PicPacKit.build/Test-iphonesimulator/PicPacAI.build/Objects-normal/arm64/ExtractedAppShortcutsMetadata.stringsdata --source-file-list /tmp/picpac-phase3-recovery-lifecycle-derived-20260925/Build/Intermediates.noindex/PicPacKit.build/Test-iphonesimulator/PicPacAI.build/Objects-normal/arm64/PicPacAI.SwiftFileList --metadata-file-list /tmp/picpac-phase3-recovery-lifecycle-derived-20260925/Build/Intermediates.noindex/PicPacKit.build/Test-iphonesimulator/PicPacAI.build/PicPacAI.DependencyMetadataFileList --static-metadata-file-list /tmp/picpac-phase3-recovery-lifecycle-derived-20260925/Build/Intermediates.noindex/PicPacKit.build/Test-iphonesimulator/PicPacAI.build/PicPacAI.DependencyStaticMetadataFileList --swift-const-vals-list /tmp/picpac-phase3-recovery-lifecycle-derived-20260925/Build/Intermediates.noindex/PicPacKit.build/Test-iphonesimulator/PicPacAI.build/Objects-normal/arm64/PicPacAI.SwiftConstValuesFileList --force --compile-time-extraction --deployment-aware-processing --validate-assistant-intents --no-app-shortcuts-localization
2026-09-25 04:44:16.010 appintentsmetadataprocessor[84187:115724263] Starting appintentsmetadataprocessor export
2026-09-25 04:44:16.019 appintentsmetadataprocessor[84187:115724263] Extracted no relevant App Intents symbols, skipping writing output

SwiftDriver PicPacPoe normal arm64 com.apple.xcode.tools.swift.compiler (in target 'PicPacPoe' from project 'PicPacPoe')
    cd /Users/bavabangaru/Developer/pic-pac-poe-ios-native-parity/ios
    builtin-SwiftDriver -- /Applications/Xcode.app/Contents/Developer/Toolchains/XcodeDefault.xctoolchain/usr/bin/swiftc -module-name PicPacPoe -Onone @/tmp/picpac-phase3-recovery-lifecycle-derived-20260925/Build/Intermediates.noindex/PicPacPoe.build/Test-iphonesimulator/PicPacPoe.build/Objects-normal/arm64/PicPacPoe.SwiftFileList -DTESTING -DDEBUG -enable-experimental-feature DebugDescriptionMacro -sdk /Applications/Xcode.app/Contents/Developer/Platforms/iPhoneSimulator.platform/Developer/SDKs/iPhoneSimulator26.5.sdk -target arm64-apple-ios17.0-simulator -g -module-cache-path /tmp/picpac-phase3-recovery-lifecycle-derived-20260925/ModuleCache.noindex -Xfrontend -serialize-debugging-options -profile-coverage-mapping -profile-generate -enable-testing -index-store-path /tmp/picpac-phase3-recovery-lifecycle-derived-20260925/Index.noindex/DataStore -Xcc -D_LIBCPP_HARDENING_MODE\=_LIBCPP_HARDENING_MODE_DEBUG -swift-version 6 -I /tmp/picpac-phase3-recovery-lifecycle-derived-20260925/Build/Products/Test-iphonesimulator -F /tmp/picpac-phase3-recovery-lifecycle-derived-20260925/Build/Products/Test-iphonesimulator/PackageFrameworks -F /tmp/picpac-phase3-recovery-lifecycle-derived-20260925/Build/Products/Test-iphonesimulator/PackageFrameworks -F /tmp/picpac-phase3-recovery-lifecycle-derived-20260925/Build/Products/Test-iphonesimulator/PackageFrameworks -F /tmp/picpac-phase3-recovery-lifecycle-derived-20260925/Build/Products/Test-iphonesimulator -emit-localized-strings -emit-localized-strings-path /tmp/picpac-phase3-recovery-lifecycle-derived-20260925/Build/Intermediates.noindex/PicPacPoe.build/Test-iphonesimulator/PicPacPoe.build/Objects-normal/arm64 -c -j12 -enable-batch-mode -incremental -Xcc -ivfsstatcache -Xcc /tmp/picpac-phase3-recovery-lifecycle-derived-20260925/SDKStatCaches.noindex/iphonesimulator26.5-23F81a-6cfe768891a92b912361537c460fe42b.sdkstatcache -output-file-map /tmp/picpac-phase3-recovery-lifecycle-derived-20260925/Build/Intermediates.noindex/PicPacPoe.build/Test-iphonesimulator/PicPacPoe.build/Objects-normal/arm64/PicPacPoe-OutputFileMap.json -use-frontend-parseable-output -save-temps -no-color-diagnostics -explicit-module-build -module-cache-path /tmp/picpac-phase3-recovery-lifecycle-derived-20260925/Build/Intermediates.noindex/SwiftExplicitPrecompiledModules -clang-scanner-module-cache-path /tmp/picpac-phase3-recovery-lifecycle-derived-20260925/ModuleCache.noindex -sdk-module-cache-path /tmp/picpac-phase3-recovery-lifecycle-derived-20260925/ModuleCache.noindex -serialize-diagnostics -emit-dependencies -emit-module -emit-module-path /tmp/picpac-phase3-recovery-lifecycle-derived-20260925/Build/Intermediates.noindex/PicPacPoe.build/Test-iphonesimulator/PicPacPoe.build/Objects-normal/arm64/PicPacPoe.swiftmodule -validate-clang-modules-once -clang-build-session-file /tmp/picpac-phase3-recovery-lifecycle-derived-20260925/ModuleCache.noindex/Session.modulevalidation -Xcc -I/tmp/picpac-phase3-recovery-lifecycle-derived-20260925/Build/Intermediates.noindex/PicPacPoe.build/Test-iphonesimulator/PicPacPoe.build/swift-overrides.hmap -emit-const-values -Xfrontend -const-gather-protocols-file -Xfrontend /tmp/picpac-phase3-recovery-lifecycle-derived-20260925/Build/Intermediates.noindex/PicPacPoe.build/Test-iphonesimulator/PicPacPoe.build/Objects-normal/arm64/PicPacPoe_const_extract_protocols.json -Xcc -iquote -Xcc /tmp/picpac-phase3-recovery-lifecycle-derived-20260925/Build/Intermediates.noindex/PicPacPoe.build/Test-iphonesimulator/PicPacPoe.build/PicPacPoe-generated-files.hmap -Xcc -I/tmp/picpac-phase3-recovery-lifecycle-derived-20260925/Build/Intermediates.noindex/PicPacPoe.build/Test-iphonesimulator/PicPacPoe.build/PicPacPoe-own-target-headers.hmap -Xcc -I/tmp/picpac-phase3-recovery-lifecycle-derived-20260925/Build/Intermediates.noindex/PicPacPoe.build/Test-iphonesimulator/PicPacPoe.build/PicPacPoe-all-non-framework-target-headers.hmap -Xcc -ivfsoverlay -Xcc /tmp/picpac-phase3-recovery-lifecycle-derived-20260925/Build/Intermediates.noindex/PicPacPoe.build/Test-iphonesimulator/PicPacPoe-90eff2f9d9e8600d7e53134acd1cb833-VFS-iphonesimulator/all-product-headers.yaml -Xcc -iquote -Xcc /tmp/picpac-phase3-recovery-lifecycle-derived-20260925/Build/Intermediates.noindex/PicPacPoe.build/Test-iphonesimulator/PicPacPoe.build/PicPacPoe-project-headers.hmap -Xcc -I/tmp/picpac-phase3-recovery-lifecycle-derived-20260925/Build/Products/Test-iphonesimulator/include -Xcc -I/tmp/picpac-phase3-recovery-lifecycle-derived-20260925/Build/Intermediates.noindex/PicPacPoe.build/Test-iphonesimulator/PicPacPoe.build/DerivedSources-normal/arm64 -Xcc -I/tmp/picpac-phase3-recovery-lifecycle-derived-20260925/Build/Intermediates.noindex/PicPacPoe.build/Test-iphonesimulator/PicPacPoe.build/DerivedSources/arm64 -Xcc -I/tmp/picpac-phase3-recovery-lifecycle-derived-20260925/Build/Intermediates.noindex/PicPacPoe.build/Test-iphonesimulator/PicPacPoe.build/DerivedSources -emit-objc-header -emit-objc-header-path /tmp/picpac-phase3-recovery-lifecycle-derived-20260925/Build/Intermediates.noindex/PicPacPoe.build/Test-iphonesimulator/PicPacPoe.build/Objects-normal/arm64/PicPacPoe-Swift.h -working-directory /Users/bavabangaru/Developer/pic-pac-poe-ios-native-parity/ios -experimental-emit-module-separately -disable-cmo

RegisterExecutionPolicyException /tmp/picpac-phase3-recovery-lifecycle-derived-20260925/Build/Products/Test-iphonesimulator/PicPacAI.o (in target 'PicPacAI' from project 'PicPacKit')
    cd /Users/bavabangaru/Developer/pic-pac-poe-ios-native-parity/ios/Packages/PicPacKit
    builtin-RegisterExecutionPolicyException /tmp/picpac-phase3-recovery-lifecycle-derived-20260925/Build/Products/Test-iphonesimulator/PicPacAI.o

Copy /tmp/picpac-phase3-recovery-lifecycle-derived-20260925/Build/Products/Test-iphonesimulator/PicPacPoe.app/Frameworks/libXCTestSwiftSupport.dylib /Applications/Xcode.app/Contents/Developer/Platforms/iPhoneSimulator.platform/Developer/usr/lib/libXCTestSwiftSupport.dylib (in target 'PicPacPoe' from project 'PicPacPoe')
    cd /Users/bavabangaru/Developer/pic-pac-poe-ios-native-parity/ios
    builtin-copy -exclude .DS_Store -exclude CVS -exclude .svn -exclude .git -exclude .hg -exclude Headers -exclude PrivateHeaders -exclude Modules -exclude \*.tbd -resolve-src-symlinks /Applications/Xcode.app/Contents/Developer/Platforms/iPhoneSimulator.platform/Developer/usr/lib/libXCTestSwiftSupport.dylib /tmp/picpac-phase3-recovery-lifecycle-derived-20260925/Build/Products/Test-iphonesimulator/PicPacPoe.app/Frameworks

Copy /tmp/picpac-phase3-recovery-lifecycle-derived-20260925/Build/Products/Test-iphonesimulator/PicPacPoe.app/Frameworks/libXCTestBundleInject.dylib /Applications/Xcode.app/Contents/Developer/Platforms/iPhoneSimulator.platform/Developer/usr/lib/libXCTestBundleInject.dylib (in target 'PicPacPoe' from project 'PicPacPoe')
    cd /Users/bavabangaru/Developer/pic-pac-poe-ios-native-parity/ios
    builtin-copy -exclude .DS_Store -exclude CVS -exclude .svn -exclude .git -exclude .hg -exclude Headers -exclude PrivateHeaders -exclude Modules -exclude \*.tbd -resolve-src-symlinks /Applications/Xcode.app/Contents/Developer/Platforms/iPhoneSimulator.platform/Developer/usr/lib/libXCTestBundleInject.dylib /tmp/picpac-phase3-recovery-lifecycle-derived-20260925/Build/Products/Test-iphonesimulator/PicPacPoe.app/Frameworks

CpResource /tmp/picpac-phase3-recovery-lifecycle-derived-20260925/Build/Products/Test-iphonesimulator/PicPacPoe.app/fredoka-OFL.txt /Users/bavabangaru/Developer/pic-pac-poe-ios-native-parity/app/src/main/assets/licenses/fredoka-OFL.txt (in target 'PicPacPoe' from project 'PicPacPoe')
    cd /Users/bavabangaru/Developer/pic-pac-poe-ios-native-parity/ios
    builtin-copy -exclude .DS_Store -exclude CVS -exclude .svn -exclude .git -exclude .hg -resolve-src-symlinks /Users/bavabangaru/Developer/pic-pac-poe-ios-native-parity/app/src/main/assets/licenses/fredoka-OFL.txt /tmp/picpac-phase3-recovery-lifecycle-derived-20260925/Build/Products/Test-iphonesimulator/PicPacPoe.app

CpResource /tmp/picpac-phase3-recovery-lifecycle-derived-20260925/Build/Products/Test-iphonesimulator/PicPacPoe.app/fredoka_semibold.ttf /Users/bavabangaru/Developer/pic-pac-poe-ios-native-parity/app/src/main/res/font/fredoka_semibold.ttf (in target 'PicPacPoe' from project 'PicPacPoe')
    cd /Users/bavabangaru/Developer/pic-pac-poe-ios-native-parity/ios
    builtin-copy -exclude .DS_Store -exclude CVS -exclude .svn -exclude .git -exclude .hg -resolve-src-symlinks /Users/bavabangaru/Developer/pic-pac-poe-ios-native-parity/app/src/main/res/font/fredoka_semibold.ttf /tmp/picpac-phase3-recovery-lifecycle-derived-20260925/Build/Products/Test-iphonesimulator/PicPacPoe.app

CpResource /tmp/picpac-phase3-recovery-lifecycle-derived-20260925/Build/Products/Test-iphonesimulator/PicPacPoe.app/fredoka_medium.ttf /Users/bavabangaru/Developer/pic-pac-poe-ios-native-parity/app/src/main/res/font/fredoka_medium.ttf (in target 'PicPacPoe' from project 'PicPacPoe')
    cd /Users/bavabangaru/Developer/pic-pac-poe-ios-native-parity/ios
    builtin-copy -exclude .DS_Store -exclude CVS -exclude .svn -exclude .git -exclude .hg -resolve-src-symlinks /Users/bavabangaru/Developer/pic-pac-poe-ios-native-parity/app/src/main/res/font/fredoka_medium.ttf /tmp/picpac-phase3-recovery-lifecycle-derived-20260925/Build/Products/Test-iphonesimulator/PicPacPoe.app

Copy /tmp/picpac-phase3-recovery-lifecycle-derived-20260925/Build/Products/Test-iphonesimulator/PicPacPoe.app/PicPacKit_PicPacAI.bundle /tmp/picpac-phase3-recovery-lifecycle-derived-20260925/Build/Products/Test-iphonesimulator/PicPacKit_PicPacAI.bundle (in target 'PicPacPoe' from project 'PicPacPoe')
    cd /Users/bavabangaru/Developer/pic-pac-poe-ios-native-parity/ios
    builtin-copy -exclude .DS_Store -exclude CVS -exclude .svn -exclude .git -exclude .hg -resolve-src-symlinks /tmp/picpac-phase3-recovery-lifecycle-derived-20260925/Build/Products/Test-iphonesimulator/PicPacKit_PicPacAI.bundle /tmp/picpac-phase3-recovery-lifecycle-derived-20260925/Build/Products/Test-iphonesimulator/PicPacPoe.app

Ld /tmp/picpac-phase3-recovery-lifecycle-derived-20260925/Build/Products/Test-iphonesimulator/PicPacPoe.app/__preview.dylib normal (in target 'PicPacPoe' from project 'PicPacPoe')
    cd /Users/bavabangaru/Developer/pic-pac-poe-ios-native-parity/ios
    /Applications/Xcode.app/Contents/Developer/Toolchains/XcodeDefault.xctoolchain/usr/bin/clang -Xlinker -reproducible -target arm64-apple-ios17.0-simulator -dynamiclib -isysroot /Applications/Xcode.app/Contents/Developer/Platforms/iPhoneSimulator.platform/Developer/SDKs/iPhoneSimulator26.5.sdk -O0 -L/tmp/picpac-phase3-recovery-lifecycle-derived-20260925/Build/Products/Test-iphonesimulator -F/tmp/picpac-phase3-recovery-lifecycle-derived-20260925/Build/Products/Test-iphonesimulator/PackageFrameworks -F/tmp/picpac-phase3-recovery-lifecycle-derived-20260925/Build/Products/Test-iphonesimulator/PackageFrameworks -F/tmp/picpac-phase3-recovery-lifecycle-derived-20260925/Build/Products/Test-iphonesimulator/PackageFrameworks -F/tmp/picpac-phase3-recovery-lifecycle-derived-20260925/Build/Products/Test-iphonesimulator -install_name @rpath/PicPacPoe.debug.dylib -Xlinker -dead_strip -rdynamic -Xlinker -no_deduplicate -Xlinker -objc_abi_version -Xlinker 2 -Xlinker -debug_variant -Xlinker -dependency_info -Xlinker /tmp/picpac-phase3-recovery-lifecycle-derived-20260925/Build/Intermediates.noindex/PicPacPoe.build/Test-iphonesimulator/PicPacPoe.build/Objects-normal/arm64/PicPacPoe_dependency_info.dat -o /tmp/picpac-phase3-recovery-lifecycle-derived-20260925/Build/Products/Test-iphonesimulator/PicPacPoe.app/__preview.dylib

Copy /tmp/picpac-phase3-recovery-lifecycle-derived-20260925/Build/Products/Test-iphonesimulator/PicPacPoe.app/Frameworks/XCUnit.framework /Applications/Xcode.app/Contents/Developer/Platforms/iPhoneSimulator.platform/Developer/Library/PrivateFrameworks/XCUnit.framework (in target 'PicPacPoe' from project 'PicPacPoe')
    cd /Users/bavabangaru/Developer/pic-pac-poe-ios-native-parity/ios
    builtin-copy -exclude .DS_Store -exclude CVS -exclude .svn -exclude .git -exclude .hg -exclude Headers -exclude PrivateHeaders -exclude Modules -exclude \*.tbd -resolve-src-symlinks /Applications/Xcode.app/Contents/Developer/Platforms/iPhoneSimulator.platform/Developer/Library/PrivateFrameworks/XCUnit.framework /tmp/picpac-phase3-recovery-lifecycle-derived-20260925/Build/Products/Test-iphonesimulator/PicPacPoe.app/Frameworks

Copy /tmp/picpac-phase3-recovery-lifecycle-derived-20260925/Build/Products/Test-iphonesimulator/PicPacPoe.app/Frameworks/XCUIAutomation.framework /Applications/Xcode.app/Contents/Developer/Platforms/iPhoneSimulator.platform/Developer/Library/Frameworks/XCUIAutomation.framework (in target 'PicPacPoe' from project 'PicPacPoe')
    cd /Users/bavabangaru/Developer/pic-pac-poe-ios-native-parity/ios
    builtin-copy -exclude .DS_Store -exclude CVS -exclude .svn -exclude .git -exclude .hg -exclude Headers -exclude PrivateHeaders -exclude Modules -exclude \*.tbd -resolve-src-symlinks /Applications/Xcode.app/Contents/Developer/Platforms/iPhoneSimulator.platform/Developer/Library/Frameworks/XCUIAutomation.framework /tmp/picpac-phase3-recovery-lifecycle-derived-20260925/Build/Products/Test-iphonesimulator/PicPacPoe.app/Frameworks

Copy /tmp/picpac-phase3-recovery-lifecycle-derived-20260925/Build/Products/Test-iphonesimulator/PicPacPoe.app/Frameworks/XCTestSupport.framework /Applications/Xcode.app/Contents/Developer/Platforms/iPhoneSimulator.platform/Developer/Library/PrivateFrameworks/XCTestSupport.framework (in target 'PicPacPoe' from project 'PicPacPoe')
    cd /Users/bavabangaru/Developer/pic-pac-poe-ios-native-parity/ios
    builtin-copy -exclude .DS_Store -exclude CVS -exclude .svn -exclude .git -exclude .hg -exclude Headers -exclude PrivateHeaders -exclude Modules -exclude \*.tbd -resolve-src-symlinks /Applications/Xcode.app/Contents/Developer/Platforms/iPhoneSimulator.platform/Developer/Library/PrivateFrameworks/XCTestSupport.framework /tmp/picpac-phase3-recovery-lifecycle-derived-20260925/Build/Products/Test-iphonesimulator/PicPacPoe.app/Frameworks

Copy /tmp/picpac-phase3-recovery-lifecycle-derived-20260925/Build/Products/Test-iphonesimulator/PicPacPoe.app/Frameworks/XCTestCore.framework /Applications/Xcode.app/Contents/Developer/Platforms/iPhoneSimulator.platform/Developer/Library/PrivateFrameworks/XCTestCore.framework (in target 'PicPacPoe' from project 'PicPacPoe')
    cd /Users/bavabangaru/Developer/pic-pac-poe-ios-native-parity/ios
    builtin-copy -exclude .DS_Store -exclude CVS -exclude .svn -exclude .git -exclude .hg -exclude Headers -exclude PrivateHeaders -exclude Modules -exclude \*.tbd -resolve-src-symlinks /Applications/Xcode.app/Contents/Developer/Platforms/iPhoneSimulator.platform/Developer/Library/PrivateFrameworks/XCTestCore.framework /tmp/picpac-phase3-recovery-lifecycle-derived-20260925/Build/Products/Test-iphonesimulator/PicPacPoe.app/Frameworks

Copy /tmp/picpac-phase3-recovery-lifecycle-derived-20260925/Build/Products/Test-iphonesimulator/PicPacPoe.app/Frameworks/XCTest.framework /Applications/Xcode.app/Contents/Developer/Platforms/iPhoneSimulator.platform/Developer/Library/Frameworks/XCTest.framework (in target 'PicPacPoe' from project 'PicPacPoe')
    cd /Users/bavabangaru/Developer/pic-pac-poe-ios-native-parity/ios
    builtin-copy -exclude .DS_Store -exclude CVS -exclude .svn -exclude .git -exclude .hg -exclude Headers -exclude PrivateHeaders -exclude Modules -exclude \*.tbd -resolve-src-symlinks /Applications/Xcode.app/Contents/Developer/Platforms/iPhoneSimulator.platform/Developer/Library/Frameworks/XCTest.framework /tmp/picpac-phase3-recovery-lifecycle-derived-20260925/Build/Products/Test-iphonesimulator/PicPacPoe.app/Frameworks

Copy /tmp/picpac-phase3-recovery-lifecycle-derived-20260925/Build/Products/Test-iphonesimulator/PicPacPoe.app/Frameworks/XCTAutomationSupport.framework /Applications/Xcode.app/Contents/Developer/Platforms/iPhoneSimulator.platform/Developer/Library/PrivateFrameworks/XCTAutomationSupport.framework (in target 'PicPacPoe' from project 'PicPacPoe')
    cd /Users/bavabangaru/Developer/pic-pac-poe-ios-native-parity/ios
    builtin-copy -exclude .DS_Store -exclude CVS -exclude .svn -exclude .git -exclude .hg -exclude Headers -exclude PrivateHeaders -exclude Modules -exclude \*.tbd -resolve-src-symlinks /Applications/Xcode.app/Contents/Developer/Platforms/iPhoneSimulator.platform/Developer/Library/PrivateFrameworks/XCTAutomationSupport.framework /tmp/picpac-phase3-recovery-lifecycle-derived-20260925/Build/Products/Test-iphonesimulator/PicPacPoe.app/Frameworks

Copy /tmp/picpac-phase3-recovery-lifecycle-derived-20260925/Build/Products/Test-iphonesimulator/PicPacPoe.app/Frameworks/Testing.framework /Applications/Xcode.app/Contents/Developer/Platforms/iPhoneSimulator.platform/Developer/Library/Frameworks/Testing.framework (in target 'PicPacPoe' from project 'PicPacPoe')
    cd /Users/bavabangaru/Developer/pic-pac-poe-ios-native-parity/ios
    builtin-copy -exclude .DS_Store -exclude CVS -exclude .svn -exclude .git -exclude .hg -exclude Headers -exclude PrivateHeaders -exclude Modules -exclude \*.tbd -resolve-src-symlinks /Applications/Xcode.app/Contents/Developer/Platforms/iPhoneSimulator.platform/Developer/Library/Frameworks/Testing.framework /tmp/picpac-phase3-recovery-lifecycle-derived-20260925/Build/Products/Test-iphonesimulator/PicPacPoe.app/Frameworks

Copy /tmp/picpac-phase3-recovery-lifecycle-derived-20260925/Build/Products/Test-iphonesimulator/PicPacPoe.app/Frameworks/PicPacPresentation_-6026B0FB22E351C2_PackageProduct.framework /tmp/picpac-phase3-recovery-lifecycle-derived-20260925/Build/Products/Test-iphonesimulator/PackageFrameworks/PicPacPresentation_-6026B0FB22E351C2_PackageProduct.framework (in target 'PicPacPoe' from project 'PicPacPoe')
    cd /Users/bavabangaru/Developer/pic-pac-poe-ios-native-parity/ios
    builtin-copy -exclude .DS_Store -exclude CVS -exclude .svn -exclude .git -exclude .hg -resolve-src-symlinks -remove-static-executable /tmp/picpac-phase3-recovery-lifecycle-derived-20260925/Build/Products/Test-iphonesimulator/PackageFrameworks/PicPacPresentation_-6026B0FB22E351C2_PackageProduct.framework /tmp/picpac-phase3-recovery-lifecycle-derived-20260925/Build/Products/Test-iphonesimulator/PicPacPoe.app/Frameworks

SwiftExplicitDependencyGeneratePcm arm64 /tmp/picpac-phase3-recovery-lifecycle-derived-20260925/ModuleCache.noindex/ptrcheck-E5W5UANIJ4FCE0QMOLYVZPCAS.pcm

SwiftExplicitDependencyGeneratePcm arm64 /tmp/picpac-phase3-recovery-lifecycle-derived-20260925/ModuleCache.noindex/_SwiftConcurrencyShims-2Z7WOOW8SQPM0EK4ICCL4O0SE.pcm

SwiftExplicitDependencyGeneratePcm arm64 /tmp/picpac-phase3-recovery-lifecycle-derived-20260925/ModuleCache.noindex/_Builtin_stdarg-4XN97RSH84VW5CHTPNP75IS3D.pcm

SwiftExplicitDependencyGeneratePcm arm64 /tmp/picpac-phase3-recovery-lifecycle-derived-20260925/ModuleCache.noindex/_AvailabilityInternal-4XG37Z5ERP6HVMFPASEBECAPR.pcm

SwiftExplicitDependencyGeneratePcm arm64 /tmp/picpac-phase3-recovery-lifecycle-derived-20260925/ModuleCache.noindex/_Builtin_float-8PX01MKK7ASV98LHWUCS318AI.pcm

SwiftExplicitDependencyGeneratePcm arm64 /tmp/picpac-phase3-recovery-lifecycle-derived-20260925/ModuleCache.noindex/ptrauth-BGF33F18IRK63NASZ8GR4EROT.pcm

SwiftExplicitDependencyGeneratePcm arm64 /tmp/picpac-phase3-recovery-lifecycle-derived-20260925/ModuleCache.noindex/DeveloperToolsSupport-73O8GHOPHI1FJISXI7JKAMN72.pcm

SwiftExplicitDependencyGeneratePcm arm64 /tmp/picpac-phase3-recovery-lifecycle-derived-20260925/ModuleCache.noindex/_Builtin_stddef-6J6BRZRX4A9MLK7PJX570JWL6.pcm

SwiftExplicitDependencyGeneratePcm arm64 /tmp/picpac-phase3-recovery-lifecycle-derived-20260925/ModuleCache.noindex/_Builtin_stdbool-3IKW5WOBFMMZJ82UL6QOWYCM9.pcm

SwiftExplicitDependencyGeneratePcm arm64 /tmp/picpac-phase3-recovery-lifecycle-derived-20260925/ModuleCache.noindex/SwiftShims-DCEL1I2K7X0MRBY1D13XEA3FM.pcm

SwiftExplicitDependencyGeneratePcm arm64 /tmp/picpac-phase3-recovery-lifecycle-derived-20260925/ModuleCache.noindex/_DarwinFoundation1-A9PZC6G9JLQB7RV5XZSRF24GT.pcm

SwiftExplicitDependencyGeneratePcm arm64 /tmp/picpac-phase3-recovery-lifecycle-derived-20260925/ModuleCache.noindex/_Builtin_limits-CP4XUNVVFP4TV8ALRTHZV47IH.pcm

SwiftExplicitDependencyGeneratePcm arm64 /tmp/picpac-phase3-recovery-lifecycle-derived-20260925/ModuleCache.noindex/_DarwinFoundation2-20OL6RS4C15452E28RFN8A4H6.pcm

SwiftExplicitDependencyGeneratePcm arm64 /tmp/picpac-phase3-recovery-lifecycle-derived-20260925/ModuleCache.noindex/_Builtin_tgmath-2FMXB8DNYDWBAIOML4ZKO9GNC.pcm

SwiftExplicitDependencyGeneratePcm arm64 /tmp/picpac-phase3-recovery-lifecycle-derived-20260925/ModuleCache.noindex/_Builtin_stdint-EOMUET9X7EPE3H9RPBM2T7SMF.pcm

SwiftExplicitDependencyGeneratePcm arm64 /tmp/picpac-phase3-recovery-lifecycle-derived-20260925/ModuleCache.noindex/sys_types-3OKZ4TI5P34NYUSYAOZQARNIN.pcm

SwiftExplicitDependencyGeneratePcm arm64 /tmp/picpac-phase3-recovery-lifecycle-derived-20260925/ModuleCache.noindex/_Builtin_intrinsics-5KLRZE5J8STP92R8BH6LCR7EF.pcm

SwiftExplicitDependencyGeneratePcm arm64 /tmp/picpac-phase3-recovery-lifecycle-derived-20260925/ModuleCache.noindex/_Builtin_stdatomic-D61KNJ12NDLQOTS2HSV228SJD.pcm

SwiftExplicitDependencyGeneratePcm arm64 /tmp/picpac-phase3-recovery-lifecycle-derived-20260925/ModuleCache.noindex/_DarwinFoundation3-8K7DLKVX4DB1E64PBM3KYGHT.pcm

SwiftExplicitDependencyGeneratePcm arm64 /tmp/picpac-phase3-recovery-lifecycle-derived-20260925/ModuleCache.noindex/_Builtin_inttypes-1B85CUHGHQR553EXT1VW1XYX0.pcm

SwiftExplicitDependencyGeneratePcm arm64 /tmp/picpac-phase3-recovery-lifecycle-derived-20260925/ModuleCache.noindex/Darwin-DIN82G9VRJV94B9OCGXLBUMXB.pcm

SwiftExplicitDependencyGeneratePcm arm64 /tmp/picpac-phase3-recovery-lifecycle-derived-20260925/ModuleCache.noindex/simd-1XUGXYIU8CUEOWXGNMWE75V9S.pcm

SwiftExplicitDependencyGeneratePcm arm64 /tmp/picpac-phase3-recovery-lifecycle-derived-20260925/ModuleCache.noindex/MachO-KAHV83W9Q73CTBSS66C9Z091.pcm

SwiftExplicitDependencyGeneratePcm arm64 /tmp/picpac-phase3-recovery-lifecycle-derived-20260925/ModuleCache.noindex/ObjectiveC-9TYM39BEVZAOMB75IBZD88I9W.pcm

SwiftExplicitDependencyGeneratePcm arm64 /tmp/picpac-phase3-recovery-lifecycle-derived-20260925/ModuleCache.noindex/os_object-690MPQKEP47W2KN3QTCY6ETM2.pcm

SwiftExplicitDependencyGeneratePcm arm64 /tmp/picpac-phase3-recovery-lifecycle-derived-20260925/ModuleCache.noindex/Spatial-BVZD046PYV8ODS0ND0685FEQK.pcm

SwiftExplicitDependencyGeneratePcm arm64 /tmp/picpac-phase3-recovery-lifecycle-derived-20260925/ModuleCache.noindex/os_workgroup-69NADPFB8RYYSP2TS6N0YGE16.pcm

SwiftExplicitDependencyGeneratePcm arm64 /tmp/picpac-phase3-recovery-lifecycle-derived-20260925/ModuleCache.noindex/Dispatch-A2MTRIPVHK2VJ7NG9RI85E3EB.pcm

SwiftExplicitDependencyGeneratePcm arm64 /tmp/picpac-phase3-recovery-lifecycle-derived-20260925/ModuleCache.noindex/XPC-55POPBKDN1GKNHPB5SR36BWTB.pcm

SwiftExplicitDependencyGeneratePcm arm64 /tmp/picpac-phase3-recovery-lifecycle-derived-20260925/ModuleCache.noindex/CoreFoundation-BVM0KVTGHTGCPVM7Q2YVMP4VK.pcm

SwiftExplicitDependencyGeneratePcm arm64 /tmp/picpac-phase3-recovery-lifecycle-derived-20260925/ModuleCache.noindex/dnssd-1ZB56UGPR906HFDTAYUDM0ZXG.pcm

SwiftExplicitDependencyGeneratePcm arm64 /tmp/picpac-phase3-recovery-lifecycle-derived-20260925/ModuleCache.noindex/os-2FLCWHUX7YKZZ8H76ET1N226T.pcm

SwiftExplicitDependencyGeneratePcm arm64 /tmp/picpac-phase3-recovery-lifecycle-derived-20260925/ModuleCache.noindex/CFNetwork-5S4JU29JH3PCW80SG0GF0QIM0.pcm

SwiftExplicitDependencyGeneratePcm arm64 /tmp/picpac-phase3-recovery-lifecycle-derived-20260925/ModuleCache.noindex/CoreGraphics-518QSAMXDDJU36LITYQ0MWW2H.pcm

SwiftExplicitDependencyGeneratePcm arm64 /tmp/picpac-phase3-recovery-lifecycle-derived-20260925/ModuleCache.noindex/Security-8YYRQR333R3G0CXJ384ONGFZE.pcm

SwiftExplicitDependencyGeneratePcm arm64 /tmp/picpac-phase3-recovery-lifecycle-derived-20260925/ModuleCache.noindex/CoreAudioTypes-BEWM0RU7QL0OM8XABQ16FJ656.pcm

SwiftExplicitDependencyGeneratePcm arm64 /tmp/picpac-phase3-recovery-lifecycle-derived-20260925/ModuleCache.noindex/CoreAudio-2G3XO1RUANDCQQ006S3P03J3M.pcm

SwiftExplicitDependencyGeneratePcm arm64 /tmp/picpac-phase3-recovery-lifecycle-derived-20260925/ModuleCache.noindex/Foundation-EE9S3SA2H49N12EJKJNU6Q8O2.pcm

SwiftExplicitDependencyGeneratePcm arm64 /tmp/picpac-phase3-recovery-lifecycle-derived-20260925/ModuleCache.noindex/ImageIO-EOTOWTKDWZKOB8C23YYKB4WGG.pcm

SwiftExplicitDependencyGeneratePcm arm64 /tmp/picpac-phase3-recovery-lifecycle-derived-20260925/ModuleCache.noindex/CoreText-3ORQE99YCHY1O9J72SYNH6SOO.pcm

SwiftExplicitDependencyGeneratePcm arm64 /tmp/picpac-phase3-recovery-lifecycle-derived-20260925/ModuleCache.noindex/OpenGLES-D8367XY065OJI3NE7ZYD0U8GA.pcm

SwiftExplicitDependencyGeneratePcm arm64 /tmp/picpac-phase3-recovery-lifecycle-derived-20260925/ModuleCache.noindex/UniformTypeIdentifiers-AV5HJZWIJMCX7WAGSOXYO9V7J.pcm

SwiftExplicitDependencyGeneratePcm arm64 /tmp/picpac-phase3-recovery-lifecycle-derived-20260925/ModuleCache.noindex/UserNotifications-8L1IL1UGTL5TAXJOG1QBYDHDJ.pcm

SwiftExplicitDependencyGeneratePcm arm64 /tmp/picpac-phase3-recovery-lifecycle-derived-20260925/ModuleCache.noindex/Network-745WJPMT78QDWZVU8BWAL6P9Y.pcm

SwiftExplicitDependencyGeneratePcm arm64 /tmp/picpac-phase3-recovery-lifecycle-derived-20260925/ModuleCache.noindex/CoreTransferable-ANOTPP6AL0BQGC2CSNNZJRJ43.pcm

SwiftExplicitDependencyGeneratePcm arm64 /tmp/picpac-phase3-recovery-lifecycle-derived-20260925/ModuleCache.noindex/FileProvider-73FE01UF3KHWO30DLZE9XXCJ2.pcm

SwiftExplicitDependencyGeneratePcm arm64 /tmp/picpac-phase3-recovery-lifecycle-derived-20260925/ModuleCache.noindex/CoreMIDI-2SO12L8FNFN3XRTN5I1M0B16J.pcm

SwiftExplicitDependencyGeneratePcm arm64 /tmp/picpac-phase3-recovery-lifecycle-derived-20260925/ModuleCache.noindex/CoreData-AE93TMM70KOBOGMT1I5YL5T1G.pcm

SwiftExplicitDependencyGeneratePcm arm64 /tmp/picpac-phase3-recovery-lifecycle-derived-20260925/ModuleCache.noindex/Symbols-D8HD5UGXP72VER45S88VUJ4Z3.pcm

SwiftExplicitDependencyGeneratePcm arm64 /tmp/picpac-phase3-recovery-lifecycle-derived-20260925/ModuleCache.noindex/Accessibility-E5TXDQSQJ9BYM4HZ7CRENHJ5I.pcm

SwiftExplicitDependencyGeneratePcm arm64 /tmp/picpac-phase3-recovery-lifecycle-derived-20260925/ModuleCache.noindex/UIUtilities-CKSQ0YHHFQX6JBT9R6QISF8VW.pcm

SwiftExplicitDependencyGeneratePcm arm64 /tmp/picpac-phase3-recovery-lifecycle-derived-20260925/ModuleCache.noindex/OSLog-4OXE3A94ZYITOL81FONYLLE72.pcm

SwiftExplicitDependencyGeneratePcm arm64 /tmp/picpac-phase3-recovery-lifecycle-derived-20260925/ModuleCache.noindex/DataDetection-E2UHYQSTI9XORHPPE4D21OJ1Y.pcm

SwiftExplicitDependencyGeneratePcm arm64 /tmp/picpac-phase3-recovery-lifecycle-derived-20260925/ModuleCache.noindex/IOSurface-1N1RSFJMUI1OV26T4FCQV3T0O.pcm

SwiftExplicitDependencyGeneratePcm arm64 /tmp/picpac-phase3-recovery-lifecycle-derived-20260925/ModuleCache.noindex/AVRouting-C6B9RMMW3YV0A06R67P5ODQ5F.pcm

SwiftExplicitDependencyGeneratePcm arm64 /tmp/picpac-phase3-recovery-lifecycle-derived-20260925/ModuleCache.noindex/AudioToolbox-E2CENTHCW917ZRIZM0650A7DT.pcm

SwiftExplicitDependencyGeneratePcm arm64 /tmp/picpac-phase3-recovery-lifecycle-derived-20260925/ModuleCache.noindex/Metal-XHJA2LDEXOTGIYSECRBQ1R4C.pcm

SwiftExplicitDependencyGeneratePcm arm64 /tmp/picpac-phase3-recovery-lifecycle-derived-20260925/ModuleCache.noindex/CoreVideo-E09G2THIWZF3ZTVFUCR0EZEYG.pcm

SwiftExplicitDependencyGeneratePcm arm64 /tmp/picpac-phase3-recovery-lifecycle-derived-20260925/ModuleCache.noindex/QuartzCore-7GNPAE1JTAE37O04UTFMWQMJ8.pcm

SwiftExplicitDependencyGeneratePcm arm64 /tmp/picpac-phase3-recovery-lifecycle-derived-20260925/ModuleCache.noindex/CoreMedia-B04SJNXOBNLDQKBI0QQGKOOXS.pcm

SwiftExplicitDependencyGeneratePcm arm64 /tmp/picpac-phase3-recovery-lifecycle-derived-20260925/ModuleCache.noindex/CoreImage-F57ACPSCI484EJUSFWCC9SI2R.pcm

SwiftExplicitDependencyGeneratePcm arm64 /tmp/picpac-phase3-recovery-lifecycle-derived-20260925/ModuleCache.noindex/SwiftUICore-476AHHXPQXFNN6EXJ97ACFTYQ.pcm

SwiftExplicitDependencyGeneratePcm arm64 /tmp/picpac-phase3-recovery-lifecycle-derived-20260925/ModuleCache.noindex/AVFAudio-AB7LIBGHLK4Y524UR93BZ09ZV.pcm

SwiftExplicitDependencyGeneratePcm arm64 /tmp/picpac-phase3-recovery-lifecycle-derived-20260925/ModuleCache.noindex/MediaToolbox-5TUV50KTJ85WNCXVVZ7VSG5F9.pcm

SwiftExplicitDependencyGeneratePcm arm64 /tmp/picpac-phase3-recovery-lifecycle-derived-20260925/ModuleCache.noindex/UIKit-6P74BGGJPF1AJYQYJCRG8DICP.pcm

SwiftExplicitDependencyGeneratePcm arm64 /tmp/picpac-phase3-recovery-lifecycle-derived-20260925/ModuleCache.noindex/AVFoundation-CB5HJ3W2ZLSCGGSYZEQN0PU8E.pcm

SwiftExplicitDependencyGeneratePcm arm64 /tmp/picpac-phase3-recovery-lifecycle-derived-20260925/ModuleCache.noindex/SwiftUI-719UR0G4PXMBF1PFRLATJ7TMG.pcm

SwiftEmitModule normal arm64 Emitting\ module\ for\ PicPacPoe (in target 'PicPacPoe' from project 'PicPacPoe')

EmitSwiftModule normal arm64 (in target 'PicPacPoe' from project 'PicPacPoe')
    cd /Users/bavabangaru/Developer/pic-pac-poe-ios-native-parity/ios
    

SwiftCompile normal arm64 Compiling\ FormTheme.swift /Users/bavabangaru/Developer/pic-pac-poe-ios-native-parity/ios/PicPacPoe/FormTheme.swift (in target 'PicPacPoe' from project 'PicPacPoe')
SwiftCompile normal arm64 /Users/bavabangaru/Developer/pic-pac-poe-ios-native-parity/ios/PicPacPoe/FormTheme.swift (in target 'PicPacPoe' from project 'PicPacPoe')
    cd /Users/bavabangaru/Developer/pic-pac-poe-ios-native-parity/ios
    

SwiftCompile normal arm64 Compiling\ ProductionAIWorker.swift /Users/bavabangaru/Developer/pic-pac-poe-ios-native-parity/ios/PicPacPoe/ProductionAIWorker.swift (in target 'PicPacPoe' from project 'PicPacPoe')

SwiftCompile normal arm64 /Users/bavabangaru/Developer/pic-pac-poe-ios-native-parity/ios/PicPacPoe/ProductionAIWorker.swift (in target 'PicPacPoe' from project 'PicPacPoe')
    cd /Users/bavabangaru/Developer/pic-pac-poe-ios-native-parity/ios
    

SwiftCompile normal arm64 Compiling\ HomeView.swift /Users/bavabangaru/Developer/pic-pac-poe-ios-native-parity/ios/PicPacPoe/HomeView.swift (in target 'PicPacPoe' from project 'PicPacPoe')
SwiftCompile normal arm64 /Users/bavabangaru/Developer/pic-pac-poe-ios-native-parity/ios/PicPacPoe/HomeView.swift (in target 'PicPacPoe' from project 'PicPacPoe')
    cd /Users/bavabangaru/Developer/pic-pac-poe-ios-native-parity/ios
    

SwiftCompile normal arm64 Compiling\ PicPacPoeApp.swift /Users/bavabangaru/Developer/pic-pac-poe-ios-native-parity/ios/PicPacPoe/PicPacPoeApp.swift (in target 'PicPacPoe' from project 'PicPacPoe')

SwiftCompile normal arm64 /Users/bavabangaru/Developer/pic-pac-poe-ios-native-parity/ios/PicPacPoe/PicPacPoeApp.swift (in target 'PicPacPoe' from project 'PicPacPoe')
    cd /Users/bavabangaru/Developer/pic-pac-poe-ios-native-parity/ios
    

SwiftCompile normal arm64 Compiling\ GameView.swift /Users/bavabangaru/Developer/pic-pac-poe-ios-native-parity/ios/PicPacPoe/GameView.swift (in target 'PicPacPoe' from project 'PicPacPoe')

SwiftCompile normal arm64 /Users/bavabangaru/Developer/pic-pac-poe-ios-native-parity/ios/PicPacPoe/GameView.swift (in target 'PicPacPoe' from project 'PicPacPoe')
    cd /Users/bavabangaru/Developer/pic-pac-poe-ios-native-parity/ios
    

SwiftCompile normal arm64 Compiling\ InfoViews.swift /Users/bavabangaru/Developer/pic-pac-poe-ios-native-parity/ios/PicPacPoe/InfoViews.swift (in target 'PicPacPoe' from project 'PicPacPoe')

SwiftCompile normal arm64 /Users/bavabangaru/Developer/pic-pac-poe-ios-native-parity/ios/PicPacPoe/InfoViews.swift (in target 'PicPacPoe' from project 'PicPacPoe')
    cd /Users/bavabangaru/Developer/pic-pac-poe-ios-native-parity/ios
    

SwiftCompile normal arm64 Compiling\ DebugLaunchConfiguration.swift /Users/bavabangaru/Developer/pic-pac-poe-ios-native-parity/ios/PicPacPoe/DebugLaunchConfiguration.swift (in target 'PicPacPoe' from project 'PicPacPoe')

SwiftCompile normal arm64 /Users/bavabangaru/Developer/pic-pac-poe-ios-native-parity/ios/PicPacPoe/DebugLaunchConfiguration.swift (in target 'PicPacPoe' from project 'PicPacPoe')
    cd /Users/bavabangaru/Developer/pic-pac-poe-ios-native-parity/ios
    

SwiftCompile normal arm64 Compiling\ GeneratedAssetSymbols.swift /tmp/picpac-phase3-recovery-lifecycle-derived-20260925/Build/Intermediates.noindex/PicPacPoe.build/Test-iphonesimulator/PicPacPoe.build/DerivedSources/GeneratedAssetSymbols.swift (in target 'PicPacPoe' from project 'PicPacPoe')

SwiftCompile normal arm64 /tmp/picpac-phase3-recovery-lifecycle-derived-20260925/Build/Intermediates.noindex/PicPacPoe.build/Test-iphonesimulator/PicPacPoe.build/DerivedSources/GeneratedAssetSymbols.swift (in target 'PicPacPoe' from project 'PicPacPoe')
    cd /Users/bavabangaru/Developer/pic-pac-poe-ios-native-parity/ios
    

SwiftCompile normal arm64 Compiling\ FeedbackService.swift /Users/bavabangaru/Developer/pic-pac-poe-ios-native-parity/ios/PicPacPoe/FeedbackService.swift (in target 'PicPacPoe' from project 'PicPacPoe')

SwiftCompile normal arm64 /Users/bavabangaru/Developer/pic-pac-poe-ios-native-parity/ios/PicPacPoe/FeedbackService.swift (in target 'PicPacPoe' from project 'PicPacPoe')
    cd /Users/bavabangaru/Developer/pic-pac-poe-ios-native-parity/ios
    

SwiftCompile normal arm64 Compiling\ PhysicalBoard.swift /Users/bavabangaru/Developer/pic-pac-poe-ios-native-parity/ios/PicPacPoe/PhysicalBoard.swift (in target 'PicPacPoe' from project 'PicPacPoe')

SwiftCompile normal arm64 /Users/bavabangaru/Developer/pic-pac-poe-ios-native-parity/ios/PicPacPoe/PhysicalBoard.swift (in target 'PicPacPoe' from project 'PicPacPoe')
    cd /Users/bavabangaru/Developer/pic-pac-poe-ios-native-parity/ios
    

SwiftDriverJobDiscovery normal arm64 Emitting module for PicPacPoe (in target 'PicPacPoe' from project 'PicPacPoe')

SwiftDriver\ Compilation\ Requirements PicPacPoe normal arm64 com.apple.xcode.tools.swift.compiler (in target 'PicPacPoe' from project 'PicPacPoe')
    cd /Users/bavabangaru/Developer/pic-pac-poe-ios-native-parity/ios
    builtin-Swift-Compilation-Requirements -- /Applications/Xcode.app/Contents/Developer/Toolchains/XcodeDefault.xctoolchain/usr/bin/swiftc -module-name PicPacPoe -Onone @/tmp/picpac-phase3-recovery-lifecycle-derived-20260925/Build/Intermediates.noindex/PicPacPoe.build/Test-iphonesimulator/PicPacPoe.build/Objects-normal/arm64/PicPacPoe.SwiftFileList -DTESTING -DDEBUG -enable-experimental-feature DebugDescriptionMacro -sdk /Applications/Xcode.app/Contents/Developer/Platforms/iPhoneSimulator.platform/Developer/SDKs/iPhoneSimulator26.5.sdk -target arm64-apple-ios17.0-simulator -g -module-cache-path /tmp/picpac-phase3-recovery-lifecycle-derived-20260925/ModuleCache.noindex -Xfrontend -serialize-debugging-options -profile-coverage-mapping -profile-generate -enable-testing -index-store-path /tmp/picpac-phase3-recovery-lifecycle-derived-20260925/Index.noindex/DataStore -Xcc -D_LIBCPP_HARDENING_MODE\=_LIBCPP_HARDENING_MODE_DEBUG -swift-version 6 -I /tmp/picpac-phase3-recovery-lifecycle-derived-20260925/Build/Products/Test-iphonesimulator -F /tmp/picpac-phase3-recovery-lifecycle-derived-20260925/Build/Products/Test-iphonesimulator/PackageFrameworks -F /tmp/picpac-phase3-recovery-lifecycle-derived-20260925/Build/Products/Test-iphonesimulator/PackageFrameworks -F /tmp/picpac-phase3-recovery-lifecycle-derived-20260925/Build/Products/Test-iphonesimulator/PackageFrameworks -F /tmp/picpac-phase3-recovery-lifecycle-derived-20260925/Build/Products/Test-iphonesimulator -emit-localized-strings -emit-localized-strings-path /tmp/picpac-phase3-recovery-lifecycle-derived-20260925/Build/Intermediates.noindex/PicPacPoe.build/Test-iphonesimulator/PicPacPoe.build/Objects-normal/arm64 -c -j12 -enable-batch-mode -incremental -Xcc -ivfsstatcache -Xcc /tmp/picpac-phase3-recovery-lifecycle-derived-20260925/SDKStatCaches.noindex/iphonesimulator26.5-23F81a-6cfe768891a92b912361537c460fe42b.sdkstatcache -output-file-map /tmp/picpac-phase3-recovery-lifecycle-derived-20260925/Build/Intermediates.noindex/PicPacPoe.build/Test-iphonesimulator/PicPacPoe.build/Objects-normal/arm64/PicPacPoe-OutputFileMap.json -use-frontend-parseable-output -save-temps -no-color-diagnostics -explicit-module-build -module-cache-path /tmp/picpac-phase3-recovery-lifecycle-derived-20260925/Build/Intermediates.noindex/SwiftExplicitPrecompiledModules -clang-scanner-module-cache-path /tmp/picpac-phase3-recovery-lifecycle-derived-20260925/ModuleCache.noindex -sdk-module-cache-path /tmp/picpac-phase3-recovery-lifecycle-derived-20260925/ModuleCache.noindex -serialize-diagnostics -emit-dependencies -emit-module -emit-module-path /tmp/picpac-phase3-recovery-lifecycle-derived-20260925/Build/Intermediates.noindex/PicPacPoe.build/Test-iphonesimulator/PicPacPoe.build/Objects-normal/arm64/PicPacPoe.swiftmodule -validate-clang-modules-once -clang-build-session-file /tmp/picpac-phase3-recovery-lifecycle-derived-20260925/ModuleCache.noindex/Session.modulevalidation -Xcc -I/tmp/picpac-phase3-recovery-lifecycle-derived-20260925/Build/Intermediates.noindex/PicPacPoe.build/Test-iphonesimulator/PicPacPoe.build/swift-overrides.hmap -emit-const-values -Xfrontend -const-gather-protocols-file -Xfrontend /tmp/picpac-phase3-recovery-lifecycle-derived-20260925/Build/Intermediates.noindex/PicPacPoe.build/Test-iphonesimulator/PicPacPoe.build/Objects-normal/arm64/PicPacPoe_const_extract_protocols.json -Xcc -iquote -Xcc /tmp/picpac-phase3-recovery-lifecycle-derived-20260925/Build/Intermediates.noindex/PicPacPoe.build/Test-iphonesimulator/PicPacPoe.build/PicPacPoe-generated-files.hmap -Xcc -I/tmp/picpac-phase3-recovery-lifecycle-derived-20260925/Build/Intermediates.noindex/PicPacPoe.build/Test-iphonesimulator/PicPacPoe.build/PicPacPoe-own-target-headers.hmap -Xcc -I/tmp/picpac-phase3-recovery-lifecycle-derived-20260925/Build/Intermediates.noindex/PicPacPoe.build/Test-iphonesimulator/PicPacPoe.build/PicPacPoe-all-non-framework-target-headers.hmap -Xcc -ivfsoverlay -Xcc /tmp/picpac-phase3-recovery-lifecycle-derived-20260925/Build/Intermediates.noindex/PicPacPoe.build/Test-iphonesimulator/PicPacPoe-90eff2f9d9e8600d7e53134acd1cb833-VFS-iphonesimulator/all-product-headers.yaml -Xcc -iquote -Xcc /tmp/picpac-phase3-recovery-lifecycle-derived-20260925/Build/Intermediates.noindex/PicPacPoe.build/Test-iphonesimulator/PicPacPoe.build/PicPacPoe-project-headers.hmap -Xcc -I/tmp/picpac-phase3-recovery-lifecycle-derived-20260925/Build/Products/Test-iphonesimulator/include -Xcc -I/tmp/picpac-phase3-recovery-lifecycle-derived-20260925/Build/Intermediates.noindex/PicPacPoe.build/Test-iphonesimulator/PicPacPoe.build/DerivedSources-normal/arm64 -Xcc -I/tmp/picpac-phase3-recovery-lifecycle-derived-20260925/Build/Intermediates.noindex/PicPacPoe.build/Test-iphonesimulator/PicPacPoe.build/DerivedSources/arm64 -Xcc -I/tmp/picpac-phase3-recovery-lifecycle-derived-20260925/Build/Intermediates.noindex/PicPacPoe.build/Test-iphonesimulator/PicPacPoe.build/DerivedSources -emit-objc-header -emit-objc-header-path /tmp/picpac-phase3-recovery-lifecycle-derived-20260925/Build/Intermediates.noindex/PicPacPoe.build/Test-iphonesimulator/PicPacPoe.build/Objects-normal/arm64/PicPacPoe-Swift.h -working-directory /Users/bavabangaru/Developer/pic-pac-poe-ios-native-parity/ios -experimental-emit-module-separately -disable-cmo

SwiftMergeGeneratedHeaders /tmp/picpac-phase3-recovery-lifecycle-derived-20260925/Build/Intermediates.noindex/PicPacPoe.build/Test-iphonesimulator/PicPacPoe.build/DerivedSources/PicPacPoe-Swift.h /tmp/picpac-phase3-recovery-lifecycle-derived-20260925/Build/Intermediates.noindex/PicPacPoe.build/Test-iphonesimulator/PicPacPoe.build/Objects-normal/arm64/PicPacPoe-Swift.h (in target 'PicPacPoe' from project 'PicPacPoe')
    cd /Users/bavabangaru/Developer/pic-pac-poe-ios-native-parity/ios
    builtin-swiftHeaderTool -arch arm64 /tmp/picpac-phase3-recovery-lifecycle-derived-20260925/Build/Intermediates.noindex/PicPacPoe.build/Test-iphonesimulator/PicPacPoe.build/Objects-normal/arm64/PicPacPoe-Swift.h -o /tmp/picpac-phase3-recovery-lifecycle-derived-20260925/Build/Intermediates.noindex/PicPacPoe.build/Test-iphonesimulator/PicPacPoe.build/DerivedSources/PicPacPoe-Swift.h

Copy /tmp/picpac-phase3-recovery-lifecycle-derived-20260925/Build/Products/Test-iphonesimulator/PicPacPoe.swiftmodule/arm64-apple-ios-simulator.swiftmodule /tmp/picpac-phase3-recovery-lifecycle-derived-20260925/Build/Intermediates.noindex/PicPacPoe.build/Test-iphonesimulator/PicPacPoe.build/Objects-normal/arm64/PicPacPoe.swiftmodule (in target 'PicPacPoe' from project 'PicPacPoe')
    cd /Users/bavabangaru/Developer/pic-pac-poe-ios-native-parity/ios
    builtin-copy -exclude .DS_Store -exclude CVS -exclude .svn -exclude .git -exclude .hg -resolve-src-symlinks -rename /tmp/picpac-phase3-recovery-lifecycle-derived-20260925/Build/Intermediates.noindex/PicPacPoe.build/Test-iphonesimulator/PicPacPoe.build/Objects-normal/arm64/PicPacPoe.swiftmodule /tmp/picpac-phase3-recovery-lifecycle-derived-20260925/Build/Products/Test-iphonesimulator/PicPacPoe.swiftmodule/arm64-apple-ios-simulator.swiftmodule

Copy /tmp/picpac-phase3-recovery-lifecycle-derived-20260925/Build/Products/Test-iphonesimulator/PicPacPoe.swiftmodule/arm64-apple-ios-simulator.swiftdoc /tmp/picpac-phase3-recovery-lifecycle-derived-20260925/Build/Intermediates.noindex/PicPacPoe.build/Test-iphonesimulator/PicPacPoe.build/Objects-normal/arm64/PicPacPoe.swiftdoc (in target 'PicPacPoe' from project 'PicPacPoe')
    cd /Users/bavabangaru/Developer/pic-pac-poe-ios-native-parity/ios
    builtin-copy -exclude .DS_Store -exclude CVS -exclude .svn -exclude .git -exclude .hg -resolve-src-symlinks -rename /tmp/picpac-phase3-recovery-lifecycle-derived-20260925/Build/Intermediates.noindex/PicPacPoe.build/Test-iphonesimulator/PicPacPoe.build/Objects-normal/arm64/PicPacPoe.swiftdoc /tmp/picpac-phase3-recovery-lifecycle-derived-20260925/Build/Products/Test-iphonesimulator/PicPacPoe.swiftmodule/arm64-apple-ios-simulator.swiftdoc

Copy /tmp/picpac-phase3-recovery-lifecycle-derived-20260925/Build/Products/Test-iphonesimulator/PicPacPoe.swiftmodule/arm64-apple-ios-simulator.abi.json /tmp/picpac-phase3-recovery-lifecycle-derived-20260925/Build/Intermediates.noindex/PicPacPoe.build/Test-iphonesimulator/PicPacPoe.build/Objects-normal/arm64/PicPacPoe.abi.json (in target 'PicPacPoe' from project 'PicPacPoe')
    cd /Users/bavabangaru/Developer/pic-pac-poe-ios-native-parity/ios
    builtin-copy -exclude .DS_Store -exclude CVS -exclude .svn -exclude .git -exclude .hg -resolve-src-symlinks -rename /tmp/picpac-phase3-recovery-lifecycle-derived-20260925/Build/Intermediates.noindex/PicPacPoe.build/Test-iphonesimulator/PicPacPoe.build/Objects-normal/arm64/PicPacPoe.abi.json /tmp/picpac-phase3-recovery-lifecycle-derived-20260925/Build/Products/Test-iphonesimulator/PicPacPoe.swiftmodule/arm64-apple-ios-simulator.abi.json

Copy /tmp/picpac-phase3-recovery-lifecycle-derived-20260925/Build/Products/Test-iphonesimulator/PicPacPoe.swiftmodule/Project/arm64-apple-ios-simulator.swiftsourceinfo /tmp/picpac-phase3-recovery-lifecycle-derived-20260925/Build/Intermediates.noindex/PicPacPoe.build/Test-iphonesimulator/PicPacPoe.build/Objects-normal/arm64/PicPacPoe.swiftsourceinfo (in target 'PicPacPoe' from project 'PicPacPoe')
    cd /Users/bavabangaru/Developer/pic-pac-poe-ios-native-parity/ios
    builtin-copy -exclude .DS_Store -exclude CVS -exclude .svn -exclude .git -exclude .hg -resolve-src-symlinks -rename /tmp/picpac-phase3-recovery-lifecycle-derived-20260925/Build/Intermediates.noindex/PicPacPoe.build/Test-iphonesimulator/PicPacPoe.build/Objects-normal/arm64/PicPacPoe.swiftsourceinfo /tmp/picpac-phase3-recovery-lifecycle-derived-20260925/Build/Products/Test-iphonesimulator/PicPacPoe.swiftmodule/Project/arm64-apple-ios-simulator.swiftsourceinfo

SwiftDriver PicPacPoeUITests normal arm64 com.apple.xcode.tools.swift.compiler (in target 'PicPacPoeUITests' from project 'PicPacPoe')
    cd /Users/bavabangaru/Developer/pic-pac-poe-ios-native-parity/ios
    builtin-SwiftDriver -- /Applications/Xcode.app/Contents/Developer/Toolchains/XcodeDefault.xctoolchain/usr/bin/swiftc -module-name PicPacPoeUITests -Onone @/tmp/picpac-phase3-recovery-lifecycle-derived-20260925/Build/Intermediates.noindex/PicPacPoe.build/Test-iphonesimulator/PicPacPoeUITests.build/Objects-normal/arm64/PicPacPoeUITests.SwiftFileList -DTESTING -DDEBUG -module-alias Testing\=_Testing_Unavailable -plugin-path /Applications/Xcode.app/Contents/Developer/Toolchains/XcodeDefault.xctoolchain/usr/lib/swift/host/plugins/testing -enable-experimental-feature DebugDescriptionMacro -sdk /Applications/Xcode.app/Contents/Developer/Platforms/iPhoneSimulator.platform/Developer/SDKs/iPhoneSimulator26.5.sdk -target arm64-apple-ios17.0-simulator -g -module-cache-path /tmp/picpac-phase3-recovery-lifecycle-derived-20260925/ModuleCache.noindex -Xfrontend -serialize-debugging-options -profile-coverage-mapping -profile-generate -enable-testing -index-store-path /tmp/picpac-phase3-recovery-lifecycle-derived-20260925/Index.noindex/DataStore -Xcc -D_LIBCPP_HARDENING_MODE\=_LIBCPP_HARDENING_MODE_DEBUG -swift-version 6 -I /tmp/picpac-phase3-recovery-lifecycle-derived-20260925/Build/Products/Test-iphonesimulator -Isystem /Applications/Xcode.app/Contents/Developer/Platforms/iPhoneSimulator.platform/Developer/usr/lib -F /tmp/picpac-phase3-recovery-lifecycle-derived-20260925/Build/Products/Test-iphonesimulator -F /Applications/Xcode.app/Contents/Developer/Platforms/iPhoneSimulator.platform/Developer/Library/Frameworks -F /Applications/Xcode.app/Contents/Developer/Platforms/iPhoneSimulator.platform/Developer/SDKs/iPhoneSimulator26.5.sdk/Developer/Library/Frameworks -parse-as-library -emit-localized-strings -emit-localized-strings-path /tmp/picpac-phase3-recovery-lifecycle-derived-20260925/Build/Intermediates.noindex/PicPacPoe.build/Test-iphonesimulator/PicPacPoeUITests.build/Objects-normal/arm64 -c -j12 -enable-batch-mode -incremental -Xcc -ivfsstatcache -Xcc /tmp/picpac-phase3-recovery-lifecycle-derived-20260925/SDKStatCaches.noindex/iphonesimulator26.5-23F81a-6cfe768891a92b912361537c460fe42b.sdkstatcache -output-file-map /tmp/picpac-phase3-recovery-lifecycle-derived-20260925/Build/Intermediates.noindex/PicPacPoe.build/Test-iphonesimulator/PicPacPoeUITests.build/Objects-normal/arm64/PicPacPoeUITests-OutputFileMap.json -use-frontend-parseable-output -save-temps -no-color-diagnostics -explicit-module-build -module-cache-path /tmp/picpac-phase3-recovery-lifecycle-derived-20260925/Build/Intermediates.noindex/SwiftExplicitPrecompiledModules -clang-scanner-module-cache-path /tmp/picpac-phase3-recovery-lifecycle-derived-20260925/ModuleCache.noindex -sdk-module-cache-path /tmp/picpac-phase3-recovery-lifecycle-derived-20260925/ModuleCache.noindex -serialize-diagnostics -emit-dependencies -emit-module -emit-module-path /tmp/picpac-phase3-recovery-lifecycle-derived-20260925/Build/Intermediates.noindex/PicPacPoe.build/Test-iphonesimulator/PicPacPoeUITests.build/Objects-normal/arm64/PicPacPoeUITests.swiftmodule -validate-clang-modules-once -clang-build-session-file /tmp/picpac-phase3-recovery-lifecycle-derived-20260925/ModuleCache.noindex/Session.modulevalidation -Xcc -I/tmp/picpac-phase3-recovery-lifecycle-derived-20260925/Build/Intermediates.noindex/PicPacPoe.build/Test-iphonesimulator/PicPacPoeUITests.build/swift-overrides.hmap -emit-const-values -Xfrontend -const-gather-protocols-file -Xfrontend /tmp/picpac-phase3-recovery-lifecycle-derived-20260925/Build/Intermediates.noindex/PicPacPoe.build/Test-iphonesimulator/PicPacPoeUITests.build/Objects-normal/arm64/PicPacPoeUITests_const_extract_protocols.json -Xcc -iquote -Xcc /tmp/picpac-phase3-recovery-lifecycle-derived-20260925/Build/Intermediates.noindex/PicPacPoe.build/Test-iphonesimulator/PicPacPoeUITests.build/PicPacPoeUITests-generated-files.hmap -Xcc -I/tmp/picpac-phase3-recovery-lifecycle-derived-20260925/Build/Intermediates.noindex/PicPacPoe.build/Test-iphonesimulator/PicPacPoeUITests.build/PicPacPoeUITests-own-target-headers.hmap -Xcc -I/tmp/picpac-phase3-recovery-lifecycle-derived-20260925/Build/Intermediates.noindex/PicPacPoe.build/Test-iphonesimulator/PicPacPoeUITests.build/PicPacPoeUITests-all-non-framework-target-headers.hmap -Xcc -ivfsoverlay -Xcc /tmp/picpac-phase3-recovery-lifecycle-derived-20260925/Build/Intermediates.noindex/PicPacPoe.build/Test-iphonesimulator/PicPacPoe-90eff2f9d9e8600d7e53134acd1cb833-VFS-iphonesimulator/all-product-headers.yaml -Xcc -iquote -Xcc /tmp/picpac-phase3-recovery-lifecycle-derived-20260925/Build/Intermediates.noindex/PicPacPoe.build/Test-iphonesimulator/PicPacPoeUITests.build/PicPacPoeUITests-project-headers.hmap -Xcc -I/tmp/picpac-phase3-recovery-lifecycle-derived-20260925/Build/Products/Test-iphonesimulator/include -Xcc -I/tmp/picpac-phase3-recovery-lifecycle-derived-20260925/Build/Intermediates.noindex/PicPacPoe.build/Test-iphonesimulator/PicPacPoeUITests.build/DerivedSources-normal/arm64 -Xcc -I/tmp/picpac-phase3-recovery-lifecycle-derived-20260925/Build/Intermediates.noindex/PicPacPoe.build/Test-iphonesimulator/PicPacPoeUITests.build/DerivedSources/arm64 -Xcc -I/tmp/picpac-phase3-recovery-lifecycle-derived-20260925/Build/Intermediates.noindex/PicPacPoe.build/Test-iphonesimulator/PicPacPoeUITests.build/DerivedSources -emit-objc-header -emit-objc-header-path /tmp/picpac-phase3-recovery-lifecycle-derived-20260925/Build/Intermediates.noindex/PicPacPoe.build/Test-iphonesimulator/PicPacPoeUITests.build/Objects-normal/arm64/PicPacPoeUITests-Swift.h -working-directory /Users/bavabangaru/Developer/pic-pac-poe-ios-native-parity/ios -experimental-emit-module-separately -disable-cmo

LinkAssetCatalog /Users/bavabangaru/Developer/pic-pac-poe-ios-native-parity/ios/PicPacPoe/Assets.xcassets (in target 'PicPacPoe' from project 'PicPacPoe')
    cd /Users/bavabangaru/Developer/pic-pac-poe-ios-native-parity/ios
    builtin-linkAssetCatalog --thinned /tmp/picpac-phase3-recovery-lifecycle-derived-20260925/Build/Intermediates.noindex/PicPacPoe.build/Test-iphonesimulator/PicPacPoe.build/assetcatalog_output/thinned --thinned-dependencies /tmp/picpac-phase3-recovery-lifecycle-derived-20260925/Build/Intermediates.noindex/PicPacPoe.build/Test-iphonesimulator/PicPacPoe.build/assetcatalog_dependencies_thinned --thinned-info-plist-content /tmp/picpac-phase3-recovery-lifecycle-derived-20260925/Build/Intermediates.noindex/PicPacPoe.build/Test-iphonesimulator/PicPacPoe.build/assetcatalog_generated_info.plist_thinned --unthinned /tmp/picpac-phase3-recovery-lifecycle-derived-20260925/Build/Intermediates.noindex/PicPacPoe.build/Test-iphonesimulator/PicPacPoe.build/assetcatalog_output/unthinned --unthinned-dependencies /tmp/picpac-phase3-recovery-lifecycle-derived-20260925/Build/Intermediates.noindex/PicPacPoe.build/Test-iphonesimulator/PicPacPoe.build/assetcatalog_dependencies_unthinned --unthinned-info-plist-content /tmp/picpac-phase3-recovery-lifecycle-derived-20260925/Build/Intermediates.noindex/PicPacPoe.build/Test-iphonesimulator/PicPacPoe.build/assetcatalog_generated_info.plist_unthinned --output /tmp/picpac-phase3-recovery-lifecycle-derived-20260925/Build/Products/Test-iphonesimulator/PicPacPoe.app --plist-output /tmp/picpac-phase3-recovery-lifecycle-derived-20260925/Build/Intermediates.noindex/PicPacPoe.build/Test-iphonesimulator/PicPacPoe.build/assetcatalog_generated_info.plist
note: Emplaced /tmp/picpac-phase3-recovery-lifecycle-derived-20260925/Build/Products/Test-iphonesimulator/PicPacPoe.app/AppIcon76x76@2x~ipad.png (in target 'PicPacPoe' from project 'PicPacPoe')
note: Emplaced /tmp/picpac-phase3-recovery-lifecycle-derived-20260925/Build/Products/Test-iphonesimulator/PicPacPoe.app/AppIcon60x60@2x.png (in target 'PicPacPoe' from project 'PicPacPoe')
note: Emplaced /tmp/picpac-phase3-recovery-lifecycle-derived-20260925/Build/Products/Test-iphonesimulator/PicPacPoe.app/Assets.car (in target 'PicPacPoe' from project 'PicPacPoe')

ProcessInfoPlistFile /tmp/picpac-phase3-recovery-lifecycle-derived-20260925/Build/Products/Test-iphonesimulator/PicPacPoe.app/Info.plist /Users/bavabangaru/Developer/pic-pac-poe-ios-native-parity/ios/PicPacPoe/Info.plist (in target 'PicPacPoe' from project 'PicPacPoe')
    cd /Users/bavabangaru/Developer/pic-pac-poe-ios-native-parity/ios
    builtin-infoPlistUtility /Users/bavabangaru/Developer/pic-pac-poe-ios-native-parity/ios/PicPacPoe/Info.plist -producttype com.apple.product-type.application -genpkginfo /tmp/picpac-phase3-recovery-lifecycle-derived-20260925/Build/Products/Test-iphonesimulator/PicPacPoe.app/PkgInfo -expandbuildsettings -format binary -platform iphonesimulator -additionalcontentfile /tmp/picpac-phase3-recovery-lifecycle-derived-20260925/Build/Intermediates.noindex/PicPacPoe.build/Test-iphonesimulator/PicPacPoe.build/assetcatalog_generated_info.plist -scanforprivacyfile /tmp/picpac-phase3-recovery-lifecycle-derived-20260925/Build/Products/Test-iphonesimulator/PicPacPoe.app/Frameworks/PicPacPresentation_-6026B0FB22E351C2_PackageProduct.framework -scanforprivacyfile /tmp/picpac-phase3-recovery-lifecycle-derived-20260925/Build/Products/Test-iphonesimulator/PicPacPoe.app/PicPacKit_PicPacAI.bundle -o /tmp/picpac-phase3-recovery-lifecycle-derived-20260925/Build/Products/Test-iphonesimulator/PicPacPoe.app/Info.plist

SwiftDriverJobDiscovery normal arm64 Compiling ProductionAIWorker.swift (in target 'PicPacPoe' from project 'PicPacPoe')

SwiftDriver PicPacPoeTests normal arm64 com.apple.xcode.tools.swift.compiler (in target 'PicPacPoeTests' from project 'PicPacPoe')
    cd /Users/bavabangaru/Developer/pic-pac-poe-ios-native-parity/ios
    builtin-SwiftDriver -- /Applications/Xcode.app/Contents/Developer/Toolchains/XcodeDefault.xctoolchain/usr/bin/swiftc -module-name PicPacPoeTests -Onone @/tmp/picpac-phase3-recovery-lifecycle-derived-20260925/Build/Intermediates.noindex/PicPacPoe.build/Test-iphonesimulator/PicPacPoeTests.build/Objects-normal/arm64/PicPacPoeTests.SwiftFileList -DTESTING -DDEBUG -plugin-path /Applications/Xcode.app/Contents/Developer/Toolchains/XcodeDefault.xctoolchain/usr/lib/swift/host/plugins/testing -enable-experimental-feature DebugDescriptionMacro -sdk /Applications/Xcode.app/Contents/Developer/Platforms/iPhoneSimulator.platform/Developer/SDKs/iPhoneSimulator26.5.sdk -target arm64-apple-ios17.0-simulator -g -module-cache-path /tmp/picpac-phase3-recovery-lifecycle-derived-20260925/ModuleCache.noindex -Xfrontend -serialize-debugging-options -profile-coverage-mapping -profile-generate -enable-testing -index-store-path /tmp/picpac-phase3-recovery-lifecycle-derived-20260925/Index.noindex/DataStore -Xcc -D_LIBCPP_HARDENING_MODE\=_LIBCPP_HARDENING_MODE_DEBUG -swift-version 6 -I /tmp/picpac-phase3-recovery-lifecycle-derived-20260925/Build/Products/Test-iphonesimulator -Isystem /Applications/Xcode.app/Contents/Developer/Platforms/iPhoneSimulator.platform/Developer/usr/lib -F /tmp/picpac-phase3-recovery-lifecycle-derived-20260925/Build/Products/Test-iphonesimulator/PackageFrameworks -F /tmp/picpac-phase3-recovery-lifecycle-derived-20260925/Build/Products/Test-iphonesimulator/PackageFrameworks -F /tmp/picpac-phase3-recovery-lifecycle-derived-20260925/Build/Products/Test-iphonesimulator/PackageFrameworks -F /tmp/picpac-phase3-recovery-lifecycle-derived-20260925/Build/Products/Test-iphonesimulator/PackageFrameworks -F /tmp/picpac-phase3-recovery-lifecycle-derived-20260925/Build/Products/Test-iphonesimulator/PackageFrameworks -F /tmp/picpac-phase3-recovery-lifecycle-derived-20260925/Build/Products/Test-iphonesimulator -F /Applications/Xcode.app/Contents/Developer/Platforms/iPhoneSimulator.platform/Developer/Library/Frameworks -F /Applications/Xcode.app/Contents/Developer/Platforms/iPhoneSimulator.platform/Developer/SDKs/iPhoneSimulator26.5.sdk/Developer/Library/Frameworks -parse-as-library -emit-localized-strings -emit-localized-strings-path /tmp/picpac-phase3-recovery-lifecycle-derived-20260925/Build/Intermediates.noindex/PicPacPoe.build/Test-iphonesimulator/PicPacPoeTests.build/Objects-normal/arm64 -c -j12 -enable-batch-mode -incremental -Xcc -ivfsstatcache -Xcc /tmp/picpac-phase3-recovery-lifecycle-derived-20260925/SDKStatCaches.noindex/iphonesimulator26.5-23F81a-6cfe768891a92b912361537c460fe42b.sdkstatcache -output-file-map /tmp/picpac-phase3-recovery-lifecycle-derived-20260925/Build/Intermediates.noindex/PicPacPoe.build/Test-iphonesimulator/PicPacPoeTests.build/Objects-normal/arm64/PicPacPoeTests-OutputFileMap.json -use-frontend-parseable-output -save-temps -no-color-diagnostics -explicit-module-build -module-cache-path /tmp/picpac-phase3-recovery-lifecycle-derived-20260925/Build/Intermediates.noindex/SwiftExplicitPrecompiledModules -clang-scanner-module-cache-path /tmp/picpac-phase3-recovery-lifecycle-derived-20260925/ModuleCache.noindex -sdk-module-cache-path /tmp/picpac-phase3-recovery-lifecycle-derived-20260925/ModuleCache.noindex -serialize-diagnostics -emit-dependencies -emit-module -emit-module-path /tmp/picpac-phase3-recovery-lifecycle-derived-20260925/Build/Intermediates.noindex/PicPacPoe.build/Test-iphonesimulator/PicPacPoeTests.build/Objects-normal/arm64/PicPacPoeTests.swiftmodule -validate-clang-modules-once -clang-build-session-file /tmp/picpac-phase3-recovery-lifecycle-derived-20260925/ModuleCache.noindex/Session.modulevalidation -Xcc -I/tmp/picpac-phase3-recovery-lifecycle-derived-20260925/Build/Intermediates.noindex/PicPacPoe.build/Test-iphonesimulator/PicPacPoeTests.build/swift-overrides.hmap -emit-const-values -Xfrontend -const-gather-protocols-file -Xfrontend /tmp/picpac-phase3-recovery-lifecycle-derived-20260925/Build/Intermediates.noindex/PicPacPoe.build/Test-iphonesimulator/PicPacPoeTests.build/Objects-normal/arm64/PicPacPoeTests_const_extract_protocols.json -Xcc -iquote -Xcc /tmp/picpac-phase3-recovery-lifecycle-derived-20260925/Build/Intermediates.noindex/PicPacPoe.build/Test-iphonesimulator/PicPacPoeTests.build/PicPacPoeTests-generated-files.hmap -Xcc -I/tmp/picpac-phase3-recovery-lifecycle-derived-20260925/Build/Intermediates.noindex/PicPacPoe.build/Test-iphonesimulator/PicPacPoeTests.build/PicPacPoeTests-own-target-headers.hmap -Xcc -I/tmp/picpac-phase3-recovery-lifecycle-derived-20260925/Build/Intermediates.noindex/PicPacPoe.build/Test-iphonesimulator/PicPacPoeTests.build/PicPacPoeTests-all-non-framework-target-headers.hmap -Xcc -ivfsoverlay -Xcc /tmp/picpac-phase3-recovery-lifecycle-derived-20260925/Build/Intermediates.noindex/PicPacPoe.build/Test-iphonesimulator/PicPacPoe-90eff2f9d9e8600d7e53134acd1cb833-VFS-iphonesimulator/all-product-headers.yaml -Xcc -iquote -Xcc /tmp/picpac-phase3-recovery-lifecycle-derived-20260925/Build/Intermediates.noindex/PicPacPoe.build/Test-iphonesimulator/PicPacPoeTests.build/PicPacPoeTests-project-headers.hmap -Xcc -I/tmp/picpac-phase3-recovery-lifecycle-derived-20260925/Build/Products/Test-iphonesimulator/include -Xcc -I/tmp/picpac-phase3-recovery-lifecycle-derived-20260925/Build/Intermediates.noindex/PicPacPoe.build/Test-iphonesimulator/PicPacPoeTests.build/DerivedSources-normal/arm64 -Xcc -I/tmp/picpac-phase3-recovery-lifecycle-derived-20260925/Build/Intermediates.noindex/PicPacPoe.build/Test-iphonesimulator/PicPacPoeTests.build/DerivedSources/arm64 -Xcc -I/tmp/picpac-phase3-recovery-lifecycle-derived-20260925/Build/Intermediates.noindex/PicPacPoe.build/Test-iphonesimulator/PicPacPoeTests.build/DerivedSources -emit-objc-header -emit-objc-header-path /tmp/picpac-phase3-recovery-lifecycle-derived-20260925/Build/Intermediates.noindex/PicPacPoe.build/Test-iphonesimulator/PicPacPoeTests.build/Objects-normal/arm64/PicPacPoeTests-Swift.h -working-directory /Users/bavabangaru/Developer/pic-pac-poe-ios-native-parity/ios -experimental-emit-module-separately -disable-cmo

SwiftExplicitDependencyGeneratePcm arm64 /tmp/picpac-phase3-recovery-lifecycle-derived-20260925/Build/Intermediates.noindex/SwiftExplicitPrecompiledModules/XCUIAutomation-EWSLG1HIIV005OVPJF0XG2D6Z.pcm

SwiftExplicitDependencyCompileModuleFromInterface arm64 /tmp/picpac-phase3-recovery-lifecycle-derived-20260925/Build/Intermediates.noindex/SwiftExplicitPrecompiledModules/XCUIAutomation-3AOX7U5QJ56B1.swiftmodule

SwiftExplicitDependencyGeneratePcm arm64 /tmp/picpac-phase3-recovery-lifecycle-derived-20260925/Build/Intermediates.noindex/SwiftExplicitPrecompiledModules/XCTest-BCCY2KUVL9AA6WXDCF1YFDFOF.pcm

SwiftExplicitDependencyGeneratePcm arm64 /tmp/picpac-phase3-recovery-lifecycle-derived-20260925/ModuleCache.noindex/LocalAuthentication-74TVLT6JMIORNNQMESPXGOS1Z.pcm

SwiftExplicitDependencyCompileModuleFromInterface arm64 /tmp/picpac-phase3-recovery-lifecycle-derived-20260925/Build/Intermediates.noindex/SwiftExplicitPrecompiledModules/XCTest-G7DSR2XDN22.swiftmodule

SwiftEmitModule normal arm64 Emitting\ module\ for\ PicPacPoeUITests (in target 'PicPacPoeUITests' from project 'PicPacPoe')

SwiftCompile normal arm64 /Users/bavabangaru/Developer/pic-pac-poe-ios-native-parity/ios/PicPacPoeUITests/PicPacPoeUITests.swift (in target 'PicPacPoeUITests' from project 'PicPacPoe')
    cd /Users/bavabangaru/Developer/pic-pac-poe-ios-native-parity/ios
    

SwiftEmitModule normal arm64 Emitting\ module\ for\ PicPacPoeTests (in target 'PicPacPoeTests' from project 'PicPacPoe')

SwiftCompile normal arm64 /Users/bavabangaru/Developer/pic-pac-poe-ios-native-parity/ios/PicPacPoeTests/PicPacPoeIntegrationTests.swift (in target 'PicPacPoeTests' from project 'PicPacPoe')
    cd /Users/bavabangaru/Developer/pic-pac-poe-ios-native-parity/ios
    

SwiftCompile normal arm64 Compiling\ PicPacPoeUITests.swift /Users/bavabangaru/Developer/pic-pac-poe-ios-native-parity/ios/PicPacPoeUITests/PicPacPoeUITests.swift (in target 'PicPacPoeUITests' from project 'PicPacPoe')

SwiftCompile normal arm64 /Users/bavabangaru/Developer/pic-pac-poe-ios-native-parity/ios/PicPacPoeUITests/PicPacPoeUITests.swift (in target 'PicPacPoeUITests' from project 'PicPacPoe')
    cd /Users/bavabangaru/Developer/pic-pac-poe-ios-native-parity/ios
    

SwiftCompile normal arm64 Compiling\ PicPacPoeIntegrationTests.swift /Users/bavabangaru/Developer/pic-pac-poe-ios-native-parity/ios/PicPacPoeTests/PicPacPoeIntegrationTests.swift (in target 'PicPacPoeTests' from project 'PicPacPoe')
SwiftCompile normal arm64 /Users/bavabangaru/Developer/pic-pac-poe-ios-native-parity/ios/PicPacPoeTests/PicPacPoeIntegrationTests.swift (in target 'PicPacPoeTests' from project 'PicPacPoe')
    cd /Users/bavabangaru/Developer/pic-pac-poe-ios-native-parity/ios
    

SwiftDriverJobDiscovery normal arm64 Compiling GeneratedAssetSymbols.swift (in target 'PicPacPoe' from project 'PicPacPoe')

SwiftDriverJobDiscovery normal arm64 Emitting module for PicPacPoeUITests (in target 'PicPacPoeUITests' from project 'PicPacPoe')

SwiftDriver\ Compilation\ Requirements PicPacPoeUITests normal arm64 com.apple.xcode.tools.swift.compiler (in target 'PicPacPoeUITests' from project 'PicPacPoe')
    cd /Users/bavabangaru/Developer/pic-pac-poe-ios-native-parity/ios
    builtin-Swift-Compilation-Requirements -- /Applications/Xcode.app/Contents/Developer/Toolchains/XcodeDefault.xctoolchain/usr/bin/swiftc -module-name PicPacPoeUITests -Onone @/tmp/picpac-phase3-recovery-lifecycle-derived-20260925/Build/Intermediates.noindex/PicPacPoe.build/Test-iphonesimulator/PicPacPoeUITests.build/Objects-normal/arm64/PicPacPoeUITests.SwiftFileList -DTESTING -DDEBUG -module-alias Testing\=_Testing_Unavailable -plugin-path /Applications/Xcode.app/Contents/Developer/Toolchains/XcodeDefault.xctoolchain/usr/lib/swift/host/plugins/testing -enable-experimental-feature DebugDescriptionMacro -sdk /Applications/Xcode.app/Contents/Developer/Platforms/iPhoneSimulator.platform/Developer/SDKs/iPhoneSimulator26.5.sdk -target arm64-apple-ios17.0-simulator -g -module-cache-path /tmp/picpac-phase3-recovery-lifecycle-derived-20260925/ModuleCache.noindex -Xfrontend -serialize-debugging-options -profile-coverage-mapping -profile-generate -enable-testing -index-store-path /tmp/picpac-phase3-recovery-lifecycle-derived-20260925/Index.noindex/DataStore -Xcc -D_LIBCPP_HARDENING_MODE\=_LIBCPP_HARDENING_MODE_DEBUG -swift-version 6 -I /tmp/picpac-phase3-recovery-lifecycle-derived-20260925/Build/Products/Test-iphonesimulator -Isystem /Applications/Xcode.app/Contents/Developer/Platforms/iPhoneSimulator.platform/Developer/usr/lib -F /tmp/picpac-phase3-recovery-lifecycle-derived-20260925/Build/Products/Test-iphonesimulator -F /Applications/Xcode.app/Contents/Developer/Platforms/iPhoneSimulator.platform/Developer/Library/Frameworks -F /Applications/Xcode.app/Contents/Developer/Platforms/iPhoneSimulator.platform/Developer/SDKs/iPhoneSimulator26.5.sdk/Developer/Library/Frameworks -parse-as-library -emit-localized-strings -emit-localized-strings-path /tmp/picpac-phase3-recovery-lifecycle-derived-20260925/Build/Intermediates.noindex/PicPacPoe.build/Test-iphonesimulator/PicPacPoeUITests.build/Objects-normal/arm64 -c -j12 -enable-batch-mode -incremental -Xcc -ivfsstatcache -Xcc /tmp/picpac-phase3-recovery-lifecycle-derived-20260925/SDKStatCaches.noindex/iphonesimulator26.5-23F81a-6cfe768891a92b912361537c460fe42b.sdkstatcache -output-file-map /tmp/picpac-phase3-recovery-lifecycle-derived-20260925/Build/Intermediates.noindex/PicPacPoe.build/Test-iphonesimulator/PicPacPoeUITests.build/Objects-normal/arm64/PicPacPoeUITests-OutputFileMap.json -use-frontend-parseable-output -save-temps -no-color-diagnostics -explicit-module-build -module-cache-path /tmp/picpac-phase3-recovery-lifecycle-derived-20260925/Build/Intermediates.noindex/SwiftExplicitPrecompiledModules -clang-scanner-module-cache-path /tmp/picpac-phase3-recovery-lifecycle-derived-20260925/ModuleCache.noindex -sdk-module-cache-path /tmp/picpac-phase3-recovery-lifecycle-derived-20260925/ModuleCache.noindex -serialize-diagnostics -emit-dependencies -emit-module -emit-module-path /tmp/picpac-phase3-recovery-lifecycle-derived-20260925/Build/Intermediates.noindex/PicPacPoe.build/Test-iphonesimulator/PicPacPoeUITests.build/Objects-normal/arm64/PicPacPoeUITests.swiftmodule -validate-clang-modules-once -clang-build-session-file /tmp/picpac-phase3-recovery-lifecycle-derived-20260925/ModuleCache.noindex/Session.modulevalidation -Xcc -I/tmp/picpac-phase3-recovery-lifecycle-derived-20260925/Build/Intermediates.noindex/PicPacPoe.build/Test-iphonesimulator/PicPacPoeUITests.build/swift-overrides.hmap -emit-const-values -Xfrontend -const-gather-protocols-file -Xfrontend /tmp/picpac-phase3-recovery-lifecycle-derived-20260925/Build/Intermediates.noindex/PicPacPoe.build/Test-iphonesimulator/PicPacPoeUITests.build/Objects-normal/arm64/PicPacPoeUITests_const_extract_protocols.json -Xcc -iquote -Xcc /tmp/picpac-phase3-recovery-lifecycle-derived-20260925/Build/Intermediates.noindex/PicPacPoe.build/Test-iphonesimulator/PicPacPoeUITests.build/PicPacPoeUITests-generated-files.hmap -Xcc -I/tmp/picpac-phase3-recovery-lifecycle-derived-20260925/Build/Intermediates.noindex/PicPacPoe.build/Test-iphonesimulator/PicPacPoeUITests.build/PicPacPoeUITests-own-target-headers.hmap -Xcc -I/tmp/picpac-phase3-recovery-lifecycle-derived-20260925/Build/Intermediates.noindex/PicPacPoe.build/Test-iphonesimulator/PicPacPoeUITests.build/PicPacPoeUITests-all-non-framework-target-headers.hmap -Xcc -ivfsoverlay -Xcc /tmp/picpac-phase3-recovery-lifecycle-derived-20260925/Build/Intermediates.noindex/PicPacPoe.build/Test-iphonesimulator/PicPacPoe-90eff2f9d9e8600d7e53134acd1cb833-VFS-iphonesimulator/all-product-headers.yaml -Xcc -iquote -Xcc /tmp/picpac-phase3-recovery-lifecycle-derived-20260925/Build/Intermediates.noindex/PicPacPoe.build/Test-iphonesimulator/PicPacPoeUITests.build/PicPacPoeUITests-project-headers.hmap -Xcc -I/tmp/picpac-phase3-recovery-lifecycle-derived-20260925/Build/Products/Test-iphonesimulator/include -Xcc -I/tmp/picpac-phase3-recovery-lifecycle-derived-20260925/Build/Intermediates.noindex/PicPacPoe.build/Test-iphonesimulator/PicPacPoeUITests.build/DerivedSources-normal/arm64 -Xcc -I/tmp/picpac-phase3-recovery-lifecycle-derived-20260925/Build/Intermediates.noindex/PicPacPoe.build/Test-iphonesimulator/PicPacPoeUITests.build/DerivedSources/arm64 -Xcc -I/tmp/picpac-phase3-recovery-lifecycle-derived-20260925/Build/Intermediates.noindex/PicPacPoe.build/Test-iphonesimulator/PicPacPoeUITests.build/DerivedSources -emit-objc-header -emit-objc-header-path /tmp/picpac-phase3-recovery-lifecycle-derived-20260925/Build/Intermediates.noindex/PicPacPoe.build/Test-iphonesimulator/PicPacPoeUITests.build/Objects-normal/arm64/PicPacPoeUITests-Swift.h -working-directory /Users/bavabangaru/Developer/pic-pac-poe-ios-native-parity/ios -experimental-emit-module-separately -disable-cmo

SwiftMergeGeneratedHeaders /tmp/picpac-phase3-recovery-lifecycle-derived-20260925/Build/Intermediates.noindex/PicPacPoe.build/Test-iphonesimulator/PicPacPoeUITests.build/DerivedSources/PicPacPoeUITests-Swift.h /tmp/picpac-phase3-recovery-lifecycle-derived-20260925/Build/Intermediates.noindex/PicPacPoe.build/Test-iphonesimulator/PicPacPoeUITests.build/Objects-normal/arm64/PicPacPoeUITests-Swift.h (in target 'PicPacPoeUITests' from project 'PicPacPoe')
    cd /Users/bavabangaru/Developer/pic-pac-poe-ios-native-parity/ios
    builtin-swiftHeaderTool -arch arm64 /tmp/picpac-phase3-recovery-lifecycle-derived-20260925/Build/Intermediates.noindex/PicPacPoe.build/Test-iphonesimulator/PicPacPoeUITests.build/Objects-normal/arm64/PicPacPoeUITests-Swift.h -o /tmp/picpac-phase3-recovery-lifecycle-derived-20260925/Build/Intermediates.noindex/PicPacPoe.build/Test-iphonesimulator/PicPacPoeUITests.build/DerivedSources/PicPacPoeUITests-Swift.h

Copy /tmp/picpac-phase3-recovery-lifecycle-derived-20260925/Build/Products/Test-iphonesimulator/PicPacPoeUITests.swiftmodule/arm64-apple-ios-simulator.swiftmodule /tmp/picpac-phase3-recovery-lifecycle-derived-20260925/Build/Intermediates.noindex/PicPacPoe.build/Test-iphonesimulator/PicPacPoeUITests.build/Objects-normal/arm64/PicPacPoeUITests.swiftmodule (in target 'PicPacPoeUITests' from project 'PicPacPoe')
    cd /Users/bavabangaru/Developer/pic-pac-poe-ios-native-parity/ios
    builtin-copy -exclude .DS_Store -exclude CVS -exclude .svn -exclude .git -exclude .hg -resolve-src-symlinks -rename /tmp/picpac-phase3-recovery-lifecycle-derived-20260925/Build/Intermediates.noindex/PicPacPoe.build/Test-iphonesimulator/PicPacPoeUITests.build/Objects-normal/arm64/PicPacPoeUITests.swiftmodule /tmp/picpac-phase3-recovery-lifecycle-derived-20260925/Build/Products/Test-iphonesimulator/PicPacPoeUITests.swiftmodule/arm64-apple-ios-simulator.swiftmodule

Copy /tmp/picpac-phase3-recovery-lifecycle-derived-20260925/Build/Products/Test-iphonesimulator/PicPacPoeUITests.swiftmodule/arm64-apple-ios-simulator.swiftdoc /tmp/picpac-phase3-recovery-lifecycle-derived-20260925/Build/Intermediates.noindex/PicPacPoe.build/Test-iphonesimulator/PicPacPoeUITests.build/Objects-normal/arm64/PicPacPoeUITests.swiftdoc (in target 'PicPacPoeUITests' from project 'PicPacPoe')
    cd /Users/bavabangaru/Developer/pic-pac-poe-ios-native-parity/ios
    builtin-copy -exclude .DS_Store -exclude CVS -exclude .svn -exclude .git -exclude .hg -resolve-src-symlinks -rename /tmp/picpac-phase3-recovery-lifecycle-derived-20260925/Build/Intermediates.noindex/PicPacPoe.build/Test-iphonesimulator/PicPacPoeUITests.build/Objects-normal/arm64/PicPacPoeUITests.swiftdoc /tmp/picpac-phase3-recovery-lifecycle-derived-20260925/Build/Products/Test-iphonesimulator/PicPacPoeUITests.swiftmodule/arm64-apple-ios-simulator.swiftdoc

Copy /tmp/picpac-phase3-recovery-lifecycle-derived-20260925/Build/Products/Test-iphonesimulator/PicPacPoeUITests.swiftmodule/arm64-apple-ios-simulator.abi.json /tmp/picpac-phase3-recovery-lifecycle-derived-20260925/Build/Intermediates.noindex/PicPacPoe.build/Test-iphonesimulator/PicPacPoeUITests.build/Objects-normal/arm64/PicPacPoeUITests.abi.json (in target 'PicPacPoeUITests' from project 'PicPacPoe')
    cd /Users/bavabangaru/Developer/pic-pac-poe-ios-native-parity/ios
    builtin-copy -exclude .DS_Store -exclude CVS -exclude .svn -exclude .git -exclude .hg -resolve-src-symlinks -rename /tmp/picpac-phase3-recovery-lifecycle-derived-20260925/Build/Intermediates.noindex/PicPacPoe.build/Test-iphonesimulator/PicPacPoeUITests.build/Objects-normal/arm64/PicPacPoeUITests.abi.json /tmp/picpac-phase3-recovery-lifecycle-derived-20260925/Build/Products/Test-iphonesimulator/PicPacPoeUITests.swiftmodule/arm64-apple-ios-simulator.abi.json

Copy /tmp/picpac-phase3-recovery-lifecycle-derived-20260925/Build/Products/Test-iphonesimulator/PicPacPoeUITests.swiftmodule/Project/arm64-apple-ios-simulator.swiftsourceinfo /tmp/picpac-phase3-recovery-lifecycle-derived-20260925/Build/Intermediates.noindex/PicPacPoe.build/Test-iphonesimulator/PicPacPoeUITests.build/Objects-normal/arm64/PicPacPoeUITests.swiftsourceinfo (in target 'PicPacPoeUITests' from project 'PicPacPoe')
    cd /Users/bavabangaru/Developer/pic-pac-poe-ios-native-parity/ios
    builtin-copy -exclude .DS_Store -exclude CVS -exclude .svn -exclude .git -exclude .hg -resolve-src-symlinks -rename /tmp/picpac-phase3-recovery-lifecycle-derived-20260925/Build/Intermediates.noindex/PicPacPoe.build/Test-iphonesimulator/PicPacPoeUITests.build/Objects-normal/arm64/PicPacPoeUITests.swiftsourceinfo /tmp/picpac-phase3-recovery-lifecycle-derived-20260925/Build/Products/Test-iphonesimulator/PicPacPoeUITests.swiftmodule/Project/arm64-apple-ios-simulator.swiftsourceinfo

SwiftDriverJobDiscovery normal arm64 Emitting module for PicPacPoeTests (in target 'PicPacPoeTests' from project 'PicPacPoe')

SwiftDriver\ Compilation\ Requirements PicPacPoeTests normal arm64 com.apple.xcode.tools.swift.compiler (in target 'PicPacPoeTests' from project 'PicPacPoe')
    cd /Users/bavabangaru/Developer/pic-pac-poe-ios-native-parity/ios
    builtin-Swift-Compilation-Requirements -- /Applications/Xcode.app/Contents/Developer/Toolchains/XcodeDefault.xctoolchain/usr/bin/swiftc -module-name PicPacPoeTests -Onone @/tmp/picpac-phase3-recovery-lifecycle-derived-20260925/Build/Intermediates.noindex/PicPacPoe.build/Test-iphonesimulator/PicPacPoeTests.build/Objects-normal/arm64/PicPacPoeTests.SwiftFileList -DTESTING -DDEBUG -plugin-path /Applications/Xcode.app/Contents/Developer/Toolchains/XcodeDefault.xctoolchain/usr/lib/swift/host/plugins/testing -enable-experimental-feature DebugDescriptionMacro -sdk /Applications/Xcode.app/Contents/Developer/Platforms/iPhoneSimulator.platform/Developer/SDKs/iPhoneSimulator26.5.sdk -target arm64-apple-ios17.0-simulator -g -module-cache-path /tmp/picpac-phase3-recovery-lifecycle-derived-20260925/ModuleCache.noindex -Xfrontend -serialize-debugging-options -profile-coverage-mapping -profile-generate -enable-testing -index-store-path /tmp/picpac-phase3-recovery-lifecycle-derived-20260925/Index.noindex/DataStore -Xcc -D_LIBCPP_HARDENING_MODE\=_LIBCPP_HARDENING_MODE_DEBUG -swift-version 6 -I /tmp/picpac-phase3-recovery-lifecycle-derived-20260925/Build/Products/Test-iphonesimulator -Isystem /Applications/Xcode.app/Contents/Developer/Platforms/iPhoneSimulator.platform/Developer/usr/lib -F /tmp/picpac-phase3-recovery-lifecycle-derived-20260925/Build/Products/Test-iphonesimulator/PackageFrameworks -F /tmp/picpac-phase3-recovery-lifecycle-derived-20260925/Build/Products/Test-iphonesimulator/PackageFrameworks -F /tmp/picpac-phase3-recovery-lifecycle-derived-20260925/Build/Products/Test-iphonesimulator/PackageFrameworks -F /tmp/picpac-phase3-recovery-lifecycle-derived-20260925/Build/Products/Test-iphonesimulator/PackageFrameworks -F /tmp/picpac-phase3-recovery-lifecycle-derived-20260925/Build/Products/Test-iphonesimulator/PackageFrameworks -F /tmp/picpac-phase3-recovery-lifecycle-derived-20260925/Build/Products/Test-iphonesimulator -F /Applications/Xcode.app/Contents/Developer/Platforms/iPhoneSimulator.platform/Developer/Library/Frameworks -F /Applications/Xcode.app/Contents/Developer/Platforms/iPhoneSimulator.platform/Developer/SDKs/iPhoneSimulator26.5.sdk/Developer/Library/Frameworks -parse-as-library -emit-localized-strings -emit-localized-strings-path /tmp/picpac-phase3-recovery-lifecycle-derived-20260925/Build/Intermediates.noindex/PicPacPoe.build/Test-iphonesimulator/PicPacPoeTests.build/Objects-normal/arm64 -c -j12 -enable-batch-mode -incremental -Xcc -ivfsstatcache -Xcc /tmp/picpac-phase3-recovery-lifecycle-derived-20260925/SDKStatCaches.noindex/iphonesimulator26.5-23F81a-6cfe768891a92b912361537c460fe42b.sdkstatcache -output-file-map /tmp/picpac-phase3-recovery-lifecycle-derived-20260925/Build/Intermediates.noindex/PicPacPoe.build/Test-iphonesimulator/PicPacPoeTests.build/Objects-normal/arm64/PicPacPoeTests-OutputFileMap.json -use-frontend-parseable-output -save-temps -no-color-diagnostics -explicit-module-build -module-cache-path /tmp/picpac-phase3-recovery-lifecycle-derived-20260925/Build/Intermediates.noindex/SwiftExplicitPrecompiledModules -clang-scanner-module-cache-path /tmp/picpac-phase3-recovery-lifecycle-derived-20260925/ModuleCache.noindex -sdk-module-cache-path /tmp/picpac-phase3-recovery-lifecycle-derived-20260925/ModuleCache.noindex -serialize-diagnostics -emit-dependencies -emit-module -emit-module-path /tmp/picpac-phase3-recovery-lifecycle-derived-20260925/Build/Intermediates.noindex/PicPacPoe.build/Test-iphonesimulator/PicPacPoeTests.build/Objects-normal/arm64/PicPacPoeTests.swiftmodule -validate-clang-modules-once -clang-build-session-file /tmp/picpac-phase3-recovery-lifecycle-derived-20260925/ModuleCache.noindex/Session.modulevalidation -Xcc -I/tmp/picpac-phase3-recovery-lifecycle-derived-20260925/Build/Intermediates.noindex/PicPacPoe.build/Test-iphonesimulator/PicPacPoeTests.build/swift-overrides.hmap -emit-const-values -Xfrontend -const-gather-protocols-file -Xfrontend /tmp/picpac-phase3-recovery-lifecycle-derived-20260925/Build/Intermediates.noindex/PicPacPoe.build/Test-iphonesimulator/PicPacPoeTests.build/Objects-normal/arm64/PicPacPoeTests_const_extract_protocols.json -Xcc -iquote -Xcc /tmp/picpac-phase3-recovery-lifecycle-derived-20260925/Build/Intermediates.noindex/PicPacPoe.build/Test-iphonesimulator/PicPacPoeTests.build/PicPacPoeTests-generated-files.hmap -Xcc -I/tmp/picpac-phase3-recovery-lifecycle-derived-20260925/Build/Intermediates.noindex/PicPacPoe.build/Test-iphonesimulator/PicPacPoeTests.build/PicPacPoeTests-own-target-headers.hmap -Xcc -I/tmp/picpac-phase3-recovery-lifecycle-derived-20260925/Build/Intermediates.noindex/PicPacPoe.build/Test-iphonesimulator/PicPacPoeTests.build/PicPacPoeTests-all-non-framework-target-headers.hmap -Xcc -ivfsoverlay -Xcc /tmp/picpac-phase3-recovery-lifecycle-derived-20260925/Build/Intermediates.noindex/PicPacPoe.build/Test-iphonesimulator/PicPacPoe-90eff2f9d9e8600d7e53134acd1cb833-VFS-iphonesimulator/all-product-headers.yaml -Xcc -iquote -Xcc /tmp/picpac-phase3-recovery-lifecycle-derived-20260925/Build/Intermediates.noindex/PicPacPoe.build/Test-iphonesimulator/PicPacPoeTests.build/PicPacPoeTests-project-headers.hmap -Xcc -I/tmp/picpac-phase3-recovery-lifecycle-derived-20260925/Build/Products/Test-iphonesimulator/include -Xcc -I/tmp/picpac-phase3-recovery-lifecycle-derived-20260925/Build/Intermediates.noindex/PicPacPoe.build/Test-iphonesimulator/PicPacPoeTests.build/DerivedSources-normal/arm64 -Xcc -I/tmp/picpac-phase3-recovery-lifecycle-derived-20260925/Build/Intermediates.noindex/PicPacPoe.build/Test-iphonesimulator/PicPacPoeTests.build/DerivedSources/arm64 -Xcc -I/tmp/picpac-phase3-recovery-lifecycle-derived-20260925/Build/Intermediates.noindex/PicPacPoe.build/Test-iphonesimulator/PicPacPoeTests.build/DerivedSources -emit-objc-header -emit-objc-header-path /tmp/picpac-phase3-recovery-lifecycle-derived-20260925/Build/Intermediates.noindex/PicPacPoe.build/Test-iphonesimulator/PicPacPoeTests.build/Objects-normal/arm64/PicPacPoeTests-Swift.h -working-directory /Users/bavabangaru/Developer/pic-pac-poe-ios-native-parity/ios -experimental-emit-module-separately -disable-cmo

SwiftMergeGeneratedHeaders /tmp/picpac-phase3-recovery-lifecycle-derived-20260925/Build/Intermediates.noindex/PicPacPoe.build/Test-iphonesimulator/PicPacPoeTests.build/DerivedSources/PicPacPoeTests-Swift.h /tmp/picpac-phase3-recovery-lifecycle-derived-20260925/Build/Intermediates.noindex/PicPacPoe.build/Test-iphonesimulator/PicPacPoeTests.build/Objects-normal/arm64/PicPacPoeTests-Swift.h (in target 'PicPacPoeTests' from project 'PicPacPoe')
    cd /Users/bavabangaru/Developer/pic-pac-poe-ios-native-parity/ios
    builtin-swiftHeaderTool -arch arm64 /tmp/picpac-phase3-recovery-lifecycle-derived-20260925/Build/Intermediates.noindex/PicPacPoe.build/Test-iphonesimulator/PicPacPoeTests.build/Objects-normal/arm64/PicPacPoeTests-Swift.h -o /tmp/picpac-phase3-recovery-lifecycle-derived-20260925/Build/Intermediates.noindex/PicPacPoe.build/Test-iphonesimulator/PicPacPoeTests.build/DerivedSources/PicPacPoeTests-Swift.h

Copy /tmp/picpac-phase3-recovery-lifecycle-derived-20260925/Build/Products/Test-iphonesimulator/PicPacPoeTests.swiftmodule/arm64-apple-ios-simulator.swiftmodule /tmp/picpac-phase3-recovery-lifecycle-derived-20260925/Build/Intermediates.noindex/PicPacPoe.build/Test-iphonesimulator/PicPacPoeTests.build/Objects-normal/arm64/PicPacPoeTests.swiftmodule (in target 'PicPacPoeTests' from project 'PicPacPoe')
    cd /Users/bavabangaru/Developer/pic-pac-poe-ios-native-parity/ios
    builtin-copy -exclude .DS_Store -exclude CVS -exclude .svn -exclude .git -exclude .hg -resolve-src-symlinks -rename /tmp/picpac-phase3-recovery-lifecycle-derived-20260925/Build/Intermediates.noindex/PicPacPoe.build/Test-iphonesimulator/PicPacPoeTests.build/Objects-normal/arm64/PicPacPoeTests.swiftmodule /tmp/picpac-phase3-recovery-lifecycle-derived-20260925/Build/Products/Test-iphonesimulator/PicPacPoeTests.swiftmodule/arm64-apple-ios-simulator.swiftmodule

Copy /tmp/picpac-phase3-recovery-lifecycle-derived-20260925/Build/Products/Test-iphonesimulator/PicPacPoeTests.swiftmodule/arm64-apple-ios-simulator.swiftdoc /tmp/picpac-phase3-recovery-lifecycle-derived-20260925/Build/Intermediates.noindex/PicPacPoe.build/Test-iphonesimulator/PicPacPoeTests.build/Objects-normal/arm64/PicPacPoeTests.swiftdoc (in target 'PicPacPoeTests' from project 'PicPacPoe')
    cd /Users/bavabangaru/Developer/pic-pac-poe-ios-native-parity/ios
    builtin-copy -exclude .DS_Store -exclude CVS -exclude .svn -exclude .git -exclude .hg -resolve-src-symlinks -rename /tmp/picpac-phase3-recovery-lifecycle-derived-20260925/Build/Intermediates.noindex/PicPacPoe.build/Test-iphonesimulator/PicPacPoeTests.build/Objects-normal/arm64/PicPacPoeTests.swiftdoc /tmp/picpac-phase3-recovery-lifecycle-derived-20260925/Build/Products/Test-iphonesimulator/PicPacPoeTests.swiftmodule/arm64-apple-ios-simulator.swiftdoc

Copy /tmp/picpac-phase3-recovery-lifecycle-derived-20260925/Build/Products/Test-iphonesimulator/PicPacPoeTests.swiftmodule/arm64-apple-ios-simulator.abi.json /tmp/picpac-phase3-recovery-lifecycle-derived-20260925/Build/Intermediates.noindex/PicPacPoe.build/Test-iphonesimulator/PicPacPoeTests.build/Objects-normal/arm64/PicPacPoeTests.abi.json (in target 'PicPacPoeTests' from project 'PicPacPoe')
    cd /Users/bavabangaru/Developer/pic-pac-poe-ios-native-parity/ios
    builtin-copy -exclude .DS_Store -exclude CVS -exclude .svn -exclude .git -exclude .hg -resolve-src-symlinks -rename /tmp/picpac-phase3-recovery-lifecycle-derived-20260925/Build/Intermediates.noindex/PicPacPoe.build/Test-iphonesimulator/PicPacPoeTests.build/Objects-normal/arm64/PicPacPoeTests.abi.json /tmp/picpac-phase3-recovery-lifecycle-derived-20260925/Build/Products/Test-iphonesimulator/PicPacPoeTests.swiftmodule/arm64-apple-ios-simulator.abi.json

Copy /tmp/picpac-phase3-recovery-lifecycle-derived-20260925/Build/Products/Test-iphonesimulator/PicPacPoeTests.swiftmodule/Project/arm64-apple-ios-simulator.swiftsourceinfo /tmp/picpac-phase3-recovery-lifecycle-derived-20260925/Build/Intermediates.noindex/PicPacPoe.build/Test-iphonesimulator/PicPacPoeTests.build/Objects-normal/arm64/PicPacPoeTests.swiftsourceinfo (in target 'PicPacPoeTests' from project 'PicPacPoe')
    cd /Users/bavabangaru/Developer/pic-pac-poe-ios-native-parity/ios
    builtin-copy -exclude .DS_Store -exclude CVS -exclude .svn -exclude .git -exclude .hg -resolve-src-symlinks -rename /tmp/picpac-phase3-recovery-lifecycle-derived-20260925/Build/Intermediates.noindex/PicPacPoe.build/Test-iphonesimulator/PicPacPoeTests.build/Objects-normal/arm64/PicPacPoeTests.swiftsourceinfo /tmp/picpac-phase3-recovery-lifecycle-derived-20260925/Build/Products/Test-iphonesimulator/PicPacPoeTests.swiftmodule/Project/arm64-apple-ios-simulator.swiftsourceinfo

SwiftDriverJobDiscovery normal arm64 Compiling FeedbackService.swift (in target 'PicPacPoe' from project 'PicPacPoe')

SwiftDriverJobDiscovery normal arm64 Compiling DebugLaunchConfiguration.swift (in target 'PicPacPoe' from project 'PicPacPoe')

SwiftDriverJobDiscovery normal arm64 Compiling PicPacPoeApp.swift (in target 'PicPacPoe' from project 'PicPacPoe')

SwiftDriverJobDiscovery normal arm64 Compiling FormTheme.swift (in target 'PicPacPoe' from project 'PicPacPoe')

SwiftDriverJobDiscovery normal arm64 Compiling PhysicalBoard.swift (in target 'PicPacPoe' from project 'PicPacPoe')

SwiftDriverJobDiscovery normal arm64 Compiling InfoViews.swift (in target 'PicPacPoe' from project 'PicPacPoe')

SwiftDriverJobDiscovery normal arm64 Compiling PicPacPoeUITests.swift (in target 'PicPacPoeUITests' from project 'PicPacPoe')

SwiftDriver\ Compilation PicPacPoeUITests normal arm64 com.apple.xcode.tools.swift.compiler (in target 'PicPacPoeUITests' from project 'PicPacPoe')
    cd /Users/bavabangaru/Developer/pic-pac-poe-ios-native-parity/ios
    builtin-Swift-Compilation -- /Applications/Xcode.app/Contents/Developer/Toolchains/XcodeDefault.xctoolchain/usr/bin/swiftc -module-name PicPacPoeUITests -Onone @/tmp/picpac-phase3-recovery-lifecycle-derived-20260925/Build/Intermediates.noindex/PicPacPoe.build/Test-iphonesimulator/PicPacPoeUITests.build/Objects-normal/arm64/PicPacPoeUITests.SwiftFileList -DTESTING -DDEBUG -module-alias Testing\=_Testing_Unavailable -plugin-path /Applications/Xcode.app/Contents/Developer/Toolchains/XcodeDefault.xctoolchain/usr/lib/swift/host/plugins/testing -enable-experimental-feature DebugDescriptionMacro -sdk /Applications/Xcode.app/Contents/Developer/Platforms/iPhoneSimulator.platform/Developer/SDKs/iPhoneSimulator26.5.sdk -target arm64-apple-ios17.0-simulator -g -module-cache-path /tmp/picpac-phase3-recovery-lifecycle-derived-20260925/ModuleCache.noindex -Xfrontend -serialize-debugging-options -profile-coverage-mapping -profile-generate -enable-testing -index-store-path /tmp/picpac-phase3-recovery-lifecycle-derived-20260925/Index.noindex/DataStore -Xcc -D_LIBCPP_HARDENING_MODE\=_LIBCPP_HARDENING_MODE_DEBUG -swift-version 6 -I /tmp/picpac-phase3-recovery-lifecycle-derived-20260925/Build/Products/Test-iphonesimulator -Isystem /Applications/Xcode.app/Contents/Developer/Platforms/iPhoneSimulator.platform/Developer/usr/lib -F /tmp/picpac-phase3-recovery-lifecycle-derived-20260925/Build/Products/Test-iphonesimulator -F /Applications/Xcode.app/Contents/Developer/Platforms/iPhoneSimulator.platform/Developer/Library/Frameworks -F /Applications/Xcode.app/Contents/Developer/Platforms/iPhoneSimulator.platform/Developer/SDKs/iPhoneSimulator26.5.sdk/Developer/Library/Frameworks -parse-as-library -emit-localized-strings -emit-localized-strings-path /tmp/picpac-phase3-recovery-lifecycle-derived-20260925/Build/Intermediates.noindex/PicPacPoe.build/Test-iphonesimulator/PicPacPoeUITests.build/Objects-normal/arm64 -c -j12 -enable-batch-mode -incremental -Xcc -ivfsstatcache -Xcc /tmp/picpac-phase3-recovery-lifecycle-derived-20260925/SDKStatCaches.noindex/iphonesimulator26.5-23F81a-6cfe768891a92b912361537c460fe42b.sdkstatcache -output-file-map /tmp/picpac-phase3-recovery-lifecycle-derived-20260925/Build/Intermediates.noindex/PicPacPoe.build/Test-iphonesimulator/PicPacPoeUITests.build/Objects-normal/arm64/PicPacPoeUITests-OutputFileMap.json -use-frontend-parseable-output -save-temps -no-color-diagnostics -explicit-module-build -module-cache-path /tmp/picpac-phase3-recovery-lifecycle-derived-20260925/Build/Intermediates.noindex/SwiftExplicitPrecompiledModules -clang-scanner-module-cache-path /tmp/picpac-phase3-recovery-lifecycle-derived-20260925/ModuleCache.noindex -sdk-module-cache-path /tmp/picpac-phase3-recovery-lifecycle-derived-20260925/ModuleCache.noindex -serialize-diagnostics -emit-dependencies -emit-module -emit-module-path /tmp/picpac-phase3-recovery-lifecycle-derived-20260925/Build/Intermediates.noindex/PicPacPoe.build/Test-iphonesimulator/PicPacPoeUITests.build/Objects-normal/arm64/PicPacPoeUITests.swiftmodule -validate-clang-modules-once -clang-build-session-file /tmp/picpac-phase3-recovery-lifecycle-derived-20260925/ModuleCache.noindex/Session.modulevalidation -Xcc -I/tmp/picpac-phase3-recovery-lifecycle-derived-20260925/Build/Intermediates.noindex/PicPacPoe.build/Test-iphonesimulator/PicPacPoeUITests.build/swift-overrides.hmap -emit-const-values -Xfrontend -const-gather-protocols-file -Xfrontend /tmp/picpac-phase3-recovery-lifecycle-derived-20260925/Build/Intermediates.noindex/PicPacPoe.build/Test-iphonesimulator/PicPacPoeUITests.build/Objects-normal/arm64/PicPacPoeUITests_const_extract_protocols.json -Xcc -iquote -Xcc /tmp/picpac-phase3-recovery-lifecycle-derived-20260925/Build/Intermediates.noindex/PicPacPoe.build/Test-iphonesimulator/PicPacPoeUITests.build/PicPacPoeUITests-generated-files.hmap -Xcc -I/tmp/picpac-phase3-recovery-lifecycle-derived-20260925/Build/Intermediates.noindex/PicPacPoe.build/Test-iphonesimulator/PicPacPoeUITests.build/PicPacPoeUITests-own-target-headers.hmap -Xcc -I/tmp/picpac-phase3-recovery-lifecycle-derived-20260925/Build/Intermediates.noindex/PicPacPoe.build/Test-iphonesimulator/PicPacPoeUITests.build/PicPacPoeUITests-all-non-framework-target-headers.hmap -Xcc -ivfsoverlay -Xcc /tmp/picpac-phase3-recovery-lifecycle-derived-20260925/Build/Intermediates.noindex/PicPacPoe.build/Test-iphonesimulator/PicPacPoe-90eff2f9d9e8600d7e53134acd1cb833-VFS-iphonesimulator/all-product-headers.yaml -Xcc -iquote -Xcc /tmp/picpac-phase3-recovery-lifecycle-derived-20260925/Build/Intermediates.noindex/PicPacPoe.build/Test-iphonesimulator/PicPacPoeUITests.build/PicPacPoeUITests-project-headers.hmap -Xcc -I/tmp/picpac-phase3-recovery-lifecycle-derived-20260925/Build/Products/Test-iphonesimulator/include -Xcc -I/tmp/picpac-phase3-recovery-lifecycle-derived-20260925/Build/Intermediates.noindex/PicPacPoe.build/Test-iphonesimulator/PicPacPoeUITests.build/DerivedSources-normal/arm64 -Xcc -I/tmp/picpac-phase3-recovery-lifecycle-derived-20260925/Build/Intermediates.noindex/PicPacPoe.build/Test-iphonesimulator/PicPacPoeUITests.build/DerivedSources/arm64 -Xcc -I/tmp/picpac-phase3-recovery-lifecycle-derived-20260925/Build/Intermediates.noindex/PicPacPoe.build/Test-iphonesimulator/PicPacPoeUITests.build/DerivedSources -emit-objc-header -emit-objc-header-path /tmp/picpac-phase3-recovery-lifecycle-derived-20260925/Build/Intermediates.noindex/PicPacPoe.build/Test-iphonesimulator/PicPacPoeUITests.build/Objects-normal/arm64/PicPacPoeUITests-Swift.h -working-directory /Users/bavabangaru/Developer/pic-pac-poe-ios-native-parity/ios -experimental-emit-module-separately -disable-cmo

SwiftDriverJobDiscovery normal arm64 Compiling GameView.swift (in target 'PicPacPoe' from project 'PicPacPoe')

SwiftDriverJobDiscovery normal arm64 Compiling HomeView.swift (in target 'PicPacPoe' from project 'PicPacPoe')

SwiftDriver\ Compilation PicPacPoe normal arm64 com.apple.xcode.tools.swift.compiler (in target 'PicPacPoe' from project 'PicPacPoe')
    cd /Users/bavabangaru/Developer/pic-pac-poe-ios-native-parity/ios
    builtin-Swift-Compilation -- /Applications/Xcode.app/Contents/Developer/Toolchains/XcodeDefault.xctoolchain/usr/bin/swiftc -module-name PicPacPoe -Onone @/tmp/picpac-phase3-recovery-lifecycle-derived-20260925/Build/Intermediates.noindex/PicPacPoe.build/Test-iphonesimulator/PicPacPoe.build/Objects-normal/arm64/PicPacPoe.SwiftFileList -DTESTING -DDEBUG -enable-experimental-feature DebugDescriptionMacro -sdk /Applications/Xcode.app/Contents/Developer/Platforms/iPhoneSimulator.platform/Developer/SDKs/iPhoneSimulator26.5.sdk -target arm64-apple-ios17.0-simulator -g -module-cache-path /tmp/picpac-phase3-recovery-lifecycle-derived-20260925/ModuleCache.noindex -Xfrontend -serialize-debugging-options -profile-coverage-mapping -profile-generate -enable-testing -index-store-path /tmp/picpac-phase3-recovery-lifecycle-derived-20260925/Index.noindex/DataStore -Xcc -D_LIBCPP_HARDENING_MODE\=_LIBCPP_HARDENING_MODE_DEBUG -swift-version 6 -I /tmp/picpac-phase3-recovery-lifecycle-derived-20260925/Build/Products/Test-iphonesimulator -F /tmp/picpac-phase3-recovery-lifecycle-derived-20260925/Build/Products/Test-iphonesimulator/PackageFrameworks -F /tmp/picpac-phase3-recovery-lifecycle-derived-20260925/Build/Products/Test-iphonesimulator/PackageFrameworks -F /tmp/picpac-phase3-recovery-lifecycle-derived-20260925/Build/Products/Test-iphonesimulator/PackageFrameworks -F /tmp/picpac-phase3-recovery-lifecycle-derived-20260925/Build/Products/Test-iphonesimulator -emit-localized-strings -emit-localized-strings-path /tmp/picpac-phase3-recovery-lifecycle-derived-20260925/Build/Intermediates.noindex/PicPacPoe.build/Test-iphonesimulator/PicPacPoe.build/Objects-normal/arm64 -c -j12 -enable-batch-mode -incremental -Xcc -ivfsstatcache -Xcc /tmp/picpac-phase3-recovery-lifecycle-derived-20260925/SDKStatCaches.noindex/iphonesimulator26.5-23F81a-6cfe768891a92b912361537c460fe42b.sdkstatcache -output-file-map /tmp/picpac-phase3-recovery-lifecycle-derived-20260925/Build/Intermediates.noindex/PicPacPoe.build/Test-iphonesimulator/PicPacPoe.build/Objects-normal/arm64/PicPacPoe-OutputFileMap.json -use-frontend-parseable-output -save-temps -no-color-diagnostics -explicit-module-build -module-cache-path /tmp/picpac-phase3-recovery-lifecycle-derived-20260925/Build/Intermediates.noindex/SwiftExplicitPrecompiledModules -clang-scanner-module-cache-path /tmp/picpac-phase3-recovery-lifecycle-derived-20260925/ModuleCache.noindex -sdk-module-cache-path /tmp/picpac-phase3-recovery-lifecycle-derived-20260925/ModuleCache.noindex -serialize-diagnostics -emit-dependencies -emit-module -emit-module-path /tmp/picpac-phase3-recovery-lifecycle-derived-20260925/Build/Intermediates.noindex/PicPacPoe.build/Test-iphonesimulator/PicPacPoe.build/Objects-normal/arm64/PicPacPoe.swiftmodule -validate-clang-modules-once -clang-build-session-file /tmp/picpac-phase3-recovery-lifecycle-derived-20260925/ModuleCache.noindex/Session.modulevalidation -Xcc -I/tmp/picpac-phase3-recovery-lifecycle-derived-20260925/Build/Intermediates.noindex/PicPacPoe.build/Test-iphonesimulator/PicPacPoe.build/swift-overrides.hmap -emit-const-values -Xfrontend -const-gather-protocols-file -Xfrontend /tmp/picpac-phase3-recovery-lifecycle-derived-20260925/Build/Intermediates.noindex/PicPacPoe.build/Test-iphonesimulator/PicPacPoe.build/Objects-normal/arm64/PicPacPoe_const_extract_protocols.json -Xcc -iquote -Xcc /tmp/picpac-phase3-recovery-lifecycle-derived-20260925/Build/Intermediates.noindex/PicPacPoe.build/Test-iphonesimulator/PicPacPoe.build/PicPacPoe-generated-files.hmap -Xcc -I/tmp/picpac-phase3-recovery-lifecycle-derived-20260925/Build/Intermediates.noindex/PicPacPoe.build/Test-iphonesimulator/PicPacPoe.build/PicPacPoe-own-target-headers.hmap -Xcc -I/tmp/picpac-phase3-recovery-lifecycle-derived-20260925/Build/Intermediates.noindex/PicPacPoe.build/Test-iphonesimulator/PicPacPoe.build/PicPacPoe-all-non-framework-target-headers.hmap -Xcc -ivfsoverlay -Xcc /tmp/picpac-phase3-recovery-lifecycle-derived-20260925/Build/Intermediates.noindex/PicPacPoe.build/Test-iphonesimulator/PicPacPoe-90eff2f9d9e8600d7e53134acd1cb833-VFS-iphonesimulator/all-product-headers.yaml -Xcc -iquote -Xcc /tmp/picpac-phase3-recovery-lifecycle-derived-20260925/Build/Intermediates.noindex/PicPacPoe.build/Test-iphonesimulator/PicPacPoe.build/PicPacPoe-project-headers.hmap -Xcc -I/tmp/picpac-phase3-recovery-lifecycle-derived-20260925/Build/Products/Test-iphonesimulator/include -Xcc -I/tmp/picpac-phase3-recovery-lifecycle-derived-20260925/Build/Intermediates.noindex/PicPacPoe.build/Test-iphonesimulator/PicPacPoe.build/DerivedSources-normal/arm64 -Xcc -I/tmp/picpac-phase3-recovery-lifecycle-derived-20260925/Build/Intermediates.noindex/PicPacPoe.build/Test-iphonesimulator/PicPacPoe.build/DerivedSources/arm64 -Xcc -I/tmp/picpac-phase3-recovery-lifecycle-derived-20260925/Build/Intermediates.noindex/PicPacPoe.build/Test-iphonesimulator/PicPacPoe.build/DerivedSources -emit-objc-header -emit-objc-header-path /tmp/picpac-phase3-recovery-lifecycle-derived-20260925/Build/Intermediates.noindex/PicPacPoe.build/Test-iphonesimulator/PicPacPoe.build/Objects-normal/arm64/PicPacPoe-Swift.h -working-directory /Users/bavabangaru/Developer/pic-pac-poe-ios-native-parity/ios -experimental-emit-module-separately -disable-cmo

Ld /tmp/picpac-phase3-recovery-lifecycle-derived-20260925/Build/Products/Test-iphonesimulator/PicPacPoe.app/PicPacPoe.debug.dylib normal (in target 'PicPacPoe' from project 'PicPacPoe')
    cd /Users/bavabangaru/Developer/pic-pac-poe-ios-native-parity/ios
    /Applications/Xcode.app/Contents/Developer/Toolchains/XcodeDefault.xctoolchain/usr/bin/clang -Xlinker -reproducible -target arm64-apple-ios17.0-simulator -dynamiclib -isysroot /Applications/Xcode.app/Contents/Developer/Platforms/iPhoneSimulator.platform/Developer/SDKs/iPhoneSimulator26.5.sdk -O0 -L/tmp/picpac-phase3-recovery-lifecycle-derived-20260925/Build/Intermediates.noindex/EagerLinkingTBDs/Test-iphonesimulator -L/tmp/picpac-phase3-recovery-lifecycle-derived-20260925/Build/Products/Test-iphonesimulator -F/tmp/picpac-phase3-recovery-lifecycle-derived-20260925/Build/Intermediates.noindex/EagerLinkingTBDs/Test-iphonesimulator -F/tmp/picpac-phase3-recovery-lifecycle-derived-20260925/Build/Products/Test-iphonesimulator/PackageFrameworks -F/tmp/picpac-phase3-recovery-lifecycle-derived-20260925/Build/Products/Test-iphonesimulator/PackageFrameworks -F/tmp/picpac-phase3-recovery-lifecycle-derived-20260925/Build/Products/Test-iphonesimulator/PackageFrameworks -F/tmp/picpac-phase3-recovery-lifecycle-derived-20260925/Build/Products/Test-iphonesimulator -filelist /tmp/picpac-phase3-recovery-lifecycle-derived-20260925/Build/Intermediates.noindex/PicPacPoe.build/Test-iphonesimulator/PicPacPoe.build/Objects-normal/arm64/PicPacPoe.LinkFileList -install_name @rpath/PicPacPoe.debug.dylib -Xlinker -rpath -Xlinker /usr/lib/swift -Xlinker -dead_strip -Xlinker -object_path_lto -Xlinker /tmp/picpac-phase3-recovery-lifecycle-derived-20260925/Build/Intermediates.noindex/PicPacPoe.build/Test-iphonesimulator/PicPacPoe.build/Objects-normal/arm64/PicPacPoe_lto.o -rdynamic -Xlinker -no_deduplicate -Xlinker -objc_abi_version -Xlinker 2 -Xlinker -debug_variant -Xlinker -dependency_info -Xlinker /tmp/picpac-phase3-recovery-lifecycle-derived-20260925/Build/Intermediates.noindex/PicPacPoe.build/Test-iphonesimulator/PicPacPoe.build/Objects-normal/arm64/PicPacPoe_dependency_info.dat -fobjc-link-runtime -fprofile-instr-generate -L/Applications/Xcode.app/Contents/Developer/Toolchains/XcodeDefault.xctoolchain/usr/lib/swift/iphonesimulator -L/usr/lib/swift -Xlinker -add_ast_path -Xlinker /tmp/picpac-phase3-recovery-lifecycle-derived-20260925/Build/Intermediates.noindex/PicPacPoe.build/Test-iphonesimulator/PicPacPoe.build/Objects-normal/arm64/PicPacPoe.swiftmodule @/tmp/picpac-phase3-recovery-lifecycle-derived-20260925/Build/Intermediates.noindex/PicPacPoe.build/Test-iphonesimulator/PicPacPoe.build/Objects-normal/arm64/PicPacPoe-linker-args.resp -Wl,-no_warn_duplicate_libraries -Wl,-no_warn_duplicate_libraries -Wl,-no_warn_duplicate_libraries -Xlinker -alias -Xlinker _main -Xlinker ___debug_main_executable_dylib_entry_point /tmp/picpac-phase3-recovery-lifecycle-derived-20260925/Build/Products/Test-iphonesimulator/PackageFrameworks/PicPacPresentation_-6026B0FB22E351C2_PackageProduct.framework/PicPacPresentation_-6026B0FB22E351C2_PackageProduct -o /tmp/picpac-phase3-recovery-lifecycle-derived-20260925/Build/Products/Test-iphonesimulator/PicPacPoe.app/PicPacPoe.debug.dylib -Xlinker -add_ast_path -Xlinker /tmp/picpac-phase3-recovery-lifecycle-derived-20260925/Build/Intermediates.noindex/PicPacKit.build/Test-iphonesimulator/PicPacAI.build/Objects-normal/arm64/PicPacAI.swiftmodule @/tmp/picpac-phase3-recovery-lifecycle-derived-20260925/Build/Intermediates.noindex/PicPacKit.build/Test-iphonesimulator/PicPacAI.build/Objects-normal/arm64/PicPacAI-linker-args.resp -Xlinker -add_ast_path -Xlinker /tmp/picpac-phase3-recovery-lifecycle-derived-20260925/Build/Intermediates.noindex/PicPacKit.build/Test-iphonesimulator/PicPacCore.build/Objects-normal/arm64/PicPacCore.swiftmodule @/tmp/picpac-phase3-recovery-lifecycle-derived-20260925/Build/Intermediates.noindex/PicPacKit.build/Test-iphonesimulator/PicPacCore.build/Objects-normal/arm64/PicPacCore-linker-args.resp

SwiftDriverJobDiscovery normal arm64 Compiling PicPacPoeIntegrationTests.swift (in target 'PicPacPoeTests' from project 'PicPacPoe')

SwiftDriver\ Compilation PicPacPoeTests normal arm64 com.apple.xcode.tools.swift.compiler (in target 'PicPacPoeTests' from project 'PicPacPoe')
    cd /Users/bavabangaru/Developer/pic-pac-poe-ios-native-parity/ios
    builtin-Swift-Compilation -- /Applications/Xcode.app/Contents/Developer/Toolchains/XcodeDefault.xctoolchain/usr/bin/swiftc -module-name PicPacPoeTests -Onone @/tmp/picpac-phase3-recovery-lifecycle-derived-20260925/Build/Intermediates.noindex/PicPacPoe.build/Test-iphonesimulator/PicPacPoeTests.build/Objects-normal/arm64/PicPacPoeTests.SwiftFileList -DTESTING -DDEBUG -plugin-path /Applications/Xcode.app/Contents/Developer/Toolchains/XcodeDefault.xctoolchain/usr/lib/swift/host/plugins/testing -enable-experimental-feature DebugDescriptionMacro -sdk /Applications/Xcode.app/Contents/Developer/Platforms/iPhoneSimulator.platform/Developer/SDKs/iPhoneSimulator26.5.sdk -target arm64-apple-ios17.0-simulator -g -module-cache-path /tmp/picpac-phase3-recovery-lifecycle-derived-20260925/ModuleCache.noindex -Xfrontend -serialize-debugging-options -profile-coverage-mapping -profile-generate -enable-testing -index-store-path /tmp/picpac-phase3-recovery-lifecycle-derived-20260925/Index.noindex/DataStore -Xcc -D_LIBCPP_HARDENING_MODE\=_LIBCPP_HARDENING_MODE_DEBUG -swift-version 6 -I /tmp/picpac-phase3-recovery-lifecycle-derived-20260925/Build/Products/Test-iphonesimulator -Isystem /Applications/Xcode.app/Contents/Developer/Platforms/iPhoneSimulator.platform/Developer/usr/lib -F /tmp/picpac-phase3-recovery-lifecycle-derived-20260925/Build/Products/Test-iphonesimulator/PackageFrameworks -F /tmp/picpac-phase3-recovery-lifecycle-derived-20260925/Build/Products/Test-iphonesimulator/PackageFrameworks -F /tmp/picpac-phase3-recovery-lifecycle-derived-20260925/Build/Products/Test-iphonesimulator/PackageFrameworks -F /tmp/picpac-phase3-recovery-lifecycle-derived-20260925/Build/Products/Test-iphonesimulator/PackageFrameworks -F /tmp/picpac-phase3-recovery-lifecycle-derived-20260925/Build/Products/Test-iphonesimulator/PackageFrameworks -F /tmp/picpac-phase3-recovery-lifecycle-derived-20260925/Build/Products/Test-iphonesimulator -F /Applications/Xcode.app/Contents/Developer/Platforms/iPhoneSimulator.platform/Developer/Library/Frameworks -F /Applications/Xcode.app/Contents/Developer/Platforms/iPhoneSimulator.platform/Developer/SDKs/iPhoneSimulator26.5.sdk/Developer/Library/Frameworks -parse-as-library -emit-localized-strings -emit-localized-strings-path /tmp/picpac-phase3-recovery-lifecycle-derived-20260925/Build/Intermediates.noindex/PicPacPoe.build/Test-iphonesimulator/PicPacPoeTests.build/Objects-normal/arm64 -c -j12 -enable-batch-mode -incremental -Xcc -ivfsstatcache -Xcc /tmp/picpac-phase3-recovery-lifecycle-derived-20260925/SDKStatCaches.noindex/iphonesimulator26.5-23F81a-6cfe768891a92b912361537c460fe42b.sdkstatcache -output-file-map /tmp/picpac-phase3-recovery-lifecycle-derived-20260925/Build/Intermediates.noindex/PicPacPoe.build/Test-iphonesimulator/PicPacPoeTests.build/Objects-normal/arm64/PicPacPoeTests-OutputFileMap.json -use-frontend-parseable-output -save-temps -no-color-diagnostics -explicit-module-build -module-cache-path /tmp/picpac-phase3-recovery-lifecycle-derived-20260925/Build/Intermediates.noindex/SwiftExplicitPrecompiledModules -clang-scanner-module-cache-path /tmp/picpac-phase3-recovery-lifecycle-derived-20260925/ModuleCache.noindex -sdk-module-cache-path /tmp/picpac-phase3-recovery-lifecycle-derived-20260925/ModuleCache.noindex -serialize-diagnostics -emit-dependencies -emit-module -emit-module-path /tmp/picpac-phase3-recovery-lifecycle-derived-20260925/Build/Intermediates.noindex/PicPacPoe.build/Test-iphonesimulator/PicPacPoeTests.build/Objects-normal/arm64/PicPacPoeTests.swiftmodule -validate-clang-modules-once -clang-build-session-file /tmp/picpac-phase3-recovery-lifecycle-derived-20260925/ModuleCache.noindex/Session.modulevalidation -Xcc -I/tmp/picpac-phase3-recovery-lifecycle-derived-20260925/Build/Intermediates.noindex/PicPacPoe.build/Test-iphonesimulator/PicPacPoeTests.build/swift-overrides.hmap -emit-const-values -Xfrontend -const-gather-protocols-file -Xfrontend /tmp/picpac-phase3-recovery-lifecycle-derived-20260925/Build/Intermediates.noindex/PicPacPoe.build/Test-iphonesimulator/PicPacPoeTests.build/Objects-normal/arm64/PicPacPoeTests_const_extract_protocols.json -Xcc -iquote -Xcc /tmp/picpac-phase3-recovery-lifecycle-derived-20260925/Build/Intermediates.noindex/PicPacPoe.build/Test-iphonesimulator/PicPacPoeTests.build/PicPacPoeTests-generated-files.hmap -Xcc -I/tmp/picpac-phase3-recovery-lifecycle-derived-20260925/Build/Intermediates.noindex/PicPacPoe.build/Test-iphonesimulator/PicPacPoeTests.build/PicPacPoeTests-own-target-headers.hmap -Xcc -I/tmp/picpac-phase3-recovery-lifecycle-derived-20260925/Build/Intermediates.noindex/PicPacPoe.build/Test-iphonesimulator/PicPacPoeTests.build/PicPacPoeTests-all-non-framework-target-headers.hmap -Xcc -ivfsoverlay -Xcc /tmp/picpac-phase3-recovery-lifecycle-derived-20260925/Build/Intermediates.noindex/PicPacPoe.build/Test-iphonesimulator/PicPacPoe-90eff2f9d9e8600d7e53134acd1cb833-VFS-iphonesimulator/all-product-headers.yaml -Xcc -iquote -Xcc /tmp/picpac-phase3-recovery-lifecycle-derived-20260925/Build/Intermediates.noindex/PicPacPoe.build/Test-iphonesimulator/PicPacPoeTests.build/PicPacPoeTests-project-headers.hmap -Xcc -I/tmp/picpac-phase3-recovery-lifecycle-derived-20260925/Build/Products/Test-iphonesimulator/include -Xcc -I/tmp/picpac-phase3-recovery-lifecycle-derived-20260925/Build/Intermediates.noindex/PicPacPoe.build/Test-iphonesimulator/PicPacPoeTests.build/DerivedSources-normal/arm64 -Xcc -I/tmp/picpac-phase3-recovery-lifecycle-derived-20260925/Build/Intermediates.noindex/PicPacPoe.build/Test-iphonesimulator/PicPacPoeTests.build/DerivedSources/arm64 -Xcc -I/tmp/picpac-phase3-recovery-lifecycle-derived-20260925/Build/Intermediates.noindex/PicPacPoe.build/Test-iphonesimulator/PicPacPoeTests.build/DerivedSources -emit-objc-header -emit-objc-header-path /tmp/picpac-phase3-recovery-lifecycle-derived-20260925/Build/Intermediates.noindex/PicPacPoe.build/Test-iphonesimulator/PicPacPoeTests.build/Objects-normal/arm64/PicPacPoeTests-Swift.h -working-directory /Users/bavabangaru/Developer/pic-pac-poe-ios-native-parity/ios -experimental-emit-module-separately -disable-cmo

ConstructStubExecutorLinkFileList /tmp/picpac-phase3-recovery-lifecycle-derived-20260925/Build/Intermediates.noindex/PicPacPoe.build/Test-iphonesimulator/PicPacPoe.build/PicPacPoe-ExecutorLinkFileList-normal-arm64.txt (in target 'PicPacPoe' from project 'PicPacPoe')
    cd /Users/bavabangaru/Developer/pic-pac-poe-ios-native-parity/ios
    construct-stub-executor-link-file-list /tmp/picpac-phase3-recovery-lifecycle-derived-20260925/Build/Products/Test-iphonesimulator/PicPacPoe.app/PicPacPoe.debug.dylib /Applications/Xcode.app/Contents/Developer/Platforms/iPhoneSimulator.platform/Developer/usr/lib/libPreviewsJITStubExecutor_no_swift_entry_point.a /Applications/Xcode.app/Contents/Developer/Platforms/iPhoneSimulator.platform/Developer/usr/lib/libPreviewsJITStubExecutor.a --output /tmp/picpac-phase3-recovery-lifecycle-derived-20260925/Build/Intermediates.noindex/PicPacPoe.build/Test-iphonesimulator/PicPacPoe.build/PicPacPoe-ExecutorLinkFileList-normal-arm64.txt
note: Using stub executor library with Swift entry point. (in target 'PicPacPoe' from project 'PicPacPoe')

GenerateDSYMFile /tmp/picpac-phase3-recovery-lifecycle-derived-20260925/Build/Products/Test-iphonesimulator/PicPacPoe.app.dSYM /tmp/picpac-phase3-recovery-lifecycle-derived-20260925/Build/Products/Test-iphonesimulator/PicPacPoe.app/PicPacPoe.debug.dylib (in target 'PicPacPoe' from project 'PicPacPoe')
    cd /Users/bavabangaru/Developer/pic-pac-poe-ios-native-parity/ios
    /Applications/Xcode.app/Contents/Developer/Toolchains/XcodeDefault.xctoolchain/usr/bin/dsymutil /tmp/picpac-phase3-recovery-lifecycle-derived-20260925/Build/Products/Test-iphonesimulator/PicPacPoe.app/PicPacPoe.debug.dylib -o /tmp/picpac-phase3-recovery-lifecycle-derived-20260925/Build/Products/Test-iphonesimulator/PicPacPoe.app.dSYM

Ld /tmp/picpac-phase3-recovery-lifecycle-derived-20260925/Build/Products/Test-iphonesimulator/PicPacPoe.app/PicPacPoe normal (in target 'PicPacPoe' from project 'PicPacPoe')
    cd /Users/bavabangaru/Developer/pic-pac-poe-ios-native-parity/ios
    /Applications/Xcode.app/Contents/Developer/Toolchains/XcodeDefault.xctoolchain/usr/bin/clang -Xlinker -reproducible -target arm64-apple-ios17.0-simulator -isysroot /Applications/Xcode.app/Contents/Developer/Platforms/iPhoneSimulator.platform/Developer/SDKs/iPhoneSimulator26.5.sdk -O0 -L/tmp/picpac-phase3-recovery-lifecycle-derived-20260925/Build/Products/Test-iphonesimulator -F/tmp/picpac-phase3-recovery-lifecycle-derived-20260925/Build/Products/Test-iphonesimulator/PackageFrameworks -F/tmp/picpac-phase3-recovery-lifecycle-derived-20260925/Build/Products/Test-iphonesimulator/PackageFrameworks -F/tmp/picpac-phase3-recovery-lifecycle-derived-20260925/Build/Products/Test-iphonesimulator/PackageFrameworks -F/tmp/picpac-phase3-recovery-lifecycle-derived-20260925/Build/Products/Test-iphonesimulator -Xlinker -rpath -Xlinker @executable_path -rdynamic -Xlinker -no_deduplicate -Xlinker -objc_abi_version -Xlinker 2 -Xlinker -debug_variant -e ___debug_blank_executor_main -Xlinker -sectcreate -Xlinker __TEXT -Xlinker __debug_dylib -Xlinker /tmp/picpac-phase3-recovery-lifecycle-derived-20260925/Build/Intermediates.noindex/PicPacPoe.build/Test-iphonesimulator/PicPacPoe.build/PicPacPoe-DebugDylibPath-normal-arm64.txt -Xlinker -sectcreate -Xlinker __TEXT -Xlinker __debug_instlnm -Xlinker /tmp/picpac-phase3-recovery-lifecycle-derived-20260925/Build/Intermediates.noindex/PicPacPoe.build/Test-iphonesimulator/PicPacPoe.build/PicPacPoe-DebugDylibInstallName-normal-arm64.txt -Xlinker -filelist -Xlinker /tmp/picpac-phase3-recovery-lifecycle-derived-20260925/Build/Intermediates.noindex/PicPacPoe.build/Test-iphonesimulator/PicPacPoe.build/PicPacPoe-ExecutorLinkFileList-normal-arm64.txt /tmp/picpac-phase3-recovery-lifecycle-derived-20260925/Build/Products/Test-iphonesimulator/PicPacPoe.app/PicPacPoe.debug.dylib -o /tmp/picpac-phase3-recovery-lifecycle-derived-20260925/Build/Products/Test-iphonesimulator/PicPacPoe.app/PicPacPoe

GenerateDSYMFile /tmp/picpac-phase3-recovery-lifecycle-derived-20260925/Build/Products/Test-iphonesimulator/PicPacPoe.app.dSYM /tmp/picpac-phase3-recovery-lifecycle-derived-20260925/Build/Products/Test-iphonesimulator/PicPacPoe.app/PicPacPoe (in target 'PicPacPoe' from project 'PicPacPoe')
    cd /Users/bavabangaru/Developer/pic-pac-poe-ios-native-parity/ios
    /Applications/Xcode.app/Contents/Developer/Toolchains/XcodeDefault.xctoolchain/usr/bin/dsymutil -q /tmp/picpac-phase3-recovery-lifecycle-derived-20260925/Build/Products/Test-iphonesimulator/PicPacPoe.app/PicPacPoe -o /tmp/picpac-phase3-recovery-lifecycle-derived-20260925/Build/Products/Test-iphonesimulator/PicPacPoe.app.dSYM

ExtractAppIntentsMetadata (in target 'PicPacPoe' from project 'PicPacPoe')
    cd /Users/bavabangaru/Developer/pic-pac-poe-ios-native-parity/ios
    /Applications/Xcode.app/Contents/Developer/Toolchains/XcodeDefault.xctoolchain/usr/bin/appintentsmetadataprocessor --toolchain-dir /Applications/Xcode.app/Contents/Developer/Toolchains/XcodeDefault.xctoolchain --module-name PicPacPoe --sdk-root /Applications/Xcode.app/Contents/Developer/Platforms/iPhoneSimulator.platform/Developer/SDKs/iPhoneSimulator26.5.sdk --xcode-version 17F113 --platform-family iOS --deployment-target 17.0 --bundle-identifier dev.saipranith.picpacpoe --output /tmp/picpac-phase3-recovery-lifecycle-derived-20260925/Build/Products/Test-iphonesimulator/PicPacPoe.app --target-triple arm64-apple-ios17.0-simulator --binary-file /tmp/picpac-phase3-recovery-lifecycle-derived-20260925/Build/Products/Test-iphonesimulator/PicPacPoe.app/PicPacPoe --dependency-file /tmp/picpac-phase3-recovery-lifecycle-derived-20260925/Build/Intermediates.noindex/PicPacPoe.build/Test-iphonesimulator/PicPacPoe.build/Objects-normal/arm64/PicPacPoe_dependency_info.dat --stringsdata-file /tmp/picpac-phase3-recovery-lifecycle-derived-20260925/Build/Intermediates.noindex/PicPacPoe.build/Test-iphonesimulator/PicPacPoe.build/Objects-normal/arm64/ExtractedAppShortcutsMetadata.stringsdata --source-file-list /tmp/picpac-phase3-recovery-lifecycle-derived-20260925/Build/Intermediates.noindex/PicPacPoe.build/Test-iphonesimulator/PicPacPoe.build/Objects-normal/arm64/PicPacPoe.SwiftFileList --metadata-file-list /tmp/picpac-phase3-recovery-lifecycle-derived-20260925/Build/Intermediates.noindex/PicPacPoe.build/Test-iphonesimulator/PicPacPoe.build/PicPacPoe.DependencyMetadataFileList --static-metadata-file-list /tmp/picpac-phase3-recovery-lifecycle-derived-20260925/Build/Intermediates.noindex/PicPacPoe.build/Test-iphonesimulator/PicPacPoe.build/PicPacPoe.DependencyStaticMetadataFileList --swift-const-vals-list /tmp/picpac-phase3-recovery-lifecycle-derived-20260925/Build/Intermediates.noindex/PicPacPoe.build/Test-iphonesimulator/PicPacPoe.build/Objects-normal/arm64/PicPacPoe.SwiftConstValuesFileList --compile-time-extraction --deployment-aware-processing --validate-assistant-intents --no-app-shortcuts-localization
2026-09-25 04:44:26.950 appintentsmetadataprocessor[84318:115725195] Starting appintentsmetadataprocessor export
2026-09-25 04:44:26.957 appintentsmetadataprocessor[84318:115725195] warning: Metadata extraction skipped. No AppIntents.framework dependency found.

CopySwiftLibs /tmp/picpac-phase3-recovery-lifecycle-derived-20260925/Build/Products/Test-iphonesimulator/PicPacPoe.app (in target 'PicPacPoe' from project 'PicPacPoe')
    cd /Users/bavabangaru/Developer/pic-pac-poe-ios-native-parity/ios
    builtin-swiftStdLibTool --copy --verbose --scan-executable /tmp/picpac-phase3-recovery-lifecycle-derived-20260925/Build/Products/Test-iphonesimulator/PicPacPoe.app/PicPacPoe.debug.dylib --scan-folder /tmp/picpac-phase3-recovery-lifecycle-derived-20260925/Build/Products/Test-iphonesimulator/PicPacPoe.app/Frameworks --scan-folder /tmp/picpac-phase3-recovery-lifecycle-derived-20260925/Build/Products/Test-iphonesimulator/PicPacPoe.app/PlugIns --scan-folder /tmp/picpac-phase3-recovery-lifecycle-derived-20260925/Build/Products/Test-iphonesimulator/PicPacPoe.app/SystemExtensions --scan-folder /tmp/picpac-phase3-recovery-lifecycle-derived-20260925/Build/Products/Test-iphonesimulator/PicPacPoe.app/Extensions --scan-folder /tmp/picpac-phase3-recovery-lifecycle-derived-20260925/Build/Products/Test-iphonesimulator/PackageFrameworks/PicPacPresentation_-6026B0FB22E351C2_PackageProduct.framework --platform iphonesimulator --toolchain /Applications/Xcode.app/Contents/Developer/Toolchains/XcodeDefault.xctoolchain --destination /tmp/picpac-phase3-recovery-lifecycle-derived-20260925/Build/Products/Test-iphonesimulator/PicPacPoe.app/Frameworks --strip-bitcode --strip-bitcode-tool /Applications/Xcode.app/Contents/Developer/Toolchains/XcodeDefault.xctoolchain/usr/bin/bitcode_strip --emit-dependency-info /tmp/picpac-phase3-recovery-lifecycle-derived-20260925/Build/Intermediates.noindex/PicPacPoe.build/Test-iphonesimulator/PicPacPoe.build/SwiftStdLibToolInputDependencies.dep --filter-for-swift-os
Ignoring --strip-bitcode because --sign was not passed

AppIntentsSSUTraining (in target 'PicPacPoe' from project 'PicPacPoe')
    cd /Users/bavabangaru/Developer/pic-pac-poe-ios-native-parity/ios
    /Applications/Xcode.app/Contents/Developer/Toolchains/XcodeDefault.xctoolchain/usr/bin/appintentsnltrainingprocessor --infoplist-path /tmp/picpac-phase3-recovery-lifecycle-derived-20260925/Build/Products/Test-iphonesimulator/PicPacPoe.app/Info.plist --temp-dir-path /tmp/picpac-phase3-recovery-lifecycle-derived-20260925/Build/Intermediates.noindex/PicPacPoe.build/Test-iphonesimulator/PicPacPoe.build/ssu --bundle-id dev.saipranith.picpacpoe --product-path /tmp/picpac-phase3-recovery-lifecycle-derived-20260925/Build/Products/Test-iphonesimulator/PicPacPoe.app --extracted-metadata-path /tmp/picpac-phase3-recovery-lifecycle-derived-20260925/Build/Products/Test-iphonesimulator/PicPacPoe.app/Metadata.appintents --metadata-file-list /tmp/picpac-phase3-recovery-lifecycle-derived-20260925/Build/Intermediates.noindex/PicPacPoe.build/Test-iphonesimulator/PicPacPoe.build/PicPacPoe.DependencyMetadataFileList --source-file /tmp/picpac-phase3-recovery-lifecycle-derived-20260925/Build/Products/Test-iphonesimulator/PicPacPoe.app/Info.plist --archive-ssu-assets
2026-09-25 04:44:27.011 appintentsnltrainingprocessor[84320:115725204] Parsing options for appintentsnltrainingprocessor
2026-09-25 04:44:27.012 appintentsnltrainingprocessor[84320:115725204] Starting AppIntents SSU YAML Generation
2026-09-25 04:44:27.014 appintentsnltrainingprocessor[84320:115725204] No AppShortcuts found - Skipping.

Copy /tmp/picpac-phase3-recovery-lifecycle-derived-20260925/Build/Products/Test-iphonesimulator/PicPacPoe.app/PlugIns/PicPacPoeTests.xctest/PicPacKit_PicPacAI.bundle /tmp/picpac-phase3-recovery-lifecycle-derived-20260925/Build/Products/Test-iphonesimulator/PicPacKit_PicPacAI.bundle (in target 'PicPacPoeTests' from project 'PicPacPoe')
    cd /Users/bavabangaru/Developer/pic-pac-poe-ios-native-parity/ios
    builtin-copy -exclude .DS_Store -exclude CVS -exclude .svn -exclude .git -exclude .hg -resolve-src-symlinks /tmp/picpac-phase3-recovery-lifecycle-derived-20260925/Build/Products/Test-iphonesimulator/PicPacKit_PicPacAI.bundle /tmp/picpac-phase3-recovery-lifecycle-derived-20260925/Build/Products/Test-iphonesimulator/PicPacPoe.app/PlugIns/PicPacPoeTests.xctest

Ld /tmp/picpac-phase3-recovery-lifecycle-derived-20260925/Build/Products/Test-iphonesimulator/PicPacPoe.app/PlugIns/PicPacPoeTests.xctest/PicPacPoeTests normal (in target 'PicPacPoeTests' from project 'PicPacPoe')
    cd /Users/bavabangaru/Developer/pic-pac-poe-ios-native-parity/ios
    /Applications/Xcode.app/Contents/Developer/Toolchains/XcodeDefault.xctoolchain/usr/bin/clang -Xlinker -reproducible -target arm64-apple-ios17.0-simulator -bundle -isysroot /Applications/Xcode.app/Contents/Developer/Platforms/iPhoneSimulator.platform/Developer/SDKs/iPhoneSimulator26.5.sdk -O0 -L/tmp/picpac-phase3-recovery-lifecycle-derived-20260925/Build/Intermediates.noindex/EagerLinkingTBDs/Test-iphonesimulator -L/tmp/picpac-phase3-recovery-lifecycle-derived-20260925/Build/Products/Test-iphonesimulator -L/Applications/Xcode.app/Contents/Developer/Platforms/iPhoneSimulator.platform/Developer/usr/lib -F/tmp/picpac-phase3-recovery-lifecycle-derived-20260925/Build/Intermediates.noindex/EagerLinkingTBDs/Test-iphonesimulator -F/tmp/picpac-phase3-recovery-lifecycle-derived-20260925/Build/Products/Test-iphonesimulator/PackageFrameworks -F/tmp/picpac-phase3-recovery-lifecycle-derived-20260925/Build/Products/Test-iphonesimulator/PackageFrameworks -F/tmp/picpac-phase3-recovery-lifecycle-derived-20260925/Build/Products/Test-iphonesimulator/PackageFrameworks -F/tmp/picpac-phase3-recovery-lifecycle-derived-20260925/Build/Products/Test-iphonesimulator/PackageFrameworks -F/tmp/picpac-phase3-recovery-lifecycle-derived-20260925/Build/Products/Test-iphonesimulator/PackageFrameworks -F/tmp/picpac-phase3-recovery-lifecycle-derived-20260925/Build/Products/Test-iphonesimulator -iframework /Applications/Xcode.app/Contents/Developer/Platforms/iPhoneSimulator.platform/Developer/Library/Frameworks -iframework /Applications/Xcode.app/Contents/Developer/Platforms/iPhoneSimulator.platform/Developer/SDKs/iPhoneSimulator26.5.sdk/Developer/Library/Frameworks -filelist /tmp/picpac-phase3-recovery-lifecycle-derived-20260925/Build/Intermediates.noindex/PicPacPoe.build/Test-iphonesimulator/PicPacPoeTests.build/Objects-normal/arm64/PicPacPoeTests.LinkFileList -Xlinker -rpath -Xlinker /usr/lib/swift -Xlinker -rpath -Xlinker @loader_path/Frameworks -Xlinker -rpath -Xlinker @executable_path/Frameworks -Xlinker -dead_strip -bundle_loader /tmp/picpac-phase3-recovery-lifecycle-derived-20260925/Build/Products/Test-iphonesimulator/PicPacPoe.app/PicPacPoe -Xlinker -object_path_lto -Xlinker /tmp/picpac-phase3-recovery-lifecycle-derived-20260925/Build/Intermediates.noindex/PicPacPoe.build/Test-iphonesimulator/PicPacPoeTests.build/Objects-normal/arm64/PicPacPoeTests_lto.o -rdynamic -Xlinker -no_deduplicate -Xlinker -objc_abi_version -Xlinker 2 -Xlinker -debug_variant -Xlinker -dependency_info -Xlinker /tmp/picpac-phase3-recovery-lifecycle-derived-20260925/Build/Intermediates.noindex/PicPacPoe.build/Test-iphonesimulator/PicPacPoeTests.build/Objects-normal/arm64/PicPacPoeTests_dependency_info.dat -fobjc-link-runtime -fprofile-instr-generate -L/Applications/Xcode.app/Contents/Developer/Toolchains/XcodeDefault.xctoolchain/usr/lib/swift/iphonesimulator -L/usr/lib/swift -Xlinker -add_ast_path -Xlinker /tmp/picpac-phase3-recovery-lifecycle-derived-20260925/Build/Intermediates.noindex/PicPacPoe.build/Test-iphonesimulator/PicPacPoeTests.build/Objects-normal/arm64/PicPacPoeTests.swiftmodule @/tmp/picpac-phase3-recovery-lifecycle-derived-20260925/Build/Intermediates.noindex/PicPacPoe.build/Test-iphonesimulator/PicPacPoeTests.build/Objects-normal/arm64/PicPacPoeTests-linker-args.resp -Wl,-no_warn_duplicate_libraries -Wl,-no_warn_duplicate_libraries -Wl,-no_warn_duplicate_libraries -Wl,-no_warn_duplicate_libraries -Wl,-no_warn_duplicate_libraries -Xlinker -needed_framework -Xlinker XCTest -framework XCTest -Xlinker -needed-lXCTestSwiftSupport -lXCTestSwiftSupport /tmp/picpac-phase3-recovery-lifecycle-derived-20260925/Build/Products/Test-iphonesimulator/PackageFrameworks/PicPacPresentation_-6026B0FB22E351C2_PackageProduct.framework/PicPacPresentation_-6026B0FB22E351C2_PackageProduct /tmp/picpac-phase3-recovery-lifecycle-derived-20260925/Build/Products/Test-iphonesimulator/PicPacPoe.app/PicPacPoe.debug.dylib -o /tmp/picpac-phase3-recovery-lifecycle-derived-20260925/Build/Products/Test-iphonesimulator/PicPacPoe.app/PlugIns/PicPacPoeTests.xctest/PicPacPoeTests

Copy /tmp/picpac-phase3-recovery-lifecycle-derived-20260925/Build/Products/Test-iphonesimulator/PicPacPoe.app/PlugIns/PicPacPoeTests.xctest/Frameworks/PicPacPresentation_-6026B0FB22E351C2_PackageProduct.framework /tmp/picpac-phase3-recovery-lifecycle-derived-20260925/Build/Products/Test-iphonesimulator/PackageFrameworks/PicPacPresentation_-6026B0FB22E351C2_PackageProduct.framework (in target 'PicPacPoeTests' from project 'PicPacPoe')
    cd /Users/bavabangaru/Developer/pic-pac-poe-ios-native-parity/ios
    builtin-copy -exclude .DS_Store -exclude CVS -exclude .svn -exclude .git -exclude .hg -resolve-src-symlinks -remove-static-executable /tmp/picpac-phase3-recovery-lifecycle-derived-20260925/Build/Products/Test-iphonesimulator/PackageFrameworks/PicPacPresentation_-6026B0FB22E351C2_PackageProduct.framework /tmp/picpac-phase3-recovery-lifecycle-derived-20260925/Build/Products/Test-iphonesimulator/PicPacPoe.app/PlugIns/PicPacPoeTests.xctest/Frameworks

ProcessInfoPlistFile /tmp/picpac-phase3-recovery-lifecycle-derived-20260925/Build/Products/Test-iphonesimulator/PicPacPoe.app/PlugIns/PicPacPoeTests.xctest/Info.plist /tmp/picpac-phase3-recovery-lifecycle-derived-20260925/Build/Intermediates.noindex/PicPacPoe.build/Test-iphonesimulator/PicPacPoeTests.build/empty-PicPacPoeTests.plist (in target 'PicPacPoeTests' from project 'PicPacPoe')
    cd /Users/bavabangaru/Developer/pic-pac-poe-ios-native-parity/ios
    builtin-infoPlistUtility /tmp/picpac-phase3-recovery-lifecycle-derived-20260925/Build/Intermediates.noindex/PicPacPoe.build/Test-iphonesimulator/PicPacPoeTests.build/empty-PicPacPoeTests.plist -producttype com.apple.product-type.bundle.unit-test -expandbuildsettings -format binary -platform iphonesimulator -scanforprivacyfile /tmp/picpac-phase3-recovery-lifecycle-derived-20260925/Build/Products/Test-iphonesimulator/PicPacPoe.app/PlugIns/PicPacPoeTests.xctest/PicPacKit_PicPacAI.bundle -o /tmp/picpac-phase3-recovery-lifecycle-derived-20260925/Build/Products/Test-iphonesimulator/PicPacPoe.app/PlugIns/PicPacPoeTests.xctest/Info.plist

CopySwiftLibs /tmp/picpac-phase3-recovery-lifecycle-derived-20260925/Build/Products/Test-iphonesimulator/PicPacPoe.app/PlugIns/PicPacPoeTests.xctest (in target 'PicPacPoeTests' from project 'PicPacPoe')
    cd /Users/bavabangaru/Developer/pic-pac-poe-ios-native-parity/ios
    builtin-swiftStdLibTool --copy --verbose --scan-executable /tmp/picpac-phase3-recovery-lifecycle-derived-20260925/Build/Products/Test-iphonesimulator/PicPacPoe.app/PlugIns/PicPacPoeTests.xctest/PicPacPoeTests --scan-folder /tmp/picpac-phase3-recovery-lifecycle-derived-20260925/Build/Products/Test-iphonesimulator/PicPacPoe.app/PlugIns/PicPacPoeTests.xctest/Frameworks --scan-folder /tmp/picpac-phase3-recovery-lifecycle-derived-20260925/Build/Products/Test-iphonesimulator/PicPacPoe.app/PlugIns/PicPacPoeTests.xctest/PlugIns --scan-folder /tmp/picpac-phase3-recovery-lifecycle-derived-20260925/Build/Products/Test-iphonesimulator/PicPacPoe.app/PlugIns/PicPacPoeTests.xctest/SystemExtensions --scan-folder /tmp/picpac-phase3-recovery-lifecycle-derived-20260925/Build/Products/Test-iphonesimulator/PicPacPoe.app/PlugIns/PicPacPoeTests.xctest/Extensions --scan-folder /tmp/picpac-phase3-recovery-lifecycle-derived-20260925/Build/Products/Test-iphonesimulator/PackageFrameworks/PicPacPresentation_-6026B0FB22E351C2_PackageProduct.framework --platform iphonesimulator --toolchain /Applications/Xcode.app/Contents/Developer/Toolchains/XcodeDefault.xctoolchain --destination /tmp/picpac-phase3-recovery-lifecycle-derived-20260925/Build/Products/Test-iphonesimulator/PicPacPoe.app/PlugIns/PicPacPoeTests.xctest/Frameworks --strip-bitcode --scan-executable /Applications/Xcode.app/Contents/Developer/Platforms/iPhoneSimulator.platform/Developer/usr/lib/libXCTestSwiftSupport.dylib --strip-bitcode-tool /Applications/Xcode.app/Contents/Developer/Toolchains/XcodeDefault.xctoolchain/usr/bin/bitcode_strip --emit-dependency-info /tmp/picpac-phase3-recovery-lifecycle-derived-20260925/Build/Intermediates.noindex/PicPacPoe.build/Test-iphonesimulator/PicPacPoeTests.build/SwiftStdLibToolInputDependencies.dep --filter-for-swift-os
Ignoring --strip-bitcode because --sign was not passed

ExtractAppIntentsMetadata (in target 'PicPacPoeTests' from project 'PicPacPoe')
    cd /Users/bavabangaru/Developer/pic-pac-poe-ios-native-parity/ios
    /Applications/Xcode.app/Contents/Developer/Toolchains/XcodeDefault.xctoolchain/usr/bin/appintentsmetadataprocessor --toolchain-dir /Applications/Xcode.app/Contents/Developer/Toolchains/XcodeDefault.xctoolchain --module-name PicPacPoeTests --sdk-root /Applications/Xcode.app/Contents/Developer/Platforms/iPhoneSimulator.platform/Developer/SDKs/iPhoneSimulator26.5.sdk --xcode-version 17F113 --platform-family iOS --deployment-target 17.0 --bundle-identifier dev.saipranith.picpacpoe.tests --output /tmp/picpac-phase3-recovery-lifecycle-derived-20260925/Build/Products/Test-iphonesimulator/PicPacPoe.app/PlugIns/PicPacPoeTests.xctest --target-triple arm64-apple-ios17.0-simulator --binary-file /tmp/picpac-phase3-recovery-lifecycle-derived-20260925/Build/Products/Test-iphonesimulator/PicPacPoe.app/PlugIns/PicPacPoeTests.xctest/PicPacPoeTests --dependency-file /tmp/picpac-phase3-recovery-lifecycle-derived-20260925/Build/Intermediates.noindex/PicPacPoe.build/Test-iphonesimulator/PicPacPoeTests.build/Objects-normal/arm64/PicPacPoeTests_dependency_info.dat --stringsdata-file /tmp/picpac-phase3-recovery-lifecycle-derived-20260925/Build/Intermediates.noindex/PicPacPoe.build/Test-iphonesimulator/PicPacPoeTests.build/Objects-normal/arm64/ExtractedAppShortcutsMetadata.stringsdata --source-file-list /tmp/picpac-phase3-recovery-lifecycle-derived-20260925/Build/Intermediates.noindex/PicPacPoe.build/Test-iphonesimulator/PicPacPoeTests.build/Objects-normal/arm64/PicPacPoeTests.SwiftFileList --metadata-file-list /tmp/picpac-phase3-recovery-lifecycle-derived-20260925/Build/Intermediates.noindex/PicPacPoe.build/Test-iphonesimulator/PicPacPoeTests.build/PicPacPoeTests.DependencyMetadataFileList --static-metadata-file-list /tmp/picpac-phase3-recovery-lifecycle-derived-20260925/Build/Intermediates.noindex/PicPacPoe.build/Test-iphonesimulator/PicPacPoeTests.build/PicPacPoeTests.DependencyStaticMetadataFileList --swift-const-vals-list /tmp/picpac-phase3-recovery-lifecycle-derived-20260925/Build/Intermediates.noindex/PicPacPoe.build/Test-iphonesimulator/PicPacPoeTests.build/Objects-normal/arm64/PicPacPoeTests.SwiftConstValuesFileList --compile-time-extraction --deployment-aware-processing --validate-assistant-intents --no-app-shortcuts-localization
2026-09-25 04:44:27.759 appintentsmetadataprocessor[84323:115725288] Starting appintentsmetadataprocessor export
2026-09-25 04:44:27.762 appintentsmetadataprocessor[84323:115725288] warning: Metadata extraction skipped. No AppIntents.framework dependency found.

GenerateDSYMFile /tmp/picpac-phase3-recovery-lifecycle-derived-20260925/Build/Products/Test-iphonesimulator/PicPacPoe.app/PlugIns/PicPacPoeTests.xctest.dSYM /tmp/picpac-phase3-recovery-lifecycle-derived-20260925/Build/Products/Test-iphonesimulator/PicPacPoe.app/PlugIns/PicPacPoeTests.xctest/PicPacPoeTests (in target 'PicPacPoeTests' from project 'PicPacPoe')
    cd /Users/bavabangaru/Developer/pic-pac-poe-ios-native-parity/ios
    /Applications/Xcode.app/Contents/Developer/Toolchains/XcodeDefault.xctoolchain/usr/bin/dsymutil /tmp/picpac-phase3-recovery-lifecycle-derived-20260925/Build/Products/Test-iphonesimulator/PicPacPoe.app/PlugIns/PicPacPoeTests.xctest/PicPacPoeTests -o /tmp/picpac-phase3-recovery-lifecycle-derived-20260925/Build/Products/Test-iphonesimulator/PicPacPoe.app/PlugIns/PicPacPoeTests.xctest.dSYM

AppIntentsSSUTraining (in target 'PicPacPoeTests' from project 'PicPacPoe')
    cd /Users/bavabangaru/Developer/pic-pac-poe-ios-native-parity/ios
    /Applications/Xcode.app/Contents/Developer/Toolchains/XcodeDefault.xctoolchain/usr/bin/appintentsnltrainingprocessor --infoplist-path /tmp/picpac-phase3-recovery-lifecycle-derived-20260925/Build/Products/Test-iphonesimulator/PicPacPoe.app/PlugIns/PicPacPoeTests.xctest/Info.plist --temp-dir-path /tmp/picpac-phase3-recovery-lifecycle-derived-20260925/Build/Intermediates.noindex/PicPacPoe.build/Test-iphonesimulator/PicPacPoeTests.build/ssu --bundle-id dev.saipranith.picpacpoe.tests --product-path /tmp/picpac-phase3-recovery-lifecycle-derived-20260925/Build/Products/Test-iphonesimulator/PicPacPoe.app/PlugIns/PicPacPoeTests.xctest --extracted-metadata-path /tmp/picpac-phase3-recovery-lifecycle-derived-20260925/Build/Products/Test-iphonesimulator/PicPacPoe.app/PlugIns/PicPacPoeTests.xctest/Metadata.appintents --metadata-file-list /tmp/picpac-phase3-recovery-lifecycle-derived-20260925/Build/Intermediates.noindex/PicPacPoe.build/Test-iphonesimulator/PicPacPoeTests.build/PicPacPoeTests.DependencyMetadataFileList --source-file /tmp/picpac-phase3-recovery-lifecycle-derived-20260925/Build/Products/Test-iphonesimulator/PicPacPoe.app/PlugIns/PicPacPoeTests.xctest/Info.plist --archive-ssu-assets
2026-09-25 04:44:27.800 appintentsnltrainingprocessor[84325:115725292] Parsing options for appintentsnltrainingprocessor
2026-09-25 04:44:27.802 appintentsnltrainingprocessor[84325:115725292] Starting AppIntents SSU YAML Generation
2026-09-25 04:44:27.802 appintentsnltrainingprocessor[84325:115725292] No AppShortcuts found - Skipping.

RegisterExecutionPolicyException /tmp/picpac-phase3-recovery-lifecycle-derived-20260925/Build/Products/Test-iphonesimulator/PicPacPoe.app/PlugIns/PicPacPoeTests.xctest (in target 'PicPacPoeTests' from project 'PicPacPoe')
    cd /Users/bavabangaru/Developer/pic-pac-poe-ios-native-parity/ios
    builtin-RegisterExecutionPolicyException /tmp/picpac-phase3-recovery-lifecycle-derived-20260925/Build/Products/Test-iphonesimulator/PicPacPoe.app/PlugIns/PicPacPoeTests.xctest

Touch /tmp/picpac-phase3-recovery-lifecycle-derived-20260925/Build/Products/Test-iphonesimulator/PicPacPoe.app/PlugIns/PicPacPoeTests.xctest (in target 'PicPacPoeTests' from project 'PicPacPoe')
    cd /Users/bavabangaru/Developer/pic-pac-poe-ios-native-parity/ios
    /usr/bin/touch -c /tmp/picpac-phase3-recovery-lifecycle-derived-20260925/Build/Products/Test-iphonesimulator/PicPacPoe.app/PlugIns/PicPacPoeTests.xctest

RegisterExecutionPolicyException /tmp/picpac-phase3-recovery-lifecycle-derived-20260925/Build/Products/Test-iphonesimulator/PicPacPoe.app (in target 'PicPacPoe' from project 'PicPacPoe')
    cd /Users/bavabangaru/Developer/pic-pac-poe-ios-native-parity/ios
    builtin-RegisterExecutionPolicyException /tmp/picpac-phase3-recovery-lifecycle-derived-20260925/Build/Products/Test-iphonesimulator/PicPacPoe.app

Validate /tmp/picpac-phase3-recovery-lifecycle-derived-20260925/Build/Products/Test-iphonesimulator/PicPacPoe.app (in target 'PicPacPoe' from project 'PicPacPoe')
    cd /Users/bavabangaru/Developer/pic-pac-poe-ios-native-parity/ios
    builtin-validationUtility /tmp/picpac-phase3-recovery-lifecycle-derived-20260925/Build/Products/Test-iphonesimulator/PicPacPoe.app -shallow-bundle -infoplist-subpath Info.plist

Touch /tmp/picpac-phase3-recovery-lifecycle-derived-20260925/Build/Products/Test-iphonesimulator/PicPacPoe.app (in target 'PicPacPoe' from project 'PicPacPoe')
    cd /Users/bavabangaru/Developer/pic-pac-poe-ios-native-parity/ios
    /usr/bin/touch -c /tmp/picpac-phase3-recovery-lifecycle-derived-20260925/Build/Products/Test-iphonesimulator/PicPacPoe.app

ProcessInfoPlistFile /tmp/picpac-phase3-recovery-lifecycle-derived-20260925/Build/Products/Test-iphonesimulator/PicPacPoeUITests-Runner.app/PlugIns/PicPacPoeUITests.xctest/Info.plist /tmp/picpac-phase3-recovery-lifecycle-derived-20260925/Build/Intermediates.noindex/PicPacPoe.build/Test-iphonesimulator/PicPacPoeUITests.build/empty-PicPacPoeUITests.plist (in target 'PicPacPoeUITests' from project 'PicPacPoe')
    cd /Users/bavabangaru/Developer/pic-pac-poe-ios-native-parity/ios
    builtin-infoPlistUtility /tmp/picpac-phase3-recovery-lifecycle-derived-20260925/Build/Intermediates.noindex/PicPacPoe.build/Test-iphonesimulator/PicPacPoeUITests.build/empty-PicPacPoeUITests.plist -producttype com.apple.product-type.bundle.ui-testing -expandbuildsettings -format binary -platform iphonesimulator -additionalcontentfile /tmp/picpac-phase3-recovery-lifecycle-derived-20260925/Build/Intermediates.noindex/PicPacPoe.build/Test-iphonesimulator/PicPacPoeUITests.build/ProductTypeInfoPlistAdditions.plist -o /tmp/picpac-phase3-recovery-lifecycle-derived-20260925/Build/Products/Test-iphonesimulator/PicPacPoeUITests-Runner.app/PlugIns/PicPacPoeUITests.xctest/Info.plist

Ld /tmp/picpac-phase3-recovery-lifecycle-derived-20260925/Build/Products/Test-iphonesimulator/PicPacPoeUITests-Runner.app/PlugIns/PicPacPoeUITests.xctest/PicPacPoeUITests normal (in target 'PicPacPoeUITests' from project 'PicPacPoe')
    cd /Users/bavabangaru/Developer/pic-pac-poe-ios-native-parity/ios
    /Applications/Xcode.app/Contents/Developer/Toolchains/XcodeDefault.xctoolchain/usr/bin/clang -Xlinker -reproducible -target arm64-apple-ios17.0-simulator -bundle -isysroot /Applications/Xcode.app/Contents/Developer/Platforms/iPhoneSimulator.platform/Developer/SDKs/iPhoneSimulator26.5.sdk -O0 -L/tmp/picpac-phase3-recovery-lifecycle-derived-20260925/Build/Intermediates.noindex/EagerLinkingTBDs/Test-iphonesimulator -L/tmp/picpac-phase3-recovery-lifecycle-derived-20260925/Build/Products/Test-iphonesimulator -L/Applications/Xcode.app/Contents/Developer/Platforms/iPhoneSimulator.platform/Developer/usr/lib -F/tmp/picpac-phase3-recovery-lifecycle-derived-20260925/Build/Intermediates.noindex/EagerLinkingTBDs/Test-iphonesimulator -F/tmp/picpac-phase3-recovery-lifecycle-derived-20260925/Build/Products/Test-iphonesimulator -iframework /Applications/Xcode.app/Contents/Developer/Platforms/iPhoneSimulator.platform/Developer/Library/Frameworks -iframework /Applications/Xcode.app/Contents/Developer/Platforms/iPhoneSimulator.platform/Developer/SDKs/iPhoneSimulator26.5.sdk/Developer/Library/Frameworks -filelist /tmp/picpac-phase3-recovery-lifecycle-derived-20260925/Build/Intermediates.noindex/PicPacPoe.build/Test-iphonesimulator/PicPacPoeUITests.build/Objects-normal/arm64/PicPacPoeUITests.LinkFileList -Xlinker -rpath -Xlinker /usr/lib/swift -Xlinker -rpath -Xlinker @loader_path/Frameworks -Xlinker -dead_strip -Xlinker -object_path_lto -Xlinker /tmp/picpac-phase3-recovery-lifecycle-derived-20260925/Build/Intermediates.noindex/PicPacPoe.build/Test-iphonesimulator/PicPacPoeUITests.build/Objects-normal/arm64/PicPacPoeUITests_lto.o -rdynamic -Xlinker -no_deduplicate -Xlinker -objc_abi_version -Xlinker 2 -Xlinker -debug_variant -Xlinker -dependency_info -Xlinker /tmp/picpac-phase3-recovery-lifecycle-derived-20260925/Build/Intermediates.noindex/PicPacPoe.build/Test-iphonesimulator/PicPacPoeUITests.build/Objects-normal/arm64/PicPacPoeUITests_dependency_info.dat -fobjc-link-runtime -fprofile-instr-generate -L/Applications/Xcode.app/Contents/Developer/Toolchains/XcodeDefault.xctoolchain/usr/lib/swift/iphonesimulator -L/usr/lib/swift -Xlinker -add_ast_path -Xlinker /tmp/picpac-phase3-recovery-lifecycle-derived-20260925/Build/Intermediates.noindex/PicPacPoe.build/Test-iphonesimulator/PicPacPoeUITests.build/Objects-normal/arm64/PicPacPoeUITests.swiftmodule @/tmp/picpac-phase3-recovery-lifecycle-derived-20260925/Build/Intermediates.noindex/PicPacPoe.build/Test-iphonesimulator/PicPacPoeUITests.build/Objects-normal/arm64/PicPacPoeUITests-linker-args.resp -Xlinker -needed_framework -Xlinker XCTest -framework XCTest -Xlinker -needed-lXCTestSwiftSupport -lXCTestSwiftSupport -o /tmp/picpac-phase3-recovery-lifecycle-derived-20260925/Build/Products/Test-iphonesimulator/PicPacPoeUITests-Runner.app/PlugIns/PicPacPoeUITests.xctest/PicPacPoeUITests

CopySwiftLibs /tmp/picpac-phase3-recovery-lifecycle-derived-20260925/Build/Products/Test-iphonesimulator/PicPacPoeUITests-Runner.app/PlugIns/PicPacPoeUITests.xctest (in target 'PicPacPoeUITests' from project 'PicPacPoe')
    cd /Users/bavabangaru/Developer/pic-pac-poe-ios-native-parity/ios
    builtin-swiftStdLibTool --copy --verbose --scan-executable /tmp/picpac-phase3-recovery-lifecycle-derived-20260925/Build/Products/Test-iphonesimulator/PicPacPoeUITests-Runner.app/PlugIns/PicPacPoeUITests.xctest/PicPacPoeUITests --scan-folder /tmp/picpac-phase3-recovery-lifecycle-derived-20260925/Build/Products/Test-iphonesimulator/PicPacPoeUITests-Runner.app/PlugIns/PicPacPoeUITests.xctest/Frameworks --scan-folder /tmp/picpac-phase3-recovery-lifecycle-derived-20260925/Build/Products/Test-iphonesimulator/PicPacPoeUITests-Runner.app/PlugIns/PicPacPoeUITests.xctest/PlugIns --scan-folder /tmp/picpac-phase3-recovery-lifecycle-derived-20260925/Build/Products/Test-iphonesimulator/PicPacPoeUITests-Runner.app/PlugIns/PicPacPoeUITests.xctest/SystemExtensions --scan-folder /tmp/picpac-phase3-recovery-lifecycle-derived-20260925/Build/Products/Test-iphonesimulator/PicPacPoeUITests-Runner.app/PlugIns/PicPacPoeUITests.xctest/Extensions --platform iphonesimulator --toolchain /Applications/Xcode.app/Contents/Developer/Toolchains/XcodeDefault.xctoolchain --destination /tmp/picpac-phase3-recovery-lifecycle-derived-20260925/Build/Products/Test-iphonesimulator/PicPacPoeUITests-Runner.app/PlugIns/PicPacPoeUITests.xctest/Frameworks --strip-bitcode --scan-executable /Applications/Xcode.app/Contents/Developer/Platforms/iPhoneSimulator.platform/Developer/usr/lib/libXCTestSwiftSupport.dylib --strip-bitcode-tool /Applications/Xcode.app/Contents/Developer/Toolchains/XcodeDefault.xctoolchain/usr/bin/bitcode_strip --emit-dependency-info /tmp/picpac-phase3-recovery-lifecycle-derived-20260925/Build/Intermediates.noindex/PicPacPoe.build/Test-iphonesimulator/PicPacPoeUITests.build/SwiftStdLibToolInputDependencies.dep --filter-for-swift-os
Ignoring --strip-bitcode because --sign was not passed

ExtractAppIntentsMetadata (in target 'PicPacPoeUITests' from project 'PicPacPoe')
    cd /Users/bavabangaru/Developer/pic-pac-poe-ios-native-parity/ios
    /Applications/Xcode.app/Contents/Developer/Toolchains/XcodeDefault.xctoolchain/usr/bin/appintentsmetadataprocessor --toolchain-dir /Applications/Xcode.app/Contents/Developer/Toolchains/XcodeDefault.xctoolchain --module-name PicPacPoeUITests --sdk-root /Applications/Xcode.app/Contents/Developer/Platforms/iPhoneSimulator.platform/Developer/SDKs/iPhoneSimulator26.5.sdk --xcode-version 17F113 --platform-family iOS --deployment-target 17.0 --bundle-identifier dev.saipranith.picpacpoe.uitests --output /tmp/picpac-phase3-recovery-lifecycle-derived-20260925/Build/Products/Test-iphonesimulator/PicPacPoeUITests-Runner.app/PlugIns/PicPacPoeUITests.xctest --target-triple arm64-apple-ios17.0-simulator --binary-file /tmp/picpac-phase3-recovery-lifecycle-derived-20260925/Build/Products/Test-iphonesimulator/PicPacPoeUITests-Runner.app/PlugIns/PicPacPoeUITests.xctest/PicPacPoeUITests --dependency-file /tmp/picpac-phase3-recovery-lifecycle-derived-20260925/Build/Intermediates.noindex/PicPacPoe.build/Test-iphonesimulator/PicPacPoeUITests.build/Objects-normal/arm64/PicPacPoeUITests_dependency_info.dat --stringsdata-file /tmp/picpac-phase3-recovery-lifecycle-derived-20260925/Build/Intermediates.noindex/PicPacPoe.build/Test-iphonesimulator/PicPacPoeUITests.build/Objects-normal/arm64/ExtractedAppShortcutsMetadata.stringsdata --source-file-list /tmp/picpac-phase3-recovery-lifecycle-derived-20260925/Build/Intermediates.noindex/PicPacPoe.build/Test-iphonesimulator/PicPacPoeUITests.build/Objects-normal/arm64/PicPacPoeUITests.SwiftFileList --metadata-file-list /tmp/picpac-phase3-recovery-lifecycle-derived-20260925/Build/Intermediates.noindex/PicPacPoe.build/Test-iphonesimulator/PicPacPoeUITests.build/PicPacPoeUITests.DependencyMetadataFileList --static-metadata-file-list /tmp/picpac-phase3-recovery-lifecycle-derived-20260925/Build/Intermediates.noindex/PicPacPoe.build/Test-iphonesimulator/PicPacPoeUITests.build/PicPacPoeUITests.DependencyStaticMetadataFileList --swift-const-vals-list /tmp/picpac-phase3-recovery-lifecycle-derived-20260925/Build/Intermediates.noindex/PicPacPoe.build/Test-iphonesimulator/PicPacPoeUITests.build/Objects-normal/arm64/PicPacPoeUITests.SwiftConstValuesFileList --compile-time-extraction --deployment-aware-processing --validate-assistant-intents --no-app-shortcuts-localization
2026-09-25 04:44:28.302 appintentsmetadataprocessor[84331:115725323] Starting appintentsmetadataprocessor export
2026-09-25 04:44:28.304 appintentsmetadataprocessor[84331:115725323] warning: Metadata extraction skipped. No AppIntents.framework dependency found.

GenerateDSYMFile /tmp/picpac-phase3-recovery-lifecycle-derived-20260925/Build/Products/Test-iphonesimulator/PicPacPoeUITests-Runner.app/PlugIns/PicPacPoeUITests.xctest.dSYM /tmp/picpac-phase3-recovery-lifecycle-derived-20260925/Build/Products/Test-iphonesimulator/PicPacPoeUITests-Runner.app/PlugIns/PicPacPoeUITests.xctest/PicPacPoeUITests (in target 'PicPacPoeUITests' from project 'PicPacPoe')
    cd /Users/bavabangaru/Developer/pic-pac-poe-ios-native-parity/ios
    /Applications/Xcode.app/Contents/Developer/Toolchains/XcodeDefault.xctoolchain/usr/bin/dsymutil /tmp/picpac-phase3-recovery-lifecycle-derived-20260925/Build/Products/Test-iphonesimulator/PicPacPoeUITests-Runner.app/PlugIns/PicPacPoeUITests.xctest/PicPacPoeUITests -o /tmp/picpac-phase3-recovery-lifecycle-derived-20260925/Build/Products/Test-iphonesimulator/PicPacPoeUITests-Runner.app/PlugIns/PicPacPoeUITests.xctest.dSYM

AppIntentsSSUTraining (in target 'PicPacPoeUITests' from project 'PicPacPoe')
    cd /Users/bavabangaru/Developer/pic-pac-poe-ios-native-parity/ios
    /Applications/Xcode.app/Contents/Developer/Toolchains/XcodeDefault.xctoolchain/usr/bin/appintentsnltrainingprocessor --infoplist-path /tmp/picpac-phase3-recovery-lifecycle-derived-20260925/Build/Products/Test-iphonesimulator/PicPacPoeUITests-Runner.app/PlugIns/PicPacPoeUITests.xctest/Info.plist --temp-dir-path /tmp/picpac-phase3-recovery-lifecycle-derived-20260925/Build/Intermediates.noindex/PicPacPoe.build/Test-iphonesimulator/PicPacPoeUITests.build/ssu --bundle-id dev.saipranith.picpacpoe.uitests --product-path /tmp/picpac-phase3-recovery-lifecycle-derived-20260925/Build/Products/Test-iphonesimulator/PicPacPoeUITests-Runner.app/PlugIns/PicPacPoeUITests.xctest --extracted-metadata-path /tmp/picpac-phase3-recovery-lifecycle-derived-20260925/Build/Products/Test-iphonesimulator/PicPacPoeUITests-Runner.app/PlugIns/PicPacPoeUITests.xctest/Metadata.appintents --metadata-file-list /tmp/picpac-phase3-recovery-lifecycle-derived-20260925/Build/Intermediates.noindex/PicPacPoe.build/Test-iphonesimulator/PicPacPoeUITests.build/PicPacPoeUITests.DependencyMetadataFileList --source-file /tmp/picpac-phase3-recovery-lifecycle-derived-20260925/Build/Products/Test-iphonesimulator/PicPacPoeUITests-Runner.app/PlugIns/PicPacPoeUITests.xctest/Info.plist --archive-ssu-assets
2026-09-25 04:44:28.330 appintentsnltrainingprocessor[84333:115725328] Parsing options for appintentsnltrainingprocessor
2026-09-25 04:44:28.330 appintentsnltrainingprocessor[84333:115725328] Starting AppIntents SSU YAML Generation
2026-09-25 04:44:28.330 appintentsnltrainingprocessor[84333:115725328] No AppShortcuts found - Skipping.

CopyPlistFile /tmp/picpac-phase3-recovery-lifecycle-derived-20260925/Build/Products/Test-iphonesimulator/PicPacPoeUITests-Runner.app/Info.plist /Applications/Xcode.app/Contents/Developer/Platforms/iPhoneSimulator.platform/Developer/Library/Xcode/Agents/XCTRunner.app/Info.plist (in target 'PicPacPoeUITests' from project 'PicPacPoe')
    cd /Users/bavabangaru/Developer/pic-pac-poe-ios-native-parity/ios
    builtin-copyPlist --validate --convert xml1 --macro-expansion WRAPPEDPRODUCTNAME PicPacPoeUITests-Runner --macro-expansion WRAPPEDPRODUCTBUNDLEIDENTIFIER dev.saipranith.picpacpoe.uitests.xctrunner --macro-expansion TESTPRODUCTNAME PicPacPoeUITests --macro-expansion TESTPRODUCTBUNDLEIDENTIFIER dev.saipranith.picpacpoe.uitests --copy-value UIDeviceFamily /tmp/picpac-phase3-recovery-lifecycle-derived-20260925/Build/Products/Test-iphonesimulator/PicPacPoeUITests-Runner.app/PlugIns/PicPacPoeUITests.xctest/Info.plist --outdir /tmp/picpac-phase3-recovery-lifecycle-derived-20260925/Build/Products/Test-iphonesimulator/PicPacPoeUITests-Runner.app -- /Applications/Xcode.app/Contents/Developer/Platforms/iPhoneSimulator.platform/Developer/Library/Xcode/Agents/XCTRunner.app/Info.plist

CopyAndPreserveArchs /tmp/picpac-phase3-recovery-lifecycle-derived-20260925/Build/Products/Test-iphonesimulator/PicPacPoeUITests-Runner.app/PicPacPoeUITests-Runner (in target 'PicPacPoeUITests' from project 'PicPacPoe')
    cd /Users/bavabangaru/Developer/pic-pac-poe-ios-native-parity/ios
    /Applications/Xcode.app/Contents/Developer/Toolchains/XcodeDefault.xctoolchain/usr/bin/lipo /Applications/Xcode.app/Contents/Developer/Platforms/iPhoneSimulator.platform/Developer/Library/Xcode/Agents/XCTRunner.app/XCTRunner -output /tmp/picpac-phase3-recovery-lifecycle-derived-20260925/Build/Products/Test-iphonesimulator/PicPacPoeUITests-Runner.app/PicPacPoeUITests-Runner -extract arm64

MkDir /tmp/picpac-phase3-recovery-lifecycle-derived-20260925/Build/Products/Test-iphonesimulator/PicPacPoeUITests-Runner.app (in target 'PicPacPoeUITests' from project 'PicPacPoe')
    cd /Users/bavabangaru/Developer/pic-pac-poe-ios-native-parity/ios
    /bin/mkdir -p /tmp/picpac-phase3-recovery-lifecycle-derived-20260925/Build/Products/Test-iphonesimulator/PicPacPoeUITests-Runner.app

Copy /tmp/picpac-phase3-recovery-lifecycle-derived-20260925/Build/Products/Test-iphonesimulator/PicPacPoeUITests-Runner.app/PkgInfo /Applications/Xcode.app/Contents/Developer/Platforms/iPhoneSimulator.platform/Developer/Library/Xcode/Agents/XCTRunner.app/PkgInfo (in target 'PicPacPoeUITests' from project 'PicPacPoe')
    cd /Users/bavabangaru/Developer/pic-pac-poe-ios-native-parity/ios
    builtin-copy -exclude .DS_Store -exclude CVS -exclude .svn -exclude .git -exclude .hg -resolve-src-symlinks /Applications/Xcode.app/Contents/Developer/Platforms/iPhoneSimulator.platform/Developer/Library/Xcode/Agents/XCTRunner.app/PkgInfo /tmp/picpac-phase3-recovery-lifecycle-derived-20260925/Build/Products/Test-iphonesimulator/PicPacPoeUITests-Runner.app

Copy /tmp/picpac-phase3-recovery-lifecycle-derived-20260925/Build/Products/Test-iphonesimulator/PicPacPoeUITests-Runner.app/Frameworks/XCUnit.framework /Applications/Xcode.app/Contents/Developer/Platforms/iPhoneSimulator.platform/Developer/Library/PrivateFrameworks/XCUnit.framework (in target 'PicPacPoeUITests' from project 'PicPacPoe')
    cd /Users/bavabangaru/Developer/pic-pac-poe-ios-native-parity/ios
    builtin-copy -exclude .DS_Store -exclude CVS -exclude .svn -exclude .git -exclude .hg -exclude Headers -exclude PrivateHeaders -exclude Modules -exclude \*.tbd -resolve-src-symlinks /Applications/Xcode.app/Contents/Developer/Platforms/iPhoneSimulator.platform/Developer/Library/PrivateFrameworks/XCUnit.framework /tmp/picpac-phase3-recovery-lifecycle-derived-20260925/Build/Products/Test-iphonesimulator/PicPacPoeUITests-Runner.app/Frameworks

Copy /tmp/picpac-phase3-recovery-lifecycle-derived-20260925/Build/Products/Test-iphonesimulator/PicPacPoeUITests-Runner.app/Frameworks/XCUIAutomation.framework /Applications/Xcode.app/Contents/Developer/Platforms/iPhoneSimulator.platform/Developer/Library/Frameworks/XCUIAutomation.framework (in target 'PicPacPoeUITests' from project 'PicPacPoe')
    cd /Users/bavabangaru/Developer/pic-pac-poe-ios-native-parity/ios
    builtin-copy -exclude .DS_Store -exclude CVS -exclude .svn -exclude .git -exclude .hg -exclude Headers -exclude PrivateHeaders -exclude Modules -exclude \*.tbd -resolve-src-symlinks /Applications/Xcode.app/Contents/Developer/Platforms/iPhoneSimulator.platform/Developer/Library/Frameworks/XCUIAutomation.framework /tmp/picpac-phase3-recovery-lifecycle-derived-20260925/Build/Products/Test-iphonesimulator/PicPacPoeUITests-Runner.app/Frameworks

Copy /tmp/picpac-phase3-recovery-lifecycle-derived-20260925/Build/Products/Test-iphonesimulator/PicPacPoeUITests-Runner.app/Frameworks/XCTestSupport.framework /Applications/Xcode.app/Contents/Developer/Platforms/iPhoneSimulator.platform/Developer/Library/PrivateFrameworks/XCTestSupport.framework (in target 'PicPacPoeUITests' from project 'PicPacPoe')
    cd /Users/bavabangaru/Developer/pic-pac-poe-ios-native-parity/ios
    builtin-copy -exclude .DS_Store -exclude CVS -exclude .svn -exclude .git -exclude .hg -exclude Headers -exclude PrivateHeaders -exclude Modules -exclude \*.tbd -resolve-src-symlinks /Applications/Xcode.app/Contents/Developer/Platforms/iPhoneSimulator.platform/Developer/Library/PrivateFrameworks/XCTestSupport.framework /tmp/picpac-phase3-recovery-lifecycle-derived-20260925/Build/Products/Test-iphonesimulator/PicPacPoeUITests-Runner.app/Frameworks

Copy /tmp/picpac-phase3-recovery-lifecycle-derived-20260925/Build/Products/Test-iphonesimulator/PicPacPoeUITests-Runner.app/Frameworks/libXCTestSwiftSupport.dylib /Applications/Xcode.app/Contents/Developer/Platforms/iPhoneSimulator.platform/Developer/usr/lib/libXCTestSwiftSupport.dylib (in target 'PicPacPoeUITests' from project 'PicPacPoe')
    cd /Users/bavabangaru/Developer/pic-pac-poe-ios-native-parity/ios
    builtin-copy -exclude .DS_Store -exclude CVS -exclude .svn -exclude .git -exclude .hg -exclude Headers -exclude PrivateHeaders -exclude Modules -exclude \*.tbd -resolve-src-symlinks /Applications/Xcode.app/Contents/Developer/Platforms/iPhoneSimulator.platform/Developer/usr/lib/libXCTestSwiftSupport.dylib /tmp/picpac-phase3-recovery-lifecycle-derived-20260925/Build/Products/Test-iphonesimulator/PicPacPoeUITests-Runner.app/Frameworks

Copy /tmp/picpac-phase3-recovery-lifecycle-derived-20260925/Build/Products/Test-iphonesimulator/PicPacPoeUITests-Runner.app/Frameworks/XCTestCore.framework /Applications/Xcode.app/Contents/Developer/Platforms/iPhoneSimulator.platform/Developer/Library/PrivateFrameworks/XCTestCore.framework (in target 'PicPacPoeUITests' from project 'PicPacPoe')
    cd /Users/bavabangaru/Developer/pic-pac-poe-ios-native-parity/ios
    builtin-copy -exclude .DS_Store -exclude CVS -exclude .svn -exclude .git -exclude .hg -exclude Headers -exclude PrivateHeaders -exclude Modules -exclude \*.tbd -resolve-src-symlinks /Applications/Xcode.app/Contents/Developer/Platforms/iPhoneSimulator.platform/Developer/Library/PrivateFrameworks/XCTestCore.framework /tmp/picpac-phase3-recovery-lifecycle-derived-20260925/Build/Products/Test-iphonesimulator/PicPacPoeUITests-Runner.app/Frameworks

Copy /tmp/picpac-phase3-recovery-lifecycle-derived-20260925/Build/Products/Test-iphonesimulator/PicPacPoeUITests-Runner.app/Frameworks/XCTest.framework /Applications/Xcode.app/Contents/Developer/Platforms/iPhoneSimulator.platform/Developer/Library/Frameworks/XCTest.framework (in target 'PicPacPoeUITests' from project 'PicPacPoe')
    cd /Users/bavabangaru/Developer/pic-pac-poe-ios-native-parity/ios
    builtin-copy -exclude .DS_Store -exclude CVS -exclude .svn -exclude .git -exclude .hg -exclude Headers -exclude PrivateHeaders -exclude Modules -exclude \*.tbd -resolve-src-symlinks /Applications/Xcode.app/Contents/Developer/Platforms/iPhoneSimulator.platform/Developer/Library/Frameworks/XCTest.framework /tmp/picpac-phase3-recovery-lifecycle-derived-20260925/Build/Products/Test-iphonesimulator/PicPacPoeUITests-Runner.app/Frameworks

Copy /tmp/picpac-phase3-recovery-lifecycle-derived-20260925/Build/Products/Test-iphonesimulator/PicPacPoeUITests-Runner.app/Frameworks/XCTAutomationSupport.framework /Applications/Xcode.app/Contents/Developer/Platforms/iPhoneSimulator.platform/Developer/Library/PrivateFrameworks/XCTAutomationSupport.framework (in target 'PicPacPoeUITests' from project 'PicPacPoe')
    cd /Users/bavabangaru/Developer/pic-pac-poe-ios-native-parity/ios
    builtin-copy -exclude .DS_Store -exclude CVS -exclude .svn -exclude .git -exclude .hg -exclude Headers -exclude PrivateHeaders -exclude Modules -exclude \*.tbd -resolve-src-symlinks /Applications/Xcode.app/Contents/Developer/Platforms/iPhoneSimulator.platform/Developer/Library/PrivateFrameworks/XCTAutomationSupport.framework /tmp/picpac-phase3-recovery-lifecycle-derived-20260925/Build/Products/Test-iphonesimulator/PicPacPoeUITests-Runner.app/Frameworks

Copy /tmp/picpac-phase3-recovery-lifecycle-derived-20260925/Build/Products/Test-iphonesimulator/PicPacPoeUITests-Runner.app/Frameworks/Testing.framework /Applications/Xcode.app/Contents/Developer/Platforms/iPhoneSimulator.platform/Developer/Library/Frameworks/Testing.framework (in target 'PicPacPoeUITests' from project 'PicPacPoe')
    cd /Users/bavabangaru/Developer/pic-pac-poe-ios-native-parity/ios
    builtin-copy -exclude .DS_Store -exclude CVS -exclude .svn -exclude .git -exclude .hg -exclude Headers -exclude PrivateHeaders -exclude Modules -exclude \*.tbd -resolve-src-symlinks /Applications/Xcode.app/Contents/Developer/Platforms/iPhoneSimulator.platform/Developer/Library/Frameworks/Testing.framework /tmp/picpac-phase3-recovery-lifecycle-derived-20260925/Build/Products/Test-iphonesimulator/PicPacPoeUITests-Runner.app/Frameworks

RegisterExecutionPolicyException /tmp/picpac-phase3-recovery-lifecycle-derived-20260925/Build/Products/Test-iphonesimulator/PicPacPoeUITests-Runner.app/PlugIns/PicPacPoeUITests.xctest (in target 'PicPacPoeUITests' from project 'PicPacPoe')
    cd /Users/bavabangaru/Developer/pic-pac-poe-ios-native-parity/ios
    builtin-RegisterExecutionPolicyException /tmp/picpac-phase3-recovery-lifecycle-derived-20260925/Build/Products/Test-iphonesimulator/PicPacPoeUITests-Runner.app/PlugIns/PicPacPoeUITests.xctest

Touch /tmp/picpac-phase3-recovery-lifecycle-derived-20260925/Build/Products/Test-iphonesimulator/PicPacPoeUITests-Runner.app/PlugIns/PicPacPoeUITests.xctest (in target 'PicPacPoeUITests' from project 'PicPacPoe')
    cd /Users/bavabangaru/Developer/pic-pac-poe-ios-native-parity/ios
    /usr/bin/touch -c /tmp/picpac-phase3-recovery-lifecycle-derived-20260925/Build/Products/Test-iphonesimulator/PicPacPoeUITests-Runner.app/PlugIns/PicPacPoeUITests.xctest

2026-09-25 04:44:39.750754-0400 PicPacPoe[84403:115726417] [plugin] AddInstanceForFactory: No factory registered for id <CFUUID 0x10769cd20> F8BB1C28-BAE8-11D6-9C31-00039315CD46
IOSurfaceClientSetSurfaceNotify failed e00002c7
Test Suite 'All tests' started at 2026-09-25 04:44:40.329.
Test Suite 'PicPacPoeTests.xctest' started at 2026-09-25 04:44:40.329.
Test Suite 'PicPacPoeIntegrationTests' started at 2026-09-25 04:44:40.329.
Test Case '-[PicPacPoeTests.PicPacPoeIntegrationTests testAppHostLoadsPresentationPackage]' started.
Test Case '-[PicPacPoeTests.PicPacPoeIntegrationTests testAppHostLoadsPresentationPackage]' passed (0.001 seconds).
Test Case '-[PicPacPoeTests.PicPacPoeIntegrationTests testBoardAnnouncementsDistinguishTargetFromCommittedPiece]' started.
Test Case '-[PicPacPoeTests.PicPacPoeIntegrationTests testBoardAnnouncementsDistinguishTargetFromCommittedPiece]' passed (0.001 seconds).
Test Case '-[PicPacPoeTests.PicPacPoeIntegrationTests testBothPalettesPreserveWordmarkAndActorContrast]' started.
Test Case '-[PicPacPoeTests.PicPacPoeIntegrationTests testBothPalettesPreserveWordmarkAndActorContrast]' passed (0.001 seconds).
Test Case '-[PicPacPoeTests.PicPacPoeIntegrationTests testBundledBrandFontsResolveAndMatchCanonicalFiles]' started.
Test Case '-[PicPacPoeTests.PicPacPoeIntegrationTests testBundledBrandFontsResolveAndMatchCanonicalFiles]' passed (0.012 seconds).
Test Case '-[PicPacPoeTests.PicPacPoeIntegrationTests testDebugCaptureSnapshotsRestoreWithoutLosingStage]' started.
Test Case '-[PicPacPoeTests.PicPacPoeIntegrationTests testDebugCaptureSnapshotsRestoreWithoutLosingStage]' passed (0.009 seconds).
Test Case '-[PicPacPoeTests.PicPacPoeIntegrationTests testFeedbackCuesAreSmallLocalPCMFiles]' started.
Test Case '-[PicPacPoeTests.PicPacPoeIntegrationTests testFeedbackCuesAreSmallLocalPCMFiles]' passed (0.002 seconds).
Test Case '-[PicPacPoeTests.PicPacPoeIntegrationTests testHomeMotionIsBoundedAndReducedMotionNeverScales]' started.
Test Case '-[PicPacPoeTests.PicPacPoeIntegrationTests testHomeMotionIsBoundedAndReducedMotionNeverScales]' passed (0.003 seconds).
Test Case '-[PicPacPoeTests.PicPacPoeIntegrationTests testSettingsCaptureMatchesCanonicalControlStates]' started.
Test Case '-[PicPacPoeTests.PicPacPoeIntegrationTests testSettingsCaptureMatchesCanonicalControlStates]' passed (0.004 seconds).
Test Case '-[PicPacPoeTests.PicPacPoeIntegrationTests testTransitionSpeechNeverReplaysRestorationOrDuplicatesFocusedContent]' started.
Test Case '-[PicPacPoeTests.PicPacPoeIntegrationTests testTransitionSpeechNeverReplaysRestorationOrDuplicatesFocusedContent]' passed (0.001 seconds).
Test Case '-[PicPacPoeTests.PicPacPoeIntegrationTests testWordmarkFittingKeepsAllFiveRunsInsideGutters]' started.
Test Case '-[PicPacPoeTests.PicPacPoeIntegrationTests testWordmarkFittingKeepsAllFiveRunsInsideGutters]' passed (0.028 seconds).
Test Suite 'PicPacPoeIntegrationTests' passed at 2026-09-25 04:44:40.414.
	 Executed 10 tests, with 0 failures (0 unexpected) in 0.062 (0.084) seconds
Test Suite 'PicPacPoePerformanceIntegrationTests' started at 2026-09-25 04:44:40.414.
Test Case '-[PicPacPoeTests.PicPacPoePerformanceIntegrationTests testSimulatorProductionSearchBudgetLatencyAndCancellation]' started.
SIMULATOR_SEARCH_PERFORMANCE_JSON {"environment":{"configuration":"Test (application -Onone; production Swift package -O)","deviceName":"PicPacPoe Phase3 Performance","kind":"actual-iOS-simulator-hosted-test","model":"iPhone18,1","systemVersion":"26.5"},"hardColdMilliseconds":[77.196416999999997,77.198166999999998,79.017041000000006],"hardColdNodes":[109706,109706,109706],"hardInFlightCancellationMilliseconds":[2.6618750000000002,0.23066600000000001,0.21762500000000001],"hardWarmMilliseconds":[0.018667,0.016750000000000001,0.021999999999999999],"hardWarmNodes":[18,18,18],"mctsCompletedSimulationsPerCall":2000,"mctsMilliseconds":[25.013415999999999,23.434374999999999,25.010583],"physicalDeviceEvidence":false,"sampleCount":3,"schemaVersion":1}
Test Case '-[PicPacPoeTests.PicPacPoePerformanceIntegrationTests testSimulatorProductionSearchBudgetLatencyAndCancellation]' passed (0.335 seconds).
Test Case '-[PicPacPoeTests.PicPacPoePerformanceIntegrationTests testVisibleHomeMotionAndLiveHardTurnDisplayCadence]' started.
2026-09-25 04:44:40.762216-0400 PicPacPoe[84403:115726417] [Invalid Configuration] SceneStorage is only for use with SwiftUI App Lifecycle. This will become a fatal error in a future release.
2026-09-25 04:44:40.763102-0400 PicPacPoe[84403:115726417] [SwiftUI] Accessing a SceneStorage value outside of being installed on a View or outside SwiftUI App Lifecycle. This will always return the default value.
2026-09-25 04:44:40.767882-0400 PicPacPoe[84403:115726417] [SwiftUI] Accessing a SceneStorage value outside of being installed on a View or outside SwiftUI App Lifecycle. This will always return the default value.
2026-09-25 04:44:40.768727-0400 PicPacPoe[84403:115726417] [SwiftUI] Accessing a SceneStorage value outside of being installed on a View or outside SwiftUI App Lifecycle. This will always return the default value.
2026-09-25 04:44:40.769273-0400 PicPacPoe[84403:115726417] [SwiftUI] Accessing a SceneStorage value outside of being installed on a View or outside SwiftUI App Lifecycle. This will always return the default value.
2026-09-25 04:44:40.769945-0400 PicPacPoe[84403:115726417] [SwiftUI] Accessing a SceneStorage value outside of being installed on a View or outside SwiftUI App Lifecycle. This will always return the default value.
2026-09-25 04:44:40.770572-0400 PicPacPoe[84403:115726417] [SwiftUI] Accessing a SceneStorage value outside of being installed on a View or outside SwiftUI App Lifecycle. This will always return the default value.
2026-09-25 04:44:40.771136-0400 PicPacPoe[84403:115726417] [SwiftUI] Accessing a SceneStorage value outside of being installed on a View or outside SwiftUI App Lifecycle. This will always return the default value.
2026-09-25 04:44:40.776973-0400 PicPacPoe[84403:115726417] [Invalid Configuration] SceneStorage is only for use with SwiftUI App Lifecycle. This will become a fatal error in a future release.
2026-09-25 04:44:45.748199-0400 PicPacPoe[84403:115726417] [SwiftUI] Accessing a SceneStorage value outside of being installed on a View or outside SwiftUI App Lifecycle. This will always return the default value.
2026-09-25 04:44:45.751746-0400 PicPacPoe[84403:115726417] [SwiftUI] Accessing a SceneStorage value outside of being installed on a View or outside SwiftUI App Lifecycle. This will always return the default value.
2026-09-25 04:44:45.752324-0400 PicPacPoe[84403:115726417] [SwiftUI] Accessing a SceneStorage value outside of being installed on a View or outside SwiftUI App Lifecycle. This will always return the default value.
2026-09-25 04:44:45.752782-0400 PicPacPoe[84403:115726417] [SwiftUI] Accessing a SceneStorage value outside of being installed on a View or outside SwiftUI App Lifecycle. This will always return the default value.
2026-09-25 04:44:47.693943-0400 PicPacPoe[84403:115726417] [Invalid Configuration] SceneStorage is only for use with SwiftUI App Lifecycle. This will become a fatal error in a future release.
2026-09-25 04:44:47.695924-0400 PicPacPoe[84403:115726417] [SwiftUI] Accessing a SceneStorage value outside of being installed on a View or outside SwiftUI App Lifecycle. This will always return the default value.
2026-09-25 04:44:47.699948-0400 PicPacPoe[84403:115726417] [SwiftUI] Accessing a SceneStorage value outside of being installed on a View or outside SwiftUI App Lifecycle. This will always return the default value.
2026-09-25 04:44:47.701374-0400 PicPacPoe[84403:115726417] [SwiftUI] Accessing a SceneStorage value outside of being installed on a View or outside SwiftUI App Lifecycle. This will always return the default value.
2026-09-25 04:44:47.701840-0400 PicPacPoe[84403:115726417] [SwiftUI] Accessing a SceneStorage value outside of being installed on a View or outside SwiftUI App Lifecycle. This will always return the default value.
2026-09-25 04:44:47.709933-0400 PicPacPoe[84403:115726417] [Invalid Configuration] SceneStorage is only for use with SwiftUI App Lifecycle. This will become a fatal error in a future release.
2026-09-25 04:44:47.710760-0400 PicPacPoe[84403:115726417] [SwiftUI] Accessing a SceneStorage value outside of being installed on a View or outside SwiftUI App Lifecycle. This will always return the default value.
2026-09-25 04:44:47.716751-0400 PicPacPoe[84403:115726417] [SwiftUI] Accessing a SceneStorage value outside of being installed on a View or outside SwiftUI App Lifecycle. This will always return the default value.
2026-09-25 04:44:47.717370-0400 PicPacPoe[84403:115726417] [SwiftUI] Accessing a SceneStorage value outside of being installed on a View or outside SwiftUI App Lifecycle. This will always return the default value.
2026-09-25 04:44:47.717772-0400 PicPacPoe[84403:115726417] [SwiftUI] Accessing a SceneStorage value outside of being installed on a View or outside SwiftUI App Lifecycle. This will always return the default value.
2026-09-25 04:44:47.718347-0400 PicPacPoe[84403:115726417] [SwiftUI] Accessing a SceneStorage value outside of being installed on a View or outside SwiftUI App Lifecycle. This will always return the default value.
2026-09-25 04:44:47.718857-0400 PicPacPoe[84403:115726417] [SwiftUI] Accessing a SceneStorage value outside of being installed on a View or outside SwiftUI App Lifecycle. This will always return the default value.
2026-09-25 04:44:47.719351-0400 PicPacPoe[84403:115726417] [SwiftUI] Accessing a SceneStorage value outside of being installed on a View or outside SwiftUI App Lifecycle. This will always return the default value.
2026-09-25 04:44:47.723864-0400 PicPacPoe[84403:115726417] [Invalid Configuration] SceneStorage is only for use with SwiftUI App Lifecycle. This will become a fatal error in a future release.
2026-09-25 04:44:52.698210-0400 PicPacPoe[84403:115726417] [SwiftUI] Accessing a SceneStorage value outside of being installed on a View or outside SwiftUI App Lifecycle. This will always return the default value.
2026-09-25 04:44:52.700682-0400 PicPacPoe[84403:115726417] [SwiftUI] Accessing a SceneStorage value outside of being installed on a View or outside SwiftUI App Lifecycle. This will always return the default value.
2026-09-25 04:44:52.701169-0400 PicPacPoe[84403:115726417] [SwiftUI] Accessing a SceneStorage value outside of being installed on a View or outside SwiftUI App Lifecycle. This will always return the default value.
2026-09-25 04:44:52.701680-0400 PicPacPoe[84403:115726417] [SwiftUI] Accessing a SceneStorage value outside of being installed on a View or outside SwiftUI App Lifecycle. This will always return the default value.
2026-09-25 04:44:54.619070-0400 PicPacPoe[84403:115726417] [Invalid Configuration] SceneStorage is only for use with SwiftUI App Lifecycle. This will become a fatal error in a future release.
2026-09-25 04:44:54.619534-0400 PicPacPoe[84403:115726417] [SwiftUI] Accessing a SceneStorage value outside of being installed on a View or outside SwiftUI App Lifecycle. This will always return the default value.
2026-09-25 04:44:54.620850-0400 PicPacPoe[84403:115726417] [SwiftUI] Accessing a SceneStorage value outside of being installed on a View or outside SwiftUI App Lifecycle. This will always return the default value.
2026-09-25 04:44:54.621147-0400 PicPacPoe[84403:115726417] [SwiftUI] Accessing a SceneStorage value outside of being installed on a View or outside SwiftUI App Lifecycle. This will always return the default value.
2026-09-25 04:44:54.621407-0400 PicPacPoe[84403:115726417] [SwiftUI] Accessing a SceneStorage value outside of being installed on a View or outside SwiftUI App Lifecycle. This will always return the default value.
SIMULATOR_FRAME_PACING_JSON {"environment":{"configuration":"Test (application -Onone; production Swift package -O)","deviceName":"PicPacPoe Phase3 Performance","kind":"actual-iOS-simulator-hosted-test","model":"iPhone18,1","systemVersion":"26.5"},"gpuCompletionMeasured":false,"homeDecorativeSnapshotWrites":0,"homeDrawCalls":0,"homeTemporalSequences":[{"activeFrames":[{"attachmentName":"home-normal-motion-active-0.0","captureUptimeSeconds":5063758.723492709,"elapsedObservedSeconds":1.7083249986171722e-05,"pixelHeight":2622,"pixelWidth":1206,"pngSHA256":"a60ec24655f320c818266e38ec0b5da2220fa84f7484370118c09e33d6de00a3","requestedOffsetSeconds":0},{"attachmentName":"home-normal-motion-active-0.34","captureUptimeSeconds":5063759.070892917,"elapsedObservedSeconds":0.34741729125380516,"pixelHeight":2622,"pixelWidth":1206,"pngSHA256":"a60ec24655f320c818266e38ec0b5da2220fa84f7484370118c09e33d6de00a3","requestedOffsetSeconds":0.34000000000000002},{"attachmentName":"home-normal-motion-active-1.4","captureUptimeSeconds":5063760.1277293339,"elapsedObservedSeconds":1.4042537081986666,"pixelHeight":2622,"pixelWidth":1206,"pngSHA256":"6c54300409b8f28373d1d6401f3005f3f2d459d5428d215170bb0701606bc0f3","requestedOffsetSeconds":1.3999999999999999}],"capture":"Full visible UIWindow.drawHierarchy, including safe areas; no crop or synthetic content","decorativeSnapshotWrites":0,"drawCalls":0,"gameStateUnchanged":true,"inactiveDecorativeSnapshotWrites":0,"inactiveFrames":[{"attachmentName":"home-normal-motion-inactive-start","captureUptimeSeconds":5063760.3838663334,"elapsedObservedSeconds":3.3332034945487976e-06,"pixelHeight":2622,"pixelWidth":1206,"pngSHA256":"a60ec24655f320c818266e38ec0b5da2220fa84f7484370118c09e33d6de00a3","requestedOffsetSeconds":0},{"attachmentName":"home-normal-motion-inactive-plus-1.5","captureUptimeSeconds":5063762.0292133754,"elapsedObservedSeconds":1.645350375212729,"pixelHeight":2622,"pixelWidth":1206,"pngSHA256":"a60ec24655f320c818266e38ec0b5da2220fa84f7484370118c09e33d6de00a3","requestedOffsetSeconds":1.5}],"inactivePixelIdentical":true,"inactiveSequenceStartUptimeSeconds":5063760.3838630002,"mode":"home-normal-motion","sequenceStartUptimeSeconds":5063758.7234756257,"timing":"Requested offsets from sequence start after cadence sample; elapsedObservedSeconds is authoritative, not a controlled animation phase"},{"activeFrames":[{"attachmentName":"home-reduce-motion-active-0.0","captureUptimeSeconds":5063765.6699002506,"elapsedObservedSeconds":3.5837292671203613e-06,"pixelHeight":2622,"pixelWidth":1206,"pngSHA256":"a60ec24655f320c818266e38ec0b5da2220fa84f7484370118c09e33d6de00a3","requestedOffsetSeconds":0},{"attachmentName":"home-reduce-motion-active-0.34","captureUptimeSeconds":5063766.0110547505,"elapsedObservedSeconds":0.34115808364003897,"pixelHeight":2622,"pixelWidth":1206,"pngSHA256":"a60ec24655f320c818266e38ec0b5da2220fa84f7484370118c09e33d6de00a3","requestedOffsetSeconds":0.34000000000000002},{"attachmentName":"home-reduce-motion-active-1.4","captureUptimeSeconds":5063767.0709099583,"elapsedObservedSeconds":1.4010132914409041,"pixelHeight":2622,"pixelWidth":1206,"pngSHA256":"6c54300409b8f28373d1d6401f3005f3f2d459d5428d215170bb0701606bc0f3","requestedOffsetSeconds":1.3999999999999999}],"capture":"Full visible UIWindow.drawHierarchy, including safe areas; no crop or synthetic content","decorativeSnapshotWrites":0,"drawCalls":0,"gameStateUnchanged":true,"inactiveDecorativeSnapshotWrites":0,"inactiveFrames":[{"attachmentName":"home-reduce-motion-inactive-start","captureUptimeSeconds":5063767.3334341673,"elapsedObservedSeconds":5.0840899348258972e-06,"pixelHeight":2622,"pixelWidth":1206,"pngSHA256":"a60ec24655f320c818266e38ec0b5da2220fa84f7484370118c09e33d6de00a3","requestedOffsetSeconds":0},{"attachmentName":"home-reduce-motion-inactive-plus-1.5","captureUptimeSeconds":5063768.9780662507,"elapsedObservedSeconds":1.6446371674537659,"pixelHeight":2622,"pixelWidth":1206,"pngSHA256":"a60ec24655f320c818266e38ec0b5da2220fa84f7484370118c09e33d6de00a3","requestedOffsetSeconds":1.5}],"inactivePixelIdentical":true,"inactiveSequenceStartUptimeSeconds":5063767.3334290832,"mode":"home-reduce-motion","sequenceStartUptimeSeconds":5063765.6698966669,"timing":"Requested offsets from sequence start after cadence sample; elapsedObservedSeconds is authoritative, not a controlled animation phase"}],"liveHardStages":["turnStart","revealing","aiTargeting","aiPlacing","aiSettling","turnStart","revealing","playing"],"measurement":"CADisplayLink delivered timestamps and actual main-runloop callback intervals","physicalDeviceEvidence":false,"requestedDisplayLinkHz":60,"samples":[{"callbackIntervalsMilliseconds":[16.743208281695843,33.00416748970747,16.692208126187325,16.955374740064144,16.396291553974152,16.657999716699123,16.672208905220032,16.633958555757999,16.716375015676022,16.5970828384161,16.679208725690842,16.628541052341461,16.883875243365765,16.506416723132133,16.625749878585339,16.710583120584488,16.641875728964806,16.634915955364704,16.633125022053719,16.718708910048008,16.701541841030121,16.599957831203938,16.684750095009804,16.720041632652283,16.623999923467636,16.610166989266872,16.720375046133995,16.680541448295116,16.704333014786243,16.583249904215336,16.707916744053364,16.651250422000885,16.710207797586918,16.647292301058769,17.001458443701267,16.624249517917633,16.666791401803493,16.636292450129986,16.42658282071352,16.927042044699192,16.803666017949581,16.514667309820652,16.65362436324358,16.773958690464497,16.951708123087883,16.364292241632938,16.803999431431293,16.256917268037796,16.911166720092297,16.393999569118023,16.685999929904938,16.934166662395,16.716791316866875,16.615541651844978,16.700583510100842,16.654833219945431,16.68216660618782,16.709666699171066,16.632958315312862,16.711249947547913,16.611834056675434,16.826124861836433,16.606916673481464,16.584333032369614,16.623041592538357,16.710958443582058,16.300375573337078,16.976333223283291,16.664125025272369,16.688374802470207,20.045916549861431,12.904458679258823,16.720416024327278,17.195874825119972,16.080000437796116,17.0435830950737,16.766583546996117,16.525374725461006,16.672583296895027,16.728000715374947,16.608833335340023,16.761541366577148,16.58354140818119,16.674875281751156,16.655874438583851,16.683542169630527,16.656749881803989,16.706000082194805,16.590374521911144,16.867667436599731,16.494208015501499,16.67516678571701,16.73504151403904,16.541083343327045,16.624708659946918,16.730249859392643,16.620666719973087,16.853458248078823,16.514541581273079,16.680999659001827,16.717166639864445,16.590291634202003,16.691542230546474,16.70733280479908,16.620875336229801,16.729500144720078,16.613416373729706,16.659916378557682,16.641125082969666,16.675458289682865,16.664875671267509,16.722332686185837,16.609583981335163,16.717458143830299,16.626208089292049,16.653750091791153,16.739625483751297,16.602583229541779,16.729500144720078,16.631916165351868,16.65020827203989,16.65200013667345,16.67479146271944,16.65058359503746,16.857166774570942,16.499541699886322,16.651916317641735,16.684750095009804,16.795833595097065,16.529208049178123,16.850125044584274,16.54412504285574,16.770999878644943,16.584416851401329,16.649208031594753,16.809250228106976,16.569250263273716,16.744582913815975,16.572958789765835,16.359833069145679,16.732166521251202,16.911542043089867,16.636916436254978,16.691500321030617,16.344916075468063,17.025667242705822,16.527291387319565,16.696291975677013,16.850249841809273,16.474041156470776,16.66458323597908,16.841292381286621,16.469416208565235,16.670624725520611,17.180209048092365,16.170041635632515,16.674082726240158,16.737375408411026,16.333208419382572,16.660000197589397,16.699416562914848,16.628541052341461,16.825541853904724,16.580416820943356,16.736958175897598,16.596250236034393,16.630541533231735,16.618958674371243,16.958749853074551,16.412749886512756,16.673708334565163,16.666041687130928,16.637874767184258,16.703874804079533,16.623583622276783,16.676208004355431,16.699542291462421,16.567124985158443,16.693416051566601,16.701875254511833,16.649042256176472,16.664332710206509,16.645541414618492,19.803708419203758],"callbackMaxMilliseconds":33.00416748970747,"callbackP50Milliseconds":16.666791401803493,"callbackP95Milliseconds":16.955374740064144,"frameIntervalsMilliseconds":[16.666666604578495,16.666666604578495,16.666666604578495,16.666666604578495,16.666666604578495,16.666666604578495,16.666666604578495,16.666666604578495,16.666666604578495,16.666666604578495,16.666666604578495,16.66666753590107,16.666666604578495,16.666666604578495,16.666666604578495,16.666666604578495,16.666666604578495,16.666666604578495,16.666666604578495,16.666666604578495,16.666666604578495,16.666666604578495,16.666666604578495,16.666666604578495,16.666666604578495,16.666666604578495,16.66666753590107,16.666666604578495,16.666666604578495,16.666666604578495,16.666666604578495,16.666666604578495,16.666666604578495,16.666666604578495,16.666666604578495,16.666666604578495,16.666666604578495,16.666666604578495,16.666666604578495,16.666666604578495,16.666666604578495,16.66666753590107,16.666666604578495,16.666666604578495,16.666666604578495,16.666666604578495,16.666666604578495,16.666666604578495,16.666666604578495,16.666666604578495,16.666666604578495,16.666666604578495,16.666666604578495,16.666666604578495,16.666666604578495,16.666666604578495,16.66666753590107,16.666666604578495,16.666666604578495,16.666666604578495,16.666666604578495,16.666666604578495,16.666666604578495,16.666666604578495,16.666666604578495,16.666666604578495,16.666666604578495,16.666666604578495,16.666666604578495,16.666666604578495,16.666666604578495,16.66666753590107,16.666666604578495,16.666666604578495,16.666666604578495,16.666666604578495,16.666666604578495,16.666666604578495,16.666666604578495,16.666666604578495,16.666666604578495,16.666666604578495,16.666666604578495,16.666666604578495,16.666666604578495,16.666666604578495,16.66666753590107,16.666666604578495,16.666666604578495,16.666666604578495,16.666666604578495,16.666666604578495,16.666666604578495,16.666666604578495,16.666666604578495,16.666666604578495,16.666666604578495,16.666666604578495,16.666666604578495,16.666666604578495,16.666666604578495,16.66666753590107,16.666666604578495,16.666666604578495,16.666666604578495,16.666666604578495,16.666666604578495,16.666666604578495,16.666666604578495,16.666666604578495,16.666666604578495,16.666666604578495,16.666666604578495,16.666666604578495,16.666666604578495,16.666666604578495,16.66666753590107,16.666666604578495,16.666666604578495,16.666666604578495,16.666666604578495,16.666666604578495,16.666666604578495,16.666666604578495,16.666666604578495,16.666666604578495,16.666666604578495,16.666666604578495,16.666666604578495,16.666666604578495,16.666666604578495,16.66666753590107,16.666666604578495,16.666666604578495,16.666666604578495,16.666666604578495,16.666666604578495,16.666666604578495,16.666666604578495,16.666666604578495,16.666666604578495,16.666666604578495,16.666666604578495,16.666666604578495,16.666666604578495,16.666666604578495,16.66666753590107,16.666666604578495,16.666666604578495,16.666666604578495,16.666666604578495,16.666666604578495,16.666666604578495,16.666666604578495,16.666666604578495,16.666666604578495,16.666666604578495,16.666666604578495,16.666666604578495,16.666666604578495,16.666666604578495,16.66666753590107,16.666666604578495,16.666666604578495,16.666666604578495,16.666666604578495,16.666666604578495,16.666666604578495,16.666666604578495,16.666666604578495,16.666666604578495,16.666666604578495,16.666666604578495,16.666666604578495,16.666666604578495,16.666666604578495,16.66666753590107,16.666666604578495,16.666666604578495,16.666666604578495,16.666666604578495,16.666666604578495,16.666666604578495,16.666666604578495],"frameSamples":184,"intervalsOverOneAndHalfNominal":0,"nominalIntervalMilliseconds":16.666666604578495,"scenario":"home-normal-motion","timestampMaxMilliseconds":16.66666753590107,"timestampP50Milliseconds":16.666666604578495,"timestampP95Milliseconds":16.66666753590107},{"callbackIntervalsMilliseconds":[17.083457671105862,16.261708922684193,16.808750107884407,17.082999460399151,16.440167091786861,16.387541778385639,16.660957597196102,16.903750598430634,16.318791545927525,18.320875242352486,15.022290870547295,18.124083988368511,15.268333256244659,33.344624564051628,16.637208871543407,16.647624783217907,16.721582971513271,16.611292026937008,16.681875102221966,16.723291017115116,16.632041893899441,16.620708629488945,16.812833026051521,16.651417128741741,16.611499711871147,16.644458286464214,16.626667231321335,16.654666513204575,16.730708070099354,16.630625352263451,16.669541597366333,16.634457744657993,16.669292002916336,16.634083352982998,16.709041781723499,16.667958348989487,17.008124850690365,16.608666628599167,16.836457885801792,16.788916662335396,16.475250013172626,16.363875009119511,16.942583955824375,16.655916348099709,16.734583303332329,16.57966710627079,16.663874499499798,16.665583476424217,16.640916466712952,16.681875102221966,16.41354151070118,16.670041717588902,16.669458709657192,16.665791161358356,16.650041565299034,16.667041927576065,16.704833135008812,16.671791672706604,16.622000373899937,16.623083502054214,16.723833046853542,16.681083478033543,16.660541296005249,16.59404207020998,16.707916744053364,16.651500016450882,16.65437500923872,16.667916439473629,16.768458299338818,16.576792113482952,16.73608273267746,16.708875074982643,16.656958498060703,16.657416708767414,16.586333513259888,16.795333474874496,16.625165939331055,16.658958978950977,16.691124998033047,16.527707688510418,16.689875163137913,16.786541789770126,16.669541597366333,16.72566682100296,16.634291969239712,16.519082710146904,16.69029239565134,16.633083112537861,16.752166673541069,16.595499590039253,16.665208153426647,16.648083925247192,16.724375076591969,16.627375036478043,16.676041297614574,16.616499982774258,16.703207977116108,16.669375821948051,16.660957597196102,16.769208945333958,16.558333300054073,16.755582764744759,16.690791584551334,16.560709103941917,16.699083149433136,16.745500266551971,16.583207994699478,16.624375246465206,16.674666665494442,16.641666181385517,16.675333492457867,16.688291914761066,16.706707887351513,16.674750484526157,16.703125089406967,16.686166636645794,16.593999229371548,16.617875546216965,16.693375073373318,16.655249521136284,16.68208371847868,16.647499985992908,16.74241665750742,16.638833098113537,16.674499958753586,16.641000285744667,16.631541773676872,16.743999905884266,16.563791781663895,16.726874746382236,16.764041967689991,16.55537448823452,16.695416532456875,16.692333854734898,16.663291491568089,16.765249893069267,16.643708571791649,16.688499599695206,16.624625772237778,16.633916646242142,16.70495793223381,16.659624874591827,16.758625395596027,16.576291061937809,16.751041635870934,16.58145897090435,16.61824993789196,16.653457656502724,16.584750264883041,16.665374860167503,16.65937528014183,16.674833372235298,16.709041781723499,16.662250272929668,16.674749553203583,16.608541831374168,16.73266664147377,16.659666784107685,16.644124872982502,16.634625382721424,16.730999574065208,16.648333519697189,16.626374796032906,16.687207855284214,16.770125366747379,16.597208566963673,16.665416769683361,16.717833466827869,16.620958223938942,16.627791337668896,16.707125119864941,16.617458313703537,16.691667027771473,16.678666695952415,16.669875010848045,16.666249372065067,16.6572080925107,16.801083460450172,16.515875235199928,16.659124754369259,16.638875007629395,16.691667027771473,16.658750362694263,16.598999500274658,16.747292131185532],"callbackMaxMilliseconds":33.344624564051628,"callbackP50Milliseconds":16.665208153426647,"callbackP95Milliseconds":16.808750107884407,"frameIntervalsMilliseconds":[16.66666753590107,16.666666604578495,16.666666604578495,16.666666604578495,16.666666604578495,16.666666604578495,16.666666604578495,16.666666604578495,16.666666604578495,16.666666604578495,16.666666604578495,16.666666604578495,16.666666604578495,16.666666604578495,16.666666604578495,16.66666753590107,16.666666604578495,16.666666604578495,16.666666604578495,16.666666604578495,16.666666604578495,16.666666604578495,16.666666604578495,16.666666604578495,16.666666604578495,16.666666604578495,16.666666604578495,16.666666604578495,16.666666604578495,16.666666604578495,16.66666753590107,16.666666604578495,16.666666604578495,16.666666604578495,16.666666604578495,16.666666604578495,16.666666604578495,16.666666604578495,16.666666604578495,16.666666604578495,16.666666604578495,16.666666604578495,16.666666604578495,16.666666604578495,16.666666604578495,16.66666753590107,16.666666604578495,16.666666604578495,16.666666604578495,16.666666604578495,16.666666604578495,16.666666604578495,16.666666604578495,16.666666604578495,16.666666604578495,16.666666604578495,16.666666604578495,16.666666604578495,16.666666604578495,16.666666604578495,16.66666753590107,16.666666604578495,16.666666604578495,16.666666604578495,16.666666604578495,16.666666604578495,16.666666604578495,16.666666604578495,16.666666604578495,16.666666604578495,16.666666604578495,16.666666604578495,16.666666604578495,16.666666604578495,16.666666604578495,16.66666753590107,16.666666604578495,16.666666604578495,16.666666604578495,16.666666604578495,16.666666604578495,16.666666604578495,16.666666604578495,16.666666604578495,16.666666604578495,16.666666604578495,16.666666604578495,16.666666604578495,16.666666604578495,16.666666604578495,16.66666753590107,16.666666604578495,16.666666604578495,16.666666604578495,16.666666604578495,16.666666604578495,16.666666604578495,16.666666604578495,16.666666604578495,16.666666604578495,16.666666604578495,16.666666604578495,16.666666604578495,16.666666604578495,16.666666604578495,16.66666753590107,16.666666604578495,16.666666604578495,16.666666604578495,16.666666604578495,16.666666604578495,16.666666604578495,16.666666604578495,16.666666604578495,16.666666604578495,16.666666604578495,16.666666604578495,16.666666604578495,16.666666604578495,16.666666604578495,16.66666753590107,16.666666604578495,16.666666604578495,16.666666604578495,16.666666604578495,16.666666604578495,16.666666604578495,16.666666604578495,16.666666604578495,16.666666604578495,16.666666604578495,16.666666604578495,16.666666604578495,16.666666604578495,16.666666604578495,16.66666753590107,16.666666604578495,16.666666604578495,16.666666604578495,16.666666604578495,16.666666604578495,16.666666604578495,16.666666604578495,16.666666604578495,16.666666604578495,16.666666604578495,16.666666604578495,16.666666604578495,16.666666604578495,16.666666604578495,16.66666753590107,16.666666604578495,16.666666604578495,16.666666604578495,16.666666604578495,16.666666604578495,16.666666604578495,16.666666604578495,16.666666604578495,16.666666604578495,16.666666604578495,16.666666604578495,16.666666604578495,16.666666604578495,16.666666604578495,16.66666753590107,16.666666604578495,16.666666604578495,16.666666604578495,16.666666604578495,16.666666604578495,16.666666604578495,16.666666604578495,16.666666604578495,16.666666604578495,16.666666604578495,16.666666604578495,16.666666604578495,16.666666604578495,16.666666604578495,16.66666753590107,16.666666604578495,16.666666604578495,16.666666604578495,16.666666604578495],"frameSamples":185,"intervalsOverOneAndHalfNominal":0,"nominalIntervalMilliseconds":16.666666604578495,"scenario":"home-reduce-motion","timestampMaxMilliseconds":16.66666753590107,"timestampP50Milliseconds":16.666666604578495,"timestampP95Milliseconds":16.66666753590107},{"callbackIntervalsMilliseconds":[16.665166243910789,16.668125055730343,16.675416380167007,16.67291671037674,16.700958833098412,16.633625142276287,16.69854111969471,16.642292030155659,16.66279137134552,16.686916351318359,16.642292030155659,16.664500348269939,16.656749881803989,16.667082905769348,16.670458950102329,16.660957597196102,16.671417281031609,16.652541235089302,16.663291491568089,16.666208393871784,16.663750633597374,16.660874709486961,16.692916862666607,16.65995828807354,16.663666814565659,16.65041595697403,16.686917282640934,16.655082814395428,16.654000617563725,16.679207794368267,16.668791882693768,16.654708422720432,16.672750003635883,16.673666425049305,16.652542166411877,16.673833131790161,16.675999388098717,16.674208454787731,16.689875163137913,16.636166721582413,16.66033361107111,16.657416708767414,16.686749644577503,16.681250184774399,16.650041565299034,16.657250002026558,16.66733343154192,16.671916469931602,16.664833761751652,16.661708243191242,16.670874319970608,16.673125326633453,16.662083566188812,16.65779110044241,16.676167026162148,16.663208603858948,16.666666604578495,16.66495855897665,16.668790951371193,16.680791974067688,16.64983294904232,16.669167205691338,16.667624935507774,16.659166663885117,16.67375024408102,16.668916679918766,16.655333340167999,16.663124784827232,16.68416615575552,16.654334031045437,16.666457988321781,16.684999689459801,16.652917489409447,16.662833280861378,16.663207672536373,16.673958860337734,16.66099950671196,16.66675042361021,16.67479146271944,16.665874980390072,16.658791340887547,16.678541898727417,16.657125204801559,16.663833521306515,16.673416830599308,16.663916409015656,16.663249582052231,16.683083958923817,16.667665913701057,16.663292422890663,16.678999178111553,16.647666692733765,16.675417311489582,16.655333340167999,16.873166896402836,16.475250013172626,16.674207523465157,16.650041565299034,16.680291853845119,16.661541536450386,16.675458289682865,16.663875430822372,16.675874590873718,16.65937528014183,16.772458329796791,16.554417088627815,16.677708365023136,16.656041145324707,16.665958799421787,16.665083356201649,16.659374348819256,16.678041778504848,16.722000204026699,16.616541892290115,16.665957868099213,16.677792184054852,16.649208031594753,16.661083325743675,16.679625026881695,16.664333641529083,16.68237429112196,16.6274169459939,16.708374954760075,16.644291579723358,16.664708964526653,16.660666093230247,16.653833910822868,16.677415929734707,16.662458889186382,16.66554156690836,16.670708544552326,16.658499836921692,16.666833311319351,16.669458709657192,16.665666364133358,16.662666574120522,16.679124906659126,16.664166934788227,16.660000197589397,16.67395792901516,16.65579155087471,16.6747085750103,19.713708199560642,13.653041794896126,16.631166450679302,16.65958296507597,16.670583747327328,16.667000018060207,16.682291403412819,16.66712574660778,16.679332591593266,16.65191724896431,16.685291193425655,16.661458648741245,16.66137482970953,16.649583354592323,16.685666516423225,16.656083054840565,16.670708544552326,16.669250093400478,16.669625416398048,16.662999987602234,16.670041717588902,16.662166453897953,16.664249822497368,16.687249764800072,16.655541956424713,16.655041836202145,16.673499718308449,16.669374890625477,16.653208993375301,16.675790771842003,16.666625626385212,16.673416830599308,16.660249792039394,16.666666604578495,16.666457988321781,16.674917191267014,16.653874889016151,16.672832891345024,16.667791642248631,16.66874997317791,20.288459025323391],"callbackMaxMilliseconds":20.288459025323391,"callbackP50Milliseconds":16.665958799421787,"callbackP95Milliseconds":16.687249764800072,"frameIntervalsMilliseconds":[16.666666604578495,16.666666604578495,16.666666604578495,16.666666604578495,16.666666604578495,16.666666604578495,16.666666604578495,16.666666604578495,16.666666604578495,16.666666604578495,16.666666604578495,16.666666604578495,16.66666753590107,16.666666604578495,16.666666604578495,16.666666604578495,16.666666604578495,16.666666604578495,16.666666604578495,16.666666604578495,16.666666604578495,16.666666604578495,16.666666604578495,16.666666604578495,16.666666604578495,16.666666604578495,16.666666604578495,16.66666753590107,16.666666604578495,16.666666604578495,16.666666604578495,16.666666604578495,16.666666604578495,16.666666604578495,16.666666604578495,16.666666604578495,16.666666604578495,16.666666604578495,16.666666604578495,16.666666604578495,16.666666604578495,16.666666604578495,16.66666753590107,16.666666604578495,16.666666604578495,16.666666604578495,16.666666604578495,16.666666604578495,16.666666604578495,16.666666604578495,16.666666604578495,16.666666604578495,16.666666604578495,16.666666604578495,16.666666604578495,16.666666604578495,16.666666604578495,16.66666753590107,16.666666604578495,16.666666604578495,16.666666604578495,16.666666604578495,16.666666604578495,16.666666604578495,16.666666604578495,16.666666604578495,16.666666604578495,16.666666604578495,16.666666604578495,16.666666604578495,16.666666604578495,16.666666604578495,16.66666753590107,16.666666604578495,16.666666604578495,16.666666604578495,16.666666604578495,16.666666604578495,16.666666604578495,16.666666604578495,16.666666604578495,16.666666604578495,16.666666604578495,16.666666604578495,16.666666604578495,16.666666604578495,16.666666604578495,16.66666753590107,16.666666604578495,16.666666604578495,16.666666604578495,16.666666604578495,16.666666604578495,16.666666604578495,16.666666604578495,16.666666604578495,16.666666604578495,16.666666604578495,16.666666604578495,16.666666604578495,16.666666604578495,16.666666604578495,16.66666753590107,16.666666604578495,16.666666604578495,16.666666604578495,16.666666604578495,16.666666604578495,16.666666604578495,16.666666604578495,16.666666604578495,16.666666604578495,16.666666604578495,16.666666604578495,16.666666604578495,16.666666604578495,16.666666604578495,16.66666753590107,16.666666604578495,16.666666604578495,16.666666604578495,16.666666604578495,16.666666604578495,16.666666604578495,16.666666604578495,16.666666604578495,16.666666604578495,16.666666604578495,16.666666604578495,16.666666604578495,16.666666604578495,16.666666604578495,16.66666753590107,16.666666604578495,16.666666604578495,16.666666604578495,16.666666604578495,16.666666604578495,16.666666604578495,16.666666604578495,16.666666604578495,16.666666604578495,16.666666604578495,16.666666604578495,16.666666604578495,16.666666604578495,16.666666604578495,16.66666753590107,16.666666604578495,16.666666604578495,16.666666604578495,16.666666604578495,16.666666604578495,16.666666604578495,16.666666604578495,16.666666604578495,16.666666604578495,16.666666604578495,16.666666604578495,16.666666604578495,16.666666604578495,16.666666604578495,16.66666753590107,16.666666604578495,16.666666604578495,16.666666604578495,16.666666604578495,16.666666604578495,16.666666604578495,16.666666604578495,16.666666604578495,16.666666604578495,16.666666604578495,16.666666604578495,16.666666604578495,16.666666604578495,16.666666604578495,16.66666753590107,16.666666604578495,16.666666604578495,16.666666604578495,16.666666604578495,16.666666604578495],"frameSamples":183,"intervalsOverOneAndHalfNominal":0,"nominalIntervalMilliseconds":16.666666604578495,"scenario":"live-hard-reveal-target-place-settle","timestampMaxMilliseconds":16.66666753590107,"timestampP50Milliseconds":16.666666604578495,"timestampP95Milliseconds":16.66666753590107}],"schemaVersion":1,"viewHosting":"Real app views in a visible UIKit UIHostingController with explicit active scene environment; SceneStorage uses default values. Real SwiftUI scene persistence and OS interruptions are covered separately by XCUITest."}
Test Case '-[PicPacPoeTests.PicPacPoePerformanceIntegrationTests testVisibleHomeMotionAndLiveHardTurnDisplayCadence]' passed (17.952 seconds).
Test Suite 'PicPacPoePerformanceIntegrationTests' passed at 2026-09-25 04:44:58.701.
	 Executed 2 tests, with 0 failures (0 unexpected) in 18.287 (18.287) seconds
Test Suite 'PicPacPoeTests.xctest' passed at 2026-09-25 04:44:58.701.
	 Executed 12 tests, with 0 failures (0 unexpected) in 18.348 (18.372) seconds
Test Suite 'All tests' passed at 2026-09-25 04:44:58.702.
	 Executed 12 tests, with 0 failures (0 unexpected) in 18.348 (18.373) seconds
2026-09-25 04:44:59.218 xcodebuild[83990:115722025]  IDETestOperationsObserverDebug: Failure collecting diagnostics from simulator: Process exited with error 72:
 xcrun: error: unable to find utility "simctl", not a developer tool or in PATH

2026-09-25 04:44:59.238 xcodebuild[83990:115721858] [MT] IDETestOperationsObserverDebug: 30.740 elapsed -- Testing started completed.
2026-09-25 04:44:59.238 xcodebuild[83990:115721858] [MT] IDETestOperationsObserverDebug: 0.000 sec, +0.000 sec -- start
2026-09-25 04:44:59.238 xcodebuild[83990:115721858] [MT] IDETestOperationsObserverDebug: 30.740 sec, +30.740 sec -- end

Test session results, code coverage, and logs:
	/tmp/picpac-phase3-recovery-lifecycle-20260925/hosted.xcresult

** TEST SUCCEEDED **

Testing started
