Command line invocation:
    /Applications/Xcode.app/Contents/Developer/usr/bin/xcodebuild -project /Users/bavabangaru/Developer/pic-pac-poe-ios-native-parity/ios/PicPacPoe.xcodeproj -scheme PicPacPoe -configuration Debug -destination "generic/platform=iOS Simulator" -derivedDataPath /tmp/picpac-phase3-recovery-build-03d44f794ef9-20260925T084220Z/iphonesimulator CODE_SIGNING_ALLOWED=NO CODE_SIGNING_REQUIRED=NO ENABLE_CODE_COVERAGE=NO CLANG_ENABLE_CODE_COVERAGE=NO CLANG_COVERAGE_MAPPING=NO build

Build settings from command line:
    CLANG_COVERAGE_MAPPING = NO
    CLANG_ENABLE_CODE_COVERAGE = NO
    CODE_SIGNING_ALLOWED = NO
    CODE_SIGNING_REQUIRED = NO
    ENABLE_CODE_COVERAGE = NO

Resolve Package Graph


Resolved source packages:
  PicPacKit: /Users/bavabangaru/Developer/pic-pac-poe-ios-native-parity/ios/Packages/PicPacKit @ local

ComputePackagePrebuildTargetDependencyGraph

Prepare packages

CreateBuildRequest

SendProjectDescription

CreateBuildOperation

ComputeTargetDependencyGraph
note: Building targets in dependency order
note: Target dependency graph (7 targets)
    Target 'PicPacPoe' in project 'PicPacPoe'
        ➜ Explicit dependency on target 'PicPacPresentation' in project 'PicPacKit'
        ➜ Explicit dependency on target 'PicPacAI' in project 'PicPacKit'
    Target 'PicPacAI' in project 'PicPacKit'
        ➜ Explicit dependency on target 'PicPacAI' in project 'PicPacKit'
        ➜ Explicit dependency on target 'PicPacKit_PicPacAI' in project 'PicPacKit'
        ➜ Explicit dependency on target 'PicPacCore' in project 'PicPacKit'
    Target 'PicPacAI' in project 'PicPacKit'
        ➜ Explicit dependency on target 'PicPacKit_PicPacAI' in project 'PicPacKit'
        ➜ Explicit dependency on target 'PicPacCore' in project 'PicPacKit'
    Target 'PicPacKit_PicPacAI' in project 'PicPacKit' (no dependencies)
    Target 'PicPacPresentation' in project 'PicPacKit'
        ➜ Explicit dependency on target 'PicPacPresentation' in project 'PicPacKit'
        ➜ Explicit dependency on target 'PicPacCore' in project 'PicPacKit'
    Target 'PicPacPresentation' in project 'PicPacKit'
        ➜ Explicit dependency on target 'PicPacCore' in project 'PicPacKit'
    Target 'PicPacCore' in project 'PicPacKit' (no dependencies)

GatherProvisioningInputs

CreateBuildDescription

ExecuteExternalTool /Applications/Xcode.app/Contents/Developer/Toolchains/XcodeDefault.xctoolchain/usr/bin/swiftc --version

ExecuteExternalTool /Applications/Xcode.app/Contents/Developer/Toolchains/XcodeDefault.xctoolchain/usr/bin/clang -v -E -dM -isysroot /Applications/Xcode.app/Contents/Developer/Platforms/iPhoneSimulator.platform/Developer/SDKs/iPhoneSimulator26.5.sdk -x c -c /dev/null

ExecuteExternalTool /Applications/Xcode.app/Contents/Developer/usr/bin/actool --print-asset-tag-combinations --output-format xml1 /Users/bavabangaru/Developer/pic-pac-poe-ios-native-parity/ios/PicPacPoe/Assets.xcassets

ExecuteExternalTool /Applications/Xcode.app/Contents/Developer/Toolchains/XcodeDefault.xctoolchain/usr/bin/ld -version_details

ExecuteExternalTool /Applications/Xcode.app/Contents/Developer/usr/bin/actool --version --output-format xml1

Build description signature: 7e33189fe49ad5a12e0a58c9786ac115
Build description path: /tmp/picpac-phase3-recovery-build-03d44f794ef9-20260925T084220Z/iphonesimulator/Build/Intermediates.noindex/XCBuildData/7e33189fe49ad5a12e0a58c9786ac115.xcbuilddata
CreateBuildDirectory /tmp/picpac-phase3-recovery-build-03d44f794ef9-20260925T084220Z/iphonesimulator/Build/Intermediates.noindex
    cd /Users/bavabangaru/Developer/pic-pac-poe-ios-native-parity/ios/PicPacPoe.xcodeproj
    builtin-create-build-directory /tmp/picpac-phase3-recovery-build-03d44f794ef9-20260925T084220Z/iphonesimulator/Build/Intermediates.noindex

CreateBuildDirectory /tmp/picpac-phase3-recovery-build-03d44f794ef9-20260925T084220Z/iphonesimulator/Build/Products
    cd /Users/bavabangaru/Developer/pic-pac-poe-ios-native-parity/ios/PicPacPoe.xcodeproj
    builtin-create-build-directory /tmp/picpac-phase3-recovery-build-03d44f794ef9-20260925T084220Z/iphonesimulator/Build/Products

ClangStatCache /Applications/Xcode.app/Contents/Developer/Toolchains/XcodeDefault.xctoolchain/usr/bin/clang-stat-cache /Applications/Xcode.app/Contents/Developer/Platforms/iPhoneSimulator.platform/Developer/SDKs/iPhoneSimulator26.5.sdk /tmp/picpac-phase3-recovery-build-03d44f794ef9-20260925T084220Z/iphonesimulator/SDKStatCaches.noindex/iphonesimulator26.5-23F81a-6cfe768891a92b912361537c460fe42b.sdkstatcache
    cd /Users/bavabangaru/Developer/pic-pac-poe-ios-native-parity/ios/PicPacPoe.xcodeproj
    /Applications/Xcode.app/Contents/Developer/Toolchains/XcodeDefault.xctoolchain/usr/bin/clang-stat-cache /Applications/Xcode.app/Contents/Developer/Platforms/iPhoneSimulator.platform/Developer/SDKs/iPhoneSimulator26.5.sdk -o /tmp/picpac-phase3-recovery-build-03d44f794ef9-20260925T084220Z/iphonesimulator/SDKStatCaches.noindex/iphonesimulator26.5-23F81a-6cfe768891a92b912361537c460fe42b.sdkstatcache

CreateBuildDirectory /tmp/picpac-phase3-recovery-build-03d44f794ef9-20260925T084220Z/iphonesimulator/Build/Intermediates.noindex/ExplicitPrecompiledModules
    cd /Users/bavabangaru/Developer/pic-pac-poe-ios-native-parity/ios/PicPacPoe.xcodeproj
    builtin-create-build-directory /tmp/picpac-phase3-recovery-build-03d44f794ef9-20260925T084220Z/iphonesimulator/Build/Intermediates.noindex/ExplicitPrecompiledModules

CreateBuildDirectory /tmp/picpac-phase3-recovery-build-03d44f794ef9-20260925T084220Z/iphonesimulator/Build/Intermediates.noindex/SwiftExplicitPrecompiledModules
    cd /Users/bavabangaru/Developer/pic-pac-poe-ios-native-parity/ios/PicPacPoe.xcodeproj
    builtin-create-build-directory /tmp/picpac-phase3-recovery-build-03d44f794ef9-20260925T084220Z/iphonesimulator/Build/Intermediates.noindex/SwiftExplicitPrecompiledModules

CreateBuildDirectory /tmp/picpac-phase3-recovery-build-03d44f794ef9-20260925T084220Z/iphonesimulator/Build/Products/Debug-iphonesimulator
    cd /Users/bavabangaru/Developer/pic-pac-poe-ios-native-parity/ios/PicPacPoe.xcodeproj
    builtin-create-build-directory /tmp/picpac-phase3-recovery-build-03d44f794ef9-20260925T084220Z/iphonesimulator/Build/Products/Debug-iphonesimulator

CreateBuildDirectory /tmp/picpac-phase3-recovery-build-03d44f794ef9-20260925T084220Z/iphonesimulator/Build/Intermediates.noindex/EagerLinkingTBDs/Debug-iphonesimulator
    cd /Users/bavabangaru/Developer/pic-pac-poe-ios-native-parity/ios/PicPacPoe.xcodeproj
    builtin-create-build-directory /tmp/picpac-phase3-recovery-build-03d44f794ef9-20260925T084220Z/iphonesimulator/Build/Intermediates.noindex/EagerLinkingTBDs/Debug-iphonesimulator

WriteAuxiliaryFile /tmp/picpac-phase3-recovery-build-03d44f794ef9-20260925T084220Z/iphonesimulator/Build/Intermediates.noindex/PicPacPoe.build/Debug-iphonesimulator/PicPacPoe-90eff2f9d9e8600d7e53134acd1cb833-VFS-iphonesimulator/all-product-headers.yaml
    cd /Users/bavabangaru/Developer/pic-pac-poe-ios-native-parity/ios/PicPacPoe.xcodeproj
    write-file /tmp/picpac-phase3-recovery-build-03d44f794ef9-20260925T084220Z/iphonesimulator/Build/Intermediates.noindex/PicPacPoe.build/Debug-iphonesimulator/PicPacPoe-90eff2f9d9e8600d7e53134acd1cb833-VFS-iphonesimulator/all-product-headers.yaml

CreateBuildDirectory /tmp/picpac-phase3-recovery-build-03d44f794ef9-20260925T084220Z/iphonesimulator/Build/Products/Debug-iphonesimulator/PackageFrameworks
    cd /Users/bavabangaru/Developer/pic-pac-poe-ios-native-parity/ios/PicPacPoe.xcodeproj
    builtin-create-build-directory /tmp/picpac-phase3-recovery-build-03d44f794ef9-20260925T084220Z/iphonesimulator/Build/Products/Debug-iphonesimulator/PackageFrameworks

WriteAuxiliaryFile /tmp/picpac-phase3-recovery-build-03d44f794ef9-20260925T084220Z/iphonesimulator/Build/Intermediates.noindex/PicPacKit.build/Debug-iphonesimulator/PicPacPresentation.build/PicPacPresentation.DependencyStaticMetadataFileList (in target 'PicPacPresentation' from project 'PicPacKit')
    cd /Users/bavabangaru/Developer/pic-pac-poe-ios-native-parity/ios/Packages/PicPacKit
    write-file /tmp/picpac-phase3-recovery-build-03d44f794ef9-20260925T084220Z/iphonesimulator/Build/Intermediates.noindex/PicPacKit.build/Debug-iphonesimulator/PicPacPresentation.build/PicPacPresentation.DependencyStaticMetadataFileList

WriteAuxiliaryFile /tmp/picpac-phase3-recovery-build-03d44f794ef9-20260925T084220Z/iphonesimulator/Build/Intermediates.noindex/PicPacKit.build/Debug-iphonesimulator/PicPacPresentation.build/PicPacPresentation.modulemap (in target 'PicPacPresentation' from project 'PicPacKit')
    cd /Users/bavabangaru/Developer/pic-pac-poe-ios-native-parity/ios/Packages/PicPacKit
    write-file /tmp/picpac-phase3-recovery-build-03d44f794ef9-20260925T084220Z/iphonesimulator/Build/Intermediates.noindex/PicPacKit.build/Debug-iphonesimulator/PicPacPresentation.build/PicPacPresentation.modulemap

WriteAuxiliaryFile /tmp/picpac-phase3-recovery-build-03d44f794ef9-20260925T084220Z/iphonesimulator/Build/Intermediates.noindex/PicPacKit.build/Debug-iphonesimulator/PicPacPresentation.build/PicPacPresentation.DependencyMetadataFileList (in target 'PicPacPresentation' from project 'PicPacKit')
    cd /Users/bavabangaru/Developer/pic-pac-poe-ios-native-parity/ios/Packages/PicPacKit
    write-file /tmp/picpac-phase3-recovery-build-03d44f794ef9-20260925T084220Z/iphonesimulator/Build/Intermediates.noindex/PicPacKit.build/Debug-iphonesimulator/PicPacPresentation.build/PicPacPresentation.DependencyMetadataFileList

WriteAuxiliaryFile /tmp/picpac-phase3-recovery-build-03d44f794ef9-20260925T084220Z/iphonesimulator/Build/Intermediates.noindex/PicPacKit.build/Debug-iphonesimulator/PicPacPresentation.build/Objects-normal/x86_64/PicPacPresentation.SwiftConstValuesFileList (in target 'PicPacPresentation' from project 'PicPacKit')
    cd /Users/bavabangaru/Developer/pic-pac-poe-ios-native-parity/ios/Packages/PicPacKit
    write-file /tmp/picpac-phase3-recovery-build-03d44f794ef9-20260925T084220Z/iphonesimulator/Build/Intermediates.noindex/PicPacKit.build/Debug-iphonesimulator/PicPacPresentation.build/Objects-normal/x86_64/PicPacPresentation.SwiftConstValuesFileList

WriteAuxiliaryFile /tmp/picpac-phase3-recovery-build-03d44f794ef9-20260925T084220Z/iphonesimulator/Build/Intermediates.noindex/PicPacKit.build/Debug-iphonesimulator/PicPacPresentation.build/Objects-normal/x86_64/PicPacPresentation-OutputFileMap.json (in target 'PicPacPresentation' from project 'PicPacKit')
    cd /Users/bavabangaru/Developer/pic-pac-poe-ios-native-parity/ios/Packages/PicPacKit
    write-file /tmp/picpac-phase3-recovery-build-03d44f794ef9-20260925T084220Z/iphonesimulator/Build/Intermediates.noindex/PicPacKit.build/Debug-iphonesimulator/PicPacPresentation.build/Objects-normal/x86_64/PicPacPresentation-OutputFileMap.json

WriteAuxiliaryFile /tmp/picpac-phase3-recovery-build-03d44f794ef9-20260925T084220Z/iphonesimulator/Build/Intermediates.noindex/PicPacKit.build/Debug-iphonesimulator/PicPacPresentation.build/Objects-normal/x86_64/PicPacPresentation_const_extract_protocols.json (in target 'PicPacPresentation' from project 'PicPacKit')
    cd /Users/bavabangaru/Developer/pic-pac-poe-ios-native-parity/ios/Packages/PicPacKit
    write-file /tmp/picpac-phase3-recovery-build-03d44f794ef9-20260925T084220Z/iphonesimulator/Build/Intermediates.noindex/PicPacKit.build/Debug-iphonesimulator/PicPacPresentation.build/Objects-normal/x86_64/PicPacPresentation_const_extract_protocols.json

WriteAuxiliaryFile /tmp/picpac-phase3-recovery-build-03d44f794ef9-20260925T084220Z/iphonesimulator/Build/Intermediates.noindex/PicPacKit.build/Debug-iphonesimulator/PicPacPresentation.build/Objects-normal/x86_64/PicPacPresentation.LinkFileList (in target 'PicPacPresentation' from project 'PicPacKit')
    cd /Users/bavabangaru/Developer/pic-pac-poe-ios-native-parity/ios/Packages/PicPacKit
    write-file /tmp/picpac-phase3-recovery-build-03d44f794ef9-20260925T084220Z/iphonesimulator/Build/Intermediates.noindex/PicPacKit.build/Debug-iphonesimulator/PicPacPresentation.build/Objects-normal/x86_64/PicPacPresentation.LinkFileList

WriteAuxiliaryFile /tmp/picpac-phase3-recovery-build-03d44f794ef9-20260925T084220Z/iphonesimulator/Build/Intermediates.noindex/PicPacKit.build/Debug-iphonesimulator/PicPacPresentation.build/Objects-normal/x86_64/PicPacPresentation.SwiftFileList (in target 'PicPacPresentation' from project 'PicPacKit')
    cd /Users/bavabangaru/Developer/pic-pac-poe-ios-native-parity/ios/Packages/PicPacKit
    write-file /tmp/picpac-phase3-recovery-build-03d44f794ef9-20260925T084220Z/iphonesimulator/Build/Intermediates.noindex/PicPacKit.build/Debug-iphonesimulator/PicPacPresentation.build/Objects-normal/x86_64/PicPacPresentation.SwiftFileList

WriteAuxiliaryFile /tmp/picpac-phase3-recovery-build-03d44f794ef9-20260925T084220Z/iphonesimulator/Build/Intermediates.noindex/PicPacKit.build/Debug-iphonesimulator/PicPacPresentation.build/Objects-normal/arm64/PicPacPresentation_const_extract_protocols.json (in target 'PicPacPresentation' from project 'PicPacKit')
    cd /Users/bavabangaru/Developer/pic-pac-poe-ios-native-parity/ios/Packages/PicPacKit
    write-file /tmp/picpac-phase3-recovery-build-03d44f794ef9-20260925T084220Z/iphonesimulator/Build/Intermediates.noindex/PicPacKit.build/Debug-iphonesimulator/PicPacPresentation.build/Objects-normal/arm64/PicPacPresentation_const_extract_protocols.json

WriteAuxiliaryFile /tmp/picpac-phase3-recovery-build-03d44f794ef9-20260925T084220Z/iphonesimulator/Build/Intermediates.noindex/PicPacKit.build/Debug-iphonesimulator/PicPacPresentation.build/Objects-normal/arm64/PicPacPresentation.SwiftFileList (in target 'PicPacPresentation' from project 'PicPacKit')
    cd /Users/bavabangaru/Developer/pic-pac-poe-ios-native-parity/ios/Packages/PicPacKit
    write-file /tmp/picpac-phase3-recovery-build-03d44f794ef9-20260925T084220Z/iphonesimulator/Build/Intermediates.noindex/PicPacKit.build/Debug-iphonesimulator/PicPacPresentation.build/Objects-normal/arm64/PicPacPresentation.SwiftFileList

WriteAuxiliaryFile /tmp/picpac-phase3-recovery-build-03d44f794ef9-20260925T084220Z/iphonesimulator/Build/Intermediates.noindex/PicPacKit.build/Debug-iphonesimulator/PicPacPresentation.build/Objects-normal/arm64/PicPacPresentation.SwiftConstValuesFileList (in target 'PicPacPresentation' from project 'PicPacKit')
    cd /Users/bavabangaru/Developer/pic-pac-poe-ios-native-parity/ios/Packages/PicPacKit
    write-file /tmp/picpac-phase3-recovery-build-03d44f794ef9-20260925T084220Z/iphonesimulator/Build/Intermediates.noindex/PicPacKit.build/Debug-iphonesimulator/PicPacPresentation.build/Objects-normal/arm64/PicPacPresentation.SwiftConstValuesFileList

WriteAuxiliaryFile /tmp/picpac-phase3-recovery-build-03d44f794ef9-20260925T084220Z/iphonesimulator/Build/Intermediates.noindex/PicPacKit.build/Debug-iphonesimulator/PicPacPresentation.build/Objects-normal/arm64/PicPacPresentation.LinkFileList (in target 'PicPacPresentation' from project 'PicPacKit')
    cd /Users/bavabangaru/Developer/pic-pac-poe-ios-native-parity/ios/Packages/PicPacKit
    write-file /tmp/picpac-phase3-recovery-build-03d44f794ef9-20260925T084220Z/iphonesimulator/Build/Intermediates.noindex/PicPacKit.build/Debug-iphonesimulator/PicPacPresentation.build/Objects-normal/arm64/PicPacPresentation.LinkFileList

WriteAuxiliaryFile /tmp/picpac-phase3-recovery-build-03d44f794ef9-20260925T084220Z/iphonesimulator/Build/Intermediates.noindex/PicPacKit.build/Debug-iphonesimulator/PicPacPresentation.build/Objects-normal/arm64/PicPacPresentation-OutputFileMap.json (in target 'PicPacPresentation' from project 'PicPacKit')
    cd /Users/bavabangaru/Developer/pic-pac-poe-ios-native-parity/ios/Packages/PicPacKit
    write-file /tmp/picpac-phase3-recovery-build-03d44f794ef9-20260925T084220Z/iphonesimulator/Build/Intermediates.noindex/PicPacKit.build/Debug-iphonesimulator/PicPacPresentation.build/Objects-normal/arm64/PicPacPresentation-OutputFileMap.json

WriteAuxiliaryFile /tmp/picpac-phase3-recovery-build-03d44f794ef9-20260925T084220Z/iphonesimulator/Build/Intermediates.noindex/PicPacPoe.build/Debug-iphonesimulator/PicPacPoe.build/PicPacPoe.hmap (in target 'PicPacPoe' from project 'PicPacPoe')
    cd /Users/bavabangaru/Developer/pic-pac-poe-ios-native-parity/ios
    write-file /tmp/picpac-phase3-recovery-build-03d44f794ef9-20260925T084220Z/iphonesimulator/Build/Intermediates.noindex/PicPacPoe.build/Debug-iphonesimulator/PicPacPoe.build/PicPacPoe.hmap

Copy /tmp/picpac-phase3-recovery-build-03d44f794ef9-20260925T084220Z/iphonesimulator/Build/Intermediates.noindex/GeneratedModuleMaps-iphonesimulator/PicPacPresentation.modulemap /tmp/picpac-phase3-recovery-build-03d44f794ef9-20260925T084220Z/iphonesimulator/Build/Intermediates.noindex/PicPacKit.build/Debug-iphonesimulator/PicPacPresentation.build/PicPacPresentation.modulemap (in target 'PicPacPresentation' from project 'PicPacKit')
    cd /Users/bavabangaru/Developer/pic-pac-poe-ios-native-parity/ios/Packages/PicPacKit
    builtin-copy -exclude .DS_Store -exclude CVS -exclude .svn -exclude .git -exclude .hg -resolve-src-symlinks /tmp/picpac-phase3-recovery-build-03d44f794ef9-20260925T084220Z/iphonesimulator/Build/Intermediates.noindex/PicPacKit.build/Debug-iphonesimulator/PicPacPresentation.build/PicPacPresentation.modulemap /tmp/picpac-phase3-recovery-build-03d44f794ef9-20260925T084220Z/iphonesimulator/Build/Intermediates.noindex/GeneratedModuleMaps-iphonesimulator

WriteAuxiliaryFile /tmp/picpac-phase3-recovery-build-03d44f794ef9-20260925T084220Z/iphonesimulator/Build/Intermediates.noindex/PicPacPoe.build/Debug-iphonesimulator/PicPacPoe.build/PicPacPoe.DependencyStaticMetadataFileList (in target 'PicPacPoe' from project 'PicPacPoe')
    cd /Users/bavabangaru/Developer/pic-pac-poe-ios-native-parity/ios
    write-file /tmp/picpac-phase3-recovery-build-03d44f794ef9-20260925T084220Z/iphonesimulator/Build/Intermediates.noindex/PicPacPoe.build/Debug-iphonesimulator/PicPacPoe.build/PicPacPoe.DependencyStaticMetadataFileList

WriteAuxiliaryFile /tmp/picpac-phase3-recovery-build-03d44f794ef9-20260925T084220Z/iphonesimulator/Build/Intermediates.noindex/PicPacPoe.build/Debug-iphonesimulator/PicPacPoe.build/PicPacPoe.DependencyMetadataFileList (in target 'PicPacPoe' from project 'PicPacPoe')
    cd /Users/bavabangaru/Developer/pic-pac-poe-ios-native-parity/ios
    write-file /tmp/picpac-phase3-recovery-build-03d44f794ef9-20260925T084220Z/iphonesimulator/Build/Intermediates.noindex/PicPacPoe.build/Debug-iphonesimulator/PicPacPoe.build/PicPacPoe.DependencyMetadataFileList

WriteAuxiliaryFile /tmp/picpac-phase3-recovery-build-03d44f794ef9-20260925T084220Z/iphonesimulator/Build/Intermediates.noindex/PicPacPoe.build/Debug-iphonesimulator/PicPacPoe.build/PicPacPoe-project-headers.hmap (in target 'PicPacPoe' from project 'PicPacPoe')
    cd /Users/bavabangaru/Developer/pic-pac-poe-ios-native-parity/ios
    write-file /tmp/picpac-phase3-recovery-build-03d44f794ef9-20260925T084220Z/iphonesimulator/Build/Intermediates.noindex/PicPacPoe.build/Debug-iphonesimulator/PicPacPoe.build/PicPacPoe-project-headers.hmap

WriteAuxiliaryFile /tmp/picpac-phase3-recovery-build-03d44f794ef9-20260925T084220Z/iphonesimulator/Build/Intermediates.noindex/PicPacPoe.build/Debug-iphonesimulator/PicPacPoe.build/PicPacPoe-own-target-headers.hmap (in target 'PicPacPoe' from project 'PicPacPoe')
    cd /Users/bavabangaru/Developer/pic-pac-poe-ios-native-parity/ios
    write-file /tmp/picpac-phase3-recovery-build-03d44f794ef9-20260925T084220Z/iphonesimulator/Build/Intermediates.noindex/PicPacPoe.build/Debug-iphonesimulator/PicPacPoe.build/PicPacPoe-own-target-headers.hmap

WriteAuxiliaryFile /tmp/picpac-phase3-recovery-build-03d44f794ef9-20260925T084220Z/iphonesimulator/Build/Intermediates.noindex/PicPacPoe.build/Debug-iphonesimulator/PicPacPoe.build/PicPacPoe-all-target-headers.hmap (in target 'PicPacPoe' from project 'PicPacPoe')
    cd /Users/bavabangaru/Developer/pic-pac-poe-ios-native-parity/ios
    write-file /tmp/picpac-phase3-recovery-build-03d44f794ef9-20260925T084220Z/iphonesimulator/Build/Intermediates.noindex/PicPacPoe.build/Debug-iphonesimulator/PicPacPoe.build/PicPacPoe-all-target-headers.hmap

WriteAuxiliaryFile /tmp/picpac-phase3-recovery-build-03d44f794ef9-20260925T084220Z/iphonesimulator/Build/Intermediates.noindex/PicPacPoe.build/Debug-iphonesimulator/PicPacPoe.build/PicPacPoe-generated-files.hmap (in target 'PicPacPoe' from project 'PicPacPoe')
    cd /Users/bavabangaru/Developer/pic-pac-poe-ios-native-parity/ios
    write-file /tmp/picpac-phase3-recovery-build-03d44f794ef9-20260925T084220Z/iphonesimulator/Build/Intermediates.noindex/PicPacPoe.build/Debug-iphonesimulator/PicPacPoe.build/PicPacPoe-generated-files.hmap

WriteAuxiliaryFile /tmp/picpac-phase3-recovery-build-03d44f794ef9-20260925T084220Z/iphonesimulator/Build/Intermediates.noindex/PicPacPoe.build/Debug-iphonesimulator/PicPacPoe.build/PicPacPoe-all-non-framework-target-headers.hmap (in target 'PicPacPoe' from project 'PicPacPoe')
    cd /Users/bavabangaru/Developer/pic-pac-poe-ios-native-parity/ios
    write-file /tmp/picpac-phase3-recovery-build-03d44f794ef9-20260925T084220Z/iphonesimulator/Build/Intermediates.noindex/PicPacPoe.build/Debug-iphonesimulator/PicPacPoe.build/PicPacPoe-all-non-framework-target-headers.hmap

WriteAuxiliaryFile /tmp/picpac-phase3-recovery-build-03d44f794ef9-20260925T084220Z/iphonesimulator/Build/Intermediates.noindex/PicPacPoe.build/Debug-iphonesimulator/PicPacPoe.build/PicPacPoe-DebugDylibPath-normal-x86_64.txt (in target 'PicPacPoe' from project 'PicPacPoe')
    cd /Users/bavabangaru/Developer/pic-pac-poe-ios-native-parity/ios
    write-file /tmp/picpac-phase3-recovery-build-03d44f794ef9-20260925T084220Z/iphonesimulator/Build/Intermediates.noindex/PicPacPoe.build/Debug-iphonesimulator/PicPacPoe.build/PicPacPoe-DebugDylibPath-normal-x86_64.txt

WriteAuxiliaryFile /tmp/picpac-phase3-recovery-build-03d44f794ef9-20260925T084220Z/iphonesimulator/Build/Intermediates.noindex/PicPacPoe.build/Debug-iphonesimulator/PicPacPoe.build/PicPacPoe-DebugDylibPath-normal-arm64.txt (in target 'PicPacPoe' from project 'PicPacPoe')
    cd /Users/bavabangaru/Developer/pic-pac-poe-ios-native-parity/ios
    write-file /tmp/picpac-phase3-recovery-build-03d44f794ef9-20260925T084220Z/iphonesimulator/Build/Intermediates.noindex/PicPacPoe.build/Debug-iphonesimulator/PicPacPoe.build/PicPacPoe-DebugDylibPath-normal-arm64.txt

WriteAuxiliaryFile /tmp/picpac-phase3-recovery-build-03d44f794ef9-20260925T084220Z/iphonesimulator/Build/Intermediates.noindex/PicPacPoe.build/Debug-iphonesimulator/PicPacPoe.build/PicPacPoe-DebugDylibInstallName-normal-x86_64.txt (in target 'PicPacPoe' from project 'PicPacPoe')
    cd /Users/bavabangaru/Developer/pic-pac-poe-ios-native-parity/ios
    write-file /tmp/picpac-phase3-recovery-build-03d44f794ef9-20260925T084220Z/iphonesimulator/Build/Intermediates.noindex/PicPacPoe.build/Debug-iphonesimulator/PicPacPoe.build/PicPacPoe-DebugDylibInstallName-normal-x86_64.txt

WriteAuxiliaryFile /tmp/picpac-phase3-recovery-build-03d44f794ef9-20260925T084220Z/iphonesimulator/Build/Intermediates.noindex/PicPacPoe.build/Debug-iphonesimulator/PicPacPoe.build/PicPacPoe-DebugDylibInstallName-normal-arm64.txt (in target 'PicPacPoe' from project 'PicPacPoe')
    cd /Users/bavabangaru/Developer/pic-pac-poe-ios-native-parity/ios
    write-file /tmp/picpac-phase3-recovery-build-03d44f794ef9-20260925T084220Z/iphonesimulator/Build/Intermediates.noindex/PicPacPoe.build/Debug-iphonesimulator/PicPacPoe.build/PicPacPoe-DebugDylibInstallName-normal-arm64.txt

WriteAuxiliaryFile /tmp/picpac-phase3-recovery-build-03d44f794ef9-20260925T084220Z/iphonesimulator/Build/Intermediates.noindex/PicPacPoe.build/Debug-iphonesimulator/PicPacPoe.build/Objects-normal/x86_64/PicPacPoe_const_extract_protocols.json (in target 'PicPacPoe' from project 'PicPacPoe')
    cd /Users/bavabangaru/Developer/pic-pac-poe-ios-native-parity/ios
    write-file /tmp/picpac-phase3-recovery-build-03d44f794ef9-20260925T084220Z/iphonesimulator/Build/Intermediates.noindex/PicPacPoe.build/Debug-iphonesimulator/PicPacPoe.build/Objects-normal/x86_64/PicPacPoe_const_extract_protocols.json

WriteAuxiliaryFile /tmp/picpac-phase3-recovery-build-03d44f794ef9-20260925T084220Z/iphonesimulator/Build/Intermediates.noindex/PicPacPoe.build/Debug-iphonesimulator/PicPacPoe.build/Objects-normal/x86_64/PicPacPoe.SwiftFileList (in target 'PicPacPoe' from project 'PicPacPoe')
    cd /Users/bavabangaru/Developer/pic-pac-poe-ios-native-parity/ios
    write-file /tmp/picpac-phase3-recovery-build-03d44f794ef9-20260925T084220Z/iphonesimulator/Build/Intermediates.noindex/PicPacPoe.build/Debug-iphonesimulator/PicPacPoe.build/Objects-normal/x86_64/PicPacPoe.SwiftFileList

WriteAuxiliaryFile /tmp/picpac-phase3-recovery-build-03d44f794ef9-20260925T084220Z/iphonesimulator/Build/Intermediates.noindex/PicPacPoe.build/Debug-iphonesimulator/PicPacPoe.build/Objects-normal/x86_64/PicPacPoe.SwiftConstValuesFileList (in target 'PicPacPoe' from project 'PicPacPoe')
    cd /Users/bavabangaru/Developer/pic-pac-poe-ios-native-parity/ios
    write-file /tmp/picpac-phase3-recovery-build-03d44f794ef9-20260925T084220Z/iphonesimulator/Build/Intermediates.noindex/PicPacPoe.build/Debug-iphonesimulator/PicPacPoe.build/Objects-normal/x86_64/PicPacPoe.SwiftConstValuesFileList

WriteAuxiliaryFile /tmp/picpac-phase3-recovery-build-03d44f794ef9-20260925T084220Z/iphonesimulator/Build/Intermediates.noindex/PicPacPoe.build/Debug-iphonesimulator/PicPacPoe.build/Objects-normal/x86_64/PicPacPoe.LinkFileList (in target 'PicPacPoe' from project 'PicPacPoe')
    cd /Users/bavabangaru/Developer/pic-pac-poe-ios-native-parity/ios
    write-file /tmp/picpac-phase3-recovery-build-03d44f794ef9-20260925T084220Z/iphonesimulator/Build/Intermediates.noindex/PicPacPoe.build/Debug-iphonesimulator/PicPacPoe.build/Objects-normal/x86_64/PicPacPoe.LinkFileList

WriteAuxiliaryFile /tmp/picpac-phase3-recovery-build-03d44f794ef9-20260925T084220Z/iphonesimulator/Build/Intermediates.noindex/PicPacPoe.build/Debug-iphonesimulator/PicPacPoe.build/Objects-normal/x86_64/PicPacPoe-OutputFileMap.json (in target 'PicPacPoe' from project 'PicPacPoe')
    cd /Users/bavabangaru/Developer/pic-pac-poe-ios-native-parity/ios
    write-file /tmp/picpac-phase3-recovery-build-03d44f794ef9-20260925T084220Z/iphonesimulator/Build/Intermediates.noindex/PicPacPoe.build/Debug-iphonesimulator/PicPacPoe.build/Objects-normal/x86_64/PicPacPoe-OutputFileMap.json

WriteAuxiliaryFile /tmp/picpac-phase3-recovery-build-03d44f794ef9-20260925T084220Z/iphonesimulator/Build/Intermediates.noindex/PicPacPoe.build/Debug-iphonesimulator/PicPacPoe.build/Objects-normal/arm64/PicPacPoe_const_extract_protocols.json (in target 'PicPacPoe' from project 'PicPacPoe')
    cd /Users/bavabangaru/Developer/pic-pac-poe-ios-native-parity/ios
    write-file /tmp/picpac-phase3-recovery-build-03d44f794ef9-20260925T084220Z/iphonesimulator/Build/Intermediates.noindex/PicPacPoe.build/Debug-iphonesimulator/PicPacPoe.build/Objects-normal/arm64/PicPacPoe_const_extract_protocols.json

WriteAuxiliaryFile /tmp/picpac-phase3-recovery-build-03d44f794ef9-20260925T084220Z/iphonesimulator/Build/Intermediates.noindex/PicPacPoe.build/Debug-iphonesimulator/PicPacPoe.build/Objects-normal/arm64/PicPacPoe.SwiftFileList (in target 'PicPacPoe' from project 'PicPacPoe')
    cd /Users/bavabangaru/Developer/pic-pac-poe-ios-native-parity/ios
    write-file /tmp/picpac-phase3-recovery-build-03d44f794ef9-20260925T084220Z/iphonesimulator/Build/Intermediates.noindex/PicPacPoe.build/Debug-iphonesimulator/PicPacPoe.build/Objects-normal/arm64/PicPacPoe.SwiftFileList

WriteAuxiliaryFile /tmp/picpac-phase3-recovery-build-03d44f794ef9-20260925T084220Z/iphonesimulator/Build/Intermediates.noindex/PicPacPoe.build/Debug-iphonesimulator/PicPacPoe.build/Objects-normal/arm64/PicPacPoe.SwiftConstValuesFileList (in target 'PicPacPoe' from project 'PicPacPoe')
    cd /Users/bavabangaru/Developer/pic-pac-poe-ios-native-parity/ios
    write-file /tmp/picpac-phase3-recovery-build-03d44f794ef9-20260925T084220Z/iphonesimulator/Build/Intermediates.noindex/PicPacPoe.build/Debug-iphonesimulator/PicPacPoe.build/Objects-normal/arm64/PicPacPoe.SwiftConstValuesFileList

WriteAuxiliaryFile /tmp/picpac-phase3-recovery-build-03d44f794ef9-20260925T084220Z/iphonesimulator/Build/Intermediates.noindex/PicPacPoe.build/Debug-iphonesimulator/PicPacPoe.build/Objects-normal/arm64/PicPacPoe.LinkFileList (in target 'PicPacPoe' from project 'PicPacPoe')
    cd /Users/bavabangaru/Developer/pic-pac-poe-ios-native-parity/ios
    write-file /tmp/picpac-phase3-recovery-build-03d44f794ef9-20260925T084220Z/iphonesimulator/Build/Intermediates.noindex/PicPacPoe.build/Debug-iphonesimulator/PicPacPoe.build/Objects-normal/arm64/PicPacPoe.LinkFileList

WriteAuxiliaryFile /tmp/picpac-phase3-recovery-build-03d44f794ef9-20260925T084220Z/iphonesimulator/Build/Intermediates.noindex/PicPacPoe.build/Debug-iphonesimulator/PicPacPoe.build/Objects-normal/arm64/PicPacPoe-OutputFileMap.json (in target 'PicPacPoe' from project 'PicPacPoe')
    cd /Users/bavabangaru/Developer/pic-pac-poe-ios-native-parity/ios
    write-file /tmp/picpac-phase3-recovery-build-03d44f794ef9-20260925T084220Z/iphonesimulator/Build/Intermediates.noindex/PicPacPoe.build/Debug-iphonesimulator/PicPacPoe.build/Objects-normal/arm64/PicPacPoe-OutputFileMap.json

WriteAuxiliaryFile /tmp/picpac-phase3-recovery-build-03d44f794ef9-20260925T084220Z/iphonesimulator/Build/Intermediates.noindex/PicPacKit.build/Debug-iphonesimulator/PicPacKit_PicPacAI.build/empty-PicPacKit_PicPacAI.plist (in target 'PicPacKit_PicPacAI' from project 'PicPacKit')
    cd /Users/bavabangaru/Developer/pic-pac-poe-ios-native-parity/ios/Packages/PicPacKit
    write-file /tmp/picpac-phase3-recovery-build-03d44f794ef9-20260925T084220Z/iphonesimulator/Build/Intermediates.noindex/PicPacKit.build/Debug-iphonesimulator/PicPacKit_PicPacAI.build/empty-PicPacKit_PicPacAI.plist

WriteAuxiliaryFile /tmp/picpac-phase3-recovery-build-03d44f794ef9-20260925T084220Z/iphonesimulator/Build/Intermediates.noindex/PicPacKit.build/Debug-iphonesimulator/PicPacKit_PicPacAI.build/PicPacKit_PicPacAI.DependencyStaticMetadataFileList (in target 'PicPacKit_PicPacAI' from project 'PicPacKit')
    cd /Users/bavabangaru/Developer/pic-pac-poe-ios-native-parity/ios/Packages/PicPacKit
    write-file /tmp/picpac-phase3-recovery-build-03d44f794ef9-20260925T084220Z/iphonesimulator/Build/Intermediates.noindex/PicPacKit.build/Debug-iphonesimulator/PicPacKit_PicPacAI.build/PicPacKit_PicPacAI.DependencyStaticMetadataFileList

WriteAuxiliaryFile /tmp/picpac-phase3-recovery-build-03d44f794ef9-20260925T084220Z/iphonesimulator/Build/Intermediates.noindex/PicPacKit.build/Debug-iphonesimulator/PicPacKit_PicPacAI.build/PicPacKit_PicPacAI.DependencyMetadataFileList (in target 'PicPacKit_PicPacAI' from project 'PicPacKit')
    cd /Users/bavabangaru/Developer/pic-pac-poe-ios-native-parity/ios/Packages/PicPacKit
    write-file /tmp/picpac-phase3-recovery-build-03d44f794ef9-20260925T084220Z/iphonesimulator/Build/Intermediates.noindex/PicPacKit.build/Debug-iphonesimulator/PicPacKit_PicPacAI.build/PicPacKit_PicPacAI.DependencyMetadataFileList

WriteAuxiliaryFile /tmp/picpac-phase3-recovery-build-03d44f794ef9-20260925T084220Z/iphonesimulator/Build/Intermediates.noindex/PicPacKit.build/Debug-iphonesimulator/PicPacCore.build/PicPacCore.modulemap (in target 'PicPacCore' from project 'PicPacKit')
    cd /Users/bavabangaru/Developer/pic-pac-poe-ios-native-parity/ios/Packages/PicPacKit
    write-file /tmp/picpac-phase3-recovery-build-03d44f794ef9-20260925T084220Z/iphonesimulator/Build/Intermediates.noindex/PicPacKit.build/Debug-iphonesimulator/PicPacCore.build/PicPacCore.modulemap

WriteAuxiliaryFile /tmp/picpac-phase3-recovery-build-03d44f794ef9-20260925T084220Z/iphonesimulator/Build/Intermediates.noindex/PicPacKit.build/Debug-iphonesimulator/PicPacCore.build/PicPacCore.DependencyStaticMetadataFileList (in target 'PicPacCore' from project 'PicPacKit')
    cd /Users/bavabangaru/Developer/pic-pac-poe-ios-native-parity/ios/Packages/PicPacKit
    write-file /tmp/picpac-phase3-recovery-build-03d44f794ef9-20260925T084220Z/iphonesimulator/Build/Intermediates.noindex/PicPacKit.build/Debug-iphonesimulator/PicPacCore.build/PicPacCore.DependencyStaticMetadataFileList

WriteAuxiliaryFile /tmp/picpac-phase3-recovery-build-03d44f794ef9-20260925T084220Z/iphonesimulator/Build/Intermediates.noindex/PicPacKit.build/Debug-iphonesimulator/PicPacCore.build/PicPacCore.DependencyMetadataFileList (in target 'PicPacCore' from project 'PicPacKit')
    cd /Users/bavabangaru/Developer/pic-pac-poe-ios-native-parity/ios/Packages/PicPacKit
    write-file /tmp/picpac-phase3-recovery-build-03d44f794ef9-20260925T084220Z/iphonesimulator/Build/Intermediates.noindex/PicPacKit.build/Debug-iphonesimulator/PicPacCore.build/PicPacCore.DependencyMetadataFileList

WriteAuxiliaryFile /tmp/picpac-phase3-recovery-build-03d44f794ef9-20260925T084220Z/iphonesimulator/Build/Intermediates.noindex/PicPacKit.build/Debug-iphonesimulator/PicPacCore.build/Objects-normal/x86_64/PicPacCore_const_extract_protocols.json (in target 'PicPacCore' from project 'PicPacKit')
    cd /Users/bavabangaru/Developer/pic-pac-poe-ios-native-parity/ios/Packages/PicPacKit
    write-file /tmp/picpac-phase3-recovery-build-03d44f794ef9-20260925T084220Z/iphonesimulator/Build/Intermediates.noindex/PicPacKit.build/Debug-iphonesimulator/PicPacCore.build/Objects-normal/x86_64/PicPacCore_const_extract_protocols.json

WriteAuxiliaryFile /tmp/picpac-phase3-recovery-build-03d44f794ef9-20260925T084220Z/iphonesimulator/Build/Intermediates.noindex/PicPacKit.build/Debug-iphonesimulator/PicPacCore.build/Objects-normal/x86_64/PicPacCore.SwiftFileList (in target 'PicPacCore' from project 'PicPacKit')
    cd /Users/bavabangaru/Developer/pic-pac-poe-ios-native-parity/ios/Packages/PicPacKit
    write-file /tmp/picpac-phase3-recovery-build-03d44f794ef9-20260925T084220Z/iphonesimulator/Build/Intermediates.noindex/PicPacKit.build/Debug-iphonesimulator/PicPacCore.build/Objects-normal/x86_64/PicPacCore.SwiftFileList

WriteAuxiliaryFile /tmp/picpac-phase3-recovery-build-03d44f794ef9-20260925T084220Z/iphonesimulator/Build/Intermediates.noindex/PicPacKit.build/Debug-iphonesimulator/PicPacCore.build/Objects-normal/x86_64/PicPacCore.SwiftConstValuesFileList (in target 'PicPacCore' from project 'PicPacKit')
    cd /Users/bavabangaru/Developer/pic-pac-poe-ios-native-parity/ios/Packages/PicPacKit
    write-file /tmp/picpac-phase3-recovery-build-03d44f794ef9-20260925T084220Z/iphonesimulator/Build/Intermediates.noindex/PicPacKit.build/Debug-iphonesimulator/PicPacCore.build/Objects-normal/x86_64/PicPacCore.SwiftConstValuesFileList

WriteAuxiliaryFile /tmp/picpac-phase3-recovery-build-03d44f794ef9-20260925T084220Z/iphonesimulator/Build/Intermediates.noindex/PicPacKit.build/Debug-iphonesimulator/PicPacCore.build/Objects-normal/x86_64/PicPacCore.LinkFileList (in target 'PicPacCore' from project 'PicPacKit')
    cd /Users/bavabangaru/Developer/pic-pac-poe-ios-native-parity/ios/Packages/PicPacKit
    write-file /tmp/picpac-phase3-recovery-build-03d44f794ef9-20260925T084220Z/iphonesimulator/Build/Intermediates.noindex/PicPacKit.build/Debug-iphonesimulator/PicPacCore.build/Objects-normal/x86_64/PicPacCore.LinkFileList

WriteAuxiliaryFile /tmp/picpac-phase3-recovery-build-03d44f794ef9-20260925T084220Z/iphonesimulator/Build/Intermediates.noindex/PicPacKit.build/Debug-iphonesimulator/PicPacCore.build/Objects-normal/x86_64/PicPacCore-OutputFileMap.json (in target 'PicPacCore' from project 'PicPacKit')
    cd /Users/bavabangaru/Developer/pic-pac-poe-ios-native-parity/ios/Packages/PicPacKit
    write-file /tmp/picpac-phase3-recovery-build-03d44f794ef9-20260925T084220Z/iphonesimulator/Build/Intermediates.noindex/PicPacKit.build/Debug-iphonesimulator/PicPacCore.build/Objects-normal/x86_64/PicPacCore-OutputFileMap.json

WriteAuxiliaryFile /tmp/picpac-phase3-recovery-build-03d44f794ef9-20260925T084220Z/iphonesimulator/Build/Intermediates.noindex/PicPacKit.build/Debug-iphonesimulator/PicPacCore.build/Objects-normal/arm64/PicPacCore.SwiftFileList (in target 'PicPacCore' from project 'PicPacKit')
    cd /Users/bavabangaru/Developer/pic-pac-poe-ios-native-parity/ios/Packages/PicPacKit
    write-file /tmp/picpac-phase3-recovery-build-03d44f794ef9-20260925T084220Z/iphonesimulator/Build/Intermediates.noindex/PicPacKit.build/Debug-iphonesimulator/PicPacCore.build/Objects-normal/arm64/PicPacCore.SwiftFileList

WriteAuxiliaryFile /tmp/picpac-phase3-recovery-build-03d44f794ef9-20260925T084220Z/iphonesimulator/Build/Intermediates.noindex/PicPacKit.build/Debug-iphonesimulator/PicPacCore.build/Objects-normal/arm64/PicPacCore_const_extract_protocols.json (in target 'PicPacCore' from project 'PicPacKit')
    cd /Users/bavabangaru/Developer/pic-pac-poe-ios-native-parity/ios/Packages/PicPacKit
    write-file /tmp/picpac-phase3-recovery-build-03d44f794ef9-20260925T084220Z/iphonesimulator/Build/Intermediates.noindex/PicPacKit.build/Debug-iphonesimulator/PicPacCore.build/Objects-normal/arm64/PicPacCore_const_extract_protocols.json

WriteAuxiliaryFile /tmp/picpac-phase3-recovery-build-03d44f794ef9-20260925T084220Z/iphonesimulator/Build/Intermediates.noindex/PicPacKit.build/Debug-iphonesimulator/PicPacCore.build/Objects-normal/arm64/PicPacCore.SwiftConstValuesFileList (in target 'PicPacCore' from project 'PicPacKit')
    cd /Users/bavabangaru/Developer/pic-pac-poe-ios-native-parity/ios/Packages/PicPacKit
    write-file /tmp/picpac-phase3-recovery-build-03d44f794ef9-20260925T084220Z/iphonesimulator/Build/Intermediates.noindex/PicPacKit.build/Debug-iphonesimulator/PicPacCore.build/Objects-normal/arm64/PicPacCore.SwiftConstValuesFileList

WriteAuxiliaryFile /tmp/picpac-phase3-recovery-build-03d44f794ef9-20260925T084220Z/iphonesimulator/Build/Intermediates.noindex/PicPacKit.build/Debug-iphonesimulator/PicPacCore.build/Objects-normal/arm64/PicPacCore.LinkFileList (in target 'PicPacCore' from project 'PicPacKit')
    cd /Users/bavabangaru/Developer/pic-pac-poe-ios-native-parity/ios/Packages/PicPacKit
    write-file /tmp/picpac-phase3-recovery-build-03d44f794ef9-20260925T084220Z/iphonesimulator/Build/Intermediates.noindex/PicPacKit.build/Debug-iphonesimulator/PicPacCore.build/Objects-normal/arm64/PicPacCore.LinkFileList

WriteAuxiliaryFile /tmp/picpac-phase3-recovery-build-03d44f794ef9-20260925T084220Z/iphonesimulator/Build/Intermediates.noindex/PicPacKit.build/Debug-iphonesimulator/PicPacCore.build/Objects-normal/arm64/PicPacCore-OutputFileMap.json (in target 'PicPacCore' from project 'PicPacKit')
    cd /Users/bavabangaru/Developer/pic-pac-poe-ios-native-parity/ios/Packages/PicPacKit
    write-file /tmp/picpac-phase3-recovery-build-03d44f794ef9-20260925T084220Z/iphonesimulator/Build/Intermediates.noindex/PicPacKit.build/Debug-iphonesimulator/PicPacCore.build/Objects-normal/arm64/PicPacCore-OutputFileMap.json

Copy /tmp/picpac-phase3-recovery-build-03d44f794ef9-20260925T084220Z/iphonesimulator/Build/Intermediates.noindex/GeneratedModuleMaps-iphonesimulator/PicPacCore.modulemap /tmp/picpac-phase3-recovery-build-03d44f794ef9-20260925T084220Z/iphonesimulator/Build/Intermediates.noindex/PicPacKit.build/Debug-iphonesimulator/PicPacCore.build/PicPacCore.modulemap (in target 'PicPacCore' from project 'PicPacKit')
    cd /Users/bavabangaru/Developer/pic-pac-poe-ios-native-parity/ios/Packages/PicPacKit
    builtin-copy -exclude .DS_Store -exclude CVS -exclude .svn -exclude .git -exclude .hg -resolve-src-symlinks /tmp/picpac-phase3-recovery-build-03d44f794ef9-20260925T084220Z/iphonesimulator/Build/Intermediates.noindex/PicPacKit.build/Debug-iphonesimulator/PicPacCore.build/PicPacCore.modulemap /tmp/picpac-phase3-recovery-build-03d44f794ef9-20260925T084220Z/iphonesimulator/Build/Intermediates.noindex/GeneratedModuleMaps-iphonesimulator

WriteAuxiliaryFile /tmp/picpac-phase3-recovery-build-03d44f794ef9-20260925T084220Z/iphonesimulator/Build/Intermediates.noindex/PicPacKit.build/Debug-iphonesimulator/PicPacAI.build/PicPacAI.modulemap (in target 'PicPacAI' from project 'PicPacKit')
    cd /Users/bavabangaru/Developer/pic-pac-poe-ios-native-parity/ios/Packages/PicPacKit
    write-file /tmp/picpac-phase3-recovery-build-03d44f794ef9-20260925T084220Z/iphonesimulator/Build/Intermediates.noindex/PicPacKit.build/Debug-iphonesimulator/PicPacAI.build/PicPacAI.modulemap

WriteAuxiliaryFile /tmp/picpac-phase3-recovery-build-03d44f794ef9-20260925T084220Z/iphonesimulator/Build/Intermediates.noindex/PicPacKit.build/Debug-iphonesimulator/PicPacAI.build/PicPacAI.DependencyStaticMetadataFileList (in target 'PicPacAI' from project 'PicPacKit')
    cd /Users/bavabangaru/Developer/pic-pac-poe-ios-native-parity/ios/Packages/PicPacKit
    write-file /tmp/picpac-phase3-recovery-build-03d44f794ef9-20260925T084220Z/iphonesimulator/Build/Intermediates.noindex/PicPacKit.build/Debug-iphonesimulator/PicPacAI.build/PicPacAI.DependencyStaticMetadataFileList

WriteAuxiliaryFile /tmp/picpac-phase3-recovery-build-03d44f794ef9-20260925T084220Z/iphonesimulator/Build/Intermediates.noindex/PicPacKit.build/Debug-iphonesimulator/PicPacAI.build/PicPacAI.DependencyMetadataFileList (in target 'PicPacAI' from project 'PicPacKit')
    cd /Users/bavabangaru/Developer/pic-pac-poe-ios-native-parity/ios/Packages/PicPacKit
    write-file /tmp/picpac-phase3-recovery-build-03d44f794ef9-20260925T084220Z/iphonesimulator/Build/Intermediates.noindex/PicPacKit.build/Debug-iphonesimulator/PicPacAI.build/PicPacAI.DependencyMetadataFileList

WriteAuxiliaryFile /tmp/picpac-phase3-recovery-build-03d44f794ef9-20260925T084220Z/iphonesimulator/Build/Intermediates.noindex/PicPacKit.build/Debug-iphonesimulator/PicPacAI.build/Objects-normal/x86_64/PicPacAI_const_extract_protocols.json (in target 'PicPacAI' from project 'PicPacKit')
    cd /Users/bavabangaru/Developer/pic-pac-poe-ios-native-parity/ios/Packages/PicPacKit
    write-file /tmp/picpac-phase3-recovery-build-03d44f794ef9-20260925T084220Z/iphonesimulator/Build/Intermediates.noindex/PicPacKit.build/Debug-iphonesimulator/PicPacAI.build/Objects-normal/x86_64/PicPacAI_const_extract_protocols.json

WriteAuxiliaryFile /tmp/picpac-phase3-recovery-build-03d44f794ef9-20260925T084220Z/iphonesimulator/Build/Intermediates.noindex/PicPacKit.build/Debug-iphonesimulator/PicPacAI.build/Objects-normal/x86_64/PicPacAI.SwiftFileList (in target 'PicPacAI' from project 'PicPacKit')
    cd /Users/bavabangaru/Developer/pic-pac-poe-ios-native-parity/ios/Packages/PicPacKit
    write-file /tmp/picpac-phase3-recovery-build-03d44f794ef9-20260925T084220Z/iphonesimulator/Build/Intermediates.noindex/PicPacKit.build/Debug-iphonesimulator/PicPacAI.build/Objects-normal/x86_64/PicPacAI.SwiftFileList

WriteAuxiliaryFile /tmp/picpac-phase3-recovery-build-03d44f794ef9-20260925T084220Z/iphonesimulator/Build/Intermediates.noindex/PicPacKit.build/Debug-iphonesimulator/PicPacAI.build/Objects-normal/x86_64/PicPacAI.SwiftConstValuesFileList (in target 'PicPacAI' from project 'PicPacKit')
    cd /Users/bavabangaru/Developer/pic-pac-poe-ios-native-parity/ios/Packages/PicPacKit
    write-file /tmp/picpac-phase3-recovery-build-03d44f794ef9-20260925T084220Z/iphonesimulator/Build/Intermediates.noindex/PicPacKit.build/Debug-iphonesimulator/PicPacAI.build/Objects-normal/x86_64/PicPacAI.SwiftConstValuesFileList

WriteAuxiliaryFile /tmp/picpac-phase3-recovery-build-03d44f794ef9-20260925T084220Z/iphonesimulator/Build/Intermediates.noindex/PicPacKit.build/Debug-iphonesimulator/PicPacAI.build/Objects-normal/x86_64/PicPacAI.LinkFileList (in target 'PicPacAI' from project 'PicPacKit')
    cd /Users/bavabangaru/Developer/pic-pac-poe-ios-native-parity/ios/Packages/PicPacKit
    write-file /tmp/picpac-phase3-recovery-build-03d44f794ef9-20260925T084220Z/iphonesimulator/Build/Intermediates.noindex/PicPacKit.build/Debug-iphonesimulator/PicPacAI.build/Objects-normal/x86_64/PicPacAI.LinkFileList

WriteAuxiliaryFile /tmp/picpac-phase3-recovery-build-03d44f794ef9-20260925T084220Z/iphonesimulator/Build/Intermediates.noindex/PicPacKit.build/Debug-iphonesimulator/PicPacAI.build/Objects-normal/x86_64/PicPacAI-OutputFileMap.json (in target 'PicPacAI' from project 'PicPacKit')
    cd /Users/bavabangaru/Developer/pic-pac-poe-ios-native-parity/ios/Packages/PicPacKit
    write-file /tmp/picpac-phase3-recovery-build-03d44f794ef9-20260925T084220Z/iphonesimulator/Build/Intermediates.noindex/PicPacKit.build/Debug-iphonesimulator/PicPacAI.build/Objects-normal/x86_64/PicPacAI-OutputFileMap.json

WriteAuxiliaryFile /tmp/picpac-phase3-recovery-build-03d44f794ef9-20260925T084220Z/iphonesimulator/Build/Intermediates.noindex/PicPacKit.build/Debug-iphonesimulator/PicPacAI.build/Objects-normal/arm64/PicPacAI_const_extract_protocols.json (in target 'PicPacAI' from project 'PicPacKit')
    cd /Users/bavabangaru/Developer/pic-pac-poe-ios-native-parity/ios/Packages/PicPacKit
    write-file /tmp/picpac-phase3-recovery-build-03d44f794ef9-20260925T084220Z/iphonesimulator/Build/Intermediates.noindex/PicPacKit.build/Debug-iphonesimulator/PicPacAI.build/Objects-normal/arm64/PicPacAI_const_extract_protocols.json

WriteAuxiliaryFile /tmp/picpac-phase3-recovery-build-03d44f794ef9-20260925T084220Z/iphonesimulator/Build/Intermediates.noindex/PicPacKit.build/Debug-iphonesimulator/PicPacAI.build/Objects-normal/arm64/PicPacAI.SwiftFileList (in target 'PicPacAI' from project 'PicPacKit')
    cd /Users/bavabangaru/Developer/pic-pac-poe-ios-native-parity/ios/Packages/PicPacKit
    write-file /tmp/picpac-phase3-recovery-build-03d44f794ef9-20260925T084220Z/iphonesimulator/Build/Intermediates.noindex/PicPacKit.build/Debug-iphonesimulator/PicPacAI.build/Objects-normal/arm64/PicPacAI.SwiftFileList

WriteAuxiliaryFile /tmp/picpac-phase3-recovery-build-03d44f794ef9-20260925T084220Z/iphonesimulator/Build/Intermediates.noindex/PicPacKit.build/Debug-iphonesimulator/PicPacAI.build/Objects-normal/arm64/PicPacAI.SwiftConstValuesFileList (in target 'PicPacAI' from project 'PicPacKit')
    cd /Users/bavabangaru/Developer/pic-pac-poe-ios-native-parity/ios/Packages/PicPacKit
    write-file /tmp/picpac-phase3-recovery-build-03d44f794ef9-20260925T084220Z/iphonesimulator/Build/Intermediates.noindex/PicPacKit.build/Debug-iphonesimulator/PicPacAI.build/Objects-normal/arm64/PicPacAI.SwiftConstValuesFileList

WriteAuxiliaryFile /tmp/picpac-phase3-recovery-build-03d44f794ef9-20260925T084220Z/iphonesimulator/Build/Intermediates.noindex/PicPacKit.build/Debug-iphonesimulator/PicPacAI.build/Objects-normal/arm64/PicPacAI.LinkFileList (in target 'PicPacAI' from project 'PicPacKit')
    cd /Users/bavabangaru/Developer/pic-pac-poe-ios-native-parity/ios/Packages/PicPacKit
    write-file /tmp/picpac-phase3-recovery-build-03d44f794ef9-20260925T084220Z/iphonesimulator/Build/Intermediates.noindex/PicPacKit.build/Debug-iphonesimulator/PicPacAI.build/Objects-normal/arm64/PicPacAI.LinkFileList

WriteAuxiliaryFile /tmp/picpac-phase3-recovery-build-03d44f794ef9-20260925T084220Z/iphonesimulator/Build/Intermediates.noindex/PicPacKit.build/Debug-iphonesimulator/PicPacAI.build/Objects-normal/arm64/PicPacAI-OutputFileMap.json (in target 'PicPacAI' from project 'PicPacKit')
    cd /Users/bavabangaru/Developer/pic-pac-poe-ios-native-parity/ios/Packages/PicPacKit
    write-file /tmp/picpac-phase3-recovery-build-03d44f794ef9-20260925T084220Z/iphonesimulator/Build/Intermediates.noindex/PicPacKit.build/Debug-iphonesimulator/PicPacAI.build/Objects-normal/arm64/PicPacAI-OutputFileMap.json

Copy /tmp/picpac-phase3-recovery-build-03d44f794ef9-20260925T084220Z/iphonesimulator/Build/Intermediates.noindex/GeneratedModuleMaps-iphonesimulator/PicPacAI.modulemap /tmp/picpac-phase3-recovery-build-03d44f794ef9-20260925T084220Z/iphonesimulator/Build/Intermediates.noindex/PicPacKit.build/Debug-iphonesimulator/PicPacAI.build/PicPacAI.modulemap (in target 'PicPacAI' from project 'PicPacKit')
    cd /Users/bavabangaru/Developer/pic-pac-poe-ios-native-parity/ios/Packages/PicPacKit
    builtin-copy -exclude .DS_Store -exclude CVS -exclude .svn -exclude .git -exclude .hg -resolve-src-symlinks /tmp/picpac-phase3-recovery-build-03d44f794ef9-20260925T084220Z/iphonesimulator/Build/Intermediates.noindex/PicPacKit.build/Debug-iphonesimulator/PicPacAI.build/PicPacAI.modulemap /tmp/picpac-phase3-recovery-build-03d44f794ef9-20260925T084220Z/iphonesimulator/Build/Intermediates.noindex/GeneratedModuleMaps-iphonesimulator

MkDir /tmp/picpac-phase3-recovery-build-03d44f794ef9-20260925T084220Z/iphonesimulator/Build/Products/Debug-iphonesimulator/PicPacPoe.app (in target 'PicPacPoe' from project 'PicPacPoe')
    cd /Users/bavabangaru/Developer/pic-pac-poe-ios-native-parity/ios
    /bin/mkdir -p /tmp/picpac-phase3-recovery-build-03d44f794ef9-20260925T084220Z/iphonesimulator/Build/Products/Debug-iphonesimulator/PicPacPoe.app

MkDir /tmp/picpac-phase3-recovery-build-03d44f794ef9-20260925T084220Z/iphonesimulator/Build/Products/Debug-iphonesimulator/PicPacKit_PicPacAI.bundle (in target 'PicPacKit_PicPacAI' from project 'PicPacKit')
    cd /Users/bavabangaru/Developer/pic-pac-poe-ios-native-parity/ios/Packages/PicPacKit
    /bin/mkdir -p /tmp/picpac-phase3-recovery-build-03d44f794ef9-20260925T084220Z/iphonesimulator/Build/Products/Debug-iphonesimulator/PicPacKit_PicPacAI.bundle

WriteAuxiliaryFile /tmp/picpac-phase3-recovery-build-03d44f794ef9-20260925T084220Z/iphonesimulator/Build/Intermediates.noindex/PicPacKit.build/Debug-iphonesimulator/PicPacAI.build/DerivedSources/resource_bundle_accessor.swift (in target 'PicPacAI' from project 'PicPacKit')
    cd /Users/bavabangaru/Developer/pic-pac-poe-ios-native-parity/ios/Packages/PicPacKit
    write-file /tmp/picpac-phase3-recovery-build-03d44f794ef9-20260925T084220Z/iphonesimulator/Build/Intermediates.noindex/PicPacKit.build/Debug-iphonesimulator/PicPacAI.build/DerivedSources/resource_bundle_accessor.swift

ProcessInfoPlistFile /tmp/picpac-phase3-recovery-build-03d44f794ef9-20260925T084220Z/iphonesimulator/Build/Products/Debug-iphonesimulator/PicPacKit_PicPacAI.bundle/Info.plist /tmp/picpac-phase3-recovery-build-03d44f794ef9-20260925T084220Z/iphonesimulator/Build/Intermediates.noindex/PicPacKit.build/Debug-iphonesimulator/PicPacKit_PicPacAI.build/empty-PicPacKit_PicPacAI.plist (in target 'PicPacKit_PicPacAI' from project 'PicPacKit')
    cd /Users/bavabangaru/Developer/pic-pac-poe-ios-native-parity/ios/Packages/PicPacKit
    builtin-infoPlistUtility /tmp/picpac-phase3-recovery-build-03d44f794ef9-20260925T084220Z/iphonesimulator/Build/Intermediates.noindex/PicPacKit.build/Debug-iphonesimulator/PicPacKit_PicPacAI.build/empty-PicPacKit_PicPacAI.plist -producttype com.apple.product-type.bundle -expandbuildsettings -format binary -platform iphonesimulator -o /tmp/picpac-phase3-recovery-build-03d44f794ef9-20260925T084220Z/iphonesimulator/Build/Products/Debug-iphonesimulator/PicPacKit_PicPacAI.bundle/Info.plist

CpResource /tmp/picpac-phase3-recovery-build-03d44f794ef9-20260925T084220Z/iphonesimulator/Build/Products/Debug-iphonesimulator/PicPacKit_PicPacAI.bundle/picpac_rl_policy_v1.bin /Users/bavabangaru/Developer/pic-pac-poe-ios-native-parity/ios/Packages/PicPacKit/Sources/PicPacAI/Resources/picpac_rl_policy_v1.bin (in target 'PicPacKit_PicPacAI' from project 'PicPacKit')
    cd /Users/bavabangaru/Developer/pic-pac-poe-ios-native-parity/ios/Packages/PicPacKit
    builtin-copy -exclude .DS_Store -exclude CVS -exclude .svn -exclude .git -exclude .hg -resolve-src-symlinks /Users/bavabangaru/Developer/pic-pac-poe-ios-native-parity/ios/Packages/PicPacKit/Sources/PicPacAI/Resources/picpac_rl_policy_v1.bin /tmp/picpac-phase3-recovery-build-03d44f794ef9-20260925T084220Z/iphonesimulator/Build/Products/Debug-iphonesimulator/PicPacKit_PicPacAI.bundle

RegisterExecutionPolicyException /tmp/picpac-phase3-recovery-build-03d44f794ef9-20260925T084220Z/iphonesimulator/Build/Products/Debug-iphonesimulator/PicPacKit_PicPacAI.bundle (in target 'PicPacKit_PicPacAI' from project 'PicPacKit')
    cd /Users/bavabangaru/Developer/pic-pac-poe-ios-native-parity/ios/Packages/PicPacKit
    builtin-RegisterExecutionPolicyException /tmp/picpac-phase3-recovery-build-03d44f794ef9-20260925T084220Z/iphonesimulator/Build/Products/Debug-iphonesimulator/PicPacKit_PicPacAI.bundle

Touch /tmp/picpac-phase3-recovery-build-03d44f794ef9-20260925T084220Z/iphonesimulator/Build/Products/Debug-iphonesimulator/PicPacKit_PicPacAI.bundle (in target 'PicPacKit_PicPacAI' from project 'PicPacKit')
    cd /Users/bavabangaru/Developer/pic-pac-poe-ios-native-parity/ios/Packages/PicPacKit
    /usr/bin/touch -c /tmp/picpac-phase3-recovery-build-03d44f794ef9-20260925T084220Z/iphonesimulator/Build/Products/Debug-iphonesimulator/PicPacKit_PicPacAI.bundle

SwiftDriver PicPacCore normal x86_64 com.apple.xcode.tools.swift.compiler (in target 'PicPacCore' from project 'PicPacKit')
    cd /Users/bavabangaru/Developer/pic-pac-poe-ios-native-parity/ios/PicPacPoe.xcodeproj
    builtin-SwiftDriver -- /Applications/Xcode.app/Contents/Developer/Toolchains/XcodeDefault.xctoolchain/usr/bin/swiftc -module-name PicPacCore -Onone @/tmp/picpac-phase3-recovery-build-03d44f794ef9-20260925T084220Z/iphonesimulator/Build/Intermediates.noindex/PicPacKit.build/Debug-iphonesimulator/PicPacCore.build/Objects-normal/x86_64/PicPacCore.SwiftFileList -DSWIFT_PACKAGE -DDEBUG -DSWIFT_MODULE_RESOURCE_BUNDLE_UNAVAILABLE -DXcode -plugin-path /Applications/Xcode.app/Contents/Developer/Toolchains/XcodeDefault.xctoolchain/usr/lib/swift/host/plugins/testing -enable-experimental-feature DebugDescriptionMacro -sdk /Applications/Xcode.app/Contents/Developer/Platforms/iPhoneSimulator.platform/Developer/SDKs/iPhoneSimulator26.5.sdk -target x86_64-apple-ios17.0-simulator -g -module-cache-path /tmp/picpac-phase3-recovery-build-03d44f794ef9-20260925T084220Z/iphonesimulator/ModuleCache.noindex -Xfrontend -serialize-debugging-options -enable-testing -suppress-warnings -index-store-path /tmp/picpac-phase3-recovery-build-03d44f794ef9-20260925T084220Z/iphonesimulator/Index.noindex/DataStore -Xcc -D_LIBCPP_HARDENING_MODE\=_LIBCPP_HARDENING_MODE_DEBUG -swift-version 6 -I /tmp/picpac-phase3-recovery-build-03d44f794ef9-20260925T084220Z/iphonesimulator/Build/Products/Debug-iphonesimulator -Isystem /Applications/Xcode.app/Contents/Developer/Platforms/iPhoneSimulator.platform/Developer/usr/lib -F /tmp/picpac-phase3-recovery-build-03d44f794ef9-20260925T084220Z/iphonesimulator/Build/Products/Debug-iphonesimulator -F /Applications/Xcode.app/Contents/Developer/Platforms/iPhoneSimulator.platform/Developer/Library/Frameworks -F /Applications/Xcode.app/Contents/Developer/Platforms/iPhoneSimulator.platform/Developer/SDKs/iPhoneSimulator26.5.sdk/Developer/Library/Frameworks -c -j12 -enable-batch-mode -incremental -Xcc -ivfsstatcache -Xcc /tmp/picpac-phase3-recovery-build-03d44f794ef9-20260925T084220Z/iphonesimulator/SDKStatCaches.noindex/iphonesimulator26.5-23F81a-6cfe768891a92b912361537c460fe42b.sdkstatcache -output-file-map /tmp/picpac-phase3-recovery-build-03d44f794ef9-20260925T084220Z/iphonesimulator/Build/Intermediates.noindex/PicPacKit.build/Debug-iphonesimulator/PicPacCore.build/Objects-normal/x86_64/PicPacCore-OutputFileMap.json -use-frontend-parseable-output -save-temps -no-color-diagnostics -explicit-module-build -module-cache-path /tmp/picpac-phase3-recovery-build-03d44f794ef9-20260925T084220Z/iphonesimulator/Build/Intermediates.noindex/SwiftExplicitPrecompiledModules -clang-scanner-module-cache-path /tmp/picpac-phase3-recovery-build-03d44f794ef9-20260925T084220Z/iphonesimulator/ModuleCache.noindex -sdk-module-cache-path /tmp/picpac-phase3-recovery-build-03d44f794ef9-20260925T084220Z/iphonesimulator/ModuleCache.noindex -serialize-diagnostics -emit-dependencies -emit-module -emit-module-path /tmp/picpac-phase3-recovery-build-03d44f794ef9-20260925T084220Z/iphonesimulator/Build/Intermediates.noindex/PicPacKit.build/Debug-iphonesimulator/PicPacCore.build/Objects-normal/x86_64/PicPacCore.swiftmodule -validate-clang-modules-once -clang-build-session-file /tmp/picpac-phase3-recovery-build-03d44f794ef9-20260925T084220Z/iphonesimulator/ModuleCache.noindex/Session.modulevalidation -package-name picpackit -Xcc -I/tmp/picpac-phase3-recovery-build-03d44f794ef9-20260925T084220Z/iphonesimulator/Build/Intermediates.noindex/PicPacKit.build/Debug-iphonesimulator/PicPacCore.build/swift-overrides.hmap -emit-const-values -Xfrontend -const-gather-protocols-file -Xfrontend /tmp/picpac-phase3-recovery-build-03d44f794ef9-20260925T084220Z/iphonesimulator/Build/Intermediates.noindex/PicPacKit.build/Debug-iphonesimulator/PicPacCore.build/Objects-normal/x86_64/PicPacCore_const_extract_protocols.json -Xcc -I/tmp/picpac-phase3-recovery-build-03d44f794ef9-20260925T084220Z/iphonesimulator/Build/Products/Debug-iphonesimulator/include -Xcc -I/tmp/picpac-phase3-recovery-build-03d44f794ef9-20260925T084220Z/iphonesimulator/Build/Intermediates.noindex/PicPacKit.build/Debug-iphonesimulator/PicPacCore.build/DerivedSources-normal/x86_64 -Xcc -I/tmp/picpac-phase3-recovery-build-03d44f794ef9-20260925T084220Z/iphonesimulator/Build/Intermediates.noindex/PicPacKit.build/Debug-iphonesimulator/PicPacCore.build/DerivedSources/x86_64 -Xcc -I/tmp/picpac-phase3-recovery-build-03d44f794ef9-20260925T084220Z/iphonesimulator/Build/Intermediates.noindex/PicPacKit.build/Debug-iphonesimulator/PicPacCore.build/DerivedSources -Xcc -DSWIFT_PACKAGE -Xcc -DDEBUG\=1 -emit-objc-header -emit-objc-header-path /tmp/picpac-phase3-recovery-build-03d44f794ef9-20260925T084220Z/iphonesimulator/Build/Intermediates.noindex/PicPacKit.build/Debug-iphonesimulator/PicPacCore.build/Objects-normal/x86_64/PicPacCore-Swift.h -working-directory /Users/bavabangaru/Developer/pic-pac-poe-ios-native-parity/ios/PicPacPoe.xcodeproj -experimental-emit-module-separately -disable-cmo

SwiftDriver PicPacCore normal arm64 com.apple.xcode.tools.swift.compiler (in target 'PicPacCore' from project 'PicPacKit')
    cd /Users/bavabangaru/Developer/pic-pac-poe-ios-native-parity/ios/PicPacPoe.xcodeproj
    builtin-SwiftDriver -- /Applications/Xcode.app/Contents/Developer/Toolchains/XcodeDefault.xctoolchain/usr/bin/swiftc -module-name PicPacCore -Onone @/tmp/picpac-phase3-recovery-build-03d44f794ef9-20260925T084220Z/iphonesimulator/Build/Intermediates.noindex/PicPacKit.build/Debug-iphonesimulator/PicPacCore.build/Objects-normal/arm64/PicPacCore.SwiftFileList -DSWIFT_PACKAGE -DDEBUG -DSWIFT_MODULE_RESOURCE_BUNDLE_UNAVAILABLE -DXcode -plugin-path /Applications/Xcode.app/Contents/Developer/Toolchains/XcodeDefault.xctoolchain/usr/lib/swift/host/plugins/testing -enable-experimental-feature DebugDescriptionMacro -sdk /Applications/Xcode.app/Contents/Developer/Platforms/iPhoneSimulator.platform/Developer/SDKs/iPhoneSimulator26.5.sdk -target arm64-apple-ios17.0-simulator -g -module-cache-path /tmp/picpac-phase3-recovery-build-03d44f794ef9-20260925T084220Z/iphonesimulator/ModuleCache.noindex -Xfrontend -serialize-debugging-options -enable-testing -suppress-warnings -index-store-path /tmp/picpac-phase3-recovery-build-03d44f794ef9-20260925T084220Z/iphonesimulator/Index.noindex/DataStore -Xcc -D_LIBCPP_HARDENING_MODE\=_LIBCPP_HARDENING_MODE_DEBUG -swift-version 6 -I /tmp/picpac-phase3-recovery-build-03d44f794ef9-20260925T084220Z/iphonesimulator/Build/Products/Debug-iphonesimulator -Isystem /Applications/Xcode.app/Contents/Developer/Platforms/iPhoneSimulator.platform/Developer/usr/lib -F /tmp/picpac-phase3-recovery-build-03d44f794ef9-20260925T084220Z/iphonesimulator/Build/Products/Debug-iphonesimulator -F /Applications/Xcode.app/Contents/Developer/Platforms/iPhoneSimulator.platform/Developer/Library/Frameworks -F /Applications/Xcode.app/Contents/Developer/Platforms/iPhoneSimulator.platform/Developer/SDKs/iPhoneSimulator26.5.sdk/Developer/Library/Frameworks -c -j12 -enable-batch-mode -incremental -Xcc -ivfsstatcache -Xcc /tmp/picpac-phase3-recovery-build-03d44f794ef9-20260925T084220Z/iphonesimulator/SDKStatCaches.noindex/iphonesimulator26.5-23F81a-6cfe768891a92b912361537c460fe42b.sdkstatcache -output-file-map /tmp/picpac-phase3-recovery-build-03d44f794ef9-20260925T084220Z/iphonesimulator/Build/Intermediates.noindex/PicPacKit.build/Debug-iphonesimulator/PicPacCore.build/Objects-normal/arm64/PicPacCore-OutputFileMap.json -use-frontend-parseable-output -save-temps -no-color-diagnostics -explicit-module-build -module-cache-path /tmp/picpac-phase3-recovery-build-03d44f794ef9-20260925T084220Z/iphonesimulator/Build/Intermediates.noindex/SwiftExplicitPrecompiledModules -clang-scanner-module-cache-path /tmp/picpac-phase3-recovery-build-03d44f794ef9-20260925T084220Z/iphonesimulator/ModuleCache.noindex -sdk-module-cache-path /tmp/picpac-phase3-recovery-build-03d44f794ef9-20260925T084220Z/iphonesimulator/ModuleCache.noindex -serialize-diagnostics -emit-dependencies -emit-module -emit-module-path /tmp/picpac-phase3-recovery-build-03d44f794ef9-20260925T084220Z/iphonesimulator/Build/Intermediates.noindex/PicPacKit.build/Debug-iphonesimulator/PicPacCore.build/Objects-normal/arm64/PicPacCore.swiftmodule -validate-clang-modules-once -clang-build-session-file /tmp/picpac-phase3-recovery-build-03d44f794ef9-20260925T084220Z/iphonesimulator/ModuleCache.noindex/Session.modulevalidation -package-name picpackit -Xcc -I/tmp/picpac-phase3-recovery-build-03d44f794ef9-20260925T084220Z/iphonesimulator/Build/Intermediates.noindex/PicPacKit.build/Debug-iphonesimulator/PicPacCore.build/swift-overrides.hmap -emit-const-values -Xfrontend -const-gather-protocols-file -Xfrontend /tmp/picpac-phase3-recovery-build-03d44f794ef9-20260925T084220Z/iphonesimulator/Build/Intermediates.noindex/PicPacKit.build/Debug-iphonesimulator/PicPacCore.build/Objects-normal/arm64/PicPacCore_const_extract_protocols.json -Xcc -I/tmp/picpac-phase3-recovery-build-03d44f794ef9-20260925T084220Z/iphonesimulator/Build/Products/Debug-iphonesimulator/include -Xcc -I/tmp/picpac-phase3-recovery-build-03d44f794ef9-20260925T084220Z/iphonesimulator/Build/Intermediates.noindex/PicPacKit.build/Debug-iphonesimulator/PicPacCore.build/DerivedSources-normal/arm64 -Xcc -I/tmp/picpac-phase3-recovery-build-03d44f794ef9-20260925T084220Z/iphonesimulator/Build/Intermediates.noindex/PicPacKit.build/Debug-iphonesimulator/PicPacCore.build/DerivedSources/arm64 -Xcc -I/tmp/picpac-phase3-recovery-build-03d44f794ef9-20260925T084220Z/iphonesimulator/Build/Intermediates.noindex/PicPacKit.build/Debug-iphonesimulator/PicPacCore.build/DerivedSources -Xcc -DSWIFT_PACKAGE -Xcc -DDEBUG\=1 -emit-objc-header -emit-objc-header-path /tmp/picpac-phase3-recovery-build-03d44f794ef9-20260925T084220Z/iphonesimulator/Build/Intermediates.noindex/PicPacKit.build/Debug-iphonesimulator/PicPacCore.build/Objects-normal/arm64/PicPacCore-Swift.h -working-directory /Users/bavabangaru/Developer/pic-pac-poe-ios-native-parity/ios/PicPacPoe.xcodeproj -experimental-emit-module-separately -disable-cmo

SwiftExplicitDependencyGeneratePcm x86_64 /tmp/picpac-phase3-recovery-build-03d44f794ef9-20260925T084220Z/iphonesimulator/ModuleCache.noindex/_Builtin_stdarg-AOGBUJ93843GT1EOJ3JWXZC66.pcm

SwiftExplicitDependencyGeneratePcm x86_64 /tmp/picpac-phase3-recovery-build-03d44f794ef9-20260925T084220Z/iphonesimulator/ModuleCache.noindex/_SwiftConcurrencyShims-7FCSCNLTUH2E56HEKK2R9O3NH.pcm

SwiftExplicitDependencyGeneratePcm x86_64 /tmp/picpac-phase3-recovery-build-03d44f794ef9-20260925T084220Z/iphonesimulator/ModuleCache.noindex/SwiftShims-24FQ6LV20WD3IOX2OZWCGX87W.pcm

SwiftExplicitDependencyGeneratePcm x86_64 /tmp/picpac-phase3-recovery-build-03d44f794ef9-20260925T084220Z/iphonesimulator/ModuleCache.noindex/ptrcheck-6FEWDU1Z7KT2E16A6RXJKQGDV.pcm

SwiftExplicitDependencyGeneratePcm x86_64 /tmp/picpac-phase3-recovery-build-03d44f794ef9-20260925T084220Z/iphonesimulator/ModuleCache.noindex/ptrauth-150G3IX7US9NQ18Q6QHHYPEMV.pcm

SwiftExplicitDependencyGeneratePcm x86_64 /tmp/picpac-phase3-recovery-build-03d44f794ef9-20260925T084220Z/iphonesimulator/ModuleCache.noindex/_AvailabilityInternal-1XDBBBLICTE0YGRWUKD2VX26Q.pcm

SwiftExplicitDependencyGeneratePcm x86_64 /tmp/picpac-phase3-recovery-build-03d44f794ef9-20260925T084220Z/iphonesimulator/ModuleCache.noindex/_Builtin_stdbool-42KVRHMLGEKH73SVVS1CVMDAB.pcm

SwiftExplicitDependencyGeneratePcm x86_64 /tmp/picpac-phase3-recovery-build-03d44f794ef9-20260925T084220Z/iphonesimulator/ModuleCache.noindex/_Builtin_float-5DNI6Y7QZNC8RWZQXLS9GTXX8.pcm

SwiftExplicitDependencyGeneratePcm x86_64 /tmp/picpac-phase3-recovery-build-03d44f794ef9-20260925T084220Z/iphonesimulator/ModuleCache.noindex/_Builtin_stddef-9BX8VZG6VID6QS21M20C0ARKX.pcm

SwiftExplicitDependencyGeneratePcm arm64 /tmp/picpac-phase3-recovery-build-03d44f794ef9-20260925T084220Z/iphonesimulator/ModuleCache.noindex/ptrauth-5G9WWY5B32MXR6HX3E1YDIDQP.pcm

SwiftExplicitDependencyGeneratePcm arm64 /tmp/picpac-phase3-recovery-build-03d44f794ef9-20260925T084220Z/iphonesimulator/ModuleCache.noindex/_Builtin_stdarg-9TROWYAFT4K49ZLQAN9ET93XV.pcm

SwiftExplicitDependencyGeneratePcm arm64 /tmp/picpac-phase3-recovery-build-03d44f794ef9-20260925T084220Z/iphonesimulator/ModuleCache.noindex/_SwiftConcurrencyShims-3P72U3N4IIP5TDYND5KB2X9Q2.pcm

SwiftExplicitDependencyGeneratePcm arm64 /tmp/picpac-phase3-recovery-build-03d44f794ef9-20260925T084220Z/iphonesimulator/ModuleCache.noindex/SwiftShims-EC3315MLGQ0IWRM5CQYWAJ9DB.pcm

SwiftExplicitDependencyGeneratePcm arm64 /tmp/picpac-phase3-recovery-build-03d44f794ef9-20260925T084220Z/iphonesimulator/ModuleCache.noindex/_Builtin_float-235UBX1RNNHY8LY7I05TIWNS.pcm

SwiftExplicitDependencyGeneratePcm arm64 /tmp/picpac-phase3-recovery-build-03d44f794ef9-20260925T084220Z/iphonesimulator/ModuleCache.noindex/_Builtin_stddef-57JFX48X4XLJC8L2FDFOTNMZJ.pcm

SwiftExplicitDependencyGeneratePcm arm64 /tmp/picpac-phase3-recovery-build-03d44f794ef9-20260925T084220Z/iphonesimulator/ModuleCache.noindex/_Builtin_stdbool-8OEQFSF3BJ3QB1FD0TXF6KLYJ.pcm

SwiftExplicitDependencyGeneratePcm arm64 /tmp/picpac-phase3-recovery-build-03d44f794ef9-20260925T084220Z/iphonesimulator/ModuleCache.noindex/ptrcheck-3SMMMEBLIRHA0RQYS06UDW5FV.pcm

SwiftExplicitDependencyGeneratePcm arm64 /tmp/picpac-phase3-recovery-build-03d44f794ef9-20260925T084220Z/iphonesimulator/ModuleCache.noindex/_AvailabilityInternal-3DFSOG8VG8WKJ4M5ZJWKJVC2M.pcm

SwiftExplicitDependencyGeneratePcm x86_64 /tmp/picpac-phase3-recovery-build-03d44f794ef9-20260925T084220Z/iphonesimulator/ModuleCache.noindex/_DarwinFoundation1-1EROEF5EOJ3QXTWEAC97XFKGM.pcm

SwiftExplicitDependencyGeneratePcm arm64 /tmp/picpac-phase3-recovery-build-03d44f794ef9-20260925T084220Z/iphonesimulator/ModuleCache.noindex/_DarwinFoundation1-601M2O2V9C62YUCD7U41XJN5F.pcm

SwiftExplicitDependencyGeneratePcm x86_64 /tmp/picpac-phase3-recovery-build-03d44f794ef9-20260925T084220Z/iphonesimulator/ModuleCache.noindex/_DarwinFoundation2-CQ398YWI9QX249H9QG40KQFY9.pcm

SwiftExplicitDependencyGeneratePcm x86_64 /tmp/picpac-phase3-recovery-build-03d44f794ef9-20260925T084220Z/iphonesimulator/ModuleCache.noindex/_Builtin_limits-2DYXOEOQUV91NM2U6F1ZI81Z.pcm

SwiftExplicitDependencyGeneratePcm arm64 /tmp/picpac-phase3-recovery-build-03d44f794ef9-20260925T084220Z/iphonesimulator/ModuleCache.noindex/_Builtin_limits-DD6Q6OK9XF8PCRIQLFNSVYZNT.pcm

SwiftExplicitDependencyGeneratePcm arm64 /tmp/picpac-phase3-recovery-build-03d44f794ef9-20260925T084220Z/iphonesimulator/ModuleCache.noindex/_DarwinFoundation2-8BC7ZMPCZWY494A5DD9I5T2E7.pcm

SwiftExplicitDependencyGeneratePcm x86_64 /tmp/picpac-phase3-recovery-build-03d44f794ef9-20260925T084220Z/iphonesimulator/ModuleCache.noindex/_Builtin_stdint-679VD17VJF1ZALPBV6P422ILE.pcm

SwiftExplicitDependencyGeneratePcm x86_64 /tmp/picpac-phase3-recovery-build-03d44f794ef9-20260925T084220Z/iphonesimulator/ModuleCache.noindex/sys_types-98M8QGL76AG0ENH12NHM567QC.pcm

SwiftExplicitDependencyGeneratePcm x86_64 /tmp/picpac-phase3-recovery-build-03d44f794ef9-20260925T084220Z/iphonesimulator/ModuleCache.noindex/_DarwinFoundation3-7UODSKD88EE9Q2G7I00N4GGME.pcm

SwiftExplicitDependencyGeneratePcm arm64 /tmp/picpac-phase3-recovery-build-03d44f794ef9-20260925T084220Z/iphonesimulator/ModuleCache.noindex/sys_types-C6VQTM9BVW6JFMNEJLUJRSBH5.pcm

SwiftExplicitDependencyGeneratePcm arm64 /tmp/picpac-phase3-recovery-build-03d44f794ef9-20260925T084220Z/iphonesimulator/ModuleCache.noindex/_Builtin_stdint-9NY7HQJ0LGOFQGL1WHY6IJL76.pcm

SwiftExplicitDependencyGeneratePcm arm64 /tmp/picpac-phase3-recovery-build-03d44f794ef9-20260925T084220Z/iphonesimulator/ModuleCache.noindex/_DarwinFoundation3-BAGF3EOAAPW4KWXPFE4EUKMJ2.pcm

SwiftExplicitDependencyGeneratePcm x86_64 /tmp/picpac-phase3-recovery-build-03d44f794ef9-20260925T084220Z/iphonesimulator/ModuleCache.noindex/_Builtin_inttypes-CYZ7OBD71QPQ0FIB3N8OLCLFV.pcm

SwiftExplicitDependencyGeneratePcm x86_64 /tmp/picpac-phase3-recovery-build-03d44f794ef9-20260925T084220Z/iphonesimulator/ModuleCache.noindex/Darwin-1UK3WGM86DLRHR40OQ01OTY0S.pcm

SwiftExplicitDependencyGeneratePcm arm64 /tmp/picpac-phase3-recovery-build-03d44f794ef9-20260925T084220Z/iphonesimulator/ModuleCache.noindex/_Builtin_inttypes-69XYM8BX9BY718MY0XY4E2C77.pcm

SwiftExplicitDependencyGeneratePcm arm64 /tmp/picpac-phase3-recovery-build-03d44f794ef9-20260925T084220Z/iphonesimulator/ModuleCache.noindex/Darwin-DAAQFCKIA8WX404ATUZBMO58S.pcm

SwiftExplicitDependencyGeneratePcm x86_64 /tmp/picpac-phase3-recovery-build-03d44f794ef9-20260925T084220Z/iphonesimulator/ModuleCache.noindex/ObjectiveC-550E4K3LA0SLUKSV25H7H5IAW.pcm

SwiftExplicitDependencyGeneratePcm arm64 /tmp/picpac-phase3-recovery-build-03d44f794ef9-20260925T084220Z/iphonesimulator/ModuleCache.noindex/ObjectiveC-DM2UCE6XMNZ99DU2CKJME3QVN.pcm

SwiftExplicitDependencyGeneratePcm x86_64 /tmp/picpac-phase3-recovery-build-03d44f794ef9-20260925T084220Z/iphonesimulator/ModuleCache.noindex/os_object-C4LZNODWDUBJDIH4XFS0LHNUD.pcm

SwiftExplicitDependencyGeneratePcm x86_64 /tmp/picpac-phase3-recovery-build-03d44f794ef9-20260925T084220Z/iphonesimulator/ModuleCache.noindex/os_workgroup-2YPM9HJ4L9NY4JS72JAKJSV5G.pcm

SwiftExplicitDependencyGeneratePcm arm64 /tmp/picpac-phase3-recovery-build-03d44f794ef9-20260925T084220Z/iphonesimulator/ModuleCache.noindex/os_object-B96LD1VG35L0TDPTS4D89F7E9.pcm

SwiftExplicitDependencyGeneratePcm x86_64 /tmp/picpac-phase3-recovery-build-03d44f794ef9-20260925T084220Z/iphonesimulator/ModuleCache.noindex/Dispatch-56OW7CUIJ5PTUXIQB4UQ5RPBM.pcm

SwiftExplicitDependencyGeneratePcm arm64 /tmp/picpac-phase3-recovery-build-03d44f794ef9-20260925T084220Z/iphonesimulator/ModuleCache.noindex/os_workgroup-BX9B9RVBESQU1097SRSO47NKR.pcm

SwiftExplicitDependencyGeneratePcm arm64 /tmp/picpac-phase3-recovery-build-03d44f794ef9-20260925T084220Z/iphonesimulator/ModuleCache.noindex/Dispatch-43RVH1C62TCTH84LL5IA74KMH.pcm

SwiftExplicitDependencyGeneratePcm x86_64 /tmp/picpac-phase3-recovery-build-03d44f794ef9-20260925T084220Z/iphonesimulator/ModuleCache.noindex/CoreFoundation-DCUBTPRRC5IV1OF1ZJ7Z7A1QE.pcm

SwiftExplicitDependencyGeneratePcm x86_64 /tmp/picpac-phase3-recovery-build-03d44f794ef9-20260925T084220Z/iphonesimulator/ModuleCache.noindex/XPC-6T7BF060Q06ZUPPK7Q9Q8PLFU.pcm

SwiftExplicitDependencyGeneratePcm arm64 /tmp/picpac-phase3-recovery-build-03d44f794ef9-20260925T084220Z/iphonesimulator/ModuleCache.noindex/XPC-6IHTZIWOPSSZ48JXEFSFP99J3.pcm

SwiftExplicitDependencyGeneratePcm arm64 /tmp/picpac-phase3-recovery-build-03d44f794ef9-20260925T084220Z/iphonesimulator/ModuleCache.noindex/CoreFoundation-539W275WYA84ZIPWGFZQN8KKI.pcm

SwiftExplicitDependencyGeneratePcm x86_64 /tmp/picpac-phase3-recovery-build-03d44f794ef9-20260925T084220Z/iphonesimulator/ModuleCache.noindex/Security-10ME55X3DS5BLRGRAL78UEM62.pcm

SwiftExplicitDependencyGeneratePcm x86_64 /tmp/picpac-phase3-recovery-build-03d44f794ef9-20260925T084220Z/iphonesimulator/ModuleCache.noindex/CFNetwork-Q0SOLX228ZW27X08R34JLPFB.pcm

SwiftExplicitDependencyGeneratePcm arm64 /tmp/picpac-phase3-recovery-build-03d44f794ef9-20260925T084220Z/iphonesimulator/ModuleCache.noindex/Security-B5CHB1L6QE0XBE6JXY3GMJSQ9.pcm

SwiftExplicitDependencyGeneratePcm arm64 /tmp/picpac-phase3-recovery-build-03d44f794ef9-20260925T084220Z/iphonesimulator/ModuleCache.noindex/CFNetwork-BW651UTU695IATCWM5AO4OZRP.pcm

SwiftExplicitDependencyGeneratePcm x86_64 /tmp/picpac-phase3-recovery-build-03d44f794ef9-20260925T084220Z/iphonesimulator/ModuleCache.noindex/Foundation-9JGFDVH2DKQKWJD2P42CS44JE.pcm

SwiftExplicitDependencyGeneratePcm arm64 /tmp/picpac-phase3-recovery-build-03d44f794ef9-20260925T084220Z/iphonesimulator/ModuleCache.noindex/Foundation-C9UVSW1CEQXV3IPW21LS97NM9.pcm

SwiftCompile normal x86_64 Compiling\ State.swift /Users/bavabangaru/Developer/pic-pac-poe-ios-native-parity/ios/Packages/PicPacKit/Sources/PicPacCore/State.swift (in target 'PicPacCore' from project 'PicPacKit')
SwiftCompile normal x86_64 /Users/bavabangaru/Developer/pic-pac-poe-ios-native-parity/ios/Packages/PicPacKit/Sources/PicPacCore/State.swift (in target 'PicPacCore' from project 'PicPacKit')
    cd /Users/bavabangaru/Developer/pic-pac-poe-ios-native-parity/ios/PicPacPoe.xcodeproj
    

SwiftCompile normal x86_64 Compiling\ AiObservation.swift /Users/bavabangaru/Developer/pic-pac-poe-ios-native-parity/ios/Packages/PicPacKit/Sources/PicPacCore/AiObservation.swift (in target 'PicPacCore' from project 'PicPacKit')

SwiftCompile normal x86_64 /Users/bavabangaru/Developer/pic-pac-poe-ios-native-parity/ios/Packages/PicPacKit/Sources/PicPacCore/AiObservation.swift (in target 'PicPacCore' from project 'PicPacKit')
    cd /Users/bavabangaru/Developer/pic-pac-poe-ios-native-parity/ios/PicPacPoe.xcodeproj
    

SwiftCompile normal x86_64 Compiling\ Rules.swift /Users/bavabangaru/Developer/pic-pac-poe-ios-native-parity/ios/Packages/PicPacKit/Sources/PicPacCore/Rules.swift (in target 'PicPacCore' from project 'PicPacKit')

SwiftCompile normal x86_64 /Users/bavabangaru/Developer/pic-pac-poe-ios-native-parity/ios/Packages/PicPacKit/Sources/PicPacCore/Rules.swift (in target 'PicPacCore' from project 'PicPacKit')
    cd /Users/bavabangaru/Developer/pic-pac-poe-ios-native-parity/ios/PicPacPoe.xcodeproj
    

SwiftCompile normal x86_64 Compiling\ Randomness.swift /Users/bavabangaru/Developer/pic-pac-poe-ios-native-parity/ios/Packages/PicPacKit/Sources/PicPacCore/Randomness.swift (in target 'PicPacCore' from project 'PicPacKit')

SwiftCompile normal x86_64 /Users/bavabangaru/Developer/pic-pac-poe-ios-native-parity/ios/Packages/PicPacKit/Sources/PicPacCore/Randomness.swift (in target 'PicPacCore' from project 'PicPacKit')
    cd /Users/bavabangaru/Developer/pic-pac-poe-ios-native-parity/ios/PicPacPoe.xcodeproj
    

SwiftCompile normal x86_64 Compiling\ Model.swift /Users/bavabangaru/Developer/pic-pac-poe-ios-native-parity/ios/Packages/PicPacKit/Sources/PicPacCore/Model.swift (in target 'PicPacCore' from project 'PicPacKit')

SwiftCompile normal x86_64 /Users/bavabangaru/Developer/pic-pac-poe-ios-native-parity/ios/Packages/PicPacKit/Sources/PicPacCore/Model.swift (in target 'PicPacCore' from project 'PicPacKit')
    cd /Users/bavabangaru/Developer/pic-pac-poe-ios-native-parity/ios/PicPacPoe.xcodeproj
    

SwiftEmitModule normal x86_64 Emitting\ module\ for\ PicPacCore (in target 'PicPacCore' from project 'PicPacKit')

EmitSwiftModule normal x86_64 (in target 'PicPacCore' from project 'PicPacKit')
    cd /Users/bavabangaru/Developer/pic-pac-poe-ios-native-parity/ios/PicPacPoe.xcodeproj
    

SwiftEmitModule normal arm64 Emitting\ module\ for\ PicPacCore (in target 'PicPacCore' from project 'PicPacKit')

EmitSwiftModule normal arm64 (in target 'PicPacCore' from project 'PicPacKit')
    cd /Users/bavabangaru/Developer/pic-pac-poe-ios-native-parity/ios/PicPacPoe.xcodeproj
    

SwiftCompile normal arm64 Compiling\ AiObservation.swift /Users/bavabangaru/Developer/pic-pac-poe-ios-native-parity/ios/Packages/PicPacKit/Sources/PicPacCore/AiObservation.swift (in target 'PicPacCore' from project 'PicPacKit')

SwiftCompile normal arm64 /Users/bavabangaru/Developer/pic-pac-poe-ios-native-parity/ios/Packages/PicPacKit/Sources/PicPacCore/AiObservation.swift (in target 'PicPacCore' from project 'PicPacKit')
    cd /Users/bavabangaru/Developer/pic-pac-poe-ios-native-parity/ios/PicPacPoe.xcodeproj
    

SwiftCompile normal arm64 Compiling\ Randomness.swift /Users/bavabangaru/Developer/pic-pac-poe-ios-native-parity/ios/Packages/PicPacKit/Sources/PicPacCore/Randomness.swift (in target 'PicPacCore' from project 'PicPacKit')

SwiftCompile normal arm64 /Users/bavabangaru/Developer/pic-pac-poe-ios-native-parity/ios/Packages/PicPacKit/Sources/PicPacCore/Randomness.swift (in target 'PicPacCore' from project 'PicPacKit')
    cd /Users/bavabangaru/Developer/pic-pac-poe-ios-native-parity/ios/PicPacPoe.xcodeproj
    

SwiftCompile normal arm64 Compiling\ Model.swift /Users/bavabangaru/Developer/pic-pac-poe-ios-native-parity/ios/Packages/PicPacKit/Sources/PicPacCore/Model.swift (in target 'PicPacCore' from project 'PicPacKit')

SwiftCompile normal arm64 /Users/bavabangaru/Developer/pic-pac-poe-ios-native-parity/ios/Packages/PicPacKit/Sources/PicPacCore/Model.swift (in target 'PicPacCore' from project 'PicPacKit')
    cd /Users/bavabangaru/Developer/pic-pac-poe-ios-native-parity/ios/PicPacPoe.xcodeproj
    

SwiftCompile normal arm64 Compiling\ State.swift /Users/bavabangaru/Developer/pic-pac-poe-ios-native-parity/ios/Packages/PicPacKit/Sources/PicPacCore/State.swift (in target 'PicPacCore' from project 'PicPacKit')

SwiftCompile normal arm64 /Users/bavabangaru/Developer/pic-pac-poe-ios-native-parity/ios/Packages/PicPacKit/Sources/PicPacCore/State.swift (in target 'PicPacCore' from project 'PicPacKit')
    cd /Users/bavabangaru/Developer/pic-pac-poe-ios-native-parity/ios/PicPacPoe.xcodeproj
    

SwiftCompile normal arm64 Compiling\ Rules.swift /Users/bavabangaru/Developer/pic-pac-poe-ios-native-parity/ios/Packages/PicPacKit/Sources/PicPacCore/Rules.swift (in target 'PicPacCore' from project 'PicPacKit')

SwiftCompile normal arm64 /Users/bavabangaru/Developer/pic-pac-poe-ios-native-parity/ios/Packages/PicPacKit/Sources/PicPacCore/Rules.swift (in target 'PicPacCore' from project 'PicPacKit')
    cd /Users/bavabangaru/Developer/pic-pac-poe-ios-native-parity/ios/PicPacPoe.xcodeproj
    

SwiftDriverJobDiscovery normal x86_64 Emitting module for PicPacCore (in target 'PicPacCore' from project 'PicPacKit')

SwiftDriver\ Compilation\ Requirements PicPacCore normal x86_64 com.apple.xcode.tools.swift.compiler (in target 'PicPacCore' from project 'PicPacKit')
    cd /Users/bavabangaru/Developer/pic-pac-poe-ios-native-parity/ios/PicPacPoe.xcodeproj
    builtin-Swift-Compilation-Requirements -- /Applications/Xcode.app/Contents/Developer/Toolchains/XcodeDefault.xctoolchain/usr/bin/swiftc -module-name PicPacCore -Onone @/tmp/picpac-phase3-recovery-build-03d44f794ef9-20260925T084220Z/iphonesimulator/Build/Intermediates.noindex/PicPacKit.build/Debug-iphonesimulator/PicPacCore.build/Objects-normal/x86_64/PicPacCore.SwiftFileList -DSWIFT_PACKAGE -DDEBUG -DSWIFT_MODULE_RESOURCE_BUNDLE_UNAVAILABLE -DXcode -plugin-path /Applications/Xcode.app/Contents/Developer/Toolchains/XcodeDefault.xctoolchain/usr/lib/swift/host/plugins/testing -enable-experimental-feature DebugDescriptionMacro -sdk /Applications/Xcode.app/Contents/Developer/Platforms/iPhoneSimulator.platform/Developer/SDKs/iPhoneSimulator26.5.sdk -target x86_64-apple-ios17.0-simulator -g -module-cache-path /tmp/picpac-phase3-recovery-build-03d44f794ef9-20260925T084220Z/iphonesimulator/ModuleCache.noindex -Xfrontend -serialize-debugging-options -enable-testing -suppress-warnings -index-store-path /tmp/picpac-phase3-recovery-build-03d44f794ef9-20260925T084220Z/iphonesimulator/Index.noindex/DataStore -Xcc -D_LIBCPP_HARDENING_MODE\=_LIBCPP_HARDENING_MODE_DEBUG -swift-version 6 -I /tmp/picpac-phase3-recovery-build-03d44f794ef9-20260925T084220Z/iphonesimulator/Build/Products/Debug-iphonesimulator -Isystem /Applications/Xcode.app/Contents/Developer/Platforms/iPhoneSimulator.platform/Developer/usr/lib -F /tmp/picpac-phase3-recovery-build-03d44f794ef9-20260925T084220Z/iphonesimulator/Build/Products/Debug-iphonesimulator -F /Applications/Xcode.app/Contents/Developer/Platforms/iPhoneSimulator.platform/Developer/Library/Frameworks -F /Applications/Xcode.app/Contents/Developer/Platforms/iPhoneSimulator.platform/Developer/SDKs/iPhoneSimulator26.5.sdk/Developer/Library/Frameworks -c -j12 -enable-batch-mode -incremental -Xcc -ivfsstatcache -Xcc /tmp/picpac-phase3-recovery-build-03d44f794ef9-20260925T084220Z/iphonesimulator/SDKStatCaches.noindex/iphonesimulator26.5-23F81a-6cfe768891a92b912361537c460fe42b.sdkstatcache -output-file-map /tmp/picpac-phase3-recovery-build-03d44f794ef9-20260925T084220Z/iphonesimulator/Build/Intermediates.noindex/PicPacKit.build/Debug-iphonesimulator/PicPacCore.build/Objects-normal/x86_64/PicPacCore-OutputFileMap.json -use-frontend-parseable-output -save-temps -no-color-diagnostics -explicit-module-build -module-cache-path /tmp/picpac-phase3-recovery-build-03d44f794ef9-20260925T084220Z/iphonesimulator/Build/Intermediates.noindex/SwiftExplicitPrecompiledModules -clang-scanner-module-cache-path /tmp/picpac-phase3-recovery-build-03d44f794ef9-20260925T084220Z/iphonesimulator/ModuleCache.noindex -sdk-module-cache-path /tmp/picpac-phase3-recovery-build-03d44f794ef9-20260925T084220Z/iphonesimulator/ModuleCache.noindex -serialize-diagnostics -emit-dependencies -emit-module -emit-module-path /tmp/picpac-phase3-recovery-build-03d44f794ef9-20260925T084220Z/iphonesimulator/Build/Intermediates.noindex/PicPacKit.build/Debug-iphonesimulator/PicPacCore.build/Objects-normal/x86_64/PicPacCore.swiftmodule -validate-clang-modules-once -clang-build-session-file /tmp/picpac-phase3-recovery-build-03d44f794ef9-20260925T084220Z/iphonesimulator/ModuleCache.noindex/Session.modulevalidation -package-name picpackit -Xcc -I/tmp/picpac-phase3-recovery-build-03d44f794ef9-20260925T084220Z/iphonesimulator/Build/Intermediates.noindex/PicPacKit.build/Debug-iphonesimulator/PicPacCore.build/swift-overrides.hmap -emit-const-values -Xfrontend -const-gather-protocols-file -Xfrontend /tmp/picpac-phase3-recovery-build-03d44f794ef9-20260925T084220Z/iphonesimulator/Build/Intermediates.noindex/PicPacKit.build/Debug-iphonesimulator/PicPacCore.build/Objects-normal/x86_64/PicPacCore_const_extract_protocols.json -Xcc -I/tmp/picpac-phase3-recovery-build-03d44f794ef9-20260925T084220Z/iphonesimulator/Build/Products/Debug-iphonesimulator/include -Xcc -I/tmp/picpac-phase3-recovery-build-03d44f794ef9-20260925T084220Z/iphonesimulator/Build/Intermediates.noindex/PicPacKit.build/Debug-iphonesimulator/PicPacCore.build/DerivedSources-normal/x86_64 -Xcc -I/tmp/picpac-phase3-recovery-build-03d44f794ef9-20260925T084220Z/iphonesimulator/Build/Intermediates.noindex/PicPacKit.build/Debug-iphonesimulator/PicPacCore.build/DerivedSources/x86_64 -Xcc -I/tmp/picpac-phase3-recovery-build-03d44f794ef9-20260925T084220Z/iphonesimulator/Build/Intermediates.noindex/PicPacKit.build/Debug-iphonesimulator/PicPacCore.build/DerivedSources -Xcc -DSWIFT_PACKAGE -Xcc -DDEBUG\=1 -emit-objc-header -emit-objc-header-path /tmp/picpac-phase3-recovery-build-03d44f794ef9-20260925T084220Z/iphonesimulator/Build/Intermediates.noindex/PicPacKit.build/Debug-iphonesimulator/PicPacCore.build/Objects-normal/x86_64/PicPacCore-Swift.h -working-directory /Users/bavabangaru/Developer/pic-pac-poe-ios-native-parity/ios/PicPacPoe.xcodeproj -experimental-emit-module-separately -disable-cmo

Copy /tmp/picpac-phase3-recovery-build-03d44f794ef9-20260925T084220Z/iphonesimulator/Build/Products/Debug-iphonesimulator/PicPacCore.swiftmodule/x86_64-apple-ios-simulator.swiftmodule /tmp/picpac-phase3-recovery-build-03d44f794ef9-20260925T084220Z/iphonesimulator/Build/Intermediates.noindex/PicPacKit.build/Debug-iphonesimulator/PicPacCore.build/Objects-normal/x86_64/PicPacCore.swiftmodule (in target 'PicPacCore' from project 'PicPacKit')
    cd /Users/bavabangaru/Developer/pic-pac-poe-ios-native-parity/ios/Packages/PicPacKit
    builtin-copy -exclude .DS_Store -exclude CVS -exclude .svn -exclude .git -exclude .hg -resolve-src-symlinks -rename /tmp/picpac-phase3-recovery-build-03d44f794ef9-20260925T084220Z/iphonesimulator/Build/Intermediates.noindex/PicPacKit.build/Debug-iphonesimulator/PicPacCore.build/Objects-normal/x86_64/PicPacCore.swiftmodule /tmp/picpac-phase3-recovery-build-03d44f794ef9-20260925T084220Z/iphonesimulator/Build/Products/Debug-iphonesimulator/PicPacCore.swiftmodule/x86_64-apple-ios-simulator.swiftmodule

Copy /tmp/picpac-phase3-recovery-build-03d44f794ef9-20260925T084220Z/iphonesimulator/Build/Products/Debug-iphonesimulator/PicPacCore.swiftmodule/x86_64-apple-ios-simulator.swiftdoc /tmp/picpac-phase3-recovery-build-03d44f794ef9-20260925T084220Z/iphonesimulator/Build/Intermediates.noindex/PicPacKit.build/Debug-iphonesimulator/PicPacCore.build/Objects-normal/x86_64/PicPacCore.swiftdoc (in target 'PicPacCore' from project 'PicPacKit')
    cd /Users/bavabangaru/Developer/pic-pac-poe-ios-native-parity/ios/Packages/PicPacKit
    builtin-copy -exclude .DS_Store -exclude CVS -exclude .svn -exclude .git -exclude .hg -resolve-src-symlinks -rename /tmp/picpac-phase3-recovery-build-03d44f794ef9-20260925T084220Z/iphonesimulator/Build/Intermediates.noindex/PicPacKit.build/Debug-iphonesimulator/PicPacCore.build/Objects-normal/x86_64/PicPacCore.swiftdoc /tmp/picpac-phase3-recovery-build-03d44f794ef9-20260925T084220Z/iphonesimulator/Build/Products/Debug-iphonesimulator/PicPacCore.swiftmodule/x86_64-apple-ios-simulator.swiftdoc

Copy /tmp/picpac-phase3-recovery-build-03d44f794ef9-20260925T084220Z/iphonesimulator/Build/Products/Debug-iphonesimulator/PicPacCore.swiftmodule/x86_64-apple-ios-simulator.abi.json /tmp/picpac-phase3-recovery-build-03d44f794ef9-20260925T084220Z/iphonesimulator/Build/Intermediates.noindex/PicPacKit.build/Debug-iphonesimulator/PicPacCore.build/Objects-normal/x86_64/PicPacCore.abi.json (in target 'PicPacCore' from project 'PicPacKit')
    cd /Users/bavabangaru/Developer/pic-pac-poe-ios-native-parity/ios/Packages/PicPacKit
    builtin-copy -exclude .DS_Store -exclude CVS -exclude .svn -exclude .git -exclude .hg -resolve-src-symlinks -rename /tmp/picpac-phase3-recovery-build-03d44f794ef9-20260925T084220Z/iphonesimulator/Build/Intermediates.noindex/PicPacKit.build/Debug-iphonesimulator/PicPacCore.build/Objects-normal/x86_64/PicPacCore.abi.json /tmp/picpac-phase3-recovery-build-03d44f794ef9-20260925T084220Z/iphonesimulator/Build/Products/Debug-iphonesimulator/PicPacCore.swiftmodule/x86_64-apple-ios-simulator.abi.json

Copy /tmp/picpac-phase3-recovery-build-03d44f794ef9-20260925T084220Z/iphonesimulator/Build/Products/Debug-iphonesimulator/PicPacCore.swiftmodule/Project/x86_64-apple-ios-simulator.swiftsourceinfo /tmp/picpac-phase3-recovery-build-03d44f794ef9-20260925T084220Z/iphonesimulator/Build/Intermediates.noindex/PicPacKit.build/Debug-iphonesimulator/PicPacCore.build/Objects-normal/x86_64/PicPacCore.swiftsourceinfo (in target 'PicPacCore' from project 'PicPacKit')
    cd /Users/bavabangaru/Developer/pic-pac-poe-ios-native-parity/ios/Packages/PicPacKit
    builtin-copy -exclude .DS_Store -exclude CVS -exclude .svn -exclude .git -exclude .hg -resolve-src-symlinks -rename /tmp/picpac-phase3-recovery-build-03d44f794ef9-20260925T084220Z/iphonesimulator/Build/Intermediates.noindex/PicPacKit.build/Debug-iphonesimulator/PicPacCore.build/Objects-normal/x86_64/PicPacCore.swiftsourceinfo /tmp/picpac-phase3-recovery-build-03d44f794ef9-20260925T084220Z/iphonesimulator/Build/Products/Debug-iphonesimulator/PicPacCore.swiftmodule/Project/x86_64-apple-ios-simulator.swiftsourceinfo

SwiftDriverJobDiscovery normal arm64 Emitting module for PicPacCore (in target 'PicPacCore' from project 'PicPacKit')

SwiftDriver\ Compilation\ Requirements PicPacCore normal arm64 com.apple.xcode.tools.swift.compiler (in target 'PicPacCore' from project 'PicPacKit')
    cd /Users/bavabangaru/Developer/pic-pac-poe-ios-native-parity/ios/PicPacPoe.xcodeproj
    builtin-Swift-Compilation-Requirements -- /Applications/Xcode.app/Contents/Developer/Toolchains/XcodeDefault.xctoolchain/usr/bin/swiftc -module-name PicPacCore -Onone @/tmp/picpac-phase3-recovery-build-03d44f794ef9-20260925T084220Z/iphonesimulator/Build/Intermediates.noindex/PicPacKit.build/Debug-iphonesimulator/PicPacCore.build/Objects-normal/arm64/PicPacCore.SwiftFileList -DSWIFT_PACKAGE -DDEBUG -DSWIFT_MODULE_RESOURCE_BUNDLE_UNAVAILABLE -DXcode -plugin-path /Applications/Xcode.app/Contents/Developer/Toolchains/XcodeDefault.xctoolchain/usr/lib/swift/host/plugins/testing -enable-experimental-feature DebugDescriptionMacro -sdk /Applications/Xcode.app/Contents/Developer/Platforms/iPhoneSimulator.platform/Developer/SDKs/iPhoneSimulator26.5.sdk -target arm64-apple-ios17.0-simulator -g -module-cache-path /tmp/picpac-phase3-recovery-build-03d44f794ef9-20260925T084220Z/iphonesimulator/ModuleCache.noindex -Xfrontend -serialize-debugging-options -enable-testing -suppress-warnings -index-store-path /tmp/picpac-phase3-recovery-build-03d44f794ef9-20260925T084220Z/iphonesimulator/Index.noindex/DataStore -Xcc -D_LIBCPP_HARDENING_MODE\=_LIBCPP_HARDENING_MODE_DEBUG -swift-version 6 -I /tmp/picpac-phase3-recovery-build-03d44f794ef9-20260925T084220Z/iphonesimulator/Build/Products/Debug-iphonesimulator -Isystem /Applications/Xcode.app/Contents/Developer/Platforms/iPhoneSimulator.platform/Developer/usr/lib -F /tmp/picpac-phase3-recovery-build-03d44f794ef9-20260925T084220Z/iphonesimulator/Build/Products/Debug-iphonesimulator -F /Applications/Xcode.app/Contents/Developer/Platforms/iPhoneSimulator.platform/Developer/Library/Frameworks -F /Applications/Xcode.app/Contents/Developer/Platforms/iPhoneSimulator.platform/Developer/SDKs/iPhoneSimulator26.5.sdk/Developer/Library/Frameworks -c -j12 -enable-batch-mode -incremental -Xcc -ivfsstatcache -Xcc /tmp/picpac-phase3-recovery-build-03d44f794ef9-20260925T084220Z/iphonesimulator/SDKStatCaches.noindex/iphonesimulator26.5-23F81a-6cfe768891a92b912361537c460fe42b.sdkstatcache -output-file-map /tmp/picpac-phase3-recovery-build-03d44f794ef9-20260925T084220Z/iphonesimulator/Build/Intermediates.noindex/PicPacKit.build/Debug-iphonesimulator/PicPacCore.build/Objects-normal/arm64/PicPacCore-OutputFileMap.json -use-frontend-parseable-output -save-temps -no-color-diagnostics -explicit-module-build -module-cache-path /tmp/picpac-phase3-recovery-build-03d44f794ef9-20260925T084220Z/iphonesimulator/Build/Intermediates.noindex/SwiftExplicitPrecompiledModules -clang-scanner-module-cache-path /tmp/picpac-phase3-recovery-build-03d44f794ef9-20260925T084220Z/iphonesimulator/ModuleCache.noindex -sdk-module-cache-path /tmp/picpac-phase3-recovery-build-03d44f794ef9-20260925T084220Z/iphonesimulator/ModuleCache.noindex -serialize-diagnostics -emit-dependencies -emit-module -emit-module-path /tmp/picpac-phase3-recovery-build-03d44f794ef9-20260925T084220Z/iphonesimulator/Build/Intermediates.noindex/PicPacKit.build/Debug-iphonesimulator/PicPacCore.build/Objects-normal/arm64/PicPacCore.swiftmodule -validate-clang-modules-once -clang-build-session-file /tmp/picpac-phase3-recovery-build-03d44f794ef9-20260925T084220Z/iphonesimulator/ModuleCache.noindex/Session.modulevalidation -package-name picpackit -Xcc -I/tmp/picpac-phase3-recovery-build-03d44f794ef9-20260925T084220Z/iphonesimulator/Build/Intermediates.noindex/PicPacKit.build/Debug-iphonesimulator/PicPacCore.build/swift-overrides.hmap -emit-const-values -Xfrontend -const-gather-protocols-file -Xfrontend /tmp/picpac-phase3-recovery-build-03d44f794ef9-20260925T084220Z/iphonesimulator/Build/Intermediates.noindex/PicPacKit.build/Debug-iphonesimulator/PicPacCore.build/Objects-normal/arm64/PicPacCore_const_extract_protocols.json -Xcc -I/tmp/picpac-phase3-recovery-build-03d44f794ef9-20260925T084220Z/iphonesimulator/Build/Products/Debug-iphonesimulator/include -Xcc -I/tmp/picpac-phase3-recovery-build-03d44f794ef9-20260925T084220Z/iphonesimulator/Build/Intermediates.noindex/PicPacKit.build/Debug-iphonesimulator/PicPacCore.build/DerivedSources-normal/arm64 -Xcc -I/tmp/picpac-phase3-recovery-build-03d44f794ef9-20260925T084220Z/iphonesimulator/Build/Intermediates.noindex/PicPacKit.build/Debug-iphonesimulator/PicPacCore.build/DerivedSources/arm64 -Xcc -I/tmp/picpac-phase3-recovery-build-03d44f794ef9-20260925T084220Z/iphonesimulator/Build/Intermediates.noindex/PicPacKit.build/Debug-iphonesimulator/PicPacCore.build/DerivedSources -Xcc -DSWIFT_PACKAGE -Xcc -DDEBUG\=1 -emit-objc-header -emit-objc-header-path /tmp/picpac-phase3-recovery-build-03d44f794ef9-20260925T084220Z/iphonesimulator/Build/Intermediates.noindex/PicPacKit.build/Debug-iphonesimulator/PicPacCore.build/Objects-normal/arm64/PicPacCore-Swift.h -working-directory /Users/bavabangaru/Developer/pic-pac-poe-ios-native-parity/ios/PicPacPoe.xcodeproj -experimental-emit-module-separately -disable-cmo

SwiftMergeGeneratedHeaders /tmp/picpac-phase3-recovery-build-03d44f794ef9-20260925T084220Z/iphonesimulator/Build/Intermediates.noindex/GeneratedModuleMaps-iphonesimulator/PicPacCore-Swift.h /tmp/picpac-phase3-recovery-build-03d44f794ef9-20260925T084220Z/iphonesimulator/Build/Intermediates.noindex/PicPacKit.build/Debug-iphonesimulator/PicPacCore.build/Objects-normal/arm64/PicPacCore-Swift.h /tmp/picpac-phase3-recovery-build-03d44f794ef9-20260925T084220Z/iphonesimulator/Build/Intermediates.noindex/PicPacKit.build/Debug-iphonesimulator/PicPacCore.build/Objects-normal/x86_64/PicPacCore-Swift.h (in target 'PicPacCore' from project 'PicPacKit')
    cd /Users/bavabangaru/Developer/pic-pac-poe-ios-native-parity/ios/Packages/PicPacKit
    builtin-swiftHeaderTool -arch arm64 /tmp/picpac-phase3-recovery-build-03d44f794ef9-20260925T084220Z/iphonesimulator/Build/Intermediates.noindex/PicPacKit.build/Debug-iphonesimulator/PicPacCore.build/Objects-normal/arm64/PicPacCore-Swift.h -arch x86_64 /tmp/picpac-phase3-recovery-build-03d44f794ef9-20260925T084220Z/iphonesimulator/Build/Intermediates.noindex/PicPacKit.build/Debug-iphonesimulator/PicPacCore.build/Objects-normal/x86_64/PicPacCore-Swift.h -o /tmp/picpac-phase3-recovery-build-03d44f794ef9-20260925T084220Z/iphonesimulator/Build/Intermediates.noindex/GeneratedModuleMaps-iphonesimulator/PicPacCore-Swift.h

Copy /tmp/picpac-phase3-recovery-build-03d44f794ef9-20260925T084220Z/iphonesimulator/Build/Products/Debug-iphonesimulator/PicPacCore.swiftmodule/arm64-apple-ios-simulator.swiftmodule /tmp/picpac-phase3-recovery-build-03d44f794ef9-20260925T084220Z/iphonesimulator/Build/Intermediates.noindex/PicPacKit.build/Debug-iphonesimulator/PicPacCore.build/Objects-normal/arm64/PicPacCore.swiftmodule (in target 'PicPacCore' from project 'PicPacKit')
    cd /Users/bavabangaru/Developer/pic-pac-poe-ios-native-parity/ios/Packages/PicPacKit
    builtin-copy -exclude .DS_Store -exclude CVS -exclude .svn -exclude .git -exclude .hg -resolve-src-symlinks -rename /tmp/picpac-phase3-recovery-build-03d44f794ef9-20260925T084220Z/iphonesimulator/Build/Intermediates.noindex/PicPacKit.build/Debug-iphonesimulator/PicPacCore.build/Objects-normal/arm64/PicPacCore.swiftmodule /tmp/picpac-phase3-recovery-build-03d44f794ef9-20260925T084220Z/iphonesimulator/Build/Products/Debug-iphonesimulator/PicPacCore.swiftmodule/arm64-apple-ios-simulator.swiftmodule

Copy /tmp/picpac-phase3-recovery-build-03d44f794ef9-20260925T084220Z/iphonesimulator/Build/Products/Debug-iphonesimulator/PicPacCore.swiftmodule/arm64-apple-ios-simulator.swiftdoc /tmp/picpac-phase3-recovery-build-03d44f794ef9-20260925T084220Z/iphonesimulator/Build/Intermediates.noindex/PicPacKit.build/Debug-iphonesimulator/PicPacCore.build/Objects-normal/arm64/PicPacCore.swiftdoc (in target 'PicPacCore' from project 'PicPacKit')
    cd /Users/bavabangaru/Developer/pic-pac-poe-ios-native-parity/ios/Packages/PicPacKit
    builtin-copy -exclude .DS_Store -exclude CVS -exclude .svn -exclude .git -exclude .hg -resolve-src-symlinks -rename /tmp/picpac-phase3-recovery-build-03d44f794ef9-20260925T084220Z/iphonesimulator/Build/Intermediates.noindex/PicPacKit.build/Debug-iphonesimulator/PicPacCore.build/Objects-normal/arm64/PicPacCore.swiftdoc /tmp/picpac-phase3-recovery-build-03d44f794ef9-20260925T084220Z/iphonesimulator/Build/Products/Debug-iphonesimulator/PicPacCore.swiftmodule/arm64-apple-ios-simulator.swiftdoc

Copy /tmp/picpac-phase3-recovery-build-03d44f794ef9-20260925T084220Z/iphonesimulator/Build/Products/Debug-iphonesimulator/PicPacCore.swiftmodule/arm64-apple-ios-simulator.abi.json /tmp/picpac-phase3-recovery-build-03d44f794ef9-20260925T084220Z/iphonesimulator/Build/Intermediates.noindex/PicPacKit.build/Debug-iphonesimulator/PicPacCore.build/Objects-normal/arm64/PicPacCore.abi.json (in target 'PicPacCore' from project 'PicPacKit')
    cd /Users/bavabangaru/Developer/pic-pac-poe-ios-native-parity/ios/Packages/PicPacKit
    builtin-copy -exclude .DS_Store -exclude CVS -exclude .svn -exclude .git -exclude .hg -resolve-src-symlinks -rename /tmp/picpac-phase3-recovery-build-03d44f794ef9-20260925T084220Z/iphonesimulator/Build/Intermediates.noindex/PicPacKit.build/Debug-iphonesimulator/PicPacCore.build/Objects-normal/arm64/PicPacCore.abi.json /tmp/picpac-phase3-recovery-build-03d44f794ef9-20260925T084220Z/iphonesimulator/Build/Products/Debug-iphonesimulator/PicPacCore.swiftmodule/arm64-apple-ios-simulator.abi.json

Copy /tmp/picpac-phase3-recovery-build-03d44f794ef9-20260925T084220Z/iphonesimulator/Build/Products/Debug-iphonesimulator/PicPacCore.swiftmodule/Project/arm64-apple-ios-simulator.swiftsourceinfo /tmp/picpac-phase3-recovery-build-03d44f794ef9-20260925T084220Z/iphonesimulator/Build/Intermediates.noindex/PicPacKit.build/Debug-iphonesimulator/PicPacCore.build/Objects-normal/arm64/PicPacCore.swiftsourceinfo (in target 'PicPacCore' from project 'PicPacKit')
    cd /Users/bavabangaru/Developer/pic-pac-poe-ios-native-parity/ios/Packages/PicPacKit
    builtin-copy -exclude .DS_Store -exclude CVS -exclude .svn -exclude .git -exclude .hg -resolve-src-symlinks -rename /tmp/picpac-phase3-recovery-build-03d44f794ef9-20260925T084220Z/iphonesimulator/Build/Intermediates.noindex/PicPacKit.build/Debug-iphonesimulator/PicPacCore.build/Objects-normal/arm64/PicPacCore.swiftsourceinfo /tmp/picpac-phase3-recovery-build-03d44f794ef9-20260925T084220Z/iphonesimulator/Build/Products/Debug-iphonesimulator/PicPacCore.swiftmodule/Project/arm64-apple-ios-simulator.swiftsourceinfo

SwiftDriver PicPacPresentation normal arm64 com.apple.xcode.tools.swift.compiler (in target 'PicPacPresentation' from project 'PicPacKit')
    cd /Users/bavabangaru/Developer/pic-pac-poe-ios-native-parity/ios/PicPacPoe.xcodeproj
    builtin-SwiftDriver -- /Applications/Xcode.app/Contents/Developer/Toolchains/XcodeDefault.xctoolchain/usr/bin/swiftc -module-name PicPacPresentation -Onone @/tmp/picpac-phase3-recovery-build-03d44f794ef9-20260925T084220Z/iphonesimulator/Build/Intermediates.noindex/PicPacKit.build/Debug-iphonesimulator/PicPacPresentation.build/Objects-normal/arm64/PicPacPresentation.SwiftFileList -DSWIFT_PACKAGE -DDEBUG -DSWIFT_MODULE_RESOURCE_BUNDLE_UNAVAILABLE -DXcode -plugin-path /Applications/Xcode.app/Contents/Developer/Toolchains/XcodeDefault.xctoolchain/usr/lib/swift/host/plugins/testing -enable-experimental-feature DebugDescriptionMacro -sdk /Applications/Xcode.app/Contents/Developer/Platforms/iPhoneSimulator.platform/Developer/SDKs/iPhoneSimulator26.5.sdk -target arm64-apple-ios17.0-simulator -g -module-cache-path /tmp/picpac-phase3-recovery-build-03d44f794ef9-20260925T084220Z/iphonesimulator/ModuleCache.noindex -Xfrontend -serialize-debugging-options -enable-testing -suppress-warnings -index-store-path /tmp/picpac-phase3-recovery-build-03d44f794ef9-20260925T084220Z/iphonesimulator/Index.noindex/DataStore -Xcc -D_LIBCPP_HARDENING_MODE\=_LIBCPP_HARDENING_MODE_DEBUG -swift-version 6 -I /tmp/picpac-phase3-recovery-build-03d44f794ef9-20260925T084220Z/iphonesimulator/Build/Products/Debug-iphonesimulator -Isystem /Applications/Xcode.app/Contents/Developer/Platforms/iPhoneSimulator.platform/Developer/usr/lib -F /tmp/picpac-phase3-recovery-build-03d44f794ef9-20260925T084220Z/iphonesimulator/Build/Products/Debug-iphonesimulator/PackageFrameworks -F /tmp/picpac-phase3-recovery-build-03d44f794ef9-20260925T084220Z/iphonesimulator/Build/Products/Debug-iphonesimulator -F /Applications/Xcode.app/Contents/Developer/Platforms/iPhoneSimulator.platform/Developer/Library/Frameworks -F /Applications/Xcode.app/Contents/Developer/Platforms/iPhoneSimulator.platform/Developer/SDKs/iPhoneSimulator26.5.sdk/Developer/Library/Frameworks -c -j12 -enable-batch-mode -incremental -Xcc -ivfsstatcache -Xcc /tmp/picpac-phase3-recovery-build-03d44f794ef9-20260925T084220Z/iphonesimulator/SDKStatCaches.noindex/iphonesimulator26.5-23F81a-6cfe768891a92b912361537c460fe42b.sdkstatcache -output-file-map /tmp/picpac-phase3-recovery-build-03d44f794ef9-20260925T084220Z/iphonesimulator/Build/Intermediates.noindex/PicPacKit.build/Debug-iphonesimulator/PicPacPresentation.build/Objects-normal/arm64/PicPacPresentation-OutputFileMap.json -use-frontend-parseable-output -save-temps -no-color-diagnostics -explicit-module-build -module-cache-path /tmp/picpac-phase3-recovery-build-03d44f794ef9-20260925T084220Z/iphonesimulator/Build/Intermediates.noindex/SwiftExplicitPrecompiledModules -clang-scanner-module-cache-path /tmp/picpac-phase3-recovery-build-03d44f794ef9-20260925T084220Z/iphonesimulator/ModuleCache.noindex -sdk-module-cache-path /tmp/picpac-phase3-recovery-build-03d44f794ef9-20260925T084220Z/iphonesimulator/ModuleCache.noindex -serialize-diagnostics -emit-dependencies -emit-module -emit-module-path /tmp/picpac-phase3-recovery-build-03d44f794ef9-20260925T084220Z/iphonesimulator/Build/Intermediates.noindex/PicPacKit.build/Debug-iphonesimulator/PicPacPresentation.build/Objects-normal/arm64/PicPacPresentation.swiftmodule -validate-clang-modules-once -clang-build-session-file /tmp/picpac-phase3-recovery-build-03d44f794ef9-20260925T084220Z/iphonesimulator/ModuleCache.noindex/Session.modulevalidation -package-name picpackit -Xcc -I/tmp/picpac-phase3-recovery-build-03d44f794ef9-20260925T084220Z/iphonesimulator/Build/Intermediates.noindex/PicPacKit.build/Debug-iphonesimulator/PicPacPresentation.build/swift-overrides.hmap -emit-const-values -Xfrontend -const-gather-protocols-file -Xfrontend /tmp/picpac-phase3-recovery-build-03d44f794ef9-20260925T084220Z/iphonesimulator/Build/Intermediates.noindex/PicPacKit.build/Debug-iphonesimulator/PicPacPresentation.build/Objects-normal/arm64/PicPacPresentation_const_extract_protocols.json -Xcc -I/tmp/picpac-phase3-recovery-build-03d44f794ef9-20260925T084220Z/iphonesimulator/Build/Products/Debug-iphonesimulator/include -Xcc -I/tmp/picpac-phase3-recovery-build-03d44f794ef9-20260925T084220Z/iphonesimulator/Build/Intermediates.noindex/PicPacKit.build/Debug-iphonesimulator/PicPacPresentation.build/DerivedSources-normal/arm64 -Xcc -I/tmp/picpac-phase3-recovery-build-03d44f794ef9-20260925T084220Z/iphonesimulator/Build/Intermediates.noindex/PicPacKit.build/Debug-iphonesimulator/PicPacPresentation.build/DerivedSources/arm64 -Xcc -I/tmp/picpac-phase3-recovery-build-03d44f794ef9-20260925T084220Z/iphonesimulator/Build/Intermediates.noindex/PicPacKit.build/Debug-iphonesimulator/PicPacPresentation.build/DerivedSources -Xcc -DSWIFT_PACKAGE -Xcc -DDEBUG\=1 -emit-objc-header -emit-objc-header-path /tmp/picpac-phase3-recovery-build-03d44f794ef9-20260925T084220Z/iphonesimulator/Build/Intermediates.noindex/PicPacKit.build/Debug-iphonesimulator/PicPacPresentation.build/Objects-normal/arm64/PicPacPresentation-Swift.h -working-directory /Users/bavabangaru/Developer/pic-pac-poe-ios-native-parity/ios/PicPacPoe.xcodeproj -experimental-emit-module-separately -disable-cmo

SwiftDriver PicPacPresentation normal x86_64 com.apple.xcode.tools.swift.compiler (in target 'PicPacPresentation' from project 'PicPacKit')
    cd /Users/bavabangaru/Developer/pic-pac-poe-ios-native-parity/ios/PicPacPoe.xcodeproj
    builtin-SwiftDriver -- /Applications/Xcode.app/Contents/Developer/Toolchains/XcodeDefault.xctoolchain/usr/bin/swiftc -module-name PicPacPresentation -Onone @/tmp/picpac-phase3-recovery-build-03d44f794ef9-20260925T084220Z/iphonesimulator/Build/Intermediates.noindex/PicPacKit.build/Debug-iphonesimulator/PicPacPresentation.build/Objects-normal/x86_64/PicPacPresentation.SwiftFileList -DSWIFT_PACKAGE -DDEBUG -DSWIFT_MODULE_RESOURCE_BUNDLE_UNAVAILABLE -DXcode -plugin-path /Applications/Xcode.app/Contents/Developer/Toolchains/XcodeDefault.xctoolchain/usr/lib/swift/host/plugins/testing -enable-experimental-feature DebugDescriptionMacro -sdk /Applications/Xcode.app/Contents/Developer/Platforms/iPhoneSimulator.platform/Developer/SDKs/iPhoneSimulator26.5.sdk -target x86_64-apple-ios17.0-simulator -g -module-cache-path /tmp/picpac-phase3-recovery-build-03d44f794ef9-20260925T084220Z/iphonesimulator/ModuleCache.noindex -Xfrontend -serialize-debugging-options -enable-testing -suppress-warnings -index-store-path /tmp/picpac-phase3-recovery-build-03d44f794ef9-20260925T084220Z/iphonesimulator/Index.noindex/DataStore -Xcc -D_LIBCPP_HARDENING_MODE\=_LIBCPP_HARDENING_MODE_DEBUG -swift-version 6 -I /tmp/picpac-phase3-recovery-build-03d44f794ef9-20260925T084220Z/iphonesimulator/Build/Products/Debug-iphonesimulator -Isystem /Applications/Xcode.app/Contents/Developer/Platforms/iPhoneSimulator.platform/Developer/usr/lib -F /tmp/picpac-phase3-recovery-build-03d44f794ef9-20260925T084220Z/iphonesimulator/Build/Products/Debug-iphonesimulator/PackageFrameworks -F /tmp/picpac-phase3-recovery-build-03d44f794ef9-20260925T084220Z/iphonesimulator/Build/Products/Debug-iphonesimulator -F /Applications/Xcode.app/Contents/Developer/Platforms/iPhoneSimulator.platform/Developer/Library/Frameworks -F /Applications/Xcode.app/Contents/Developer/Platforms/iPhoneSimulator.platform/Developer/SDKs/iPhoneSimulator26.5.sdk/Developer/Library/Frameworks -c -j12 -enable-batch-mode -incremental -Xcc -ivfsstatcache -Xcc /tmp/picpac-phase3-recovery-build-03d44f794ef9-20260925T084220Z/iphonesimulator/SDKStatCaches.noindex/iphonesimulator26.5-23F81a-6cfe768891a92b912361537c460fe42b.sdkstatcache -output-file-map /tmp/picpac-phase3-recovery-build-03d44f794ef9-20260925T084220Z/iphonesimulator/Build/Intermediates.noindex/PicPacKit.build/Debug-iphonesimulator/PicPacPresentation.build/Objects-normal/x86_64/PicPacPresentation-OutputFileMap.json -use-frontend-parseable-output -save-temps -no-color-diagnostics -explicit-module-build -module-cache-path /tmp/picpac-phase3-recovery-build-03d44f794ef9-20260925T084220Z/iphonesimulator/Build/Intermediates.noindex/SwiftExplicitPrecompiledModules -clang-scanner-module-cache-path /tmp/picpac-phase3-recovery-build-03d44f794ef9-20260925T084220Z/iphonesimulator/ModuleCache.noindex -sdk-module-cache-path /tmp/picpac-phase3-recovery-build-03d44f794ef9-20260925T084220Z/iphonesimulator/ModuleCache.noindex -serialize-diagnostics -emit-dependencies -emit-module -emit-module-path /tmp/picpac-phase3-recovery-build-03d44f794ef9-20260925T084220Z/iphonesimulator/Build/Intermediates.noindex/PicPacKit.build/Debug-iphonesimulator/PicPacPresentation.build/Objects-normal/x86_64/PicPacPresentation.swiftmodule -validate-clang-modules-once -clang-build-session-file /tmp/picpac-phase3-recovery-build-03d44f794ef9-20260925T084220Z/iphonesimulator/ModuleCache.noindex/Session.modulevalidation -package-name picpackit -Xcc -I/tmp/picpac-phase3-recovery-build-03d44f794ef9-20260925T084220Z/iphonesimulator/Build/Intermediates.noindex/PicPacKit.build/Debug-iphonesimulator/PicPacPresentation.build/swift-overrides.hmap -emit-const-values -Xfrontend -const-gather-protocols-file -Xfrontend /tmp/picpac-phase3-recovery-build-03d44f794ef9-20260925T084220Z/iphonesimulator/Build/Intermediates.noindex/PicPacKit.build/Debug-iphonesimulator/PicPacPresentation.build/Objects-normal/x86_64/PicPacPresentation_const_extract_protocols.json -Xcc -I/tmp/picpac-phase3-recovery-build-03d44f794ef9-20260925T084220Z/iphonesimulator/Build/Products/Debug-iphonesimulator/include -Xcc -I/tmp/picpac-phase3-recovery-build-03d44f794ef9-20260925T084220Z/iphonesimulator/Build/Intermediates.noindex/PicPacKit.build/Debug-iphonesimulator/PicPacPresentation.build/DerivedSources-normal/x86_64 -Xcc -I/tmp/picpac-phase3-recovery-build-03d44f794ef9-20260925T084220Z/iphonesimulator/Build/Intermediates.noindex/PicPacKit.build/Debug-iphonesimulator/PicPacPresentation.build/DerivedSources/x86_64 -Xcc -I/tmp/picpac-phase3-recovery-build-03d44f794ef9-20260925T084220Z/iphonesimulator/Build/Intermediates.noindex/PicPacKit.build/Debug-iphonesimulator/PicPacPresentation.build/DerivedSources -Xcc -DSWIFT_PACKAGE -Xcc -DDEBUG\=1 -emit-objc-header -emit-objc-header-path /tmp/picpac-phase3-recovery-build-03d44f794ef9-20260925T084220Z/iphonesimulator/Build/Intermediates.noindex/PicPacKit.build/Debug-iphonesimulator/PicPacPresentation.build/Objects-normal/x86_64/PicPacPresentation-Swift.h -working-directory /Users/bavabangaru/Developer/pic-pac-poe-ios-native-parity/ios/PicPacPoe.xcodeproj -experimental-emit-module-separately -disable-cmo

SwiftDriverJobDiscovery normal x86_64 Compiling Rules.swift (in target 'PicPacCore' from project 'PicPacKit')

SwiftDriverJobDiscovery normal x86_64 Compiling Randomness.swift (in target 'PicPacCore' from project 'PicPacKit')

SwiftDriver PicPacAI normal x86_64 com.apple.xcode.tools.swift.compiler (in target 'PicPacAI' from project 'PicPacKit')
    cd /Users/bavabangaru/Developer/pic-pac-poe-ios-native-parity/ios/PicPacPoe.xcodeproj
    builtin-SwiftDriver -- /Applications/Xcode.app/Contents/Developer/Toolchains/XcodeDefault.xctoolchain/usr/bin/swiftc -module-name PicPacAI -Onone @/tmp/picpac-phase3-recovery-build-03d44f794ef9-20260925T084220Z/iphonesimulator/Build/Intermediates.noindex/PicPacKit.build/Debug-iphonesimulator/PicPacAI.build/Objects-normal/x86_64/PicPacAI.SwiftFileList -DSWIFT_PACKAGE -DDEBUG -DSWIFT_MODULE_RESOURCE_BUNDLE_AVAILABLE -DXcode -plugin-path /Applications/Xcode.app/Contents/Developer/Toolchains/XcodeDefault.xctoolchain/usr/lib/swift/host/plugins/testing -enable-experimental-feature DebugDescriptionMacro -sdk /Applications/Xcode.app/Contents/Developer/Platforms/iPhoneSimulator.platform/Developer/SDKs/iPhoneSimulator26.5.sdk -target x86_64-apple-ios17.0-simulator -g -module-cache-path /tmp/picpac-phase3-recovery-build-03d44f794ef9-20260925T084220Z/iphonesimulator/ModuleCache.noindex -Xfrontend -serialize-debugging-options -enable-testing -suppress-warnings -index-store-path /tmp/picpac-phase3-recovery-build-03d44f794ef9-20260925T084220Z/iphonesimulator/Index.noindex/DataStore -Xcc -D_LIBCPP_HARDENING_MODE\=_LIBCPP_HARDENING_MODE_DEBUG -swift-version 6 -I /tmp/picpac-phase3-recovery-build-03d44f794ef9-20260925T084220Z/iphonesimulator/Build/Products/Debug-iphonesimulator -Isystem /Applications/Xcode.app/Contents/Developer/Platforms/iPhoneSimulator.platform/Developer/usr/lib -F /tmp/picpac-phase3-recovery-build-03d44f794ef9-20260925T084220Z/iphonesimulator/Build/Products/Debug-iphonesimulator/PackageFrameworks -F /tmp/picpac-phase3-recovery-build-03d44f794ef9-20260925T084220Z/iphonesimulator/Build/Products/Debug-iphonesimulator -F /Applications/Xcode.app/Contents/Developer/Platforms/iPhoneSimulator.platform/Developer/Library/Frameworks -F /Applications/Xcode.app/Contents/Developer/Platforms/iPhoneSimulator.platform/Developer/SDKs/iPhoneSimulator26.5.sdk/Developer/Library/Frameworks -c -j12 -enable-batch-mode -incremental -Xcc -ivfsstatcache -Xcc /tmp/picpac-phase3-recovery-build-03d44f794ef9-20260925T084220Z/iphonesimulator/SDKStatCaches.noindex/iphonesimulator26.5-23F81a-6cfe768891a92b912361537c460fe42b.sdkstatcache -output-file-map /tmp/picpac-phase3-recovery-build-03d44f794ef9-20260925T084220Z/iphonesimulator/Build/Intermediates.noindex/PicPacKit.build/Debug-iphonesimulator/PicPacAI.build/Objects-normal/x86_64/PicPacAI-OutputFileMap.json -use-frontend-parseable-output -save-temps -no-color-diagnostics -explicit-module-build -module-cache-path /tmp/picpac-phase3-recovery-build-03d44f794ef9-20260925T084220Z/iphonesimulator/Build/Intermediates.noindex/SwiftExplicitPrecompiledModules -clang-scanner-module-cache-path /tmp/picpac-phase3-recovery-build-03d44f794ef9-20260925T084220Z/iphonesimulator/ModuleCache.noindex -sdk-module-cache-path /tmp/picpac-phase3-recovery-build-03d44f794ef9-20260925T084220Z/iphonesimulator/ModuleCache.noindex -serialize-diagnostics -emit-dependencies -emit-module -emit-module-path /tmp/picpac-phase3-recovery-build-03d44f794ef9-20260925T084220Z/iphonesimulator/Build/Intermediates.noindex/PicPacKit.build/Debug-iphonesimulator/PicPacAI.build/Objects-normal/x86_64/PicPacAI.swiftmodule -validate-clang-modules-once -clang-build-session-file /tmp/picpac-phase3-recovery-build-03d44f794ef9-20260925T084220Z/iphonesimulator/ModuleCache.noindex/Session.modulevalidation -package-name picpackit -Xcc -I/tmp/picpac-phase3-recovery-build-03d44f794ef9-20260925T084220Z/iphonesimulator/Build/Intermediates.noindex/PicPacKit.build/Debug-iphonesimulator/PicPacAI.build/swift-overrides.hmap -emit-const-values -Xfrontend -const-gather-protocols-file -Xfrontend /tmp/picpac-phase3-recovery-build-03d44f794ef9-20260925T084220Z/iphonesimulator/Build/Intermediates.noindex/PicPacKit.build/Debug-iphonesimulator/PicPacAI.build/Objects-normal/x86_64/PicPacAI_const_extract_protocols.json -Xcc -I/tmp/picpac-phase3-recovery-build-03d44f794ef9-20260925T084220Z/iphonesimulator/Build/Products/Debug-iphonesimulator/include -Xcc -I/tmp/picpac-phase3-recovery-build-03d44f794ef9-20260925T084220Z/iphonesimulator/Build/Intermediates.noindex/PicPacKit.build/Debug-iphonesimulator/PicPacAI.build/DerivedSources-normal/x86_64 -Xcc -I/tmp/picpac-phase3-recovery-build-03d44f794ef9-20260925T084220Z/iphonesimulator/Build/Intermediates.noindex/PicPacKit.build/Debug-iphonesimulator/PicPacAI.build/DerivedSources/x86_64 -Xcc -I/tmp/picpac-phase3-recovery-build-03d44f794ef9-20260925T084220Z/iphonesimulator/Build/Intermediates.noindex/PicPacKit.build/Debug-iphonesimulator/PicPacAI.build/DerivedSources -Xcc -DSWIFT_PACKAGE -Xcc -DDEBUG\=1 -emit-objc-header -emit-objc-header-path /tmp/picpac-phase3-recovery-build-03d44f794ef9-20260925T084220Z/iphonesimulator/Build/Intermediates.noindex/PicPacKit.build/Debug-iphonesimulator/PicPacAI.build/Objects-normal/x86_64/PicPacAI-Swift.h -working-directory /Users/bavabangaru/Developer/pic-pac-poe-ios-native-parity/ios/PicPacPoe.xcodeproj -experimental-emit-module-separately -disable-cmo

SwiftDriver PicPacAI normal arm64 com.apple.xcode.tools.swift.compiler (in target 'PicPacAI' from project 'PicPacKit')
    cd /Users/bavabangaru/Developer/pic-pac-poe-ios-native-parity/ios/PicPacPoe.xcodeproj
    builtin-SwiftDriver -- /Applications/Xcode.app/Contents/Developer/Toolchains/XcodeDefault.xctoolchain/usr/bin/swiftc -module-name PicPacAI -Onone @/tmp/picpac-phase3-recovery-build-03d44f794ef9-20260925T084220Z/iphonesimulator/Build/Intermediates.noindex/PicPacKit.build/Debug-iphonesimulator/PicPacAI.build/Objects-normal/arm64/PicPacAI.SwiftFileList -DSWIFT_PACKAGE -DDEBUG -DSWIFT_MODULE_RESOURCE_BUNDLE_AVAILABLE -DXcode -plugin-path /Applications/Xcode.app/Contents/Developer/Toolchains/XcodeDefault.xctoolchain/usr/lib/swift/host/plugins/testing -enable-experimental-feature DebugDescriptionMacro -sdk /Applications/Xcode.app/Contents/Developer/Platforms/iPhoneSimulator.platform/Developer/SDKs/iPhoneSimulator26.5.sdk -target arm64-apple-ios17.0-simulator -g -module-cache-path /tmp/picpac-phase3-recovery-build-03d44f794ef9-20260925T084220Z/iphonesimulator/ModuleCache.noindex -Xfrontend -serialize-debugging-options -enable-testing -suppress-warnings -index-store-path /tmp/picpac-phase3-recovery-build-03d44f794ef9-20260925T084220Z/iphonesimulator/Index.noindex/DataStore -Xcc -D_LIBCPP_HARDENING_MODE\=_LIBCPP_HARDENING_MODE_DEBUG -swift-version 6 -I /tmp/picpac-phase3-recovery-build-03d44f794ef9-20260925T084220Z/iphonesimulator/Build/Products/Debug-iphonesimulator -Isystem /Applications/Xcode.app/Contents/Developer/Platforms/iPhoneSimulator.platform/Developer/usr/lib -F /tmp/picpac-phase3-recovery-build-03d44f794ef9-20260925T084220Z/iphonesimulator/Build/Products/Debug-iphonesimulator/PackageFrameworks -F /tmp/picpac-phase3-recovery-build-03d44f794ef9-20260925T084220Z/iphonesimulator/Build/Products/Debug-iphonesimulator -F /Applications/Xcode.app/Contents/Developer/Platforms/iPhoneSimulator.platform/Developer/Library/Frameworks -F /Applications/Xcode.app/Contents/Developer/Platforms/iPhoneSimulator.platform/Developer/SDKs/iPhoneSimulator26.5.sdk/Developer/Library/Frameworks -c -j12 -enable-batch-mode -incremental -Xcc -ivfsstatcache -Xcc /tmp/picpac-phase3-recovery-build-03d44f794ef9-20260925T084220Z/iphonesimulator/SDKStatCaches.noindex/iphonesimulator26.5-23F81a-6cfe768891a92b912361537c460fe42b.sdkstatcache -output-file-map /tmp/picpac-phase3-recovery-build-03d44f794ef9-20260925T084220Z/iphonesimulator/Build/Intermediates.noindex/PicPacKit.build/Debug-iphonesimulator/PicPacAI.build/Objects-normal/arm64/PicPacAI-OutputFileMap.json -use-frontend-parseable-output -save-temps -no-color-diagnostics -explicit-module-build -module-cache-path /tmp/picpac-phase3-recovery-build-03d44f794ef9-20260925T084220Z/iphonesimulator/Build/Intermediates.noindex/SwiftExplicitPrecompiledModules -clang-scanner-module-cache-path /tmp/picpac-phase3-recovery-build-03d44f794ef9-20260925T084220Z/iphonesimulator/ModuleCache.noindex -sdk-module-cache-path /tmp/picpac-phase3-recovery-build-03d44f794ef9-20260925T084220Z/iphonesimulator/ModuleCache.noindex -serialize-diagnostics -emit-dependencies -emit-module -emit-module-path /tmp/picpac-phase3-recovery-build-03d44f794ef9-20260925T084220Z/iphonesimulator/Build/Intermediates.noindex/PicPacKit.build/Debug-iphonesimulator/PicPacAI.build/Objects-normal/arm64/PicPacAI.swiftmodule -validate-clang-modules-once -clang-build-session-file /tmp/picpac-phase3-recovery-build-03d44f794ef9-20260925T084220Z/iphonesimulator/ModuleCache.noindex/Session.modulevalidation -package-name picpackit -Xcc -I/tmp/picpac-phase3-recovery-build-03d44f794ef9-20260925T084220Z/iphonesimulator/Build/Intermediates.noindex/PicPacKit.build/Debug-iphonesimulator/PicPacAI.build/swift-overrides.hmap -emit-const-values -Xfrontend -const-gather-protocols-file -Xfrontend /tmp/picpac-phase3-recovery-build-03d44f794ef9-20260925T084220Z/iphonesimulator/Build/Intermediates.noindex/PicPacKit.build/Debug-iphonesimulator/PicPacAI.build/Objects-normal/arm64/PicPacAI_const_extract_protocols.json -Xcc -I/tmp/picpac-phase3-recovery-build-03d44f794ef9-20260925T084220Z/iphonesimulator/Build/Products/Debug-iphonesimulator/include -Xcc -I/tmp/picpac-phase3-recovery-build-03d44f794ef9-20260925T084220Z/iphonesimulator/Build/Intermediates.noindex/PicPacKit.build/Debug-iphonesimulator/PicPacAI.build/DerivedSources-normal/arm64 -Xcc -I/tmp/picpac-phase3-recovery-build-03d44f794ef9-20260925T084220Z/iphonesimulator/Build/Intermediates.noindex/PicPacKit.build/Debug-iphonesimulator/PicPacAI.build/DerivedSources/arm64 -Xcc -I/tmp/picpac-phase3-recovery-build-03d44f794ef9-20260925T084220Z/iphonesimulator/Build/Intermediates.noindex/PicPacKit.build/Debug-iphonesimulator/PicPacAI.build/DerivedSources -Xcc -DSWIFT_PACKAGE -Xcc -DDEBUG\=1 -emit-objc-header -emit-objc-header-path /tmp/picpac-phase3-recovery-build-03d44f794ef9-20260925T084220Z/iphonesimulator/Build/Intermediates.noindex/PicPacKit.build/Debug-iphonesimulator/PicPacAI.build/Objects-normal/arm64/PicPacAI-Swift.h -working-directory /Users/bavabangaru/Developer/pic-pac-poe-ios-native-parity/ios/PicPacPoe.xcodeproj -experimental-emit-module-separately -disable-cmo

SwiftEmitModule normal x86_64 Emitting\ module\ for\ PicPacPresentation (in target 'PicPacPresentation' from project 'PicPacKit')

EmitSwiftModule normal x86_64 (in target 'PicPacPresentation' from project 'PicPacKit')
    cd /Users/bavabangaru/Developer/pic-pac-poe-ios-native-parity/ios/PicPacPoe.xcodeproj
    

SwiftCompile normal x86_64 Compiling\ GameCoordinator.swift /Users/bavabangaru/Developer/pic-pac-poe-ios-native-parity/ios/Packages/PicPacKit/Sources/PicPacPresentation/GameCoordinator.swift (in target 'PicPacPresentation' from project 'PicPacKit')
SwiftCompile normal x86_64 /Users/bavabangaru/Developer/pic-pac-poe-ios-native-parity/ios/Packages/PicPacKit/Sources/PicPacPresentation/GameCoordinator.swift (in target 'PicPacPresentation' from project 'PicPacKit')
    cd /Users/bavabangaru/Developer/pic-pac-poe-ios-native-parity/ios/PicPacPoe.xcodeproj
    

SwiftEmitModule normal arm64 Emitting\ module\ for\ PicPacPresentation (in target 'PicPacPresentation' from project 'PicPacKit')

EmitSwiftModule normal arm64 (in target 'PicPacPresentation' from project 'PicPacKit')
    cd /Users/bavabangaru/Developer/pic-pac-poe-ios-native-parity/ios/PicPacPoe.xcodeproj
    

SwiftDriverJobDiscovery normal arm64 Compiling Randomness.swift (in target 'PicPacCore' from project 'PicPacKit')

SwiftCompile normal arm64 Compiling\ RestorationValidation.swift /Users/bavabangaru/Developer/pic-pac-poe-ios-native-parity/ios/Packages/PicPacKit/Sources/PicPacPresentation/RestorationValidation.swift (in target 'PicPacPresentation' from project 'PicPacKit')

SwiftCompile normal arm64 /Users/bavabangaru/Developer/pic-pac-poe-ios-native-parity/ios/Packages/PicPacKit/Sources/PicPacPresentation/RestorationValidation.swift (in target 'PicPacPresentation' from project 'PicPacKit')
    cd /Users/bavabangaru/Developer/pic-pac-poe-ios-native-parity/ios/PicPacPoe.xcodeproj
    

SwiftDriverJobDiscovery normal arm64 Compiling Rules.swift (in target 'PicPacCore' from project 'PicPacKit')

SwiftCompile normal arm64 Compiling\ PresentationDependencies.swift /Users/bavabangaru/Developer/pic-pac-poe-ios-native-parity/ios/Packages/PicPacKit/Sources/PicPacPresentation/PresentationDependencies.swift (in target 'PicPacPresentation' from project 'PicPacKit')

SwiftCompile normal arm64 /Users/bavabangaru/Developer/pic-pac-poe-ios-native-parity/ios/Packages/PicPacKit/Sources/PicPacPresentation/PresentationDependencies.swift (in target 'PicPacPresentation' from project 'PicPacKit')
    cd /Users/bavabangaru/Developer/pic-pac-poe-ios-native-parity/ios/PicPacPoe.xcodeproj
    

SwiftEmitModule normal x86_64 Emitting\ module\ for\ PicPacAI (in target 'PicPacAI' from project 'PicPacKit')

EmitSwiftModule normal x86_64 (in target 'PicPacAI' from project 'PicPacKit')
    cd /Users/bavabangaru/Developer/pic-pac-poe-ios-native-parity/ios/PicPacPoe.xcodeproj
    

SwiftEmitModule normal arm64 Emitting\ module\ for\ PicPacAI (in target 'PicPacAI' from project 'PicPacKit')

EmitSwiftModule normal arm64 (in target 'PicPacAI' from project 'PicPacKit')
    cd /Users/bavabangaru/Developer/pic-pac-poe-ios-native-parity/ios/PicPacPoe.xcodeproj
    

SwiftDriverJobDiscovery normal x86_64 Emitting module for PicPacPresentation (in target 'PicPacPresentation' from project 'PicPacKit')

SwiftDriver\ Compilation\ Requirements PicPacPresentation normal x86_64 com.apple.xcode.tools.swift.compiler (in target 'PicPacPresentation' from project 'PicPacKit')
    cd /Users/bavabangaru/Developer/pic-pac-poe-ios-native-parity/ios/PicPacPoe.xcodeproj
    builtin-Swift-Compilation-Requirements -- /Applications/Xcode.app/Contents/Developer/Toolchains/XcodeDefault.xctoolchain/usr/bin/swiftc -module-name PicPacPresentation -Onone @/tmp/picpac-phase3-recovery-build-03d44f794ef9-20260925T084220Z/iphonesimulator/Build/Intermediates.noindex/PicPacKit.build/Debug-iphonesimulator/PicPacPresentation.build/Objects-normal/x86_64/PicPacPresentation.SwiftFileList -DSWIFT_PACKAGE -DDEBUG -DSWIFT_MODULE_RESOURCE_BUNDLE_UNAVAILABLE -DXcode -plugin-path /Applications/Xcode.app/Contents/Developer/Toolchains/XcodeDefault.xctoolchain/usr/lib/swift/host/plugins/testing -enable-experimental-feature DebugDescriptionMacro -sdk /Applications/Xcode.app/Contents/Developer/Platforms/iPhoneSimulator.platform/Developer/SDKs/iPhoneSimulator26.5.sdk -target x86_64-apple-ios17.0-simulator -g -module-cache-path /tmp/picpac-phase3-recovery-build-03d44f794ef9-20260925T084220Z/iphonesimulator/ModuleCache.noindex -Xfrontend -serialize-debugging-options -enable-testing -suppress-warnings -index-store-path /tmp/picpac-phase3-recovery-build-03d44f794ef9-20260925T084220Z/iphonesimulator/Index.noindex/DataStore -Xcc -D_LIBCPP_HARDENING_MODE\=_LIBCPP_HARDENING_MODE_DEBUG -swift-version 6 -I /tmp/picpac-phase3-recovery-build-03d44f794ef9-20260925T084220Z/iphonesimulator/Build/Products/Debug-iphonesimulator -Isystem /Applications/Xcode.app/Contents/Developer/Platforms/iPhoneSimulator.platform/Developer/usr/lib -F /tmp/picpac-phase3-recovery-build-03d44f794ef9-20260925T084220Z/iphonesimulator/Build/Products/Debug-iphonesimulator/PackageFrameworks -F /tmp/picpac-phase3-recovery-build-03d44f794ef9-20260925T084220Z/iphonesimulator/Build/Products/Debug-iphonesimulator -F /Applications/Xcode.app/Contents/Developer/Platforms/iPhoneSimulator.platform/Developer/Library/Frameworks -F /Applications/Xcode.app/Contents/Developer/Platforms/iPhoneSimulator.platform/Developer/SDKs/iPhoneSimulator26.5.sdk/Developer/Library/Frameworks -c -j12 -enable-batch-mode -incremental -Xcc -ivfsstatcache -Xcc /tmp/picpac-phase3-recovery-build-03d44f794ef9-20260925T084220Z/iphonesimulator/SDKStatCaches.noindex/iphonesimulator26.5-23F81a-6cfe768891a92b912361537c460fe42b.sdkstatcache -output-file-map /tmp/picpac-phase3-recovery-build-03d44f794ef9-20260925T084220Z/iphonesimulator/Build/Intermediates.noindex/PicPacKit.build/Debug-iphonesimulator/PicPacPresentation.build/Objects-normal/x86_64/PicPacPresentation-OutputFileMap.json -use-frontend-parseable-output -save-temps -no-color-diagnostics -explicit-module-build -module-cache-path /tmp/picpac-phase3-recovery-build-03d44f794ef9-20260925T084220Z/iphonesimulator/Build/Intermediates.noindex/SwiftExplicitPrecompiledModules -clang-scanner-module-cache-path /tmp/picpac-phase3-recovery-build-03d44f794ef9-20260925T084220Z/iphonesimulator/ModuleCache.noindex -sdk-module-cache-path /tmp/picpac-phase3-recovery-build-03d44f794ef9-20260925T084220Z/iphonesimulator/ModuleCache.noindex -serialize-diagnostics -emit-dependencies -emit-module -emit-module-path /tmp/picpac-phase3-recovery-build-03d44f794ef9-20260925T084220Z/iphonesimulator/Build/Intermediates.noindex/PicPacKit.build/Debug-iphonesimulator/PicPacPresentation.build/Objects-normal/x86_64/PicPacPresentation.swiftmodule -validate-clang-modules-once -clang-build-session-file /tmp/picpac-phase3-recovery-build-03d44f794ef9-20260925T084220Z/iphonesimulator/ModuleCache.noindex/Session.modulevalidation -package-name picpackit -Xcc -I/tmp/picpac-phase3-recovery-build-03d44f794ef9-20260925T084220Z/iphonesimulator/Build/Intermediates.noindex/PicPacKit.build/Debug-iphonesimulator/PicPacPresentation.build/swift-overrides.hmap -emit-const-values -Xfrontend -const-gather-protocols-file -Xfrontend /tmp/picpac-phase3-recovery-build-03d44f794ef9-20260925T084220Z/iphonesimulator/Build/Intermediates.noindex/PicPacKit.build/Debug-iphonesimulator/PicPacPresentation.build/Objects-normal/x86_64/PicPacPresentation_const_extract_protocols.json -Xcc -I/tmp/picpac-phase3-recovery-build-03d44f794ef9-20260925T084220Z/iphonesimulator/Build/Products/Debug-iphonesimulator/include -Xcc -I/tmp/picpac-phase3-recovery-build-03d44f794ef9-20260925T084220Z/iphonesimulator/Build/Intermediates.noindex/PicPacKit.build/Debug-iphonesimulator/PicPacPresentation.build/DerivedSources-normal/x86_64 -Xcc -I/tmp/picpac-phase3-recovery-build-03d44f794ef9-20260925T084220Z/iphonesimulator/Build/Intermediates.noindex/PicPacKit.build/Debug-iphonesimulator/PicPacPresentation.build/DerivedSources/x86_64 -Xcc -I/tmp/picpac-phase3-recovery-build-03d44f794ef9-20260925T084220Z/iphonesimulator/Build/Intermediates.noindex/PicPacKit.build/Debug-iphonesimulator/PicPacPresentation.build/DerivedSources -Xcc -DSWIFT_PACKAGE -Xcc -DDEBUG\=1 -emit-objc-header -emit-objc-header-path /tmp/picpac-phase3-recovery-build-03d44f794ef9-20260925T084220Z/iphonesimulator/Build/Intermediates.noindex/PicPacKit.build/Debug-iphonesimulator/PicPacPresentation.build/Objects-normal/x86_64/PicPacPresentation-Swift.h -working-directory /Users/bavabangaru/Developer/pic-pac-poe-ios-native-parity/ios/PicPacPoe.xcodeproj -experimental-emit-module-separately -disable-cmo

SwiftCompile normal arm64 Compiling\ PresentationModels.swift /Users/bavabangaru/Developer/pic-pac-poe-ios-native-parity/ios/Packages/PicPacKit/Sources/PicPacPresentation/PresentationModels.swift (in target 'PicPacPresentation' from project 'PicPacKit')

SwiftCompile normal arm64 /Users/bavabangaru/Developer/pic-pac-poe-ios-native-parity/ios/Packages/PicPacKit/Sources/PicPacPresentation/PresentationModels.swift (in target 'PicPacPresentation' from project 'PicPacKit')
    cd /Users/bavabangaru/Developer/pic-pac-poe-ios-native-parity/ios/PicPacPoe.xcodeproj
    

SwiftDriverJobDiscovery normal arm64 Emitting module for PicPacPresentation (in target 'PicPacPresentation' from project 'PicPacKit')

SwiftDriver\ Compilation\ Requirements PicPacPresentation normal arm64 com.apple.xcode.tools.swift.compiler (in target 'PicPacPresentation' from project 'PicPacKit')
    cd /Users/bavabangaru/Developer/pic-pac-poe-ios-native-parity/ios/PicPacPoe.xcodeproj
    builtin-Swift-Compilation-Requirements -- /Applications/Xcode.app/Contents/Developer/Toolchains/XcodeDefault.xctoolchain/usr/bin/swiftc -module-name PicPacPresentation -Onone @/tmp/picpac-phase3-recovery-build-03d44f794ef9-20260925T084220Z/iphonesimulator/Build/Intermediates.noindex/PicPacKit.build/Debug-iphonesimulator/PicPacPresentation.build/Objects-normal/arm64/PicPacPresentation.SwiftFileList -DSWIFT_PACKAGE -DDEBUG -DSWIFT_MODULE_RESOURCE_BUNDLE_UNAVAILABLE -DXcode -plugin-path /Applications/Xcode.app/Contents/Developer/Toolchains/XcodeDefault.xctoolchain/usr/lib/swift/host/plugins/testing -enable-experimental-feature DebugDescriptionMacro -sdk /Applications/Xcode.app/Contents/Developer/Platforms/iPhoneSimulator.platform/Developer/SDKs/iPhoneSimulator26.5.sdk -target arm64-apple-ios17.0-simulator -g -module-cache-path /tmp/picpac-phase3-recovery-build-03d44f794ef9-20260925T084220Z/iphonesimulator/ModuleCache.noindex -Xfrontend -serialize-debugging-options -enable-testing -suppress-warnings -index-store-path /tmp/picpac-phase3-recovery-build-03d44f794ef9-20260925T084220Z/iphonesimulator/Index.noindex/DataStore -Xcc -D_LIBCPP_HARDENING_MODE\=_LIBCPP_HARDENING_MODE_DEBUG -swift-version 6 -I /tmp/picpac-phase3-recovery-build-03d44f794ef9-20260925T084220Z/iphonesimulator/Build/Products/Debug-iphonesimulator -Isystem /Applications/Xcode.app/Contents/Developer/Platforms/iPhoneSimulator.platform/Developer/usr/lib -F /tmp/picpac-phase3-recovery-build-03d44f794ef9-20260925T084220Z/iphonesimulator/Build/Products/Debug-iphonesimulator/PackageFrameworks -F /tmp/picpac-phase3-recovery-build-03d44f794ef9-20260925T084220Z/iphonesimulator/Build/Products/Debug-iphonesimulator -F /Applications/Xcode.app/Contents/Developer/Platforms/iPhoneSimulator.platform/Developer/Library/Frameworks -F /Applications/Xcode.app/Contents/Developer/Platforms/iPhoneSimulator.platform/Developer/SDKs/iPhoneSimulator26.5.sdk/Developer/Library/Frameworks -c -j12 -enable-batch-mode -incremental -Xcc -ivfsstatcache -Xcc /tmp/picpac-phase3-recovery-build-03d44f794ef9-20260925T084220Z/iphonesimulator/SDKStatCaches.noindex/iphonesimulator26.5-23F81a-6cfe768891a92b912361537c460fe42b.sdkstatcache -output-file-map /tmp/picpac-phase3-recovery-build-03d44f794ef9-20260925T084220Z/iphonesimulator/Build/Intermediates.noindex/PicPacKit.build/Debug-iphonesimulator/PicPacPresentation.build/Objects-normal/arm64/PicPacPresentation-OutputFileMap.json -use-frontend-parseable-output -save-temps -no-color-diagnostics -explicit-module-build -module-cache-path /tmp/picpac-phase3-recovery-build-03d44f794ef9-20260925T084220Z/iphonesimulator/Build/Intermediates.noindex/SwiftExplicitPrecompiledModules -clang-scanner-module-cache-path /tmp/picpac-phase3-recovery-build-03d44f794ef9-20260925T084220Z/iphonesimulator/ModuleCache.noindex -sdk-module-cache-path /tmp/picpac-phase3-recovery-build-03d44f794ef9-20260925T084220Z/iphonesimulator/ModuleCache.noindex -serialize-diagnostics -emit-dependencies -emit-module -emit-module-path /tmp/picpac-phase3-recovery-build-03d44f794ef9-20260925T084220Z/iphonesimulator/Build/Intermediates.noindex/PicPacKit.build/Debug-iphonesimulator/PicPacPresentation.build/Objects-normal/arm64/PicPacPresentation.swiftmodule -validate-clang-modules-once -clang-build-session-file /tmp/picpac-phase3-recovery-build-03d44f794ef9-20260925T084220Z/iphonesimulator/ModuleCache.noindex/Session.modulevalidation -package-name picpackit -Xcc -I/tmp/picpac-phase3-recovery-build-03d44f794ef9-20260925T084220Z/iphonesimulator/Build/Intermediates.noindex/PicPacKit.build/Debug-iphonesimulator/PicPacPresentation.build/swift-overrides.hmap -emit-const-values -Xfrontend -const-gather-protocols-file -Xfrontend /tmp/picpac-phase3-recovery-build-03d44f794ef9-20260925T084220Z/iphonesimulator/Build/Intermediates.noindex/PicPacKit.build/Debug-iphonesimulator/PicPacPresentation.build/Objects-normal/arm64/PicPacPresentation_const_extract_protocols.json -Xcc -I/tmp/picpac-phase3-recovery-build-03d44f794ef9-20260925T084220Z/iphonesimulator/Build/Products/Debug-iphonesimulator/include -Xcc -I/tmp/picpac-phase3-recovery-build-03d44f794ef9-20260925T084220Z/iphonesimulator/Build/Intermediates.noindex/PicPacKit.build/Debug-iphonesimulator/PicPacPresentation.build/DerivedSources-normal/arm64 -Xcc -I/tmp/picpac-phase3-recovery-build-03d44f794ef9-20260925T084220Z/iphonesimulator/Build/Intermediates.noindex/PicPacKit.build/Debug-iphonesimulator/PicPacPresentation.build/DerivedSources/arm64 -Xcc -I/tmp/picpac-phase3-recovery-build-03d44f794ef9-20260925T084220Z/iphonesimulator/Build/Intermediates.noindex/PicPacKit.build/Debug-iphonesimulator/PicPacPresentation.build/DerivedSources -Xcc -DSWIFT_PACKAGE -Xcc -DDEBUG\=1 -emit-objc-header -emit-objc-header-path /tmp/picpac-phase3-recovery-build-03d44f794ef9-20260925T084220Z/iphonesimulator/Build/Intermediates.noindex/PicPacKit.build/Debug-iphonesimulator/PicPacPresentation.build/Objects-normal/arm64/PicPacPresentation-Swift.h -working-directory /Users/bavabangaru/Developer/pic-pac-poe-ios-native-parity/ios/PicPacPoe.xcodeproj -experimental-emit-module-separately -disable-cmo

SwiftDriverJobDiscovery normal x86_64 Emitting module for PicPacAI (in target 'PicPacAI' from project 'PicPacKit')

Copy /tmp/picpac-phase3-recovery-build-03d44f794ef9-20260925T084220Z/iphonesimulator/Build/Products/Debug-iphonesimulator/PicPacPresentation.swiftmodule/x86_64-apple-ios-simulator.swiftmodule /tmp/picpac-phase3-recovery-build-03d44f794ef9-20260925T084220Z/iphonesimulator/Build/Intermediates.noindex/PicPacKit.build/Debug-iphonesimulator/PicPacPresentation.build/Objects-normal/x86_64/PicPacPresentation.swiftmodule (in target 'PicPacPresentation' from project 'PicPacKit')
    cd /Users/bavabangaru/Developer/pic-pac-poe-ios-native-parity/ios/Packages/PicPacKit
    builtin-copy -exclude .DS_Store -exclude CVS -exclude .svn -exclude .git -exclude .hg -resolve-src-symlinks -rename /tmp/picpac-phase3-recovery-build-03d44f794ef9-20260925T084220Z/iphonesimulator/Build/Intermediates.noindex/PicPacKit.build/Debug-iphonesimulator/PicPacPresentation.build/Objects-normal/x86_64/PicPacPresentation.swiftmodule /tmp/picpac-phase3-recovery-build-03d44f794ef9-20260925T084220Z/iphonesimulator/Build/Products/Debug-iphonesimulator/PicPacPresentation.swiftmodule/x86_64-apple-ios-simulator.swiftmodule

SwiftMergeGeneratedHeaders /tmp/picpac-phase3-recovery-build-03d44f794ef9-20260925T084220Z/iphonesimulator/Build/Intermediates.noindex/GeneratedModuleMaps-iphonesimulator/PicPacPresentation-Swift.h /tmp/picpac-phase3-recovery-build-03d44f794ef9-20260925T084220Z/iphonesimulator/Build/Intermediates.noindex/PicPacKit.build/Debug-iphonesimulator/PicPacPresentation.build/Objects-normal/arm64/PicPacPresentation-Swift.h /tmp/picpac-phase3-recovery-build-03d44f794ef9-20260925T084220Z/iphonesimulator/Build/Intermediates.noindex/PicPacKit.build/Debug-iphonesimulator/PicPacPresentation.build/Objects-normal/x86_64/PicPacPresentation-Swift.h (in target 'PicPacPresentation' from project 'PicPacKit')
    cd /Users/bavabangaru/Developer/pic-pac-poe-ios-native-parity/ios/Packages/PicPacKit
    builtin-swiftHeaderTool -arch arm64 /tmp/picpac-phase3-recovery-build-03d44f794ef9-20260925T084220Z/iphonesimulator/Build/Intermediates.noindex/PicPacKit.build/Debug-iphonesimulator/PicPacPresentation.build/Objects-normal/arm64/PicPacPresentation-Swift.h -arch x86_64 /tmp/picpac-phase3-recovery-build-03d44f794ef9-20260925T084220Z/iphonesimulator/Build/Intermediates.noindex/PicPacKit.build/Debug-iphonesimulator/PicPacPresentation.build/Objects-normal/x86_64/PicPacPresentation-Swift.h -o /tmp/picpac-phase3-recovery-build-03d44f794ef9-20260925T084220Z/iphonesimulator/Build/Intermediates.noindex/GeneratedModuleMaps-iphonesimulator/PicPacPresentation-Swift.h

Copy /tmp/picpac-phase3-recovery-build-03d44f794ef9-20260925T084220Z/iphonesimulator/Build/Products/Debug-iphonesimulator/PicPacPresentation.swiftmodule/x86_64-apple-ios-simulator.swiftdoc /tmp/picpac-phase3-recovery-build-03d44f794ef9-20260925T084220Z/iphonesimulator/Build/Intermediates.noindex/PicPacKit.build/Debug-iphonesimulator/PicPacPresentation.build/Objects-normal/x86_64/PicPacPresentation.swiftdoc (in target 'PicPacPresentation' from project 'PicPacKit')
    cd /Users/bavabangaru/Developer/pic-pac-poe-ios-native-parity/ios/Packages/PicPacKit
    builtin-copy -exclude .DS_Store -exclude CVS -exclude .svn -exclude .git -exclude .hg -resolve-src-symlinks -rename /tmp/picpac-phase3-recovery-build-03d44f794ef9-20260925T084220Z/iphonesimulator/Build/Intermediates.noindex/PicPacKit.build/Debug-iphonesimulator/PicPacPresentation.build/Objects-normal/x86_64/PicPacPresentation.swiftdoc /tmp/picpac-phase3-recovery-build-03d44f794ef9-20260925T084220Z/iphonesimulator/Build/Products/Debug-iphonesimulator/PicPacPresentation.swiftmodule/x86_64-apple-ios-simulator.swiftdoc

Copy /tmp/picpac-phase3-recovery-build-03d44f794ef9-20260925T084220Z/iphonesimulator/Build/Products/Debug-iphonesimulator/PicPacPresentation.swiftmodule/x86_64-apple-ios-simulator.abi.json /tmp/picpac-phase3-recovery-build-03d44f794ef9-20260925T084220Z/iphonesimulator/Build/Intermediates.noindex/PicPacKit.build/Debug-iphonesimulator/PicPacPresentation.build/Objects-normal/x86_64/PicPacPresentation.abi.json (in target 'PicPacPresentation' from project 'PicPacKit')
    cd /Users/bavabangaru/Developer/pic-pac-poe-ios-native-parity/ios/Packages/PicPacKit
    builtin-copy -exclude .DS_Store -exclude CVS -exclude .svn -exclude .git -exclude .hg -resolve-src-symlinks -rename /tmp/picpac-phase3-recovery-build-03d44f794ef9-20260925T084220Z/iphonesimulator/Build/Intermediates.noindex/PicPacKit.build/Debug-iphonesimulator/PicPacPresentation.build/Objects-normal/x86_64/PicPacPresentation.abi.json /tmp/picpac-phase3-recovery-build-03d44f794ef9-20260925T084220Z/iphonesimulator/Build/Products/Debug-iphonesimulator/PicPacPresentation.swiftmodule/x86_64-apple-ios-simulator.abi.json

Copy /tmp/picpac-phase3-recovery-build-03d44f794ef9-20260925T084220Z/iphonesimulator/Build/Products/Debug-iphonesimulator/PicPacPresentation.swiftmodule/arm64-apple-ios-simulator.swiftmodule /tmp/picpac-phase3-recovery-build-03d44f794ef9-20260925T084220Z/iphonesimulator/Build/Intermediates.noindex/PicPacKit.build/Debug-iphonesimulator/PicPacPresentation.build/Objects-normal/arm64/PicPacPresentation.swiftmodule (in target 'PicPacPresentation' from project 'PicPacKit')
    cd /Users/bavabangaru/Developer/pic-pac-poe-ios-native-parity/ios/Packages/PicPacKit
    builtin-copy -exclude .DS_Store -exclude CVS -exclude .svn -exclude .git -exclude .hg -resolve-src-symlinks -rename /tmp/picpac-phase3-recovery-build-03d44f794ef9-20260925T084220Z/iphonesimulator/Build/Intermediates.noindex/PicPacKit.build/Debug-iphonesimulator/PicPacPresentation.build/Objects-normal/arm64/PicPacPresentation.swiftmodule /tmp/picpac-phase3-recovery-build-03d44f794ef9-20260925T084220Z/iphonesimulator/Build/Products/Debug-iphonesimulator/PicPacPresentation.swiftmodule/arm64-apple-ios-simulator.swiftmodule

Copy /tmp/picpac-phase3-recovery-build-03d44f794ef9-20260925T084220Z/iphonesimulator/Build/Products/Debug-iphonesimulator/PicPacPresentation.swiftmodule/arm64-apple-ios-simulator.swiftdoc /tmp/picpac-phase3-recovery-build-03d44f794ef9-20260925T084220Z/iphonesimulator/Build/Intermediates.noindex/PicPacKit.build/Debug-iphonesimulator/PicPacPresentation.build/Objects-normal/arm64/PicPacPresentation.swiftdoc (in target 'PicPacPresentation' from project 'PicPacKit')
    cd /Users/bavabangaru/Developer/pic-pac-poe-ios-native-parity/ios/Packages/PicPacKit
    builtin-copy -exclude .DS_Store -exclude CVS -exclude .svn -exclude .git -exclude .hg -resolve-src-symlinks -rename /tmp/picpac-phase3-recovery-build-03d44f794ef9-20260925T084220Z/iphonesimulator/Build/Intermediates.noindex/PicPacKit.build/Debug-iphonesimulator/PicPacPresentation.build/Objects-normal/arm64/PicPacPresentation.swiftdoc /tmp/picpac-phase3-recovery-build-03d44f794ef9-20260925T084220Z/iphonesimulator/Build/Products/Debug-iphonesimulator/PicPacPresentation.swiftmodule/arm64-apple-ios-simulator.swiftdoc

Copy /tmp/picpac-phase3-recovery-build-03d44f794ef9-20260925T084220Z/iphonesimulator/Build/Products/Debug-iphonesimulator/PicPacPresentation.swiftmodule/arm64-apple-ios-simulator.abi.json /tmp/picpac-phase3-recovery-build-03d44f794ef9-20260925T084220Z/iphonesimulator/Build/Intermediates.noindex/PicPacKit.build/Debug-iphonesimulator/PicPacPresentation.build/Objects-normal/arm64/PicPacPresentation.abi.json (in target 'PicPacPresentation' from project 'PicPacKit')
    cd /Users/bavabangaru/Developer/pic-pac-poe-ios-native-parity/ios/Packages/PicPacKit
    builtin-copy -exclude .DS_Store -exclude CVS -exclude .svn -exclude .git -exclude .hg -resolve-src-symlinks -rename /tmp/picpac-phase3-recovery-build-03d44f794ef9-20260925T084220Z/iphonesimulator/Build/Intermediates.noindex/PicPacKit.build/Debug-iphonesimulator/PicPacPresentation.build/Objects-normal/arm64/PicPacPresentation.abi.json /tmp/picpac-phase3-recovery-build-03d44f794ef9-20260925T084220Z/iphonesimulator/Build/Products/Debug-iphonesimulator/PicPacPresentation.swiftmodule/arm64-apple-ios-simulator.abi.json

Copy /tmp/picpac-phase3-recovery-build-03d44f794ef9-20260925T084220Z/iphonesimulator/Build/Products/Debug-iphonesimulator/PicPacPresentation.swiftmodule/Project/x86_64-apple-ios-simulator.swiftsourceinfo /tmp/picpac-phase3-recovery-build-03d44f794ef9-20260925T084220Z/iphonesimulator/Build/Intermediates.noindex/PicPacKit.build/Debug-iphonesimulator/PicPacPresentation.build/Objects-normal/x86_64/PicPacPresentation.swiftsourceinfo (in target 'PicPacPresentation' from project 'PicPacKit')
    cd /Users/bavabangaru/Developer/pic-pac-poe-ios-native-parity/ios/Packages/PicPacKit
    builtin-copy -exclude .DS_Store -exclude CVS -exclude .svn -exclude .git -exclude .hg -resolve-src-symlinks -rename /tmp/picpac-phase3-recovery-build-03d44f794ef9-20260925T084220Z/iphonesimulator/Build/Intermediates.noindex/PicPacKit.build/Debug-iphonesimulator/PicPacPresentation.build/Objects-normal/x86_64/PicPacPresentation.swiftsourceinfo /tmp/picpac-phase3-recovery-build-03d44f794ef9-20260925T084220Z/iphonesimulator/Build/Products/Debug-iphonesimulator/PicPacPresentation.swiftmodule/Project/x86_64-apple-ios-simulator.swiftsourceinfo

Copy /tmp/picpac-phase3-recovery-build-03d44f794ef9-20260925T084220Z/iphonesimulator/Build/Products/Debug-iphonesimulator/PicPacPresentation.swiftmodule/Project/arm64-apple-ios-simulator.swiftsourceinfo /tmp/picpac-phase3-recovery-build-03d44f794ef9-20260925T084220Z/iphonesimulator/Build/Intermediates.noindex/PicPacKit.build/Debug-iphonesimulator/PicPacPresentation.build/Objects-normal/arm64/PicPacPresentation.swiftsourceinfo (in target 'PicPacPresentation' from project 'PicPacKit')
    cd /Users/bavabangaru/Developer/pic-pac-poe-ios-native-parity/ios/Packages/PicPacKit
    builtin-copy -exclude .DS_Store -exclude CVS -exclude .svn -exclude .git -exclude .hg -resolve-src-symlinks -rename /tmp/picpac-phase3-recovery-build-03d44f794ef9-20260925T084220Z/iphonesimulator/Build/Intermediates.noindex/PicPacKit.build/Debug-iphonesimulator/PicPacPresentation.build/Objects-normal/arm64/PicPacPresentation.swiftsourceinfo /tmp/picpac-phase3-recovery-build-03d44f794ef9-20260925T084220Z/iphonesimulator/Build/Products/Debug-iphonesimulator/PicPacPresentation.swiftmodule/Project/arm64-apple-ios-simulator.swiftsourceinfo

SwiftDriver\ Compilation\ Requirements PicPacAI normal x86_64 com.apple.xcode.tools.swift.compiler (in target 'PicPacAI' from project 'PicPacKit')
    cd /Users/bavabangaru/Developer/pic-pac-poe-ios-native-parity/ios/PicPacPoe.xcodeproj
    builtin-Swift-Compilation-Requirements -- /Applications/Xcode.app/Contents/Developer/Toolchains/XcodeDefault.xctoolchain/usr/bin/swiftc -module-name PicPacAI -Onone @/tmp/picpac-phase3-recovery-build-03d44f794ef9-20260925T084220Z/iphonesimulator/Build/Intermediates.noindex/PicPacKit.build/Debug-iphonesimulator/PicPacAI.build/Objects-normal/x86_64/PicPacAI.SwiftFileList -DSWIFT_PACKAGE -DDEBUG -DSWIFT_MODULE_RESOURCE_BUNDLE_AVAILABLE -DXcode -plugin-path /Applications/Xcode.app/Contents/Developer/Toolchains/XcodeDefault.xctoolchain/usr/lib/swift/host/plugins/testing -enable-experimental-feature DebugDescriptionMacro -sdk /Applications/Xcode.app/Contents/Developer/Platforms/iPhoneSimulator.platform/Developer/SDKs/iPhoneSimulator26.5.sdk -target x86_64-apple-ios17.0-simulator -g -module-cache-path /tmp/picpac-phase3-recovery-build-03d44f794ef9-20260925T084220Z/iphonesimulator/ModuleCache.noindex -Xfrontend -serialize-debugging-options -enable-testing -suppress-warnings -index-store-path /tmp/picpac-phase3-recovery-build-03d44f794ef9-20260925T084220Z/iphonesimulator/Index.noindex/DataStore -Xcc -D_LIBCPP_HARDENING_MODE\=_LIBCPP_HARDENING_MODE_DEBUG -swift-version 6 -I /tmp/picpac-phase3-recovery-build-03d44f794ef9-20260925T084220Z/iphonesimulator/Build/Products/Debug-iphonesimulator -Isystem /Applications/Xcode.app/Contents/Developer/Platforms/iPhoneSimulator.platform/Developer/usr/lib -F /tmp/picpac-phase3-recovery-build-03d44f794ef9-20260925T084220Z/iphonesimulator/Build/Products/Debug-iphonesimulator/PackageFrameworks -F /tmp/picpac-phase3-recovery-build-03d44f794ef9-20260925T084220Z/iphonesimulator/Build/Products/Debug-iphonesimulator -F /Applications/Xcode.app/Contents/Developer/Platforms/iPhoneSimulator.platform/Developer/Library/Frameworks -F /Applications/Xcode.app/Contents/Developer/Platforms/iPhoneSimulator.platform/Developer/SDKs/iPhoneSimulator26.5.sdk/Developer/Library/Frameworks -c -j12 -enable-batch-mode -incremental -Xcc -ivfsstatcache -Xcc /tmp/picpac-phase3-recovery-build-03d44f794ef9-20260925T084220Z/iphonesimulator/SDKStatCaches.noindex/iphonesimulator26.5-23F81a-6cfe768891a92b912361537c460fe42b.sdkstatcache -output-file-map /tmp/picpac-phase3-recovery-build-03d44f794ef9-20260925T084220Z/iphonesimulator/Build/Intermediates.noindex/PicPacKit.build/Debug-iphonesimulator/PicPacAI.build/Objects-normal/x86_64/PicPacAI-OutputFileMap.json -use-frontend-parseable-output -save-temps -no-color-diagnostics -explicit-module-build -module-cache-path /tmp/picpac-phase3-recovery-build-03d44f794ef9-20260925T084220Z/iphonesimulator/Build/Intermediates.noindex/SwiftExplicitPrecompiledModules -clang-scanner-module-cache-path /tmp/picpac-phase3-recovery-build-03d44f794ef9-20260925T084220Z/iphonesimulator/ModuleCache.noindex -sdk-module-cache-path /tmp/picpac-phase3-recovery-build-03d44f794ef9-20260925T084220Z/iphonesimulator/ModuleCache.noindex -serialize-diagnostics -emit-dependencies -emit-module -emit-module-path /tmp/picpac-phase3-recovery-build-03d44f794ef9-20260925T084220Z/iphonesimulator/Build/Intermediates.noindex/PicPacKit.build/Debug-iphonesimulator/PicPacAI.build/Objects-normal/x86_64/PicPacAI.swiftmodule -validate-clang-modules-once -clang-build-session-file /tmp/picpac-phase3-recovery-build-03d44f794ef9-20260925T084220Z/iphonesimulator/ModuleCache.noindex/Session.modulevalidation -package-name picpackit -Xcc -I/tmp/picpac-phase3-recovery-build-03d44f794ef9-20260925T084220Z/iphonesimulator/Build/Intermediates.noindex/PicPacKit.build/Debug-iphonesimulator/PicPacAI.build/swift-overrides.hmap -emit-const-values -Xfrontend -const-gather-protocols-file -Xfrontend /tmp/picpac-phase3-recovery-build-03d44f794ef9-20260925T084220Z/iphonesimulator/Build/Intermediates.noindex/PicPacKit.build/Debug-iphonesimulator/PicPacAI.build/Objects-normal/x86_64/PicPacAI_const_extract_protocols.json -Xcc -I/tmp/picpac-phase3-recovery-build-03d44f794ef9-20260925T084220Z/iphonesimulator/Build/Products/Debug-iphonesimulator/include -Xcc -I/tmp/picpac-phase3-recovery-build-03d44f794ef9-20260925T084220Z/iphonesimulator/Build/Intermediates.noindex/PicPacKit.build/Debug-iphonesimulator/PicPacAI.build/DerivedSources-normal/x86_64 -Xcc -I/tmp/picpac-phase3-recovery-build-03d44f794ef9-20260925T084220Z/iphonesimulator/Build/Intermediates.noindex/PicPacKit.build/Debug-iphonesimulator/PicPacAI.build/DerivedSources/x86_64 -Xcc -I/tmp/picpac-phase3-recovery-build-03d44f794ef9-20260925T084220Z/iphonesimulator/Build/Intermediates.noindex/PicPacKit.build/Debug-iphonesimulator/PicPacAI.build/DerivedSources -Xcc -DSWIFT_PACKAGE -Xcc -DDEBUG\=1 -emit-objc-header -emit-objc-header-path /tmp/picpac-phase3-recovery-build-03d44f794ef9-20260925T084220Z/iphonesimulator/Build/Intermediates.noindex/PicPacKit.build/Debug-iphonesimulator/PicPacAI.build/Objects-normal/x86_64/PicPacAI-Swift.h -working-directory /Users/bavabangaru/Developer/pic-pac-poe-ios-native-parity/ios/PicPacPoe.xcodeproj -experimental-emit-module-separately -disable-cmo

Copy /tmp/picpac-phase3-recovery-build-03d44f794ef9-20260925T084220Z/iphonesimulator/Build/Products/Debug-iphonesimulator/PicPacAI.swiftmodule/x86_64-apple-ios-simulator.swiftmodule /tmp/picpac-phase3-recovery-build-03d44f794ef9-20260925T084220Z/iphonesimulator/Build/Intermediates.noindex/PicPacKit.build/Debug-iphonesimulator/PicPacAI.build/Objects-normal/x86_64/PicPacAI.swiftmodule (in target 'PicPacAI' from project 'PicPacKit')
    cd /Users/bavabangaru/Developer/pic-pac-poe-ios-native-parity/ios/Packages/PicPacKit
    builtin-copy -exclude .DS_Store -exclude CVS -exclude .svn -exclude .git -exclude .hg -resolve-src-symlinks -rename /tmp/picpac-phase3-recovery-build-03d44f794ef9-20260925T084220Z/iphonesimulator/Build/Intermediates.noindex/PicPacKit.build/Debug-iphonesimulator/PicPacAI.build/Objects-normal/x86_64/PicPacAI.swiftmodule /tmp/picpac-phase3-recovery-build-03d44f794ef9-20260925T084220Z/iphonesimulator/Build/Products/Debug-iphonesimulator/PicPacAI.swiftmodule/x86_64-apple-ios-simulator.swiftmodule

Copy /tmp/picpac-phase3-recovery-build-03d44f794ef9-20260925T084220Z/iphonesimulator/Build/Products/Debug-iphonesimulator/PicPacAI.swiftmodule/x86_64-apple-ios-simulator.swiftdoc /tmp/picpac-phase3-recovery-build-03d44f794ef9-20260925T084220Z/iphonesimulator/Build/Intermediates.noindex/PicPacKit.build/Debug-iphonesimulator/PicPacAI.build/Objects-normal/x86_64/PicPacAI.swiftdoc (in target 'PicPacAI' from project 'PicPacKit')
    cd /Users/bavabangaru/Developer/pic-pac-poe-ios-native-parity/ios/Packages/PicPacKit
    builtin-copy -exclude .DS_Store -exclude CVS -exclude .svn -exclude .git -exclude .hg -resolve-src-symlinks -rename /tmp/picpac-phase3-recovery-build-03d44f794ef9-20260925T084220Z/iphonesimulator/Build/Intermediates.noindex/PicPacKit.build/Debug-iphonesimulator/PicPacAI.build/Objects-normal/x86_64/PicPacAI.swiftdoc /tmp/picpac-phase3-recovery-build-03d44f794ef9-20260925T084220Z/iphonesimulator/Build/Products/Debug-iphonesimulator/PicPacAI.swiftmodule/x86_64-apple-ios-simulator.swiftdoc

Copy /tmp/picpac-phase3-recovery-build-03d44f794ef9-20260925T084220Z/iphonesimulator/Build/Products/Debug-iphonesimulator/PicPacAI.swiftmodule/x86_64-apple-ios-simulator.abi.json /tmp/picpac-phase3-recovery-build-03d44f794ef9-20260925T084220Z/iphonesimulator/Build/Intermediates.noindex/PicPacKit.build/Debug-iphonesimulator/PicPacAI.build/Objects-normal/x86_64/PicPacAI.abi.json (in target 'PicPacAI' from project 'PicPacKit')
    cd /Users/bavabangaru/Developer/pic-pac-poe-ios-native-parity/ios/Packages/PicPacKit
    builtin-copy -exclude .DS_Store -exclude CVS -exclude .svn -exclude .git -exclude .hg -resolve-src-symlinks -rename /tmp/picpac-phase3-recovery-build-03d44f794ef9-20260925T084220Z/iphonesimulator/Build/Intermediates.noindex/PicPacKit.build/Debug-iphonesimulator/PicPacAI.build/Objects-normal/x86_64/PicPacAI.abi.json /tmp/picpac-phase3-recovery-build-03d44f794ef9-20260925T084220Z/iphonesimulator/Build/Products/Debug-iphonesimulator/PicPacAI.swiftmodule/x86_64-apple-ios-simulator.abi.json

Copy /tmp/picpac-phase3-recovery-build-03d44f794ef9-20260925T084220Z/iphonesimulator/Build/Products/Debug-iphonesimulator/PicPacAI.swiftmodule/Project/x86_64-apple-ios-simulator.swiftsourceinfo /tmp/picpac-phase3-recovery-build-03d44f794ef9-20260925T084220Z/iphonesimulator/Build/Intermediates.noindex/PicPacKit.build/Debug-iphonesimulator/PicPacAI.build/Objects-normal/x86_64/PicPacAI.swiftsourceinfo (in target 'PicPacAI' from project 'PicPacKit')
    cd /Users/bavabangaru/Developer/pic-pac-poe-ios-native-parity/ios/Packages/PicPacKit
    builtin-copy -exclude .DS_Store -exclude CVS -exclude .svn -exclude .git -exclude .hg -resolve-src-symlinks -rename /tmp/picpac-phase3-recovery-build-03d44f794ef9-20260925T084220Z/iphonesimulator/Build/Intermediates.noindex/PicPacKit.build/Debug-iphonesimulator/PicPacAI.build/Objects-normal/x86_64/PicPacAI.swiftsourceinfo /tmp/picpac-phase3-recovery-build-03d44f794ef9-20260925T084220Z/iphonesimulator/Build/Products/Debug-iphonesimulator/PicPacAI.swiftmodule/Project/x86_64-apple-ios-simulator.swiftsourceinfo

SwiftCompile normal x86_64 Compiling\ PresentationDependencies.swift /Users/bavabangaru/Developer/pic-pac-poe-ios-native-parity/ios/Packages/PicPacKit/Sources/PicPacPresentation/PresentationDependencies.swift (in target 'PicPacPresentation' from project 'PicPacKit')

SwiftCompile normal x86_64 /Users/bavabangaru/Developer/pic-pac-poe-ios-native-parity/ios/Packages/PicPacKit/Sources/PicPacPresentation/PresentationDependencies.swift (in target 'PicPacPresentation' from project 'PicPacKit')
    cd /Users/bavabangaru/Developer/pic-pac-poe-ios-native-parity/ios/PicPacPoe.xcodeproj
    

SwiftCompile normal x86_64 Compiling\ RestorationValidation.swift /Users/bavabangaru/Developer/pic-pac-poe-ios-native-parity/ios/Packages/PicPacKit/Sources/PicPacPresentation/RestorationValidation.swift (in target 'PicPacPresentation' from project 'PicPacKit')

SwiftCompile normal x86_64 /Users/bavabangaru/Developer/pic-pac-poe-ios-native-parity/ios/Packages/PicPacKit/Sources/PicPacPresentation/RestorationValidation.swift (in target 'PicPacPresentation' from project 'PicPacKit')
    cd /Users/bavabangaru/Developer/pic-pac-poe-ios-native-parity/ios/PicPacPoe.xcodeproj
    

SwiftDriverJobDiscovery normal arm64 Emitting module for PicPacAI (in target 'PicPacAI' from project 'PicPacKit')

SwiftDriver\ Compilation\ Requirements PicPacAI normal arm64 com.apple.xcode.tools.swift.compiler (in target 'PicPacAI' from project 'PicPacKit')
    cd /Users/bavabangaru/Developer/pic-pac-poe-ios-native-parity/ios/PicPacPoe.xcodeproj
    builtin-Swift-Compilation-Requirements -- /Applications/Xcode.app/Contents/Developer/Toolchains/XcodeDefault.xctoolchain/usr/bin/swiftc -module-name PicPacAI -Onone @/tmp/picpac-phase3-recovery-build-03d44f794ef9-20260925T084220Z/iphonesimulator/Build/Intermediates.noindex/PicPacKit.build/Debug-iphonesimulator/PicPacAI.build/Objects-normal/arm64/PicPacAI.SwiftFileList -DSWIFT_PACKAGE -DDEBUG -DSWIFT_MODULE_RESOURCE_BUNDLE_AVAILABLE -DXcode -plugin-path /Applications/Xcode.app/Contents/Developer/Toolchains/XcodeDefault.xctoolchain/usr/lib/swift/host/plugins/testing -enable-experimental-feature DebugDescriptionMacro -sdk /Applications/Xcode.app/Contents/Developer/Platforms/iPhoneSimulator.platform/Developer/SDKs/iPhoneSimulator26.5.sdk -target arm64-apple-ios17.0-simulator -g -module-cache-path /tmp/picpac-phase3-recovery-build-03d44f794ef9-20260925T084220Z/iphonesimulator/ModuleCache.noindex -Xfrontend -serialize-debugging-options -enable-testing -suppress-warnings -index-store-path /tmp/picpac-phase3-recovery-build-03d44f794ef9-20260925T084220Z/iphonesimulator/Index.noindex/DataStore -Xcc -D_LIBCPP_HARDENING_MODE\=_LIBCPP_HARDENING_MODE_DEBUG -swift-version 6 -I /tmp/picpac-phase3-recovery-build-03d44f794ef9-20260925T084220Z/iphonesimulator/Build/Products/Debug-iphonesimulator -Isystem /Applications/Xcode.app/Contents/Developer/Platforms/iPhoneSimulator.platform/Developer/usr/lib -F /tmp/picpac-phase3-recovery-build-03d44f794ef9-20260925T084220Z/iphonesimulator/Build/Products/Debug-iphonesimulator/PackageFrameworks -F /tmp/picpac-phase3-recovery-build-03d44f794ef9-20260925T084220Z/iphonesimulator/Build/Products/Debug-iphonesimulator -F /Applications/Xcode.app/Contents/Developer/Platforms/iPhoneSimulator.platform/Developer/Library/Frameworks -F /Applications/Xcode.app/Contents/Developer/Platforms/iPhoneSimulator.platform/Developer/SDKs/iPhoneSimulator26.5.sdk/Developer/Library/Frameworks -c -j12 -enable-batch-mode -incremental -Xcc -ivfsstatcache -Xcc /tmp/picpac-phase3-recovery-build-03d44f794ef9-20260925T084220Z/iphonesimulator/SDKStatCaches.noindex/iphonesimulator26.5-23F81a-6cfe768891a92b912361537c460fe42b.sdkstatcache -output-file-map /tmp/picpac-phase3-recovery-build-03d44f794ef9-20260925T084220Z/iphonesimulator/Build/Intermediates.noindex/PicPacKit.build/Debug-iphonesimulator/PicPacAI.build/Objects-normal/arm64/PicPacAI-OutputFileMap.json -use-frontend-parseable-output -save-temps -no-color-diagnostics -explicit-module-build -module-cache-path /tmp/picpac-phase3-recovery-build-03d44f794ef9-20260925T084220Z/iphonesimulator/Build/Intermediates.noindex/SwiftExplicitPrecompiledModules -clang-scanner-module-cache-path /tmp/picpac-phase3-recovery-build-03d44f794ef9-20260925T084220Z/iphonesimulator/ModuleCache.noindex -sdk-module-cache-path /tmp/picpac-phase3-recovery-build-03d44f794ef9-20260925T084220Z/iphonesimulator/ModuleCache.noindex -serialize-diagnostics -emit-dependencies -emit-module -emit-module-path /tmp/picpac-phase3-recovery-build-03d44f794ef9-20260925T084220Z/iphonesimulator/Build/Intermediates.noindex/PicPacKit.build/Debug-iphonesimulator/PicPacAI.build/Objects-normal/arm64/PicPacAI.swiftmodule -validate-clang-modules-once -clang-build-session-file /tmp/picpac-phase3-recovery-build-03d44f794ef9-20260925T084220Z/iphonesimulator/ModuleCache.noindex/Session.modulevalidation -package-name picpackit -Xcc -I/tmp/picpac-phase3-recovery-build-03d44f794ef9-20260925T084220Z/iphonesimulator/Build/Intermediates.noindex/PicPacKit.build/Debug-iphonesimulator/PicPacAI.build/swift-overrides.hmap -emit-const-values -Xfrontend -const-gather-protocols-file -Xfrontend /tmp/picpac-phase3-recovery-build-03d44f794ef9-20260925T084220Z/iphonesimulator/Build/Intermediates.noindex/PicPacKit.build/Debug-iphonesimulator/PicPacAI.build/Objects-normal/arm64/PicPacAI_const_extract_protocols.json -Xcc -I/tmp/picpac-phase3-recovery-build-03d44f794ef9-20260925T084220Z/iphonesimulator/Build/Products/Debug-iphonesimulator/include -Xcc -I/tmp/picpac-phase3-recovery-build-03d44f794ef9-20260925T084220Z/iphonesimulator/Build/Intermediates.noindex/PicPacKit.build/Debug-iphonesimulator/PicPacAI.build/DerivedSources-normal/arm64 -Xcc -I/tmp/picpac-phase3-recovery-build-03d44f794ef9-20260925T084220Z/iphonesimulator/Build/Intermediates.noindex/PicPacKit.build/Debug-iphonesimulator/PicPacAI.build/DerivedSources/arm64 -Xcc -I/tmp/picpac-phase3-recovery-build-03d44f794ef9-20260925T084220Z/iphonesimulator/Build/Intermediates.noindex/PicPacKit.build/Debug-iphonesimulator/PicPacAI.build/DerivedSources -Xcc -DSWIFT_PACKAGE -Xcc -DDEBUG\=1 -emit-objc-header -emit-objc-header-path /tmp/picpac-phase3-recovery-build-03d44f794ef9-20260925T084220Z/iphonesimulator/Build/Intermediates.noindex/PicPacKit.build/Debug-iphonesimulator/PicPacAI.build/Objects-normal/arm64/PicPacAI-Swift.h -working-directory /Users/bavabangaru/Developer/pic-pac-poe-ios-native-parity/ios/PicPacPoe.xcodeproj -experimental-emit-module-separately -disable-cmo

SwiftDriverJobDiscovery normal arm64 Compiling RestorationValidation.swift (in target 'PicPacPresentation' from project 'PicPacKit')

SwiftCompile normal x86_64 Compiling\ PresentationModels.swift /Users/bavabangaru/Developer/pic-pac-poe-ios-native-parity/ios/Packages/PicPacKit/Sources/PicPacPresentation/PresentationModels.swift (in target 'PicPacPresentation' from project 'PicPacKit')
SwiftCompile normal x86_64 /Users/bavabangaru/Developer/pic-pac-poe-ios-native-parity/ios/Packages/PicPacKit/Sources/PicPacPresentation/PresentationModels.swift (in target 'PicPacPresentation' from project 'PicPacKit')
    cd /Users/bavabangaru/Developer/pic-pac-poe-ios-native-parity/ios/PicPacPoe.xcodeproj
    

SwiftMergeGeneratedHeaders /tmp/picpac-phase3-recovery-build-03d44f794ef9-20260925T084220Z/iphonesimulator/Build/Intermediates.noindex/GeneratedModuleMaps-iphonesimulator/PicPacAI-Swift.h /tmp/picpac-phase3-recovery-build-03d44f794ef9-20260925T084220Z/iphonesimulator/Build/Intermediates.noindex/PicPacKit.build/Debug-iphonesimulator/PicPacAI.build/Objects-normal/arm64/PicPacAI-Swift.h /tmp/picpac-phase3-recovery-build-03d44f794ef9-20260925T084220Z/iphonesimulator/Build/Intermediates.noindex/PicPacKit.build/Debug-iphonesimulator/PicPacAI.build/Objects-normal/x86_64/PicPacAI-Swift.h (in target 'PicPacAI' from project 'PicPacKit')
    cd /Users/bavabangaru/Developer/pic-pac-poe-ios-native-parity/ios/Packages/PicPacKit
    builtin-swiftHeaderTool -arch arm64 /tmp/picpac-phase3-recovery-build-03d44f794ef9-20260925T084220Z/iphonesimulator/Build/Intermediates.noindex/PicPacKit.build/Debug-iphonesimulator/PicPacAI.build/Objects-normal/arm64/PicPacAI-Swift.h -arch x86_64 /tmp/picpac-phase3-recovery-build-03d44f794ef9-20260925T084220Z/iphonesimulator/Build/Intermediates.noindex/PicPacKit.build/Debug-iphonesimulator/PicPacAI.build/Objects-normal/x86_64/PicPacAI-Swift.h -o /tmp/picpac-phase3-recovery-build-03d44f794ef9-20260925T084220Z/iphonesimulator/Build/Intermediates.noindex/GeneratedModuleMaps-iphonesimulator/PicPacAI-Swift.h

SwiftDriverJobDiscovery normal arm64 Compiling AiObservation.swift (in target 'PicPacCore' from project 'PicPacKit')

Copy /tmp/picpac-phase3-recovery-build-03d44f794ef9-20260925T084220Z/iphonesimulator/Build/Products/Debug-iphonesimulator/PicPacAI.swiftmodule/arm64-apple-ios-simulator.swiftmodule /tmp/picpac-phase3-recovery-build-03d44f794ef9-20260925T084220Z/iphonesimulator/Build/Intermediates.noindex/PicPacKit.build/Debug-iphonesimulator/PicPacAI.build/Objects-normal/arm64/PicPacAI.swiftmodule (in target 'PicPacAI' from project 'PicPacKit')
    cd /Users/bavabangaru/Developer/pic-pac-poe-ios-native-parity/ios/Packages/PicPacKit
    builtin-copy -exclude .DS_Store -exclude CVS -exclude .svn -exclude .git -exclude .hg -resolve-src-symlinks -rename /tmp/picpac-phase3-recovery-build-03d44f794ef9-20260925T084220Z/iphonesimulator/Build/Intermediates.noindex/PicPacKit.build/Debug-iphonesimulator/PicPacAI.build/Objects-normal/arm64/PicPacAI.swiftmodule /tmp/picpac-phase3-recovery-build-03d44f794ef9-20260925T084220Z/iphonesimulator/Build/Products/Debug-iphonesimulator/PicPacAI.swiftmodule/arm64-apple-ios-simulator.swiftmodule

Copy /tmp/picpac-phase3-recovery-build-03d44f794ef9-20260925T084220Z/iphonesimulator/Build/Products/Debug-iphonesimulator/PicPacAI.swiftmodule/arm64-apple-ios-simulator.swiftdoc /tmp/picpac-phase3-recovery-build-03d44f794ef9-20260925T084220Z/iphonesimulator/Build/Intermediates.noindex/PicPacKit.build/Debug-iphonesimulator/PicPacAI.build/Objects-normal/arm64/PicPacAI.swiftdoc (in target 'PicPacAI' from project 'PicPacKit')
    cd /Users/bavabangaru/Developer/pic-pac-poe-ios-native-parity/ios/Packages/PicPacKit
    builtin-copy -exclude .DS_Store -exclude CVS -exclude .svn -exclude .git -exclude .hg -resolve-src-symlinks -rename /tmp/picpac-phase3-recovery-build-03d44f794ef9-20260925T084220Z/iphonesimulator/Build/Intermediates.noindex/PicPacKit.build/Debug-iphonesimulator/PicPacAI.build/Objects-normal/arm64/PicPacAI.swiftdoc /tmp/picpac-phase3-recovery-build-03d44f794ef9-20260925T084220Z/iphonesimulator/Build/Products/Debug-iphonesimulator/PicPacAI.swiftmodule/arm64-apple-ios-simulator.swiftdoc

Copy /tmp/picpac-phase3-recovery-build-03d44f794ef9-20260925T084220Z/iphonesimulator/Build/Products/Debug-iphonesimulator/PicPacAI.swiftmodule/arm64-apple-ios-simulator.abi.json /tmp/picpac-phase3-recovery-build-03d44f794ef9-20260925T084220Z/iphonesimulator/Build/Intermediates.noindex/PicPacKit.build/Debug-iphonesimulator/PicPacAI.build/Objects-normal/arm64/PicPacAI.abi.json (in target 'PicPacAI' from project 'PicPacKit')
    cd /Users/bavabangaru/Developer/pic-pac-poe-ios-native-parity/ios/Packages/PicPacKit
    builtin-copy -exclude .DS_Store -exclude CVS -exclude .svn -exclude .git -exclude .hg -resolve-src-symlinks -rename /tmp/picpac-phase3-recovery-build-03d44f794ef9-20260925T084220Z/iphonesimulator/Build/Intermediates.noindex/PicPacKit.build/Debug-iphonesimulator/PicPacAI.build/Objects-normal/arm64/PicPacAI.abi.json /tmp/picpac-phase3-recovery-build-03d44f794ef9-20260925T084220Z/iphonesimulator/Build/Products/Debug-iphonesimulator/PicPacAI.swiftmodule/arm64-apple-ios-simulator.abi.json

SwiftDriverJobDiscovery normal x86_64 Compiling AiObservation.swift (in target 'PicPacCore' from project 'PicPacKit')

Copy /tmp/picpac-phase3-recovery-build-03d44f794ef9-20260925T084220Z/iphonesimulator/Build/Products/Debug-iphonesimulator/PicPacAI.swiftmodule/Project/arm64-apple-ios-simulator.swiftsourceinfo /tmp/picpac-phase3-recovery-build-03d44f794ef9-20260925T084220Z/iphonesimulator/Build/Intermediates.noindex/PicPacKit.build/Debug-iphonesimulator/PicPacAI.build/Objects-normal/arm64/PicPacAI.swiftsourceinfo (in target 'PicPacAI' from project 'PicPacKit')
    cd /Users/bavabangaru/Developer/pic-pac-poe-ios-native-parity/ios/Packages/PicPacKit
    builtin-copy -exclude .DS_Store -exclude CVS -exclude .svn -exclude .git -exclude .hg -resolve-src-symlinks -rename /tmp/picpac-phase3-recovery-build-03d44f794ef9-20260925T084220Z/iphonesimulator/Build/Intermediates.noindex/PicPacKit.build/Debug-iphonesimulator/PicPacAI.build/Objects-normal/arm64/PicPacAI.swiftsourceinfo /tmp/picpac-phase3-recovery-build-03d44f794ef9-20260925T084220Z/iphonesimulator/Build/Products/Debug-iphonesimulator/PicPacAI.swiftmodule/Project/arm64-apple-ios-simulator.swiftsourceinfo

SwiftCompile normal arm64 Compiling\ GameCoordinator.swift /Users/bavabangaru/Developer/pic-pac-poe-ios-native-parity/ios/Packages/PicPacKit/Sources/PicPacPresentation/GameCoordinator.swift (in target 'PicPacPresentation' from project 'PicPacKit')
SwiftCompile normal arm64 /Users/bavabangaru/Developer/pic-pac-poe-ios-native-parity/ios/Packages/PicPacKit/Sources/PicPacPresentation/GameCoordinator.swift (in target 'PicPacPresentation' from project 'PicPacKit')
    cd /Users/bavabangaru/Developer/pic-pac-poe-ios-native-parity/ios/PicPacPoe.xcodeproj
    

SwiftCompile normal arm64 Compiling\ resource_bundle_accessor.swift /tmp/picpac-phase3-recovery-build-03d44f794ef9-20260925T084220Z/iphonesimulator/Build/Intermediates.noindex/PicPacKit.build/Debug-iphonesimulator/PicPacAI.build/DerivedSources/resource_bundle_accessor.swift (in target 'PicPacAI' from project 'PicPacKit')

SwiftCompile normal arm64 /tmp/picpac-phase3-recovery-build-03d44f794ef9-20260925T084220Z/iphonesimulator/Build/Intermediates.noindex/PicPacKit.build/Debug-iphonesimulator/PicPacAI.build/DerivedSources/resource_bundle_accessor.swift (in target 'PicPacAI' from project 'PicPacKit')
    cd /Users/bavabangaru/Developer/pic-pac-poe-ios-native-parity/ios/PicPacPoe.xcodeproj
    

SwiftDriverJobDiscovery normal x86_64 Compiling RestorationValidation.swift (in target 'PicPacPresentation' from project 'PicPacKit')

SwiftCompile normal x86_64 Compiling\ TabularPolicy.swift /Users/bavabangaru/Developer/pic-pac-poe-ios-native-parity/ios/Packages/PicPacKit/Sources/PicPacAI/TabularPolicy.swift (in target 'PicPacAI' from project 'PicPacKit')

SwiftCompile normal x86_64 /Users/bavabangaru/Developer/pic-pac-poe-ios-native-parity/ios/Packages/PicPacKit/Sources/PicPacAI/TabularPolicy.swift (in target 'PicPacAI' from project 'PicPacKit')
    cd /Users/bavabangaru/Developer/pic-pac-poe-ios-native-parity/ios/PicPacPoe.xcodeproj
    

SwiftDriverJobDiscovery normal x86_64 Compiling Model.swift (in target 'PicPacCore' from project 'PicPacKit')

SwiftCompile normal x86_64 Compiling\ RandomSources.swift /Users/bavabangaru/Developer/pic-pac-poe-ios-native-parity/ios/Packages/PicPacKit/Sources/PicPacAI/RandomSources.swift (in target 'PicPacAI' from project 'PicPacKit')

SwiftCompile normal x86_64 /Users/bavabangaru/Developer/pic-pac-poe-ios-native-parity/ios/Packages/PicPacKit/Sources/PicPacAI/RandomSources.swift (in target 'PicPacAI' from project 'PicPacKit')
    cd /Users/bavabangaru/Developer/pic-pac-poe-ios-native-parity/ios/PicPacPoe.xcodeproj
    

SwiftCompile normal arm64 Compiling\ ProductionAIEngine.swift /Users/bavabangaru/Developer/pic-pac-poe-ios-native-parity/ios/Packages/PicPacKit/Sources/PicPacAI/ProductionAIEngine.swift (in target 'PicPacAI' from project 'PicPacKit')

SwiftCompile normal arm64 /Users/bavabangaru/Developer/pic-pac-poe-ios-native-parity/ios/Packages/PicPacKit/Sources/PicPacAI/ProductionAIEngine.swift (in target 'PicPacAI' from project 'PicPacKit')
    cd /Users/bavabangaru/Developer/pic-pac-poe-ios-native-parity/ios/PicPacPoe.xcodeproj
    

SwiftDriverJobDiscovery normal arm64 Compiling Model.swift (in target 'PicPacCore' from project 'PicPacKit')

SwiftCompile normal arm64 Compiling\ ReferenceExpectiminimax.swift /Users/bavabangaru/Developer/pic-pac-poe-ios-native-parity/ios/Packages/PicPacKit/Sources/PicPacAI/ReferenceExpectiminimax.swift (in target 'PicPacAI' from project 'PicPacKit')

SwiftCompile normal arm64 /Users/bavabangaru/Developer/pic-pac-poe-ios-native-parity/ios/Packages/PicPacKit/Sources/PicPacAI/ReferenceExpectiminimax.swift (in target 'PicPacAI' from project 'PicPacKit')
    cd /Users/bavabangaru/Developer/pic-pac-poe-ios-native-parity/ios/PicPacPoe.xcodeproj
    

SwiftDriverJobDiscovery normal arm64 Compiling PresentationModels.swift (in target 'PicPacPresentation' from project 'PicPacKit')

SwiftCompile normal arm64 Compiling\ AIContracts.swift /Users/bavabangaru/Developer/pic-pac-poe-ios-native-parity/ios/Packages/PicPacKit/Sources/PicPacAI/AIContracts.swift (in target 'PicPacAI' from project 'PicPacKit')

SwiftCompile normal arm64 /Users/bavabangaru/Developer/pic-pac-poe-ios-native-parity/ios/Packages/PicPacKit/Sources/PicPacAI/AIContracts.swift (in target 'PicPacAI' from project 'PicPacKit')
    cd /Users/bavabangaru/Developer/pic-pac-poe-ios-native-parity/ios/PicPacPoe.xcodeproj
    

SwiftDriverJobDiscovery normal arm64 Compiling PresentationDependencies.swift (in target 'PicPacPresentation' from project 'PicPacKit')

SwiftCompile normal x86_64 Compiling\ StochasticMCTSAgent.swift /Users/bavabangaru/Developer/pic-pac-poe-ios-native-parity/ios/Packages/PicPacKit/Sources/PicPacAI/StochasticMCTSAgent.swift (in target 'PicPacAI' from project 'PicPacKit')

SwiftCompile normal x86_64 /Users/bavabangaru/Developer/pic-pac-poe-ios-native-parity/ios/Packages/PicPacKit/Sources/PicPacAI/StochasticMCTSAgent.swift (in target 'PicPacAI' from project 'PicPacKit')
    cd /Users/bavabangaru/Developer/pic-pac-poe-ios-native-parity/ios/PicPacPoe.xcodeproj
    

SwiftDriverJobDiscovery normal arm64 Compiling resource_bundle_accessor.swift (in target 'PicPacAI' from project 'PicPacKit')

SwiftCompile normal x86_64 Compiling\ ReferenceExpectiminimax.swift /Users/bavabangaru/Developer/pic-pac-poe-ios-native-parity/ios/Packages/PicPacKit/Sources/PicPacAI/ReferenceExpectiminimax.swift (in target 'PicPacAI' from project 'PicPacKit')

SwiftCompile normal x86_64 /Users/bavabangaru/Developer/pic-pac-poe-ios-native-parity/ios/Packages/PicPacKit/Sources/PicPacAI/ReferenceExpectiminimax.swift (in target 'PicPacAI' from project 'PicPacKit')
    cd /Users/bavabangaru/Developer/pic-pac-poe-ios-native-parity/ios/PicPacPoe.xcodeproj
    

SwiftDriverJobDiscovery normal arm64 Compiling State.swift (in target 'PicPacCore' from project 'PicPacKit')

SwiftDriver\ Compilation PicPacCore normal arm64 com.apple.xcode.tools.swift.compiler (in target 'PicPacCore' from project 'PicPacKit')
    cd /Users/bavabangaru/Developer/pic-pac-poe-ios-native-parity/ios/PicPacPoe.xcodeproj
    builtin-Swift-Compilation -- /Applications/Xcode.app/Contents/Developer/Toolchains/XcodeDefault.xctoolchain/usr/bin/swiftc -module-name PicPacCore -Onone @/tmp/picpac-phase3-recovery-build-03d44f794ef9-20260925T084220Z/iphonesimulator/Build/Intermediates.noindex/PicPacKit.build/Debug-iphonesimulator/PicPacCore.build/Objects-normal/arm64/PicPacCore.SwiftFileList -DSWIFT_PACKAGE -DDEBUG -DSWIFT_MODULE_RESOURCE_BUNDLE_UNAVAILABLE -DXcode -plugin-path /Applications/Xcode.app/Contents/Developer/Toolchains/XcodeDefault.xctoolchain/usr/lib/swift/host/plugins/testing -enable-experimental-feature DebugDescriptionMacro -sdk /Applications/Xcode.app/Contents/Developer/Platforms/iPhoneSimulator.platform/Developer/SDKs/iPhoneSimulator26.5.sdk -target arm64-apple-ios17.0-simulator -g -module-cache-path /tmp/picpac-phase3-recovery-build-03d44f794ef9-20260925T084220Z/iphonesimulator/ModuleCache.noindex -Xfrontend -serialize-debugging-options -enable-testing -suppress-warnings -index-store-path /tmp/picpac-phase3-recovery-build-03d44f794ef9-20260925T084220Z/iphonesimulator/Index.noindex/DataStore -Xcc -D_LIBCPP_HARDENING_MODE\=_LIBCPP_HARDENING_MODE_DEBUG -swift-version 6 -I /tmp/picpac-phase3-recovery-build-03d44f794ef9-20260925T084220Z/iphonesimulator/Build/Products/Debug-iphonesimulator -Isystem /Applications/Xcode.app/Contents/Developer/Platforms/iPhoneSimulator.platform/Developer/usr/lib -F /tmp/picpac-phase3-recovery-build-03d44f794ef9-20260925T084220Z/iphonesimulator/Build/Products/Debug-iphonesimulator -F /Applications/Xcode.app/Contents/Developer/Platforms/iPhoneSimulator.platform/Developer/Library/Frameworks -F /Applications/Xcode.app/Contents/Developer/Platforms/iPhoneSimulator.platform/Developer/SDKs/iPhoneSimulator26.5.sdk/Developer/Library/Frameworks -c -j12 -enable-batch-mode -incremental -Xcc -ivfsstatcache -Xcc /tmp/picpac-phase3-recovery-build-03d44f794ef9-20260925T084220Z/iphonesimulator/SDKStatCaches.noindex/iphonesimulator26.5-23F81a-6cfe768891a92b912361537c460fe42b.sdkstatcache -output-file-map /tmp/picpac-phase3-recovery-build-03d44f794ef9-20260925T084220Z/iphonesimulator/Build/Intermediates.noindex/PicPacKit.build/Debug-iphonesimulator/PicPacCore.build/Objects-normal/arm64/PicPacCore-OutputFileMap.json -use-frontend-parseable-output -save-temps -no-color-diagnostics -explicit-module-build -module-cache-path /tmp/picpac-phase3-recovery-build-03d44f794ef9-20260925T084220Z/iphonesimulator/Build/Intermediates.noindex/SwiftExplicitPrecompiledModules -clang-scanner-module-cache-path /tmp/picpac-phase3-recovery-build-03d44f794ef9-20260925T084220Z/iphonesimulator/ModuleCache.noindex -sdk-module-cache-path /tmp/picpac-phase3-recovery-build-03d44f794ef9-20260925T084220Z/iphonesimulator/ModuleCache.noindex -serialize-diagnostics -emit-dependencies -emit-module -emit-module-path /tmp/picpac-phase3-recovery-build-03d44f794ef9-20260925T084220Z/iphonesimulator/Build/Intermediates.noindex/PicPacKit.build/Debug-iphonesimulator/PicPacCore.build/Objects-normal/arm64/PicPacCore.swiftmodule -validate-clang-modules-once -clang-build-session-file /tmp/picpac-phase3-recovery-build-03d44f794ef9-20260925T084220Z/iphonesimulator/ModuleCache.noindex/Session.modulevalidation -package-name picpackit -Xcc -I/tmp/picpac-phase3-recovery-build-03d44f794ef9-20260925T084220Z/iphonesimulator/Build/Intermediates.noindex/PicPacKit.build/Debug-iphonesimulator/PicPacCore.build/swift-overrides.hmap -emit-const-values -Xfrontend -const-gather-protocols-file -Xfrontend /tmp/picpac-phase3-recovery-build-03d44f794ef9-20260925T084220Z/iphonesimulator/Build/Intermediates.noindex/PicPacKit.build/Debug-iphonesimulator/PicPacCore.build/Objects-normal/arm64/PicPacCore_const_extract_protocols.json -Xcc -I/tmp/picpac-phase3-recovery-build-03d44f794ef9-20260925T084220Z/iphonesimulator/Build/Products/Debug-iphonesimulator/include -Xcc -I/tmp/picpac-phase3-recovery-build-03d44f794ef9-20260925T084220Z/iphonesimulator/Build/Intermediates.noindex/PicPacKit.build/Debug-iphonesimulator/PicPacCore.build/DerivedSources-normal/arm64 -Xcc -I/tmp/picpac-phase3-recovery-build-03d44f794ef9-20260925T084220Z/iphonesimulator/Build/Intermediates.noindex/PicPacKit.build/Debug-iphonesimulator/PicPacCore.build/DerivedSources/arm64 -Xcc -I/tmp/picpac-phase3-recovery-build-03d44f794ef9-20260925T084220Z/iphonesimulator/Build/Intermediates.noindex/PicPacKit.build/Debug-iphonesimulator/PicPacCore.build/DerivedSources -Xcc -DSWIFT_PACKAGE -Xcc -DDEBUG\=1 -emit-objc-header -emit-objc-header-path /tmp/picpac-phase3-recovery-build-03d44f794ef9-20260925T084220Z/iphonesimulator/Build/Intermediates.noindex/PicPacKit.build/Debug-iphonesimulator/PicPacCore.build/Objects-normal/arm64/PicPacCore-Swift.h -working-directory /Users/bavabangaru/Developer/pic-pac-poe-ios-native-parity/ios/PicPacPoe.xcodeproj -experimental-emit-module-separately -disable-cmo

SwiftDriverJobDiscovery normal x86_64 Compiling PresentationDependencies.swift (in target 'PicPacPresentation' from project 'PicPacKit')

SwiftCompile normal arm64 Compiling\ PositionEvaluator.swift /Users/bavabangaru/Developer/pic-pac-poe-ios-native-parity/ios/Packages/PicPacKit/Sources/PicPacAI/PositionEvaluator.swift (in target 'PicPacAI' from project 'PicPacKit')

SwiftCompile normal arm64 /Users/bavabangaru/Developer/pic-pac-poe-ios-native-parity/ios/Packages/PicPacKit/Sources/PicPacAI/PositionEvaluator.swift (in target 'PicPacAI' from project 'PicPacKit')
    cd /Users/bavabangaru/Developer/pic-pac-poe-ios-native-parity/ios/PicPacPoe.xcodeproj
    

Ld /tmp/picpac-phase3-recovery-build-03d44f794ef9-20260925T084220Z/iphonesimulator/Build/Intermediates.noindex/PicPacKit.build/Debug-iphonesimulator/PicPacCore.build/Objects-normal/arm64/Binary/PicPacCore.o normal arm64 (in target 'PicPacCore' from project 'PicPacKit')
    cd /Users/bavabangaru/Developer/pic-pac-poe-ios-native-parity/ios/Packages/PicPacKit
    /Applications/Xcode.app/Contents/Developer/Toolchains/XcodeDefault.xctoolchain/usr/bin/clang -Xlinker -reproducible -target arm64-apple-ios17.0-simulator -r -isysroot /Applications/Xcode.app/Contents/Developer/Platforms/iPhoneSimulator.platform/Developer/SDKs/iPhoneSimulator26.5.sdk -O0 -w -F/tmp/picpac-phase3-recovery-build-03d44f794ef9-20260925T084220Z/iphonesimulator/Build/Intermediates.noindex/EagerLinkingTBDs/Debug-iphonesimulator -F/tmp/picpac-phase3-recovery-build-03d44f794ef9-20260925T084220Z/iphonesimulator/Build/Products/Debug-iphonesimulator -iframework /Applications/Xcode.app/Contents/Developer/Platforms/iPhoneSimulator.platform/Developer/Library/Frameworks -iframework /Applications/Xcode.app/Contents/Developer/Platforms/iPhoneSimulator.platform/Developer/SDKs/iPhoneSimulator26.5.sdk/Developer/Library/Frameworks -filelist /tmp/picpac-phase3-recovery-build-03d44f794ef9-20260925T084220Z/iphonesimulator/Build/Intermediates.noindex/PicPacKit.build/Debug-iphonesimulator/PicPacCore.build/Objects-normal/arm64/PicPacCore.LinkFileList -nostdlib -Xlinker -object_path_lto -Xlinker /tmp/picpac-phase3-recovery-build-03d44f794ef9-20260925T084220Z/iphonesimulator/Build/Intermediates.noindex/PicPacKit.build/Debug-iphonesimulator/PicPacCore.build/Objects-normal/arm64/PicPacCore_lto.o -Xlinker -no_deduplicate -Xlinker -objc_abi_version -Xlinker 2 -Xlinker -dependency_info -Xlinker /tmp/picpac-phase3-recovery-build-03d44f794ef9-20260925T084220Z/iphonesimulator/Build/Intermediates.noindex/PicPacKit.build/Debug-iphonesimulator/PicPacCore.build/Objects-normal/arm64/PicPacCore_dependency_info.dat -fobjc-link-runtime -L/Applications/Xcode.app/Contents/Developer/Toolchains/XcodeDefault.xctoolchain/usr/lib/swift/iphonesimulator -L/usr/lib/swift -Xlinker -add_ast_path -Xlinker /tmp/picpac-phase3-recovery-build-03d44f794ef9-20260925T084220Z/iphonesimulator/Build/Intermediates.noindex/PicPacKit.build/Debug-iphonesimulator/PicPacCore.build/Objects-normal/arm64/PicPacCore.swiftmodule @/tmp/picpac-phase3-recovery-build-03d44f794ef9-20260925T084220Z/iphonesimulator/Build/Intermediates.noindex/PicPacKit.build/Debug-iphonesimulator/PicPacCore.build/Objects-normal/arm64/PicPacCore-linker-args.resp -o /tmp/picpac-phase3-recovery-build-03d44f794ef9-20260925T084220Z/iphonesimulator/Build/Intermediates.noindex/PicPacKit.build/Debug-iphonesimulator/PicPacCore.build/Objects-normal/arm64/Binary/PicPacCore.o

SwiftDriverJobDiscovery normal arm64 Compiling ProductionAIEngine.swift (in target 'PicPacAI' from project 'PicPacKit')

SwiftCompile normal arm64 Compiling\ StochasticMCTSAgent.swift /Users/bavabangaru/Developer/pic-pac-poe-ios-native-parity/ios/Packages/PicPacKit/Sources/PicPacAI/StochasticMCTSAgent.swift (in target 'PicPacAI' from project 'PicPacKit')

SwiftCompile normal arm64 /Users/bavabangaru/Developer/pic-pac-poe-ios-native-parity/ios/Packages/PicPacKit/Sources/PicPacAI/StochasticMCTSAgent.swift (in target 'PicPacAI' from project 'PicPacKit')
    cd /Users/bavabangaru/Developer/pic-pac-poe-ios-native-parity/ios/PicPacPoe.xcodeproj
    

SwiftDriverJobDiscovery normal x86_64 Compiling RandomSources.swift (in target 'PicPacAI' from project 'PicPacKit')

SwiftCompile normal arm64 Compiling\ TabularPolicy.swift /Users/bavabangaru/Developer/pic-pac-poe-ios-native-parity/ios/Packages/PicPacKit/Sources/PicPacAI/TabularPolicy.swift (in target 'PicPacAI' from project 'PicPacKit')
SwiftCompile normal arm64 /Users/bavabangaru/Developer/pic-pac-poe-ios-native-parity/ios/Packages/PicPacKit/Sources/PicPacAI/TabularPolicy.swift (in target 'PicPacAI' from project 'PicPacKit')
    cd /Users/bavabangaru/Developer/pic-pac-poe-ios-native-parity/ios/PicPacPoe.xcodeproj
    

SwiftDriverJobDiscovery normal arm64 Compiling ReferenceExpectiminimax.swift (in target 'PicPacAI' from project 'PicPacKit')

SwiftCompile normal x86_64 Compiling\ SearchModel.swift /Users/bavabangaru/Developer/pic-pac-poe-ios-native-parity/ios/Packages/PicPacKit/Sources/PicPacAI/SearchModel.swift (in target 'PicPacAI' from project 'PicPacKit')

SwiftCompile normal x86_64 /Users/bavabangaru/Developer/pic-pac-poe-ios-native-parity/ios/Packages/PicPacKit/Sources/PicPacAI/SearchModel.swift (in target 'PicPacAI' from project 'PicPacKit')
    cd /Users/bavabangaru/Developer/pic-pac-poe-ios-native-parity/ios/PicPacPoe.xcodeproj
    

SwiftCompile normal x86_64 Compiling\ FastAgents.swift /Users/bavabangaru/Developer/pic-pac-poe-ios-native-parity/ios/Packages/PicPacKit/Sources/PicPacAI/FastAgents.swift (in target 'PicPacAI' from project 'PicPacKit')

SwiftCompile normal x86_64 /Users/bavabangaru/Developer/pic-pac-poe-ios-native-parity/ios/Packages/PicPacKit/Sources/PicPacAI/FastAgents.swift (in target 'PicPacAI' from project 'PicPacKit')
    cd /Users/bavabangaru/Developer/pic-pac-poe-ios-native-parity/ios/PicPacPoe.xcodeproj
    

SwiftDriverJobDiscovery normal arm64 Compiling AIContracts.swift (in target 'PicPacAI' from project 'PicPacKit')

SwiftCompile normal arm64 Compiling\ RandomSources.swift /Users/bavabangaru/Developer/pic-pac-poe-ios-native-parity/ios/Packages/PicPacKit/Sources/PicPacAI/RandomSources.swift (in target 'PicPacAI' from project 'PicPacKit')

SwiftCompile normal arm64 /Users/bavabangaru/Developer/pic-pac-poe-ios-native-parity/ios/Packages/PicPacKit/Sources/PicPacAI/RandomSources.swift (in target 'PicPacAI' from project 'PicPacKit')
    cd /Users/bavabangaru/Developer/pic-pac-poe-ios-native-parity/ios/PicPacPoe.xcodeproj
    

SwiftDriverJobDiscovery normal x86_64 Compiling State.swift (in target 'PicPacCore' from project 'PicPacKit')

SwiftDriver\ Compilation PicPacCore normal x86_64 com.apple.xcode.tools.swift.compiler (in target 'PicPacCore' from project 'PicPacKit')
    cd /Users/bavabangaru/Developer/pic-pac-poe-ios-native-parity/ios/PicPacPoe.xcodeproj
    builtin-Swift-Compilation -- /Applications/Xcode.app/Contents/Developer/Toolchains/XcodeDefault.xctoolchain/usr/bin/swiftc -module-name PicPacCore -Onone @/tmp/picpac-phase3-recovery-build-03d44f794ef9-20260925T084220Z/iphonesimulator/Build/Intermediates.noindex/PicPacKit.build/Debug-iphonesimulator/PicPacCore.build/Objects-normal/x86_64/PicPacCore.SwiftFileList -DSWIFT_PACKAGE -DDEBUG -DSWIFT_MODULE_RESOURCE_BUNDLE_UNAVAILABLE -DXcode -plugin-path /Applications/Xcode.app/Contents/Developer/Toolchains/XcodeDefault.xctoolchain/usr/lib/swift/host/plugins/testing -enable-experimental-feature DebugDescriptionMacro -sdk /Applications/Xcode.app/Contents/Developer/Platforms/iPhoneSimulator.platform/Developer/SDKs/iPhoneSimulator26.5.sdk -target x86_64-apple-ios17.0-simulator -g -module-cache-path /tmp/picpac-phase3-recovery-build-03d44f794ef9-20260925T084220Z/iphonesimulator/ModuleCache.noindex -Xfrontend -serialize-debugging-options -enable-testing -suppress-warnings -index-store-path /tmp/picpac-phase3-recovery-build-03d44f794ef9-20260925T084220Z/iphonesimulator/Index.noindex/DataStore -Xcc -D_LIBCPP_HARDENING_MODE\=_LIBCPP_HARDENING_MODE_DEBUG -swift-version 6 -I /tmp/picpac-phase3-recovery-build-03d44f794ef9-20260925T084220Z/iphonesimulator/Build/Products/Debug-iphonesimulator -Isystem /Applications/Xcode.app/Contents/Developer/Platforms/iPhoneSimulator.platform/Developer/usr/lib -F /tmp/picpac-phase3-recovery-build-03d44f794ef9-20260925T084220Z/iphonesimulator/Build/Products/Debug-iphonesimulator -F /Applications/Xcode.app/Contents/Developer/Platforms/iPhoneSimulator.platform/Developer/Library/Frameworks -F /Applications/Xcode.app/Contents/Developer/Platforms/iPhoneSimulator.platform/Developer/SDKs/iPhoneSimulator26.5.sdk/Developer/Library/Frameworks -c -j12 -enable-batch-mode -incremental -Xcc -ivfsstatcache -Xcc /tmp/picpac-phase3-recovery-build-03d44f794ef9-20260925T084220Z/iphonesimulator/SDKStatCaches.noindex/iphonesimulator26.5-23F81a-6cfe768891a92b912361537c460fe42b.sdkstatcache -output-file-map /tmp/picpac-phase3-recovery-build-03d44f794ef9-20260925T084220Z/iphonesimulator/Build/Intermediates.noindex/PicPacKit.build/Debug-iphonesimulator/PicPacCore.build/Objects-normal/x86_64/PicPacCore-OutputFileMap.json -use-frontend-parseable-output -save-temps -no-color-diagnostics -explicit-module-build -module-cache-path /tmp/picpac-phase3-recovery-build-03d44f794ef9-20260925T084220Z/iphonesimulator/Build/Intermediates.noindex/SwiftExplicitPrecompiledModules -clang-scanner-module-cache-path /tmp/picpac-phase3-recovery-build-03d44f794ef9-20260925T084220Z/iphonesimulator/ModuleCache.noindex -sdk-module-cache-path /tmp/picpac-phase3-recovery-build-03d44f794ef9-20260925T084220Z/iphonesimulator/ModuleCache.noindex -serialize-diagnostics -emit-dependencies -emit-module -emit-module-path /tmp/picpac-phase3-recovery-build-03d44f794ef9-20260925T084220Z/iphonesimulator/Build/Intermediates.noindex/PicPacKit.build/Debug-iphonesimulator/PicPacCore.build/Objects-normal/x86_64/PicPacCore.swiftmodule -validate-clang-modules-once -clang-build-session-file /tmp/picpac-phase3-recovery-build-03d44f794ef9-20260925T084220Z/iphonesimulator/ModuleCache.noindex/Session.modulevalidation -package-name picpackit -Xcc -I/tmp/picpac-phase3-recovery-build-03d44f794ef9-20260925T084220Z/iphonesimulator/Build/Intermediates.noindex/PicPacKit.build/Debug-iphonesimulator/PicPacCore.build/swift-overrides.hmap -emit-const-values -Xfrontend -const-gather-protocols-file -Xfrontend /tmp/picpac-phase3-recovery-build-03d44f794ef9-20260925T084220Z/iphonesimulator/Build/Intermediates.noindex/PicPacKit.build/Debug-iphonesimulator/PicPacCore.build/Objects-normal/x86_64/PicPacCore_const_extract_protocols.json -Xcc -I/tmp/picpac-phase3-recovery-build-03d44f794ef9-20260925T084220Z/iphonesimulator/Build/Products/Debug-iphonesimulator/include -Xcc -I/tmp/picpac-phase3-recovery-build-03d44f794ef9-20260925T084220Z/iphonesimulator/Build/Intermediates.noindex/PicPacKit.build/Debug-iphonesimulator/PicPacCore.build/DerivedSources-normal/x86_64 -Xcc -I/tmp/picpac-phase3-recovery-build-03d44f794ef9-20260925T084220Z/iphonesimulator/Build/Intermediates.noindex/PicPacKit.build/Debug-iphonesimulator/PicPacCore.build/DerivedSources/x86_64 -Xcc -I/tmp/picpac-phase3-recovery-build-03d44f794ef9-20260925T084220Z/iphonesimulator/Build/Intermediates.noindex/PicPacKit.build/Debug-iphonesimulator/PicPacCore.build/DerivedSources -Xcc -DSWIFT_PACKAGE -Xcc -DDEBUG\=1 -emit-objc-header -emit-objc-header-path /tmp/picpac-phase3-recovery-build-03d44f794ef9-20260925T084220Z/iphonesimulator/Build/Intermediates.noindex/PicPacKit.build/Debug-iphonesimulator/PicPacCore.build/Objects-normal/x86_64/PicPacCore-Swift.h -working-directory /Users/bavabangaru/Developer/pic-pac-poe-ios-native-parity/ios/PicPacPoe.xcodeproj -experimental-emit-module-separately -disable-cmo

SwiftDriverJobDiscovery normal x86_64 Compiling ReferenceExpectiminimax.swift (in target 'PicPacAI' from project 'PicPacKit')

SwiftCompile normal arm64 Compiling\ ExpectiminimaxAgent.swift /Users/bavabangaru/Developer/pic-pac-poe-ios-native-parity/ios/Packages/PicPacKit/Sources/PicPacAI/ExpectiminimaxAgent.swift (in target 'PicPacAI' from project 'PicPacKit')

SwiftCompile normal arm64 /Users/bavabangaru/Developer/pic-pac-poe-ios-native-parity/ios/Packages/PicPacKit/Sources/PicPacAI/ExpectiminimaxAgent.swift (in target 'PicPacAI' from project 'PicPacKit')
    cd /Users/bavabangaru/Developer/pic-pac-poe-ios-native-parity/ios/PicPacPoe.xcodeproj
    

Ld /tmp/picpac-phase3-recovery-build-03d44f794ef9-20260925T084220Z/iphonesimulator/Build/Intermediates.noindex/PicPacKit.build/Debug-iphonesimulator/PicPacCore.build/Objects-normal/x86_64/Binary/PicPacCore.o normal x86_64 (in target 'PicPacCore' from project 'PicPacKit')
    cd /Users/bavabangaru/Developer/pic-pac-poe-ios-native-parity/ios/Packages/PicPacKit
    /Applications/Xcode.app/Contents/Developer/Toolchains/XcodeDefault.xctoolchain/usr/bin/clang -Xlinker -reproducible -target x86_64-apple-ios17.0-simulator -r -isysroot /Applications/Xcode.app/Contents/Developer/Platforms/iPhoneSimulator.platform/Developer/SDKs/iPhoneSimulator26.5.sdk -O0 -w -F/tmp/picpac-phase3-recovery-build-03d44f794ef9-20260925T084220Z/iphonesimulator/Build/Intermediates.noindex/EagerLinkingTBDs/Debug-iphonesimulator -F/tmp/picpac-phase3-recovery-build-03d44f794ef9-20260925T084220Z/iphonesimulator/Build/Products/Debug-iphonesimulator -iframework /Applications/Xcode.app/Contents/Developer/Platforms/iPhoneSimulator.platform/Developer/Library/Frameworks -iframework /Applications/Xcode.app/Contents/Developer/Platforms/iPhoneSimulator.platform/Developer/SDKs/iPhoneSimulator26.5.sdk/Developer/Library/Frameworks -filelist /tmp/picpac-phase3-recovery-build-03d44f794ef9-20260925T084220Z/iphonesimulator/Build/Intermediates.noindex/PicPacKit.build/Debug-iphonesimulator/PicPacCore.build/Objects-normal/x86_64/PicPacCore.LinkFileList -nostdlib -Xlinker -object_path_lto -Xlinker /tmp/picpac-phase3-recovery-build-03d44f794ef9-20260925T084220Z/iphonesimulator/Build/Intermediates.noindex/PicPacKit.build/Debug-iphonesimulator/PicPacCore.build/Objects-normal/x86_64/PicPacCore_lto.o -Xlinker -no_deduplicate -Xlinker -objc_abi_version -Xlinker 2 -Xlinker -dependency_info -Xlinker /tmp/picpac-phase3-recovery-build-03d44f794ef9-20260925T084220Z/iphonesimulator/Build/Intermediates.noindex/PicPacKit.build/Debug-iphonesimulator/PicPacCore.build/Objects-normal/x86_64/PicPacCore_dependency_info.dat -fobjc-link-runtime -L/Applications/Xcode.app/Contents/Developer/Toolchains/XcodeDefault.xctoolchain/usr/lib/swift/iphonesimulator -L/usr/lib/swift -Xlinker -add_ast_path -Xlinker /tmp/picpac-phase3-recovery-build-03d44f794ef9-20260925T084220Z/iphonesimulator/Build/Intermediates.noindex/PicPacKit.build/Debug-iphonesimulator/PicPacCore.build/Objects-normal/x86_64/PicPacCore.swiftmodule @/tmp/picpac-phase3-recovery-build-03d44f794ef9-20260925T084220Z/iphonesimulator/Build/Intermediates.noindex/PicPacKit.build/Debug-iphonesimulator/PicPacCore.build/Objects-normal/x86_64/PicPacCore-linker-args.resp -o /tmp/picpac-phase3-recovery-build-03d44f794ef9-20260925T084220Z/iphonesimulator/Build/Intermediates.noindex/PicPacKit.build/Debug-iphonesimulator/PicPacCore.build/Objects-normal/x86_64/Binary/PicPacCore.o

SwiftDriverJobDiscovery normal arm64 Compiling PositionEvaluator.swift (in target 'PicPacAI' from project 'PicPacKit')

SwiftCompile normal arm64 Compiling\ FastAgents.swift /Users/bavabangaru/Developer/pic-pac-poe-ios-native-parity/ios/Packages/PicPacKit/Sources/PicPacAI/FastAgents.swift (in target 'PicPacAI' from project 'PicPacKit')

SwiftCompile normal arm64 /Users/bavabangaru/Developer/pic-pac-poe-ios-native-parity/ios/Packages/PicPacKit/Sources/PicPacAI/FastAgents.swift (in target 'PicPacAI' from project 'PicPacKit')
    cd /Users/bavabangaru/Developer/pic-pac-poe-ios-native-parity/ios/PicPacPoe.xcodeproj
    

SwiftDriverJobDiscovery normal x86_64 Compiling SearchModel.swift (in target 'PicPacAI' from project 'PicPacKit')

SwiftCompile normal x86_64 Compiling\ ExpectiminimaxAgent.swift /Users/bavabangaru/Developer/pic-pac-poe-ios-native-parity/ios/Packages/PicPacKit/Sources/PicPacAI/ExpectiminimaxAgent.swift (in target 'PicPacAI' from project 'PicPacKit')

SwiftCompile normal x86_64 /Users/bavabangaru/Developer/pic-pac-poe-ios-native-parity/ios/Packages/PicPacKit/Sources/PicPacAI/ExpectiminimaxAgent.swift (in target 'PicPacAI' from project 'PicPacKit')
    cd /Users/bavabangaru/Developer/pic-pac-poe-ios-native-parity/ios/PicPacPoe.xcodeproj
    

CreateUniversalBinary /tmp/picpac-phase3-recovery-build-03d44f794ef9-20260925T084220Z/iphonesimulator/Build/Products/Debug-iphonesimulator/PicPacCore.o normal arm64\ x86_64 (in target 'PicPacCore' from project 'PicPacKit')
    cd /Users/bavabangaru/Developer/pic-pac-poe-ios-native-parity/ios/Packages/PicPacKit
    /Applications/Xcode.app/Contents/Developer/Toolchains/XcodeDefault.xctoolchain/usr/bin/lipo -create /tmp/picpac-phase3-recovery-build-03d44f794ef9-20260925T084220Z/iphonesimulator/Build/Intermediates.noindex/PicPacKit.build/Debug-iphonesimulator/PicPacCore.build/Objects-normal/arm64/Binary/PicPacCore.o /tmp/picpac-phase3-recovery-build-03d44f794ef9-20260925T084220Z/iphonesimulator/Build/Intermediates.noindex/PicPacKit.build/Debug-iphonesimulator/PicPacCore.build/Objects-normal/x86_64/Binary/PicPacCore.o -output /tmp/picpac-phase3-recovery-build-03d44f794ef9-20260925T084220Z/iphonesimulator/Build/Products/Debug-iphonesimulator/PicPacCore.o

SwiftDriverJobDiscovery normal x86_64 Compiling FastAgents.swift (in target 'PicPacAI' from project 'PicPacKit')

SwiftCompile normal x86_64 Compiling\ AIContracts.swift /Users/bavabangaru/Developer/pic-pac-poe-ios-native-parity/ios/Packages/PicPacKit/Sources/PicPacAI/AIContracts.swift (in target 'PicPacAI' from project 'PicPacKit')

SwiftCompile normal x86_64 /Users/bavabangaru/Developer/pic-pac-poe-ios-native-parity/ios/Packages/PicPacKit/Sources/PicPacAI/AIContracts.swift (in target 'PicPacAI' from project 'PicPacKit')
    cd /Users/bavabangaru/Developer/pic-pac-poe-ios-native-parity/ios/PicPacPoe.xcodeproj
    

SwiftDriverJobDiscovery normal x86_64 Compiling StochasticMCTSAgent.swift (in target 'PicPacAI' from project 'PicPacKit')

SwiftCompile normal x86_64 Compiling\ PositionEvaluator.swift /Users/bavabangaru/Developer/pic-pac-poe-ios-native-parity/ios/Packages/PicPacKit/Sources/PicPacAI/PositionEvaluator.swift (in target 'PicPacAI' from project 'PicPacKit')

SwiftCompile normal x86_64 /Users/bavabangaru/Developer/pic-pac-poe-ios-native-parity/ios/Packages/PicPacKit/Sources/PicPacAI/PositionEvaluator.swift (in target 'PicPacAI' from project 'PicPacKit')
    cd /Users/bavabangaru/Developer/pic-pac-poe-ios-native-parity/ios/PicPacPoe.xcodeproj
    

SwiftCompile normal x86_64 Compiling\ ProductionAIEngine.swift /Users/bavabangaru/Developer/pic-pac-poe-ios-native-parity/ios/Packages/PicPacKit/Sources/PicPacAI/ProductionAIEngine.swift (in target 'PicPacAI' from project 'PicPacKit')

SwiftCompile normal x86_64 /Users/bavabangaru/Developer/pic-pac-poe-ios-native-parity/ios/Packages/PicPacKit/Sources/PicPacAI/ProductionAIEngine.swift (in target 'PicPacAI' from project 'PicPacKit')
    cd /Users/bavabangaru/Developer/pic-pac-poe-ios-native-parity/ios/PicPacPoe.xcodeproj
    

SwiftDriverJobDiscovery normal x86_64 Compiling GameCoordinator.swift (in target 'PicPacPresentation' from project 'PicPacKit')

SwiftCompile normal x86_64 Compiling\ resource_bundle_accessor.swift /tmp/picpac-phase3-recovery-build-03d44f794ef9-20260925T084220Z/iphonesimulator/Build/Intermediates.noindex/PicPacKit.build/Debug-iphonesimulator/PicPacAI.build/DerivedSources/resource_bundle_accessor.swift (in target 'PicPacAI' from project 'PicPacKit')

SwiftCompile normal x86_64 /tmp/picpac-phase3-recovery-build-03d44f794ef9-20260925T084220Z/iphonesimulator/Build/Intermediates.noindex/PicPacKit.build/Debug-iphonesimulator/PicPacAI.build/DerivedSources/resource_bundle_accessor.swift (in target 'PicPacAI' from project 'PicPacKit')
    cd /Users/bavabangaru/Developer/pic-pac-poe-ios-native-parity/ios/PicPacPoe.xcodeproj
    

SwiftDriverJobDiscovery normal x86_64 Compiling PresentationModels.swift (in target 'PicPacPresentation' from project 'PicPacKit')

SwiftDriver\ Compilation PicPacPresentation normal x86_64 com.apple.xcode.tools.swift.compiler (in target 'PicPacPresentation' from project 'PicPacKit')
    cd /Users/bavabangaru/Developer/pic-pac-poe-ios-native-parity/ios/PicPacPoe.xcodeproj
    builtin-Swift-Compilation -- /Applications/Xcode.app/Contents/Developer/Toolchains/XcodeDefault.xctoolchain/usr/bin/swiftc -module-name PicPacPresentation -Onone @/tmp/picpac-phase3-recovery-build-03d44f794ef9-20260925T084220Z/iphonesimulator/Build/Intermediates.noindex/PicPacKit.build/Debug-iphonesimulator/PicPacPresentation.build/Objects-normal/x86_64/PicPacPresentation.SwiftFileList -DSWIFT_PACKAGE -DDEBUG -DSWIFT_MODULE_RESOURCE_BUNDLE_UNAVAILABLE -DXcode -plugin-path /Applications/Xcode.app/Contents/Developer/Toolchains/XcodeDefault.xctoolchain/usr/lib/swift/host/plugins/testing -enable-experimental-feature DebugDescriptionMacro -sdk /Applications/Xcode.app/Contents/Developer/Platforms/iPhoneSimulator.platform/Developer/SDKs/iPhoneSimulator26.5.sdk -target x86_64-apple-ios17.0-simulator -g -module-cache-path /tmp/picpac-phase3-recovery-build-03d44f794ef9-20260925T084220Z/iphonesimulator/ModuleCache.noindex -Xfrontend -serialize-debugging-options -enable-testing -suppress-warnings -index-store-path /tmp/picpac-phase3-recovery-build-03d44f794ef9-20260925T084220Z/iphonesimulator/Index.noindex/DataStore -Xcc -D_LIBCPP_HARDENING_MODE\=_LIBCPP_HARDENING_MODE_DEBUG -swift-version 6 -I /tmp/picpac-phase3-recovery-build-03d44f794ef9-20260925T084220Z/iphonesimulator/Build/Products/Debug-iphonesimulator -Isystem /Applications/Xcode.app/Contents/Developer/Platforms/iPhoneSimulator.platform/Developer/usr/lib -F /tmp/picpac-phase3-recovery-build-03d44f794ef9-20260925T084220Z/iphonesimulator/Build/Products/Debug-iphonesimulator/PackageFrameworks -F /tmp/picpac-phase3-recovery-build-03d44f794ef9-20260925T084220Z/iphonesimulator/Build/Products/Debug-iphonesimulator -F /Applications/Xcode.app/Contents/Developer/Platforms/iPhoneSimulator.platform/Developer/Library/Frameworks -F /Applications/Xcode.app/Contents/Developer/Platforms/iPhoneSimulator.platform/Developer/SDKs/iPhoneSimulator26.5.sdk/Developer/Library/Frameworks -c -j12 -enable-batch-mode -incremental -Xcc -ivfsstatcache -Xcc /tmp/picpac-phase3-recovery-build-03d44f794ef9-20260925T084220Z/iphonesimulator/SDKStatCaches.noindex/iphonesimulator26.5-23F81a-6cfe768891a92b912361537c460fe42b.sdkstatcache -output-file-map /tmp/picpac-phase3-recovery-build-03d44f794ef9-20260925T084220Z/iphonesimulator/Build/Intermediates.noindex/PicPacKit.build/Debug-iphonesimulator/PicPacPresentation.build/Objects-normal/x86_64/PicPacPresentation-OutputFileMap.json -use-frontend-parseable-output -save-temps -no-color-diagnostics -explicit-module-build -module-cache-path /tmp/picpac-phase3-recovery-build-03d44f794ef9-20260925T084220Z/iphonesimulator/Build/Intermediates.noindex/SwiftExplicitPrecompiledModules -clang-scanner-module-cache-path /tmp/picpac-phase3-recovery-build-03d44f794ef9-20260925T084220Z/iphonesimulator/ModuleCache.noindex -sdk-module-cache-path /tmp/picpac-phase3-recovery-build-03d44f794ef9-20260925T084220Z/iphonesimulator/ModuleCache.noindex -serialize-diagnostics -emit-dependencies -emit-module -emit-module-path /tmp/picpac-phase3-recovery-build-03d44f794ef9-20260925T084220Z/iphonesimulator/Build/Intermediates.noindex/PicPacKit.build/Debug-iphonesimulator/PicPacPresentation.build/Objects-normal/x86_64/PicPacPresentation.swiftmodule -validate-clang-modules-once -clang-build-session-file /tmp/picpac-phase3-recovery-build-03d44f794ef9-20260925T084220Z/iphonesimulator/ModuleCache.noindex/Session.modulevalidation -package-name picpackit -Xcc -I/tmp/picpac-phase3-recovery-build-03d44f794ef9-20260925T084220Z/iphonesimulator/Build/Intermediates.noindex/PicPacKit.build/Debug-iphonesimulator/PicPacPresentation.build/swift-overrides.hmap -emit-const-values -Xfrontend -const-gather-protocols-file -Xfrontend /tmp/picpac-phase3-recovery-build-03d44f794ef9-20260925T084220Z/iphonesimulator/Build/Intermediates.noindex/PicPacKit.build/Debug-iphonesimulator/PicPacPresentation.build/Objects-normal/x86_64/PicPacPresentation_const_extract_protocols.json -Xcc -I/tmp/picpac-phase3-recovery-build-03d44f794ef9-20260925T084220Z/iphonesimulator/Build/Products/Debug-iphonesimulator/include -Xcc -I/tmp/picpac-phase3-recovery-build-03d44f794ef9-20260925T084220Z/iphonesimulator/Build/Intermediates.noindex/PicPacKit.build/Debug-iphonesimulator/PicPacPresentation.build/DerivedSources-normal/x86_64 -Xcc -I/tmp/picpac-phase3-recovery-build-03d44f794ef9-20260925T084220Z/iphonesimulator/Build/Intermediates.noindex/PicPacKit.build/Debug-iphonesimulator/PicPacPresentation.build/DerivedSources/x86_64 -Xcc -I/tmp/picpac-phase3-recovery-build-03d44f794ef9-20260925T084220Z/iphonesimulator/Build/Intermediates.noindex/PicPacKit.build/Debug-iphonesimulator/PicPacPresentation.build/DerivedSources -Xcc -DSWIFT_PACKAGE -Xcc -DDEBUG\=1 -emit-objc-header -emit-objc-header-path /tmp/picpac-phase3-recovery-build-03d44f794ef9-20260925T084220Z/iphonesimulator/Build/Intermediates.noindex/PicPacKit.build/Debug-iphonesimulator/PicPacPresentation.build/Objects-normal/x86_64/PicPacPresentation-Swift.h -working-directory /Users/bavabangaru/Developer/pic-pac-poe-ios-native-parity/ios/PicPacPoe.xcodeproj -experimental-emit-module-separately -disable-cmo

SwiftCompile normal arm64 Compiling\ SearchModel.swift /Users/bavabangaru/Developer/pic-pac-poe-ios-native-parity/ios/Packages/PicPacKit/Sources/PicPacAI/SearchModel.swift (in target 'PicPacAI' from project 'PicPacKit')

SwiftCompile normal arm64 /Users/bavabangaru/Developer/pic-pac-poe-ios-native-parity/ios/Packages/PicPacKit/Sources/PicPacAI/SearchModel.swift (in target 'PicPacAI' from project 'PicPacKit')
    cd /Users/bavabangaru/Developer/pic-pac-poe-ios-native-parity/ios/PicPacPoe.xcodeproj
    

SwiftDriverJobDiscovery normal arm64 Compiling RandomSources.swift (in target 'PicPacAI' from project 'PicPacKit')

SwiftDriverJobDiscovery normal arm64 Compiling StochasticMCTSAgent.swift (in target 'PicPacAI' from project 'PicPacKit')

ExtractAppIntentsMetadata (in target 'PicPacCore' from project 'PicPacKit')
    cd /Users/bavabangaru/Developer/pic-pac-poe-ios-native-parity/ios/Packages/PicPacKit
    /Applications/Xcode.app/Contents/Developer/Toolchains/XcodeDefault.xctoolchain/usr/bin/appintentsmetadataprocessor --toolchain-dir /Applications/Xcode.app/Contents/Developer/Toolchains/XcodeDefault.xctoolchain --module-name PicPacCore --sdk-root /Applications/Xcode.app/Contents/Developer/Platforms/iPhoneSimulator.platform/Developer/SDKs/iPhoneSimulator26.5.sdk --xcode-version 17F113 --platform-family iOS --deployment-target 17.0 --bundle-identifier picpackit.PicPacCore --output /tmp/picpac-phase3-recovery-build-03d44f794ef9-20260925T084220Z/iphonesimulator/Build/Products/Debug-iphonesimulator/PicPacCore.appintents --target-triple arm64-apple-ios17.0-simulator --target-triple x86_64-apple-ios17.0-simulator --binary-file /tmp/picpac-phase3-recovery-build-03d44f794ef9-20260925T084220Z/iphonesimulator/Build/Products/Debug-iphonesimulator/PicPacCore.o --dependency-file /tmp/picpac-phase3-recovery-build-03d44f794ef9-20260925T084220Z/iphonesimulator/Build/Intermediates.noindex/PicPacKit.build/Debug-iphonesimulator/PicPacCore.build/Objects-normal/arm64/PicPacCore_dependency_info.dat --dependency-file /tmp/picpac-phase3-recovery-build-03d44f794ef9-20260925T084220Z/iphonesimulator/Build/Intermediates.noindex/PicPacKit.build/Debug-iphonesimulator/PicPacCore.build/Objects-normal/x86_64/PicPacCore_dependency_info.dat --stringsdata-file /tmp/picpac-phase3-recovery-build-03d44f794ef9-20260925T084220Z/iphonesimulator/Build/Intermediates.noindex/PicPacKit.build/Debug-iphonesimulator/PicPacCore.build/Objects-normal/arm64/ExtractedAppShortcutsMetadata.stringsdata --stringsdata-file /tmp/picpac-phase3-recovery-build-03d44f794ef9-20260925T084220Z/iphonesimulator/Build/Intermediates.noindex/PicPacKit.build/Debug-iphonesimulator/PicPacCore.build/Objects-normal/x86_64/ExtractedAppShortcutsMetadata.stringsdata --source-file-list /tmp/picpac-phase3-recovery-build-03d44f794ef9-20260925T084220Z/iphonesimulator/Build/Intermediates.noindex/PicPacKit.build/Debug-iphonesimulator/PicPacCore.build/Objects-normal/arm64/PicPacCore.SwiftFileList --source-file-list /tmp/picpac-phase3-recovery-build-03d44f794ef9-20260925T084220Z/iphonesimulator/Build/Intermediates.noindex/PicPacKit.build/Debug-iphonesimulator/PicPacCore.build/Objects-normal/x86_64/PicPacCore.SwiftFileList --metadata-file-list /tmp/picpac-phase3-recovery-build-03d44f794ef9-20260925T084220Z/iphonesimulator/Build/Intermediates.noindex/PicPacKit.build/Debug-iphonesimulator/PicPacCore.build/PicPacCore.DependencyMetadataFileList --static-metadata-file-list /tmp/picpac-phase3-recovery-build-03d44f794ef9-20260925T084220Z/iphonesimulator/Build/Intermediates.noindex/PicPacKit.build/Debug-iphonesimulator/PicPacCore.build/PicPacCore.DependencyStaticMetadataFileList --swift-const-vals-list /tmp/picpac-phase3-recovery-build-03d44f794ef9-20260925T084220Z/iphonesimulator/Build/Intermediates.noindex/PicPacKit.build/Debug-iphonesimulator/PicPacCore.build/Objects-normal/arm64/PicPacCore.SwiftConstValuesFileList --swift-const-vals-list /tmp/picpac-phase3-recovery-build-03d44f794ef9-20260925T084220Z/iphonesimulator/Build/Intermediates.noindex/PicPacKit.build/Debug-iphonesimulator/PicPacCore.build/Objects-normal/x86_64/PicPacCore.SwiftConstValuesFileList --force --compile-time-extraction --deployment-aware-processing --validate-assistant-intents --no-app-shortcuts-localization
2026-09-25 04:42:28.604 appintentsmetadataprocessor[83011:115715167] Starting appintentsmetadataprocessor export
2026-09-25 04:42:28.628 appintentsmetadataprocessor[83011:115715167] Extracted no relevant App Intents symbols, skipping writing output

SwiftDriverJobDiscovery normal arm64 Compiling FastAgents.swift (in target 'PicPacAI' from project 'PicPacKit')

MkDir /tmp/picpac-phase3-recovery-build-03d44f794ef9-20260925T084220Z/iphonesimulator/Build/Intermediates.noindex/PicPacPoe.build/Debug-iphonesimulator/PicPacPoe.build/assetcatalog_output/unthinned (in target 'PicPacPoe' from project 'PicPacPoe')
    cd /Users/bavabangaru/Developer/pic-pac-poe-ios-native-parity/ios
    /bin/mkdir -p /tmp/picpac-phase3-recovery-build-03d44f794ef9-20260925T084220Z/iphonesimulator/Build/Intermediates.noindex/PicPacPoe.build/Debug-iphonesimulator/PicPacPoe.build/assetcatalog_output/unthinned

MkDir /tmp/picpac-phase3-recovery-build-03d44f794ef9-20260925T084220Z/iphonesimulator/Build/Intermediates.noindex/PicPacPoe.build/Debug-iphonesimulator/PicPacPoe.build/assetcatalog_output/thinned (in target 'PicPacPoe' from project 'PicPacPoe')
    cd /Users/bavabangaru/Developer/pic-pac-poe-ios-native-parity/ios
    /bin/mkdir -p /tmp/picpac-phase3-recovery-build-03d44f794ef9-20260925T084220Z/iphonesimulator/Build/Intermediates.noindex/PicPacPoe.build/Debug-iphonesimulator/PicPacPoe.build/assetcatalog_output/thinned

GenerateAssetSymbols /Users/bavabangaru/Developer/pic-pac-poe-ios-native-parity/ios/PicPacPoe/Assets.xcassets (in target 'PicPacPoe' from project 'PicPacPoe')
    cd /Users/bavabangaru/Developer/pic-pac-poe-ios-native-parity/ios
    /Applications/Xcode.app/Contents/Developer/usr/bin/actool /Users/bavabangaru/Developer/pic-pac-poe-ios-native-parity/ios/PicPacPoe/Assets.xcassets --compile /tmp/picpac-phase3-recovery-build-03d44f794ef9-20260925T084220Z/iphonesimulator/Build/Products/Debug-iphonesimulator/PicPacPoe.app --output-format human-readable-text --notices --warnings --export-dependency-info /tmp/picpac-phase3-recovery-build-03d44f794ef9-20260925T084220Z/iphonesimulator/Build/Intermediates.noindex/PicPacPoe.build/Debug-iphonesimulator/PicPacPoe.build/assetcatalog_dependencies --output-partial-info-plist /tmp/picpac-phase3-recovery-build-03d44f794ef9-20260925T084220Z/iphonesimulator/Build/Intermediates.noindex/PicPacPoe.build/Debug-iphonesimulator/PicPacPoe.build/assetcatalog_generated_info.plist --app-icon AppIcon --compress-pngs --enable-on-demand-resources YES --development-region en --target-device iphone --target-device ipad --minimum-deployment-target 17.0 --platform iphonesimulator --bundle-identifier dev.saipranith.picpacpoe --generate-swift-asset-symbol-extensions NO --generate-swift-asset-symbols /tmp/picpac-phase3-recovery-build-03d44f794ef9-20260925T084220Z/iphonesimulator/Build/Intermediates.noindex/PicPacPoe.build/Debug-iphonesimulator/PicPacPoe.build/DerivedSources/GeneratedAssetSymbols.swift --generate-objc-asset-symbols /tmp/picpac-phase3-recovery-build-03d44f794ef9-20260925T084220Z/iphonesimulator/Build/Intermediates.noindex/PicPacPoe.build/Debug-iphonesimulator/PicPacPoe.build/DerivedSources/GeneratedAssetSymbols.h --generate-asset-symbol-index /tmp/picpac-phase3-recovery-build-03d44f794ef9-20260925T084220Z/iphonesimulator/Build/Intermediates.noindex/PicPacPoe.build/Debug-iphonesimulator/PicPacPoe.build/DerivedSources/GeneratedAssetSymbols-Index.plist
/* com.apple.actool.compilation-results */
/tmp/picpac-phase3-recovery-build-03d44f794ef9-20260925T084220Z/iphonesimulator/Build/Intermediates.noindex/PicPacPoe.build/Debug-iphonesimulator/PicPacPoe.build/DerivedSources/GeneratedAssetSymbols-Index.plist
/tmp/picpac-phase3-recovery-build-03d44f794ef9-20260925T084220Z/iphonesimulator/Build/Intermediates.noindex/PicPacPoe.build/Debug-iphonesimulator/PicPacPoe.build/DerivedSources/GeneratedAssetSymbols.h
/tmp/picpac-phase3-recovery-build-03d44f794ef9-20260925T084220Z/iphonesimulator/Build/Intermediates.noindex/PicPacPoe.build/Debug-iphonesimulator/PicPacPoe.build/DerivedSources/GeneratedAssetSymbols.swift


CompileAssetCatalogVariant thinned /tmp/picpac-phase3-recovery-build-03d44f794ef9-20260925T084220Z/iphonesimulator/Build/Products/Debug-iphonesimulator/PicPacPoe.app /Users/bavabangaru/Developer/pic-pac-poe-ios-native-parity/ios/PicPacPoe/Assets.xcassets (in target 'PicPacPoe' from project 'PicPacPoe')
    cd /Users/bavabangaru/Developer/pic-pac-poe-ios-native-parity/ios
    /Applications/Xcode.app/Contents/Developer/usr/bin/actool /Users/bavabangaru/Developer/pic-pac-poe-ios-native-parity/ios/PicPacPoe/Assets.xcassets --compile /tmp/picpac-phase3-recovery-build-03d44f794ef9-20260925T084220Z/iphonesimulator/Build/Intermediates.noindex/PicPacPoe.build/Debug-iphonesimulator/PicPacPoe.build/assetcatalog_output/thinned --output-format human-readable-text --notices --warnings --export-dependency-info /tmp/picpac-phase3-recovery-build-03d44f794ef9-20260925T084220Z/iphonesimulator/Build/Intermediates.noindex/PicPacPoe.build/Debug-iphonesimulator/PicPacPoe.build/assetcatalog_dependencies_thinned --output-partial-info-plist /tmp/picpac-phase3-recovery-build-03d44f794ef9-20260925T084220Z/iphonesimulator/Build/Intermediates.noindex/PicPacPoe.build/Debug-iphonesimulator/PicPacPoe.build/assetcatalog_generated_info.plist_thinned --app-icon AppIcon --compress-pngs --enable-on-demand-resources YES --development-region en --target-device iphone --target-device ipad --minimum-deployment-target 17.0 --platform iphonesimulator
/* com.apple.actool.compilation-results */
/tmp/picpac-phase3-recovery-build-03d44f794ef9-20260925T084220Z/iphonesimulator/Build/Intermediates.noindex/PicPacPoe.build/Debug-iphonesimulator/PicPacPoe.build/assetcatalog_generated_info.plist_thinned
/tmp/picpac-phase3-recovery-build-03d44f794ef9-20260925T084220Z/iphonesimulator/Build/Intermediates.noindex/PicPacPoe.build/Debug-iphonesimulator/PicPacPoe.build/assetcatalog_output/thinned/AppIcon60x60@2x.png
/tmp/picpac-phase3-recovery-build-03d44f794ef9-20260925T084220Z/iphonesimulator/Build/Intermediates.noindex/PicPacPoe.build/Debug-iphonesimulator/PicPacPoe.build/assetcatalog_output/thinned/AppIcon76x76@2x~ipad.png
/tmp/picpac-phase3-recovery-build-03d44f794ef9-20260925T084220Z/iphonesimulator/Build/Intermediates.noindex/PicPacPoe.build/Debug-iphonesimulator/PicPacPoe.build/assetcatalog_output/thinned/Assets.car


SwiftDriver PicPacPoe normal x86_64 com.apple.xcode.tools.swift.compiler (in target 'PicPacPoe' from project 'PicPacPoe')
    cd /Users/bavabangaru/Developer/pic-pac-poe-ios-native-parity/ios
    builtin-SwiftDriver -- /Applications/Xcode.app/Contents/Developer/Toolchains/XcodeDefault.xctoolchain/usr/bin/swiftc -module-name PicPacPoe -Onone @/tmp/picpac-phase3-recovery-build-03d44f794ef9-20260925T084220Z/iphonesimulator/Build/Intermediates.noindex/PicPacPoe.build/Debug-iphonesimulator/PicPacPoe.build/Objects-normal/x86_64/PicPacPoe.SwiftFileList -DDEBUG -enable-experimental-feature DebugDescriptionMacro -sdk /Applications/Xcode.app/Contents/Developer/Platforms/iPhoneSimulator.platform/Developer/SDKs/iPhoneSimulator26.5.sdk -target x86_64-apple-ios17.0-simulator -g -module-cache-path /tmp/picpac-phase3-recovery-build-03d44f794ef9-20260925T084220Z/iphonesimulator/ModuleCache.noindex -Xfrontend -serialize-debugging-options -enable-testing -index-store-path /tmp/picpac-phase3-recovery-build-03d44f794ef9-20260925T084220Z/iphonesimulator/Index.noindex/DataStore -Xcc -D_LIBCPP_HARDENING_MODE\=_LIBCPP_HARDENING_MODE_DEBUG -swift-version 6 -I /tmp/picpac-phase3-recovery-build-03d44f794ef9-20260925T084220Z/iphonesimulator/Build/Products/Debug-iphonesimulator -F /tmp/picpac-phase3-recovery-build-03d44f794ef9-20260925T084220Z/iphonesimulator/Build/Products/Debug-iphonesimulator/PackageFrameworks -F /tmp/picpac-phase3-recovery-build-03d44f794ef9-20260925T084220Z/iphonesimulator/Build/Products/Debug-iphonesimulator/PackageFrameworks -F /tmp/picpac-phase3-recovery-build-03d44f794ef9-20260925T084220Z/iphonesimulator/Build/Products/Debug-iphonesimulator/PackageFrameworks -F /tmp/picpac-phase3-recovery-build-03d44f794ef9-20260925T084220Z/iphonesimulator/Build/Products/Debug-iphonesimulator -emit-localized-strings -emit-localized-strings-path /tmp/picpac-phase3-recovery-build-03d44f794ef9-20260925T084220Z/iphonesimulator/Build/Intermediates.noindex/PicPacPoe.build/Debug-iphonesimulator/PicPacPoe.build/Objects-normal/x86_64 -c -j12 -enable-batch-mode -incremental -Xcc -ivfsstatcache -Xcc /tmp/picpac-phase3-recovery-build-03d44f794ef9-20260925T084220Z/iphonesimulator/SDKStatCaches.noindex/iphonesimulator26.5-23F81a-6cfe768891a92b912361537c460fe42b.sdkstatcache -output-file-map /tmp/picpac-phase3-recovery-build-03d44f794ef9-20260925T084220Z/iphonesimulator/Build/Intermediates.noindex/PicPacPoe.build/Debug-iphonesimulator/PicPacPoe.build/Objects-normal/x86_64/PicPacPoe-OutputFileMap.json -use-frontend-parseable-output -save-temps -no-color-diagnostics -explicit-module-build -module-cache-path /tmp/picpac-phase3-recovery-build-03d44f794ef9-20260925T084220Z/iphonesimulator/Build/Intermediates.noindex/SwiftExplicitPrecompiledModules -clang-scanner-module-cache-path /tmp/picpac-phase3-recovery-build-03d44f794ef9-20260925T084220Z/iphonesimulator/ModuleCache.noindex -sdk-module-cache-path /tmp/picpac-phase3-recovery-build-03d44f794ef9-20260925T084220Z/iphonesimulator/ModuleCache.noindex -serialize-diagnostics -emit-dependencies -emit-module -emit-module-path /tmp/picpac-phase3-recovery-build-03d44f794ef9-20260925T084220Z/iphonesimulator/Build/Intermediates.noindex/PicPacPoe.build/Debug-iphonesimulator/PicPacPoe.build/Objects-normal/x86_64/PicPacPoe.swiftmodule -validate-clang-modules-once -clang-build-session-file /tmp/picpac-phase3-recovery-build-03d44f794ef9-20260925T084220Z/iphonesimulator/ModuleCache.noindex/Session.modulevalidation -Xcc -I/tmp/picpac-phase3-recovery-build-03d44f794ef9-20260925T084220Z/iphonesimulator/Build/Intermediates.noindex/PicPacPoe.build/Debug-iphonesimulator/PicPacPoe.build/swift-overrides.hmap -emit-const-values -Xfrontend -const-gather-protocols-file -Xfrontend /tmp/picpac-phase3-recovery-build-03d44f794ef9-20260925T084220Z/iphonesimulator/Build/Intermediates.noindex/PicPacPoe.build/Debug-iphonesimulator/PicPacPoe.build/Objects-normal/x86_64/PicPacPoe_const_extract_protocols.json -Xcc -iquote -Xcc /tmp/picpac-phase3-recovery-build-03d44f794ef9-20260925T084220Z/iphonesimulator/Build/Intermediates.noindex/PicPacPoe.build/Debug-iphonesimulator/PicPacPoe.build/PicPacPoe-generated-files.hmap -Xcc -I/tmp/picpac-phase3-recovery-build-03d44f794ef9-20260925T084220Z/iphonesimulator/Build/Intermediates.noindex/PicPacPoe.build/Debug-iphonesimulator/PicPacPoe.build/PicPacPoe-own-target-headers.hmap -Xcc -I/tmp/picpac-phase3-recovery-build-03d44f794ef9-20260925T084220Z/iphonesimulator/Build/Intermediates.noindex/PicPacPoe.build/Debug-iphonesimulator/PicPacPoe.build/PicPacPoe-all-non-framework-target-headers.hmap -Xcc -ivfsoverlay -Xcc /tmp/picpac-phase3-recovery-build-03d44f794ef9-20260925T084220Z/iphonesimulator/Build/Intermediates.noindex/PicPacPoe.build/Debug-iphonesimulator/PicPacPoe-90eff2f9d9e8600d7e53134acd1cb833-VFS-iphonesimulator/all-product-headers.yaml -Xcc -iquote -Xcc /tmp/picpac-phase3-recovery-build-03d44f794ef9-20260925T084220Z/iphonesimulator/Build/Intermediates.noindex/PicPacPoe.build/Debug-iphonesimulator/PicPacPoe.build/PicPacPoe-project-headers.hmap -Xcc -I/tmp/picpac-phase3-recovery-build-03d44f794ef9-20260925T084220Z/iphonesimulator/Build/Products/Debug-iphonesimulator/include -Xcc -I/tmp/picpac-phase3-recovery-build-03d44f794ef9-20260925T084220Z/iphonesimulator/Build/Intermediates.noindex/PicPacPoe.build/Debug-iphonesimulator/PicPacPoe.build/DerivedSources-normal/x86_64 -Xcc -I/tmp/picpac-phase3-recovery-build-03d44f794ef9-20260925T084220Z/iphonesimulator/Build/Intermediates.noindex/PicPacPoe.build/Debug-iphonesimulator/PicPacPoe.build/DerivedSources/x86_64 -Xcc -I/tmp/picpac-phase3-recovery-build-03d44f794ef9-20260925T084220Z/iphonesimulator/Build/Intermediates.noindex/PicPacPoe.build/Debug-iphonesimulator/PicPacPoe.build/DerivedSources -emit-objc-header -emit-objc-header-path /tmp/picpac-phase3-recovery-build-03d44f794ef9-20260925T084220Z/iphonesimulator/Build/Intermediates.noindex/PicPacPoe.build/Debug-iphonesimulator/PicPacPoe.build/Objects-normal/x86_64/PicPacPoe-Swift.h -working-directory /Users/bavabangaru/Developer/pic-pac-poe-ios-native-parity/ios -experimental-emit-module-separately -disable-cmo

SwiftDriver PicPacPoe normal arm64 com.apple.xcode.tools.swift.compiler (in target 'PicPacPoe' from project 'PicPacPoe')
    cd /Users/bavabangaru/Developer/pic-pac-poe-ios-native-parity/ios
    builtin-SwiftDriver -- /Applications/Xcode.app/Contents/Developer/Toolchains/XcodeDefault.xctoolchain/usr/bin/swiftc -module-name PicPacPoe -Onone @/tmp/picpac-phase3-recovery-build-03d44f794ef9-20260925T084220Z/iphonesimulator/Build/Intermediates.noindex/PicPacPoe.build/Debug-iphonesimulator/PicPacPoe.build/Objects-normal/arm64/PicPacPoe.SwiftFileList -DDEBUG -enable-experimental-feature DebugDescriptionMacro -sdk /Applications/Xcode.app/Contents/Developer/Platforms/iPhoneSimulator.platform/Developer/SDKs/iPhoneSimulator26.5.sdk -target arm64-apple-ios17.0-simulator -g -module-cache-path /tmp/picpac-phase3-recovery-build-03d44f794ef9-20260925T084220Z/iphonesimulator/ModuleCache.noindex -Xfrontend -serialize-debugging-options -enable-testing -index-store-path /tmp/picpac-phase3-recovery-build-03d44f794ef9-20260925T084220Z/iphonesimulator/Index.noindex/DataStore -Xcc -D_LIBCPP_HARDENING_MODE\=_LIBCPP_HARDENING_MODE_DEBUG -swift-version 6 -I /tmp/picpac-phase3-recovery-build-03d44f794ef9-20260925T084220Z/iphonesimulator/Build/Products/Debug-iphonesimulator -F /tmp/picpac-phase3-recovery-build-03d44f794ef9-20260925T084220Z/iphonesimulator/Build/Products/Debug-iphonesimulator/PackageFrameworks -F /tmp/picpac-phase3-recovery-build-03d44f794ef9-20260925T084220Z/iphonesimulator/Build/Products/Debug-iphonesimulator/PackageFrameworks -F /tmp/picpac-phase3-recovery-build-03d44f794ef9-20260925T084220Z/iphonesimulator/Build/Products/Debug-iphonesimulator/PackageFrameworks -F /tmp/picpac-phase3-recovery-build-03d44f794ef9-20260925T084220Z/iphonesimulator/Build/Products/Debug-iphonesimulator -emit-localized-strings -emit-localized-strings-path /tmp/picpac-phase3-recovery-build-03d44f794ef9-20260925T084220Z/iphonesimulator/Build/Intermediates.noindex/PicPacPoe.build/Debug-iphonesimulator/PicPacPoe.build/Objects-normal/arm64 -c -j12 -enable-batch-mode -incremental -Xcc -ivfsstatcache -Xcc /tmp/picpac-phase3-recovery-build-03d44f794ef9-20260925T084220Z/iphonesimulator/SDKStatCaches.noindex/iphonesimulator26.5-23F81a-6cfe768891a92b912361537c460fe42b.sdkstatcache -output-file-map /tmp/picpac-phase3-recovery-build-03d44f794ef9-20260925T084220Z/iphonesimulator/Build/Intermediates.noindex/PicPacPoe.build/Debug-iphonesimulator/PicPacPoe.build/Objects-normal/arm64/PicPacPoe-OutputFileMap.json -use-frontend-parseable-output -save-temps -no-color-diagnostics -explicit-module-build -module-cache-path /tmp/picpac-phase3-recovery-build-03d44f794ef9-20260925T084220Z/iphonesimulator/Build/Intermediates.noindex/SwiftExplicitPrecompiledModules -clang-scanner-module-cache-path /tmp/picpac-phase3-recovery-build-03d44f794ef9-20260925T084220Z/iphonesimulator/ModuleCache.noindex -sdk-module-cache-path /tmp/picpac-phase3-recovery-build-03d44f794ef9-20260925T084220Z/iphonesimulator/ModuleCache.noindex -serialize-diagnostics -emit-dependencies -emit-module -emit-module-path /tmp/picpac-phase3-recovery-build-03d44f794ef9-20260925T084220Z/iphonesimulator/Build/Intermediates.noindex/PicPacPoe.build/Debug-iphonesimulator/PicPacPoe.build/Objects-normal/arm64/PicPacPoe.swiftmodule -validate-clang-modules-once -clang-build-session-file /tmp/picpac-phase3-recovery-build-03d44f794ef9-20260925T084220Z/iphonesimulator/ModuleCache.noindex/Session.modulevalidation -Xcc -I/tmp/picpac-phase3-recovery-build-03d44f794ef9-20260925T084220Z/iphonesimulator/Build/Intermediates.noindex/PicPacPoe.build/Debug-iphonesimulator/PicPacPoe.build/swift-overrides.hmap -emit-const-values -Xfrontend -const-gather-protocols-file -Xfrontend /tmp/picpac-phase3-recovery-build-03d44f794ef9-20260925T084220Z/iphonesimulator/Build/Intermediates.noindex/PicPacPoe.build/Debug-iphonesimulator/PicPacPoe.build/Objects-normal/arm64/PicPacPoe_const_extract_protocols.json -Xcc -iquote -Xcc /tmp/picpac-phase3-recovery-build-03d44f794ef9-20260925T084220Z/iphonesimulator/Build/Intermediates.noindex/PicPacPoe.build/Debug-iphonesimulator/PicPacPoe.build/PicPacPoe-generated-files.hmap -Xcc -I/tmp/picpac-phase3-recovery-build-03d44f794ef9-20260925T084220Z/iphonesimulator/Build/Intermediates.noindex/PicPacPoe.build/Debug-iphonesimulator/PicPacPoe.build/PicPacPoe-own-target-headers.hmap -Xcc -I/tmp/picpac-phase3-recovery-build-03d44f794ef9-20260925T084220Z/iphonesimulator/Build/Intermediates.noindex/PicPacPoe.build/Debug-iphonesimulator/PicPacPoe.build/PicPacPoe-all-non-framework-target-headers.hmap -Xcc -ivfsoverlay -Xcc /tmp/picpac-phase3-recovery-build-03d44f794ef9-20260925T084220Z/iphonesimulator/Build/Intermediates.noindex/PicPacPoe.build/Debug-iphonesimulator/PicPacPoe-90eff2f9d9e8600d7e53134acd1cb833-VFS-iphonesimulator/all-product-headers.yaml -Xcc -iquote -Xcc /tmp/picpac-phase3-recovery-build-03d44f794ef9-20260925T084220Z/iphonesimulator/Build/Intermediates.noindex/PicPacPoe.build/Debug-iphonesimulator/PicPacPoe.build/PicPacPoe-project-headers.hmap -Xcc -I/tmp/picpac-phase3-recovery-build-03d44f794ef9-20260925T084220Z/iphonesimulator/Build/Products/Debug-iphonesimulator/include -Xcc -I/tmp/picpac-phase3-recovery-build-03d44f794ef9-20260925T084220Z/iphonesimulator/Build/Intermediates.noindex/PicPacPoe.build/Debug-iphonesimulator/PicPacPoe.build/DerivedSources-normal/arm64 -Xcc -I/tmp/picpac-phase3-recovery-build-03d44f794ef9-20260925T084220Z/iphonesimulator/Build/Intermediates.noindex/PicPacPoe.build/Debug-iphonesimulator/PicPacPoe.build/DerivedSources/arm64 -Xcc -I/tmp/picpac-phase3-recovery-build-03d44f794ef9-20260925T084220Z/iphonesimulator/Build/Intermediates.noindex/PicPacPoe.build/Debug-iphonesimulator/PicPacPoe.build/DerivedSources -emit-objc-header -emit-objc-header-path /tmp/picpac-phase3-recovery-build-03d44f794ef9-20260925T084220Z/iphonesimulator/Build/Intermediates.noindex/PicPacPoe.build/Debug-iphonesimulator/PicPacPoe.build/Objects-normal/arm64/PicPacPoe-Swift.h -working-directory /Users/bavabangaru/Developer/pic-pac-poe-ios-native-parity/ios -experimental-emit-module-separately -disable-cmo

SwiftDriverJobDiscovery normal x86_64 Compiling PositionEvaluator.swift (in target 'PicPacAI' from project 'PicPacKit')

SwiftDriverJobDiscovery normal x86_64 Compiling resource_bundle_accessor.swift (in target 'PicPacAI' from project 'PicPacKit')

RegisterExecutionPolicyException /tmp/picpac-phase3-recovery-build-03d44f794ef9-20260925T084220Z/iphonesimulator/Build/Products/Debug-iphonesimulator/PicPacCore.o (in target 'PicPacCore' from project 'PicPacKit')
    cd /Users/bavabangaru/Developer/pic-pac-poe-ios-native-parity/ios/Packages/PicPacKit
    builtin-RegisterExecutionPolicyException /tmp/picpac-phase3-recovery-build-03d44f794ef9-20260925T084220Z/iphonesimulator/Build/Products/Debug-iphonesimulator/PicPacCore.o

SwiftDriverJobDiscovery normal x86_64 Compiling ProductionAIEngine.swift (in target 'PicPacAI' from project 'PicPacKit')

Ld /tmp/picpac-phase3-recovery-build-03d44f794ef9-20260925T084220Z/iphonesimulator/Build/Intermediates.noindex/PicPacKit.build/Debug-iphonesimulator/PicPacPresentation.build/Objects-normal/x86_64/Binary/PicPacPresentation.o normal x86_64 (in target 'PicPacPresentation' from project 'PicPacKit')
    cd /Users/bavabangaru/Developer/pic-pac-poe-ios-native-parity/ios/Packages/PicPacKit
    /Applications/Xcode.app/Contents/Developer/Toolchains/XcodeDefault.xctoolchain/usr/bin/clang -Xlinker -reproducible -target x86_64-apple-ios17.0-simulator -r -isysroot /Applications/Xcode.app/Contents/Developer/Platforms/iPhoneSimulator.platform/Developer/SDKs/iPhoneSimulator26.5.sdk -O0 -w -F/tmp/picpac-phase3-recovery-build-03d44f794ef9-20260925T084220Z/iphonesimulator/Build/Intermediates.noindex/EagerLinkingTBDs/Debug-iphonesimulator -F/tmp/picpac-phase3-recovery-build-03d44f794ef9-20260925T084220Z/iphonesimulator/Build/Products/Debug-iphonesimulator/PackageFrameworks -F/tmp/picpac-phase3-recovery-build-03d44f794ef9-20260925T084220Z/iphonesimulator/Build/Products/Debug-iphonesimulator -iframework /Applications/Xcode.app/Contents/Developer/Platforms/iPhoneSimulator.platform/Developer/Library/Frameworks -iframework /Applications/Xcode.app/Contents/Developer/Platforms/iPhoneSimulator.platform/Developer/SDKs/iPhoneSimulator26.5.sdk/Developer/Library/Frameworks -filelist /tmp/picpac-phase3-recovery-build-03d44f794ef9-20260925T084220Z/iphonesimulator/Build/Intermediates.noindex/PicPacKit.build/Debug-iphonesimulator/PicPacPresentation.build/Objects-normal/x86_64/PicPacPresentation.LinkFileList -nostdlib -Xlinker -object_path_lto -Xlinker /tmp/picpac-phase3-recovery-build-03d44f794ef9-20260925T084220Z/iphonesimulator/Build/Intermediates.noindex/PicPacKit.build/Debug-iphonesimulator/PicPacPresentation.build/Objects-normal/x86_64/PicPacPresentation_lto.o -Xlinker -no_deduplicate -Xlinker -objc_abi_version -Xlinker 2 -Xlinker -dependency_info -Xlinker /tmp/picpac-phase3-recovery-build-03d44f794ef9-20260925T084220Z/iphonesimulator/Build/Intermediates.noindex/PicPacKit.build/Debug-iphonesimulator/PicPacPresentation.build/Objects-normal/x86_64/PicPacPresentation_dependency_info.dat -fobjc-link-runtime -L/Applications/Xcode.app/Contents/Developer/Toolchains/XcodeDefault.xctoolchain/usr/lib/swift/iphonesimulator -L/usr/lib/swift -Xlinker -add_ast_path -Xlinker /tmp/picpac-phase3-recovery-build-03d44f794ef9-20260925T084220Z/iphonesimulator/Build/Intermediates.noindex/PicPacKit.build/Debug-iphonesimulator/PicPacPresentation.build/Objects-normal/x86_64/PicPacPresentation.swiftmodule @/tmp/picpac-phase3-recovery-build-03d44f794ef9-20260925T084220Z/iphonesimulator/Build/Intermediates.noindex/PicPacKit.build/Debug-iphonesimulator/PicPacPresentation.build/Objects-normal/x86_64/PicPacPresentation-linker-args.resp -o /tmp/picpac-phase3-recovery-build-03d44f794ef9-20260925T084220Z/iphonesimulator/Build/Intermediates.noindex/PicPacKit.build/Debug-iphonesimulator/PicPacPresentation.build/Objects-normal/x86_64/Binary/PicPacPresentation.o

SwiftDriverJobDiscovery normal x86_64 Compiling AIContracts.swift (in target 'PicPacAI' from project 'PicPacKit')

SwiftDriverJobDiscovery normal arm64 Compiling SearchModel.swift (in target 'PicPacAI' from project 'PicPacKit')

SwiftDriverJobDiscovery normal arm64 Compiling ExpectiminimaxAgent.swift (in target 'PicPacAI' from project 'PicPacKit')

SwiftDriverJobDiscovery normal x86_64 Compiling ExpectiminimaxAgent.swift (in target 'PicPacAI' from project 'PicPacKit')

SwiftDriverJobDiscovery normal x86_64 Compiling TabularPolicy.swift (in target 'PicPacAI' from project 'PicPacKit')

SwiftDriver\ Compilation PicPacAI normal x86_64 com.apple.xcode.tools.swift.compiler (in target 'PicPacAI' from project 'PicPacKit')
    cd /Users/bavabangaru/Developer/pic-pac-poe-ios-native-parity/ios/PicPacPoe.xcodeproj
    builtin-Swift-Compilation -- /Applications/Xcode.app/Contents/Developer/Toolchains/XcodeDefault.xctoolchain/usr/bin/swiftc -module-name PicPacAI -Onone @/tmp/picpac-phase3-recovery-build-03d44f794ef9-20260925T084220Z/iphonesimulator/Build/Intermediates.noindex/PicPacKit.build/Debug-iphonesimulator/PicPacAI.build/Objects-normal/x86_64/PicPacAI.SwiftFileList -DSWIFT_PACKAGE -DDEBUG -DSWIFT_MODULE_RESOURCE_BUNDLE_AVAILABLE -DXcode -plugin-path /Applications/Xcode.app/Contents/Developer/Toolchains/XcodeDefault.xctoolchain/usr/lib/swift/host/plugins/testing -enable-experimental-feature DebugDescriptionMacro -sdk /Applications/Xcode.app/Contents/Developer/Platforms/iPhoneSimulator.platform/Developer/SDKs/iPhoneSimulator26.5.sdk -target x86_64-apple-ios17.0-simulator -g -module-cache-path /tmp/picpac-phase3-recovery-build-03d44f794ef9-20260925T084220Z/iphonesimulator/ModuleCache.noindex -Xfrontend -serialize-debugging-options -enable-testing -suppress-warnings -index-store-path /tmp/picpac-phase3-recovery-build-03d44f794ef9-20260925T084220Z/iphonesimulator/Index.noindex/DataStore -Xcc -D_LIBCPP_HARDENING_MODE\=_LIBCPP_HARDENING_MODE_DEBUG -swift-version 6 -I /tmp/picpac-phase3-recovery-build-03d44f794ef9-20260925T084220Z/iphonesimulator/Build/Products/Debug-iphonesimulator -Isystem /Applications/Xcode.app/Contents/Developer/Platforms/iPhoneSimulator.platform/Developer/usr/lib -F /tmp/picpac-phase3-recovery-build-03d44f794ef9-20260925T084220Z/iphonesimulator/Build/Products/Debug-iphonesimulator/PackageFrameworks -F /tmp/picpac-phase3-recovery-build-03d44f794ef9-20260925T084220Z/iphonesimulator/Build/Products/Debug-iphonesimulator -F /Applications/Xcode.app/Contents/Developer/Platforms/iPhoneSimulator.platform/Developer/Library/Frameworks -F /Applications/Xcode.app/Contents/Developer/Platforms/iPhoneSimulator.platform/Developer/SDKs/iPhoneSimulator26.5.sdk/Developer/Library/Frameworks -c -j12 -enable-batch-mode -incremental -Xcc -ivfsstatcache -Xcc /tmp/picpac-phase3-recovery-build-03d44f794ef9-20260925T084220Z/iphonesimulator/SDKStatCaches.noindex/iphonesimulator26.5-23F81a-6cfe768891a92b912361537c460fe42b.sdkstatcache -output-file-map /tmp/picpac-phase3-recovery-build-03d44f794ef9-20260925T084220Z/iphonesimulator/Build/Intermediates.noindex/PicPacKit.build/Debug-iphonesimulator/PicPacAI.build/Objects-normal/x86_64/PicPacAI-OutputFileMap.json -use-frontend-parseable-output -save-temps -no-color-diagnostics -explicit-module-build -module-cache-path /tmp/picpac-phase3-recovery-build-03d44f794ef9-20260925T084220Z/iphonesimulator/Build/Intermediates.noindex/SwiftExplicitPrecompiledModules -clang-scanner-module-cache-path /tmp/picpac-phase3-recovery-build-03d44f794ef9-20260925T084220Z/iphonesimulator/ModuleCache.noindex -sdk-module-cache-path /tmp/picpac-phase3-recovery-build-03d44f794ef9-20260925T084220Z/iphonesimulator/ModuleCache.noindex -serialize-diagnostics -emit-dependencies -emit-module -emit-module-path /tmp/picpac-phase3-recovery-build-03d44f794ef9-20260925T084220Z/iphonesimulator/Build/Intermediates.noindex/PicPacKit.build/Debug-iphonesimulator/PicPacAI.build/Objects-normal/x86_64/PicPacAI.swiftmodule -validate-clang-modules-once -clang-build-session-file /tmp/picpac-phase3-recovery-build-03d44f794ef9-20260925T084220Z/iphonesimulator/ModuleCache.noindex/Session.modulevalidation -package-name picpackit -Xcc -I/tmp/picpac-phase3-recovery-build-03d44f794ef9-20260925T084220Z/iphonesimulator/Build/Intermediates.noindex/PicPacKit.build/Debug-iphonesimulator/PicPacAI.build/swift-overrides.hmap -emit-const-values -Xfrontend -const-gather-protocols-file -Xfrontend /tmp/picpac-phase3-recovery-build-03d44f794ef9-20260925T084220Z/iphonesimulator/Build/Intermediates.noindex/PicPacKit.build/Debug-iphonesimulator/PicPacAI.build/Objects-normal/x86_64/PicPacAI_const_extract_protocols.json -Xcc -I/tmp/picpac-phase3-recovery-build-03d44f794ef9-20260925T084220Z/iphonesimulator/Build/Products/Debug-iphonesimulator/include -Xcc -I/tmp/picpac-phase3-recovery-build-03d44f794ef9-20260925T084220Z/iphonesimulator/Build/Intermediates.noindex/PicPacKit.build/Debug-iphonesimulator/PicPacAI.build/DerivedSources-normal/x86_64 -Xcc -I/tmp/picpac-phase3-recovery-build-03d44f794ef9-20260925T084220Z/iphonesimulator/Build/Intermediates.noindex/PicPacKit.build/Debug-iphonesimulator/PicPacAI.build/DerivedSources/x86_64 -Xcc -I/tmp/picpac-phase3-recovery-build-03d44f794ef9-20260925T084220Z/iphonesimulator/Build/Intermediates.noindex/PicPacKit.build/Debug-iphonesimulator/PicPacAI.build/DerivedSources -Xcc -DSWIFT_PACKAGE -Xcc -DDEBUG\=1 -emit-objc-header -emit-objc-header-path /tmp/picpac-phase3-recovery-build-03d44f794ef9-20260925T084220Z/iphonesimulator/Build/Intermediates.noindex/PicPacKit.build/Debug-iphonesimulator/PicPacAI.build/Objects-normal/x86_64/PicPacAI-Swift.h -working-directory /Users/bavabangaru/Developer/pic-pac-poe-ios-native-parity/ios/PicPacPoe.xcodeproj -experimental-emit-module-separately -disable-cmo

Ld /tmp/picpac-phase3-recovery-build-03d44f794ef9-20260925T084220Z/iphonesimulator/Build/Intermediates.noindex/PicPacKit.build/Debug-iphonesimulator/PicPacAI.build/Objects-normal/x86_64/Binary/PicPacAI.o normal x86_64 (in target 'PicPacAI' from project 'PicPacKit')
    cd /Users/bavabangaru/Developer/pic-pac-poe-ios-native-parity/ios/Packages/PicPacKit
    /Applications/Xcode.app/Contents/Developer/Toolchains/XcodeDefault.xctoolchain/usr/bin/clang -Xlinker -reproducible -target x86_64-apple-ios17.0-simulator -r -isysroot /Applications/Xcode.app/Contents/Developer/Platforms/iPhoneSimulator.platform/Developer/SDKs/iPhoneSimulator26.5.sdk -O0 -w -F/tmp/picpac-phase3-recovery-build-03d44f794ef9-20260925T084220Z/iphonesimulator/Build/Intermediates.noindex/EagerLinkingTBDs/Debug-iphonesimulator -F/tmp/picpac-phase3-recovery-build-03d44f794ef9-20260925T084220Z/iphonesimulator/Build/Products/Debug-iphonesimulator/PackageFrameworks -F/tmp/picpac-phase3-recovery-build-03d44f794ef9-20260925T084220Z/iphonesimulator/Build/Products/Debug-iphonesimulator -iframework /Applications/Xcode.app/Contents/Developer/Platforms/iPhoneSimulator.platform/Developer/Library/Frameworks -iframework /Applications/Xcode.app/Contents/Developer/Platforms/iPhoneSimulator.platform/Developer/SDKs/iPhoneSimulator26.5.sdk/Developer/Library/Frameworks -filelist /tmp/picpac-phase3-recovery-build-03d44f794ef9-20260925T084220Z/iphonesimulator/Build/Intermediates.noindex/PicPacKit.build/Debug-iphonesimulator/PicPacAI.build/Objects-normal/x86_64/PicPacAI.LinkFileList -nostdlib -Xlinker -object_path_lto -Xlinker /tmp/picpac-phase3-recovery-build-03d44f794ef9-20260925T084220Z/iphonesimulator/Build/Intermediates.noindex/PicPacKit.build/Debug-iphonesimulator/PicPacAI.build/Objects-normal/x86_64/PicPacAI_lto.o -Xlinker -no_deduplicate -Xlinker -objc_abi_version -Xlinker 2 -Xlinker -dependency_info -Xlinker /tmp/picpac-phase3-recovery-build-03d44f794ef9-20260925T084220Z/iphonesimulator/Build/Intermediates.noindex/PicPacKit.build/Debug-iphonesimulator/PicPacAI.build/Objects-normal/x86_64/PicPacAI_dependency_info.dat -fobjc-link-runtime -L/Applications/Xcode.app/Contents/Developer/Toolchains/XcodeDefault.xctoolchain/usr/lib/swift/iphonesimulator -L/usr/lib/swift -Xlinker -add_ast_path -Xlinker /tmp/picpac-phase3-recovery-build-03d44f794ef9-20260925T084220Z/iphonesimulator/Build/Intermediates.noindex/PicPacKit.build/Debug-iphonesimulator/PicPacAI.build/Objects-normal/x86_64/PicPacAI.swiftmodule @/tmp/picpac-phase3-recovery-build-03d44f794ef9-20260925T084220Z/iphonesimulator/Build/Intermediates.noindex/PicPacKit.build/Debug-iphonesimulator/PicPacAI.build/Objects-normal/x86_64/PicPacAI-linker-args.resp -o /tmp/picpac-phase3-recovery-build-03d44f794ef9-20260925T084220Z/iphonesimulator/Build/Intermediates.noindex/PicPacKit.build/Debug-iphonesimulator/PicPacAI.build/Objects-normal/x86_64/Binary/PicPacAI.o

SwiftExplicitDependencyGeneratePcm x86_64 /tmp/picpac-phase3-recovery-build-03d44f794ef9-20260925T084220Z/iphonesimulator/ModuleCache.noindex/DeveloperToolsSupport-1HHF47UE1PNF6YIILJWC9N0F9.pcm

SwiftExplicitDependencyGeneratePcm x86_64 /tmp/picpac-phase3-recovery-build-03d44f794ef9-20260925T084220Z/iphonesimulator/ModuleCache.noindex/SwiftShims-6A1XZ99ZSRP13L93J7HAOI3JO.pcm

SwiftExplicitDependencyGeneratePcm x86_64 /tmp/picpac-phase3-recovery-build-03d44f794ef9-20260925T084220Z/iphonesimulator/ModuleCache.noindex/ptrauth-CG0V26NPXTRZGBUYQVERAMB50.pcm

SwiftExplicitDependencyGeneratePcm x86_64 /tmp/picpac-phase3-recovery-build-03d44f794ef9-20260925T084220Z/iphonesimulator/ModuleCache.noindex/_AvailabilityInternal-9APSO82C3YVJ32CL3LFJKZPXV.pcm

SwiftExplicitDependencyGeneratePcm x86_64 /tmp/picpac-phase3-recovery-build-03d44f794ef9-20260925T084220Z/iphonesimulator/ModuleCache.noindex/_SwiftConcurrencyShims-5C6V7LQVWJ3KIRJFRC3NCUHLW.pcm

SwiftExplicitDependencyGeneratePcm x86_64 /tmp/picpac-phase3-recovery-build-03d44f794ef9-20260925T084220Z/iphonesimulator/ModuleCache.noindex/_Builtin_stddef-BFL5LNGQ53V79CPWBNA8S74W3.pcm

SwiftExplicitDependencyGeneratePcm x86_64 /tmp/picpac-phase3-recovery-build-03d44f794ef9-20260925T084220Z/iphonesimulator/ModuleCache.noindex/ptrcheck-DA5ZHXYKY4DNB96N7GDZ125SG.pcm

SwiftExplicitDependencyGeneratePcm x86_64 /tmp/picpac-phase3-recovery-build-03d44f794ef9-20260925T084220Z/iphonesimulator/ModuleCache.noindex/_Builtin_stdarg-DSSIP8V3N9VNZR27K0U9LWQMN.pcm

SwiftExplicitDependencyGeneratePcm x86_64 /tmp/picpac-phase3-recovery-build-03d44f794ef9-20260925T084220Z/iphonesimulator/ModuleCache.noindex/_Builtin_stdbool-A826W18BUF3AK7QWNVSFWTQCQ.pcm

SwiftDriverJobDiscovery normal arm64 Compiling GameCoordinator.swift (in target 'PicPacPresentation' from project 'PicPacKit')

SwiftExplicitDependencyGeneratePcm x86_64 /tmp/picpac-phase3-recovery-build-03d44f794ef9-20260925T084220Z/iphonesimulator/ModuleCache.noindex/_Builtin_float-CQP21U1VFPH8EEXCZPXCOR2QY.pcm

SwiftDriver\ Compilation PicPacPresentation normal arm64 com.apple.xcode.tools.swift.compiler (in target 'PicPacPresentation' from project 'PicPacKit')
    cd /Users/bavabangaru/Developer/pic-pac-poe-ios-native-parity/ios/PicPacPoe.xcodeproj
    builtin-Swift-Compilation -- /Applications/Xcode.app/Contents/Developer/Toolchains/XcodeDefault.xctoolchain/usr/bin/swiftc -module-name PicPacPresentation -Onone @/tmp/picpac-phase3-recovery-build-03d44f794ef9-20260925T084220Z/iphonesimulator/Build/Intermediates.noindex/PicPacKit.build/Debug-iphonesimulator/PicPacPresentation.build/Objects-normal/arm64/PicPacPresentation.SwiftFileList -DSWIFT_PACKAGE -DDEBUG -DSWIFT_MODULE_RESOURCE_BUNDLE_UNAVAILABLE -DXcode -plugin-path /Applications/Xcode.app/Contents/Developer/Toolchains/XcodeDefault.xctoolchain/usr/lib/swift/host/plugins/testing -enable-experimental-feature DebugDescriptionMacro -sdk /Applications/Xcode.app/Contents/Developer/Platforms/iPhoneSimulator.platform/Developer/SDKs/iPhoneSimulator26.5.sdk -target arm64-apple-ios17.0-simulator -g -module-cache-path /tmp/picpac-phase3-recovery-build-03d44f794ef9-20260925T084220Z/iphonesimulator/ModuleCache.noindex -Xfrontend -serialize-debugging-options -enable-testing -suppress-warnings -index-store-path /tmp/picpac-phase3-recovery-build-03d44f794ef9-20260925T084220Z/iphonesimulator/Index.noindex/DataStore -Xcc -D_LIBCPP_HARDENING_MODE\=_LIBCPP_HARDENING_MODE_DEBUG -swift-version 6 -I /tmp/picpac-phase3-recovery-build-03d44f794ef9-20260925T084220Z/iphonesimulator/Build/Products/Debug-iphonesimulator -Isystem /Applications/Xcode.app/Contents/Developer/Platforms/iPhoneSimulator.platform/Developer/usr/lib -F /tmp/picpac-phase3-recovery-build-03d44f794ef9-20260925T084220Z/iphonesimulator/Build/Products/Debug-iphonesimulator/PackageFrameworks -F /tmp/picpac-phase3-recovery-build-03d44f794ef9-20260925T084220Z/iphonesimulator/Build/Products/Debug-iphonesimulator -F /Applications/Xcode.app/Contents/Developer/Platforms/iPhoneSimulator.platform/Developer/Library/Frameworks -F /Applications/Xcode.app/Contents/Developer/Platforms/iPhoneSimulator.platform/Developer/SDKs/iPhoneSimulator26.5.sdk/Developer/Library/Frameworks -c -j12 -enable-batch-mode -incremental -Xcc -ivfsstatcache -Xcc /tmp/picpac-phase3-recovery-build-03d44f794ef9-20260925T084220Z/iphonesimulator/SDKStatCaches.noindex/iphonesimulator26.5-23F81a-6cfe768891a92b912361537c460fe42b.sdkstatcache -output-file-map /tmp/picpac-phase3-recovery-build-03d44f794ef9-20260925T084220Z/iphonesimulator/Build/Intermediates.noindex/PicPacKit.build/Debug-iphonesimulator/PicPacPresentation.build/Objects-normal/arm64/PicPacPresentation-OutputFileMap.json -use-frontend-parseable-output -save-temps -no-color-diagnostics -explicit-module-build -module-cache-path /tmp/picpac-phase3-recovery-build-03d44f794ef9-20260925T084220Z/iphonesimulator/Build/Intermediates.noindex/SwiftExplicitPrecompiledModules -clang-scanner-module-cache-path /tmp/picpac-phase3-recovery-build-03d44f794ef9-20260925T084220Z/iphonesimulator/ModuleCache.noindex -sdk-module-cache-path /tmp/picpac-phase3-recovery-build-03d44f794ef9-20260925T084220Z/iphonesimulator/ModuleCache.noindex -serialize-diagnostics -emit-dependencies -emit-module -emit-module-path /tmp/picpac-phase3-recovery-build-03d44f794ef9-20260925T084220Z/iphonesimulator/Build/Intermediates.noindex/PicPacKit.build/Debug-iphonesimulator/PicPacPresentation.build/Objects-normal/arm64/PicPacPresentation.swiftmodule -validate-clang-modules-once -clang-build-session-file /tmp/picpac-phase3-recovery-build-03d44f794ef9-20260925T084220Z/iphonesimulator/ModuleCache.noindex/Session.modulevalidation -package-name picpackit -Xcc -I/tmp/picpac-phase3-recovery-build-03d44f794ef9-20260925T084220Z/iphonesimulator/Build/Intermediates.noindex/PicPacKit.build/Debug-iphonesimulator/PicPacPresentation.build/swift-overrides.hmap -emit-const-values -Xfrontend -const-gather-protocols-file -Xfrontend /tmp/picpac-phase3-recovery-build-03d44f794ef9-20260925T084220Z/iphonesimulator/Build/Intermediates.noindex/PicPacKit.build/Debug-iphonesimulator/PicPacPresentation.build/Objects-normal/arm64/PicPacPresentation_const_extract_protocols.json -Xcc -I/tmp/picpac-phase3-recovery-build-03d44f794ef9-20260925T084220Z/iphonesimulator/Build/Products/Debug-iphonesimulator/include -Xcc -I/tmp/picpac-phase3-recovery-build-03d44f794ef9-20260925T084220Z/iphonesimulator/Build/Intermediates.noindex/PicPacKit.build/Debug-iphonesimulator/PicPacPresentation.build/DerivedSources-normal/arm64 -Xcc -I/tmp/picpac-phase3-recovery-build-03d44f794ef9-20260925T084220Z/iphonesimulator/Build/Intermediates.noindex/PicPacKit.build/Debug-iphonesimulator/PicPacPresentation.build/DerivedSources/arm64 -Xcc -I/tmp/picpac-phase3-recovery-build-03d44f794ef9-20260925T084220Z/iphonesimulator/Build/Intermediates.noindex/PicPacKit.build/Debug-iphonesimulator/PicPacPresentation.build/DerivedSources -Xcc -DSWIFT_PACKAGE -Xcc -DDEBUG\=1 -emit-objc-header -emit-objc-header-path /tmp/picpac-phase3-recovery-build-03d44f794ef9-20260925T084220Z/iphonesimulator/Build/Intermediates.noindex/PicPacKit.build/Debug-iphonesimulator/PicPacPresentation.build/Objects-normal/arm64/PicPacPresentation-Swift.h -working-directory /Users/bavabangaru/Developer/pic-pac-poe-ios-native-parity/ios/PicPacPoe.xcodeproj -experimental-emit-module-separately -disable-cmo

SwiftExplicitDependencyGeneratePcm arm64 /tmp/picpac-phase3-recovery-build-03d44f794ef9-20260925T084220Z/iphonesimulator/ModuleCache.noindex/_Builtin_stddef-3F8785DVET5KAK5SY9LI3K9XT.pcm

SwiftExplicitDependencyGeneratePcm arm64 /tmp/picpac-phase3-recovery-build-03d44f794ef9-20260925T084220Z/iphonesimulator/ModuleCache.noindex/ptrauth-8FHSRV4NQKBTRQHI4Q7GTRF7.pcm

SwiftExplicitDependencyGeneratePcm arm64 /tmp/picpac-phase3-recovery-build-03d44f794ef9-20260925T084220Z/iphonesimulator/ModuleCache.noindex/ptrcheck-8IJI0EKPJCTUIS98PKVBKFJNK.pcm

SwiftExplicitDependencyGeneratePcm arm64 /tmp/picpac-phase3-recovery-build-03d44f794ef9-20260925T084220Z/iphonesimulator/ModuleCache.noindex/DeveloperToolsSupport-12ACQ1OVNX4HY6KFLVRH0YO6V.pcm

SwiftExplicitDependencyGeneratePcm arm64 /tmp/picpac-phase3-recovery-build-03d44f794ef9-20260925T084220Z/iphonesimulator/ModuleCache.noindex/SwiftShims-7YCH6TPW1Q48NCOWPYXBZTMYD.pcm

SwiftExplicitDependencyGeneratePcm arm64 /tmp/picpac-phase3-recovery-build-03d44f794ef9-20260925T084220Z/iphonesimulator/ModuleCache.noindex/_Builtin_float-2CFMAFHFTP1UZVH7FRIWHW8UM.pcm

SwiftExplicitDependencyGeneratePcm arm64 /tmp/picpac-phase3-recovery-build-03d44f794ef9-20260925T084220Z/iphonesimulator/ModuleCache.noindex/_AvailabilityInternal-5XYLFSLL9MK8QR3NSSGD7QWB5.pcm

SwiftExplicitDependencyGeneratePcm x86_64 /tmp/picpac-phase3-recovery-build-03d44f794ef9-20260925T084220Z/iphonesimulator/ModuleCache.noindex/_DarwinFoundation1-7H5045PGBYJ2RDGFH7MJUXDXT.pcm

SwiftExplicitDependencyGeneratePcm arm64 /tmp/picpac-phase3-recovery-build-03d44f794ef9-20260925T084220Z/iphonesimulator/ModuleCache.noindex/_Builtin_stdarg-96CSDVVTTJLTP53LN9CCSF4MK.pcm

SwiftExplicitDependencyGeneratePcm arm64 /tmp/picpac-phase3-recovery-build-03d44f794ef9-20260925T084220Z/iphonesimulator/ModuleCache.noindex/_Builtin_stdbool-A5OK47TRJ7OR3INQVRUJRM19Q.pcm

SwiftDriverJobDiscovery normal arm64 Compiling TabularPolicy.swift (in target 'PicPacAI' from project 'PicPacKit')

Ld /tmp/picpac-phase3-recovery-build-03d44f794ef9-20260925T084220Z/iphonesimulator/Build/Intermediates.noindex/PicPacKit.build/Debug-iphonesimulator/PicPacPresentation.build/Objects-normal/arm64/Binary/PicPacPresentation.o normal arm64 (in target 'PicPacPresentation' from project 'PicPacKit')
    cd /Users/bavabangaru/Developer/pic-pac-poe-ios-native-parity/ios/Packages/PicPacKit
    /Applications/Xcode.app/Contents/Developer/Toolchains/XcodeDefault.xctoolchain/usr/bin/clang -Xlinker -reproducible -target arm64-apple-ios17.0-simulator -r -isysroot /Applications/Xcode.app/Contents/Developer/Platforms/iPhoneSimulator.platform/Developer/SDKs/iPhoneSimulator26.5.sdk -O0 -w -F/tmp/picpac-phase3-recovery-build-03d44f794ef9-20260925T084220Z/iphonesimulator/Build/Intermediates.noindex/EagerLinkingTBDs/Debug-iphonesimulator -F/tmp/picpac-phase3-recovery-build-03d44f794ef9-20260925T084220Z/iphonesimulator/Build/Products/Debug-iphonesimulator/PackageFrameworks -F/tmp/picpac-phase3-recovery-build-03d44f794ef9-20260925T084220Z/iphonesimulator/Build/Products/Debug-iphonesimulator -iframework /Applications/Xcode.app/Contents/Developer/Platforms/iPhoneSimulator.platform/Developer/Library/Frameworks -iframework /Applications/Xcode.app/Contents/Developer/Platforms/iPhoneSimulator.platform/Developer/SDKs/iPhoneSimulator26.5.sdk/Developer/Library/Frameworks -filelist /tmp/picpac-phase3-recovery-build-03d44f794ef9-20260925T084220Z/iphonesimulator/Build/Intermediates.noindex/PicPacKit.build/Debug-iphonesimulator/PicPacPresentation.build/Objects-normal/arm64/PicPacPresentation.LinkFileList -nostdlib -Xlinker -object_path_lto -Xlinker /tmp/picpac-phase3-recovery-build-03d44f794ef9-20260925T084220Z/iphonesimulator/Build/Intermediates.noindex/PicPacKit.build/Debug-iphonesimulator/PicPacPresentation.build/Objects-normal/arm64/PicPacPresentation_lto.o -Xlinker -no_deduplicate -Xlinker -objc_abi_version -Xlinker 2 -Xlinker -dependency_info -Xlinker /tmp/picpac-phase3-recovery-build-03d44f794ef9-20260925T084220Z/iphonesimulator/Build/Intermediates.noindex/PicPacKit.build/Debug-iphonesimulator/PicPacPresentation.build/Objects-normal/arm64/PicPacPresentation_dependency_info.dat -fobjc-link-runtime -L/Applications/Xcode.app/Contents/Developer/Toolchains/XcodeDefault.xctoolchain/usr/lib/swift/iphonesimulator -L/usr/lib/swift -Xlinker -add_ast_path -Xlinker /tmp/picpac-phase3-recovery-build-03d44f794ef9-20260925T084220Z/iphonesimulator/Build/Intermediates.noindex/PicPacKit.build/Debug-iphonesimulator/PicPacPresentation.build/Objects-normal/arm64/PicPacPresentation.swiftmodule @/tmp/picpac-phase3-recovery-build-03d44f794ef9-20260925T084220Z/iphonesimulator/Build/Intermediates.noindex/PicPacKit.build/Debug-iphonesimulator/PicPacPresentation.build/Objects-normal/arm64/PicPacPresentation-linker-args.resp -o /tmp/picpac-phase3-recovery-build-03d44f794ef9-20260925T084220Z/iphonesimulator/Build/Intermediates.noindex/PicPacKit.build/Debug-iphonesimulator/PicPacPresentation.build/Objects-normal/arm64/Binary/PicPacPresentation.o

SwiftExplicitDependencyGeneratePcm arm64 /tmp/picpac-phase3-recovery-build-03d44f794ef9-20260925T084220Z/iphonesimulator/ModuleCache.noindex/_SwiftConcurrencyShims-A3X7E1OHSTIC4ZW4AVCEVO4EV.pcm

CreateUniversalBinary /tmp/picpac-phase3-recovery-build-03d44f794ef9-20260925T084220Z/iphonesimulator/Build/Products/Debug-iphonesimulator/PicPacPresentation.o normal arm64\ x86_64 (in target 'PicPacPresentation' from project 'PicPacKit')
    cd /Users/bavabangaru/Developer/pic-pac-poe-ios-native-parity/ios/Packages/PicPacKit
    /Applications/Xcode.app/Contents/Developer/Toolchains/XcodeDefault.xctoolchain/usr/bin/lipo -create /tmp/picpac-phase3-recovery-build-03d44f794ef9-20260925T084220Z/iphonesimulator/Build/Intermediates.noindex/PicPacKit.build/Debug-iphonesimulator/PicPacPresentation.build/Objects-normal/arm64/Binary/PicPacPresentation.o /tmp/picpac-phase3-recovery-build-03d44f794ef9-20260925T084220Z/iphonesimulator/Build/Intermediates.noindex/PicPacKit.build/Debug-iphonesimulator/PicPacPresentation.build/Objects-normal/x86_64/Binary/PicPacPresentation.o -output /tmp/picpac-phase3-recovery-build-03d44f794ef9-20260925T084220Z/iphonesimulator/Build/Products/Debug-iphonesimulator/PicPacPresentation.o

SwiftDriver\ Compilation PicPacAI normal arm64 com.apple.xcode.tools.swift.compiler (in target 'PicPacAI' from project 'PicPacKit')
    cd /Users/bavabangaru/Developer/pic-pac-poe-ios-native-parity/ios/PicPacPoe.xcodeproj
    builtin-Swift-Compilation -- /Applications/Xcode.app/Contents/Developer/Toolchains/XcodeDefault.xctoolchain/usr/bin/swiftc -module-name PicPacAI -Onone @/tmp/picpac-phase3-recovery-build-03d44f794ef9-20260925T084220Z/iphonesimulator/Build/Intermediates.noindex/PicPacKit.build/Debug-iphonesimulator/PicPacAI.build/Objects-normal/arm64/PicPacAI.SwiftFileList -DSWIFT_PACKAGE -DDEBUG -DSWIFT_MODULE_RESOURCE_BUNDLE_AVAILABLE -DXcode -plugin-path /Applications/Xcode.app/Contents/Developer/Toolchains/XcodeDefault.xctoolchain/usr/lib/swift/host/plugins/testing -enable-experimental-feature DebugDescriptionMacro -sdk /Applications/Xcode.app/Contents/Developer/Platforms/iPhoneSimulator.platform/Developer/SDKs/iPhoneSimulator26.5.sdk -target arm64-apple-ios17.0-simulator -g -module-cache-path /tmp/picpac-phase3-recovery-build-03d44f794ef9-20260925T084220Z/iphonesimulator/ModuleCache.noindex -Xfrontend -serialize-debugging-options -enable-testing -suppress-warnings -index-store-path /tmp/picpac-phase3-recovery-build-03d44f794ef9-20260925T084220Z/iphonesimulator/Index.noindex/DataStore -Xcc -D_LIBCPP_HARDENING_MODE\=_LIBCPP_HARDENING_MODE_DEBUG -swift-version 6 -I /tmp/picpac-phase3-recovery-build-03d44f794ef9-20260925T084220Z/iphonesimulator/Build/Products/Debug-iphonesimulator -Isystem /Applications/Xcode.app/Contents/Developer/Platforms/iPhoneSimulator.platform/Developer/usr/lib -F /tmp/picpac-phase3-recovery-build-03d44f794ef9-20260925T084220Z/iphonesimulator/Build/Products/Debug-iphonesimulator/PackageFrameworks -F /tmp/picpac-phase3-recovery-build-03d44f794ef9-20260925T084220Z/iphonesimulator/Build/Products/Debug-iphonesimulator -F /Applications/Xcode.app/Contents/Developer/Platforms/iPhoneSimulator.platform/Developer/Library/Frameworks -F /Applications/Xcode.app/Contents/Developer/Platforms/iPhoneSimulator.platform/Developer/SDKs/iPhoneSimulator26.5.sdk/Developer/Library/Frameworks -c -j12 -enable-batch-mode -incremental -Xcc -ivfsstatcache -Xcc /tmp/picpac-phase3-recovery-build-03d44f794ef9-20260925T084220Z/iphonesimulator/SDKStatCaches.noindex/iphonesimulator26.5-23F81a-6cfe768891a92b912361537c460fe42b.sdkstatcache -output-file-map /tmp/picpac-phase3-recovery-build-03d44f794ef9-20260925T084220Z/iphonesimulator/Build/Intermediates.noindex/PicPacKit.build/Debug-iphonesimulator/PicPacAI.build/Objects-normal/arm64/PicPacAI-OutputFileMap.json -use-frontend-parseable-output -save-temps -no-color-diagnostics -explicit-module-build -module-cache-path /tmp/picpac-phase3-recovery-build-03d44f794ef9-20260925T084220Z/iphonesimulator/Build/Intermediates.noindex/SwiftExplicitPrecompiledModules -clang-scanner-module-cache-path /tmp/picpac-phase3-recovery-build-03d44f794ef9-20260925T084220Z/iphonesimulator/ModuleCache.noindex -sdk-module-cache-path /tmp/picpac-phase3-recovery-build-03d44f794ef9-20260925T084220Z/iphonesimulator/ModuleCache.noindex -serialize-diagnostics -emit-dependencies -emit-module -emit-module-path /tmp/picpac-phase3-recovery-build-03d44f794ef9-20260925T084220Z/iphonesimulator/Build/Intermediates.noindex/PicPacKit.build/Debug-iphonesimulator/PicPacAI.build/Objects-normal/arm64/PicPacAI.swiftmodule -validate-clang-modules-once -clang-build-session-file /tmp/picpac-phase3-recovery-build-03d44f794ef9-20260925T084220Z/iphonesimulator/ModuleCache.noindex/Session.modulevalidation -package-name picpackit -Xcc -I/tmp/picpac-phase3-recovery-build-03d44f794ef9-20260925T084220Z/iphonesimulator/Build/Intermediates.noindex/PicPacKit.build/Debug-iphonesimulator/PicPacAI.build/swift-overrides.hmap -emit-const-values -Xfrontend -const-gather-protocols-file -Xfrontend /tmp/picpac-phase3-recovery-build-03d44f794ef9-20260925T084220Z/iphonesimulator/Build/Intermediates.noindex/PicPacKit.build/Debug-iphonesimulator/PicPacAI.build/Objects-normal/arm64/PicPacAI_const_extract_protocols.json -Xcc -I/tmp/picpac-phase3-recovery-build-03d44f794ef9-20260925T084220Z/iphonesimulator/Build/Products/Debug-iphonesimulator/include -Xcc -I/tmp/picpac-phase3-recovery-build-03d44f794ef9-20260925T084220Z/iphonesimulator/Build/Intermediates.noindex/PicPacKit.build/Debug-iphonesimulator/PicPacAI.build/DerivedSources-normal/arm64 -Xcc -I/tmp/picpac-phase3-recovery-build-03d44f794ef9-20260925T084220Z/iphonesimulator/Build/Intermediates.noindex/PicPacKit.build/Debug-iphonesimulator/PicPacAI.build/DerivedSources/arm64 -Xcc -I/tmp/picpac-phase3-recovery-build-03d44f794ef9-20260925T084220Z/iphonesimulator/Build/Intermediates.noindex/PicPacKit.build/Debug-iphonesimulator/PicPacAI.build/DerivedSources -Xcc -DSWIFT_PACKAGE -Xcc -DDEBUG\=1 -emit-objc-header -emit-objc-header-path /tmp/picpac-phase3-recovery-build-03d44f794ef9-20260925T084220Z/iphonesimulator/Build/Intermediates.noindex/PicPacKit.build/Debug-iphonesimulator/PicPacAI.build/Objects-normal/arm64/PicPacAI-Swift.h -working-directory /Users/bavabangaru/Developer/pic-pac-poe-ios-native-parity/ios/PicPacPoe.xcodeproj -experimental-emit-module-separately -disable-cmo

Ld /tmp/picpac-phase3-recovery-build-03d44f794ef9-20260925T084220Z/iphonesimulator/Build/Intermediates.noindex/PicPacKit.build/Debug-iphonesimulator/PicPacAI.build/Objects-normal/arm64/Binary/PicPacAI.o normal arm64 (in target 'PicPacAI' from project 'PicPacKit')
    cd /Users/bavabangaru/Developer/pic-pac-poe-ios-native-parity/ios/Packages/PicPacKit
    /Applications/Xcode.app/Contents/Developer/Toolchains/XcodeDefault.xctoolchain/usr/bin/clang -Xlinker -reproducible -target arm64-apple-ios17.0-simulator -r -isysroot /Applications/Xcode.app/Contents/Developer/Platforms/iPhoneSimulator.platform/Developer/SDKs/iPhoneSimulator26.5.sdk -O0 -w -F/tmp/picpac-phase3-recovery-build-03d44f794ef9-20260925T084220Z/iphonesimulator/Build/Intermediates.noindex/EagerLinkingTBDs/Debug-iphonesimulator -F/tmp/picpac-phase3-recovery-build-03d44f794ef9-20260925T084220Z/iphonesimulator/Build/Products/Debug-iphonesimulator/PackageFrameworks -F/tmp/picpac-phase3-recovery-build-03d44f794ef9-20260925T084220Z/iphonesimulator/Build/Products/Debug-iphonesimulator -iframework /Applications/Xcode.app/Contents/Developer/Platforms/iPhoneSimulator.platform/Developer/Library/Frameworks -iframework /Applications/Xcode.app/Contents/Developer/Platforms/iPhoneSimulator.platform/Developer/SDKs/iPhoneSimulator26.5.sdk/Developer/Library/Frameworks -filelist /tmp/picpac-phase3-recovery-build-03d44f794ef9-20260925T084220Z/iphonesimulator/Build/Intermediates.noindex/PicPacKit.build/Debug-iphonesimulator/PicPacAI.build/Objects-normal/arm64/PicPacAI.LinkFileList -nostdlib -Xlinker -object_path_lto -Xlinker /tmp/picpac-phase3-recovery-build-03d44f794ef9-20260925T084220Z/iphonesimulator/Build/Intermediates.noindex/PicPacKit.build/Debug-iphonesimulator/PicPacAI.build/Objects-normal/arm64/PicPacAI_lto.o -Xlinker -no_deduplicate -Xlinker -objc_abi_version -Xlinker 2 -Xlinker -dependency_info -Xlinker /tmp/picpac-phase3-recovery-build-03d44f794ef9-20260925T084220Z/iphonesimulator/Build/Intermediates.noindex/PicPacKit.build/Debug-iphonesimulator/PicPacAI.build/Objects-normal/arm64/PicPacAI_dependency_info.dat -fobjc-link-runtime -L/Applications/Xcode.app/Contents/Developer/Toolchains/XcodeDefault.xctoolchain/usr/lib/swift/iphonesimulator -L/usr/lib/swift -Xlinker -add_ast_path -Xlinker /tmp/picpac-phase3-recovery-build-03d44f794ef9-20260925T084220Z/iphonesimulator/Build/Intermediates.noindex/PicPacKit.build/Debug-iphonesimulator/PicPacAI.build/Objects-normal/arm64/PicPacAI.swiftmodule @/tmp/picpac-phase3-recovery-build-03d44f794ef9-20260925T084220Z/iphonesimulator/Build/Intermediates.noindex/PicPacKit.build/Debug-iphonesimulator/PicPacAI.build/Objects-normal/arm64/PicPacAI-linker-args.resp -o /tmp/picpac-phase3-recovery-build-03d44f794ef9-20260925T084220Z/iphonesimulator/Build/Intermediates.noindex/PicPacKit.build/Debug-iphonesimulator/PicPacAI.build/Objects-normal/arm64/Binary/PicPacAI.o

ExtractAppIntentsMetadata (in target 'PicPacPresentation' from project 'PicPacKit')
    cd /Users/bavabangaru/Developer/pic-pac-poe-ios-native-parity/ios/Packages/PicPacKit
    /Applications/Xcode.app/Contents/Developer/Toolchains/XcodeDefault.xctoolchain/usr/bin/appintentsmetadataprocessor --toolchain-dir /Applications/Xcode.app/Contents/Developer/Toolchains/XcodeDefault.xctoolchain --module-name PicPacPresentation --sdk-root /Applications/Xcode.app/Contents/Developer/Platforms/iPhoneSimulator.platform/Developer/SDKs/iPhoneSimulator26.5.sdk --xcode-version 17F113 --platform-family iOS --deployment-target 17.0 --bundle-identifier picpackit.PicPacPresentation --output /tmp/picpac-phase3-recovery-build-03d44f794ef9-20260925T084220Z/iphonesimulator/Build/Products/Debug-iphonesimulator/PicPacPresentation.appintents --target-triple arm64-apple-ios17.0-simulator --target-triple x86_64-apple-ios17.0-simulator --binary-file /tmp/picpac-phase3-recovery-build-03d44f794ef9-20260925T084220Z/iphonesimulator/Build/Products/Debug-iphonesimulator/PicPacPresentation.o --dependency-file /tmp/picpac-phase3-recovery-build-03d44f794ef9-20260925T084220Z/iphonesimulator/Build/Intermediates.noindex/PicPacKit.build/Debug-iphonesimulator/PicPacPresentation.build/Objects-normal/arm64/PicPacPresentation_dependency_info.dat --dependency-file /tmp/picpac-phase3-recovery-build-03d44f794ef9-20260925T084220Z/iphonesimulator/Build/Intermediates.noindex/PicPacKit.build/Debug-iphonesimulator/PicPacPresentation.build/Objects-normal/x86_64/PicPacPresentation_dependency_info.dat --stringsdata-file /tmp/picpac-phase3-recovery-build-03d44f794ef9-20260925T084220Z/iphonesimulator/Build/Intermediates.noindex/PicPacKit.build/Debug-iphonesimulator/PicPacPresentation.build/Objects-normal/arm64/ExtractedAppShortcutsMetadata.stringsdata --stringsdata-file /tmp/picpac-phase3-recovery-build-03d44f794ef9-20260925T084220Z/iphonesimulator/Build/Intermediates.noindex/PicPacKit.build/Debug-iphonesimulator/PicPacPresentation.build/Objects-normal/x86_64/ExtractedAppShortcutsMetadata.stringsdata --source-file-list /tmp/picpac-phase3-recovery-build-03d44f794ef9-20260925T084220Z/iphonesimulator/Build/Intermediates.noindex/PicPacKit.build/Debug-iphonesimulator/PicPacPresentation.build/Objects-normal/arm64/PicPacPresentation.SwiftFileList --source-file-list /tmp/picpac-phase3-recovery-build-03d44f794ef9-20260925T084220Z/iphonesimulator/Build/Intermediates.noindex/PicPacKit.build/Debug-iphonesimulator/PicPacPresentation.build/Objects-normal/x86_64/PicPacPresentation.SwiftFileList --metadata-file-list /tmp/picpac-phase3-recovery-build-03d44f794ef9-20260925T084220Z/iphonesimulator/Build/Intermediates.noindex/PicPacKit.build/Debug-iphonesimulator/PicPacPresentation.build/PicPacPresentation.DependencyMetadataFileList --static-metadata-file-list /tmp/picpac-phase3-recovery-build-03d44f794ef9-20260925T084220Z/iphonesimulator/Build/Intermediates.noindex/PicPacKit.build/Debug-iphonesimulator/PicPacPresentation.build/PicPacPresentation.DependencyStaticMetadataFileList --swift-const-vals-list /tmp/picpac-phase3-recovery-build-03d44f794ef9-20260925T084220Z/iphonesimulator/Build/Intermediates.noindex/PicPacKit.build/Debug-iphonesimulator/PicPacPresentation.build/Objects-normal/arm64/PicPacPresentation.SwiftConstValuesFileList --swift-const-vals-list /tmp/picpac-phase3-recovery-build-03d44f794ef9-20260925T084220Z/iphonesimulator/Build/Intermediates.noindex/PicPacKit.build/Debug-iphonesimulator/PicPacPresentation.build/Objects-normal/x86_64/PicPacPresentation.SwiftConstValuesFileList --force --compile-time-extraction --deployment-aware-processing --validate-assistant-intents --no-app-shortcuts-localization
2026-09-25 04:42:29.563 appintentsmetadataprocessor[83044:115715444] Starting appintentsmetadataprocessor export
2026-09-25 04:42:29.574 appintentsmetadataprocessor[83044:115715444] Extracted no relevant App Intents symbols, skipping writing output

SwiftExplicitDependencyGeneratePcm arm64 /tmp/picpac-phase3-recovery-build-03d44f794ef9-20260925T084220Z/iphonesimulator/ModuleCache.noindex/_DarwinFoundation1-3E6PB7B6Z67D01P0J2CJPWQI9.pcm

SwiftExplicitDependencyGeneratePcm x86_64 /tmp/picpac-phase3-recovery-build-03d44f794ef9-20260925T084220Z/iphonesimulator/ModuleCache.noindex/_Builtin_limits-8WOALOGTPDEZD30V3AMRS3U3H.pcm

SwiftExplicitDependencyGeneratePcm x86_64 /tmp/picpac-phase3-recovery-build-03d44f794ef9-20260925T084220Z/iphonesimulator/ModuleCache.noindex/_DarwinFoundation2-8TSWALC83AV3QRIPMMY7V30VV.pcm

CreateUniversalBinary /tmp/picpac-phase3-recovery-build-03d44f794ef9-20260925T084220Z/iphonesimulator/Build/Products/Debug-iphonesimulator/PicPacAI.o normal arm64\ x86_64 (in target 'PicPacAI' from project 'PicPacKit')
    cd /Users/bavabangaru/Developer/pic-pac-poe-ios-native-parity/ios/Packages/PicPacKit
    /Applications/Xcode.app/Contents/Developer/Toolchains/XcodeDefault.xctoolchain/usr/bin/lipo -create /tmp/picpac-phase3-recovery-build-03d44f794ef9-20260925T084220Z/iphonesimulator/Build/Intermediates.noindex/PicPacKit.build/Debug-iphonesimulator/PicPacAI.build/Objects-normal/arm64/Binary/PicPacAI.o /tmp/picpac-phase3-recovery-build-03d44f794ef9-20260925T084220Z/iphonesimulator/Build/Intermediates.noindex/PicPacKit.build/Debug-iphonesimulator/PicPacAI.build/Objects-normal/x86_64/Binary/PicPacAI.o -output /tmp/picpac-phase3-recovery-build-03d44f794ef9-20260925T084220Z/iphonesimulator/Build/Products/Debug-iphonesimulator/PicPacAI.o

ExtractAppIntentsMetadata (in target 'PicPacAI' from project 'PicPacKit')
    cd /Users/bavabangaru/Developer/pic-pac-poe-ios-native-parity/ios/Packages/PicPacKit
    /Applications/Xcode.app/Contents/Developer/Toolchains/XcodeDefault.xctoolchain/usr/bin/appintentsmetadataprocessor --toolchain-dir /Applications/Xcode.app/Contents/Developer/Toolchains/XcodeDefault.xctoolchain --module-name PicPacAI --sdk-root /Applications/Xcode.app/Contents/Developer/Platforms/iPhoneSimulator.platform/Developer/SDKs/iPhoneSimulator26.5.sdk --xcode-version 17F113 --platform-family iOS --deployment-target 17.0 --bundle-identifier picpackit.PicPacAI --output /tmp/picpac-phase3-recovery-build-03d44f794ef9-20260925T084220Z/iphonesimulator/Build/Products/Debug-iphonesimulator/PicPacAI.appintents --target-triple arm64-apple-ios17.0-simulator --target-triple x86_64-apple-ios17.0-simulator --binary-file /tmp/picpac-phase3-recovery-build-03d44f794ef9-20260925T084220Z/iphonesimulator/Build/Products/Debug-iphonesimulator/PicPacAI.o --dependency-file /tmp/picpac-phase3-recovery-build-03d44f794ef9-20260925T084220Z/iphonesimulator/Build/Intermediates.noindex/PicPacKit.build/Debug-iphonesimulator/PicPacAI.build/Objects-normal/arm64/PicPacAI_dependency_info.dat --dependency-file /tmp/picpac-phase3-recovery-build-03d44f794ef9-20260925T084220Z/iphonesimulator/Build/Intermediates.noindex/PicPacKit.build/Debug-iphonesimulator/PicPacAI.build/Objects-normal/x86_64/PicPacAI_dependency_info.dat --stringsdata-file /tmp/picpac-phase3-recovery-build-03d44f794ef9-20260925T084220Z/iphonesimulator/Build/Intermediates.noindex/PicPacKit.build/Debug-iphonesimulator/PicPacAI.build/Objects-normal/arm64/ExtractedAppShortcutsMetadata.stringsdata --stringsdata-file /tmp/picpac-phase3-recovery-build-03d44f794ef9-20260925T084220Z/iphonesimulator/Build/Intermediates.noindex/PicPacKit.build/Debug-iphonesimulator/PicPacAI.build/Objects-normal/x86_64/ExtractedAppShortcutsMetadata.stringsdata --source-file-list /tmp/picpac-phase3-recovery-build-03d44f794ef9-20260925T084220Z/iphonesimulator/Build/Intermediates.noindex/PicPacKit.build/Debug-iphonesimulator/PicPacAI.build/Objects-normal/arm64/PicPacAI.SwiftFileList --source-file-list /tmp/picpac-phase3-recovery-build-03d44f794ef9-20260925T084220Z/iphonesimulator/Build/Intermediates.noindex/PicPacKit.build/Debug-iphonesimulator/PicPacAI.build/Objects-normal/x86_64/PicPacAI.SwiftFileList --metadata-file-list /tmp/picpac-phase3-recovery-build-03d44f794ef9-20260925T084220Z/iphonesimulator/Build/Intermediates.noindex/PicPacKit.build/Debug-iphonesimulator/PicPacAI.build/PicPacAI.DependencyMetadataFileList --static-metadata-file-list /tmp/picpac-phase3-recovery-build-03d44f794ef9-20260925T084220Z/iphonesimulator/Build/Intermediates.noindex/PicPacKit.build/Debug-iphonesimulator/PicPacAI.build/PicPacAI.DependencyStaticMetadataFileList --swift-const-vals-list /tmp/picpac-phase3-recovery-build-03d44f794ef9-20260925T084220Z/iphonesimulator/Build/Intermediates.noindex/PicPacKit.build/Debug-iphonesimulator/PicPacAI.build/Objects-normal/arm64/PicPacAI.SwiftConstValuesFileList --swift-const-vals-list /tmp/picpac-phase3-recovery-build-03d44f794ef9-20260925T084220Z/iphonesimulator/Build/Intermediates.noindex/PicPacKit.build/Debug-iphonesimulator/PicPacAI.build/Objects-normal/x86_64/PicPacAI.SwiftConstValuesFileList --force --compile-time-extraction --deployment-aware-processing --validate-assistant-intents --no-app-shortcuts-localization
2026-09-25 04:42:29.593 appintentsmetadataprocessor[83050:115715467] Starting appintentsmetadataprocessor export
2026-09-25 04:42:29.602 appintentsmetadataprocessor[83050:115715467] Extracted no relevant App Intents symbols, skipping writing output

RegisterExecutionPolicyException /tmp/picpac-phase3-recovery-build-03d44f794ef9-20260925T084220Z/iphonesimulator/Build/Products/Debug-iphonesimulator/PicPacPresentation.o (in target 'PicPacPresentation' from project 'PicPacKit')
    cd /Users/bavabangaru/Developer/pic-pac-poe-ios-native-parity/ios/Packages/PicPacKit
    builtin-RegisterExecutionPolicyException /tmp/picpac-phase3-recovery-build-03d44f794ef9-20260925T084220Z/iphonesimulator/Build/Products/Debug-iphonesimulator/PicPacPresentation.o

RegisterExecutionPolicyException /tmp/picpac-phase3-recovery-build-03d44f794ef9-20260925T084220Z/iphonesimulator/Build/Products/Debug-iphonesimulator/PicPacAI.o (in target 'PicPacAI' from project 'PicPacKit')
    cd /Users/bavabangaru/Developer/pic-pac-poe-ios-native-parity/ios/Packages/PicPacKit
    builtin-RegisterExecutionPolicyException /tmp/picpac-phase3-recovery-build-03d44f794ef9-20260925T084220Z/iphonesimulator/Build/Products/Debug-iphonesimulator/PicPacAI.o

CpResource /tmp/picpac-phase3-recovery-build-03d44f794ef9-20260925T084220Z/iphonesimulator/Build/Products/Debug-iphonesimulator/PicPacPoe.app/fredoka_semibold.ttf /Users/bavabangaru/Developer/pic-pac-poe-ios-native-parity/app/src/main/res/font/fredoka_semibold.ttf (in target 'PicPacPoe' from project 'PicPacPoe')
    cd /Users/bavabangaru/Developer/pic-pac-poe-ios-native-parity/ios
    builtin-copy -exclude .DS_Store -exclude CVS -exclude .svn -exclude .git -exclude .hg -resolve-src-symlinks /Users/bavabangaru/Developer/pic-pac-poe-ios-native-parity/app/src/main/res/font/fredoka_semibold.ttf /tmp/picpac-phase3-recovery-build-03d44f794ef9-20260925T084220Z/iphonesimulator/Build/Products/Debug-iphonesimulator/PicPacPoe.app

Copy /tmp/picpac-phase3-recovery-build-03d44f794ef9-20260925T084220Z/iphonesimulator/Build/Products/Debug-iphonesimulator/PicPacPoe.app/PicPacKit_PicPacAI.bundle /tmp/picpac-phase3-recovery-build-03d44f794ef9-20260925T084220Z/iphonesimulator/Build/Products/Debug-iphonesimulator/PicPacKit_PicPacAI.bundle (in target 'PicPacPoe' from project 'PicPacPoe')
    cd /Users/bavabangaru/Developer/pic-pac-poe-ios-native-parity/ios
    builtin-copy -exclude .DS_Store -exclude CVS -exclude .svn -exclude .git -exclude .hg -resolve-src-symlinks /tmp/picpac-phase3-recovery-build-03d44f794ef9-20260925T084220Z/iphonesimulator/Build/Products/Debug-iphonesimulator/PicPacKit_PicPacAI.bundle /tmp/picpac-phase3-recovery-build-03d44f794ef9-20260925T084220Z/iphonesimulator/Build/Products/Debug-iphonesimulator/PicPacPoe.app

CpResource /tmp/picpac-phase3-recovery-build-03d44f794ef9-20260925T084220Z/iphonesimulator/Build/Products/Debug-iphonesimulator/PicPacPoe.app/fredoka_medium.ttf /Users/bavabangaru/Developer/pic-pac-poe-ios-native-parity/app/src/main/res/font/fredoka_medium.ttf (in target 'PicPacPoe' from project 'PicPacPoe')
    cd /Users/bavabangaru/Developer/pic-pac-poe-ios-native-parity/ios
    builtin-copy -exclude .DS_Store -exclude CVS -exclude .svn -exclude .git -exclude .hg -resolve-src-symlinks /Users/bavabangaru/Developer/pic-pac-poe-ios-native-parity/app/src/main/res/font/fredoka_medium.ttf /tmp/picpac-phase3-recovery-build-03d44f794ef9-20260925T084220Z/iphonesimulator/Build/Products/Debug-iphonesimulator/PicPacPoe.app

CpResource /tmp/picpac-phase3-recovery-build-03d44f794ef9-20260925T084220Z/iphonesimulator/Build/Products/Debug-iphonesimulator/PicPacPoe.app/fredoka-OFL.txt /Users/bavabangaru/Developer/pic-pac-poe-ios-native-parity/app/src/main/assets/licenses/fredoka-OFL.txt (in target 'PicPacPoe' from project 'PicPacPoe')
    cd /Users/bavabangaru/Developer/pic-pac-poe-ios-native-parity/ios
    builtin-copy -exclude .DS_Store -exclude CVS -exclude .svn -exclude .git -exclude .hg -resolve-src-symlinks /Users/bavabangaru/Developer/pic-pac-poe-ios-native-parity/app/src/main/assets/licenses/fredoka-OFL.txt /tmp/picpac-phase3-recovery-build-03d44f794ef9-20260925T084220Z/iphonesimulator/Build/Products/Debug-iphonesimulator/PicPacPoe.app

Ld /tmp/picpac-phase3-recovery-build-03d44f794ef9-20260925T084220Z/iphonesimulator/Build/Intermediates.noindex/PicPacPoe.build/Debug-iphonesimulator/PicPacPoe.build/Objects-normal/arm64/Binary/__preview.dylib normal arm64 (in target 'PicPacPoe' from project 'PicPacPoe')
    cd /Users/bavabangaru/Developer/pic-pac-poe-ios-native-parity/ios
    /Applications/Xcode.app/Contents/Developer/Toolchains/XcodeDefault.xctoolchain/usr/bin/clang -Xlinker -reproducible -target arm64-apple-ios17.0-simulator -dynamiclib -isysroot /Applications/Xcode.app/Contents/Developer/Platforms/iPhoneSimulator.platform/Developer/SDKs/iPhoneSimulator26.5.sdk -O0 -L/tmp/picpac-phase3-recovery-build-03d44f794ef9-20260925T084220Z/iphonesimulator/Build/Products/Debug-iphonesimulator -F/tmp/picpac-phase3-recovery-build-03d44f794ef9-20260925T084220Z/iphonesimulator/Build/Products/Debug-iphonesimulator/PackageFrameworks -F/tmp/picpac-phase3-recovery-build-03d44f794ef9-20260925T084220Z/iphonesimulator/Build/Products/Debug-iphonesimulator/PackageFrameworks -F/tmp/picpac-phase3-recovery-build-03d44f794ef9-20260925T084220Z/iphonesimulator/Build/Products/Debug-iphonesimulator/PackageFrameworks -F/tmp/picpac-phase3-recovery-build-03d44f794ef9-20260925T084220Z/iphonesimulator/Build/Products/Debug-iphonesimulator -install_name @rpath/PicPacPoe.debug.dylib -Xlinker -dead_strip -rdynamic -Xlinker -no_deduplicate -Xlinker -objc_abi_version -Xlinker 2 -Xlinker -dependency_info -Xlinker /tmp/picpac-phase3-recovery-build-03d44f794ef9-20260925T084220Z/iphonesimulator/Build/Intermediates.noindex/PicPacPoe.build/Debug-iphonesimulator/PicPacPoe.build/Objects-normal/arm64/PicPacPoe_dependency_info.dat -o /tmp/picpac-phase3-recovery-build-03d44f794ef9-20260925T084220Z/iphonesimulator/Build/Intermediates.noindex/PicPacPoe.build/Debug-iphonesimulator/PicPacPoe.build/Objects-normal/arm64/Binary/__preview.dylib

Ld /tmp/picpac-phase3-recovery-build-03d44f794ef9-20260925T084220Z/iphonesimulator/Build/Intermediates.noindex/PicPacPoe.build/Debug-iphonesimulator/PicPacPoe.build/Objects-normal/x86_64/Binary/__preview.dylib normal x86_64 (in target 'PicPacPoe' from project 'PicPacPoe')
    cd /Users/bavabangaru/Developer/pic-pac-poe-ios-native-parity/ios
    /Applications/Xcode.app/Contents/Developer/Toolchains/XcodeDefault.xctoolchain/usr/bin/clang -Xlinker -reproducible -target x86_64-apple-ios17.0-simulator -dynamiclib -isysroot /Applications/Xcode.app/Contents/Developer/Platforms/iPhoneSimulator.platform/Developer/SDKs/iPhoneSimulator26.5.sdk -O0 -L/tmp/picpac-phase3-recovery-build-03d44f794ef9-20260925T084220Z/iphonesimulator/Build/Products/Debug-iphonesimulator -F/tmp/picpac-phase3-recovery-build-03d44f794ef9-20260925T084220Z/iphonesimulator/Build/Products/Debug-iphonesimulator/PackageFrameworks -F/tmp/picpac-phase3-recovery-build-03d44f794ef9-20260925T084220Z/iphonesimulator/Build/Products/Debug-iphonesimulator/PackageFrameworks -F/tmp/picpac-phase3-recovery-build-03d44f794ef9-20260925T084220Z/iphonesimulator/Build/Products/Debug-iphonesimulator/PackageFrameworks -F/tmp/picpac-phase3-recovery-build-03d44f794ef9-20260925T084220Z/iphonesimulator/Build/Products/Debug-iphonesimulator -install_name @rpath/PicPacPoe.debug.dylib -Xlinker -dead_strip -rdynamic -Xlinker -no_deduplicate -Xlinker -objc_abi_version -Xlinker 2 -Xlinker -dependency_info -Xlinker /tmp/picpac-phase3-recovery-build-03d44f794ef9-20260925T084220Z/iphonesimulator/Build/Intermediates.noindex/PicPacPoe.build/Debug-iphonesimulator/PicPacPoe.build/Objects-normal/x86_64/PicPacPoe_dependency_info.dat -o /tmp/picpac-phase3-recovery-build-03d44f794ef9-20260925T084220Z/iphonesimulator/Build/Intermediates.noindex/PicPacPoe.build/Debug-iphonesimulator/PicPacPoe.build/Objects-normal/x86_64/Binary/__preview.dylib

SwiftExplicitDependencyGeneratePcm arm64 /tmp/picpac-phase3-recovery-build-03d44f794ef9-20260925T084220Z/iphonesimulator/ModuleCache.noindex/_Builtin_limits-AIHPG1GI49QUN7GCAMI4FWIIR.pcm

SwiftExplicitDependencyGeneratePcm arm64 /tmp/picpac-phase3-recovery-build-03d44f794ef9-20260925T084220Z/iphonesimulator/ModuleCache.noindex/_DarwinFoundation2-CBXJDLDZ51OIUEKZ5FQDANPHH.pcm

SwiftExplicitDependencyGeneratePcm x86_64 /tmp/picpac-phase3-recovery-build-03d44f794ef9-20260925T084220Z/iphonesimulator/ModuleCache.noindex/sys_types-10B17QS7DKB56ZV8VF3MMI686.pcm

SwiftExplicitDependencyGeneratePcm x86_64 /tmp/picpac-phase3-recovery-build-03d44f794ef9-20260925T084220Z/iphonesimulator/ModuleCache.noindex/_Builtin_stdint-7QSQOXID4VND5F60QAB2CH7PM.pcm

SwiftExplicitDependencyGeneratePcm x86_64 /tmp/picpac-phase3-recovery-build-03d44f794ef9-20260925T084220Z/iphonesimulator/ModuleCache.noindex/_Builtin_tgmath-32UZIZ0A4QKNI3Q7PCPEMYSNR.pcm

CreateUniversalBinary /tmp/picpac-phase3-recovery-build-03d44f794ef9-20260925T084220Z/iphonesimulator/Build/Products/Debug-iphonesimulator/PicPacPoe.app/__preview.dylib normal arm64\ x86_64 (in target 'PicPacPoe' from project 'PicPacPoe')
    cd /Users/bavabangaru/Developer/pic-pac-poe-ios-native-parity/ios
    /Applications/Xcode.app/Contents/Developer/Toolchains/XcodeDefault.xctoolchain/usr/bin/lipo -create /tmp/picpac-phase3-recovery-build-03d44f794ef9-20260925T084220Z/iphonesimulator/Build/Intermediates.noindex/PicPacPoe.build/Debug-iphonesimulator/PicPacPoe.build/Objects-normal/arm64/Binary/__preview.dylib /tmp/picpac-phase3-recovery-build-03d44f794ef9-20260925T084220Z/iphonesimulator/Build/Intermediates.noindex/PicPacPoe.build/Debug-iphonesimulator/PicPacPoe.build/Objects-normal/x86_64/Binary/__preview.dylib -output /tmp/picpac-phase3-recovery-build-03d44f794ef9-20260925T084220Z/iphonesimulator/Build/Products/Debug-iphonesimulator/PicPacPoe.app/__preview.dylib

SwiftExplicitDependencyGeneratePcm x86_64 /tmp/picpac-phase3-recovery-build-03d44f794ef9-20260925T084220Z/iphonesimulator/ModuleCache.noindex/_Builtin_stdatomic-4QXYJJHGBCJ2ZTBU5J0F1U47T.pcm

SwiftExplicitDependencyGeneratePcm x86_64 /tmp/picpac-phase3-recovery-build-03d44f794ef9-20260925T084220Z/iphonesimulator/ModuleCache.noindex/_DarwinFoundation3-45Q5QOTD6HL3LGNBUT74NHF1M.pcm

SwiftExplicitDependencyGeneratePcm arm64 /tmp/picpac-phase3-recovery-build-03d44f794ef9-20260925T084220Z/iphonesimulator/ModuleCache.noindex/_Builtin_stdint-DPD3B43KJX306411K2NFA9PC.pcm

SwiftExplicitDependencyGeneratePcm arm64 /tmp/picpac-phase3-recovery-build-03d44f794ef9-20260925T084220Z/iphonesimulator/ModuleCache.noindex/sys_types-2YF4T6FRT2LZKLNPZYRPTQUXV.pcm

SwiftExplicitDependencyGeneratePcm arm64 /tmp/picpac-phase3-recovery-build-03d44f794ef9-20260925T084220Z/iphonesimulator/ModuleCache.noindex/_Builtin_tgmath-3F7XDUF60P4H7GRGMLC3QLDZP.pcm

SwiftExplicitDependencyGeneratePcm arm64 /tmp/picpac-phase3-recovery-build-03d44f794ef9-20260925T084220Z/iphonesimulator/ModuleCache.noindex/_DarwinFoundation3-F5JAURQUMG36C8AAY0DDSMYEG.pcm

SwiftExplicitDependencyGeneratePcm arm64 /tmp/picpac-phase3-recovery-build-03d44f794ef9-20260925T084220Z/iphonesimulator/ModuleCache.noindex/_Builtin_stdatomic-CBZ7GTU1SAGKDISPAJBQ970E5.pcm

SwiftExplicitDependencyGeneratePcm arm64 /tmp/picpac-phase3-recovery-build-03d44f794ef9-20260925T084220Z/iphonesimulator/ModuleCache.noindex/_Builtin_intrinsics-C26W2MEM667D8G45HFVGSZSVO.pcm

SwiftExplicitDependencyGeneratePcm x86_64 /tmp/picpac-phase3-recovery-build-03d44f794ef9-20260925T084220Z/iphonesimulator/ModuleCache.noindex/_Builtin_intrinsics-3FE3MT5G6C003OBDAY5ZFX3KY.pcm

SwiftExplicitDependencyGeneratePcm x86_64 /tmp/picpac-phase3-recovery-build-03d44f794ef9-20260925T084220Z/iphonesimulator/ModuleCache.noindex/_Builtin_inttypes-DX6316PKURJDXK7OK9MAJK9QE.pcm

SwiftExplicitDependencyGeneratePcm x86_64 /tmp/picpac-phase3-recovery-build-03d44f794ef9-20260925T084220Z/iphonesimulator/ModuleCache.noindex/Darwin-4KK6JH9Z7Y5TCK9CGQCGEMWS5.pcm

SwiftExplicitDependencyGeneratePcm arm64 /tmp/picpac-phase3-recovery-build-03d44f794ef9-20260925T084220Z/iphonesimulator/ModuleCache.noindex/_Builtin_inttypes-46E9VHYNJT8G1CK3B3DVYPXED.pcm

SwiftExplicitDependencyGeneratePcm arm64 /tmp/picpac-phase3-recovery-build-03d44f794ef9-20260925T084220Z/iphonesimulator/ModuleCache.noindex/Darwin-8INSJ0DIKP70UDF6RDHQYD63H.pcm

SwiftExplicitDependencyGeneratePcm arm64 /tmp/picpac-phase3-recovery-build-03d44f794ef9-20260925T084220Z/iphonesimulator/ModuleCache.noindex/simd-86TWNGDZ9D8GZV0A2RQXXIW0I.pcm

SwiftExplicitDependencyGeneratePcm x86_64 /tmp/picpac-phase3-recovery-build-03d44f794ef9-20260925T084220Z/iphonesimulator/ModuleCache.noindex/MachO-C5ZWMU20RZ89ZHL9RPEHL9VYA.pcm

SwiftExplicitDependencyGeneratePcm x86_64 /tmp/picpac-phase3-recovery-build-03d44f794ef9-20260925T084220Z/iphonesimulator/ModuleCache.noindex/ObjectiveC-4F637KTR52FABHBOOZOBGZ2LA.pcm

SwiftExplicitDependencyGeneratePcm x86_64 /tmp/picpac-phase3-recovery-build-03d44f794ef9-20260925T084220Z/iphonesimulator/ModuleCache.noindex/simd-67IXUN252CP9NEBWCLW3NFDX4.pcm

SwiftExplicitDependencyGeneratePcm x86_64 /tmp/picpac-phase3-recovery-build-03d44f794ef9-20260925T084220Z/iphonesimulator/ModuleCache.noindex/os_object-EZEBAOXINZ40NGJ3DG686XGRW.pcm

SwiftExplicitDependencyGeneratePcm arm64 /tmp/picpac-phase3-recovery-build-03d44f794ef9-20260925T084220Z/iphonesimulator/ModuleCache.noindex/ObjectiveC-5LBW40EN4XG2HKU80ROOVPKR.pcm

SwiftExplicitDependencyGeneratePcm arm64 /tmp/picpac-phase3-recovery-build-03d44f794ef9-20260925T084220Z/iphonesimulator/ModuleCache.noindex/MachO-8SYCG08GLCBH4NW1XCOTP63KG.pcm

SwiftExplicitDependencyGeneratePcm x86_64 /tmp/picpac-phase3-recovery-build-03d44f794ef9-20260925T084220Z/iphonesimulator/ModuleCache.noindex/os_workgroup-B8WFOJU95N0FVEG4UKZO4MLQ3.pcm

SwiftExplicitDependencyGeneratePcm arm64 /tmp/picpac-phase3-recovery-build-03d44f794ef9-20260925T084220Z/iphonesimulator/ModuleCache.noindex/os_object-44ZZ1RA4NHJ1AQMC8FLIPRD3C.pcm

SwiftExplicitDependencyGeneratePcm x86_64 /tmp/picpac-phase3-recovery-build-03d44f794ef9-20260925T084220Z/iphonesimulator/ModuleCache.noindex/Dispatch-CK9VDLKPRQ2X6QA7GNKGW29IS.pcm

SwiftExplicitDependencyGeneratePcm arm64 /tmp/picpac-phase3-recovery-build-03d44f794ef9-20260925T084220Z/iphonesimulator/ModuleCache.noindex/os_workgroup-217FMZNN80VS34SC3CPC1IGZS.pcm

SwiftExplicitDependencyGeneratePcm x86_64 /tmp/picpac-phase3-recovery-build-03d44f794ef9-20260925T084220Z/iphonesimulator/ModuleCache.noindex/dnssd-3AUO2WWA0OXRFGSELJLECYSSA.pcm

SwiftExplicitDependencyGeneratePcm x86_64 /tmp/picpac-phase3-recovery-build-03d44f794ef9-20260925T084220Z/iphonesimulator/ModuleCache.noindex/CoreFoundation-A7LTDM1AK0TO8RZ2I9ZGLZ9PR.pcm

SwiftExplicitDependencyGeneratePcm x86_64 /tmp/picpac-phase3-recovery-build-03d44f794ef9-20260925T084220Z/iphonesimulator/ModuleCache.noindex/XPC-8XRRRPEOMV4QWTE64N0R0LM0X.pcm

SwiftExplicitDependencyGeneratePcm arm64 /tmp/picpac-phase3-recovery-build-03d44f794ef9-20260925T084220Z/iphonesimulator/ModuleCache.noindex/Spatial-B7WW7GU0RFF2MNIK5PBOW9FH2.pcm

SwiftExplicitDependencyGeneratePcm arm64 /tmp/picpac-phase3-recovery-build-03d44f794ef9-20260925T084220Z/iphonesimulator/ModuleCache.noindex/Dispatch-6Q34128Z3ZLK1NLZJVNOA67P4.pcm

SwiftExplicitDependencyGeneratePcm x86_64 /tmp/picpac-phase3-recovery-build-03d44f794ef9-20260925T084220Z/iphonesimulator/ModuleCache.noindex/os-9KX8E4G563MU2BEG3KHJBSDT7.pcm

SwiftExplicitDependencyGeneratePcm arm64 /tmp/picpac-phase3-recovery-build-03d44f794ef9-20260925T084220Z/iphonesimulator/ModuleCache.noindex/CoreFoundation-CD3N4DNUOUCV5LQOR6EI9BAAZ.pcm

SwiftExplicitDependencyGeneratePcm arm64 /tmp/picpac-phase3-recovery-build-03d44f794ef9-20260925T084220Z/iphonesimulator/ModuleCache.noindex/dnssd-4AZ3RER1413QIN4COIUPFMP0X.pcm

SwiftExplicitDependencyGeneratePcm arm64 /tmp/picpac-phase3-recovery-build-03d44f794ef9-20260925T084220Z/iphonesimulator/ModuleCache.noindex/XPC-5CHEHRJ0MLMQ1AQLZLEUVEGS5.pcm

SwiftExplicitDependencyGeneratePcm x86_64 /tmp/picpac-phase3-recovery-build-03d44f794ef9-20260925T084220Z/iphonesimulator/ModuleCache.noindex/CoreGraphics-3CYKBQC5CM1H71DL1QAXUO4T3.pcm

SwiftExplicitDependencyGeneratePcm x86_64 /tmp/picpac-phase3-recovery-build-03d44f794ef9-20260925T084220Z/iphonesimulator/ModuleCache.noindex/CFNetwork-6TYYNV3M7SNU1JMSYOQU565FV.pcm

SwiftExplicitDependencyGeneratePcm x86_64 /tmp/picpac-phase3-recovery-build-03d44f794ef9-20260925T084220Z/iphonesimulator/ModuleCache.noindex/Security-DQ03MC21M9O9AND42JH8VYH5Y.pcm

SwiftExplicitDependencyGeneratePcm x86_64 /tmp/picpac-phase3-recovery-build-03d44f794ef9-20260925T084220Z/iphonesimulator/ModuleCache.noindex/CoreAudioTypes-3D0XN20CZX2UCZE49S5ZJ4B8M.pcm

SwiftExplicitDependencyGeneratePcm arm64 /tmp/picpac-phase3-recovery-build-03d44f794ef9-20260925T084220Z/iphonesimulator/ModuleCache.noindex/os-CLQXMO4R2C3ED1SH40EGTLU69.pcm

SwiftExplicitDependencyGeneratePcm x86_64 /tmp/picpac-phase3-recovery-build-03d44f794ef9-20260925T084220Z/iphonesimulator/ModuleCache.noindex/Spatial-CGO4EX9MTOEUHKN9LZRTF6FJU.pcm

SwiftExplicitDependencyGeneratePcm x86_64 /tmp/picpac-phase3-recovery-build-03d44f794ef9-20260925T084220Z/iphonesimulator/ModuleCache.noindex/CoreAudio-PWI1J0PR28O4WF3F3RXNL5PR.pcm

SwiftExplicitDependencyGeneratePcm x86_64 /tmp/picpac-phase3-recovery-build-03d44f794ef9-20260925T084220Z/iphonesimulator/ModuleCache.noindex/Foundation-1BF7KBUCBO4Q92ZP2KHERPJ48.pcm

SwiftExplicitDependencyGeneratePcm x86_64 /tmp/picpac-phase3-recovery-build-03d44f794ef9-20260925T084220Z/iphonesimulator/ModuleCache.noindex/CoreText-D23TEMA79S2SMG17SG8AWY7GJ.pcm

SwiftExplicitDependencyGeneratePcm x86_64 /tmp/picpac-phase3-recovery-build-03d44f794ef9-20260925T084220Z/iphonesimulator/ModuleCache.noindex/ImageIO-BULO96S8FA6MJY3964RCF83AT.pcm

SwiftExplicitDependencyGeneratePcm arm64 /tmp/picpac-phase3-recovery-build-03d44f794ef9-20260925T084220Z/iphonesimulator/ModuleCache.noindex/CFNetwork-2A3XN3ADM9G1GSY1GLNOYQWWO.pcm

SwiftExplicitDependencyGeneratePcm arm64 /tmp/picpac-phase3-recovery-build-03d44f794ef9-20260925T084220Z/iphonesimulator/ModuleCache.noindex/CoreGraphics-AKOSEQTMIBQ24HTO6GX9J7HIE.pcm

SwiftExplicitDependencyGeneratePcm arm64 /tmp/picpac-phase3-recovery-build-03d44f794ef9-20260925T084220Z/iphonesimulator/ModuleCache.noindex/Security-3GDF16XK0V8BD2FTH601NWGKG.pcm

SwiftExplicitDependencyGeneratePcm arm64 /tmp/picpac-phase3-recovery-build-03d44f794ef9-20260925T084220Z/iphonesimulator/ModuleCache.noindex/CoreAudioTypes-8E2KOCQ24HZDNT78JYLQ8VCLL.pcm

SwiftExplicitDependencyGeneratePcm arm64 /tmp/picpac-phase3-recovery-build-03d44f794ef9-20260925T084220Z/iphonesimulator/ModuleCache.noindex/CoreAudio-AMK1YU2L9CXEC77DQNDW26QFL.pcm

SwiftExplicitDependencyGeneratePcm arm64 /tmp/picpac-phase3-recovery-build-03d44f794ef9-20260925T084220Z/iphonesimulator/ModuleCache.noindex/Foundation-AMAQ0N78O48514J9N5K6IBD7H.pcm

SwiftExplicitDependencyGeneratePcm arm64 /tmp/picpac-phase3-recovery-build-03d44f794ef9-20260925T084220Z/iphonesimulator/ModuleCache.noindex/CoreText-S7VX75RDKEQ2F1LI58OVSN2Q.pcm

SwiftExplicitDependencyGeneratePcm arm64 /tmp/picpac-phase3-recovery-build-03d44f794ef9-20260925T084220Z/iphonesimulator/ModuleCache.noindex/ImageIO-8SI3AS2STIS1YWR9LYOVHQ1XO.pcm

SwiftExplicitDependencyGeneratePcm x86_64 /tmp/picpac-phase3-recovery-build-03d44f794ef9-20260925T084220Z/iphonesimulator/ModuleCache.noindex/IOSurface-5VKK8PDLNJJ8Y8ERRAXJ5O6TJ.pcm

SwiftExplicitDependencyGeneratePcm x86_64 /tmp/picpac-phase3-recovery-build-03d44f794ef9-20260925T084220Z/iphonesimulator/ModuleCache.noindex/OpenGLES-CKJFM412PU2ARWYWDQPSY7GEW.pcm

SwiftExplicitDependencyGeneratePcm x86_64 /tmp/picpac-phase3-recovery-build-03d44f794ef9-20260925T084220Z/iphonesimulator/ModuleCache.noindex/CoreData-6OYTQ3JLG763359MNK5L05S0J.pcm

SwiftExplicitDependencyGeneratePcm x86_64 /tmp/picpac-phase3-recovery-build-03d44f794ef9-20260925T084220Z/iphonesimulator/ModuleCache.noindex/UIUtilities-AGPU3V0ANFVK1IH0B2AF0EU3J.pcm

SwiftExplicitDependencyGeneratePcm x86_64 /tmp/picpac-phase3-recovery-build-03d44f794ef9-20260925T084220Z/iphonesimulator/ModuleCache.noindex/UniformTypeIdentifiers-CBLHLJSKY4KMY38X9OIVQYEHB.pcm

SwiftExplicitDependencyGeneratePcm x86_64 /tmp/picpac-phase3-recovery-build-03d44f794ef9-20260925T084220Z/iphonesimulator/ModuleCache.noindex/UserNotifications-1EN6RFKW1A4S8UMME2W8LHIT.pcm

SwiftExplicitDependencyGeneratePcm x86_64 /tmp/picpac-phase3-recovery-build-03d44f794ef9-20260925T084220Z/iphonesimulator/ModuleCache.noindex/CoreMIDI-184JOX82HO8YUOFRXZ4REBMQJ.pcm

SwiftExplicitDependencyGeneratePcm x86_64 /tmp/picpac-phase3-recovery-build-03d44f794ef9-20260925T084220Z/iphonesimulator/ModuleCache.noindex/Accessibility-7S9SUTBQUG9JMJIQ9IN7ELOFX.pcm

SwiftExplicitDependencyGeneratePcm x86_64 /tmp/picpac-phase3-recovery-build-03d44f794ef9-20260925T084220Z/iphonesimulator/ModuleCache.noindex/FileProvider-1OPRZ73IGNFVLBPE3MU1MHID4.pcm

SwiftExplicitDependencyGeneratePcm x86_64 /tmp/picpac-phase3-recovery-build-03d44f794ef9-20260925T084220Z/iphonesimulator/ModuleCache.noindex/Symbols-70DM4Z14WKRKEJCMI7VD9HW1J.pcm

SwiftExplicitDependencyGeneratePcm x86_64 /tmp/picpac-phase3-recovery-build-03d44f794ef9-20260925T084220Z/iphonesimulator/ModuleCache.noindex/OSLog-1M825VQ1IOOHKW5WG495BXCMK.pcm

SwiftExplicitDependencyGeneratePcm x86_64 /tmp/picpac-phase3-recovery-build-03d44f794ef9-20260925T084220Z/iphonesimulator/ModuleCache.noindex/Network-5MN1DWCUQKATMQZI3PT0C6A23.pcm

SwiftExplicitDependencyGeneratePcm x86_64 /tmp/picpac-phase3-recovery-build-03d44f794ef9-20260925T084220Z/iphonesimulator/ModuleCache.noindex/DataDetection-6TTGJA6DBTPH5YBSP4A9WKR4.pcm

SwiftExplicitDependencyGeneratePcm x86_64 /tmp/picpac-phase3-recovery-build-03d44f794ef9-20260925T084220Z/iphonesimulator/ModuleCache.noindex/CoreTransferable-7HTX1HAIMI9ALHAV6IAO9WE6N.pcm

SwiftExplicitDependencyGeneratePcm x86_64 /tmp/picpac-phase3-recovery-build-03d44f794ef9-20260925T084220Z/iphonesimulator/ModuleCache.noindex/Metal-D6UQU282NGCG2E7OQ4SZLZPWW.pcm

SwiftExplicitDependencyGeneratePcm x86_64 /tmp/picpac-phase3-recovery-build-03d44f794ef9-20260925T084220Z/iphonesimulator/ModuleCache.noindex/AudioToolbox-71WCUE10MU51CBDE2XY87X33K.pcm

SwiftExplicitDependencyGeneratePcm arm64 /tmp/picpac-phase3-recovery-build-03d44f794ef9-20260925T084220Z/iphonesimulator/ModuleCache.noindex/DataDetection-B098N3VYYD7DEL5KZOQ9RJZP0.pcm

SwiftExplicitDependencyGeneratePcm arm64 /tmp/picpac-phase3-recovery-build-03d44f794ef9-20260925T084220Z/iphonesimulator/ModuleCache.noindex/Symbols-4UG0PDNBBEK2NDHU5ZFGXSTI9.pcm

SwiftExplicitDependencyGeneratePcm arm64 /tmp/picpac-phase3-recovery-build-03d44f794ef9-20260925T084220Z/iphonesimulator/ModuleCache.noindex/UIUtilities-AWP4TN70X9SKS86ZQ08R08AZE.pcm

SwiftExplicitDependencyGeneratePcm arm64 /tmp/picpac-phase3-recovery-build-03d44f794ef9-20260925T084220Z/iphonesimulator/ModuleCache.noindex/UserNotifications-1SM6YNLDK12KJHYWUG9RR06U5.pcm

SwiftExplicitDependencyGeneratePcm arm64 /tmp/picpac-phase3-recovery-build-03d44f794ef9-20260925T084220Z/iphonesimulator/ModuleCache.noindex/CoreTransferable-82ORZM2QQHH7UGHJO80VD2RF2.pcm

SwiftExplicitDependencyGeneratePcm arm64 /tmp/picpac-phase3-recovery-build-03d44f794ef9-20260925T084220Z/iphonesimulator/ModuleCache.noindex/OpenGLES-CKSVQ29TS8KT2TOQGG5L5V02R.pcm

SwiftExplicitDependencyGeneratePcm arm64 /tmp/picpac-phase3-recovery-build-03d44f794ef9-20260925T084220Z/iphonesimulator/ModuleCache.noindex/CoreMIDI-BSXYW630O257HSV79SZ1D8I3S.pcm

SwiftExplicitDependencyGeneratePcm arm64 /tmp/picpac-phase3-recovery-build-03d44f794ef9-20260925T084220Z/iphonesimulator/ModuleCache.noindex/Network-52MIXQ8NNLDW640QEBA505JTM.pcm

SwiftExplicitDependencyGeneratePcm arm64 /tmp/picpac-phase3-recovery-build-03d44f794ef9-20260925T084220Z/iphonesimulator/ModuleCache.noindex/Accessibility-CL8L7TLPNQR7K9OYHFGHJZZJ2.pcm

SwiftExplicitDependencyGeneratePcm x86_64 /tmp/picpac-phase3-recovery-build-03d44f794ef9-20260925T084220Z/iphonesimulator/ModuleCache.noindex/AVRouting-86H71HO4NM0HU6G37RTOC7FX7.pcm

SwiftExplicitDependencyGeneratePcm arm64 /tmp/picpac-phase3-recovery-build-03d44f794ef9-20260925T084220Z/iphonesimulator/ModuleCache.noindex/CoreData-3DQHVNIWCRDZA8DU11O9YOZ5C.pcm

SwiftExplicitDependencyGeneratePcm arm64 /tmp/picpac-phase3-recovery-build-03d44f794ef9-20260925T084220Z/iphonesimulator/ModuleCache.noindex/OSLog-E775MCL1I99RU46VMXHOV4XQP.pcm

SwiftExplicitDependencyGeneratePcm arm64 /tmp/picpac-phase3-recovery-build-03d44f794ef9-20260925T084220Z/iphonesimulator/ModuleCache.noindex/FileProvider-3XZM1OF0VSN83QI2BTPHT8V32.pcm

SwiftExplicitDependencyGeneratePcm arm64 /tmp/picpac-phase3-recovery-build-03d44f794ef9-20260925T084220Z/iphonesimulator/ModuleCache.noindex/UniformTypeIdentifiers-BPDAJ05Y8XOJYCRZA3ET34ZBW.pcm

SwiftExplicitDependencyGeneratePcm arm64 /tmp/picpac-phase3-recovery-build-03d44f794ef9-20260925T084220Z/iphonesimulator/ModuleCache.noindex/IOSurface-7JZNW3ZC6HODAPOZEIOOZ31CN.pcm

SwiftExplicitDependencyGeneratePcm arm64 /tmp/picpac-phase3-recovery-build-03d44f794ef9-20260925T084220Z/iphonesimulator/ModuleCache.noindex/AudioToolbox-5MCGC1W4PHBL3WPVJ8DSL0HFJ.pcm

SwiftExplicitDependencyGeneratePcm arm64 /tmp/picpac-phase3-recovery-build-03d44f794ef9-20260925T084220Z/iphonesimulator/ModuleCache.noindex/AVRouting-SEJWH90A5SWZKF39L8QVWF28.pcm

SwiftExplicitDependencyGeneratePcm x86_64 /tmp/picpac-phase3-recovery-build-03d44f794ef9-20260925T084220Z/iphonesimulator/ModuleCache.noindex/CoreVideo-8GWYG006FL4A9LXCNND1VPMRE.pcm

SwiftExplicitDependencyGeneratePcm arm64 /tmp/picpac-phase3-recovery-build-03d44f794ef9-20260925T084220Z/iphonesimulator/ModuleCache.noindex/Metal-B0XYJPLA4ZA9ZNKPJOJNE2453.pcm

SwiftExplicitDependencyGeneratePcm x86_64 /tmp/picpac-phase3-recovery-build-03d44f794ef9-20260925T084220Z/iphonesimulator/ModuleCache.noindex/CoreImage-DWDO1NX60PXN2K64FAXGSPHFE.pcm

SwiftExplicitDependencyGeneratePcm x86_64 /tmp/picpac-phase3-recovery-build-03d44f794ef9-20260925T084220Z/iphonesimulator/ModuleCache.noindex/CoreMedia-CPGG1E39B70746H8KWEDUZQC3.pcm

SwiftExplicitDependencyGeneratePcm x86_64 /tmp/picpac-phase3-recovery-build-03d44f794ef9-20260925T084220Z/iphonesimulator/ModuleCache.noindex/QuartzCore-79ZSZ1D4M7L6C6UAZM4Y6R5MG.pcm

SwiftExplicitDependencyGeneratePcm x86_64 /tmp/picpac-phase3-recovery-build-03d44f794ef9-20260925T084220Z/iphonesimulator/ModuleCache.noindex/SwiftUICore-6D76YSTVTBD9JMWSL6V439FC5.pcm

SwiftExplicitDependencyGeneratePcm arm64 /tmp/picpac-phase3-recovery-build-03d44f794ef9-20260925T084220Z/iphonesimulator/ModuleCache.noindex/CoreVideo-BDBB9UZYTS1ABYF6HWJLZLHTR.pcm

SwiftExplicitDependencyGeneratePcm x86_64 /tmp/picpac-phase3-recovery-build-03d44f794ef9-20260925T084220Z/iphonesimulator/ModuleCache.noindex/AVFAudio-9QXPY5RW9JKQ9T94HWIT93LZN.pcm

SwiftExplicitDependencyGeneratePcm x86_64 /tmp/picpac-phase3-recovery-build-03d44f794ef9-20260925T084220Z/iphonesimulator/ModuleCache.noindex/UIKit-9K2WGA7IGHTHSV5I7PRILNOGL.pcm

SwiftExplicitDependencyGeneratePcm x86_64 /tmp/picpac-phase3-recovery-build-03d44f794ef9-20260925T084220Z/iphonesimulator/ModuleCache.noindex/MediaToolbox-2205E7HMAITR4J5XQW14LG82T.pcm

SwiftExplicitDependencyGeneratePcm arm64 /tmp/picpac-phase3-recovery-build-03d44f794ef9-20260925T084220Z/iphonesimulator/ModuleCache.noindex/QuartzCore-7BKD1JRILYXR8WAZZFP4C3GZD.pcm

SwiftExplicitDependencyGeneratePcm arm64 /tmp/picpac-phase3-recovery-build-03d44f794ef9-20260925T084220Z/iphonesimulator/ModuleCache.noindex/CoreImage-4N9RU9FUZ38BVQJZ04KCHOON2.pcm

SwiftExplicitDependencyGeneratePcm arm64 /tmp/picpac-phase3-recovery-build-03d44f794ef9-20260925T084220Z/iphonesimulator/ModuleCache.noindex/CoreMedia-A8N83U6LGIWWMMM97OI6CQM5S.pcm

SwiftExplicitDependencyGeneratePcm x86_64 /tmp/picpac-phase3-recovery-build-03d44f794ef9-20260925T084220Z/iphonesimulator/ModuleCache.noindex/AVFoundation-D6IMK810BADQU6F62UFNGQCIX.pcm

SwiftExplicitDependencyGeneratePcm arm64 /tmp/picpac-phase3-recovery-build-03d44f794ef9-20260925T084220Z/iphonesimulator/ModuleCache.noindex/SwiftUICore-EUQN47KLDGCGY3TSL36IBA8OH.pcm

SwiftExplicitDependencyGeneratePcm arm64 /tmp/picpac-phase3-recovery-build-03d44f794ef9-20260925T084220Z/iphonesimulator/ModuleCache.noindex/UIKit-AM18QHVXGYT8Z1JGGZ7FULJLB.pcm

SwiftExplicitDependencyGeneratePcm arm64 /tmp/picpac-phase3-recovery-build-03d44f794ef9-20260925T084220Z/iphonesimulator/ModuleCache.noindex/AVFAudio-4HEEZDSP1M7C58IYJO9U4HZ7F.pcm

SwiftExplicitDependencyGeneratePcm arm64 /tmp/picpac-phase3-recovery-build-03d44f794ef9-20260925T084220Z/iphonesimulator/ModuleCache.noindex/MediaToolbox-9XVGXG7LMX4MSJGYER7E909KI.pcm

SwiftExplicitDependencyGeneratePcm arm64 /tmp/picpac-phase3-recovery-build-03d44f794ef9-20260925T084220Z/iphonesimulator/ModuleCache.noindex/AVFoundation-96F1CRYRY8WVNPHHWT1LIWI14.pcm

SwiftExplicitDependencyGeneratePcm x86_64 /tmp/picpac-phase3-recovery-build-03d44f794ef9-20260925T084220Z/iphonesimulator/ModuleCache.noindex/SwiftUI-OHG9UE0JDYC46LSPHJZTDEOZ.pcm

SwiftEmitModule normal x86_64 Emitting\ module\ for\ PicPacPoe (in target 'PicPacPoe' from project 'PicPacPoe')

EmitSwiftModule normal x86_64 (in target 'PicPacPoe' from project 'PicPacPoe')
    cd /Users/bavabangaru/Developer/pic-pac-poe-ios-native-parity/ios
    

SwiftCompile normal x86_64 Compiling\ GeneratedAssetSymbols.swift /tmp/picpac-phase3-recovery-build-03d44f794ef9-20260925T084220Z/iphonesimulator/Build/Intermediates.noindex/PicPacPoe.build/Debug-iphonesimulator/PicPacPoe.build/DerivedSources/GeneratedAssetSymbols.swift (in target 'PicPacPoe' from project 'PicPacPoe')

SwiftCompile normal x86_64 /tmp/picpac-phase3-recovery-build-03d44f794ef9-20260925T084220Z/iphonesimulator/Build/Intermediates.noindex/PicPacPoe.build/Debug-iphonesimulator/PicPacPoe.build/DerivedSources/GeneratedAssetSymbols.swift (in target 'PicPacPoe' from project 'PicPacPoe')
    cd /Users/bavabangaru/Developer/pic-pac-poe-ios-native-parity/ios
    

SwiftCompile normal x86_64 Compiling\ FeedbackService.swift /Users/bavabangaru/Developer/pic-pac-poe-ios-native-parity/ios/PicPacPoe/FeedbackService.swift (in target 'PicPacPoe' from project 'PicPacPoe')

SwiftCompile normal x86_64 /Users/bavabangaru/Developer/pic-pac-poe-ios-native-parity/ios/PicPacPoe/FeedbackService.swift (in target 'PicPacPoe' from project 'PicPacPoe')
    cd /Users/bavabangaru/Developer/pic-pac-poe-ios-native-parity/ios
    

SwiftCompile normal x86_64 Compiling\ DebugLaunchConfiguration.swift /Users/bavabangaru/Developer/pic-pac-poe-ios-native-parity/ios/PicPacPoe/DebugLaunchConfiguration.swift (in target 'PicPacPoe' from project 'PicPacPoe')

SwiftCompile normal x86_64 /Users/bavabangaru/Developer/pic-pac-poe-ios-native-parity/ios/PicPacPoe/DebugLaunchConfiguration.swift (in target 'PicPacPoe' from project 'PicPacPoe')
    cd /Users/bavabangaru/Developer/pic-pac-poe-ios-native-parity/ios
    

SwiftCompile normal x86_64 Compiling\ ProductionAIWorker.swift /Users/bavabangaru/Developer/pic-pac-poe-ios-native-parity/ios/PicPacPoe/ProductionAIWorker.swift (in target 'PicPacPoe' from project 'PicPacPoe')

SwiftCompile normal x86_64 /Users/bavabangaru/Developer/pic-pac-poe-ios-native-parity/ios/PicPacPoe/ProductionAIWorker.swift (in target 'PicPacPoe' from project 'PicPacPoe')
    cd /Users/bavabangaru/Developer/pic-pac-poe-ios-native-parity/ios
    

SwiftCompile normal x86_64 Compiling\ GameView.swift /Users/bavabangaru/Developer/pic-pac-poe-ios-native-parity/ios/PicPacPoe/GameView.swift (in target 'PicPacPoe' from project 'PicPacPoe')

SwiftCompile normal x86_64 /Users/bavabangaru/Developer/pic-pac-poe-ios-native-parity/ios/PicPacPoe/GameView.swift (in target 'PicPacPoe' from project 'PicPacPoe')
    cd /Users/bavabangaru/Developer/pic-pac-poe-ios-native-parity/ios
    

SwiftCompile normal x86_64 Compiling\ HomeView.swift /Users/bavabangaru/Developer/pic-pac-poe-ios-native-parity/ios/PicPacPoe/HomeView.swift (in target 'PicPacPoe' from project 'PicPacPoe')

SwiftCompile normal x86_64 /Users/bavabangaru/Developer/pic-pac-poe-ios-native-parity/ios/PicPacPoe/HomeView.swift (in target 'PicPacPoe' from project 'PicPacPoe')
    cd /Users/bavabangaru/Developer/pic-pac-poe-ios-native-parity/ios
    

SwiftCompile normal x86_64 Compiling\ PhysicalBoard.swift /Users/bavabangaru/Developer/pic-pac-poe-ios-native-parity/ios/PicPacPoe/PhysicalBoard.swift (in target 'PicPacPoe' from project 'PicPacPoe')

SwiftCompile normal x86_64 /Users/bavabangaru/Developer/pic-pac-poe-ios-native-parity/ios/PicPacPoe/PhysicalBoard.swift (in target 'PicPacPoe' from project 'PicPacPoe')
    cd /Users/bavabangaru/Developer/pic-pac-poe-ios-native-parity/ios
    

SwiftCompile normal x86_64 Compiling\ PicPacPoeApp.swift /Users/bavabangaru/Developer/pic-pac-poe-ios-native-parity/ios/PicPacPoe/PicPacPoeApp.swift (in target 'PicPacPoe' from project 'PicPacPoe')

SwiftCompile normal x86_64 /Users/bavabangaru/Developer/pic-pac-poe-ios-native-parity/ios/PicPacPoe/PicPacPoeApp.swift (in target 'PicPacPoe' from project 'PicPacPoe')
    cd /Users/bavabangaru/Developer/pic-pac-poe-ios-native-parity/ios
    

SwiftCompile normal x86_64 Compiling\ FormTheme.swift /Users/bavabangaru/Developer/pic-pac-poe-ios-native-parity/ios/PicPacPoe/FormTheme.swift (in target 'PicPacPoe' from project 'PicPacPoe')

SwiftCompile normal x86_64 /Users/bavabangaru/Developer/pic-pac-poe-ios-native-parity/ios/PicPacPoe/FormTheme.swift (in target 'PicPacPoe' from project 'PicPacPoe')
    cd /Users/bavabangaru/Developer/pic-pac-poe-ios-native-parity/ios
    

SwiftCompile normal x86_64 Compiling\ InfoViews.swift /Users/bavabangaru/Developer/pic-pac-poe-ios-native-parity/ios/PicPacPoe/InfoViews.swift (in target 'PicPacPoe' from project 'PicPacPoe')

SwiftCompile normal x86_64 /Users/bavabangaru/Developer/pic-pac-poe-ios-native-parity/ios/PicPacPoe/InfoViews.swift (in target 'PicPacPoe' from project 'PicPacPoe')
    cd /Users/bavabangaru/Developer/pic-pac-poe-ios-native-parity/ios
    

SwiftExplicitDependencyGeneratePcm arm64 /tmp/picpac-phase3-recovery-build-03d44f794ef9-20260925T084220Z/iphonesimulator/ModuleCache.noindex/SwiftUI-2LRBFTPVH8SRQAJMDAEDA095P.pcm

SwiftDriverJobDiscovery normal x86_64 Emitting module for PicPacPoe (in target 'PicPacPoe' from project 'PicPacPoe')

SwiftDriver\ Compilation\ Requirements PicPacPoe normal x86_64 com.apple.xcode.tools.swift.compiler (in target 'PicPacPoe' from project 'PicPacPoe')
    cd /Users/bavabangaru/Developer/pic-pac-poe-ios-native-parity/ios
    builtin-Swift-Compilation-Requirements -- /Applications/Xcode.app/Contents/Developer/Toolchains/XcodeDefault.xctoolchain/usr/bin/swiftc -module-name PicPacPoe -Onone @/tmp/picpac-phase3-recovery-build-03d44f794ef9-20260925T084220Z/iphonesimulator/Build/Intermediates.noindex/PicPacPoe.build/Debug-iphonesimulator/PicPacPoe.build/Objects-normal/x86_64/PicPacPoe.SwiftFileList -DDEBUG -enable-experimental-feature DebugDescriptionMacro -sdk /Applications/Xcode.app/Contents/Developer/Platforms/iPhoneSimulator.platform/Developer/SDKs/iPhoneSimulator26.5.sdk -target x86_64-apple-ios17.0-simulator -g -module-cache-path /tmp/picpac-phase3-recovery-build-03d44f794ef9-20260925T084220Z/iphonesimulator/ModuleCache.noindex -Xfrontend -serialize-debugging-options -enable-testing -index-store-path /tmp/picpac-phase3-recovery-build-03d44f794ef9-20260925T084220Z/iphonesimulator/Index.noindex/DataStore -Xcc -D_LIBCPP_HARDENING_MODE\=_LIBCPP_HARDENING_MODE_DEBUG -swift-version 6 -I /tmp/picpac-phase3-recovery-build-03d44f794ef9-20260925T084220Z/iphonesimulator/Build/Products/Debug-iphonesimulator -F /tmp/picpac-phase3-recovery-build-03d44f794ef9-20260925T084220Z/iphonesimulator/Build/Products/Debug-iphonesimulator/PackageFrameworks -F /tmp/picpac-phase3-recovery-build-03d44f794ef9-20260925T084220Z/iphonesimulator/Build/Products/Debug-iphonesimulator/PackageFrameworks -F /tmp/picpac-phase3-recovery-build-03d44f794ef9-20260925T084220Z/iphonesimulator/Build/Products/Debug-iphonesimulator/PackageFrameworks -F /tmp/picpac-phase3-recovery-build-03d44f794ef9-20260925T084220Z/iphonesimulator/Build/Products/Debug-iphonesimulator -emit-localized-strings -emit-localized-strings-path /tmp/picpac-phase3-recovery-build-03d44f794ef9-20260925T084220Z/iphonesimulator/Build/Intermediates.noindex/PicPacPoe.build/Debug-iphonesimulator/PicPacPoe.build/Objects-normal/x86_64 -c -j12 -enable-batch-mode -incremental -Xcc -ivfsstatcache -Xcc /tmp/picpac-phase3-recovery-build-03d44f794ef9-20260925T084220Z/iphonesimulator/SDKStatCaches.noindex/iphonesimulator26.5-23F81a-6cfe768891a92b912361537c460fe42b.sdkstatcache -output-file-map /tmp/picpac-phase3-recovery-build-03d44f794ef9-20260925T084220Z/iphonesimulator/Build/Intermediates.noindex/PicPacPoe.build/Debug-iphonesimulator/PicPacPoe.build/Objects-normal/x86_64/PicPacPoe-OutputFileMap.json -use-frontend-parseable-output -save-temps -no-color-diagnostics -explicit-module-build -module-cache-path /tmp/picpac-phase3-recovery-build-03d44f794ef9-20260925T084220Z/iphonesimulator/Build/Intermediates.noindex/SwiftExplicitPrecompiledModules -clang-scanner-module-cache-path /tmp/picpac-phase3-recovery-build-03d44f794ef9-20260925T084220Z/iphonesimulator/ModuleCache.noindex -sdk-module-cache-path /tmp/picpac-phase3-recovery-build-03d44f794ef9-20260925T084220Z/iphonesimulator/ModuleCache.noindex -serialize-diagnostics -emit-dependencies -emit-module -emit-module-path /tmp/picpac-phase3-recovery-build-03d44f794ef9-20260925T084220Z/iphonesimulator/Build/Intermediates.noindex/PicPacPoe.build/Debug-iphonesimulator/PicPacPoe.build/Objects-normal/x86_64/PicPacPoe.swiftmodule -validate-clang-modules-once -clang-build-session-file /tmp/picpac-phase3-recovery-build-03d44f794ef9-20260925T084220Z/iphonesimulator/ModuleCache.noindex/Session.modulevalidation -Xcc -I/tmp/picpac-phase3-recovery-build-03d44f794ef9-20260925T084220Z/iphonesimulator/Build/Intermediates.noindex/PicPacPoe.build/Debug-iphonesimulator/PicPacPoe.build/swift-overrides.hmap -emit-const-values -Xfrontend -const-gather-protocols-file -Xfrontend /tmp/picpac-phase3-recovery-build-03d44f794ef9-20260925T084220Z/iphonesimulator/Build/Intermediates.noindex/PicPacPoe.build/Debug-iphonesimulator/PicPacPoe.build/Objects-normal/x86_64/PicPacPoe_const_extract_protocols.json -Xcc -iquote -Xcc /tmp/picpac-phase3-recovery-build-03d44f794ef9-20260925T084220Z/iphonesimulator/Build/Intermediates.noindex/PicPacPoe.build/Debug-iphonesimulator/PicPacPoe.build/PicPacPoe-generated-files.hmap -Xcc -I/tmp/picpac-phase3-recovery-build-03d44f794ef9-20260925T084220Z/iphonesimulator/Build/Intermediates.noindex/PicPacPoe.build/Debug-iphonesimulator/PicPacPoe.build/PicPacPoe-own-target-headers.hmap -Xcc -I/tmp/picpac-phase3-recovery-build-03d44f794ef9-20260925T084220Z/iphonesimulator/Build/Intermediates.noindex/PicPacPoe.build/Debug-iphonesimulator/PicPacPoe.build/PicPacPoe-all-non-framework-target-headers.hmap -Xcc -ivfsoverlay -Xcc /tmp/picpac-phase3-recovery-build-03d44f794ef9-20260925T084220Z/iphonesimulator/Build/Intermediates.noindex/PicPacPoe.build/Debug-iphonesimulator/PicPacPoe-90eff2f9d9e8600d7e53134acd1cb833-VFS-iphonesimulator/all-product-headers.yaml -Xcc -iquote -Xcc /tmp/picpac-phase3-recovery-build-03d44f794ef9-20260925T084220Z/iphonesimulator/Build/Intermediates.noindex/PicPacPoe.build/Debug-iphonesimulator/PicPacPoe.build/PicPacPoe-project-headers.hmap -Xcc -I/tmp/picpac-phase3-recovery-build-03d44f794ef9-20260925T084220Z/iphonesimulator/Build/Products/Debug-iphonesimulator/include -Xcc -I/tmp/picpac-phase3-recovery-build-03d44f794ef9-20260925T084220Z/iphonesimulator/Build/Intermediates.noindex/PicPacPoe.build/Debug-iphonesimulator/PicPacPoe.build/DerivedSources-normal/x86_64 -Xcc -I/tmp/picpac-phase3-recovery-build-03d44f794ef9-20260925T084220Z/iphonesimulator/Build/Intermediates.noindex/PicPacPoe.build/Debug-iphonesimulator/PicPacPoe.build/DerivedSources/x86_64 -Xcc -I/tmp/picpac-phase3-recovery-build-03d44f794ef9-20260925T084220Z/iphonesimulator/Build/Intermediates.noindex/PicPacPoe.build/Debug-iphonesimulator/PicPacPoe.build/DerivedSources -emit-objc-header -emit-objc-header-path /tmp/picpac-phase3-recovery-build-03d44f794ef9-20260925T084220Z/iphonesimulator/Build/Intermediates.noindex/PicPacPoe.build/Debug-iphonesimulator/PicPacPoe.build/Objects-normal/x86_64/PicPacPoe-Swift.h -working-directory /Users/bavabangaru/Developer/pic-pac-poe-ios-native-parity/ios -experimental-emit-module-separately -disable-cmo

SwiftDriverJobDiscovery normal x86_64 Compiling ProductionAIWorker.swift (in target 'PicPacPoe' from project 'PicPacPoe')

Copy /tmp/picpac-phase3-recovery-build-03d44f794ef9-20260925T084220Z/iphonesimulator/Build/Products/Debug-iphonesimulator/PicPacPoe.swiftmodule/x86_64-apple-ios-simulator.swiftmodule /tmp/picpac-phase3-recovery-build-03d44f794ef9-20260925T084220Z/iphonesimulator/Build/Intermediates.noindex/PicPacPoe.build/Debug-iphonesimulator/PicPacPoe.build/Objects-normal/x86_64/PicPacPoe.swiftmodule (in target 'PicPacPoe' from project 'PicPacPoe')
    cd /Users/bavabangaru/Developer/pic-pac-poe-ios-native-parity/ios
    builtin-copy -exclude .DS_Store -exclude CVS -exclude .svn -exclude .git -exclude .hg -resolve-src-symlinks -rename /tmp/picpac-phase3-recovery-build-03d44f794ef9-20260925T084220Z/iphonesimulator/Build/Intermediates.noindex/PicPacPoe.build/Debug-iphonesimulator/PicPacPoe.build/Objects-normal/x86_64/PicPacPoe.swiftmodule /tmp/picpac-phase3-recovery-build-03d44f794ef9-20260925T084220Z/iphonesimulator/Build/Products/Debug-iphonesimulator/PicPacPoe.swiftmodule/x86_64-apple-ios-simulator.swiftmodule

Copy /tmp/picpac-phase3-recovery-build-03d44f794ef9-20260925T084220Z/iphonesimulator/Build/Products/Debug-iphonesimulator/PicPacPoe.swiftmodule/x86_64-apple-ios-simulator.swiftdoc /tmp/picpac-phase3-recovery-build-03d44f794ef9-20260925T084220Z/iphonesimulator/Build/Intermediates.noindex/PicPacPoe.build/Debug-iphonesimulator/PicPacPoe.build/Objects-normal/x86_64/PicPacPoe.swiftdoc (in target 'PicPacPoe' from project 'PicPacPoe')
    cd /Users/bavabangaru/Developer/pic-pac-poe-ios-native-parity/ios
    builtin-copy -exclude .DS_Store -exclude CVS -exclude .svn -exclude .git -exclude .hg -resolve-src-symlinks -rename /tmp/picpac-phase3-recovery-build-03d44f794ef9-20260925T084220Z/iphonesimulator/Build/Intermediates.noindex/PicPacPoe.build/Debug-iphonesimulator/PicPacPoe.build/Objects-normal/x86_64/PicPacPoe.swiftdoc /tmp/picpac-phase3-recovery-build-03d44f794ef9-20260925T084220Z/iphonesimulator/Build/Products/Debug-iphonesimulator/PicPacPoe.swiftmodule/x86_64-apple-ios-simulator.swiftdoc

Copy /tmp/picpac-phase3-recovery-build-03d44f794ef9-20260925T084220Z/iphonesimulator/Build/Products/Debug-iphonesimulator/PicPacPoe.swiftmodule/x86_64-apple-ios-simulator.abi.json /tmp/picpac-phase3-recovery-build-03d44f794ef9-20260925T084220Z/iphonesimulator/Build/Intermediates.noindex/PicPacPoe.build/Debug-iphonesimulator/PicPacPoe.build/Objects-normal/x86_64/PicPacPoe.abi.json (in target 'PicPacPoe' from project 'PicPacPoe')
    cd /Users/bavabangaru/Developer/pic-pac-poe-ios-native-parity/ios
    builtin-copy -exclude .DS_Store -exclude CVS -exclude .svn -exclude .git -exclude .hg -resolve-src-symlinks -rename /tmp/picpac-phase3-recovery-build-03d44f794ef9-20260925T084220Z/iphonesimulator/Build/Intermediates.noindex/PicPacPoe.build/Debug-iphonesimulator/PicPacPoe.build/Objects-normal/x86_64/PicPacPoe.abi.json /tmp/picpac-phase3-recovery-build-03d44f794ef9-20260925T084220Z/iphonesimulator/Build/Products/Debug-iphonesimulator/PicPacPoe.swiftmodule/x86_64-apple-ios-simulator.abi.json

Copy /tmp/picpac-phase3-recovery-build-03d44f794ef9-20260925T084220Z/iphonesimulator/Build/Products/Debug-iphonesimulator/PicPacPoe.swiftmodule/Project/x86_64-apple-ios-simulator.swiftsourceinfo /tmp/picpac-phase3-recovery-build-03d44f794ef9-20260925T084220Z/iphonesimulator/Build/Intermediates.noindex/PicPacPoe.build/Debug-iphonesimulator/PicPacPoe.build/Objects-normal/x86_64/PicPacPoe.swiftsourceinfo (in target 'PicPacPoe' from project 'PicPacPoe')
    cd /Users/bavabangaru/Developer/pic-pac-poe-ios-native-parity/ios
    builtin-copy -exclude .DS_Store -exclude CVS -exclude .svn -exclude .git -exclude .hg -resolve-src-symlinks -rename /tmp/picpac-phase3-recovery-build-03d44f794ef9-20260925T084220Z/iphonesimulator/Build/Intermediates.noindex/PicPacPoe.build/Debug-iphonesimulator/PicPacPoe.build/Objects-normal/x86_64/PicPacPoe.swiftsourceinfo /tmp/picpac-phase3-recovery-build-03d44f794ef9-20260925T084220Z/iphonesimulator/Build/Products/Debug-iphonesimulator/PicPacPoe.swiftmodule/Project/x86_64-apple-ios-simulator.swiftsourceinfo

SwiftEmitModule normal arm64 Emitting\ module\ for\ PicPacPoe (in target 'PicPacPoe' from project 'PicPacPoe')

EmitSwiftModule normal arm64 (in target 'PicPacPoe' from project 'PicPacPoe')
    cd /Users/bavabangaru/Developer/pic-pac-poe-ios-native-parity/ios
    

SwiftCompile normal arm64 Compiling\ PicPacPoeApp.swift /Users/bavabangaru/Developer/pic-pac-poe-ios-native-parity/ios/PicPacPoe/PicPacPoeApp.swift (in target 'PicPacPoe' from project 'PicPacPoe')

SwiftCompile normal arm64 /Users/bavabangaru/Developer/pic-pac-poe-ios-native-parity/ios/PicPacPoe/PicPacPoeApp.swift (in target 'PicPacPoe' from project 'PicPacPoe')
    cd /Users/bavabangaru/Developer/pic-pac-poe-ios-native-parity/ios
    

SwiftCompile normal arm64 Compiling\ InfoViews.swift /Users/bavabangaru/Developer/pic-pac-poe-ios-native-parity/ios/PicPacPoe/InfoViews.swift (in target 'PicPacPoe' from project 'PicPacPoe')

SwiftCompile normal arm64 /Users/bavabangaru/Developer/pic-pac-poe-ios-native-parity/ios/PicPacPoe/InfoViews.swift (in target 'PicPacPoe' from project 'PicPacPoe')
    cd /Users/bavabangaru/Developer/pic-pac-poe-ios-native-parity/ios
    

SwiftDriverJobDiscovery normal x86_64 Compiling GeneratedAssetSymbols.swift (in target 'PicPacPoe' from project 'PicPacPoe')

SwiftCompile normal arm64 Compiling\ GameView.swift /Users/bavabangaru/Developer/pic-pac-poe-ios-native-parity/ios/PicPacPoe/GameView.swift (in target 'PicPacPoe' from project 'PicPacPoe')

SwiftCompile normal arm64 /Users/bavabangaru/Developer/pic-pac-poe-ios-native-parity/ios/PicPacPoe/GameView.swift (in target 'PicPacPoe' from project 'PicPacPoe')
    cd /Users/bavabangaru/Developer/pic-pac-poe-ios-native-parity/ios
    

SwiftDriverJobDiscovery normal arm64 Emitting module for PicPacPoe (in target 'PicPacPoe' from project 'PicPacPoe')

SwiftDriver\ Compilation\ Requirements PicPacPoe normal arm64 com.apple.xcode.tools.swift.compiler (in target 'PicPacPoe' from project 'PicPacPoe')
    cd /Users/bavabangaru/Developer/pic-pac-poe-ios-native-parity/ios
    builtin-Swift-Compilation-Requirements -- /Applications/Xcode.app/Contents/Developer/Toolchains/XcodeDefault.xctoolchain/usr/bin/swiftc -module-name PicPacPoe -Onone @/tmp/picpac-phase3-recovery-build-03d44f794ef9-20260925T084220Z/iphonesimulator/Build/Intermediates.noindex/PicPacPoe.build/Debug-iphonesimulator/PicPacPoe.build/Objects-normal/arm64/PicPacPoe.SwiftFileList -DDEBUG -enable-experimental-feature DebugDescriptionMacro -sdk /Applications/Xcode.app/Contents/Developer/Platforms/iPhoneSimulator.platform/Developer/SDKs/iPhoneSimulator26.5.sdk -target arm64-apple-ios17.0-simulator -g -module-cache-path /tmp/picpac-phase3-recovery-build-03d44f794ef9-20260925T084220Z/iphonesimulator/ModuleCache.noindex -Xfrontend -serialize-debugging-options -enable-testing -index-store-path /tmp/picpac-phase3-recovery-build-03d44f794ef9-20260925T084220Z/iphonesimulator/Index.noindex/DataStore -Xcc -D_LIBCPP_HARDENING_MODE\=_LIBCPP_HARDENING_MODE_DEBUG -swift-version 6 -I /tmp/picpac-phase3-recovery-build-03d44f794ef9-20260925T084220Z/iphonesimulator/Build/Products/Debug-iphonesimulator -F /tmp/picpac-phase3-recovery-build-03d44f794ef9-20260925T084220Z/iphonesimulator/Build/Products/Debug-iphonesimulator/PackageFrameworks -F /tmp/picpac-phase3-recovery-build-03d44f794ef9-20260925T084220Z/iphonesimulator/Build/Products/Debug-iphonesimulator/PackageFrameworks -F /tmp/picpac-phase3-recovery-build-03d44f794ef9-20260925T084220Z/iphonesimulator/Build/Products/Debug-iphonesimulator/PackageFrameworks -F /tmp/picpac-phase3-recovery-build-03d44f794ef9-20260925T084220Z/iphonesimulator/Build/Products/Debug-iphonesimulator -emit-localized-strings -emit-localized-strings-path /tmp/picpac-phase3-recovery-build-03d44f794ef9-20260925T084220Z/iphonesimulator/Build/Intermediates.noindex/PicPacPoe.build/Debug-iphonesimulator/PicPacPoe.build/Objects-normal/arm64 -c -j12 -enable-batch-mode -incremental -Xcc -ivfsstatcache -Xcc /tmp/picpac-phase3-recovery-build-03d44f794ef9-20260925T084220Z/iphonesimulator/SDKStatCaches.noindex/iphonesimulator26.5-23F81a-6cfe768891a92b912361537c460fe42b.sdkstatcache -output-file-map /tmp/picpac-phase3-recovery-build-03d44f794ef9-20260925T084220Z/iphonesimulator/Build/Intermediates.noindex/PicPacPoe.build/Debug-iphonesimulator/PicPacPoe.build/Objects-normal/arm64/PicPacPoe-OutputFileMap.json -use-frontend-parseable-output -save-temps -no-color-diagnostics -explicit-module-build -module-cache-path /tmp/picpac-phase3-recovery-build-03d44f794ef9-20260925T084220Z/iphonesimulator/Build/Intermediates.noindex/SwiftExplicitPrecompiledModules -clang-scanner-module-cache-path /tmp/picpac-phase3-recovery-build-03d44f794ef9-20260925T084220Z/iphonesimulator/ModuleCache.noindex -sdk-module-cache-path /tmp/picpac-phase3-recovery-build-03d44f794ef9-20260925T084220Z/iphonesimulator/ModuleCache.noindex -serialize-diagnostics -emit-dependencies -emit-module -emit-module-path /tmp/picpac-phase3-recovery-build-03d44f794ef9-20260925T084220Z/iphonesimulator/Build/Intermediates.noindex/PicPacPoe.build/Debug-iphonesimulator/PicPacPoe.build/Objects-normal/arm64/PicPacPoe.swiftmodule -validate-clang-modules-once -clang-build-session-file /tmp/picpac-phase3-recovery-build-03d44f794ef9-20260925T084220Z/iphonesimulator/ModuleCache.noindex/Session.modulevalidation -Xcc -I/tmp/picpac-phase3-recovery-build-03d44f794ef9-20260925T084220Z/iphonesimulator/Build/Intermediates.noindex/PicPacPoe.build/Debug-iphonesimulator/PicPacPoe.build/swift-overrides.hmap -emit-const-values -Xfrontend -const-gather-protocols-file -Xfrontend /tmp/picpac-phase3-recovery-build-03d44f794ef9-20260925T084220Z/iphonesimulator/Build/Intermediates.noindex/PicPacPoe.build/Debug-iphonesimulator/PicPacPoe.build/Objects-normal/arm64/PicPacPoe_const_extract_protocols.json -Xcc -iquote -Xcc /tmp/picpac-phase3-recovery-build-03d44f794ef9-20260925T084220Z/iphonesimulator/Build/Intermediates.noindex/PicPacPoe.build/Debug-iphonesimulator/PicPacPoe.build/PicPacPoe-generated-files.hmap -Xcc -I/tmp/picpac-phase3-recovery-build-03d44f794ef9-20260925T084220Z/iphonesimulator/Build/Intermediates.noindex/PicPacPoe.build/Debug-iphonesimulator/PicPacPoe.build/PicPacPoe-own-target-headers.hmap -Xcc -I/tmp/picpac-phase3-recovery-build-03d44f794ef9-20260925T084220Z/iphonesimulator/Build/Intermediates.noindex/PicPacPoe.build/Debug-iphonesimulator/PicPacPoe.build/PicPacPoe-all-non-framework-target-headers.hmap -Xcc -ivfsoverlay -Xcc /tmp/picpac-phase3-recovery-build-03d44f794ef9-20260925T084220Z/iphonesimulator/Build/Intermediates.noindex/PicPacPoe.build/Debug-iphonesimulator/PicPacPoe-90eff2f9d9e8600d7e53134acd1cb833-VFS-iphonesimulator/all-product-headers.yaml -Xcc -iquote -Xcc /tmp/picpac-phase3-recovery-build-03d44f794ef9-20260925T084220Z/iphonesimulator/Build/Intermediates.noindex/PicPacPoe.build/Debug-iphonesimulator/PicPacPoe.build/PicPacPoe-project-headers.hmap -Xcc -I/tmp/picpac-phase3-recovery-build-03d44f794ef9-20260925T084220Z/iphonesimulator/Build/Products/Debug-iphonesimulator/include -Xcc -I/tmp/picpac-phase3-recovery-build-03d44f794ef9-20260925T084220Z/iphonesimulator/Build/Intermediates.noindex/PicPacPoe.build/Debug-iphonesimulator/PicPacPoe.build/DerivedSources-normal/arm64 -Xcc -I/tmp/picpac-phase3-recovery-build-03d44f794ef9-20260925T084220Z/iphonesimulator/Build/Intermediates.noindex/PicPacPoe.build/Debug-iphonesimulator/PicPacPoe.build/DerivedSources/arm64 -Xcc -I/tmp/picpac-phase3-recovery-build-03d44f794ef9-20260925T084220Z/iphonesimulator/Build/Intermediates.noindex/PicPacPoe.build/Debug-iphonesimulator/PicPacPoe.build/DerivedSources -emit-objc-header -emit-objc-header-path /tmp/picpac-phase3-recovery-build-03d44f794ef9-20260925T084220Z/iphonesimulator/Build/Intermediates.noindex/PicPacPoe.build/Debug-iphonesimulator/PicPacPoe.build/Objects-normal/arm64/PicPacPoe-Swift.h -working-directory /Users/bavabangaru/Developer/pic-pac-poe-ios-native-parity/ios -experimental-emit-module-separately -disable-cmo

SwiftDriverJobDiscovery normal x86_64 Compiling FeedbackService.swift (in target 'PicPacPoe' from project 'PicPacPoe')

SwiftCompile normal arm64 Compiling\ DebugLaunchConfiguration.swift /Users/bavabangaru/Developer/pic-pac-poe-ios-native-parity/ios/PicPacPoe/DebugLaunchConfiguration.swift (in target 'PicPacPoe' from project 'PicPacPoe')

SwiftCompile normal arm64 /Users/bavabangaru/Developer/pic-pac-poe-ios-native-parity/ios/PicPacPoe/DebugLaunchConfiguration.swift (in target 'PicPacPoe' from project 'PicPacPoe')
    cd /Users/bavabangaru/Developer/pic-pac-poe-ios-native-parity/ios
    

SwiftMergeGeneratedHeaders /tmp/picpac-phase3-recovery-build-03d44f794ef9-20260925T084220Z/iphonesimulator/Build/Intermediates.noindex/PicPacPoe.build/Debug-iphonesimulator/PicPacPoe.build/DerivedSources/PicPacPoe-Swift.h /tmp/picpac-phase3-recovery-build-03d44f794ef9-20260925T084220Z/iphonesimulator/Build/Intermediates.noindex/PicPacPoe.build/Debug-iphonesimulator/PicPacPoe.build/Objects-normal/arm64/PicPacPoe-Swift.h /tmp/picpac-phase3-recovery-build-03d44f794ef9-20260925T084220Z/iphonesimulator/Build/Intermediates.noindex/PicPacPoe.build/Debug-iphonesimulator/PicPacPoe.build/Objects-normal/x86_64/PicPacPoe-Swift.h (in target 'PicPacPoe' from project 'PicPacPoe')
    cd /Users/bavabangaru/Developer/pic-pac-poe-ios-native-parity/ios
    builtin-swiftHeaderTool -arch arm64 /tmp/picpac-phase3-recovery-build-03d44f794ef9-20260925T084220Z/iphonesimulator/Build/Intermediates.noindex/PicPacPoe.build/Debug-iphonesimulator/PicPacPoe.build/Objects-normal/arm64/PicPacPoe-Swift.h -arch x86_64 /tmp/picpac-phase3-recovery-build-03d44f794ef9-20260925T084220Z/iphonesimulator/Build/Intermediates.noindex/PicPacPoe.build/Debug-iphonesimulator/PicPacPoe.build/Objects-normal/x86_64/PicPacPoe-Swift.h -o /tmp/picpac-phase3-recovery-build-03d44f794ef9-20260925T084220Z/iphonesimulator/Build/Intermediates.noindex/PicPacPoe.build/Debug-iphonesimulator/PicPacPoe.build/DerivedSources/PicPacPoe-Swift.h

SwiftDriverJobDiscovery normal x86_64 Compiling DebugLaunchConfiguration.swift (in target 'PicPacPoe' from project 'PicPacPoe')

Copy /tmp/picpac-phase3-recovery-build-03d44f794ef9-20260925T084220Z/iphonesimulator/Build/Products/Debug-iphonesimulator/PicPacPoe.swiftmodule/arm64-apple-ios-simulator.swiftmodule /tmp/picpac-phase3-recovery-build-03d44f794ef9-20260925T084220Z/iphonesimulator/Build/Intermediates.noindex/PicPacPoe.build/Debug-iphonesimulator/PicPacPoe.build/Objects-normal/arm64/PicPacPoe.swiftmodule (in target 'PicPacPoe' from project 'PicPacPoe')
    cd /Users/bavabangaru/Developer/pic-pac-poe-ios-native-parity/ios
    builtin-copy -exclude .DS_Store -exclude CVS -exclude .svn -exclude .git -exclude .hg -resolve-src-symlinks -rename /tmp/picpac-phase3-recovery-build-03d44f794ef9-20260925T084220Z/iphonesimulator/Build/Intermediates.noindex/PicPacPoe.build/Debug-iphonesimulator/PicPacPoe.build/Objects-normal/arm64/PicPacPoe.swiftmodule /tmp/picpac-phase3-recovery-build-03d44f794ef9-20260925T084220Z/iphonesimulator/Build/Products/Debug-iphonesimulator/PicPacPoe.swiftmodule/arm64-apple-ios-simulator.swiftmodule

Copy /tmp/picpac-phase3-recovery-build-03d44f794ef9-20260925T084220Z/iphonesimulator/Build/Products/Debug-iphonesimulator/PicPacPoe.swiftmodule/arm64-apple-ios-simulator.swiftdoc /tmp/picpac-phase3-recovery-build-03d44f794ef9-20260925T084220Z/iphonesimulator/Build/Intermediates.noindex/PicPacPoe.build/Debug-iphonesimulator/PicPacPoe.build/Objects-normal/arm64/PicPacPoe.swiftdoc (in target 'PicPacPoe' from project 'PicPacPoe')
    cd /Users/bavabangaru/Developer/pic-pac-poe-ios-native-parity/ios
    builtin-copy -exclude .DS_Store -exclude CVS -exclude .svn -exclude .git -exclude .hg -resolve-src-symlinks -rename /tmp/picpac-phase3-recovery-build-03d44f794ef9-20260925T084220Z/iphonesimulator/Build/Intermediates.noindex/PicPacPoe.build/Debug-iphonesimulator/PicPacPoe.build/Objects-normal/arm64/PicPacPoe.swiftdoc /tmp/picpac-phase3-recovery-build-03d44f794ef9-20260925T084220Z/iphonesimulator/Build/Products/Debug-iphonesimulator/PicPacPoe.swiftmodule/arm64-apple-ios-simulator.swiftdoc

Copy /tmp/picpac-phase3-recovery-build-03d44f794ef9-20260925T084220Z/iphonesimulator/Build/Products/Debug-iphonesimulator/PicPacPoe.swiftmodule/arm64-apple-ios-simulator.abi.json /tmp/picpac-phase3-recovery-build-03d44f794ef9-20260925T084220Z/iphonesimulator/Build/Intermediates.noindex/PicPacPoe.build/Debug-iphonesimulator/PicPacPoe.build/Objects-normal/arm64/PicPacPoe.abi.json (in target 'PicPacPoe' from project 'PicPacPoe')
    cd /Users/bavabangaru/Developer/pic-pac-poe-ios-native-parity/ios
    builtin-copy -exclude .DS_Store -exclude CVS -exclude .svn -exclude .git -exclude .hg -resolve-src-symlinks -rename /tmp/picpac-phase3-recovery-build-03d44f794ef9-20260925T084220Z/iphonesimulator/Build/Intermediates.noindex/PicPacPoe.build/Debug-iphonesimulator/PicPacPoe.build/Objects-normal/arm64/PicPacPoe.abi.json /tmp/picpac-phase3-recovery-build-03d44f794ef9-20260925T084220Z/iphonesimulator/Build/Products/Debug-iphonesimulator/PicPacPoe.swiftmodule/arm64-apple-ios-simulator.abi.json

Copy /tmp/picpac-phase3-recovery-build-03d44f794ef9-20260925T084220Z/iphonesimulator/Build/Products/Debug-iphonesimulator/PicPacPoe.swiftmodule/Project/arm64-apple-ios-simulator.swiftsourceinfo /tmp/picpac-phase3-recovery-build-03d44f794ef9-20260925T084220Z/iphonesimulator/Build/Intermediates.noindex/PicPacPoe.build/Debug-iphonesimulator/PicPacPoe.build/Objects-normal/arm64/PicPacPoe.swiftsourceinfo (in target 'PicPacPoe' from project 'PicPacPoe')
    cd /Users/bavabangaru/Developer/pic-pac-poe-ios-native-parity/ios
    builtin-copy -exclude .DS_Store -exclude CVS -exclude .svn -exclude .git -exclude .hg -resolve-src-symlinks -rename /tmp/picpac-phase3-recovery-build-03d44f794ef9-20260925T084220Z/iphonesimulator/Build/Intermediates.noindex/PicPacPoe.build/Debug-iphonesimulator/PicPacPoe.build/Objects-normal/arm64/PicPacPoe.swiftsourceinfo /tmp/picpac-phase3-recovery-build-03d44f794ef9-20260925T084220Z/iphonesimulator/Build/Products/Debug-iphonesimulator/PicPacPoe.swiftmodule/Project/arm64-apple-ios-simulator.swiftsourceinfo

SwiftCompile normal arm64 Compiling\ ProductionAIWorker.swift /Users/bavabangaru/Developer/pic-pac-poe-ios-native-parity/ios/PicPacPoe/ProductionAIWorker.swift (in target 'PicPacPoe' from project 'PicPacPoe')

SwiftCompile normal arm64 /Users/bavabangaru/Developer/pic-pac-poe-ios-native-parity/ios/PicPacPoe/ProductionAIWorker.swift (in target 'PicPacPoe' from project 'PicPacPoe')
    cd /Users/bavabangaru/Developer/pic-pac-poe-ios-native-parity/ios
    

SwiftDriverJobDiscovery normal x86_64 Compiling FormTheme.swift (in target 'PicPacPoe' from project 'PicPacPoe')

SwiftCompile normal arm64 Compiling\ PhysicalBoard.swift /Users/bavabangaru/Developer/pic-pac-poe-ios-native-parity/ios/PicPacPoe/PhysicalBoard.swift (in target 'PicPacPoe' from project 'PicPacPoe')

SwiftCompile normal arm64 /Users/bavabangaru/Developer/pic-pac-poe-ios-native-parity/ios/PicPacPoe/PhysicalBoard.swift (in target 'PicPacPoe' from project 'PicPacPoe')
    cd /Users/bavabangaru/Developer/pic-pac-poe-ios-native-parity/ios
    

SwiftCompile normal arm64 Compiling\ HomeView.swift /Users/bavabangaru/Developer/pic-pac-poe-ios-native-parity/ios/PicPacPoe/HomeView.swift (in target 'PicPacPoe' from project 'PicPacPoe')

SwiftCompile normal arm64 /Users/bavabangaru/Developer/pic-pac-poe-ios-native-parity/ios/PicPacPoe/HomeView.swift (in target 'PicPacPoe' from project 'PicPacPoe')
    cd /Users/bavabangaru/Developer/pic-pac-poe-ios-native-parity/ios
    

SwiftDriverJobDiscovery normal x86_64 Compiling PhysicalBoard.swift (in target 'PicPacPoe' from project 'PicPacPoe')

SwiftCompile normal arm64 Compiling\ GeneratedAssetSymbols.swift /tmp/picpac-phase3-recovery-build-03d44f794ef9-20260925T084220Z/iphonesimulator/Build/Intermediates.noindex/PicPacPoe.build/Debug-iphonesimulator/PicPacPoe.build/DerivedSources/GeneratedAssetSymbols.swift (in target 'PicPacPoe' from project 'PicPacPoe')

SwiftCompile normal arm64 /tmp/picpac-phase3-recovery-build-03d44f794ef9-20260925T084220Z/iphonesimulator/Build/Intermediates.noindex/PicPacPoe.build/Debug-iphonesimulator/PicPacPoe.build/DerivedSources/GeneratedAssetSymbols.swift (in target 'PicPacPoe' from project 'PicPacPoe')
    cd /Users/bavabangaru/Developer/pic-pac-poe-ios-native-parity/ios
    

SwiftDriverJobDiscovery normal x86_64 Compiling PicPacPoeApp.swift (in target 'PicPacPoe' from project 'PicPacPoe')

SwiftCompile normal arm64 Compiling\ FormTheme.swift /Users/bavabangaru/Developer/pic-pac-poe-ios-native-parity/ios/PicPacPoe/FormTheme.swift (in target 'PicPacPoe' from project 'PicPacPoe')

SwiftCompile normal arm64 /Users/bavabangaru/Developer/pic-pac-poe-ios-native-parity/ios/PicPacPoe/FormTheme.swift (in target 'PicPacPoe' from project 'PicPacPoe')
    cd /Users/bavabangaru/Developer/pic-pac-poe-ios-native-parity/ios
    

SwiftDriverJobDiscovery normal x86_64 Compiling InfoViews.swift (in target 'PicPacPoe' from project 'PicPacPoe')

SwiftCompile normal arm64 Compiling\ FeedbackService.swift /Users/bavabangaru/Developer/pic-pac-poe-ios-native-parity/ios/PicPacPoe/FeedbackService.swift (in target 'PicPacPoe' from project 'PicPacPoe')

SwiftCompile normal arm64 /Users/bavabangaru/Developer/pic-pac-poe-ios-native-parity/ios/PicPacPoe/FeedbackService.swift (in target 'PicPacPoe' from project 'PicPacPoe')
    cd /Users/bavabangaru/Developer/pic-pac-poe-ios-native-parity/ios
    

SwiftDriverJobDiscovery normal arm64 Compiling GeneratedAssetSymbols.swift (in target 'PicPacPoe' from project 'PicPacPoe')

SwiftDriverJobDiscovery normal arm64 Compiling ProductionAIWorker.swift (in target 'PicPacPoe' from project 'PicPacPoe')

SwiftDriverJobDiscovery normal x86_64 Compiling HomeView.swift (in target 'PicPacPoe' from project 'PicPacPoe')

SwiftDriverJobDiscovery normal x86_64 Compiling GameView.swift (in target 'PicPacPoe' from project 'PicPacPoe')

SwiftDriver\ Compilation PicPacPoe normal x86_64 com.apple.xcode.tools.swift.compiler (in target 'PicPacPoe' from project 'PicPacPoe')
    cd /Users/bavabangaru/Developer/pic-pac-poe-ios-native-parity/ios
    builtin-Swift-Compilation -- /Applications/Xcode.app/Contents/Developer/Toolchains/XcodeDefault.xctoolchain/usr/bin/swiftc -module-name PicPacPoe -Onone @/tmp/picpac-phase3-recovery-build-03d44f794ef9-20260925T084220Z/iphonesimulator/Build/Intermediates.noindex/PicPacPoe.build/Debug-iphonesimulator/PicPacPoe.build/Objects-normal/x86_64/PicPacPoe.SwiftFileList -DDEBUG -enable-experimental-feature DebugDescriptionMacro -sdk /Applications/Xcode.app/Contents/Developer/Platforms/iPhoneSimulator.platform/Developer/SDKs/iPhoneSimulator26.5.sdk -target x86_64-apple-ios17.0-simulator -g -module-cache-path /tmp/picpac-phase3-recovery-build-03d44f794ef9-20260925T084220Z/iphonesimulator/ModuleCache.noindex -Xfrontend -serialize-debugging-options -enable-testing -index-store-path /tmp/picpac-phase3-recovery-build-03d44f794ef9-20260925T084220Z/iphonesimulator/Index.noindex/DataStore -Xcc -D_LIBCPP_HARDENING_MODE\=_LIBCPP_HARDENING_MODE_DEBUG -swift-version 6 -I /tmp/picpac-phase3-recovery-build-03d44f794ef9-20260925T084220Z/iphonesimulator/Build/Products/Debug-iphonesimulator -F /tmp/picpac-phase3-recovery-build-03d44f794ef9-20260925T084220Z/iphonesimulator/Build/Products/Debug-iphonesimulator/PackageFrameworks -F /tmp/picpac-phase3-recovery-build-03d44f794ef9-20260925T084220Z/iphonesimulator/Build/Products/Debug-iphonesimulator/PackageFrameworks -F /tmp/picpac-phase3-recovery-build-03d44f794ef9-20260925T084220Z/iphonesimulator/Build/Products/Debug-iphonesimulator/PackageFrameworks -F /tmp/picpac-phase3-recovery-build-03d44f794ef9-20260925T084220Z/iphonesimulator/Build/Products/Debug-iphonesimulator -emit-localized-strings -emit-localized-strings-path /tmp/picpac-phase3-recovery-build-03d44f794ef9-20260925T084220Z/iphonesimulator/Build/Intermediates.noindex/PicPacPoe.build/Debug-iphonesimulator/PicPacPoe.build/Objects-normal/x86_64 -c -j12 -enable-batch-mode -incremental -Xcc -ivfsstatcache -Xcc /tmp/picpac-phase3-recovery-build-03d44f794ef9-20260925T084220Z/iphonesimulator/SDKStatCaches.noindex/iphonesimulator26.5-23F81a-6cfe768891a92b912361537c460fe42b.sdkstatcache -output-file-map /tmp/picpac-phase3-recovery-build-03d44f794ef9-20260925T084220Z/iphonesimulator/Build/Intermediates.noindex/PicPacPoe.build/Debug-iphonesimulator/PicPacPoe.build/Objects-normal/x86_64/PicPacPoe-OutputFileMap.json -use-frontend-parseable-output -save-temps -no-color-diagnostics -explicit-module-build -module-cache-path /tmp/picpac-phase3-recovery-build-03d44f794ef9-20260925T084220Z/iphonesimulator/Build/Intermediates.noindex/SwiftExplicitPrecompiledModules -clang-scanner-module-cache-path /tmp/picpac-phase3-recovery-build-03d44f794ef9-20260925T084220Z/iphonesimulator/ModuleCache.noindex -sdk-module-cache-path /tmp/picpac-phase3-recovery-build-03d44f794ef9-20260925T084220Z/iphonesimulator/ModuleCache.noindex -serialize-diagnostics -emit-dependencies -emit-module -emit-module-path /tmp/picpac-phase3-recovery-build-03d44f794ef9-20260925T084220Z/iphonesimulator/Build/Intermediates.noindex/PicPacPoe.build/Debug-iphonesimulator/PicPacPoe.build/Objects-normal/x86_64/PicPacPoe.swiftmodule -validate-clang-modules-once -clang-build-session-file /tmp/picpac-phase3-recovery-build-03d44f794ef9-20260925T084220Z/iphonesimulator/ModuleCache.noindex/Session.modulevalidation -Xcc -I/tmp/picpac-phase3-recovery-build-03d44f794ef9-20260925T084220Z/iphonesimulator/Build/Intermediates.noindex/PicPacPoe.build/Debug-iphonesimulator/PicPacPoe.build/swift-overrides.hmap -emit-const-values -Xfrontend -const-gather-protocols-file -Xfrontend /tmp/picpac-phase3-recovery-build-03d44f794ef9-20260925T084220Z/iphonesimulator/Build/Intermediates.noindex/PicPacPoe.build/Debug-iphonesimulator/PicPacPoe.build/Objects-normal/x86_64/PicPacPoe_const_extract_protocols.json -Xcc -iquote -Xcc /tmp/picpac-phase3-recovery-build-03d44f794ef9-20260925T084220Z/iphonesimulator/Build/Intermediates.noindex/PicPacPoe.build/Debug-iphonesimulator/PicPacPoe.build/PicPacPoe-generated-files.hmap -Xcc -I/tmp/picpac-phase3-recovery-build-03d44f794ef9-20260925T084220Z/iphonesimulator/Build/Intermediates.noindex/PicPacPoe.build/Debug-iphonesimulator/PicPacPoe.build/PicPacPoe-own-target-headers.hmap -Xcc -I/tmp/picpac-phase3-recovery-build-03d44f794ef9-20260925T084220Z/iphonesimulator/Build/Intermediates.noindex/PicPacPoe.build/Debug-iphonesimulator/PicPacPoe.build/PicPacPoe-all-non-framework-target-headers.hmap -Xcc -ivfsoverlay -Xcc /tmp/picpac-phase3-recovery-build-03d44f794ef9-20260925T084220Z/iphonesimulator/Build/Intermediates.noindex/PicPacPoe.build/Debug-iphonesimulator/PicPacPoe-90eff2f9d9e8600d7e53134acd1cb833-VFS-iphonesimulator/all-product-headers.yaml -Xcc -iquote -Xcc /tmp/picpac-phase3-recovery-build-03d44f794ef9-20260925T084220Z/iphonesimulator/Build/Intermediates.noindex/PicPacPoe.build/Debug-iphonesimulator/PicPacPoe.build/PicPacPoe-project-headers.hmap -Xcc -I/tmp/picpac-phase3-recovery-build-03d44f794ef9-20260925T084220Z/iphonesimulator/Build/Products/Debug-iphonesimulator/include -Xcc -I/tmp/picpac-phase3-recovery-build-03d44f794ef9-20260925T084220Z/iphonesimulator/Build/Intermediates.noindex/PicPacPoe.build/Debug-iphonesimulator/PicPacPoe.build/DerivedSources-normal/x86_64 -Xcc -I/tmp/picpac-phase3-recovery-build-03d44f794ef9-20260925T084220Z/iphonesimulator/Build/Intermediates.noindex/PicPacPoe.build/Debug-iphonesimulator/PicPacPoe.build/DerivedSources/x86_64 -Xcc -I/tmp/picpac-phase3-recovery-build-03d44f794ef9-20260925T084220Z/iphonesimulator/Build/Intermediates.noindex/PicPacPoe.build/Debug-iphonesimulator/PicPacPoe.build/DerivedSources -emit-objc-header -emit-objc-header-path /tmp/picpac-phase3-recovery-build-03d44f794ef9-20260925T084220Z/iphonesimulator/Build/Intermediates.noindex/PicPacPoe.build/Debug-iphonesimulator/PicPacPoe.build/Objects-normal/x86_64/PicPacPoe-Swift.h -working-directory /Users/bavabangaru/Developer/pic-pac-poe-ios-native-parity/ios -experimental-emit-module-separately -disable-cmo

Ld /tmp/picpac-phase3-recovery-build-03d44f794ef9-20260925T084220Z/iphonesimulator/Build/Intermediates.noindex/PicPacPoe.build/Debug-iphonesimulator/PicPacPoe.build/Objects-normal/x86_64/Binary/PicPacPoe.debug.dylib normal x86_64 (in target 'PicPacPoe' from project 'PicPacPoe')
    cd /Users/bavabangaru/Developer/pic-pac-poe-ios-native-parity/ios
    /Applications/Xcode.app/Contents/Developer/Toolchains/XcodeDefault.xctoolchain/usr/bin/clang -Xlinker -reproducible -target x86_64-apple-ios17.0-simulator -dynamiclib -isysroot /Applications/Xcode.app/Contents/Developer/Platforms/iPhoneSimulator.platform/Developer/SDKs/iPhoneSimulator26.5.sdk -O0 -L/tmp/picpac-phase3-recovery-build-03d44f794ef9-20260925T084220Z/iphonesimulator/Build/Intermediates.noindex/EagerLinkingTBDs/Debug-iphonesimulator -L/tmp/picpac-phase3-recovery-build-03d44f794ef9-20260925T084220Z/iphonesimulator/Build/Products/Debug-iphonesimulator -F/tmp/picpac-phase3-recovery-build-03d44f794ef9-20260925T084220Z/iphonesimulator/Build/Intermediates.noindex/EagerLinkingTBDs/Debug-iphonesimulator -F/tmp/picpac-phase3-recovery-build-03d44f794ef9-20260925T084220Z/iphonesimulator/Build/Products/Debug-iphonesimulator/PackageFrameworks -F/tmp/picpac-phase3-recovery-build-03d44f794ef9-20260925T084220Z/iphonesimulator/Build/Products/Debug-iphonesimulator/PackageFrameworks -F/tmp/picpac-phase3-recovery-build-03d44f794ef9-20260925T084220Z/iphonesimulator/Build/Products/Debug-iphonesimulator/PackageFrameworks -F/tmp/picpac-phase3-recovery-build-03d44f794ef9-20260925T084220Z/iphonesimulator/Build/Products/Debug-iphonesimulator -filelist /tmp/picpac-phase3-recovery-build-03d44f794ef9-20260925T084220Z/iphonesimulator/Build/Intermediates.noindex/PicPacPoe.build/Debug-iphonesimulator/PicPacPoe.build/Objects-normal/x86_64/PicPacPoe.LinkFileList -install_name @rpath/PicPacPoe.debug.dylib -Xlinker -rpath -Xlinker /usr/lib/swift -Xlinker -rpath -Xlinker /tmp/picpac-phase3-recovery-build-03d44f794ef9-20260925T084220Z/iphonesimulator/Build/Products/Debug-iphonesimulator/PackageFrameworks -Xlinker -dead_strip -Xlinker -object_path_lto -Xlinker /tmp/picpac-phase3-recovery-build-03d44f794ef9-20260925T084220Z/iphonesimulator/Build/Intermediates.noindex/PicPacPoe.build/Debug-iphonesimulator/PicPacPoe.build/Objects-normal/x86_64/PicPacPoe_lto.o -rdynamic -Xlinker -no_deduplicate -Xlinker -objc_abi_version -Xlinker 2 -Xlinker -dependency_info -Xlinker /tmp/picpac-phase3-recovery-build-03d44f794ef9-20260925T084220Z/iphonesimulator/Build/Intermediates.noindex/PicPacPoe.build/Debug-iphonesimulator/PicPacPoe.build/Objects-normal/x86_64/PicPacPoe_dependency_info.dat -fobjc-link-runtime -L/Applications/Xcode.app/Contents/Developer/Toolchains/XcodeDefault.xctoolchain/usr/lib/swift/iphonesimulator -L/usr/lib/swift -Xlinker -add_ast_path -Xlinker /tmp/picpac-phase3-recovery-build-03d44f794ef9-20260925T084220Z/iphonesimulator/Build/Intermediates.noindex/PicPacPoe.build/Debug-iphonesimulator/PicPacPoe.build/Objects-normal/x86_64/PicPacPoe.swiftmodule @/tmp/picpac-phase3-recovery-build-03d44f794ef9-20260925T084220Z/iphonesimulator/Build/Intermediates.noindex/PicPacPoe.build/Debug-iphonesimulator/PicPacPoe.build/Objects-normal/x86_64/PicPacPoe-linker-args.resp -Wl,-no_warn_duplicate_libraries -Wl,-no_warn_duplicate_libraries -Wl,-no_warn_duplicate_libraries -Xlinker -alias -Xlinker _main -Xlinker ___debug_main_executable_dylib_entry_point -o /tmp/picpac-phase3-recovery-build-03d44f794ef9-20260925T084220Z/iphonesimulator/Build/Intermediates.noindex/PicPacPoe.build/Debug-iphonesimulator/PicPacPoe.build/Objects-normal/x86_64/Binary/PicPacPoe.debug.dylib -Xlinker -add_ast_path -Xlinker /tmp/picpac-phase3-recovery-build-03d44f794ef9-20260925T084220Z/iphonesimulator/Build/Intermediates.noindex/PicPacKit.build/Debug-iphonesimulator/PicPacPresentation.build/Objects-normal/x86_64/PicPacPresentation.swiftmodule @/tmp/picpac-phase3-recovery-build-03d44f794ef9-20260925T084220Z/iphonesimulator/Build/Intermediates.noindex/PicPacKit.build/Debug-iphonesimulator/PicPacPresentation.build/Objects-normal/x86_64/PicPacPresentation-linker-args.resp -Xlinker -add_ast_path -Xlinker /tmp/picpac-phase3-recovery-build-03d44f794ef9-20260925T084220Z/iphonesimulator/Build/Intermediates.noindex/PicPacKit.build/Debug-iphonesimulator/PicPacCore.build/Objects-normal/x86_64/PicPacCore.swiftmodule @/tmp/picpac-phase3-recovery-build-03d44f794ef9-20260925T084220Z/iphonesimulator/Build/Intermediates.noindex/PicPacKit.build/Debug-iphonesimulator/PicPacCore.build/Objects-normal/x86_64/PicPacCore-linker-args.resp -Xlinker -add_ast_path -Xlinker /tmp/picpac-phase3-recovery-build-03d44f794ef9-20260925T084220Z/iphonesimulator/Build/Intermediates.noindex/PicPacKit.build/Debug-iphonesimulator/PicPacAI.build/Objects-normal/x86_64/PicPacAI.swiftmodule @/tmp/picpac-phase3-recovery-build-03d44f794ef9-20260925T084220Z/iphonesimulator/Build/Intermediates.noindex/PicPacKit.build/Debug-iphonesimulator/PicPacAI.build/Objects-normal/x86_64/PicPacAI-linker-args.resp

SwiftDriverJobDiscovery normal arm64 Compiling PicPacPoeApp.swift (in target 'PicPacPoe' from project 'PicPacPoe')

SwiftDriverJobDiscovery normal arm64 Compiling InfoViews.swift (in target 'PicPacPoe' from project 'PicPacPoe')

ConstructStubExecutorLinkFileList /tmp/picpac-phase3-recovery-build-03d44f794ef9-20260925T084220Z/iphonesimulator/Build/Intermediates.noindex/PicPacPoe.build/Debug-iphonesimulator/PicPacPoe.build/PicPacPoe-ExecutorLinkFileList-normal-x86_64.txt (in target 'PicPacPoe' from project 'PicPacPoe')
    cd /Users/bavabangaru/Developer/pic-pac-poe-ios-native-parity/ios
    construct-stub-executor-link-file-list /tmp/picpac-phase3-recovery-build-03d44f794ef9-20260925T084220Z/iphonesimulator/Build/Intermediates.noindex/PicPacPoe.build/Debug-iphonesimulator/PicPacPoe.build/Objects-normal/x86_64/Binary/PicPacPoe.debug.dylib /Applications/Xcode.app/Contents/Developer/Platforms/iPhoneSimulator.platform/Developer/usr/lib/libPreviewsJITStubExecutor_no_swift_entry_point.a /Applications/Xcode.app/Contents/Developer/Platforms/iPhoneSimulator.platform/Developer/usr/lib/libPreviewsJITStubExecutor.a --output /tmp/picpac-phase3-recovery-build-03d44f794ef9-20260925T084220Z/iphonesimulator/Build/Intermediates.noindex/PicPacPoe.build/Debug-iphonesimulator/PicPacPoe.build/PicPacPoe-ExecutorLinkFileList-normal-x86_64.txt
note: Using stub executor library with Swift entry point. (in target 'PicPacPoe' from project 'PicPacPoe')

Ld /tmp/picpac-phase3-recovery-build-03d44f794ef9-20260925T084220Z/iphonesimulator/Build/Intermediates.noindex/PicPacPoe.build/Debug-iphonesimulator/PicPacPoe.build/Objects-normal/x86_64/Binary/PicPacPoe normal x86_64 (in target 'PicPacPoe' from project 'PicPacPoe')
    cd /Users/bavabangaru/Developer/pic-pac-poe-ios-native-parity/ios
    /Applications/Xcode.app/Contents/Developer/Toolchains/XcodeDefault.xctoolchain/usr/bin/clang -Xlinker -reproducible -target x86_64-apple-ios17.0-simulator -isysroot /Applications/Xcode.app/Contents/Developer/Platforms/iPhoneSimulator.platform/Developer/SDKs/iPhoneSimulator26.5.sdk -O0 -L/tmp/picpac-phase3-recovery-build-03d44f794ef9-20260925T084220Z/iphonesimulator/Build/Products/Debug-iphonesimulator -F/tmp/picpac-phase3-recovery-build-03d44f794ef9-20260925T084220Z/iphonesimulator/Build/Products/Debug-iphonesimulator/PackageFrameworks -F/tmp/picpac-phase3-recovery-build-03d44f794ef9-20260925T084220Z/iphonesimulator/Build/Products/Debug-iphonesimulator/PackageFrameworks -F/tmp/picpac-phase3-recovery-build-03d44f794ef9-20260925T084220Z/iphonesimulator/Build/Products/Debug-iphonesimulator/PackageFrameworks -F/tmp/picpac-phase3-recovery-build-03d44f794ef9-20260925T084220Z/iphonesimulator/Build/Products/Debug-iphonesimulator -Xlinker -rpath -Xlinker @executable_path -Xlinker -rpath -Xlinker /tmp/picpac-phase3-recovery-build-03d44f794ef9-20260925T084220Z/iphonesimulator/Build/Products/Debug-iphonesimulator/PackageFrameworks -rdynamic -Xlinker -no_deduplicate -Xlinker -objc_abi_version -Xlinker 2 -e ___debug_blank_executor_main -Xlinker -sectcreate -Xlinker __TEXT -Xlinker __debug_dylib -Xlinker /tmp/picpac-phase3-recovery-build-03d44f794ef9-20260925T084220Z/iphonesimulator/Build/Intermediates.noindex/PicPacPoe.build/Debug-iphonesimulator/PicPacPoe.build/PicPacPoe-DebugDylibPath-normal-x86_64.txt -Xlinker -sectcreate -Xlinker __TEXT -Xlinker __debug_instlnm -Xlinker /tmp/picpac-phase3-recovery-build-03d44f794ef9-20260925T084220Z/iphonesimulator/Build/Intermediates.noindex/PicPacPoe.build/Debug-iphonesimulator/PicPacPoe.build/PicPacPoe-DebugDylibInstallName-normal-x86_64.txt -Xlinker -filelist -Xlinker /tmp/picpac-phase3-recovery-build-03d44f794ef9-20260925T084220Z/iphonesimulator/Build/Intermediates.noindex/PicPacPoe.build/Debug-iphonesimulator/PicPacPoe.build/PicPacPoe-ExecutorLinkFileList-normal-x86_64.txt /tmp/picpac-phase3-recovery-build-03d44f794ef9-20260925T084220Z/iphonesimulator/Build/Intermediates.noindex/PicPacPoe.build/Debug-iphonesimulator/PicPacPoe.build/Objects-normal/x86_64/Binary/PicPacPoe.debug.dylib -o /tmp/picpac-phase3-recovery-build-03d44f794ef9-20260925T084220Z/iphonesimulator/Build/Intermediates.noindex/PicPacPoe.build/Debug-iphonesimulator/PicPacPoe.build/Objects-normal/x86_64/Binary/PicPacPoe

SwiftDriverJobDiscovery normal arm64 Compiling FormTheme.swift (in target 'PicPacPoe' from project 'PicPacPoe')

SwiftDriverJobDiscovery normal arm64 Compiling GameView.swift (in target 'PicPacPoe' from project 'PicPacPoe')

SwiftDriverJobDiscovery normal arm64 Compiling PhysicalBoard.swift (in target 'PicPacPoe' from project 'PicPacPoe')

SwiftDriverJobDiscovery normal arm64 Compiling DebugLaunchConfiguration.swift (in target 'PicPacPoe' from project 'PicPacPoe')

SwiftDriverJobDiscovery normal arm64 Compiling FeedbackService.swift (in target 'PicPacPoe' from project 'PicPacPoe')

SwiftDriverJobDiscovery normal arm64 Compiling HomeView.swift (in target 'PicPacPoe' from project 'PicPacPoe')

SwiftDriver\ Compilation PicPacPoe normal arm64 com.apple.xcode.tools.swift.compiler (in target 'PicPacPoe' from project 'PicPacPoe')
    cd /Users/bavabangaru/Developer/pic-pac-poe-ios-native-parity/ios
    builtin-Swift-Compilation -- /Applications/Xcode.app/Contents/Developer/Toolchains/XcodeDefault.xctoolchain/usr/bin/swiftc -module-name PicPacPoe -Onone @/tmp/picpac-phase3-recovery-build-03d44f794ef9-20260925T084220Z/iphonesimulator/Build/Intermediates.noindex/PicPacPoe.build/Debug-iphonesimulator/PicPacPoe.build/Objects-normal/arm64/PicPacPoe.SwiftFileList -DDEBUG -enable-experimental-feature DebugDescriptionMacro -sdk /Applications/Xcode.app/Contents/Developer/Platforms/iPhoneSimulator.platform/Developer/SDKs/iPhoneSimulator26.5.sdk -target arm64-apple-ios17.0-simulator -g -module-cache-path /tmp/picpac-phase3-recovery-build-03d44f794ef9-20260925T084220Z/iphonesimulator/ModuleCache.noindex -Xfrontend -serialize-debugging-options -enable-testing -index-store-path /tmp/picpac-phase3-recovery-build-03d44f794ef9-20260925T084220Z/iphonesimulator/Index.noindex/DataStore -Xcc -D_LIBCPP_HARDENING_MODE\=_LIBCPP_HARDENING_MODE_DEBUG -swift-version 6 -I /tmp/picpac-phase3-recovery-build-03d44f794ef9-20260925T084220Z/iphonesimulator/Build/Products/Debug-iphonesimulator -F /tmp/picpac-phase3-recovery-build-03d44f794ef9-20260925T084220Z/iphonesimulator/Build/Products/Debug-iphonesimulator/PackageFrameworks -F /tmp/picpac-phase3-recovery-build-03d44f794ef9-20260925T084220Z/iphonesimulator/Build/Products/Debug-iphonesimulator/PackageFrameworks -F /tmp/picpac-phase3-recovery-build-03d44f794ef9-20260925T084220Z/iphonesimulator/Build/Products/Debug-iphonesimulator/PackageFrameworks -F /tmp/picpac-phase3-recovery-build-03d44f794ef9-20260925T084220Z/iphonesimulator/Build/Products/Debug-iphonesimulator -emit-localized-strings -emit-localized-strings-path /tmp/picpac-phase3-recovery-build-03d44f794ef9-20260925T084220Z/iphonesimulator/Build/Intermediates.noindex/PicPacPoe.build/Debug-iphonesimulator/PicPacPoe.build/Objects-normal/arm64 -c -j12 -enable-batch-mode -incremental -Xcc -ivfsstatcache -Xcc /tmp/picpac-phase3-recovery-build-03d44f794ef9-20260925T084220Z/iphonesimulator/SDKStatCaches.noindex/iphonesimulator26.5-23F81a-6cfe768891a92b912361537c460fe42b.sdkstatcache -output-file-map /tmp/picpac-phase3-recovery-build-03d44f794ef9-20260925T084220Z/iphonesimulator/Build/Intermediates.noindex/PicPacPoe.build/Debug-iphonesimulator/PicPacPoe.build/Objects-normal/arm64/PicPacPoe-OutputFileMap.json -use-frontend-parseable-output -save-temps -no-color-diagnostics -explicit-module-build -module-cache-path /tmp/picpac-phase3-recovery-build-03d44f794ef9-20260925T084220Z/iphonesimulator/Build/Intermediates.noindex/SwiftExplicitPrecompiledModules -clang-scanner-module-cache-path /tmp/picpac-phase3-recovery-build-03d44f794ef9-20260925T084220Z/iphonesimulator/ModuleCache.noindex -sdk-module-cache-path /tmp/picpac-phase3-recovery-build-03d44f794ef9-20260925T084220Z/iphonesimulator/ModuleCache.noindex -serialize-diagnostics -emit-dependencies -emit-module -emit-module-path /tmp/picpac-phase3-recovery-build-03d44f794ef9-20260925T084220Z/iphonesimulator/Build/Intermediates.noindex/PicPacPoe.build/Debug-iphonesimulator/PicPacPoe.build/Objects-normal/arm64/PicPacPoe.swiftmodule -validate-clang-modules-once -clang-build-session-file /tmp/picpac-phase3-recovery-build-03d44f794ef9-20260925T084220Z/iphonesimulator/ModuleCache.noindex/Session.modulevalidation -Xcc -I/tmp/picpac-phase3-recovery-build-03d44f794ef9-20260925T084220Z/iphonesimulator/Build/Intermediates.noindex/PicPacPoe.build/Debug-iphonesimulator/PicPacPoe.build/swift-overrides.hmap -emit-const-values -Xfrontend -const-gather-protocols-file -Xfrontend /tmp/picpac-phase3-recovery-build-03d44f794ef9-20260925T084220Z/iphonesimulator/Build/Intermediates.noindex/PicPacPoe.build/Debug-iphonesimulator/PicPacPoe.build/Objects-normal/arm64/PicPacPoe_const_extract_protocols.json -Xcc -iquote -Xcc /tmp/picpac-phase3-recovery-build-03d44f794ef9-20260925T084220Z/iphonesimulator/Build/Intermediates.noindex/PicPacPoe.build/Debug-iphonesimulator/PicPacPoe.build/PicPacPoe-generated-files.hmap -Xcc -I/tmp/picpac-phase3-recovery-build-03d44f794ef9-20260925T084220Z/iphonesimulator/Build/Intermediates.noindex/PicPacPoe.build/Debug-iphonesimulator/PicPacPoe.build/PicPacPoe-own-target-headers.hmap -Xcc -I/tmp/picpac-phase3-recovery-build-03d44f794ef9-20260925T084220Z/iphonesimulator/Build/Intermediates.noindex/PicPacPoe.build/Debug-iphonesimulator/PicPacPoe.build/PicPacPoe-all-non-framework-target-headers.hmap -Xcc -ivfsoverlay -Xcc /tmp/picpac-phase3-recovery-build-03d44f794ef9-20260925T084220Z/iphonesimulator/Build/Intermediates.noindex/PicPacPoe.build/Debug-iphonesimulator/PicPacPoe-90eff2f9d9e8600d7e53134acd1cb833-VFS-iphonesimulator/all-product-headers.yaml -Xcc -iquote -Xcc /tmp/picpac-phase3-recovery-build-03d44f794ef9-20260925T084220Z/iphonesimulator/Build/Intermediates.noindex/PicPacPoe.build/Debug-iphonesimulator/PicPacPoe.build/PicPacPoe-project-headers.hmap -Xcc -I/tmp/picpac-phase3-recovery-build-03d44f794ef9-20260925T084220Z/iphonesimulator/Build/Products/Debug-iphonesimulator/include -Xcc -I/tmp/picpac-phase3-recovery-build-03d44f794ef9-20260925T084220Z/iphonesimulator/Build/Intermediates.noindex/PicPacPoe.build/Debug-iphonesimulator/PicPacPoe.build/DerivedSources-normal/arm64 -Xcc -I/tmp/picpac-phase3-recovery-build-03d44f794ef9-20260925T084220Z/iphonesimulator/Build/Intermediates.noindex/PicPacPoe.build/Debug-iphonesimulator/PicPacPoe.build/DerivedSources/arm64 -Xcc -I/tmp/picpac-phase3-recovery-build-03d44f794ef9-20260925T084220Z/iphonesimulator/Build/Intermediates.noindex/PicPacPoe.build/Debug-iphonesimulator/PicPacPoe.build/DerivedSources -emit-objc-header -emit-objc-header-path /tmp/picpac-phase3-recovery-build-03d44f794ef9-20260925T084220Z/iphonesimulator/Build/Intermediates.noindex/PicPacPoe.build/Debug-iphonesimulator/PicPacPoe.build/Objects-normal/arm64/PicPacPoe-Swift.h -working-directory /Users/bavabangaru/Developer/pic-pac-poe-ios-native-parity/ios -experimental-emit-module-separately -disable-cmo

Ld /tmp/picpac-phase3-recovery-build-03d44f794ef9-20260925T084220Z/iphonesimulator/Build/Intermediates.noindex/PicPacPoe.build/Debug-iphonesimulator/PicPacPoe.build/Objects-normal/arm64/Binary/PicPacPoe.debug.dylib normal arm64 (in target 'PicPacPoe' from project 'PicPacPoe')
    cd /Users/bavabangaru/Developer/pic-pac-poe-ios-native-parity/ios
    /Applications/Xcode.app/Contents/Developer/Toolchains/XcodeDefault.xctoolchain/usr/bin/clang -Xlinker -reproducible -target arm64-apple-ios17.0-simulator -dynamiclib -isysroot /Applications/Xcode.app/Contents/Developer/Platforms/iPhoneSimulator.platform/Developer/SDKs/iPhoneSimulator26.5.sdk -O0 -L/tmp/picpac-phase3-recovery-build-03d44f794ef9-20260925T084220Z/iphonesimulator/Build/Intermediates.noindex/EagerLinkingTBDs/Debug-iphonesimulator -L/tmp/picpac-phase3-recovery-build-03d44f794ef9-20260925T084220Z/iphonesimulator/Build/Products/Debug-iphonesimulator -F/tmp/picpac-phase3-recovery-build-03d44f794ef9-20260925T084220Z/iphonesimulator/Build/Intermediates.noindex/EagerLinkingTBDs/Debug-iphonesimulator -F/tmp/picpac-phase3-recovery-build-03d44f794ef9-20260925T084220Z/iphonesimulator/Build/Products/Debug-iphonesimulator/PackageFrameworks -F/tmp/picpac-phase3-recovery-build-03d44f794ef9-20260925T084220Z/iphonesimulator/Build/Products/Debug-iphonesimulator/PackageFrameworks -F/tmp/picpac-phase3-recovery-build-03d44f794ef9-20260925T084220Z/iphonesimulator/Build/Products/Debug-iphonesimulator/PackageFrameworks -F/tmp/picpac-phase3-recovery-build-03d44f794ef9-20260925T084220Z/iphonesimulator/Build/Products/Debug-iphonesimulator -filelist /tmp/picpac-phase3-recovery-build-03d44f794ef9-20260925T084220Z/iphonesimulator/Build/Intermediates.noindex/PicPacPoe.build/Debug-iphonesimulator/PicPacPoe.build/Objects-normal/arm64/PicPacPoe.LinkFileList -install_name @rpath/PicPacPoe.debug.dylib -Xlinker -rpath -Xlinker /usr/lib/swift -Xlinker -rpath -Xlinker /tmp/picpac-phase3-recovery-build-03d44f794ef9-20260925T084220Z/iphonesimulator/Build/Products/Debug-iphonesimulator/PackageFrameworks -Xlinker -dead_strip -Xlinker -object_path_lto -Xlinker /tmp/picpac-phase3-recovery-build-03d44f794ef9-20260925T084220Z/iphonesimulator/Build/Intermediates.noindex/PicPacPoe.build/Debug-iphonesimulator/PicPacPoe.build/Objects-normal/arm64/PicPacPoe_lto.o -rdynamic -Xlinker -no_deduplicate -Xlinker -objc_abi_version -Xlinker 2 -Xlinker -dependency_info -Xlinker /tmp/picpac-phase3-recovery-build-03d44f794ef9-20260925T084220Z/iphonesimulator/Build/Intermediates.noindex/PicPacPoe.build/Debug-iphonesimulator/PicPacPoe.build/Objects-normal/arm64/PicPacPoe_dependency_info.dat -fobjc-link-runtime -L/Applications/Xcode.app/Contents/Developer/Toolchains/XcodeDefault.xctoolchain/usr/lib/swift/iphonesimulator -L/usr/lib/swift -Xlinker -add_ast_path -Xlinker /tmp/picpac-phase3-recovery-build-03d44f794ef9-20260925T084220Z/iphonesimulator/Build/Intermediates.noindex/PicPacPoe.build/Debug-iphonesimulator/PicPacPoe.build/Objects-normal/arm64/PicPacPoe.swiftmodule @/tmp/picpac-phase3-recovery-build-03d44f794ef9-20260925T084220Z/iphonesimulator/Build/Intermediates.noindex/PicPacPoe.build/Debug-iphonesimulator/PicPacPoe.build/Objects-normal/arm64/PicPacPoe-linker-args.resp -Wl,-no_warn_duplicate_libraries -Wl,-no_warn_duplicate_libraries -Wl,-no_warn_duplicate_libraries -Xlinker -alias -Xlinker _main -Xlinker ___debug_main_executable_dylib_entry_point -o /tmp/picpac-phase3-recovery-build-03d44f794ef9-20260925T084220Z/iphonesimulator/Build/Intermediates.noindex/PicPacPoe.build/Debug-iphonesimulator/PicPacPoe.build/Objects-normal/arm64/Binary/PicPacPoe.debug.dylib -Xlinker -add_ast_path -Xlinker /tmp/picpac-phase3-recovery-build-03d44f794ef9-20260925T084220Z/iphonesimulator/Build/Intermediates.noindex/PicPacKit.build/Debug-iphonesimulator/PicPacPresentation.build/Objects-normal/arm64/PicPacPresentation.swiftmodule @/tmp/picpac-phase3-recovery-build-03d44f794ef9-20260925T084220Z/iphonesimulator/Build/Intermediates.noindex/PicPacKit.build/Debug-iphonesimulator/PicPacPresentation.build/Objects-normal/arm64/PicPacPresentation-linker-args.resp -Xlinker -add_ast_path -Xlinker /tmp/picpac-phase3-recovery-build-03d44f794ef9-20260925T084220Z/iphonesimulator/Build/Intermediates.noindex/PicPacKit.build/Debug-iphonesimulator/PicPacCore.build/Objects-normal/arm64/PicPacCore.swiftmodule @/tmp/picpac-phase3-recovery-build-03d44f794ef9-20260925T084220Z/iphonesimulator/Build/Intermediates.noindex/PicPacKit.build/Debug-iphonesimulator/PicPacCore.build/Objects-normal/arm64/PicPacCore-linker-args.resp -Xlinker -add_ast_path -Xlinker /tmp/picpac-phase3-recovery-build-03d44f794ef9-20260925T084220Z/iphonesimulator/Build/Intermediates.noindex/PicPacKit.build/Debug-iphonesimulator/PicPacAI.build/Objects-normal/arm64/PicPacAI.swiftmodule @/tmp/picpac-phase3-recovery-build-03d44f794ef9-20260925T084220Z/iphonesimulator/Build/Intermediates.noindex/PicPacKit.build/Debug-iphonesimulator/PicPacAI.build/Objects-normal/arm64/PicPacAI-linker-args.resp

CreateUniversalBinary /tmp/picpac-phase3-recovery-build-03d44f794ef9-20260925T084220Z/iphonesimulator/Build/Products/Debug-iphonesimulator/PicPacPoe.app/PicPacPoe.debug.dylib normal arm64\ x86_64 (in target 'PicPacPoe' from project 'PicPacPoe')
    cd /Users/bavabangaru/Developer/pic-pac-poe-ios-native-parity/ios
    /Applications/Xcode.app/Contents/Developer/Toolchains/XcodeDefault.xctoolchain/usr/bin/lipo -create /tmp/picpac-phase3-recovery-build-03d44f794ef9-20260925T084220Z/iphonesimulator/Build/Intermediates.noindex/PicPacPoe.build/Debug-iphonesimulator/PicPacPoe.build/Objects-normal/arm64/Binary/PicPacPoe.debug.dylib /tmp/picpac-phase3-recovery-build-03d44f794ef9-20260925T084220Z/iphonesimulator/Build/Intermediates.noindex/PicPacPoe.build/Debug-iphonesimulator/PicPacPoe.build/Objects-normal/x86_64/Binary/PicPacPoe.debug.dylib -output /tmp/picpac-phase3-recovery-build-03d44f794ef9-20260925T084220Z/iphonesimulator/Build/Products/Debug-iphonesimulator/PicPacPoe.app/PicPacPoe.debug.dylib

ConstructStubExecutorLinkFileList /tmp/picpac-phase3-recovery-build-03d44f794ef9-20260925T084220Z/iphonesimulator/Build/Intermediates.noindex/PicPacPoe.build/Debug-iphonesimulator/PicPacPoe.build/PicPacPoe-ExecutorLinkFileList-normal-arm64.txt (in target 'PicPacPoe' from project 'PicPacPoe')
    cd /Users/bavabangaru/Developer/pic-pac-poe-ios-native-parity/ios
    construct-stub-executor-link-file-list /tmp/picpac-phase3-recovery-build-03d44f794ef9-20260925T084220Z/iphonesimulator/Build/Intermediates.noindex/PicPacPoe.build/Debug-iphonesimulator/PicPacPoe.build/Objects-normal/arm64/Binary/PicPacPoe.debug.dylib /Applications/Xcode.app/Contents/Developer/Platforms/iPhoneSimulator.platform/Developer/usr/lib/libPreviewsJITStubExecutor_no_swift_entry_point.a /Applications/Xcode.app/Contents/Developer/Platforms/iPhoneSimulator.platform/Developer/usr/lib/libPreviewsJITStubExecutor.a --output /tmp/picpac-phase3-recovery-build-03d44f794ef9-20260925T084220Z/iphonesimulator/Build/Intermediates.noindex/PicPacPoe.build/Debug-iphonesimulator/PicPacPoe.build/PicPacPoe-ExecutorLinkFileList-normal-arm64.txt
note: Using stub executor library with Swift entry point. (in target 'PicPacPoe' from project 'PicPacPoe')

Ld /tmp/picpac-phase3-recovery-build-03d44f794ef9-20260925T084220Z/iphonesimulator/Build/Intermediates.noindex/PicPacPoe.build/Debug-iphonesimulator/PicPacPoe.build/Objects-normal/arm64/Binary/PicPacPoe normal arm64 (in target 'PicPacPoe' from project 'PicPacPoe')
    cd /Users/bavabangaru/Developer/pic-pac-poe-ios-native-parity/ios
    /Applications/Xcode.app/Contents/Developer/Toolchains/XcodeDefault.xctoolchain/usr/bin/clang -Xlinker -reproducible -target arm64-apple-ios17.0-simulator -isysroot /Applications/Xcode.app/Contents/Developer/Platforms/iPhoneSimulator.platform/Developer/SDKs/iPhoneSimulator26.5.sdk -O0 -L/tmp/picpac-phase3-recovery-build-03d44f794ef9-20260925T084220Z/iphonesimulator/Build/Products/Debug-iphonesimulator -F/tmp/picpac-phase3-recovery-build-03d44f794ef9-20260925T084220Z/iphonesimulator/Build/Products/Debug-iphonesimulator/PackageFrameworks -F/tmp/picpac-phase3-recovery-build-03d44f794ef9-20260925T084220Z/iphonesimulator/Build/Products/Debug-iphonesimulator/PackageFrameworks -F/tmp/picpac-phase3-recovery-build-03d44f794ef9-20260925T084220Z/iphonesimulator/Build/Products/Debug-iphonesimulator/PackageFrameworks -F/tmp/picpac-phase3-recovery-build-03d44f794ef9-20260925T084220Z/iphonesimulator/Build/Products/Debug-iphonesimulator -Xlinker -rpath -Xlinker @executable_path -Xlinker -rpath -Xlinker /tmp/picpac-phase3-recovery-build-03d44f794ef9-20260925T084220Z/iphonesimulator/Build/Products/Debug-iphonesimulator/PackageFrameworks -rdynamic -Xlinker -no_deduplicate -Xlinker -objc_abi_version -Xlinker 2 -e ___debug_blank_executor_main -Xlinker -sectcreate -Xlinker __TEXT -Xlinker __debug_dylib -Xlinker /tmp/picpac-phase3-recovery-build-03d44f794ef9-20260925T084220Z/iphonesimulator/Build/Intermediates.noindex/PicPacPoe.build/Debug-iphonesimulator/PicPacPoe.build/PicPacPoe-DebugDylibPath-normal-arm64.txt -Xlinker -sectcreate -Xlinker __TEXT -Xlinker __debug_instlnm -Xlinker /tmp/picpac-phase3-recovery-build-03d44f794ef9-20260925T084220Z/iphonesimulator/Build/Intermediates.noindex/PicPacPoe.build/Debug-iphonesimulator/PicPacPoe.build/PicPacPoe-DebugDylibInstallName-normal-arm64.txt -Xlinker -filelist -Xlinker /tmp/picpac-phase3-recovery-build-03d44f794ef9-20260925T084220Z/iphonesimulator/Build/Intermediates.noindex/PicPacPoe.build/Debug-iphonesimulator/PicPacPoe.build/PicPacPoe-ExecutorLinkFileList-normal-arm64.txt /tmp/picpac-phase3-recovery-build-03d44f794ef9-20260925T084220Z/iphonesimulator/Build/Intermediates.noindex/PicPacPoe.build/Debug-iphonesimulator/PicPacPoe.build/Objects-normal/arm64/Binary/PicPacPoe.debug.dylib -o /tmp/picpac-phase3-recovery-build-03d44f794ef9-20260925T084220Z/iphonesimulator/Build/Intermediates.noindex/PicPacPoe.build/Debug-iphonesimulator/PicPacPoe.build/Objects-normal/arm64/Binary/PicPacPoe

CreateUniversalBinary /tmp/picpac-phase3-recovery-build-03d44f794ef9-20260925T084220Z/iphonesimulator/Build/Products/Debug-iphonesimulator/PicPacPoe.app/PicPacPoe normal arm64\ x86_64 (in target 'PicPacPoe' from project 'PicPacPoe')
    cd /Users/bavabangaru/Developer/pic-pac-poe-ios-native-parity/ios
    /Applications/Xcode.app/Contents/Developer/Toolchains/XcodeDefault.xctoolchain/usr/bin/lipo -create /tmp/picpac-phase3-recovery-build-03d44f794ef9-20260925T084220Z/iphonesimulator/Build/Intermediates.noindex/PicPacPoe.build/Debug-iphonesimulator/PicPacPoe.build/Objects-normal/arm64/Binary/PicPacPoe /tmp/picpac-phase3-recovery-build-03d44f794ef9-20260925T084220Z/iphonesimulator/Build/Intermediates.noindex/PicPacPoe.build/Debug-iphonesimulator/PicPacPoe.build/Objects-normal/x86_64/Binary/PicPacPoe -output /tmp/picpac-phase3-recovery-build-03d44f794ef9-20260925T084220Z/iphonesimulator/Build/Products/Debug-iphonesimulator/PicPacPoe.app/PicPacPoe

LinkAssetCatalog /Users/bavabangaru/Developer/pic-pac-poe-ios-native-parity/ios/PicPacPoe/Assets.xcassets (in target 'PicPacPoe' from project 'PicPacPoe')
    cd /Users/bavabangaru/Developer/pic-pac-poe-ios-native-parity/ios
    builtin-linkAssetCatalog --thinned /tmp/picpac-phase3-recovery-build-03d44f794ef9-20260925T084220Z/iphonesimulator/Build/Intermediates.noindex/PicPacPoe.build/Debug-iphonesimulator/PicPacPoe.build/assetcatalog_output/thinned --thinned-dependencies /tmp/picpac-phase3-recovery-build-03d44f794ef9-20260925T084220Z/iphonesimulator/Build/Intermediates.noindex/PicPacPoe.build/Debug-iphonesimulator/PicPacPoe.build/assetcatalog_dependencies_thinned --thinned-info-plist-content /tmp/picpac-phase3-recovery-build-03d44f794ef9-20260925T084220Z/iphonesimulator/Build/Intermediates.noindex/PicPacPoe.build/Debug-iphonesimulator/PicPacPoe.build/assetcatalog_generated_info.plist_thinned --unthinned /tmp/picpac-phase3-recovery-build-03d44f794ef9-20260925T084220Z/iphonesimulator/Build/Intermediates.noindex/PicPacPoe.build/Debug-iphonesimulator/PicPacPoe.build/assetcatalog_output/unthinned --unthinned-dependencies /tmp/picpac-phase3-recovery-build-03d44f794ef9-20260925T084220Z/iphonesimulator/Build/Intermediates.noindex/PicPacPoe.build/Debug-iphonesimulator/PicPacPoe.build/assetcatalog_dependencies_unthinned --unthinned-info-plist-content /tmp/picpac-phase3-recovery-build-03d44f794ef9-20260925T084220Z/iphonesimulator/Build/Intermediates.noindex/PicPacPoe.build/Debug-iphonesimulator/PicPacPoe.build/assetcatalog_generated_info.plist_unthinned --output /tmp/picpac-phase3-recovery-build-03d44f794ef9-20260925T084220Z/iphonesimulator/Build/Products/Debug-iphonesimulator/PicPacPoe.app --plist-output /tmp/picpac-phase3-recovery-build-03d44f794ef9-20260925T084220Z/iphonesimulator/Build/Intermediates.noindex/PicPacPoe.build/Debug-iphonesimulator/PicPacPoe.build/assetcatalog_generated_info.plist
note: Emplaced /tmp/picpac-phase3-recovery-build-03d44f794ef9-20260925T084220Z/iphonesimulator/Build/Products/Debug-iphonesimulator/PicPacPoe.app/Assets.car (in target 'PicPacPoe' from project 'PicPacPoe')
note: Emplaced /tmp/picpac-phase3-recovery-build-03d44f794ef9-20260925T084220Z/iphonesimulator/Build/Products/Debug-iphonesimulator/PicPacPoe.app/AppIcon76x76@2x~ipad.png (in target 'PicPacPoe' from project 'PicPacPoe')
note: Emplaced /tmp/picpac-phase3-recovery-build-03d44f794ef9-20260925T084220Z/iphonesimulator/Build/Products/Debug-iphonesimulator/PicPacPoe.app/AppIcon60x60@2x.png (in target 'PicPacPoe' from project 'PicPacPoe')

ProcessInfoPlistFile /tmp/picpac-phase3-recovery-build-03d44f794ef9-20260925T084220Z/iphonesimulator/Build/Products/Debug-iphonesimulator/PicPacPoe.app/Info.plist /Users/bavabangaru/Developer/pic-pac-poe-ios-native-parity/ios/PicPacPoe/Info.plist (in target 'PicPacPoe' from project 'PicPacPoe')
    cd /Users/bavabangaru/Developer/pic-pac-poe-ios-native-parity/ios
    builtin-infoPlistUtility /Users/bavabangaru/Developer/pic-pac-poe-ios-native-parity/ios/PicPacPoe/Info.plist -producttype com.apple.product-type.application -genpkginfo /tmp/picpac-phase3-recovery-build-03d44f794ef9-20260925T084220Z/iphonesimulator/Build/Products/Debug-iphonesimulator/PicPacPoe.app/PkgInfo -expandbuildsettings -format binary -platform iphonesimulator -additionalcontentfile /tmp/picpac-phase3-recovery-build-03d44f794ef9-20260925T084220Z/iphonesimulator/Build/Intermediates.noindex/PicPacPoe.build/Debug-iphonesimulator/PicPacPoe.build/assetcatalog_generated_info.plist -scanforprivacyfile /tmp/picpac-phase3-recovery-build-03d44f794ef9-20260925T084220Z/iphonesimulator/Build/Products/Debug-iphonesimulator/PicPacPoe.app/PicPacKit_PicPacAI.bundle -o /tmp/picpac-phase3-recovery-build-03d44f794ef9-20260925T084220Z/iphonesimulator/Build/Products/Debug-iphonesimulator/PicPacPoe.app/Info.plist

CopySwiftLibs /tmp/picpac-phase3-recovery-build-03d44f794ef9-20260925T084220Z/iphonesimulator/Build/Products/Debug-iphonesimulator/PicPacPoe.app (in target 'PicPacPoe' from project 'PicPacPoe')
    cd /Users/bavabangaru/Developer/pic-pac-poe-ios-native-parity/ios
    builtin-swiftStdLibTool --copy --verbose --scan-executable /tmp/picpac-phase3-recovery-build-03d44f794ef9-20260925T084220Z/iphonesimulator/Build/Products/Debug-iphonesimulator/PicPacPoe.app/PicPacPoe.debug.dylib --scan-folder /tmp/picpac-phase3-recovery-build-03d44f794ef9-20260925T084220Z/iphonesimulator/Build/Products/Debug-iphonesimulator/PicPacPoe.app/Frameworks --scan-folder /tmp/picpac-phase3-recovery-build-03d44f794ef9-20260925T084220Z/iphonesimulator/Build/Products/Debug-iphonesimulator/PicPacPoe.app/PlugIns --scan-folder /tmp/picpac-phase3-recovery-build-03d44f794ef9-20260925T084220Z/iphonesimulator/Build/Products/Debug-iphonesimulator/PicPacPoe.app/SystemExtensions --scan-folder /tmp/picpac-phase3-recovery-build-03d44f794ef9-20260925T084220Z/iphonesimulator/Build/Products/Debug-iphonesimulator/PicPacPoe.app/Extensions --platform iphonesimulator --toolchain /Applications/Xcode.app/Contents/Developer/Toolchains/XcodeDefault.xctoolchain --destination /tmp/picpac-phase3-recovery-build-03d44f794ef9-20260925T084220Z/iphonesimulator/Build/Products/Debug-iphonesimulator/PicPacPoe.app/Frameworks --strip-bitcode --strip-bitcode-tool /Applications/Xcode.app/Contents/Developer/Toolchains/XcodeDefault.xctoolchain/usr/bin/bitcode_strip --emit-dependency-info /tmp/picpac-phase3-recovery-build-03d44f794ef9-20260925T084220Z/iphonesimulator/Build/Intermediates.noindex/PicPacPoe.build/Debug-iphonesimulator/PicPacPoe.build/SwiftStdLibToolInputDependencies.dep --filter-for-swift-os --back-deploy-swift-span
Ignoring --strip-bitcode because --sign was not passed

ExtractAppIntentsMetadata (in target 'PicPacPoe' from project 'PicPacPoe')
    cd /Users/bavabangaru/Developer/pic-pac-poe-ios-native-parity/ios
    /Applications/Xcode.app/Contents/Developer/Toolchains/XcodeDefault.xctoolchain/usr/bin/appintentsmetadataprocessor --toolchain-dir /Applications/Xcode.app/Contents/Developer/Toolchains/XcodeDefault.xctoolchain --module-name PicPacPoe --sdk-root /Applications/Xcode.app/Contents/Developer/Platforms/iPhoneSimulator.platform/Developer/SDKs/iPhoneSimulator26.5.sdk --xcode-version 17F113 --platform-family iOS --deployment-target 17.0 --bundle-identifier dev.saipranith.picpacpoe --output /tmp/picpac-phase3-recovery-build-03d44f794ef9-20260925T084220Z/iphonesimulator/Build/Products/Debug-iphonesimulator/PicPacPoe.app --target-triple arm64-apple-ios17.0-simulator --target-triple x86_64-apple-ios17.0-simulator --binary-file /tmp/picpac-phase3-recovery-build-03d44f794ef9-20260925T084220Z/iphonesimulator/Build/Products/Debug-iphonesimulator/PicPacPoe.app/PicPacPoe --dependency-file /tmp/picpac-phase3-recovery-build-03d44f794ef9-20260925T084220Z/iphonesimulator/Build/Intermediates.noindex/PicPacPoe.build/Debug-iphonesimulator/PicPacPoe.build/Objects-normal/arm64/PicPacPoe_dependency_info.dat --dependency-file /tmp/picpac-phase3-recovery-build-03d44f794ef9-20260925T084220Z/iphonesimulator/Build/Intermediates.noindex/PicPacPoe.build/Debug-iphonesimulator/PicPacPoe.build/Objects-normal/x86_64/PicPacPoe_dependency_info.dat --stringsdata-file /tmp/picpac-phase3-recovery-build-03d44f794ef9-20260925T084220Z/iphonesimulator/Build/Intermediates.noindex/PicPacPoe.build/Debug-iphonesimulator/PicPacPoe.build/Objects-normal/arm64/ExtractedAppShortcutsMetadata.stringsdata --stringsdata-file /tmp/picpac-phase3-recovery-build-03d44f794ef9-20260925T084220Z/iphonesimulator/Build/Intermediates.noindex/PicPacPoe.build/Debug-iphonesimulator/PicPacPoe.build/Objects-normal/x86_64/ExtractedAppShortcutsMetadata.stringsdata --source-file-list /tmp/picpac-phase3-recovery-build-03d44f794ef9-20260925T084220Z/iphonesimulator/Build/Intermediates.noindex/PicPacPoe.build/Debug-iphonesimulator/PicPacPoe.build/Objects-normal/arm64/PicPacPoe.SwiftFileList --source-file-list /tmp/picpac-phase3-recovery-build-03d44f794ef9-20260925T084220Z/iphonesimulator/Build/Intermediates.noindex/PicPacPoe.build/Debug-iphonesimulator/PicPacPoe.build/Objects-normal/x86_64/PicPacPoe.SwiftFileList --metadata-file-list /tmp/picpac-phase3-recovery-build-03d44f794ef9-20260925T084220Z/iphonesimulator/Build/Intermediates.noindex/PicPacPoe.build/Debug-iphonesimulator/PicPacPoe.build/PicPacPoe.DependencyMetadataFileList --static-metadata-file-list /tmp/picpac-phase3-recovery-build-03d44f794ef9-20260925T084220Z/iphonesimulator/Build/Intermediates.noindex/PicPacPoe.build/Debug-iphonesimulator/PicPacPoe.build/PicPacPoe.DependencyStaticMetadataFileList --swift-const-vals-list /tmp/picpac-phase3-recovery-build-03d44f794ef9-20260925T084220Z/iphonesimulator/Build/Intermediates.noindex/PicPacPoe.build/Debug-iphonesimulator/PicPacPoe.build/Objects-normal/arm64/PicPacPoe.SwiftConstValuesFileList --swift-const-vals-list /tmp/picpac-phase3-recovery-build-03d44f794ef9-20260925T084220Z/iphonesimulator/Build/Intermediates.noindex/PicPacPoe.build/Debug-iphonesimulator/PicPacPoe.build/Objects-normal/x86_64/PicPacPoe.SwiftConstValuesFileList --compile-time-extraction --deployment-aware-processing --validate-assistant-intents --no-app-shortcuts-localization
2026-09-25 04:42:37.385 appintentsmetadataprocessor[83208:115716049] Starting appintentsmetadataprocessor export
2026-09-25 04:42:37.387 appintentsmetadataprocessor[83208:115716049] warning: Metadata extraction skipped. No AppIntents.framework dependency found.

AppIntentsSSUTraining (in target 'PicPacPoe' from project 'PicPacPoe')
    cd /Users/bavabangaru/Developer/pic-pac-poe-ios-native-parity/ios
    /Applications/Xcode.app/Contents/Developer/Toolchains/XcodeDefault.xctoolchain/usr/bin/appintentsnltrainingprocessor --infoplist-path /tmp/picpac-phase3-recovery-build-03d44f794ef9-20260925T084220Z/iphonesimulator/Build/Products/Debug-iphonesimulator/PicPacPoe.app/Info.plist --temp-dir-path /tmp/picpac-phase3-recovery-build-03d44f794ef9-20260925T084220Z/iphonesimulator/Build/Intermediates.noindex/PicPacPoe.build/Debug-iphonesimulator/PicPacPoe.build/ssu --bundle-id dev.saipranith.picpacpoe --product-path /tmp/picpac-phase3-recovery-build-03d44f794ef9-20260925T084220Z/iphonesimulator/Build/Products/Debug-iphonesimulator/PicPacPoe.app --extracted-metadata-path /tmp/picpac-phase3-recovery-build-03d44f794ef9-20260925T084220Z/iphonesimulator/Build/Products/Debug-iphonesimulator/PicPacPoe.app/Metadata.appintents --metadata-file-list /tmp/picpac-phase3-recovery-build-03d44f794ef9-20260925T084220Z/iphonesimulator/Build/Intermediates.noindex/PicPacPoe.build/Debug-iphonesimulator/PicPacPoe.build/PicPacPoe.DependencyMetadataFileList --source-file /tmp/picpac-phase3-recovery-build-03d44f794ef9-20260925T084220Z/iphonesimulator/Build/Products/Debug-iphonesimulator/PicPacPoe.app/Info.plist --archive-ssu-assets
2026-09-25 04:42:37.407 appintentsnltrainingprocessor[83209:115716052] Parsing options for appintentsnltrainingprocessor
2026-09-25 04:42:37.407 appintentsnltrainingprocessor[83209:115716052] Starting AppIntents SSU YAML Generation
2026-09-25 04:42:37.409 appintentsnltrainingprocessor[83209:115716052] No AppShortcuts found - Skipping.

RegisterExecutionPolicyException /tmp/picpac-phase3-recovery-build-03d44f794ef9-20260925T084220Z/iphonesimulator/Build/Products/Debug-iphonesimulator/PicPacPoe.app (in target 'PicPacPoe' from project 'PicPacPoe')
    cd /Users/bavabangaru/Developer/pic-pac-poe-ios-native-parity/ios
    builtin-RegisterExecutionPolicyException /tmp/picpac-phase3-recovery-build-03d44f794ef9-20260925T084220Z/iphonesimulator/Build/Products/Debug-iphonesimulator/PicPacPoe.app

Validate /tmp/picpac-phase3-recovery-build-03d44f794ef9-20260925T084220Z/iphonesimulator/Build/Products/Debug-iphonesimulator/PicPacPoe.app (in target 'PicPacPoe' from project 'PicPacPoe')
    cd /Users/bavabangaru/Developer/pic-pac-poe-ios-native-parity/ios
    builtin-validationUtility /tmp/picpac-phase3-recovery-build-03d44f794ef9-20260925T084220Z/iphonesimulator/Build/Products/Debug-iphonesimulator/PicPacPoe.app -shallow-bundle -infoplist-subpath Info.plist

Touch /tmp/picpac-phase3-recovery-build-03d44f794ef9-20260925T084220Z/iphonesimulator/Build/Products/Debug-iphonesimulator/PicPacPoe.app (in target 'PicPacPoe' from project 'PicPacPoe')
    cd /Users/bavabangaru/Developer/pic-pac-poe-ios-native-parity/ios
    /usr/bin/touch -c /tmp/picpac-phase3-recovery-build-03d44f794ef9-20260925T084220Z/iphonesimulator/Build/Products/Debug-iphonesimulator/PicPacPoe.app

** BUILD SUCCEEDED **

