Command line invocation:
    /Applications/Xcode.app/Contents/Developer/usr/bin/xcodebuild -project /Users/bavabangaru/Developer/pic-pac-poe-ios-native-parity/ios/PicPacPoe.xcodeproj -scheme PicPacPoe -configuration Release -destination "generic/platform=iOS Simulator" -derivedDataPath /tmp/picpac-phase3-recovery-build-03d44f794ef9-20260925T084220Z/iphonesimulator CODE_SIGNING_ALLOWED=NO CODE_SIGNING_REQUIRED=NO ENABLE_CODE_COVERAGE=NO CLANG_ENABLE_CODE_COVERAGE=NO CLANG_COVERAGE_MAPPING=NO build

Build settings from command line:
    CLANG_COVERAGE_MAPPING = NO
    CLANG_ENABLE_CODE_COVERAGE = NO
    CODE_SIGNING_ALLOWED = NO
    CODE_SIGNING_REQUIRED = NO
    ENABLE_CODE_COVERAGE = NO

Resolve Package Graph


Resolved source packages:
  PicPacKit: /Users/bavabangaru/Developer/pic-pac-poe-ios-native-parity/ios/Packages/PicPacKit @ local

ComputePackagePrebuildTargetDependencyGraph

Prepare packages

CreateBuildRequest

SendProjectDescription

CreateBuildOperation

ComputeTargetDependencyGraph
note: Building targets in dependency order
note: Target dependency graph (7 targets)
    Target 'PicPacPoe' in project 'PicPacPoe'
        ➜ Explicit dependency on target 'PicPacPresentation' in project 'PicPacKit'
        ➜ Explicit dependency on target 'PicPacAI' in project 'PicPacKit'
    Target 'PicPacAI' in project 'PicPacKit'
        ➜ Explicit dependency on target 'PicPacAI' in project 'PicPacKit'
        ➜ Explicit dependency on target 'PicPacKit_PicPacAI' in project 'PicPacKit'
        ➜ Explicit dependency on target 'PicPacCore' in project 'PicPacKit'
    Target 'PicPacAI' in project 'PicPacKit'
        ➜ Explicit dependency on target 'PicPacKit_PicPacAI' in project 'PicPacKit'
        ➜ Explicit dependency on target 'PicPacCore' in project 'PicPacKit'
    Target 'PicPacKit_PicPacAI' in project 'PicPacKit' (no dependencies)
    Target 'PicPacPresentation' in project 'PicPacKit'
        ➜ Explicit dependency on target 'PicPacPresentation' in project 'PicPacKit'
        ➜ Explicit dependency on target 'PicPacCore' in project 'PicPacKit'
    Target 'PicPacPresentation' in project 'PicPacKit'
        ➜ Explicit dependency on target 'PicPacCore' in project 'PicPacKit'
    Target 'PicPacCore' in project 'PicPacKit' (no dependencies)

GatherProvisioningInputs

CreateBuildDescription

ExecuteExternalTool /Applications/Xcode.app/Contents/Developer/Toolchains/XcodeDefault.xctoolchain/usr/bin/swiftc --version

ExecuteExternalTool /Applications/Xcode.app/Contents/Developer/Toolchains/XcodeDefault.xctoolchain/usr/bin/clang -v -E -dM -isysroot /Applications/Xcode.app/Contents/Developer/Platforms/iPhoneSimulator.platform/Developer/SDKs/iPhoneSimulator26.5.sdk -x c -c /dev/null

ExecuteExternalTool /Applications/Xcode.app/Contents/Developer/usr/bin/actool --print-asset-tag-combinations --output-format xml1 /Users/bavabangaru/Developer/pic-pac-poe-ios-native-parity/ios/PicPacPoe/Assets.xcassets

ExecuteExternalTool /Applications/Xcode.app/Contents/Developer/usr/bin/actool --version --output-format xml1

ExecuteExternalTool /Applications/Xcode.app/Contents/Developer/Toolchains/XcodeDefault.xctoolchain/usr/bin/ld -version_details

Build description signature: 830c21c8437bdfaf2081be9dacc835b6
Build description path: /tmp/picpac-phase3-recovery-build-03d44f794ef9-20260925T084220Z/iphonesimulator/Build/Intermediates.noindex/XCBuildData/830c21c8437bdfaf2081be9dacc835b6.xcbuilddata
CreateBuildDirectory /tmp/picpac-phase3-recovery-build-03d44f794ef9-20260925T084220Z/iphonesimulator/Build/Products/Release-iphonesimulator
    cd /Users/bavabangaru/Developer/pic-pac-poe-ios-native-parity/ios/PicPacPoe.xcodeproj
    builtin-create-build-directory /tmp/picpac-phase3-recovery-build-03d44f794ef9-20260925T084220Z/iphonesimulator/Build/Products/Release-iphonesimulator

CreateBuildDirectory /tmp/picpac-phase3-recovery-build-03d44f794ef9-20260925T084220Z/iphonesimulator/Build/Intermediates.noindex/EagerLinkingTBDs/Release-iphonesimulator
    cd /Users/bavabangaru/Developer/pic-pac-poe-ios-native-parity/ios/PicPacPoe.xcodeproj
    builtin-create-build-directory /tmp/picpac-phase3-recovery-build-03d44f794ef9-20260925T084220Z/iphonesimulator/Build/Intermediates.noindex/EagerLinkingTBDs/Release-iphonesimulator

ClangStatCache /Applications/Xcode.app/Contents/Developer/Toolchains/XcodeDefault.xctoolchain/usr/bin/clang-stat-cache /Applications/Xcode.app/Contents/Developer/Platforms/iPhoneSimulator.platform/Developer/SDKs/iPhoneSimulator26.5.sdk /tmp/picpac-phase3-recovery-build-03d44f794ef9-20260925T084220Z/iphonesimulator/SDKStatCaches.noindex/iphonesimulator26.5-23F81a-6cfe768891a92b912361537c460fe42b.sdkstatcache
    cd /Users/bavabangaru/Developer/pic-pac-poe-ios-native-parity/ios/PicPacPoe.xcodeproj
    /Applications/Xcode.app/Contents/Developer/Toolchains/XcodeDefault.xctoolchain/usr/bin/clang-stat-cache /Applications/Xcode.app/Contents/Developer/Platforms/iPhoneSimulator.platform/Developer/SDKs/iPhoneSimulator26.5.sdk -o /tmp/picpac-phase3-recovery-build-03d44f794ef9-20260925T084220Z/iphonesimulator/SDKStatCaches.noindex/iphonesimulator26.5-23F81a-6cfe768891a92b912361537c460fe42b.sdkstatcache

WriteAuxiliaryFile /tmp/picpac-phase3-recovery-build-03d44f794ef9-20260925T084220Z/iphonesimulator/Build/Intermediates.noindex/PicPacPoe.build/Release-iphonesimulator/PicPacPoe-90eff2f9d9e8600d7e53134acd1cb833-VFS-iphonesimulator/all-product-headers.yaml
    cd /Users/bavabangaru/Developer/pic-pac-poe-ios-native-parity/ios/PicPacPoe.xcodeproj
    write-file /tmp/picpac-phase3-recovery-build-03d44f794ef9-20260925T084220Z/iphonesimulator/Build/Intermediates.noindex/PicPacPoe.build/Release-iphonesimulator/PicPacPoe-90eff2f9d9e8600d7e53134acd1cb833-VFS-iphonesimulator/all-product-headers.yaml

CreateBuildDirectory /tmp/picpac-phase3-recovery-build-03d44f794ef9-20260925T084220Z/iphonesimulator/Build/Products/Release-iphonesimulator/PackageFrameworks
    cd /Users/bavabangaru/Developer/pic-pac-poe-ios-native-parity/ios/PicPacPoe.xcodeproj
    builtin-create-build-directory /tmp/picpac-phase3-recovery-build-03d44f794ef9-20260925T084220Z/iphonesimulator/Build/Products/Release-iphonesimulator/PackageFrameworks

MkDir /tmp/picpac-phase3-recovery-build-03d44f794ef9-20260925T084220Z/iphonesimulator/Build/Products/Release-iphonesimulator/PicPacKit_PicPacAI.bundle (in target 'PicPacKit_PicPacAI' from project 'PicPacKit')
    cd /Users/bavabangaru/Developer/pic-pac-poe-ios-native-parity/ios/Packages/PicPacKit
    /bin/mkdir -p /tmp/picpac-phase3-recovery-build-03d44f794ef9-20260925T084220Z/iphonesimulator/Build/Products/Release-iphonesimulator/PicPacKit_PicPacAI.bundle

WriteAuxiliaryFile /tmp/picpac-phase3-recovery-build-03d44f794ef9-20260925T084220Z/iphonesimulator/Build/Intermediates.noindex/PicPacKit.build/Release-iphonesimulator/PicPacKit_PicPacAI.build/PicPacKit_PicPacAI.DependencyMetadataFileList (in target 'PicPacKit_PicPacAI' from project 'PicPacKit')
    cd /Users/bavabangaru/Developer/pic-pac-poe-ios-native-parity/ios/Packages/PicPacKit
    write-file /tmp/picpac-phase3-recovery-build-03d44f794ef9-20260925T084220Z/iphonesimulator/Build/Intermediates.noindex/PicPacKit.build/Release-iphonesimulator/PicPacKit_PicPacAI.build/PicPacKit_PicPacAI.DependencyMetadataFileList

WriteAuxiliaryFile /tmp/picpac-phase3-recovery-build-03d44f794ef9-20260925T084220Z/iphonesimulator/Build/Intermediates.noindex/PicPacKit.build/Release-iphonesimulator/PicPacKit_PicPacAI.build/empty-PicPacKit_PicPacAI.plist (in target 'PicPacKit_PicPacAI' from project 'PicPacKit')
    cd /Users/bavabangaru/Developer/pic-pac-poe-ios-native-parity/ios/Packages/PicPacKit
    write-file /tmp/picpac-phase3-recovery-build-03d44f794ef9-20260925T084220Z/iphonesimulator/Build/Intermediates.noindex/PicPacKit.build/Release-iphonesimulator/PicPacKit_PicPacAI.build/empty-PicPacKit_PicPacAI.plist

WriteAuxiliaryFile /tmp/picpac-phase3-recovery-build-03d44f794ef9-20260925T084220Z/iphonesimulator/Build/Intermediates.noindex/PicPacKit.build/Release-iphonesimulator/PicPacKit_PicPacAI.build/PicPacKit_PicPacAI.DependencyStaticMetadataFileList (in target 'PicPacKit_PicPacAI' from project 'PicPacKit')
    cd /Users/bavabangaru/Developer/pic-pac-poe-ios-native-parity/ios/Packages/PicPacKit
    write-file /tmp/picpac-phase3-recovery-build-03d44f794ef9-20260925T084220Z/iphonesimulator/Build/Intermediates.noindex/PicPacKit.build/Release-iphonesimulator/PicPacKit_PicPacAI.build/PicPacKit_PicPacAI.DependencyStaticMetadataFileList

WriteAuxiliaryFile /tmp/picpac-phase3-recovery-build-03d44f794ef9-20260925T084220Z/iphonesimulator/Build/Intermediates.noindex/PicPacKit.build/Release-iphonesimulator/PicPacPresentation.build/PicPacPresentation.modulemap (in target 'PicPacPresentation' from project 'PicPacKit')
    cd /Users/bavabangaru/Developer/pic-pac-poe-ios-native-parity/ios/Packages/PicPacKit
    write-file /tmp/picpac-phase3-recovery-build-03d44f794ef9-20260925T084220Z/iphonesimulator/Build/Intermediates.noindex/PicPacKit.build/Release-iphonesimulator/PicPacPresentation.build/PicPacPresentation.modulemap

WriteAuxiliaryFile /tmp/picpac-phase3-recovery-build-03d44f794ef9-20260925T084220Z/iphonesimulator/Build/Intermediates.noindex/PicPacKit.build/Release-iphonesimulator/PicPacPresentation.build/PicPacPresentation.DependencyStaticMetadataFileList (in target 'PicPacPresentation' from project 'PicPacKit')
    cd /Users/bavabangaru/Developer/pic-pac-poe-ios-native-parity/ios/Packages/PicPacKit
    write-file /tmp/picpac-phase3-recovery-build-03d44f794ef9-20260925T084220Z/iphonesimulator/Build/Intermediates.noindex/PicPacKit.build/Release-iphonesimulator/PicPacPresentation.build/PicPacPresentation.DependencyStaticMetadataFileList

WriteAuxiliaryFile /tmp/picpac-phase3-recovery-build-03d44f794ef9-20260925T084220Z/iphonesimulator/Build/Intermediates.noindex/PicPacKit.build/Release-iphonesimulator/PicPacPresentation.build/PicPacPresentation.DependencyMetadataFileList (in target 'PicPacPresentation' from project 'PicPacKit')
    cd /Users/bavabangaru/Developer/pic-pac-poe-ios-native-parity/ios/Packages/PicPacKit
    write-file /tmp/picpac-phase3-recovery-build-03d44f794ef9-20260925T084220Z/iphonesimulator/Build/Intermediates.noindex/PicPacKit.build/Release-iphonesimulator/PicPacPresentation.build/PicPacPresentation.DependencyMetadataFileList

WriteAuxiliaryFile /tmp/picpac-phase3-recovery-build-03d44f794ef9-20260925T084220Z/iphonesimulator/Build/Intermediates.noindex/PicPacKit.build/Release-iphonesimulator/PicPacPresentation.build/Objects-normal/x86_64/PicPacPresentation.SwiftConstValuesFileList (in target 'PicPacPresentation' from project 'PicPacKit')
    cd /Users/bavabangaru/Developer/pic-pac-poe-ios-native-parity/ios/Packages/PicPacKit
    write-file /tmp/picpac-phase3-recovery-build-03d44f794ef9-20260925T084220Z/iphonesimulator/Build/Intermediates.noindex/PicPacKit.build/Release-iphonesimulator/PicPacPresentation.build/Objects-normal/x86_64/PicPacPresentation.SwiftConstValuesFileList

WriteAuxiliaryFile /tmp/picpac-phase3-recovery-build-03d44f794ef9-20260925T084220Z/iphonesimulator/Build/Intermediates.noindex/PicPacKit.build/Release-iphonesimulator/PicPacPresentation.build/Objects-normal/x86_64/PicPacPresentation_const_extract_protocols.json (in target 'PicPacPresentation' from project 'PicPacKit')
    cd /Users/bavabangaru/Developer/pic-pac-poe-ios-native-parity/ios/Packages/PicPacKit
    write-file /tmp/picpac-phase3-recovery-build-03d44f794ef9-20260925T084220Z/iphonesimulator/Build/Intermediates.noindex/PicPacKit.build/Release-iphonesimulator/PicPacPresentation.build/Objects-normal/x86_64/PicPacPresentation_const_extract_protocols.json

WriteAuxiliaryFile /tmp/picpac-phase3-recovery-build-03d44f794ef9-20260925T084220Z/iphonesimulator/Build/Intermediates.noindex/PicPacKit.build/Release-iphonesimulator/PicPacPresentation.build/Objects-normal/x86_64/PicPacPresentation.SwiftFileList (in target 'PicPacPresentation' from project 'PicPacKit')
    cd /Users/bavabangaru/Developer/pic-pac-poe-ios-native-parity/ios/Packages/PicPacKit
    write-file /tmp/picpac-phase3-recovery-build-03d44f794ef9-20260925T084220Z/iphonesimulator/Build/Intermediates.noindex/PicPacKit.build/Release-iphonesimulator/PicPacPresentation.build/Objects-normal/x86_64/PicPacPresentation.SwiftFileList

WriteAuxiliaryFile /tmp/picpac-phase3-recovery-build-03d44f794ef9-20260925T084220Z/iphonesimulator/Build/Intermediates.noindex/PicPacKit.build/Release-iphonesimulator/PicPacPresentation.build/Objects-normal/x86_64/PicPacPresentation.LinkFileList (in target 'PicPacPresentation' from project 'PicPacKit')
    cd /Users/bavabangaru/Developer/pic-pac-poe-ios-native-parity/ios/Packages/PicPacKit
    write-file /tmp/picpac-phase3-recovery-build-03d44f794ef9-20260925T084220Z/iphonesimulator/Build/Intermediates.noindex/PicPacKit.build/Release-iphonesimulator/PicPacPresentation.build/Objects-normal/x86_64/PicPacPresentation.LinkFileList

WriteAuxiliaryFile /tmp/picpac-phase3-recovery-build-03d44f794ef9-20260925T084220Z/iphonesimulator/Build/Intermediates.noindex/PicPacKit.build/Release-iphonesimulator/PicPacPresentation.build/Objects-normal/x86_64/PicPacPresentation-OutputFileMap.json (in target 'PicPacPresentation' from project 'PicPacKit')
    cd /Users/bavabangaru/Developer/pic-pac-poe-ios-native-parity/ios/Packages/PicPacKit
    write-file /tmp/picpac-phase3-recovery-build-03d44f794ef9-20260925T084220Z/iphonesimulator/Build/Intermediates.noindex/PicPacKit.build/Release-iphonesimulator/PicPacPresentation.build/Objects-normal/x86_64/PicPacPresentation-OutputFileMap.json

WriteAuxiliaryFile /tmp/picpac-phase3-recovery-build-03d44f794ef9-20260925T084220Z/iphonesimulator/Build/Intermediates.noindex/PicPacKit.build/Release-iphonesimulator/PicPacPresentation.build/Objects-normal/arm64/PicPacPresentation_const_extract_protocols.json (in target 'PicPacPresentation' from project 'PicPacKit')
    cd /Users/bavabangaru/Developer/pic-pac-poe-ios-native-parity/ios/Packages/PicPacKit
    write-file /tmp/picpac-phase3-recovery-build-03d44f794ef9-20260925T084220Z/iphonesimulator/Build/Intermediates.noindex/PicPacKit.build/Release-iphonesimulator/PicPacPresentation.build/Objects-normal/arm64/PicPacPresentation_const_extract_protocols.json

WriteAuxiliaryFile /tmp/picpac-phase3-recovery-build-03d44f794ef9-20260925T084220Z/iphonesimulator/Build/Intermediates.noindex/PicPacKit.build/Release-iphonesimulator/PicPacPresentation.build/Objects-normal/arm64/PicPacPresentation.SwiftConstValuesFileList (in target 'PicPacPresentation' from project 'PicPacKit')
    cd /Users/bavabangaru/Developer/pic-pac-poe-ios-native-parity/ios/Packages/PicPacKit
    write-file /tmp/picpac-phase3-recovery-build-03d44f794ef9-20260925T084220Z/iphonesimulator/Build/Intermediates.noindex/PicPacKit.build/Release-iphonesimulator/PicPacPresentation.build/Objects-normal/arm64/PicPacPresentation.SwiftConstValuesFileList

WriteAuxiliaryFile /tmp/picpac-phase3-recovery-build-03d44f794ef9-20260925T084220Z/iphonesimulator/Build/Intermediates.noindex/PicPacKit.build/Release-iphonesimulator/PicPacPresentation.build/Objects-normal/arm64/PicPacPresentation.SwiftFileList (in target 'PicPacPresentation' from project 'PicPacKit')
    cd /Users/bavabangaru/Developer/pic-pac-poe-ios-native-parity/ios/Packages/PicPacKit
    write-file /tmp/picpac-phase3-recovery-build-03d44f794ef9-20260925T084220Z/iphonesimulator/Build/Intermediates.noindex/PicPacKit.build/Release-iphonesimulator/PicPacPresentation.build/Objects-normal/arm64/PicPacPresentation.SwiftFileList

WriteAuxiliaryFile /tmp/picpac-phase3-recovery-build-03d44f794ef9-20260925T084220Z/iphonesimulator/Build/Intermediates.noindex/PicPacKit.build/Release-iphonesimulator/PicPacPresentation.build/Objects-normal/arm64/PicPacPresentation.LinkFileList (in target 'PicPacPresentation' from project 'PicPacKit')
    cd /Users/bavabangaru/Developer/pic-pac-poe-ios-native-parity/ios/Packages/PicPacKit
    write-file /tmp/picpac-phase3-recovery-build-03d44f794ef9-20260925T084220Z/iphonesimulator/Build/Intermediates.noindex/PicPacKit.build/Release-iphonesimulator/PicPacPresentation.build/Objects-normal/arm64/PicPacPresentation.LinkFileList

WriteAuxiliaryFile /tmp/picpac-phase3-recovery-build-03d44f794ef9-20260925T084220Z/iphonesimulator/Build/Intermediates.noindex/PicPacKit.build/Release-iphonesimulator/PicPacPresentation.build/Objects-normal/arm64/PicPacPresentation-OutputFileMap.json (in target 'PicPacPresentation' from project 'PicPacKit')
    cd /Users/bavabangaru/Developer/pic-pac-poe-ios-native-parity/ios/Packages/PicPacKit
    write-file /tmp/picpac-phase3-recovery-build-03d44f794ef9-20260925T084220Z/iphonesimulator/Build/Intermediates.noindex/PicPacKit.build/Release-iphonesimulator/PicPacPresentation.build/Objects-normal/arm64/PicPacPresentation-OutputFileMap.json

WriteAuxiliaryFile /tmp/picpac-phase3-recovery-build-03d44f794ef9-20260925T084220Z/iphonesimulator/Build/Intermediates.noindex/PicPacPoe.build/Release-iphonesimulator/PicPacPoe.build/PicPacPoe-project-headers.hmap (in target 'PicPacPoe' from project 'PicPacPoe')
    cd /Users/bavabangaru/Developer/pic-pac-poe-ios-native-parity/ios
    write-file /tmp/picpac-phase3-recovery-build-03d44f794ef9-20260925T084220Z/iphonesimulator/Build/Intermediates.noindex/PicPacPoe.build/Release-iphonesimulator/PicPacPoe.build/PicPacPoe-project-headers.hmap

WriteAuxiliaryFile /tmp/picpac-phase3-recovery-build-03d44f794ef9-20260925T084220Z/iphonesimulator/Build/Intermediates.noindex/PicPacPoe.build/Release-iphonesimulator/PicPacPoe.build/PicPacPoe.DependencyStaticMetadataFileList (in target 'PicPacPoe' from project 'PicPacPoe')
    cd /Users/bavabangaru/Developer/pic-pac-poe-ios-native-parity/ios
    write-file /tmp/picpac-phase3-recovery-build-03d44f794ef9-20260925T084220Z/iphonesimulator/Build/Intermediates.noindex/PicPacPoe.build/Release-iphonesimulator/PicPacPoe.build/PicPacPoe.DependencyStaticMetadataFileList

WriteAuxiliaryFile /tmp/picpac-phase3-recovery-build-03d44f794ef9-20260925T084220Z/iphonesimulator/Build/Intermediates.noindex/PicPacPoe.build/Release-iphonesimulator/PicPacPoe.build/PicPacPoe-own-target-headers.hmap (in target 'PicPacPoe' from project 'PicPacPoe')
    cd /Users/bavabangaru/Developer/pic-pac-poe-ios-native-parity/ios
    write-file /tmp/picpac-phase3-recovery-build-03d44f794ef9-20260925T084220Z/iphonesimulator/Build/Intermediates.noindex/PicPacPoe.build/Release-iphonesimulator/PicPacPoe.build/PicPacPoe-own-target-headers.hmap

WriteAuxiliaryFile /tmp/picpac-phase3-recovery-build-03d44f794ef9-20260925T084220Z/iphonesimulator/Build/Intermediates.noindex/PicPacPoe.build/Release-iphonesimulator/PicPacPoe.build/PicPacPoe.hmap (in target 'PicPacPoe' from project 'PicPacPoe')
    cd /Users/bavabangaru/Developer/pic-pac-poe-ios-native-parity/ios
    write-file /tmp/picpac-phase3-recovery-build-03d44f794ef9-20260925T084220Z/iphonesimulator/Build/Intermediates.noindex/PicPacPoe.build/Release-iphonesimulator/PicPacPoe.build/PicPacPoe.hmap

WriteAuxiliaryFile /tmp/picpac-phase3-recovery-build-03d44f794ef9-20260925T084220Z/iphonesimulator/Build/Intermediates.noindex/PicPacPoe.build/Release-iphonesimulator/PicPacPoe.build/PicPacPoe.DependencyMetadataFileList (in target 'PicPacPoe' from project 'PicPacPoe')
    cd /Users/bavabangaru/Developer/pic-pac-poe-ios-native-parity/ios
    write-file /tmp/picpac-phase3-recovery-build-03d44f794ef9-20260925T084220Z/iphonesimulator/Build/Intermediates.noindex/PicPacPoe.build/Release-iphonesimulator/PicPacPoe.build/PicPacPoe.DependencyMetadataFileList

Copy /tmp/picpac-phase3-recovery-build-03d44f794ef9-20260925T084220Z/iphonesimulator/Build/Intermediates.noindex/GeneratedModuleMaps-iphonesimulator/PicPacPresentation.modulemap /tmp/picpac-phase3-recovery-build-03d44f794ef9-20260925T084220Z/iphonesimulator/Build/Intermediates.noindex/PicPacKit.build/Release-iphonesimulator/PicPacPresentation.build/PicPacPresentation.modulemap (in target 'PicPacPresentation' from project 'PicPacKit')
    cd /Users/bavabangaru/Developer/pic-pac-poe-ios-native-parity/ios/Packages/PicPacKit
    builtin-copy -exclude .DS_Store -exclude CVS -exclude .svn -exclude .git -exclude .hg -strip-unsigned-binaries -strip-deterministic -strip-tool /Applications/Xcode.app/Contents/Developer/Toolchains/XcodeDefault.xctoolchain/usr/bin/strip -resolve-src-symlinks /tmp/picpac-phase3-recovery-build-03d44f794ef9-20260925T084220Z/iphonesimulator/Build/Intermediates.noindex/PicPacKit.build/Release-iphonesimulator/PicPacPresentation.build/PicPacPresentation.modulemap /tmp/picpac-phase3-recovery-build-03d44f794ef9-20260925T084220Z/iphonesimulator/Build/Intermediates.noindex/GeneratedModuleMaps-iphonesimulator

WriteAuxiliaryFile /tmp/picpac-phase3-recovery-build-03d44f794ef9-20260925T084220Z/iphonesimulator/Build/Intermediates.noindex/PicPacPoe.build/Release-iphonesimulator/PicPacPoe.build/PicPacPoe-generated-files.hmap (in target 'PicPacPoe' from project 'PicPacPoe')
    cd /Users/bavabangaru/Developer/pic-pac-poe-ios-native-parity/ios
    write-file /tmp/picpac-phase3-recovery-build-03d44f794ef9-20260925T084220Z/iphonesimulator/Build/Intermediates.noindex/PicPacPoe.build/Release-iphonesimulator/PicPacPoe.build/PicPacPoe-generated-files.hmap

WriteAuxiliaryFile /tmp/picpac-phase3-recovery-build-03d44f794ef9-20260925T084220Z/iphonesimulator/Build/Intermediates.noindex/PicPacPoe.build/Release-iphonesimulator/PicPacPoe.build/PicPacPoe-all-target-headers.hmap (in target 'PicPacPoe' from project 'PicPacPoe')
    cd /Users/bavabangaru/Developer/pic-pac-poe-ios-native-parity/ios
    write-file /tmp/picpac-phase3-recovery-build-03d44f794ef9-20260925T084220Z/iphonesimulator/Build/Intermediates.noindex/PicPacPoe.build/Release-iphonesimulator/PicPacPoe.build/PicPacPoe-all-target-headers.hmap

WriteAuxiliaryFile /tmp/picpac-phase3-recovery-build-03d44f794ef9-20260925T084220Z/iphonesimulator/Build/Intermediates.noindex/PicPacPoe.build/Release-iphonesimulator/PicPacPoe.build/PicPacPoe-all-non-framework-target-headers.hmap (in target 'PicPacPoe' from project 'PicPacPoe')
    cd /Users/bavabangaru/Developer/pic-pac-poe-ios-native-parity/ios
    write-file /tmp/picpac-phase3-recovery-build-03d44f794ef9-20260925T084220Z/iphonesimulator/Build/Intermediates.noindex/PicPacPoe.build/Release-iphonesimulator/PicPacPoe.build/PicPacPoe-all-non-framework-target-headers.hmap

WriteAuxiliaryFile /tmp/picpac-phase3-recovery-build-03d44f794ef9-20260925T084220Z/iphonesimulator/Build/Intermediates.noindex/PicPacPoe.build/Release-iphonesimulator/PicPacPoe.build/Objects-normal/x86_64/PicPacPoe_const_extract_protocols.json (in target 'PicPacPoe' from project 'PicPacPoe')
    cd /Users/bavabangaru/Developer/pic-pac-poe-ios-native-parity/ios
    write-file /tmp/picpac-phase3-recovery-build-03d44f794ef9-20260925T084220Z/iphonesimulator/Build/Intermediates.noindex/PicPacPoe.build/Release-iphonesimulator/PicPacPoe.build/Objects-normal/x86_64/PicPacPoe_const_extract_protocols.json

WriteAuxiliaryFile /tmp/picpac-phase3-recovery-build-03d44f794ef9-20260925T084220Z/iphonesimulator/Build/Intermediates.noindex/PicPacPoe.build/Release-iphonesimulator/PicPacPoe.build/Objects-normal/x86_64/PicPacPoe.SwiftFileList (in target 'PicPacPoe' from project 'PicPacPoe')
    cd /Users/bavabangaru/Developer/pic-pac-poe-ios-native-parity/ios
    write-file /tmp/picpac-phase3-recovery-build-03d44f794ef9-20260925T084220Z/iphonesimulator/Build/Intermediates.noindex/PicPacPoe.build/Release-iphonesimulator/PicPacPoe.build/Objects-normal/x86_64/PicPacPoe.SwiftFileList

WriteAuxiliaryFile /tmp/picpac-phase3-recovery-build-03d44f794ef9-20260925T084220Z/iphonesimulator/Build/Intermediates.noindex/PicPacPoe.build/Release-iphonesimulator/PicPacPoe.build/Objects-normal/x86_64/PicPacPoe.SwiftConstValuesFileList (in target 'PicPacPoe' from project 'PicPacPoe')
    cd /Users/bavabangaru/Developer/pic-pac-poe-ios-native-parity/ios
    write-file /tmp/picpac-phase3-recovery-build-03d44f794ef9-20260925T084220Z/iphonesimulator/Build/Intermediates.noindex/PicPacPoe.build/Release-iphonesimulator/PicPacPoe.build/Objects-normal/x86_64/PicPacPoe.SwiftConstValuesFileList

WriteAuxiliaryFile /tmp/picpac-phase3-recovery-build-03d44f794ef9-20260925T084220Z/iphonesimulator/Build/Intermediates.noindex/PicPacPoe.build/Release-iphonesimulator/PicPacPoe.build/Objects-normal/x86_64/PicPacPoe.LinkFileList (in target 'PicPacPoe' from project 'PicPacPoe')
    cd /Users/bavabangaru/Developer/pic-pac-poe-ios-native-parity/ios
    write-file /tmp/picpac-phase3-recovery-build-03d44f794ef9-20260925T084220Z/iphonesimulator/Build/Intermediates.noindex/PicPacPoe.build/Release-iphonesimulator/PicPacPoe.build/Objects-normal/x86_64/PicPacPoe.LinkFileList

WriteAuxiliaryFile /tmp/picpac-phase3-recovery-build-03d44f794ef9-20260925T084220Z/iphonesimulator/Build/Intermediates.noindex/PicPacPoe.build/Release-iphonesimulator/PicPacPoe.build/Objects-normal/x86_64/PicPacPoe-OutputFileMap.json (in target 'PicPacPoe' from project 'PicPacPoe')
    cd /Users/bavabangaru/Developer/pic-pac-poe-ios-native-parity/ios
    write-file /tmp/picpac-phase3-recovery-build-03d44f794ef9-20260925T084220Z/iphonesimulator/Build/Intermediates.noindex/PicPacPoe.build/Release-iphonesimulator/PicPacPoe.build/Objects-normal/x86_64/PicPacPoe-OutputFileMap.json

WriteAuxiliaryFile /tmp/picpac-phase3-recovery-build-03d44f794ef9-20260925T084220Z/iphonesimulator/Build/Intermediates.noindex/PicPacPoe.build/Release-iphonesimulator/PicPacPoe.build/Objects-normal/arm64/PicPacPoe.SwiftFileList (in target 'PicPacPoe' from project 'PicPacPoe')
    cd /Users/bavabangaru/Developer/pic-pac-poe-ios-native-parity/ios
    write-file /tmp/picpac-phase3-recovery-build-03d44f794ef9-20260925T084220Z/iphonesimulator/Build/Intermediates.noindex/PicPacPoe.build/Release-iphonesimulator/PicPacPoe.build/Objects-normal/arm64/PicPacPoe.SwiftFileList

WriteAuxiliaryFile /tmp/picpac-phase3-recovery-build-03d44f794ef9-20260925T084220Z/iphonesimulator/Build/Intermediates.noindex/PicPacPoe.build/Release-iphonesimulator/PicPacPoe.build/Objects-normal/arm64/PicPacPoe_const_extract_protocols.json (in target 'PicPacPoe' from project 'PicPacPoe')
    cd /Users/bavabangaru/Developer/pic-pac-poe-ios-native-parity/ios
    write-file /tmp/picpac-phase3-recovery-build-03d44f794ef9-20260925T084220Z/iphonesimulator/Build/Intermediates.noindex/PicPacPoe.build/Release-iphonesimulator/PicPacPoe.build/Objects-normal/arm64/PicPacPoe_const_extract_protocols.json

WriteAuxiliaryFile /tmp/picpac-phase3-recovery-build-03d44f794ef9-20260925T084220Z/iphonesimulator/Build/Intermediates.noindex/PicPacPoe.build/Release-iphonesimulator/PicPacPoe.build/Objects-normal/arm64/PicPacPoe.SwiftConstValuesFileList (in target 'PicPacPoe' from project 'PicPacPoe')
    cd /Users/bavabangaru/Developer/pic-pac-poe-ios-native-parity/ios
    write-file /tmp/picpac-phase3-recovery-build-03d44f794ef9-20260925T084220Z/iphonesimulator/Build/Intermediates.noindex/PicPacPoe.build/Release-iphonesimulator/PicPacPoe.build/Objects-normal/arm64/PicPacPoe.SwiftConstValuesFileList

WriteAuxiliaryFile /tmp/picpac-phase3-recovery-build-03d44f794ef9-20260925T084220Z/iphonesimulator/Build/Intermediates.noindex/PicPacPoe.build/Release-iphonesimulator/PicPacPoe.build/Objects-normal/arm64/PicPacPoe.LinkFileList (in target 'PicPacPoe' from project 'PicPacPoe')
    cd /Users/bavabangaru/Developer/pic-pac-poe-ios-native-parity/ios
    write-file /tmp/picpac-phase3-recovery-build-03d44f794ef9-20260925T084220Z/iphonesimulator/Build/Intermediates.noindex/PicPacPoe.build/Release-iphonesimulator/PicPacPoe.build/Objects-normal/arm64/PicPacPoe.LinkFileList

WriteAuxiliaryFile /tmp/picpac-phase3-recovery-build-03d44f794ef9-20260925T084220Z/iphonesimulator/Build/Intermediates.noindex/PicPacPoe.build/Release-iphonesimulator/PicPacPoe.build/Objects-normal/arm64/PicPacPoe-OutputFileMap.json (in target 'PicPacPoe' from project 'PicPacPoe')
    cd /Users/bavabangaru/Developer/pic-pac-poe-ios-native-parity/ios
    write-file /tmp/picpac-phase3-recovery-build-03d44f794ef9-20260925T084220Z/iphonesimulator/Build/Intermediates.noindex/PicPacPoe.build/Release-iphonesimulator/PicPacPoe.build/Objects-normal/arm64/PicPacPoe-OutputFileMap.json

WriteAuxiliaryFile /tmp/picpac-phase3-recovery-build-03d44f794ef9-20260925T084220Z/iphonesimulator/Build/Intermediates.noindex/PicPacKit.build/Release-iphonesimulator/PicPacCore.build/PicPacCore.DependencyStaticMetadataFileList (in target 'PicPacCore' from project 'PicPacKit')
    cd /Users/bavabangaru/Developer/pic-pac-poe-ios-native-parity/ios/Packages/PicPacKit
    write-file /tmp/picpac-phase3-recovery-build-03d44f794ef9-20260925T084220Z/iphonesimulator/Build/Intermediates.noindex/PicPacKit.build/Release-iphonesimulator/PicPacCore.build/PicPacCore.DependencyStaticMetadataFileList

WriteAuxiliaryFile /tmp/picpac-phase3-recovery-build-03d44f794ef9-20260925T084220Z/iphonesimulator/Build/Intermediates.noindex/PicPacKit.build/Release-iphonesimulator/PicPacCore.build/PicPacCore.modulemap (in target 'PicPacCore' from project 'PicPacKit')
    cd /Users/bavabangaru/Developer/pic-pac-poe-ios-native-parity/ios/Packages/PicPacKit
    write-file /tmp/picpac-phase3-recovery-build-03d44f794ef9-20260925T084220Z/iphonesimulator/Build/Intermediates.noindex/PicPacKit.build/Release-iphonesimulator/PicPacCore.build/PicPacCore.modulemap

WriteAuxiliaryFile /tmp/picpac-phase3-recovery-build-03d44f794ef9-20260925T084220Z/iphonesimulator/Build/Intermediates.noindex/PicPacKit.build/Release-iphonesimulator/PicPacCore.build/PicPacCore.DependencyMetadataFileList (in target 'PicPacCore' from project 'PicPacKit')
    cd /Users/bavabangaru/Developer/pic-pac-poe-ios-native-parity/ios/Packages/PicPacKit
    write-file /tmp/picpac-phase3-recovery-build-03d44f794ef9-20260925T084220Z/iphonesimulator/Build/Intermediates.noindex/PicPacKit.build/Release-iphonesimulator/PicPacCore.build/PicPacCore.DependencyMetadataFileList

WriteAuxiliaryFile /tmp/picpac-phase3-recovery-build-03d44f794ef9-20260925T084220Z/iphonesimulator/Build/Intermediates.noindex/PicPacKit.build/Release-iphonesimulator/PicPacCore.build/Objects-normal/x86_64/PicPacCore_const_extract_protocols.json (in target 'PicPacCore' from project 'PicPacKit')
    cd /Users/bavabangaru/Developer/pic-pac-poe-ios-native-parity/ios/Packages/PicPacKit
    write-file /tmp/picpac-phase3-recovery-build-03d44f794ef9-20260925T084220Z/iphonesimulator/Build/Intermediates.noindex/PicPacKit.build/Release-iphonesimulator/PicPacCore.build/Objects-normal/x86_64/PicPacCore_const_extract_protocols.json

WriteAuxiliaryFile /tmp/picpac-phase3-recovery-build-03d44f794ef9-20260925T084220Z/iphonesimulator/Build/Intermediates.noindex/PicPacKit.build/Release-iphonesimulator/PicPacCore.build/Objects-normal/x86_64/PicPacCore.SwiftFileList (in target 'PicPacCore' from project 'PicPacKit')
    cd /Users/bavabangaru/Developer/pic-pac-poe-ios-native-parity/ios/Packages/PicPacKit
    write-file /tmp/picpac-phase3-recovery-build-03d44f794ef9-20260925T084220Z/iphonesimulator/Build/Intermediates.noindex/PicPacKit.build/Release-iphonesimulator/PicPacCore.build/Objects-normal/x86_64/PicPacCore.SwiftFileList

WriteAuxiliaryFile /tmp/picpac-phase3-recovery-build-03d44f794ef9-20260925T084220Z/iphonesimulator/Build/Intermediates.noindex/PicPacKit.build/Release-iphonesimulator/PicPacCore.build/Objects-normal/x86_64/PicPacCore.SwiftConstValuesFileList (in target 'PicPacCore' from project 'PicPacKit')
    cd /Users/bavabangaru/Developer/pic-pac-poe-ios-native-parity/ios/Packages/PicPacKit
    write-file /tmp/picpac-phase3-recovery-build-03d44f794ef9-20260925T084220Z/iphonesimulator/Build/Intermediates.noindex/PicPacKit.build/Release-iphonesimulator/PicPacCore.build/Objects-normal/x86_64/PicPacCore.SwiftConstValuesFileList

WriteAuxiliaryFile /tmp/picpac-phase3-recovery-build-03d44f794ef9-20260925T084220Z/iphonesimulator/Build/Intermediates.noindex/PicPacKit.build/Release-iphonesimulator/PicPacCore.build/Objects-normal/x86_64/PicPacCore.LinkFileList (in target 'PicPacCore' from project 'PicPacKit')
    cd /Users/bavabangaru/Developer/pic-pac-poe-ios-native-parity/ios/Packages/PicPacKit
    write-file /tmp/picpac-phase3-recovery-build-03d44f794ef9-20260925T084220Z/iphonesimulator/Build/Intermediates.noindex/PicPacKit.build/Release-iphonesimulator/PicPacCore.build/Objects-normal/x86_64/PicPacCore.LinkFileList

WriteAuxiliaryFile /tmp/picpac-phase3-recovery-build-03d44f794ef9-20260925T084220Z/iphonesimulator/Build/Intermediates.noindex/PicPacKit.build/Release-iphonesimulator/PicPacCore.build/Objects-normal/x86_64/PicPacCore-OutputFileMap.json (in target 'PicPacCore' from project 'PicPacKit')
    cd /Users/bavabangaru/Developer/pic-pac-poe-ios-native-parity/ios/Packages/PicPacKit
    write-file /tmp/picpac-phase3-recovery-build-03d44f794ef9-20260925T084220Z/iphonesimulator/Build/Intermediates.noindex/PicPacKit.build/Release-iphonesimulator/PicPacCore.build/Objects-normal/x86_64/PicPacCore-OutputFileMap.json

WriteAuxiliaryFile /tmp/picpac-phase3-recovery-build-03d44f794ef9-20260925T084220Z/iphonesimulator/Build/Intermediates.noindex/PicPacKit.build/Release-iphonesimulator/PicPacCore.build/Objects-normal/arm64/PicPacCore_const_extract_protocols.json (in target 'PicPacCore' from project 'PicPacKit')
    cd /Users/bavabangaru/Developer/pic-pac-poe-ios-native-parity/ios/Packages/PicPacKit
    write-file /tmp/picpac-phase3-recovery-build-03d44f794ef9-20260925T084220Z/iphonesimulator/Build/Intermediates.noindex/PicPacKit.build/Release-iphonesimulator/PicPacCore.build/Objects-normal/arm64/PicPacCore_const_extract_protocols.json

WriteAuxiliaryFile /tmp/picpac-phase3-recovery-build-03d44f794ef9-20260925T084220Z/iphonesimulator/Build/Intermediates.noindex/PicPacKit.build/Release-iphonesimulator/PicPacCore.build/Objects-normal/arm64/PicPacCore.SwiftFileList (in target 'PicPacCore' from project 'PicPacKit')
    cd /Users/bavabangaru/Developer/pic-pac-poe-ios-native-parity/ios/Packages/PicPacKit
    write-file /tmp/picpac-phase3-recovery-build-03d44f794ef9-20260925T084220Z/iphonesimulator/Build/Intermediates.noindex/PicPacKit.build/Release-iphonesimulator/PicPacCore.build/Objects-normal/arm64/PicPacCore.SwiftFileList

WriteAuxiliaryFile /tmp/picpac-phase3-recovery-build-03d44f794ef9-20260925T084220Z/iphonesimulator/Build/Intermediates.noindex/PicPacKit.build/Release-iphonesimulator/PicPacCore.build/Objects-normal/arm64/PicPacCore.SwiftConstValuesFileList (in target 'PicPacCore' from project 'PicPacKit')
    cd /Users/bavabangaru/Developer/pic-pac-poe-ios-native-parity/ios/Packages/PicPacKit
    write-file /tmp/picpac-phase3-recovery-build-03d44f794ef9-20260925T084220Z/iphonesimulator/Build/Intermediates.noindex/PicPacKit.build/Release-iphonesimulator/PicPacCore.build/Objects-normal/arm64/PicPacCore.SwiftConstValuesFileList

WriteAuxiliaryFile /tmp/picpac-phase3-recovery-build-03d44f794ef9-20260925T084220Z/iphonesimulator/Build/Intermediates.noindex/PicPacKit.build/Release-iphonesimulator/PicPacCore.build/Objects-normal/arm64/PicPacCore.LinkFileList (in target 'PicPacCore' from project 'PicPacKit')
    cd /Users/bavabangaru/Developer/pic-pac-poe-ios-native-parity/ios/Packages/PicPacKit
    write-file /tmp/picpac-phase3-recovery-build-03d44f794ef9-20260925T084220Z/iphonesimulator/Build/Intermediates.noindex/PicPacKit.build/Release-iphonesimulator/PicPacCore.build/Objects-normal/arm64/PicPacCore.LinkFileList

WriteAuxiliaryFile /tmp/picpac-phase3-recovery-build-03d44f794ef9-20260925T084220Z/iphonesimulator/Build/Intermediates.noindex/PicPacKit.build/Release-iphonesimulator/PicPacCore.build/Objects-normal/arm64/PicPacCore-OutputFileMap.json (in target 'PicPacCore' from project 'PicPacKit')
    cd /Users/bavabangaru/Developer/pic-pac-poe-ios-native-parity/ios/Packages/PicPacKit
    write-file /tmp/picpac-phase3-recovery-build-03d44f794ef9-20260925T084220Z/iphonesimulator/Build/Intermediates.noindex/PicPacKit.build/Release-iphonesimulator/PicPacCore.build/Objects-normal/arm64/PicPacCore-OutputFileMap.json

WriteAuxiliaryFile /tmp/picpac-phase3-recovery-build-03d44f794ef9-20260925T084220Z/iphonesimulator/Build/Intermediates.noindex/PicPacKit.build/Release-iphonesimulator/PicPacAI.build/PicPacAI.modulemap (in target 'PicPacAI' from project 'PicPacKit')
    cd /Users/bavabangaru/Developer/pic-pac-poe-ios-native-parity/ios/Packages/PicPacKit
    write-file /tmp/picpac-phase3-recovery-build-03d44f794ef9-20260925T084220Z/iphonesimulator/Build/Intermediates.noindex/PicPacKit.build/Release-iphonesimulator/PicPacAI.build/PicPacAI.modulemap

Copy /tmp/picpac-phase3-recovery-build-03d44f794ef9-20260925T084220Z/iphonesimulator/Build/Intermediates.noindex/GeneratedModuleMaps-iphonesimulator/PicPacCore.modulemap /tmp/picpac-phase3-recovery-build-03d44f794ef9-20260925T084220Z/iphonesimulator/Build/Intermediates.noindex/PicPacKit.build/Release-iphonesimulator/PicPacCore.build/PicPacCore.modulemap (in target 'PicPacCore' from project 'PicPacKit')
    cd /Users/bavabangaru/Developer/pic-pac-poe-ios-native-parity/ios/Packages/PicPacKit
    builtin-copy -exclude .DS_Store -exclude CVS -exclude .svn -exclude .git -exclude .hg -strip-unsigned-binaries -strip-deterministic -strip-tool /Applications/Xcode.app/Contents/Developer/Toolchains/XcodeDefault.xctoolchain/usr/bin/strip -resolve-src-symlinks /tmp/picpac-phase3-recovery-build-03d44f794ef9-20260925T084220Z/iphonesimulator/Build/Intermediates.noindex/PicPacKit.build/Release-iphonesimulator/PicPacCore.build/PicPacCore.modulemap /tmp/picpac-phase3-recovery-build-03d44f794ef9-20260925T084220Z/iphonesimulator/Build/Intermediates.noindex/GeneratedModuleMaps-iphonesimulator

WriteAuxiliaryFile /tmp/picpac-phase3-recovery-build-03d44f794ef9-20260925T084220Z/iphonesimulator/Build/Intermediates.noindex/PicPacKit.build/Release-iphonesimulator/PicPacAI.build/PicPacAI.DependencyStaticMetadataFileList (in target 'PicPacAI' from project 'PicPacKit')
    cd /Users/bavabangaru/Developer/pic-pac-poe-ios-native-parity/ios/Packages/PicPacKit
    write-file /tmp/picpac-phase3-recovery-build-03d44f794ef9-20260925T084220Z/iphonesimulator/Build/Intermediates.noindex/PicPacKit.build/Release-iphonesimulator/PicPacAI.build/PicPacAI.DependencyStaticMetadataFileList

WriteAuxiliaryFile /tmp/picpac-phase3-recovery-build-03d44f794ef9-20260925T084220Z/iphonesimulator/Build/Intermediates.noindex/PicPacKit.build/Release-iphonesimulator/PicPacAI.build/PicPacAI.DependencyMetadataFileList (in target 'PicPacAI' from project 'PicPacKit')
    cd /Users/bavabangaru/Developer/pic-pac-poe-ios-native-parity/ios/Packages/PicPacKit
    write-file /tmp/picpac-phase3-recovery-build-03d44f794ef9-20260925T084220Z/iphonesimulator/Build/Intermediates.noindex/PicPacKit.build/Release-iphonesimulator/PicPacAI.build/PicPacAI.DependencyMetadataFileList

WriteAuxiliaryFile /tmp/picpac-phase3-recovery-build-03d44f794ef9-20260925T084220Z/iphonesimulator/Build/Intermediates.noindex/PicPacKit.build/Release-iphonesimulator/PicPacAI.build/Objects-normal/x86_64/PicPacAI_const_extract_protocols.json (in target 'PicPacAI' from project 'PicPacKit')
    cd /Users/bavabangaru/Developer/pic-pac-poe-ios-native-parity/ios/Packages/PicPacKit
    write-file /tmp/picpac-phase3-recovery-build-03d44f794ef9-20260925T084220Z/iphonesimulator/Build/Intermediates.noindex/PicPacKit.build/Release-iphonesimulator/PicPacAI.build/Objects-normal/x86_64/PicPacAI_const_extract_protocols.json

WriteAuxiliaryFile /tmp/picpac-phase3-recovery-build-03d44f794ef9-20260925T084220Z/iphonesimulator/Build/Intermediates.noindex/PicPacKit.build/Release-iphonesimulator/PicPacAI.build/Objects-normal/x86_64/PicPacAI.SwiftFileList (in target 'PicPacAI' from project 'PicPacKit')
    cd /Users/bavabangaru/Developer/pic-pac-poe-ios-native-parity/ios/Packages/PicPacKit
    write-file /tmp/picpac-phase3-recovery-build-03d44f794ef9-20260925T084220Z/iphonesimulator/Build/Intermediates.noindex/PicPacKit.build/Release-iphonesimulator/PicPacAI.build/Objects-normal/x86_64/PicPacAI.SwiftFileList

WriteAuxiliaryFile /tmp/picpac-phase3-recovery-build-03d44f794ef9-20260925T084220Z/iphonesimulator/Build/Intermediates.noindex/PicPacKit.build/Release-iphonesimulator/PicPacAI.build/Objects-normal/x86_64/PicPacAI.SwiftConstValuesFileList (in target 'PicPacAI' from project 'PicPacKit')
    cd /Users/bavabangaru/Developer/pic-pac-poe-ios-native-parity/ios/Packages/PicPacKit
    write-file /tmp/picpac-phase3-recovery-build-03d44f794ef9-20260925T084220Z/iphonesimulator/Build/Intermediates.noindex/PicPacKit.build/Release-iphonesimulator/PicPacAI.build/Objects-normal/x86_64/PicPacAI.SwiftConstValuesFileList

WriteAuxiliaryFile /tmp/picpac-phase3-recovery-build-03d44f794ef9-20260925T084220Z/iphonesimulator/Build/Intermediates.noindex/PicPacKit.build/Release-iphonesimulator/PicPacAI.build/Objects-normal/x86_64/PicPacAI.LinkFileList (in target 'PicPacAI' from project 'PicPacKit')
    cd /Users/bavabangaru/Developer/pic-pac-poe-ios-native-parity/ios/Packages/PicPacKit
    write-file /tmp/picpac-phase3-recovery-build-03d44f794ef9-20260925T084220Z/iphonesimulator/Build/Intermediates.noindex/PicPacKit.build/Release-iphonesimulator/PicPacAI.build/Objects-normal/x86_64/PicPacAI.LinkFileList

WriteAuxiliaryFile /tmp/picpac-phase3-recovery-build-03d44f794ef9-20260925T084220Z/iphonesimulator/Build/Intermediates.noindex/PicPacKit.build/Release-iphonesimulator/PicPacAI.build/Objects-normal/x86_64/PicPacAI-OutputFileMap.json (in target 'PicPacAI' from project 'PicPacKit')
    cd /Users/bavabangaru/Developer/pic-pac-poe-ios-native-parity/ios/Packages/PicPacKit
    write-file /tmp/picpac-phase3-recovery-build-03d44f794ef9-20260925T084220Z/iphonesimulator/Build/Intermediates.noindex/PicPacKit.build/Release-iphonesimulator/PicPacAI.build/Objects-normal/x86_64/PicPacAI-OutputFileMap.json

WriteAuxiliaryFile /tmp/picpac-phase3-recovery-build-03d44f794ef9-20260925T084220Z/iphonesimulator/Build/Intermediates.noindex/PicPacKit.build/Release-iphonesimulator/PicPacAI.build/Objects-normal/arm64/PicPacAI_const_extract_protocols.json (in target 'PicPacAI' from project 'PicPacKit')
    cd /Users/bavabangaru/Developer/pic-pac-poe-ios-native-parity/ios/Packages/PicPacKit
    write-file /tmp/picpac-phase3-recovery-build-03d44f794ef9-20260925T084220Z/iphonesimulator/Build/Intermediates.noindex/PicPacKit.build/Release-iphonesimulator/PicPacAI.build/Objects-normal/arm64/PicPacAI_const_extract_protocols.json

WriteAuxiliaryFile /tmp/picpac-phase3-recovery-build-03d44f794ef9-20260925T084220Z/iphonesimulator/Build/Intermediates.noindex/PicPacKit.build/Release-iphonesimulator/PicPacAI.build/Objects-normal/arm64/PicPacAI.SwiftFileList (in target 'PicPacAI' from project 'PicPacKit')
    cd /Users/bavabangaru/Developer/pic-pac-poe-ios-native-parity/ios/Packages/PicPacKit
    write-file /tmp/picpac-phase3-recovery-build-03d44f794ef9-20260925T084220Z/iphonesimulator/Build/Intermediates.noindex/PicPacKit.build/Release-iphonesimulator/PicPacAI.build/Objects-normal/arm64/PicPacAI.SwiftFileList

WriteAuxiliaryFile /tmp/picpac-phase3-recovery-build-03d44f794ef9-20260925T084220Z/iphonesimulator/Build/Intermediates.noindex/PicPacKit.build/Release-iphonesimulator/PicPacAI.build/Objects-normal/arm64/PicPacAI.SwiftConstValuesFileList (in target 'PicPacAI' from project 'PicPacKit')
    cd /Users/bavabangaru/Developer/pic-pac-poe-ios-native-parity/ios/Packages/PicPacKit
    write-file /tmp/picpac-phase3-recovery-build-03d44f794ef9-20260925T084220Z/iphonesimulator/Build/Intermediates.noindex/PicPacKit.build/Release-iphonesimulator/PicPacAI.build/Objects-normal/arm64/PicPacAI.SwiftConstValuesFileList

WriteAuxiliaryFile /tmp/picpac-phase3-recovery-build-03d44f794ef9-20260925T084220Z/iphonesimulator/Build/Intermediates.noindex/PicPacKit.build/Release-iphonesimulator/PicPacAI.build/Objects-normal/arm64/PicPacAI.LinkFileList (in target 'PicPacAI' from project 'PicPacKit')
    cd /Users/bavabangaru/Developer/pic-pac-poe-ios-native-parity/ios/Packages/PicPacKit
    write-file /tmp/picpac-phase3-recovery-build-03d44f794ef9-20260925T084220Z/iphonesimulator/Build/Intermediates.noindex/PicPacKit.build/Release-iphonesimulator/PicPacAI.build/Objects-normal/arm64/PicPacAI.LinkFileList

WriteAuxiliaryFile /tmp/picpac-phase3-recovery-build-03d44f794ef9-20260925T084220Z/iphonesimulator/Build/Intermediates.noindex/PicPacKit.build/Release-iphonesimulator/PicPacAI.build/Objects-normal/arm64/PicPacAI-OutputFileMap.json (in target 'PicPacAI' from project 'PicPacKit')
    cd /Users/bavabangaru/Developer/pic-pac-poe-ios-native-parity/ios/Packages/PicPacKit
    write-file /tmp/picpac-phase3-recovery-build-03d44f794ef9-20260925T084220Z/iphonesimulator/Build/Intermediates.noindex/PicPacKit.build/Release-iphonesimulator/PicPacAI.build/Objects-normal/arm64/PicPacAI-OutputFileMap.json

WriteAuxiliaryFile /tmp/picpac-phase3-recovery-build-03d44f794ef9-20260925T084220Z/iphonesimulator/Build/Intermediates.noindex/PicPacKit.build/Release-iphonesimulator/PicPacAI.build/DerivedSources/resource_bundle_accessor.swift (in target 'PicPacAI' from project 'PicPacKit')
    cd /Users/bavabangaru/Developer/pic-pac-poe-ios-native-parity/ios/Packages/PicPacKit
    write-file /tmp/picpac-phase3-recovery-build-03d44f794ef9-20260925T084220Z/iphonesimulator/Build/Intermediates.noindex/PicPacKit.build/Release-iphonesimulator/PicPacAI.build/DerivedSources/resource_bundle_accessor.swift

Copy /tmp/picpac-phase3-recovery-build-03d44f794ef9-20260925T084220Z/iphonesimulator/Build/Intermediates.noindex/GeneratedModuleMaps-iphonesimulator/PicPacAI.modulemap /tmp/picpac-phase3-recovery-build-03d44f794ef9-20260925T084220Z/iphonesimulator/Build/Intermediates.noindex/PicPacKit.build/Release-iphonesimulator/PicPacAI.build/PicPacAI.modulemap (in target 'PicPacAI' from project 'PicPacKit')
    cd /Users/bavabangaru/Developer/pic-pac-poe-ios-native-parity/ios/Packages/PicPacKit
    builtin-copy -exclude .DS_Store -exclude CVS -exclude .svn -exclude .git -exclude .hg -strip-unsigned-binaries -strip-deterministic -strip-tool /Applications/Xcode.app/Contents/Developer/Toolchains/XcodeDefault.xctoolchain/usr/bin/strip -resolve-src-symlinks /tmp/picpac-phase3-recovery-build-03d44f794ef9-20260925T084220Z/iphonesimulator/Build/Intermediates.noindex/PicPacKit.build/Release-iphonesimulator/PicPacAI.build/PicPacAI.modulemap /tmp/picpac-phase3-recovery-build-03d44f794ef9-20260925T084220Z/iphonesimulator/Build/Intermediates.noindex/GeneratedModuleMaps-iphonesimulator

MkDir /tmp/picpac-phase3-recovery-build-03d44f794ef9-20260925T084220Z/iphonesimulator/Build/Products/Release-iphonesimulator/PicPacPoe.app (in target 'PicPacPoe' from project 'PicPacPoe')
    cd /Users/bavabangaru/Developer/pic-pac-poe-ios-native-parity/ios
    /bin/mkdir -p /tmp/picpac-phase3-recovery-build-03d44f794ef9-20260925T084220Z/iphonesimulator/Build/Products/Release-iphonesimulator/PicPacPoe.app

ProcessInfoPlistFile /tmp/picpac-phase3-recovery-build-03d44f794ef9-20260925T084220Z/iphonesimulator/Build/Products/Release-iphonesimulator/PicPacKit_PicPacAI.bundle/Info.plist /tmp/picpac-phase3-recovery-build-03d44f794ef9-20260925T084220Z/iphonesimulator/Build/Intermediates.noindex/PicPacKit.build/Release-iphonesimulator/PicPacKit_PicPacAI.build/empty-PicPacKit_PicPacAI.plist (in target 'PicPacKit_PicPacAI' from project 'PicPacKit')
    cd /Users/bavabangaru/Developer/pic-pac-poe-ios-native-parity/ios/Packages/PicPacKit
    builtin-infoPlistUtility /tmp/picpac-phase3-recovery-build-03d44f794ef9-20260925T084220Z/iphonesimulator/Build/Intermediates.noindex/PicPacKit.build/Release-iphonesimulator/PicPacKit_PicPacAI.build/empty-PicPacKit_PicPacAI.plist -producttype com.apple.product-type.bundle -expandbuildsettings -format binary -platform iphonesimulator -o /tmp/picpac-phase3-recovery-build-03d44f794ef9-20260925T084220Z/iphonesimulator/Build/Products/Release-iphonesimulator/PicPacKit_PicPacAI.bundle/Info.plist

CpResource /tmp/picpac-phase3-recovery-build-03d44f794ef9-20260925T084220Z/iphonesimulator/Build/Products/Release-iphonesimulator/PicPacKit_PicPacAI.bundle/picpac_rl_policy_v1.bin /Users/bavabangaru/Developer/pic-pac-poe-ios-native-parity/ios/Packages/PicPacKit/Sources/PicPacAI/Resources/picpac_rl_policy_v1.bin (in target 'PicPacKit_PicPacAI' from project 'PicPacKit')
    cd /Users/bavabangaru/Developer/pic-pac-poe-ios-native-parity/ios/Packages/PicPacKit
    builtin-copy -exclude .DS_Store -exclude CVS -exclude .svn -exclude .git -exclude .hg -strip-unsigned-binaries -strip-deterministic -strip-tool /Applications/Xcode.app/Contents/Developer/Toolchains/XcodeDefault.xctoolchain/usr/bin/strip -resolve-src-symlinks /Users/bavabangaru/Developer/pic-pac-poe-ios-native-parity/ios/Packages/PicPacKit/Sources/PicPacAI/Resources/picpac_rl_policy_v1.bin /tmp/picpac-phase3-recovery-build-03d44f794ef9-20260925T084220Z/iphonesimulator/Build/Products/Release-iphonesimulator/PicPacKit_PicPacAI.bundle

RegisterExecutionPolicyException /tmp/picpac-phase3-recovery-build-03d44f794ef9-20260925T084220Z/iphonesimulator/Build/Products/Release-iphonesimulator/PicPacKit_PicPacAI.bundle (in target 'PicPacKit_PicPacAI' from project 'PicPacKit')
    cd /Users/bavabangaru/Developer/pic-pac-poe-ios-native-parity/ios/Packages/PicPacKit
    builtin-RegisterExecutionPolicyException /tmp/picpac-phase3-recovery-build-03d44f794ef9-20260925T084220Z/iphonesimulator/Build/Products/Release-iphonesimulator/PicPacKit_PicPacAI.bundle

Touch /tmp/picpac-phase3-recovery-build-03d44f794ef9-20260925T084220Z/iphonesimulator/Build/Products/Release-iphonesimulator/PicPacKit_PicPacAI.bundle (in target 'PicPacKit_PicPacAI' from project 'PicPacKit')
    cd /Users/bavabangaru/Developer/pic-pac-poe-ios-native-parity/ios/Packages/PicPacKit
    /usr/bin/touch -c /tmp/picpac-phase3-recovery-build-03d44f794ef9-20260925T084220Z/iphonesimulator/Build/Products/Release-iphonesimulator/PicPacKit_PicPacAI.bundle

SwiftDriver PicPacCore normal x86_64 com.apple.xcode.tools.swift.compiler (in target 'PicPacCore' from project 'PicPacKit')
    cd /Users/bavabangaru/Developer/pic-pac-poe-ios-native-parity/ios/PicPacPoe.xcodeproj
    builtin-SwiftDriver -- /Applications/Xcode.app/Contents/Developer/Toolchains/XcodeDefault.xctoolchain/usr/bin/swiftc -module-name PicPacCore -O -whole-module-optimization @/tmp/picpac-phase3-recovery-build-03d44f794ef9-20260925T084220Z/iphonesimulator/Build/Intermediates.noindex/PicPacKit.build/Release-iphonesimulator/PicPacCore.build/Objects-normal/x86_64/PicPacCore.SwiftFileList -DSWIFT_PACKAGE -DSWIFT_MODULE_RESOURCE_BUNDLE_UNAVAILABLE -DXcode -plugin-path /Applications/Xcode.app/Contents/Developer/Toolchains/XcodeDefault.xctoolchain/usr/lib/swift/host/plugins/testing -enable-experimental-feature DebugDescriptionMacro -sdk /Applications/Xcode.app/Contents/Developer/Platforms/iPhoneSimulator.platform/Developer/SDKs/iPhoneSimulator26.5.sdk -target x86_64-apple-ios17.0-simulator -g -module-cache-path /tmp/picpac-phase3-recovery-build-03d44f794ef9-20260925T084220Z/iphonesimulator/ModuleCache.noindex -Xfrontend -serialize-debugging-options -suppress-warnings -swift-version 6 -I /tmp/picpac-phase3-recovery-build-03d44f794ef9-20260925T084220Z/iphonesimulator/Build/Products/Release-iphonesimulator -Isystem /Applications/Xcode.app/Contents/Developer/Platforms/iPhoneSimulator.platform/Developer/usr/lib -F /tmp/picpac-phase3-recovery-build-03d44f794ef9-20260925T084220Z/iphonesimulator/Build/Products/Release-iphonesimulator -F /Applications/Xcode.app/Contents/Developer/Platforms/iPhoneSimulator.platform/Developer/Library/Frameworks -F /Applications/Xcode.app/Contents/Developer/Platforms/iPhoneSimulator.platform/Developer/SDKs/iPhoneSimulator26.5.sdk/Developer/Library/Frameworks -c -num-threads 12 -Xcc -ivfsstatcache -Xcc /tmp/picpac-phase3-recovery-build-03d44f794ef9-20260925T084220Z/iphonesimulator/SDKStatCaches.noindex/iphonesimulator26.5-23F81a-6cfe768891a92b912361537c460fe42b.sdkstatcache -output-file-map /tmp/picpac-phase3-recovery-build-03d44f794ef9-20260925T084220Z/iphonesimulator/Build/Intermediates.noindex/PicPacKit.build/Release-iphonesimulator/PicPacCore.build/Objects-normal/x86_64/PicPacCore-OutputFileMap.json -use-frontend-parseable-output -save-temps -no-color-diagnostics -explicit-module-build -module-cache-path /tmp/picpac-phase3-recovery-build-03d44f794ef9-20260925T084220Z/iphonesimulator/Build/Intermediates.noindex/SwiftExplicitPrecompiledModules -clang-scanner-module-cache-path /tmp/picpac-phase3-recovery-build-03d44f794ef9-20260925T084220Z/iphonesimulator/ModuleCache.noindex -sdk-module-cache-path /tmp/picpac-phase3-recovery-build-03d44f794ef9-20260925T084220Z/iphonesimulator/ModuleCache.noindex -serialize-diagnostics -emit-dependencies -emit-module -emit-module-path /tmp/picpac-phase3-recovery-build-03d44f794ef9-20260925T084220Z/iphonesimulator/Build/Intermediates.noindex/PicPacKit.build/Release-iphonesimulator/PicPacCore.build/Objects-normal/x86_64/PicPacCore.swiftmodule -validate-clang-modules-once -clang-build-session-file /tmp/picpac-phase3-recovery-build-03d44f794ef9-20260925T084220Z/iphonesimulator/ModuleCache.noindex/Session.modulevalidation -package-name picpackit -Xcc -I/tmp/picpac-phase3-recovery-build-03d44f794ef9-20260925T084220Z/iphonesimulator/Build/Intermediates.noindex/PicPacKit.build/Release-iphonesimulator/PicPacCore.build/swift-overrides.hmap -emit-const-values -Xfrontend -const-gather-protocols-file -Xfrontend /tmp/picpac-phase3-recovery-build-03d44f794ef9-20260925T084220Z/iphonesimulator/Build/Intermediates.noindex/PicPacKit.build/Release-iphonesimulator/PicPacCore.build/Objects-normal/x86_64/PicPacCore_const_extract_protocols.json -Xcc -I/tmp/picpac-phase3-recovery-build-03d44f794ef9-20260925T084220Z/iphonesimulator/Build/Products/Release-iphonesimulator/include -Xcc -I/tmp/picpac-phase3-recovery-build-03d44f794ef9-20260925T084220Z/iphonesimulator/Build/Intermediates.noindex/PicPacKit.build/Release-iphonesimulator/PicPacCore.build/DerivedSources-normal/x86_64 -Xcc -I/tmp/picpac-phase3-recovery-build-03d44f794ef9-20260925T084220Z/iphonesimulator/Build/Intermediates.noindex/PicPacKit.build/Release-iphonesimulator/PicPacCore.build/DerivedSources/x86_64 -Xcc -I/tmp/picpac-phase3-recovery-build-03d44f794ef9-20260925T084220Z/iphonesimulator/Build/Intermediates.noindex/PicPacKit.build/Release-iphonesimulator/PicPacCore.build/DerivedSources -Xcc -DSWIFT_PACKAGE -emit-objc-header -emit-objc-header-path /tmp/picpac-phase3-recovery-build-03d44f794ef9-20260925T084220Z/iphonesimulator/Build/Intermediates.noindex/PicPacKit.build/Release-iphonesimulator/PicPacCore.build/Objects-normal/x86_64/PicPacCore-Swift.h -working-directory /Users/bavabangaru/Developer/pic-pac-poe-ios-native-parity/ios/PicPacPoe.xcodeproj -no-emit-module-separately-wmo

SwiftDriver PicPacCore normal arm64 com.apple.xcode.tools.swift.compiler (in target 'PicPacCore' from project 'PicPacKit')
    cd /Users/bavabangaru/Developer/pic-pac-poe-ios-native-parity/ios/PicPacPoe.xcodeproj
    builtin-SwiftDriver -- /Applications/Xcode.app/Contents/Developer/Toolchains/XcodeDefault.xctoolchain/usr/bin/swiftc -module-name PicPacCore -O -whole-module-optimization @/tmp/picpac-phase3-recovery-build-03d44f794ef9-20260925T084220Z/iphonesimulator/Build/Intermediates.noindex/PicPacKit.build/Release-iphonesimulator/PicPacCore.build/Objects-normal/arm64/PicPacCore.SwiftFileList -DSWIFT_PACKAGE -DSWIFT_MODULE_RESOURCE_BUNDLE_UNAVAILABLE -DXcode -plugin-path /Applications/Xcode.app/Contents/Developer/Toolchains/XcodeDefault.xctoolchain/usr/lib/swift/host/plugins/testing -enable-experimental-feature DebugDescriptionMacro -sdk /Applications/Xcode.app/Contents/Developer/Platforms/iPhoneSimulator.platform/Developer/SDKs/iPhoneSimulator26.5.sdk -target arm64-apple-ios17.0-simulator -g -module-cache-path /tmp/picpac-phase3-recovery-build-03d44f794ef9-20260925T084220Z/iphonesimulator/ModuleCache.noindex -Xfrontend -serialize-debugging-options -suppress-warnings -swift-version 6 -I /tmp/picpac-phase3-recovery-build-03d44f794ef9-20260925T084220Z/iphonesimulator/Build/Products/Release-iphonesimulator -Isystem /Applications/Xcode.app/Contents/Developer/Platforms/iPhoneSimulator.platform/Developer/usr/lib -F /tmp/picpac-phase3-recovery-build-03d44f794ef9-20260925T084220Z/iphonesimulator/Build/Products/Release-iphonesimulator -F /Applications/Xcode.app/Contents/Developer/Platforms/iPhoneSimulator.platform/Developer/Library/Frameworks -F /Applications/Xcode.app/Contents/Developer/Platforms/iPhoneSimulator.platform/Developer/SDKs/iPhoneSimulator26.5.sdk/Developer/Library/Frameworks -c -num-threads 12 -Xcc -ivfsstatcache -Xcc /tmp/picpac-phase3-recovery-build-03d44f794ef9-20260925T084220Z/iphonesimulator/SDKStatCaches.noindex/iphonesimulator26.5-23F81a-6cfe768891a92b912361537c460fe42b.sdkstatcache -output-file-map /tmp/picpac-phase3-recovery-build-03d44f794ef9-20260925T084220Z/iphonesimulator/Build/Intermediates.noindex/PicPacKit.build/Release-iphonesimulator/PicPacCore.build/Objects-normal/arm64/PicPacCore-OutputFileMap.json -use-frontend-parseable-output -save-temps -no-color-diagnostics -explicit-module-build -module-cache-path /tmp/picpac-phase3-recovery-build-03d44f794ef9-20260925T084220Z/iphonesimulator/Build/Intermediates.noindex/SwiftExplicitPrecompiledModules -clang-scanner-module-cache-path /tmp/picpac-phase3-recovery-build-03d44f794ef9-20260925T084220Z/iphonesimulator/ModuleCache.noindex -sdk-module-cache-path /tmp/picpac-phase3-recovery-build-03d44f794ef9-20260925T084220Z/iphonesimulator/ModuleCache.noindex -serialize-diagnostics -emit-dependencies -emit-module -emit-module-path /tmp/picpac-phase3-recovery-build-03d44f794ef9-20260925T084220Z/iphonesimulator/Build/Intermediates.noindex/PicPacKit.build/Release-iphonesimulator/PicPacCore.build/Objects-normal/arm64/PicPacCore.swiftmodule -validate-clang-modules-once -clang-build-session-file /tmp/picpac-phase3-recovery-build-03d44f794ef9-20260925T084220Z/iphonesimulator/ModuleCache.noindex/Session.modulevalidation -package-name picpackit -Xcc -I/tmp/picpac-phase3-recovery-build-03d44f794ef9-20260925T084220Z/iphonesimulator/Build/Intermediates.noindex/PicPacKit.build/Release-iphonesimulator/PicPacCore.build/swift-overrides.hmap -emit-const-values -Xfrontend -const-gather-protocols-file -Xfrontend /tmp/picpac-phase3-recovery-build-03d44f794ef9-20260925T084220Z/iphonesimulator/Build/Intermediates.noindex/PicPacKit.build/Release-iphonesimulator/PicPacCore.build/Objects-normal/arm64/PicPacCore_const_extract_protocols.json -Xcc -I/tmp/picpac-phase3-recovery-build-03d44f794ef9-20260925T084220Z/iphonesimulator/Build/Products/Release-iphonesimulator/include -Xcc -I/tmp/picpac-phase3-recovery-build-03d44f794ef9-20260925T084220Z/iphonesimulator/Build/Intermediates.noindex/PicPacKit.build/Release-iphonesimulator/PicPacCore.build/DerivedSources-normal/arm64 -Xcc -I/tmp/picpac-phase3-recovery-build-03d44f794ef9-20260925T084220Z/iphonesimulator/Build/Intermediates.noindex/PicPacKit.build/Release-iphonesimulator/PicPacCore.build/DerivedSources/arm64 -Xcc -I/tmp/picpac-phase3-recovery-build-03d44f794ef9-20260925T084220Z/iphonesimulator/Build/Intermediates.noindex/PicPacKit.build/Release-iphonesimulator/PicPacCore.build/DerivedSources -Xcc -DSWIFT_PACKAGE -emit-objc-header -emit-objc-header-path /tmp/picpac-phase3-recovery-build-03d44f794ef9-20260925T084220Z/iphonesimulator/Build/Intermediates.noindex/PicPacKit.build/Release-iphonesimulator/PicPacCore.build/Objects-normal/arm64/PicPacCore-Swift.h -working-directory /Users/bavabangaru/Developer/pic-pac-poe-ios-native-parity/ios/PicPacPoe.xcodeproj -no-emit-module-separately-wmo

SwiftDriver\ Compilation PicPacCore normal x86_64 com.apple.xcode.tools.swift.compiler (in target 'PicPacCore' from project 'PicPacKit')
    cd /Users/bavabangaru/Developer/pic-pac-poe-ios-native-parity/ios/PicPacPoe.xcodeproj
    builtin-Swift-Compilation -- /Applications/Xcode.app/Contents/Developer/Toolchains/XcodeDefault.xctoolchain/usr/bin/swiftc -module-name PicPacCore -O -whole-module-optimization @/tmp/picpac-phase3-recovery-build-03d44f794ef9-20260925T084220Z/iphonesimulator/Build/Intermediates.noindex/PicPacKit.build/Release-iphonesimulator/PicPacCore.build/Objects-normal/x86_64/PicPacCore.SwiftFileList -DSWIFT_PACKAGE -DSWIFT_MODULE_RESOURCE_BUNDLE_UNAVAILABLE -DXcode -plugin-path /Applications/Xcode.app/Contents/Developer/Toolchains/XcodeDefault.xctoolchain/usr/lib/swift/host/plugins/testing -enable-experimental-feature DebugDescriptionMacro -sdk /Applications/Xcode.app/Contents/Developer/Platforms/iPhoneSimulator.platform/Developer/SDKs/iPhoneSimulator26.5.sdk -target x86_64-apple-ios17.0-simulator -g -module-cache-path /tmp/picpac-phase3-recovery-build-03d44f794ef9-20260925T084220Z/iphonesimulator/ModuleCache.noindex -Xfrontend -serialize-debugging-options -suppress-warnings -swift-version 6 -I /tmp/picpac-phase3-recovery-build-03d44f794ef9-20260925T084220Z/iphonesimulator/Build/Products/Release-iphonesimulator -Isystem /Applications/Xcode.app/Contents/Developer/Platforms/iPhoneSimulator.platform/Developer/usr/lib -F /tmp/picpac-phase3-recovery-build-03d44f794ef9-20260925T084220Z/iphonesimulator/Build/Products/Release-iphonesimulator -F /Applications/Xcode.app/Contents/Developer/Platforms/iPhoneSimulator.platform/Developer/Library/Frameworks -F /Applications/Xcode.app/Contents/Developer/Platforms/iPhoneSimulator.platform/Developer/SDKs/iPhoneSimulator26.5.sdk/Developer/Library/Frameworks -c -num-threads 12 -Xcc -ivfsstatcache -Xcc /tmp/picpac-phase3-recovery-build-03d44f794ef9-20260925T084220Z/iphonesimulator/SDKStatCaches.noindex/iphonesimulator26.5-23F81a-6cfe768891a92b912361537c460fe42b.sdkstatcache -output-file-map /tmp/picpac-phase3-recovery-build-03d44f794ef9-20260925T084220Z/iphonesimulator/Build/Intermediates.noindex/PicPacKit.build/Release-iphonesimulator/PicPacCore.build/Objects-normal/x86_64/PicPacCore-OutputFileMap.json -use-frontend-parseable-output -save-temps -no-color-diagnostics -explicit-module-build -module-cache-path /tmp/picpac-phase3-recovery-build-03d44f794ef9-20260925T084220Z/iphonesimulator/Build/Intermediates.noindex/SwiftExplicitPrecompiledModules -clang-scanner-module-cache-path /tmp/picpac-phase3-recovery-build-03d44f794ef9-20260925T084220Z/iphonesimulator/ModuleCache.noindex -sdk-module-cache-path /tmp/picpac-phase3-recovery-build-03d44f794ef9-20260925T084220Z/iphonesimulator/ModuleCache.noindex -serialize-diagnostics -emit-dependencies -emit-module -emit-module-path /tmp/picpac-phase3-recovery-build-03d44f794ef9-20260925T084220Z/iphonesimulator/Build/Intermediates.noindex/PicPacKit.build/Release-iphonesimulator/PicPacCore.build/Objects-normal/x86_64/PicPacCore.swiftmodule -validate-clang-modules-once -clang-build-session-file /tmp/picpac-phase3-recovery-build-03d44f794ef9-20260925T084220Z/iphonesimulator/ModuleCache.noindex/Session.modulevalidation -package-name picpackit -Xcc -I/tmp/picpac-phase3-recovery-build-03d44f794ef9-20260925T084220Z/iphonesimulator/Build/Intermediates.noindex/PicPacKit.build/Release-iphonesimulator/PicPacCore.build/swift-overrides.hmap -emit-const-values -Xfrontend -const-gather-protocols-file -Xfrontend /tmp/picpac-phase3-recovery-build-03d44f794ef9-20260925T084220Z/iphonesimulator/Build/Intermediates.noindex/PicPacKit.build/Release-iphonesimulator/PicPacCore.build/Objects-normal/x86_64/PicPacCore_const_extract_protocols.json -Xcc -I/tmp/picpac-phase3-recovery-build-03d44f794ef9-20260925T084220Z/iphonesimulator/Build/Products/Release-iphonesimulator/include -Xcc -I/tmp/picpac-phase3-recovery-build-03d44f794ef9-20260925T084220Z/iphonesimulator/Build/Intermediates.noindex/PicPacKit.build/Release-iphonesimulator/PicPacCore.build/DerivedSources-normal/x86_64 -Xcc -I/tmp/picpac-phase3-recovery-build-03d44f794ef9-20260925T084220Z/iphonesimulator/Build/Intermediates.noindex/PicPacKit.build/Release-iphonesimulator/PicPacCore.build/DerivedSources/x86_64 -Xcc -I/tmp/picpac-phase3-recovery-build-03d44f794ef9-20260925T084220Z/iphonesimulator/Build/Intermediates.noindex/PicPacKit.build/Release-iphonesimulator/PicPacCore.build/DerivedSources -Xcc -DSWIFT_PACKAGE -emit-objc-header -emit-objc-header-path /tmp/picpac-phase3-recovery-build-03d44f794ef9-20260925T084220Z/iphonesimulator/Build/Intermediates.noindex/PicPacKit.build/Release-iphonesimulator/PicPacCore.build/Objects-normal/x86_64/PicPacCore-Swift.h -working-directory /Users/bavabangaru/Developer/pic-pac-poe-ios-native-parity/ios/PicPacPoe.xcodeproj -no-emit-module-separately-wmo

SwiftExplicitDependencyGeneratePcm x86_64 /tmp/picpac-phase3-recovery-build-03d44f794ef9-20260925T084220Z/iphonesimulator/ModuleCache.noindex/_Builtin_float-6MU6TT4E8Q1017GNTW2K4VB9V.pcm

SwiftExplicitDependencyGeneratePcm x86_64 /tmp/picpac-phase3-recovery-build-03d44f794ef9-20260925T084220Z/iphonesimulator/ModuleCache.noindex/_Builtin_stddef-3VW5IHCNV24MUM6L5Q1G71GYZ.pcm

SwiftExplicitDependencyGeneratePcm x86_64 /tmp/picpac-phase3-recovery-build-03d44f794ef9-20260925T084220Z/iphonesimulator/ModuleCache.noindex/_SwiftConcurrencyShims-BU6J9DCC9VUV66R2FUPXE6LFN.pcm

SwiftExplicitDependencyGeneratePcm x86_64 /tmp/picpac-phase3-recovery-build-03d44f794ef9-20260925T084220Z/iphonesimulator/ModuleCache.noindex/ptrcheck-A3RSGHSKAC1XKA48JSQ4OAJ7E.pcm

SwiftExplicitDependencyGeneratePcm x86_64 /tmp/picpac-phase3-recovery-build-03d44f794ef9-20260925T084220Z/iphonesimulator/ModuleCache.noindex/_AvailabilityInternal-I07CIZNBNKY4DI5A0EOIU6WI.pcm

SwiftExplicitDependencyGeneratePcm x86_64 /tmp/picpac-phase3-recovery-build-03d44f794ef9-20260925T084220Z/iphonesimulator/ModuleCache.noindex/_Builtin_stdbool-4EDDXXNUUA938JNJ27Q489MXC.pcm

SwiftExplicitDependencyGeneratePcm x86_64 /tmp/picpac-phase3-recovery-build-03d44f794ef9-20260925T084220Z/iphonesimulator/ModuleCache.noindex/_Builtin_stdarg-CBTXAYK5ED03MS52IG4IUYP45.pcm

SwiftExplicitDependencyGeneratePcm x86_64 /tmp/picpac-phase3-recovery-build-03d44f794ef9-20260925T084220Z/iphonesimulator/ModuleCache.noindex/ptrauth-BVBXV90TQIMWL3WWSEI4WAR7D.pcm

SwiftExplicitDependencyGeneratePcm x86_64 /tmp/picpac-phase3-recovery-build-03d44f794ef9-20260925T084220Z/iphonesimulator/ModuleCache.noindex/SwiftShims-30ZQZNQ2DCIIFR7ZJBR8YI8U.pcm

SwiftDriver\ Compilation PicPacCore normal arm64 com.apple.xcode.tools.swift.compiler (in target 'PicPacCore' from project 'PicPacKit')
    cd /Users/bavabangaru/Developer/pic-pac-poe-ios-native-parity/ios/PicPacPoe.xcodeproj
    builtin-Swift-Compilation -- /Applications/Xcode.app/Contents/Developer/Toolchains/XcodeDefault.xctoolchain/usr/bin/swiftc -module-name PicPacCore -O -whole-module-optimization @/tmp/picpac-phase3-recovery-build-03d44f794ef9-20260925T084220Z/iphonesimulator/Build/Intermediates.noindex/PicPacKit.build/Release-iphonesimulator/PicPacCore.build/Objects-normal/arm64/PicPacCore.SwiftFileList -DSWIFT_PACKAGE -DSWIFT_MODULE_RESOURCE_BUNDLE_UNAVAILABLE -DXcode -plugin-path /Applications/Xcode.app/Contents/Developer/Toolchains/XcodeDefault.xctoolchain/usr/lib/swift/host/plugins/testing -enable-experimental-feature DebugDescriptionMacro -sdk /Applications/Xcode.app/Contents/Developer/Platforms/iPhoneSimulator.platform/Developer/SDKs/iPhoneSimulator26.5.sdk -target arm64-apple-ios17.0-simulator -g -module-cache-path /tmp/picpac-phase3-recovery-build-03d44f794ef9-20260925T084220Z/iphonesimulator/ModuleCache.noindex -Xfrontend -serialize-debugging-options -suppress-warnings -swift-version 6 -I /tmp/picpac-phase3-recovery-build-03d44f794ef9-20260925T084220Z/iphonesimulator/Build/Products/Release-iphonesimulator -Isystem /Applications/Xcode.app/Contents/Developer/Platforms/iPhoneSimulator.platform/Developer/usr/lib -F /tmp/picpac-phase3-recovery-build-03d44f794ef9-20260925T084220Z/iphonesimulator/Build/Products/Release-iphonesimulator -F /Applications/Xcode.app/Contents/Developer/Platforms/iPhoneSimulator.platform/Developer/Library/Frameworks -F /Applications/Xcode.app/Contents/Developer/Platforms/iPhoneSimulator.platform/Developer/SDKs/iPhoneSimulator26.5.sdk/Developer/Library/Frameworks -c -num-threads 12 -Xcc -ivfsstatcache -Xcc /tmp/picpac-phase3-recovery-build-03d44f794ef9-20260925T084220Z/iphonesimulator/SDKStatCaches.noindex/iphonesimulator26.5-23F81a-6cfe768891a92b912361537c460fe42b.sdkstatcache -output-file-map /tmp/picpac-phase3-recovery-build-03d44f794ef9-20260925T084220Z/iphonesimulator/Build/Intermediates.noindex/PicPacKit.build/Release-iphonesimulator/PicPacCore.build/Objects-normal/arm64/PicPacCore-OutputFileMap.json -use-frontend-parseable-output -save-temps -no-color-diagnostics -explicit-module-build -module-cache-path /tmp/picpac-phase3-recovery-build-03d44f794ef9-20260925T084220Z/iphonesimulator/Build/Intermediates.noindex/SwiftExplicitPrecompiledModules -clang-scanner-module-cache-path /tmp/picpac-phase3-recovery-build-03d44f794ef9-20260925T084220Z/iphonesimulator/ModuleCache.noindex -sdk-module-cache-path /tmp/picpac-phase3-recovery-build-03d44f794ef9-20260925T084220Z/iphonesimulator/ModuleCache.noindex -serialize-diagnostics -emit-dependencies -emit-module -emit-module-path /tmp/picpac-phase3-recovery-build-03d44f794ef9-20260925T084220Z/iphonesimulator/Build/Intermediates.noindex/PicPacKit.build/Release-iphonesimulator/PicPacCore.build/Objects-normal/arm64/PicPacCore.swiftmodule -validate-clang-modules-once -clang-build-session-file /tmp/picpac-phase3-recovery-build-03d44f794ef9-20260925T084220Z/iphonesimulator/ModuleCache.noindex/Session.modulevalidation -package-name picpackit -Xcc -I/tmp/picpac-phase3-recovery-build-03d44f794ef9-20260925T084220Z/iphonesimulator/Build/Intermediates.noindex/PicPacKit.build/Release-iphonesimulator/PicPacCore.build/swift-overrides.hmap -emit-const-values -Xfrontend -const-gather-protocols-file -Xfrontend /tmp/picpac-phase3-recovery-build-03d44f794ef9-20260925T084220Z/iphonesimulator/Build/Intermediates.noindex/PicPacKit.build/Release-iphonesimulator/PicPacCore.build/Objects-normal/arm64/PicPacCore_const_extract_protocols.json -Xcc -I/tmp/picpac-phase3-recovery-build-03d44f794ef9-20260925T084220Z/iphonesimulator/Build/Products/Release-iphonesimulator/include -Xcc -I/tmp/picpac-phase3-recovery-build-03d44f794ef9-20260925T084220Z/iphonesimulator/Build/Intermediates.noindex/PicPacKit.build/Release-iphonesimulator/PicPacCore.build/DerivedSources-normal/arm64 -Xcc -I/tmp/picpac-phase3-recovery-build-03d44f794ef9-20260925T084220Z/iphonesimulator/Build/Intermediates.noindex/PicPacKit.build/Release-iphonesimulator/PicPacCore.build/DerivedSources/arm64 -Xcc -I/tmp/picpac-phase3-recovery-build-03d44f794ef9-20260925T084220Z/iphonesimulator/Build/Intermediates.noindex/PicPacKit.build/Release-iphonesimulator/PicPacCore.build/DerivedSources -Xcc -DSWIFT_PACKAGE -emit-objc-header -emit-objc-header-path /tmp/picpac-phase3-recovery-build-03d44f794ef9-20260925T084220Z/iphonesimulator/Build/Intermediates.noindex/PicPacKit.build/Release-iphonesimulator/PicPacCore.build/Objects-normal/arm64/PicPacCore-Swift.h -working-directory /Users/bavabangaru/Developer/pic-pac-poe-ios-native-parity/ios/PicPacPoe.xcodeproj -no-emit-module-separately-wmo

SwiftExplicitDependencyGeneratePcm arm64 /tmp/picpac-phase3-recovery-build-03d44f794ef9-20260925T084220Z/iphonesimulator/ModuleCache.noindex/_Builtin_float-9UJAMSW1Z24BC2TZETKFXLYAP.pcm

SwiftExplicitDependencyGeneratePcm arm64 /tmp/picpac-phase3-recovery-build-03d44f794ef9-20260925T084220Z/iphonesimulator/ModuleCache.noindex/_Builtin_stdarg-A7WJ518PCGG8VH1P7Q7OYSRO3.pcm

SwiftExplicitDependencyGeneratePcm arm64 /tmp/picpac-phase3-recovery-build-03d44f794ef9-20260925T084220Z/iphonesimulator/ModuleCache.noindex/_AvailabilityInternal-1A4JKRYO6P3KF0VU5UMPUZTPL.pcm

SwiftExplicitDependencyGeneratePcm arm64 /tmp/picpac-phase3-recovery-build-03d44f794ef9-20260925T084220Z/iphonesimulator/ModuleCache.noindex/_Builtin_stddef-37XPATSL1W5A8ZO7K48SIVICZ.pcm

SwiftExplicitDependencyGeneratePcm arm64 /tmp/picpac-phase3-recovery-build-03d44f794ef9-20260925T084220Z/iphonesimulator/ModuleCache.noindex/ptrauth-3SNVII51A1ERSRKHUPGUO7FD4.pcm

SwiftExplicitDependencyGeneratePcm arm64 /tmp/picpac-phase3-recovery-build-03d44f794ef9-20260925T084220Z/iphonesimulator/ModuleCache.noindex/_SwiftConcurrencyShims-BO56YCVPCNWADB42380EGLISL.pcm

SwiftExplicitDependencyGeneratePcm arm64 /tmp/picpac-phase3-recovery-build-03d44f794ef9-20260925T084220Z/iphonesimulator/ModuleCache.noindex/_Builtin_stdbool-BRDKOEQLON79VGDS9N9KG0RU7.pcm

SwiftExplicitDependencyGeneratePcm arm64 /tmp/picpac-phase3-recovery-build-03d44f794ef9-20260925T084220Z/iphonesimulator/ModuleCache.noindex/ptrcheck-7A2STGCXH7GH69VWXF6WNS9PM.pcm

SwiftExplicitDependencyGeneratePcm arm64 /tmp/picpac-phase3-recovery-build-03d44f794ef9-20260925T084220Z/iphonesimulator/ModuleCache.noindex/SwiftShims-EEO8WXMMQN52ATKOO8BF3VE1W.pcm

SwiftExplicitDependencyGeneratePcm x86_64 /tmp/picpac-phase3-recovery-build-03d44f794ef9-20260925T084220Z/iphonesimulator/ModuleCache.noindex/_DarwinFoundation1-4HQ3R7BU158D916YB3Y768BM1.pcm

SwiftExplicitDependencyGeneratePcm arm64 /tmp/picpac-phase3-recovery-build-03d44f794ef9-20260925T084220Z/iphonesimulator/ModuleCache.noindex/_DarwinFoundation1-F04C4TQBBCAEEY6EL6U3BBTOR.pcm

SwiftExplicitDependencyGeneratePcm x86_64 /tmp/picpac-phase3-recovery-build-03d44f794ef9-20260925T084220Z/iphonesimulator/ModuleCache.noindex/_Builtin_limits-3KKIE2BUS1V771RCWT776L4XC.pcm

SwiftExplicitDependencyGeneratePcm x86_64 /tmp/picpac-phase3-recovery-build-03d44f794ef9-20260925T084220Z/iphonesimulator/ModuleCache.noindex/_DarwinFoundation2-JU0OM4WYT4QJ1XLJXIHV1X95.pcm

SwiftExplicitDependencyGeneratePcm arm64 /tmp/picpac-phase3-recovery-build-03d44f794ef9-20260925T084220Z/iphonesimulator/ModuleCache.noindex/_DarwinFoundation2-2CZT0IWTCD7Q1A1P929VJKCB8.pcm

SwiftExplicitDependencyGeneratePcm arm64 /tmp/picpac-phase3-recovery-build-03d44f794ef9-20260925T084220Z/iphonesimulator/ModuleCache.noindex/_Builtin_limits-28I5RX6MS7WNLXMQL210451MI.pcm

SwiftExplicitDependencyGeneratePcm x86_64 /tmp/picpac-phase3-recovery-build-03d44f794ef9-20260925T084220Z/iphonesimulator/ModuleCache.noindex/sys_types-14S7SUJ0O58F1FI90GN9EPIDQ.pcm

SwiftExplicitDependencyGeneratePcm x86_64 /tmp/picpac-phase3-recovery-build-03d44f794ef9-20260925T084220Z/iphonesimulator/ModuleCache.noindex/_Builtin_stdint-3NLNFAWKL6DOUXUXX9FS8JHD1.pcm

SwiftExplicitDependencyGeneratePcm x86_64 /tmp/picpac-phase3-recovery-build-03d44f794ef9-20260925T084220Z/iphonesimulator/ModuleCache.noindex/_DarwinFoundation3-9F0KCSMPS5XB3ZDWN8APXUNMJ.pcm

SwiftExplicitDependencyGeneratePcm arm64 /tmp/picpac-phase3-recovery-build-03d44f794ef9-20260925T084220Z/iphonesimulator/ModuleCache.noindex/_Builtin_stdint-DKYAHL5C18ZR8AC6US80XTGMH.pcm

SwiftExplicitDependencyGeneratePcm arm64 /tmp/picpac-phase3-recovery-build-03d44f794ef9-20260925T084220Z/iphonesimulator/ModuleCache.noindex/sys_types-CW2GIF9MTVOYNJT4OPG06L2ME.pcm

SwiftExplicitDependencyGeneratePcm arm64 /tmp/picpac-phase3-recovery-build-03d44f794ef9-20260925T084220Z/iphonesimulator/ModuleCache.noindex/_DarwinFoundation3-DOUKK1T0GKJFNXNAUBYERHGCD.pcm

SwiftExplicitDependencyGeneratePcm x86_64 /tmp/picpac-phase3-recovery-build-03d44f794ef9-20260925T084220Z/iphonesimulator/ModuleCache.noindex/_Builtin_inttypes-D1XREKA5ZW3B7GIL1LUS05FN9.pcm

SwiftExplicitDependencyGeneratePcm x86_64 /tmp/picpac-phase3-recovery-build-03d44f794ef9-20260925T084220Z/iphonesimulator/ModuleCache.noindex/Darwin-B66DQAC1INUNTE0W7785S5MVS.pcm

SwiftExplicitDependencyGeneratePcm arm64 /tmp/picpac-phase3-recovery-build-03d44f794ef9-20260925T084220Z/iphonesimulator/ModuleCache.noindex/_Builtin_inttypes-4J5G0CE0IWKLE60MZZNP950BC.pcm

SwiftExplicitDependencyGeneratePcm arm64 /tmp/picpac-phase3-recovery-build-03d44f794ef9-20260925T084220Z/iphonesimulator/ModuleCache.noindex/Darwin-2T4RW0NYR6LCMZ8PXSTSG9XXO.pcm

SwiftExplicitDependencyGeneratePcm x86_64 /tmp/picpac-phase3-recovery-build-03d44f794ef9-20260925T084220Z/iphonesimulator/ModuleCache.noindex/ObjectiveC-6YU33DMFGQU7Z1EBY3KR6JGAS.pcm

SwiftExplicitDependencyGeneratePcm x86_64 /tmp/picpac-phase3-recovery-build-03d44f794ef9-20260925T084220Z/iphonesimulator/ModuleCache.noindex/os_object-E5RL5OFU0185GPOQQYZE5UTFA.pcm

SwiftExplicitDependencyGeneratePcm arm64 /tmp/picpac-phase3-recovery-build-03d44f794ef9-20260925T084220Z/iphonesimulator/ModuleCache.noindex/ObjectiveC-DMTEMZTHJMZ9UCMMN4LX7N20D.pcm

SwiftExplicitDependencyGeneratePcm x86_64 /tmp/picpac-phase3-recovery-build-03d44f794ef9-20260925T084220Z/iphonesimulator/ModuleCache.noindex/os_workgroup-4EE01FQEA9QSDTPF0A0EAOFSK.pcm

SwiftExplicitDependencyGeneratePcm arm64 /tmp/picpac-phase3-recovery-build-03d44f794ef9-20260925T084220Z/iphonesimulator/ModuleCache.noindex/os_object-5IYZLEGQ4WQBY3BLPDCA03EBP.pcm

SwiftExplicitDependencyGeneratePcm x86_64 /tmp/picpac-phase3-recovery-build-03d44f794ef9-20260925T084220Z/iphonesimulator/ModuleCache.noindex/Dispatch-2MSMQLG4EFXRTAQKWJUMGI910.pcm

SwiftExplicitDependencyGeneratePcm arm64 /tmp/picpac-phase3-recovery-build-03d44f794ef9-20260925T084220Z/iphonesimulator/ModuleCache.noindex/os_workgroup-6L43THDHNB8PR0WEJH5517G72.pcm

SwiftExplicitDependencyGeneratePcm x86_64 /tmp/picpac-phase3-recovery-build-03d44f794ef9-20260925T084220Z/iphonesimulator/ModuleCache.noindex/XPC-41MB5JVQNIPI4TWA4TMEK19SG.pcm

SwiftExplicitDependencyGeneratePcm x86_64 /tmp/picpac-phase3-recovery-build-03d44f794ef9-20260925T084220Z/iphonesimulator/ModuleCache.noindex/CoreFoundation-1RIJ2MYU5AB0TUPK4JL95TSEC.pcm

SwiftExplicitDependencyGeneratePcm arm64 /tmp/picpac-phase3-recovery-build-03d44f794ef9-20260925T084220Z/iphonesimulator/ModuleCache.noindex/Dispatch-DPD6DOLVSKCY7FAQVTFXH7SD5.pcm

SwiftExplicitDependencyGeneratePcm arm64 /tmp/picpac-phase3-recovery-build-03d44f794ef9-20260925T084220Z/iphonesimulator/ModuleCache.noindex/CoreFoundation-CDMK2PGKYMYSFJYS21T2WPILF.pcm

SwiftExplicitDependencyGeneratePcm arm64 /tmp/picpac-phase3-recovery-build-03d44f794ef9-20260925T084220Z/iphonesimulator/ModuleCache.noindex/XPC-6CD2ZHPMQKH47HXN7GFSYFOUL.pcm

SwiftExplicitDependencyGeneratePcm x86_64 /tmp/picpac-phase3-recovery-build-03d44f794ef9-20260925T084220Z/iphonesimulator/ModuleCache.noindex/Security-4MJVE7LI2WDBXPV6AHHABIMVU.pcm

SwiftExplicitDependencyGeneratePcm x86_64 /tmp/picpac-phase3-recovery-build-03d44f794ef9-20260925T084220Z/iphonesimulator/ModuleCache.noindex/CFNetwork-DGAG6AFUMUJE6R5TC8IG3W8L8.pcm

SwiftExplicitDependencyGeneratePcm x86_64 /tmp/picpac-phase3-recovery-build-03d44f794ef9-20260925T084220Z/iphonesimulator/ModuleCache.noindex/Foundation-1TXDXZ45UN7ED2ZRPR08QVLL2.pcm

SwiftExplicitDependencyGeneratePcm arm64 /tmp/picpac-phase3-recovery-build-03d44f794ef9-20260925T084220Z/iphonesimulator/ModuleCache.noindex/CFNetwork-154M8DL70NAHLUTSQNQGTDDK4.pcm

SwiftExplicitDependencyGeneratePcm arm64 /tmp/picpac-phase3-recovery-build-03d44f794ef9-20260925T084220Z/iphonesimulator/ModuleCache.noindex/Security-4H86FU2ZMY1657QB8S06W2NEP.pcm

SwiftExplicitDependencyGeneratePcm arm64 /tmp/picpac-phase3-recovery-build-03d44f794ef9-20260925T084220Z/iphonesimulator/ModuleCache.noindex/Foundation-A32C7GTKKNBTCZ6NTYMX8RMYF.pcm

SwiftCompile normal x86_64 Compiling\ AiObservation.swift,\ Model.swift,\ Randomness.swift,\ Rules.swift,\ State.swift /Users/bavabangaru/Developer/pic-pac-poe-ios-native-parity/ios/Packages/PicPacKit/Sources/PicPacCore/AiObservation.swift /Users/bavabangaru/Developer/pic-pac-poe-ios-native-parity/ios/Packages/PicPacKit/Sources/PicPacCore/Model.swift /Users/bavabangaru/Developer/pic-pac-poe-ios-native-parity/ios/Packages/PicPacKit/Sources/PicPacCore/Randomness.swift /Users/bavabangaru/Developer/pic-pac-poe-ios-native-parity/ios/Packages/PicPacKit/Sources/PicPacCore/Rules.swift /Users/bavabangaru/Developer/pic-pac-poe-ios-native-parity/ios/Packages/PicPacKit/Sources/PicPacCore/State.swift /Applications/Xcode.app/Contents/Developer/Toolchains/XcodeDefault.xctoolchain/usr/lib/swift/iphonesimulator/prebuilt-modules/26.5/_DarwinFoundation3.swiftmodule/x86_64-apple-ios-simulator.swiftmodule /Applications/Xcode.app/Contents/Developer/Toolchains/XcodeDefault.xctoolchain/usr/lib/swift/iphonesimulator/prebuilt-modules/26.5/_StringProcessing.swiftmodule/x86_64-apple-ios-simulator.swiftmodule /Applications/Xcode.app/Contents/Developer/Toolchains/XcodeDefault.xctoolchain/usr/lib/swift/iphonesimulator/prebuilt-modules/26.5/Foundation.swiftmodule/x86_64-apple-ios-simulator.swiftmodule /Applications/Xcode.app/Contents/Developer/Toolchains/XcodeDefault.xctoolchain/usr/lib/swift/iphonesimulator/prebuilt-modules/26.5/XPC.swiftmodule/x86_64-apple-ios-simulator.swiftmodule /Applications/Xcode.app/Contents/Developer/Toolchains/XcodeDefault.xctoolchain/usr/lib/swift/iphonesimulator/prebuilt-modules/26.5/Dispatch.swiftmodule/x86_64-apple-ios-simulator.swiftmodule /Applications/Xcode.app/Contents/Developer/Toolchains/XcodeDefault.xctoolchain/usr/lib/swift/iphonesimulator/prebuilt-modules/26.5/_Concurrency.swiftmodule/x86_64-apple-ios-simulator.swiftmodule /Applications/Xcode.app/Contents/Developer/Toolchains/XcodeDefault.xctoolchain/usr/lib/swift/iphonesimulator/prebuilt-modules/26.5/Swift.swiftmodule/x86_64-apple-ios-simulator.swiftmodule /Applications/Xcode.app/Contents/Developer/Toolchains/XcodeDefault.xctoolchain/usr/lib/swift/iphonesimulator/prebuilt-modules/26.5/Darwin.swiftmodule/x86_64-apple-ios-simulator.swiftmodule /Applications/Xcode.app/Contents/Developer/Toolchains/XcodeDefault.xctoolchain/usr/lib/swift/iphonesimulator/prebuilt-modules/26.5/_DarwinFoundation1.swiftmodule/x86_64-apple-ios-simulator.swiftmodule /Applications/Xcode.app/Contents/Developer/Toolchains/XcodeDefault.xctoolchain/usr/lib/swift/iphonesimulator/prebuilt-modules/26.5/CoreFoundation.swiftmodule/x86_64-apple-ios-simulator.swiftmodule /Applications/Xcode.app/Contents/Developer/Toolchains/XcodeDefault.xctoolchain/usr/lib/swift/iphonesimulator/prebuilt-modules/26.5/Combine.swiftmodule/x86_64-apple-ios-simulator.swiftmodule /Applications/Xcode.app/Contents/Developer/Toolchains/XcodeDefault.xctoolchain/usr/lib/swift/iphonesimulator/prebuilt-modules/26.5/_Builtin_float.swiftmodule/x86_64-apple-ios-simulator.swiftmodule /Applications/Xcode.app/Contents/Developer/Toolchains/XcodeDefault.xctoolchain/usr/lib/swift/iphonesimulator/prebuilt-modules/26.5/_DarwinFoundation2.swiftmodule/x86_64-apple-ios-simulator.swiftmodule /Applications/Xcode.app/Contents/Developer/Toolchains/XcodeDefault.xctoolchain/usr/lib/swift/iphonesimulator/prebuilt-modules/26.5/System.swiftmodule/x86_64-apple-ios-simulator.swiftmodule /Applications/Xcode.app/Contents/Developer/Toolchains/XcodeDefault.xctoolchain/usr/lib/swift/iphonesimulator/prebuilt-modules/26.5/Observation.swiftmodule/x86_64-apple-ios-simulator.swiftmodule /Applications/Xcode.app/Contents/Developer/Toolchains/XcodeDefault.xctoolchain/usr/lib/swift/iphonesimulator/prebuilt-modules/26.5/ObjectiveC.swiftmodule/x86_64-apple-ios-simulator.swiftmodule /tmp/picpac-phase3-recovery-build-03d44f794ef9-20260925T084220Z/iphonesimulator/ModuleCache.noindex/_DarwinFoundation3-9F0KCSMPS5XB3ZDWN8APXUNMJ.pcm /tmp/picpac-phase3-recovery-build-03d44f794ef9-20260925T084220Z/iphonesimulator/ModuleCache.noindex/_DarwinFoundation1-4HQ3R7BU158D916YB3Y768BM1.pcm /tmp/picpac-phase3-recovery-build-03d44f794ef9-20260925T084220Z/iphonesimulator/ModuleCache.noindex/Security-4MJVE7LI2WDBXPV6AHHABIMVU.pcm /tmp/picpac-phase3-recovery-build-03d44f794ef9-20260925T084220Z/iphonesimulator/ModuleCache.noindex/_Builtin_float-6MU6TT4E8Q1017GNTW2K4VB9V.pcm /tmp/picpac-phase3-recovery-build-03d44f794ef9-20260925T084220Z/iphonesimulator/ModuleCache.noindex/_DarwinFoundation2-JU0OM4WYT4QJ1XLJXIHV1X95.pcm /tmp/picpac-phase3-recovery-build-03d44f794ef9-20260925T084220Z/iphonesimulator/ModuleCache.noindex/_AvailabilityInternal-I07CIZNBNKY4DI5A0EOIU6WI.pcm /tmp/picpac-phase3-recovery-build-03d44f794ef9-20260925T084220Z/iphonesimulator/ModuleCache.noindex/os_workgroup-4EE01FQEA9QSDTPF0A0EAOFSK.pcm /tmp/picpac-phase3-recovery-build-03d44f794ef9-20260925T084220Z/iphonesimulator/ModuleCache.noindex/_SwiftConcurrencyShims-BU6J9DCC9VUV66R2FUPXE6LFN.pcm /tmp/picpac-phase3-recovery-build-03d44f794ef9-20260925T084220Z/iphonesimulator/ModuleCache.noindex/SwiftShims-30ZQZNQ2DCIIFR7ZJBR8YI8U.pcm /tmp/picpac-phase3-recovery-build-03d44f794ef9-20260925T084220Z/iphonesimulator/ModuleCache.noindex/ptrcheck-A3RSGHSKAC1XKA48JSQ4OAJ7E.pcm /tmp/picpac-phase3-recovery-build-03d44f794ef9-20260925T084220Z/iphonesimulator/ModuleCache.noindex/CFNetwork-DGAG6AFUMUJE6R5TC8IG3W8L8.pcm /tmp/picpac-phase3-recovery-build-03d44f794ef9-20260925T084220Z/iphonesimulator/ModuleCache.noindex/os_object-E5RL5OFU0185GPOQQYZE5UTFA.pcm /tmp/picpac-phase3-recovery-build-03d44f794ef9-20260925T084220Z/iphonesimulator/ModuleCache.noindex/ptrauth-BVBXV90TQIMWL3WWSEI4WAR7D.pcm /tmp/picpac-phase3-recovery-build-03d44f794ef9-20260925T084220Z/iphonesimulator/ModuleCache.noindex/_Builtin_stddef-3VW5IHCNV24MUM6L5Q1G71GYZ.pcm /tmp/picpac-phase3-recovery-build-03d44f794ef9-20260925T084220Z/iphonesimulator/ModuleCache.noindex/sys_types-14S7SUJ0O58F1FI90GN9EPIDQ.pcm /tmp/picpac-phase3-recovery-build-03d44f794ef9-20260925T084220Z/iphonesimulator/ModuleCache.noindex/_Builtin_limits-3KKIE2BUS1V771RCWT776L4XC.pcm /tmp/picpac-phase3-recovery-build-03d44f794ef9-20260925T084220Z/iphonesimulator/ModuleCache.noindex/Dispatch-2MSMQLG4EFXRTAQKWJUMGI910.pcm /tmp/picpac-phase3-recovery-build-03d44f794ef9-20260925T084220Z/iphonesimulator/ModuleCache.noindex/ObjectiveC-6YU33DMFGQU7Z1EBY3KR6JGAS.pcm /tmp/picpac-phase3-recovery-build-03d44f794ef9-20260925T084220Z/iphonesimulator/ModuleCache.noindex/_Builtin_stdbool-4EDDXXNUUA938JNJ27Q489MXC.pcm /tmp/picpac-phase3-recovery-build-03d44f794ef9-20260925T084220Z/iphonesimulator/ModuleCache.noindex/Foundation-1TXDXZ45UN7ED2ZRPR08QVLL2.pcm /tmp/picpac-phase3-recovery-build-03d44f794ef9-20260925T084220Z/iphonesimulator/ModuleCache.noindex/_Builtin_stdarg-CBTXAYK5ED03MS52IG4IUYP45.pcm /tmp/picpac-phase3-recovery-build-03d44f794ef9-20260925T084220Z/iphonesimulator/ModuleCache.noindex/CoreFoundation-1RIJ2MYU5AB0TUPK4JL95TSEC.pcm /tmp/picpac-phase3-recovery-build-03d44f794ef9-20260925T084220Z/iphonesimulator/ModuleCache.noindex/XPC-41MB5JVQNIPI4TWA4TMEK19SG.pcm /tmp/picpac-phase3-recovery-build-03d44f794ef9-20260925T084220Z/iphonesimulator/ModuleCache.noindex/_Builtin_stdint-3NLNFAWKL6DOUXUXX9FS8JHD1.pcm /tmp/picpac-phase3-recovery-build-03d44f794ef9-20260925T084220Z/iphonesimulator/ModuleCache.noindex/Darwin-B66DQAC1INUNTE0W7785S5MVS.pcm /tmp/picpac-phase3-recovery-build-03d44f794ef9-20260925T084220Z/iphonesimulator/ModuleCache.noindex/_Builtin_inttypes-D1XREKA5ZW3B7GIL1LUS05FN9.pcm /tmp/picpac-phase3-recovery-build-03d44f794ef9-20260925T084220Z/iphonesimulator/Build/Intermediates.noindex/PicPacKit.build/Release-iphonesimulator/PicPacCore.build/Objects-normal/x86_64/PicPacCore-dependencies-1.json (in target 'PicPacCore' from project 'PicPacKit')
CompileSwift normal x86_64 (in target 'PicPacCore' from project 'PicPacKit')
    cd /Users/bavabangaru/Developer/pic-pac-poe-ios-native-parity/ios/PicPacPoe.xcodeproj
    

SwiftCompile normal arm64 Compiling\ AiObservation.swift,\ Model.swift,\ Randomness.swift,\ Rules.swift,\ State.swift /Users/bavabangaru/Developer/pic-pac-poe-ios-native-parity/ios/Packages/PicPacKit/Sources/PicPacCore/AiObservation.swift /Users/bavabangaru/Developer/pic-pac-poe-ios-native-parity/ios/Packages/PicPacKit/Sources/PicPacCore/Model.swift /Users/bavabangaru/Developer/pic-pac-poe-ios-native-parity/ios/Packages/PicPacKit/Sources/PicPacCore/Randomness.swift /Users/bavabangaru/Developer/pic-pac-poe-ios-native-parity/ios/Packages/PicPacKit/Sources/PicPacCore/Rules.swift /Users/bavabangaru/Developer/pic-pac-poe-ios-native-parity/ios/Packages/PicPacKit/Sources/PicPacCore/State.swift /Applications/Xcode.app/Contents/Developer/Toolchains/XcodeDefault.xctoolchain/usr/lib/swift/iphonesimulator/prebuilt-modules/26.5/_DarwinFoundation2.swiftmodule/arm64-apple-ios-simulator.swiftmodule /Applications/Xcode.app/Contents/Developer/Toolchains/XcodeDefault.xctoolchain/usr/lib/swift/iphonesimulator/prebuilt-modules/26.5/_Concurrency.swiftmodule/arm64-apple-ios-simulator.swiftmodule /Applications/Xcode.app/Contents/Developer/Toolchains/XcodeDefault.xctoolchain/usr/lib/swift/iphonesimulator/prebuilt-modules/26.5/CoreFoundation.swiftmodule/arm64-apple-ios-simulator.swiftmodule /Applications/Xcode.app/Contents/Developer/Toolchains/XcodeDefault.xctoolchain/usr/lib/swift/iphonesimulator/prebuilt-modules/26.5/Darwin.swiftmodule/arm64-apple-ios-simulator.swiftmodule /Applications/Xcode.app/Contents/Developer/Toolchains/XcodeDefault.xctoolchain/usr/lib/swift/iphonesimulator/prebuilt-modules/26.5/ObjectiveC.swiftmodule/arm64-apple-ios-simulator.swiftmodule /Applications/Xcode.app/Contents/Developer/Toolchains/XcodeDefault.xctoolchain/usr/lib/swift/iphonesimulator/prebuilt-modules/26.5/_Builtin_float.swiftmodule/arm64-apple-ios-simulator.swiftmodule /Applications/Xcode.app/Contents/Developer/Toolchains/XcodeDefault.xctoolchain/usr/lib/swift/iphonesimulator/prebuilt-modules/26.5/System.swiftmodule/arm64-apple-ios-simulator.swiftmodule /Applications/Xcode.app/Contents/Developer/Toolchains/XcodeDefault.xctoolchain/usr/lib/swift/iphonesimulator/prebuilt-modules/26.5/_StringProcessing.swiftmodule/arm64-apple-ios-simulator.swiftmodule /Applications/Xcode.app/Contents/Developer/Toolchains/XcodeDefault.xctoolchain/usr/lib/swift/iphonesimulator/prebuilt-modules/26.5/_DarwinFoundation1.swiftmodule/arm64-apple-ios-simulator.swiftmodule /Applications/Xcode.app/Contents/Developer/Toolchains/XcodeDefault.xctoolchain/usr/lib/swift/iphonesimulator/prebuilt-modules/26.5/XPC.swiftmodule/arm64-apple-ios-simulator.swiftmodule /Applications/Xcode.app/Contents/Developer/Toolchains/XcodeDefault.xctoolchain/usr/lib/swift/iphonesimulator/prebuilt-modules/26.5/Observation.swiftmodule/arm64-apple-ios-simulator.swiftmodule /Applications/Xcode.app/Contents/Developer/Toolchains/XcodeDefault.xctoolchain/usr/lib/swift/iphonesimulator/prebuilt-modules/26.5/_DarwinFoundation3.swiftmodule/arm64-apple-ios-simulator.swiftmodule /Applications/Xcode.app/Contents/Developer/Toolchains/XcodeDefault.xctoolchain/usr/lib/swift/iphonesimulator/prebuilt-modules/26.5/Foundation.swiftmodule/arm64-apple-ios-simulator.swiftmodule /Applications/Xcode.app/Contents/Developer/Toolchains/XcodeDefault.xctoolchain/usr/lib/swift/iphonesimulator/prebuilt-modules/26.5/Dispatch.swiftmodule/arm64-apple-ios-simulator.swiftmodule /Applications/Xcode.app/Contents/Developer/Toolchains/XcodeDefault.xctoolchain/usr/lib/swift/iphonesimulator/prebuilt-modules/26.5/Swift.swiftmodule/arm64-apple-ios-simulator.swiftmodule /Applications/Xcode.app/Contents/Developer/Toolchains/XcodeDefault.xctoolchain/usr/lib/swift/iphonesimulator/prebuilt-modules/26.5/Combine.swiftmodule/arm64-apple-ios-simulator.swiftmodule /tmp/picpac-phase3-recovery-build-03d44f794ef9-20260925T084220Z/iphonesimulator/ModuleCache.noindex/sys_types-CW2GIF9MTVOYNJT4OPG06L2ME.pcm /tmp/picpac-phase3-recovery-build-03d44f794ef9-20260925T084220Z/iphonesimulator/ModuleCache.noindex/_SwiftConcurrencyShims-BO56YCVPCNWADB42380EGLISL.pcm /tmp/picpac-phase3-recovery-build-03d44f794ef9-20260925T084220Z/iphonesimulator/ModuleCache.noindex/Dispatch-DPD6DOLVSKCY7FAQVTFXH7SD5.pcm /tmp/picpac-phase3-recovery-build-03d44f794ef9-20260925T084220Z/iphonesimulator/ModuleCache.noindex/os_object-5IYZLEGQ4WQBY3BLPDCA03EBP.pcm /tmp/picpac-phase3-recovery-build-03d44f794ef9-20260925T084220Z/iphonesimulator/ModuleCache.noindex/_Builtin_stdbool-BRDKOEQLON79VGDS9N9KG0RU7.pcm /tmp/picpac-phase3-recovery-build-03d44f794ef9-20260925T084220Z/iphonesimulator/ModuleCache.noindex/SwiftShims-EEO8WXMMQN52ATKOO8BF3VE1W.pcm /tmp/picpac-phase3-recovery-build-03d44f794ef9-20260925T084220Z/iphonesimulator/ModuleCache.noindex/_Builtin_inttypes-4J5G0CE0IWKLE60MZZNP950BC.pcm /tmp/picpac-phase3-recovery-build-03d44f794ef9-20260925T084220Z/iphonesimulator/ModuleCache.noindex/os_workgroup-6L43THDHNB8PR0WEJH5517G72.pcm /tmp/picpac-phase3-recovery-build-03d44f794ef9-20260925T084220Z/iphonesimulator/ModuleCache.noindex/CoreFoundation-CDMK2PGKYMYSFJYS21T2WPILF.pcm /tmp/picpac-phase3-recovery-build-03d44f794ef9-20260925T084220Z/iphonesimulator/ModuleCache.noindex/XPC-6CD2ZHPMQKH47HXN7GFSYFOUL.pcm /tmp/picpac-phase3-recovery-build-03d44f794ef9-20260925T084220Z/iphonesimulator/ModuleCache.noindex/Security-4H86FU2ZMY1657QB8S06W2NEP.pcm /tmp/picpac-phase3-recovery-build-03d44f794ef9-20260925T084220Z/iphonesimulator/ModuleCache.noindex/_DarwinFoundation3-DOUKK1T0GKJFNXNAUBYERHGCD.pcm /tmp/picpac-phase3-recovery-build-03d44f794ef9-20260925T084220Z/iphonesimulator/ModuleCache.noindex/_DarwinFoundation2-2CZT0IWTCD7Q1A1P929VJKCB8.pcm /tmp/picpac-phase3-recovery-build-03d44f794ef9-20260925T084220Z/iphonesimulator/ModuleCache.noindex/_Builtin_stdint-DKYAHL5C18ZR8AC6US80XTGMH.pcm /tmp/picpac-phase3-recovery-build-03d44f794ef9-20260925T084220Z/iphonesimulator/ModuleCache.noindex/Foundation-A32C7GTKKNBTCZ6NTYMX8RMYF.pcm /tmp/picpac-phase3-recovery-build-03d44f794ef9-20260925T084220Z/iphonesimulator/ModuleCache.noindex/CFNetwork-154M8DL70NAHLUTSQNQGTDDK4.pcm /tmp/picpac-phase3-recovery-build-03d44f794ef9-20260925T084220Z/iphonesimulator/ModuleCache.noindex/_AvailabilityInternal-1A4JKRYO6P3KF0VU5UMPUZTPL.pcm /tmp/picpac-phase3-recovery-build-03d44f794ef9-20260925T084220Z/iphonesimulator/ModuleCache.noindex/Darwin-2T4RW0NYR6LCMZ8PXSTSG9XXO.pcm /tmp/picpac-phase3-recovery-build-03d44f794ef9-20260925T084220Z/iphonesimulator/ModuleCache.noindex/_Builtin_float-9UJAMSW1Z24BC2TZETKFXLYAP.pcm /tmp/picpac-phase3-recovery-build-03d44f794ef9-20260925T084220Z/iphonesimulator/ModuleCache.noindex/_DarwinFoundation1-F04C4TQBBCAEEY6EL6U3BBTOR.pcm /tmp/picpac-phase3-recovery-build-03d44f794ef9-20260925T084220Z/iphonesimulator/ModuleCache.noindex/ptrauth-3SNVII51A1ERSRKHUPGUO7FD4.pcm /tmp/picpac-phase3-recovery-build-03d44f794ef9-20260925T084220Z/iphonesimulator/ModuleCache.noindex/_Builtin_stdarg-A7WJ518PCGG8VH1P7Q7OYSRO3.pcm /tmp/picpac-phase3-recovery-build-03d44f794ef9-20260925T084220Z/iphonesimulator/ModuleCache.noindex/_Builtin_stddef-37XPATSL1W5A8ZO7K48SIVICZ.pcm /tmp/picpac-phase3-recovery-build-03d44f794ef9-20260925T084220Z/iphonesimulator/ModuleCache.noindex/ptrcheck-7A2STGCXH7GH69VWXF6WNS9PM.pcm /tmp/picpac-phase3-recovery-build-03d44f794ef9-20260925T084220Z/iphonesimulator/ModuleCache.noindex/ObjectiveC-DMTEMZTHJMZ9UCMMN4LX7N20D.pcm /tmp/picpac-phase3-recovery-build-03d44f794ef9-20260925T084220Z/iphonesimulator/ModuleCache.noindex/_Builtin_limits-28I5RX6MS7WNLXMQL210451MI.pcm /tmp/picpac-phase3-recovery-build-03d44f794ef9-20260925T084220Z/iphonesimulator/Build/Intermediates.noindex/PicPacKit.build/Release-iphonesimulator/PicPacCore.build/Objects-normal/arm64/PicPacCore-dependencies-2.json (in target 'PicPacCore' from project 'PicPacKit')
CompileSwift normal arm64 (in target 'PicPacCore' from project 'PicPacKit')
    cd /Users/bavabangaru/Developer/pic-pac-poe-ios-native-parity/ios/PicPacPoe.xcodeproj
    

SwiftDriverJobDiscovery normal x86_64 Compiling AiObservation.swift, Model.swift, Randomness.swift, Rules.swift, State.swift (in target 'PicPacCore' from project 'PicPacKit')

SwiftDriver\ Compilation\ Requirements PicPacCore normal x86_64 com.apple.xcode.tools.swift.compiler (in target 'PicPacCore' from project 'PicPacKit')
    cd /Users/bavabangaru/Developer/pic-pac-poe-ios-native-parity/ios/PicPacPoe.xcodeproj
    builtin-Swift-Compilation-Requirements -- /Applications/Xcode.app/Contents/Developer/Toolchains/XcodeDefault.xctoolchain/usr/bin/swiftc -module-name PicPacCore -O -whole-module-optimization @/tmp/picpac-phase3-recovery-build-03d44f794ef9-20260925T084220Z/iphonesimulator/Build/Intermediates.noindex/PicPacKit.build/Release-iphonesimulator/PicPacCore.build/Objects-normal/x86_64/PicPacCore.SwiftFileList -DSWIFT_PACKAGE -DSWIFT_MODULE_RESOURCE_BUNDLE_UNAVAILABLE -DXcode -plugin-path /Applications/Xcode.app/Contents/Developer/Toolchains/XcodeDefault.xctoolchain/usr/lib/swift/host/plugins/testing -enable-experimental-feature DebugDescriptionMacro -sdk /Applications/Xcode.app/Contents/Developer/Platforms/iPhoneSimulator.platform/Developer/SDKs/iPhoneSimulator26.5.sdk -target x86_64-apple-ios17.0-simulator -g -module-cache-path /tmp/picpac-phase3-recovery-build-03d44f794ef9-20260925T084220Z/iphonesimulator/ModuleCache.noindex -Xfrontend -serialize-debugging-options -suppress-warnings -swift-version 6 -I /tmp/picpac-phase3-recovery-build-03d44f794ef9-20260925T084220Z/iphonesimulator/Build/Products/Release-iphonesimulator -Isystem /Applications/Xcode.app/Contents/Developer/Platforms/iPhoneSimulator.platform/Developer/usr/lib -F /tmp/picpac-phase3-recovery-build-03d44f794ef9-20260925T084220Z/iphonesimulator/Build/Products/Release-iphonesimulator -F /Applications/Xcode.app/Contents/Developer/Platforms/iPhoneSimulator.platform/Developer/Library/Frameworks -F /Applications/Xcode.app/Contents/Developer/Platforms/iPhoneSimulator.platform/Developer/SDKs/iPhoneSimulator26.5.sdk/Developer/Library/Frameworks -c -num-threads 12 -Xcc -ivfsstatcache -Xcc /tmp/picpac-phase3-recovery-build-03d44f794ef9-20260925T084220Z/iphonesimulator/SDKStatCaches.noindex/iphonesimulator26.5-23F81a-6cfe768891a92b912361537c460fe42b.sdkstatcache -output-file-map /tmp/picpac-phase3-recovery-build-03d44f794ef9-20260925T084220Z/iphonesimulator/Build/Intermediates.noindex/PicPacKit.build/Release-iphonesimulator/PicPacCore.build/Objects-normal/x86_64/PicPacCore-OutputFileMap.json -use-frontend-parseable-output -save-temps -no-color-diagnostics -explicit-module-build -module-cache-path /tmp/picpac-phase3-recovery-build-03d44f794ef9-20260925T084220Z/iphonesimulator/Build/Intermediates.noindex/SwiftExplicitPrecompiledModules -clang-scanner-module-cache-path /tmp/picpac-phase3-recovery-build-03d44f794ef9-20260925T084220Z/iphonesimulator/ModuleCache.noindex -sdk-module-cache-path /tmp/picpac-phase3-recovery-build-03d44f794ef9-20260925T084220Z/iphonesimulator/ModuleCache.noindex -serialize-diagnostics -emit-dependencies -emit-module -emit-module-path /tmp/picpac-phase3-recovery-build-03d44f794ef9-20260925T084220Z/iphonesimulator/Build/Intermediates.noindex/PicPacKit.build/Release-iphonesimulator/PicPacCore.build/Objects-normal/x86_64/PicPacCore.swiftmodule -validate-clang-modules-once -clang-build-session-file /tmp/picpac-phase3-recovery-build-03d44f794ef9-20260925T084220Z/iphonesimulator/ModuleCache.noindex/Session.modulevalidation -package-name picpackit -Xcc -I/tmp/picpac-phase3-recovery-build-03d44f794ef9-20260925T084220Z/iphonesimulator/Build/Intermediates.noindex/PicPacKit.build/Release-iphonesimulator/PicPacCore.build/swift-overrides.hmap -emit-const-values -Xfrontend -const-gather-protocols-file -Xfrontend /tmp/picpac-phase3-recovery-build-03d44f794ef9-20260925T084220Z/iphonesimulator/Build/Intermediates.noindex/PicPacKit.build/Release-iphonesimulator/PicPacCore.build/Objects-normal/x86_64/PicPacCore_const_extract_protocols.json -Xcc -I/tmp/picpac-phase3-recovery-build-03d44f794ef9-20260925T084220Z/iphonesimulator/Build/Products/Release-iphonesimulator/include -Xcc -I/tmp/picpac-phase3-recovery-build-03d44f794ef9-20260925T084220Z/iphonesimulator/Build/Intermediates.noindex/PicPacKit.build/Release-iphonesimulator/PicPacCore.build/DerivedSources-normal/x86_64 -Xcc -I/tmp/picpac-phase3-recovery-build-03d44f794ef9-20260925T084220Z/iphonesimulator/Build/Intermediates.noindex/PicPacKit.build/Release-iphonesimulator/PicPacCore.build/DerivedSources/x86_64 -Xcc -I/tmp/picpac-phase3-recovery-build-03d44f794ef9-20260925T084220Z/iphonesimulator/Build/Intermediates.noindex/PicPacKit.build/Release-iphonesimulator/PicPacCore.build/DerivedSources -Xcc -DSWIFT_PACKAGE -emit-objc-header -emit-objc-header-path /tmp/picpac-phase3-recovery-build-03d44f794ef9-20260925T084220Z/iphonesimulator/Build/Intermediates.noindex/PicPacKit.build/Release-iphonesimulator/PicPacCore.build/Objects-normal/x86_64/PicPacCore-Swift.h -working-directory /Users/bavabangaru/Developer/pic-pac-poe-ios-native-parity/ios/PicPacPoe.xcodeproj -no-emit-module-separately-wmo

Copy /tmp/picpac-phase3-recovery-build-03d44f794ef9-20260925T084220Z/iphonesimulator/Build/Products/Release-iphonesimulator/PicPacCore.swiftmodule/x86_64-apple-ios-simulator.abi.json /tmp/picpac-phase3-recovery-build-03d44f794ef9-20260925T084220Z/iphonesimulator/Build/Intermediates.noindex/PicPacKit.build/Release-iphonesimulator/PicPacCore.build/Objects-normal/x86_64/PicPacCore.abi.json (in target 'PicPacCore' from project 'PicPacKit')
    cd /Users/bavabangaru/Developer/pic-pac-poe-ios-native-parity/ios/Packages/PicPacKit
    builtin-copy -exclude .DS_Store -exclude CVS -exclude .svn -exclude .git -exclude .hg -strip-unsigned-binaries -strip-deterministic -strip-tool /Applications/Xcode.app/Contents/Developer/Toolchains/XcodeDefault.xctoolchain/usr/bin/strip -resolve-src-symlinks -rename /tmp/picpac-phase3-recovery-build-03d44f794ef9-20260925T084220Z/iphonesimulator/Build/Intermediates.noindex/PicPacKit.build/Release-iphonesimulator/PicPacCore.build/Objects-normal/x86_64/PicPacCore.abi.json /tmp/picpac-phase3-recovery-build-03d44f794ef9-20260925T084220Z/iphonesimulator/Build/Products/Release-iphonesimulator/PicPacCore.swiftmodule/x86_64-apple-ios-simulator.abi.json

Copy /tmp/picpac-phase3-recovery-build-03d44f794ef9-20260925T084220Z/iphonesimulator/Build/Products/Release-iphonesimulator/PicPacCore.swiftmodule/x86_64-apple-ios-simulator.swiftdoc /tmp/picpac-phase3-recovery-build-03d44f794ef9-20260925T084220Z/iphonesimulator/Build/Intermediates.noindex/PicPacKit.build/Release-iphonesimulator/PicPacCore.build/Objects-normal/x86_64/PicPacCore.swiftdoc (in target 'PicPacCore' from project 'PicPacKit')
    cd /Users/bavabangaru/Developer/pic-pac-poe-ios-native-parity/ios/Packages/PicPacKit
    builtin-copy -exclude .DS_Store -exclude CVS -exclude .svn -exclude .git -exclude .hg -strip-unsigned-binaries -strip-deterministic -strip-tool /Applications/Xcode.app/Contents/Developer/Toolchains/XcodeDefault.xctoolchain/usr/bin/strip -resolve-src-symlinks -rename /tmp/picpac-phase3-recovery-build-03d44f794ef9-20260925T084220Z/iphonesimulator/Build/Intermediates.noindex/PicPacKit.build/Release-iphonesimulator/PicPacCore.build/Objects-normal/x86_64/PicPacCore.swiftdoc /tmp/picpac-phase3-recovery-build-03d44f794ef9-20260925T084220Z/iphonesimulator/Build/Products/Release-iphonesimulator/PicPacCore.swiftmodule/x86_64-apple-ios-simulator.swiftdoc

Copy /tmp/picpac-phase3-recovery-build-03d44f794ef9-20260925T084220Z/iphonesimulator/Build/Products/Release-iphonesimulator/PicPacCore.swiftmodule/x86_64-apple-ios-simulator.swiftmodule /tmp/picpac-phase3-recovery-build-03d44f794ef9-20260925T084220Z/iphonesimulator/Build/Intermediates.noindex/PicPacKit.build/Release-iphonesimulator/PicPacCore.build/Objects-normal/x86_64/PicPacCore.swiftmodule (in target 'PicPacCore' from project 'PicPacKit')
    cd /Users/bavabangaru/Developer/pic-pac-poe-ios-native-parity/ios/Packages/PicPacKit
    builtin-copy -exclude .DS_Store -exclude CVS -exclude .svn -exclude .git -exclude .hg -strip-unsigned-binaries -strip-deterministic -strip-tool /Applications/Xcode.app/Contents/Developer/Toolchains/XcodeDefault.xctoolchain/usr/bin/strip -resolve-src-symlinks -rename /tmp/picpac-phase3-recovery-build-03d44f794ef9-20260925T084220Z/iphonesimulator/Build/Intermediates.noindex/PicPacKit.build/Release-iphonesimulator/PicPacCore.build/Objects-normal/x86_64/PicPacCore.swiftmodule /tmp/picpac-phase3-recovery-build-03d44f794ef9-20260925T084220Z/iphonesimulator/Build/Products/Release-iphonesimulator/PicPacCore.swiftmodule/x86_64-apple-ios-simulator.swiftmodule

Copy /tmp/picpac-phase3-recovery-build-03d44f794ef9-20260925T084220Z/iphonesimulator/Build/Products/Release-iphonesimulator/PicPacCore.swiftmodule/Project/x86_64-apple-ios-simulator.swiftsourceinfo /tmp/picpac-phase3-recovery-build-03d44f794ef9-20260925T084220Z/iphonesimulator/Build/Intermediates.noindex/PicPacKit.build/Release-iphonesimulator/PicPacCore.build/Objects-normal/x86_64/PicPacCore.swiftsourceinfo (in target 'PicPacCore' from project 'PicPacKit')
    cd /Users/bavabangaru/Developer/pic-pac-poe-ios-native-parity/ios/Packages/PicPacKit
    builtin-copy -exclude .DS_Store -exclude CVS -exclude .svn -exclude .git -exclude .hg -strip-unsigned-binaries -strip-deterministic -strip-tool /Applications/Xcode.app/Contents/Developer/Toolchains/XcodeDefault.xctoolchain/usr/bin/strip -resolve-src-symlinks -rename /tmp/picpac-phase3-recovery-build-03d44f794ef9-20260925T084220Z/iphonesimulator/Build/Intermediates.noindex/PicPacKit.build/Release-iphonesimulator/PicPacCore.build/Objects-normal/x86_64/PicPacCore.swiftsourceinfo /tmp/picpac-phase3-recovery-build-03d44f794ef9-20260925T084220Z/iphonesimulator/Build/Products/Release-iphonesimulator/PicPacCore.swiftmodule/Project/x86_64-apple-ios-simulator.swiftsourceinfo

SwiftDriverJobDiscovery normal arm64 Compiling AiObservation.swift, Model.swift, Randomness.swift, Rules.swift, State.swift (in target 'PicPacCore' from project 'PicPacKit')

SwiftDriver\ Compilation\ Requirements PicPacCore normal arm64 com.apple.xcode.tools.swift.compiler (in target 'PicPacCore' from project 'PicPacKit')
    cd /Users/bavabangaru/Developer/pic-pac-poe-ios-native-parity/ios/PicPacPoe.xcodeproj
    builtin-Swift-Compilation-Requirements -- /Applications/Xcode.app/Contents/Developer/Toolchains/XcodeDefault.xctoolchain/usr/bin/swiftc -module-name PicPacCore -O -whole-module-optimization @/tmp/picpac-phase3-recovery-build-03d44f794ef9-20260925T084220Z/iphonesimulator/Build/Intermediates.noindex/PicPacKit.build/Release-iphonesimulator/PicPacCore.build/Objects-normal/arm64/PicPacCore.SwiftFileList -DSWIFT_PACKAGE -DSWIFT_MODULE_RESOURCE_BUNDLE_UNAVAILABLE -DXcode -plugin-path /Applications/Xcode.app/Contents/Developer/Toolchains/XcodeDefault.xctoolchain/usr/lib/swift/host/plugins/testing -enable-experimental-feature DebugDescriptionMacro -sdk /Applications/Xcode.app/Contents/Developer/Platforms/iPhoneSimulator.platform/Developer/SDKs/iPhoneSimulator26.5.sdk -target arm64-apple-ios17.0-simulator -g -module-cache-path /tmp/picpac-phase3-recovery-build-03d44f794ef9-20260925T084220Z/iphonesimulator/ModuleCache.noindex -Xfrontend -serialize-debugging-options -suppress-warnings -swift-version 6 -I /tmp/picpac-phase3-recovery-build-03d44f794ef9-20260925T084220Z/iphonesimulator/Build/Products/Release-iphonesimulator -Isystem /Applications/Xcode.app/Contents/Developer/Platforms/iPhoneSimulator.platform/Developer/usr/lib -F /tmp/picpac-phase3-recovery-build-03d44f794ef9-20260925T084220Z/iphonesimulator/Build/Products/Release-iphonesimulator -F /Applications/Xcode.app/Contents/Developer/Platforms/iPhoneSimulator.platform/Developer/Library/Frameworks -F /Applications/Xcode.app/Contents/Developer/Platforms/iPhoneSimulator.platform/Developer/SDKs/iPhoneSimulator26.5.sdk/Developer/Library/Frameworks -c -num-threads 12 -Xcc -ivfsstatcache -Xcc /tmp/picpac-phase3-recovery-build-03d44f794ef9-20260925T084220Z/iphonesimulator/SDKStatCaches.noindex/iphonesimulator26.5-23F81a-6cfe768891a92b912361537c460fe42b.sdkstatcache -output-file-map /tmp/picpac-phase3-recovery-build-03d44f794ef9-20260925T084220Z/iphonesimulator/Build/Intermediates.noindex/PicPacKit.build/Release-iphonesimulator/PicPacCore.build/Objects-normal/arm64/PicPacCore-OutputFileMap.json -use-frontend-parseable-output -save-temps -no-color-diagnostics -explicit-module-build -module-cache-path /tmp/picpac-phase3-recovery-build-03d44f794ef9-20260925T084220Z/iphonesimulator/Build/Intermediates.noindex/SwiftExplicitPrecompiledModules -clang-scanner-module-cache-path /tmp/picpac-phase3-recovery-build-03d44f794ef9-20260925T084220Z/iphonesimulator/ModuleCache.noindex -sdk-module-cache-path /tmp/picpac-phase3-recovery-build-03d44f794ef9-20260925T084220Z/iphonesimulator/ModuleCache.noindex -serialize-diagnostics -emit-dependencies -emit-module -emit-module-path /tmp/picpac-phase3-recovery-build-03d44f794ef9-20260925T084220Z/iphonesimulator/Build/Intermediates.noindex/PicPacKit.build/Release-iphonesimulator/PicPacCore.build/Objects-normal/arm64/PicPacCore.swiftmodule -validate-clang-modules-once -clang-build-session-file /tmp/picpac-phase3-recovery-build-03d44f794ef9-20260925T084220Z/iphonesimulator/ModuleCache.noindex/Session.modulevalidation -package-name picpackit -Xcc -I/tmp/picpac-phase3-recovery-build-03d44f794ef9-20260925T084220Z/iphonesimulator/Build/Intermediates.noindex/PicPacKit.build/Release-iphonesimulator/PicPacCore.build/swift-overrides.hmap -emit-const-values -Xfrontend -const-gather-protocols-file -Xfrontend /tmp/picpac-phase3-recovery-build-03d44f794ef9-20260925T084220Z/iphonesimulator/Build/Intermediates.noindex/PicPacKit.build/Release-iphonesimulator/PicPacCore.build/Objects-normal/arm64/PicPacCore_const_extract_protocols.json -Xcc -I/tmp/picpac-phase3-recovery-build-03d44f794ef9-20260925T084220Z/iphonesimulator/Build/Products/Release-iphonesimulator/include -Xcc -I/tmp/picpac-phase3-recovery-build-03d44f794ef9-20260925T084220Z/iphonesimulator/Build/Intermediates.noindex/PicPacKit.build/Release-iphonesimulator/PicPacCore.build/DerivedSources-normal/arm64 -Xcc -I/tmp/picpac-phase3-recovery-build-03d44f794ef9-20260925T084220Z/iphonesimulator/Build/Intermediates.noindex/PicPacKit.build/Release-iphonesimulator/PicPacCore.build/DerivedSources/arm64 -Xcc -I/tmp/picpac-phase3-recovery-build-03d44f794ef9-20260925T084220Z/iphonesimulator/Build/Intermediates.noindex/PicPacKit.build/Release-iphonesimulator/PicPacCore.build/DerivedSources -Xcc -DSWIFT_PACKAGE -emit-objc-header -emit-objc-header-path /tmp/picpac-phase3-recovery-build-03d44f794ef9-20260925T084220Z/iphonesimulator/Build/Intermediates.noindex/PicPacKit.build/Release-iphonesimulator/PicPacCore.build/Objects-normal/arm64/PicPacCore-Swift.h -working-directory /Users/bavabangaru/Developer/pic-pac-poe-ios-native-parity/ios/PicPacPoe.xcodeproj -no-emit-module-separately-wmo

SwiftMergeGeneratedHeaders /tmp/picpac-phase3-recovery-build-03d44f794ef9-20260925T084220Z/iphonesimulator/Build/Intermediates.noindex/GeneratedModuleMaps-iphonesimulator/PicPacCore-Swift.h /tmp/picpac-phase3-recovery-build-03d44f794ef9-20260925T084220Z/iphonesimulator/Build/Intermediates.noindex/PicPacKit.build/Release-iphonesimulator/PicPacCore.build/Objects-normal/arm64/PicPacCore-Swift.h /tmp/picpac-phase3-recovery-build-03d44f794ef9-20260925T084220Z/iphonesimulator/Build/Intermediates.noindex/PicPacKit.build/Release-iphonesimulator/PicPacCore.build/Objects-normal/x86_64/PicPacCore-Swift.h (in target 'PicPacCore' from project 'PicPacKit')
    cd /Users/bavabangaru/Developer/pic-pac-poe-ios-native-parity/ios/Packages/PicPacKit
    builtin-swiftHeaderTool -arch arm64 /tmp/picpac-phase3-recovery-build-03d44f794ef9-20260925T084220Z/iphonesimulator/Build/Intermediates.noindex/PicPacKit.build/Release-iphonesimulator/PicPacCore.build/Objects-normal/arm64/PicPacCore-Swift.h -arch x86_64 /tmp/picpac-phase3-recovery-build-03d44f794ef9-20260925T084220Z/iphonesimulator/Build/Intermediates.noindex/PicPacKit.build/Release-iphonesimulator/PicPacCore.build/Objects-normal/x86_64/PicPacCore-Swift.h -o /tmp/picpac-phase3-recovery-build-03d44f794ef9-20260925T084220Z/iphonesimulator/Build/Intermediates.noindex/GeneratedModuleMaps-iphonesimulator/PicPacCore-Swift.h

Copy /tmp/picpac-phase3-recovery-build-03d44f794ef9-20260925T084220Z/iphonesimulator/Build/Products/Release-iphonesimulator/PicPacCore.swiftmodule/arm64-apple-ios-simulator.swiftmodule /tmp/picpac-phase3-recovery-build-03d44f794ef9-20260925T084220Z/iphonesimulator/Build/Intermediates.noindex/PicPacKit.build/Release-iphonesimulator/PicPacCore.build/Objects-normal/arm64/PicPacCore.swiftmodule (in target 'PicPacCore' from project 'PicPacKit')
    cd /Users/bavabangaru/Developer/pic-pac-poe-ios-native-parity/ios/Packages/PicPacKit
    builtin-copy -exclude .DS_Store -exclude CVS -exclude .svn -exclude .git -exclude .hg -strip-unsigned-binaries -strip-deterministic -strip-tool /Applications/Xcode.app/Contents/Developer/Toolchains/XcodeDefault.xctoolchain/usr/bin/strip -resolve-src-symlinks -rename /tmp/picpac-phase3-recovery-build-03d44f794ef9-20260925T084220Z/iphonesimulator/Build/Intermediates.noindex/PicPacKit.build/Release-iphonesimulator/PicPacCore.build/Objects-normal/arm64/PicPacCore.swiftmodule /tmp/picpac-phase3-recovery-build-03d44f794ef9-20260925T084220Z/iphonesimulator/Build/Products/Release-iphonesimulator/PicPacCore.swiftmodule/arm64-apple-ios-simulator.swiftmodule

Copy /tmp/picpac-phase3-recovery-build-03d44f794ef9-20260925T084220Z/iphonesimulator/Build/Products/Release-iphonesimulator/PicPacCore.swiftmodule/arm64-apple-ios-simulator.swiftdoc /tmp/picpac-phase3-recovery-build-03d44f794ef9-20260925T084220Z/iphonesimulator/Build/Intermediates.noindex/PicPacKit.build/Release-iphonesimulator/PicPacCore.build/Objects-normal/arm64/PicPacCore.swiftdoc (in target 'PicPacCore' from project 'PicPacKit')
    cd /Users/bavabangaru/Developer/pic-pac-poe-ios-native-parity/ios/Packages/PicPacKit
    builtin-copy -exclude .DS_Store -exclude CVS -exclude .svn -exclude .git -exclude .hg -strip-unsigned-binaries -strip-deterministic -strip-tool /Applications/Xcode.app/Contents/Developer/Toolchains/XcodeDefault.xctoolchain/usr/bin/strip -resolve-src-symlinks -rename /tmp/picpac-phase3-recovery-build-03d44f794ef9-20260925T084220Z/iphonesimulator/Build/Intermediates.noindex/PicPacKit.build/Release-iphonesimulator/PicPacCore.build/Objects-normal/arm64/PicPacCore.swiftdoc /tmp/picpac-phase3-recovery-build-03d44f794ef9-20260925T084220Z/iphonesimulator/Build/Products/Release-iphonesimulator/PicPacCore.swiftmodule/arm64-apple-ios-simulator.swiftdoc

Copy /tmp/picpac-phase3-recovery-build-03d44f794ef9-20260925T084220Z/iphonesimulator/Build/Products/Release-iphonesimulator/PicPacCore.swiftmodule/arm64-apple-ios-simulator.abi.json /tmp/picpac-phase3-recovery-build-03d44f794ef9-20260925T084220Z/iphonesimulator/Build/Intermediates.noindex/PicPacKit.build/Release-iphonesimulator/PicPacCore.build/Objects-normal/arm64/PicPacCore.abi.json (in target 'PicPacCore' from project 'PicPacKit')
    cd /Users/bavabangaru/Developer/pic-pac-poe-ios-native-parity/ios/Packages/PicPacKit
    builtin-copy -exclude .DS_Store -exclude CVS -exclude .svn -exclude .git -exclude .hg -strip-unsigned-binaries -strip-deterministic -strip-tool /Applications/Xcode.app/Contents/Developer/Toolchains/XcodeDefault.xctoolchain/usr/bin/strip -resolve-src-symlinks -rename /tmp/picpac-phase3-recovery-build-03d44f794ef9-20260925T084220Z/iphonesimulator/Build/Intermediates.noindex/PicPacKit.build/Release-iphonesimulator/PicPacCore.build/Objects-normal/arm64/PicPacCore.abi.json /tmp/picpac-phase3-recovery-build-03d44f794ef9-20260925T084220Z/iphonesimulator/Build/Products/Release-iphonesimulator/PicPacCore.swiftmodule/arm64-apple-ios-simulator.abi.json

Copy /tmp/picpac-phase3-recovery-build-03d44f794ef9-20260925T084220Z/iphonesimulator/Build/Products/Release-iphonesimulator/PicPacCore.swiftmodule/Project/arm64-apple-ios-simulator.swiftsourceinfo /tmp/picpac-phase3-recovery-build-03d44f794ef9-20260925T084220Z/iphonesimulator/Build/Intermediates.noindex/PicPacKit.build/Release-iphonesimulator/PicPacCore.build/Objects-normal/arm64/PicPacCore.swiftsourceinfo (in target 'PicPacCore' from project 'PicPacKit')
    cd /Users/bavabangaru/Developer/pic-pac-poe-ios-native-parity/ios/Packages/PicPacKit
    builtin-copy -exclude .DS_Store -exclude CVS -exclude .svn -exclude .git -exclude .hg -strip-unsigned-binaries -strip-deterministic -strip-tool /Applications/Xcode.app/Contents/Developer/Toolchains/XcodeDefault.xctoolchain/usr/bin/strip -resolve-src-symlinks -rename /tmp/picpac-phase3-recovery-build-03d44f794ef9-20260925T084220Z/iphonesimulator/Build/Intermediates.noindex/PicPacKit.build/Release-iphonesimulator/PicPacCore.build/Objects-normal/arm64/PicPacCore.swiftsourceinfo /tmp/picpac-phase3-recovery-build-03d44f794ef9-20260925T084220Z/iphonesimulator/Build/Products/Release-iphonesimulator/PicPacCore.swiftmodule/Project/arm64-apple-ios-simulator.swiftsourceinfo

Ld /tmp/picpac-phase3-recovery-build-03d44f794ef9-20260925T084220Z/iphonesimulator/Build/Intermediates.noindex/PicPacKit.build/Release-iphonesimulator/PicPacCore.build/Objects-normal/arm64/Binary/PicPacCore.o normal arm64 (in target 'PicPacCore' from project 'PicPacKit')
    cd /Users/bavabangaru/Developer/pic-pac-poe-ios-native-parity/ios/Packages/PicPacKit
    /Applications/Xcode.app/Contents/Developer/Toolchains/XcodeDefault.xctoolchain/usr/bin/clang -Xlinker -reproducible -target arm64-apple-ios17.0-simulator -r -isysroot /Applications/Xcode.app/Contents/Developer/Platforms/iPhoneSimulator.platform/Developer/SDKs/iPhoneSimulator26.5.sdk -Os -w -F/tmp/picpac-phase3-recovery-build-03d44f794ef9-20260925T084220Z/iphonesimulator/Build/Intermediates.noindex/EagerLinkingTBDs/Release-iphonesimulator -F/tmp/picpac-phase3-recovery-build-03d44f794ef9-20260925T084220Z/iphonesimulator/Build/Products/Release-iphonesimulator -iframework /Applications/Xcode.app/Contents/Developer/Platforms/iPhoneSimulator.platform/Developer/Library/Frameworks -iframework /Applications/Xcode.app/Contents/Developer/Platforms/iPhoneSimulator.platform/Developer/SDKs/iPhoneSimulator26.5.sdk/Developer/Library/Frameworks -filelist /tmp/picpac-phase3-recovery-build-03d44f794ef9-20260925T084220Z/iphonesimulator/Build/Intermediates.noindex/PicPacKit.build/Release-iphonesimulator/PicPacCore.build/Objects-normal/arm64/PicPacCore.LinkFileList -nostdlib -Xlinker -object_path_lto -Xlinker /tmp/picpac-phase3-recovery-build-03d44f794ef9-20260925T084220Z/iphonesimulator/Build/Intermediates.noindex/PicPacKit.build/Release-iphonesimulator/PicPacCore.build/Objects-normal/arm64/PicPacCore_lto.o -Xlinker -objc_abi_version -Xlinker 2 -Xlinker -dependency_info -Xlinker /tmp/picpac-phase3-recovery-build-03d44f794ef9-20260925T084220Z/iphonesimulator/Build/Intermediates.noindex/PicPacKit.build/Release-iphonesimulator/PicPacCore.build/Objects-normal/arm64/PicPacCore_dependency_info.dat -fobjc-link-runtime -L/Applications/Xcode.app/Contents/Developer/Toolchains/XcodeDefault.xctoolchain/usr/lib/swift/iphonesimulator -L/usr/lib/swift -Xlinker -add_ast_path -Xlinker /tmp/picpac-phase3-recovery-build-03d44f794ef9-20260925T084220Z/iphonesimulator/Build/Intermediates.noindex/PicPacKit.build/Release-iphonesimulator/PicPacCore.build/Objects-normal/arm64/PicPacCore.swiftmodule @/tmp/picpac-phase3-recovery-build-03d44f794ef9-20260925T084220Z/iphonesimulator/Build/Intermediates.noindex/PicPacKit.build/Release-iphonesimulator/PicPacCore.build/Objects-normal/arm64/PicPacCore-linker-args.resp -o /tmp/picpac-phase3-recovery-build-03d44f794ef9-20260925T084220Z/iphonesimulator/Build/Intermediates.noindex/PicPacKit.build/Release-iphonesimulator/PicPacCore.build/Objects-normal/arm64/Binary/PicPacCore.o

Ld /tmp/picpac-phase3-recovery-build-03d44f794ef9-20260925T084220Z/iphonesimulator/Build/Intermediates.noindex/PicPacKit.build/Release-iphonesimulator/PicPacCore.build/Objects-normal/x86_64/Binary/PicPacCore.o normal x86_64 (in target 'PicPacCore' from project 'PicPacKit')
    cd /Users/bavabangaru/Developer/pic-pac-poe-ios-native-parity/ios/Packages/PicPacKit
    /Applications/Xcode.app/Contents/Developer/Toolchains/XcodeDefault.xctoolchain/usr/bin/clang -Xlinker -reproducible -target x86_64-apple-ios17.0-simulator -r -isysroot /Applications/Xcode.app/Contents/Developer/Platforms/iPhoneSimulator.platform/Developer/SDKs/iPhoneSimulator26.5.sdk -Os -w -F/tmp/picpac-phase3-recovery-build-03d44f794ef9-20260925T084220Z/iphonesimulator/Build/Intermediates.noindex/EagerLinkingTBDs/Release-iphonesimulator -F/tmp/picpac-phase3-recovery-build-03d44f794ef9-20260925T084220Z/iphonesimulator/Build/Products/Release-iphonesimulator -iframework /Applications/Xcode.app/Contents/Developer/Platforms/iPhoneSimulator.platform/Developer/Library/Frameworks -iframework /Applications/Xcode.app/Contents/Developer/Platforms/iPhoneSimulator.platform/Developer/SDKs/iPhoneSimulator26.5.sdk/Developer/Library/Frameworks -filelist /tmp/picpac-phase3-recovery-build-03d44f794ef9-20260925T084220Z/iphonesimulator/Build/Intermediates.noindex/PicPacKit.build/Release-iphonesimulator/PicPacCore.build/Objects-normal/x86_64/PicPacCore.LinkFileList -nostdlib -Xlinker -object_path_lto -Xlinker /tmp/picpac-phase3-recovery-build-03d44f794ef9-20260925T084220Z/iphonesimulator/Build/Intermediates.noindex/PicPacKit.build/Release-iphonesimulator/PicPacCore.build/Objects-normal/x86_64/PicPacCore_lto.o -Xlinker -objc_abi_version -Xlinker 2 -Xlinker -dependency_info -Xlinker /tmp/picpac-phase3-recovery-build-03d44f794ef9-20260925T084220Z/iphonesimulator/Build/Intermediates.noindex/PicPacKit.build/Release-iphonesimulator/PicPacCore.build/Objects-normal/x86_64/PicPacCore_dependency_info.dat -fobjc-link-runtime -L/Applications/Xcode.app/Contents/Developer/Toolchains/XcodeDefault.xctoolchain/usr/lib/swift/iphonesimulator -L/usr/lib/swift -Xlinker -add_ast_path -Xlinker /tmp/picpac-phase3-recovery-build-03d44f794ef9-20260925T084220Z/iphonesimulator/Build/Intermediates.noindex/PicPacKit.build/Release-iphonesimulator/PicPacCore.build/Objects-normal/x86_64/PicPacCore.swiftmodule @/tmp/picpac-phase3-recovery-build-03d44f794ef9-20260925T084220Z/iphonesimulator/Build/Intermediates.noindex/PicPacKit.build/Release-iphonesimulator/PicPacCore.build/Objects-normal/x86_64/PicPacCore-linker-args.resp -o /tmp/picpac-phase3-recovery-build-03d44f794ef9-20260925T084220Z/iphonesimulator/Build/Intermediates.noindex/PicPacKit.build/Release-iphonesimulator/PicPacCore.build/Objects-normal/x86_64/Binary/PicPacCore.o

SwiftDriver PicPacAI normal x86_64 com.apple.xcode.tools.swift.compiler (in target 'PicPacAI' from project 'PicPacKit')
    cd /Users/bavabangaru/Developer/pic-pac-poe-ios-native-parity/ios/PicPacPoe.xcodeproj
    builtin-SwiftDriver -- /Applications/Xcode.app/Contents/Developer/Toolchains/XcodeDefault.xctoolchain/usr/bin/swiftc -module-name PicPacAI -O -whole-module-optimization @/tmp/picpac-phase3-recovery-build-03d44f794ef9-20260925T084220Z/iphonesimulator/Build/Intermediates.noindex/PicPacKit.build/Release-iphonesimulator/PicPacAI.build/Objects-normal/x86_64/PicPacAI.SwiftFileList -DSWIFT_PACKAGE -DSWIFT_MODULE_RESOURCE_BUNDLE_AVAILABLE -DXcode -plugin-path /Applications/Xcode.app/Contents/Developer/Toolchains/XcodeDefault.xctoolchain/usr/lib/swift/host/plugins/testing -enable-experimental-feature DebugDescriptionMacro -sdk /Applications/Xcode.app/Contents/Developer/Platforms/iPhoneSimulator.platform/Developer/SDKs/iPhoneSimulator26.5.sdk -target x86_64-apple-ios17.0-simulator -g -module-cache-path /tmp/picpac-phase3-recovery-build-03d44f794ef9-20260925T084220Z/iphonesimulator/ModuleCache.noindex -Xfrontend -serialize-debugging-options -suppress-warnings -swift-version 6 -I /tmp/picpac-phase3-recovery-build-03d44f794ef9-20260925T084220Z/iphonesimulator/Build/Products/Release-iphonesimulator -Isystem /Applications/Xcode.app/Contents/Developer/Platforms/iPhoneSimulator.platform/Developer/usr/lib -F /tmp/picpac-phase3-recovery-build-03d44f794ef9-20260925T084220Z/iphonesimulator/Build/Products/Release-iphonesimulator/PackageFrameworks -F /tmp/picpac-phase3-recovery-build-03d44f794ef9-20260925T084220Z/iphonesimulator/Build/Products/Release-iphonesimulator -F /Applications/Xcode.app/Contents/Developer/Platforms/iPhoneSimulator.platform/Developer/Library/Frameworks -F /Applications/Xcode.app/Contents/Developer/Platforms/iPhoneSimulator.platform/Developer/SDKs/iPhoneSimulator26.5.sdk/Developer/Library/Frameworks -c -num-threads 12 -Xcc -ivfsstatcache -Xcc /tmp/picpac-phase3-recovery-build-03d44f794ef9-20260925T084220Z/iphonesimulator/SDKStatCaches.noindex/iphonesimulator26.5-23F81a-6cfe768891a92b912361537c460fe42b.sdkstatcache -output-file-map /tmp/picpac-phase3-recovery-build-03d44f794ef9-20260925T084220Z/iphonesimulator/Build/Intermediates.noindex/PicPacKit.build/Release-iphonesimulator/PicPacAI.build/Objects-normal/x86_64/PicPacAI-OutputFileMap.json -use-frontend-parseable-output -save-temps -no-color-diagnostics -explicit-module-build -module-cache-path /tmp/picpac-phase3-recovery-build-03d44f794ef9-20260925T084220Z/iphonesimulator/Build/Intermediates.noindex/SwiftExplicitPrecompiledModules -clang-scanner-module-cache-path /tmp/picpac-phase3-recovery-build-03d44f794ef9-20260925T084220Z/iphonesimulator/ModuleCache.noindex -sdk-module-cache-path /tmp/picpac-phase3-recovery-build-03d44f794ef9-20260925T084220Z/iphonesimulator/ModuleCache.noindex -serialize-diagnostics -emit-dependencies -emit-module -emit-module-path /tmp/picpac-phase3-recovery-build-03d44f794ef9-20260925T084220Z/iphonesimulator/Build/Intermediates.noindex/PicPacKit.build/Release-iphonesimulator/PicPacAI.build/Objects-normal/x86_64/PicPacAI.swiftmodule -validate-clang-modules-once -clang-build-session-file /tmp/picpac-phase3-recovery-build-03d44f794ef9-20260925T084220Z/iphonesimulator/ModuleCache.noindex/Session.modulevalidation -package-name picpackit -Xcc -I/tmp/picpac-phase3-recovery-build-03d44f794ef9-20260925T084220Z/iphonesimulator/Build/Intermediates.noindex/PicPacKit.build/Release-iphonesimulator/PicPacAI.build/swift-overrides.hmap -emit-const-values -Xfrontend -const-gather-protocols-file -Xfrontend /tmp/picpac-phase3-recovery-build-03d44f794ef9-20260925T084220Z/iphonesimulator/Build/Intermediates.noindex/PicPacKit.build/Release-iphonesimulator/PicPacAI.build/Objects-normal/x86_64/PicPacAI_const_extract_protocols.json -Xcc -I/tmp/picpac-phase3-recovery-build-03d44f794ef9-20260925T084220Z/iphonesimulator/Build/Products/Release-iphonesimulator/include -Xcc -I/tmp/picpac-phase3-recovery-build-03d44f794ef9-20260925T084220Z/iphonesimulator/Build/Intermediates.noindex/PicPacKit.build/Release-iphonesimulator/PicPacAI.build/DerivedSources-normal/x86_64 -Xcc -I/tmp/picpac-phase3-recovery-build-03d44f794ef9-20260925T084220Z/iphonesimulator/Build/Intermediates.noindex/PicPacKit.build/Release-iphonesimulator/PicPacAI.build/DerivedSources/x86_64 -Xcc -I/tmp/picpac-phase3-recovery-build-03d44f794ef9-20260925T084220Z/iphonesimulator/Build/Intermediates.noindex/PicPacKit.build/Release-iphonesimulator/PicPacAI.build/DerivedSources -Xcc -DSWIFT_PACKAGE -emit-objc-header -emit-objc-header-path /tmp/picpac-phase3-recovery-build-03d44f794ef9-20260925T084220Z/iphonesimulator/Build/Intermediates.noindex/PicPacKit.build/Release-iphonesimulator/PicPacAI.build/Objects-normal/x86_64/PicPacAI-Swift.h -working-directory /Users/bavabangaru/Developer/pic-pac-poe-ios-native-parity/ios/PicPacPoe.xcodeproj -no-emit-module-separately-wmo

SwiftDriver PicPacPresentation normal arm64 com.apple.xcode.tools.swift.compiler (in target 'PicPacPresentation' from project 'PicPacKit')
    cd /Users/bavabangaru/Developer/pic-pac-poe-ios-native-parity/ios/PicPacPoe.xcodeproj
    builtin-SwiftDriver -- /Applications/Xcode.app/Contents/Developer/Toolchains/XcodeDefault.xctoolchain/usr/bin/swiftc -module-name PicPacPresentation -O -whole-module-optimization @/tmp/picpac-phase3-recovery-build-03d44f794ef9-20260925T084220Z/iphonesimulator/Build/Intermediates.noindex/PicPacKit.build/Release-iphonesimulator/PicPacPresentation.build/Objects-normal/arm64/PicPacPresentation.SwiftFileList -DSWIFT_PACKAGE -DSWIFT_MODULE_RESOURCE_BUNDLE_UNAVAILABLE -DXcode -plugin-path /Applications/Xcode.app/Contents/Developer/Toolchains/XcodeDefault.xctoolchain/usr/lib/swift/host/plugins/testing -enable-experimental-feature DebugDescriptionMacro -sdk /Applications/Xcode.app/Contents/Developer/Platforms/iPhoneSimulator.platform/Developer/SDKs/iPhoneSimulator26.5.sdk -target arm64-apple-ios17.0-simulator -g -module-cache-path /tmp/picpac-phase3-recovery-build-03d44f794ef9-20260925T084220Z/iphonesimulator/ModuleCache.noindex -Xfrontend -serialize-debugging-options -suppress-warnings -swift-version 6 -I /tmp/picpac-phase3-recovery-build-03d44f794ef9-20260925T084220Z/iphonesimulator/Build/Products/Release-iphonesimulator -Isystem /Applications/Xcode.app/Contents/Developer/Platforms/iPhoneSimulator.platform/Developer/usr/lib -F /tmp/picpac-phase3-recovery-build-03d44f794ef9-20260925T084220Z/iphonesimulator/Build/Products/Release-iphonesimulator/PackageFrameworks -F /tmp/picpac-phase3-recovery-build-03d44f794ef9-20260925T084220Z/iphonesimulator/Build/Products/Release-iphonesimulator -F /Applications/Xcode.app/Contents/Developer/Platforms/iPhoneSimulator.platform/Developer/Library/Frameworks -F /Applications/Xcode.app/Contents/Developer/Platforms/iPhoneSimulator.platform/Developer/SDKs/iPhoneSimulator26.5.sdk/Developer/Library/Frameworks -c -num-threads 12 -Xcc -ivfsstatcache -Xcc /tmp/picpac-phase3-recovery-build-03d44f794ef9-20260925T084220Z/iphonesimulator/SDKStatCaches.noindex/iphonesimulator26.5-23F81a-6cfe768891a92b912361537c460fe42b.sdkstatcache -output-file-map /tmp/picpac-phase3-recovery-build-03d44f794ef9-20260925T084220Z/iphonesimulator/Build/Intermediates.noindex/PicPacKit.build/Release-iphonesimulator/PicPacPresentation.build/Objects-normal/arm64/PicPacPresentation-OutputFileMap.json -use-frontend-parseable-output -save-temps -no-color-diagnostics -explicit-module-build -module-cache-path /tmp/picpac-phase3-recovery-build-03d44f794ef9-20260925T084220Z/iphonesimulator/Build/Intermediates.noindex/SwiftExplicitPrecompiledModules -clang-scanner-module-cache-path /tmp/picpac-phase3-recovery-build-03d44f794ef9-20260925T084220Z/iphonesimulator/ModuleCache.noindex -sdk-module-cache-path /tmp/picpac-phase3-recovery-build-03d44f794ef9-20260925T084220Z/iphonesimulator/ModuleCache.noindex -serialize-diagnostics -emit-dependencies -emit-module -emit-module-path /tmp/picpac-phase3-recovery-build-03d44f794ef9-20260925T084220Z/iphonesimulator/Build/Intermediates.noindex/PicPacKit.build/Release-iphonesimulator/PicPacPresentation.build/Objects-normal/arm64/PicPacPresentation.swiftmodule -validate-clang-modules-once -clang-build-session-file /tmp/picpac-phase3-recovery-build-03d44f794ef9-20260925T084220Z/iphonesimulator/ModuleCache.noindex/Session.modulevalidation -package-name picpackit -Xcc -I/tmp/picpac-phase3-recovery-build-03d44f794ef9-20260925T084220Z/iphonesimulator/Build/Intermediates.noindex/PicPacKit.build/Release-iphonesimulator/PicPacPresentation.build/swift-overrides.hmap -emit-const-values -Xfrontend -const-gather-protocols-file -Xfrontend /tmp/picpac-phase3-recovery-build-03d44f794ef9-20260925T084220Z/iphonesimulator/Build/Intermediates.noindex/PicPacKit.build/Release-iphonesimulator/PicPacPresentation.build/Objects-normal/arm64/PicPacPresentation_const_extract_protocols.json -Xcc -I/tmp/picpac-phase3-recovery-build-03d44f794ef9-20260925T084220Z/iphonesimulator/Build/Products/Release-iphonesimulator/include -Xcc -I/tmp/picpac-phase3-recovery-build-03d44f794ef9-20260925T084220Z/iphonesimulator/Build/Intermediates.noindex/PicPacKit.build/Release-iphonesimulator/PicPacPresentation.build/DerivedSources-normal/arm64 -Xcc -I/tmp/picpac-phase3-recovery-build-03d44f794ef9-20260925T084220Z/iphonesimulator/Build/Intermediates.noindex/PicPacKit.build/Release-iphonesimulator/PicPacPresentation.build/DerivedSources/arm64 -Xcc -I/tmp/picpac-phase3-recovery-build-03d44f794ef9-20260925T084220Z/iphonesimulator/Build/Intermediates.noindex/PicPacKit.build/Release-iphonesimulator/PicPacPresentation.build/DerivedSources -Xcc -DSWIFT_PACKAGE -emit-objc-header -emit-objc-header-path /tmp/picpac-phase3-recovery-build-03d44f794ef9-20260925T084220Z/iphonesimulator/Build/Intermediates.noindex/PicPacKit.build/Release-iphonesimulator/PicPacPresentation.build/Objects-normal/arm64/PicPacPresentation-Swift.h -working-directory /Users/bavabangaru/Developer/pic-pac-poe-ios-native-parity/ios/PicPacPoe.xcodeproj -no-emit-module-separately-wmo

SwiftDriver PicPacAI normal arm64 com.apple.xcode.tools.swift.compiler (in target 'PicPacAI' from project 'PicPacKit')
    cd /Users/bavabangaru/Developer/pic-pac-poe-ios-native-parity/ios/PicPacPoe.xcodeproj
    builtin-SwiftDriver -- /Applications/Xcode.app/Contents/Developer/Toolchains/XcodeDefault.xctoolchain/usr/bin/swiftc -module-name PicPacAI -O -whole-module-optimization @/tmp/picpac-phase3-recovery-build-03d44f794ef9-20260925T084220Z/iphonesimulator/Build/Intermediates.noindex/PicPacKit.build/Release-iphonesimulator/PicPacAI.build/Objects-normal/arm64/PicPacAI.SwiftFileList -DSWIFT_PACKAGE -DSWIFT_MODULE_RESOURCE_BUNDLE_AVAILABLE -DXcode -plugin-path /Applications/Xcode.app/Contents/Developer/Toolchains/XcodeDefault.xctoolchain/usr/lib/swift/host/plugins/testing -enable-experimental-feature DebugDescriptionMacro -sdk /Applications/Xcode.app/Contents/Developer/Platforms/iPhoneSimulator.platform/Developer/SDKs/iPhoneSimulator26.5.sdk -target arm64-apple-ios17.0-simulator -g -module-cache-path /tmp/picpac-phase3-recovery-build-03d44f794ef9-20260925T084220Z/iphonesimulator/ModuleCache.noindex -Xfrontend -serialize-debugging-options -suppress-warnings -swift-version 6 -I /tmp/picpac-phase3-recovery-build-03d44f794ef9-20260925T084220Z/iphonesimulator/Build/Products/Release-iphonesimulator -Isystem /Applications/Xcode.app/Contents/Developer/Platforms/iPhoneSimulator.platform/Developer/usr/lib -F /tmp/picpac-phase3-recovery-build-03d44f794ef9-20260925T084220Z/iphonesimulator/Build/Products/Release-iphonesimulator/PackageFrameworks -F /tmp/picpac-phase3-recovery-build-03d44f794ef9-20260925T084220Z/iphonesimulator/Build/Products/Release-iphonesimulator -F /Applications/Xcode.app/Contents/Developer/Platforms/iPhoneSimulator.platform/Developer/Library/Frameworks -F /Applications/Xcode.app/Contents/Developer/Platforms/iPhoneSimulator.platform/Developer/SDKs/iPhoneSimulator26.5.sdk/Developer/Library/Frameworks -c -num-threads 12 -Xcc -ivfsstatcache -Xcc /tmp/picpac-phase3-recovery-build-03d44f794ef9-20260925T084220Z/iphonesimulator/SDKStatCaches.noindex/iphonesimulator26.5-23F81a-6cfe768891a92b912361537c460fe42b.sdkstatcache -output-file-map /tmp/picpac-phase3-recovery-build-03d44f794ef9-20260925T084220Z/iphonesimulator/Build/Intermediates.noindex/PicPacKit.build/Release-iphonesimulator/PicPacAI.build/Objects-normal/arm64/PicPacAI-OutputFileMap.json -use-frontend-parseable-output -save-temps -no-color-diagnostics -explicit-module-build -module-cache-path /tmp/picpac-phase3-recovery-build-03d44f794ef9-20260925T084220Z/iphonesimulator/Build/Intermediates.noindex/SwiftExplicitPrecompiledModules -clang-scanner-module-cache-path /tmp/picpac-phase3-recovery-build-03d44f794ef9-20260925T084220Z/iphonesimulator/ModuleCache.noindex -sdk-module-cache-path /tmp/picpac-phase3-recovery-build-03d44f794ef9-20260925T084220Z/iphonesimulator/ModuleCache.noindex -serialize-diagnostics -emit-dependencies -emit-module -emit-module-path /tmp/picpac-phase3-recovery-build-03d44f794ef9-20260925T084220Z/iphonesimulator/Build/Intermediates.noindex/PicPacKit.build/Release-iphonesimulator/PicPacAI.build/Objects-normal/arm64/PicPacAI.swiftmodule -validate-clang-modules-once -clang-build-session-file /tmp/picpac-phase3-recovery-build-03d44f794ef9-20260925T084220Z/iphonesimulator/ModuleCache.noindex/Session.modulevalidation -package-name picpackit -Xcc -I/tmp/picpac-phase3-recovery-build-03d44f794ef9-20260925T084220Z/iphonesimulator/Build/Intermediates.noindex/PicPacKit.build/Release-iphonesimulator/PicPacAI.build/swift-overrides.hmap -emit-const-values -Xfrontend -const-gather-protocols-file -Xfrontend /tmp/picpac-phase3-recovery-build-03d44f794ef9-20260925T084220Z/iphonesimulator/Build/Intermediates.noindex/PicPacKit.build/Release-iphonesimulator/PicPacAI.build/Objects-normal/arm64/PicPacAI_const_extract_protocols.json -Xcc -I/tmp/picpac-phase3-recovery-build-03d44f794ef9-20260925T084220Z/iphonesimulator/Build/Products/Release-iphonesimulator/include -Xcc -I/tmp/picpac-phase3-recovery-build-03d44f794ef9-20260925T084220Z/iphonesimulator/Build/Intermediates.noindex/PicPacKit.build/Release-iphonesimulator/PicPacAI.build/DerivedSources-normal/arm64 -Xcc -I/tmp/picpac-phase3-recovery-build-03d44f794ef9-20260925T084220Z/iphonesimulator/Build/Intermediates.noindex/PicPacKit.build/Release-iphonesimulator/PicPacAI.build/DerivedSources/arm64 -Xcc -I/tmp/picpac-phase3-recovery-build-03d44f794ef9-20260925T084220Z/iphonesimulator/Build/Intermediates.noindex/PicPacKit.build/Release-iphonesimulator/PicPacAI.build/DerivedSources -Xcc -DSWIFT_PACKAGE -emit-objc-header -emit-objc-header-path /tmp/picpac-phase3-recovery-build-03d44f794ef9-20260925T084220Z/iphonesimulator/Build/Intermediates.noindex/PicPacKit.build/Release-iphonesimulator/PicPacAI.build/Objects-normal/arm64/PicPacAI-Swift.h -working-directory /Users/bavabangaru/Developer/pic-pac-poe-ios-native-parity/ios/PicPacPoe.xcodeproj -no-emit-module-separately-wmo

SwiftDriver PicPacPresentation normal x86_64 com.apple.xcode.tools.swift.compiler (in target 'PicPacPresentation' from project 'PicPacKit')
    cd /Users/bavabangaru/Developer/pic-pac-poe-ios-native-parity/ios/PicPacPoe.xcodeproj
    builtin-SwiftDriver -- /Applications/Xcode.app/Contents/Developer/Toolchains/XcodeDefault.xctoolchain/usr/bin/swiftc -module-name PicPacPresentation -O -whole-module-optimization @/tmp/picpac-phase3-recovery-build-03d44f794ef9-20260925T084220Z/iphonesimulator/Build/Intermediates.noindex/PicPacKit.build/Release-iphonesimulator/PicPacPresentation.build/Objects-normal/x86_64/PicPacPresentation.SwiftFileList -DSWIFT_PACKAGE -DSWIFT_MODULE_RESOURCE_BUNDLE_UNAVAILABLE -DXcode -plugin-path /Applications/Xcode.app/Contents/Developer/Toolchains/XcodeDefault.xctoolchain/usr/lib/swift/host/plugins/testing -enable-experimental-feature DebugDescriptionMacro -sdk /Applications/Xcode.app/Contents/Developer/Platforms/iPhoneSimulator.platform/Developer/SDKs/iPhoneSimulator26.5.sdk -target x86_64-apple-ios17.0-simulator -g -module-cache-path /tmp/picpac-phase3-recovery-build-03d44f794ef9-20260925T084220Z/iphonesimulator/ModuleCache.noindex -Xfrontend -serialize-debugging-options -suppress-warnings -swift-version 6 -I /tmp/picpac-phase3-recovery-build-03d44f794ef9-20260925T084220Z/iphonesimulator/Build/Products/Release-iphonesimulator -Isystem /Applications/Xcode.app/Contents/Developer/Platforms/iPhoneSimulator.platform/Developer/usr/lib -F /tmp/picpac-phase3-recovery-build-03d44f794ef9-20260925T084220Z/iphonesimulator/Build/Products/Release-iphonesimulator/PackageFrameworks -F /tmp/picpac-phase3-recovery-build-03d44f794ef9-20260925T084220Z/iphonesimulator/Build/Products/Release-iphonesimulator -F /Applications/Xcode.app/Contents/Developer/Platforms/iPhoneSimulator.platform/Developer/Library/Frameworks -F /Applications/Xcode.app/Contents/Developer/Platforms/iPhoneSimulator.platform/Developer/SDKs/iPhoneSimulator26.5.sdk/Developer/Library/Frameworks -c -num-threads 12 -Xcc -ivfsstatcache -Xcc /tmp/picpac-phase3-recovery-build-03d44f794ef9-20260925T084220Z/iphonesimulator/SDKStatCaches.noindex/iphonesimulator26.5-23F81a-6cfe768891a92b912361537c460fe42b.sdkstatcache -output-file-map /tmp/picpac-phase3-recovery-build-03d44f794ef9-20260925T084220Z/iphonesimulator/Build/Intermediates.noindex/PicPacKit.build/Release-iphonesimulator/PicPacPresentation.build/Objects-normal/x86_64/PicPacPresentation-OutputFileMap.json -use-frontend-parseable-output -save-temps -no-color-diagnostics -explicit-module-build -module-cache-path /tmp/picpac-phase3-recovery-build-03d44f794ef9-20260925T084220Z/iphonesimulator/Build/Intermediates.noindex/SwiftExplicitPrecompiledModules -clang-scanner-module-cache-path /tmp/picpac-phase3-recovery-build-03d44f794ef9-20260925T084220Z/iphonesimulator/ModuleCache.noindex -sdk-module-cache-path /tmp/picpac-phase3-recovery-build-03d44f794ef9-20260925T084220Z/iphonesimulator/ModuleCache.noindex -serialize-diagnostics -emit-dependencies -emit-module -emit-module-path /tmp/picpac-phase3-recovery-build-03d44f794ef9-20260925T084220Z/iphonesimulator/Build/Intermediates.noindex/PicPacKit.build/Release-iphonesimulator/PicPacPresentation.build/Objects-normal/x86_64/PicPacPresentation.swiftmodule -validate-clang-modules-once -clang-build-session-file /tmp/picpac-phase3-recovery-build-03d44f794ef9-20260925T084220Z/iphonesimulator/ModuleCache.noindex/Session.modulevalidation -package-name picpackit -Xcc -I/tmp/picpac-phase3-recovery-build-03d44f794ef9-20260925T084220Z/iphonesimulator/Build/Intermediates.noindex/PicPacKit.build/Release-iphonesimulator/PicPacPresentation.build/swift-overrides.hmap -emit-const-values -Xfrontend -const-gather-protocols-file -Xfrontend /tmp/picpac-phase3-recovery-build-03d44f794ef9-20260925T084220Z/iphonesimulator/Build/Intermediates.noindex/PicPacKit.build/Release-iphonesimulator/PicPacPresentation.build/Objects-normal/x86_64/PicPacPresentation_const_extract_protocols.json -Xcc -I/tmp/picpac-phase3-recovery-build-03d44f794ef9-20260925T084220Z/iphonesimulator/Build/Products/Release-iphonesimulator/include -Xcc -I/tmp/picpac-phase3-recovery-build-03d44f794ef9-20260925T084220Z/iphonesimulator/Build/Intermediates.noindex/PicPacKit.build/Release-iphonesimulator/PicPacPresentation.build/DerivedSources-normal/x86_64 -Xcc -I/tmp/picpac-phase3-recovery-build-03d44f794ef9-20260925T084220Z/iphonesimulator/Build/Intermediates.noindex/PicPacKit.build/Release-iphonesimulator/PicPacPresentation.build/DerivedSources/x86_64 -Xcc -I/tmp/picpac-phase3-recovery-build-03d44f794ef9-20260925T084220Z/iphonesimulator/Build/Intermediates.noindex/PicPacKit.build/Release-iphonesimulator/PicPacPresentation.build/DerivedSources -Xcc -DSWIFT_PACKAGE -emit-objc-header -emit-objc-header-path /tmp/picpac-phase3-recovery-build-03d44f794ef9-20260925T084220Z/iphonesimulator/Build/Intermediates.noindex/PicPacKit.build/Release-iphonesimulator/PicPacPresentation.build/Objects-normal/x86_64/PicPacPresentation-Swift.h -working-directory /Users/bavabangaru/Developer/pic-pac-poe-ios-native-parity/ios/PicPacPoe.xcodeproj -no-emit-module-separately-wmo

CreateUniversalBinary /tmp/picpac-phase3-recovery-build-03d44f794ef9-20260925T084220Z/iphonesimulator/Build/Products/Release-iphonesimulator/PicPacCore.o normal arm64\ x86_64 (in target 'PicPacCore' from project 'PicPacKit')
    cd /Users/bavabangaru/Developer/pic-pac-poe-ios-native-parity/ios/Packages/PicPacKit
    /Applications/Xcode.app/Contents/Developer/Toolchains/XcodeDefault.xctoolchain/usr/bin/lipo -create /tmp/picpac-phase3-recovery-build-03d44f794ef9-20260925T084220Z/iphonesimulator/Build/Intermediates.noindex/PicPacKit.build/Release-iphonesimulator/PicPacCore.build/Objects-normal/arm64/Binary/PicPacCore.o /tmp/picpac-phase3-recovery-build-03d44f794ef9-20260925T084220Z/iphonesimulator/Build/Intermediates.noindex/PicPacKit.build/Release-iphonesimulator/PicPacCore.build/Objects-normal/x86_64/Binary/PicPacCore.o -output /tmp/picpac-phase3-recovery-build-03d44f794ef9-20260925T084220Z/iphonesimulator/Build/Products/Release-iphonesimulator/PicPacCore.o

ExtractAppIntentsMetadata (in target 'PicPacCore' from project 'PicPacKit')
    cd /Users/bavabangaru/Developer/pic-pac-poe-ios-native-parity/ios/Packages/PicPacKit
    /Applications/Xcode.app/Contents/Developer/Toolchains/XcodeDefault.xctoolchain/usr/bin/appintentsmetadataprocessor --toolchain-dir /Applications/Xcode.app/Contents/Developer/Toolchains/XcodeDefault.xctoolchain --module-name PicPacCore --sdk-root /Applications/Xcode.app/Contents/Developer/Platforms/iPhoneSimulator.platform/Developer/SDKs/iPhoneSimulator26.5.sdk --xcode-version 17F113 --platform-family iOS --deployment-target 17.0 --bundle-identifier picpackit.PicPacCore --output /tmp/picpac-phase3-recovery-build-03d44f794ef9-20260925T084220Z/iphonesimulator/Build/Products/Release-iphonesimulator/PicPacCore.appintents --target-triple arm64-apple-ios17.0-simulator --target-triple x86_64-apple-ios17.0-simulator --binary-file /tmp/picpac-phase3-recovery-build-03d44f794ef9-20260925T084220Z/iphonesimulator/Build/Products/Release-iphonesimulator/PicPacCore.o --dependency-file /tmp/picpac-phase3-recovery-build-03d44f794ef9-20260925T084220Z/iphonesimulator/Build/Intermediates.noindex/PicPacKit.build/Release-iphonesimulator/PicPacCore.build/Objects-normal/arm64/PicPacCore_dependency_info.dat --dependency-file /tmp/picpac-phase3-recovery-build-03d44f794ef9-20260925T084220Z/iphonesimulator/Build/Intermediates.noindex/PicPacKit.build/Release-iphonesimulator/PicPacCore.build/Objects-normal/x86_64/PicPacCore_dependency_info.dat --stringsdata-file /tmp/picpac-phase3-recovery-build-03d44f794ef9-20260925T084220Z/iphonesimulator/Build/Intermediates.noindex/PicPacKit.build/Release-iphonesimulator/PicPacCore.build/Objects-normal/arm64/ExtractedAppShortcutsMetadata.stringsdata --stringsdata-file /tmp/picpac-phase3-recovery-build-03d44f794ef9-20260925T084220Z/iphonesimulator/Build/Intermediates.noindex/PicPacKit.build/Release-iphonesimulator/PicPacCore.build/Objects-normal/x86_64/ExtractedAppShortcutsMetadata.stringsdata --source-file-list /tmp/picpac-phase3-recovery-build-03d44f794ef9-20260925T084220Z/iphonesimulator/Build/Intermediates.noindex/PicPacKit.build/Release-iphonesimulator/PicPacCore.build/Objects-normal/arm64/PicPacCore.SwiftFileList --source-file-list /tmp/picpac-phase3-recovery-build-03d44f794ef9-20260925T084220Z/iphonesimulator/Build/Intermediates.noindex/PicPacKit.build/Release-iphonesimulator/PicPacCore.build/Objects-normal/x86_64/PicPacCore.SwiftFileList --metadata-file-list /tmp/picpac-phase3-recovery-build-03d44f794ef9-20260925T084220Z/iphonesimulator/Build/Intermediates.noindex/PicPacKit.build/Release-iphonesimulator/PicPacCore.build/PicPacCore.DependencyMetadataFileList --static-metadata-file-list /tmp/picpac-phase3-recovery-build-03d44f794ef9-20260925T084220Z/iphonesimulator/Build/Intermediates.noindex/PicPacKit.build/Release-iphonesimulator/PicPacCore.build/PicPacCore.DependencyStaticMetadataFileList --swift-const-vals-list /tmp/picpac-phase3-recovery-build-03d44f794ef9-20260925T084220Z/iphonesimulator/Build/Intermediates.noindex/PicPacKit.build/Release-iphonesimulator/PicPacCore.build/Objects-normal/arm64/PicPacCore.SwiftConstValuesFileList --swift-const-vals-list /tmp/picpac-phase3-recovery-build-03d44f794ef9-20260925T084220Z/iphonesimulator/Build/Intermediates.noindex/PicPacKit.build/Release-iphonesimulator/PicPacCore.build/Objects-normal/x86_64/PicPacCore.SwiftConstValuesFileList --force --compile-time-extraction --deployment-aware-processing --validate-assistant-intents --no-app-shortcuts-localization
2026-09-25 04:42:42.198 appintentsmetadataprocessor[83291:115716532] Starting appintentsmetadataprocessor export
2026-09-25 04:42:42.241 appintentsmetadataprocessor[83291:115716532] Extracted no relevant App Intents symbols, skipping writing output

RegisterExecutionPolicyException /tmp/picpac-phase3-recovery-build-03d44f794ef9-20260925T084220Z/iphonesimulator/Build/Products/Release-iphonesimulator/PicPacCore.o (in target 'PicPacCore' from project 'PicPacKit')
    cd /Users/bavabangaru/Developer/pic-pac-poe-ios-native-parity/ios/Packages/PicPacKit
    builtin-RegisterExecutionPolicyException /tmp/picpac-phase3-recovery-build-03d44f794ef9-20260925T084220Z/iphonesimulator/Build/Products/Release-iphonesimulator/PicPacCore.o

SwiftCompile normal x86_64 Compiling\ GameCoordinator.swift,\ PresentationDependencies.swift,\ PresentationModels.swift,\ RestorationValidation.swift /Users/bavabangaru/Developer/pic-pac-poe-ios-native-parity/ios/Packages/PicPacKit/Sources/PicPacPresentation/GameCoordinator.swift /Users/bavabangaru/Developer/pic-pac-poe-ios-native-parity/ios/Packages/PicPacKit/Sources/PicPacPresentation/PresentationDependencies.swift /Users/bavabangaru/Developer/pic-pac-poe-ios-native-parity/ios/Packages/PicPacKit/Sources/PicPacPresentation/PresentationModels.swift /Users/bavabangaru/Developer/pic-pac-poe-ios-native-parity/ios/Packages/PicPacKit/Sources/PicPacPresentation/RestorationValidation.swift /Applications/Xcode.app/Contents/Developer/Toolchains/XcodeDefault.xctoolchain/usr/lib/swift/iphonesimulator/prebuilt-modules/26.5/XPC.swiftmodule/x86_64-apple-ios-simulator.swiftmodule /Applications/Xcode.app/Contents/Developer/Toolchains/XcodeDefault.xctoolchain/usr/lib/swift/iphonesimulator/prebuilt-modules/26.5/Observation.swiftmodule/x86_64-apple-ios-simulator.swiftmodule /Applications/Xcode.app/Contents/Developer/Toolchains/XcodeDefault.xctoolchain/usr/lib/swift/iphonesimulator/prebuilt-modules/26.5/Foundation.swiftmodule/x86_64-apple-ios-simulator.swiftmodule /Applications/Xcode.app/Contents/Developer/Toolchains/XcodeDefault.xctoolchain/usr/lib/swift/iphonesimulator/prebuilt-modules/26.5/_Concurrency.swiftmodule/x86_64-apple-ios-simulator.swiftmodule /Applications/Xcode.app/Contents/Developer/Toolchains/XcodeDefault.xctoolchain/usr/lib/swift/iphonesimulator/prebuilt-modules/26.5/Darwin.swiftmodule/x86_64-apple-ios-simulator.swiftmodule /Applications/Xcode.app/Contents/Developer/Toolchains/XcodeDefault.xctoolchain/usr/lib/swift/iphonesimulator/prebuilt-modules/26.5/_DarwinFoundation1.swiftmodule/x86_64-apple-ios-simulator.swiftmodule /Applications/Xcode.app/Contents/Developer/Toolchains/XcodeDefault.xctoolchain/usr/lib/swift/iphonesimulator/prebuilt-modules/26.5/Dispatch.swiftmodule/x86_64-apple-ios-simulator.swiftmodule /Applications/Xcode.app/Contents/Developer/Toolchains/XcodeDefault.xctoolchain/usr/lib/swift/iphonesimulator/prebuilt-modules/26.5/_DarwinFoundation3.swiftmodule/x86_64-apple-ios-simulator.swiftmodule /Applications/Xcode.app/Contents/Developer/Toolchains/XcodeDefault.xctoolchain/usr/lib/swift/iphonesimulator/prebuilt-modules/26.5/System.swiftmodule/x86_64-apple-ios-simulator.swiftmodule /Applications/Xcode.app/Contents/Developer/Toolchains/XcodeDefault.xctoolchain/usr/lib/swift/iphonesimulator/prebuilt-modules/26.5/Swift.swiftmodule/x86_64-apple-ios-simulator.swiftmodule /Applications/Xcode.app/Contents/Developer/Toolchains/XcodeDefault.xctoolchain/usr/lib/swift/iphonesimulator/prebuilt-modules/26.5/CoreFoundation.swiftmodule/x86_64-apple-ios-simulator.swiftmodule /tmp/picpac-phase3-recovery-build-03d44f794ef9-20260925T084220Z/iphonesimulator/Build/Products/Release-iphonesimulator/PicPacCore.swiftmodule/x86_64-apple-ios-simulator.swiftmodule /Applications/Xcode.app/Contents/Developer/Toolchains/XcodeDefault.xctoolchain/usr/lib/swift/iphonesimulator/prebuilt-modules/26.5/ObjectiveC.swiftmodule/x86_64-apple-ios-simulator.swiftmodule /Applications/Xcode.app/Contents/Developer/Toolchains/XcodeDefault.xctoolchain/usr/lib/swift/iphonesimulator/prebuilt-modules/26.5/Combine.swiftmodule/x86_64-apple-ios-simulator.swiftmodule /Applications/Xcode.app/Contents/Developer/Toolchains/XcodeDefault.xctoolchain/usr/lib/swift/iphonesimulator/prebuilt-modules/26.5/_Builtin_float.swiftmodule/x86_64-apple-ios-simulator.swiftmodule /Applications/Xcode.app/Contents/Developer/Toolchains/XcodeDefault.xctoolchain/usr/lib/swift/iphonesimulator/prebuilt-modules/26.5/_DarwinFoundation2.swiftmodule/x86_64-apple-ios-simulator.swiftmodule /Applications/Xcode.app/Contents/Developer/Toolchains/XcodeDefault.xctoolchain/usr/lib/swift/iphonesimulator/prebuilt-modules/26.5/_StringProcessing.swiftmodule/x86_64-apple-ios-simulator.swiftmodule /tmp/picpac-phase3-recovery-build-03d44f794ef9-20260925T084220Z/iphonesimulator/ModuleCache.noindex/_Builtin_float-6MU6TT4E8Q1017GNTW2K4VB9V.pcm /tmp/picpac-phase3-recovery-build-03d44f794ef9-20260925T084220Z/iphonesimulator/ModuleCache.noindex/Security-4MJVE7LI2WDBXPV6AHHABIMVU.pcm /tmp/picpac-phase3-recovery-build-03d44f794ef9-20260925T084220Z/iphonesimulator/ModuleCache.noindex/CFNetwork-DGAG6AFUMUJE6R5TC8IG3W8L8.pcm /tmp/picpac-phase3-recovery-build-03d44f794ef9-20260925T084220Z/iphonesimulator/ModuleCache.noindex/_AvailabilityInternal-I07CIZNBNKY4DI5A0EOIU6WI.pcm /tmp/picpac-phase3-recovery-build-03d44f794ef9-20260925T084220Z/iphonesimulator/ModuleCache.noindex/XPC-41MB5JVQNIPI4TWA4TMEK19SG.pcm /tmp/picpac-phase3-recovery-build-03d44f794ef9-20260925T084220Z/iphonesimulator/ModuleCache.noindex/_Builtin_stdarg-CBTXAYK5ED03MS52IG4IUYP45.pcm /tmp/picpac-phase3-recovery-build-03d44f794ef9-20260925T084220Z/iphonesimulator/ModuleCache.noindex/os_workgroup-4EE01FQEA9QSDTPF0A0EAOFSK.pcm /tmp/picpac-phase3-recovery-build-03d44f794ef9-20260925T084220Z/iphonesimulator/ModuleCache.noindex/SwiftShims-30ZQZNQ2DCIIFR7ZJBR8YI8U.pcm /tmp/picpac-phase3-recovery-build-03d44f794ef9-20260925T084220Z/iphonesimulator/ModuleCache.noindex/Darwin-B66DQAC1INUNTE0W7785S5MVS.pcm /tmp/picpac-phase3-recovery-build-03d44f794ef9-20260925T084220Z/iphonesimulator/ModuleCache.noindex/CoreFoundation-1RIJ2MYU5AB0TUPK4JL95TSEC.pcm /tmp/picpac-phase3-recovery-build-03d44f794ef9-20260925T084220Z/iphonesimulator/ModuleCache.noindex/ptrcheck-A3RSGHSKAC1XKA48JSQ4OAJ7E.pcm /tmp/picpac-phase3-recovery-build-03d44f794ef9-20260925T084220Z/iphonesimulator/ModuleCache.noindex/ptrauth-BVBXV90TQIMWL3WWSEI4WAR7D.pcm /tmp/picpac-phase3-recovery-build-03d44f794ef9-20260925T084220Z/iphonesimulator/ModuleCache.noindex/_Builtin_inttypes-D1XREKA5ZW3B7GIL1LUS05FN9.pcm /tmp/picpac-phase3-recovery-build-03d44f794ef9-20260925T084220Z/iphonesimulator/ModuleCache.noindex/Dispatch-2MSMQLG4EFXRTAQKWJUMGI910.pcm /tmp/picpac-phase3-recovery-build-03d44f794ef9-20260925T084220Z/iphonesimulator/ModuleCache.noindex/_Builtin_stddef-3VW5IHCNV24MUM6L5Q1G71GYZ.pcm /tmp/picpac-phase3-recovery-build-03d44f794ef9-20260925T084220Z/iphonesimulator/ModuleCache.noindex/_DarwinFoundation2-JU0OM4WYT4QJ1XLJXIHV1X95.pcm /tmp/picpac-phase3-recovery-build-03d44f794ef9-20260925T084220Z/iphonesimulator/ModuleCache.noindex/_Builtin_limits-3KKIE2BUS1V771RCWT776L4XC.pcm /tmp/picpac-phase3-recovery-build-03d44f794ef9-20260925T084220Z/iphonesimulator/ModuleCache.noindex/sys_types-14S7SUJ0O58F1FI90GN9EPIDQ.pcm /tmp/picpac-phase3-recovery-build-03d44f794ef9-20260925T084220Z/iphonesimulator/ModuleCache.noindex/ObjectiveC-6YU33DMFGQU7Z1EBY3KR6JGAS.pcm /tmp/picpac-phase3-recovery-build-03d44f794ef9-20260925T084220Z/iphonesimulator/ModuleCache.noindex/Foundation-1TXDXZ45UN7ED2ZRPR08QVLL2.pcm /tmp/picpac-phase3-recovery-build-03d44f794ef9-20260925T084220Z/iphonesimulator/ModuleCache.noindex/_SwiftConcurrencyShims-BU6J9DCC9VUV66R2FUPXE6LFN.pcm /tmp/picpac-phase3-recovery-build-03d44f794ef9-20260925T084220Z/iphonesimulator/ModuleCache.noindex/_Builtin_stdint-3NLNFAWKL6DOUXUXX9FS8JHD1.pcm /tmp/picpac-phase3-recovery-build-03d44f794ef9-20260925T084220Z/iphonesimulator/ModuleCache.noindex/_DarwinFoundation3-9F0KCSMPS5XB3ZDWN8APXUNMJ.pcm /tmp/picpac-phase3-recovery-build-03d44f794ef9-20260925T084220Z/iphonesimulator/ModuleCache.noindex/os_object-E5RL5OFU0185GPOQQYZE5UTFA.pcm /tmp/picpac-phase3-recovery-build-03d44f794ef9-20260925T084220Z/iphonesimulator/ModuleCache.noindex/_Builtin_stdbool-4EDDXXNUUA938JNJ27Q489MXC.pcm /tmp/picpac-phase3-recovery-build-03d44f794ef9-20260925T084220Z/iphonesimulator/ModuleCache.noindex/_DarwinFoundation1-4HQ3R7BU158D916YB3Y768BM1.pcm /tmp/picpac-phase3-recovery-build-03d44f794ef9-20260925T084220Z/iphonesimulator/Build/Intermediates.noindex/PicPacKit.build/Release-iphonesimulator/PicPacPresentation.build/Objects-normal/x86_64/PicPacPresentation-dependencies-1.json (in target 'PicPacPresentation' from project 'PicPacKit')

CompileSwift normal x86_64 (in target 'PicPacPresentation' from project 'PicPacKit')
    cd /Users/bavabangaru/Developer/pic-pac-poe-ios-native-parity/ios/PicPacPoe.xcodeproj
    

SwiftDriver\ Compilation PicPacPresentation normal x86_64 com.apple.xcode.tools.swift.compiler (in target 'PicPacPresentation' from project 'PicPacKit')
    cd /Users/bavabangaru/Developer/pic-pac-poe-ios-native-parity/ios/PicPacPoe.xcodeproj
    builtin-Swift-Compilation -- /Applications/Xcode.app/Contents/Developer/Toolchains/XcodeDefault.xctoolchain/usr/bin/swiftc -module-name PicPacPresentation -O -whole-module-optimization @/tmp/picpac-phase3-recovery-build-03d44f794ef9-20260925T084220Z/iphonesimulator/Build/Intermediates.noindex/PicPacKit.build/Release-iphonesimulator/PicPacPresentation.build/Objects-normal/x86_64/PicPacPresentation.SwiftFileList -DSWIFT_PACKAGE -DSWIFT_MODULE_RESOURCE_BUNDLE_UNAVAILABLE -DXcode -plugin-path /Applications/Xcode.app/Contents/Developer/Toolchains/XcodeDefault.xctoolchain/usr/lib/swift/host/plugins/testing -enable-experimental-feature DebugDescriptionMacro -sdk /Applications/Xcode.app/Contents/Developer/Platforms/iPhoneSimulator.platform/Developer/SDKs/iPhoneSimulator26.5.sdk -target x86_64-apple-ios17.0-simulator -g -module-cache-path /tmp/picpac-phase3-recovery-build-03d44f794ef9-20260925T084220Z/iphonesimulator/ModuleCache.noindex -Xfrontend -serialize-debugging-options -suppress-warnings -swift-version 6 -I /tmp/picpac-phase3-recovery-build-03d44f794ef9-20260925T084220Z/iphonesimulator/Build/Products/Release-iphonesimulator -Isystem /Applications/Xcode.app/Contents/Developer/Platforms/iPhoneSimulator.platform/Developer/usr/lib -F /tmp/picpac-phase3-recovery-build-03d44f794ef9-20260925T084220Z/iphonesimulator/Build/Products/Release-iphonesimulator/PackageFrameworks -F /tmp/picpac-phase3-recovery-build-03d44f794ef9-20260925T084220Z/iphonesimulator/Build/Products/Release-iphonesimulator -F /Applications/Xcode.app/Contents/Developer/Platforms/iPhoneSimulator.platform/Developer/Library/Frameworks -F /Applications/Xcode.app/Contents/Developer/Platforms/iPhoneSimulator.platform/Developer/SDKs/iPhoneSimulator26.5.sdk/Developer/Library/Frameworks -c -num-threads 12 -Xcc -ivfsstatcache -Xcc /tmp/picpac-phase3-recovery-build-03d44f794ef9-20260925T084220Z/iphonesimulator/SDKStatCaches.noindex/iphonesimulator26.5-23F81a-6cfe768891a92b912361537c460fe42b.sdkstatcache -output-file-map /tmp/picpac-phase3-recovery-build-03d44f794ef9-20260925T084220Z/iphonesimulator/Build/Intermediates.noindex/PicPacKit.build/Release-iphonesimulator/PicPacPresentation.build/Objects-normal/x86_64/PicPacPresentation-OutputFileMap.json -use-frontend-parseable-output -save-temps -no-color-diagnostics -explicit-module-build -module-cache-path /tmp/picpac-phase3-recovery-build-03d44f794ef9-20260925T084220Z/iphonesimulator/Build/Intermediates.noindex/SwiftExplicitPrecompiledModules -clang-scanner-module-cache-path /tmp/picpac-phase3-recovery-build-03d44f794ef9-20260925T084220Z/iphonesimulator/ModuleCache.noindex -sdk-module-cache-path /tmp/picpac-phase3-recovery-build-03d44f794ef9-20260925T084220Z/iphonesimulator/ModuleCache.noindex -serialize-diagnostics -emit-dependencies -emit-module -emit-module-path /tmp/picpac-phase3-recovery-build-03d44f794ef9-20260925T084220Z/iphonesimulator/Build/Intermediates.noindex/PicPacKit.build/Release-iphonesimulator/PicPacPresentation.build/Objects-normal/x86_64/PicPacPresentation.swiftmodule -validate-clang-modules-once -clang-build-session-file /tmp/picpac-phase3-recovery-build-03d44f794ef9-20260925T084220Z/iphonesimulator/ModuleCache.noindex/Session.modulevalidation -package-name picpackit -Xcc -I/tmp/picpac-phase3-recovery-build-03d44f794ef9-20260925T084220Z/iphonesimulator/Build/Intermediates.noindex/PicPacKit.build/Release-iphonesimulator/PicPacPresentation.build/swift-overrides.hmap -emit-const-values -Xfrontend -const-gather-protocols-file -Xfrontend /tmp/picpac-phase3-recovery-build-03d44f794ef9-20260925T084220Z/iphonesimulator/Build/Intermediates.noindex/PicPacKit.build/Release-iphonesimulator/PicPacPresentation.build/Objects-normal/x86_64/PicPacPresentation_const_extract_protocols.json -Xcc -I/tmp/picpac-phase3-recovery-build-03d44f794ef9-20260925T084220Z/iphonesimulator/Build/Products/Release-iphonesimulator/include -Xcc -I/tmp/picpac-phase3-recovery-build-03d44f794ef9-20260925T084220Z/iphonesimulator/Build/Intermediates.noindex/PicPacKit.build/Release-iphonesimulator/PicPacPresentation.build/DerivedSources-normal/x86_64 -Xcc -I/tmp/picpac-phase3-recovery-build-03d44f794ef9-20260925T084220Z/iphonesimulator/Build/Intermediates.noindex/PicPacKit.build/Release-iphonesimulator/PicPacPresentation.build/DerivedSources/x86_64 -Xcc -I/tmp/picpac-phase3-recovery-build-03d44f794ef9-20260925T084220Z/iphonesimulator/Build/Intermediates.noindex/PicPacKit.build/Release-iphonesimulator/PicPacPresentation.build/DerivedSources -Xcc -DSWIFT_PACKAGE -emit-objc-header -emit-objc-header-path /tmp/picpac-phase3-recovery-build-03d44f794ef9-20260925T084220Z/iphonesimulator/Build/Intermediates.noindex/PicPacKit.build/Release-iphonesimulator/PicPacPresentation.build/Objects-normal/x86_64/PicPacPresentation-Swift.h -working-directory /Users/bavabangaru/Developer/pic-pac-poe-ios-native-parity/ios/PicPacPoe.xcodeproj -no-emit-module-separately-wmo

SwiftDriver\ Compilation PicPacPresentation normal arm64 com.apple.xcode.tools.swift.compiler (in target 'PicPacPresentation' from project 'PicPacKit')
    cd /Users/bavabangaru/Developer/pic-pac-poe-ios-native-parity/ios/PicPacPoe.xcodeproj
    builtin-Swift-Compilation -- /Applications/Xcode.app/Contents/Developer/Toolchains/XcodeDefault.xctoolchain/usr/bin/swiftc -module-name PicPacPresentation -O -whole-module-optimization @/tmp/picpac-phase3-recovery-build-03d44f794ef9-20260925T084220Z/iphonesimulator/Build/Intermediates.noindex/PicPacKit.build/Release-iphonesimulator/PicPacPresentation.build/Objects-normal/arm64/PicPacPresentation.SwiftFileList -DSWIFT_PACKAGE -DSWIFT_MODULE_RESOURCE_BUNDLE_UNAVAILABLE -DXcode -plugin-path /Applications/Xcode.app/Contents/Developer/Toolchains/XcodeDefault.xctoolchain/usr/lib/swift/host/plugins/testing -enable-experimental-feature DebugDescriptionMacro -sdk /Applications/Xcode.app/Contents/Developer/Platforms/iPhoneSimulator.platform/Developer/SDKs/iPhoneSimulator26.5.sdk -target arm64-apple-ios17.0-simulator -g -module-cache-path /tmp/picpac-phase3-recovery-build-03d44f794ef9-20260925T084220Z/iphonesimulator/ModuleCache.noindex -Xfrontend -serialize-debugging-options -suppress-warnings -swift-version 6 -I /tmp/picpac-phase3-recovery-build-03d44f794ef9-20260925T084220Z/iphonesimulator/Build/Products/Release-iphonesimulator -Isystem /Applications/Xcode.app/Contents/Developer/Platforms/iPhoneSimulator.platform/Developer/usr/lib -F /tmp/picpac-phase3-recovery-build-03d44f794ef9-20260925T084220Z/iphonesimulator/Build/Products/Release-iphonesimulator/PackageFrameworks -F /tmp/picpac-phase3-recovery-build-03d44f794ef9-20260925T084220Z/iphonesimulator/Build/Products/Release-iphonesimulator -F /Applications/Xcode.app/Contents/Developer/Platforms/iPhoneSimulator.platform/Developer/Library/Frameworks -F /Applications/Xcode.app/Contents/Developer/Platforms/iPhoneSimulator.platform/Developer/SDKs/iPhoneSimulator26.5.sdk/Developer/Library/Frameworks -c -num-threads 12 -Xcc -ivfsstatcache -Xcc /tmp/picpac-phase3-recovery-build-03d44f794ef9-20260925T084220Z/iphonesimulator/SDKStatCaches.noindex/iphonesimulator26.5-23F81a-6cfe768891a92b912361537c460fe42b.sdkstatcache -output-file-map /tmp/picpac-phase3-recovery-build-03d44f794ef9-20260925T084220Z/iphonesimulator/Build/Intermediates.noindex/PicPacKit.build/Release-iphonesimulator/PicPacPresentation.build/Objects-normal/arm64/PicPacPresentation-OutputFileMap.json -use-frontend-parseable-output -save-temps -no-color-diagnostics -explicit-module-build -module-cache-path /tmp/picpac-phase3-recovery-build-03d44f794ef9-20260925T084220Z/iphonesimulator/Build/Intermediates.noindex/SwiftExplicitPrecompiledModules -clang-scanner-module-cache-path /tmp/picpac-phase3-recovery-build-03d44f794ef9-20260925T084220Z/iphonesimulator/ModuleCache.noindex -sdk-module-cache-path /tmp/picpac-phase3-recovery-build-03d44f794ef9-20260925T084220Z/iphonesimulator/ModuleCache.noindex -serialize-diagnostics -emit-dependencies -emit-module -emit-module-path /tmp/picpac-phase3-recovery-build-03d44f794ef9-20260925T084220Z/iphonesimulator/Build/Intermediates.noindex/PicPacKit.build/Release-iphonesimulator/PicPacPresentation.build/Objects-normal/arm64/PicPacPresentation.swiftmodule -validate-clang-modules-once -clang-build-session-file /tmp/picpac-phase3-recovery-build-03d44f794ef9-20260925T084220Z/iphonesimulator/ModuleCache.noindex/Session.modulevalidation -package-name picpackit -Xcc -I/tmp/picpac-phase3-recovery-build-03d44f794ef9-20260925T084220Z/iphonesimulator/Build/Intermediates.noindex/PicPacKit.build/Release-iphonesimulator/PicPacPresentation.build/swift-overrides.hmap -emit-const-values -Xfrontend -const-gather-protocols-file -Xfrontend /tmp/picpac-phase3-recovery-build-03d44f794ef9-20260925T084220Z/iphonesimulator/Build/Intermediates.noindex/PicPacKit.build/Release-iphonesimulator/PicPacPresentation.build/Objects-normal/arm64/PicPacPresentation_const_extract_protocols.json -Xcc -I/tmp/picpac-phase3-recovery-build-03d44f794ef9-20260925T084220Z/iphonesimulator/Build/Products/Release-iphonesimulator/include -Xcc -I/tmp/picpac-phase3-recovery-build-03d44f794ef9-20260925T084220Z/iphonesimulator/Build/Intermediates.noindex/PicPacKit.build/Release-iphonesimulator/PicPacPresentation.build/DerivedSources-normal/arm64 -Xcc -I/tmp/picpac-phase3-recovery-build-03d44f794ef9-20260925T084220Z/iphonesimulator/Build/Intermediates.noindex/PicPacKit.build/Release-iphonesimulator/PicPacPresentation.build/DerivedSources/arm64 -Xcc -I/tmp/picpac-phase3-recovery-build-03d44f794ef9-20260925T084220Z/iphonesimulator/Build/Intermediates.noindex/PicPacKit.build/Release-iphonesimulator/PicPacPresentation.build/DerivedSources -Xcc -DSWIFT_PACKAGE -emit-objc-header -emit-objc-header-path /tmp/picpac-phase3-recovery-build-03d44f794ef9-20260925T084220Z/iphonesimulator/Build/Intermediates.noindex/PicPacKit.build/Release-iphonesimulator/PicPacPresentation.build/Objects-normal/arm64/PicPacPresentation-Swift.h -working-directory /Users/bavabangaru/Developer/pic-pac-poe-ios-native-parity/ios/PicPacPoe.xcodeproj -no-emit-module-separately-wmo

SwiftDriver\ Compilation PicPacAI normal x86_64 com.apple.xcode.tools.swift.compiler (in target 'PicPacAI' from project 'PicPacKit')
    cd /Users/bavabangaru/Developer/pic-pac-poe-ios-native-parity/ios/PicPacPoe.xcodeproj
    builtin-Swift-Compilation -- /Applications/Xcode.app/Contents/Developer/Toolchains/XcodeDefault.xctoolchain/usr/bin/swiftc -module-name PicPacAI -O -whole-module-optimization @/tmp/picpac-phase3-recovery-build-03d44f794ef9-20260925T084220Z/iphonesimulator/Build/Intermediates.noindex/PicPacKit.build/Release-iphonesimulator/PicPacAI.build/Objects-normal/x86_64/PicPacAI.SwiftFileList -DSWIFT_PACKAGE -DSWIFT_MODULE_RESOURCE_BUNDLE_AVAILABLE -DXcode -plugin-path /Applications/Xcode.app/Contents/Developer/Toolchains/XcodeDefault.xctoolchain/usr/lib/swift/host/plugins/testing -enable-experimental-feature DebugDescriptionMacro -sdk /Applications/Xcode.app/Contents/Developer/Platforms/iPhoneSimulator.platform/Developer/SDKs/iPhoneSimulator26.5.sdk -target x86_64-apple-ios17.0-simulator -g -module-cache-path /tmp/picpac-phase3-recovery-build-03d44f794ef9-20260925T084220Z/iphonesimulator/ModuleCache.noindex -Xfrontend -serialize-debugging-options -suppress-warnings -swift-version 6 -I /tmp/picpac-phase3-recovery-build-03d44f794ef9-20260925T084220Z/iphonesimulator/Build/Products/Release-iphonesimulator -Isystem /Applications/Xcode.app/Contents/Developer/Platforms/iPhoneSimulator.platform/Developer/usr/lib -F /tmp/picpac-phase3-recovery-build-03d44f794ef9-20260925T084220Z/iphonesimulator/Build/Products/Release-iphonesimulator/PackageFrameworks -F /tmp/picpac-phase3-recovery-build-03d44f794ef9-20260925T084220Z/iphonesimulator/Build/Products/Release-iphonesimulator -F /Applications/Xcode.app/Contents/Developer/Platforms/iPhoneSimulator.platform/Developer/Library/Frameworks -F /Applications/Xcode.app/Contents/Developer/Platforms/iPhoneSimulator.platform/Developer/SDKs/iPhoneSimulator26.5.sdk/Developer/Library/Frameworks -c -num-threads 12 -Xcc -ivfsstatcache -Xcc /tmp/picpac-phase3-recovery-build-03d44f794ef9-20260925T084220Z/iphonesimulator/SDKStatCaches.noindex/iphonesimulator26.5-23F81a-6cfe768891a92b912361537c460fe42b.sdkstatcache -output-file-map /tmp/picpac-phase3-recovery-build-03d44f794ef9-20260925T084220Z/iphonesimulator/Build/Intermediates.noindex/PicPacKit.build/Release-iphonesimulator/PicPacAI.build/Objects-normal/x86_64/PicPacAI-OutputFileMap.json -use-frontend-parseable-output -save-temps -no-color-diagnostics -explicit-module-build -module-cache-path /tmp/picpac-phase3-recovery-build-03d44f794ef9-20260925T084220Z/iphonesimulator/Build/Intermediates.noindex/SwiftExplicitPrecompiledModules -clang-scanner-module-cache-path /tmp/picpac-phase3-recovery-build-03d44f794ef9-20260925T084220Z/iphonesimulator/ModuleCache.noindex -sdk-module-cache-path /tmp/picpac-phase3-recovery-build-03d44f794ef9-20260925T084220Z/iphonesimulator/ModuleCache.noindex -serialize-diagnostics -emit-dependencies -emit-module -emit-module-path /tmp/picpac-phase3-recovery-build-03d44f794ef9-20260925T084220Z/iphonesimulator/Build/Intermediates.noindex/PicPacKit.build/Release-iphonesimulator/PicPacAI.build/Objects-normal/x86_64/PicPacAI.swiftmodule -validate-clang-modules-once -clang-build-session-file /tmp/picpac-phase3-recovery-build-03d44f794ef9-20260925T084220Z/iphonesimulator/ModuleCache.noindex/Session.modulevalidation -package-name picpackit -Xcc -I/tmp/picpac-phase3-recovery-build-03d44f794ef9-20260925T084220Z/iphonesimulator/Build/Intermediates.noindex/PicPacKit.build/Release-iphonesimulator/PicPacAI.build/swift-overrides.hmap -emit-const-values -Xfrontend -const-gather-protocols-file -Xfrontend /tmp/picpac-phase3-recovery-build-03d44f794ef9-20260925T084220Z/iphonesimulator/Build/Intermediates.noindex/PicPacKit.build/Release-iphonesimulator/PicPacAI.build/Objects-normal/x86_64/PicPacAI_const_extract_protocols.json -Xcc -I/tmp/picpac-phase3-recovery-build-03d44f794ef9-20260925T084220Z/iphonesimulator/Build/Products/Release-iphonesimulator/include -Xcc -I/tmp/picpac-phase3-recovery-build-03d44f794ef9-20260925T084220Z/iphonesimulator/Build/Intermediates.noindex/PicPacKit.build/Release-iphonesimulator/PicPacAI.build/DerivedSources-normal/x86_64 -Xcc -I/tmp/picpac-phase3-recovery-build-03d44f794ef9-20260925T084220Z/iphonesimulator/Build/Intermediates.noindex/PicPacKit.build/Release-iphonesimulator/PicPacAI.build/DerivedSources/x86_64 -Xcc -I/tmp/picpac-phase3-recovery-build-03d44f794ef9-20260925T084220Z/iphonesimulator/Build/Intermediates.noindex/PicPacKit.build/Release-iphonesimulator/PicPacAI.build/DerivedSources -Xcc -DSWIFT_PACKAGE -emit-objc-header -emit-objc-header-path /tmp/picpac-phase3-recovery-build-03d44f794ef9-20260925T084220Z/iphonesimulator/Build/Intermediates.noindex/PicPacKit.build/Release-iphonesimulator/PicPacAI.build/Objects-normal/x86_64/PicPacAI-Swift.h -working-directory /Users/bavabangaru/Developer/pic-pac-poe-ios-native-parity/ios/PicPacPoe.xcodeproj -no-emit-module-separately-wmo

SwiftCompile normal arm64 Compiling\ GameCoordinator.swift,\ PresentationDependencies.swift,\ PresentationModels.swift,\ RestorationValidation.swift /Users/bavabangaru/Developer/pic-pac-poe-ios-native-parity/ios/Packages/PicPacKit/Sources/PicPacPresentation/GameCoordinator.swift /Users/bavabangaru/Developer/pic-pac-poe-ios-native-parity/ios/Packages/PicPacKit/Sources/PicPacPresentation/PresentationDependencies.swift /Users/bavabangaru/Developer/pic-pac-poe-ios-native-parity/ios/Packages/PicPacKit/Sources/PicPacPresentation/PresentationModels.swift /Users/bavabangaru/Developer/pic-pac-poe-ios-native-parity/ios/Packages/PicPacKit/Sources/PicPacPresentation/RestorationValidation.swift /Applications/Xcode.app/Contents/Developer/Toolchains/XcodeDefault.xctoolchain/usr/lib/swift/iphonesimulator/prebuilt-modules/26.5/Swift.swiftmodule/arm64-apple-ios-simulator.swiftmodule /Applications/Xcode.app/Contents/Developer/Toolchains/XcodeDefault.xctoolchain/usr/lib/swift/iphonesimulator/prebuilt-modules/26.5/Dispatch.swiftmodule/arm64-apple-ios-simulator.swiftmodule /Applications/Xcode.app/Contents/Developer/Toolchains/XcodeDefault.xctoolchain/usr/lib/swift/iphonesimulator/prebuilt-modules/26.5/Darwin.swiftmodule/arm64-apple-ios-simulator.swiftmodule /Applications/Xcode.app/Contents/Developer/Toolchains/XcodeDefault.xctoolchain/usr/lib/swift/iphonesimulator/prebuilt-modules/26.5/_Concurrency.swiftmodule/arm64-apple-ios-simulator.swiftmodule /Applications/Xcode.app/Contents/Developer/Toolchains/XcodeDefault.xctoolchain/usr/lib/swift/iphonesimulator/prebuilt-modules/26.5/CoreFoundation.swiftmodule/arm64-apple-ios-simulator.swiftmodule /Applications/Xcode.app/Contents/Developer/Toolchains/XcodeDefault.xctoolchain/usr/lib/swift/iphonesimulator/prebuilt-modules/26.5/ObjectiveC.swiftmodule/arm64-apple-ios-simulator.swiftmodule /Applications/Xcode.app/Contents/Developer/Toolchains/XcodeDefault.xctoolchain/usr/lib/swift/iphonesimulator/prebuilt-modules/26.5/_DarwinFoundation3.swiftmodule/arm64-apple-ios-simulator.swiftmodule /Applications/Xcode.app/Contents/Developer/Toolchains/XcodeDefault.xctoolchain/usr/lib/swift/iphonesimulator/prebuilt-modules/26.5/_StringProcessing.swiftmodule/arm64-apple-ios-simulator.swiftmodule /Applications/Xcode.app/Contents/Developer/Toolchains/XcodeDefault.xctoolchain/usr/lib/swift/iphonesimulator/prebuilt-modules/26.5/_DarwinFoundation1.swiftmodule/arm64-apple-ios-simulator.swiftmodule /Applications/Xcode.app/Contents/Developer/Toolchains/XcodeDefault.xctoolchain/usr/lib/swift/iphonesimulator/prebuilt-modules/26.5/System.swiftmodule/arm64-apple-ios-simulator.swiftmodule /Applications/Xcode.app/Contents/Developer/Toolchains/XcodeDefault.xctoolchain/usr/lib/swift/iphonesimulator/prebuilt-modules/26.5/Foundation.swiftmodule/arm64-apple-ios-simulator.swiftmodule /Applications/Xcode.app/Contents/Developer/Toolchains/XcodeDefault.xctoolchain/usr/lib/swift/iphonesimulator/prebuilt-modules/26.5/_DarwinFoundation2.swiftmodule/arm64-apple-ios-simulator.swiftmodule /tmp/picpac-phase3-recovery-build-03d44f794ef9-20260925T084220Z/iphonesimulator/Build/Products/Release-iphonesimulator/PicPacCore.swiftmodule/arm64-apple-ios-simulator.swiftmodule /Applications/Xcode.app/Contents/Developer/Toolchains/XcodeDefault.xctoolchain/usr/lib/swift/iphonesimulator/prebuilt-modules/26.5/XPC.swiftmodule/arm64-apple-ios-simulator.swiftmodule /Applications/Xcode.app/Contents/Developer/Toolchains/XcodeDefault.xctoolchain/usr/lib/swift/iphonesimulator/prebuilt-modules/26.5/Combine.swiftmodule/arm64-apple-ios-simulator.swiftmodule /Applications/Xcode.app/Contents/Developer/Toolchains/XcodeDefault.xctoolchain/usr/lib/swift/iphonesimulator/prebuilt-modules/26.5/_Builtin_float.swiftmodule/arm64-apple-ios-simulator.swiftmodule /Applications/Xcode.app/Contents/Developer/Toolchains/XcodeDefault.xctoolchain/usr/lib/swift/iphonesimulator/prebuilt-modules/26.5/Observation.swiftmodule/arm64-apple-ios-simulator.swiftmodule /tmp/picpac-phase3-recovery-build-03d44f794ef9-20260925T084220Z/iphonesimulator/ModuleCache.noindex/SwiftShims-EEO8WXMMQN52ATKOO8BF3VE1W.pcm /tmp/picpac-phase3-recovery-build-03d44f794ef9-20260925T084220Z/iphonesimulator/ModuleCache.noindex/_Builtin_stddef-37XPATSL1W5A8ZO7K48SIVICZ.pcm /tmp/picpac-phase3-recovery-build-03d44f794ef9-20260925T084220Z/iphonesimulator/ModuleCache.noindex/Dispatch-DPD6DOLVSKCY7FAQVTFXH7SD5.pcm /tmp/picpac-phase3-recovery-build-03d44f794ef9-20260925T084220Z/iphonesimulator/ModuleCache.noindex/CFNetwork-154M8DL70NAHLUTSQNQGTDDK4.pcm /tmp/picpac-phase3-recovery-build-03d44f794ef9-20260925T084220Z/iphonesimulator/ModuleCache.noindex/_DarwinFoundation3-DOUKK1T0GKJFNXNAUBYERHGCD.pcm /tmp/picpac-phase3-recovery-build-03d44f794ef9-20260925T084220Z/iphonesimulator/ModuleCache.noindex/os_workgroup-6L43THDHNB8PR0WEJH5517G72.pcm /tmp/picpac-phase3-recovery-build-03d44f794ef9-20260925T084220Z/iphonesimulator/ModuleCache.noindex/_SwiftConcurrencyShims-BO56YCVPCNWADB42380EGLISL.pcm /tmp/picpac-phase3-recovery-build-03d44f794ef9-20260925T084220Z/iphonesimulator/ModuleCache.noindex/_AvailabilityInternal-1A4JKRYO6P3KF0VU5UMPUZTPL.pcm /tmp/picpac-phase3-recovery-build-03d44f794ef9-20260925T084220Z/iphonesimulator/ModuleCache.noindex/_Builtin_inttypes-4J5G0CE0IWKLE60MZZNP950BC.pcm /tmp/picpac-phase3-recovery-build-03d44f794ef9-20260925T084220Z/iphonesimulator/ModuleCache.noindex/Darwin-2T4RW0NYR6LCMZ8PXSTSG9XXO.pcm /tmp/picpac-phase3-recovery-build-03d44f794ef9-20260925T084220Z/iphonesimulator/ModuleCache.noindex/sys_types-CW2GIF9MTVOYNJT4OPG06L2ME.pcm /tmp/picpac-phase3-recovery-build-03d44f794ef9-20260925T084220Z/iphonesimulator/ModuleCache.noindex/_DarwinFoundation1-F04C4TQBBCAEEY6EL6U3BBTOR.pcm /tmp/picpac-phase3-recovery-build-03d44f794ef9-20260925T084220Z/iphonesimulator/ModuleCache.noindex/CoreFoundation-CDMK2PGKYMYSFJYS21T2WPILF.pcm /tmp/picpac-phase3-recovery-build-03d44f794ef9-20260925T084220Z/iphonesimulator/ModuleCache.noindex/_Builtin_stdarg-A7WJ518PCGG8VH1P7Q7OYSRO3.pcm /tmp/picpac-phase3-recovery-build-03d44f794ef9-20260925T084220Z/iphonesimulator/ModuleCache.noindex/_Builtin_float-9UJAMSW1Z24BC2TZETKFXLYAP.pcm /tmp/picpac-phase3-recovery-build-03d44f794ef9-20260925T084220Z/iphonesimulator/ModuleCache.noindex/ObjectiveC-DMTEMZTHJMZ9UCMMN4LX7N20D.pcm /tmp/picpac-phase3-recovery-build-03d44f794ef9-20260925T084220Z/iphonesimulator/ModuleCache.noindex/Foundation-A32C7GTKKNBTCZ6NTYMX8RMYF.pcm /tmp/picpac-phase3-recovery-build-03d44f794ef9-20260925T084220Z/iphonesimulator/ModuleCache.noindex/_Builtin_stdbool-BRDKOEQLON79VGDS9N9KG0RU7.pcm /tmp/picpac-phase3-recovery-build-03d44f794ef9-20260925T084220Z/iphonesimulator/ModuleCache.noindex/Security-4H86FU2ZMY1657QB8S06W2NEP.pcm /tmp/picpac-phase3-recovery-build-03d44f794ef9-20260925T084220Z/iphonesimulator/ModuleCache.noindex/os_object-5IYZLEGQ4WQBY3BLPDCA03EBP.pcm /tmp/picpac-phase3-recovery-build-03d44f794ef9-20260925T084220Z/iphonesimulator/ModuleCache.noindex/_DarwinFoundation2-2CZT0IWTCD7Q1A1P929VJKCB8.pcm /tmp/picpac-phase3-recovery-build-03d44f794ef9-20260925T084220Z/iphonesimulator/ModuleCache.noindex/_Builtin_limits-28I5RX6MS7WNLXMQL210451MI.pcm /tmp/picpac-phase3-recovery-build-03d44f794ef9-20260925T084220Z/iphonesimulator/ModuleCache.noindex/ptrcheck-7A2STGCXH7GH69VWXF6WNS9PM.pcm /tmp/picpac-phase3-recovery-build-03d44f794ef9-20260925T084220Z/iphonesimulator/ModuleCache.noindex/ptrauth-3SNVII51A1ERSRKHUPGUO7FD4.pcm /tmp/picpac-phase3-recovery-build-03d44f794ef9-20260925T084220Z/iphonesimulator/ModuleCache.noindex/XPC-6CD2ZHPMQKH47HXN7GFSYFOUL.pcm /tmp/picpac-phase3-recovery-build-03d44f794ef9-20260925T084220Z/iphonesimulator/ModuleCache.noindex/_Builtin_stdint-DKYAHL5C18ZR8AC6US80XTGMH.pcm /tmp/picpac-phase3-recovery-build-03d44f794ef9-20260925T084220Z/iphonesimulator/Build/Intermediates.noindex/PicPacKit.build/Release-iphonesimulator/PicPacPresentation.build/Objects-normal/arm64/PicPacPresentation-dependencies-2.json (in target 'PicPacPresentation' from project 'PicPacKit')
CompileSwift normal arm64 (in target 'PicPacPresentation' from project 'PicPacKit')
    cd /Users/bavabangaru/Developer/pic-pac-poe-ios-native-parity/ios/PicPacPoe.xcodeproj
    

SwiftCompile normal x86_64 Compiling\ resource_bundle_accessor.swift,\ AIContracts.swift,\ ExpectiminimaxAgent.swift,\ FastAgents.swift,\ PositionEvaluator.swift,\ ProductionAIEngine.swift,\ RandomSources.swift,\ ReferenceExpectiminimax.swift,\ SearchModel.swift,\ StochasticMCTSAgent.swift,\ TabularPolicy.swift /tmp/picpac-phase3-recovery-build-03d44f794ef9-20260925T084220Z/iphonesimulator/Build/Intermediates.noindex/PicPacKit.build/Release-iphonesimulator/PicPacAI.build/DerivedSources/resource_bundle_accessor.swift /Users/bavabangaru/Developer/pic-pac-poe-ios-native-parity/ios/Packages/PicPacKit/Sources/PicPacAI/AIContracts.swift /Users/bavabangaru/Developer/pic-pac-poe-ios-native-parity/ios/Packages/PicPacKit/Sources/PicPacAI/ExpectiminimaxAgent.swift /Users/bavabangaru/Developer/pic-pac-poe-ios-native-parity/ios/Packages/PicPacKit/Sources/PicPacAI/FastAgents.swift /Users/bavabangaru/Developer/pic-pac-poe-ios-native-parity/ios/Packages/PicPacKit/Sources/PicPacAI/PositionEvaluator.swift /Users/bavabangaru/Developer/pic-pac-poe-ios-native-parity/ios/Packages/PicPacKit/Sources/PicPacAI/ProductionAIEngine.swift /Users/bavabangaru/Developer/pic-pac-poe-ios-native-parity/ios/Packages/PicPacKit/Sources/PicPacAI/RandomSources.swift /Users/bavabangaru/Developer/pic-pac-poe-ios-native-parity/ios/Packages/PicPacKit/Sources/PicPacAI/ReferenceExpectiminimax.swift /Users/bavabangaru/Developer/pic-pac-poe-ios-native-parity/ios/Packages/PicPacKit/Sources/PicPacAI/SearchModel.swift /Users/bavabangaru/Developer/pic-pac-poe-ios-native-parity/ios/Packages/PicPacKit/Sources/PicPacAI/StochasticMCTSAgent.swift /Users/bavabangaru/Developer/pic-pac-poe-ios-native-parity/ios/Packages/PicPacKit/Sources/PicPacAI/TabularPolicy.swift /Applications/Xcode.app/Contents/Developer/Toolchains/XcodeDefault.xctoolchain/usr/lib/swift/iphonesimulator/prebuilt-modules/26.5/_DarwinFoundation1.swiftmodule/x86_64-apple-ios-simulator.swiftmodule /Applications/Xcode.app/Contents/Developer/Toolchains/XcodeDefault.xctoolchain/usr/lib/swift/iphonesimulator/prebuilt-modules/26.5/_Concurrency.swiftmodule/x86_64-apple-ios-simulator.swiftmodule /Applications/Xcode.app/Contents/Developer/Toolchains/XcodeDefault.xctoolchain/usr/lib/swift/iphonesimulator/prebuilt-modules/26.5/CoreFoundation.swiftmodule/x86_64-apple-ios-simulator.swiftmodule /Applications/Xcode.app/Contents/Developer/Toolchains/XcodeDefault.xctoolchain/usr/lib/swift/iphonesimulator/prebuilt-modules/26.5/System.swiftmodule/x86_64-apple-ios-simulator.swiftmodule /Applications/Xcode.app/Contents/Developer/Toolchains/XcodeDefault.xctoolchain/usr/lib/swift/iphonesimulator/prebuilt-modules/26.5/XPC.swiftmodule/x86_64-apple-ios-simulator.swiftmodule /Applications/Xcode.app/Contents/Developer/Toolchains/XcodeDefault.xctoolchain/usr/lib/swift/iphonesimulator/prebuilt-modules/26.5/Foundation.swiftmodule/x86_64-apple-ios-simulator.swiftmodule /Applications/Xcode.app/Contents/Developer/Toolchains/XcodeDefault.xctoolchain/usr/lib/swift/iphonesimulator/prebuilt-modules/26.5/Combine.swiftmodule/x86_64-apple-ios-simulator.swiftmodule /Applications/Xcode.app/Contents/Developer/Toolchains/XcodeDefault.xctoolchain/usr/lib/swift/iphonesimulator/prebuilt-modules/26.5/_Builtin_float.swiftmodule/x86_64-apple-ios-simulator.swiftmodule /Applications/Xcode.app/Contents/Developer/Toolchains/XcodeDefault.xctoolchain/usr/lib/swift/iphonesimulator/prebuilt-modules/26.5/Darwin.swiftmodule/x86_64-apple-ios-simulator.swiftmodule /Applications/Xcode.app/Contents/Developer/Toolchains/XcodeDefault.xctoolchain/usr/lib/swift/iphonesimulator/prebuilt-modules/26.5/ObjectiveC.swiftmodule/x86_64-apple-ios-simulator.swiftmodule /Applications/Xcode.app/Contents/Developer/Toolchains/XcodeDefault.xctoolchain/usr/lib/swift/iphonesimulator/prebuilt-modules/26.5/_DarwinFoundation2.swiftmodule/x86_64-apple-ios-simulator.swiftmodule /Applications/Xcode.app/Contents/Developer/Toolchains/XcodeDefault.xctoolchain/usr/lib/swift/iphonesimulator/prebuilt-modules/26.5/_StringProcessing.swiftmodule/x86_64-apple-ios-simulator.swiftmodule /Applications/Xcode.app/Contents/Developer/Toolchains/XcodeDefault.xctoolchain/usr/lib/swift/iphonesimulator/prebuilt-modules/26.5/Swift.swiftmodule/x86_64-apple-ios-simulator.swiftmodule /Applications/Xcode.app/Contents/Developer/Toolchains/XcodeDefault.xctoolchain/usr/lib/swift/iphonesimulator/prebuilt-modules/26.5/Observation.swiftmodule/x86_64-apple-ios-simulator.swiftmodule /Applications/Xcode.app/Contents/Developer/Toolchains/XcodeDefault.xctoolchain/usr/lib/swift/iphonesimulator/prebuilt-modules/26.5/_DarwinFoundation3.swiftmodule/x86_64-apple-ios-simulator.swiftmodule /Applications/Xcode.app/Contents/Developer/Toolchains/XcodeDefault.xctoolchain/usr/lib/swift/iphonesimulator/prebuilt-modules/26.5/Dispatch.swiftmodule/x86_64-apple-ios-simulator.swiftmodule /tmp/picpac-phase3-recovery-build-03d44f794ef9-20260925T084220Z/iphonesimulator/Build/Products/Release-iphonesimulator/PicPacCore.swiftmodule/x86_64-apple-ios-simulator.swiftmodule /tmp/picpac-phase3-recovery-build-03d44f794ef9-20260925T084220Z/iphonesimulator/ModuleCache.noindex/_AvailabilityInternal-I07CIZNBNKY4DI5A0EOIU6WI.pcm /tmp/picpac-phase3-recovery-build-03d44f794ef9-20260925T084220Z/iphonesimulator/ModuleCache.noindex/_Builtin_stdbool-4EDDXXNUUA938JNJ27Q489MXC.pcm /tmp/picpac-phase3-recovery-build-03d44f794ef9-20260925T084220Z/iphonesimulator/ModuleCache.noindex/os_object-E5RL5OFU0185GPOQQYZE5UTFA.pcm /tmp/picpac-phase3-recovery-build-03d44f794ef9-20260925T084220Z/iphonesimulator/ModuleCache.noindex/_DarwinFoundation3-9F0KCSMPS5XB3ZDWN8APXUNMJ.pcm /tmp/picpac-phase3-recovery-build-03d44f794ef9-20260925T084220Z/iphonesimulator/ModuleCache.noindex/_Builtin_stddef-3VW5IHCNV24MUM6L5Q1G71GYZ.pcm /tmp/picpac-phase3-recovery-build-03d44f794ef9-20260925T084220Z/iphonesimulator/ModuleCache.noindex/_DarwinFoundation2-JU0OM4WYT4QJ1XLJXIHV1X95.pcm /tmp/picpac-phase3-recovery-build-03d44f794ef9-20260925T084220Z/iphonesimulator/ModuleCache.noindex/XPC-41MB5JVQNIPI4TWA4TMEK19SG.pcm /tmp/picpac-phase3-recovery-build-03d44f794ef9-20260925T084220Z/iphonesimulator/ModuleCache.noindex/CFNetwork-DGAG6AFUMUJE6R5TC8IG3W8L8.pcm /tmp/picpac-phase3-recovery-build-03d44f794ef9-20260925T084220Z/iphonesimulator/ModuleCache.noindex/SwiftShims-30ZQZNQ2DCIIFR7ZJBR8YI8U.pcm /tmp/picpac-phase3-recovery-build-03d44f794ef9-20260925T084220Z/iphonesimulator/ModuleCache.noindex/_DarwinFoundation1-4HQ3R7BU158D916YB3Y768BM1.pcm /tmp/picpac-phase3-recovery-build-03d44f794ef9-20260925T084220Z/iphonesimulator/ModuleCache.noindex/ptrauth-BVBXV90TQIMWL3WWSEI4WAR7D.pcm /tmp/picpac-phase3-recovery-build-03d44f794ef9-20260925T084220Z/iphonesimulator/ModuleCache.noindex/sys_types-14S7SUJ0O58F1FI90GN9EPIDQ.pcm /tmp/picpac-phase3-recovery-build-03d44f794ef9-20260925T084220Z/iphonesimulator/ModuleCache.noindex/Foundation-1TXDXZ45UN7ED2ZRPR08QVLL2.pcm /tmp/picpac-phase3-recovery-build-03d44f794ef9-20260925T084220Z/iphonesimulator/ModuleCache.noindex/_Builtin_stdarg-CBTXAYK5ED03MS52IG4IUYP45.pcm /tmp/picpac-phase3-recovery-build-03d44f794ef9-20260925T084220Z/iphonesimulator/ModuleCache.noindex/ObjectiveC-6YU33DMFGQU7Z1EBY3KR6JGAS.pcm /tmp/picpac-phase3-recovery-build-03d44f794ef9-20260925T084220Z/iphonesimulator/ModuleCache.noindex/_Builtin_float-6MU6TT4E8Q1017GNTW2K4VB9V.pcm /tmp/picpac-phase3-recovery-build-03d44f794ef9-20260925T084220Z/iphonesimulator/ModuleCache.noindex/Dispatch-2MSMQLG4EFXRTAQKWJUMGI910.pcm /tmp/picpac-phase3-recovery-build-03d44f794ef9-20260925T084220Z/iphonesimulator/ModuleCache.noindex/Security-4MJVE7LI2WDBXPV6AHHABIMVU.pcm /tmp/picpac-phase3-recovery-build-03d44f794ef9-20260925T084220Z/iphonesimulator/ModuleCache.noindex/_Builtin_stdint-3NLNFAWKL6DOUXUXX9FS8JHD1.pcm /tmp/picpac-phase3-recovery-build-03d44f794ef9-20260925T084220Z/iphonesimulator/ModuleCache.noindex/_SwiftConcurrencyShims-BU6J9DCC9VUV66R2FUPXE6LFN.pcm /tmp/picpac-phase3-recovery-build-03d44f794ef9-20260925T084220Z/iphonesimulator/ModuleCache.noindex/os_workgroup-4EE01FQEA9QSDTPF0A0EAOFSK.pcm /tmp/picpac-phase3-recovery-build-03d44f794ef9-20260925T084220Z/iphonesimulator/ModuleCache.noindex/_Builtin_limits-3KKIE2BUS1V771RCWT776L4XC.pcm /tmp/picpac-phase3-recovery-build-03d44f794ef9-20260925T084220Z/iphonesimulator/ModuleCache.noindex/ptrcheck-A3RSGHSKAC1XKA48JSQ4OAJ7E.pcm /tmp/picpac-phase3-recovery-build-03d44f794ef9-20260925T084220Z/iphonesimulator/ModuleCache.noindex/_Builtin_inttypes-D1XREKA5ZW3B7GIL1LUS05FN9.pcm /tmp/picpac-phase3-recovery-build-03d44f794ef9-20260925T084220Z/iphonesimulator/ModuleCache.noindex/Darwin-B66DQAC1INUNTE0W7785S5MVS.pcm /tmp/picpac-phase3-recovery-build-03d44f794ef9-20260925T084220Z/iphonesimulator/ModuleCache.noindex/CoreFoundation-1RIJ2MYU5AB0TUPK4JL95TSEC.pcm /tmp/picpac-phase3-recovery-build-03d44f794ef9-20260925T084220Z/iphonesimulator/Build/Intermediates.noindex/PicPacKit.build/Release-iphonesimulator/PicPacAI.build/Objects-normal/x86_64/PicPacAI-dependencies-1.json (in target 'PicPacAI' from project 'PicPacKit')
CompileSwift normal x86_64 (in target 'PicPacAI' from project 'PicPacKit')
    cd /Users/bavabangaru/Developer/pic-pac-poe-ios-native-parity/ios/PicPacPoe.xcodeproj
    

SwiftCompile normal arm64 Compiling\ resource_bundle_accessor.swift,\ AIContracts.swift,\ ExpectiminimaxAgent.swift,\ FastAgents.swift,\ PositionEvaluator.swift,\ ProductionAIEngine.swift,\ RandomSources.swift,\ ReferenceExpectiminimax.swift,\ SearchModel.swift,\ StochasticMCTSAgent.swift,\ TabularPolicy.swift /tmp/picpac-phase3-recovery-build-03d44f794ef9-20260925T084220Z/iphonesimulator/Build/Intermediates.noindex/PicPacKit.build/Release-iphonesimulator/PicPacAI.build/DerivedSources/resource_bundle_accessor.swift /Users/bavabangaru/Developer/pic-pac-poe-ios-native-parity/ios/Packages/PicPacKit/Sources/PicPacAI/AIContracts.swift /Users/bavabangaru/Developer/pic-pac-poe-ios-native-parity/ios/Packages/PicPacKit/Sources/PicPacAI/ExpectiminimaxAgent.swift /Users/bavabangaru/Developer/pic-pac-poe-ios-native-parity/ios/Packages/PicPacKit/Sources/PicPacAI/FastAgents.swift /Users/bavabangaru/Developer/pic-pac-poe-ios-native-parity/ios/Packages/PicPacKit/Sources/PicPacAI/PositionEvaluator.swift /Users/bavabangaru/Developer/pic-pac-poe-ios-native-parity/ios/Packages/PicPacKit/Sources/PicPacAI/ProductionAIEngine.swift /Users/bavabangaru/Developer/pic-pac-poe-ios-native-parity/ios/Packages/PicPacKit/Sources/PicPacAI/RandomSources.swift /Users/bavabangaru/Developer/pic-pac-poe-ios-native-parity/ios/Packages/PicPacKit/Sources/PicPacAI/ReferenceExpectiminimax.swift /Users/bavabangaru/Developer/pic-pac-poe-ios-native-parity/ios/Packages/PicPacKit/Sources/PicPacAI/SearchModel.swift /Users/bavabangaru/Developer/pic-pac-poe-ios-native-parity/ios/Packages/PicPacKit/Sources/PicPacAI/StochasticMCTSAgent.swift /Users/bavabangaru/Developer/pic-pac-poe-ios-native-parity/ios/Packages/PicPacKit/Sources/PicPacAI/TabularPolicy.swift /Applications/Xcode.app/Contents/Developer/Toolchains/XcodeDefault.xctoolchain/usr/lib/swift/iphonesimulator/prebuilt-modules/26.5/Combine.swiftmodule/arm64-apple-ios-simulator.swiftmodule /Applications/Xcode.app/Contents/Developer/Toolchains/XcodeDefault.xctoolchain/usr/lib/swift/iphonesimulator/prebuilt-modules/26.5/_Concurrency.swiftmodule/arm64-apple-ios-simulator.swiftmodule /Applications/Xcode.app/Contents/Developer/Toolchains/XcodeDefault.xctoolchain/usr/lib/swift/iphonesimulator/prebuilt-modules/26.5/_DarwinFoundation2.swiftmodule/arm64-apple-ios-simulator.swiftmodule /Applications/Xcode.app/Contents/Developer/Toolchains/XcodeDefault.xctoolchain/usr/lib/swift/iphonesimulator/prebuilt-modules/26.5/CoreFoundation.swiftmodule/arm64-apple-ios-simulator.swiftmodule /Applications/Xcode.app/Contents/Developer/Toolchains/XcodeDefault.xctoolchain/usr/lib/swift/iphonesimulator/prebuilt-modules/26.5/ObjectiveC.swiftmodule/arm64-apple-ios-simulator.swiftmodule /Applications/Xcode.app/Contents/Developer/Toolchains/XcodeDefault.xctoolchain/usr/lib/swift/iphonesimulator/prebuilt-modules/26.5/XPC.swiftmodule/arm64-apple-ios-simulator.swiftmodule /Applications/Xcode.app/Contents/Developer/Toolchains/XcodeDefault.xctoolchain/usr/lib/swift/iphonesimulator/prebuilt-modules/26.5/Swift.swiftmodule/arm64-apple-ios-simulator.swiftmodule /Applications/Xcode.app/Contents/Developer/Toolchains/XcodeDefault.xctoolchain/usr/lib/swift/iphonesimulator/prebuilt-modules/26.5/Darwin.swiftmodule/arm64-apple-ios-simulator.swiftmodule /Applications/Xcode.app/Contents/Developer/Toolchains/XcodeDefault.xctoolchain/usr/lib/swift/iphonesimulator/prebuilt-modules/26.5/_StringProcessing.swiftmodule/arm64-apple-ios-simulator.swiftmodule /Applications/Xcode.app/Contents/Developer/Toolchains/XcodeDefault.xctoolchain/usr/lib/swift/iphonesimulator/prebuilt-modules/26.5/_DarwinFoundation3.swiftmodule/arm64-apple-ios-simulator.swiftmodule /Applications/Xcode.app/Contents/Developer/Toolchains/XcodeDefault.xctoolchain/usr/lib/swift/iphonesimulator/prebuilt-modules/26.5/Observation.swiftmodule/arm64-apple-ios-simulator.swiftmodule /Applications/Xcode.app/Contents/Developer/Toolchains/XcodeDefault.xctoolchain/usr/lib/swift/iphonesimulator/prebuilt-modules/26.5/_Builtin_float.swiftmodule/arm64-apple-ios-simulator.swiftmodule /tmp/picpac-phase3-recovery-build-03d44f794ef9-20260925T084220Z/iphonesimulator/Build/Products/Release-iphonesimulator/PicPacCore.swiftmodule/arm64-apple-ios-simulator.swiftmodule /Applications/Xcode.app/Contents/Developer/Toolchains/XcodeDefault.xctoolchain/usr/lib/swift/iphonesimulator/prebuilt-modules/26.5/_DarwinFoundation1.swiftmodule/arm64-apple-ios-simulator.swiftmodule /Applications/Xcode.app/Contents/Developer/Toolchains/XcodeDefault.xctoolchain/usr/lib/swift/iphonesimulator/prebuilt-modules/26.5/System.swiftmodule/arm64-apple-ios-simulator.swiftmodule /Applications/Xcode.app/Contents/Developer/Toolchains/XcodeDefault.xctoolchain/usr/lib/swift/iphonesimulator/prebuilt-modules/26.5/Dispatch.swiftmodule/arm64-apple-ios-simulator.swiftmodule /Applications/Xcode.app/Contents/Developer/Toolchains/XcodeDefault.xctoolchain/usr/lib/swift/iphonesimulator/prebuilt-modules/26.5/Foundation.swiftmodule/arm64-apple-ios-simulator.swiftmodule /tmp/picpac-phase3-recovery-build-03d44f794ef9-20260925T084220Z/iphonesimulator/ModuleCache.noindex/_Builtin_stdbool-BRDKOEQLON79VGDS9N9KG0RU7.pcm /tmp/picpac-phase3-recovery-build-03d44f794ef9-20260925T084220Z/iphonesimulator/ModuleCache.noindex/_Builtin_stdint-DKYAHL5C18ZR8AC6US80XTGMH.pcm /tmp/picpac-phase3-recovery-build-03d44f794ef9-20260925T084220Z/iphonesimulator/ModuleCache.noindex/os_workgroup-6L43THDHNB8PR0WEJH5517G72.pcm /tmp/picpac-phase3-recovery-build-03d44f794ef9-20260925T084220Z/iphonesimulator/ModuleCache.noindex/Dispatch-DPD6DOLVSKCY7FAQVTFXH7SD5.pcm /tmp/picpac-phase3-recovery-build-03d44f794ef9-20260925T084220Z/iphonesimulator/ModuleCache.noindex/_AvailabilityInternal-1A4JKRYO6P3KF0VU5UMPUZTPL.pcm /tmp/picpac-phase3-recovery-build-03d44f794ef9-20260925T084220Z/iphonesimulator/ModuleCache.noindex/SwiftShims-EEO8WXMMQN52ATKOO8BF3VE1W.pcm /tmp/picpac-phase3-recovery-build-03d44f794ef9-20260925T084220Z/iphonesimulator/ModuleCache.noindex/ptrcheck-7A2STGCXH7GH69VWXF6WNS9PM.pcm /tmp/picpac-phase3-recovery-build-03d44f794ef9-20260925T084220Z/iphonesimulator/ModuleCache.noindex/_Builtin_float-9UJAMSW1Z24BC2TZETKFXLYAP.pcm /tmp/picpac-phase3-recovery-build-03d44f794ef9-20260925T084220Z/iphonesimulator/ModuleCache.noindex/_DarwinFoundation1-F04C4TQBBCAEEY6EL6U3BBTOR.pcm /tmp/picpac-phase3-recovery-build-03d44f794ef9-20260925T084220Z/iphonesimulator/ModuleCache.noindex/_Builtin_stddef-37XPATSL1W5A8ZO7K48SIVICZ.pcm /tmp/picpac-phase3-recovery-build-03d44f794ef9-20260925T084220Z/iphonesimulator/ModuleCache.noindex/Darwin-2T4RW0NYR6LCMZ8PXSTSG9XXO.pcm /tmp/picpac-phase3-recovery-build-03d44f794ef9-20260925T084220Z/iphonesimulator/ModuleCache.noindex/XPC-6CD2ZHPMQKH47HXN7GFSYFOUL.pcm /tmp/picpac-phase3-recovery-build-03d44f794ef9-20260925T084220Z/iphonesimulator/ModuleCache.noindex/_SwiftConcurrencyShims-BO56YCVPCNWADB42380EGLISL.pcm /tmp/picpac-phase3-recovery-build-03d44f794ef9-20260925T084220Z/iphonesimulator/ModuleCache.noindex/CFNetwork-154M8DL70NAHLUTSQNQGTDDK4.pcm /tmp/picpac-phase3-recovery-build-03d44f794ef9-20260925T084220Z/iphonesimulator/ModuleCache.noindex/_Builtin_inttypes-4J5G0CE0IWKLE60MZZNP950BC.pcm /tmp/picpac-phase3-recovery-build-03d44f794ef9-20260925T084220Z/iphonesimulator/ModuleCache.noindex/_Builtin_limits-28I5RX6MS7WNLXMQL210451MI.pcm /tmp/picpac-phase3-recovery-build-03d44f794ef9-20260925T084220Z/iphonesimulator/ModuleCache.noindex/_Builtin_stdarg-A7WJ518PCGG8VH1P7Q7OYSRO3.pcm /tmp/picpac-phase3-recovery-build-03d44f794ef9-20260925T084220Z/iphonesimulator/ModuleCache.noindex/os_object-5IYZLEGQ4WQBY3BLPDCA03EBP.pcm /tmp/picpac-phase3-recovery-build-03d44f794ef9-20260925T084220Z/iphonesimulator/ModuleCache.noindex/_DarwinFoundation3-DOUKK1T0GKJFNXNAUBYERHGCD.pcm /tmp/picpac-phase3-recovery-build-03d44f794ef9-20260925T084220Z/iphonesimulator/ModuleCache.noindex/_DarwinFoundation2-2CZT0IWTCD7Q1A1P929VJKCB8.pcm /tmp/picpac-phase3-recovery-build-03d44f794ef9-20260925T084220Z/iphonesimulator/ModuleCache.noindex/CoreFoundation-CDMK2PGKYMYSFJYS21T2WPILF.pcm /tmp/picpac-phase3-recovery-build-03d44f794ef9-20260925T084220Z/iphonesimulator/ModuleCache.noindex/Security-4H86FU2ZMY1657QB8S06W2NEP.pcm /tmp/picpac-phase3-recovery-build-03d44f794ef9-20260925T084220Z/iphonesimulator/ModuleCache.noindex/sys_types-CW2GIF9MTVOYNJT4OPG06L2ME.pcm /tmp/picpac-phase3-recovery-build-03d44f794ef9-20260925T084220Z/iphonesimulator/ModuleCache.noindex/Foundation-A32C7GTKKNBTCZ6NTYMX8RMYF.pcm /tmp/picpac-phase3-recovery-build-03d44f794ef9-20260925T084220Z/iphonesimulator/ModuleCache.noindex/ObjectiveC-DMTEMZTHJMZ9UCMMN4LX7N20D.pcm /tmp/picpac-phase3-recovery-build-03d44f794ef9-20260925T084220Z/iphonesimulator/ModuleCache.noindex/ptrauth-3SNVII51A1ERSRKHUPGUO7FD4.pcm /tmp/picpac-phase3-recovery-build-03d44f794ef9-20260925T084220Z/iphonesimulator/Build/Intermediates.noindex/PicPacKit.build/Release-iphonesimulator/PicPacAI.build/Objects-normal/arm64/PicPacAI-dependencies-2.json (in target 'PicPacAI' from project 'PicPacKit')

CompileSwift normal arm64 (in target 'PicPacAI' from project 'PicPacKit')
    cd /Users/bavabangaru/Developer/pic-pac-poe-ios-native-parity/ios/PicPacPoe.xcodeproj
    

SwiftDriver\ Compilation PicPacAI normal arm64 com.apple.xcode.tools.swift.compiler (in target 'PicPacAI' from project 'PicPacKit')
    cd /Users/bavabangaru/Developer/pic-pac-poe-ios-native-parity/ios/PicPacPoe.xcodeproj
    builtin-Swift-Compilation -- /Applications/Xcode.app/Contents/Developer/Toolchains/XcodeDefault.xctoolchain/usr/bin/swiftc -module-name PicPacAI -O -whole-module-optimization @/tmp/picpac-phase3-recovery-build-03d44f794ef9-20260925T084220Z/iphonesimulator/Build/Intermediates.noindex/PicPacKit.build/Release-iphonesimulator/PicPacAI.build/Objects-normal/arm64/PicPacAI.SwiftFileList -DSWIFT_PACKAGE -DSWIFT_MODULE_RESOURCE_BUNDLE_AVAILABLE -DXcode -plugin-path /Applications/Xcode.app/Contents/Developer/Toolchains/XcodeDefault.xctoolchain/usr/lib/swift/host/plugins/testing -enable-experimental-feature DebugDescriptionMacro -sdk /Applications/Xcode.app/Contents/Developer/Platforms/iPhoneSimulator.platform/Developer/SDKs/iPhoneSimulator26.5.sdk -target arm64-apple-ios17.0-simulator -g -module-cache-path /tmp/picpac-phase3-recovery-build-03d44f794ef9-20260925T084220Z/iphonesimulator/ModuleCache.noindex -Xfrontend -serialize-debugging-options -suppress-warnings -swift-version 6 -I /tmp/picpac-phase3-recovery-build-03d44f794ef9-20260925T084220Z/iphonesimulator/Build/Products/Release-iphonesimulator -Isystem /Applications/Xcode.app/Contents/Developer/Platforms/iPhoneSimulator.platform/Developer/usr/lib -F /tmp/picpac-phase3-recovery-build-03d44f794ef9-20260925T084220Z/iphonesimulator/Build/Products/Release-iphonesimulator/PackageFrameworks -F /tmp/picpac-phase3-recovery-build-03d44f794ef9-20260925T084220Z/iphonesimulator/Build/Products/Release-iphonesimulator -F /Applications/Xcode.app/Contents/Developer/Platforms/iPhoneSimulator.platform/Developer/Library/Frameworks -F /Applications/Xcode.app/Contents/Developer/Platforms/iPhoneSimulator.platform/Developer/SDKs/iPhoneSimulator26.5.sdk/Developer/Library/Frameworks -c -num-threads 12 -Xcc -ivfsstatcache -Xcc /tmp/picpac-phase3-recovery-build-03d44f794ef9-20260925T084220Z/iphonesimulator/SDKStatCaches.noindex/iphonesimulator26.5-23F81a-6cfe768891a92b912361537c460fe42b.sdkstatcache -output-file-map /tmp/picpac-phase3-recovery-build-03d44f794ef9-20260925T084220Z/iphonesimulator/Build/Intermediates.noindex/PicPacKit.build/Release-iphonesimulator/PicPacAI.build/Objects-normal/arm64/PicPacAI-OutputFileMap.json -use-frontend-parseable-output -save-temps -no-color-diagnostics -explicit-module-build -module-cache-path /tmp/picpac-phase3-recovery-build-03d44f794ef9-20260925T084220Z/iphonesimulator/Build/Intermediates.noindex/SwiftExplicitPrecompiledModules -clang-scanner-module-cache-path /tmp/picpac-phase3-recovery-build-03d44f794ef9-20260925T084220Z/iphonesimulator/ModuleCache.noindex -sdk-module-cache-path /tmp/picpac-phase3-recovery-build-03d44f794ef9-20260925T084220Z/iphonesimulator/ModuleCache.noindex -serialize-diagnostics -emit-dependencies -emit-module -emit-module-path /tmp/picpac-phase3-recovery-build-03d44f794ef9-20260925T084220Z/iphonesimulator/Build/Intermediates.noindex/PicPacKit.build/Release-iphonesimulator/PicPacAI.build/Objects-normal/arm64/PicPacAI.swiftmodule -validate-clang-modules-once -clang-build-session-file /tmp/picpac-phase3-recovery-build-03d44f794ef9-20260925T084220Z/iphonesimulator/ModuleCache.noindex/Session.modulevalidation -package-name picpackit -Xcc -I/tmp/picpac-phase3-recovery-build-03d44f794ef9-20260925T084220Z/iphonesimulator/Build/Intermediates.noindex/PicPacKit.build/Release-iphonesimulator/PicPacAI.build/swift-overrides.hmap -emit-const-values -Xfrontend -const-gather-protocols-file -Xfrontend /tmp/picpac-phase3-recovery-build-03d44f794ef9-20260925T084220Z/iphonesimulator/Build/Intermediates.noindex/PicPacKit.build/Release-iphonesimulator/PicPacAI.build/Objects-normal/arm64/PicPacAI_const_extract_protocols.json -Xcc -I/tmp/picpac-phase3-recovery-build-03d44f794ef9-20260925T084220Z/iphonesimulator/Build/Products/Release-iphonesimulator/include -Xcc -I/tmp/picpac-phase3-recovery-build-03d44f794ef9-20260925T084220Z/iphonesimulator/Build/Intermediates.noindex/PicPacKit.build/Release-iphonesimulator/PicPacAI.build/DerivedSources-normal/arm64 -Xcc -I/tmp/picpac-phase3-recovery-build-03d44f794ef9-20260925T084220Z/iphonesimulator/Build/Intermediates.noindex/PicPacKit.build/Release-iphonesimulator/PicPacAI.build/DerivedSources/arm64 -Xcc -I/tmp/picpac-phase3-recovery-build-03d44f794ef9-20260925T084220Z/iphonesimulator/Build/Intermediates.noindex/PicPacKit.build/Release-iphonesimulator/PicPacAI.build/DerivedSources -Xcc -DSWIFT_PACKAGE -emit-objc-header -emit-objc-header-path /tmp/picpac-phase3-recovery-build-03d44f794ef9-20260925T084220Z/iphonesimulator/Build/Intermediates.noindex/PicPacKit.build/Release-iphonesimulator/PicPacAI.build/Objects-normal/arm64/PicPacAI-Swift.h -working-directory /Users/bavabangaru/Developer/pic-pac-poe-ios-native-parity/ios/PicPacPoe.xcodeproj -no-emit-module-separately-wmo

SwiftDriverJobDiscovery normal x86_64 Compiling GameCoordinator.swift, PresentationDependencies.swift, PresentationModels.swift, RestorationValidation.swift (in target 'PicPacPresentation' from project 'PicPacKit')

SwiftDriver\ Compilation\ Requirements PicPacPresentation normal x86_64 com.apple.xcode.tools.swift.compiler (in target 'PicPacPresentation' from project 'PicPacKit')
    cd /Users/bavabangaru/Developer/pic-pac-poe-ios-native-parity/ios/PicPacPoe.xcodeproj
    builtin-Swift-Compilation-Requirements -- /Applications/Xcode.app/Contents/Developer/Toolchains/XcodeDefault.xctoolchain/usr/bin/swiftc -module-name PicPacPresentation -O -whole-module-optimization @/tmp/picpac-phase3-recovery-build-03d44f794ef9-20260925T084220Z/iphonesimulator/Build/Intermediates.noindex/PicPacKit.build/Release-iphonesimulator/PicPacPresentation.build/Objects-normal/x86_64/PicPacPresentation.SwiftFileList -DSWIFT_PACKAGE -DSWIFT_MODULE_RESOURCE_BUNDLE_UNAVAILABLE -DXcode -plugin-path /Applications/Xcode.app/Contents/Developer/Toolchains/XcodeDefault.xctoolchain/usr/lib/swift/host/plugins/testing -enable-experimental-feature DebugDescriptionMacro -sdk /Applications/Xcode.app/Contents/Developer/Platforms/iPhoneSimulator.platform/Developer/SDKs/iPhoneSimulator26.5.sdk -target x86_64-apple-ios17.0-simulator -g -module-cache-path /tmp/picpac-phase3-recovery-build-03d44f794ef9-20260925T084220Z/iphonesimulator/ModuleCache.noindex -Xfrontend -serialize-debugging-options -suppress-warnings -swift-version 6 -I /tmp/picpac-phase3-recovery-build-03d44f794ef9-20260925T084220Z/iphonesimulator/Build/Products/Release-iphonesimulator -Isystem /Applications/Xcode.app/Contents/Developer/Platforms/iPhoneSimulator.platform/Developer/usr/lib -F /tmp/picpac-phase3-recovery-build-03d44f794ef9-20260925T084220Z/iphonesimulator/Build/Products/Release-iphonesimulator/PackageFrameworks -F /tmp/picpac-phase3-recovery-build-03d44f794ef9-20260925T084220Z/iphonesimulator/Build/Products/Release-iphonesimulator -F /Applications/Xcode.app/Contents/Developer/Platforms/iPhoneSimulator.platform/Developer/Library/Frameworks -F /Applications/Xcode.app/Contents/Developer/Platforms/iPhoneSimulator.platform/Developer/SDKs/iPhoneSimulator26.5.sdk/Developer/Library/Frameworks -c -num-threads 12 -Xcc -ivfsstatcache -Xcc /tmp/picpac-phase3-recovery-build-03d44f794ef9-20260925T084220Z/iphonesimulator/SDKStatCaches.noindex/iphonesimulator26.5-23F81a-6cfe768891a92b912361537c460fe42b.sdkstatcache -output-file-map /tmp/picpac-phase3-recovery-build-03d44f794ef9-20260925T084220Z/iphonesimulator/Build/Intermediates.noindex/PicPacKit.build/Release-iphonesimulator/PicPacPresentation.build/Objects-normal/x86_64/PicPacPresentation-OutputFileMap.json -use-frontend-parseable-output -save-temps -no-color-diagnostics -explicit-module-build -module-cache-path /tmp/picpac-phase3-recovery-build-03d44f794ef9-20260925T084220Z/iphonesimulator/Build/Intermediates.noindex/SwiftExplicitPrecompiledModules -clang-scanner-module-cache-path /tmp/picpac-phase3-recovery-build-03d44f794ef9-20260925T084220Z/iphonesimulator/ModuleCache.noindex -sdk-module-cache-path /tmp/picpac-phase3-recovery-build-03d44f794ef9-20260925T084220Z/iphonesimulator/ModuleCache.noindex -serialize-diagnostics -emit-dependencies -emit-module -emit-module-path /tmp/picpac-phase3-recovery-build-03d44f794ef9-20260925T084220Z/iphonesimulator/Build/Intermediates.noindex/PicPacKit.build/Release-iphonesimulator/PicPacPresentation.build/Objects-normal/x86_64/PicPacPresentation.swiftmodule -validate-clang-modules-once -clang-build-session-file /tmp/picpac-phase3-recovery-build-03d44f794ef9-20260925T084220Z/iphonesimulator/ModuleCache.noindex/Session.modulevalidation -package-name picpackit -Xcc -I/tmp/picpac-phase3-recovery-build-03d44f794ef9-20260925T084220Z/iphonesimulator/Build/Intermediates.noindex/PicPacKit.build/Release-iphonesimulator/PicPacPresentation.build/swift-overrides.hmap -emit-const-values -Xfrontend -const-gather-protocols-file -Xfrontend /tmp/picpac-phase3-recovery-build-03d44f794ef9-20260925T084220Z/iphonesimulator/Build/Intermediates.noindex/PicPacKit.build/Release-iphonesimulator/PicPacPresentation.build/Objects-normal/x86_64/PicPacPresentation_const_extract_protocols.json -Xcc -I/tmp/picpac-phase3-recovery-build-03d44f794ef9-20260925T084220Z/iphonesimulator/Build/Products/Release-iphonesimulator/include -Xcc -I/tmp/picpac-phase3-recovery-build-03d44f794ef9-20260925T084220Z/iphonesimulator/Build/Intermediates.noindex/PicPacKit.build/Release-iphonesimulator/PicPacPresentation.build/DerivedSources-normal/x86_64 -Xcc -I/tmp/picpac-phase3-recovery-build-03d44f794ef9-20260925T084220Z/iphonesimulator/Build/Intermediates.noindex/PicPacKit.build/Release-iphonesimulator/PicPacPresentation.build/DerivedSources/x86_64 -Xcc -I/tmp/picpac-phase3-recovery-build-03d44f794ef9-20260925T084220Z/iphonesimulator/Build/Intermediates.noindex/PicPacKit.build/Release-iphonesimulator/PicPacPresentation.build/DerivedSources -Xcc -DSWIFT_PACKAGE -emit-objc-header -emit-objc-header-path /tmp/picpac-phase3-recovery-build-03d44f794ef9-20260925T084220Z/iphonesimulator/Build/Intermediates.noindex/PicPacKit.build/Release-iphonesimulator/PicPacPresentation.build/Objects-normal/x86_64/PicPacPresentation-Swift.h -working-directory /Users/bavabangaru/Developer/pic-pac-poe-ios-native-parity/ios/PicPacPoe.xcodeproj -no-emit-module-separately-wmo

Copy /tmp/picpac-phase3-recovery-build-03d44f794ef9-20260925T084220Z/iphonesimulator/Build/Products/Release-iphonesimulator/PicPacPresentation.swiftmodule/x86_64-apple-ios-simulator.swiftmodule /tmp/picpac-phase3-recovery-build-03d44f794ef9-20260925T084220Z/iphonesimulator/Build/Intermediates.noindex/PicPacKit.build/Release-iphonesimulator/PicPacPresentation.build/Objects-normal/x86_64/PicPacPresentation.swiftmodule (in target 'PicPacPresentation' from project 'PicPacKit')
    cd /Users/bavabangaru/Developer/pic-pac-poe-ios-native-parity/ios/Packages/PicPacKit
    builtin-copy -exclude .DS_Store -exclude CVS -exclude .svn -exclude .git -exclude .hg -strip-unsigned-binaries -strip-deterministic -strip-tool /Applications/Xcode.app/Contents/Developer/Toolchains/XcodeDefault.xctoolchain/usr/bin/strip -resolve-src-symlinks -rename /tmp/picpac-phase3-recovery-build-03d44f794ef9-20260925T084220Z/iphonesimulator/Build/Intermediates.noindex/PicPacKit.build/Release-iphonesimulator/PicPacPresentation.build/Objects-normal/x86_64/PicPacPresentation.swiftmodule /tmp/picpac-phase3-recovery-build-03d44f794ef9-20260925T084220Z/iphonesimulator/Build/Products/Release-iphonesimulator/PicPacPresentation.swiftmodule/x86_64-apple-ios-simulator.swiftmodule

Copy /tmp/picpac-phase3-recovery-build-03d44f794ef9-20260925T084220Z/iphonesimulator/Build/Products/Release-iphonesimulator/PicPacPresentation.swiftmodule/x86_64-apple-ios-simulator.swiftdoc /tmp/picpac-phase3-recovery-build-03d44f794ef9-20260925T084220Z/iphonesimulator/Build/Intermediates.noindex/PicPacKit.build/Release-iphonesimulator/PicPacPresentation.build/Objects-normal/x86_64/PicPacPresentation.swiftdoc (in target 'PicPacPresentation' from project 'PicPacKit')
    cd /Users/bavabangaru/Developer/pic-pac-poe-ios-native-parity/ios/Packages/PicPacKit
    builtin-copy -exclude .DS_Store -exclude CVS -exclude .svn -exclude .git -exclude .hg -strip-unsigned-binaries -strip-deterministic -strip-tool /Applications/Xcode.app/Contents/Developer/Toolchains/XcodeDefault.xctoolchain/usr/bin/strip -resolve-src-symlinks -rename /tmp/picpac-phase3-recovery-build-03d44f794ef9-20260925T084220Z/iphonesimulator/Build/Intermediates.noindex/PicPacKit.build/Release-iphonesimulator/PicPacPresentation.build/Objects-normal/x86_64/PicPacPresentation.swiftdoc /tmp/picpac-phase3-recovery-build-03d44f794ef9-20260925T084220Z/iphonesimulator/Build/Products/Release-iphonesimulator/PicPacPresentation.swiftmodule/x86_64-apple-ios-simulator.swiftdoc

Copy /tmp/picpac-phase3-recovery-build-03d44f794ef9-20260925T084220Z/iphonesimulator/Build/Products/Release-iphonesimulator/PicPacPresentation.swiftmodule/x86_64-apple-ios-simulator.abi.json /tmp/picpac-phase3-recovery-build-03d44f794ef9-20260925T084220Z/iphonesimulator/Build/Intermediates.noindex/PicPacKit.build/Release-iphonesimulator/PicPacPresentation.build/Objects-normal/x86_64/PicPacPresentation.abi.json (in target 'PicPacPresentation' from project 'PicPacKit')
    cd /Users/bavabangaru/Developer/pic-pac-poe-ios-native-parity/ios/Packages/PicPacKit
    builtin-copy -exclude .DS_Store -exclude CVS -exclude .svn -exclude .git -exclude .hg -strip-unsigned-binaries -strip-deterministic -strip-tool /Applications/Xcode.app/Contents/Developer/Toolchains/XcodeDefault.xctoolchain/usr/bin/strip -resolve-src-symlinks -rename /tmp/picpac-phase3-recovery-build-03d44f794ef9-20260925T084220Z/iphonesimulator/Build/Intermediates.noindex/PicPacKit.build/Release-iphonesimulator/PicPacPresentation.build/Objects-normal/x86_64/PicPacPresentation.abi.json /tmp/picpac-phase3-recovery-build-03d44f794ef9-20260925T084220Z/iphonesimulator/Build/Products/Release-iphonesimulator/PicPacPresentation.swiftmodule/x86_64-apple-ios-simulator.abi.json

Copy /tmp/picpac-phase3-recovery-build-03d44f794ef9-20260925T084220Z/iphonesimulator/Build/Products/Release-iphonesimulator/PicPacPresentation.swiftmodule/Project/x86_64-apple-ios-simulator.swiftsourceinfo /tmp/picpac-phase3-recovery-build-03d44f794ef9-20260925T084220Z/iphonesimulator/Build/Intermediates.noindex/PicPacKit.build/Release-iphonesimulator/PicPacPresentation.build/Objects-normal/x86_64/PicPacPresentation.swiftsourceinfo (in target 'PicPacPresentation' from project 'PicPacKit')
    cd /Users/bavabangaru/Developer/pic-pac-poe-ios-native-parity/ios/Packages/PicPacKit
    builtin-copy -exclude .DS_Store -exclude CVS -exclude .svn -exclude .git -exclude .hg -strip-unsigned-binaries -strip-deterministic -strip-tool /Applications/Xcode.app/Contents/Developer/Toolchains/XcodeDefault.xctoolchain/usr/bin/strip -resolve-src-symlinks -rename /tmp/picpac-phase3-recovery-build-03d44f794ef9-20260925T084220Z/iphonesimulator/Build/Intermediates.noindex/PicPacKit.build/Release-iphonesimulator/PicPacPresentation.build/Objects-normal/x86_64/PicPacPresentation.swiftsourceinfo /tmp/picpac-phase3-recovery-build-03d44f794ef9-20260925T084220Z/iphonesimulator/Build/Products/Release-iphonesimulator/PicPacPresentation.swiftmodule/Project/x86_64-apple-ios-simulator.swiftsourceinfo

SwiftDriverJobDiscovery normal arm64 Compiling GameCoordinator.swift, PresentationDependencies.swift, PresentationModels.swift, RestorationValidation.swift (in target 'PicPacPresentation' from project 'PicPacKit')

SwiftDriver\ Compilation\ Requirements PicPacPresentation normal arm64 com.apple.xcode.tools.swift.compiler (in target 'PicPacPresentation' from project 'PicPacKit')
    cd /Users/bavabangaru/Developer/pic-pac-poe-ios-native-parity/ios/PicPacPoe.xcodeproj
    builtin-Swift-Compilation-Requirements -- /Applications/Xcode.app/Contents/Developer/Toolchains/XcodeDefault.xctoolchain/usr/bin/swiftc -module-name PicPacPresentation -O -whole-module-optimization @/tmp/picpac-phase3-recovery-build-03d44f794ef9-20260925T084220Z/iphonesimulator/Build/Intermediates.noindex/PicPacKit.build/Release-iphonesimulator/PicPacPresentation.build/Objects-normal/arm64/PicPacPresentation.SwiftFileList -DSWIFT_PACKAGE -DSWIFT_MODULE_RESOURCE_BUNDLE_UNAVAILABLE -DXcode -plugin-path /Applications/Xcode.app/Contents/Developer/Toolchains/XcodeDefault.xctoolchain/usr/lib/swift/host/plugins/testing -enable-experimental-feature DebugDescriptionMacro -sdk /Applications/Xcode.app/Contents/Developer/Platforms/iPhoneSimulator.platform/Developer/SDKs/iPhoneSimulator26.5.sdk -target arm64-apple-ios17.0-simulator -g -module-cache-path /tmp/picpac-phase3-recovery-build-03d44f794ef9-20260925T084220Z/iphonesimulator/ModuleCache.noindex -Xfrontend -serialize-debugging-options -suppress-warnings -swift-version 6 -I /tmp/picpac-phase3-recovery-build-03d44f794ef9-20260925T084220Z/iphonesimulator/Build/Products/Release-iphonesimulator -Isystem /Applications/Xcode.app/Contents/Developer/Platforms/iPhoneSimulator.platform/Developer/usr/lib -F /tmp/picpac-phase3-recovery-build-03d44f794ef9-20260925T084220Z/iphonesimulator/Build/Products/Release-iphonesimulator/PackageFrameworks -F /tmp/picpac-phase3-recovery-build-03d44f794ef9-20260925T084220Z/iphonesimulator/Build/Products/Release-iphonesimulator -F /Applications/Xcode.app/Contents/Developer/Platforms/iPhoneSimulator.platform/Developer/Library/Frameworks -F /Applications/Xcode.app/Contents/Developer/Platforms/iPhoneSimulator.platform/Developer/SDKs/iPhoneSimulator26.5.sdk/Developer/Library/Frameworks -c -num-threads 12 -Xcc -ivfsstatcache -Xcc /tmp/picpac-phase3-recovery-build-03d44f794ef9-20260925T084220Z/iphonesimulator/SDKStatCaches.noindex/iphonesimulator26.5-23F81a-6cfe768891a92b912361537c460fe42b.sdkstatcache -output-file-map /tmp/picpac-phase3-recovery-build-03d44f794ef9-20260925T084220Z/iphonesimulator/Build/Intermediates.noindex/PicPacKit.build/Release-iphonesimulator/PicPacPresentation.build/Objects-normal/arm64/PicPacPresentation-OutputFileMap.json -use-frontend-parseable-output -save-temps -no-color-diagnostics -explicit-module-build -module-cache-path /tmp/picpac-phase3-recovery-build-03d44f794ef9-20260925T084220Z/iphonesimulator/Build/Intermediates.noindex/SwiftExplicitPrecompiledModules -clang-scanner-module-cache-path /tmp/picpac-phase3-recovery-build-03d44f794ef9-20260925T084220Z/iphonesimulator/ModuleCache.noindex -sdk-module-cache-path /tmp/picpac-phase3-recovery-build-03d44f794ef9-20260925T084220Z/iphonesimulator/ModuleCache.noindex -serialize-diagnostics -emit-dependencies -emit-module -emit-module-path /tmp/picpac-phase3-recovery-build-03d44f794ef9-20260925T084220Z/iphonesimulator/Build/Intermediates.noindex/PicPacKit.build/Release-iphonesimulator/PicPacPresentation.build/Objects-normal/arm64/PicPacPresentation.swiftmodule -validate-clang-modules-once -clang-build-session-file /tmp/picpac-phase3-recovery-build-03d44f794ef9-20260925T084220Z/iphonesimulator/ModuleCache.noindex/Session.modulevalidation -package-name picpackit -Xcc -I/tmp/picpac-phase3-recovery-build-03d44f794ef9-20260925T084220Z/iphonesimulator/Build/Intermediates.noindex/PicPacKit.build/Release-iphonesimulator/PicPacPresentation.build/swift-overrides.hmap -emit-const-values -Xfrontend -const-gather-protocols-file -Xfrontend /tmp/picpac-phase3-recovery-build-03d44f794ef9-20260925T084220Z/iphonesimulator/Build/Intermediates.noindex/PicPacKit.build/Release-iphonesimulator/PicPacPresentation.build/Objects-normal/arm64/PicPacPresentation_const_extract_protocols.json -Xcc -I/tmp/picpac-phase3-recovery-build-03d44f794ef9-20260925T084220Z/iphonesimulator/Build/Products/Release-iphonesimulator/include -Xcc -I/tmp/picpac-phase3-recovery-build-03d44f794ef9-20260925T084220Z/iphonesimulator/Build/Intermediates.noindex/PicPacKit.build/Release-iphonesimulator/PicPacPresentation.build/DerivedSources-normal/arm64 -Xcc -I/tmp/picpac-phase3-recovery-build-03d44f794ef9-20260925T084220Z/iphonesimulator/Build/Intermediates.noindex/PicPacKit.build/Release-iphonesimulator/PicPacPresentation.build/DerivedSources/arm64 -Xcc -I/tmp/picpac-phase3-recovery-build-03d44f794ef9-20260925T084220Z/iphonesimulator/Build/Intermediates.noindex/PicPacKit.build/Release-iphonesimulator/PicPacPresentation.build/DerivedSources -Xcc -DSWIFT_PACKAGE -emit-objc-header -emit-objc-header-path /tmp/picpac-phase3-recovery-build-03d44f794ef9-20260925T084220Z/iphonesimulator/Build/Intermediates.noindex/PicPacKit.build/Release-iphonesimulator/PicPacPresentation.build/Objects-normal/arm64/PicPacPresentation-Swift.h -working-directory /Users/bavabangaru/Developer/pic-pac-poe-ios-native-parity/ios/PicPacPoe.xcodeproj -no-emit-module-separately-wmo

SwiftMergeGeneratedHeaders /tmp/picpac-phase3-recovery-build-03d44f794ef9-20260925T084220Z/iphonesimulator/Build/Intermediates.noindex/GeneratedModuleMaps-iphonesimulator/PicPacPresentation-Swift.h /tmp/picpac-phase3-recovery-build-03d44f794ef9-20260925T084220Z/iphonesimulator/Build/Intermediates.noindex/PicPacKit.build/Release-iphonesimulator/PicPacPresentation.build/Objects-normal/arm64/PicPacPresentation-Swift.h /tmp/picpac-phase3-recovery-build-03d44f794ef9-20260925T084220Z/iphonesimulator/Build/Intermediates.noindex/PicPacKit.build/Release-iphonesimulator/PicPacPresentation.build/Objects-normal/x86_64/PicPacPresentation-Swift.h (in target 'PicPacPresentation' from project 'PicPacKit')
    cd /Users/bavabangaru/Developer/pic-pac-poe-ios-native-parity/ios/Packages/PicPacKit
    builtin-swiftHeaderTool -arch arm64 /tmp/picpac-phase3-recovery-build-03d44f794ef9-20260925T084220Z/iphonesimulator/Build/Intermediates.noindex/PicPacKit.build/Release-iphonesimulator/PicPacPresentation.build/Objects-normal/arm64/PicPacPresentation-Swift.h -arch x86_64 /tmp/picpac-phase3-recovery-build-03d44f794ef9-20260925T084220Z/iphonesimulator/Build/Intermediates.noindex/PicPacKit.build/Release-iphonesimulator/PicPacPresentation.build/Objects-normal/x86_64/PicPacPresentation-Swift.h -o /tmp/picpac-phase3-recovery-build-03d44f794ef9-20260925T084220Z/iphonesimulator/Build/Intermediates.noindex/GeneratedModuleMaps-iphonesimulator/PicPacPresentation-Swift.h

Copy /tmp/picpac-phase3-recovery-build-03d44f794ef9-20260925T084220Z/iphonesimulator/Build/Products/Release-iphonesimulator/PicPacPresentation.swiftmodule/arm64-apple-ios-simulator.swiftdoc /tmp/picpac-phase3-recovery-build-03d44f794ef9-20260925T084220Z/iphonesimulator/Build/Intermediates.noindex/PicPacKit.build/Release-iphonesimulator/PicPacPresentation.build/Objects-normal/arm64/PicPacPresentation.swiftdoc (in target 'PicPacPresentation' from project 'PicPacKit')
    cd /Users/bavabangaru/Developer/pic-pac-poe-ios-native-parity/ios/Packages/PicPacKit
    builtin-copy -exclude .DS_Store -exclude CVS -exclude .svn -exclude .git -exclude .hg -strip-unsigned-binaries -strip-deterministic -strip-tool /Applications/Xcode.app/Contents/Developer/Toolchains/XcodeDefault.xctoolchain/usr/bin/strip -resolve-src-symlinks -rename /tmp/picpac-phase3-recovery-build-03d44f794ef9-20260925T084220Z/iphonesimulator/Build/Intermediates.noindex/PicPacKit.build/Release-iphonesimulator/PicPacPresentation.build/Objects-normal/arm64/PicPacPresentation.swiftdoc /tmp/picpac-phase3-recovery-build-03d44f794ef9-20260925T084220Z/iphonesimulator/Build/Products/Release-iphonesimulator/PicPacPresentation.swiftmodule/arm64-apple-ios-simulator.swiftdoc

Copy /tmp/picpac-phase3-recovery-build-03d44f794ef9-20260925T084220Z/iphonesimulator/Build/Products/Release-iphonesimulator/PicPacPresentation.swiftmodule/arm64-apple-ios-simulator.abi.json /tmp/picpac-phase3-recovery-build-03d44f794ef9-20260925T084220Z/iphonesimulator/Build/Intermediates.noindex/PicPacKit.build/Release-iphonesimulator/PicPacPresentation.build/Objects-normal/arm64/PicPacPresentation.abi.json (in target 'PicPacPresentation' from project 'PicPacKit')
    cd /Users/bavabangaru/Developer/pic-pac-poe-ios-native-parity/ios/Packages/PicPacKit
    builtin-copy -exclude .DS_Store -exclude CVS -exclude .svn -exclude .git -exclude .hg -strip-unsigned-binaries -strip-deterministic -strip-tool /Applications/Xcode.app/Contents/Developer/Toolchains/XcodeDefault.xctoolchain/usr/bin/strip -resolve-src-symlinks -rename /tmp/picpac-phase3-recovery-build-03d44f794ef9-20260925T084220Z/iphonesimulator/Build/Intermediates.noindex/PicPacKit.build/Release-iphonesimulator/PicPacPresentation.build/Objects-normal/arm64/PicPacPresentation.abi.json /tmp/picpac-phase3-recovery-build-03d44f794ef9-20260925T084220Z/iphonesimulator/Build/Products/Release-iphonesimulator/PicPacPresentation.swiftmodule/arm64-apple-ios-simulator.abi.json

Copy /tmp/picpac-phase3-recovery-build-03d44f794ef9-20260925T084220Z/iphonesimulator/Build/Products/Release-iphonesimulator/PicPacPresentation.swiftmodule/arm64-apple-ios-simulator.swiftmodule /tmp/picpac-phase3-recovery-build-03d44f794ef9-20260925T084220Z/iphonesimulator/Build/Intermediates.noindex/PicPacKit.build/Release-iphonesimulator/PicPacPresentation.build/Objects-normal/arm64/PicPacPresentation.swiftmodule (in target 'PicPacPresentation' from project 'PicPacKit')
    cd /Users/bavabangaru/Developer/pic-pac-poe-ios-native-parity/ios/Packages/PicPacKit
    builtin-copy -exclude .DS_Store -exclude CVS -exclude .svn -exclude .git -exclude .hg -strip-unsigned-binaries -strip-deterministic -strip-tool /Applications/Xcode.app/Contents/Developer/Toolchains/XcodeDefault.xctoolchain/usr/bin/strip -resolve-src-symlinks -rename /tmp/picpac-phase3-recovery-build-03d44f794ef9-20260925T084220Z/iphonesimulator/Build/Intermediates.noindex/PicPacKit.build/Release-iphonesimulator/PicPacPresentation.build/Objects-normal/arm64/PicPacPresentation.swiftmodule /tmp/picpac-phase3-recovery-build-03d44f794ef9-20260925T084220Z/iphonesimulator/Build/Products/Release-iphonesimulator/PicPacPresentation.swiftmodule/arm64-apple-ios-simulator.swiftmodule

Copy /tmp/picpac-phase3-recovery-build-03d44f794ef9-20260925T084220Z/iphonesimulator/Build/Products/Release-iphonesimulator/PicPacPresentation.swiftmodule/Project/arm64-apple-ios-simulator.swiftsourceinfo /tmp/picpac-phase3-recovery-build-03d44f794ef9-20260925T084220Z/iphonesimulator/Build/Intermediates.noindex/PicPacKit.build/Release-iphonesimulator/PicPacPresentation.build/Objects-normal/arm64/PicPacPresentation.swiftsourceinfo (in target 'PicPacPresentation' from project 'PicPacKit')
    cd /Users/bavabangaru/Developer/pic-pac-poe-ios-native-parity/ios/Packages/PicPacKit
    builtin-copy -exclude .DS_Store -exclude CVS -exclude .svn -exclude .git -exclude .hg -strip-unsigned-binaries -strip-deterministic -strip-tool /Applications/Xcode.app/Contents/Developer/Toolchains/XcodeDefault.xctoolchain/usr/bin/strip -resolve-src-symlinks -rename /tmp/picpac-phase3-recovery-build-03d44f794ef9-20260925T084220Z/iphonesimulator/Build/Intermediates.noindex/PicPacKit.build/Release-iphonesimulator/PicPacPresentation.build/Objects-normal/arm64/PicPacPresentation.swiftsourceinfo /tmp/picpac-phase3-recovery-build-03d44f794ef9-20260925T084220Z/iphonesimulator/Build/Products/Release-iphonesimulator/PicPacPresentation.swiftmodule/Project/arm64-apple-ios-simulator.swiftsourceinfo

Ld /tmp/picpac-phase3-recovery-build-03d44f794ef9-20260925T084220Z/iphonesimulator/Build/Intermediates.noindex/PicPacKit.build/Release-iphonesimulator/PicPacPresentation.build/Objects-normal/x86_64/Binary/PicPacPresentation.o normal x86_64 (in target 'PicPacPresentation' from project 'PicPacKit')
    cd /Users/bavabangaru/Developer/pic-pac-poe-ios-native-parity/ios/Packages/PicPacKit
    /Applications/Xcode.app/Contents/Developer/Toolchains/XcodeDefault.xctoolchain/usr/bin/clang -Xlinker -reproducible -target x86_64-apple-ios17.0-simulator -r -isysroot /Applications/Xcode.app/Contents/Developer/Platforms/iPhoneSimulator.platform/Developer/SDKs/iPhoneSimulator26.5.sdk -Os -w -F/tmp/picpac-phase3-recovery-build-03d44f794ef9-20260925T084220Z/iphonesimulator/Build/Intermediates.noindex/EagerLinkingTBDs/Release-iphonesimulator -F/tmp/picpac-phase3-recovery-build-03d44f794ef9-20260925T084220Z/iphonesimulator/Build/Products/Release-iphonesimulator/PackageFrameworks -F/tmp/picpac-phase3-recovery-build-03d44f794ef9-20260925T084220Z/iphonesimulator/Build/Products/Release-iphonesimulator -iframework /Applications/Xcode.app/Contents/Developer/Platforms/iPhoneSimulator.platform/Developer/Library/Frameworks -iframework /Applications/Xcode.app/Contents/Developer/Platforms/iPhoneSimulator.platform/Developer/SDKs/iPhoneSimulator26.5.sdk/Developer/Library/Frameworks -filelist /tmp/picpac-phase3-recovery-build-03d44f794ef9-20260925T084220Z/iphonesimulator/Build/Intermediates.noindex/PicPacKit.build/Release-iphonesimulator/PicPacPresentation.build/Objects-normal/x86_64/PicPacPresentation.LinkFileList -nostdlib -Xlinker -object_path_lto -Xlinker /tmp/picpac-phase3-recovery-build-03d44f794ef9-20260925T084220Z/iphonesimulator/Build/Intermediates.noindex/PicPacKit.build/Release-iphonesimulator/PicPacPresentation.build/Objects-normal/x86_64/PicPacPresentation_lto.o -Xlinker -objc_abi_version -Xlinker 2 -Xlinker -dependency_info -Xlinker /tmp/picpac-phase3-recovery-build-03d44f794ef9-20260925T084220Z/iphonesimulator/Build/Intermediates.noindex/PicPacKit.build/Release-iphonesimulator/PicPacPresentation.build/Objects-normal/x86_64/PicPacPresentation_dependency_info.dat -fobjc-link-runtime -L/Applications/Xcode.app/Contents/Developer/Toolchains/XcodeDefault.xctoolchain/usr/lib/swift/iphonesimulator -L/usr/lib/swift -Xlinker -add_ast_path -Xlinker /tmp/picpac-phase3-recovery-build-03d44f794ef9-20260925T084220Z/iphonesimulator/Build/Intermediates.noindex/PicPacKit.build/Release-iphonesimulator/PicPacPresentation.build/Objects-normal/x86_64/PicPacPresentation.swiftmodule @/tmp/picpac-phase3-recovery-build-03d44f794ef9-20260925T084220Z/iphonesimulator/Build/Intermediates.noindex/PicPacKit.build/Release-iphonesimulator/PicPacPresentation.build/Objects-normal/x86_64/PicPacPresentation-linker-args.resp -o /tmp/picpac-phase3-recovery-build-03d44f794ef9-20260925T084220Z/iphonesimulator/Build/Intermediates.noindex/PicPacKit.build/Release-iphonesimulator/PicPacPresentation.build/Objects-normal/x86_64/Binary/PicPacPresentation.o

Ld /tmp/picpac-phase3-recovery-build-03d44f794ef9-20260925T084220Z/iphonesimulator/Build/Intermediates.noindex/PicPacKit.build/Release-iphonesimulator/PicPacPresentation.build/Objects-normal/arm64/Binary/PicPacPresentation.o normal arm64 (in target 'PicPacPresentation' from project 'PicPacKit')
    cd /Users/bavabangaru/Developer/pic-pac-poe-ios-native-parity/ios/Packages/PicPacKit
    /Applications/Xcode.app/Contents/Developer/Toolchains/XcodeDefault.xctoolchain/usr/bin/clang -Xlinker -reproducible -target arm64-apple-ios17.0-simulator -r -isysroot /Applications/Xcode.app/Contents/Developer/Platforms/iPhoneSimulator.platform/Developer/SDKs/iPhoneSimulator26.5.sdk -Os -w -F/tmp/picpac-phase3-recovery-build-03d44f794ef9-20260925T084220Z/iphonesimulator/Build/Intermediates.noindex/EagerLinkingTBDs/Release-iphonesimulator -F/tmp/picpac-phase3-recovery-build-03d44f794ef9-20260925T084220Z/iphonesimulator/Build/Products/Release-iphonesimulator/PackageFrameworks -F/tmp/picpac-phase3-recovery-build-03d44f794ef9-20260925T084220Z/iphonesimulator/Build/Products/Release-iphonesimulator -iframework /Applications/Xcode.app/Contents/Developer/Platforms/iPhoneSimulator.platform/Developer/Library/Frameworks -iframework /Applications/Xcode.app/Contents/Developer/Platforms/iPhoneSimulator.platform/Developer/SDKs/iPhoneSimulator26.5.sdk/Developer/Library/Frameworks -filelist /tmp/picpac-phase3-recovery-build-03d44f794ef9-20260925T084220Z/iphonesimulator/Build/Intermediates.noindex/PicPacKit.build/Release-iphonesimulator/PicPacPresentation.build/Objects-normal/arm64/PicPacPresentation.LinkFileList -nostdlib -Xlinker -object_path_lto -Xlinker /tmp/picpac-phase3-recovery-build-03d44f794ef9-20260925T084220Z/iphonesimulator/Build/Intermediates.noindex/PicPacKit.build/Release-iphonesimulator/PicPacPresentation.build/Objects-normal/arm64/PicPacPresentation_lto.o -Xlinker -objc_abi_version -Xlinker 2 -Xlinker -dependency_info -Xlinker /tmp/picpac-phase3-recovery-build-03d44f794ef9-20260925T084220Z/iphonesimulator/Build/Intermediates.noindex/PicPacKit.build/Release-iphonesimulator/PicPacPresentation.build/Objects-normal/arm64/PicPacPresentation_dependency_info.dat -fobjc-link-runtime -L/Applications/Xcode.app/Contents/Developer/Toolchains/XcodeDefault.xctoolchain/usr/lib/swift/iphonesimulator -L/usr/lib/swift -Xlinker -add_ast_path -Xlinker /tmp/picpac-phase3-recovery-build-03d44f794ef9-20260925T084220Z/iphonesimulator/Build/Intermediates.noindex/PicPacKit.build/Release-iphonesimulator/PicPacPresentation.build/Objects-normal/arm64/PicPacPresentation.swiftmodule @/tmp/picpac-phase3-recovery-build-03d44f794ef9-20260925T084220Z/iphonesimulator/Build/Intermediates.noindex/PicPacKit.build/Release-iphonesimulator/PicPacPresentation.build/Objects-normal/arm64/PicPacPresentation-linker-args.resp -o /tmp/picpac-phase3-recovery-build-03d44f794ef9-20260925T084220Z/iphonesimulator/Build/Intermediates.noindex/PicPacKit.build/Release-iphonesimulator/PicPacPresentation.build/Objects-normal/arm64/Binary/PicPacPresentation.o

CreateUniversalBinary /tmp/picpac-phase3-recovery-build-03d44f794ef9-20260925T084220Z/iphonesimulator/Build/Products/Release-iphonesimulator/PicPacPresentation.o normal arm64\ x86_64 (in target 'PicPacPresentation' from project 'PicPacKit')
    cd /Users/bavabangaru/Developer/pic-pac-poe-ios-native-parity/ios/Packages/PicPacKit
    /Applications/Xcode.app/Contents/Developer/Toolchains/XcodeDefault.xctoolchain/usr/bin/lipo -create /tmp/picpac-phase3-recovery-build-03d44f794ef9-20260925T084220Z/iphonesimulator/Build/Intermediates.noindex/PicPacKit.build/Release-iphonesimulator/PicPacPresentation.build/Objects-normal/arm64/Binary/PicPacPresentation.o /tmp/picpac-phase3-recovery-build-03d44f794ef9-20260925T084220Z/iphonesimulator/Build/Intermediates.noindex/PicPacKit.build/Release-iphonesimulator/PicPacPresentation.build/Objects-normal/x86_64/Binary/PicPacPresentation.o -output /tmp/picpac-phase3-recovery-build-03d44f794ef9-20260925T084220Z/iphonesimulator/Build/Products/Release-iphonesimulator/PicPacPresentation.o

ExtractAppIntentsMetadata (in target 'PicPacPresentation' from project 'PicPacKit')
    cd /Users/bavabangaru/Developer/pic-pac-poe-ios-native-parity/ios/Packages/PicPacKit
    /Applications/Xcode.app/Contents/Developer/Toolchains/XcodeDefault.xctoolchain/usr/bin/appintentsmetadataprocessor --toolchain-dir /Applications/Xcode.app/Contents/Developer/Toolchains/XcodeDefault.xctoolchain --module-name PicPacPresentation --sdk-root /Applications/Xcode.app/Contents/Developer/Platforms/iPhoneSimulator.platform/Developer/SDKs/iPhoneSimulator26.5.sdk --xcode-version 17F113 --platform-family iOS --deployment-target 17.0 --bundle-identifier picpackit.PicPacPresentation --output /tmp/picpac-phase3-recovery-build-03d44f794ef9-20260925T084220Z/iphonesimulator/Build/Products/Release-iphonesimulator/PicPacPresentation.appintents --target-triple arm64-apple-ios17.0-simulator --target-triple x86_64-apple-ios17.0-simulator --binary-file /tmp/picpac-phase3-recovery-build-03d44f794ef9-20260925T084220Z/iphonesimulator/Build/Products/Release-iphonesimulator/PicPacPresentation.o --dependency-file /tmp/picpac-phase3-recovery-build-03d44f794ef9-20260925T084220Z/iphonesimulator/Build/Intermediates.noindex/PicPacKit.build/Release-iphonesimulator/PicPacPresentation.build/Objects-normal/arm64/PicPacPresentation_dependency_info.dat --dependency-file /tmp/picpac-phase3-recovery-build-03d44f794ef9-20260925T084220Z/iphonesimulator/Build/Intermediates.noindex/PicPacKit.build/Release-iphonesimulator/PicPacPresentation.build/Objects-normal/x86_64/PicPacPresentation_dependency_info.dat --stringsdata-file /tmp/picpac-phase3-recovery-build-03d44f794ef9-20260925T084220Z/iphonesimulator/Build/Intermediates.noindex/PicPacKit.build/Release-iphonesimulator/PicPacPresentation.build/Objects-normal/arm64/ExtractedAppShortcutsMetadata.stringsdata --stringsdata-file /tmp/picpac-phase3-recovery-build-03d44f794ef9-20260925T084220Z/iphonesimulator/Build/Intermediates.noindex/PicPacKit.build/Release-iphonesimulator/PicPacPresentation.build/Objects-normal/x86_64/ExtractedAppShortcutsMetadata.stringsdata --source-file-list /tmp/picpac-phase3-recovery-build-03d44f794ef9-20260925T084220Z/iphonesimulator/Build/Intermediates.noindex/PicPacKit.build/Release-iphonesimulator/PicPacPresentation.build/Objects-normal/arm64/PicPacPresentation.SwiftFileList --source-file-list /tmp/picpac-phase3-recovery-build-03d44f794ef9-20260925T084220Z/iphonesimulator/Build/Intermediates.noindex/PicPacKit.build/Release-iphonesimulator/PicPacPresentation.build/Objects-normal/x86_64/PicPacPresentation.SwiftFileList --metadata-file-list /tmp/picpac-phase3-recovery-build-03d44f794ef9-20260925T084220Z/iphonesimulator/Build/Intermediates.noindex/PicPacKit.build/Release-iphonesimulator/PicPacPresentation.build/PicPacPresentation.DependencyMetadataFileList --static-metadata-file-list /tmp/picpac-phase3-recovery-build-03d44f794ef9-20260925T084220Z/iphonesimulator/Build/Intermediates.noindex/PicPacKit.build/Release-iphonesimulator/PicPacPresentation.build/PicPacPresentation.DependencyStaticMetadataFileList --swift-const-vals-list /tmp/picpac-phase3-recovery-build-03d44f794ef9-20260925T084220Z/iphonesimulator/Build/Intermediates.noindex/PicPacKit.build/Release-iphonesimulator/PicPacPresentation.build/Objects-normal/arm64/PicPacPresentation.SwiftConstValuesFileList --swift-const-vals-list /tmp/picpac-phase3-recovery-build-03d44f794ef9-20260925T084220Z/iphonesimulator/Build/Intermediates.noindex/PicPacKit.build/Release-iphonesimulator/PicPacPresentation.build/Objects-normal/x86_64/PicPacPresentation.SwiftConstValuesFileList --force --compile-time-extraction --deployment-aware-processing --validate-assistant-intents --no-app-shortcuts-localization
2026-09-25 04:42:44.582 appintentsmetadataprocessor[83312:115716925] Starting appintentsmetadataprocessor export
2026-09-25 04:42:44.588 appintentsmetadataprocessor[83312:115716925] Extracted no relevant App Intents symbols, skipping writing output

RegisterExecutionPolicyException /tmp/picpac-phase3-recovery-build-03d44f794ef9-20260925T084220Z/iphonesimulator/Build/Products/Release-iphonesimulator/PicPacPresentation.o (in target 'PicPacPresentation' from project 'PicPacKit')
    cd /Users/bavabangaru/Developer/pic-pac-poe-ios-native-parity/ios/Packages/PicPacKit
    builtin-RegisterExecutionPolicyException /tmp/picpac-phase3-recovery-build-03d44f794ef9-20260925T084220Z/iphonesimulator/Build/Products/Release-iphonesimulator/PicPacPresentation.o

SwiftDriverJobDiscovery normal arm64 Compiling resource_bundle_accessor.swift, AIContracts.swift, ExpectiminimaxAgent.swift, FastAgents.swift, PositionEvaluator.swift, ProductionAIEngine.swift, RandomSources.swift, ReferenceExpectiminimax.swift, SearchModel.swift, StochasticMCTSAgent.swift, TabularPolicy.swift (in target 'PicPacAI' from project 'PicPacKit')

SwiftDriver\ Compilation\ Requirements PicPacAI normal arm64 com.apple.xcode.tools.swift.compiler (in target 'PicPacAI' from project 'PicPacKit')
    cd /Users/bavabangaru/Developer/pic-pac-poe-ios-native-parity/ios/PicPacPoe.xcodeproj
    builtin-Swift-Compilation-Requirements -- /Applications/Xcode.app/Contents/Developer/Toolchains/XcodeDefault.xctoolchain/usr/bin/swiftc -module-name PicPacAI -O -whole-module-optimization @/tmp/picpac-phase3-recovery-build-03d44f794ef9-20260925T084220Z/iphonesimulator/Build/Intermediates.noindex/PicPacKit.build/Release-iphonesimulator/PicPacAI.build/Objects-normal/arm64/PicPacAI.SwiftFileList -DSWIFT_PACKAGE -DSWIFT_MODULE_RESOURCE_BUNDLE_AVAILABLE -DXcode -plugin-path /Applications/Xcode.app/Contents/Developer/Toolchains/XcodeDefault.xctoolchain/usr/lib/swift/host/plugins/testing -enable-experimental-feature DebugDescriptionMacro -sdk /Applications/Xcode.app/Contents/Developer/Platforms/iPhoneSimulator.platform/Developer/SDKs/iPhoneSimulator26.5.sdk -target arm64-apple-ios17.0-simulator -g -module-cache-path /tmp/picpac-phase3-recovery-build-03d44f794ef9-20260925T084220Z/iphonesimulator/ModuleCache.noindex -Xfrontend -serialize-debugging-options -suppress-warnings -swift-version 6 -I /tmp/picpac-phase3-recovery-build-03d44f794ef9-20260925T084220Z/iphonesimulator/Build/Products/Release-iphonesimulator -Isystem /Applications/Xcode.app/Contents/Developer/Platforms/iPhoneSimulator.platform/Developer/usr/lib -F /tmp/picpac-phase3-recovery-build-03d44f794ef9-20260925T084220Z/iphonesimulator/Build/Products/Release-iphonesimulator/PackageFrameworks -F /tmp/picpac-phase3-recovery-build-03d44f794ef9-20260925T084220Z/iphonesimulator/Build/Products/Release-iphonesimulator -F /Applications/Xcode.app/Contents/Developer/Platforms/iPhoneSimulator.platform/Developer/Library/Frameworks -F /Applications/Xcode.app/Contents/Developer/Platforms/iPhoneSimulator.platform/Developer/SDKs/iPhoneSimulator26.5.sdk/Developer/Library/Frameworks -c -num-threads 12 -Xcc -ivfsstatcache -Xcc /tmp/picpac-phase3-recovery-build-03d44f794ef9-20260925T084220Z/iphonesimulator/SDKStatCaches.noindex/iphonesimulator26.5-23F81a-6cfe768891a92b912361537c460fe42b.sdkstatcache -output-file-map /tmp/picpac-phase3-recovery-build-03d44f794ef9-20260925T084220Z/iphonesimulator/Build/Intermediates.noindex/PicPacKit.build/Release-iphonesimulator/PicPacAI.build/Objects-normal/arm64/PicPacAI-OutputFileMap.json -use-frontend-parseable-output -save-temps -no-color-diagnostics -explicit-module-build -module-cache-path /tmp/picpac-phase3-recovery-build-03d44f794ef9-20260925T084220Z/iphonesimulator/Build/Intermediates.noindex/SwiftExplicitPrecompiledModules -clang-scanner-module-cache-path /tmp/picpac-phase3-recovery-build-03d44f794ef9-20260925T084220Z/iphonesimulator/ModuleCache.noindex -sdk-module-cache-path /tmp/picpac-phase3-recovery-build-03d44f794ef9-20260925T084220Z/iphonesimulator/ModuleCache.noindex -serialize-diagnostics -emit-dependencies -emit-module -emit-module-path /tmp/picpac-phase3-recovery-build-03d44f794ef9-20260925T084220Z/iphonesimulator/Build/Intermediates.noindex/PicPacKit.build/Release-iphonesimulator/PicPacAI.build/Objects-normal/arm64/PicPacAI.swiftmodule -validate-clang-modules-once -clang-build-session-file /tmp/picpac-phase3-recovery-build-03d44f794ef9-20260925T084220Z/iphonesimulator/ModuleCache.noindex/Session.modulevalidation -package-name picpackit -Xcc -I/tmp/picpac-phase3-recovery-build-03d44f794ef9-20260925T084220Z/iphonesimulator/Build/Intermediates.noindex/PicPacKit.build/Release-iphonesimulator/PicPacAI.build/swift-overrides.hmap -emit-const-values -Xfrontend -const-gather-protocols-file -Xfrontend /tmp/picpac-phase3-recovery-build-03d44f794ef9-20260925T084220Z/iphonesimulator/Build/Intermediates.noindex/PicPacKit.build/Release-iphonesimulator/PicPacAI.build/Objects-normal/arm64/PicPacAI_const_extract_protocols.json -Xcc -I/tmp/picpac-phase3-recovery-build-03d44f794ef9-20260925T084220Z/iphonesimulator/Build/Products/Release-iphonesimulator/include -Xcc -I/tmp/picpac-phase3-recovery-build-03d44f794ef9-20260925T084220Z/iphonesimulator/Build/Intermediates.noindex/PicPacKit.build/Release-iphonesimulator/PicPacAI.build/DerivedSources-normal/arm64 -Xcc -I/tmp/picpac-phase3-recovery-build-03d44f794ef9-20260925T084220Z/iphonesimulator/Build/Intermediates.noindex/PicPacKit.build/Release-iphonesimulator/PicPacAI.build/DerivedSources/arm64 -Xcc -I/tmp/picpac-phase3-recovery-build-03d44f794ef9-20260925T084220Z/iphonesimulator/Build/Intermediates.noindex/PicPacKit.build/Release-iphonesimulator/PicPacAI.build/DerivedSources -Xcc -DSWIFT_PACKAGE -emit-objc-header -emit-objc-header-path /tmp/picpac-phase3-recovery-build-03d44f794ef9-20260925T084220Z/iphonesimulator/Build/Intermediates.noindex/PicPacKit.build/Release-iphonesimulator/PicPacAI.build/Objects-normal/arm64/PicPacAI-Swift.h -working-directory /Users/bavabangaru/Developer/pic-pac-poe-ios-native-parity/ios/PicPacPoe.xcodeproj -no-emit-module-separately-wmo

Copy /tmp/picpac-phase3-recovery-build-03d44f794ef9-20260925T084220Z/iphonesimulator/Build/Products/Release-iphonesimulator/PicPacAI.swiftmodule/arm64-apple-ios-simulator.abi.json /tmp/picpac-phase3-recovery-build-03d44f794ef9-20260925T084220Z/iphonesimulator/Build/Intermediates.noindex/PicPacKit.build/Release-iphonesimulator/PicPacAI.build/Objects-normal/arm64/PicPacAI.abi.json (in target 'PicPacAI' from project 'PicPacKit')
    cd /Users/bavabangaru/Developer/pic-pac-poe-ios-native-parity/ios/Packages/PicPacKit
    builtin-copy -exclude .DS_Store -exclude CVS -exclude .svn -exclude .git -exclude .hg -strip-unsigned-binaries -strip-deterministic -strip-tool /Applications/Xcode.app/Contents/Developer/Toolchains/XcodeDefault.xctoolchain/usr/bin/strip -resolve-src-symlinks -rename /tmp/picpac-phase3-recovery-build-03d44f794ef9-20260925T084220Z/iphonesimulator/Build/Intermediates.noindex/PicPacKit.build/Release-iphonesimulator/PicPacAI.build/Objects-normal/arm64/PicPacAI.abi.json /tmp/picpac-phase3-recovery-build-03d44f794ef9-20260925T084220Z/iphonesimulator/Build/Products/Release-iphonesimulator/PicPacAI.swiftmodule/arm64-apple-ios-simulator.abi.json

Copy /tmp/picpac-phase3-recovery-build-03d44f794ef9-20260925T084220Z/iphonesimulator/Build/Products/Release-iphonesimulator/PicPacAI.swiftmodule/arm64-apple-ios-simulator.swiftmodule /tmp/picpac-phase3-recovery-build-03d44f794ef9-20260925T084220Z/iphonesimulator/Build/Intermediates.noindex/PicPacKit.build/Release-iphonesimulator/PicPacAI.build/Objects-normal/arm64/PicPacAI.swiftmodule (in target 'PicPacAI' from project 'PicPacKit')
    cd /Users/bavabangaru/Developer/pic-pac-poe-ios-native-parity/ios/Packages/PicPacKit
    builtin-copy -exclude .DS_Store -exclude CVS -exclude .svn -exclude .git -exclude .hg -strip-unsigned-binaries -strip-deterministic -strip-tool /Applications/Xcode.app/Contents/Developer/Toolchains/XcodeDefault.xctoolchain/usr/bin/strip -resolve-src-symlinks -rename /tmp/picpac-phase3-recovery-build-03d44f794ef9-20260925T084220Z/iphonesimulator/Build/Intermediates.noindex/PicPacKit.build/Release-iphonesimulator/PicPacAI.build/Objects-normal/arm64/PicPacAI.swiftmodule /tmp/picpac-phase3-recovery-build-03d44f794ef9-20260925T084220Z/iphonesimulator/Build/Products/Release-iphonesimulator/PicPacAI.swiftmodule/arm64-apple-ios-simulator.swiftmodule

Copy /tmp/picpac-phase3-recovery-build-03d44f794ef9-20260925T084220Z/iphonesimulator/Build/Products/Release-iphonesimulator/PicPacAI.swiftmodule/arm64-apple-ios-simulator.swiftdoc /tmp/picpac-phase3-recovery-build-03d44f794ef9-20260925T084220Z/iphonesimulator/Build/Intermediates.noindex/PicPacKit.build/Release-iphonesimulator/PicPacAI.build/Objects-normal/arm64/PicPacAI.swiftdoc (in target 'PicPacAI' from project 'PicPacKit')
    cd /Users/bavabangaru/Developer/pic-pac-poe-ios-native-parity/ios/Packages/PicPacKit
    builtin-copy -exclude .DS_Store -exclude CVS -exclude .svn -exclude .git -exclude .hg -strip-unsigned-binaries -strip-deterministic -strip-tool /Applications/Xcode.app/Contents/Developer/Toolchains/XcodeDefault.xctoolchain/usr/bin/strip -resolve-src-symlinks -rename /tmp/picpac-phase3-recovery-build-03d44f794ef9-20260925T084220Z/iphonesimulator/Build/Intermediates.noindex/PicPacKit.build/Release-iphonesimulator/PicPacAI.build/Objects-normal/arm64/PicPacAI.swiftdoc /tmp/picpac-phase3-recovery-build-03d44f794ef9-20260925T084220Z/iphonesimulator/Build/Products/Release-iphonesimulator/PicPacAI.swiftmodule/arm64-apple-ios-simulator.swiftdoc

Copy /tmp/picpac-phase3-recovery-build-03d44f794ef9-20260925T084220Z/iphonesimulator/Build/Products/Release-iphonesimulator/PicPacAI.swiftmodule/Project/arm64-apple-ios-simulator.swiftsourceinfo /tmp/picpac-phase3-recovery-build-03d44f794ef9-20260925T084220Z/iphonesimulator/Build/Intermediates.noindex/PicPacKit.build/Release-iphonesimulator/PicPacAI.build/Objects-normal/arm64/PicPacAI.swiftsourceinfo (in target 'PicPacAI' from project 'PicPacKit')
    cd /Users/bavabangaru/Developer/pic-pac-poe-ios-native-parity/ios/Packages/PicPacKit
    builtin-copy -exclude .DS_Store -exclude CVS -exclude .svn -exclude .git -exclude .hg -strip-unsigned-binaries -strip-deterministic -strip-tool /Applications/Xcode.app/Contents/Developer/Toolchains/XcodeDefault.xctoolchain/usr/bin/strip -resolve-src-symlinks -rename /tmp/picpac-phase3-recovery-build-03d44f794ef9-20260925T084220Z/iphonesimulator/Build/Intermediates.noindex/PicPacKit.build/Release-iphonesimulator/PicPacAI.build/Objects-normal/arm64/PicPacAI.swiftsourceinfo /tmp/picpac-phase3-recovery-build-03d44f794ef9-20260925T084220Z/iphonesimulator/Build/Products/Release-iphonesimulator/PicPacAI.swiftmodule/Project/arm64-apple-ios-simulator.swiftsourceinfo

SwiftDriverJobDiscovery normal x86_64 Compiling resource_bundle_accessor.swift, AIContracts.swift, ExpectiminimaxAgent.swift, FastAgents.swift, PositionEvaluator.swift, ProductionAIEngine.swift, RandomSources.swift, ReferenceExpectiminimax.swift, SearchModel.swift, StochasticMCTSAgent.swift, TabularPolicy.swift (in target 'PicPacAI' from project 'PicPacKit')

SwiftDriver\ Compilation\ Requirements PicPacAI normal x86_64 com.apple.xcode.tools.swift.compiler (in target 'PicPacAI' from project 'PicPacKit')
    cd /Users/bavabangaru/Developer/pic-pac-poe-ios-native-parity/ios/PicPacPoe.xcodeproj
    builtin-Swift-Compilation-Requirements -- /Applications/Xcode.app/Contents/Developer/Toolchains/XcodeDefault.xctoolchain/usr/bin/swiftc -module-name PicPacAI -O -whole-module-optimization @/tmp/picpac-phase3-recovery-build-03d44f794ef9-20260925T084220Z/iphonesimulator/Build/Intermediates.noindex/PicPacKit.build/Release-iphonesimulator/PicPacAI.build/Objects-normal/x86_64/PicPacAI.SwiftFileList -DSWIFT_PACKAGE -DSWIFT_MODULE_RESOURCE_BUNDLE_AVAILABLE -DXcode -plugin-path /Applications/Xcode.app/Contents/Developer/Toolchains/XcodeDefault.xctoolchain/usr/lib/swift/host/plugins/testing -enable-experimental-feature DebugDescriptionMacro -sdk /Applications/Xcode.app/Contents/Developer/Platforms/iPhoneSimulator.platform/Developer/SDKs/iPhoneSimulator26.5.sdk -target x86_64-apple-ios17.0-simulator -g -module-cache-path /tmp/picpac-phase3-recovery-build-03d44f794ef9-20260925T084220Z/iphonesimulator/ModuleCache.noindex -Xfrontend -serialize-debugging-options -suppress-warnings -swift-version 6 -I /tmp/picpac-phase3-recovery-build-03d44f794ef9-20260925T084220Z/iphonesimulator/Build/Products/Release-iphonesimulator -Isystem /Applications/Xcode.app/Contents/Developer/Platforms/iPhoneSimulator.platform/Developer/usr/lib -F /tmp/picpac-phase3-recovery-build-03d44f794ef9-20260925T084220Z/iphonesimulator/Build/Products/Release-iphonesimulator/PackageFrameworks -F /tmp/picpac-phase3-recovery-build-03d44f794ef9-20260925T084220Z/iphonesimulator/Build/Products/Release-iphonesimulator -F /Applications/Xcode.app/Contents/Developer/Platforms/iPhoneSimulator.platform/Developer/Library/Frameworks -F /Applications/Xcode.app/Contents/Developer/Platforms/iPhoneSimulator.platform/Developer/SDKs/iPhoneSimulator26.5.sdk/Developer/Library/Frameworks -c -num-threads 12 -Xcc -ivfsstatcache -Xcc /tmp/picpac-phase3-recovery-build-03d44f794ef9-20260925T084220Z/iphonesimulator/SDKStatCaches.noindex/iphonesimulator26.5-23F81a-6cfe768891a92b912361537c460fe42b.sdkstatcache -output-file-map /tmp/picpac-phase3-recovery-build-03d44f794ef9-20260925T084220Z/iphonesimulator/Build/Intermediates.noindex/PicPacKit.build/Release-iphonesimulator/PicPacAI.build/Objects-normal/x86_64/PicPacAI-OutputFileMap.json -use-frontend-parseable-output -save-temps -no-color-diagnostics -explicit-module-build -module-cache-path /tmp/picpac-phase3-recovery-build-03d44f794ef9-20260925T084220Z/iphonesimulator/Build/Intermediates.noindex/SwiftExplicitPrecompiledModules -clang-scanner-module-cache-path /tmp/picpac-phase3-recovery-build-03d44f794ef9-20260925T084220Z/iphonesimulator/ModuleCache.noindex -sdk-module-cache-path /tmp/picpac-phase3-recovery-build-03d44f794ef9-20260925T084220Z/iphonesimulator/ModuleCache.noindex -serialize-diagnostics -emit-dependencies -emit-module -emit-module-path /tmp/picpac-phase3-recovery-build-03d44f794ef9-20260925T084220Z/iphonesimulator/Build/Intermediates.noindex/PicPacKit.build/Release-iphonesimulator/PicPacAI.build/Objects-normal/x86_64/PicPacAI.swiftmodule -validate-clang-modules-once -clang-build-session-file /tmp/picpac-phase3-recovery-build-03d44f794ef9-20260925T084220Z/iphonesimulator/ModuleCache.noindex/Session.modulevalidation -package-name picpackit -Xcc -I/tmp/picpac-phase3-recovery-build-03d44f794ef9-20260925T084220Z/iphonesimulator/Build/Intermediates.noindex/PicPacKit.build/Release-iphonesimulator/PicPacAI.build/swift-overrides.hmap -emit-const-values -Xfrontend -const-gather-protocols-file -Xfrontend /tmp/picpac-phase3-recovery-build-03d44f794ef9-20260925T084220Z/iphonesimulator/Build/Intermediates.noindex/PicPacKit.build/Release-iphonesimulator/PicPacAI.build/Objects-normal/x86_64/PicPacAI_const_extract_protocols.json -Xcc -I/tmp/picpac-phase3-recovery-build-03d44f794ef9-20260925T084220Z/iphonesimulator/Build/Products/Release-iphonesimulator/include -Xcc -I/tmp/picpac-phase3-recovery-build-03d44f794ef9-20260925T084220Z/iphonesimulator/Build/Intermediates.noindex/PicPacKit.build/Release-iphonesimulator/PicPacAI.build/DerivedSources-normal/x86_64 -Xcc -I/tmp/picpac-phase3-recovery-build-03d44f794ef9-20260925T084220Z/iphonesimulator/Build/Intermediates.noindex/PicPacKit.build/Release-iphonesimulator/PicPacAI.build/DerivedSources/x86_64 -Xcc -I/tmp/picpac-phase3-recovery-build-03d44f794ef9-20260925T084220Z/iphonesimulator/Build/Intermediates.noindex/PicPacKit.build/Release-iphonesimulator/PicPacAI.build/DerivedSources -Xcc -DSWIFT_PACKAGE -emit-objc-header -emit-objc-header-path /tmp/picpac-phase3-recovery-build-03d44f794ef9-20260925T084220Z/iphonesimulator/Build/Intermediates.noindex/PicPacKit.build/Release-iphonesimulator/PicPacAI.build/Objects-normal/x86_64/PicPacAI-Swift.h -working-directory /Users/bavabangaru/Developer/pic-pac-poe-ios-native-parity/ios/PicPacPoe.xcodeproj -no-emit-module-separately-wmo

SwiftMergeGeneratedHeaders /tmp/picpac-phase3-recovery-build-03d44f794ef9-20260925T084220Z/iphonesimulator/Build/Intermediates.noindex/GeneratedModuleMaps-iphonesimulator/PicPacAI-Swift.h /tmp/picpac-phase3-recovery-build-03d44f794ef9-20260925T084220Z/iphonesimulator/Build/Intermediates.noindex/PicPacKit.build/Release-iphonesimulator/PicPacAI.build/Objects-normal/arm64/PicPacAI-Swift.h /tmp/picpac-phase3-recovery-build-03d44f794ef9-20260925T084220Z/iphonesimulator/Build/Intermediates.noindex/PicPacKit.build/Release-iphonesimulator/PicPacAI.build/Objects-normal/x86_64/PicPacAI-Swift.h (in target 'PicPacAI' from project 'PicPacKit')
    cd /Users/bavabangaru/Developer/pic-pac-poe-ios-native-parity/ios/Packages/PicPacKit
    builtin-swiftHeaderTool -arch arm64 /tmp/picpac-phase3-recovery-build-03d44f794ef9-20260925T084220Z/iphonesimulator/Build/Intermediates.noindex/PicPacKit.build/Release-iphonesimulator/PicPacAI.build/Objects-normal/arm64/PicPacAI-Swift.h -arch x86_64 /tmp/picpac-phase3-recovery-build-03d44f794ef9-20260925T084220Z/iphonesimulator/Build/Intermediates.noindex/PicPacKit.build/Release-iphonesimulator/PicPacAI.build/Objects-normal/x86_64/PicPacAI-Swift.h -o /tmp/picpac-phase3-recovery-build-03d44f794ef9-20260925T084220Z/iphonesimulator/Build/Intermediates.noindex/GeneratedModuleMaps-iphonesimulator/PicPacAI-Swift.h

Copy /tmp/picpac-phase3-recovery-build-03d44f794ef9-20260925T084220Z/iphonesimulator/Build/Products/Release-iphonesimulator/PicPacAI.swiftmodule/x86_64-apple-ios-simulator.swiftmodule /tmp/picpac-phase3-recovery-build-03d44f794ef9-20260925T084220Z/iphonesimulator/Build/Intermediates.noindex/PicPacKit.build/Release-iphonesimulator/PicPacAI.build/Objects-normal/x86_64/PicPacAI.swiftmodule (in target 'PicPacAI' from project 'PicPacKit')
    cd /Users/bavabangaru/Developer/pic-pac-poe-ios-native-parity/ios/Packages/PicPacKit
    builtin-copy -exclude .DS_Store -exclude CVS -exclude .svn -exclude .git -exclude .hg -strip-unsigned-binaries -strip-deterministic -strip-tool /Applications/Xcode.app/Contents/Developer/Toolchains/XcodeDefault.xctoolchain/usr/bin/strip -resolve-src-symlinks -rename /tmp/picpac-phase3-recovery-build-03d44f794ef9-20260925T084220Z/iphonesimulator/Build/Intermediates.noindex/PicPacKit.build/Release-iphonesimulator/PicPacAI.build/Objects-normal/x86_64/PicPacAI.swiftmodule /tmp/picpac-phase3-recovery-build-03d44f794ef9-20260925T084220Z/iphonesimulator/Build/Products/Release-iphonesimulator/PicPacAI.swiftmodule/x86_64-apple-ios-simulator.swiftmodule

Copy /tmp/picpac-phase3-recovery-build-03d44f794ef9-20260925T084220Z/iphonesimulator/Build/Products/Release-iphonesimulator/PicPacAI.swiftmodule/Project/x86_64-apple-ios-simulator.swiftsourceinfo /tmp/picpac-phase3-recovery-build-03d44f794ef9-20260925T084220Z/iphonesimulator/Build/Intermediates.noindex/PicPacKit.build/Release-iphonesimulator/PicPacAI.build/Objects-normal/x86_64/PicPacAI.swiftsourceinfo (in target 'PicPacAI' from project 'PicPacKit')
    cd /Users/bavabangaru/Developer/pic-pac-poe-ios-native-parity/ios/Packages/PicPacKit
    builtin-copy -exclude .DS_Store -exclude CVS -exclude .svn -exclude .git -exclude .hg -strip-unsigned-binaries -strip-deterministic -strip-tool /Applications/Xcode.app/Contents/Developer/Toolchains/XcodeDefault.xctoolchain/usr/bin/strip -resolve-src-symlinks -rename /tmp/picpac-phase3-recovery-build-03d44f794ef9-20260925T084220Z/iphonesimulator/Build/Intermediates.noindex/PicPacKit.build/Release-iphonesimulator/PicPacAI.build/Objects-normal/x86_64/PicPacAI.swiftsourceinfo /tmp/picpac-phase3-recovery-build-03d44f794ef9-20260925T084220Z/iphonesimulator/Build/Products/Release-iphonesimulator/PicPacAI.swiftmodule/Project/x86_64-apple-ios-simulator.swiftsourceinfo

Copy /tmp/picpac-phase3-recovery-build-03d44f794ef9-20260925T084220Z/iphonesimulator/Build/Products/Release-iphonesimulator/PicPacAI.swiftmodule/x86_64-apple-ios-simulator.swiftdoc /tmp/picpac-phase3-recovery-build-03d44f794ef9-20260925T084220Z/iphonesimulator/Build/Intermediates.noindex/PicPacKit.build/Release-iphonesimulator/PicPacAI.build/Objects-normal/x86_64/PicPacAI.swiftdoc (in target 'PicPacAI' from project 'PicPacKit')
    cd /Users/bavabangaru/Developer/pic-pac-poe-ios-native-parity/ios/Packages/PicPacKit
    builtin-copy -exclude .DS_Store -exclude CVS -exclude .svn -exclude .git -exclude .hg -strip-unsigned-binaries -strip-deterministic -strip-tool /Applications/Xcode.app/Contents/Developer/Toolchains/XcodeDefault.xctoolchain/usr/bin/strip -resolve-src-symlinks -rename /tmp/picpac-phase3-recovery-build-03d44f794ef9-20260925T084220Z/iphonesimulator/Build/Intermediates.noindex/PicPacKit.build/Release-iphonesimulator/PicPacAI.build/Objects-normal/x86_64/PicPacAI.swiftdoc /tmp/picpac-phase3-recovery-build-03d44f794ef9-20260925T084220Z/iphonesimulator/Build/Products/Release-iphonesimulator/PicPacAI.swiftmodule/x86_64-apple-ios-simulator.swiftdoc

Copy /tmp/picpac-phase3-recovery-build-03d44f794ef9-20260925T084220Z/iphonesimulator/Build/Products/Release-iphonesimulator/PicPacAI.swiftmodule/x86_64-apple-ios-simulator.abi.json /tmp/picpac-phase3-recovery-build-03d44f794ef9-20260925T084220Z/iphonesimulator/Build/Intermediates.noindex/PicPacKit.build/Release-iphonesimulator/PicPacAI.build/Objects-normal/x86_64/PicPacAI.abi.json (in target 'PicPacAI' from project 'PicPacKit')
    cd /Users/bavabangaru/Developer/pic-pac-poe-ios-native-parity/ios/Packages/PicPacKit
    builtin-copy -exclude .DS_Store -exclude CVS -exclude .svn -exclude .git -exclude .hg -strip-unsigned-binaries -strip-deterministic -strip-tool /Applications/Xcode.app/Contents/Developer/Toolchains/XcodeDefault.xctoolchain/usr/bin/strip -resolve-src-symlinks -rename /tmp/picpac-phase3-recovery-build-03d44f794ef9-20260925T084220Z/iphonesimulator/Build/Intermediates.noindex/PicPacKit.build/Release-iphonesimulator/PicPacAI.build/Objects-normal/x86_64/PicPacAI.abi.json /tmp/picpac-phase3-recovery-build-03d44f794ef9-20260925T084220Z/iphonesimulator/Build/Products/Release-iphonesimulator/PicPacAI.swiftmodule/x86_64-apple-ios-simulator.abi.json

Ld /tmp/picpac-phase3-recovery-build-03d44f794ef9-20260925T084220Z/iphonesimulator/Build/Intermediates.noindex/PicPacKit.build/Release-iphonesimulator/PicPacAI.build/Objects-normal/arm64/Binary/PicPacAI.o normal arm64 (in target 'PicPacAI' from project 'PicPacKit')
    cd /Users/bavabangaru/Developer/pic-pac-poe-ios-native-parity/ios/Packages/PicPacKit
    /Applications/Xcode.app/Contents/Developer/Toolchains/XcodeDefault.xctoolchain/usr/bin/clang -Xlinker -reproducible -target arm64-apple-ios17.0-simulator -r -isysroot /Applications/Xcode.app/Contents/Developer/Platforms/iPhoneSimulator.platform/Developer/SDKs/iPhoneSimulator26.5.sdk -Os -w -F/tmp/picpac-phase3-recovery-build-03d44f794ef9-20260925T084220Z/iphonesimulator/Build/Intermediates.noindex/EagerLinkingTBDs/Release-iphonesimulator -F/tmp/picpac-phase3-recovery-build-03d44f794ef9-20260925T084220Z/iphonesimulator/Build/Products/Release-iphonesimulator/PackageFrameworks -F/tmp/picpac-phase3-recovery-build-03d44f794ef9-20260925T084220Z/iphonesimulator/Build/Products/Release-iphonesimulator -iframework /Applications/Xcode.app/Contents/Developer/Platforms/iPhoneSimulator.platform/Developer/Library/Frameworks -iframework /Applications/Xcode.app/Contents/Developer/Platforms/iPhoneSimulator.platform/Developer/SDKs/iPhoneSimulator26.5.sdk/Developer/Library/Frameworks -filelist /tmp/picpac-phase3-recovery-build-03d44f794ef9-20260925T084220Z/iphonesimulator/Build/Intermediates.noindex/PicPacKit.build/Release-iphonesimulator/PicPacAI.build/Objects-normal/arm64/PicPacAI.LinkFileList -nostdlib -Xlinker -object_path_lto -Xlinker /tmp/picpac-phase3-recovery-build-03d44f794ef9-20260925T084220Z/iphonesimulator/Build/Intermediates.noindex/PicPacKit.build/Release-iphonesimulator/PicPacAI.build/Objects-normal/arm64/PicPacAI_lto.o -Xlinker -objc_abi_version -Xlinker 2 -Xlinker -dependency_info -Xlinker /tmp/picpac-phase3-recovery-build-03d44f794ef9-20260925T084220Z/iphonesimulator/Build/Intermediates.noindex/PicPacKit.build/Release-iphonesimulator/PicPacAI.build/Objects-normal/arm64/PicPacAI_dependency_info.dat -fobjc-link-runtime -L/Applications/Xcode.app/Contents/Developer/Toolchains/XcodeDefault.xctoolchain/usr/lib/swift/iphonesimulator -L/usr/lib/swift -Xlinker -add_ast_path -Xlinker /tmp/picpac-phase3-recovery-build-03d44f794ef9-20260925T084220Z/iphonesimulator/Build/Intermediates.noindex/PicPacKit.build/Release-iphonesimulator/PicPacAI.build/Objects-normal/arm64/PicPacAI.swiftmodule @/tmp/picpac-phase3-recovery-build-03d44f794ef9-20260925T084220Z/iphonesimulator/Build/Intermediates.noindex/PicPacKit.build/Release-iphonesimulator/PicPacAI.build/Objects-normal/arm64/PicPacAI-linker-args.resp -o /tmp/picpac-phase3-recovery-build-03d44f794ef9-20260925T084220Z/iphonesimulator/Build/Intermediates.noindex/PicPacKit.build/Release-iphonesimulator/PicPacAI.build/Objects-normal/arm64/Binary/PicPacAI.o

Ld /tmp/picpac-phase3-recovery-build-03d44f794ef9-20260925T084220Z/iphonesimulator/Build/Intermediates.noindex/PicPacKit.build/Release-iphonesimulator/PicPacAI.build/Objects-normal/x86_64/Binary/PicPacAI.o normal x86_64 (in target 'PicPacAI' from project 'PicPacKit')
    cd /Users/bavabangaru/Developer/pic-pac-poe-ios-native-parity/ios/Packages/PicPacKit
    /Applications/Xcode.app/Contents/Developer/Toolchains/XcodeDefault.xctoolchain/usr/bin/clang -Xlinker -reproducible -target x86_64-apple-ios17.0-simulator -r -isysroot /Applications/Xcode.app/Contents/Developer/Platforms/iPhoneSimulator.platform/Developer/SDKs/iPhoneSimulator26.5.sdk -Os -w -F/tmp/picpac-phase3-recovery-build-03d44f794ef9-20260925T084220Z/iphonesimulator/Build/Intermediates.noindex/EagerLinkingTBDs/Release-iphonesimulator -F/tmp/picpac-phase3-recovery-build-03d44f794ef9-20260925T084220Z/iphonesimulator/Build/Products/Release-iphonesimulator/PackageFrameworks -F/tmp/picpac-phase3-recovery-build-03d44f794ef9-20260925T084220Z/iphonesimulator/Build/Products/Release-iphonesimulator -iframework /Applications/Xcode.app/Contents/Developer/Platforms/iPhoneSimulator.platform/Developer/Library/Frameworks -iframework /Applications/Xcode.app/Contents/Developer/Platforms/iPhoneSimulator.platform/Developer/SDKs/iPhoneSimulator26.5.sdk/Developer/Library/Frameworks -filelist /tmp/picpac-phase3-recovery-build-03d44f794ef9-20260925T084220Z/iphonesimulator/Build/Intermediates.noindex/PicPacKit.build/Release-iphonesimulator/PicPacAI.build/Objects-normal/x86_64/PicPacAI.LinkFileList -nostdlib -Xlinker -object_path_lto -Xlinker /tmp/picpac-phase3-recovery-build-03d44f794ef9-20260925T084220Z/iphonesimulator/Build/Intermediates.noindex/PicPacKit.build/Release-iphonesimulator/PicPacAI.build/Objects-normal/x86_64/PicPacAI_lto.o -Xlinker -objc_abi_version -Xlinker 2 -Xlinker -dependency_info -Xlinker /tmp/picpac-phase3-recovery-build-03d44f794ef9-20260925T084220Z/iphonesimulator/Build/Intermediates.noindex/PicPacKit.build/Release-iphonesimulator/PicPacAI.build/Objects-normal/x86_64/PicPacAI_dependency_info.dat -fobjc-link-runtime -L/Applications/Xcode.app/Contents/Developer/Toolchains/XcodeDefault.xctoolchain/usr/lib/swift/iphonesimulator -L/usr/lib/swift -Xlinker -add_ast_path -Xlinker /tmp/picpac-phase3-recovery-build-03d44f794ef9-20260925T084220Z/iphonesimulator/Build/Intermediates.noindex/PicPacKit.build/Release-iphonesimulator/PicPacAI.build/Objects-normal/x86_64/PicPacAI.swiftmodule @/tmp/picpac-phase3-recovery-build-03d44f794ef9-20260925T084220Z/iphonesimulator/Build/Intermediates.noindex/PicPacKit.build/Release-iphonesimulator/PicPacAI.build/Objects-normal/x86_64/PicPacAI-linker-args.resp -o /tmp/picpac-phase3-recovery-build-03d44f794ef9-20260925T084220Z/iphonesimulator/Build/Intermediates.noindex/PicPacKit.build/Release-iphonesimulator/PicPacAI.build/Objects-normal/x86_64/Binary/PicPacAI.o

MkDir /tmp/picpac-phase3-recovery-build-03d44f794ef9-20260925T084220Z/iphonesimulator/Build/Intermediates.noindex/PicPacPoe.build/Release-iphonesimulator/PicPacPoe.build/assetcatalog_output/unthinned (in target 'PicPacPoe' from project 'PicPacPoe')
    cd /Users/bavabangaru/Developer/pic-pac-poe-ios-native-parity/ios
    /bin/mkdir -p /tmp/picpac-phase3-recovery-build-03d44f794ef9-20260925T084220Z/iphonesimulator/Build/Intermediates.noindex/PicPacPoe.build/Release-iphonesimulator/PicPacPoe.build/assetcatalog_output/unthinned

GenerateAssetSymbols /Users/bavabangaru/Developer/pic-pac-poe-ios-native-parity/ios/PicPacPoe/Assets.xcassets (in target 'PicPacPoe' from project 'PicPacPoe')
    cd /Users/bavabangaru/Developer/pic-pac-poe-ios-native-parity/ios
    /Applications/Xcode.app/Contents/Developer/usr/bin/actool /Users/bavabangaru/Developer/pic-pac-poe-ios-native-parity/ios/PicPacPoe/Assets.xcassets --compile /tmp/picpac-phase3-recovery-build-03d44f794ef9-20260925T084220Z/iphonesimulator/Build/Products/Release-iphonesimulator/PicPacPoe.app --output-format human-readable-text --notices --warnings --export-dependency-info /tmp/picpac-phase3-recovery-build-03d44f794ef9-20260925T084220Z/iphonesimulator/Build/Intermediates.noindex/PicPacPoe.build/Release-iphonesimulator/PicPacPoe.build/assetcatalog_dependencies --output-partial-info-plist /tmp/picpac-phase3-recovery-build-03d44f794ef9-20260925T084220Z/iphonesimulator/Build/Intermediates.noindex/PicPacPoe.build/Release-iphonesimulator/PicPacPoe.build/assetcatalog_generated_info.plist --app-icon AppIcon --compress-pngs --enable-on-demand-resources YES --development-region en --target-device iphone --target-device ipad --minimum-deployment-target 17.0 --platform iphonesimulator --bundle-identifier dev.saipranith.picpacpoe --generate-swift-asset-symbol-extensions NO --generate-swift-asset-symbols /tmp/picpac-phase3-recovery-build-03d44f794ef9-20260925T084220Z/iphonesimulator/Build/Intermediates.noindex/PicPacPoe.build/Release-iphonesimulator/PicPacPoe.build/DerivedSources/GeneratedAssetSymbols.swift --generate-objc-asset-symbols /tmp/picpac-phase3-recovery-build-03d44f794ef9-20260925T084220Z/iphonesimulator/Build/Intermediates.noindex/PicPacPoe.build/Release-iphonesimulator/PicPacPoe.build/DerivedSources/GeneratedAssetSymbols.h --generate-asset-symbol-index /tmp/picpac-phase3-recovery-build-03d44f794ef9-20260925T084220Z/iphonesimulator/Build/Intermediates.noindex/PicPacPoe.build/Release-iphonesimulator/PicPacPoe.build/DerivedSources/GeneratedAssetSymbols-Index.plist
/* com.apple.actool.compilation-results */
/tmp/picpac-phase3-recovery-build-03d44f794ef9-20260925T084220Z/iphonesimulator/Build/Intermediates.noindex/PicPacPoe.build/Release-iphonesimulator/PicPacPoe.build/DerivedSources/GeneratedAssetSymbols-Index.plist
/tmp/picpac-phase3-recovery-build-03d44f794ef9-20260925T084220Z/iphonesimulator/Build/Intermediates.noindex/PicPacPoe.build/Release-iphonesimulator/PicPacPoe.build/DerivedSources/GeneratedAssetSymbols.h
/tmp/picpac-phase3-recovery-build-03d44f794ef9-20260925T084220Z/iphonesimulator/Build/Intermediates.noindex/PicPacPoe.build/Release-iphonesimulator/PicPacPoe.build/DerivedSources/GeneratedAssetSymbols.swift


MkDir /tmp/picpac-phase3-recovery-build-03d44f794ef9-20260925T084220Z/iphonesimulator/Build/Intermediates.noindex/PicPacPoe.build/Release-iphonesimulator/PicPacPoe.build/assetcatalog_output/thinned (in target 'PicPacPoe' from project 'PicPacPoe')
    cd /Users/bavabangaru/Developer/pic-pac-poe-ios-native-parity/ios
    /bin/mkdir -p /tmp/picpac-phase3-recovery-build-03d44f794ef9-20260925T084220Z/iphonesimulator/Build/Intermediates.noindex/PicPacPoe.build/Release-iphonesimulator/PicPacPoe.build/assetcatalog_output/thinned

CompileAssetCatalogVariant thinned /tmp/picpac-phase3-recovery-build-03d44f794ef9-20260925T084220Z/iphonesimulator/Build/Products/Release-iphonesimulator/PicPacPoe.app /Users/bavabangaru/Developer/pic-pac-poe-ios-native-parity/ios/PicPacPoe/Assets.xcassets (in target 'PicPacPoe' from project 'PicPacPoe')
    cd /Users/bavabangaru/Developer/pic-pac-poe-ios-native-parity/ios
    /Applications/Xcode.app/Contents/Developer/usr/bin/actool /Users/bavabangaru/Developer/pic-pac-poe-ios-native-parity/ios/PicPacPoe/Assets.xcassets --compile /tmp/picpac-phase3-recovery-build-03d44f794ef9-20260925T084220Z/iphonesimulator/Build/Intermediates.noindex/PicPacPoe.build/Release-iphonesimulator/PicPacPoe.build/assetcatalog_output/thinned --output-format human-readable-text --notices --warnings --export-dependency-info /tmp/picpac-phase3-recovery-build-03d44f794ef9-20260925T084220Z/iphonesimulator/Build/Intermediates.noindex/PicPacPoe.build/Release-iphonesimulator/PicPacPoe.build/assetcatalog_dependencies_thinned --output-partial-info-plist /tmp/picpac-phase3-recovery-build-03d44f794ef9-20260925T084220Z/iphonesimulator/Build/Intermediates.noindex/PicPacPoe.build/Release-iphonesimulator/PicPacPoe.build/assetcatalog_generated_info.plist_thinned --app-icon AppIcon --compress-pngs --enable-on-demand-resources YES --development-region en --target-device iphone --target-device ipad --minimum-deployment-target 17.0 --platform iphonesimulator
/* com.apple.actool.compilation-results */
/tmp/picpac-phase3-recovery-build-03d44f794ef9-20260925T084220Z/iphonesimulator/Build/Intermediates.noindex/PicPacPoe.build/Release-iphonesimulator/PicPacPoe.build/assetcatalog_generated_info.plist_thinned
/tmp/picpac-phase3-recovery-build-03d44f794ef9-20260925T084220Z/iphonesimulator/Build/Intermediates.noindex/PicPacPoe.build/Release-iphonesimulator/PicPacPoe.build/assetcatalog_output/thinned/AppIcon60x60@2x.png
/tmp/picpac-phase3-recovery-build-03d44f794ef9-20260925T084220Z/iphonesimulator/Build/Intermediates.noindex/PicPacPoe.build/Release-iphonesimulator/PicPacPoe.build/assetcatalog_output/thinned/AppIcon76x76@2x~ipad.png
/tmp/picpac-phase3-recovery-build-03d44f794ef9-20260925T084220Z/iphonesimulator/Build/Intermediates.noindex/PicPacPoe.build/Release-iphonesimulator/PicPacPoe.build/assetcatalog_output/thinned/Assets.car


SwiftDriver PicPacPoe normal arm64 com.apple.xcode.tools.swift.compiler (in target 'PicPacPoe' from project 'PicPacPoe')
    cd /Users/bavabangaru/Developer/pic-pac-poe-ios-native-parity/ios
    builtin-SwiftDriver -- /Applications/Xcode.app/Contents/Developer/Toolchains/XcodeDefault.xctoolchain/usr/bin/swiftc -module-name PicPacPoe -O -whole-module-optimization @/tmp/picpac-phase3-recovery-build-03d44f794ef9-20260925T084220Z/iphonesimulator/Build/Intermediates.noindex/PicPacPoe.build/Release-iphonesimulator/PicPacPoe.build/Objects-normal/arm64/PicPacPoe.SwiftFileList -enable-experimental-feature DebugDescriptionMacro -sdk /Applications/Xcode.app/Contents/Developer/Platforms/iPhoneSimulator.platform/Developer/SDKs/iPhoneSimulator26.5.sdk -target arm64-apple-ios17.0-simulator -g -module-cache-path /tmp/picpac-phase3-recovery-build-03d44f794ef9-20260925T084220Z/iphonesimulator/ModuleCache.noindex -Xfrontend -serialize-debugging-options -swift-version 6 -I /tmp/picpac-phase3-recovery-build-03d44f794ef9-20260925T084220Z/iphonesimulator/Build/Products/Release-iphonesimulator -F /tmp/picpac-phase3-recovery-build-03d44f794ef9-20260925T084220Z/iphonesimulator/Build/Products/Release-iphonesimulator/PackageFrameworks -F /tmp/picpac-phase3-recovery-build-03d44f794ef9-20260925T084220Z/iphonesimulator/Build/Products/Release-iphonesimulator/PackageFrameworks -F /tmp/picpac-phase3-recovery-build-03d44f794ef9-20260925T084220Z/iphonesimulator/Build/Products/Release-iphonesimulator/PackageFrameworks -F /tmp/picpac-phase3-recovery-build-03d44f794ef9-20260925T084220Z/iphonesimulator/Build/Products/Release-iphonesimulator -emit-localized-strings -emit-localized-strings-path /tmp/picpac-phase3-recovery-build-03d44f794ef9-20260925T084220Z/iphonesimulator/Build/Intermediates.noindex/PicPacPoe.build/Release-iphonesimulator/PicPacPoe.build/Objects-normal/arm64 -c -num-threads 12 -Xcc -ivfsstatcache -Xcc /tmp/picpac-phase3-recovery-build-03d44f794ef9-20260925T084220Z/iphonesimulator/SDKStatCaches.noindex/iphonesimulator26.5-23F81a-6cfe768891a92b912361537c460fe42b.sdkstatcache -output-file-map /tmp/picpac-phase3-recovery-build-03d44f794ef9-20260925T084220Z/iphonesimulator/Build/Intermediates.noindex/PicPacPoe.build/Release-iphonesimulator/PicPacPoe.build/Objects-normal/arm64/PicPacPoe-OutputFileMap.json -use-frontend-parseable-output -save-temps -no-color-diagnostics -explicit-module-build -module-cache-path /tmp/picpac-phase3-recovery-build-03d44f794ef9-20260925T084220Z/iphonesimulator/Build/Intermediates.noindex/SwiftExplicitPrecompiledModules -clang-scanner-module-cache-path /tmp/picpac-phase3-recovery-build-03d44f794ef9-20260925T084220Z/iphonesimulator/ModuleCache.noindex -sdk-module-cache-path /tmp/picpac-phase3-recovery-build-03d44f794ef9-20260925T084220Z/iphonesimulator/ModuleCache.noindex -serialize-diagnostics -emit-dependencies -emit-module -emit-module-path /tmp/picpac-phase3-recovery-build-03d44f794ef9-20260925T084220Z/iphonesimulator/Build/Intermediates.noindex/PicPacPoe.build/Release-iphonesimulator/PicPacPoe.build/Objects-normal/arm64/PicPacPoe.swiftmodule -validate-clang-modules-once -clang-build-session-file /tmp/picpac-phase3-recovery-build-03d44f794ef9-20260925T084220Z/iphonesimulator/ModuleCache.noindex/Session.modulevalidation -Xcc -I/tmp/picpac-phase3-recovery-build-03d44f794ef9-20260925T084220Z/iphonesimulator/Build/Intermediates.noindex/PicPacPoe.build/Release-iphonesimulator/PicPacPoe.build/swift-overrides.hmap -emit-const-values -Xfrontend -const-gather-protocols-file -Xfrontend /tmp/picpac-phase3-recovery-build-03d44f794ef9-20260925T084220Z/iphonesimulator/Build/Intermediates.noindex/PicPacPoe.build/Release-iphonesimulator/PicPacPoe.build/Objects-normal/arm64/PicPacPoe_const_extract_protocols.json -Xcc -iquote -Xcc /tmp/picpac-phase3-recovery-build-03d44f794ef9-20260925T084220Z/iphonesimulator/Build/Intermediates.noindex/PicPacPoe.build/Release-iphonesimulator/PicPacPoe.build/PicPacPoe-generated-files.hmap -Xcc -I/tmp/picpac-phase3-recovery-build-03d44f794ef9-20260925T084220Z/iphonesimulator/Build/Intermediates.noindex/PicPacPoe.build/Release-iphonesimulator/PicPacPoe.build/PicPacPoe-own-target-headers.hmap -Xcc -I/tmp/picpac-phase3-recovery-build-03d44f794ef9-20260925T084220Z/iphonesimulator/Build/Intermediates.noindex/PicPacPoe.build/Release-iphonesimulator/PicPacPoe.build/PicPacPoe-all-non-framework-target-headers.hmap -Xcc -ivfsoverlay -Xcc /tmp/picpac-phase3-recovery-build-03d44f794ef9-20260925T084220Z/iphonesimulator/Build/Intermediates.noindex/PicPacPoe.build/Release-iphonesimulator/PicPacPoe-90eff2f9d9e8600d7e53134acd1cb833-VFS-iphonesimulator/all-product-headers.yaml -Xcc -iquote -Xcc /tmp/picpac-phase3-recovery-build-03d44f794ef9-20260925T084220Z/iphonesimulator/Build/Intermediates.noindex/PicPacPoe.build/Release-iphonesimulator/PicPacPoe.build/PicPacPoe-project-headers.hmap -Xcc -I/tmp/picpac-phase3-recovery-build-03d44f794ef9-20260925T084220Z/iphonesimulator/Build/Products/Release-iphonesimulator/include -Xcc -I/tmp/picpac-phase3-recovery-build-03d44f794ef9-20260925T084220Z/iphonesimulator/Build/Intermediates.noindex/PicPacPoe.build/Release-iphonesimulator/PicPacPoe.build/DerivedSources-normal/arm64 -Xcc -I/tmp/picpac-phase3-recovery-build-03d44f794ef9-20260925T084220Z/iphonesimulator/Build/Intermediates.noindex/PicPacPoe.build/Release-iphonesimulator/PicPacPoe.build/DerivedSources/arm64 -Xcc -I/tmp/picpac-phase3-recovery-build-03d44f794ef9-20260925T084220Z/iphonesimulator/Build/Intermediates.noindex/PicPacPoe.build/Release-iphonesimulator/PicPacPoe.build/DerivedSources -emit-objc-header -emit-objc-header-path /tmp/picpac-phase3-recovery-build-03d44f794ef9-20260925T084220Z/iphonesimulator/Build/Intermediates.noindex/PicPacPoe.build/Release-iphonesimulator/PicPacPoe.build/Objects-normal/arm64/PicPacPoe-Swift.h -working-directory /Users/bavabangaru/Developer/pic-pac-poe-ios-native-parity/ios -no-emit-module-separately-wmo

SwiftDriver PicPacPoe normal x86_64 com.apple.xcode.tools.swift.compiler (in target 'PicPacPoe' from project 'PicPacPoe')
    cd /Users/bavabangaru/Developer/pic-pac-poe-ios-native-parity/ios
    builtin-SwiftDriver -- /Applications/Xcode.app/Contents/Developer/Toolchains/XcodeDefault.xctoolchain/usr/bin/swiftc -module-name PicPacPoe -O -whole-module-optimization @/tmp/picpac-phase3-recovery-build-03d44f794ef9-20260925T084220Z/iphonesimulator/Build/Intermediates.noindex/PicPacPoe.build/Release-iphonesimulator/PicPacPoe.build/Objects-normal/x86_64/PicPacPoe.SwiftFileList -enable-experimental-feature DebugDescriptionMacro -sdk /Applications/Xcode.app/Contents/Developer/Platforms/iPhoneSimulator.platform/Developer/SDKs/iPhoneSimulator26.5.sdk -target x86_64-apple-ios17.0-simulator -g -module-cache-path /tmp/picpac-phase3-recovery-build-03d44f794ef9-20260925T084220Z/iphonesimulator/ModuleCache.noindex -Xfrontend -serialize-debugging-options -swift-version 6 -I /tmp/picpac-phase3-recovery-build-03d44f794ef9-20260925T084220Z/iphonesimulator/Build/Products/Release-iphonesimulator -F /tmp/picpac-phase3-recovery-build-03d44f794ef9-20260925T084220Z/iphonesimulator/Build/Products/Release-iphonesimulator/PackageFrameworks -F /tmp/picpac-phase3-recovery-build-03d44f794ef9-20260925T084220Z/iphonesimulator/Build/Products/Release-iphonesimulator/PackageFrameworks -F /tmp/picpac-phase3-recovery-build-03d44f794ef9-20260925T084220Z/iphonesimulator/Build/Products/Release-iphonesimulator/PackageFrameworks -F /tmp/picpac-phase3-recovery-build-03d44f794ef9-20260925T084220Z/iphonesimulator/Build/Products/Release-iphonesimulator -emit-localized-strings -emit-localized-strings-path /tmp/picpac-phase3-recovery-build-03d44f794ef9-20260925T084220Z/iphonesimulator/Build/Intermediates.noindex/PicPacPoe.build/Release-iphonesimulator/PicPacPoe.build/Objects-normal/x86_64 -c -num-threads 12 -Xcc -ivfsstatcache -Xcc /tmp/picpac-phase3-recovery-build-03d44f794ef9-20260925T084220Z/iphonesimulator/SDKStatCaches.noindex/iphonesimulator26.5-23F81a-6cfe768891a92b912361537c460fe42b.sdkstatcache -output-file-map /tmp/picpac-phase3-recovery-build-03d44f794ef9-20260925T084220Z/iphonesimulator/Build/Intermediates.noindex/PicPacPoe.build/Release-iphonesimulator/PicPacPoe.build/Objects-normal/x86_64/PicPacPoe-OutputFileMap.json -use-frontend-parseable-output -save-temps -no-color-diagnostics -explicit-module-build -module-cache-path /tmp/picpac-phase3-recovery-build-03d44f794ef9-20260925T084220Z/iphonesimulator/Build/Intermediates.noindex/SwiftExplicitPrecompiledModules -clang-scanner-module-cache-path /tmp/picpac-phase3-recovery-build-03d44f794ef9-20260925T084220Z/iphonesimulator/ModuleCache.noindex -sdk-module-cache-path /tmp/picpac-phase3-recovery-build-03d44f794ef9-20260925T084220Z/iphonesimulator/ModuleCache.noindex -serialize-diagnostics -emit-dependencies -emit-module -emit-module-path /tmp/picpac-phase3-recovery-build-03d44f794ef9-20260925T084220Z/iphonesimulator/Build/Intermediates.noindex/PicPacPoe.build/Release-iphonesimulator/PicPacPoe.build/Objects-normal/x86_64/PicPacPoe.swiftmodule -validate-clang-modules-once -clang-build-session-file /tmp/picpac-phase3-recovery-build-03d44f794ef9-20260925T084220Z/iphonesimulator/ModuleCache.noindex/Session.modulevalidation -Xcc -I/tmp/picpac-phase3-recovery-build-03d44f794ef9-20260925T084220Z/iphonesimulator/Build/Intermediates.noindex/PicPacPoe.build/Release-iphonesimulator/PicPacPoe.build/swift-overrides.hmap -emit-const-values -Xfrontend -const-gather-protocols-file -Xfrontend /tmp/picpac-phase3-recovery-build-03d44f794ef9-20260925T084220Z/iphonesimulator/Build/Intermediates.noindex/PicPacPoe.build/Release-iphonesimulator/PicPacPoe.build/Objects-normal/x86_64/PicPacPoe_const_extract_protocols.json -Xcc -iquote -Xcc /tmp/picpac-phase3-recovery-build-03d44f794ef9-20260925T084220Z/iphonesimulator/Build/Intermediates.noindex/PicPacPoe.build/Release-iphonesimulator/PicPacPoe.build/PicPacPoe-generated-files.hmap -Xcc -I/tmp/picpac-phase3-recovery-build-03d44f794ef9-20260925T084220Z/iphonesimulator/Build/Intermediates.noindex/PicPacPoe.build/Release-iphonesimulator/PicPacPoe.build/PicPacPoe-own-target-headers.hmap -Xcc -I/tmp/picpac-phase3-recovery-build-03d44f794ef9-20260925T084220Z/iphonesimulator/Build/Intermediates.noindex/PicPacPoe.build/Release-iphonesimulator/PicPacPoe.build/PicPacPoe-all-non-framework-target-headers.hmap -Xcc -ivfsoverlay -Xcc /tmp/picpac-phase3-recovery-build-03d44f794ef9-20260925T084220Z/iphonesimulator/Build/Intermediates.noindex/PicPacPoe.build/Release-iphonesimulator/PicPacPoe-90eff2f9d9e8600d7e53134acd1cb833-VFS-iphonesimulator/all-product-headers.yaml -Xcc -iquote -Xcc /tmp/picpac-phase3-recovery-build-03d44f794ef9-20260925T084220Z/iphonesimulator/Build/Intermediates.noindex/PicPacPoe.build/Release-iphonesimulator/PicPacPoe.build/PicPacPoe-project-headers.hmap -Xcc -I/tmp/picpac-phase3-recovery-build-03d44f794ef9-20260925T084220Z/iphonesimulator/Build/Products/Release-iphonesimulator/include -Xcc -I/tmp/picpac-phase3-recovery-build-03d44f794ef9-20260925T084220Z/iphonesimulator/Build/Intermediates.noindex/PicPacPoe.build/Release-iphonesimulator/PicPacPoe.build/DerivedSources-normal/x86_64 -Xcc -I/tmp/picpac-phase3-recovery-build-03d44f794ef9-20260925T084220Z/iphonesimulator/Build/Intermediates.noindex/PicPacPoe.build/Release-iphonesimulator/PicPacPoe.build/DerivedSources/x86_64 -Xcc -I/tmp/picpac-phase3-recovery-build-03d44f794ef9-20260925T084220Z/iphonesimulator/Build/Intermediates.noindex/PicPacPoe.build/Release-iphonesimulator/PicPacPoe.build/DerivedSources -emit-objc-header -emit-objc-header-path /tmp/picpac-phase3-recovery-build-03d44f794ef9-20260925T084220Z/iphonesimulator/Build/Intermediates.noindex/PicPacPoe.build/Release-iphonesimulator/PicPacPoe.build/Objects-normal/x86_64/PicPacPoe-Swift.h -working-directory /Users/bavabangaru/Developer/pic-pac-poe-ios-native-parity/ios -no-emit-module-separately-wmo

CreateUniversalBinary /tmp/picpac-phase3-recovery-build-03d44f794ef9-20260925T084220Z/iphonesimulator/Build/Products/Release-iphonesimulator/PicPacAI.o normal arm64\ x86_64 (in target 'PicPacAI' from project 'PicPacKit')
    cd /Users/bavabangaru/Developer/pic-pac-poe-ios-native-parity/ios/Packages/PicPacKit
    /Applications/Xcode.app/Contents/Developer/Toolchains/XcodeDefault.xctoolchain/usr/bin/lipo -create /tmp/picpac-phase3-recovery-build-03d44f794ef9-20260925T084220Z/iphonesimulator/Build/Intermediates.noindex/PicPacKit.build/Release-iphonesimulator/PicPacAI.build/Objects-normal/arm64/Binary/PicPacAI.o /tmp/picpac-phase3-recovery-build-03d44f794ef9-20260925T084220Z/iphonesimulator/Build/Intermediates.noindex/PicPacKit.build/Release-iphonesimulator/PicPacAI.build/Objects-normal/x86_64/Binary/PicPacAI.o -output /tmp/picpac-phase3-recovery-build-03d44f794ef9-20260925T084220Z/iphonesimulator/Build/Products/Release-iphonesimulator/PicPacAI.o

ExtractAppIntentsMetadata (in target 'PicPacAI' from project 'PicPacKit')
    cd /Users/bavabangaru/Developer/pic-pac-poe-ios-native-parity/ios/Packages/PicPacKit
    /Applications/Xcode.app/Contents/Developer/Toolchains/XcodeDefault.xctoolchain/usr/bin/appintentsmetadataprocessor --toolchain-dir /Applications/Xcode.app/Contents/Developer/Toolchains/XcodeDefault.xctoolchain --module-name PicPacAI --sdk-root /Applications/Xcode.app/Contents/Developer/Platforms/iPhoneSimulator.platform/Developer/SDKs/iPhoneSimulator26.5.sdk --xcode-version 17F113 --platform-family iOS --deployment-target 17.0 --bundle-identifier picpackit.PicPacAI --output /tmp/picpac-phase3-recovery-build-03d44f794ef9-20260925T084220Z/iphonesimulator/Build/Products/Release-iphonesimulator/PicPacAI.appintents --target-triple arm64-apple-ios17.0-simulator --target-triple x86_64-apple-ios17.0-simulator --binary-file /tmp/picpac-phase3-recovery-build-03d44f794ef9-20260925T084220Z/iphonesimulator/Build/Products/Release-iphonesimulator/PicPacAI.o --dependency-file /tmp/picpac-phase3-recovery-build-03d44f794ef9-20260925T084220Z/iphonesimulator/Build/Intermediates.noindex/PicPacKit.build/Release-iphonesimulator/PicPacAI.build/Objects-normal/arm64/PicPacAI_dependency_info.dat --dependency-file /tmp/picpac-phase3-recovery-build-03d44f794ef9-20260925T084220Z/iphonesimulator/Build/Intermediates.noindex/PicPacKit.build/Release-iphonesimulator/PicPacAI.build/Objects-normal/x86_64/PicPacAI_dependency_info.dat --stringsdata-file /tmp/picpac-phase3-recovery-build-03d44f794ef9-20260925T084220Z/iphonesimulator/Build/Intermediates.noindex/PicPacKit.build/Release-iphonesimulator/PicPacAI.build/Objects-normal/arm64/ExtractedAppShortcutsMetadata.stringsdata --stringsdata-file /tmp/picpac-phase3-recovery-build-03d44f794ef9-20260925T084220Z/iphonesimulator/Build/Intermediates.noindex/PicPacKit.build/Release-iphonesimulator/PicPacAI.build/Objects-normal/x86_64/ExtractedAppShortcutsMetadata.stringsdata --source-file-list /tmp/picpac-phase3-recovery-build-03d44f794ef9-20260925T084220Z/iphonesimulator/Build/Intermediates.noindex/PicPacKit.build/Release-iphonesimulator/PicPacAI.build/Objects-normal/arm64/PicPacAI.SwiftFileList --source-file-list /tmp/picpac-phase3-recovery-build-03d44f794ef9-20260925T084220Z/iphonesimulator/Build/Intermediates.noindex/PicPacKit.build/Release-iphonesimulator/PicPacAI.build/Objects-normal/x86_64/PicPacAI.SwiftFileList --metadata-file-list /tmp/picpac-phase3-recovery-build-03d44f794ef9-20260925T084220Z/iphonesimulator/Build/Intermediates.noindex/PicPacKit.build/Release-iphonesimulator/PicPacAI.build/PicPacAI.DependencyMetadataFileList --static-metadata-file-list /tmp/picpac-phase3-recovery-build-03d44f794ef9-20260925T084220Z/iphonesimulator/Build/Intermediates.noindex/PicPacKit.build/Release-iphonesimulator/PicPacAI.build/PicPacAI.DependencyStaticMetadataFileList --swift-const-vals-list /tmp/picpac-phase3-recovery-build-03d44f794ef9-20260925T084220Z/iphonesimulator/Build/Intermediates.noindex/PicPacKit.build/Release-iphonesimulator/PicPacAI.build/Objects-normal/arm64/PicPacAI.SwiftConstValuesFileList --swift-const-vals-list /tmp/picpac-phase3-recovery-build-03d44f794ef9-20260925T084220Z/iphonesimulator/Build/Intermediates.noindex/PicPacKit.build/Release-iphonesimulator/PicPacAI.build/Objects-normal/x86_64/PicPacAI.SwiftConstValuesFileList --force --compile-time-extraction --deployment-aware-processing --validate-assistant-intents --no-app-shortcuts-localization
2026-09-25 04:42:45.447 appintentsmetadataprocessor[83321:115717001] Starting appintentsmetadataprocessor export
2026-09-25 04:42:45.474 appintentsmetadataprocessor[83321:115717001] Extracted no relevant App Intents symbols, skipping writing output

RegisterExecutionPolicyException /tmp/picpac-phase3-recovery-build-03d44f794ef9-20260925T084220Z/iphonesimulator/Build/Products/Release-iphonesimulator/PicPacAI.o (in target 'PicPacAI' from project 'PicPacKit')
    cd /Users/bavabangaru/Developer/pic-pac-poe-ios-native-parity/ios/Packages/PicPacKit
    builtin-RegisterExecutionPolicyException /tmp/picpac-phase3-recovery-build-03d44f794ef9-20260925T084220Z/iphonesimulator/Build/Products/Release-iphonesimulator/PicPacAI.o

CpResource /tmp/picpac-phase3-recovery-build-03d44f794ef9-20260925T084220Z/iphonesimulator/Build/Products/Release-iphonesimulator/PicPacPoe.app/fredoka_semibold.ttf /Users/bavabangaru/Developer/pic-pac-poe-ios-native-parity/app/src/main/res/font/fredoka_semibold.ttf (in target 'PicPacPoe' from project 'PicPacPoe')
    cd /Users/bavabangaru/Developer/pic-pac-poe-ios-native-parity/ios
    builtin-copy -exclude .DS_Store -exclude CVS -exclude .svn -exclude .git -exclude .hg -strip-unsigned-binaries -strip-deterministic -strip-tool /Applications/Xcode.app/Contents/Developer/Toolchains/XcodeDefault.xctoolchain/usr/bin/strip -resolve-src-symlinks /Users/bavabangaru/Developer/pic-pac-poe-ios-native-parity/app/src/main/res/font/fredoka_semibold.ttf /tmp/picpac-phase3-recovery-build-03d44f794ef9-20260925T084220Z/iphonesimulator/Build/Products/Release-iphonesimulator/PicPacPoe.app

CpResource /tmp/picpac-phase3-recovery-build-03d44f794ef9-20260925T084220Z/iphonesimulator/Build/Products/Release-iphonesimulator/PicPacPoe.app/fredoka_medium.ttf /Users/bavabangaru/Developer/pic-pac-poe-ios-native-parity/app/src/main/res/font/fredoka_medium.ttf (in target 'PicPacPoe' from project 'PicPacPoe')
    cd /Users/bavabangaru/Developer/pic-pac-poe-ios-native-parity/ios
    builtin-copy -exclude .DS_Store -exclude CVS -exclude .svn -exclude .git -exclude .hg -strip-unsigned-binaries -strip-deterministic -strip-tool /Applications/Xcode.app/Contents/Developer/Toolchains/XcodeDefault.xctoolchain/usr/bin/strip -resolve-src-symlinks /Users/bavabangaru/Developer/pic-pac-poe-ios-native-parity/app/src/main/res/font/fredoka_medium.ttf /tmp/picpac-phase3-recovery-build-03d44f794ef9-20260925T084220Z/iphonesimulator/Build/Products/Release-iphonesimulator/PicPacPoe.app

CpResource /tmp/picpac-phase3-recovery-build-03d44f794ef9-20260925T084220Z/iphonesimulator/Build/Products/Release-iphonesimulator/PicPacPoe.app/fredoka-OFL.txt /Users/bavabangaru/Developer/pic-pac-poe-ios-native-parity/app/src/main/assets/licenses/fredoka-OFL.txt (in target 'PicPacPoe' from project 'PicPacPoe')
    cd /Users/bavabangaru/Developer/pic-pac-poe-ios-native-parity/ios
    builtin-copy -exclude .DS_Store -exclude CVS -exclude .svn -exclude .git -exclude .hg -strip-unsigned-binaries -strip-deterministic -strip-tool /Applications/Xcode.app/Contents/Developer/Toolchains/XcodeDefault.xctoolchain/usr/bin/strip -resolve-src-symlinks /Users/bavabangaru/Developer/pic-pac-poe-ios-native-parity/app/src/main/assets/licenses/fredoka-OFL.txt /tmp/picpac-phase3-recovery-build-03d44f794ef9-20260925T084220Z/iphonesimulator/Build/Products/Release-iphonesimulator/PicPacPoe.app

Copy /tmp/picpac-phase3-recovery-build-03d44f794ef9-20260925T084220Z/iphonesimulator/Build/Products/Release-iphonesimulator/PicPacPoe.app/PicPacKit_PicPacAI.bundle /tmp/picpac-phase3-recovery-build-03d44f794ef9-20260925T084220Z/iphonesimulator/Build/Products/Release-iphonesimulator/PicPacKit_PicPacAI.bundle (in target 'PicPacPoe' from project 'PicPacPoe')
    cd /Users/bavabangaru/Developer/pic-pac-poe-ios-native-parity/ios
    builtin-copy -exclude .DS_Store -exclude CVS -exclude .svn -exclude .git -exclude .hg -strip-unsigned-binaries -strip-deterministic -strip-tool /Applications/Xcode.app/Contents/Developer/Toolchains/XcodeDefault.xctoolchain/usr/bin/strip -resolve-src-symlinks /tmp/picpac-phase3-recovery-build-03d44f794ef9-20260925T084220Z/iphonesimulator/Build/Products/Release-iphonesimulator/PicPacKit_PicPacAI.bundle /tmp/picpac-phase3-recovery-build-03d44f794ef9-20260925T084220Z/iphonesimulator/Build/Products/Release-iphonesimulator/PicPacPoe.app

SwiftDriver\ Compilation PicPacPoe normal x86_64 com.apple.xcode.tools.swift.compiler (in target 'PicPacPoe' from project 'PicPacPoe')
    cd /Users/bavabangaru/Developer/pic-pac-poe-ios-native-parity/ios
    builtin-Swift-Compilation -- /Applications/Xcode.app/Contents/Developer/Toolchains/XcodeDefault.xctoolchain/usr/bin/swiftc -module-name PicPacPoe -O -whole-module-optimization @/tmp/picpac-phase3-recovery-build-03d44f794ef9-20260925T084220Z/iphonesimulator/Build/Intermediates.noindex/PicPacPoe.build/Release-iphonesimulator/PicPacPoe.build/Objects-normal/x86_64/PicPacPoe.SwiftFileList -enable-experimental-feature DebugDescriptionMacro -sdk /Applications/Xcode.app/Contents/Developer/Platforms/iPhoneSimulator.platform/Developer/SDKs/iPhoneSimulator26.5.sdk -target x86_64-apple-ios17.0-simulator -g -module-cache-path /tmp/picpac-phase3-recovery-build-03d44f794ef9-20260925T084220Z/iphonesimulator/ModuleCache.noindex -Xfrontend -serialize-debugging-options -swift-version 6 -I /tmp/picpac-phase3-recovery-build-03d44f794ef9-20260925T084220Z/iphonesimulator/Build/Products/Release-iphonesimulator -F /tmp/picpac-phase3-recovery-build-03d44f794ef9-20260925T084220Z/iphonesimulator/Build/Products/Release-iphonesimulator/PackageFrameworks -F /tmp/picpac-phase3-recovery-build-03d44f794ef9-20260925T084220Z/iphonesimulator/Build/Products/Release-iphonesimulator/PackageFrameworks -F /tmp/picpac-phase3-recovery-build-03d44f794ef9-20260925T084220Z/iphonesimulator/Build/Products/Release-iphonesimulator/PackageFrameworks -F /tmp/picpac-phase3-recovery-build-03d44f794ef9-20260925T084220Z/iphonesimulator/Build/Products/Release-iphonesimulator -emit-localized-strings -emit-localized-strings-path /tmp/picpac-phase3-recovery-build-03d44f794ef9-20260925T084220Z/iphonesimulator/Build/Intermediates.noindex/PicPacPoe.build/Release-iphonesimulator/PicPacPoe.build/Objects-normal/x86_64 -c -num-threads 12 -Xcc -ivfsstatcache -Xcc /tmp/picpac-phase3-recovery-build-03d44f794ef9-20260925T084220Z/iphonesimulator/SDKStatCaches.noindex/iphonesimulator26.5-23F81a-6cfe768891a92b912361537c460fe42b.sdkstatcache -output-file-map /tmp/picpac-phase3-recovery-build-03d44f794ef9-20260925T084220Z/iphonesimulator/Build/Intermediates.noindex/PicPacPoe.build/Release-iphonesimulator/PicPacPoe.build/Objects-normal/x86_64/PicPacPoe-OutputFileMap.json -use-frontend-parseable-output -save-temps -no-color-diagnostics -explicit-module-build -module-cache-path /tmp/picpac-phase3-recovery-build-03d44f794ef9-20260925T084220Z/iphonesimulator/Build/Intermediates.noindex/SwiftExplicitPrecompiledModules -clang-scanner-module-cache-path /tmp/picpac-phase3-recovery-build-03d44f794ef9-20260925T084220Z/iphonesimulator/ModuleCache.noindex -sdk-module-cache-path /tmp/picpac-phase3-recovery-build-03d44f794ef9-20260925T084220Z/iphonesimulator/ModuleCache.noindex -serialize-diagnostics -emit-dependencies -emit-module -emit-module-path /tmp/picpac-phase3-recovery-build-03d44f794ef9-20260925T084220Z/iphonesimulator/Build/Intermediates.noindex/PicPacPoe.build/Release-iphonesimulator/PicPacPoe.build/Objects-normal/x86_64/PicPacPoe.swiftmodule -validate-clang-modules-once -clang-build-session-file /tmp/picpac-phase3-recovery-build-03d44f794ef9-20260925T084220Z/iphonesimulator/ModuleCache.noindex/Session.modulevalidation -Xcc -I/tmp/picpac-phase3-recovery-build-03d44f794ef9-20260925T084220Z/iphonesimulator/Build/Intermediates.noindex/PicPacPoe.build/Release-iphonesimulator/PicPacPoe.build/swift-overrides.hmap -emit-const-values -Xfrontend -const-gather-protocols-file -Xfrontend /tmp/picpac-phase3-recovery-build-03d44f794ef9-20260925T084220Z/iphonesimulator/Build/Intermediates.noindex/PicPacPoe.build/Release-iphonesimulator/PicPacPoe.build/Objects-normal/x86_64/PicPacPoe_const_extract_protocols.json -Xcc -iquote -Xcc /tmp/picpac-phase3-recovery-build-03d44f794ef9-20260925T084220Z/iphonesimulator/Build/Intermediates.noindex/PicPacPoe.build/Release-iphonesimulator/PicPacPoe.build/PicPacPoe-generated-files.hmap -Xcc -I/tmp/picpac-phase3-recovery-build-03d44f794ef9-20260925T084220Z/iphonesimulator/Build/Intermediates.noindex/PicPacPoe.build/Release-iphonesimulator/PicPacPoe.build/PicPacPoe-own-target-headers.hmap -Xcc -I/tmp/picpac-phase3-recovery-build-03d44f794ef9-20260925T084220Z/iphonesimulator/Build/Intermediates.noindex/PicPacPoe.build/Release-iphonesimulator/PicPacPoe.build/PicPacPoe-all-non-framework-target-headers.hmap -Xcc -ivfsoverlay -Xcc /tmp/picpac-phase3-recovery-build-03d44f794ef9-20260925T084220Z/iphonesimulator/Build/Intermediates.noindex/PicPacPoe.build/Release-iphonesimulator/PicPacPoe-90eff2f9d9e8600d7e53134acd1cb833-VFS-iphonesimulator/all-product-headers.yaml -Xcc -iquote -Xcc /tmp/picpac-phase3-recovery-build-03d44f794ef9-20260925T084220Z/iphonesimulator/Build/Intermediates.noindex/PicPacPoe.build/Release-iphonesimulator/PicPacPoe.build/PicPacPoe-project-headers.hmap -Xcc -I/tmp/picpac-phase3-recovery-build-03d44f794ef9-20260925T084220Z/iphonesimulator/Build/Products/Release-iphonesimulator/include -Xcc -I/tmp/picpac-phase3-recovery-build-03d44f794ef9-20260925T084220Z/iphonesimulator/Build/Intermediates.noindex/PicPacPoe.build/Release-iphonesimulator/PicPacPoe.build/DerivedSources-normal/x86_64 -Xcc -I/tmp/picpac-phase3-recovery-build-03d44f794ef9-20260925T084220Z/iphonesimulator/Build/Intermediates.noindex/PicPacPoe.build/Release-iphonesimulator/PicPacPoe.build/DerivedSources/x86_64 -Xcc -I/tmp/picpac-phase3-recovery-build-03d44f794ef9-20260925T084220Z/iphonesimulator/Build/Intermediates.noindex/PicPacPoe.build/Release-iphonesimulator/PicPacPoe.build/DerivedSources -emit-objc-header -emit-objc-header-path /tmp/picpac-phase3-recovery-build-03d44f794ef9-20260925T084220Z/iphonesimulator/Build/Intermediates.noindex/PicPacPoe.build/Release-iphonesimulator/PicPacPoe.build/Objects-normal/x86_64/PicPacPoe-Swift.h -working-directory /Users/bavabangaru/Developer/pic-pac-poe-ios-native-parity/ios -no-emit-module-separately-wmo

SwiftExplicitDependencyGeneratePcm x86_64 /tmp/picpac-phase3-recovery-build-03d44f794ef9-20260925T084220Z/iphonesimulator/ModuleCache.noindex/ptrauth-1VCTHU87N1K972RHD9ENMYECZ.pcm

SwiftExplicitDependencyGeneratePcm x86_64 /tmp/picpac-phase3-recovery-build-03d44f794ef9-20260925T084220Z/iphonesimulator/ModuleCache.noindex/_SwiftConcurrencyShims-2IHLARZT4BDBMEN6YI71NMKXD.pcm

SwiftExplicitDependencyGeneratePcm x86_64 /tmp/picpac-phase3-recovery-build-03d44f794ef9-20260925T084220Z/iphonesimulator/ModuleCache.noindex/_AvailabilityInternal-4ZYGF2TR0B1SJKKT26OGDAWKW.pcm

SwiftExplicitDependencyGeneratePcm x86_64 /tmp/picpac-phase3-recovery-build-03d44f794ef9-20260925T084220Z/iphonesimulator/ModuleCache.noindex/DeveloperToolsSupport-COC5SY4YOA1M1N3MU9ES13FTF.pcm

SwiftExplicitDependencyGeneratePcm x86_64 /tmp/picpac-phase3-recovery-build-03d44f794ef9-20260925T084220Z/iphonesimulator/ModuleCache.noindex/_Builtin_stdbool-DLE2CCFQ632PO0PRYR3AAT7AI.pcm

SwiftExplicitDependencyGeneratePcm x86_64 /tmp/picpac-phase3-recovery-build-03d44f794ef9-20260925T084220Z/iphonesimulator/ModuleCache.noindex/_Builtin_stdarg-7Q7PVGSS7A0GR7FWGRKUC0PC2.pcm

SwiftExplicitDependencyGeneratePcm x86_64 /tmp/picpac-phase3-recovery-build-03d44f794ef9-20260925T084220Z/iphonesimulator/ModuleCache.noindex/ptrcheck-33H1B7IW0O88SRNRX9B8N2GSY.pcm

SwiftExplicitDependencyGeneratePcm x86_64 /tmp/picpac-phase3-recovery-build-03d44f794ef9-20260925T084220Z/iphonesimulator/ModuleCache.noindex/_Builtin_stddef-9NVX2NEDJ4DQQDAW7GQKV22VH.pcm

SwiftExplicitDependencyGeneratePcm x86_64 /tmp/picpac-phase3-recovery-build-03d44f794ef9-20260925T084220Z/iphonesimulator/ModuleCache.noindex/SwiftShims-2K7OPL8FQONF6TKJIYTRYXWV.pcm

SwiftExplicitDependencyGeneratePcm x86_64 /tmp/picpac-phase3-recovery-build-03d44f794ef9-20260925T084220Z/iphonesimulator/ModuleCache.noindex/_Builtin_float-B9DP6Y3H8Q4CUA27ZDVD0PQ3U.pcm

SwiftDriver\ Compilation PicPacPoe normal arm64 com.apple.xcode.tools.swift.compiler (in target 'PicPacPoe' from project 'PicPacPoe')
    cd /Users/bavabangaru/Developer/pic-pac-poe-ios-native-parity/ios
    builtin-Swift-Compilation -- /Applications/Xcode.app/Contents/Developer/Toolchains/XcodeDefault.xctoolchain/usr/bin/swiftc -module-name PicPacPoe -O -whole-module-optimization @/tmp/picpac-phase3-recovery-build-03d44f794ef9-20260925T084220Z/iphonesimulator/Build/Intermediates.noindex/PicPacPoe.build/Release-iphonesimulator/PicPacPoe.build/Objects-normal/arm64/PicPacPoe.SwiftFileList -enable-experimental-feature DebugDescriptionMacro -sdk /Applications/Xcode.app/Contents/Developer/Platforms/iPhoneSimulator.platform/Developer/SDKs/iPhoneSimulator26.5.sdk -target arm64-apple-ios17.0-simulator -g -module-cache-path /tmp/picpac-phase3-recovery-build-03d44f794ef9-20260925T084220Z/iphonesimulator/ModuleCache.noindex -Xfrontend -serialize-debugging-options -swift-version 6 -I /tmp/picpac-phase3-recovery-build-03d44f794ef9-20260925T084220Z/iphonesimulator/Build/Products/Release-iphonesimulator -F /tmp/picpac-phase3-recovery-build-03d44f794ef9-20260925T084220Z/iphonesimulator/Build/Products/Release-iphonesimulator/PackageFrameworks -F /tmp/picpac-phase3-recovery-build-03d44f794ef9-20260925T084220Z/iphonesimulator/Build/Products/Release-iphonesimulator/PackageFrameworks -F /tmp/picpac-phase3-recovery-build-03d44f794ef9-20260925T084220Z/iphonesimulator/Build/Products/Release-iphonesimulator/PackageFrameworks -F /tmp/picpac-phase3-recovery-build-03d44f794ef9-20260925T084220Z/iphonesimulator/Build/Products/Release-iphonesimulator -emit-localized-strings -emit-localized-strings-path /tmp/picpac-phase3-recovery-build-03d44f794ef9-20260925T084220Z/iphonesimulator/Build/Intermediates.noindex/PicPacPoe.build/Release-iphonesimulator/PicPacPoe.build/Objects-normal/arm64 -c -num-threads 12 -Xcc -ivfsstatcache -Xcc /tmp/picpac-phase3-recovery-build-03d44f794ef9-20260925T084220Z/iphonesimulator/SDKStatCaches.noindex/iphonesimulator26.5-23F81a-6cfe768891a92b912361537c460fe42b.sdkstatcache -output-file-map /tmp/picpac-phase3-recovery-build-03d44f794ef9-20260925T084220Z/iphonesimulator/Build/Intermediates.noindex/PicPacPoe.build/Release-iphonesimulator/PicPacPoe.build/Objects-normal/arm64/PicPacPoe-OutputFileMap.json -use-frontend-parseable-output -save-temps -no-color-diagnostics -explicit-module-build -module-cache-path /tmp/picpac-phase3-recovery-build-03d44f794ef9-20260925T084220Z/iphonesimulator/Build/Intermediates.noindex/SwiftExplicitPrecompiledModules -clang-scanner-module-cache-path /tmp/picpac-phase3-recovery-build-03d44f794ef9-20260925T084220Z/iphonesimulator/ModuleCache.noindex -sdk-module-cache-path /tmp/picpac-phase3-recovery-build-03d44f794ef9-20260925T084220Z/iphonesimulator/ModuleCache.noindex -serialize-diagnostics -emit-dependencies -emit-module -emit-module-path /tmp/picpac-phase3-recovery-build-03d44f794ef9-20260925T084220Z/iphonesimulator/Build/Intermediates.noindex/PicPacPoe.build/Release-iphonesimulator/PicPacPoe.build/Objects-normal/arm64/PicPacPoe.swiftmodule -validate-clang-modules-once -clang-build-session-file /tmp/picpac-phase3-recovery-build-03d44f794ef9-20260925T084220Z/iphonesimulator/ModuleCache.noindex/Session.modulevalidation -Xcc -I/tmp/picpac-phase3-recovery-build-03d44f794ef9-20260925T084220Z/iphonesimulator/Build/Intermediates.noindex/PicPacPoe.build/Release-iphonesimulator/PicPacPoe.build/swift-overrides.hmap -emit-const-values -Xfrontend -const-gather-protocols-file -Xfrontend /tmp/picpac-phase3-recovery-build-03d44f794ef9-20260925T084220Z/iphonesimulator/Build/Intermediates.noindex/PicPacPoe.build/Release-iphonesimulator/PicPacPoe.build/Objects-normal/arm64/PicPacPoe_const_extract_protocols.json -Xcc -iquote -Xcc /tmp/picpac-phase3-recovery-build-03d44f794ef9-20260925T084220Z/iphonesimulator/Build/Intermediates.noindex/PicPacPoe.build/Release-iphonesimulator/PicPacPoe.build/PicPacPoe-generated-files.hmap -Xcc -I/tmp/picpac-phase3-recovery-build-03d44f794ef9-20260925T084220Z/iphonesimulator/Build/Intermediates.noindex/PicPacPoe.build/Release-iphonesimulator/PicPacPoe.build/PicPacPoe-own-target-headers.hmap -Xcc -I/tmp/picpac-phase3-recovery-build-03d44f794ef9-20260925T084220Z/iphonesimulator/Build/Intermediates.noindex/PicPacPoe.build/Release-iphonesimulator/PicPacPoe.build/PicPacPoe-all-non-framework-target-headers.hmap -Xcc -ivfsoverlay -Xcc /tmp/picpac-phase3-recovery-build-03d44f794ef9-20260925T084220Z/iphonesimulator/Build/Intermediates.noindex/PicPacPoe.build/Release-iphonesimulator/PicPacPoe-90eff2f9d9e8600d7e53134acd1cb833-VFS-iphonesimulator/all-product-headers.yaml -Xcc -iquote -Xcc /tmp/picpac-phase3-recovery-build-03d44f794ef9-20260925T084220Z/iphonesimulator/Build/Intermediates.noindex/PicPacPoe.build/Release-iphonesimulator/PicPacPoe.build/PicPacPoe-project-headers.hmap -Xcc -I/tmp/picpac-phase3-recovery-build-03d44f794ef9-20260925T084220Z/iphonesimulator/Build/Products/Release-iphonesimulator/include -Xcc -I/tmp/picpac-phase3-recovery-build-03d44f794ef9-20260925T084220Z/iphonesimulator/Build/Intermediates.noindex/PicPacPoe.build/Release-iphonesimulator/PicPacPoe.build/DerivedSources-normal/arm64 -Xcc -I/tmp/picpac-phase3-recovery-build-03d44f794ef9-20260925T084220Z/iphonesimulator/Build/Intermediates.noindex/PicPacPoe.build/Release-iphonesimulator/PicPacPoe.build/DerivedSources/arm64 -Xcc -I/tmp/picpac-phase3-recovery-build-03d44f794ef9-20260925T084220Z/iphonesimulator/Build/Intermediates.noindex/PicPacPoe.build/Release-iphonesimulator/PicPacPoe.build/DerivedSources -emit-objc-header -emit-objc-header-path /tmp/picpac-phase3-recovery-build-03d44f794ef9-20260925T084220Z/iphonesimulator/Build/Intermediates.noindex/PicPacPoe.build/Release-iphonesimulator/PicPacPoe.build/Objects-normal/arm64/PicPacPoe-Swift.h -working-directory /Users/bavabangaru/Developer/pic-pac-poe-ios-native-parity/ios -no-emit-module-separately-wmo

SwiftExplicitDependencyGeneratePcm arm64 /tmp/picpac-phase3-recovery-build-03d44f794ef9-20260925T084220Z/iphonesimulator/ModuleCache.noindex/_Builtin_stdbool-4Y2O84SWLKEBDCXOW883JZLOV.pcm

SwiftExplicitDependencyGeneratePcm arm64 /tmp/picpac-phase3-recovery-build-03d44f794ef9-20260925T084220Z/iphonesimulator/ModuleCache.noindex/ptrauth-DNSXOJCIKUIX0EKRFPMWT2VAX.pcm

SwiftExplicitDependencyGeneratePcm arm64 /tmp/picpac-phase3-recovery-build-03d44f794ef9-20260925T084220Z/iphonesimulator/ModuleCache.noindex/_Builtin_stddef-7A8SOTJR5V7GKWXWJLER9JYQ3.pcm

SwiftExplicitDependencyGeneratePcm arm64 /tmp/picpac-phase3-recovery-build-03d44f794ef9-20260925T084220Z/iphonesimulator/ModuleCache.noindex/_Builtin_stdarg-5LMNONNMQEU12MTHHR97YXXKU.pcm

SwiftExplicitDependencyGeneratePcm arm64 /tmp/picpac-phase3-recovery-build-03d44f794ef9-20260925T084220Z/iphonesimulator/ModuleCache.noindex/ptrcheck-98IDGN09EFYR7M1Z042612RMS.pcm

SwiftExplicitDependencyGeneratePcm arm64 /tmp/picpac-phase3-recovery-build-03d44f794ef9-20260925T084220Z/iphonesimulator/ModuleCache.noindex/SwiftShims-7WZRVRXI3JPPWZUAEQ4Z13Z9O.pcm

SwiftExplicitDependencyGeneratePcm arm64 /tmp/picpac-phase3-recovery-build-03d44f794ef9-20260925T084220Z/iphonesimulator/ModuleCache.noindex/_Builtin_float-6JI4MKOCXZMLXL9L5LCBEC33E.pcm

SwiftExplicitDependencyGeneratePcm arm64 /tmp/picpac-phase3-recovery-build-03d44f794ef9-20260925T084220Z/iphonesimulator/ModuleCache.noindex/_SwiftConcurrencyShims-74CG20P7EWVVRQVN5RW87YIGU.pcm

SwiftExplicitDependencyGeneratePcm arm64 /tmp/picpac-phase3-recovery-build-03d44f794ef9-20260925T084220Z/iphonesimulator/ModuleCache.noindex/DeveloperToolsSupport-43V9BK6L5IDN5BJIMOHENTY57.pcm

SwiftExplicitDependencyGeneratePcm arm64 /tmp/picpac-phase3-recovery-build-03d44f794ef9-20260925T084220Z/iphonesimulator/ModuleCache.noindex/_AvailabilityInternal-DT8OXCXUNUBZQGIVDBTOLNBR4.pcm

SwiftExplicitDependencyGeneratePcm x86_64 /tmp/picpac-phase3-recovery-build-03d44f794ef9-20260925T084220Z/iphonesimulator/ModuleCache.noindex/_DarwinFoundation1-CKTDGFY8MG8ZEE6A9F9MSGASM.pcm

SwiftExplicitDependencyGeneratePcm arm64 /tmp/picpac-phase3-recovery-build-03d44f794ef9-20260925T084220Z/iphonesimulator/ModuleCache.noindex/_DarwinFoundation1-54XNIXIJKN6RVRTYZ18DUKH9L.pcm

SwiftExplicitDependencyGeneratePcm x86_64 /tmp/picpac-phase3-recovery-build-03d44f794ef9-20260925T084220Z/iphonesimulator/ModuleCache.noindex/_Builtin_limits-7P30IYBFEJMS9BK3VKWYRTC57.pcm

SwiftExplicitDependencyGeneratePcm x86_64 /tmp/picpac-phase3-recovery-build-03d44f794ef9-20260925T084220Z/iphonesimulator/ModuleCache.noindex/_DarwinFoundation2-EPGY373BZ766AP4PBM62OAKA9.pcm

SwiftExplicitDependencyGeneratePcm arm64 /tmp/picpac-phase3-recovery-build-03d44f794ef9-20260925T084220Z/iphonesimulator/ModuleCache.noindex/_DarwinFoundation2-BLX2TDFE0LV6SX8OB8G46JAFJ.pcm

SwiftExplicitDependencyGeneratePcm arm64 /tmp/picpac-phase3-recovery-build-03d44f794ef9-20260925T084220Z/iphonesimulator/ModuleCache.noindex/_Builtin_limits-1L0BFQB4QTJ1C84FPCAGDY0P7.pcm

SwiftExplicitDependencyGeneratePcm x86_64 /tmp/picpac-phase3-recovery-build-03d44f794ef9-20260925T084220Z/iphonesimulator/ModuleCache.noindex/_Builtin_stdint-E9HXCHR48YID8APZSJYR3MK83.pcm

SwiftExplicitDependencyGeneratePcm x86_64 /tmp/picpac-phase3-recovery-build-03d44f794ef9-20260925T084220Z/iphonesimulator/ModuleCache.noindex/sys_types-C079PODF660PN0OF2TOF6X061.pcm

SwiftExplicitDependencyGeneratePcm x86_64 /tmp/picpac-phase3-recovery-build-03d44f794ef9-20260925T084220Z/iphonesimulator/ModuleCache.noindex/_Builtin_tgmath-EFM1IS46CUPKLG3RIY5VKXAXJ.pcm

SwiftExplicitDependencyGeneratePcm x86_64 /tmp/picpac-phase3-recovery-build-03d44f794ef9-20260925T084220Z/iphonesimulator/ModuleCache.noindex/_DarwinFoundation3-AYJTQ7AOATKCTDTMQFTC714NW.pcm

SwiftExplicitDependencyGeneratePcm x86_64 /tmp/picpac-phase3-recovery-build-03d44f794ef9-20260925T084220Z/iphonesimulator/ModuleCache.noindex/_Builtin_stdatomic-35PXIUTMC8MHCONDKM1UMW3G6.pcm

SwiftExplicitDependencyGeneratePcm arm64 /tmp/picpac-phase3-recovery-build-03d44f794ef9-20260925T084220Z/iphonesimulator/ModuleCache.noindex/_Builtin_tgmath-14TWVEU9YY04BW7Q5WGO3IHJR.pcm

SwiftExplicitDependencyGeneratePcm arm64 /tmp/picpac-phase3-recovery-build-03d44f794ef9-20260925T084220Z/iphonesimulator/ModuleCache.noindex/sys_types-3JOE2IBGGQC085POHVQXYJFR2.pcm

SwiftExplicitDependencyGeneratePcm arm64 /tmp/picpac-phase3-recovery-build-03d44f794ef9-20260925T084220Z/iphonesimulator/ModuleCache.noindex/_Builtin_stdint-4WVXS1UWV1C19LM69WJ1BNPGR.pcm

SwiftExplicitDependencyGeneratePcm arm64 /tmp/picpac-phase3-recovery-build-03d44f794ef9-20260925T084220Z/iphonesimulator/ModuleCache.noindex/_DarwinFoundation3-AS6NJZC0NT2T0TG1PA4M2MAT2.pcm

SwiftExplicitDependencyGeneratePcm arm64 /tmp/picpac-phase3-recovery-build-03d44f794ef9-20260925T084220Z/iphonesimulator/ModuleCache.noindex/_Builtin_intrinsics-64NHKM9SCK0ZFHV14T341GN0D.pcm

SwiftExplicitDependencyGeneratePcm arm64 /tmp/picpac-phase3-recovery-build-03d44f794ef9-20260925T084220Z/iphonesimulator/ModuleCache.noindex/_Builtin_stdatomic-6HWHMKZHGEFMLGWBG7AZDDAOD.pcm

SwiftExplicitDependencyGeneratePcm x86_64 /tmp/picpac-phase3-recovery-build-03d44f794ef9-20260925T084220Z/iphonesimulator/ModuleCache.noindex/_Builtin_intrinsics-8MVG8L5ARG0DILH0PVMI04TZC.pcm

SwiftExplicitDependencyGeneratePcm x86_64 /tmp/picpac-phase3-recovery-build-03d44f794ef9-20260925T084220Z/iphonesimulator/ModuleCache.noindex/_Builtin_inttypes-DY68W90CB41TQVP2VXXWES1I2.pcm

SwiftExplicitDependencyGeneratePcm x86_64 /tmp/picpac-phase3-recovery-build-03d44f794ef9-20260925T084220Z/iphonesimulator/ModuleCache.noindex/Darwin-70TGS2E6GD0DFELHGFE8L0YEL.pcm

SwiftExplicitDependencyGeneratePcm arm64 /tmp/picpac-phase3-recovery-build-03d44f794ef9-20260925T084220Z/iphonesimulator/ModuleCache.noindex/_Builtin_inttypes-3NFF5J9TA7VF1G0AAMANSNZ7X.pcm

SwiftExplicitDependencyGeneratePcm arm64 /tmp/picpac-phase3-recovery-build-03d44f794ef9-20260925T084220Z/iphonesimulator/ModuleCache.noindex/Darwin-ECCHQRAQY52LVK426LX2FQSDK.pcm

SwiftExplicitDependencyGeneratePcm arm64 /tmp/picpac-phase3-recovery-build-03d44f794ef9-20260925T084220Z/iphonesimulator/ModuleCache.noindex/simd-577TSO7GML3VVJY2W4S1EZ63F.pcm

SwiftExplicitDependencyGeneratePcm x86_64 /tmp/picpac-phase3-recovery-build-03d44f794ef9-20260925T084220Z/iphonesimulator/ModuleCache.noindex/ObjectiveC-6HYC0CBS62ETJ54EVO1KUQHEY.pcm

SwiftExplicitDependencyGeneratePcm x86_64 /tmp/picpac-phase3-recovery-build-03d44f794ef9-20260925T084220Z/iphonesimulator/ModuleCache.noindex/MachO-C936H7ILFE2L6NHASBUZ9F8CZ.pcm

SwiftExplicitDependencyGeneratePcm x86_64 /tmp/picpac-phase3-recovery-build-03d44f794ef9-20260925T084220Z/iphonesimulator/ModuleCache.noindex/simd-2USUKW16WJMOASEPRLIZHZJGG.pcm

SwiftExplicitDependencyGeneratePcm x86_64 /tmp/picpac-phase3-recovery-build-03d44f794ef9-20260925T084220Z/iphonesimulator/ModuleCache.noindex/os_object-EYUSMF11BM4XZQUNAEW7QI3EQ.pcm

SwiftExplicitDependencyGeneratePcm arm64 /tmp/picpac-phase3-recovery-build-03d44f794ef9-20260925T084220Z/iphonesimulator/ModuleCache.noindex/MachO-9WZYM0VR4CIA8IY6WIW6HQLEV.pcm

SwiftExplicitDependencyGeneratePcm arm64 /tmp/picpac-phase3-recovery-build-03d44f794ef9-20260925T084220Z/iphonesimulator/ModuleCache.noindex/ObjectiveC-ETYKKBZRYFEIUS3P8R1Q0J0FZ.pcm

SwiftExplicitDependencyGeneratePcm x86_64 /tmp/picpac-phase3-recovery-build-03d44f794ef9-20260925T084220Z/iphonesimulator/ModuleCache.noindex/os_workgroup-8EG9371O1XIITQ66VG74OFBVS.pcm

SwiftExplicitDependencyGeneratePcm arm64 /tmp/picpac-phase3-recovery-build-03d44f794ef9-20260925T084220Z/iphonesimulator/ModuleCache.noindex/os_object-D8EJCD3M9IPFYYQZV60SK5W1W.pcm

SwiftExplicitDependencyGeneratePcm x86_64 /tmp/picpac-phase3-recovery-build-03d44f794ef9-20260925T084220Z/iphonesimulator/ModuleCache.noindex/Dispatch-8IT21NRDVN0T9J386B3CZVHE8.pcm

SwiftExplicitDependencyGeneratePcm arm64 /tmp/picpac-phase3-recovery-build-03d44f794ef9-20260925T084220Z/iphonesimulator/ModuleCache.noindex/os_workgroup-EDSXFRR6LNHAJ9IY8BB62LJNI.pcm

SwiftExplicitDependencyGeneratePcm x86_64 /tmp/picpac-phase3-recovery-build-03d44f794ef9-20260925T084220Z/iphonesimulator/ModuleCache.noindex/CoreFoundation-EYAJ9I2M9033KKV4LC1DHGXMZ.pcm

SwiftExplicitDependencyGeneratePcm x86_64 /tmp/picpac-phase3-recovery-build-03d44f794ef9-20260925T084220Z/iphonesimulator/ModuleCache.noindex/dnssd-B5C20BTJLC9H0ZZ3FGJOJXOO4.pcm

SwiftExplicitDependencyGeneratePcm x86_64 /tmp/picpac-phase3-recovery-build-03d44f794ef9-20260925T084220Z/iphonesimulator/ModuleCache.noindex/XPC-64M6L50WEGF6L926BR90DDSPI.pcm

SwiftExplicitDependencyGeneratePcm arm64 /tmp/picpac-phase3-recovery-build-03d44f794ef9-20260925T084220Z/iphonesimulator/ModuleCache.noindex/Dispatch-4Y5O8YZ06CQALEBPR3X6DPBP9.pcm

SwiftExplicitDependencyGeneratePcm arm64 /tmp/picpac-phase3-recovery-build-03d44f794ef9-20260925T084220Z/iphonesimulator/ModuleCache.noindex/Spatial-6L2TE4A7BX0UD0ETM5SIJZM8.pcm

SwiftExplicitDependencyGeneratePcm x86_64 /tmp/picpac-phase3-recovery-build-03d44f794ef9-20260925T084220Z/iphonesimulator/ModuleCache.noindex/os-54O9G23W3OVXXKZDW4WUFWBS2.pcm

SwiftExplicitDependencyGeneratePcm arm64 /tmp/picpac-phase3-recovery-build-03d44f794ef9-20260925T084220Z/iphonesimulator/ModuleCache.noindex/CoreFoundation-5IALJN6URQPP5O80CCV69IYPT.pcm

SwiftExplicitDependencyGeneratePcm arm64 /tmp/picpac-phase3-recovery-build-03d44f794ef9-20260925T084220Z/iphonesimulator/ModuleCache.noindex/dnssd-2SKE2FZCIGPUK3P7JFJF729M2.pcm

SwiftExplicitDependencyGeneratePcm arm64 /tmp/picpac-phase3-recovery-build-03d44f794ef9-20260925T084220Z/iphonesimulator/ModuleCache.noindex/XPC-3QWPFGLQLEZOOKRIKLAAD0NT5.pcm

SwiftExplicitDependencyGeneratePcm x86_64 /tmp/picpac-phase3-recovery-build-03d44f794ef9-20260925T084220Z/iphonesimulator/ModuleCache.noindex/CoreGraphics-63KZJAW6251WRWIPAR5T928PL.pcm

SwiftExplicitDependencyGeneratePcm x86_64 /tmp/picpac-phase3-recovery-build-03d44f794ef9-20260925T084220Z/iphonesimulator/ModuleCache.noindex/Security-1DNJBSYFN3AOVEFZIR9YT12TA.pcm

SwiftExplicitDependencyGeneratePcm x86_64 /tmp/picpac-phase3-recovery-build-03d44f794ef9-20260925T084220Z/iphonesimulator/ModuleCache.noindex/CFNetwork-730H6EYAIX0KRONQTV2SOD4IW.pcm

SwiftExplicitDependencyGeneratePcm x86_64 /tmp/picpac-phase3-recovery-build-03d44f794ef9-20260925T084220Z/iphonesimulator/ModuleCache.noindex/CoreAudioTypes-3KBANQTDUZLVA5A622TTR3ZWJ.pcm

SwiftExplicitDependencyGeneratePcm x86_64 /tmp/picpac-phase3-recovery-build-03d44f794ef9-20260925T084220Z/iphonesimulator/ModuleCache.noindex/CoreAudio-ASROKMD38VY79QHBN66V3MC6V.pcm

SwiftExplicitDependencyGeneratePcm arm64 /tmp/picpac-phase3-recovery-build-03d44f794ef9-20260925T084220Z/iphonesimulator/ModuleCache.noindex/os-9TDXUYBTKS8TN76AF7PTAYL3B.pcm

SwiftExplicitDependencyGeneratePcm x86_64 /tmp/picpac-phase3-recovery-build-03d44f794ef9-20260925T084220Z/iphonesimulator/ModuleCache.noindex/Spatial-31IP47IJ7EFUIJDCYFV4DI674.pcm

SwiftExplicitDependencyGeneratePcm x86_64 /tmp/picpac-phase3-recovery-build-03d44f794ef9-20260925T084220Z/iphonesimulator/ModuleCache.noindex/Foundation-1PFN0HR0N46CORZY8PQ9LBSWO.pcm

SwiftExplicitDependencyGeneratePcm x86_64 /tmp/picpac-phase3-recovery-build-03d44f794ef9-20260925T084220Z/iphonesimulator/ModuleCache.noindex/ImageIO-K7KWIMRZPZKUUUI6JOJEOFJX.pcm

SwiftExplicitDependencyGeneratePcm x86_64 /tmp/picpac-phase3-recovery-build-03d44f794ef9-20260925T084220Z/iphonesimulator/ModuleCache.noindex/CoreText-36RJE56ZPDBPEKZKUKGHBNGSF.pcm

SwiftExplicitDependencyGeneratePcm arm64 /tmp/picpac-phase3-recovery-build-03d44f794ef9-20260925T084220Z/iphonesimulator/ModuleCache.noindex/CoreGraphics-ANC6IPDSPR8AIK7MHVM1U8SPJ.pcm

SwiftExplicitDependencyGeneratePcm arm64 /tmp/picpac-phase3-recovery-build-03d44f794ef9-20260925T084220Z/iphonesimulator/ModuleCache.noindex/CFNetwork-3UVT1IXS6VB4XSYDPE2T060HS.pcm

SwiftExplicitDependencyGeneratePcm arm64 /tmp/picpac-phase3-recovery-build-03d44f794ef9-20260925T084220Z/iphonesimulator/ModuleCache.noindex/CoreAudioTypes-3COW6FX4LEH3TQ4N30L8KT0TL.pcm

SwiftExplicitDependencyGeneratePcm arm64 /tmp/picpac-phase3-recovery-build-03d44f794ef9-20260925T084220Z/iphonesimulator/ModuleCache.noindex/Security-BO3CGB8BIKNI7VBJ006MPDY9G.pcm

SwiftExplicitDependencyGeneratePcm arm64 /tmp/picpac-phase3-recovery-build-03d44f794ef9-20260925T084220Z/iphonesimulator/ModuleCache.noindex/CoreAudio-6ABNQOG6QV6WCS36TFDAYCO7F.pcm

SwiftExplicitDependencyGeneratePcm arm64 /tmp/picpac-phase3-recovery-build-03d44f794ef9-20260925T084220Z/iphonesimulator/ModuleCache.noindex/Foundation-C17NBJP48B5OQI57TDSGD7IQI.pcm

SwiftExplicitDependencyGeneratePcm arm64 /tmp/picpac-phase3-recovery-build-03d44f794ef9-20260925T084220Z/iphonesimulator/ModuleCache.noindex/ImageIO-2E2OE8HM2IEVPU1COJ69OD4G1.pcm

SwiftExplicitDependencyGeneratePcm arm64 /tmp/picpac-phase3-recovery-build-03d44f794ef9-20260925T084220Z/iphonesimulator/ModuleCache.noindex/CoreText-8D0S3AFV38C047UZQV98SZF0O.pcm

SwiftExplicitDependencyGeneratePcm x86_64 /tmp/picpac-phase3-recovery-build-03d44f794ef9-20260925T084220Z/iphonesimulator/ModuleCache.noindex/UIUtilities-53MLLD1ZCVT77RDYNSRNJ4MMR.pcm

SwiftExplicitDependencyGeneratePcm x86_64 /tmp/picpac-phase3-recovery-build-03d44f794ef9-20260925T084220Z/iphonesimulator/ModuleCache.noindex/CoreData-532K2UEHMVNJWUFVEXGQ1FR29.pcm

SwiftExplicitDependencyGeneratePcm x86_64 /tmp/picpac-phase3-recovery-build-03d44f794ef9-20260925T084220Z/iphonesimulator/ModuleCache.noindex/Symbols-377E4YX9KA6CZVXW64U6SP9VG.pcm

SwiftExplicitDependencyGeneratePcm x86_64 /tmp/picpac-phase3-recovery-build-03d44f794ef9-20260925T084220Z/iphonesimulator/ModuleCache.noindex/UniformTypeIdentifiers-7MR33OF4QTIIR8Y30UHGOFSGV.pcm

SwiftExplicitDependencyGeneratePcm x86_64 /tmp/picpac-phase3-recovery-build-03d44f794ef9-20260925T084220Z/iphonesimulator/ModuleCache.noindex/OSLog-2V3W0U9USJF0KE9J5H2CN95PE.pcm

SwiftExplicitDependencyGeneratePcm x86_64 /tmp/picpac-phase3-recovery-build-03d44f794ef9-20260925T084220Z/iphonesimulator/ModuleCache.noindex/Accessibility-10MP6817PQIH2AUF00QMTUAF6.pcm

SwiftExplicitDependencyGeneratePcm x86_64 /tmp/picpac-phase3-recovery-build-03d44f794ef9-20260925T084220Z/iphonesimulator/ModuleCache.noindex/CoreTransferable-9KSQL3KJ2IGBM9GIMTC48CM07.pcm

SwiftExplicitDependencyGeneratePcm x86_64 /tmp/picpac-phase3-recovery-build-03d44f794ef9-20260925T084220Z/iphonesimulator/ModuleCache.noindex/FileProvider-8ATGT5X71PPDBK8CI67ZULTB4.pcm

SwiftExplicitDependencyGeneratePcm x86_64 /tmp/picpac-phase3-recovery-build-03d44f794ef9-20260925T084220Z/iphonesimulator/ModuleCache.noindex/DataDetection-AYUBVXVFAN78Y3LAGQOP3Y7UJ.pcm

SwiftExplicitDependencyGeneratePcm x86_64 /tmp/picpac-phase3-recovery-build-03d44f794ef9-20260925T084220Z/iphonesimulator/ModuleCache.noindex/CoreMIDI-7PU9YZWB2O2DFVQOAENN2RLDG.pcm

SwiftExplicitDependencyGeneratePcm x86_64 /tmp/picpac-phase3-recovery-build-03d44f794ef9-20260925T084220Z/iphonesimulator/ModuleCache.noindex/UserNotifications-5ASGPMQE0OTA3AJYJJMBIRP1B.pcm

SwiftExplicitDependencyGeneratePcm x86_64 /tmp/picpac-phase3-recovery-build-03d44f794ef9-20260925T084220Z/iphonesimulator/ModuleCache.noindex/OpenGLES-5ACHMPPIX1I3L2BRXMFHWBW0S.pcm

SwiftExplicitDependencyGeneratePcm x86_64 /tmp/picpac-phase3-recovery-build-03d44f794ef9-20260925T084220Z/iphonesimulator/ModuleCache.noindex/IOSurface-7Z4AMU9ODABDPIUN6UXHD5XUB.pcm

SwiftExplicitDependencyGeneratePcm x86_64 /tmp/picpac-phase3-recovery-build-03d44f794ef9-20260925T084220Z/iphonesimulator/ModuleCache.noindex/Network-20QCOMF6T47X9J7N5B1MBZZ1R.pcm

SwiftExplicitDependencyGeneratePcm x86_64 /tmp/picpac-phase3-recovery-build-03d44f794ef9-20260925T084220Z/iphonesimulator/ModuleCache.noindex/AudioToolbox-3TVQDSXV0GGGG5WLSU78G8GSR.pcm

SwiftExplicitDependencyGeneratePcm x86_64 /tmp/picpac-phase3-recovery-build-03d44f794ef9-20260925T084220Z/iphonesimulator/ModuleCache.noindex/Metal-2D53HJX17CYXW1L6DD4WP2OC5.pcm

SwiftExplicitDependencyGeneratePcm arm64 /tmp/picpac-phase3-recovery-build-03d44f794ef9-20260925T084220Z/iphonesimulator/ModuleCache.noindex/UniformTypeIdentifiers-DF4FP4SIC80B1HU5I8N5A72CZ.pcm

SwiftExplicitDependencyGeneratePcm arm64 /tmp/picpac-phase3-recovery-build-03d44f794ef9-20260925T084220Z/iphonesimulator/ModuleCache.noindex/Symbols-7D71G8O3V35VRWTWN2B3XCRJM.pcm

SwiftExplicitDependencyGeneratePcm arm64 /tmp/picpac-phase3-recovery-build-03d44f794ef9-20260925T084220Z/iphonesimulator/ModuleCache.noindex/Network-1L6IOR5LIOECFPUNNS1P9R6OB.pcm

SwiftExplicitDependencyGeneratePcm arm64 /tmp/picpac-phase3-recovery-build-03d44f794ef9-20260925T084220Z/iphonesimulator/ModuleCache.noindex/OSLog-AQZHBX6ZI67078WQH5XTREGV4.pcm

SwiftExplicitDependencyGeneratePcm arm64 /tmp/picpac-phase3-recovery-build-03d44f794ef9-20260925T084220Z/iphonesimulator/ModuleCache.noindex/UserNotifications-4MWEEN7Z21LRFH0QO3GOW1BRU.pcm

SwiftExplicitDependencyGeneratePcm arm64 /tmp/picpac-phase3-recovery-build-03d44f794ef9-20260925T084220Z/iphonesimulator/ModuleCache.noindex/FileProvider-7M0ZPY3HQMB36QDWD3BUS3RHM.pcm

SwiftExplicitDependencyGeneratePcm arm64 /tmp/picpac-phase3-recovery-build-03d44f794ef9-20260925T084220Z/iphonesimulator/ModuleCache.noindex/DataDetection-8OW2Z71ABEDA8K65ILN7UJALU.pcm

SwiftExplicitDependencyGeneratePcm arm64 /tmp/picpac-phase3-recovery-build-03d44f794ef9-20260925T084220Z/iphonesimulator/ModuleCache.noindex/Accessibility-3L1IU1EB1U28OLJ0HT5IIJ0OZ.pcm

SwiftExplicitDependencyGeneratePcm arm64 /tmp/picpac-phase3-recovery-build-03d44f794ef9-20260925T084220Z/iphonesimulator/ModuleCache.noindex/OpenGLES-5OJKCZAK0PZ54ES3BDGJ8B95Y.pcm

SwiftExplicitDependencyGeneratePcm x86_64 /tmp/picpac-phase3-recovery-build-03d44f794ef9-20260925T084220Z/iphonesimulator/ModuleCache.noindex/AVRouting-5XFBC2THBZ9WUJ6U7JLJ6RVTR.pcm

SwiftExplicitDependencyGeneratePcm arm64 /tmp/picpac-phase3-recovery-build-03d44f794ef9-20260925T084220Z/iphonesimulator/ModuleCache.noindex/CoreMIDI-D5L3KCCSGIEFVVOASI94VIJGQ.pcm

SwiftExplicitDependencyGeneratePcm arm64 /tmp/picpac-phase3-recovery-build-03d44f794ef9-20260925T084220Z/iphonesimulator/ModuleCache.noindex/UIUtilities-C4VUVE3TQXNBOLNDZ4DEWRZGB.pcm

SwiftExplicitDependencyGeneratePcm arm64 /tmp/picpac-phase3-recovery-build-03d44f794ef9-20260925T084220Z/iphonesimulator/ModuleCache.noindex/IOSurface-8XWUAUMV2NBYBDCZFYCVSA0TO.pcm

SwiftExplicitDependencyGeneratePcm arm64 /tmp/picpac-phase3-recovery-build-03d44f794ef9-20260925T084220Z/iphonesimulator/ModuleCache.noindex/CoreData-8KDWW35J7JEQ2LNOM63QTTCQ.pcm

SwiftExplicitDependencyGeneratePcm arm64 /tmp/picpac-phase3-recovery-build-03d44f794ef9-20260925T084220Z/iphonesimulator/ModuleCache.noindex/CoreTransferable-CTJIUYFHBG0VNKYJK8IFSZ94D.pcm

SwiftExplicitDependencyGeneratePcm arm64 /tmp/picpac-phase3-recovery-build-03d44f794ef9-20260925T084220Z/iphonesimulator/ModuleCache.noindex/AVRouting-6AIV0T246619FANHN5MD3815F.pcm

LinkAssetCatalog /Users/bavabangaru/Developer/pic-pac-poe-ios-native-parity/ios/PicPacPoe/Assets.xcassets (in target 'PicPacPoe' from project 'PicPacPoe')
    cd /Users/bavabangaru/Developer/pic-pac-poe-ios-native-parity/ios
    builtin-linkAssetCatalog --thinned /tmp/picpac-phase3-recovery-build-03d44f794ef9-20260925T084220Z/iphonesimulator/Build/Intermediates.noindex/PicPacPoe.build/Release-iphonesimulator/PicPacPoe.build/assetcatalog_output/thinned --thinned-dependencies /tmp/picpac-phase3-recovery-build-03d44f794ef9-20260925T084220Z/iphonesimulator/Build/Intermediates.noindex/PicPacPoe.build/Release-iphonesimulator/PicPacPoe.build/assetcatalog_dependencies_thinned --thinned-info-plist-content /tmp/picpac-phase3-recovery-build-03d44f794ef9-20260925T084220Z/iphonesimulator/Build/Intermediates.noindex/PicPacPoe.build/Release-iphonesimulator/PicPacPoe.build/assetcatalog_generated_info.plist_thinned --unthinned /tmp/picpac-phase3-recovery-build-03d44f794ef9-20260925T084220Z/iphonesimulator/Build/Intermediates.noindex/PicPacPoe.build/Release-iphonesimulator/PicPacPoe.build/assetcatalog_output/unthinned --unthinned-dependencies /tmp/picpac-phase3-recovery-build-03d44f794ef9-20260925T084220Z/iphonesimulator/Build/Intermediates.noindex/PicPacPoe.build/Release-iphonesimulator/PicPacPoe.build/assetcatalog_dependencies_unthinned --unthinned-info-plist-content /tmp/picpac-phase3-recovery-build-03d44f794ef9-20260925T084220Z/iphonesimulator/Build/Intermediates.noindex/PicPacPoe.build/Release-iphonesimulator/PicPacPoe.build/assetcatalog_generated_info.plist_unthinned --output /tmp/picpac-phase3-recovery-build-03d44f794ef9-20260925T084220Z/iphonesimulator/Build/Products/Release-iphonesimulator/PicPacPoe.app --plist-output /tmp/picpac-phase3-recovery-build-03d44f794ef9-20260925T084220Z/iphonesimulator/Build/Intermediates.noindex/PicPacPoe.build/Release-iphonesimulator/PicPacPoe.build/assetcatalog_generated_info.plist
note: Emplaced /tmp/picpac-phase3-recovery-build-03d44f794ef9-20260925T084220Z/iphonesimulator/Build/Products/Release-iphonesimulator/PicPacPoe.app/AppIcon60x60@2x.png (in target 'PicPacPoe' from project 'PicPacPoe')
note: Emplaced /tmp/picpac-phase3-recovery-build-03d44f794ef9-20260925T084220Z/iphonesimulator/Build/Products/Release-iphonesimulator/PicPacPoe.app/Assets.car (in target 'PicPacPoe' from project 'PicPacPoe')
note: Emplaced /tmp/picpac-phase3-recovery-build-03d44f794ef9-20260925T084220Z/iphonesimulator/Build/Products/Release-iphonesimulator/PicPacPoe.app/AppIcon76x76@2x~ipad.png (in target 'PicPacPoe' from project 'PicPacPoe')

ProcessInfoPlistFile /tmp/picpac-phase3-recovery-build-03d44f794ef9-20260925T084220Z/iphonesimulator/Build/Products/Release-iphonesimulator/PicPacPoe.app/Info.plist /Users/bavabangaru/Developer/pic-pac-poe-ios-native-parity/ios/PicPacPoe/Info.plist (in target 'PicPacPoe' from project 'PicPacPoe')
    cd /Users/bavabangaru/Developer/pic-pac-poe-ios-native-parity/ios
    builtin-infoPlistUtility /Users/bavabangaru/Developer/pic-pac-poe-ios-native-parity/ios/PicPacPoe/Info.plist -producttype com.apple.product-type.application -genpkginfo /tmp/picpac-phase3-recovery-build-03d44f794ef9-20260925T084220Z/iphonesimulator/Build/Products/Release-iphonesimulator/PicPacPoe.app/PkgInfo -expandbuildsettings -format binary -platform iphonesimulator -additionalcontentfile /tmp/picpac-phase3-recovery-build-03d44f794ef9-20260925T084220Z/iphonesimulator/Build/Intermediates.noindex/PicPacPoe.build/Release-iphonesimulator/PicPacPoe.build/assetcatalog_generated_info.plist -scanforprivacyfile /tmp/picpac-phase3-recovery-build-03d44f794ef9-20260925T084220Z/iphonesimulator/Build/Products/Release-iphonesimulator/PicPacPoe.app/PicPacKit_PicPacAI.bundle -o /tmp/picpac-phase3-recovery-build-03d44f794ef9-20260925T084220Z/iphonesimulator/Build/Products/Release-iphonesimulator/PicPacPoe.app/Info.plist

SwiftExplicitDependencyGeneratePcm arm64 /tmp/picpac-phase3-recovery-build-03d44f794ef9-20260925T084220Z/iphonesimulator/ModuleCache.noindex/Metal-EMEQZOYVA9KW9BZTR25HS8UDZ.pcm

SwiftExplicitDependencyGeneratePcm arm64 /tmp/picpac-phase3-recovery-build-03d44f794ef9-20260925T084220Z/iphonesimulator/ModuleCache.noindex/AudioToolbox-97W0S8OVRCHVTM2DHVKM8G7EW.pcm

SwiftExplicitDependencyGeneratePcm x86_64 /tmp/picpac-phase3-recovery-build-03d44f794ef9-20260925T084220Z/iphonesimulator/ModuleCache.noindex/CoreVideo-8EK6FK2WH4DXRQW77MY2D48S2.pcm

SwiftExplicitDependencyGeneratePcm x86_64 /tmp/picpac-phase3-recovery-build-03d44f794ef9-20260925T084220Z/iphonesimulator/ModuleCache.noindex/CoreMedia-E758BC61CD98FYKI7IUQBL9WF.pcm

SwiftExplicitDependencyGeneratePcm x86_64 /tmp/picpac-phase3-recovery-build-03d44f794ef9-20260925T084220Z/iphonesimulator/ModuleCache.noindex/CoreImage-EGR6AKR5ORYR5DQDNTJY711Q9.pcm

SwiftExplicitDependencyGeneratePcm x86_64 /tmp/picpac-phase3-recovery-build-03d44f794ef9-20260925T084220Z/iphonesimulator/ModuleCache.noindex/QuartzCore-CWSLXRCMC2BDTQBD2BB4RTQHB.pcm

SwiftExplicitDependencyGeneratePcm arm64 /tmp/picpac-phase3-recovery-build-03d44f794ef9-20260925T084220Z/iphonesimulator/ModuleCache.noindex/CoreVideo-30WV48BB6B2GD75WDEV2OY8C9.pcm

SwiftExplicitDependencyGeneratePcm x86_64 /tmp/picpac-phase3-recovery-build-03d44f794ef9-20260925T084220Z/iphonesimulator/ModuleCache.noindex/SwiftUICore-AVC1L88VV4FB5GFCDX0XKXGKZ.pcm

SwiftExplicitDependencyGeneratePcm x86_64 /tmp/picpac-phase3-recovery-build-03d44f794ef9-20260925T084220Z/iphonesimulator/ModuleCache.noindex/UIKit-3F71MG8K2O08VGAAXIV70XCEU.pcm

SwiftExplicitDependencyGeneratePcm x86_64 /tmp/picpac-phase3-recovery-build-03d44f794ef9-20260925T084220Z/iphonesimulator/ModuleCache.noindex/AVFAudio-NMSNIYWOJQA48VAOYUZM1SZU.pcm

SwiftExplicitDependencyGeneratePcm x86_64 /tmp/picpac-phase3-recovery-build-03d44f794ef9-20260925T084220Z/iphonesimulator/ModuleCache.noindex/MediaToolbox-BK5KGENZJSMKRWPOFXYQJ77LI.pcm

SwiftExplicitDependencyGeneratePcm arm64 /tmp/picpac-phase3-recovery-build-03d44f794ef9-20260925T084220Z/iphonesimulator/ModuleCache.noindex/QuartzCore-AZ5BAV3FNDH7WC8QW2BNULUK4.pcm

SwiftExplicitDependencyGeneratePcm arm64 /tmp/picpac-phase3-recovery-build-03d44f794ef9-20260925T084220Z/iphonesimulator/ModuleCache.noindex/CoreImage-BABO11FKWF1S52FR8CHJ4EYHM.pcm

SwiftExplicitDependencyGeneratePcm arm64 /tmp/picpac-phase3-recovery-build-03d44f794ef9-20260925T084220Z/iphonesimulator/ModuleCache.noindex/CoreMedia-1S0EUGWOMMEW5PS0UFNE21U2O.pcm

SwiftExplicitDependencyGeneratePcm arm64 /tmp/picpac-phase3-recovery-build-03d44f794ef9-20260925T084220Z/iphonesimulator/ModuleCache.noindex/SwiftUICore-180ZUC4R35Z0YJLT16W19VR2A.pcm

SwiftExplicitDependencyGeneratePcm x86_64 /tmp/picpac-phase3-recovery-build-03d44f794ef9-20260925T084220Z/iphonesimulator/ModuleCache.noindex/AVFoundation-4Y49X9RH5E853WWQ8XZCHZC8J.pcm

SwiftExplicitDependencyGeneratePcm arm64 /tmp/picpac-phase3-recovery-build-03d44f794ef9-20260925T084220Z/iphonesimulator/ModuleCache.noindex/UIKit-EW859ENM5UP03YYF1B0RT8KWJ.pcm

SwiftExplicitDependencyGeneratePcm arm64 /tmp/picpac-phase3-recovery-build-03d44f794ef9-20260925T084220Z/iphonesimulator/ModuleCache.noindex/AVFAudio-5PGAK01FQD28U7CLFWAFX85CQ.pcm

SwiftExplicitDependencyGeneratePcm arm64 /tmp/picpac-phase3-recovery-build-03d44f794ef9-20260925T084220Z/iphonesimulator/ModuleCache.noindex/MediaToolbox-ANEGMX79NRSK7UQ7683ULPAU6.pcm

SwiftExplicitDependencyGeneratePcm arm64 /tmp/picpac-phase3-recovery-build-03d44f794ef9-20260925T084220Z/iphonesimulator/ModuleCache.noindex/AVFoundation-WLYOE6HSVCDICKG51K9DBPNO.pcm

SwiftExplicitDependencyGeneratePcm x86_64 /tmp/picpac-phase3-recovery-build-03d44f794ef9-20260925T084220Z/iphonesimulator/ModuleCache.noindex/SwiftUI-CGYN3O62T3V7PTYXF9E4P2ZJE.pcm

SwiftCompile normal x86_64 Compiling\ PicPacPoeApp.swift,\ FormTheme.swift,\ PhysicalBoard.swift,\ HomeView.swift,\ GameView.swift,\ InfoViews.swift,\ FeedbackService.swift,\ DebugLaunchConfiguration.swift,\ ProductionAIWorker.swift,\ GeneratedAssetSymbols.swift /Users/bavabangaru/Developer/pic-pac-poe-ios-native-parity/ios/PicPacPoe/PicPacPoeApp.swift /Users/bavabangaru/Developer/pic-pac-poe-ios-native-parity/ios/PicPacPoe/FormTheme.swift /Users/bavabangaru/Developer/pic-pac-poe-ios-native-parity/ios/PicPacPoe/PhysicalBoard.swift /Users/bavabangaru/Developer/pic-pac-poe-ios-native-parity/ios/PicPacPoe/HomeView.swift /Users/bavabangaru/Developer/pic-pac-poe-ios-native-parity/ios/PicPacPoe/GameView.swift /Users/bavabangaru/Developer/pic-pac-poe-ios-native-parity/ios/PicPacPoe/InfoViews.swift /Users/bavabangaru/Developer/pic-pac-poe-ios-native-parity/ios/PicPacPoe/FeedbackService.swift /Users/bavabangaru/Developer/pic-pac-poe-ios-native-parity/ios/PicPacPoe/DebugLaunchConfiguration.swift /Users/bavabangaru/Developer/pic-pac-poe-ios-native-parity/ios/PicPacPoe/ProductionAIWorker.swift /tmp/picpac-phase3-recovery-build-03d44f794ef9-20260925T084220Z/iphonesimulator/Build/Intermediates.noindex/PicPacPoe.build/Release-iphonesimulator/PicPacPoe.build/DerivedSources/GeneratedAssetSymbols.swift /Applications/Xcode.app/Contents/Developer/Toolchains/XcodeDefault.xctoolchain/usr/lib/swift/iphonesimulator/prebuilt-modules/26.5/Accessibility.swiftmodule/x86_64-apple-ios-simulator.swiftmodule /Applications/Xcode.app/Contents/Developer/Toolchains/XcodeDefault.xctoolchain/usr/lib/swift/iphonesimulator/prebuilt-modules/26.5/Foundation.swiftmodule/x86_64-apple-ios-simulator.swiftmodule /Applications/Xcode.app/Contents/Developer/Toolchains/XcodeDefault.xctoolchain/usr/lib/swift/iphonesimulator/prebuilt-modules/26.5/Combine.swiftmodule/x86_64-apple-ios-simulator.swiftmodule /Applications/Xcode.app/Contents/Developer/Toolchains/XcodeDefault.xctoolchain/usr/lib/swift/iphonesimulator/prebuilt-modules/26.5/CoreFoundation.swiftmodule/x86_64-apple-ios-simulator.swiftmodule /Applications/Xcode.app/Contents/Developer/Toolchains/XcodeDefault.xctoolchain/usr/lib/swift/iphonesimulator/prebuilt-modules/26.5/_DarwinFoundation2.swiftmodule/x86_64-apple-ios-simulator.swiftmodule /Applications/Xcode.app/Contents/Developer/Toolchains/XcodeDefault.xctoolchain/usr/lib/swift/iphonesimulator/prebuilt-modules/26.5/Metal.swiftmodule/x86_64-apple-ios-simulator.swiftmodule /Applications/Xcode.app/Contents/Developer/Toolchains/XcodeDefault.xctoolchain/usr/lib/swift/iphonesimulator/prebuilt-modules/26.5/Swift.swiftmodule/x86_64-apple-ios-simulator.swiftmodule /Applications/Xcode.app/Contents/Developer/Toolchains/XcodeDefault.xctoolchain/usr/lib/swift/iphonesimulator/prebuilt-modules/26.5/SwiftUI.swiftmodule/x86_64-apple-ios-simulator.swiftmodule /Applications/Xcode.app/Contents/Developer/Toolchains/XcodeDefault.xctoolchain/usr/lib/swift/iphonesimulator/prebuilt-modules/26.5/AVFAudio.swiftmodule/x86_64-apple-ios-simulator.swiftmodule /Applications/Xcode.app/Contents/Developer/Toolchains/XcodeDefault.xctoolchain/usr/lib/swift/iphonesimulator/prebuilt-modules/26.5/UIKit.swiftmodule/x86_64-apple-ios-simulator.swiftmodule /Applications/Xcode.app/Contents/Developer/Toolchains/XcodeDefault.xctoolchain/usr/lib/swift/iphonesimulator/prebuilt-modules/26.5/UniformTypeIdentifiers.swiftmodule/x86_64-apple-ios-simulator.swiftmodule /Applications/Xcode.app/Contents/Developer/Toolchains/XcodeDefault.xctoolchain/usr/lib/swift/iphonesimulator/prebuilt-modules/26.5/os.swiftmodule/x86_64-apple-ios-simulator.swiftmodule /Applications/Xcode.app/Contents/Developer/Toolchains/XcodeDefault.xctoolchain/usr/lib/swift/iphonesimulator/prebuilt-modules/26.5/CoreImage.swiftmodule/x86_64-apple-ios-simulator.swiftmodule /Applications/Xcode.app/Contents/Developer/Toolchains/XcodeDefault.xctoolchain/usr/lib/swift/iphonesimulator/prebuilt-modules/26.5/Synchronization.swiftmodule/x86_64-apple-ios-simulator.swiftmodule /Applications/Xcode.app/Contents/Developer/Toolchains/XcodeDefault.xctoolchain/usr/lib/swift/iphonesimulator/prebuilt-modules/26.5/CoreAudio.swiftmodule/x86_64-apple-ios-simulator.swiftmodule /tmp/picpac-phase3-recovery-build-03d44f794ef9-20260925T084220Z/iphonesimulator/Build/Products/Release-iphonesimulator/PicPacPresentation.swiftmodule/x86_64-apple-ios-simulator.swiftmodule /Applications/Xcode.app/Contents/Developer/Toolchains/XcodeDefault.xctoolchain/usr/lib/swift/iphonesimulator/prebuilt-modules/26.5/System.swiftmodule/x86_64-apple-ios-simulator.swiftmodule /Applications/Xcode.app/Contents/Developer/Toolchains/XcodeDefault.xctoolchain/usr/lib/swift/iphonesimulator/prebuilt-modules/26.5/_StringProcessing.swiftmodule/x86_64-apple-ios-simulator.swiftmodule /Applications/Xcode.app/Contents/Developer/Toolchains/XcodeDefault.xctoolchain/usr/lib/swift/iphonesimulator/prebuilt-modules/26.5/_DarwinFoundation1.swiftmodule/x86_64-apple-ios-simulator.swiftmodule /tmp/picpac-phase3-recovery-build-03d44f794ef9-20260925T084220Z/iphonesimulator/Build/Products/Release-iphonesimulator/PicPacCore.swiftmodule/x86_64-apple-ios-simulator.swiftmodule /Applications/Xcode.app/Contents/Developer/Toolchains/XcodeDefault.xctoolchain/usr/lib/swift/iphonesimulator/prebuilt-modules/26.5/CoreText.swiftmodule/x86_64-apple-ios-simulator.swiftmodule /Applications/Xcode.app/Contents/Developer/Toolchains/XcodeDefault.xctoolchain/usr/lib/swift/iphonesimulator/prebuilt-modules/26.5/CoreTransferable.swiftmodule/x86_64-apple-ios-simulator.swiftmodule /Applications/Xcode.app/Contents/Developer/Toolchains/XcodeDefault.xctoolchain/usr/lib/swift/iphonesimulator/prebuilt-modules/26.5/_DarwinFoundation3.swiftmodule/x86_64-apple-ios-simulator.swiftmodule /Applications/Xcode.app/Contents/Developer/Toolchains/XcodeDefault.xctoolchain/usr/lib/swift/iphonesimulator/prebuilt-modules/26.5/CoreMIDI.swiftmodule/x86_64-apple-ios-simulator.swiftmodule /Applications/Xcode.app/Contents/Developer/Toolchains/XcodeDefault.xctoolchain/usr/lib/swift/iphonesimulator/prebuilt-modules/26.5/AVFoundation.swiftmodule/x86_64-apple-ios-simulator.swiftmodule /Applications/Xcode.app/Contents/Developer/Toolchains/XcodeDefault.xctoolchain/usr/lib/swift/iphonesimulator/prebuilt-modules/26.5/Observation.swiftmodule/x86_64-apple-ios-simulator.swiftmodule /Applications/Xcode.app/Contents/Developer/Toolchains/XcodeDefault.xctoolchain/usr/lib/swift/iphonesimulator/prebuilt-modules/26.5/CoreGraphics.swiftmodule/x86_64-apple-ios-simulator.swiftmodule /Applications/Xcode.app/Contents/Developer/Toolchains/XcodeDefault.xctoolchain/usr/lib/swift/iphonesimulator/prebuilt-modules/26.5/Spatial.swiftmodule/x86_64-apple-ios-simulator.swiftmodule /Applications/Xcode.app/Contents/Developer/Toolchains/XcodeDefault.xctoolchain/usr/lib/swift/iphonesimulator/prebuilt-modules/26.5/QuartzCore.swiftmodule/x86_64-apple-ios-simulator.swiftmodule /Applications/Xcode.app/Contents/Developer/Toolchains/XcodeDefault.xctoolchain/usr/lib/swift/iphonesimulator/prebuilt-modules/26.5/SwiftUICore.swiftmodule/x86_64-apple-ios-simulator.swiftmodule /Applications/Xcode.app/Contents/Developer/Toolchains/XcodeDefault.xctoolchain/usr/lib/swift/iphonesimulator/prebuilt-modules/26.5/CoreData.swiftmodule/x86_64-apple-ios-simulator.swiftmodule /Applications/Xcode.app/Contents/Developer/Toolchains/XcodeDefault.xctoolchain/usr/lib/swift/iphonesimulator/prebuilt-modules/26.5/CoreVideo.swiftmodule/x86_64-apple-ios-simulator.swiftmodule /Applications/Xcode.app/Contents/Developer/Toolchains/XcodeDefault.xctoolchain/usr/lib/swift/iphonesimulator/prebuilt-modules/26.5/DataDetection.swiftmodule/x86_64-apple-ios-simulator.swiftmodule /Applications/Xcode.app/Contents/Developer/Toolchains/XcodeDefault.xctoolchain/usr/lib/swift/iphonesimulator/prebuilt-modules/26.5/OSLog.swiftmodule/x86_64-apple-ios-simulator.swiftmodule /Applications/Xcode.app/Contents/Developer/Toolchains/XcodeDefault.xctoolchain/usr/lib/swift/iphonesimulator/prebuilt-modules/26.5/CoreMedia.swiftmodule/x86_64-apple-ios-simulator.swiftmodule /Applications/Xcode.app/Contents/Developer/Toolchains/XcodeDefault.xctoolchain/usr/lib/swift/iphonesimulator/prebuilt-modules/26.5/_Concurrency.swiftmodule/x86_64-apple-ios-simulator.swiftmodule /Applications/Xcode.app/Contents/Developer/Toolchains/XcodeDefault.xctoolchain/usr/lib/swift/iphonesimulator/prebuilt-modules/26.5/simd.swiftmodule/x86_64-apple-ios-simulator.swiftmodule /Applications/Xcode.app/Contents/Developer/Toolchains/XcodeDefault.xctoolchain/usr/lib/swift/iphonesimulator/prebuilt-modules/26.5/FileProvider.swiftmodule/x86_64-apple-ios-simulator.swiftmodule /Applications/Xcode.app/Contents/Developer/Toolchains/XcodeDefault.xctoolchain/usr/lib/swift/iphonesimulator/prebuilt-modules/26.5/XPC.swiftmodule/x86_64-apple-ios-simulator.swiftmodule /tmp/picpac-phase3-recovery-build-03d44f794ef9-20260925T084220Z/iphonesimulator/Build/Products/Release-iphonesimulator/PicPacAI.swiftmodule/x86_64-apple-ios-simulator.swiftmodule /Applications/Xcode.app/Contents/Developer/Toolchains/XcodeDefault.xctoolchain/usr/lib/swift/iphonesimulator/prebuilt-modules/26.5/ObjectiveC.swiftmodule/x86_64-apple-ios-simulator.swiftmodule /Applications/Xcode.app/Contents/Developer/Toolchains/XcodeDefault.xctoolchain/usr/lib/swift/iphonesimulator/prebuilt-modules/26.5/DeveloperToolsSupport.swiftmodule/x86_64-apple-ios-simulator.swiftmodule /Applications/Xcode.app/Contents/Developer/Toolchains/XcodeDefault.xctoolchain/usr/lib/swift/iphonesimulator/prebuilt-modules/26.5/Darwin.swiftmodule/x86_64-apple-ios-simulator.swiftmodule /Applications/Xcode.app/Contents/Developer/Toolchains/XcodeDefault.xctoolchain/usr/lib/swift/iphonesimulator/prebuilt-modules/26.5/Dispatch.swiftmodule/x86_64-apple-ios-simulator.swiftmodule /Applications/Xcode.app/Contents/Developer/Toolchains/XcodeDefault.xctoolchain/usr/lib/swift/iphonesimulator/prebuilt-modules/26.5/Symbols.swiftmodule/x86_64-apple-ios-simulator.swiftmodule /Applications/Xcode.app/Contents/Developer/Toolchains/XcodeDefault.xctoolchain/usr/lib/swift/iphonesimulator/prebuilt-modules/26.5/AudioToolbox.swiftmodule/x86_64-apple-ios-simulator.swiftmodule /Applications/Xcode.app/Contents/Developer/Toolchains/XcodeDefault.xctoolchain/usr/lib/swift/iphonesimulator/prebuilt-modules/26.5/_Builtin_float.swiftmodule/x86_64-apple-ios-simulator.swiftmodule /tmp/picpac-phase3-recovery-build-03d44f794ef9-20260925T084220Z/iphonesimulator/ModuleCache.noindex/os_object-EYUSMF11BM4XZQUNAEW7QI3EQ.pcm /tmp/picpac-phase3-recovery-build-03d44f794ef9-20260925T084220Z/iphonesimulator/ModuleCache.noindex/CoreGraphics-63KZJAW6251WRWIPAR5T928PL.pcm /tmp/picpac-phase3-recovery-build-03d44f794ef9-20260925T084220Z/iphonesimulator/ModuleCache.noindex/_Builtin_stdbool-DLE2CCFQ632PO0PRYR3AAT7AI.pcm /tmp/picpac-phase3-recovery-build-03d44f794ef9-20260925T084220Z/iphonesimulator/ModuleCache.noindex/MachO-C936H7ILFE2L6NHASBUZ9F8CZ.pcm /tmp/picpac-phase3-recovery-build-03d44f794ef9-20260925T084220Z/iphonesimulator/ModuleCache.noindex/Dispatch-8IT21NRDVN0T9J386B3CZVHE8.pcm /tmp/picpac-phase3-recovery-build-03d44f794ef9-20260925T084220Z/iphonesimulator/ModuleCache.noindex/AudioToolbox-3TVQDSXV0GGGG5WLSU78G8GSR.pcm /tmp/picpac-phase3-recovery-build-03d44f794ef9-20260925T084220Z/iphonesimulator/ModuleCache.noindex/CoreData-532K2UEHMVNJWUFVEXGQ1FR29.pcm /tmp/picpac-phase3-recovery-build-03d44f794ef9-20260925T084220Z/iphonesimulator/ModuleCache.noindex/_DarwinFoundation1-CKTDGFY8MG8ZEE6A9F9MSGASM.pcm /tmp/picpac-phase3-recovery-build-03d44f794ef9-20260925T084220Z/iphonesimulator/ModuleCache.noindex/CoreVideo-8EK6FK2WH4DXRQW77MY2D48S2.pcm /tmp/picpac-phase3-recovery-build-03d44f794ef9-20260925T084220Z/iphonesimulator/ModuleCache.noindex/OpenGLES-5ACHMPPIX1I3L2BRXMFHWBW0S.pcm /tmp/picpac-phase3-recovery-build-03d44f794ef9-20260925T084220Z/iphonesimulator/ModuleCache.noindex/DataDetection-AYUBVXVFAN78Y3LAGQOP3Y7UJ.pcm /tmp/picpac-phase3-recovery-build-03d44f794ef9-20260925T084220Z/iphonesimulator/ModuleCache.noindex/OSLog-2V3W0U9USJF0KE9J5H2CN95PE.pcm /tmp/picpac-phase3-recovery-build-03d44f794ef9-20260925T084220Z/iphonesimulator/ModuleCache.noindex/MediaToolbox-BK5KGENZJSMKRWPOFXYQJ77LI.pcm /tmp/picpac-phase3-recovery-build-03d44f794ef9-20260925T084220Z/iphonesimulator/ModuleCache.noindex/ptrcheck-33H1B7IW0O88SRNRX9B8N2GSY.pcm /tmp/picpac-phase3-recovery-build-03d44f794ef9-20260925T084220Z/iphonesimulator/ModuleCache.noindex/simd-2USUKW16WJMOASEPRLIZHZJGG.pcm /tmp/picpac-phase3-recovery-build-03d44f794ef9-20260925T084220Z/iphonesimulator/ModuleCache.noindex/AVRouting-5XFBC2THBZ9WUJ6U7JLJ6RVTR.pcm /tmp/picpac-phase3-recovery-build-03d44f794ef9-20260925T084220Z/iphonesimulator/ModuleCache.noindex/Network-20QCOMF6T47X9J7N5B1MBZZ1R.pcm /tmp/picpac-phase3-recovery-build-03d44f794ef9-20260925T084220Z/iphonesimulator/ModuleCache.noindex/CoreMedia-E758BC61CD98FYKI7IUQBL9WF.pcm /tmp/picpac-phase3-recovery-build-03d44f794ef9-20260925T084220Z/iphonesimulator/ModuleCache.noindex/Spatial-31IP47IJ7EFUIJDCYFV4DI674.pcm /tmp/picpac-phase3-recovery-build-03d44f794ef9-20260925T084220Z/iphonesimulator/ModuleCache.noindex/QuartzCore-CWSLXRCMC2BDTQBD2BB4RTQHB.pcm /tmp/picpac-phase3-recovery-build-03d44f794ef9-20260925T084220Z/iphonesimulator/ModuleCache.noindex/Security-1DNJBSYFN3AOVEFZIR9YT12TA.pcm /tmp/picpac-phase3-recovery-build-03d44f794ef9-20260925T084220Z/iphonesimulator/ModuleCache.noindex/_Builtin_intrinsics-8MVG8L5ARG0DILH0PVMI04TZC.pcm /tmp/picpac-phase3-recovery-build-03d44f794ef9-20260925T084220Z/iphonesimulator/ModuleCache.noindex/_Builtin_limits-7P30IYBFEJMS9BK3VKWYRTC57.pcm /tmp/picpac-phase3-recovery-build-03d44f794ef9-20260925T084220Z/iphonesimulator/ModuleCache.noindex/SwiftUICore-AVC1L88VV4FB5GFCDX0XKXGKZ.pcm /tmp/picpac-phase3-recovery-build-03d44f794ef9-20260925T084220Z/iphonesimulator/ModuleCache.noindex/_DarwinFoundation3-AYJTQ7AOATKCTDTMQFTC714NW.pcm /tmp/picpac-phase3-recovery-build-03d44f794ef9-20260925T084220Z/iphonesimulator/ModuleCache.noindex/_Builtin_float-B9DP6Y3H8Q4CUA27ZDVD0PQ3U.pcm /tmp/picpac-phase3-recovery-build-03d44f794ef9-20260925T084220Z/iphonesimulator/ModuleCache.noindex/SwiftUI-CGYN3O62T3V7PTYXF9E4P2ZJE.pcm /tmp/picpac-phase3-recovery-build-03d44f794ef9-20260925T084220Z/iphonesimulator/ModuleCache.noindex/_Builtin_tgmath-EFM1IS46CUPKLG3RIY5VKXAXJ.pcm /tmp/picpac-phase3-recovery-build-03d44f794ef9-20260925T084220Z/iphonesimulator/ModuleCache.noindex/_Builtin_stddef-9NVX2NEDJ4DQQDAW7GQKV22VH.pcm /tmp/picpac-phase3-recovery-build-03d44f794ef9-20260925T084220Z/iphonesimulator/ModuleCache.noindex/_Builtin_stdarg-7Q7PVGSS7A0GR7FWGRKUC0PC2.pcm /tmp/picpac-phase3-recovery-build-03d44f794ef9-20260925T084220Z/iphonesimulator/ModuleCache.noindex/IOSurface-7Z4AMU9ODABDPIUN6UXHD5XUB.pcm /tmp/picpac-phase3-recovery-build-03d44f794ef9-20260925T084220Z/iphonesimulator/ModuleCache.noindex/_Builtin_stdatomic-35PXIUTMC8MHCONDKM1UMW3G6.pcm /tmp/picpac-phase3-recovery-build-03d44f794ef9-20260925T084220Z/iphonesimulator/ModuleCache.noindex/CoreFoundation-EYAJ9I2M9033KKV4LC1DHGXMZ.pcm /tmp/picpac-phase3-recovery-build-03d44f794ef9-20260925T084220Z/iphonesimulator/ModuleCache.noindex/CoreText-36RJE56ZPDBPEKZKUKGHBNGSF.pcm /tmp/picpac-phase3-recovery-build-03d44f794ef9-20260925T084220Z/iphonesimulator/ModuleCache.noindex/Symbols-377E4YX9KA6CZVXW64U6SP9VG.pcm /tmp/picpac-phase3-recovery-build-03d44f794ef9-20260925T084220Z/iphonesimulator/ModuleCache.noindex/Metal-2D53HJX17CYXW1L6DD4WP2OC5.pcm /tmp/picpac-phase3-recovery-build-03d44f794ef9-20260925T084220Z/iphonesimulator/ModuleCache.noindex/ptrauth-1VCTHU87N1K972RHD9ENMYECZ.pcm /tmp/picpac-phase3-recovery-build-03d44f794ef9-20260925T084220Z/iphonesimulator/ModuleCache.noindex/os_workgroup-8EG9371O1XIITQ66VG74OFBVS.pcm /tmp/picpac-phase3-recovery-build-03d44f794ef9-20260925T084220Z/iphonesimulator/ModuleCache.noindex/UserNotifications-5ASGPMQE0OTA3AJYJJMBIRP1B.pcm /tmp/picpac-phase3-recovery-build-03d44f794ef9-20260925T084220Z/iphonesimulator/ModuleCache.noindex/CoreAudioTypes-3KBANQTDUZLVA5A622TTR3ZWJ.pcm /tmp/picpac-phase3-recovery-build-03d44f794ef9-20260925T084220Z/iphonesimulator/ModuleCache.noindex/ImageIO-K7KWIMRZPZKUUUI6JOJEOFJX.pcm /tmp/picpac-phase3-recovery-build-03d44f794ef9-20260925T084220Z/iphonesimulator/ModuleCache.noindex/_AvailabilityInternal-4ZYGF2TR0B1SJKKT26OGDAWKW.pcm /tmp/picpac-phase3-recovery-build-03d44f794ef9-20260925T084220Z/iphonesimulator/ModuleCache.noindex/Accessibility-10MP6817PQIH2AUF00QMTUAF6.pcm /tmp/picpac-phase3-recovery-build-03d44f794ef9-20260925T084220Z/iphonesimulator/ModuleCache.noindex/CoreTransferable-9KSQL3KJ2IGBM9GIMTC48CM07.pcm /tmp/picpac-phase3-recovery-build-03d44f794ef9-20260925T084220Z/iphonesimulator/ModuleCache.noindex/_DarwinFoundation2-EPGY373BZ766AP4PBM62OAKA9.pcm /tmp/picpac-phase3-recovery-build-03d44f794ef9-20260925T084220Z/iphonesimulator/ModuleCache.noindex/CoreImage-EGR6AKR5ORYR5DQDNTJY711Q9.pcm /tmp/picpac-phase3-recovery-build-03d44f794ef9-20260925T084220Z/iphonesimulator/ModuleCache.noindex/SwiftShims-2K7OPL8FQONF6TKJIYTRYXWV.pcm /tmp/picpac-phase3-recovery-build-03d44f794ef9-20260925T084220Z/iphonesimulator/ModuleCache.noindex/dnssd-B5C20BTJLC9H0ZZ3FGJOJXOO4.pcm /tmp/picpac-phase3-recovery-build-03d44f794ef9-20260925T084220Z/iphonesimulator/ModuleCache.noindex/CoreMIDI-7PU9YZWB2O2DFVQOAENN2RLDG.pcm /tmp/picpac-phase3-recovery-build-03d44f794ef9-20260925T084220Z/iphonesimulator/ModuleCache.noindex/os-54O9G23W3OVXXKZDW4WUFWBS2.pcm /tmp/picpac-phase3-recovery-build-03d44f794ef9-20260925T084220Z/iphonesimulator/ModuleCache.noindex/XPC-64M6L50WEGF6L926BR90DDSPI.pcm /tmp/picpac-phase3-recovery-build-03d44f794ef9-20260925T084220Z/iphonesimulator/ModuleCache.noindex/AVFoundation-4Y49X9RH5E853WWQ8XZCHZC8J.pcm /tmp/picpac-phase3-recovery-build-03d44f794ef9-20260925T084220Z/iphonesimulator/ModuleCache.noindex/Darwin-70TGS2E6GD0DFELHGFE8L0YEL.pcm /tmp/picpac-phase3-recovery-build-03d44f794ef9-20260925T084220Z/iphonesimulator/ModuleCache.noindex/CoreAudio-ASROKMD38VY79QHBN66V3MC6V.pcm /tmp/picpac-phase3-recovery-build-03d44f794ef9-20260925T084220Z/iphonesimulator/ModuleCache.noindex/sys_types-C079PODF660PN0OF2TOF6X061.pcm /tmp/picpac-phase3-recovery-build-03d44f794ef9-20260925T084220Z/iphonesimulator/ModuleCache.noindex/AVFAudio-NMSNIYWOJQA48VAOYUZM1SZU.pcm /tmp/picpac-phase3-recovery-build-03d44f794ef9-20260925T084220Z/iphonesimulator/ModuleCache.noindex/CFNetwork-730H6EYAIX0KRONQTV2SOD4IW.pcm /tmp/picpac-phase3-recovery-build-03d44f794ef9-20260925T084220Z/iphonesimulator/ModuleCache.noindex/FileProvider-8ATGT5X71PPDBK8CI67ZULTB4.pcm /tmp/picpac-phase3-recovery-build-03d44f794ef9-20260925T084220Z/iphonesimulator/ModuleCache.noindex/DeveloperToolsSupport-COC5SY4YOA1M1N3MU9ES13FTF.pcm /tmp/picpac-phase3-recovery-build-03d44f794ef9-20260925T084220Z/iphonesimulator/ModuleCache.noindex/_Builtin_stdint-E9HXCHR48YID8APZSJYR3MK83.pcm /tmp/picpac-phase3-recovery-build-03d44f794ef9-20260925T084220Z/iphonesimulator/ModuleCache.noindex/UniformTypeIdentifiers-7MR33OF4QTIIR8Y30UHGOFSGV.pcm /tmp/picpac-phase3-recovery-build-03d44f794ef9-20260925T084220Z/iphonesimulator/ModuleCache.noindex/ObjectiveC-6HYC0CBS62ETJ54EVO1KUQHEY.pcm /tmp/picpac-phase3-recovery-build-03d44f794ef9-20260925T084220Z/iphonesimulator/ModuleCache.noindex/UIKit-3F71MG8K2O08VGAAXIV70XCEU.pcm /tmp/picpac-phase3-recovery-build-03d44f794ef9-20260925T084220Z/iphonesimulator/ModuleCache.noindex/Foundation-1PFN0HR0N46CORZY8PQ9LBSWO.pcm /tmp/picpac-phase3-recovery-build-03d44f794ef9-20260925T084220Z/iphonesimulator/ModuleCache.noindex/_SwiftConcurrencyShims-2IHLARZT4BDBMEN6YI71NMKXD.pcm /tmp/picpac-phase3-recovery-build-03d44f794ef9-20260925T084220Z/iphonesimulator/ModuleCache.noindex/_Builtin_inttypes-DY68W90CB41TQVP2VXXWES1I2.pcm /tmp/picpac-phase3-recovery-build-03d44f794ef9-20260925T084220Z/iphonesimulator/ModuleCache.noindex/UIUtilities-53MLLD1ZCVT77RDYNSRNJ4MMR.pcm /tmp/picpac-phase3-recovery-build-03d44f794ef9-20260925T084220Z/iphonesimulator/Build/Intermediates.noindex/PicPacPoe.build/Release-iphonesimulator/PicPacPoe.build/Objects-normal/x86_64/PicPacPoe-dependencies-1.json (in target 'PicPacPoe' from project 'PicPacPoe')
CompileSwift normal x86_64 (in target 'PicPacPoe' from project 'PicPacPoe')
    cd /Users/bavabangaru/Developer/pic-pac-poe-ios-native-parity/ios
    

SwiftExplicitDependencyGeneratePcm arm64 /tmp/picpac-phase3-recovery-build-03d44f794ef9-20260925T084220Z/iphonesimulator/ModuleCache.noindex/SwiftUI-DQXJNY8DAZE4D7W9X2FM4BG5X.pcm

SwiftCompile normal arm64 Compiling\ PicPacPoeApp.swift,\ FormTheme.swift,\ PhysicalBoard.swift,\ HomeView.swift,\ GameView.swift,\ InfoViews.swift,\ FeedbackService.swift,\ DebugLaunchConfiguration.swift,\ ProductionAIWorker.swift,\ GeneratedAssetSymbols.swift /Users/bavabangaru/Developer/pic-pac-poe-ios-native-parity/ios/PicPacPoe/PicPacPoeApp.swift /Users/bavabangaru/Developer/pic-pac-poe-ios-native-parity/ios/PicPacPoe/FormTheme.swift /Users/bavabangaru/Developer/pic-pac-poe-ios-native-parity/ios/PicPacPoe/PhysicalBoard.swift /Users/bavabangaru/Developer/pic-pac-poe-ios-native-parity/ios/PicPacPoe/HomeView.swift /Users/bavabangaru/Developer/pic-pac-poe-ios-native-parity/ios/PicPacPoe/GameView.swift /Users/bavabangaru/Developer/pic-pac-poe-ios-native-parity/ios/PicPacPoe/InfoViews.swift /Users/bavabangaru/Developer/pic-pac-poe-ios-native-parity/ios/PicPacPoe/FeedbackService.swift /Users/bavabangaru/Developer/pic-pac-poe-ios-native-parity/ios/PicPacPoe/DebugLaunchConfiguration.swift /Users/bavabangaru/Developer/pic-pac-poe-ios-native-parity/ios/PicPacPoe/ProductionAIWorker.swift /tmp/picpac-phase3-recovery-build-03d44f794ef9-20260925T084220Z/iphonesimulator/Build/Intermediates.noindex/PicPacPoe.build/Release-iphonesimulator/PicPacPoe.build/DerivedSources/GeneratedAssetSymbols.swift /Applications/Xcode.app/Contents/Developer/Toolchains/XcodeDefault.xctoolchain/usr/lib/swift/iphonesimulator/prebuilt-modules/26.5/DataDetection.swiftmodule/arm64-apple-ios-simulator.swiftmodule /Applications/Xcode.app/Contents/Developer/Toolchains/XcodeDefault.xctoolchain/usr/lib/swift/iphonesimulator/prebuilt-modules/26.5/_StringProcessing.swiftmodule/arm64-apple-ios-simulator.swiftmodule /Applications/Xcode.app/Contents/Developer/Toolchains/XcodeDefault.xctoolchain/usr/lib/swift/iphonesimulator/prebuilt-modules/26.5/CoreText.swiftmodule/arm64-apple-ios-simulator.swiftmodule /Applications/Xcode.app/Contents/Developer/Toolchains/XcodeDefault.xctoolchain/usr/lib/swift/iphonesimulator/prebuilt-modules/26.5/CoreImage.swiftmodule/arm64-apple-ios-simulator.swiftmodule /Applications/Xcode.app/Contents/Developer/Toolchains/XcodeDefault.xctoolchain/usr/lib/swift/iphonesimulator/prebuilt-modules/26.5/Foundation.swiftmodule/arm64-apple-ios-simulator.swiftmodule /Applications/Xcode.app/Contents/Developer/Toolchains/XcodeDefault.xctoolchain/usr/lib/swift/iphonesimulator/prebuilt-modules/26.5/XPC.swiftmodule/arm64-apple-ios-simulator.swiftmodule /Applications/Xcode.app/Contents/Developer/Toolchains/XcodeDefault.xctoolchain/usr/lib/swift/iphonesimulator/prebuilt-modules/26.5/Darwin.swiftmodule/arm64-apple-ios-simulator.swiftmodule /tmp/picpac-phase3-recovery-build-03d44f794ef9-20260925T084220Z/iphonesimulator/Build/Products/Release-iphonesimulator/PicPacPresentation.swiftmodule/arm64-apple-ios-simulator.swiftmodule /Applications/Xcode.app/Contents/Developer/Toolchains/XcodeDefault.xctoolchain/usr/lib/swift/iphonesimulator/prebuilt-modules/26.5/CoreFoundation.swiftmodule/arm64-apple-ios-simulator.swiftmodule /Applications/Xcode.app/Contents/Developer/Toolchains/XcodeDefault.xctoolchain/usr/lib/swift/iphonesimulator/prebuilt-modules/26.5/System.swiftmodule/arm64-apple-ios-simulator.swiftmodule /Applications/Xcode.app/Contents/Developer/Toolchains/XcodeDefault.xctoolchain/usr/lib/swift/iphonesimulator/prebuilt-modules/26.5/AudioToolbox.swiftmodule/arm64-apple-ios-simulator.swiftmodule /Applications/Xcode.app/Contents/Developer/Toolchains/XcodeDefault.xctoolchain/usr/lib/swift/iphonesimulator/prebuilt-modules/26.5/Spatial.swiftmodule/arm64-apple-ios-simulator.swiftmodule /Applications/Xcode.app/Contents/Developer/Toolchains/XcodeDefault.xctoolchain/usr/lib/swift/iphonesimulator/prebuilt-modules/26.5/CoreMedia.swiftmodule/arm64-apple-ios-simulator.swiftmodule /Applications/Xcode.app/Contents/Developer/Toolchains/XcodeDefault.xctoolchain/usr/lib/swift/iphonesimulator/prebuilt-modules/26.5/SwiftUI.swiftmodule/arm64-apple-ios-simulator.swiftmodule /Applications/Xcode.app/Contents/Developer/Toolchains/XcodeDefault.xctoolchain/usr/lib/swift/iphonesimulator/prebuilt-modules/26.5/Accessibility.swiftmodule/arm64-apple-ios-simulator.swiftmodule /Applications/Xcode.app/Contents/Developer/Toolchains/XcodeDefault.xctoolchain/usr/lib/swift/iphonesimulator/prebuilt-modules/26.5/Metal.swiftmodule/arm64-apple-ios-simulator.swiftmodule /Applications/Xcode.app/Contents/Developer/Toolchains/XcodeDefault.xctoolchain/usr/lib/swift/iphonesimulator/prebuilt-modules/26.5/SwiftUICore.swiftmodule/arm64-apple-ios-simulator.swiftmodule /Applications/Xcode.app/Contents/Developer/Toolchains/XcodeDefault.xctoolchain/usr/lib/swift/iphonesimulator/prebuilt-modules/26.5/AVFAudio.swiftmodule/arm64-apple-ios-simulator.swiftmodule /Applications/Xcode.app/Contents/Developer/Toolchains/XcodeDefault.xctoolchain/usr/lib/swift/iphonesimulator/prebuilt-modules/26.5/Combine.swiftmodule/arm64-apple-ios-simulator.swiftmodule /Applications/Xcode.app/Contents/Developer/Toolchains/XcodeDefault.xctoolchain/usr/lib/swift/iphonesimulator/prebuilt-modules/26.5/Dispatch.swiftmodule/arm64-apple-ios-simulator.swiftmodule /Applications/Xcode.app/Contents/Developer/Toolchains/XcodeDefault.xctoolchain/usr/lib/swift/iphonesimulator/prebuilt-modules/26.5/_Builtin_float.swiftmodule/arm64-apple-ios-simulator.swiftmodule /Applications/Xcode.app/Contents/Developer/Toolchains/XcodeDefault.xctoolchain/usr/lib/swift/iphonesimulator/prebuilt-modules/26.5/simd.swiftmodule/arm64-apple-ios-simulator.swiftmodule /Applications/Xcode.app/Contents/Developer/Toolchains/XcodeDefault.xctoolchain/usr/lib/swift/iphonesimulator/prebuilt-modules/26.5/os.swiftmodule/arm64-apple-ios-simulator.swiftmodule /tmp/picpac-phase3-recovery-build-03d44f794ef9-20260925T084220Z/iphonesimulator/Build/Products/Release-iphonesimulator/PicPacAI.swiftmodule/arm64-apple-ios-simulator.swiftmodule /Applications/Xcode.app/Contents/Developer/Toolchains/XcodeDefault.xctoolchain/usr/lib/swift/iphonesimulator/prebuilt-modules/26.5/CoreData.swiftmodule/arm64-apple-ios-simulator.swiftmodule /Applications/Xcode.app/Contents/Developer/Toolchains/XcodeDefault.xctoolchain/usr/lib/swift/iphonesimulator/prebuilt-modules/26.5/CoreAudio.swiftmodule/arm64-apple-ios-simulator.swiftmodule /tmp/picpac-phase3-recovery-build-03d44f794ef9-20260925T084220Z/iphonesimulator/Build/Products/Release-iphonesimulator/PicPacCore.swiftmodule/arm64-apple-ios-simulator.swiftmodule /Applications/Xcode.app/Contents/Developer/Toolchains/XcodeDefault.xctoolchain/usr/lib/swift/iphonesimulator/prebuilt-modules/26.5/QuartzCore.swiftmodule/arm64-apple-ios-simulator.swiftmodule /Applications/Xcode.app/Contents/Developer/Toolchains/XcodeDefault.xctoolchain/usr/lib/swift/iphonesimulator/prebuilt-modules/26.5/_DarwinFoundation1.swiftmodule/arm64-apple-ios-simulator.swiftmodule /Applications/Xcode.app/Contents/Developer/Toolchains/XcodeDefault.xctoolchain/usr/lib/swift/iphonesimulator/prebuilt-modules/26.5/AVFoundation.swiftmodule/arm64-apple-ios-simulator.swiftmodule /Applications/Xcode.app/Contents/Developer/Toolchains/XcodeDefault.xctoolchain/usr/lib/swift/iphonesimulator/prebuilt-modules/26.5/ObjectiveC.swiftmodule/arm64-apple-ios-simulator.swiftmodule /Applications/Xcode.app/Contents/Developer/Toolchains/XcodeDefault.xctoolchain/usr/lib/swift/iphonesimulator/prebuilt-modules/26.5/CoreMIDI.swiftmodule/arm64-apple-ios-simulator.swiftmodule /Applications/Xcode.app/Contents/Developer/Toolchains/XcodeDefault.xctoolchain/usr/lib/swift/iphonesimulator/prebuilt-modules/26.5/DeveloperToolsSupport.swiftmodule/arm64-apple-ios-simulator.swiftmodule /Applications/Xcode.app/Contents/Developer/Toolchains/XcodeDefault.xctoolchain/usr/lib/swift/iphonesimulator/prebuilt-modules/26.5/UIKit.swiftmodule/arm64-apple-ios-simulator.swiftmodule /Applications/Xcode.app/Contents/Developer/Toolchains/XcodeDefault.xctoolchain/usr/lib/swift/iphonesimulator/prebuilt-modules/26.5/CoreGraphics.swiftmodule/arm64-apple-ios-simulator.swiftmodule /Applications/Xcode.app/Contents/Developer/Toolchains/XcodeDefault.xctoolchain/usr/lib/swift/iphonesimulator/prebuilt-modules/26.5/FileProvider.swiftmodule/arm64-apple-ios-simulator.swiftmodule /Applications/Xcode.app/Contents/Developer/Toolchains/XcodeDefault.xctoolchain/usr/lib/swift/iphonesimulator/prebuilt-modules/26.5/_Concurrency.swiftmodule/arm64-apple-ios-simulator.swiftmodule /Applications/Xcode.app/Contents/Developer/Toolchains/XcodeDefault.xctoolchain/usr/lib/swift/iphonesimulator/prebuilt-modules/26.5/CoreTransferable.swiftmodule/arm64-apple-ios-simulator.swiftmodule /Applications/Xcode.app/Contents/Developer/Toolchains/XcodeDefault.xctoolchain/usr/lib/swift/iphonesimulator/prebuilt-modules/26.5/CoreVideo.swiftmodule/arm64-apple-ios-simulator.swiftmodule /Applications/Xcode.app/Contents/Developer/Toolchains/XcodeDefault.xctoolchain/usr/lib/swift/iphonesimulator/prebuilt-modules/26.5/UniformTypeIdentifiers.swiftmodule/arm64-apple-ios-simulator.swiftmodule /Applications/Xcode.app/Contents/Developer/Toolchains/XcodeDefault.xctoolchain/usr/lib/swift/iphonesimulator/prebuilt-modules/26.5/_DarwinFoundation3.swiftmodule/arm64-apple-ios-simulator.swiftmodule /Applications/Xcode.app/Contents/Developer/Toolchains/XcodeDefault.xctoolchain/usr/lib/swift/iphonesimulator/prebuilt-modules/26.5/_DarwinFoundation2.swiftmodule/arm64-apple-ios-simulator.swiftmodule /Applications/Xcode.app/Contents/Developer/Toolchains/XcodeDefault.xctoolchain/usr/lib/swift/iphonesimulator/prebuilt-modules/26.5/Observation.swiftmodule/arm64-apple-ios-simulator.swiftmodule /Applications/Xcode.app/Contents/Developer/Toolchains/XcodeDefault.xctoolchain/usr/lib/swift/iphonesimulator/prebuilt-modules/26.5/OSLog.swiftmodule/arm64-apple-ios-simulator.swiftmodule /Applications/Xcode.app/Contents/Developer/Toolchains/XcodeDefault.xctoolchain/usr/lib/swift/iphonesimulator/prebuilt-modules/26.5/Synchronization.swiftmodule/arm64-apple-ios-simulator.swiftmodule /Applications/Xcode.app/Contents/Developer/Toolchains/XcodeDefault.xctoolchain/usr/lib/swift/iphonesimulator/prebuilt-modules/26.5/Swift.swiftmodule/arm64-apple-ios-simulator.swiftmodule /Applications/Xcode.app/Contents/Developer/Toolchains/XcodeDefault.xctoolchain/usr/lib/swift/iphonesimulator/prebuilt-modules/26.5/Symbols.swiftmodule/arm64-apple-ios-simulator.swiftmodule /tmp/picpac-phase3-recovery-build-03d44f794ef9-20260925T084220Z/iphonesimulator/ModuleCache.noindex/Symbols-7D71G8O3V35VRWTWN2B3XCRJM.pcm /tmp/picpac-phase3-recovery-build-03d44f794ef9-20260925T084220Z/iphonesimulator/ModuleCache.noindex/UserNotifications-4MWEEN7Z21LRFH0QO3GOW1BRU.pcm /tmp/picpac-phase3-recovery-build-03d44f794ef9-20260925T084220Z/iphonesimulator/ModuleCache.noindex/CoreMedia-1S0EUGWOMMEW5PS0UFNE21U2O.pcm /tmp/picpac-phase3-recovery-build-03d44f794ef9-20260925T084220Z/iphonesimulator/ModuleCache.noindex/ImageIO-2E2OE8HM2IEVPU1COJ69OD4G1.pcm /tmp/picpac-phase3-recovery-build-03d44f794ef9-20260925T084220Z/iphonesimulator/ModuleCache.noindex/_Builtin_stdint-4WVXS1UWV1C19LM69WJ1BNPGR.pcm /tmp/picpac-phase3-recovery-build-03d44f794ef9-20260925T084220Z/iphonesimulator/ModuleCache.noindex/simd-577TSO7GML3VVJY2W4S1EZ63F.pcm /tmp/picpac-phase3-recovery-build-03d44f794ef9-20260925T084220Z/iphonesimulator/ModuleCache.noindex/UIKit-EW859ENM5UP03YYF1B0RT8KWJ.pcm /tmp/picpac-phase3-recovery-build-03d44f794ef9-20260925T084220Z/iphonesimulator/ModuleCache.noindex/OpenGLES-5OJKCZAK0PZ54ES3BDGJ8B95Y.pcm /tmp/picpac-phase3-recovery-build-03d44f794ef9-20260925T084220Z/iphonesimulator/ModuleCache.noindex/_Builtin_stddef-7A8SOTJR5V7GKWXWJLER9JYQ3.pcm /tmp/picpac-phase3-recovery-build-03d44f794ef9-20260925T084220Z/iphonesimulator/ModuleCache.noindex/IOSurface-8XWUAUMV2NBYBDCZFYCVSA0TO.pcm /tmp/picpac-phase3-recovery-build-03d44f794ef9-20260925T084220Z/iphonesimulator/ModuleCache.noindex/ptrcheck-98IDGN09EFYR7M1Z042612RMS.pcm /tmp/picpac-phase3-recovery-build-03d44f794ef9-20260925T084220Z/iphonesimulator/ModuleCache.noindex/_Builtin_tgmath-14TWVEU9YY04BW7Q5WGO3IHJR.pcm /tmp/picpac-phase3-recovery-build-03d44f794ef9-20260925T084220Z/iphonesimulator/ModuleCache.noindex/dnssd-2SKE2FZCIGPUK3P7JFJF729M2.pcm /tmp/picpac-phase3-recovery-build-03d44f794ef9-20260925T084220Z/iphonesimulator/ModuleCache.noindex/UniformTypeIdentifiers-DF4FP4SIC80B1HU5I8N5A72CZ.pcm /tmp/picpac-phase3-recovery-build-03d44f794ef9-20260925T084220Z/iphonesimulator/ModuleCache.noindex/CoreGraphics-ANC6IPDSPR8AIK7MHVM1U8SPJ.pcm /tmp/picpac-phase3-recovery-build-03d44f794ef9-20260925T084220Z/iphonesimulator/ModuleCache.noindex/DeveloperToolsSupport-43V9BK6L5IDN5BJIMOHENTY57.pcm /tmp/picpac-phase3-recovery-build-03d44f794ef9-20260925T084220Z/iphonesimulator/ModuleCache.noindex/ptrauth-DNSXOJCIKUIX0EKRFPMWT2VAX.pcm /tmp/picpac-phase3-recovery-build-03d44f794ef9-20260925T084220Z/iphonesimulator/ModuleCache.noindex/_SwiftConcurrencyShims-74CG20P7EWVVRQVN5RW87YIGU.pcm /tmp/picpac-phase3-recovery-build-03d44f794ef9-20260925T084220Z/iphonesimulator/ModuleCache.noindex/_DarwinFoundation1-54XNIXIJKN6RVRTYZ18DUKH9L.pcm /tmp/picpac-phase3-recovery-build-03d44f794ef9-20260925T084220Z/iphonesimulator/ModuleCache.noindex/Security-BO3CGB8BIKNI7VBJ006MPDY9G.pcm /tmp/picpac-phase3-recovery-build-03d44f794ef9-20260925T084220Z/iphonesimulator/ModuleCache.noindex/Darwin-ECCHQRAQY52LVK426LX2FQSDK.pcm /tmp/picpac-phase3-recovery-build-03d44f794ef9-20260925T084220Z/iphonesimulator/ModuleCache.noindex/SwiftUI-DQXJNY8DAZE4D7W9X2FM4BG5X.pcm /tmp/picpac-phase3-recovery-build-03d44f794ef9-20260925T084220Z/iphonesimulator/ModuleCache.noindex/_DarwinFoundation2-BLX2TDFE0LV6SX8OB8G46JAFJ.pcm /tmp/picpac-phase3-recovery-build-03d44f794ef9-20260925T084220Z/iphonesimulator/ModuleCache.noindex/os_workgroup-EDSXFRR6LNHAJ9IY8BB62LJNI.pcm /tmp/picpac-phase3-recovery-build-03d44f794ef9-20260925T084220Z/iphonesimulator/ModuleCache.noindex/AVRouting-6AIV0T246619FANHN5MD3815F.pcm /tmp/picpac-phase3-recovery-build-03d44f794ef9-20260925T084220Z/iphonesimulator/ModuleCache.noindex/os_object-D8EJCD3M9IPFYYQZV60SK5W1W.pcm /tmp/picpac-phase3-recovery-build-03d44f794ef9-20260925T084220Z/iphonesimulator/ModuleCache.noindex/CoreFoundation-5IALJN6URQPP5O80CCV69IYPT.pcm /tmp/picpac-phase3-recovery-build-03d44f794ef9-20260925T084220Z/iphonesimulator/ModuleCache.noindex/CoreTransferable-CTJIUYFHBG0VNKYJK8IFSZ94D.pcm /tmp/picpac-phase3-recovery-build-03d44f794ef9-20260925T084220Z/iphonesimulator/ModuleCache.noindex/AVFAudio-5PGAK01FQD28U7CLFWAFX85CQ.pcm /tmp/picpac-phase3-recovery-build-03d44f794ef9-20260925T084220Z/iphonesimulator/ModuleCache.noindex/_Builtin_stdatomic-6HWHMKZHGEFMLGWBG7AZDDAOD.pcm /tmp/picpac-phase3-recovery-build-03d44f794ef9-20260925T084220Z/iphonesimulator/ModuleCache.noindex/OSLog-AQZHBX6ZI67078WQH5XTREGV4.pcm /tmp/picpac-phase3-recovery-build-03d44f794ef9-20260925T084220Z/iphonesimulator/ModuleCache.noindex/Metal-EMEQZOYVA9KW9BZTR25HS8UDZ.pcm /tmp/picpac-phase3-recovery-build-03d44f794ef9-20260925T084220Z/iphonesimulator/ModuleCache.noindex/Accessibility-3L1IU1EB1U28OLJ0HT5IIJ0OZ.pcm /tmp/picpac-phase3-recovery-build-03d44f794ef9-20260925T084220Z/iphonesimulator/ModuleCache.noindex/Spatial-6L2TE4A7BX0UD0ETM5SIJZM8.pcm /tmp/picpac-phase3-recovery-build-03d44f794ef9-20260925T084220Z/iphonesimulator/ModuleCache.noindex/_Builtin_limits-1L0BFQB4QTJ1C84FPCAGDY0P7.pcm /tmp/picpac-phase3-recovery-build-03d44f794ef9-20260925T084220Z/iphonesimulator/ModuleCache.noindex/_Builtin_float-6JI4MKOCXZMLXL9L5LCBEC33E.pcm /tmp/picpac-phase3-recovery-build-03d44f794ef9-20260925T084220Z/iphonesimulator/ModuleCache.noindex/SwiftUICore-180ZUC4R35Z0YJLT16W19VR2A.pcm /tmp/picpac-phase3-recovery-build-03d44f794ef9-20260925T084220Z/iphonesimulator/ModuleCache.noindex/MediaToolbox-ANEGMX79NRSK7UQ7683ULPAU6.pcm /tmp/picpac-phase3-recovery-build-03d44f794ef9-20260925T084220Z/iphonesimulator/ModuleCache.noindex/_Builtin_intrinsics-64NHKM9SCK0ZFHV14T341GN0D.pcm /tmp/picpac-phase3-recovery-build-03d44f794ef9-20260925T084220Z/iphonesimulator/ModuleCache.noindex/_AvailabilityInternal-DT8OXCXUNUBZQGIVDBTOLNBR4.pcm /tmp/picpac-phase3-recovery-build-03d44f794ef9-20260925T084220Z/iphonesimulator/ModuleCache.noindex/CoreData-8KDWW35J7JEQ2LNOM63QTTCQ.pcm /tmp/picpac-phase3-recovery-build-03d44f794ef9-20260925T084220Z/iphonesimulator/ModuleCache.noindex/CoreText-8D0S3AFV38C047UZQV98SZF0O.pcm /tmp/picpac-phase3-recovery-build-03d44f794ef9-20260925T084220Z/iphonesimulator/ModuleCache.noindex/Network-1L6IOR5LIOECFPUNNS1P9R6OB.pcm /tmp/picpac-phase3-recovery-build-03d44f794ef9-20260925T084220Z/iphonesimulator/ModuleCache.noindex/_Builtin_inttypes-3NFF5J9TA7VF1G0AAMANSNZ7X.pcm /tmp/picpac-phase3-recovery-build-03d44f794ef9-20260925T084220Z/iphonesimulator/ModuleCache.noindex/ObjectiveC-ETYKKBZRYFEIUS3P8R1Q0J0FZ.pcm /tmp/picpac-phase3-recovery-build-03d44f794ef9-20260925T084220Z/iphonesimulator/ModuleCache.noindex/FileProvider-7M0ZPY3HQMB36QDWD3BUS3RHM.pcm /tmp/picpac-phase3-recovery-build-03d44f794ef9-20260925T084220Z/iphonesimulator/ModuleCache.noindex/SwiftShims-7WZRVRXI3JPPWZUAEQ4Z13Z9O.pcm /tmp/picpac-phase3-recovery-build-03d44f794ef9-20260925T084220Z/iphonesimulator/ModuleCache.noindex/QuartzCore-AZ5BAV3FNDH7WC8QW2BNULUK4.pcm /tmp/picpac-phase3-recovery-build-03d44f794ef9-20260925T084220Z/iphonesimulator/ModuleCache.noindex/Dispatch-4Y5O8YZ06CQALEBPR3X6DPBP9.pcm /tmp/picpac-phase3-recovery-build-03d44f794ef9-20260925T084220Z/iphonesimulator/ModuleCache.noindex/os-9TDXUYBTKS8TN76AF7PTAYL3B.pcm /tmp/picpac-phase3-recovery-build-03d44f794ef9-20260925T084220Z/iphonesimulator/ModuleCache.noindex/CoreMIDI-D5L3KCCSGIEFVVOASI94VIJGQ.pcm /tmp/picpac-phase3-recovery-build-03d44f794ef9-20260925T084220Z/iphonesimulator/ModuleCache.noindex/CoreAudioTypes-3COW6FX4LEH3TQ4N30L8KT0TL.pcm /tmp/picpac-phase3-recovery-build-03d44f794ef9-20260925T084220Z/iphonesimulator/ModuleCache.noindex/Foundation-C17NBJP48B5OQI57TDSGD7IQI.pcm /tmp/picpac-phase3-recovery-build-03d44f794ef9-20260925T084220Z/iphonesimulator/ModuleCache.noindex/CFNetwork-3UVT1IXS6VB4XSYDPE2T060HS.pcm /tmp/picpac-phase3-recovery-build-03d44f794ef9-20260925T084220Z/iphonesimulator/ModuleCache.noindex/_Builtin_stdarg-5LMNONNMQEU12MTHHR97YXXKU.pcm /tmp/picpac-phase3-recovery-build-03d44f794ef9-20260925T084220Z/iphonesimulator/ModuleCache.noindex/_Builtin_stdbool-4Y2O84SWLKEBDCXOW883JZLOV.pcm /tmp/picpac-phase3-recovery-build-03d44f794ef9-20260925T084220Z/iphonesimulator/ModuleCache.noindex/XPC-3QWPFGLQLEZOOKRIKLAAD0NT5.pcm /tmp/picpac-phase3-recovery-build-03d44f794ef9-20260925T084220Z/iphonesimulator/ModuleCache.noindex/sys_types-3JOE2IBGGQC085POHVQXYJFR2.pcm /tmp/picpac-phase3-recovery-build-03d44f794ef9-20260925T084220Z/iphonesimulator/ModuleCache.noindex/_DarwinFoundation3-AS6NJZC0NT2T0TG1PA4M2MAT2.pcm /tmp/picpac-phase3-recovery-build-03d44f794ef9-20260925T084220Z/iphonesimulator/ModuleCache.noindex/DataDetection-8OW2Z71ABEDA8K65ILN7UJALU.pcm /tmp/picpac-phase3-recovery-build-03d44f794ef9-20260925T084220Z/iphonesimulator/ModuleCache.noindex/UIUtilities-C4VUVE3TQXNBOLNDZ4DEWRZGB.pcm /tmp/picpac-phase3-recovery-build-03d44f794ef9-20260925T084220Z/iphonesimulator/ModuleCache.noindex/AVFoundation-WLYOE6HSVCDICKG51K9DBPNO.pcm /tmp/picpac-phase3-recovery-build-03d44f794ef9-20260925T084220Z/iphonesimulator/ModuleCache.noindex/CoreAudio-6ABNQOG6QV6WCS36TFDAYCO7F.pcm /tmp/picpac-phase3-recovery-build-03d44f794ef9-20260925T084220Z/iphonesimulator/ModuleCache.noindex/CoreVideo-30WV48BB6B2GD75WDEV2OY8C9.pcm /tmp/picpac-phase3-recovery-build-03d44f794ef9-20260925T084220Z/iphonesimulator/ModuleCache.noindex/AudioToolbox-97W0S8OVRCHVTM2DHVKM8G7EW.pcm /tmp/picpac-phase3-recovery-build-03d44f794ef9-20260925T084220Z/iphonesimulator/ModuleCache.noindex/MachO-9WZYM0VR4CIA8IY6WIW6HQLEV.pcm /tmp/picpac-phase3-recovery-build-03d44f794ef9-20260925T084220Z/iphonesimulator/ModuleCache.noindex/CoreImage-BABO11FKWF1S52FR8CHJ4EYHM.pcm /tmp/picpac-phase3-recovery-build-03d44f794ef9-20260925T084220Z/iphonesimulator/Build/Intermediates.noindex/PicPacPoe.build/Release-iphonesimulator/PicPacPoe.build/Objects-normal/arm64/PicPacPoe-dependencies-2.json (in target 'PicPacPoe' from project 'PicPacPoe')
CompileSwift normal arm64 (in target 'PicPacPoe' from project 'PicPacPoe')
    cd /Users/bavabangaru/Developer/pic-pac-poe-ios-native-parity/ios
    

SwiftDriverJobDiscovery normal x86_64 Compiling PicPacPoeApp.swift, FormTheme.swift, PhysicalBoard.swift, HomeView.swift, GameView.swift, InfoViews.swift, FeedbackService.swift, DebugLaunchConfiguration.swift, ProductionAIWorker.swift, GeneratedAssetSymbols.swift (in target 'PicPacPoe' from project 'PicPacPoe')

SwiftDriver\ Compilation\ Requirements PicPacPoe normal x86_64 com.apple.xcode.tools.swift.compiler (in target 'PicPacPoe' from project 'PicPacPoe')
    cd /Users/bavabangaru/Developer/pic-pac-poe-ios-native-parity/ios
    builtin-Swift-Compilation-Requirements -- /Applications/Xcode.app/Contents/Developer/Toolchains/XcodeDefault.xctoolchain/usr/bin/swiftc -module-name PicPacPoe -O -whole-module-optimization @/tmp/picpac-phase3-recovery-build-03d44f794ef9-20260925T084220Z/iphonesimulator/Build/Intermediates.noindex/PicPacPoe.build/Release-iphonesimulator/PicPacPoe.build/Objects-normal/x86_64/PicPacPoe.SwiftFileList -enable-experimental-feature DebugDescriptionMacro -sdk /Applications/Xcode.app/Contents/Developer/Platforms/iPhoneSimulator.platform/Developer/SDKs/iPhoneSimulator26.5.sdk -target x86_64-apple-ios17.0-simulator -g -module-cache-path /tmp/picpac-phase3-recovery-build-03d44f794ef9-20260925T084220Z/iphonesimulator/ModuleCache.noindex -Xfrontend -serialize-debugging-options -swift-version 6 -I /tmp/picpac-phase3-recovery-build-03d44f794ef9-20260925T084220Z/iphonesimulator/Build/Products/Release-iphonesimulator -F /tmp/picpac-phase3-recovery-build-03d44f794ef9-20260925T084220Z/iphonesimulator/Build/Products/Release-iphonesimulator/PackageFrameworks -F /tmp/picpac-phase3-recovery-build-03d44f794ef9-20260925T084220Z/iphonesimulator/Build/Products/Release-iphonesimulator/PackageFrameworks -F /tmp/picpac-phase3-recovery-build-03d44f794ef9-20260925T084220Z/iphonesimulator/Build/Products/Release-iphonesimulator/PackageFrameworks -F /tmp/picpac-phase3-recovery-build-03d44f794ef9-20260925T084220Z/iphonesimulator/Build/Products/Release-iphonesimulator -emit-localized-strings -emit-localized-strings-path /tmp/picpac-phase3-recovery-build-03d44f794ef9-20260925T084220Z/iphonesimulator/Build/Intermediates.noindex/PicPacPoe.build/Release-iphonesimulator/PicPacPoe.build/Objects-normal/x86_64 -c -num-threads 12 -Xcc -ivfsstatcache -Xcc /tmp/picpac-phase3-recovery-build-03d44f794ef9-20260925T084220Z/iphonesimulator/SDKStatCaches.noindex/iphonesimulator26.5-23F81a-6cfe768891a92b912361537c460fe42b.sdkstatcache -output-file-map /tmp/picpac-phase3-recovery-build-03d44f794ef9-20260925T084220Z/iphonesimulator/Build/Intermediates.noindex/PicPacPoe.build/Release-iphonesimulator/PicPacPoe.build/Objects-normal/x86_64/PicPacPoe-OutputFileMap.json -use-frontend-parseable-output -save-temps -no-color-diagnostics -explicit-module-build -module-cache-path /tmp/picpac-phase3-recovery-build-03d44f794ef9-20260925T084220Z/iphonesimulator/Build/Intermediates.noindex/SwiftExplicitPrecompiledModules -clang-scanner-module-cache-path /tmp/picpac-phase3-recovery-build-03d44f794ef9-20260925T084220Z/iphonesimulator/ModuleCache.noindex -sdk-module-cache-path /tmp/picpac-phase3-recovery-build-03d44f794ef9-20260925T084220Z/iphonesimulator/ModuleCache.noindex -serialize-diagnostics -emit-dependencies -emit-module -emit-module-path /tmp/picpac-phase3-recovery-build-03d44f794ef9-20260925T084220Z/iphonesimulator/Build/Intermediates.noindex/PicPacPoe.build/Release-iphonesimulator/PicPacPoe.build/Objects-normal/x86_64/PicPacPoe.swiftmodule -validate-clang-modules-once -clang-build-session-file /tmp/picpac-phase3-recovery-build-03d44f794ef9-20260925T084220Z/iphonesimulator/ModuleCache.noindex/Session.modulevalidation -Xcc -I/tmp/picpac-phase3-recovery-build-03d44f794ef9-20260925T084220Z/iphonesimulator/Build/Intermediates.noindex/PicPacPoe.build/Release-iphonesimulator/PicPacPoe.build/swift-overrides.hmap -emit-const-values -Xfrontend -const-gather-protocols-file -Xfrontend /tmp/picpac-phase3-recovery-build-03d44f794ef9-20260925T084220Z/iphonesimulator/Build/Intermediates.noindex/PicPacPoe.build/Release-iphonesimulator/PicPacPoe.build/Objects-normal/x86_64/PicPacPoe_const_extract_protocols.json -Xcc -iquote -Xcc /tmp/picpac-phase3-recovery-build-03d44f794ef9-20260925T084220Z/iphonesimulator/Build/Intermediates.noindex/PicPacPoe.build/Release-iphonesimulator/PicPacPoe.build/PicPacPoe-generated-files.hmap -Xcc -I/tmp/picpac-phase3-recovery-build-03d44f794ef9-20260925T084220Z/iphonesimulator/Build/Intermediates.noindex/PicPacPoe.build/Release-iphonesimulator/PicPacPoe.build/PicPacPoe-own-target-headers.hmap -Xcc -I/tmp/picpac-phase3-recovery-build-03d44f794ef9-20260925T084220Z/iphonesimulator/Build/Intermediates.noindex/PicPacPoe.build/Release-iphonesimulator/PicPacPoe.build/PicPacPoe-all-non-framework-target-headers.hmap -Xcc -ivfsoverlay -Xcc /tmp/picpac-phase3-recovery-build-03d44f794ef9-20260925T084220Z/iphonesimulator/Build/Intermediates.noindex/PicPacPoe.build/Release-iphonesimulator/PicPacPoe-90eff2f9d9e8600d7e53134acd1cb833-VFS-iphonesimulator/all-product-headers.yaml -Xcc -iquote -Xcc /tmp/picpac-phase3-recovery-build-03d44f794ef9-20260925T084220Z/iphonesimulator/Build/Intermediates.noindex/PicPacPoe.build/Release-iphonesimulator/PicPacPoe.build/PicPacPoe-project-headers.hmap -Xcc -I/tmp/picpac-phase3-recovery-build-03d44f794ef9-20260925T084220Z/iphonesimulator/Build/Products/Release-iphonesimulator/include -Xcc -I/tmp/picpac-phase3-recovery-build-03d44f794ef9-20260925T084220Z/iphonesimulator/Build/Intermediates.noindex/PicPacPoe.build/Release-iphonesimulator/PicPacPoe.build/DerivedSources-normal/x86_64 -Xcc -I/tmp/picpac-phase3-recovery-build-03d44f794ef9-20260925T084220Z/iphonesimulator/Build/Intermediates.noindex/PicPacPoe.build/Release-iphonesimulator/PicPacPoe.build/DerivedSources/x86_64 -Xcc -I/tmp/picpac-phase3-recovery-build-03d44f794ef9-20260925T084220Z/iphonesimulator/Build/Intermediates.noindex/PicPacPoe.build/Release-iphonesimulator/PicPacPoe.build/DerivedSources -emit-objc-header -emit-objc-header-path /tmp/picpac-phase3-recovery-build-03d44f794ef9-20260925T084220Z/iphonesimulator/Build/Intermediates.noindex/PicPacPoe.build/Release-iphonesimulator/PicPacPoe.build/Objects-normal/x86_64/PicPacPoe-Swift.h -working-directory /Users/bavabangaru/Developer/pic-pac-poe-ios-native-parity/ios -no-emit-module-separately-wmo

Copy /tmp/picpac-phase3-recovery-build-03d44f794ef9-20260925T084220Z/iphonesimulator/Build/Products/Release-iphonesimulator/PicPacPoe.swiftmodule/x86_64-apple-ios-simulator.abi.json /tmp/picpac-phase3-recovery-build-03d44f794ef9-20260925T084220Z/iphonesimulator/Build/Intermediates.noindex/PicPacPoe.build/Release-iphonesimulator/PicPacPoe.build/Objects-normal/x86_64/PicPacPoe.abi.json (in target 'PicPacPoe' from project 'PicPacPoe')
    cd /Users/bavabangaru/Developer/pic-pac-poe-ios-native-parity/ios
    builtin-copy -exclude .DS_Store -exclude CVS -exclude .svn -exclude .git -exclude .hg -strip-unsigned-binaries -strip-deterministic -strip-tool /Applications/Xcode.app/Contents/Developer/Toolchains/XcodeDefault.xctoolchain/usr/bin/strip -resolve-src-symlinks -rename /tmp/picpac-phase3-recovery-build-03d44f794ef9-20260925T084220Z/iphonesimulator/Build/Intermediates.noindex/PicPacPoe.build/Release-iphonesimulator/PicPacPoe.build/Objects-normal/x86_64/PicPacPoe.abi.json /tmp/picpac-phase3-recovery-build-03d44f794ef9-20260925T084220Z/iphonesimulator/Build/Products/Release-iphonesimulator/PicPacPoe.swiftmodule/x86_64-apple-ios-simulator.abi.json

Copy /tmp/picpac-phase3-recovery-build-03d44f794ef9-20260925T084220Z/iphonesimulator/Build/Products/Release-iphonesimulator/PicPacPoe.swiftmodule/x86_64-apple-ios-simulator.swiftdoc /tmp/picpac-phase3-recovery-build-03d44f794ef9-20260925T084220Z/iphonesimulator/Build/Intermediates.noindex/PicPacPoe.build/Release-iphonesimulator/PicPacPoe.build/Objects-normal/x86_64/PicPacPoe.swiftdoc (in target 'PicPacPoe' from project 'PicPacPoe')
    cd /Users/bavabangaru/Developer/pic-pac-poe-ios-native-parity/ios
    builtin-copy -exclude .DS_Store -exclude CVS -exclude .svn -exclude .git -exclude .hg -strip-unsigned-binaries -strip-deterministic -strip-tool /Applications/Xcode.app/Contents/Developer/Toolchains/XcodeDefault.xctoolchain/usr/bin/strip -resolve-src-symlinks -rename /tmp/picpac-phase3-recovery-build-03d44f794ef9-20260925T084220Z/iphonesimulator/Build/Intermediates.noindex/PicPacPoe.build/Release-iphonesimulator/PicPacPoe.build/Objects-normal/x86_64/PicPacPoe.swiftdoc /tmp/picpac-phase3-recovery-build-03d44f794ef9-20260925T084220Z/iphonesimulator/Build/Products/Release-iphonesimulator/PicPacPoe.swiftmodule/x86_64-apple-ios-simulator.swiftdoc

Copy /tmp/picpac-phase3-recovery-build-03d44f794ef9-20260925T084220Z/iphonesimulator/Build/Products/Release-iphonesimulator/PicPacPoe.swiftmodule/x86_64-apple-ios-simulator.swiftmodule /tmp/picpac-phase3-recovery-build-03d44f794ef9-20260925T084220Z/iphonesimulator/Build/Intermediates.noindex/PicPacPoe.build/Release-iphonesimulator/PicPacPoe.build/Objects-normal/x86_64/PicPacPoe.swiftmodule (in target 'PicPacPoe' from project 'PicPacPoe')
    cd /Users/bavabangaru/Developer/pic-pac-poe-ios-native-parity/ios
    builtin-copy -exclude .DS_Store -exclude CVS -exclude .svn -exclude .git -exclude .hg -strip-unsigned-binaries -strip-deterministic -strip-tool /Applications/Xcode.app/Contents/Developer/Toolchains/XcodeDefault.xctoolchain/usr/bin/strip -resolve-src-symlinks -rename /tmp/picpac-phase3-recovery-build-03d44f794ef9-20260925T084220Z/iphonesimulator/Build/Intermediates.noindex/PicPacPoe.build/Release-iphonesimulator/PicPacPoe.build/Objects-normal/x86_64/PicPacPoe.swiftmodule /tmp/picpac-phase3-recovery-build-03d44f794ef9-20260925T084220Z/iphonesimulator/Build/Products/Release-iphonesimulator/PicPacPoe.swiftmodule/x86_64-apple-ios-simulator.swiftmodule

Copy /tmp/picpac-phase3-recovery-build-03d44f794ef9-20260925T084220Z/iphonesimulator/Build/Products/Release-iphonesimulator/PicPacPoe.swiftmodule/Project/x86_64-apple-ios-simulator.swiftsourceinfo /tmp/picpac-phase3-recovery-build-03d44f794ef9-20260925T084220Z/iphonesimulator/Build/Intermediates.noindex/PicPacPoe.build/Release-iphonesimulator/PicPacPoe.build/Objects-normal/x86_64/PicPacPoe.swiftsourceinfo (in target 'PicPacPoe' from project 'PicPacPoe')
    cd /Users/bavabangaru/Developer/pic-pac-poe-ios-native-parity/ios
    builtin-copy -exclude .DS_Store -exclude CVS -exclude .svn -exclude .git -exclude .hg -strip-unsigned-binaries -strip-deterministic -strip-tool /Applications/Xcode.app/Contents/Developer/Toolchains/XcodeDefault.xctoolchain/usr/bin/strip -resolve-src-symlinks -rename /tmp/picpac-phase3-recovery-build-03d44f794ef9-20260925T084220Z/iphonesimulator/Build/Intermediates.noindex/PicPacPoe.build/Release-iphonesimulator/PicPacPoe.build/Objects-normal/x86_64/PicPacPoe.swiftsourceinfo /tmp/picpac-phase3-recovery-build-03d44f794ef9-20260925T084220Z/iphonesimulator/Build/Products/Release-iphonesimulator/PicPacPoe.swiftmodule/Project/x86_64-apple-ios-simulator.swiftsourceinfo

SwiftDriverJobDiscovery normal arm64 Compiling PicPacPoeApp.swift, FormTheme.swift, PhysicalBoard.swift, HomeView.swift, GameView.swift, InfoViews.swift, FeedbackService.swift, DebugLaunchConfiguration.swift, ProductionAIWorker.swift, GeneratedAssetSymbols.swift (in target 'PicPacPoe' from project 'PicPacPoe')

SwiftDriver\ Compilation\ Requirements PicPacPoe normal arm64 com.apple.xcode.tools.swift.compiler (in target 'PicPacPoe' from project 'PicPacPoe')
    cd /Users/bavabangaru/Developer/pic-pac-poe-ios-native-parity/ios
    builtin-Swift-Compilation-Requirements -- /Applications/Xcode.app/Contents/Developer/Toolchains/XcodeDefault.xctoolchain/usr/bin/swiftc -module-name PicPacPoe -O -whole-module-optimization @/tmp/picpac-phase3-recovery-build-03d44f794ef9-20260925T084220Z/iphonesimulator/Build/Intermediates.noindex/PicPacPoe.build/Release-iphonesimulator/PicPacPoe.build/Objects-normal/arm64/PicPacPoe.SwiftFileList -enable-experimental-feature DebugDescriptionMacro -sdk /Applications/Xcode.app/Contents/Developer/Platforms/iPhoneSimulator.platform/Developer/SDKs/iPhoneSimulator26.5.sdk -target arm64-apple-ios17.0-simulator -g -module-cache-path /tmp/picpac-phase3-recovery-build-03d44f794ef9-20260925T084220Z/iphonesimulator/ModuleCache.noindex -Xfrontend -serialize-debugging-options -swift-version 6 -I /tmp/picpac-phase3-recovery-build-03d44f794ef9-20260925T084220Z/iphonesimulator/Build/Products/Release-iphonesimulator -F /tmp/picpac-phase3-recovery-build-03d44f794ef9-20260925T084220Z/iphonesimulator/Build/Products/Release-iphonesimulator/PackageFrameworks -F /tmp/picpac-phase3-recovery-build-03d44f794ef9-20260925T084220Z/iphonesimulator/Build/Products/Release-iphonesimulator/PackageFrameworks -F /tmp/picpac-phase3-recovery-build-03d44f794ef9-20260925T084220Z/iphonesimulator/Build/Products/Release-iphonesimulator/PackageFrameworks -F /tmp/picpac-phase3-recovery-build-03d44f794ef9-20260925T084220Z/iphonesimulator/Build/Products/Release-iphonesimulator -emit-localized-strings -emit-localized-strings-path /tmp/picpac-phase3-recovery-build-03d44f794ef9-20260925T084220Z/iphonesimulator/Build/Intermediates.noindex/PicPacPoe.build/Release-iphonesimulator/PicPacPoe.build/Objects-normal/arm64 -c -num-threads 12 -Xcc -ivfsstatcache -Xcc /tmp/picpac-phase3-recovery-build-03d44f794ef9-20260925T084220Z/iphonesimulator/SDKStatCaches.noindex/iphonesimulator26.5-23F81a-6cfe768891a92b912361537c460fe42b.sdkstatcache -output-file-map /tmp/picpac-phase3-recovery-build-03d44f794ef9-20260925T084220Z/iphonesimulator/Build/Intermediates.noindex/PicPacPoe.build/Release-iphonesimulator/PicPacPoe.build/Objects-normal/arm64/PicPacPoe-OutputFileMap.json -use-frontend-parseable-output -save-temps -no-color-diagnostics -explicit-module-build -module-cache-path /tmp/picpac-phase3-recovery-build-03d44f794ef9-20260925T084220Z/iphonesimulator/Build/Intermediates.noindex/SwiftExplicitPrecompiledModules -clang-scanner-module-cache-path /tmp/picpac-phase3-recovery-build-03d44f794ef9-20260925T084220Z/iphonesimulator/ModuleCache.noindex -sdk-module-cache-path /tmp/picpac-phase3-recovery-build-03d44f794ef9-20260925T084220Z/iphonesimulator/ModuleCache.noindex -serialize-diagnostics -emit-dependencies -emit-module -emit-module-path /tmp/picpac-phase3-recovery-build-03d44f794ef9-20260925T084220Z/iphonesimulator/Build/Intermediates.noindex/PicPacPoe.build/Release-iphonesimulator/PicPacPoe.build/Objects-normal/arm64/PicPacPoe.swiftmodule -validate-clang-modules-once -clang-build-session-file /tmp/picpac-phase3-recovery-build-03d44f794ef9-20260925T084220Z/iphonesimulator/ModuleCache.noindex/Session.modulevalidation -Xcc -I/tmp/picpac-phase3-recovery-build-03d44f794ef9-20260925T084220Z/iphonesimulator/Build/Intermediates.noindex/PicPacPoe.build/Release-iphonesimulator/PicPacPoe.build/swift-overrides.hmap -emit-const-values -Xfrontend -const-gather-protocols-file -Xfrontend /tmp/picpac-phase3-recovery-build-03d44f794ef9-20260925T084220Z/iphonesimulator/Build/Intermediates.noindex/PicPacPoe.build/Release-iphonesimulator/PicPacPoe.build/Objects-normal/arm64/PicPacPoe_const_extract_protocols.json -Xcc -iquote -Xcc /tmp/picpac-phase3-recovery-build-03d44f794ef9-20260925T084220Z/iphonesimulator/Build/Intermediates.noindex/PicPacPoe.build/Release-iphonesimulator/PicPacPoe.build/PicPacPoe-generated-files.hmap -Xcc -I/tmp/picpac-phase3-recovery-build-03d44f794ef9-20260925T084220Z/iphonesimulator/Build/Intermediates.noindex/PicPacPoe.build/Release-iphonesimulator/PicPacPoe.build/PicPacPoe-own-target-headers.hmap -Xcc -I/tmp/picpac-phase3-recovery-build-03d44f794ef9-20260925T084220Z/iphonesimulator/Build/Intermediates.noindex/PicPacPoe.build/Release-iphonesimulator/PicPacPoe.build/PicPacPoe-all-non-framework-target-headers.hmap -Xcc -ivfsoverlay -Xcc /tmp/picpac-phase3-recovery-build-03d44f794ef9-20260925T084220Z/iphonesimulator/Build/Intermediates.noindex/PicPacPoe.build/Release-iphonesimulator/PicPacPoe-90eff2f9d9e8600d7e53134acd1cb833-VFS-iphonesimulator/all-product-headers.yaml -Xcc -iquote -Xcc /tmp/picpac-phase3-recovery-build-03d44f794ef9-20260925T084220Z/iphonesimulator/Build/Intermediates.noindex/PicPacPoe.build/Release-iphonesimulator/PicPacPoe.build/PicPacPoe-project-headers.hmap -Xcc -I/tmp/picpac-phase3-recovery-build-03d44f794ef9-20260925T084220Z/iphonesimulator/Build/Products/Release-iphonesimulator/include -Xcc -I/tmp/picpac-phase3-recovery-build-03d44f794ef9-20260925T084220Z/iphonesimulator/Build/Intermediates.noindex/PicPacPoe.build/Release-iphonesimulator/PicPacPoe.build/DerivedSources-normal/arm64 -Xcc -I/tmp/picpac-phase3-recovery-build-03d44f794ef9-20260925T084220Z/iphonesimulator/Build/Intermediates.noindex/PicPacPoe.build/Release-iphonesimulator/PicPacPoe.build/DerivedSources/arm64 -Xcc -I/tmp/picpac-phase3-recovery-build-03d44f794ef9-20260925T084220Z/iphonesimulator/Build/Intermediates.noindex/PicPacPoe.build/Release-iphonesimulator/PicPacPoe.build/DerivedSources -emit-objc-header -emit-objc-header-path /tmp/picpac-phase3-recovery-build-03d44f794ef9-20260925T084220Z/iphonesimulator/Build/Intermediates.noindex/PicPacPoe.build/Release-iphonesimulator/PicPacPoe.build/Objects-normal/arm64/PicPacPoe-Swift.h -working-directory /Users/bavabangaru/Developer/pic-pac-poe-ios-native-parity/ios -no-emit-module-separately-wmo

SwiftMergeGeneratedHeaders /tmp/picpac-phase3-recovery-build-03d44f794ef9-20260925T084220Z/iphonesimulator/Build/Intermediates.noindex/PicPacPoe.build/Release-iphonesimulator/PicPacPoe.build/DerivedSources/PicPacPoe-Swift.h /tmp/picpac-phase3-recovery-build-03d44f794ef9-20260925T084220Z/iphonesimulator/Build/Intermediates.noindex/PicPacPoe.build/Release-iphonesimulator/PicPacPoe.build/Objects-normal/arm64/PicPacPoe-Swift.h /tmp/picpac-phase3-recovery-build-03d44f794ef9-20260925T084220Z/iphonesimulator/Build/Intermediates.noindex/PicPacPoe.build/Release-iphonesimulator/PicPacPoe.build/Objects-normal/x86_64/PicPacPoe-Swift.h (in target 'PicPacPoe' from project 'PicPacPoe')
    cd /Users/bavabangaru/Developer/pic-pac-poe-ios-native-parity/ios
    builtin-swiftHeaderTool -arch arm64 /tmp/picpac-phase3-recovery-build-03d44f794ef9-20260925T084220Z/iphonesimulator/Build/Intermediates.noindex/PicPacPoe.build/Release-iphonesimulator/PicPacPoe.build/Objects-normal/arm64/PicPacPoe-Swift.h -arch x86_64 /tmp/picpac-phase3-recovery-build-03d44f794ef9-20260925T084220Z/iphonesimulator/Build/Intermediates.noindex/PicPacPoe.build/Release-iphonesimulator/PicPacPoe.build/Objects-normal/x86_64/PicPacPoe-Swift.h -o /tmp/picpac-phase3-recovery-build-03d44f794ef9-20260925T084220Z/iphonesimulator/Build/Intermediates.noindex/PicPacPoe.build/Release-iphonesimulator/PicPacPoe.build/DerivedSources/PicPacPoe-Swift.h

Copy /tmp/picpac-phase3-recovery-build-03d44f794ef9-20260925T084220Z/iphonesimulator/Build/Products/Release-iphonesimulator/PicPacPoe.swiftmodule/arm64-apple-ios-simulator.swiftmodule /tmp/picpac-phase3-recovery-build-03d44f794ef9-20260925T084220Z/iphonesimulator/Build/Intermediates.noindex/PicPacPoe.build/Release-iphonesimulator/PicPacPoe.build/Objects-normal/arm64/PicPacPoe.swiftmodule (in target 'PicPacPoe' from project 'PicPacPoe')
    cd /Users/bavabangaru/Developer/pic-pac-poe-ios-native-parity/ios
    builtin-copy -exclude .DS_Store -exclude CVS -exclude .svn -exclude .git -exclude .hg -strip-unsigned-binaries -strip-deterministic -strip-tool /Applications/Xcode.app/Contents/Developer/Toolchains/XcodeDefault.xctoolchain/usr/bin/strip -resolve-src-symlinks -rename /tmp/picpac-phase3-recovery-build-03d44f794ef9-20260925T084220Z/iphonesimulator/Build/Intermediates.noindex/PicPacPoe.build/Release-iphonesimulator/PicPacPoe.build/Objects-normal/arm64/PicPacPoe.swiftmodule /tmp/picpac-phase3-recovery-build-03d44f794ef9-20260925T084220Z/iphonesimulator/Build/Products/Release-iphonesimulator/PicPacPoe.swiftmodule/arm64-apple-ios-simulator.swiftmodule

Copy /tmp/picpac-phase3-recovery-build-03d44f794ef9-20260925T084220Z/iphonesimulator/Build/Products/Release-iphonesimulator/PicPacPoe.swiftmodule/arm64-apple-ios-simulator.swiftdoc /tmp/picpac-phase3-recovery-build-03d44f794ef9-20260925T084220Z/iphonesimulator/Build/Intermediates.noindex/PicPacPoe.build/Release-iphonesimulator/PicPacPoe.build/Objects-normal/arm64/PicPacPoe.swiftdoc (in target 'PicPacPoe' from project 'PicPacPoe')
    cd /Users/bavabangaru/Developer/pic-pac-poe-ios-native-parity/ios
    builtin-copy -exclude .DS_Store -exclude CVS -exclude .svn -exclude .git -exclude .hg -strip-unsigned-binaries -strip-deterministic -strip-tool /Applications/Xcode.app/Contents/Developer/Toolchains/XcodeDefault.xctoolchain/usr/bin/strip -resolve-src-symlinks -rename /tmp/picpac-phase3-recovery-build-03d44f794ef9-20260925T084220Z/iphonesimulator/Build/Intermediates.noindex/PicPacPoe.build/Release-iphonesimulator/PicPacPoe.build/Objects-normal/arm64/PicPacPoe.swiftdoc /tmp/picpac-phase3-recovery-build-03d44f794ef9-20260925T084220Z/iphonesimulator/Build/Products/Release-iphonesimulator/PicPacPoe.swiftmodule/arm64-apple-ios-simulator.swiftdoc

Copy /tmp/picpac-phase3-recovery-build-03d44f794ef9-20260925T084220Z/iphonesimulator/Build/Products/Release-iphonesimulator/PicPacPoe.swiftmodule/arm64-apple-ios-simulator.abi.json /tmp/picpac-phase3-recovery-build-03d44f794ef9-20260925T084220Z/iphonesimulator/Build/Intermediates.noindex/PicPacPoe.build/Release-iphonesimulator/PicPacPoe.build/Objects-normal/arm64/PicPacPoe.abi.json (in target 'PicPacPoe' from project 'PicPacPoe')
    cd /Users/bavabangaru/Developer/pic-pac-poe-ios-native-parity/ios
    builtin-copy -exclude .DS_Store -exclude CVS -exclude .svn -exclude .git -exclude .hg -strip-unsigned-binaries -strip-deterministic -strip-tool /Applications/Xcode.app/Contents/Developer/Toolchains/XcodeDefault.xctoolchain/usr/bin/strip -resolve-src-symlinks -rename /tmp/picpac-phase3-recovery-build-03d44f794ef9-20260925T084220Z/iphonesimulator/Build/Intermediates.noindex/PicPacPoe.build/Release-iphonesimulator/PicPacPoe.build/Objects-normal/arm64/PicPacPoe.abi.json /tmp/picpac-phase3-recovery-build-03d44f794ef9-20260925T084220Z/iphonesimulator/Build/Products/Release-iphonesimulator/PicPacPoe.swiftmodule/arm64-apple-ios-simulator.abi.json

Copy /tmp/picpac-phase3-recovery-build-03d44f794ef9-20260925T084220Z/iphonesimulator/Build/Products/Release-iphonesimulator/PicPacPoe.swiftmodule/Project/arm64-apple-ios-simulator.swiftsourceinfo /tmp/picpac-phase3-recovery-build-03d44f794ef9-20260925T084220Z/iphonesimulator/Build/Intermediates.noindex/PicPacPoe.build/Release-iphonesimulator/PicPacPoe.build/Objects-normal/arm64/PicPacPoe.swiftsourceinfo (in target 'PicPacPoe' from project 'PicPacPoe')
    cd /Users/bavabangaru/Developer/pic-pac-poe-ios-native-parity/ios
    builtin-copy -exclude .DS_Store -exclude CVS -exclude .svn -exclude .git -exclude .hg -strip-unsigned-binaries -strip-deterministic -strip-tool /Applications/Xcode.app/Contents/Developer/Toolchains/XcodeDefault.xctoolchain/usr/bin/strip -resolve-src-symlinks -rename /tmp/picpac-phase3-recovery-build-03d44f794ef9-20260925T084220Z/iphonesimulator/Build/Intermediates.noindex/PicPacPoe.build/Release-iphonesimulator/PicPacPoe.build/Objects-normal/arm64/PicPacPoe.swiftsourceinfo /tmp/picpac-phase3-recovery-build-03d44f794ef9-20260925T084220Z/iphonesimulator/Build/Products/Release-iphonesimulator/PicPacPoe.swiftmodule/Project/arm64-apple-ios-simulator.swiftsourceinfo

Ld /tmp/picpac-phase3-recovery-build-03d44f794ef9-20260925T084220Z/iphonesimulator/Build/Intermediates.noindex/PicPacPoe.build/Release-iphonesimulator/PicPacPoe.build/Objects-normal/x86_64/Binary/PicPacPoe normal x86_64 (in target 'PicPacPoe' from project 'PicPacPoe')
    cd /Users/bavabangaru/Developer/pic-pac-poe-ios-native-parity/ios
    /Applications/Xcode.app/Contents/Developer/Toolchains/XcodeDefault.xctoolchain/usr/bin/clang -Xlinker -reproducible -target x86_64-apple-ios17.0-simulator -isysroot /Applications/Xcode.app/Contents/Developer/Platforms/iPhoneSimulator.platform/Developer/SDKs/iPhoneSimulator26.5.sdk -Os -L/tmp/picpac-phase3-recovery-build-03d44f794ef9-20260925T084220Z/iphonesimulator/Build/Intermediates.noindex/EagerLinkingTBDs/Release-iphonesimulator -L/tmp/picpac-phase3-recovery-build-03d44f794ef9-20260925T084220Z/iphonesimulator/Build/Products/Release-iphonesimulator -F/tmp/picpac-phase3-recovery-build-03d44f794ef9-20260925T084220Z/iphonesimulator/Build/Intermediates.noindex/EagerLinkingTBDs/Release-iphonesimulator -F/tmp/picpac-phase3-recovery-build-03d44f794ef9-20260925T084220Z/iphonesimulator/Build/Products/Release-iphonesimulator/PackageFrameworks -F/tmp/picpac-phase3-recovery-build-03d44f794ef9-20260925T084220Z/iphonesimulator/Build/Products/Release-iphonesimulator/PackageFrameworks -F/tmp/picpac-phase3-recovery-build-03d44f794ef9-20260925T084220Z/iphonesimulator/Build/Products/Release-iphonesimulator/PackageFrameworks -F/tmp/picpac-phase3-recovery-build-03d44f794ef9-20260925T084220Z/iphonesimulator/Build/Products/Release-iphonesimulator -filelist /tmp/picpac-phase3-recovery-build-03d44f794ef9-20260925T084220Z/iphonesimulator/Build/Intermediates.noindex/PicPacPoe.build/Release-iphonesimulator/PicPacPoe.build/Objects-normal/x86_64/PicPacPoe.LinkFileList -Xlinker -rpath -Xlinker /usr/lib/swift -Xlinker -dead_strip -Xlinker -object_path_lto -Xlinker /tmp/picpac-phase3-recovery-build-03d44f794ef9-20260925T084220Z/iphonesimulator/Build/Intermediates.noindex/PicPacPoe.build/Release-iphonesimulator/PicPacPoe.build/Objects-normal/x86_64/PicPacPoe_lto.o -Xlinker -objc_abi_version -Xlinker 2 -Xlinker -dependency_info -Xlinker /tmp/picpac-phase3-recovery-build-03d44f794ef9-20260925T084220Z/iphonesimulator/Build/Intermediates.noindex/PicPacPoe.build/Release-iphonesimulator/PicPacPoe.build/Objects-normal/x86_64/PicPacPoe_dependency_info.dat -fobjc-link-runtime -L/Applications/Xcode.app/Contents/Developer/Toolchains/XcodeDefault.xctoolchain/usr/lib/swift/iphonesimulator -L/usr/lib/swift -Xlinker -add_ast_path -Xlinker /tmp/picpac-phase3-recovery-build-03d44f794ef9-20260925T084220Z/iphonesimulator/Build/Intermediates.noindex/PicPacPoe.build/Release-iphonesimulator/PicPacPoe.build/Objects-normal/x86_64/PicPacPoe.swiftmodule @/tmp/picpac-phase3-recovery-build-03d44f794ef9-20260925T084220Z/iphonesimulator/Build/Intermediates.noindex/PicPacPoe.build/Release-iphonesimulator/PicPacPoe.build/Objects-normal/x86_64/PicPacPoe-linker-args.resp -Wl,-no_warn_duplicate_libraries -Wl,-no_warn_duplicate_libraries -Wl,-no_warn_duplicate_libraries -o /tmp/picpac-phase3-recovery-build-03d44f794ef9-20260925T084220Z/iphonesimulator/Build/Intermediates.noindex/PicPacPoe.build/Release-iphonesimulator/PicPacPoe.build/Objects-normal/x86_64/Binary/PicPacPoe -Xlinker -add_ast_path -Xlinker /tmp/picpac-phase3-recovery-build-03d44f794ef9-20260925T084220Z/iphonesimulator/Build/Intermediates.noindex/PicPacKit.build/Release-iphonesimulator/PicPacPresentation.build/Objects-normal/x86_64/PicPacPresentation.swiftmodule @/tmp/picpac-phase3-recovery-build-03d44f794ef9-20260925T084220Z/iphonesimulator/Build/Intermediates.noindex/PicPacKit.build/Release-iphonesimulator/PicPacPresentation.build/Objects-normal/x86_64/PicPacPresentation-linker-args.resp -Xlinker -add_ast_path -Xlinker /tmp/picpac-phase3-recovery-build-03d44f794ef9-20260925T084220Z/iphonesimulator/Build/Intermediates.noindex/PicPacKit.build/Release-iphonesimulator/PicPacCore.build/Objects-normal/x86_64/PicPacCore.swiftmodule @/tmp/picpac-phase3-recovery-build-03d44f794ef9-20260925T084220Z/iphonesimulator/Build/Intermediates.noindex/PicPacKit.build/Release-iphonesimulator/PicPacCore.build/Objects-normal/x86_64/PicPacCore-linker-args.resp -Xlinker -add_ast_path -Xlinker /tmp/picpac-phase3-recovery-build-03d44f794ef9-20260925T084220Z/iphonesimulator/Build/Intermediates.noindex/PicPacKit.build/Release-iphonesimulator/PicPacAI.build/Objects-normal/x86_64/PicPacAI.swiftmodule @/tmp/picpac-phase3-recovery-build-03d44f794ef9-20260925T084220Z/iphonesimulator/Build/Intermediates.noindex/PicPacKit.build/Release-iphonesimulator/PicPacAI.build/Objects-normal/x86_64/PicPacAI-linker-args.resp

Ld /tmp/picpac-phase3-recovery-build-03d44f794ef9-20260925T084220Z/iphonesimulator/Build/Intermediates.noindex/PicPacPoe.build/Release-iphonesimulator/PicPacPoe.build/Objects-normal/arm64/Binary/PicPacPoe normal arm64 (in target 'PicPacPoe' from project 'PicPacPoe')
    cd /Users/bavabangaru/Developer/pic-pac-poe-ios-native-parity/ios
    /Applications/Xcode.app/Contents/Developer/Toolchains/XcodeDefault.xctoolchain/usr/bin/clang -Xlinker -reproducible -target arm64-apple-ios17.0-simulator -isysroot /Applications/Xcode.app/Contents/Developer/Platforms/iPhoneSimulator.platform/Developer/SDKs/iPhoneSimulator26.5.sdk -Os -L/tmp/picpac-phase3-recovery-build-03d44f794ef9-20260925T084220Z/iphonesimulator/Build/Intermediates.noindex/EagerLinkingTBDs/Release-iphonesimulator -L/tmp/picpac-phase3-recovery-build-03d44f794ef9-20260925T084220Z/iphonesimulator/Build/Products/Release-iphonesimulator -F/tmp/picpac-phase3-recovery-build-03d44f794ef9-20260925T084220Z/iphonesimulator/Build/Intermediates.noindex/EagerLinkingTBDs/Release-iphonesimulator -F/tmp/picpac-phase3-recovery-build-03d44f794ef9-20260925T084220Z/iphonesimulator/Build/Products/Release-iphonesimulator/PackageFrameworks -F/tmp/picpac-phase3-recovery-build-03d44f794ef9-20260925T084220Z/iphonesimulator/Build/Products/Release-iphonesimulator/PackageFrameworks -F/tmp/picpac-phase3-recovery-build-03d44f794ef9-20260925T084220Z/iphonesimulator/Build/Products/Release-iphonesimulator/PackageFrameworks -F/tmp/picpac-phase3-recovery-build-03d44f794ef9-20260925T084220Z/iphonesimulator/Build/Products/Release-iphonesimulator -filelist /tmp/picpac-phase3-recovery-build-03d44f794ef9-20260925T084220Z/iphonesimulator/Build/Intermediates.noindex/PicPacPoe.build/Release-iphonesimulator/PicPacPoe.build/Objects-normal/arm64/PicPacPoe.LinkFileList -Xlinker -rpath -Xlinker /usr/lib/swift -Xlinker -dead_strip -Xlinker -object_path_lto -Xlinker /tmp/picpac-phase3-recovery-build-03d44f794ef9-20260925T084220Z/iphonesimulator/Build/Intermediates.noindex/PicPacPoe.build/Release-iphonesimulator/PicPacPoe.build/Objects-normal/arm64/PicPacPoe_lto.o -Xlinker -objc_abi_version -Xlinker 2 -Xlinker -dependency_info -Xlinker /tmp/picpac-phase3-recovery-build-03d44f794ef9-20260925T084220Z/iphonesimulator/Build/Intermediates.noindex/PicPacPoe.build/Release-iphonesimulator/PicPacPoe.build/Objects-normal/arm64/PicPacPoe_dependency_info.dat -fobjc-link-runtime -L/Applications/Xcode.app/Contents/Developer/Toolchains/XcodeDefault.xctoolchain/usr/lib/swift/iphonesimulator -L/usr/lib/swift -Xlinker -add_ast_path -Xlinker /tmp/picpac-phase3-recovery-build-03d44f794ef9-20260925T084220Z/iphonesimulator/Build/Intermediates.noindex/PicPacPoe.build/Release-iphonesimulator/PicPacPoe.build/Objects-normal/arm64/PicPacPoe.swiftmodule @/tmp/picpac-phase3-recovery-build-03d44f794ef9-20260925T084220Z/iphonesimulator/Build/Intermediates.noindex/PicPacPoe.build/Release-iphonesimulator/PicPacPoe.build/Objects-normal/arm64/PicPacPoe-linker-args.resp -Wl,-no_warn_duplicate_libraries -Wl,-no_warn_duplicate_libraries -Wl,-no_warn_duplicate_libraries -o /tmp/picpac-phase3-recovery-build-03d44f794ef9-20260925T084220Z/iphonesimulator/Build/Intermediates.noindex/PicPacPoe.build/Release-iphonesimulator/PicPacPoe.build/Objects-normal/arm64/Binary/PicPacPoe -Xlinker -add_ast_path -Xlinker /tmp/picpac-phase3-recovery-build-03d44f794ef9-20260925T084220Z/iphonesimulator/Build/Intermediates.noindex/PicPacKit.build/Release-iphonesimulator/PicPacPresentation.build/Objects-normal/arm64/PicPacPresentation.swiftmodule @/tmp/picpac-phase3-recovery-build-03d44f794ef9-20260925T084220Z/iphonesimulator/Build/Intermediates.noindex/PicPacKit.build/Release-iphonesimulator/PicPacPresentation.build/Objects-normal/arm64/PicPacPresentation-linker-args.resp -Xlinker -add_ast_path -Xlinker /tmp/picpac-phase3-recovery-build-03d44f794ef9-20260925T084220Z/iphonesimulator/Build/Intermediates.noindex/PicPacKit.build/Release-iphonesimulator/PicPacCore.build/Objects-normal/arm64/PicPacCore.swiftmodule @/tmp/picpac-phase3-recovery-build-03d44f794ef9-20260925T084220Z/iphonesimulator/Build/Intermediates.noindex/PicPacKit.build/Release-iphonesimulator/PicPacCore.build/Objects-normal/arm64/PicPacCore-linker-args.resp -Xlinker -add_ast_path -Xlinker /tmp/picpac-phase3-recovery-build-03d44f794ef9-20260925T084220Z/iphonesimulator/Build/Intermediates.noindex/PicPacKit.build/Release-iphonesimulator/PicPacAI.build/Objects-normal/arm64/PicPacAI.swiftmodule @/tmp/picpac-phase3-recovery-build-03d44f794ef9-20260925T084220Z/iphonesimulator/Build/Intermediates.noindex/PicPacKit.build/Release-iphonesimulator/PicPacAI.build/Objects-normal/arm64/PicPacAI-linker-args.resp

CreateUniversalBinary /tmp/picpac-phase3-recovery-build-03d44f794ef9-20260925T084220Z/iphonesimulator/Build/Products/Release-iphonesimulator/PicPacPoe.app/PicPacPoe normal arm64\ x86_64 (in target 'PicPacPoe' from project 'PicPacPoe')
    cd /Users/bavabangaru/Developer/pic-pac-poe-ios-native-parity/ios
    /Applications/Xcode.app/Contents/Developer/Toolchains/XcodeDefault.xctoolchain/usr/bin/lipo -create /tmp/picpac-phase3-recovery-build-03d44f794ef9-20260925T084220Z/iphonesimulator/Build/Intermediates.noindex/PicPacPoe.build/Release-iphonesimulator/PicPacPoe.build/Objects-normal/arm64/Binary/PicPacPoe /tmp/picpac-phase3-recovery-build-03d44f794ef9-20260925T084220Z/iphonesimulator/Build/Intermediates.noindex/PicPacPoe.build/Release-iphonesimulator/PicPacPoe.build/Objects-normal/x86_64/Binary/PicPacPoe -output /tmp/picpac-phase3-recovery-build-03d44f794ef9-20260925T084220Z/iphonesimulator/Build/Products/Release-iphonesimulator/PicPacPoe.app/PicPacPoe

ExtractAppIntentsMetadata (in target 'PicPacPoe' from project 'PicPacPoe')
    cd /Users/bavabangaru/Developer/pic-pac-poe-ios-native-parity/ios
    /Applications/Xcode.app/Contents/Developer/Toolchains/XcodeDefault.xctoolchain/usr/bin/appintentsmetadataprocessor --toolchain-dir /Applications/Xcode.app/Contents/Developer/Toolchains/XcodeDefault.xctoolchain --module-name PicPacPoe --sdk-root /Applications/Xcode.app/Contents/Developer/Platforms/iPhoneSimulator.platform/Developer/SDKs/iPhoneSimulator26.5.sdk --xcode-version 17F113 --platform-family iOS --deployment-target 17.0 --bundle-identifier dev.saipranith.picpacpoe --output /tmp/picpac-phase3-recovery-build-03d44f794ef9-20260925T084220Z/iphonesimulator/Build/Products/Release-iphonesimulator/PicPacPoe.app --target-triple arm64-apple-ios17.0-simulator --target-triple x86_64-apple-ios17.0-simulator --binary-file /tmp/picpac-phase3-recovery-build-03d44f794ef9-20260925T084220Z/iphonesimulator/Build/Products/Release-iphonesimulator/PicPacPoe.app/PicPacPoe --dependency-file /tmp/picpac-phase3-recovery-build-03d44f794ef9-20260925T084220Z/iphonesimulator/Build/Intermediates.noindex/PicPacPoe.build/Release-iphonesimulator/PicPacPoe.build/Objects-normal/arm64/PicPacPoe_dependency_info.dat --dependency-file /tmp/picpac-phase3-recovery-build-03d44f794ef9-20260925T084220Z/iphonesimulator/Build/Intermediates.noindex/PicPacPoe.build/Release-iphonesimulator/PicPacPoe.build/Objects-normal/x86_64/PicPacPoe_dependency_info.dat --stringsdata-file /tmp/picpac-phase3-recovery-build-03d44f794ef9-20260925T084220Z/iphonesimulator/Build/Intermediates.noindex/PicPacPoe.build/Release-iphonesimulator/PicPacPoe.build/Objects-normal/arm64/ExtractedAppShortcutsMetadata.stringsdata --stringsdata-file /tmp/picpac-phase3-recovery-build-03d44f794ef9-20260925T084220Z/iphonesimulator/Build/Intermediates.noindex/PicPacPoe.build/Release-iphonesimulator/PicPacPoe.build/Objects-normal/x86_64/ExtractedAppShortcutsMetadata.stringsdata --source-file-list /tmp/picpac-phase3-recovery-build-03d44f794ef9-20260925T084220Z/iphonesimulator/Build/Intermediates.noindex/PicPacPoe.build/Release-iphonesimulator/PicPacPoe.build/Objects-normal/arm64/PicPacPoe.SwiftFileList --source-file-list /tmp/picpac-phase3-recovery-build-03d44f794ef9-20260925T084220Z/iphonesimulator/Build/Intermediates.noindex/PicPacPoe.build/Release-iphonesimulator/PicPacPoe.build/Objects-normal/x86_64/PicPacPoe.SwiftFileList --metadata-file-list /tmp/picpac-phase3-recovery-build-03d44f794ef9-20260925T084220Z/iphonesimulator/Build/Intermediates.noindex/PicPacPoe.build/Release-iphonesimulator/PicPacPoe.build/PicPacPoe.DependencyMetadataFileList --static-metadata-file-list /tmp/picpac-phase3-recovery-build-03d44f794ef9-20260925T084220Z/iphonesimulator/Build/Intermediates.noindex/PicPacPoe.build/Release-iphonesimulator/PicPacPoe.build/PicPacPoe.DependencyStaticMetadataFileList --swift-const-vals-list /tmp/picpac-phase3-recovery-build-03d44f794ef9-20260925T084220Z/iphonesimulator/Build/Intermediates.noindex/PicPacPoe.build/Release-iphonesimulator/PicPacPoe.build/Objects-normal/arm64/PicPacPoe.SwiftConstValuesFileList --swift-const-vals-list /tmp/picpac-phase3-recovery-build-03d44f794ef9-20260925T084220Z/iphonesimulator/Build/Intermediates.noindex/PicPacPoe.build/Release-iphonesimulator/PicPacPoe.build/Objects-normal/x86_64/PicPacPoe.SwiftConstValuesFileList --compile-time-extraction --deployment-aware-processing --validate-assistant-intents --no-app-shortcuts-localization
2026-09-25 04:42:53.217 appintentsmetadataprocessor[83480:115717720] Starting appintentsmetadataprocessor export
2026-09-25 04:42:53.218 appintentsmetadataprocessor[83480:115717720] warning: Metadata extraction skipped. No AppIntents.framework dependency found.

CopySwiftLibs /tmp/picpac-phase3-recovery-build-03d44f794ef9-20260925T084220Z/iphonesimulator/Build/Products/Release-iphonesimulator/PicPacPoe.app (in target 'PicPacPoe' from project 'PicPacPoe')
    cd /Users/bavabangaru/Developer/pic-pac-poe-ios-native-parity/ios
    builtin-swiftStdLibTool --copy --verbose --scan-executable /tmp/picpac-phase3-recovery-build-03d44f794ef9-20260925T084220Z/iphonesimulator/Build/Products/Release-iphonesimulator/PicPacPoe.app/PicPacPoe --scan-folder /tmp/picpac-phase3-recovery-build-03d44f794ef9-20260925T084220Z/iphonesimulator/Build/Products/Release-iphonesimulator/PicPacPoe.app/Frameworks --scan-folder /tmp/picpac-phase3-recovery-build-03d44f794ef9-20260925T084220Z/iphonesimulator/Build/Products/Release-iphonesimulator/PicPacPoe.app/PlugIns --scan-folder /tmp/picpac-phase3-recovery-build-03d44f794ef9-20260925T084220Z/iphonesimulator/Build/Products/Release-iphonesimulator/PicPacPoe.app/SystemExtensions --scan-folder /tmp/picpac-phase3-recovery-build-03d44f794ef9-20260925T084220Z/iphonesimulator/Build/Products/Release-iphonesimulator/PicPacPoe.app/Extensions --platform iphonesimulator --toolchain /Applications/Xcode.app/Contents/Developer/Toolchains/XcodeDefault.xctoolchain --destination /tmp/picpac-phase3-recovery-build-03d44f794ef9-20260925T084220Z/iphonesimulator/Build/Products/Release-iphonesimulator/PicPacPoe.app/Frameworks --strip-bitcode --strip-bitcode-tool /Applications/Xcode.app/Contents/Developer/Toolchains/XcodeDefault.xctoolchain/usr/bin/bitcode_strip --emit-dependency-info /tmp/picpac-phase3-recovery-build-03d44f794ef9-20260925T084220Z/iphonesimulator/Build/Intermediates.noindex/PicPacPoe.build/Release-iphonesimulator/PicPacPoe.build/SwiftStdLibToolInputDependencies.dep --filter-for-swift-os --back-deploy-swift-span
Ignoring --strip-bitcode because --sign was not passed

GenerateDSYMFile /tmp/picpac-phase3-recovery-build-03d44f794ef9-20260925T084220Z/iphonesimulator/Build/Products/Release-iphonesimulator/PicPacPoe.app.dSYM /tmp/picpac-phase3-recovery-build-03d44f794ef9-20260925T084220Z/iphonesimulator/Build/Products/Release-iphonesimulator/PicPacPoe.app/PicPacPoe (in target 'PicPacPoe' from project 'PicPacPoe')
    cd /Users/bavabangaru/Developer/pic-pac-poe-ios-native-parity/ios
    /Applications/Xcode.app/Contents/Developer/Toolchains/XcodeDefault.xctoolchain/usr/bin/dsymutil /tmp/picpac-phase3-recovery-build-03d44f794ef9-20260925T084220Z/iphonesimulator/Build/Products/Release-iphonesimulator/PicPacPoe.app/PicPacPoe -o /tmp/picpac-phase3-recovery-build-03d44f794ef9-20260925T084220Z/iphonesimulator/Build/Products/Release-iphonesimulator/PicPacPoe.app.dSYM

AppIntentsSSUTraining (in target 'PicPacPoe' from project 'PicPacPoe')
    cd /Users/bavabangaru/Developer/pic-pac-poe-ios-native-parity/ios
    /Applications/Xcode.app/Contents/Developer/Toolchains/XcodeDefault.xctoolchain/usr/bin/appintentsnltrainingprocessor --infoplist-path /tmp/picpac-phase3-recovery-build-03d44f794ef9-20260925T084220Z/iphonesimulator/Build/Products/Release-iphonesimulator/PicPacPoe.app/Info.plist --temp-dir-path /tmp/picpac-phase3-recovery-build-03d44f794ef9-20260925T084220Z/iphonesimulator/Build/Intermediates.noindex/PicPacPoe.build/Release-iphonesimulator/PicPacPoe.build/ssu --bundle-id dev.saipranith.picpacpoe --product-path /tmp/picpac-phase3-recovery-build-03d44f794ef9-20260925T084220Z/iphonesimulator/Build/Products/Release-iphonesimulator/PicPacPoe.app --extracted-metadata-path /tmp/picpac-phase3-recovery-build-03d44f794ef9-20260925T084220Z/iphonesimulator/Build/Products/Release-iphonesimulator/PicPacPoe.app/Metadata.appintents --metadata-file-list /tmp/picpac-phase3-recovery-build-03d44f794ef9-20260925T084220Z/iphonesimulator/Build/Intermediates.noindex/PicPacPoe.build/Release-iphonesimulator/PicPacPoe.build/PicPacPoe.DependencyMetadataFileList --source-file /tmp/picpac-phase3-recovery-build-03d44f794ef9-20260925T084220Z/iphonesimulator/Build/Products/Release-iphonesimulator/PicPacPoe.app/Info.plist --archive-ssu-assets
2026-09-25 04:42:53.234 appintentsnltrainingprocessor[83482:115717723] Parsing options for appintentsnltrainingprocessor
2026-09-25 04:42:53.234 appintentsnltrainingprocessor[83482:115717723] Starting AppIntents SSU YAML Generation
2026-09-25 04:42:53.234 appintentsnltrainingprocessor[83482:115717723] No AppShortcuts found - Skipping.

RegisterExecutionPolicyException /tmp/picpac-phase3-recovery-build-03d44f794ef9-20260925T084220Z/iphonesimulator/Build/Products/Release-iphonesimulator/PicPacPoe.app (in target 'PicPacPoe' from project 'PicPacPoe')
    cd /Users/bavabangaru/Developer/pic-pac-poe-ios-native-parity/ios
    builtin-RegisterExecutionPolicyException /tmp/picpac-phase3-recovery-build-03d44f794ef9-20260925T084220Z/iphonesimulator/Build/Products/Release-iphonesimulator/PicPacPoe.app

Validate /tmp/picpac-phase3-recovery-build-03d44f794ef9-20260925T084220Z/iphonesimulator/Build/Products/Release-iphonesimulator/PicPacPoe.app (in target 'PicPacPoe' from project 'PicPacPoe')
    cd /Users/bavabangaru/Developer/pic-pac-poe-ios-native-parity/ios
    builtin-validationUtility /tmp/picpac-phase3-recovery-build-03d44f794ef9-20260925T084220Z/iphonesimulator/Build/Products/Release-iphonesimulator/PicPacPoe.app -validate-for-store -shallow-bundle -infoplist-subpath Info.plist

Touch /tmp/picpac-phase3-recovery-build-03d44f794ef9-20260925T084220Z/iphonesimulator/Build/Products/Release-iphonesimulator/PicPacPoe.app (in target 'PicPacPoe' from project 'PicPacPoe')
    cd /Users/bavabangaru/Developer/pic-pac-poe-ios-native-parity/ios
    /usr/bin/touch -c /tmp/picpac-phase3-recovery-build-03d44f794ef9-20260925T084220Z/iphonesimulator/Build/Products/Release-iphonesimulator/PicPacPoe.app

** BUILD SUCCEEDED **

