Command line invocation:
    /Applications/Xcode.app/Contents/Developer/usr/bin/xcodebuild -project /Users/bavabangaru/Developer/pic-pac-poe-ios-native-parity/ios/PicPacPoe.xcodeproj -scheme PicPacPoe -configuration Debug -destination "generic/platform=iOS Simulator" -derivedDataPath /var/folders/fh/vt8wk6pn5dgd_tv982c123440000gp/T/picpac-snapshots-jy66w48o/build CODE_SIGNING_ALLOWED=NO CODE_SIGNING_REQUIRED=NO build

Build settings from command line:
    CODE_SIGNING_ALLOWED = NO
    CODE_SIGNING_REQUIRED = NO

Resolve Package Graph


Resolved source packages:
  PicPacKit: /Users/bavabangaru/Developer/pic-pac-poe-ios-native-parity/ios/Packages/PicPacKit @ local

ComputePackagePrebuildTargetDependencyGraph

Prepare packages

CreateBuildRequest

SendProjectDescription

CreateBuildOperation

ComputeTargetDependencyGraph
note: Building targets in dependency order
note: Target dependency graph (7 targets)
    Target 'PicPacPoe' in project 'PicPacPoe'
        ➜ Explicit dependency on target 'PicPacPresentation' in project 'PicPacKit'
        ➜ Explicit dependency on target 'PicPacAI' in project 'PicPacKit'
    Target 'PicPacAI' in project 'PicPacKit'
        ➜ Explicit dependency on target 'PicPacAI' in project 'PicPacKit'
        ➜ Explicit dependency on target 'PicPacKit_PicPacAI' in project 'PicPacKit'
        ➜ Explicit dependency on target 'PicPacCore' in project 'PicPacKit'
    Target 'PicPacAI' in project 'PicPacKit'
        ➜ Explicit dependency on target 'PicPacKit_PicPacAI' in project 'PicPacKit'
        ➜ Explicit dependency on target 'PicPacCore' in project 'PicPacKit'
    Target 'PicPacKit_PicPacAI' in project 'PicPacKit' (no dependencies)
    Target 'PicPacPresentation' in project 'PicPacKit'
        ➜ Explicit dependency on target 'PicPacPresentation' in project 'PicPacKit'
        ➜ Explicit dependency on target 'PicPacCore' in project 'PicPacKit'
    Target 'PicPacPresentation' in project 'PicPacKit'
        ➜ Explicit dependency on target 'PicPacCore' in project 'PicPacKit'
    Target 'PicPacCore' in project 'PicPacKit' (no dependencies)

GatherProvisioningInputs

CreateBuildDescription

ExecuteExternalTool /Applications/Xcode.app/Contents/Developer/Toolchains/XcodeDefault.xctoolchain/usr/bin/swiftc --version

ExecuteExternalTool /Applications/Xcode.app/Contents/Developer/Toolchains/XcodeDefault.xctoolchain/usr/bin/clang -v -E -dM -isysroot /Applications/Xcode.app/Contents/Developer/Platforms/iPhoneSimulator.platform/Developer/SDKs/iPhoneSimulator26.5.sdk -x c -c /dev/null

ExecuteExternalTool /Applications/Xcode.app/Contents/Developer/usr/bin/actool --print-asset-tag-combinations --output-format xml1 /Users/bavabangaru/Developer/pic-pac-poe-ios-native-parity/ios/PicPacPoe/Assets.xcassets

ExecuteExternalTool /Applications/Xcode.app/Contents/Developer/Toolchains/XcodeDefault.xctoolchain/usr/bin/ld -version_details

ExecuteExternalTool /Applications/Xcode.app/Contents/Developer/usr/bin/actool --version --output-format xml1

Build description signature: a2de629924e6da42b8d03cb91ceac8c0
Build description path: /var/folders/fh/vt8wk6pn5dgd_tv982c123440000gp/T/picpac-snapshots-jy66w48o/build/Build/Intermediates.noindex/XCBuildData/a2de629924e6da42b8d03cb91ceac8c0.xcbuilddata
CreateBuildDirectory /var/folders/fh/vt8wk6pn5dgd_tv982c123440000gp/T/picpac-snapshots-jy66w48o/build/Build/Products
    cd /Users/bavabangaru/Developer/pic-pac-poe-ios-native-parity/ios/PicPacPoe.xcodeproj
    builtin-create-build-directory /var/folders/fh/vt8wk6pn5dgd_tv982c123440000gp/T/picpac-snapshots-jy66w48o/build/Build/Products

CreateBuildDirectory /var/folders/fh/vt8wk6pn5dgd_tv982c123440000gp/T/picpac-snapshots-jy66w48o/build/Build/Intermediates.noindex
    cd /Users/bavabangaru/Developer/pic-pac-poe-ios-native-parity/ios/PicPacPoe.xcodeproj
    builtin-create-build-directory /var/folders/fh/vt8wk6pn5dgd_tv982c123440000gp/T/picpac-snapshots-jy66w48o/build/Build/Intermediates.noindex

ClangStatCache /Applications/Xcode.app/Contents/Developer/Toolchains/XcodeDefault.xctoolchain/usr/bin/clang-stat-cache /Applications/Xcode.app/Contents/Developer/Platforms/iPhoneSimulator.platform/Developer/SDKs/iPhoneSimulator26.5.sdk /var/folders/fh/vt8wk6pn5dgd_tv982c123440000gp/T/picpac-snapshots-jy66w48o/build/SDKStatCaches.noindex/iphonesimulator26.5-23F81a-6cfe768891a92b912361537c460fe42b.sdkstatcache
    cd /Users/bavabangaru/Developer/pic-pac-poe-ios-native-parity/ios/PicPacPoe.xcodeproj
    /Applications/Xcode.app/Contents/Developer/Toolchains/XcodeDefault.xctoolchain/usr/bin/clang-stat-cache /Applications/Xcode.app/Contents/Developer/Platforms/iPhoneSimulator.platform/Developer/SDKs/iPhoneSimulator26.5.sdk -o /var/folders/fh/vt8wk6pn5dgd_tv982c123440000gp/T/picpac-snapshots-jy66w48o/build/SDKStatCaches.noindex/iphonesimulator26.5-23F81a-6cfe768891a92b912361537c460fe42b.sdkstatcache

CreateBuildDirectory /var/folders/fh/vt8wk6pn5dgd_tv982c123440000gp/T/picpac-snapshots-jy66w48o/build/Build/Intermediates.noindex/ExplicitPrecompiledModules
    cd /Users/bavabangaru/Developer/pic-pac-poe-ios-native-parity/ios/PicPacPoe.xcodeproj
    builtin-create-build-directory /var/folders/fh/vt8wk6pn5dgd_tv982c123440000gp/T/picpac-snapshots-jy66w48o/build/Build/Intermediates.noindex/ExplicitPrecompiledModules

CreateBuildDirectory /var/folders/fh/vt8wk6pn5dgd_tv982c123440000gp/T/picpac-snapshots-jy66w48o/build/Build/Products/Debug-iphonesimulator
    cd /Users/bavabangaru/Developer/pic-pac-poe-ios-native-parity/ios/PicPacPoe.xcodeproj
    builtin-create-build-directory /var/folders/fh/vt8wk6pn5dgd_tv982c123440000gp/T/picpac-snapshots-jy66w48o/build/Build/Products/Debug-iphonesimulator

CreateBuildDirectory /var/folders/fh/vt8wk6pn5dgd_tv982c123440000gp/T/picpac-snapshots-jy66w48o/build/Build/Intermediates.noindex/SwiftExplicitPrecompiledModules
    cd /Users/bavabangaru/Developer/pic-pac-poe-ios-native-parity/ios/PicPacPoe.xcodeproj
    builtin-create-build-directory /var/folders/fh/vt8wk6pn5dgd_tv982c123440000gp/T/picpac-snapshots-jy66w48o/build/Build/Intermediates.noindex/SwiftExplicitPrecompiledModules

CreateBuildDirectory /var/folders/fh/vt8wk6pn5dgd_tv982c123440000gp/T/picpac-snapshots-jy66w48o/build/Build/Intermediates.noindex/EagerLinkingTBDs/Debug-iphonesimulator
    cd /Users/bavabangaru/Developer/pic-pac-poe-ios-native-parity/ios/PicPacPoe.xcodeproj
    builtin-create-build-directory /var/folders/fh/vt8wk6pn5dgd_tv982c123440000gp/T/picpac-snapshots-jy66w48o/build/Build/Intermediates.noindex/EagerLinkingTBDs/Debug-iphonesimulator

WriteAuxiliaryFile /var/folders/fh/vt8wk6pn5dgd_tv982c123440000gp/T/picpac-snapshots-jy66w48o/build/Build/Intermediates.noindex/PicPacPoe.build/Debug-iphonesimulator/PicPacPoe-90eff2f9d9e8600d7e53134acd1cb833-VFS-iphonesimulator/all-product-headers.yaml
    cd /Users/bavabangaru/Developer/pic-pac-poe-ios-native-parity/ios/PicPacPoe.xcodeproj
    write-file /var/folders/fh/vt8wk6pn5dgd_tv982c123440000gp/T/picpac-snapshots-jy66w48o/build/Build/Intermediates.noindex/PicPacPoe.build/Debug-iphonesimulator/PicPacPoe-90eff2f9d9e8600d7e53134acd1cb833-VFS-iphonesimulator/all-product-headers.yaml

CreateBuildDirectory /var/folders/fh/vt8wk6pn5dgd_tv982c123440000gp/T/picpac-snapshots-jy66w48o/build/Build/Products/Debug-iphonesimulator/PackageFrameworks
    cd /Users/bavabangaru/Developer/pic-pac-poe-ios-native-parity/ios/PicPacPoe.xcodeproj
    builtin-create-build-directory /var/folders/fh/vt8wk6pn5dgd_tv982c123440000gp/T/picpac-snapshots-jy66w48o/build/Build/Products/Debug-iphonesimulator/PackageFrameworks

WriteAuxiliaryFile /var/folders/fh/vt8wk6pn5dgd_tv982c123440000gp/T/picpac-snapshots-jy66w48o/build/Build/Intermediates.noindex/PicPacPoe.build/Debug-iphonesimulator/PicPacPoe.build/PicPacPoe-own-target-headers.hmap (in target 'PicPacPoe' from project 'PicPacPoe')
    cd /Users/bavabangaru/Developer/pic-pac-poe-ios-native-parity/ios
    write-file /var/folders/fh/vt8wk6pn5dgd_tv982c123440000gp/T/picpac-snapshots-jy66w48o/build/Build/Intermediates.noindex/PicPacPoe.build/Debug-iphonesimulator/PicPacPoe.build/PicPacPoe-own-target-headers.hmap

WriteAuxiliaryFile /var/folders/fh/vt8wk6pn5dgd_tv982c123440000gp/T/picpac-snapshots-jy66w48o/build/Build/Intermediates.noindex/PicPacPoe.build/Debug-iphonesimulator/PicPacPoe.build/PicPacPoe.hmap (in target 'PicPacPoe' from project 'PicPacPoe')
    cd /Users/bavabangaru/Developer/pic-pac-poe-ios-native-parity/ios
    write-file /var/folders/fh/vt8wk6pn5dgd_tv982c123440000gp/T/picpac-snapshots-jy66w48o/build/Build/Intermediates.noindex/PicPacPoe.build/Debug-iphonesimulator/PicPacPoe.build/PicPacPoe.hmap

WriteAuxiliaryFile /var/folders/fh/vt8wk6pn5dgd_tv982c123440000gp/T/picpac-snapshots-jy66w48o/build/Build/Intermediates.noindex/PicPacPoe.build/Debug-iphonesimulator/PicPacPoe.build/PicPacPoe.DependencyMetadataFileList (in target 'PicPacPoe' from project 'PicPacPoe')
    cd /Users/bavabangaru/Developer/pic-pac-poe-ios-native-parity/ios
    write-file /var/folders/fh/vt8wk6pn5dgd_tv982c123440000gp/T/picpac-snapshots-jy66w48o/build/Build/Intermediates.noindex/PicPacPoe.build/Debug-iphonesimulator/PicPacPoe.build/PicPacPoe.DependencyMetadataFileList

WriteAuxiliaryFile /var/folders/fh/vt8wk6pn5dgd_tv982c123440000gp/T/picpac-snapshots-jy66w48o/build/Build/Intermediates.noindex/PicPacPoe.build/Debug-iphonesimulator/PicPacPoe.build/PicPacPoe-project-headers.hmap (in target 'PicPacPoe' from project 'PicPacPoe')
    cd /Users/bavabangaru/Developer/pic-pac-poe-ios-native-parity/ios
    write-file /var/folders/fh/vt8wk6pn5dgd_tv982c123440000gp/T/picpac-snapshots-jy66w48o/build/Build/Intermediates.noindex/PicPacPoe.build/Debug-iphonesimulator/PicPacPoe.build/PicPacPoe-project-headers.hmap

WriteAuxiliaryFile /var/folders/fh/vt8wk6pn5dgd_tv982c123440000gp/T/picpac-snapshots-jy66w48o/build/Build/Intermediates.noindex/PicPacPoe.build/Debug-iphonesimulator/PicPacPoe.build/PicPacPoe.DependencyStaticMetadataFileList (in target 'PicPacPoe' from project 'PicPacPoe')
    cd /Users/bavabangaru/Developer/pic-pac-poe-ios-native-parity/ios
    write-file /var/folders/fh/vt8wk6pn5dgd_tv982c123440000gp/T/picpac-snapshots-jy66w48o/build/Build/Intermediates.noindex/PicPacPoe.build/Debug-iphonesimulator/PicPacPoe.build/PicPacPoe.DependencyStaticMetadataFileList

WriteAuxiliaryFile /var/folders/fh/vt8wk6pn5dgd_tv982c123440000gp/T/picpac-snapshots-jy66w48o/build/Build/Intermediates.noindex/PicPacPoe.build/Debug-iphonesimulator/PicPacPoe.build/PicPacPoe-generated-files.hmap (in target 'PicPacPoe' from project 'PicPacPoe')
    cd /Users/bavabangaru/Developer/pic-pac-poe-ios-native-parity/ios
    write-file /var/folders/fh/vt8wk6pn5dgd_tv982c123440000gp/T/picpac-snapshots-jy66w48o/build/Build/Intermediates.noindex/PicPacPoe.build/Debug-iphonesimulator/PicPacPoe.build/PicPacPoe-generated-files.hmap

WriteAuxiliaryFile /var/folders/fh/vt8wk6pn5dgd_tv982c123440000gp/T/picpac-snapshots-jy66w48o/build/Build/Intermediates.noindex/PicPacKit.build/Debug-iphonesimulator/PicPacPresentation.build/PicPacPresentation.DependencyStaticMetadataFileList (in target 'PicPacPresentation' from project 'PicPacKit')
    cd /Users/bavabangaru/Developer/pic-pac-poe-ios-native-parity/ios/Packages/PicPacKit
    write-file /var/folders/fh/vt8wk6pn5dgd_tv982c123440000gp/T/picpac-snapshots-jy66w48o/build/Build/Intermediates.noindex/PicPacKit.build/Debug-iphonesimulator/PicPacPresentation.build/PicPacPresentation.DependencyStaticMetadataFileList

WriteAuxiliaryFile /var/folders/fh/vt8wk6pn5dgd_tv982c123440000gp/T/picpac-snapshots-jy66w48o/build/Build/Intermediates.noindex/PicPacKit.build/Debug-iphonesimulator/PicPacPresentation.build/PicPacPresentation.DependencyMetadataFileList (in target 'PicPacPresentation' from project 'PicPacKit')
    cd /Users/bavabangaru/Developer/pic-pac-poe-ios-native-parity/ios/Packages/PicPacKit
    write-file /var/folders/fh/vt8wk6pn5dgd_tv982c123440000gp/T/picpac-snapshots-jy66w48o/build/Build/Intermediates.noindex/PicPacKit.build/Debug-iphonesimulator/PicPacPresentation.build/PicPacPresentation.DependencyMetadataFileList

WriteAuxiliaryFile /var/folders/fh/vt8wk6pn5dgd_tv982c123440000gp/T/picpac-snapshots-jy66w48o/build/Build/Intermediates.noindex/PicPacKit.build/Debug-iphonesimulator/PicPacPresentation.build/PicPacPresentation.modulemap (in target 'PicPacPresentation' from project 'PicPacKit')
    cd /Users/bavabangaru/Developer/pic-pac-poe-ios-native-parity/ios/Packages/PicPacKit
    write-file /var/folders/fh/vt8wk6pn5dgd_tv982c123440000gp/T/picpac-snapshots-jy66w48o/build/Build/Intermediates.noindex/PicPacKit.build/Debug-iphonesimulator/PicPacPresentation.build/PicPacPresentation.modulemap

WriteAuxiliaryFile /var/folders/fh/vt8wk6pn5dgd_tv982c123440000gp/T/picpac-snapshots-jy66w48o/build/Build/Intermediates.noindex/PicPacKit.build/Debug-iphonesimulator/PicPacKit_PicPacAI.build/empty-PicPacKit_PicPacAI.plist (in target 'PicPacKit_PicPacAI' from project 'PicPacKit')
    cd /Users/bavabangaru/Developer/pic-pac-poe-ios-native-parity/ios/Packages/PicPacKit
    write-file /var/folders/fh/vt8wk6pn5dgd_tv982c123440000gp/T/picpac-snapshots-jy66w48o/build/Build/Intermediates.noindex/PicPacKit.build/Debug-iphonesimulator/PicPacKit_PicPacAI.build/empty-PicPacKit_PicPacAI.plist

WriteAuxiliaryFile /var/folders/fh/vt8wk6pn5dgd_tv982c123440000gp/T/picpac-snapshots-jy66w48o/build/Build/Intermediates.noindex/PicPacKit.build/Debug-iphonesimulator/PicPacPresentation.build/Objects-normal/x86_64/PicPacPresentation_const_extract_protocols.json (in target 'PicPacPresentation' from project 'PicPacKit')
    cd /Users/bavabangaru/Developer/pic-pac-poe-ios-native-parity/ios/Packages/PicPacKit
    write-file /var/folders/fh/vt8wk6pn5dgd_tv982c123440000gp/T/picpac-snapshots-jy66w48o/build/Build/Intermediates.noindex/PicPacKit.build/Debug-iphonesimulator/PicPacPresentation.build/Objects-normal/x86_64/PicPacPresentation_const_extract_protocols.json

WriteAuxiliaryFile /var/folders/fh/vt8wk6pn5dgd_tv982c123440000gp/T/picpac-snapshots-jy66w48o/build/Build/Intermediates.noindex/PicPacKit.build/Debug-iphonesimulator/PicPacPresentation.build/Objects-normal/x86_64/PicPacPresentation.LinkFileList (in target 'PicPacPresentation' from project 'PicPacKit')
    cd /Users/bavabangaru/Developer/pic-pac-poe-ios-native-parity/ios/Packages/PicPacKit
    write-file /var/folders/fh/vt8wk6pn5dgd_tv982c123440000gp/T/picpac-snapshots-jy66w48o/build/Build/Intermediates.noindex/PicPacKit.build/Debug-iphonesimulator/PicPacPresentation.build/Objects-normal/x86_64/PicPacPresentation.LinkFileList

WriteAuxiliaryFile /var/folders/fh/vt8wk6pn5dgd_tv982c123440000gp/T/picpac-snapshots-jy66w48o/build/Build/Intermediates.noindex/PicPacKit.build/Debug-iphonesimulator/PicPacPresentation.build/Objects-normal/x86_64/PicPacPresentation.SwiftConstValuesFileList (in target 'PicPacPresentation' from project 'PicPacKit')
    cd /Users/bavabangaru/Developer/pic-pac-poe-ios-native-parity/ios/Packages/PicPacKit
    write-file /var/folders/fh/vt8wk6pn5dgd_tv982c123440000gp/T/picpac-snapshots-jy66w48o/build/Build/Intermediates.noindex/PicPacKit.build/Debug-iphonesimulator/PicPacPresentation.build/Objects-normal/x86_64/PicPacPresentation.SwiftConstValuesFileList

WriteAuxiliaryFile /var/folders/fh/vt8wk6pn5dgd_tv982c123440000gp/T/picpac-snapshots-jy66w48o/build/Build/Intermediates.noindex/PicPacKit.build/Debug-iphonesimulator/PicPacPresentation.build/Objects-normal/x86_64/PicPacPresentation.SwiftFileList (in target 'PicPacPresentation' from project 'PicPacKit')
    cd /Users/bavabangaru/Developer/pic-pac-poe-ios-native-parity/ios/Packages/PicPacKit
    write-file /var/folders/fh/vt8wk6pn5dgd_tv982c123440000gp/T/picpac-snapshots-jy66w48o/build/Build/Intermediates.noindex/PicPacKit.build/Debug-iphonesimulator/PicPacPresentation.build/Objects-normal/x86_64/PicPacPresentation.SwiftFileList

WriteAuxiliaryFile /var/folders/fh/vt8wk6pn5dgd_tv982c123440000gp/T/picpac-snapshots-jy66w48o/build/Build/Intermediates.noindex/PicPacKit.build/Debug-iphonesimulator/PicPacPresentation.build/Objects-normal/x86_64/PicPacPresentation-OutputFileMap.json (in target 'PicPacPresentation' from project 'PicPacKit')
    cd /Users/bavabangaru/Developer/pic-pac-poe-ios-native-parity/ios/Packages/PicPacKit
    write-file /var/folders/fh/vt8wk6pn5dgd_tv982c123440000gp/T/picpac-snapshots-jy66w48o/build/Build/Intermediates.noindex/PicPacKit.build/Debug-iphonesimulator/PicPacPresentation.build/Objects-normal/x86_64/PicPacPresentation-OutputFileMap.json

WriteAuxiliaryFile /var/folders/fh/vt8wk6pn5dgd_tv982c123440000gp/T/picpac-snapshots-jy66w48o/build/Build/Intermediates.noindex/PicPacKit.build/Debug-iphonesimulator/PicPacPresentation.build/Objects-normal/arm64/PicPacPresentation.SwiftFileList (in target 'PicPacPresentation' from project 'PicPacKit')
    cd /Users/bavabangaru/Developer/pic-pac-poe-ios-native-parity/ios/Packages/PicPacKit
    write-file /var/folders/fh/vt8wk6pn5dgd_tv982c123440000gp/T/picpac-snapshots-jy66w48o/build/Build/Intermediates.noindex/PicPacKit.build/Debug-iphonesimulator/PicPacPresentation.build/Objects-normal/arm64/PicPacPresentation.SwiftFileList

WriteAuxiliaryFile /var/folders/fh/vt8wk6pn5dgd_tv982c123440000gp/T/picpac-snapshots-jy66w48o/build/Build/Intermediates.noindex/PicPacKit.build/Debug-iphonesimulator/PicPacPresentation.build/Objects-normal/arm64/PicPacPresentation_const_extract_protocols.json (in target 'PicPacPresentation' from project 'PicPacKit')
    cd /Users/bavabangaru/Developer/pic-pac-poe-ios-native-parity/ios/Packages/PicPacKit
    write-file /var/folders/fh/vt8wk6pn5dgd_tv982c123440000gp/T/picpac-snapshots-jy66w48o/build/Build/Intermediates.noindex/PicPacKit.build/Debug-iphonesimulator/PicPacPresentation.build/Objects-normal/arm64/PicPacPresentation_const_extract_protocols.json

WriteAuxiliaryFile /var/folders/fh/vt8wk6pn5dgd_tv982c123440000gp/T/picpac-snapshots-jy66w48o/build/Build/Intermediates.noindex/PicPacKit.build/Debug-iphonesimulator/PicPacPresentation.build/Objects-normal/arm64/PicPacPresentation.SwiftConstValuesFileList (in target 'PicPacPresentation' from project 'PicPacKit')
    cd /Users/bavabangaru/Developer/pic-pac-poe-ios-native-parity/ios/Packages/PicPacKit
    write-file /var/folders/fh/vt8wk6pn5dgd_tv982c123440000gp/T/picpac-snapshots-jy66w48o/build/Build/Intermediates.noindex/PicPacKit.build/Debug-iphonesimulator/PicPacPresentation.build/Objects-normal/arm64/PicPacPresentation.SwiftConstValuesFileList

WriteAuxiliaryFile /var/folders/fh/vt8wk6pn5dgd_tv982c123440000gp/T/picpac-snapshots-jy66w48o/build/Build/Intermediates.noindex/PicPacKit.build/Debug-iphonesimulator/PicPacPresentation.build/Objects-normal/arm64/PicPacPresentation.LinkFileList (in target 'PicPacPresentation' from project 'PicPacKit')
    cd /Users/bavabangaru/Developer/pic-pac-poe-ios-native-parity/ios/Packages/PicPacKit
    write-file /var/folders/fh/vt8wk6pn5dgd_tv982c123440000gp/T/picpac-snapshots-jy66w48o/build/Build/Intermediates.noindex/PicPacKit.build/Debug-iphonesimulator/PicPacPresentation.build/Objects-normal/arm64/PicPacPresentation.LinkFileList

WriteAuxiliaryFile /var/folders/fh/vt8wk6pn5dgd_tv982c123440000gp/T/picpac-snapshots-jy66w48o/build/Build/Intermediates.noindex/PicPacKit.build/Debug-iphonesimulator/PicPacPresentation.build/Objects-normal/arm64/PicPacPresentation-OutputFileMap.json (in target 'PicPacPresentation' from project 'PicPacKit')
    cd /Users/bavabangaru/Developer/pic-pac-poe-ios-native-parity/ios/Packages/PicPacKit
    write-file /var/folders/fh/vt8wk6pn5dgd_tv982c123440000gp/T/picpac-snapshots-jy66w48o/build/Build/Intermediates.noindex/PicPacKit.build/Debug-iphonesimulator/PicPacPresentation.build/Objects-normal/arm64/PicPacPresentation-OutputFileMap.json

Copy /var/folders/fh/vt8wk6pn5dgd_tv982c123440000gp/T/picpac-snapshots-jy66w48o/build/Build/Intermediates.noindex/GeneratedModuleMaps-iphonesimulator/PicPacPresentation.modulemap /var/folders/fh/vt8wk6pn5dgd_tv982c123440000gp/T/picpac-snapshots-jy66w48o/build/Build/Intermediates.noindex/PicPacKit.build/Debug-iphonesimulator/PicPacPresentation.build/PicPacPresentation.modulemap (in target 'PicPacPresentation' from project 'PicPacKit')
    cd /Users/bavabangaru/Developer/pic-pac-poe-ios-native-parity/ios/Packages/PicPacKit
    builtin-copy -exclude .DS_Store -exclude CVS -exclude .svn -exclude .git -exclude .hg -resolve-src-symlinks /var/folders/fh/vt8wk6pn5dgd_tv982c123440000gp/T/picpac-snapshots-jy66w48o/build/Build/Intermediates.noindex/PicPacKit.build/Debug-iphonesimulator/PicPacPresentation.build/PicPacPresentation.modulemap /var/folders/fh/vt8wk6pn5dgd_tv982c123440000gp/T/picpac-snapshots-jy66w48o/build/Build/Intermediates.noindex/GeneratedModuleMaps-iphonesimulator

WriteAuxiliaryFile /var/folders/fh/vt8wk6pn5dgd_tv982c123440000gp/T/picpac-snapshots-jy66w48o/build/Build/Intermediates.noindex/PicPacPoe.build/Debug-iphonesimulator/PicPacPoe.build/PicPacPoe-all-target-headers.hmap (in target 'PicPacPoe' from project 'PicPacPoe')
    cd /Users/bavabangaru/Developer/pic-pac-poe-ios-native-parity/ios
    write-file /var/folders/fh/vt8wk6pn5dgd_tv982c123440000gp/T/picpac-snapshots-jy66w48o/build/Build/Intermediates.noindex/PicPacPoe.build/Debug-iphonesimulator/PicPacPoe.build/PicPacPoe-all-target-headers.hmap

WriteAuxiliaryFile /var/folders/fh/vt8wk6pn5dgd_tv982c123440000gp/T/picpac-snapshots-jy66w48o/build/Build/Intermediates.noindex/PicPacPoe.build/Debug-iphonesimulator/PicPacPoe.build/PicPacPoe-all-non-framework-target-headers.hmap (in target 'PicPacPoe' from project 'PicPacPoe')
    cd /Users/bavabangaru/Developer/pic-pac-poe-ios-native-parity/ios
    write-file /var/folders/fh/vt8wk6pn5dgd_tv982c123440000gp/T/picpac-snapshots-jy66w48o/build/Build/Intermediates.noindex/PicPacPoe.build/Debug-iphonesimulator/PicPacPoe.build/PicPacPoe-all-non-framework-target-headers.hmap

WriteAuxiliaryFile /var/folders/fh/vt8wk6pn5dgd_tv982c123440000gp/T/picpac-snapshots-jy66w48o/build/Build/Intermediates.noindex/PicPacPoe.build/Debug-iphonesimulator/PicPacPoe.build/PicPacPoe-DebugDylibPath-normal-x86_64.txt (in target 'PicPacPoe' from project 'PicPacPoe')
    cd /Users/bavabangaru/Developer/pic-pac-poe-ios-native-parity/ios
    write-file /var/folders/fh/vt8wk6pn5dgd_tv982c123440000gp/T/picpac-snapshots-jy66w48o/build/Build/Intermediates.noindex/PicPacPoe.build/Debug-iphonesimulator/PicPacPoe.build/PicPacPoe-DebugDylibPath-normal-x86_64.txt

WriteAuxiliaryFile /var/folders/fh/vt8wk6pn5dgd_tv982c123440000gp/T/picpac-snapshots-jy66w48o/build/Build/Intermediates.noindex/PicPacPoe.build/Debug-iphonesimulator/PicPacPoe.build/PicPacPoe-DebugDylibPath-normal-arm64.txt (in target 'PicPacPoe' from project 'PicPacPoe')
    cd /Users/bavabangaru/Developer/pic-pac-poe-ios-native-parity/ios
    write-file /var/folders/fh/vt8wk6pn5dgd_tv982c123440000gp/T/picpac-snapshots-jy66w48o/build/Build/Intermediates.noindex/PicPacPoe.build/Debug-iphonesimulator/PicPacPoe.build/PicPacPoe-DebugDylibPath-normal-arm64.txt

WriteAuxiliaryFile /var/folders/fh/vt8wk6pn5dgd_tv982c123440000gp/T/picpac-snapshots-jy66w48o/build/Build/Intermediates.noindex/PicPacPoe.build/Debug-iphonesimulator/PicPacPoe.build/PicPacPoe-DebugDylibInstallName-normal-x86_64.txt (in target 'PicPacPoe' from project 'PicPacPoe')
    cd /Users/bavabangaru/Developer/pic-pac-poe-ios-native-parity/ios
    write-file /var/folders/fh/vt8wk6pn5dgd_tv982c123440000gp/T/picpac-snapshots-jy66w48o/build/Build/Intermediates.noindex/PicPacPoe.build/Debug-iphonesimulator/PicPacPoe.build/PicPacPoe-DebugDylibInstallName-normal-x86_64.txt

WriteAuxiliaryFile /var/folders/fh/vt8wk6pn5dgd_tv982c123440000gp/T/picpac-snapshots-jy66w48o/build/Build/Intermediates.noindex/PicPacPoe.build/Debug-iphonesimulator/PicPacPoe.build/PicPacPoe-DebugDylibInstallName-normal-arm64.txt (in target 'PicPacPoe' from project 'PicPacPoe')
    cd /Users/bavabangaru/Developer/pic-pac-poe-ios-native-parity/ios
    write-file /var/folders/fh/vt8wk6pn5dgd_tv982c123440000gp/T/picpac-snapshots-jy66w48o/build/Build/Intermediates.noindex/PicPacPoe.build/Debug-iphonesimulator/PicPacPoe.build/PicPacPoe-DebugDylibInstallName-normal-arm64.txt

WriteAuxiliaryFile /var/folders/fh/vt8wk6pn5dgd_tv982c123440000gp/T/picpac-snapshots-jy66w48o/build/Build/Intermediates.noindex/PicPacPoe.build/Debug-iphonesimulator/PicPacPoe.build/Objects-normal/x86_64/PicPacPoe_const_extract_protocols.json (in target 'PicPacPoe' from project 'PicPacPoe')
    cd /Users/bavabangaru/Developer/pic-pac-poe-ios-native-parity/ios
    write-file /var/folders/fh/vt8wk6pn5dgd_tv982c123440000gp/T/picpac-snapshots-jy66w48o/build/Build/Intermediates.noindex/PicPacPoe.build/Debug-iphonesimulator/PicPacPoe.build/Objects-normal/x86_64/PicPacPoe_const_extract_protocols.json

WriteAuxiliaryFile /var/folders/fh/vt8wk6pn5dgd_tv982c123440000gp/T/picpac-snapshots-jy66w48o/build/Build/Intermediates.noindex/PicPacPoe.build/Debug-iphonesimulator/PicPacPoe.build/Objects-normal/x86_64/PicPacPoe.LinkFileList (in target 'PicPacPoe' from project 'PicPacPoe')
    cd /Users/bavabangaru/Developer/pic-pac-poe-ios-native-parity/ios
    write-file /var/folders/fh/vt8wk6pn5dgd_tv982c123440000gp/T/picpac-snapshots-jy66w48o/build/Build/Intermediates.noindex/PicPacPoe.build/Debug-iphonesimulator/PicPacPoe.build/Objects-normal/x86_64/PicPacPoe.LinkFileList

WriteAuxiliaryFile /var/folders/fh/vt8wk6pn5dgd_tv982c123440000gp/T/picpac-snapshots-jy66w48o/build/Build/Intermediates.noindex/PicPacPoe.build/Debug-iphonesimulator/PicPacPoe.build/Objects-normal/x86_64/PicPacPoe.SwiftFileList (in target 'PicPacPoe' from project 'PicPacPoe')
    cd /Users/bavabangaru/Developer/pic-pac-poe-ios-native-parity/ios
    write-file /var/folders/fh/vt8wk6pn5dgd_tv982c123440000gp/T/picpac-snapshots-jy66w48o/build/Build/Intermediates.noindex/PicPacPoe.build/Debug-iphonesimulator/PicPacPoe.build/Objects-normal/x86_64/PicPacPoe.SwiftFileList

WriteAuxiliaryFile /var/folders/fh/vt8wk6pn5dgd_tv982c123440000gp/T/picpac-snapshots-jy66w48o/build/Build/Intermediates.noindex/PicPacPoe.build/Debug-iphonesimulator/PicPacPoe.build/Objects-normal/x86_64/PicPacPoe.SwiftConstValuesFileList (in target 'PicPacPoe' from project 'PicPacPoe')
    cd /Users/bavabangaru/Developer/pic-pac-poe-ios-native-parity/ios
    write-file /var/folders/fh/vt8wk6pn5dgd_tv982c123440000gp/T/picpac-snapshots-jy66w48o/build/Build/Intermediates.noindex/PicPacPoe.build/Debug-iphonesimulator/PicPacPoe.build/Objects-normal/x86_64/PicPacPoe.SwiftConstValuesFileList

WriteAuxiliaryFile /var/folders/fh/vt8wk6pn5dgd_tv982c123440000gp/T/picpac-snapshots-jy66w48o/build/Build/Intermediates.noindex/PicPacPoe.build/Debug-iphonesimulator/PicPacPoe.build/Objects-normal/x86_64/PicPacPoe-OutputFileMap.json (in target 'PicPacPoe' from project 'PicPacPoe')
    cd /Users/bavabangaru/Developer/pic-pac-poe-ios-native-parity/ios
    write-file /var/folders/fh/vt8wk6pn5dgd_tv982c123440000gp/T/picpac-snapshots-jy66w48o/build/Build/Intermediates.noindex/PicPacPoe.build/Debug-iphonesimulator/PicPacPoe.build/Objects-normal/x86_64/PicPacPoe-OutputFileMap.json

WriteAuxiliaryFile /var/folders/fh/vt8wk6pn5dgd_tv982c123440000gp/T/picpac-snapshots-jy66w48o/build/Build/Intermediates.noindex/PicPacPoe.build/Debug-iphonesimulator/PicPacPoe.build/Objects-normal/arm64/PicPacPoe_const_extract_protocols.json (in target 'PicPacPoe' from project 'PicPacPoe')
    cd /Users/bavabangaru/Developer/pic-pac-poe-ios-native-parity/ios
    write-file /var/folders/fh/vt8wk6pn5dgd_tv982c123440000gp/T/picpac-snapshots-jy66w48o/build/Build/Intermediates.noindex/PicPacPoe.build/Debug-iphonesimulator/PicPacPoe.build/Objects-normal/arm64/PicPacPoe_const_extract_protocols.json

WriteAuxiliaryFile /var/folders/fh/vt8wk6pn5dgd_tv982c123440000gp/T/picpac-snapshots-jy66w48o/build/Build/Intermediates.noindex/PicPacPoe.build/Debug-iphonesimulator/PicPacPoe.build/Objects-normal/arm64/PicPacPoe.SwiftFileList (in target 'PicPacPoe' from project 'PicPacPoe')
    cd /Users/bavabangaru/Developer/pic-pac-poe-ios-native-parity/ios
    write-file /var/folders/fh/vt8wk6pn5dgd_tv982c123440000gp/T/picpac-snapshots-jy66w48o/build/Build/Intermediates.noindex/PicPacPoe.build/Debug-iphonesimulator/PicPacPoe.build/Objects-normal/arm64/PicPacPoe.SwiftFileList

WriteAuxiliaryFile /var/folders/fh/vt8wk6pn5dgd_tv982c123440000gp/T/picpac-snapshots-jy66w48o/build/Build/Intermediates.noindex/PicPacPoe.build/Debug-iphonesimulator/PicPacPoe.build/Objects-normal/arm64/PicPacPoe.SwiftConstValuesFileList (in target 'PicPacPoe' from project 'PicPacPoe')
    cd /Users/bavabangaru/Developer/pic-pac-poe-ios-native-parity/ios
    write-file /var/folders/fh/vt8wk6pn5dgd_tv982c123440000gp/T/picpac-snapshots-jy66w48o/build/Build/Intermediates.noindex/PicPacPoe.build/Debug-iphonesimulator/PicPacPoe.build/Objects-normal/arm64/PicPacPoe.SwiftConstValuesFileList

WriteAuxiliaryFile /var/folders/fh/vt8wk6pn5dgd_tv982c123440000gp/T/picpac-snapshots-jy66w48o/build/Build/Intermediates.noindex/PicPacPoe.build/Debug-iphonesimulator/PicPacPoe.build/Objects-normal/arm64/PicPacPoe.LinkFileList (in target 'PicPacPoe' from project 'PicPacPoe')
    cd /Users/bavabangaru/Developer/pic-pac-poe-ios-native-parity/ios
    write-file /var/folders/fh/vt8wk6pn5dgd_tv982c123440000gp/T/picpac-snapshots-jy66w48o/build/Build/Intermediates.noindex/PicPacPoe.build/Debug-iphonesimulator/PicPacPoe.build/Objects-normal/arm64/PicPacPoe.LinkFileList

WriteAuxiliaryFile /var/folders/fh/vt8wk6pn5dgd_tv982c123440000gp/T/picpac-snapshots-jy66w48o/build/Build/Intermediates.noindex/PicPacPoe.build/Debug-iphonesimulator/PicPacPoe.build/Objects-normal/arm64/PicPacPoe-OutputFileMap.json (in target 'PicPacPoe' from project 'PicPacPoe')
    cd /Users/bavabangaru/Developer/pic-pac-poe-ios-native-parity/ios
    write-file /var/folders/fh/vt8wk6pn5dgd_tv982c123440000gp/T/picpac-snapshots-jy66w48o/build/Build/Intermediates.noindex/PicPacPoe.build/Debug-iphonesimulator/PicPacPoe.build/Objects-normal/arm64/PicPacPoe-OutputFileMap.json

WriteAuxiliaryFile /var/folders/fh/vt8wk6pn5dgd_tv982c123440000gp/T/picpac-snapshots-jy66w48o/build/Build/Intermediates.noindex/PicPacKit.build/Debug-iphonesimulator/PicPacKit_PicPacAI.build/PicPacKit_PicPacAI.DependencyStaticMetadataFileList (in target 'PicPacKit_PicPacAI' from project 'PicPacKit')
    cd /Users/bavabangaru/Developer/pic-pac-poe-ios-native-parity/ios/Packages/PicPacKit
    write-file /var/folders/fh/vt8wk6pn5dgd_tv982c123440000gp/T/picpac-snapshots-jy66w48o/build/Build/Intermediates.noindex/PicPacKit.build/Debug-iphonesimulator/PicPacKit_PicPacAI.build/PicPacKit_PicPacAI.DependencyStaticMetadataFileList

WriteAuxiliaryFile /var/folders/fh/vt8wk6pn5dgd_tv982c123440000gp/T/picpac-snapshots-jy66w48o/build/Build/Intermediates.noindex/PicPacKit.build/Debug-iphonesimulator/PicPacKit_PicPacAI.build/PicPacKit_PicPacAI.DependencyMetadataFileList (in target 'PicPacKit_PicPacAI' from project 'PicPacKit')
    cd /Users/bavabangaru/Developer/pic-pac-poe-ios-native-parity/ios/Packages/PicPacKit
    write-file /var/folders/fh/vt8wk6pn5dgd_tv982c123440000gp/T/picpac-snapshots-jy66w48o/build/Build/Intermediates.noindex/PicPacKit.build/Debug-iphonesimulator/PicPacKit_PicPacAI.build/PicPacKit_PicPacAI.DependencyMetadataFileList

WriteAuxiliaryFile /var/folders/fh/vt8wk6pn5dgd_tv982c123440000gp/T/picpac-snapshots-jy66w48o/build/Build/Intermediates.noindex/PicPacKit.build/Debug-iphonesimulator/PicPacCore.build/PicPacCore.modulemap (in target 'PicPacCore' from project 'PicPacKit')
    cd /Users/bavabangaru/Developer/pic-pac-poe-ios-native-parity/ios/Packages/PicPacKit
    write-file /var/folders/fh/vt8wk6pn5dgd_tv982c123440000gp/T/picpac-snapshots-jy66w48o/build/Build/Intermediates.noindex/PicPacKit.build/Debug-iphonesimulator/PicPacCore.build/PicPacCore.modulemap

WriteAuxiliaryFile /var/folders/fh/vt8wk6pn5dgd_tv982c123440000gp/T/picpac-snapshots-jy66w48o/build/Build/Intermediates.noindex/PicPacKit.build/Debug-iphonesimulator/PicPacCore.build/PicPacCore.DependencyStaticMetadataFileList (in target 'PicPacCore' from project 'PicPacKit')
    cd /Users/bavabangaru/Developer/pic-pac-poe-ios-native-parity/ios/Packages/PicPacKit
    write-file /var/folders/fh/vt8wk6pn5dgd_tv982c123440000gp/T/picpac-snapshots-jy66w48o/build/Build/Intermediates.noindex/PicPacKit.build/Debug-iphonesimulator/PicPacCore.build/PicPacCore.DependencyStaticMetadataFileList

WriteAuxiliaryFile /var/folders/fh/vt8wk6pn5dgd_tv982c123440000gp/T/picpac-snapshots-jy66w48o/build/Build/Intermediates.noindex/PicPacKit.build/Debug-iphonesimulator/PicPacCore.build/PicPacCore.DependencyMetadataFileList (in target 'PicPacCore' from project 'PicPacKit')
    cd /Users/bavabangaru/Developer/pic-pac-poe-ios-native-parity/ios/Packages/PicPacKit
    write-file /var/folders/fh/vt8wk6pn5dgd_tv982c123440000gp/T/picpac-snapshots-jy66w48o/build/Build/Intermediates.noindex/PicPacKit.build/Debug-iphonesimulator/PicPacCore.build/PicPacCore.DependencyMetadataFileList

WriteAuxiliaryFile /var/folders/fh/vt8wk6pn5dgd_tv982c123440000gp/T/picpac-snapshots-jy66w48o/build/Build/Intermediates.noindex/PicPacKit.build/Debug-iphonesimulator/PicPacCore.build/Objects-normal/x86_64/PicPacCore_const_extract_protocols.json (in target 'PicPacCore' from project 'PicPacKit')
    cd /Users/bavabangaru/Developer/pic-pac-poe-ios-native-parity/ios/Packages/PicPacKit
    write-file /var/folders/fh/vt8wk6pn5dgd_tv982c123440000gp/T/picpac-snapshots-jy66w48o/build/Build/Intermediates.noindex/PicPacKit.build/Debug-iphonesimulator/PicPacCore.build/Objects-normal/x86_64/PicPacCore_const_extract_protocols.json

WriteAuxiliaryFile /var/folders/fh/vt8wk6pn5dgd_tv982c123440000gp/T/picpac-snapshots-jy66w48o/build/Build/Intermediates.noindex/PicPacKit.build/Debug-iphonesimulator/PicPacCore.build/Objects-normal/x86_64/PicPacCore.SwiftFileList (in target 'PicPacCore' from project 'PicPacKit')
    cd /Users/bavabangaru/Developer/pic-pac-poe-ios-native-parity/ios/Packages/PicPacKit
    write-file /var/folders/fh/vt8wk6pn5dgd_tv982c123440000gp/T/picpac-snapshots-jy66w48o/build/Build/Intermediates.noindex/PicPacKit.build/Debug-iphonesimulator/PicPacCore.build/Objects-normal/x86_64/PicPacCore.SwiftFileList

WriteAuxiliaryFile /var/folders/fh/vt8wk6pn5dgd_tv982c123440000gp/T/picpac-snapshots-jy66w48o/build/Build/Intermediates.noindex/PicPacKit.build/Debug-iphonesimulator/PicPacCore.build/Objects-normal/x86_64/PicPacCore.SwiftConstValuesFileList (in target 'PicPacCore' from project 'PicPacKit')
    cd /Users/bavabangaru/Developer/pic-pac-poe-ios-native-parity/ios/Packages/PicPacKit
    write-file /var/folders/fh/vt8wk6pn5dgd_tv982c123440000gp/T/picpac-snapshots-jy66w48o/build/Build/Intermediates.noindex/PicPacKit.build/Debug-iphonesimulator/PicPacCore.build/Objects-normal/x86_64/PicPacCore.SwiftConstValuesFileList

WriteAuxiliaryFile /var/folders/fh/vt8wk6pn5dgd_tv982c123440000gp/T/picpac-snapshots-jy66w48o/build/Build/Intermediates.noindex/PicPacKit.build/Debug-iphonesimulator/PicPacCore.build/Objects-normal/x86_64/PicPacCore.LinkFileList (in target 'PicPacCore' from project 'PicPacKit')
    cd /Users/bavabangaru/Developer/pic-pac-poe-ios-native-parity/ios/Packages/PicPacKit
    write-file /var/folders/fh/vt8wk6pn5dgd_tv982c123440000gp/T/picpac-snapshots-jy66w48o/build/Build/Intermediates.noindex/PicPacKit.build/Debug-iphonesimulator/PicPacCore.build/Objects-normal/x86_64/PicPacCore.LinkFileList

WriteAuxiliaryFile /var/folders/fh/vt8wk6pn5dgd_tv982c123440000gp/T/picpac-snapshots-jy66w48o/build/Build/Intermediates.noindex/PicPacKit.build/Debug-iphonesimulator/PicPacCore.build/Objects-normal/x86_64/PicPacCore-OutputFileMap.json (in target 'PicPacCore' from project 'PicPacKit')
    cd /Users/bavabangaru/Developer/pic-pac-poe-ios-native-parity/ios/Packages/PicPacKit
    write-file /var/folders/fh/vt8wk6pn5dgd_tv982c123440000gp/T/picpac-snapshots-jy66w48o/build/Build/Intermediates.noindex/PicPacKit.build/Debug-iphonesimulator/PicPacCore.build/Objects-normal/x86_64/PicPacCore-OutputFileMap.json

WriteAuxiliaryFile /var/folders/fh/vt8wk6pn5dgd_tv982c123440000gp/T/picpac-snapshots-jy66w48o/build/Build/Intermediates.noindex/PicPacKit.build/Debug-iphonesimulator/PicPacCore.build/Objects-normal/arm64/PicPacCore_const_extract_protocols.json (in target 'PicPacCore' from project 'PicPacKit')
    cd /Users/bavabangaru/Developer/pic-pac-poe-ios-native-parity/ios/Packages/PicPacKit
    write-file /var/folders/fh/vt8wk6pn5dgd_tv982c123440000gp/T/picpac-snapshots-jy66w48o/build/Build/Intermediates.noindex/PicPacKit.build/Debug-iphonesimulator/PicPacCore.build/Objects-normal/arm64/PicPacCore_const_extract_protocols.json

WriteAuxiliaryFile /var/folders/fh/vt8wk6pn5dgd_tv982c123440000gp/T/picpac-snapshots-jy66w48o/build/Build/Intermediates.noindex/PicPacKit.build/Debug-iphonesimulator/PicPacCore.build/Objects-normal/arm64/PicPacCore.SwiftFileList (in target 'PicPacCore' from project 'PicPacKit')
    cd /Users/bavabangaru/Developer/pic-pac-poe-ios-native-parity/ios/Packages/PicPacKit
    write-file /var/folders/fh/vt8wk6pn5dgd_tv982c123440000gp/T/picpac-snapshots-jy66w48o/build/Build/Intermediates.noindex/PicPacKit.build/Debug-iphonesimulator/PicPacCore.build/Objects-normal/arm64/PicPacCore.SwiftFileList

WriteAuxiliaryFile /var/folders/fh/vt8wk6pn5dgd_tv982c123440000gp/T/picpac-snapshots-jy66w48o/build/Build/Intermediates.noindex/PicPacKit.build/Debug-iphonesimulator/PicPacCore.build/Objects-normal/arm64/PicPacCore.SwiftConstValuesFileList (in target 'PicPacCore' from project 'PicPacKit')
    cd /Users/bavabangaru/Developer/pic-pac-poe-ios-native-parity/ios/Packages/PicPacKit
    write-file /var/folders/fh/vt8wk6pn5dgd_tv982c123440000gp/T/picpac-snapshots-jy66w48o/build/Build/Intermediates.noindex/PicPacKit.build/Debug-iphonesimulator/PicPacCore.build/Objects-normal/arm64/PicPacCore.SwiftConstValuesFileList

WriteAuxiliaryFile /var/folders/fh/vt8wk6pn5dgd_tv982c123440000gp/T/picpac-snapshots-jy66w48o/build/Build/Intermediates.noindex/PicPacKit.build/Debug-iphonesimulator/PicPacCore.build/Objects-normal/arm64/PicPacCore.LinkFileList (in target 'PicPacCore' from project 'PicPacKit')
    cd /Users/bavabangaru/Developer/pic-pac-poe-ios-native-parity/ios/Packages/PicPacKit
    write-file /var/folders/fh/vt8wk6pn5dgd_tv982c123440000gp/T/picpac-snapshots-jy66w48o/build/Build/Intermediates.noindex/PicPacKit.build/Debug-iphonesimulator/PicPacCore.build/Objects-normal/arm64/PicPacCore.LinkFileList

WriteAuxiliaryFile /var/folders/fh/vt8wk6pn5dgd_tv982c123440000gp/T/picpac-snapshots-jy66w48o/build/Build/Intermediates.noindex/PicPacKit.build/Debug-iphonesimulator/PicPacCore.build/Objects-normal/arm64/PicPacCore-OutputFileMap.json (in target 'PicPacCore' from project 'PicPacKit')
    cd /Users/bavabangaru/Developer/pic-pac-poe-ios-native-parity/ios/Packages/PicPacKit
    write-file /var/folders/fh/vt8wk6pn5dgd_tv982c123440000gp/T/picpac-snapshots-jy66w48o/build/Build/Intermediates.noindex/PicPacKit.build/Debug-iphonesimulator/PicPacCore.build/Objects-normal/arm64/PicPacCore-OutputFileMap.json

Copy /var/folders/fh/vt8wk6pn5dgd_tv982c123440000gp/T/picpac-snapshots-jy66w48o/build/Build/Intermediates.noindex/GeneratedModuleMaps-iphonesimulator/PicPacCore.modulemap /var/folders/fh/vt8wk6pn5dgd_tv982c123440000gp/T/picpac-snapshots-jy66w48o/build/Build/Intermediates.noindex/PicPacKit.build/Debug-iphonesimulator/PicPacCore.build/PicPacCore.modulemap (in target 'PicPacCore' from project 'PicPacKit')
    cd /Users/bavabangaru/Developer/pic-pac-poe-ios-native-parity/ios/Packages/PicPacKit
    builtin-copy -exclude .DS_Store -exclude CVS -exclude .svn -exclude .git -exclude .hg -resolve-src-symlinks /var/folders/fh/vt8wk6pn5dgd_tv982c123440000gp/T/picpac-snapshots-jy66w48o/build/Build/Intermediates.noindex/PicPacKit.build/Debug-iphonesimulator/PicPacCore.build/PicPacCore.modulemap /var/folders/fh/vt8wk6pn5dgd_tv982c123440000gp/T/picpac-snapshots-jy66w48o/build/Build/Intermediates.noindex/GeneratedModuleMaps-iphonesimulator

WriteAuxiliaryFile /var/folders/fh/vt8wk6pn5dgd_tv982c123440000gp/T/picpac-snapshots-jy66w48o/build/Build/Intermediates.noindex/PicPacKit.build/Debug-iphonesimulator/PicPacAI.build/PicPacAI.modulemap (in target 'PicPacAI' from project 'PicPacKit')
    cd /Users/bavabangaru/Developer/pic-pac-poe-ios-native-parity/ios/Packages/PicPacKit
    write-file /var/folders/fh/vt8wk6pn5dgd_tv982c123440000gp/T/picpac-snapshots-jy66w48o/build/Build/Intermediates.noindex/PicPacKit.build/Debug-iphonesimulator/PicPacAI.build/PicPacAI.modulemap

WriteAuxiliaryFile /var/folders/fh/vt8wk6pn5dgd_tv982c123440000gp/T/picpac-snapshots-jy66w48o/build/Build/Intermediates.noindex/PicPacKit.build/Debug-iphonesimulator/PicPacAI.build/PicPacAI.DependencyStaticMetadataFileList (in target 'PicPacAI' from project 'PicPacKit')
    cd /Users/bavabangaru/Developer/pic-pac-poe-ios-native-parity/ios/Packages/PicPacKit
    write-file /var/folders/fh/vt8wk6pn5dgd_tv982c123440000gp/T/picpac-snapshots-jy66w48o/build/Build/Intermediates.noindex/PicPacKit.build/Debug-iphonesimulator/PicPacAI.build/PicPacAI.DependencyStaticMetadataFileList

WriteAuxiliaryFile /var/folders/fh/vt8wk6pn5dgd_tv982c123440000gp/T/picpac-snapshots-jy66w48o/build/Build/Intermediates.noindex/PicPacKit.build/Debug-iphonesimulator/PicPacAI.build/PicPacAI.DependencyMetadataFileList (in target 'PicPacAI' from project 'PicPacKit')
    cd /Users/bavabangaru/Developer/pic-pac-poe-ios-native-parity/ios/Packages/PicPacKit
    write-file /var/folders/fh/vt8wk6pn5dgd_tv982c123440000gp/T/picpac-snapshots-jy66w48o/build/Build/Intermediates.noindex/PicPacKit.build/Debug-iphonesimulator/PicPacAI.build/PicPacAI.DependencyMetadataFileList

WriteAuxiliaryFile /var/folders/fh/vt8wk6pn5dgd_tv982c123440000gp/T/picpac-snapshots-jy66w48o/build/Build/Intermediates.noindex/PicPacKit.build/Debug-iphonesimulator/PicPacAI.build/Objects-normal/x86_64/PicPacAI_const_extract_protocols.json (in target 'PicPacAI' from project 'PicPacKit')
    cd /Users/bavabangaru/Developer/pic-pac-poe-ios-native-parity/ios/Packages/PicPacKit
    write-file /var/folders/fh/vt8wk6pn5dgd_tv982c123440000gp/T/picpac-snapshots-jy66w48o/build/Build/Intermediates.noindex/PicPacKit.build/Debug-iphonesimulator/PicPacAI.build/Objects-normal/x86_64/PicPacAI_const_extract_protocols.json

WriteAuxiliaryFile /var/folders/fh/vt8wk6pn5dgd_tv982c123440000gp/T/picpac-snapshots-jy66w48o/build/Build/Intermediates.noindex/PicPacKit.build/Debug-iphonesimulator/PicPacAI.build/Objects-normal/x86_64/PicPacAI.SwiftFileList (in target 'PicPacAI' from project 'PicPacKit')
    cd /Users/bavabangaru/Developer/pic-pac-poe-ios-native-parity/ios/Packages/PicPacKit
    write-file /var/folders/fh/vt8wk6pn5dgd_tv982c123440000gp/T/picpac-snapshots-jy66w48o/build/Build/Intermediates.noindex/PicPacKit.build/Debug-iphonesimulator/PicPacAI.build/Objects-normal/x86_64/PicPacAI.SwiftFileList

WriteAuxiliaryFile /var/folders/fh/vt8wk6pn5dgd_tv982c123440000gp/T/picpac-snapshots-jy66w48o/build/Build/Intermediates.noindex/PicPacKit.build/Debug-iphonesimulator/PicPacAI.build/Objects-normal/x86_64/PicPacAI.SwiftConstValuesFileList (in target 'PicPacAI' from project 'PicPacKit')
    cd /Users/bavabangaru/Developer/pic-pac-poe-ios-native-parity/ios/Packages/PicPacKit
    write-file /var/folders/fh/vt8wk6pn5dgd_tv982c123440000gp/T/picpac-snapshots-jy66w48o/build/Build/Intermediates.noindex/PicPacKit.build/Debug-iphonesimulator/PicPacAI.build/Objects-normal/x86_64/PicPacAI.SwiftConstValuesFileList

WriteAuxiliaryFile /var/folders/fh/vt8wk6pn5dgd_tv982c123440000gp/T/picpac-snapshots-jy66w48o/build/Build/Intermediates.noindex/PicPacKit.build/Debug-iphonesimulator/PicPacAI.build/Objects-normal/x86_64/PicPacAI.LinkFileList (in target 'PicPacAI' from project 'PicPacKit')
    cd /Users/bavabangaru/Developer/pic-pac-poe-ios-native-parity/ios/Packages/PicPacKit
    write-file /var/folders/fh/vt8wk6pn5dgd_tv982c123440000gp/T/picpac-snapshots-jy66w48o/build/Build/Intermediates.noindex/PicPacKit.build/Debug-iphonesimulator/PicPacAI.build/Objects-normal/x86_64/PicPacAI.LinkFileList

WriteAuxiliaryFile /var/folders/fh/vt8wk6pn5dgd_tv982c123440000gp/T/picpac-snapshots-jy66w48o/build/Build/Intermediates.noindex/PicPacKit.build/Debug-iphonesimulator/PicPacAI.build/Objects-normal/x86_64/PicPacAI-OutputFileMap.json (in target 'PicPacAI' from project 'PicPacKit')
    cd /Users/bavabangaru/Developer/pic-pac-poe-ios-native-parity/ios/Packages/PicPacKit
    write-file /var/folders/fh/vt8wk6pn5dgd_tv982c123440000gp/T/picpac-snapshots-jy66w48o/build/Build/Intermediates.noindex/PicPacKit.build/Debug-iphonesimulator/PicPacAI.build/Objects-normal/x86_64/PicPacAI-OutputFileMap.json

WriteAuxiliaryFile /var/folders/fh/vt8wk6pn5dgd_tv982c123440000gp/T/picpac-snapshots-jy66w48o/build/Build/Intermediates.noindex/PicPacKit.build/Debug-iphonesimulator/PicPacAI.build/Objects-normal/arm64/PicPacAI.SwiftFileList (in target 'PicPacAI' from project 'PicPacKit')
    cd /Users/bavabangaru/Developer/pic-pac-poe-ios-native-parity/ios/Packages/PicPacKit
    write-file /var/folders/fh/vt8wk6pn5dgd_tv982c123440000gp/T/picpac-snapshots-jy66w48o/build/Build/Intermediates.noindex/PicPacKit.build/Debug-iphonesimulator/PicPacAI.build/Objects-normal/arm64/PicPacAI.SwiftFileList

WriteAuxiliaryFile /var/folders/fh/vt8wk6pn5dgd_tv982c123440000gp/T/picpac-snapshots-jy66w48o/build/Build/Intermediates.noindex/PicPacKit.build/Debug-iphonesimulator/PicPacAI.build/Objects-normal/arm64/PicPacAI_const_extract_protocols.json (in target 'PicPacAI' from project 'PicPacKit')
    cd /Users/bavabangaru/Developer/pic-pac-poe-ios-native-parity/ios/Packages/PicPacKit
    write-file /var/folders/fh/vt8wk6pn5dgd_tv982c123440000gp/T/picpac-snapshots-jy66w48o/build/Build/Intermediates.noindex/PicPacKit.build/Debug-iphonesimulator/PicPacAI.build/Objects-normal/arm64/PicPacAI_const_extract_protocols.json

WriteAuxiliaryFile /var/folders/fh/vt8wk6pn5dgd_tv982c123440000gp/T/picpac-snapshots-jy66w48o/build/Build/Intermediates.noindex/PicPacKit.build/Debug-iphonesimulator/PicPacAI.build/Objects-normal/arm64/PicPacAI.SwiftConstValuesFileList (in target 'PicPacAI' from project 'PicPacKit')
    cd /Users/bavabangaru/Developer/pic-pac-poe-ios-native-parity/ios/Packages/PicPacKit
    write-file /var/folders/fh/vt8wk6pn5dgd_tv982c123440000gp/T/picpac-snapshots-jy66w48o/build/Build/Intermediates.noindex/PicPacKit.build/Debug-iphonesimulator/PicPacAI.build/Objects-normal/arm64/PicPacAI.SwiftConstValuesFileList

WriteAuxiliaryFile /var/folders/fh/vt8wk6pn5dgd_tv982c123440000gp/T/picpac-snapshots-jy66w48o/build/Build/Intermediates.noindex/PicPacKit.build/Debug-iphonesimulator/PicPacAI.build/Objects-normal/arm64/PicPacAI.LinkFileList (in target 'PicPacAI' from project 'PicPacKit')
    cd /Users/bavabangaru/Developer/pic-pac-poe-ios-native-parity/ios/Packages/PicPacKit
    write-file /var/folders/fh/vt8wk6pn5dgd_tv982c123440000gp/T/picpac-snapshots-jy66w48o/build/Build/Intermediates.noindex/PicPacKit.build/Debug-iphonesimulator/PicPacAI.build/Objects-normal/arm64/PicPacAI.LinkFileList

WriteAuxiliaryFile /var/folders/fh/vt8wk6pn5dgd_tv982c123440000gp/T/picpac-snapshots-jy66w48o/build/Build/Intermediates.noindex/PicPacKit.build/Debug-iphonesimulator/PicPacAI.build/Objects-normal/arm64/PicPacAI-OutputFileMap.json (in target 'PicPacAI' from project 'PicPacKit')
    cd /Users/bavabangaru/Developer/pic-pac-poe-ios-native-parity/ios/Packages/PicPacKit
    write-file /var/folders/fh/vt8wk6pn5dgd_tv982c123440000gp/T/picpac-snapshots-jy66w48o/build/Build/Intermediates.noindex/PicPacKit.build/Debug-iphonesimulator/PicPacAI.build/Objects-normal/arm64/PicPacAI-OutputFileMap.json

WriteAuxiliaryFile /var/folders/fh/vt8wk6pn5dgd_tv982c123440000gp/T/picpac-snapshots-jy66w48o/build/Build/Intermediates.noindex/PicPacKit.build/Debug-iphonesimulator/PicPacAI.build/DerivedSources/resource_bundle_accessor.swift (in target 'PicPacAI' from project 'PicPacKit')
    cd /Users/bavabangaru/Developer/pic-pac-poe-ios-native-parity/ios/Packages/PicPacKit
    write-file /var/folders/fh/vt8wk6pn5dgd_tv982c123440000gp/T/picpac-snapshots-jy66w48o/build/Build/Intermediates.noindex/PicPacKit.build/Debug-iphonesimulator/PicPacAI.build/DerivedSources/resource_bundle_accessor.swift

Copy /var/folders/fh/vt8wk6pn5dgd_tv982c123440000gp/T/picpac-snapshots-jy66w48o/build/Build/Intermediates.noindex/GeneratedModuleMaps-iphonesimulator/PicPacAI.modulemap /var/folders/fh/vt8wk6pn5dgd_tv982c123440000gp/T/picpac-snapshots-jy66w48o/build/Build/Intermediates.noindex/PicPacKit.build/Debug-iphonesimulator/PicPacAI.build/PicPacAI.modulemap (in target 'PicPacAI' from project 'PicPacKit')
    cd /Users/bavabangaru/Developer/pic-pac-poe-ios-native-parity/ios/Packages/PicPacKit
    builtin-copy -exclude .DS_Store -exclude CVS -exclude .svn -exclude .git -exclude .hg -resolve-src-symlinks /var/folders/fh/vt8wk6pn5dgd_tv982c123440000gp/T/picpac-snapshots-jy66w48o/build/Build/Intermediates.noindex/PicPacKit.build/Debug-iphonesimulator/PicPacAI.build/PicPacAI.modulemap /var/folders/fh/vt8wk6pn5dgd_tv982c123440000gp/T/picpac-snapshots-jy66w48o/build/Build/Intermediates.noindex/GeneratedModuleMaps-iphonesimulator

MkDir /var/folders/fh/vt8wk6pn5dgd_tv982c123440000gp/T/picpac-snapshots-jy66w48o/build/Build/Products/Debug-iphonesimulator/PicPacPoe.app (in target 'PicPacPoe' from project 'PicPacPoe')
    cd /Users/bavabangaru/Developer/pic-pac-poe-ios-native-parity/ios
    /bin/mkdir -p /var/folders/fh/vt8wk6pn5dgd_tv982c123440000gp/T/picpac-snapshots-jy66w48o/build/Build/Products/Debug-iphonesimulator/PicPacPoe.app

MkDir /var/folders/fh/vt8wk6pn5dgd_tv982c123440000gp/T/picpac-snapshots-jy66w48o/build/Build/Products/Debug-iphonesimulator/PicPacKit_PicPacAI.bundle (in target 'PicPacKit_PicPacAI' from project 'PicPacKit')
    cd /Users/bavabangaru/Developer/pic-pac-poe-ios-native-parity/ios/Packages/PicPacKit
    /bin/mkdir -p /var/folders/fh/vt8wk6pn5dgd_tv982c123440000gp/T/picpac-snapshots-jy66w48o/build/Build/Products/Debug-iphonesimulator/PicPacKit_PicPacAI.bundle

ProcessInfoPlistFile /var/folders/fh/vt8wk6pn5dgd_tv982c123440000gp/T/picpac-snapshots-jy66w48o/build/Build/Products/Debug-iphonesimulator/PicPacKit_PicPacAI.bundle/Info.plist /var/folders/fh/vt8wk6pn5dgd_tv982c123440000gp/T/picpac-snapshots-jy66w48o/build/Build/Intermediates.noindex/PicPacKit.build/Debug-iphonesimulator/PicPacKit_PicPacAI.build/empty-PicPacKit_PicPacAI.plist (in target 'PicPacKit_PicPacAI' from project 'PicPacKit')
    cd /Users/bavabangaru/Developer/pic-pac-poe-ios-native-parity/ios/Packages/PicPacKit
    builtin-infoPlistUtility /var/folders/fh/vt8wk6pn5dgd_tv982c123440000gp/T/picpac-snapshots-jy66w48o/build/Build/Intermediates.noindex/PicPacKit.build/Debug-iphonesimulator/PicPacKit_PicPacAI.build/empty-PicPacKit_PicPacAI.plist -producttype com.apple.product-type.bundle -expandbuildsettings -format binary -platform iphonesimulator -o /var/folders/fh/vt8wk6pn5dgd_tv982c123440000gp/T/picpac-snapshots-jy66w48o/build/Build/Products/Debug-iphonesimulator/PicPacKit_PicPacAI.bundle/Info.plist

CpResource /var/folders/fh/vt8wk6pn5dgd_tv982c123440000gp/T/picpac-snapshots-jy66w48o/build/Build/Products/Debug-iphonesimulator/PicPacKit_PicPacAI.bundle/picpac_rl_policy_v1.bin /Users/bavabangaru/Developer/pic-pac-poe-ios-native-parity/ios/Packages/PicPacKit/Sources/PicPacAI/Resources/picpac_rl_policy_v1.bin (in target 'PicPacKit_PicPacAI' from project 'PicPacKit')
    cd /Users/bavabangaru/Developer/pic-pac-poe-ios-native-parity/ios/Packages/PicPacKit
    builtin-copy -exclude .DS_Store -exclude CVS -exclude .svn -exclude .git -exclude .hg -resolve-src-symlinks /Users/bavabangaru/Developer/pic-pac-poe-ios-native-parity/ios/Packages/PicPacKit/Sources/PicPacAI/Resources/picpac_rl_policy_v1.bin /var/folders/fh/vt8wk6pn5dgd_tv982c123440000gp/T/picpac-snapshots-jy66w48o/build/Build/Products/Debug-iphonesimulator/PicPacKit_PicPacAI.bundle

RegisterExecutionPolicyException /var/folders/fh/vt8wk6pn5dgd_tv982c123440000gp/T/picpac-snapshots-jy66w48o/build/Build/Products/Debug-iphonesimulator/PicPacKit_PicPacAI.bundle (in target 'PicPacKit_PicPacAI' from project 'PicPacKit')
    cd /Users/bavabangaru/Developer/pic-pac-poe-ios-native-parity/ios/Packages/PicPacKit
    builtin-RegisterExecutionPolicyException /var/folders/fh/vt8wk6pn5dgd_tv982c123440000gp/T/picpac-snapshots-jy66w48o/build/Build/Products/Debug-iphonesimulator/PicPacKit_PicPacAI.bundle

Touch /var/folders/fh/vt8wk6pn5dgd_tv982c123440000gp/T/picpac-snapshots-jy66w48o/build/Build/Products/Debug-iphonesimulator/PicPacKit_PicPacAI.bundle (in target 'PicPacKit_PicPacAI' from project 'PicPacKit')
    cd /Users/bavabangaru/Developer/pic-pac-poe-ios-native-parity/ios/Packages/PicPacKit
    /usr/bin/touch -c /var/folders/fh/vt8wk6pn5dgd_tv982c123440000gp/T/picpac-snapshots-jy66w48o/build/Build/Products/Debug-iphonesimulator/PicPacKit_PicPacAI.bundle

SwiftDriver PicPacCore normal x86_64 com.apple.xcode.tools.swift.compiler (in target 'PicPacCore' from project 'PicPacKit')
    cd /Users/bavabangaru/Developer/pic-pac-poe-ios-native-parity/ios/PicPacPoe.xcodeproj
    builtin-SwiftDriver -- /Applications/Xcode.app/Contents/Developer/Toolchains/XcodeDefault.xctoolchain/usr/bin/swiftc -module-name PicPacCore -Onone @/var/folders/fh/vt8wk6pn5dgd_tv982c123440000gp/T/picpac-snapshots-jy66w48o/build/Build/Intermediates.noindex/PicPacKit.build/Debug-iphonesimulator/PicPacCore.build/Objects-normal/x86_64/PicPacCore.SwiftFileList -DSWIFT_PACKAGE -DDEBUG -DSWIFT_MODULE_RESOURCE_BUNDLE_UNAVAILABLE -DXcode -plugin-path /Applications/Xcode.app/Contents/Developer/Toolchains/XcodeDefault.xctoolchain/usr/lib/swift/host/plugins/testing -enable-experimental-feature DebugDescriptionMacro -sdk /Applications/Xcode.app/Contents/Developer/Platforms/iPhoneSimulator.platform/Developer/SDKs/iPhoneSimulator26.5.sdk -target x86_64-apple-ios17.0-simulator -g -module-cache-path /var/folders/fh/vt8wk6pn5dgd_tv982c123440000gp/T/picpac-snapshots-jy66w48o/build/ModuleCache.noindex -Xfrontend -serialize-debugging-options -profile-coverage-mapping -profile-generate -enable-testing -suppress-warnings -index-store-path /var/folders/fh/vt8wk6pn5dgd_tv982c123440000gp/T/picpac-snapshots-jy66w48o/build/Index.noindex/DataStore -Xcc -D_LIBCPP_HARDENING_MODE\=_LIBCPP_HARDENING_MODE_DEBUG -swift-version 6 -I /var/folders/fh/vt8wk6pn5dgd_tv982c123440000gp/T/picpac-snapshots-jy66w48o/build/Build/Products/Debug-iphonesimulator -Isystem /Applications/Xcode.app/Contents/Developer/Platforms/iPhoneSimulator.platform/Developer/usr/lib -F /var/folders/fh/vt8wk6pn5dgd_tv982c123440000gp/T/picpac-snapshots-jy66w48o/build/Build/Products/Debug-iphonesimulator -F /Applications/Xcode.app/Contents/Developer/Platforms/iPhoneSimulator.platform/Developer/Library/Frameworks -F /Applications/Xcode.app/Contents/Developer/Platforms/iPhoneSimulator.platform/Developer/SDKs/iPhoneSimulator26.5.sdk/Developer/Library/Frameworks -c -j12 -enable-batch-mode -incremental -Xcc -ivfsstatcache -Xcc /var/folders/fh/vt8wk6pn5dgd_tv982c123440000gp/T/picpac-snapshots-jy66w48o/build/SDKStatCaches.noindex/iphonesimulator26.5-23F81a-6cfe768891a92b912361537c460fe42b.sdkstatcache -output-file-map /var/folders/fh/vt8wk6pn5dgd_tv982c123440000gp/T/picpac-snapshots-jy66w48o/build/Build/Intermediates.noindex/PicPacKit.build/Debug-iphonesimulator/PicPacCore.build/Objects-normal/x86_64/PicPacCore-OutputFileMap.json -use-frontend-parseable-output -save-temps -no-color-diagnostics -explicit-module-build -module-cache-path /var/folders/fh/vt8wk6pn5dgd_tv982c123440000gp/T/picpac-snapshots-jy66w48o/build/Build/Intermediates.noindex/SwiftExplicitPrecompiledModules -clang-scanner-module-cache-path /var/folders/fh/vt8wk6pn5dgd_tv982c123440000gp/T/picpac-snapshots-jy66w48o/build/ModuleCache.noindex -sdk-module-cache-path /var/folders/fh/vt8wk6pn5dgd_tv982c123440000gp/T/picpac-snapshots-jy66w48o/build/ModuleCache.noindex -serialize-diagnostics -emit-dependencies -emit-module -emit-module-path /var/folders/fh/vt8wk6pn5dgd_tv982c123440000gp/T/picpac-snapshots-jy66w48o/build/Build/Intermediates.noindex/PicPacKit.build/Debug-iphonesimulator/PicPacCore.build/Objects-normal/x86_64/PicPacCore.swiftmodule -validate-clang-modules-once -clang-build-session-file /var/folders/fh/vt8wk6pn5dgd_tv982c123440000gp/T/picpac-snapshots-jy66w48o/build/ModuleCache.noindex/Session.modulevalidation -package-name picpackit -Xcc -I/var/folders/fh/vt8wk6pn5dgd_tv982c123440000gp/T/picpac-snapshots-jy66w48o/build/Build/Intermediates.noindex/PicPacKit.build/Debug-iphonesimulator/PicPacCore.build/swift-overrides.hmap -emit-const-values -Xfrontend -const-gather-protocols-file -Xfrontend /var/folders/fh/vt8wk6pn5dgd_tv982c123440000gp/T/picpac-snapshots-jy66w48o/build/Build/Intermediates.noindex/PicPacKit.build/Debug-iphonesimulator/PicPacCore.build/Objects-normal/x86_64/PicPacCore_const_extract_protocols.json -Xcc -I/var/folders/fh/vt8wk6pn5dgd_tv982c123440000gp/T/picpac-snapshots-jy66w48o/build/Build/Products/Debug-iphonesimulator/include -Xcc -I/var/folders/fh/vt8wk6pn5dgd_tv982c123440000gp/T/picpac-snapshots-jy66w48o/build/Build/Intermediates.noindex/PicPacKit.build/Debug-iphonesimulator/PicPacCore.build/DerivedSources-normal/x86_64 -Xcc -I/var/folders/fh/vt8wk6pn5dgd_tv982c123440000gp/T/picpac-snapshots-jy66w48o/build/Build/Intermediates.noindex/PicPacKit.build/Debug-iphonesimulator/PicPacCore.build/DerivedSources/x86_64 -Xcc -I/var/folders/fh/vt8wk6pn5dgd_tv982c123440000gp/T/picpac-snapshots-jy66w48o/build/Build/Intermediates.noindex/PicPacKit.build/Debug-iphonesimulator/PicPacCore.build/DerivedSources -Xcc -DSWIFT_PACKAGE -Xcc -DDEBUG\=1 -emit-objc-header -emit-objc-header-path /var/folders/fh/vt8wk6pn5dgd_tv982c123440000gp/T/picpac-snapshots-jy66w48o/build/Build/Intermediates.noindex/PicPacKit.build/Debug-iphonesimulator/PicPacCore.build/Objects-normal/x86_64/PicPacCore-Swift.h -working-directory /Users/bavabangaru/Developer/pic-pac-poe-ios-native-parity/ios/PicPacPoe.xcodeproj -experimental-emit-module-separately -disable-cmo

SwiftDriver PicPacCore normal arm64 com.apple.xcode.tools.swift.compiler (in target 'PicPacCore' from project 'PicPacKit')
    cd /Users/bavabangaru/Developer/pic-pac-poe-ios-native-parity/ios/PicPacPoe.xcodeproj
    builtin-SwiftDriver -- /Applications/Xcode.app/Contents/Developer/Toolchains/XcodeDefault.xctoolchain/usr/bin/swiftc -module-name PicPacCore -Onone @/var/folders/fh/vt8wk6pn5dgd_tv982c123440000gp/T/picpac-snapshots-jy66w48o/build/Build/Intermediates.noindex/PicPacKit.build/Debug-iphonesimulator/PicPacCore.build/Objects-normal/arm64/PicPacCore.SwiftFileList -DSWIFT_PACKAGE -DDEBUG -DSWIFT_MODULE_RESOURCE_BUNDLE_UNAVAILABLE -DXcode -plugin-path /Applications/Xcode.app/Contents/Developer/Toolchains/XcodeDefault.xctoolchain/usr/lib/swift/host/plugins/testing -enable-experimental-feature DebugDescriptionMacro -sdk /Applications/Xcode.app/Contents/Developer/Platforms/iPhoneSimulator.platform/Developer/SDKs/iPhoneSimulator26.5.sdk -target arm64-apple-ios17.0-simulator -g -module-cache-path /var/folders/fh/vt8wk6pn5dgd_tv982c123440000gp/T/picpac-snapshots-jy66w48o/build/ModuleCache.noindex -Xfrontend -serialize-debugging-options -profile-coverage-mapping -profile-generate -enable-testing -suppress-warnings -index-store-path /var/folders/fh/vt8wk6pn5dgd_tv982c123440000gp/T/picpac-snapshots-jy66w48o/build/Index.noindex/DataStore -Xcc -D_LIBCPP_HARDENING_MODE\=_LIBCPP_HARDENING_MODE_DEBUG -swift-version 6 -I /var/folders/fh/vt8wk6pn5dgd_tv982c123440000gp/T/picpac-snapshots-jy66w48o/build/Build/Products/Debug-iphonesimulator -Isystem /Applications/Xcode.app/Contents/Developer/Platforms/iPhoneSimulator.platform/Developer/usr/lib -F /var/folders/fh/vt8wk6pn5dgd_tv982c123440000gp/T/picpac-snapshots-jy66w48o/build/Build/Products/Debug-iphonesimulator -F /Applications/Xcode.app/Contents/Developer/Platforms/iPhoneSimulator.platform/Developer/Library/Frameworks -F /Applications/Xcode.app/Contents/Developer/Platforms/iPhoneSimulator.platform/Developer/SDKs/iPhoneSimulator26.5.sdk/Developer/Library/Frameworks -c -j12 -enable-batch-mode -incremental -Xcc -ivfsstatcache -Xcc /var/folders/fh/vt8wk6pn5dgd_tv982c123440000gp/T/picpac-snapshots-jy66w48o/build/SDKStatCaches.noindex/iphonesimulator26.5-23F81a-6cfe768891a92b912361537c460fe42b.sdkstatcache -output-file-map /var/folders/fh/vt8wk6pn5dgd_tv982c123440000gp/T/picpac-snapshots-jy66w48o/build/Build/Intermediates.noindex/PicPacKit.build/Debug-iphonesimulator/PicPacCore.build/Objects-normal/arm64/PicPacCore-OutputFileMap.json -use-frontend-parseable-output -save-temps -no-color-diagnostics -explicit-module-build -module-cache-path /var/folders/fh/vt8wk6pn5dgd_tv982c123440000gp/T/picpac-snapshots-jy66w48o/build/Build/Intermediates.noindex/SwiftExplicitPrecompiledModules -clang-scanner-module-cache-path /var/folders/fh/vt8wk6pn5dgd_tv982c123440000gp/T/picpac-snapshots-jy66w48o/build/ModuleCache.noindex -sdk-module-cache-path /var/folders/fh/vt8wk6pn5dgd_tv982c123440000gp/T/picpac-snapshots-jy66w48o/build/ModuleCache.noindex -serialize-diagnostics -emit-dependencies -emit-module -emit-module-path /var/folders/fh/vt8wk6pn5dgd_tv982c123440000gp/T/picpac-snapshots-jy66w48o/build/Build/Intermediates.noindex/PicPacKit.build/Debug-iphonesimulator/PicPacCore.build/Objects-normal/arm64/PicPacCore.swiftmodule -validate-clang-modules-once -clang-build-session-file /var/folders/fh/vt8wk6pn5dgd_tv982c123440000gp/T/picpac-snapshots-jy66w48o/build/ModuleCache.noindex/Session.modulevalidation -package-name picpackit -Xcc -I/var/folders/fh/vt8wk6pn5dgd_tv982c123440000gp/T/picpac-snapshots-jy66w48o/build/Build/Intermediates.noindex/PicPacKit.build/Debug-iphonesimulator/PicPacCore.build/swift-overrides.hmap -emit-const-values -Xfrontend -const-gather-protocols-file -Xfrontend /var/folders/fh/vt8wk6pn5dgd_tv982c123440000gp/T/picpac-snapshots-jy66w48o/build/Build/Intermediates.noindex/PicPacKit.build/Debug-iphonesimulator/PicPacCore.build/Objects-normal/arm64/PicPacCore_const_extract_protocols.json -Xcc -I/var/folders/fh/vt8wk6pn5dgd_tv982c123440000gp/T/picpac-snapshots-jy66w48o/build/Build/Products/Debug-iphonesimulator/include -Xcc -I/var/folders/fh/vt8wk6pn5dgd_tv982c123440000gp/T/picpac-snapshots-jy66w48o/build/Build/Intermediates.noindex/PicPacKit.build/Debug-iphonesimulator/PicPacCore.build/DerivedSources-normal/arm64 -Xcc -I/var/folders/fh/vt8wk6pn5dgd_tv982c123440000gp/T/picpac-snapshots-jy66w48o/build/Build/Intermediates.noindex/PicPacKit.build/Debug-iphonesimulator/PicPacCore.build/DerivedSources/arm64 -Xcc -I/var/folders/fh/vt8wk6pn5dgd_tv982c123440000gp/T/picpac-snapshots-jy66w48o/build/Build/Intermediates.noindex/PicPacKit.build/Debug-iphonesimulator/PicPacCore.build/DerivedSources -Xcc -DSWIFT_PACKAGE -Xcc -DDEBUG\=1 -emit-objc-header -emit-objc-header-path /var/folders/fh/vt8wk6pn5dgd_tv982c123440000gp/T/picpac-snapshots-jy66w48o/build/Build/Intermediates.noindex/PicPacKit.build/Debug-iphonesimulator/PicPacCore.build/Objects-normal/arm64/PicPacCore-Swift.h -working-directory /Users/bavabangaru/Developer/pic-pac-poe-ios-native-parity/ios/PicPacPoe.xcodeproj -experimental-emit-module-separately -disable-cmo

SwiftExplicitDependencyGeneratePcm x86_64 /var/folders/fh/vt8wk6pn5dgd_tv982c123440000gp/T/picpac-snapshots-jy66w48o/build/ModuleCache.noindex/ptrcheck-BCNUWABKZO1W9EAA3NXL2AQW7.pcm

SwiftExplicitDependencyGeneratePcm x86_64 /var/folders/fh/vt8wk6pn5dgd_tv982c123440000gp/T/picpac-snapshots-jy66w48o/build/ModuleCache.noindex/_AvailabilityInternal-AOW0MS5R7SZT07V3E0QMGEUT8.pcm

SwiftExplicitDependencyGeneratePcm x86_64 /var/folders/fh/vt8wk6pn5dgd_tv982c123440000gp/T/picpac-snapshots-jy66w48o/build/ModuleCache.noindex/_Builtin_stdarg-3UQ62CQPT2AI9KN1LWYHKVV90.pcm

SwiftExplicitDependencyGeneratePcm x86_64 /var/folders/fh/vt8wk6pn5dgd_tv982c123440000gp/T/picpac-snapshots-jy66w48o/build/ModuleCache.noindex/_Builtin_stddef-5EK2KF7SSKSWVR69O0F6KP02H.pcm

SwiftExplicitDependencyGeneratePcm x86_64 /var/folders/fh/vt8wk6pn5dgd_tv982c123440000gp/T/picpac-snapshots-jy66w48o/build/ModuleCache.noindex/_Builtin_float-4QV0PJG8P5HOUEICCFKFXY937.pcm

SwiftExplicitDependencyGeneratePcm x86_64 /var/folders/fh/vt8wk6pn5dgd_tv982c123440000gp/T/picpac-snapshots-jy66w48o/build/ModuleCache.noindex/ptrauth-80YM6ACDA7PKU48GZTTZERCQ5.pcm

SwiftExplicitDependencyGeneratePcm x86_64 /var/folders/fh/vt8wk6pn5dgd_tv982c123440000gp/T/picpac-snapshots-jy66w48o/build/ModuleCache.noindex/SwiftShims-74KEF01M1LEI9J7ICGV2F8KT8.pcm

SwiftExplicitDependencyGeneratePcm x86_64 /var/folders/fh/vt8wk6pn5dgd_tv982c123440000gp/T/picpac-snapshots-jy66w48o/build/ModuleCache.noindex/_SwiftConcurrencyShims-DR5WLRS75152UN87S2ADNOKHE.pcm

SwiftExplicitDependencyGeneratePcm x86_64 /var/folders/fh/vt8wk6pn5dgd_tv982c123440000gp/T/picpac-snapshots-jy66w48o/build/ModuleCache.noindex/_Builtin_stdbool-1S50L2S8S3LNV744R7J2IAIC6.pcm

SwiftExplicitDependencyGeneratePcm arm64 /var/folders/fh/vt8wk6pn5dgd_tv982c123440000gp/T/picpac-snapshots-jy66w48o/build/ModuleCache.noindex/_AvailabilityInternal-9JZVFAJ50BFH3R0IOUF8UBH5J.pcm

SwiftExplicitDependencyGeneratePcm arm64 /var/folders/fh/vt8wk6pn5dgd_tv982c123440000gp/T/picpac-snapshots-jy66w48o/build/ModuleCache.noindex/ptrcheck-A1E9Z1XZSEZVP3WW3F0Y6Z2HE.pcm

SwiftExplicitDependencyGeneratePcm arm64 /var/folders/fh/vt8wk6pn5dgd_tv982c123440000gp/T/picpac-snapshots-jy66w48o/build/ModuleCache.noindex/_Builtin_stdbool-7YANH0S5Y7UHCPU6SDUIA2FB9.pcm

SwiftExplicitDependencyGeneratePcm arm64 /var/folders/fh/vt8wk6pn5dgd_tv982c123440000gp/T/picpac-snapshots-jy66w48o/build/ModuleCache.noindex/ptrauth-CLIQHI2Y7R5UB560RPWI85Y4X.pcm

SwiftExplicitDependencyGeneratePcm arm64 /var/folders/fh/vt8wk6pn5dgd_tv982c123440000gp/T/picpac-snapshots-jy66w48o/build/ModuleCache.noindex/SwiftShims-46B3TFKSEUS81U0CRBCTGB68G.pcm

SwiftExplicitDependencyGeneratePcm arm64 /var/folders/fh/vt8wk6pn5dgd_tv982c123440000gp/T/picpac-snapshots-jy66w48o/build/ModuleCache.noindex/_SwiftConcurrencyShims-AW0APPUIN9GTLW9MT48JFIT5F.pcm

SwiftExplicitDependencyGeneratePcm arm64 /var/folders/fh/vt8wk6pn5dgd_tv982c123440000gp/T/picpac-snapshots-jy66w48o/build/ModuleCache.noindex/_Builtin_float-6L086WXX3QCNPIGVA6OTWKRRD.pcm

SwiftExplicitDependencyGeneratePcm arm64 /var/folders/fh/vt8wk6pn5dgd_tv982c123440000gp/T/picpac-snapshots-jy66w48o/build/ModuleCache.noindex/_Builtin_stddef-95LDOJCYCYNL1O34RF42FM730.pcm

SwiftExplicitDependencyGeneratePcm arm64 /var/folders/fh/vt8wk6pn5dgd_tv982c123440000gp/T/picpac-snapshots-jy66w48o/build/ModuleCache.noindex/_Builtin_stdarg-5ZX7GWNTKNGF12DO9POTFFU70.pcm

SwiftExplicitDependencyGeneratePcm arm64 /var/folders/fh/vt8wk6pn5dgd_tv982c123440000gp/T/picpac-snapshots-jy66w48o/build/ModuleCache.noindex/_DarwinFoundation1-EBHUO7KWMM8EHSSY8EFIZ3CE1.pcm

SwiftExplicitDependencyGeneratePcm x86_64 /var/folders/fh/vt8wk6pn5dgd_tv982c123440000gp/T/picpac-snapshots-jy66w48o/build/ModuleCache.noindex/_DarwinFoundation1-20PDN1DC92ZXI8FLE9B3XC053.pcm

SwiftExplicitDependencyGeneratePcm x86_64 /var/folders/fh/vt8wk6pn5dgd_tv982c123440000gp/T/picpac-snapshots-jy66w48o/build/ModuleCache.noindex/_Builtin_limits-AT4YB1ZPLIYS720M0SV4R6Y9D.pcm

SwiftExplicitDependencyGeneratePcm x86_64 /var/folders/fh/vt8wk6pn5dgd_tv982c123440000gp/T/picpac-snapshots-jy66w48o/build/ModuleCache.noindex/_DarwinFoundation2-49IMHROMKKV54DG868RFVXEL4.pcm

SwiftExplicitDependencyGeneratePcm arm64 /var/folders/fh/vt8wk6pn5dgd_tv982c123440000gp/T/picpac-snapshots-jy66w48o/build/ModuleCache.noindex/_Builtin_limits-9BDQXSTYNIJVR0ZMQX903451J.pcm

SwiftExplicitDependencyGeneratePcm arm64 /var/folders/fh/vt8wk6pn5dgd_tv982c123440000gp/T/picpac-snapshots-jy66w48o/build/ModuleCache.noindex/_DarwinFoundation2-3MR7J6VT8N3V8RMEI60U0V9C3.pcm

SwiftExplicitDependencyGeneratePcm x86_64 /var/folders/fh/vt8wk6pn5dgd_tv982c123440000gp/T/picpac-snapshots-jy66w48o/build/ModuleCache.noindex/_Builtin_stdint-AFYY43WSKWDIFVP56U4RTYSLU.pcm

SwiftExplicitDependencyGeneratePcm x86_64 /var/folders/fh/vt8wk6pn5dgd_tv982c123440000gp/T/picpac-snapshots-jy66w48o/build/ModuleCache.noindex/sys_types-9GNIY9UE56QLGEBDMH6SL7AET.pcm

SwiftExplicitDependencyGeneratePcm arm64 /var/folders/fh/vt8wk6pn5dgd_tv982c123440000gp/T/picpac-snapshots-jy66w48o/build/ModuleCache.noindex/sys_types-BTQ24YKVJ7QYR1QW4XNZV43UY.pcm

SwiftExplicitDependencyGeneratePcm arm64 /var/folders/fh/vt8wk6pn5dgd_tv982c123440000gp/T/picpac-snapshots-jy66w48o/build/ModuleCache.noindex/_Builtin_stdint-8UP32HXQ41L27PFENUAXKRK16.pcm

SwiftExplicitDependencyGeneratePcm x86_64 /var/folders/fh/vt8wk6pn5dgd_tv982c123440000gp/T/picpac-snapshots-jy66w48o/build/ModuleCache.noindex/_DarwinFoundation3-74CCYBDXF2R1NCN91C75UPTEU.pcm

SwiftExplicitDependencyGeneratePcm arm64 /var/folders/fh/vt8wk6pn5dgd_tv982c123440000gp/T/picpac-snapshots-jy66w48o/build/ModuleCache.noindex/_DarwinFoundation3-E3S0SJ9VHUUWYZVXXL2MJ5L2B.pcm

SwiftExplicitDependencyGeneratePcm x86_64 /var/folders/fh/vt8wk6pn5dgd_tv982c123440000gp/T/picpac-snapshots-jy66w48o/build/ModuleCache.noindex/_Builtin_inttypes-AO8RUMB6Q8AJNZNA37PK3REEX.pcm

SwiftExplicitDependencyGeneratePcm arm64 /var/folders/fh/vt8wk6pn5dgd_tv982c123440000gp/T/picpac-snapshots-jy66w48o/build/ModuleCache.noindex/_Builtin_inttypes-6IEJ0NUBYZNN82X177CGD3WV6.pcm

SwiftExplicitDependencyGeneratePcm x86_64 /var/folders/fh/vt8wk6pn5dgd_tv982c123440000gp/T/picpac-snapshots-jy66w48o/build/ModuleCache.noindex/Darwin-92I9EGH1JAM759YFYEE5PYLDR.pcm

SwiftExplicitDependencyGeneratePcm arm64 /var/folders/fh/vt8wk6pn5dgd_tv982c123440000gp/T/picpac-snapshots-jy66w48o/build/ModuleCache.noindex/Darwin-6SPWLBLM4NXILVSEQAA6I976P.pcm

SwiftExplicitDependencyGeneratePcm x86_64 /var/folders/fh/vt8wk6pn5dgd_tv982c123440000gp/T/picpac-snapshots-jy66w48o/build/ModuleCache.noindex/ObjectiveC-5MD086IYXWCZ4LD435AR58G5A.pcm

SwiftExplicitDependencyGeneratePcm arm64 /var/folders/fh/vt8wk6pn5dgd_tv982c123440000gp/T/picpac-snapshots-jy66w48o/build/ModuleCache.noindex/ObjectiveC-8LLCDBB3YM8TVYS6CVK9RH1DU.pcm

SwiftExplicitDependencyGeneratePcm x86_64 /var/folders/fh/vt8wk6pn5dgd_tv982c123440000gp/T/picpac-snapshots-jy66w48o/build/ModuleCache.noindex/os_object-AFJA341RSRBB3DEK2BJA2ZS71.pcm

SwiftExplicitDependencyGeneratePcm arm64 /var/folders/fh/vt8wk6pn5dgd_tv982c123440000gp/T/picpac-snapshots-jy66w48o/build/ModuleCache.noindex/os_object-6BH2MYYM65QY49O86LHJ3DF1I.pcm

SwiftExplicitDependencyGeneratePcm x86_64 /var/folders/fh/vt8wk6pn5dgd_tv982c123440000gp/T/picpac-snapshots-jy66w48o/build/ModuleCache.noindex/os_workgroup-95GZJTGWF3N4MC0AXDBY1HGKH.pcm

SwiftExplicitDependencyGeneratePcm arm64 /var/folders/fh/vt8wk6pn5dgd_tv982c123440000gp/T/picpac-snapshots-jy66w48o/build/ModuleCache.noindex/os_workgroup-5ZQRO4CLOT3G97RLIOHWMVWN2.pcm

SwiftExplicitDependencyGeneratePcm x86_64 /var/folders/fh/vt8wk6pn5dgd_tv982c123440000gp/T/picpac-snapshots-jy66w48o/build/ModuleCache.noindex/Dispatch-7QRZIZ84WD77209M24KAWJ3NX.pcm

SwiftExplicitDependencyGeneratePcm arm64 /var/folders/fh/vt8wk6pn5dgd_tv982c123440000gp/T/picpac-snapshots-jy66w48o/build/ModuleCache.noindex/Dispatch-W1CXA0QG4LPX4COF93MVPIBG.pcm

SwiftExplicitDependencyGeneratePcm x86_64 /var/folders/fh/vt8wk6pn5dgd_tv982c123440000gp/T/picpac-snapshots-jy66w48o/build/ModuleCache.noindex/XPC-BKCUJ3TLTKJ9DGKKDQ9CQ5IUO.pcm

SwiftExplicitDependencyGeneratePcm x86_64 /var/folders/fh/vt8wk6pn5dgd_tv982c123440000gp/T/picpac-snapshots-jy66w48o/build/ModuleCache.noindex/CoreFoundation-6E53TLY5FBV8H374NW48S40W2.pcm

SwiftExplicitDependencyGeneratePcm arm64 /var/folders/fh/vt8wk6pn5dgd_tv982c123440000gp/T/picpac-snapshots-jy66w48o/build/ModuleCache.noindex/CoreFoundation-5NQAAFFAA17ZBZC1K8S645JOW.pcm

SwiftExplicitDependencyGeneratePcm arm64 /var/folders/fh/vt8wk6pn5dgd_tv982c123440000gp/T/picpac-snapshots-jy66w48o/build/ModuleCache.noindex/XPC-A82549JJ880FEZUR9465Q3MSY.pcm

SwiftExplicitDependencyGeneratePcm x86_64 /var/folders/fh/vt8wk6pn5dgd_tv982c123440000gp/T/picpac-snapshots-jy66w48o/build/ModuleCache.noindex/Security-23NYCQ3GSW2FK7T6JBVUIDALZ.pcm

SwiftExplicitDependencyGeneratePcm x86_64 /var/folders/fh/vt8wk6pn5dgd_tv982c123440000gp/T/picpac-snapshots-jy66w48o/build/ModuleCache.noindex/CFNetwork-BXR7Y22B19LUMTNA8T3MPFBVZ.pcm

SwiftExplicitDependencyGeneratePcm arm64 /var/folders/fh/vt8wk6pn5dgd_tv982c123440000gp/T/picpac-snapshots-jy66w48o/build/ModuleCache.noindex/Security-EKS3SSURXNNE5HKWR31M2D24P.pcm

SwiftExplicitDependencyGeneratePcm arm64 /var/folders/fh/vt8wk6pn5dgd_tv982c123440000gp/T/picpac-snapshots-jy66w48o/build/ModuleCache.noindex/CFNetwork-8F5IEWLJC10GGJDD5UZIUH34V.pcm

SwiftExplicitDependencyGeneratePcm x86_64 /var/folders/fh/vt8wk6pn5dgd_tv982c123440000gp/T/picpac-snapshots-jy66w48o/build/ModuleCache.noindex/Foundation-3XWOL4CVSGCZSV6ZXINQL4B5S.pcm

SwiftExplicitDependencyGeneratePcm arm64 /var/folders/fh/vt8wk6pn5dgd_tv982c123440000gp/T/picpac-snapshots-jy66w48o/build/ModuleCache.noindex/Foundation-5A66S2QMZDZB4WNZG3DWHQHCC.pcm

SwiftCompile normal x86_64 Compiling\ AiObservation.swift /Users/bavabangaru/Developer/pic-pac-poe-ios-native-parity/ios/Packages/PicPacKit/Sources/PicPacCore/AiObservation.swift (in target 'PicPacCore' from project 'PicPacKit')

SwiftCompile normal x86_64 /Users/bavabangaru/Developer/pic-pac-poe-ios-native-parity/ios/Packages/PicPacKit/Sources/PicPacCore/AiObservation.swift (in target 'PicPacCore' from project 'PicPacKit')
    cd /Users/bavabangaru/Developer/pic-pac-poe-ios-native-parity/ios/PicPacPoe.xcodeproj
    

SwiftCompile normal x86_64 Compiling\ State.swift /Users/bavabangaru/Developer/pic-pac-poe-ios-native-parity/ios/Packages/PicPacKit/Sources/PicPacCore/State.swift (in target 'PicPacCore' from project 'PicPacKit')
SwiftCompile normal x86_64 /Users/bavabangaru/Developer/pic-pac-poe-ios-native-parity/ios/Packages/PicPacKit/Sources/PicPacCore/State.swift (in target 'PicPacCore' from project 'PicPacKit')
    cd /Users/bavabangaru/Developer/pic-pac-poe-ios-native-parity/ios/PicPacPoe.xcodeproj
    

SwiftCompile normal x86_64 Compiling\ Randomness.swift /Users/bavabangaru/Developer/pic-pac-poe-ios-native-parity/ios/Packages/PicPacKit/Sources/PicPacCore/Randomness.swift (in target 'PicPacCore' from project 'PicPacKit')

SwiftCompile normal x86_64 /Users/bavabangaru/Developer/pic-pac-poe-ios-native-parity/ios/Packages/PicPacKit/Sources/PicPacCore/Randomness.swift (in target 'PicPacCore' from project 'PicPacKit')
    cd /Users/bavabangaru/Developer/pic-pac-poe-ios-native-parity/ios/PicPacPoe.xcodeproj
    

SwiftCompile normal x86_64 Compiling\ Model.swift /Users/bavabangaru/Developer/pic-pac-poe-ios-native-parity/ios/Packages/PicPacKit/Sources/PicPacCore/Model.swift (in target 'PicPacCore' from project 'PicPacKit')

SwiftCompile normal x86_64 /Users/bavabangaru/Developer/pic-pac-poe-ios-native-parity/ios/Packages/PicPacKit/Sources/PicPacCore/Model.swift (in target 'PicPacCore' from project 'PicPacKit')
    cd /Users/bavabangaru/Developer/pic-pac-poe-ios-native-parity/ios/PicPacPoe.xcodeproj
    

SwiftCompile normal x86_64 Compiling\ Rules.swift /Users/bavabangaru/Developer/pic-pac-poe-ios-native-parity/ios/Packages/PicPacKit/Sources/PicPacCore/Rules.swift (in target 'PicPacCore' from project 'PicPacKit')

SwiftCompile normal x86_64 /Users/bavabangaru/Developer/pic-pac-poe-ios-native-parity/ios/Packages/PicPacKit/Sources/PicPacCore/Rules.swift (in target 'PicPacCore' from project 'PicPacKit')
    cd /Users/bavabangaru/Developer/pic-pac-poe-ios-native-parity/ios/PicPacPoe.xcodeproj
    

SwiftEmitModule normal x86_64 Emitting\ module\ for\ PicPacCore (in target 'PicPacCore' from project 'PicPacKit')

EmitSwiftModule normal x86_64 (in target 'PicPacCore' from project 'PicPacKit')
    cd /Users/bavabangaru/Developer/pic-pac-poe-ios-native-parity/ios/PicPacPoe.xcodeproj
    

SwiftEmitModule normal arm64 Emitting\ module\ for\ PicPacCore (in target 'PicPacCore' from project 'PicPacKit')

EmitSwiftModule normal arm64 (in target 'PicPacCore' from project 'PicPacKit')
    cd /Users/bavabangaru/Developer/pic-pac-poe-ios-native-parity/ios/PicPacPoe.xcodeproj
    

SwiftCompile normal arm64 Compiling\ State.swift /Users/bavabangaru/Developer/pic-pac-poe-ios-native-parity/ios/Packages/PicPacKit/Sources/PicPacCore/State.swift (in target 'PicPacCore' from project 'PicPacKit')

SwiftCompile normal arm64 /Users/bavabangaru/Developer/pic-pac-poe-ios-native-parity/ios/Packages/PicPacKit/Sources/PicPacCore/State.swift (in target 'PicPacCore' from project 'PicPacKit')
    cd /Users/bavabangaru/Developer/pic-pac-poe-ios-native-parity/ios/PicPacPoe.xcodeproj
    

SwiftCompile normal arm64 Compiling\ Rules.swift /Users/bavabangaru/Developer/pic-pac-poe-ios-native-parity/ios/Packages/PicPacKit/Sources/PicPacCore/Rules.swift (in target 'PicPacCore' from project 'PicPacKit')

SwiftCompile normal arm64 /Users/bavabangaru/Developer/pic-pac-poe-ios-native-parity/ios/Packages/PicPacKit/Sources/PicPacCore/Rules.swift (in target 'PicPacCore' from project 'PicPacKit')
    cd /Users/bavabangaru/Developer/pic-pac-poe-ios-native-parity/ios/PicPacPoe.xcodeproj
    

SwiftCompile normal arm64 Compiling\ Randomness.swift /Users/bavabangaru/Developer/pic-pac-poe-ios-native-parity/ios/Packages/PicPacKit/Sources/PicPacCore/Randomness.swift (in target 'PicPacCore' from project 'PicPacKit')

SwiftCompile normal arm64 /Users/bavabangaru/Developer/pic-pac-poe-ios-native-parity/ios/Packages/PicPacKit/Sources/PicPacCore/Randomness.swift (in target 'PicPacCore' from project 'PicPacKit')
    cd /Users/bavabangaru/Developer/pic-pac-poe-ios-native-parity/ios/PicPacPoe.xcodeproj
    

SwiftCompile normal arm64 Compiling\ Model.swift /Users/bavabangaru/Developer/pic-pac-poe-ios-native-parity/ios/Packages/PicPacKit/Sources/PicPacCore/Model.swift (in target 'PicPacCore' from project 'PicPacKit')

SwiftCompile normal arm64 /Users/bavabangaru/Developer/pic-pac-poe-ios-native-parity/ios/Packages/PicPacKit/Sources/PicPacCore/Model.swift (in target 'PicPacCore' from project 'PicPacKit')
    cd /Users/bavabangaru/Developer/pic-pac-poe-ios-native-parity/ios/PicPacPoe.xcodeproj
    

SwiftCompile normal arm64 Compiling\ AiObservation.swift /Users/bavabangaru/Developer/pic-pac-poe-ios-native-parity/ios/Packages/PicPacKit/Sources/PicPacCore/AiObservation.swift (in target 'PicPacCore' from project 'PicPacKit')

SwiftCompile normal arm64 /Users/bavabangaru/Developer/pic-pac-poe-ios-native-parity/ios/Packages/PicPacKit/Sources/PicPacCore/AiObservation.swift (in target 'PicPacCore' from project 'PicPacKit')
    cd /Users/bavabangaru/Developer/pic-pac-poe-ios-native-parity/ios/PicPacPoe.xcodeproj
    

SwiftDriverJobDiscovery normal x86_64 Emitting module for PicPacCore (in target 'PicPacCore' from project 'PicPacKit')

SwiftDriver\ Compilation\ Requirements PicPacCore normal x86_64 com.apple.xcode.tools.swift.compiler (in target 'PicPacCore' from project 'PicPacKit')
    cd /Users/bavabangaru/Developer/pic-pac-poe-ios-native-parity/ios/PicPacPoe.xcodeproj
    builtin-Swift-Compilation-Requirements -- /Applications/Xcode.app/Contents/Developer/Toolchains/XcodeDefault.xctoolchain/usr/bin/swiftc -module-name PicPacCore -Onone @/var/folders/fh/vt8wk6pn5dgd_tv982c123440000gp/T/picpac-snapshots-jy66w48o/build/Build/Intermediates.noindex/PicPacKit.build/Debug-iphonesimulator/PicPacCore.build/Objects-normal/x86_64/PicPacCore.SwiftFileList -DSWIFT_PACKAGE -DDEBUG -DSWIFT_MODULE_RESOURCE_BUNDLE_UNAVAILABLE -DXcode -plugin-path /Applications/Xcode.app/Contents/Developer/Toolchains/XcodeDefault.xctoolchain/usr/lib/swift/host/plugins/testing -enable-experimental-feature DebugDescriptionMacro -sdk /Applications/Xcode.app/Contents/Developer/Platforms/iPhoneSimulator.platform/Developer/SDKs/iPhoneSimulator26.5.sdk -target x86_64-apple-ios17.0-simulator -g -module-cache-path /var/folders/fh/vt8wk6pn5dgd_tv982c123440000gp/T/picpac-snapshots-jy66w48o/build/ModuleCache.noindex -Xfrontend -serialize-debugging-options -profile-coverage-mapping -profile-generate -enable-testing -suppress-warnings -index-store-path /var/folders/fh/vt8wk6pn5dgd_tv982c123440000gp/T/picpac-snapshots-jy66w48o/build/Index.noindex/DataStore -Xcc -D_LIBCPP_HARDENING_MODE\=_LIBCPP_HARDENING_MODE_DEBUG -swift-version 6 -I /var/folders/fh/vt8wk6pn5dgd_tv982c123440000gp/T/picpac-snapshots-jy66w48o/build/Build/Products/Debug-iphonesimulator -Isystem /Applications/Xcode.app/Contents/Developer/Platforms/iPhoneSimulator.platform/Developer/usr/lib -F /var/folders/fh/vt8wk6pn5dgd_tv982c123440000gp/T/picpac-snapshots-jy66w48o/build/Build/Products/Debug-iphonesimulator -F /Applications/Xcode.app/Contents/Developer/Platforms/iPhoneSimulator.platform/Developer/Library/Frameworks -F /Applications/Xcode.app/Contents/Developer/Platforms/iPhoneSimulator.platform/Developer/SDKs/iPhoneSimulator26.5.sdk/Developer/Library/Frameworks -c -j12 -enable-batch-mode -incremental -Xcc -ivfsstatcache -Xcc /var/folders/fh/vt8wk6pn5dgd_tv982c123440000gp/T/picpac-snapshots-jy66w48o/build/SDKStatCaches.noindex/iphonesimulator26.5-23F81a-6cfe768891a92b912361537c460fe42b.sdkstatcache -output-file-map /var/folders/fh/vt8wk6pn5dgd_tv982c123440000gp/T/picpac-snapshots-jy66w48o/build/Build/Intermediates.noindex/PicPacKit.build/Debug-iphonesimulator/PicPacCore.build/Objects-normal/x86_64/PicPacCore-OutputFileMap.json -use-frontend-parseable-output -save-temps -no-color-diagnostics -explicit-module-build -module-cache-path /var/folders/fh/vt8wk6pn5dgd_tv982c123440000gp/T/picpac-snapshots-jy66w48o/build/Build/Intermediates.noindex/SwiftExplicitPrecompiledModules -clang-scanner-module-cache-path /var/folders/fh/vt8wk6pn5dgd_tv982c123440000gp/T/picpac-snapshots-jy66w48o/build/ModuleCache.noindex -sdk-module-cache-path /var/folders/fh/vt8wk6pn5dgd_tv982c123440000gp/T/picpac-snapshots-jy66w48o/build/ModuleCache.noindex -serialize-diagnostics -emit-dependencies -emit-module -emit-module-path /var/folders/fh/vt8wk6pn5dgd_tv982c123440000gp/T/picpac-snapshots-jy66w48o/build/Build/Intermediates.noindex/PicPacKit.build/Debug-iphonesimulator/PicPacCore.build/Objects-normal/x86_64/PicPacCore.swiftmodule -validate-clang-modules-once -clang-build-session-file /var/folders/fh/vt8wk6pn5dgd_tv982c123440000gp/T/picpac-snapshots-jy66w48o/build/ModuleCache.noindex/Session.modulevalidation -package-name picpackit -Xcc -I/var/folders/fh/vt8wk6pn5dgd_tv982c123440000gp/T/picpac-snapshots-jy66w48o/build/Build/Intermediates.noindex/PicPacKit.build/Debug-iphonesimulator/PicPacCore.build/swift-overrides.hmap -emit-const-values -Xfrontend -const-gather-protocols-file -Xfrontend /var/folders/fh/vt8wk6pn5dgd_tv982c123440000gp/T/picpac-snapshots-jy66w48o/build/Build/Intermediates.noindex/PicPacKit.build/Debug-iphonesimulator/PicPacCore.build/Objects-normal/x86_64/PicPacCore_const_extract_protocols.json -Xcc -I/var/folders/fh/vt8wk6pn5dgd_tv982c123440000gp/T/picpac-snapshots-jy66w48o/build/Build/Products/Debug-iphonesimulator/include -Xcc -I/var/folders/fh/vt8wk6pn5dgd_tv982c123440000gp/T/picpac-snapshots-jy66w48o/build/Build/Intermediates.noindex/PicPacKit.build/Debug-iphonesimulator/PicPacCore.build/DerivedSources-normal/x86_64 -Xcc -I/var/folders/fh/vt8wk6pn5dgd_tv982c123440000gp/T/picpac-snapshots-jy66w48o/build/Build/Intermediates.noindex/PicPacKit.build/Debug-iphonesimulator/PicPacCore.build/DerivedSources/x86_64 -Xcc -I/var/folders/fh/vt8wk6pn5dgd_tv982c123440000gp/T/picpac-snapshots-jy66w48o/build/Build/Intermediates.noindex/PicPacKit.build/Debug-iphonesimulator/PicPacCore.build/DerivedSources -Xcc -DSWIFT_PACKAGE -Xcc -DDEBUG\=1 -emit-objc-header -emit-objc-header-path /var/folders/fh/vt8wk6pn5dgd_tv982c123440000gp/T/picpac-snapshots-jy66w48o/build/Build/Intermediates.noindex/PicPacKit.build/Debug-iphonesimulator/PicPacCore.build/Objects-normal/x86_64/PicPacCore-Swift.h -working-directory /Users/bavabangaru/Developer/pic-pac-poe-ios-native-parity/ios/PicPacPoe.xcodeproj -experimental-emit-module-separately -disable-cmo

Copy /var/folders/fh/vt8wk6pn5dgd_tv982c123440000gp/T/picpac-snapshots-jy66w48o/build/Build/Products/Debug-iphonesimulator/PicPacCore.swiftmodule/x86_64-apple-ios-simulator.swiftmodule /var/folders/fh/vt8wk6pn5dgd_tv982c123440000gp/T/picpac-snapshots-jy66w48o/build/Build/Intermediates.noindex/PicPacKit.build/Debug-iphonesimulator/PicPacCore.build/Objects-normal/x86_64/PicPacCore.swiftmodule (in target 'PicPacCore' from project 'PicPacKit')
    cd /Users/bavabangaru/Developer/pic-pac-poe-ios-native-parity/ios/Packages/PicPacKit
    builtin-copy -exclude .DS_Store -exclude CVS -exclude .svn -exclude .git -exclude .hg -resolve-src-symlinks -rename /var/folders/fh/vt8wk6pn5dgd_tv982c123440000gp/T/picpac-snapshots-jy66w48o/build/Build/Intermediates.noindex/PicPacKit.build/Debug-iphonesimulator/PicPacCore.build/Objects-normal/x86_64/PicPacCore.swiftmodule /var/folders/fh/vt8wk6pn5dgd_tv982c123440000gp/T/picpac-snapshots-jy66w48o/build/Build/Products/Debug-iphonesimulator/PicPacCore.swiftmodule/x86_64-apple-ios-simulator.swiftmodule

Copy /var/folders/fh/vt8wk6pn5dgd_tv982c123440000gp/T/picpac-snapshots-jy66w48o/build/Build/Products/Debug-iphonesimulator/PicPacCore.swiftmodule/x86_64-apple-ios-simulator.swiftdoc /var/folders/fh/vt8wk6pn5dgd_tv982c123440000gp/T/picpac-snapshots-jy66w48o/build/Build/Intermediates.noindex/PicPacKit.build/Debug-iphonesimulator/PicPacCore.build/Objects-normal/x86_64/PicPacCore.swiftdoc (in target 'PicPacCore' from project 'PicPacKit')
    cd /Users/bavabangaru/Developer/pic-pac-poe-ios-native-parity/ios/Packages/PicPacKit
    builtin-copy -exclude .DS_Store -exclude CVS -exclude .svn -exclude .git -exclude .hg -resolve-src-symlinks -rename /var/folders/fh/vt8wk6pn5dgd_tv982c123440000gp/T/picpac-snapshots-jy66w48o/build/Build/Intermediates.noindex/PicPacKit.build/Debug-iphonesimulator/PicPacCore.build/Objects-normal/x86_64/PicPacCore.swiftdoc /var/folders/fh/vt8wk6pn5dgd_tv982c123440000gp/T/picpac-snapshots-jy66w48o/build/Build/Products/Debug-iphonesimulator/PicPacCore.swiftmodule/x86_64-apple-ios-simulator.swiftdoc

Copy /var/folders/fh/vt8wk6pn5dgd_tv982c123440000gp/T/picpac-snapshots-jy66w48o/build/Build/Products/Debug-iphonesimulator/PicPacCore.swiftmodule/x86_64-apple-ios-simulator.abi.json /var/folders/fh/vt8wk6pn5dgd_tv982c123440000gp/T/picpac-snapshots-jy66w48o/build/Build/Intermediates.noindex/PicPacKit.build/Debug-iphonesimulator/PicPacCore.build/Objects-normal/x86_64/PicPacCore.abi.json (in target 'PicPacCore' from project 'PicPacKit')
    cd /Users/bavabangaru/Developer/pic-pac-poe-ios-native-parity/ios/Packages/PicPacKit
    builtin-copy -exclude .DS_Store -exclude CVS -exclude .svn -exclude .git -exclude .hg -resolve-src-symlinks -rename /var/folders/fh/vt8wk6pn5dgd_tv982c123440000gp/T/picpac-snapshots-jy66w48o/build/Build/Intermediates.noindex/PicPacKit.build/Debug-iphonesimulator/PicPacCore.build/Objects-normal/x86_64/PicPacCore.abi.json /var/folders/fh/vt8wk6pn5dgd_tv982c123440000gp/T/picpac-snapshots-jy66w48o/build/Build/Products/Debug-iphonesimulator/PicPacCore.swiftmodule/x86_64-apple-ios-simulator.abi.json

Copy /var/folders/fh/vt8wk6pn5dgd_tv982c123440000gp/T/picpac-snapshots-jy66w48o/build/Build/Products/Debug-iphonesimulator/PicPacCore.swiftmodule/Project/x86_64-apple-ios-simulator.swiftsourceinfo /var/folders/fh/vt8wk6pn5dgd_tv982c123440000gp/T/picpac-snapshots-jy66w48o/build/Build/Intermediates.noindex/PicPacKit.build/Debug-iphonesimulator/PicPacCore.build/Objects-normal/x86_64/PicPacCore.swiftsourceinfo (in target 'PicPacCore' from project 'PicPacKit')
    cd /Users/bavabangaru/Developer/pic-pac-poe-ios-native-parity/ios/Packages/PicPacKit
    builtin-copy -exclude .DS_Store -exclude CVS -exclude .svn -exclude .git -exclude .hg -resolve-src-symlinks -rename /var/folders/fh/vt8wk6pn5dgd_tv982c123440000gp/T/picpac-snapshots-jy66w48o/build/Build/Intermediates.noindex/PicPacKit.build/Debug-iphonesimulator/PicPacCore.build/Objects-normal/x86_64/PicPacCore.swiftsourceinfo /var/folders/fh/vt8wk6pn5dgd_tv982c123440000gp/T/picpac-snapshots-jy66w48o/build/Build/Products/Debug-iphonesimulator/PicPacCore.swiftmodule/Project/x86_64-apple-ios-simulator.swiftsourceinfo

SwiftDriverJobDiscovery normal arm64 Emitting module for PicPacCore (in target 'PicPacCore' from project 'PicPacKit')

SwiftDriver\ Compilation\ Requirements PicPacCore normal arm64 com.apple.xcode.tools.swift.compiler (in target 'PicPacCore' from project 'PicPacKit')
    cd /Users/bavabangaru/Developer/pic-pac-poe-ios-native-parity/ios/PicPacPoe.xcodeproj
    builtin-Swift-Compilation-Requirements -- /Applications/Xcode.app/Contents/Developer/Toolchains/XcodeDefault.xctoolchain/usr/bin/swiftc -module-name PicPacCore -Onone @/var/folders/fh/vt8wk6pn5dgd_tv982c123440000gp/T/picpac-snapshots-jy66w48o/build/Build/Intermediates.noindex/PicPacKit.build/Debug-iphonesimulator/PicPacCore.build/Objects-normal/arm64/PicPacCore.SwiftFileList -DSWIFT_PACKAGE -DDEBUG -DSWIFT_MODULE_RESOURCE_BUNDLE_UNAVAILABLE -DXcode -plugin-path /Applications/Xcode.app/Contents/Developer/Toolchains/XcodeDefault.xctoolchain/usr/lib/swift/host/plugins/testing -enable-experimental-feature DebugDescriptionMacro -sdk /Applications/Xcode.app/Contents/Developer/Platforms/iPhoneSimulator.platform/Developer/SDKs/iPhoneSimulator26.5.sdk -target arm64-apple-ios17.0-simulator -g -module-cache-path /var/folders/fh/vt8wk6pn5dgd_tv982c123440000gp/T/picpac-snapshots-jy66w48o/build/ModuleCache.noindex -Xfrontend -serialize-debugging-options -profile-coverage-mapping -profile-generate -enable-testing -suppress-warnings -index-store-path /var/folders/fh/vt8wk6pn5dgd_tv982c123440000gp/T/picpac-snapshots-jy66w48o/build/Index.noindex/DataStore -Xcc -D_LIBCPP_HARDENING_MODE\=_LIBCPP_HARDENING_MODE_DEBUG -swift-version 6 -I /var/folders/fh/vt8wk6pn5dgd_tv982c123440000gp/T/picpac-snapshots-jy66w48o/build/Build/Products/Debug-iphonesimulator -Isystem /Applications/Xcode.app/Contents/Developer/Platforms/iPhoneSimulator.platform/Developer/usr/lib -F /var/folders/fh/vt8wk6pn5dgd_tv982c123440000gp/T/picpac-snapshots-jy66w48o/build/Build/Products/Debug-iphonesimulator -F /Applications/Xcode.app/Contents/Developer/Platforms/iPhoneSimulator.platform/Developer/Library/Frameworks -F /Applications/Xcode.app/Contents/Developer/Platforms/iPhoneSimulator.platform/Developer/SDKs/iPhoneSimulator26.5.sdk/Developer/Library/Frameworks -c -j12 -enable-batch-mode -incremental -Xcc -ivfsstatcache -Xcc /var/folders/fh/vt8wk6pn5dgd_tv982c123440000gp/T/picpac-snapshots-jy66w48o/build/SDKStatCaches.noindex/iphonesimulator26.5-23F81a-6cfe768891a92b912361537c460fe42b.sdkstatcache -output-file-map /var/folders/fh/vt8wk6pn5dgd_tv982c123440000gp/T/picpac-snapshots-jy66w48o/build/Build/Intermediates.noindex/PicPacKit.build/Debug-iphonesimulator/PicPacCore.build/Objects-normal/arm64/PicPacCore-OutputFileMap.json -use-frontend-parseable-output -save-temps -no-color-diagnostics -explicit-module-build -module-cache-path /var/folders/fh/vt8wk6pn5dgd_tv982c123440000gp/T/picpac-snapshots-jy66w48o/build/Build/Intermediates.noindex/SwiftExplicitPrecompiledModules -clang-scanner-module-cache-path /var/folders/fh/vt8wk6pn5dgd_tv982c123440000gp/T/picpac-snapshots-jy66w48o/build/ModuleCache.noindex -sdk-module-cache-path /var/folders/fh/vt8wk6pn5dgd_tv982c123440000gp/T/picpac-snapshots-jy66w48o/build/ModuleCache.noindex -serialize-diagnostics -emit-dependencies -emit-module -emit-module-path /var/folders/fh/vt8wk6pn5dgd_tv982c123440000gp/T/picpac-snapshots-jy66w48o/build/Build/Intermediates.noindex/PicPacKit.build/Debug-iphonesimulator/PicPacCore.build/Objects-normal/arm64/PicPacCore.swiftmodule -validate-clang-modules-once -clang-build-session-file /var/folders/fh/vt8wk6pn5dgd_tv982c123440000gp/T/picpac-snapshots-jy66w48o/build/ModuleCache.noindex/Session.modulevalidation -package-name picpackit -Xcc -I/var/folders/fh/vt8wk6pn5dgd_tv982c123440000gp/T/picpac-snapshots-jy66w48o/build/Build/Intermediates.noindex/PicPacKit.build/Debug-iphonesimulator/PicPacCore.build/swift-overrides.hmap -emit-const-values -Xfrontend -const-gather-protocols-file -Xfrontend /var/folders/fh/vt8wk6pn5dgd_tv982c123440000gp/T/picpac-snapshots-jy66w48o/build/Build/Intermediates.noindex/PicPacKit.build/Debug-iphonesimulator/PicPacCore.build/Objects-normal/arm64/PicPacCore_const_extract_protocols.json -Xcc -I/var/folders/fh/vt8wk6pn5dgd_tv982c123440000gp/T/picpac-snapshots-jy66w48o/build/Build/Products/Debug-iphonesimulator/include -Xcc -I/var/folders/fh/vt8wk6pn5dgd_tv982c123440000gp/T/picpac-snapshots-jy66w48o/build/Build/Intermediates.noindex/PicPacKit.build/Debug-iphonesimulator/PicPacCore.build/DerivedSources-normal/arm64 -Xcc -I/var/folders/fh/vt8wk6pn5dgd_tv982c123440000gp/T/picpac-snapshots-jy66w48o/build/Build/Intermediates.noindex/PicPacKit.build/Debug-iphonesimulator/PicPacCore.build/DerivedSources/arm64 -Xcc -I/var/folders/fh/vt8wk6pn5dgd_tv982c123440000gp/T/picpac-snapshots-jy66w48o/build/Build/Intermediates.noindex/PicPacKit.build/Debug-iphonesimulator/PicPacCore.build/DerivedSources -Xcc -DSWIFT_PACKAGE -Xcc -DDEBUG\=1 -emit-objc-header -emit-objc-header-path /var/folders/fh/vt8wk6pn5dgd_tv982c123440000gp/T/picpac-snapshots-jy66w48o/build/Build/Intermediates.noindex/PicPacKit.build/Debug-iphonesimulator/PicPacCore.build/Objects-normal/arm64/PicPacCore-Swift.h -working-directory /Users/bavabangaru/Developer/pic-pac-poe-ios-native-parity/ios/PicPacPoe.xcodeproj -experimental-emit-module-separately -disable-cmo

SwiftMergeGeneratedHeaders /var/folders/fh/vt8wk6pn5dgd_tv982c123440000gp/T/picpac-snapshots-jy66w48o/build/Build/Intermediates.noindex/GeneratedModuleMaps-iphonesimulator/PicPacCore-Swift.h /var/folders/fh/vt8wk6pn5dgd_tv982c123440000gp/T/picpac-snapshots-jy66w48o/build/Build/Intermediates.noindex/PicPacKit.build/Debug-iphonesimulator/PicPacCore.build/Objects-normal/arm64/PicPacCore-Swift.h /var/folders/fh/vt8wk6pn5dgd_tv982c123440000gp/T/picpac-snapshots-jy66w48o/build/Build/Intermediates.noindex/PicPacKit.build/Debug-iphonesimulator/PicPacCore.build/Objects-normal/x86_64/PicPacCore-Swift.h (in target 'PicPacCore' from project 'PicPacKit')
    cd /Users/bavabangaru/Developer/pic-pac-poe-ios-native-parity/ios/Packages/PicPacKit
    builtin-swiftHeaderTool -arch arm64 /var/folders/fh/vt8wk6pn5dgd_tv982c123440000gp/T/picpac-snapshots-jy66w48o/build/Build/Intermediates.noindex/PicPacKit.build/Debug-iphonesimulator/PicPacCore.build/Objects-normal/arm64/PicPacCore-Swift.h -arch x86_64 /var/folders/fh/vt8wk6pn5dgd_tv982c123440000gp/T/picpac-snapshots-jy66w48o/build/Build/Intermediates.noindex/PicPacKit.build/Debug-iphonesimulator/PicPacCore.build/Objects-normal/x86_64/PicPacCore-Swift.h -o /var/folders/fh/vt8wk6pn5dgd_tv982c123440000gp/T/picpac-snapshots-jy66w48o/build/Build/Intermediates.noindex/GeneratedModuleMaps-iphonesimulator/PicPacCore-Swift.h

Copy /var/folders/fh/vt8wk6pn5dgd_tv982c123440000gp/T/picpac-snapshots-jy66w48o/build/Build/Products/Debug-iphonesimulator/PicPacCore.swiftmodule/arm64-apple-ios-simulator.swiftmodule /var/folders/fh/vt8wk6pn5dgd_tv982c123440000gp/T/picpac-snapshots-jy66w48o/build/Build/Intermediates.noindex/PicPacKit.build/Debug-iphonesimulator/PicPacCore.build/Objects-normal/arm64/PicPacCore.swiftmodule (in target 'PicPacCore' from project 'PicPacKit')
    cd /Users/bavabangaru/Developer/pic-pac-poe-ios-native-parity/ios/Packages/PicPacKit
    builtin-copy -exclude .DS_Store -exclude CVS -exclude .svn -exclude .git -exclude .hg -resolve-src-symlinks -rename /var/folders/fh/vt8wk6pn5dgd_tv982c123440000gp/T/picpac-snapshots-jy66w48o/build/Build/Intermediates.noindex/PicPacKit.build/Debug-iphonesimulator/PicPacCore.build/Objects-normal/arm64/PicPacCore.swiftmodule /var/folders/fh/vt8wk6pn5dgd_tv982c123440000gp/T/picpac-snapshots-jy66w48o/build/Build/Products/Debug-iphonesimulator/PicPacCore.swiftmodule/arm64-apple-ios-simulator.swiftmodule

Copy /var/folders/fh/vt8wk6pn5dgd_tv982c123440000gp/T/picpac-snapshots-jy66w48o/build/Build/Products/Debug-iphonesimulator/PicPacCore.swiftmodule/arm64-apple-ios-simulator.swiftdoc /var/folders/fh/vt8wk6pn5dgd_tv982c123440000gp/T/picpac-snapshots-jy66w48o/build/Build/Intermediates.noindex/PicPacKit.build/Debug-iphonesimulator/PicPacCore.build/Objects-normal/arm64/PicPacCore.swiftdoc (in target 'PicPacCore' from project 'PicPacKit')
    cd /Users/bavabangaru/Developer/pic-pac-poe-ios-native-parity/ios/Packages/PicPacKit
    builtin-copy -exclude .DS_Store -exclude CVS -exclude .svn -exclude .git -exclude .hg -resolve-src-symlinks -rename /var/folders/fh/vt8wk6pn5dgd_tv982c123440000gp/T/picpac-snapshots-jy66w48o/build/Build/Intermediates.noindex/PicPacKit.build/Debug-iphonesimulator/PicPacCore.build/Objects-normal/arm64/PicPacCore.swiftdoc /var/folders/fh/vt8wk6pn5dgd_tv982c123440000gp/T/picpac-snapshots-jy66w48o/build/Build/Products/Debug-iphonesimulator/PicPacCore.swiftmodule/arm64-apple-ios-simulator.swiftdoc

Copy /var/folders/fh/vt8wk6pn5dgd_tv982c123440000gp/T/picpac-snapshots-jy66w48o/build/Build/Products/Debug-iphonesimulator/PicPacCore.swiftmodule/arm64-apple-ios-simulator.abi.json /var/folders/fh/vt8wk6pn5dgd_tv982c123440000gp/T/picpac-snapshots-jy66w48o/build/Build/Intermediates.noindex/PicPacKit.build/Debug-iphonesimulator/PicPacCore.build/Objects-normal/arm64/PicPacCore.abi.json (in target 'PicPacCore' from project 'PicPacKit')
    cd /Users/bavabangaru/Developer/pic-pac-poe-ios-native-parity/ios/Packages/PicPacKit
    builtin-copy -exclude .DS_Store -exclude CVS -exclude .svn -exclude .git -exclude .hg -resolve-src-symlinks -rename /var/folders/fh/vt8wk6pn5dgd_tv982c123440000gp/T/picpac-snapshots-jy66w48o/build/Build/Intermediates.noindex/PicPacKit.build/Debug-iphonesimulator/PicPacCore.build/Objects-normal/arm64/PicPacCore.abi.json /var/folders/fh/vt8wk6pn5dgd_tv982c123440000gp/T/picpac-snapshots-jy66w48o/build/Build/Products/Debug-iphonesimulator/PicPacCore.swiftmodule/arm64-apple-ios-simulator.abi.json

Copy /var/folders/fh/vt8wk6pn5dgd_tv982c123440000gp/T/picpac-snapshots-jy66w48o/build/Build/Products/Debug-iphonesimulator/PicPacCore.swiftmodule/Project/arm64-apple-ios-simulator.swiftsourceinfo /var/folders/fh/vt8wk6pn5dgd_tv982c123440000gp/T/picpac-snapshots-jy66w48o/build/Build/Intermediates.noindex/PicPacKit.build/Debug-iphonesimulator/PicPacCore.build/Objects-normal/arm64/PicPacCore.swiftsourceinfo (in target 'PicPacCore' from project 'PicPacKit')
    cd /Users/bavabangaru/Developer/pic-pac-poe-ios-native-parity/ios/Packages/PicPacKit
    builtin-copy -exclude .DS_Store -exclude CVS -exclude .svn -exclude .git -exclude .hg -resolve-src-symlinks -rename /var/folders/fh/vt8wk6pn5dgd_tv982c123440000gp/T/picpac-snapshots-jy66w48o/build/Build/Intermediates.noindex/PicPacKit.build/Debug-iphonesimulator/PicPacCore.build/Objects-normal/arm64/PicPacCore.swiftsourceinfo /var/folders/fh/vt8wk6pn5dgd_tv982c123440000gp/T/picpac-snapshots-jy66w48o/build/Build/Products/Debug-iphonesimulator/PicPacCore.swiftmodule/Project/arm64-apple-ios-simulator.swiftsourceinfo

SwiftDriver PicPacPresentation normal x86_64 com.apple.xcode.tools.swift.compiler (in target 'PicPacPresentation' from project 'PicPacKit')
    cd /Users/bavabangaru/Developer/pic-pac-poe-ios-native-parity/ios/PicPacPoe.xcodeproj
    builtin-SwiftDriver -- /Applications/Xcode.app/Contents/Developer/Toolchains/XcodeDefault.xctoolchain/usr/bin/swiftc -module-name PicPacPresentation -Onone @/var/folders/fh/vt8wk6pn5dgd_tv982c123440000gp/T/picpac-snapshots-jy66w48o/build/Build/Intermediates.noindex/PicPacKit.build/Debug-iphonesimulator/PicPacPresentation.build/Objects-normal/x86_64/PicPacPresentation.SwiftFileList -DSWIFT_PACKAGE -DDEBUG -DSWIFT_MODULE_RESOURCE_BUNDLE_UNAVAILABLE -DXcode -plugin-path /Applications/Xcode.app/Contents/Developer/Toolchains/XcodeDefault.xctoolchain/usr/lib/swift/host/plugins/testing -enable-experimental-feature DebugDescriptionMacro -sdk /Applications/Xcode.app/Contents/Developer/Platforms/iPhoneSimulator.platform/Developer/SDKs/iPhoneSimulator26.5.sdk -target x86_64-apple-ios17.0-simulator -g -module-cache-path /var/folders/fh/vt8wk6pn5dgd_tv982c123440000gp/T/picpac-snapshots-jy66w48o/build/ModuleCache.noindex -Xfrontend -serialize-debugging-options -profile-coverage-mapping -profile-generate -enable-testing -suppress-warnings -index-store-path /var/folders/fh/vt8wk6pn5dgd_tv982c123440000gp/T/picpac-snapshots-jy66w48o/build/Index.noindex/DataStore -Xcc -D_LIBCPP_HARDENING_MODE\=_LIBCPP_HARDENING_MODE_DEBUG -swift-version 6 -I /var/folders/fh/vt8wk6pn5dgd_tv982c123440000gp/T/picpac-snapshots-jy66w48o/build/Build/Products/Debug-iphonesimulator -Isystem /Applications/Xcode.app/Contents/Developer/Platforms/iPhoneSimulator.platform/Developer/usr/lib -F /var/folders/fh/vt8wk6pn5dgd_tv982c123440000gp/T/picpac-snapshots-jy66w48o/build/Build/Products/Debug-iphonesimulator/PackageFrameworks -F /var/folders/fh/vt8wk6pn5dgd_tv982c123440000gp/T/picpac-snapshots-jy66w48o/build/Build/Products/Debug-iphonesimulator -F /Applications/Xcode.app/Contents/Developer/Platforms/iPhoneSimulator.platform/Developer/Library/Frameworks -F /Applications/Xcode.app/Contents/Developer/Platforms/iPhoneSimulator.platform/Developer/SDKs/iPhoneSimulator26.5.sdk/Developer/Library/Frameworks -c -j12 -enable-batch-mode -incremental -Xcc -ivfsstatcache -Xcc /var/folders/fh/vt8wk6pn5dgd_tv982c123440000gp/T/picpac-snapshots-jy66w48o/build/SDKStatCaches.noindex/iphonesimulator26.5-23F81a-6cfe768891a92b912361537c460fe42b.sdkstatcache -output-file-map /var/folders/fh/vt8wk6pn5dgd_tv982c123440000gp/T/picpac-snapshots-jy66w48o/build/Build/Intermediates.noindex/PicPacKit.build/Debug-iphonesimulator/PicPacPresentation.build/Objects-normal/x86_64/PicPacPresentation-OutputFileMap.json -use-frontend-parseable-output -save-temps -no-color-diagnostics -explicit-module-build -module-cache-path /var/folders/fh/vt8wk6pn5dgd_tv982c123440000gp/T/picpac-snapshots-jy66w48o/build/Build/Intermediates.noindex/SwiftExplicitPrecompiledModules -clang-scanner-module-cache-path /var/folders/fh/vt8wk6pn5dgd_tv982c123440000gp/T/picpac-snapshots-jy66w48o/build/ModuleCache.noindex -sdk-module-cache-path /var/folders/fh/vt8wk6pn5dgd_tv982c123440000gp/T/picpac-snapshots-jy66w48o/build/ModuleCache.noindex -serialize-diagnostics -emit-dependencies -emit-module -emit-module-path /var/folders/fh/vt8wk6pn5dgd_tv982c123440000gp/T/picpac-snapshots-jy66w48o/build/Build/Intermediates.noindex/PicPacKit.build/Debug-iphonesimulator/PicPacPresentation.build/Objects-normal/x86_64/PicPacPresentation.swiftmodule -validate-clang-modules-once -clang-build-session-file /var/folders/fh/vt8wk6pn5dgd_tv982c123440000gp/T/picpac-snapshots-jy66w48o/build/ModuleCache.noindex/Session.modulevalidation -package-name picpackit -Xcc -I/var/folders/fh/vt8wk6pn5dgd_tv982c123440000gp/T/picpac-snapshots-jy66w48o/build/Build/Intermediates.noindex/PicPacKit.build/Debug-iphonesimulator/PicPacPresentation.build/swift-overrides.hmap -emit-const-values -Xfrontend -const-gather-protocols-file -Xfrontend /var/folders/fh/vt8wk6pn5dgd_tv982c123440000gp/T/picpac-snapshots-jy66w48o/build/Build/Intermediates.noindex/PicPacKit.build/Debug-iphonesimulator/PicPacPresentation.build/Objects-normal/x86_64/PicPacPresentation_const_extract_protocols.json -Xcc -I/var/folders/fh/vt8wk6pn5dgd_tv982c123440000gp/T/picpac-snapshots-jy66w48o/build/Build/Products/Debug-iphonesimulator/include -Xcc -I/var/folders/fh/vt8wk6pn5dgd_tv982c123440000gp/T/picpac-snapshots-jy66w48o/build/Build/Intermediates.noindex/PicPacKit.build/Debug-iphonesimulator/PicPacPresentation.build/DerivedSources-normal/x86_64 -Xcc -I/var/folders/fh/vt8wk6pn5dgd_tv982c123440000gp/T/picpac-snapshots-jy66w48o/build/Build/Intermediates.noindex/PicPacKit.build/Debug-iphonesimulator/PicPacPresentation.build/DerivedSources/x86_64 -Xcc -I/var/folders/fh/vt8wk6pn5dgd_tv982c123440000gp/T/picpac-snapshots-jy66w48o/build/Build/Intermediates.noindex/PicPacKit.build/Debug-iphonesimulator/PicPacPresentation.build/DerivedSources -Xcc -DSWIFT_PACKAGE -Xcc -DDEBUG\=1 -emit-objc-header -emit-objc-header-path /var/folders/fh/vt8wk6pn5dgd_tv982c123440000gp/T/picpac-snapshots-jy66w48o/build/Build/Intermediates.noindex/PicPacKit.build/Debug-iphonesimulator/PicPacPresentation.build/Objects-normal/x86_64/PicPacPresentation-Swift.h -working-directory /Users/bavabangaru/Developer/pic-pac-poe-ios-native-parity/ios/PicPacPoe.xcodeproj -experimental-emit-module-separately -disable-cmo

SwiftDriver PicPacPresentation normal arm64 com.apple.xcode.tools.swift.compiler (in target 'PicPacPresentation' from project 'PicPacKit')
    cd /Users/bavabangaru/Developer/pic-pac-poe-ios-native-parity/ios/PicPacPoe.xcodeproj
    builtin-SwiftDriver -- /Applications/Xcode.app/Contents/Developer/Toolchains/XcodeDefault.xctoolchain/usr/bin/swiftc -module-name PicPacPresentation -Onone @/var/folders/fh/vt8wk6pn5dgd_tv982c123440000gp/T/picpac-snapshots-jy66w48o/build/Build/Intermediates.noindex/PicPacKit.build/Debug-iphonesimulator/PicPacPresentation.build/Objects-normal/arm64/PicPacPresentation.SwiftFileList -DSWIFT_PACKAGE -DDEBUG -DSWIFT_MODULE_RESOURCE_BUNDLE_UNAVAILABLE -DXcode -plugin-path /Applications/Xcode.app/Contents/Developer/Toolchains/XcodeDefault.xctoolchain/usr/lib/swift/host/plugins/testing -enable-experimental-feature DebugDescriptionMacro -sdk /Applications/Xcode.app/Contents/Developer/Platforms/iPhoneSimulator.platform/Developer/SDKs/iPhoneSimulator26.5.sdk -target arm64-apple-ios17.0-simulator -g -module-cache-path /var/folders/fh/vt8wk6pn5dgd_tv982c123440000gp/T/picpac-snapshots-jy66w48o/build/ModuleCache.noindex -Xfrontend -serialize-debugging-options -profile-coverage-mapping -profile-generate -enable-testing -suppress-warnings -index-store-path /var/folders/fh/vt8wk6pn5dgd_tv982c123440000gp/T/picpac-snapshots-jy66w48o/build/Index.noindex/DataStore -Xcc -D_LIBCPP_HARDENING_MODE\=_LIBCPP_HARDENING_MODE_DEBUG -swift-version 6 -I /var/folders/fh/vt8wk6pn5dgd_tv982c123440000gp/T/picpac-snapshots-jy66w48o/build/Build/Products/Debug-iphonesimulator -Isystem /Applications/Xcode.app/Contents/Developer/Platforms/iPhoneSimulator.platform/Developer/usr/lib -F /var/folders/fh/vt8wk6pn5dgd_tv982c123440000gp/T/picpac-snapshots-jy66w48o/build/Build/Products/Debug-iphonesimulator/PackageFrameworks -F /var/folders/fh/vt8wk6pn5dgd_tv982c123440000gp/T/picpac-snapshots-jy66w48o/build/Build/Products/Debug-iphonesimulator -F /Applications/Xcode.app/Contents/Developer/Platforms/iPhoneSimulator.platform/Developer/Library/Frameworks -F /Applications/Xcode.app/Contents/Developer/Platforms/iPhoneSimulator.platform/Developer/SDKs/iPhoneSimulator26.5.sdk/Developer/Library/Frameworks -c -j12 -enable-batch-mode -incremental -Xcc -ivfsstatcache -Xcc /var/folders/fh/vt8wk6pn5dgd_tv982c123440000gp/T/picpac-snapshots-jy66w48o/build/SDKStatCaches.noindex/iphonesimulator26.5-23F81a-6cfe768891a92b912361537c460fe42b.sdkstatcache -output-file-map /var/folders/fh/vt8wk6pn5dgd_tv982c123440000gp/T/picpac-snapshots-jy66w48o/build/Build/Intermediates.noindex/PicPacKit.build/Debug-iphonesimulator/PicPacPresentation.build/Objects-normal/arm64/PicPacPresentation-OutputFileMap.json -use-frontend-parseable-output -save-temps -no-color-diagnostics -explicit-module-build -module-cache-path /var/folders/fh/vt8wk6pn5dgd_tv982c123440000gp/T/picpac-snapshots-jy66w48o/build/Build/Intermediates.noindex/SwiftExplicitPrecompiledModules -clang-scanner-module-cache-path /var/folders/fh/vt8wk6pn5dgd_tv982c123440000gp/T/picpac-snapshots-jy66w48o/build/ModuleCache.noindex -sdk-module-cache-path /var/folders/fh/vt8wk6pn5dgd_tv982c123440000gp/T/picpac-snapshots-jy66w48o/build/ModuleCache.noindex -serialize-diagnostics -emit-dependencies -emit-module -emit-module-path /var/folders/fh/vt8wk6pn5dgd_tv982c123440000gp/T/picpac-snapshots-jy66w48o/build/Build/Intermediates.noindex/PicPacKit.build/Debug-iphonesimulator/PicPacPresentation.build/Objects-normal/arm64/PicPacPresentation.swiftmodule -validate-clang-modules-once -clang-build-session-file /var/folders/fh/vt8wk6pn5dgd_tv982c123440000gp/T/picpac-snapshots-jy66w48o/build/ModuleCache.noindex/Session.modulevalidation -package-name picpackit -Xcc -I/var/folders/fh/vt8wk6pn5dgd_tv982c123440000gp/T/picpac-snapshots-jy66w48o/build/Build/Intermediates.noindex/PicPacKit.build/Debug-iphonesimulator/PicPacPresentation.build/swift-overrides.hmap -emit-const-values -Xfrontend -const-gather-protocols-file -Xfrontend /var/folders/fh/vt8wk6pn5dgd_tv982c123440000gp/T/picpac-snapshots-jy66w48o/build/Build/Intermediates.noindex/PicPacKit.build/Debug-iphonesimulator/PicPacPresentation.build/Objects-normal/arm64/PicPacPresentation_const_extract_protocols.json -Xcc -I/var/folders/fh/vt8wk6pn5dgd_tv982c123440000gp/T/picpac-snapshots-jy66w48o/build/Build/Products/Debug-iphonesimulator/include -Xcc -I/var/folders/fh/vt8wk6pn5dgd_tv982c123440000gp/T/picpac-snapshots-jy66w48o/build/Build/Intermediates.noindex/PicPacKit.build/Debug-iphonesimulator/PicPacPresentation.build/DerivedSources-normal/arm64 -Xcc -I/var/folders/fh/vt8wk6pn5dgd_tv982c123440000gp/T/picpac-snapshots-jy66w48o/build/Build/Intermediates.noindex/PicPacKit.build/Debug-iphonesimulator/PicPacPresentation.build/DerivedSources/arm64 -Xcc -I/var/folders/fh/vt8wk6pn5dgd_tv982c123440000gp/T/picpac-snapshots-jy66w48o/build/Build/Intermediates.noindex/PicPacKit.build/Debug-iphonesimulator/PicPacPresentation.build/DerivedSources -Xcc -DSWIFT_PACKAGE -Xcc -DDEBUG\=1 -emit-objc-header -emit-objc-header-path /var/folders/fh/vt8wk6pn5dgd_tv982c123440000gp/T/picpac-snapshots-jy66w48o/build/Build/Intermediates.noindex/PicPacKit.build/Debug-iphonesimulator/PicPacPresentation.build/Objects-normal/arm64/PicPacPresentation-Swift.h -working-directory /Users/bavabangaru/Developer/pic-pac-poe-ios-native-parity/ios/PicPacPoe.xcodeproj -experimental-emit-module-separately -disable-cmo

SwiftDriverJobDiscovery normal arm64 Compiling Rules.swift (in target 'PicPacCore' from project 'PicPacKit')

SwiftDriver PicPacAI normal x86_64 com.apple.xcode.tools.swift.compiler (in target 'PicPacAI' from project 'PicPacKit')
    cd /Users/bavabangaru/Developer/pic-pac-poe-ios-native-parity/ios/PicPacPoe.xcodeproj
    builtin-SwiftDriver -- /Applications/Xcode.app/Contents/Developer/Toolchains/XcodeDefault.xctoolchain/usr/bin/swiftc -module-name PicPacAI -Onone @/var/folders/fh/vt8wk6pn5dgd_tv982c123440000gp/T/picpac-snapshots-jy66w48o/build/Build/Intermediates.noindex/PicPacKit.build/Debug-iphonesimulator/PicPacAI.build/Objects-normal/x86_64/PicPacAI.SwiftFileList -DSWIFT_PACKAGE -DDEBUG -DSWIFT_MODULE_RESOURCE_BUNDLE_AVAILABLE -DXcode -plugin-path /Applications/Xcode.app/Contents/Developer/Toolchains/XcodeDefault.xctoolchain/usr/lib/swift/host/plugins/testing -enable-experimental-feature DebugDescriptionMacro -sdk /Applications/Xcode.app/Contents/Developer/Platforms/iPhoneSimulator.platform/Developer/SDKs/iPhoneSimulator26.5.sdk -target x86_64-apple-ios17.0-simulator -g -module-cache-path /var/folders/fh/vt8wk6pn5dgd_tv982c123440000gp/T/picpac-snapshots-jy66w48o/build/ModuleCache.noindex -Xfrontend -serialize-debugging-options -profile-coverage-mapping -profile-generate -enable-testing -suppress-warnings -index-store-path /var/folders/fh/vt8wk6pn5dgd_tv982c123440000gp/T/picpac-snapshots-jy66w48o/build/Index.noindex/DataStore -Xcc -D_LIBCPP_HARDENING_MODE\=_LIBCPP_HARDENING_MODE_DEBUG -swift-version 6 -I /var/folders/fh/vt8wk6pn5dgd_tv982c123440000gp/T/picpac-snapshots-jy66w48o/build/Build/Products/Debug-iphonesimulator -Isystem /Applications/Xcode.app/Contents/Developer/Platforms/iPhoneSimulator.platform/Developer/usr/lib -F /var/folders/fh/vt8wk6pn5dgd_tv982c123440000gp/T/picpac-snapshots-jy66w48o/build/Build/Products/Debug-iphonesimulator/PackageFrameworks -F /var/folders/fh/vt8wk6pn5dgd_tv982c123440000gp/T/picpac-snapshots-jy66w48o/build/Build/Products/Debug-iphonesimulator -F /Applications/Xcode.app/Contents/Developer/Platforms/iPhoneSimulator.platform/Developer/Library/Frameworks -F /Applications/Xcode.app/Contents/Developer/Platforms/iPhoneSimulator.platform/Developer/SDKs/iPhoneSimulator26.5.sdk/Developer/Library/Frameworks -c -j12 -enable-batch-mode -incremental -Xcc -ivfsstatcache -Xcc /var/folders/fh/vt8wk6pn5dgd_tv982c123440000gp/T/picpac-snapshots-jy66w48o/build/SDKStatCaches.noindex/iphonesimulator26.5-23F81a-6cfe768891a92b912361537c460fe42b.sdkstatcache -output-file-map /var/folders/fh/vt8wk6pn5dgd_tv982c123440000gp/T/picpac-snapshots-jy66w48o/build/Build/Intermediates.noindex/PicPacKit.build/Debug-iphonesimulator/PicPacAI.build/Objects-normal/x86_64/PicPacAI-OutputFileMap.json -use-frontend-parseable-output -save-temps -no-color-diagnostics -explicit-module-build -module-cache-path /var/folders/fh/vt8wk6pn5dgd_tv982c123440000gp/T/picpac-snapshots-jy66w48o/build/Build/Intermediates.noindex/SwiftExplicitPrecompiledModules -clang-scanner-module-cache-path /var/folders/fh/vt8wk6pn5dgd_tv982c123440000gp/T/picpac-snapshots-jy66w48o/build/ModuleCache.noindex -sdk-module-cache-path /var/folders/fh/vt8wk6pn5dgd_tv982c123440000gp/T/picpac-snapshots-jy66w48o/build/ModuleCache.noindex -serialize-diagnostics -emit-dependencies -emit-module -emit-module-path /var/folders/fh/vt8wk6pn5dgd_tv982c123440000gp/T/picpac-snapshots-jy66w48o/build/Build/Intermediates.noindex/PicPacKit.build/Debug-iphonesimulator/PicPacAI.build/Objects-normal/x86_64/PicPacAI.swiftmodule -validate-clang-modules-once -clang-build-session-file /var/folders/fh/vt8wk6pn5dgd_tv982c123440000gp/T/picpac-snapshots-jy66w48o/build/ModuleCache.noindex/Session.modulevalidation -package-name picpackit -Xcc -I/var/folders/fh/vt8wk6pn5dgd_tv982c123440000gp/T/picpac-snapshots-jy66w48o/build/Build/Intermediates.noindex/PicPacKit.build/Debug-iphonesimulator/PicPacAI.build/swift-overrides.hmap -emit-const-values -Xfrontend -const-gather-protocols-file -Xfrontend /var/folders/fh/vt8wk6pn5dgd_tv982c123440000gp/T/picpac-snapshots-jy66w48o/build/Build/Intermediates.noindex/PicPacKit.build/Debug-iphonesimulator/PicPacAI.build/Objects-normal/x86_64/PicPacAI_const_extract_protocols.json -Xcc -I/var/folders/fh/vt8wk6pn5dgd_tv982c123440000gp/T/picpac-snapshots-jy66w48o/build/Build/Products/Debug-iphonesimulator/include -Xcc -I/var/folders/fh/vt8wk6pn5dgd_tv982c123440000gp/T/picpac-snapshots-jy66w48o/build/Build/Intermediates.noindex/PicPacKit.build/Debug-iphonesimulator/PicPacAI.build/DerivedSources-normal/x86_64 -Xcc -I/var/folders/fh/vt8wk6pn5dgd_tv982c123440000gp/T/picpac-snapshots-jy66w48o/build/Build/Intermediates.noindex/PicPacKit.build/Debug-iphonesimulator/PicPacAI.build/DerivedSources/x86_64 -Xcc -I/var/folders/fh/vt8wk6pn5dgd_tv982c123440000gp/T/picpac-snapshots-jy66w48o/build/Build/Intermediates.noindex/PicPacKit.build/Debug-iphonesimulator/PicPacAI.build/DerivedSources -Xcc -DSWIFT_PACKAGE -Xcc -DDEBUG\=1 -emit-objc-header -emit-objc-header-path /var/folders/fh/vt8wk6pn5dgd_tv982c123440000gp/T/picpac-snapshots-jy66w48o/build/Build/Intermediates.noindex/PicPacKit.build/Debug-iphonesimulator/PicPacAI.build/Objects-normal/x86_64/PicPacAI-Swift.h -working-directory /Users/bavabangaru/Developer/pic-pac-poe-ios-native-parity/ios/PicPacPoe.xcodeproj -experimental-emit-module-separately -disable-cmo

SwiftDriver PicPacAI normal arm64 com.apple.xcode.tools.swift.compiler (in target 'PicPacAI' from project 'PicPacKit')
    cd /Users/bavabangaru/Developer/pic-pac-poe-ios-native-parity/ios/PicPacPoe.xcodeproj
    builtin-SwiftDriver -- /Applications/Xcode.app/Contents/Developer/Toolchains/XcodeDefault.xctoolchain/usr/bin/swiftc -module-name PicPacAI -Onone @/var/folders/fh/vt8wk6pn5dgd_tv982c123440000gp/T/picpac-snapshots-jy66w48o/build/Build/Intermediates.noindex/PicPacKit.build/Debug-iphonesimulator/PicPacAI.build/Objects-normal/arm64/PicPacAI.SwiftFileList -DSWIFT_PACKAGE -DDEBUG -DSWIFT_MODULE_RESOURCE_BUNDLE_AVAILABLE -DXcode -plugin-path /Applications/Xcode.app/Contents/Developer/Toolchains/XcodeDefault.xctoolchain/usr/lib/swift/host/plugins/testing -enable-experimental-feature DebugDescriptionMacro -sdk /Applications/Xcode.app/Contents/Developer/Platforms/iPhoneSimulator.platform/Developer/SDKs/iPhoneSimulator26.5.sdk -target arm64-apple-ios17.0-simulator -g -module-cache-path /var/folders/fh/vt8wk6pn5dgd_tv982c123440000gp/T/picpac-snapshots-jy66w48o/build/ModuleCache.noindex -Xfrontend -serialize-debugging-options -profile-coverage-mapping -profile-generate -enable-testing -suppress-warnings -index-store-path /var/folders/fh/vt8wk6pn5dgd_tv982c123440000gp/T/picpac-snapshots-jy66w48o/build/Index.noindex/DataStore -Xcc -D_LIBCPP_HARDENING_MODE\=_LIBCPP_HARDENING_MODE_DEBUG -swift-version 6 -I /var/folders/fh/vt8wk6pn5dgd_tv982c123440000gp/T/picpac-snapshots-jy66w48o/build/Build/Products/Debug-iphonesimulator -Isystem /Applications/Xcode.app/Contents/Developer/Platforms/iPhoneSimulator.platform/Developer/usr/lib -F /var/folders/fh/vt8wk6pn5dgd_tv982c123440000gp/T/picpac-snapshots-jy66w48o/build/Build/Products/Debug-iphonesimulator/PackageFrameworks -F /var/folders/fh/vt8wk6pn5dgd_tv982c123440000gp/T/picpac-snapshots-jy66w48o/build/Build/Products/Debug-iphonesimulator -F /Applications/Xcode.app/Contents/Developer/Platforms/iPhoneSimulator.platform/Developer/Library/Frameworks -F /Applications/Xcode.app/Contents/Developer/Platforms/iPhoneSimulator.platform/Developer/SDKs/iPhoneSimulator26.5.sdk/Developer/Library/Frameworks -c -j12 -enable-batch-mode -incremental -Xcc -ivfsstatcache -Xcc /var/folders/fh/vt8wk6pn5dgd_tv982c123440000gp/T/picpac-snapshots-jy66w48o/build/SDKStatCaches.noindex/iphonesimulator26.5-23F81a-6cfe768891a92b912361537c460fe42b.sdkstatcache -output-file-map /var/folders/fh/vt8wk6pn5dgd_tv982c123440000gp/T/picpac-snapshots-jy66w48o/build/Build/Intermediates.noindex/PicPacKit.build/Debug-iphonesimulator/PicPacAI.build/Objects-normal/arm64/PicPacAI-OutputFileMap.json -use-frontend-parseable-output -save-temps -no-color-diagnostics -explicit-module-build -module-cache-path /var/folders/fh/vt8wk6pn5dgd_tv982c123440000gp/T/picpac-snapshots-jy66w48o/build/Build/Intermediates.noindex/SwiftExplicitPrecompiledModules -clang-scanner-module-cache-path /var/folders/fh/vt8wk6pn5dgd_tv982c123440000gp/T/picpac-snapshots-jy66w48o/build/ModuleCache.noindex -sdk-module-cache-path /var/folders/fh/vt8wk6pn5dgd_tv982c123440000gp/T/picpac-snapshots-jy66w48o/build/ModuleCache.noindex -serialize-diagnostics -emit-dependencies -emit-module -emit-module-path /var/folders/fh/vt8wk6pn5dgd_tv982c123440000gp/T/picpac-snapshots-jy66w48o/build/Build/Intermediates.noindex/PicPacKit.build/Debug-iphonesimulator/PicPacAI.build/Objects-normal/arm64/PicPacAI.swiftmodule -validate-clang-modules-once -clang-build-session-file /var/folders/fh/vt8wk6pn5dgd_tv982c123440000gp/T/picpac-snapshots-jy66w48o/build/ModuleCache.noindex/Session.modulevalidation -package-name picpackit -Xcc -I/var/folders/fh/vt8wk6pn5dgd_tv982c123440000gp/T/picpac-snapshots-jy66w48o/build/Build/Intermediates.noindex/PicPacKit.build/Debug-iphonesimulator/PicPacAI.build/swift-overrides.hmap -emit-const-values -Xfrontend -const-gather-protocols-file -Xfrontend /var/folders/fh/vt8wk6pn5dgd_tv982c123440000gp/T/picpac-snapshots-jy66w48o/build/Build/Intermediates.noindex/PicPacKit.build/Debug-iphonesimulator/PicPacAI.build/Objects-normal/arm64/PicPacAI_const_extract_protocols.json -Xcc -I/var/folders/fh/vt8wk6pn5dgd_tv982c123440000gp/T/picpac-snapshots-jy66w48o/build/Build/Products/Debug-iphonesimulator/include -Xcc -I/var/folders/fh/vt8wk6pn5dgd_tv982c123440000gp/T/picpac-snapshots-jy66w48o/build/Build/Intermediates.noindex/PicPacKit.build/Debug-iphonesimulator/PicPacAI.build/DerivedSources-normal/arm64 -Xcc -I/var/folders/fh/vt8wk6pn5dgd_tv982c123440000gp/T/picpac-snapshots-jy66w48o/build/Build/Intermediates.noindex/PicPacKit.build/Debug-iphonesimulator/PicPacAI.build/DerivedSources/arm64 -Xcc -I/var/folders/fh/vt8wk6pn5dgd_tv982c123440000gp/T/picpac-snapshots-jy66w48o/build/Build/Intermediates.noindex/PicPacKit.build/Debug-iphonesimulator/PicPacAI.build/DerivedSources -Xcc -DSWIFT_PACKAGE -Xcc -DDEBUG\=1 -emit-objc-header -emit-objc-header-path /var/folders/fh/vt8wk6pn5dgd_tv982c123440000gp/T/picpac-snapshots-jy66w48o/build/Build/Intermediates.noindex/PicPacKit.build/Debug-iphonesimulator/PicPacAI.build/Objects-normal/arm64/PicPacAI-Swift.h -working-directory /Users/bavabangaru/Developer/pic-pac-poe-ios-native-parity/ios/PicPacPoe.xcodeproj -experimental-emit-module-separately -disable-cmo

SwiftDriverJobDiscovery normal arm64 Compiling Randomness.swift (in target 'PicPacCore' from project 'PicPacKit')

SwiftDriverJobDiscovery normal x86_64 Compiling Rules.swift (in target 'PicPacCore' from project 'PicPacKit')

SwiftDriverJobDiscovery normal x86_64 Compiling Randomness.swift (in target 'PicPacCore' from project 'PicPacKit')

SwiftEmitModule normal x86_64 Emitting\ module\ for\ PicPacPresentation (in target 'PicPacPresentation' from project 'PicPacKit')

EmitSwiftModule normal x86_64 (in target 'PicPacPresentation' from project 'PicPacKit')
    cd /Users/bavabangaru/Developer/pic-pac-poe-ios-native-parity/ios/PicPacPoe.xcodeproj
    

SwiftCompile normal x86_64 Compiling\ RestorationValidation.swift /Users/bavabangaru/Developer/pic-pac-poe-ios-native-parity/ios/Packages/PicPacKit/Sources/PicPacPresentation/RestorationValidation.swift (in target 'PicPacPresentation' from project 'PicPacKit')

SwiftCompile normal x86_64 /Users/bavabangaru/Developer/pic-pac-poe-ios-native-parity/ios/Packages/PicPacKit/Sources/PicPacPresentation/RestorationValidation.swift (in target 'PicPacPresentation' from project 'PicPacKit')
    cd /Users/bavabangaru/Developer/pic-pac-poe-ios-native-parity/ios/PicPacPoe.xcodeproj
    

SwiftCompile normal x86_64 Compiling\ PresentationDependencies.swift /Users/bavabangaru/Developer/pic-pac-poe-ios-native-parity/ios/Packages/PicPacKit/Sources/PicPacPresentation/PresentationDependencies.swift (in target 'PicPacPresentation' from project 'PicPacKit')

SwiftCompile normal x86_64 /Users/bavabangaru/Developer/pic-pac-poe-ios-native-parity/ios/Packages/PicPacKit/Sources/PicPacPresentation/PresentationDependencies.swift (in target 'PicPacPresentation' from project 'PicPacKit')
    cd /Users/bavabangaru/Developer/pic-pac-poe-ios-native-parity/ios/PicPacPoe.xcodeproj
    

SwiftCompile normal x86_64 Compiling\ GameCoordinator.swift /Users/bavabangaru/Developer/pic-pac-poe-ios-native-parity/ios/Packages/PicPacKit/Sources/PicPacPresentation/GameCoordinator.swift (in target 'PicPacPresentation' from project 'PicPacKit')
SwiftCompile normal x86_64 /Users/bavabangaru/Developer/pic-pac-poe-ios-native-parity/ios/Packages/PicPacKit/Sources/PicPacPresentation/GameCoordinator.swift (in target 'PicPacPresentation' from project 'PicPacKit')
    cd /Users/bavabangaru/Developer/pic-pac-poe-ios-native-parity/ios/PicPacPoe.xcodeproj
    

SwiftEmitModule normal arm64 Emitting\ module\ for\ PicPacPresentation (in target 'PicPacPresentation' from project 'PicPacKit')

EmitSwiftModule normal arm64 (in target 'PicPacPresentation' from project 'PicPacKit')
    cd /Users/bavabangaru/Developer/pic-pac-poe-ios-native-parity/ios/PicPacPoe.xcodeproj
    

SwiftCompile normal arm64 Compiling\ GameCoordinator.swift /Users/bavabangaru/Developer/pic-pac-poe-ios-native-parity/ios/Packages/PicPacKit/Sources/PicPacPresentation/GameCoordinator.swift (in target 'PicPacPresentation' from project 'PicPacKit')
SwiftCompile normal arm64 /Users/bavabangaru/Developer/pic-pac-poe-ios-native-parity/ios/Packages/PicPacKit/Sources/PicPacPresentation/GameCoordinator.swift (in target 'PicPacPresentation' from project 'PicPacKit')
    cd /Users/bavabangaru/Developer/pic-pac-poe-ios-native-parity/ios/PicPacPoe.xcodeproj
    

SwiftEmitModule normal x86_64 Emitting\ module\ for\ PicPacAI (in target 'PicPacAI' from project 'PicPacKit')

EmitSwiftModule normal x86_64 (in target 'PicPacAI' from project 'PicPacKit')
    cd /Users/bavabangaru/Developer/pic-pac-poe-ios-native-parity/ios/PicPacPoe.xcodeproj
    

SwiftDriverJobDiscovery normal x86_64 Emitting module for PicPacPresentation (in target 'PicPacPresentation' from project 'PicPacKit')

SwiftDriver\ Compilation\ Requirements PicPacPresentation normal x86_64 com.apple.xcode.tools.swift.compiler (in target 'PicPacPresentation' from project 'PicPacKit')
    cd /Users/bavabangaru/Developer/pic-pac-poe-ios-native-parity/ios/PicPacPoe.xcodeproj
    builtin-Swift-Compilation-Requirements -- /Applications/Xcode.app/Contents/Developer/Toolchains/XcodeDefault.xctoolchain/usr/bin/swiftc -module-name PicPacPresentation -Onone @/var/folders/fh/vt8wk6pn5dgd_tv982c123440000gp/T/picpac-snapshots-jy66w48o/build/Build/Intermediates.noindex/PicPacKit.build/Debug-iphonesimulator/PicPacPresentation.build/Objects-normal/x86_64/PicPacPresentation.SwiftFileList -DSWIFT_PACKAGE -DDEBUG -DSWIFT_MODULE_RESOURCE_BUNDLE_UNAVAILABLE -DXcode -plugin-path /Applications/Xcode.app/Contents/Developer/Toolchains/XcodeDefault.xctoolchain/usr/lib/swift/host/plugins/testing -enable-experimental-feature DebugDescriptionMacro -sdk /Applications/Xcode.app/Contents/Developer/Platforms/iPhoneSimulator.platform/Developer/SDKs/iPhoneSimulator26.5.sdk -target x86_64-apple-ios17.0-simulator -g -module-cache-path /var/folders/fh/vt8wk6pn5dgd_tv982c123440000gp/T/picpac-snapshots-jy66w48o/build/ModuleCache.noindex -Xfrontend -serialize-debugging-options -profile-coverage-mapping -profile-generate -enable-testing -suppress-warnings -index-store-path /var/folders/fh/vt8wk6pn5dgd_tv982c123440000gp/T/picpac-snapshots-jy66w48o/build/Index.noindex/DataStore -Xcc -D_LIBCPP_HARDENING_MODE\=_LIBCPP_HARDENING_MODE_DEBUG -swift-version 6 -I /var/folders/fh/vt8wk6pn5dgd_tv982c123440000gp/T/picpac-snapshots-jy66w48o/build/Build/Products/Debug-iphonesimulator -Isystem /Applications/Xcode.app/Contents/Developer/Platforms/iPhoneSimulator.platform/Developer/usr/lib -F /var/folders/fh/vt8wk6pn5dgd_tv982c123440000gp/T/picpac-snapshots-jy66w48o/build/Build/Products/Debug-iphonesimulator/PackageFrameworks -F /var/folders/fh/vt8wk6pn5dgd_tv982c123440000gp/T/picpac-snapshots-jy66w48o/build/Build/Products/Debug-iphonesimulator -F /Applications/Xcode.app/Contents/Developer/Platforms/iPhoneSimulator.platform/Developer/Library/Frameworks -F /Applications/Xcode.app/Contents/Developer/Platforms/iPhoneSimulator.platform/Developer/SDKs/iPhoneSimulator26.5.sdk/Developer/Library/Frameworks -c -j12 -enable-batch-mode -incremental -Xcc -ivfsstatcache -Xcc /var/folders/fh/vt8wk6pn5dgd_tv982c123440000gp/T/picpac-snapshots-jy66w48o/build/SDKStatCaches.noindex/iphonesimulator26.5-23F81a-6cfe768891a92b912361537c460fe42b.sdkstatcache -output-file-map /var/folders/fh/vt8wk6pn5dgd_tv982c123440000gp/T/picpac-snapshots-jy66w48o/build/Build/Intermediates.noindex/PicPacKit.build/Debug-iphonesimulator/PicPacPresentation.build/Objects-normal/x86_64/PicPacPresentation-OutputFileMap.json -use-frontend-parseable-output -save-temps -no-color-diagnostics -explicit-module-build -module-cache-path /var/folders/fh/vt8wk6pn5dgd_tv982c123440000gp/T/picpac-snapshots-jy66w48o/build/Build/Intermediates.noindex/SwiftExplicitPrecompiledModules -clang-scanner-module-cache-path /var/folders/fh/vt8wk6pn5dgd_tv982c123440000gp/T/picpac-snapshots-jy66w48o/build/ModuleCache.noindex -sdk-module-cache-path /var/folders/fh/vt8wk6pn5dgd_tv982c123440000gp/T/picpac-snapshots-jy66w48o/build/ModuleCache.noindex -serialize-diagnostics -emit-dependencies -emit-module -emit-module-path /var/folders/fh/vt8wk6pn5dgd_tv982c123440000gp/T/picpac-snapshots-jy66w48o/build/Build/Intermediates.noindex/PicPacKit.build/Debug-iphonesimulator/PicPacPresentation.build/Objects-normal/x86_64/PicPacPresentation.swiftmodule -validate-clang-modules-once -clang-build-session-file /var/folders/fh/vt8wk6pn5dgd_tv982c123440000gp/T/picpac-snapshots-jy66w48o/build/ModuleCache.noindex/Session.modulevalidation -package-name picpackit -Xcc -I/var/folders/fh/vt8wk6pn5dgd_tv982c123440000gp/T/picpac-snapshots-jy66w48o/build/Build/Intermediates.noindex/PicPacKit.build/Debug-iphonesimulator/PicPacPresentation.build/swift-overrides.hmap -emit-const-values -Xfrontend -const-gather-protocols-file -Xfrontend /var/folders/fh/vt8wk6pn5dgd_tv982c123440000gp/T/picpac-snapshots-jy66w48o/build/Build/Intermediates.noindex/PicPacKit.build/Debug-iphonesimulator/PicPacPresentation.build/Objects-normal/x86_64/PicPacPresentation_const_extract_protocols.json -Xcc -I/var/folders/fh/vt8wk6pn5dgd_tv982c123440000gp/T/picpac-snapshots-jy66w48o/build/Build/Products/Debug-iphonesimulator/include -Xcc -I/var/folders/fh/vt8wk6pn5dgd_tv982c123440000gp/T/picpac-snapshots-jy66w48o/build/Build/Intermediates.noindex/PicPacKit.build/Debug-iphonesimulator/PicPacPresentation.build/DerivedSources-normal/x86_64 -Xcc -I/var/folders/fh/vt8wk6pn5dgd_tv982c123440000gp/T/picpac-snapshots-jy66w48o/build/Build/Intermediates.noindex/PicPacKit.build/Debug-iphonesimulator/PicPacPresentation.build/DerivedSources/x86_64 -Xcc -I/var/folders/fh/vt8wk6pn5dgd_tv982c123440000gp/T/picpac-snapshots-jy66w48o/build/Build/Intermediates.noindex/PicPacKit.build/Debug-iphonesimulator/PicPacPresentation.build/DerivedSources -Xcc -DSWIFT_PACKAGE -Xcc -DDEBUG\=1 -emit-objc-header -emit-objc-header-path /var/folders/fh/vt8wk6pn5dgd_tv982c123440000gp/T/picpac-snapshots-jy66w48o/build/Build/Intermediates.noindex/PicPacKit.build/Debug-iphonesimulator/PicPacPresentation.build/Objects-normal/x86_64/PicPacPresentation-Swift.h -working-directory /Users/bavabangaru/Developer/pic-pac-poe-ios-native-parity/ios/PicPacPoe.xcodeproj -experimental-emit-module-separately -disable-cmo

SwiftDriverJobDiscovery normal arm64 Emitting module for PicPacPresentation (in target 'PicPacPresentation' from project 'PicPacKit')

SwiftDriver\ Compilation\ Requirements PicPacPresentation normal arm64 com.apple.xcode.tools.swift.compiler (in target 'PicPacPresentation' from project 'PicPacKit')
    cd /Users/bavabangaru/Developer/pic-pac-poe-ios-native-parity/ios/PicPacPoe.xcodeproj
    builtin-Swift-Compilation-Requirements -- /Applications/Xcode.app/Contents/Developer/Toolchains/XcodeDefault.xctoolchain/usr/bin/swiftc -module-name PicPacPresentation -Onone @/var/folders/fh/vt8wk6pn5dgd_tv982c123440000gp/T/picpac-snapshots-jy66w48o/build/Build/Intermediates.noindex/PicPacKit.build/Debug-iphonesimulator/PicPacPresentation.build/Objects-normal/arm64/PicPacPresentation.SwiftFileList -DSWIFT_PACKAGE -DDEBUG -DSWIFT_MODULE_RESOURCE_BUNDLE_UNAVAILABLE -DXcode -plugin-path /Applications/Xcode.app/Contents/Developer/Toolchains/XcodeDefault.xctoolchain/usr/lib/swift/host/plugins/testing -enable-experimental-feature DebugDescriptionMacro -sdk /Applications/Xcode.app/Contents/Developer/Platforms/iPhoneSimulator.platform/Developer/SDKs/iPhoneSimulator26.5.sdk -target arm64-apple-ios17.0-simulator -g -module-cache-path /var/folders/fh/vt8wk6pn5dgd_tv982c123440000gp/T/picpac-snapshots-jy66w48o/build/ModuleCache.noindex -Xfrontend -serialize-debugging-options -profile-coverage-mapping -profile-generate -enable-testing -suppress-warnings -index-store-path /var/folders/fh/vt8wk6pn5dgd_tv982c123440000gp/T/picpac-snapshots-jy66w48o/build/Index.noindex/DataStore -Xcc -D_LIBCPP_HARDENING_MODE\=_LIBCPP_HARDENING_MODE_DEBUG -swift-version 6 -I /var/folders/fh/vt8wk6pn5dgd_tv982c123440000gp/T/picpac-snapshots-jy66w48o/build/Build/Products/Debug-iphonesimulator -Isystem /Applications/Xcode.app/Contents/Developer/Platforms/iPhoneSimulator.platform/Developer/usr/lib -F /var/folders/fh/vt8wk6pn5dgd_tv982c123440000gp/T/picpac-snapshots-jy66w48o/build/Build/Products/Debug-iphonesimulator/PackageFrameworks -F /var/folders/fh/vt8wk6pn5dgd_tv982c123440000gp/T/picpac-snapshots-jy66w48o/build/Build/Products/Debug-iphonesimulator -F /Applications/Xcode.app/Contents/Developer/Platforms/iPhoneSimulator.platform/Developer/Library/Frameworks -F /Applications/Xcode.app/Contents/Developer/Platforms/iPhoneSimulator.platform/Developer/SDKs/iPhoneSimulator26.5.sdk/Developer/Library/Frameworks -c -j12 -enable-batch-mode -incremental -Xcc -ivfsstatcache -Xcc /var/folders/fh/vt8wk6pn5dgd_tv982c123440000gp/T/picpac-snapshots-jy66w48o/build/SDKStatCaches.noindex/iphonesimulator26.5-23F81a-6cfe768891a92b912361537c460fe42b.sdkstatcache -output-file-map /var/folders/fh/vt8wk6pn5dgd_tv982c123440000gp/T/picpac-snapshots-jy66w48o/build/Build/Intermediates.noindex/PicPacKit.build/Debug-iphonesimulator/PicPacPresentation.build/Objects-normal/arm64/PicPacPresentation-OutputFileMap.json -use-frontend-parseable-output -save-temps -no-color-diagnostics -explicit-module-build -module-cache-path /var/folders/fh/vt8wk6pn5dgd_tv982c123440000gp/T/picpac-snapshots-jy66w48o/build/Build/Intermediates.noindex/SwiftExplicitPrecompiledModules -clang-scanner-module-cache-path /var/folders/fh/vt8wk6pn5dgd_tv982c123440000gp/T/picpac-snapshots-jy66w48o/build/ModuleCache.noindex -sdk-module-cache-path /var/folders/fh/vt8wk6pn5dgd_tv982c123440000gp/T/picpac-snapshots-jy66w48o/build/ModuleCache.noindex -serialize-diagnostics -emit-dependencies -emit-module -emit-module-path /var/folders/fh/vt8wk6pn5dgd_tv982c123440000gp/T/picpac-snapshots-jy66w48o/build/Build/Intermediates.noindex/PicPacKit.build/Debug-iphonesimulator/PicPacPresentation.build/Objects-normal/arm64/PicPacPresentation.swiftmodule -validate-clang-modules-once -clang-build-session-file /var/folders/fh/vt8wk6pn5dgd_tv982c123440000gp/T/picpac-snapshots-jy66w48o/build/ModuleCache.noindex/Session.modulevalidation -package-name picpackit -Xcc -I/var/folders/fh/vt8wk6pn5dgd_tv982c123440000gp/T/picpac-snapshots-jy66w48o/build/Build/Intermediates.noindex/PicPacKit.build/Debug-iphonesimulator/PicPacPresentation.build/swift-overrides.hmap -emit-const-values -Xfrontend -const-gather-protocols-file -Xfrontend /var/folders/fh/vt8wk6pn5dgd_tv982c123440000gp/T/picpac-snapshots-jy66w48o/build/Build/Intermediates.noindex/PicPacKit.build/Debug-iphonesimulator/PicPacPresentation.build/Objects-normal/arm64/PicPacPresentation_const_extract_protocols.json -Xcc -I/var/folders/fh/vt8wk6pn5dgd_tv982c123440000gp/T/picpac-snapshots-jy66w48o/build/Build/Products/Debug-iphonesimulator/include -Xcc -I/var/folders/fh/vt8wk6pn5dgd_tv982c123440000gp/T/picpac-snapshots-jy66w48o/build/Build/Intermediates.noindex/PicPacKit.build/Debug-iphonesimulator/PicPacPresentation.build/DerivedSources-normal/arm64 -Xcc -I/var/folders/fh/vt8wk6pn5dgd_tv982c123440000gp/T/picpac-snapshots-jy66w48o/build/Build/Intermediates.noindex/PicPacKit.build/Debug-iphonesimulator/PicPacPresentation.build/DerivedSources/arm64 -Xcc -I/var/folders/fh/vt8wk6pn5dgd_tv982c123440000gp/T/picpac-snapshots-jy66w48o/build/Build/Intermediates.noindex/PicPacKit.build/Debug-iphonesimulator/PicPacPresentation.build/DerivedSources -Xcc -DSWIFT_PACKAGE -Xcc -DDEBUG\=1 -emit-objc-header -emit-objc-header-path /var/folders/fh/vt8wk6pn5dgd_tv982c123440000gp/T/picpac-snapshots-jy66w48o/build/Build/Intermediates.noindex/PicPacKit.build/Debug-iphonesimulator/PicPacPresentation.build/Objects-normal/arm64/PicPacPresentation-Swift.h -working-directory /Users/bavabangaru/Developer/pic-pac-poe-ios-native-parity/ios/PicPacPoe.xcodeproj -experimental-emit-module-separately -disable-cmo

Copy /var/folders/fh/vt8wk6pn5dgd_tv982c123440000gp/T/picpac-snapshots-jy66w48o/build/Build/Products/Debug-iphonesimulator/PicPacPresentation.swiftmodule/x86_64-apple-ios-simulator.swiftmodule /var/folders/fh/vt8wk6pn5dgd_tv982c123440000gp/T/picpac-snapshots-jy66w48o/build/Build/Intermediates.noindex/PicPacKit.build/Debug-iphonesimulator/PicPacPresentation.build/Objects-normal/x86_64/PicPacPresentation.swiftmodule (in target 'PicPacPresentation' from project 'PicPacKit')
    cd /Users/bavabangaru/Developer/pic-pac-poe-ios-native-parity/ios/Packages/PicPacKit
    builtin-copy -exclude .DS_Store -exclude CVS -exclude .svn -exclude .git -exclude .hg -resolve-src-symlinks -rename /var/folders/fh/vt8wk6pn5dgd_tv982c123440000gp/T/picpac-snapshots-jy66w48o/build/Build/Intermediates.noindex/PicPacKit.build/Debug-iphonesimulator/PicPacPresentation.build/Objects-normal/x86_64/PicPacPresentation.swiftmodule /var/folders/fh/vt8wk6pn5dgd_tv982c123440000gp/T/picpac-snapshots-jy66w48o/build/Build/Products/Debug-iphonesimulator/PicPacPresentation.swiftmodule/x86_64-apple-ios-simulator.swiftmodule

SwiftMergeGeneratedHeaders /var/folders/fh/vt8wk6pn5dgd_tv982c123440000gp/T/picpac-snapshots-jy66w48o/build/Build/Intermediates.noindex/GeneratedModuleMaps-iphonesimulator/PicPacPresentation-Swift.h /var/folders/fh/vt8wk6pn5dgd_tv982c123440000gp/T/picpac-snapshots-jy66w48o/build/Build/Intermediates.noindex/PicPacKit.build/Debug-iphonesimulator/PicPacPresentation.build/Objects-normal/arm64/PicPacPresentation-Swift.h /var/folders/fh/vt8wk6pn5dgd_tv982c123440000gp/T/picpac-snapshots-jy66w48o/build/Build/Intermediates.noindex/PicPacKit.build/Debug-iphonesimulator/PicPacPresentation.build/Objects-normal/x86_64/PicPacPresentation-Swift.h (in target 'PicPacPresentation' from project 'PicPacKit')
    cd /Users/bavabangaru/Developer/pic-pac-poe-ios-native-parity/ios/Packages/PicPacKit
    builtin-swiftHeaderTool -arch arm64 /var/folders/fh/vt8wk6pn5dgd_tv982c123440000gp/T/picpac-snapshots-jy66w48o/build/Build/Intermediates.noindex/PicPacKit.build/Debug-iphonesimulator/PicPacPresentation.build/Objects-normal/arm64/PicPacPresentation-Swift.h -arch x86_64 /var/folders/fh/vt8wk6pn5dgd_tv982c123440000gp/T/picpac-snapshots-jy66w48o/build/Build/Intermediates.noindex/PicPacKit.build/Debug-iphonesimulator/PicPacPresentation.build/Objects-normal/x86_64/PicPacPresentation-Swift.h -o /var/folders/fh/vt8wk6pn5dgd_tv982c123440000gp/T/picpac-snapshots-jy66w48o/build/Build/Intermediates.noindex/GeneratedModuleMaps-iphonesimulator/PicPacPresentation-Swift.h

Copy /var/folders/fh/vt8wk6pn5dgd_tv982c123440000gp/T/picpac-snapshots-jy66w48o/build/Build/Products/Debug-iphonesimulator/PicPacPresentation.swiftmodule/x86_64-apple-ios-simulator.swiftdoc /var/folders/fh/vt8wk6pn5dgd_tv982c123440000gp/T/picpac-snapshots-jy66w48o/build/Build/Intermediates.noindex/PicPacKit.build/Debug-iphonesimulator/PicPacPresentation.build/Objects-normal/x86_64/PicPacPresentation.swiftdoc (in target 'PicPacPresentation' from project 'PicPacKit')
    cd /Users/bavabangaru/Developer/pic-pac-poe-ios-native-parity/ios/Packages/PicPacKit
    builtin-copy -exclude .DS_Store -exclude CVS -exclude .svn -exclude .git -exclude .hg -resolve-src-symlinks -rename /var/folders/fh/vt8wk6pn5dgd_tv982c123440000gp/T/picpac-snapshots-jy66w48o/build/Build/Intermediates.noindex/PicPacKit.build/Debug-iphonesimulator/PicPacPresentation.build/Objects-normal/x86_64/PicPacPresentation.swiftdoc /var/folders/fh/vt8wk6pn5dgd_tv982c123440000gp/T/picpac-snapshots-jy66w48o/build/Build/Products/Debug-iphonesimulator/PicPacPresentation.swiftmodule/x86_64-apple-ios-simulator.swiftdoc

Copy /var/folders/fh/vt8wk6pn5dgd_tv982c123440000gp/T/picpac-snapshots-jy66w48o/build/Build/Products/Debug-iphonesimulator/PicPacPresentation.swiftmodule/x86_64-apple-ios-simulator.abi.json /var/folders/fh/vt8wk6pn5dgd_tv982c123440000gp/T/picpac-snapshots-jy66w48o/build/Build/Intermediates.noindex/PicPacKit.build/Debug-iphonesimulator/PicPacPresentation.build/Objects-normal/x86_64/PicPacPresentation.abi.json (in target 'PicPacPresentation' from project 'PicPacKit')
    cd /Users/bavabangaru/Developer/pic-pac-poe-ios-native-parity/ios/Packages/PicPacKit
    builtin-copy -exclude .DS_Store -exclude CVS -exclude .svn -exclude .git -exclude .hg -resolve-src-symlinks -rename /var/folders/fh/vt8wk6pn5dgd_tv982c123440000gp/T/picpac-snapshots-jy66w48o/build/Build/Intermediates.noindex/PicPacKit.build/Debug-iphonesimulator/PicPacPresentation.build/Objects-normal/x86_64/PicPacPresentation.abi.json /var/folders/fh/vt8wk6pn5dgd_tv982c123440000gp/T/picpac-snapshots-jy66w48o/build/Build/Products/Debug-iphonesimulator/PicPacPresentation.swiftmodule/x86_64-apple-ios-simulator.abi.json

Copy /var/folders/fh/vt8wk6pn5dgd_tv982c123440000gp/T/picpac-snapshots-jy66w48o/build/Build/Products/Debug-iphonesimulator/PicPacPresentation.swiftmodule/arm64-apple-ios-simulator.swiftmodule /var/folders/fh/vt8wk6pn5dgd_tv982c123440000gp/T/picpac-snapshots-jy66w48o/build/Build/Intermediates.noindex/PicPacKit.build/Debug-iphonesimulator/PicPacPresentation.build/Objects-normal/arm64/PicPacPresentation.swiftmodule (in target 'PicPacPresentation' from project 'PicPacKit')
    cd /Users/bavabangaru/Developer/pic-pac-poe-ios-native-parity/ios/Packages/PicPacKit
    builtin-copy -exclude .DS_Store -exclude CVS -exclude .svn -exclude .git -exclude .hg -resolve-src-symlinks -rename /var/folders/fh/vt8wk6pn5dgd_tv982c123440000gp/T/picpac-snapshots-jy66w48o/build/Build/Intermediates.noindex/PicPacKit.build/Debug-iphonesimulator/PicPacPresentation.build/Objects-normal/arm64/PicPacPresentation.swiftmodule /var/folders/fh/vt8wk6pn5dgd_tv982c123440000gp/T/picpac-snapshots-jy66w48o/build/Build/Products/Debug-iphonesimulator/PicPacPresentation.swiftmodule/arm64-apple-ios-simulator.swiftmodule

Copy /var/folders/fh/vt8wk6pn5dgd_tv982c123440000gp/T/picpac-snapshots-jy66w48o/build/Build/Products/Debug-iphonesimulator/PicPacPresentation.swiftmodule/arm64-apple-ios-simulator.swiftdoc /var/folders/fh/vt8wk6pn5dgd_tv982c123440000gp/T/picpac-snapshots-jy66w48o/build/Build/Intermediates.noindex/PicPacKit.build/Debug-iphonesimulator/PicPacPresentation.build/Objects-normal/arm64/PicPacPresentation.swiftdoc (in target 'PicPacPresentation' from project 'PicPacKit')
    cd /Users/bavabangaru/Developer/pic-pac-poe-ios-native-parity/ios/Packages/PicPacKit
    builtin-copy -exclude .DS_Store -exclude CVS -exclude .svn -exclude .git -exclude .hg -resolve-src-symlinks -rename /var/folders/fh/vt8wk6pn5dgd_tv982c123440000gp/T/picpac-snapshots-jy66w48o/build/Build/Intermediates.noindex/PicPacKit.build/Debug-iphonesimulator/PicPacPresentation.build/Objects-normal/arm64/PicPacPresentation.swiftdoc /var/folders/fh/vt8wk6pn5dgd_tv982c123440000gp/T/picpac-snapshots-jy66w48o/build/Build/Products/Debug-iphonesimulator/PicPacPresentation.swiftmodule/arm64-apple-ios-simulator.swiftdoc

Copy /var/folders/fh/vt8wk6pn5dgd_tv982c123440000gp/T/picpac-snapshots-jy66w48o/build/Build/Products/Debug-iphonesimulator/PicPacPresentation.swiftmodule/arm64-apple-ios-simulator.abi.json /var/folders/fh/vt8wk6pn5dgd_tv982c123440000gp/T/picpac-snapshots-jy66w48o/build/Build/Intermediates.noindex/PicPacKit.build/Debug-iphonesimulator/PicPacPresentation.build/Objects-normal/arm64/PicPacPresentation.abi.json (in target 'PicPacPresentation' from project 'PicPacKit')
    cd /Users/bavabangaru/Developer/pic-pac-poe-ios-native-parity/ios/Packages/PicPacKit
    builtin-copy -exclude .DS_Store -exclude CVS -exclude .svn -exclude .git -exclude .hg -resolve-src-symlinks -rename /var/folders/fh/vt8wk6pn5dgd_tv982c123440000gp/T/picpac-snapshots-jy66w48o/build/Build/Intermediates.noindex/PicPacKit.build/Debug-iphonesimulator/PicPacPresentation.build/Objects-normal/arm64/PicPacPresentation.abi.json /var/folders/fh/vt8wk6pn5dgd_tv982c123440000gp/T/picpac-snapshots-jy66w48o/build/Build/Products/Debug-iphonesimulator/PicPacPresentation.swiftmodule/arm64-apple-ios-simulator.abi.json

SwiftDriverJobDiscovery normal x86_64 Emitting module for PicPacAI (in target 'PicPacAI' from project 'PicPacKit')

Copy /var/folders/fh/vt8wk6pn5dgd_tv982c123440000gp/T/picpac-snapshots-jy66w48o/build/Build/Products/Debug-iphonesimulator/PicPacPresentation.swiftmodule/Project/x86_64-apple-ios-simulator.swiftsourceinfo /var/folders/fh/vt8wk6pn5dgd_tv982c123440000gp/T/picpac-snapshots-jy66w48o/build/Build/Intermediates.noindex/PicPacKit.build/Debug-iphonesimulator/PicPacPresentation.build/Objects-normal/x86_64/PicPacPresentation.swiftsourceinfo (in target 'PicPacPresentation' from project 'PicPacKit')
    cd /Users/bavabangaru/Developer/pic-pac-poe-ios-native-parity/ios/Packages/PicPacKit
    builtin-copy -exclude .DS_Store -exclude CVS -exclude .svn -exclude .git -exclude .hg -resolve-src-symlinks -rename /var/folders/fh/vt8wk6pn5dgd_tv982c123440000gp/T/picpac-snapshots-jy66w48o/build/Build/Intermediates.noindex/PicPacKit.build/Debug-iphonesimulator/PicPacPresentation.build/Objects-normal/x86_64/PicPacPresentation.swiftsourceinfo /var/folders/fh/vt8wk6pn5dgd_tv982c123440000gp/T/picpac-snapshots-jy66w48o/build/Build/Products/Debug-iphonesimulator/PicPacPresentation.swiftmodule/Project/x86_64-apple-ios-simulator.swiftsourceinfo

Copy /var/folders/fh/vt8wk6pn5dgd_tv982c123440000gp/T/picpac-snapshots-jy66w48o/build/Build/Products/Debug-iphonesimulator/PicPacPresentation.swiftmodule/Project/arm64-apple-ios-simulator.swiftsourceinfo /var/folders/fh/vt8wk6pn5dgd_tv982c123440000gp/T/picpac-snapshots-jy66w48o/build/Build/Intermediates.noindex/PicPacKit.build/Debug-iphonesimulator/PicPacPresentation.build/Objects-normal/arm64/PicPacPresentation.swiftsourceinfo (in target 'PicPacPresentation' from project 'PicPacKit')
    cd /Users/bavabangaru/Developer/pic-pac-poe-ios-native-parity/ios/Packages/PicPacKit
    builtin-copy -exclude .DS_Store -exclude CVS -exclude .svn -exclude .git -exclude .hg -resolve-src-symlinks -rename /var/folders/fh/vt8wk6pn5dgd_tv982c123440000gp/T/picpac-snapshots-jy66w48o/build/Build/Intermediates.noindex/PicPacKit.build/Debug-iphonesimulator/PicPacPresentation.build/Objects-normal/arm64/PicPacPresentation.swiftsourceinfo /var/folders/fh/vt8wk6pn5dgd_tv982c123440000gp/T/picpac-snapshots-jy66w48o/build/Build/Products/Debug-iphonesimulator/PicPacPresentation.swiftmodule/Project/arm64-apple-ios-simulator.swiftsourceinfo

SwiftDriver\ Compilation\ Requirements PicPacAI normal x86_64 com.apple.xcode.tools.swift.compiler (in target 'PicPacAI' from project 'PicPacKit')
    cd /Users/bavabangaru/Developer/pic-pac-poe-ios-native-parity/ios/PicPacPoe.xcodeproj
    builtin-Swift-Compilation-Requirements -- /Applications/Xcode.app/Contents/Developer/Toolchains/XcodeDefault.xctoolchain/usr/bin/swiftc -module-name PicPacAI -Onone @/var/folders/fh/vt8wk6pn5dgd_tv982c123440000gp/T/picpac-snapshots-jy66w48o/build/Build/Intermediates.noindex/PicPacKit.build/Debug-iphonesimulator/PicPacAI.build/Objects-normal/x86_64/PicPacAI.SwiftFileList -DSWIFT_PACKAGE -DDEBUG -DSWIFT_MODULE_RESOURCE_BUNDLE_AVAILABLE -DXcode -plugin-path /Applications/Xcode.app/Contents/Developer/Toolchains/XcodeDefault.xctoolchain/usr/lib/swift/host/plugins/testing -enable-experimental-feature DebugDescriptionMacro -sdk /Applications/Xcode.app/Contents/Developer/Platforms/iPhoneSimulator.platform/Developer/SDKs/iPhoneSimulator26.5.sdk -target x86_64-apple-ios17.0-simulator -g -module-cache-path /var/folders/fh/vt8wk6pn5dgd_tv982c123440000gp/T/picpac-snapshots-jy66w48o/build/ModuleCache.noindex -Xfrontend -serialize-debugging-options -profile-coverage-mapping -profile-generate -enable-testing -suppress-warnings -index-store-path /var/folders/fh/vt8wk6pn5dgd_tv982c123440000gp/T/picpac-snapshots-jy66w48o/build/Index.noindex/DataStore -Xcc -D_LIBCPP_HARDENING_MODE\=_LIBCPP_HARDENING_MODE_DEBUG -swift-version 6 -I /var/folders/fh/vt8wk6pn5dgd_tv982c123440000gp/T/picpac-snapshots-jy66w48o/build/Build/Products/Debug-iphonesimulator -Isystem /Applications/Xcode.app/Contents/Developer/Platforms/iPhoneSimulator.platform/Developer/usr/lib -F /var/folders/fh/vt8wk6pn5dgd_tv982c123440000gp/T/picpac-snapshots-jy66w48o/build/Build/Products/Debug-iphonesimulator/PackageFrameworks -F /var/folders/fh/vt8wk6pn5dgd_tv982c123440000gp/T/picpac-snapshots-jy66w48o/build/Build/Products/Debug-iphonesimulator -F /Applications/Xcode.app/Contents/Developer/Platforms/iPhoneSimulator.platform/Developer/Library/Frameworks -F /Applications/Xcode.app/Contents/Developer/Platforms/iPhoneSimulator.platform/Developer/SDKs/iPhoneSimulator26.5.sdk/Developer/Library/Frameworks -c -j12 -enable-batch-mode -incremental -Xcc -ivfsstatcache -Xcc /var/folders/fh/vt8wk6pn5dgd_tv982c123440000gp/T/picpac-snapshots-jy66w48o/build/SDKStatCaches.noindex/iphonesimulator26.5-23F81a-6cfe768891a92b912361537c460fe42b.sdkstatcache -output-file-map /var/folders/fh/vt8wk6pn5dgd_tv982c123440000gp/T/picpac-snapshots-jy66w48o/build/Build/Intermediates.noindex/PicPacKit.build/Debug-iphonesimulator/PicPacAI.build/Objects-normal/x86_64/PicPacAI-OutputFileMap.json -use-frontend-parseable-output -save-temps -no-color-diagnostics -explicit-module-build -module-cache-path /var/folders/fh/vt8wk6pn5dgd_tv982c123440000gp/T/picpac-snapshots-jy66w48o/build/Build/Intermediates.noindex/SwiftExplicitPrecompiledModules -clang-scanner-module-cache-path /var/folders/fh/vt8wk6pn5dgd_tv982c123440000gp/T/picpac-snapshots-jy66w48o/build/ModuleCache.noindex -sdk-module-cache-path /var/folders/fh/vt8wk6pn5dgd_tv982c123440000gp/T/picpac-snapshots-jy66w48o/build/ModuleCache.noindex -serialize-diagnostics -emit-dependencies -emit-module -emit-module-path /var/folders/fh/vt8wk6pn5dgd_tv982c123440000gp/T/picpac-snapshots-jy66w48o/build/Build/Intermediates.noindex/PicPacKit.build/Debug-iphonesimulator/PicPacAI.build/Objects-normal/x86_64/PicPacAI.swiftmodule -validate-clang-modules-once -clang-build-session-file /var/folders/fh/vt8wk6pn5dgd_tv982c123440000gp/T/picpac-snapshots-jy66w48o/build/ModuleCache.noindex/Session.modulevalidation -package-name picpackit -Xcc -I/var/folders/fh/vt8wk6pn5dgd_tv982c123440000gp/T/picpac-snapshots-jy66w48o/build/Build/Intermediates.noindex/PicPacKit.build/Debug-iphonesimulator/PicPacAI.build/swift-overrides.hmap -emit-const-values -Xfrontend -const-gather-protocols-file -Xfrontend /var/folders/fh/vt8wk6pn5dgd_tv982c123440000gp/T/picpac-snapshots-jy66w48o/build/Build/Intermediates.noindex/PicPacKit.build/Debug-iphonesimulator/PicPacAI.build/Objects-normal/x86_64/PicPacAI_const_extract_protocols.json -Xcc -I/var/folders/fh/vt8wk6pn5dgd_tv982c123440000gp/T/picpac-snapshots-jy66w48o/build/Build/Products/Debug-iphonesimulator/include -Xcc -I/var/folders/fh/vt8wk6pn5dgd_tv982c123440000gp/T/picpac-snapshots-jy66w48o/build/Build/Intermediates.noindex/PicPacKit.build/Debug-iphonesimulator/PicPacAI.build/DerivedSources-normal/x86_64 -Xcc -I/var/folders/fh/vt8wk6pn5dgd_tv982c123440000gp/T/picpac-snapshots-jy66w48o/build/Build/Intermediates.noindex/PicPacKit.build/Debug-iphonesimulator/PicPacAI.build/DerivedSources/x86_64 -Xcc -I/var/folders/fh/vt8wk6pn5dgd_tv982c123440000gp/T/picpac-snapshots-jy66w48o/build/Build/Intermediates.noindex/PicPacKit.build/Debug-iphonesimulator/PicPacAI.build/DerivedSources -Xcc -DSWIFT_PACKAGE -Xcc -DDEBUG\=1 -emit-objc-header -emit-objc-header-path /var/folders/fh/vt8wk6pn5dgd_tv982c123440000gp/T/picpac-snapshots-jy66w48o/build/Build/Intermediates.noindex/PicPacKit.build/Debug-iphonesimulator/PicPacAI.build/Objects-normal/x86_64/PicPacAI-Swift.h -working-directory /Users/bavabangaru/Developer/pic-pac-poe-ios-native-parity/ios/PicPacPoe.xcodeproj -experimental-emit-module-separately -disable-cmo

SwiftEmitModule normal arm64 Emitting\ module\ for\ PicPacAI (in target 'PicPacAI' from project 'PicPacKit')

EmitSwiftModule normal arm64 (in target 'PicPacAI' from project 'PicPacKit')
    cd /Users/bavabangaru/Developer/pic-pac-poe-ios-native-parity/ios/PicPacPoe.xcodeproj
    

SwiftCompile normal arm64 Compiling\ PresentationModels.swift /Users/bavabangaru/Developer/pic-pac-poe-ios-native-parity/ios/Packages/PicPacKit/Sources/PicPacPresentation/PresentationModels.swift (in target 'PicPacPresentation' from project 'PicPacKit')

SwiftCompile normal arm64 /Users/bavabangaru/Developer/pic-pac-poe-ios-native-parity/ios/Packages/PicPacKit/Sources/PicPacPresentation/PresentationModels.swift (in target 'PicPacPresentation' from project 'PicPacKit')
    cd /Users/bavabangaru/Developer/pic-pac-poe-ios-native-parity/ios/PicPacPoe.xcodeproj
    

SwiftDriverJobDiscovery normal x86_64 Compiling RestorationValidation.swift (in target 'PicPacPresentation' from project 'PicPacKit')

Copy /var/folders/fh/vt8wk6pn5dgd_tv982c123440000gp/T/picpac-snapshots-jy66w48o/build/Build/Products/Debug-iphonesimulator/PicPacAI.swiftmodule/x86_64-apple-ios-simulator.swiftmodule /var/folders/fh/vt8wk6pn5dgd_tv982c123440000gp/T/picpac-snapshots-jy66w48o/build/Build/Intermediates.noindex/PicPacKit.build/Debug-iphonesimulator/PicPacAI.build/Objects-normal/x86_64/PicPacAI.swiftmodule (in target 'PicPacAI' from project 'PicPacKit')
    cd /Users/bavabangaru/Developer/pic-pac-poe-ios-native-parity/ios/Packages/PicPacKit
    builtin-copy -exclude .DS_Store -exclude CVS -exclude .svn -exclude .git -exclude .hg -resolve-src-symlinks -rename /var/folders/fh/vt8wk6pn5dgd_tv982c123440000gp/T/picpac-snapshots-jy66w48o/build/Build/Intermediates.noindex/PicPacKit.build/Debug-iphonesimulator/PicPacAI.build/Objects-normal/x86_64/PicPacAI.swiftmodule /var/folders/fh/vt8wk6pn5dgd_tv982c123440000gp/T/picpac-snapshots-jy66w48o/build/Build/Products/Debug-iphonesimulator/PicPacAI.swiftmodule/x86_64-apple-ios-simulator.swiftmodule

Copy /var/folders/fh/vt8wk6pn5dgd_tv982c123440000gp/T/picpac-snapshots-jy66w48o/build/Build/Products/Debug-iphonesimulator/PicPacAI.swiftmodule/x86_64-apple-ios-simulator.swiftdoc /var/folders/fh/vt8wk6pn5dgd_tv982c123440000gp/T/picpac-snapshots-jy66w48o/build/Build/Intermediates.noindex/PicPacKit.build/Debug-iphonesimulator/PicPacAI.build/Objects-normal/x86_64/PicPacAI.swiftdoc (in target 'PicPacAI' from project 'PicPacKit')
    cd /Users/bavabangaru/Developer/pic-pac-poe-ios-native-parity/ios/Packages/PicPacKit
    builtin-copy -exclude .DS_Store -exclude CVS -exclude .svn -exclude .git -exclude .hg -resolve-src-symlinks -rename /var/folders/fh/vt8wk6pn5dgd_tv982c123440000gp/T/picpac-snapshots-jy66w48o/build/Build/Intermediates.noindex/PicPacKit.build/Debug-iphonesimulator/PicPacAI.build/Objects-normal/x86_64/PicPacAI.swiftdoc /var/folders/fh/vt8wk6pn5dgd_tv982c123440000gp/T/picpac-snapshots-jy66w48o/build/Build/Products/Debug-iphonesimulator/PicPacAI.swiftmodule/x86_64-apple-ios-simulator.swiftdoc

SwiftDriverJobDiscovery normal x86_64 Compiling AiObservation.swift (in target 'PicPacCore' from project 'PicPacKit')

Copy /var/folders/fh/vt8wk6pn5dgd_tv982c123440000gp/T/picpac-snapshots-jy66w48o/build/Build/Products/Debug-iphonesimulator/PicPacAI.swiftmodule/x86_64-apple-ios-simulator.abi.json /var/folders/fh/vt8wk6pn5dgd_tv982c123440000gp/T/picpac-snapshots-jy66w48o/build/Build/Intermediates.noindex/PicPacKit.build/Debug-iphonesimulator/PicPacAI.build/Objects-normal/x86_64/PicPacAI.abi.json (in target 'PicPacAI' from project 'PicPacKit')
    cd /Users/bavabangaru/Developer/pic-pac-poe-ios-native-parity/ios/Packages/PicPacKit
    builtin-copy -exclude .DS_Store -exclude CVS -exclude .svn -exclude .git -exclude .hg -resolve-src-symlinks -rename /var/folders/fh/vt8wk6pn5dgd_tv982c123440000gp/T/picpac-snapshots-jy66w48o/build/Build/Intermediates.noindex/PicPacKit.build/Debug-iphonesimulator/PicPacAI.build/Objects-normal/x86_64/PicPacAI.abi.json /var/folders/fh/vt8wk6pn5dgd_tv982c123440000gp/T/picpac-snapshots-jy66w48o/build/Build/Products/Debug-iphonesimulator/PicPacAI.swiftmodule/x86_64-apple-ios-simulator.abi.json

Copy /var/folders/fh/vt8wk6pn5dgd_tv982c123440000gp/T/picpac-snapshots-jy66w48o/build/Build/Products/Debug-iphonesimulator/PicPacAI.swiftmodule/Project/x86_64-apple-ios-simulator.swiftsourceinfo /var/folders/fh/vt8wk6pn5dgd_tv982c123440000gp/T/picpac-snapshots-jy66w48o/build/Build/Intermediates.noindex/PicPacKit.build/Debug-iphonesimulator/PicPacAI.build/Objects-normal/x86_64/PicPacAI.swiftsourceinfo (in target 'PicPacAI' from project 'PicPacKit')
    cd /Users/bavabangaru/Developer/pic-pac-poe-ios-native-parity/ios/Packages/PicPacKit
    builtin-copy -exclude .DS_Store -exclude CVS -exclude .svn -exclude .git -exclude .hg -resolve-src-symlinks -rename /var/folders/fh/vt8wk6pn5dgd_tv982c123440000gp/T/picpac-snapshots-jy66w48o/build/Build/Intermediates.noindex/PicPacKit.build/Debug-iphonesimulator/PicPacAI.build/Objects-normal/x86_64/PicPacAI.swiftsourceinfo /var/folders/fh/vt8wk6pn5dgd_tv982c123440000gp/T/picpac-snapshots-jy66w48o/build/Build/Products/Debug-iphonesimulator/PicPacAI.swiftmodule/Project/x86_64-apple-ios-simulator.swiftsourceinfo

SwiftCompile normal arm64 Compiling\ PresentationDependencies.swift /Users/bavabangaru/Developer/pic-pac-poe-ios-native-parity/ios/Packages/PicPacKit/Sources/PicPacPresentation/PresentationDependencies.swift (in target 'PicPacPresentation' from project 'PicPacKit')

SwiftCompile normal arm64 /Users/bavabangaru/Developer/pic-pac-poe-ios-native-parity/ios/Packages/PicPacKit/Sources/PicPacPresentation/PresentationDependencies.swift (in target 'PicPacPresentation' from project 'PicPacKit')
    cd /Users/bavabangaru/Developer/pic-pac-poe-ios-native-parity/ios/PicPacPoe.xcodeproj
    

SwiftCompile normal arm64 Compiling\ RestorationValidation.swift /Users/bavabangaru/Developer/pic-pac-poe-ios-native-parity/ios/Packages/PicPacKit/Sources/PicPacPresentation/RestorationValidation.swift (in target 'PicPacPresentation' from project 'PicPacKit')

SwiftCompile normal arm64 /Users/bavabangaru/Developer/pic-pac-poe-ios-native-parity/ios/Packages/PicPacKit/Sources/PicPacPresentation/RestorationValidation.swift (in target 'PicPacPresentation' from project 'PicPacKit')
    cd /Users/bavabangaru/Developer/pic-pac-poe-ios-native-parity/ios/PicPacPoe.xcodeproj
    

SwiftCompile normal x86_64 Compiling\ PresentationModels.swift /Users/bavabangaru/Developer/pic-pac-poe-ios-native-parity/ios/Packages/PicPacKit/Sources/PicPacPresentation/PresentationModels.swift (in target 'PicPacPresentation' from project 'PicPacKit')

SwiftCompile normal x86_64 /Users/bavabangaru/Developer/pic-pac-poe-ios-native-parity/ios/Packages/PicPacKit/Sources/PicPacPresentation/PresentationModels.swift (in target 'PicPacPresentation' from project 'PicPacKit')
    cd /Users/bavabangaru/Developer/pic-pac-poe-ios-native-parity/ios/PicPacPoe.xcodeproj
    

SwiftDriverJobDiscovery normal arm64 Compiling AiObservation.swift (in target 'PicPacCore' from project 'PicPacKit')

SwiftDriverJobDiscovery normal arm64 Compiling Model.swift (in target 'PicPacCore' from project 'PicPacKit')

SwiftCompile normal x86_64 Compiling\ FastAgents.swift /Users/bavabangaru/Developer/pic-pac-poe-ios-native-parity/ios/Packages/PicPacKit/Sources/PicPacAI/FastAgents.swift (in target 'PicPacAI' from project 'PicPacKit')

SwiftCompile normal x86_64 /Users/bavabangaru/Developer/pic-pac-poe-ios-native-parity/ios/Packages/PicPacKit/Sources/PicPacAI/FastAgents.swift (in target 'PicPacAI' from project 'PicPacKit')
    cd /Users/bavabangaru/Developer/pic-pac-poe-ios-native-parity/ios/PicPacPoe.xcodeproj
    

SwiftDriverJobDiscovery normal x86_64 Compiling Model.swift (in target 'PicPacCore' from project 'PicPacKit')

SwiftCompile normal arm64 Compiling\ PositionEvaluator.swift /Users/bavabangaru/Developer/pic-pac-poe-ios-native-parity/ios/Packages/PicPacKit/Sources/PicPacAI/PositionEvaluator.swift (in target 'PicPacAI' from project 'PicPacKit')

SwiftCompile normal arm64 /Users/bavabangaru/Developer/pic-pac-poe-ios-native-parity/ios/Packages/PicPacKit/Sources/PicPacAI/PositionEvaluator.swift (in target 'PicPacAI' from project 'PicPacKit')
    cd /Users/bavabangaru/Developer/pic-pac-poe-ios-native-parity/ios/PicPacPoe.xcodeproj
    

SwiftDriverJobDiscovery normal x86_64 Compiling PresentationDependencies.swift (in target 'PicPacPresentation' from project 'PicPacKit')

SwiftCompile normal arm64 Compiling\ SearchModel.swift /Users/bavabangaru/Developer/pic-pac-poe-ios-native-parity/ios/Packages/PicPacKit/Sources/PicPacAI/SearchModel.swift (in target 'PicPacAI' from project 'PicPacKit')

SwiftCompile normal arm64 /Users/bavabangaru/Developer/pic-pac-poe-ios-native-parity/ios/Packages/PicPacKit/Sources/PicPacAI/SearchModel.swift (in target 'PicPacAI' from project 'PicPacKit')
    cd /Users/bavabangaru/Developer/pic-pac-poe-ios-native-parity/ios/PicPacPoe.xcodeproj
    

SwiftCompile normal arm64 Compiling\ AIContracts.swift /Users/bavabangaru/Developer/pic-pac-poe-ios-native-parity/ios/Packages/PicPacKit/Sources/PicPacAI/AIContracts.swift (in target 'PicPacAI' from project 'PicPacKit')

SwiftCompile normal arm64 /Users/bavabangaru/Developer/pic-pac-poe-ios-native-parity/ios/Packages/PicPacKit/Sources/PicPacAI/AIContracts.swift (in target 'PicPacAI' from project 'PicPacKit')
    cd /Users/bavabangaru/Developer/pic-pac-poe-ios-native-parity/ios/PicPacPoe.xcodeproj
    

SwiftDriverJobDiscovery normal arm64 Compiling State.swift (in target 'PicPacCore' from project 'PicPacKit')

SwiftDriver\ Compilation PicPacCore normal arm64 com.apple.xcode.tools.swift.compiler (in target 'PicPacCore' from project 'PicPacKit')
    cd /Users/bavabangaru/Developer/pic-pac-poe-ios-native-parity/ios/PicPacPoe.xcodeproj
    builtin-Swift-Compilation -- /Applications/Xcode.app/Contents/Developer/Toolchains/XcodeDefault.xctoolchain/usr/bin/swiftc -module-name PicPacCore -Onone @/var/folders/fh/vt8wk6pn5dgd_tv982c123440000gp/T/picpac-snapshots-jy66w48o/build/Build/Intermediates.noindex/PicPacKit.build/Debug-iphonesimulator/PicPacCore.build/Objects-normal/arm64/PicPacCore.SwiftFileList -DSWIFT_PACKAGE -DDEBUG -DSWIFT_MODULE_RESOURCE_BUNDLE_UNAVAILABLE -DXcode -plugin-path /Applications/Xcode.app/Contents/Developer/Toolchains/XcodeDefault.xctoolchain/usr/lib/swift/host/plugins/testing -enable-experimental-feature DebugDescriptionMacro -sdk /Applications/Xcode.app/Contents/Developer/Platforms/iPhoneSimulator.platform/Developer/SDKs/iPhoneSimulator26.5.sdk -target arm64-apple-ios17.0-simulator -g -module-cache-path /var/folders/fh/vt8wk6pn5dgd_tv982c123440000gp/T/picpac-snapshots-jy66w48o/build/ModuleCache.noindex -Xfrontend -serialize-debugging-options -profile-coverage-mapping -profile-generate -enable-testing -suppress-warnings -index-store-path /var/folders/fh/vt8wk6pn5dgd_tv982c123440000gp/T/picpac-snapshots-jy66w48o/build/Index.noindex/DataStore -Xcc -D_LIBCPP_HARDENING_MODE\=_LIBCPP_HARDENING_MODE_DEBUG -swift-version 6 -I /var/folders/fh/vt8wk6pn5dgd_tv982c123440000gp/T/picpac-snapshots-jy66w48o/build/Build/Products/Debug-iphonesimulator -Isystem /Applications/Xcode.app/Contents/Developer/Platforms/iPhoneSimulator.platform/Developer/usr/lib -F /var/folders/fh/vt8wk6pn5dgd_tv982c123440000gp/T/picpac-snapshots-jy66w48o/build/Build/Products/Debug-iphonesimulator -F /Applications/Xcode.app/Contents/Developer/Platforms/iPhoneSimulator.platform/Developer/Library/Frameworks -F /Applications/Xcode.app/Contents/Developer/Platforms/iPhoneSimulator.platform/Developer/SDKs/iPhoneSimulator26.5.sdk/Developer/Library/Frameworks -c -j12 -enable-batch-mode -incremental -Xcc -ivfsstatcache -Xcc /var/folders/fh/vt8wk6pn5dgd_tv982c123440000gp/T/picpac-snapshots-jy66w48o/build/SDKStatCaches.noindex/iphonesimulator26.5-23F81a-6cfe768891a92b912361537c460fe42b.sdkstatcache -output-file-map /var/folders/fh/vt8wk6pn5dgd_tv982c123440000gp/T/picpac-snapshots-jy66w48o/build/Build/Intermediates.noindex/PicPacKit.build/Debug-iphonesimulator/PicPacCore.build/Objects-normal/arm64/PicPacCore-OutputFileMap.json -use-frontend-parseable-output -save-temps -no-color-diagnostics -explicit-module-build -module-cache-path /var/folders/fh/vt8wk6pn5dgd_tv982c123440000gp/T/picpac-snapshots-jy66w48o/build/Build/Intermediates.noindex/SwiftExplicitPrecompiledModules -clang-scanner-module-cache-path /var/folders/fh/vt8wk6pn5dgd_tv982c123440000gp/T/picpac-snapshots-jy66w48o/build/ModuleCache.noindex -sdk-module-cache-path /var/folders/fh/vt8wk6pn5dgd_tv982c123440000gp/T/picpac-snapshots-jy66w48o/build/ModuleCache.noindex -serialize-diagnostics -emit-dependencies -emit-module -emit-module-path /var/folders/fh/vt8wk6pn5dgd_tv982c123440000gp/T/picpac-snapshots-jy66w48o/build/Build/Intermediates.noindex/PicPacKit.build/Debug-iphonesimulator/PicPacCore.build/Objects-normal/arm64/PicPacCore.swiftmodule -validate-clang-modules-once -clang-build-session-file /var/folders/fh/vt8wk6pn5dgd_tv982c123440000gp/T/picpac-snapshots-jy66w48o/build/ModuleCache.noindex/Session.modulevalidation -package-name picpackit -Xcc -I/var/folders/fh/vt8wk6pn5dgd_tv982c123440000gp/T/picpac-snapshots-jy66w48o/build/Build/Intermediates.noindex/PicPacKit.build/Debug-iphonesimulator/PicPacCore.build/swift-overrides.hmap -emit-const-values -Xfrontend -const-gather-protocols-file -Xfrontend /var/folders/fh/vt8wk6pn5dgd_tv982c123440000gp/T/picpac-snapshots-jy66w48o/build/Build/Intermediates.noindex/PicPacKit.build/Debug-iphonesimulator/PicPacCore.build/Objects-normal/arm64/PicPacCore_const_extract_protocols.json -Xcc -I/var/folders/fh/vt8wk6pn5dgd_tv982c123440000gp/T/picpac-snapshots-jy66w48o/build/Build/Products/Debug-iphonesimulator/include -Xcc -I/var/folders/fh/vt8wk6pn5dgd_tv982c123440000gp/T/picpac-snapshots-jy66w48o/build/Build/Intermediates.noindex/PicPacKit.build/Debug-iphonesimulator/PicPacCore.build/DerivedSources-normal/arm64 -Xcc -I/var/folders/fh/vt8wk6pn5dgd_tv982c123440000gp/T/picpac-snapshots-jy66w48o/build/Build/Intermediates.noindex/PicPacKit.build/Debug-iphonesimulator/PicPacCore.build/DerivedSources/arm64 -Xcc -I/var/folders/fh/vt8wk6pn5dgd_tv982c123440000gp/T/picpac-snapshots-jy66w48o/build/Build/Intermediates.noindex/PicPacKit.build/Debug-iphonesimulator/PicPacCore.build/DerivedSources -Xcc -DSWIFT_PACKAGE -Xcc -DDEBUG\=1 -emit-objc-header -emit-objc-header-path /var/folders/fh/vt8wk6pn5dgd_tv982c123440000gp/T/picpac-snapshots-jy66w48o/build/Build/Intermediates.noindex/PicPacKit.build/Debug-iphonesimulator/PicPacCore.build/Objects-normal/arm64/PicPacCore-Swift.h -working-directory /Users/bavabangaru/Developer/pic-pac-poe-ios-native-parity/ios/PicPacPoe.xcodeproj -experimental-emit-module-separately -disable-cmo

SwiftDriverJobDiscovery normal arm64 Emitting module for PicPacAI (in target 'PicPacAI' from project 'PicPacKit')

SwiftDriver\ Compilation\ Requirements PicPacAI normal arm64 com.apple.xcode.tools.swift.compiler (in target 'PicPacAI' from project 'PicPacKit')
    cd /Users/bavabangaru/Developer/pic-pac-poe-ios-native-parity/ios/PicPacPoe.xcodeproj
    builtin-Swift-Compilation-Requirements -- /Applications/Xcode.app/Contents/Developer/Toolchains/XcodeDefault.xctoolchain/usr/bin/swiftc -module-name PicPacAI -Onone @/var/folders/fh/vt8wk6pn5dgd_tv982c123440000gp/T/picpac-snapshots-jy66w48o/build/Build/Intermediates.noindex/PicPacKit.build/Debug-iphonesimulator/PicPacAI.build/Objects-normal/arm64/PicPacAI.SwiftFileList -DSWIFT_PACKAGE -DDEBUG -DSWIFT_MODULE_RESOURCE_BUNDLE_AVAILABLE -DXcode -plugin-path /Applications/Xcode.app/Contents/Developer/Toolchains/XcodeDefault.xctoolchain/usr/lib/swift/host/plugins/testing -enable-experimental-feature DebugDescriptionMacro -sdk /Applications/Xcode.app/Contents/Developer/Platforms/iPhoneSimulator.platform/Developer/SDKs/iPhoneSimulator26.5.sdk -target arm64-apple-ios17.0-simulator -g -module-cache-path /var/folders/fh/vt8wk6pn5dgd_tv982c123440000gp/T/picpac-snapshots-jy66w48o/build/ModuleCache.noindex -Xfrontend -serialize-debugging-options -profile-coverage-mapping -profile-generate -enable-testing -suppress-warnings -index-store-path /var/folders/fh/vt8wk6pn5dgd_tv982c123440000gp/T/picpac-snapshots-jy66w48o/build/Index.noindex/DataStore -Xcc -D_LIBCPP_HARDENING_MODE\=_LIBCPP_HARDENING_MODE_DEBUG -swift-version 6 -I /var/folders/fh/vt8wk6pn5dgd_tv982c123440000gp/T/picpac-snapshots-jy66w48o/build/Build/Products/Debug-iphonesimulator -Isystem /Applications/Xcode.app/Contents/Developer/Platforms/iPhoneSimulator.platform/Developer/usr/lib -F /var/folders/fh/vt8wk6pn5dgd_tv982c123440000gp/T/picpac-snapshots-jy66w48o/build/Build/Products/Debug-iphonesimulator/PackageFrameworks -F /var/folders/fh/vt8wk6pn5dgd_tv982c123440000gp/T/picpac-snapshots-jy66w48o/build/Build/Products/Debug-iphonesimulator -F /Applications/Xcode.app/Contents/Developer/Platforms/iPhoneSimulator.platform/Developer/Library/Frameworks -F /Applications/Xcode.app/Contents/Developer/Platforms/iPhoneSimulator.platform/Developer/SDKs/iPhoneSimulator26.5.sdk/Developer/Library/Frameworks -c -j12 -enable-batch-mode -incremental -Xcc -ivfsstatcache -Xcc /var/folders/fh/vt8wk6pn5dgd_tv982c123440000gp/T/picpac-snapshots-jy66w48o/build/SDKStatCaches.noindex/iphonesimulator26.5-23F81a-6cfe768891a92b912361537c460fe42b.sdkstatcache -output-file-map /var/folders/fh/vt8wk6pn5dgd_tv982c123440000gp/T/picpac-snapshots-jy66w48o/build/Build/Intermediates.noindex/PicPacKit.build/Debug-iphonesimulator/PicPacAI.build/Objects-normal/arm64/PicPacAI-OutputFileMap.json -use-frontend-parseable-output -save-temps -no-color-diagnostics -explicit-module-build -module-cache-path /var/folders/fh/vt8wk6pn5dgd_tv982c123440000gp/T/picpac-snapshots-jy66w48o/build/Build/Intermediates.noindex/SwiftExplicitPrecompiledModules -clang-scanner-module-cache-path /var/folders/fh/vt8wk6pn5dgd_tv982c123440000gp/T/picpac-snapshots-jy66w48o/build/ModuleCache.noindex -sdk-module-cache-path /var/folders/fh/vt8wk6pn5dgd_tv982c123440000gp/T/picpac-snapshots-jy66w48o/build/ModuleCache.noindex -serialize-diagnostics -emit-dependencies -emit-module -emit-module-path /var/folders/fh/vt8wk6pn5dgd_tv982c123440000gp/T/picpac-snapshots-jy66w48o/build/Build/Intermediates.noindex/PicPacKit.build/Debug-iphonesimulator/PicPacAI.build/Objects-normal/arm64/PicPacAI.swiftmodule -validate-clang-modules-once -clang-build-session-file /var/folders/fh/vt8wk6pn5dgd_tv982c123440000gp/T/picpac-snapshots-jy66w48o/build/ModuleCache.noindex/Session.modulevalidation -package-name picpackit -Xcc -I/var/folders/fh/vt8wk6pn5dgd_tv982c123440000gp/T/picpac-snapshots-jy66w48o/build/Build/Intermediates.noindex/PicPacKit.build/Debug-iphonesimulator/PicPacAI.build/swift-overrides.hmap -emit-const-values -Xfrontend -const-gather-protocols-file -Xfrontend /var/folders/fh/vt8wk6pn5dgd_tv982c123440000gp/T/picpac-snapshots-jy66w48o/build/Build/Intermediates.noindex/PicPacKit.build/Debug-iphonesimulator/PicPacAI.build/Objects-normal/arm64/PicPacAI_const_extract_protocols.json -Xcc -I/var/folders/fh/vt8wk6pn5dgd_tv982c123440000gp/T/picpac-snapshots-jy66w48o/build/Build/Products/Debug-iphonesimulator/include -Xcc -I/var/folders/fh/vt8wk6pn5dgd_tv982c123440000gp/T/picpac-snapshots-jy66w48o/build/Build/Intermediates.noindex/PicPacKit.build/Debug-iphonesimulator/PicPacAI.build/DerivedSources-normal/arm64 -Xcc -I/var/folders/fh/vt8wk6pn5dgd_tv982c123440000gp/T/picpac-snapshots-jy66w48o/build/Build/Intermediates.noindex/PicPacKit.build/Debug-iphonesimulator/PicPacAI.build/DerivedSources/arm64 -Xcc -I/var/folders/fh/vt8wk6pn5dgd_tv982c123440000gp/T/picpac-snapshots-jy66w48o/build/Build/Intermediates.noindex/PicPacKit.build/Debug-iphonesimulator/PicPacAI.build/DerivedSources -Xcc -DSWIFT_PACKAGE -Xcc -DDEBUG\=1 -emit-objc-header -emit-objc-header-path /var/folders/fh/vt8wk6pn5dgd_tv982c123440000gp/T/picpac-snapshots-jy66w48o/build/Build/Intermediates.noindex/PicPacKit.build/Debug-iphonesimulator/PicPacAI.build/Objects-normal/arm64/PicPacAI-Swift.h -working-directory /Users/bavabangaru/Developer/pic-pac-poe-ios-native-parity/ios/PicPacPoe.xcodeproj -experimental-emit-module-separately -disable-cmo

Ld /var/folders/fh/vt8wk6pn5dgd_tv982c123440000gp/T/picpac-snapshots-jy66w48o/build/Build/Intermediates.noindex/PicPacKit.build/Debug-iphonesimulator/PicPacCore.build/Objects-normal/arm64/Binary/PicPacCore.o normal arm64 (in target 'PicPacCore' from project 'PicPacKit')
    cd /Users/bavabangaru/Developer/pic-pac-poe-ios-native-parity/ios/Packages/PicPacKit
    /Applications/Xcode.app/Contents/Developer/Toolchains/XcodeDefault.xctoolchain/usr/bin/clang -Xlinker -reproducible -target arm64-apple-ios17.0-simulator -r -isysroot /Applications/Xcode.app/Contents/Developer/Platforms/iPhoneSimulator.platform/Developer/SDKs/iPhoneSimulator26.5.sdk -O0 -w -F/var/folders/fh/vt8wk6pn5dgd_tv982c123440000gp/T/picpac-snapshots-jy66w48o/build/Build/Intermediates.noindex/EagerLinkingTBDs/Debug-iphonesimulator -F/var/folders/fh/vt8wk6pn5dgd_tv982c123440000gp/T/picpac-snapshots-jy66w48o/build/Build/Products/Debug-iphonesimulator -iframework /Applications/Xcode.app/Contents/Developer/Platforms/iPhoneSimulator.platform/Developer/Library/Frameworks -iframework /Applications/Xcode.app/Contents/Developer/Platforms/iPhoneSimulator.platform/Developer/SDKs/iPhoneSimulator26.5.sdk/Developer/Library/Frameworks -filelist /var/folders/fh/vt8wk6pn5dgd_tv982c123440000gp/T/picpac-snapshots-jy66w48o/build/Build/Intermediates.noindex/PicPacKit.build/Debug-iphonesimulator/PicPacCore.build/Objects-normal/arm64/PicPacCore.LinkFileList -nostdlib -Xlinker -object_path_lto -Xlinker /var/folders/fh/vt8wk6pn5dgd_tv982c123440000gp/T/picpac-snapshots-jy66w48o/build/Build/Intermediates.noindex/PicPacKit.build/Debug-iphonesimulator/PicPacCore.build/Objects-normal/arm64/PicPacCore_lto.o -Xlinker -no_deduplicate -Xlinker -objc_abi_version -Xlinker 2 -Xlinker -debug_variant -Xlinker -dependency_info -Xlinker /var/folders/fh/vt8wk6pn5dgd_tv982c123440000gp/T/picpac-snapshots-jy66w48o/build/Build/Intermediates.noindex/PicPacKit.build/Debug-iphonesimulator/PicPacCore.build/Objects-normal/arm64/PicPacCore_dependency_info.dat -fobjc-link-runtime -L/Applications/Xcode.app/Contents/Developer/Toolchains/XcodeDefault.xctoolchain/usr/lib/swift/iphonesimulator -L/usr/lib/swift -Xlinker -add_ast_path -Xlinker /var/folders/fh/vt8wk6pn5dgd_tv982c123440000gp/T/picpac-snapshots-jy66w48o/build/Build/Intermediates.noindex/PicPacKit.build/Debug-iphonesimulator/PicPacCore.build/Objects-normal/arm64/PicPacCore.swiftmodule @/var/folders/fh/vt8wk6pn5dgd_tv982c123440000gp/T/picpac-snapshots-jy66w48o/build/Build/Intermediates.noindex/PicPacKit.build/Debug-iphonesimulator/PicPacCore.build/Objects-normal/arm64/PicPacCore-linker-args.resp -o /var/folders/fh/vt8wk6pn5dgd_tv982c123440000gp/T/picpac-snapshots-jy66w48o/build/Build/Intermediates.noindex/PicPacKit.build/Debug-iphonesimulator/PicPacCore.build/Objects-normal/arm64/Binary/PicPacCore.o

SwiftMergeGeneratedHeaders /var/folders/fh/vt8wk6pn5dgd_tv982c123440000gp/T/picpac-snapshots-jy66w48o/build/Build/Intermediates.noindex/GeneratedModuleMaps-iphonesimulator/PicPacAI-Swift.h /var/folders/fh/vt8wk6pn5dgd_tv982c123440000gp/T/picpac-snapshots-jy66w48o/build/Build/Intermediates.noindex/PicPacKit.build/Debug-iphonesimulator/PicPacAI.build/Objects-normal/arm64/PicPacAI-Swift.h /var/folders/fh/vt8wk6pn5dgd_tv982c123440000gp/T/picpac-snapshots-jy66w48o/build/Build/Intermediates.noindex/PicPacKit.build/Debug-iphonesimulator/PicPacAI.build/Objects-normal/x86_64/PicPacAI-Swift.h (in target 'PicPacAI' from project 'PicPacKit')
    cd /Users/bavabangaru/Developer/pic-pac-poe-ios-native-parity/ios/Packages/PicPacKit
    builtin-swiftHeaderTool -arch arm64 /var/folders/fh/vt8wk6pn5dgd_tv982c123440000gp/T/picpac-snapshots-jy66w48o/build/Build/Intermediates.noindex/PicPacKit.build/Debug-iphonesimulator/PicPacAI.build/Objects-normal/arm64/PicPacAI-Swift.h -arch x86_64 /var/folders/fh/vt8wk6pn5dgd_tv982c123440000gp/T/picpac-snapshots-jy66w48o/build/Build/Intermediates.noindex/PicPacKit.build/Debug-iphonesimulator/PicPacAI.build/Objects-normal/x86_64/PicPacAI-Swift.h -o /var/folders/fh/vt8wk6pn5dgd_tv982c123440000gp/T/picpac-snapshots-jy66w48o/build/Build/Intermediates.noindex/GeneratedModuleMaps-iphonesimulator/PicPacAI-Swift.h

SwiftDriverJobDiscovery normal arm64 Compiling PositionEvaluator.swift (in target 'PicPacAI' from project 'PicPacKit')

Copy /var/folders/fh/vt8wk6pn5dgd_tv982c123440000gp/T/picpac-snapshots-jy66w48o/build/Build/Products/Debug-iphonesimulator/PicPacAI.swiftmodule/arm64-apple-ios-simulator.swiftmodule /var/folders/fh/vt8wk6pn5dgd_tv982c123440000gp/T/picpac-snapshots-jy66w48o/build/Build/Intermediates.noindex/PicPacKit.build/Debug-iphonesimulator/PicPacAI.build/Objects-normal/arm64/PicPacAI.swiftmodule (in target 'PicPacAI' from project 'PicPacKit')
    cd /Users/bavabangaru/Developer/pic-pac-poe-ios-native-parity/ios/Packages/PicPacKit
    builtin-copy -exclude .DS_Store -exclude CVS -exclude .svn -exclude .git -exclude .hg -resolve-src-symlinks -rename /var/folders/fh/vt8wk6pn5dgd_tv982c123440000gp/T/picpac-snapshots-jy66w48o/build/Build/Intermediates.noindex/PicPacKit.build/Debug-iphonesimulator/PicPacAI.build/Objects-normal/arm64/PicPacAI.swiftmodule /var/folders/fh/vt8wk6pn5dgd_tv982c123440000gp/T/picpac-snapshots-jy66w48o/build/Build/Products/Debug-iphonesimulator/PicPacAI.swiftmodule/arm64-apple-ios-simulator.swiftmodule

Copy /var/folders/fh/vt8wk6pn5dgd_tv982c123440000gp/T/picpac-snapshots-jy66w48o/build/Build/Products/Debug-iphonesimulator/PicPacAI.swiftmodule/arm64-apple-ios-simulator.swiftdoc /var/folders/fh/vt8wk6pn5dgd_tv982c123440000gp/T/picpac-snapshots-jy66w48o/build/Build/Intermediates.noindex/PicPacKit.build/Debug-iphonesimulator/PicPacAI.build/Objects-normal/arm64/PicPacAI.swiftdoc (in target 'PicPacAI' from project 'PicPacKit')
    cd /Users/bavabangaru/Developer/pic-pac-poe-ios-native-parity/ios/Packages/PicPacKit
    builtin-copy -exclude .DS_Store -exclude CVS -exclude .svn -exclude .git -exclude .hg -resolve-src-symlinks -rename /var/folders/fh/vt8wk6pn5dgd_tv982c123440000gp/T/picpac-snapshots-jy66w48o/build/Build/Intermediates.noindex/PicPacKit.build/Debug-iphonesimulator/PicPacAI.build/Objects-normal/arm64/PicPacAI.swiftdoc /var/folders/fh/vt8wk6pn5dgd_tv982c123440000gp/T/picpac-snapshots-jy66w48o/build/Build/Products/Debug-iphonesimulator/PicPacAI.swiftmodule/arm64-apple-ios-simulator.swiftdoc

Copy /var/folders/fh/vt8wk6pn5dgd_tv982c123440000gp/T/picpac-snapshots-jy66w48o/build/Build/Products/Debug-iphonesimulator/PicPacAI.swiftmodule/arm64-apple-ios-simulator.abi.json /var/folders/fh/vt8wk6pn5dgd_tv982c123440000gp/T/picpac-snapshots-jy66w48o/build/Build/Intermediates.noindex/PicPacKit.build/Debug-iphonesimulator/PicPacAI.build/Objects-normal/arm64/PicPacAI.abi.json (in target 'PicPacAI' from project 'PicPacKit')
    cd /Users/bavabangaru/Developer/pic-pac-poe-ios-native-parity/ios/Packages/PicPacKit
    builtin-copy -exclude .DS_Store -exclude CVS -exclude .svn -exclude .git -exclude .hg -resolve-src-symlinks -rename /var/folders/fh/vt8wk6pn5dgd_tv982c123440000gp/T/picpac-snapshots-jy66w48o/build/Build/Intermediates.noindex/PicPacKit.build/Debug-iphonesimulator/PicPacAI.build/Objects-normal/arm64/PicPacAI.abi.json /var/folders/fh/vt8wk6pn5dgd_tv982c123440000gp/T/picpac-snapshots-jy66w48o/build/Build/Products/Debug-iphonesimulator/PicPacAI.swiftmodule/arm64-apple-ios-simulator.abi.json

Copy /var/folders/fh/vt8wk6pn5dgd_tv982c123440000gp/T/picpac-snapshots-jy66w48o/build/Build/Products/Debug-iphonesimulator/PicPacAI.swiftmodule/Project/arm64-apple-ios-simulator.swiftsourceinfo /var/folders/fh/vt8wk6pn5dgd_tv982c123440000gp/T/picpac-snapshots-jy66w48o/build/Build/Intermediates.noindex/PicPacKit.build/Debug-iphonesimulator/PicPacAI.build/Objects-normal/arm64/PicPacAI.swiftsourceinfo (in target 'PicPacAI' from project 'PicPacKit')
    cd /Users/bavabangaru/Developer/pic-pac-poe-ios-native-parity/ios/Packages/PicPacKit
    builtin-copy -exclude .DS_Store -exclude CVS -exclude .svn -exclude .git -exclude .hg -resolve-src-symlinks -rename /var/folders/fh/vt8wk6pn5dgd_tv982c123440000gp/T/picpac-snapshots-jy66w48o/build/Build/Intermediates.noindex/PicPacKit.build/Debug-iphonesimulator/PicPacAI.build/Objects-normal/arm64/PicPacAI.swiftsourceinfo /var/folders/fh/vt8wk6pn5dgd_tv982c123440000gp/T/picpac-snapshots-jy66w48o/build/Build/Products/Debug-iphonesimulator/PicPacAI.swiftmodule/Project/arm64-apple-ios-simulator.swiftsourceinfo

SwiftCompile normal x86_64 Compiling\ ProductionAIEngine.swift /Users/bavabangaru/Developer/pic-pac-poe-ios-native-parity/ios/Packages/PicPacKit/Sources/PicPacAI/ProductionAIEngine.swift (in target 'PicPacAI' from project 'PicPacKit')

SwiftCompile normal x86_64 /Users/bavabangaru/Developer/pic-pac-poe-ios-native-parity/ios/Packages/PicPacKit/Sources/PicPacAI/ProductionAIEngine.swift (in target 'PicPacAI' from project 'PicPacKit')
    cd /Users/bavabangaru/Developer/pic-pac-poe-ios-native-parity/ios/PicPacPoe.xcodeproj
    

SwiftCompile normal x86_64 Compiling\ RandomSources.swift /Users/bavabangaru/Developer/pic-pac-poe-ios-native-parity/ios/Packages/PicPacKit/Sources/PicPacAI/RandomSources.swift (in target 'PicPacAI' from project 'PicPacKit')

SwiftCompile normal x86_64 /Users/bavabangaru/Developer/pic-pac-poe-ios-native-parity/ios/Packages/PicPacKit/Sources/PicPacAI/RandomSources.swift (in target 'PicPacAI' from project 'PicPacKit')
    cd /Users/bavabangaru/Developer/pic-pac-poe-ios-native-parity/ios/PicPacPoe.xcodeproj
    

SwiftDriverJobDiscovery normal arm64 Compiling SearchModel.swift (in target 'PicPacAI' from project 'PicPacKit')

SwiftCompile normal x86_64 Compiling\ StochasticMCTSAgent.swift /Users/bavabangaru/Developer/pic-pac-poe-ios-native-parity/ios/Packages/PicPacKit/Sources/PicPacAI/StochasticMCTSAgent.swift (in target 'PicPacAI' from project 'PicPacKit')

SwiftCompile normal x86_64 /Users/bavabangaru/Developer/pic-pac-poe-ios-native-parity/ios/Packages/PicPacKit/Sources/PicPacAI/StochasticMCTSAgent.swift (in target 'PicPacAI' from project 'PicPacKit')
    cd /Users/bavabangaru/Developer/pic-pac-poe-ios-native-parity/ios/PicPacPoe.xcodeproj
    

SwiftDriverJobDiscovery normal x86_64 Compiling FastAgents.swift (in target 'PicPacAI' from project 'PicPacKit')

SwiftCompile normal arm64 Compiling\ ExpectiminimaxAgent.swift /Users/bavabangaru/Developer/pic-pac-poe-ios-native-parity/ios/Packages/PicPacKit/Sources/PicPacAI/ExpectiminimaxAgent.swift (in target 'PicPacAI' from project 'PicPacKit')

SwiftCompile normal arm64 /Users/bavabangaru/Developer/pic-pac-poe-ios-native-parity/ios/Packages/PicPacKit/Sources/PicPacAI/ExpectiminimaxAgent.swift (in target 'PicPacAI' from project 'PicPacKit')
    cd /Users/bavabangaru/Developer/pic-pac-poe-ios-native-parity/ios/PicPacPoe.xcodeproj
    

SwiftCompile normal x86_64 Compiling\ TabularPolicy.swift /Users/bavabangaru/Developer/pic-pac-poe-ios-native-parity/ios/Packages/PicPacKit/Sources/PicPacAI/TabularPolicy.swift (in target 'PicPacAI' from project 'PicPacKit')
SwiftCompile normal x86_64 /Users/bavabangaru/Developer/pic-pac-poe-ios-native-parity/ios/Packages/PicPacKit/Sources/PicPacAI/TabularPolicy.swift (in target 'PicPacAI' from project 'PicPacKit')
    cd /Users/bavabangaru/Developer/pic-pac-poe-ios-native-parity/ios/PicPacPoe.xcodeproj
    

SwiftDriverJobDiscovery normal x86_64 Compiling State.swift (in target 'PicPacCore' from project 'PicPacKit')

SwiftDriver\ Compilation PicPacCore normal x86_64 com.apple.xcode.tools.swift.compiler (in target 'PicPacCore' from project 'PicPacKit')
    cd /Users/bavabangaru/Developer/pic-pac-poe-ios-native-parity/ios/PicPacPoe.xcodeproj
    builtin-Swift-Compilation -- /Applications/Xcode.app/Contents/Developer/Toolchains/XcodeDefault.xctoolchain/usr/bin/swiftc -module-name PicPacCore -Onone @/var/folders/fh/vt8wk6pn5dgd_tv982c123440000gp/T/picpac-snapshots-jy66w48o/build/Build/Intermediates.noindex/PicPacKit.build/Debug-iphonesimulator/PicPacCore.build/Objects-normal/x86_64/PicPacCore.SwiftFileList -DSWIFT_PACKAGE -DDEBUG -DSWIFT_MODULE_RESOURCE_BUNDLE_UNAVAILABLE -DXcode -plugin-path /Applications/Xcode.app/Contents/Developer/Toolchains/XcodeDefault.xctoolchain/usr/lib/swift/host/plugins/testing -enable-experimental-feature DebugDescriptionMacro -sdk /Applications/Xcode.app/Contents/Developer/Platforms/iPhoneSimulator.platform/Developer/SDKs/iPhoneSimulator26.5.sdk -target x86_64-apple-ios17.0-simulator -g -module-cache-path /var/folders/fh/vt8wk6pn5dgd_tv982c123440000gp/T/picpac-snapshots-jy66w48o/build/ModuleCache.noindex -Xfrontend -serialize-debugging-options -profile-coverage-mapping -profile-generate -enable-testing -suppress-warnings -index-store-path /var/folders/fh/vt8wk6pn5dgd_tv982c123440000gp/T/picpac-snapshots-jy66w48o/build/Index.noindex/DataStore -Xcc -D_LIBCPP_HARDENING_MODE\=_LIBCPP_HARDENING_MODE_DEBUG -swift-version 6 -I /var/folders/fh/vt8wk6pn5dgd_tv982c123440000gp/T/picpac-snapshots-jy66w48o/build/Build/Products/Debug-iphonesimulator -Isystem /Applications/Xcode.app/Contents/Developer/Platforms/iPhoneSimulator.platform/Developer/usr/lib -F /var/folders/fh/vt8wk6pn5dgd_tv982c123440000gp/T/picpac-snapshots-jy66w48o/build/Build/Products/Debug-iphonesimulator -F /Applications/Xcode.app/Contents/Developer/Platforms/iPhoneSimulator.platform/Developer/Library/Frameworks -F /Applications/Xcode.app/Contents/Developer/Platforms/iPhoneSimulator.platform/Developer/SDKs/iPhoneSimulator26.5.sdk/Developer/Library/Frameworks -c -j12 -enable-batch-mode -incremental -Xcc -ivfsstatcache -Xcc /var/folders/fh/vt8wk6pn5dgd_tv982c123440000gp/T/picpac-snapshots-jy66w48o/build/SDKStatCaches.noindex/iphonesimulator26.5-23F81a-6cfe768891a92b912361537c460fe42b.sdkstatcache -output-file-map /var/folders/fh/vt8wk6pn5dgd_tv982c123440000gp/T/picpac-snapshots-jy66w48o/build/Build/Intermediates.noindex/PicPacKit.build/Debug-iphonesimulator/PicPacCore.build/Objects-normal/x86_64/PicPacCore-OutputFileMap.json -use-frontend-parseable-output -save-temps -no-color-diagnostics -explicit-module-build -module-cache-path /var/folders/fh/vt8wk6pn5dgd_tv982c123440000gp/T/picpac-snapshots-jy66w48o/build/Build/Intermediates.noindex/SwiftExplicitPrecompiledModules -clang-scanner-module-cache-path /var/folders/fh/vt8wk6pn5dgd_tv982c123440000gp/T/picpac-snapshots-jy66w48o/build/ModuleCache.noindex -sdk-module-cache-path /var/folders/fh/vt8wk6pn5dgd_tv982c123440000gp/T/picpac-snapshots-jy66w48o/build/ModuleCache.noindex -serialize-diagnostics -emit-dependencies -emit-module -emit-module-path /var/folders/fh/vt8wk6pn5dgd_tv982c123440000gp/T/picpac-snapshots-jy66w48o/build/Build/Intermediates.noindex/PicPacKit.build/Debug-iphonesimulator/PicPacCore.build/Objects-normal/x86_64/PicPacCore.swiftmodule -validate-clang-modules-once -clang-build-session-file /var/folders/fh/vt8wk6pn5dgd_tv982c123440000gp/T/picpac-snapshots-jy66w48o/build/ModuleCache.noindex/Session.modulevalidation -package-name picpackit -Xcc -I/var/folders/fh/vt8wk6pn5dgd_tv982c123440000gp/T/picpac-snapshots-jy66w48o/build/Build/Intermediates.noindex/PicPacKit.build/Debug-iphonesimulator/PicPacCore.build/swift-overrides.hmap -emit-const-values -Xfrontend -const-gather-protocols-file -Xfrontend /var/folders/fh/vt8wk6pn5dgd_tv982c123440000gp/T/picpac-snapshots-jy66w48o/build/Build/Intermediates.noindex/PicPacKit.build/Debug-iphonesimulator/PicPacCore.build/Objects-normal/x86_64/PicPacCore_const_extract_protocols.json -Xcc -I/var/folders/fh/vt8wk6pn5dgd_tv982c123440000gp/T/picpac-snapshots-jy66w48o/build/Build/Products/Debug-iphonesimulator/include -Xcc -I/var/folders/fh/vt8wk6pn5dgd_tv982c123440000gp/T/picpac-snapshots-jy66w48o/build/Build/Intermediates.noindex/PicPacKit.build/Debug-iphonesimulator/PicPacCore.build/DerivedSources-normal/x86_64 -Xcc -I/var/folders/fh/vt8wk6pn5dgd_tv982c123440000gp/T/picpac-snapshots-jy66w48o/build/Build/Intermediates.noindex/PicPacKit.build/Debug-iphonesimulator/PicPacCore.build/DerivedSources/x86_64 -Xcc -I/var/folders/fh/vt8wk6pn5dgd_tv982c123440000gp/T/picpac-snapshots-jy66w48o/build/Build/Intermediates.noindex/PicPacKit.build/Debug-iphonesimulator/PicPacCore.build/DerivedSources -Xcc -DSWIFT_PACKAGE -Xcc -DDEBUG\=1 -emit-objc-header -emit-objc-header-path /var/folders/fh/vt8wk6pn5dgd_tv982c123440000gp/T/picpac-snapshots-jy66w48o/build/Build/Intermediates.noindex/PicPacKit.build/Debug-iphonesimulator/PicPacCore.build/Objects-normal/x86_64/PicPacCore-Swift.h -working-directory /Users/bavabangaru/Developer/pic-pac-poe-ios-native-parity/ios/PicPacPoe.xcodeproj -experimental-emit-module-separately -disable-cmo

SwiftDriverJobDiscovery normal arm64 Compiling RestorationValidation.swift (in target 'PicPacPresentation' from project 'PicPacKit')

SwiftCompile normal arm64 Compiling\ FastAgents.swift /Users/bavabangaru/Developer/pic-pac-poe-ios-native-parity/ios/Packages/PicPacKit/Sources/PicPacAI/FastAgents.swift (in target 'PicPacAI' from project 'PicPacKit')

SwiftCompile normal arm64 /Users/bavabangaru/Developer/pic-pac-poe-ios-native-parity/ios/Packages/PicPacKit/Sources/PicPacAI/FastAgents.swift (in target 'PicPacAI' from project 'PicPacKit')
    cd /Users/bavabangaru/Developer/pic-pac-poe-ios-native-parity/ios/PicPacPoe.xcodeproj
    

Ld /var/folders/fh/vt8wk6pn5dgd_tv982c123440000gp/T/picpac-snapshots-jy66w48o/build/Build/Intermediates.noindex/PicPacKit.build/Debug-iphonesimulator/PicPacCore.build/Objects-normal/x86_64/Binary/PicPacCore.o normal x86_64 (in target 'PicPacCore' from project 'PicPacKit')
    cd /Users/bavabangaru/Developer/pic-pac-poe-ios-native-parity/ios/Packages/PicPacKit
    /Applications/Xcode.app/Contents/Developer/Toolchains/XcodeDefault.xctoolchain/usr/bin/clang -Xlinker -reproducible -target x86_64-apple-ios17.0-simulator -r -isysroot /Applications/Xcode.app/Contents/Developer/Platforms/iPhoneSimulator.platform/Developer/SDKs/iPhoneSimulator26.5.sdk -O0 -w -F/var/folders/fh/vt8wk6pn5dgd_tv982c123440000gp/T/picpac-snapshots-jy66w48o/build/Build/Intermediates.noindex/EagerLinkingTBDs/Debug-iphonesimulator -F/var/folders/fh/vt8wk6pn5dgd_tv982c123440000gp/T/picpac-snapshots-jy66w48o/build/Build/Products/Debug-iphonesimulator -iframework /Applications/Xcode.app/Contents/Developer/Platforms/iPhoneSimulator.platform/Developer/Library/Frameworks -iframework /Applications/Xcode.app/Contents/Developer/Platforms/iPhoneSimulator.platform/Developer/SDKs/iPhoneSimulator26.5.sdk/Developer/Library/Frameworks -filelist /var/folders/fh/vt8wk6pn5dgd_tv982c123440000gp/T/picpac-snapshots-jy66w48o/build/Build/Intermediates.noindex/PicPacKit.build/Debug-iphonesimulator/PicPacCore.build/Objects-normal/x86_64/PicPacCore.LinkFileList -nostdlib -Xlinker -object_path_lto -Xlinker /var/folders/fh/vt8wk6pn5dgd_tv982c123440000gp/T/picpac-snapshots-jy66w48o/build/Build/Intermediates.noindex/PicPacKit.build/Debug-iphonesimulator/PicPacCore.build/Objects-normal/x86_64/PicPacCore_lto.o -Xlinker -no_deduplicate -Xlinker -objc_abi_version -Xlinker 2 -Xlinker -debug_variant -Xlinker -dependency_info -Xlinker /var/folders/fh/vt8wk6pn5dgd_tv982c123440000gp/T/picpac-snapshots-jy66w48o/build/Build/Intermediates.noindex/PicPacKit.build/Debug-iphonesimulator/PicPacCore.build/Objects-normal/x86_64/PicPacCore_dependency_info.dat -fobjc-link-runtime -L/Applications/Xcode.app/Contents/Developer/Toolchains/XcodeDefault.xctoolchain/usr/lib/swift/iphonesimulator -L/usr/lib/swift -Xlinker -add_ast_path -Xlinker /var/folders/fh/vt8wk6pn5dgd_tv982c123440000gp/T/picpac-snapshots-jy66w48o/build/Build/Intermediates.noindex/PicPacKit.build/Debug-iphonesimulator/PicPacCore.build/Objects-normal/x86_64/PicPacCore.swiftmodule @/var/folders/fh/vt8wk6pn5dgd_tv982c123440000gp/T/picpac-snapshots-jy66w48o/build/Build/Intermediates.noindex/PicPacKit.build/Debug-iphonesimulator/PicPacCore.build/Objects-normal/x86_64/PicPacCore-linker-args.resp -o /var/folders/fh/vt8wk6pn5dgd_tv982c123440000gp/T/picpac-snapshots-jy66w48o/build/Build/Intermediates.noindex/PicPacKit.build/Debug-iphonesimulator/PicPacCore.build/Objects-normal/x86_64/Binary/PicPacCore.o

SwiftDriverJobDiscovery normal arm64 Compiling AIContracts.swift (in target 'PicPacAI' from project 'PicPacKit')

CreateUniversalBinary /var/folders/fh/vt8wk6pn5dgd_tv982c123440000gp/T/picpac-snapshots-jy66w48o/build/Build/Products/Debug-iphonesimulator/PicPacCore.o normal arm64\ x86_64 (in target 'PicPacCore' from project 'PicPacKit')
    cd /Users/bavabangaru/Developer/pic-pac-poe-ios-native-parity/ios/Packages/PicPacKit
    /Applications/Xcode.app/Contents/Developer/Toolchains/XcodeDefault.xctoolchain/usr/bin/lipo -create /var/folders/fh/vt8wk6pn5dgd_tv982c123440000gp/T/picpac-snapshots-jy66w48o/build/Build/Intermediates.noindex/PicPacKit.build/Debug-iphonesimulator/PicPacCore.build/Objects-normal/arm64/Binary/PicPacCore.o /var/folders/fh/vt8wk6pn5dgd_tv982c123440000gp/T/picpac-snapshots-jy66w48o/build/Build/Intermediates.noindex/PicPacKit.build/Debug-iphonesimulator/PicPacCore.build/Objects-normal/x86_64/Binary/PicPacCore.o -output /var/folders/fh/vt8wk6pn5dgd_tv982c123440000gp/T/picpac-snapshots-jy66w48o/build/Build/Products/Debug-iphonesimulator/PicPacCore.o

SwiftCompile normal x86_64 Compiling\ ReferenceExpectiminimax.swift /Users/bavabangaru/Developer/pic-pac-poe-ios-native-parity/ios/Packages/PicPacKit/Sources/PicPacAI/ReferenceExpectiminimax.swift (in target 'PicPacAI' from project 'PicPacKit')

SwiftCompile normal x86_64 /Users/bavabangaru/Developer/pic-pac-poe-ios-native-parity/ios/Packages/PicPacKit/Sources/PicPacAI/ReferenceExpectiminimax.swift (in target 'PicPacAI' from project 'PicPacKit')
    cd /Users/bavabangaru/Developer/pic-pac-poe-ios-native-parity/ios/PicPacPoe.xcodeproj
    

SwiftCompile normal arm64 Compiling\ StochasticMCTSAgent.swift /Users/bavabangaru/Developer/pic-pac-poe-ios-native-parity/ios/Packages/PicPacKit/Sources/PicPacAI/StochasticMCTSAgent.swift (in target 'PicPacAI' from project 'PicPacKit')

SwiftCompile normal arm64 /Users/bavabangaru/Developer/pic-pac-poe-ios-native-parity/ios/Packages/PicPacKit/Sources/PicPacAI/StochasticMCTSAgent.swift (in target 'PicPacAI' from project 'PicPacKit')
    cd /Users/bavabangaru/Developer/pic-pac-poe-ios-native-parity/ios/PicPacPoe.xcodeproj
    

SwiftDriverJobDiscovery normal x86_64 Compiling ProductionAIEngine.swift (in target 'PicPacAI' from project 'PicPacKit')

SwiftCompile normal x86_64 Compiling\ ExpectiminimaxAgent.swift /Users/bavabangaru/Developer/pic-pac-poe-ios-native-parity/ios/Packages/PicPacKit/Sources/PicPacAI/ExpectiminimaxAgent.swift (in target 'PicPacAI' from project 'PicPacKit')

SwiftCompile normal x86_64 /Users/bavabangaru/Developer/pic-pac-poe-ios-native-parity/ios/Packages/PicPacKit/Sources/PicPacAI/ExpectiminimaxAgent.swift (in target 'PicPacAI' from project 'PicPacKit')
    cd /Users/bavabangaru/Developer/pic-pac-poe-ios-native-parity/ios/PicPacPoe.xcodeproj
    

SwiftDriverJobDiscovery normal arm64 Compiling PresentationDependencies.swift (in target 'PicPacPresentation' from project 'PicPacKit')

SwiftCompile normal arm64 Compiling\ TabularPolicy.swift /Users/bavabangaru/Developer/pic-pac-poe-ios-native-parity/ios/Packages/PicPacKit/Sources/PicPacAI/TabularPolicy.swift (in target 'PicPacAI' from project 'PicPacKit')
SwiftCompile normal arm64 /Users/bavabangaru/Developer/pic-pac-poe-ios-native-parity/ios/Packages/PicPacKit/Sources/PicPacAI/TabularPolicy.swift (in target 'PicPacAI' from project 'PicPacKit')
    cd /Users/bavabangaru/Developer/pic-pac-poe-ios-native-parity/ios/PicPacPoe.xcodeproj
    

SwiftDriverJobDiscovery normal x86_64 Compiling RandomSources.swift (in target 'PicPacAI' from project 'PicPacKit')

SwiftCompile normal arm64 Compiling\ ReferenceExpectiminimax.swift /Users/bavabangaru/Developer/pic-pac-poe-ios-native-parity/ios/Packages/PicPacKit/Sources/PicPacAI/ReferenceExpectiminimax.swift (in target 'PicPacAI' from project 'PicPacKit')

SwiftCompile normal arm64 /Users/bavabangaru/Developer/pic-pac-poe-ios-native-parity/ios/Packages/PicPacKit/Sources/PicPacAI/ReferenceExpectiminimax.swift (in target 'PicPacAI' from project 'PicPacKit')
    cd /Users/bavabangaru/Developer/pic-pac-poe-ios-native-parity/ios/PicPacPoe.xcodeproj
    

SwiftDriverJobDiscovery normal arm64 Compiling FastAgents.swift (in target 'PicPacAI' from project 'PicPacKit')

SwiftCompile normal arm64 Compiling\ ProductionAIEngine.swift /Users/bavabangaru/Developer/pic-pac-poe-ios-native-parity/ios/Packages/PicPacKit/Sources/PicPacAI/ProductionAIEngine.swift (in target 'PicPacAI' from project 'PicPacKit')

SwiftCompile normal arm64 /Users/bavabangaru/Developer/pic-pac-poe-ios-native-parity/ios/Packages/PicPacKit/Sources/PicPacAI/ProductionAIEngine.swift (in target 'PicPacAI' from project 'PicPacKit')
    cd /Users/bavabangaru/Developer/pic-pac-poe-ios-native-parity/ios/PicPacPoe.xcodeproj
    

SwiftDriverJobDiscovery normal x86_64 Compiling GameCoordinator.swift (in target 'PicPacPresentation' from project 'PicPacKit')

SwiftCompile normal x86_64 Compiling\ SearchModel.swift /Users/bavabangaru/Developer/pic-pac-poe-ios-native-parity/ios/Packages/PicPacKit/Sources/PicPacAI/SearchModel.swift (in target 'PicPacAI' from project 'PicPacKit')

SwiftCompile normal x86_64 /Users/bavabangaru/Developer/pic-pac-poe-ios-native-parity/ios/Packages/PicPacKit/Sources/PicPacAI/SearchModel.swift (in target 'PicPacAI' from project 'PicPacKit')
    cd /Users/bavabangaru/Developer/pic-pac-poe-ios-native-parity/ios/PicPacPoe.xcodeproj
    

SwiftDriverJobDiscovery normal x86_64 Compiling PresentationModels.swift (in target 'PicPacPresentation' from project 'PicPacKit')

SwiftDriver\ Compilation PicPacPresentation normal x86_64 com.apple.xcode.tools.swift.compiler (in target 'PicPacPresentation' from project 'PicPacKit')
    cd /Users/bavabangaru/Developer/pic-pac-poe-ios-native-parity/ios/PicPacPoe.xcodeproj
    builtin-Swift-Compilation -- /Applications/Xcode.app/Contents/Developer/Toolchains/XcodeDefault.xctoolchain/usr/bin/swiftc -module-name PicPacPresentation -Onone @/var/folders/fh/vt8wk6pn5dgd_tv982c123440000gp/T/picpac-snapshots-jy66w48o/build/Build/Intermediates.noindex/PicPacKit.build/Debug-iphonesimulator/PicPacPresentation.build/Objects-normal/x86_64/PicPacPresentation.SwiftFileList -DSWIFT_PACKAGE -DDEBUG -DSWIFT_MODULE_RESOURCE_BUNDLE_UNAVAILABLE -DXcode -plugin-path /Applications/Xcode.app/Contents/Developer/Toolchains/XcodeDefault.xctoolchain/usr/lib/swift/host/plugins/testing -enable-experimental-feature DebugDescriptionMacro -sdk /Applications/Xcode.app/Contents/Developer/Platforms/iPhoneSimulator.platform/Developer/SDKs/iPhoneSimulator26.5.sdk -target x86_64-apple-ios17.0-simulator -g -module-cache-path /var/folders/fh/vt8wk6pn5dgd_tv982c123440000gp/T/picpac-snapshots-jy66w48o/build/ModuleCache.noindex -Xfrontend -serialize-debugging-options -profile-coverage-mapping -profile-generate -enable-testing -suppress-warnings -index-store-path /var/folders/fh/vt8wk6pn5dgd_tv982c123440000gp/T/picpac-snapshots-jy66w48o/build/Index.noindex/DataStore -Xcc -D_LIBCPP_HARDENING_MODE\=_LIBCPP_HARDENING_MODE_DEBUG -swift-version 6 -I /var/folders/fh/vt8wk6pn5dgd_tv982c123440000gp/T/picpac-snapshots-jy66w48o/build/Build/Products/Debug-iphonesimulator -Isystem /Applications/Xcode.app/Contents/Developer/Platforms/iPhoneSimulator.platform/Developer/usr/lib -F /var/folders/fh/vt8wk6pn5dgd_tv982c123440000gp/T/picpac-snapshots-jy66w48o/build/Build/Products/Debug-iphonesimulator/PackageFrameworks -F /var/folders/fh/vt8wk6pn5dgd_tv982c123440000gp/T/picpac-snapshots-jy66w48o/build/Build/Products/Debug-iphonesimulator -F /Applications/Xcode.app/Contents/Developer/Platforms/iPhoneSimulator.platform/Developer/Library/Frameworks -F /Applications/Xcode.app/Contents/Developer/Platforms/iPhoneSimulator.platform/Developer/SDKs/iPhoneSimulator26.5.sdk/Developer/Library/Frameworks -c -j12 -enable-batch-mode -incremental -Xcc -ivfsstatcache -Xcc /var/folders/fh/vt8wk6pn5dgd_tv982c123440000gp/T/picpac-snapshots-jy66w48o/build/SDKStatCaches.noindex/iphonesimulator26.5-23F81a-6cfe768891a92b912361537c460fe42b.sdkstatcache -output-file-map /var/folders/fh/vt8wk6pn5dgd_tv982c123440000gp/T/picpac-snapshots-jy66w48o/build/Build/Intermediates.noindex/PicPacKit.build/Debug-iphonesimulator/PicPacPresentation.build/Objects-normal/x86_64/PicPacPresentation-OutputFileMap.json -use-frontend-parseable-output -save-temps -no-color-diagnostics -explicit-module-build -module-cache-path /var/folders/fh/vt8wk6pn5dgd_tv982c123440000gp/T/picpac-snapshots-jy66w48o/build/Build/Intermediates.noindex/SwiftExplicitPrecompiledModules -clang-scanner-module-cache-path /var/folders/fh/vt8wk6pn5dgd_tv982c123440000gp/T/picpac-snapshots-jy66w48o/build/ModuleCache.noindex -sdk-module-cache-path /var/folders/fh/vt8wk6pn5dgd_tv982c123440000gp/T/picpac-snapshots-jy66w48o/build/ModuleCache.noindex -serialize-diagnostics -emit-dependencies -emit-module -emit-module-path /var/folders/fh/vt8wk6pn5dgd_tv982c123440000gp/T/picpac-snapshots-jy66w48o/build/Build/Intermediates.noindex/PicPacKit.build/Debug-iphonesimulator/PicPacPresentation.build/Objects-normal/x86_64/PicPacPresentation.swiftmodule -validate-clang-modules-once -clang-build-session-file /var/folders/fh/vt8wk6pn5dgd_tv982c123440000gp/T/picpac-snapshots-jy66w48o/build/ModuleCache.noindex/Session.modulevalidation -package-name picpackit -Xcc -I/var/folders/fh/vt8wk6pn5dgd_tv982c123440000gp/T/picpac-snapshots-jy66w48o/build/Build/Intermediates.noindex/PicPacKit.build/Debug-iphonesimulator/PicPacPresentation.build/swift-overrides.hmap -emit-const-values -Xfrontend -const-gather-protocols-file -Xfrontend /var/folders/fh/vt8wk6pn5dgd_tv982c123440000gp/T/picpac-snapshots-jy66w48o/build/Build/Intermediates.noindex/PicPacKit.build/Debug-iphonesimulator/PicPacPresentation.build/Objects-normal/x86_64/PicPacPresentation_const_extract_protocols.json -Xcc -I/var/folders/fh/vt8wk6pn5dgd_tv982c123440000gp/T/picpac-snapshots-jy66w48o/build/Build/Products/Debug-iphonesimulator/include -Xcc -I/var/folders/fh/vt8wk6pn5dgd_tv982c123440000gp/T/picpac-snapshots-jy66w48o/build/Build/Intermediates.noindex/PicPacKit.build/Debug-iphonesimulator/PicPacPresentation.build/DerivedSources-normal/x86_64 -Xcc -I/var/folders/fh/vt8wk6pn5dgd_tv982c123440000gp/T/picpac-snapshots-jy66w48o/build/Build/Intermediates.noindex/PicPacKit.build/Debug-iphonesimulator/PicPacPresentation.build/DerivedSources/x86_64 -Xcc -I/var/folders/fh/vt8wk6pn5dgd_tv982c123440000gp/T/picpac-snapshots-jy66w48o/build/Build/Intermediates.noindex/PicPacKit.build/Debug-iphonesimulator/PicPacPresentation.build/DerivedSources -Xcc -DSWIFT_PACKAGE -Xcc -DDEBUG\=1 -emit-objc-header -emit-objc-header-path /var/folders/fh/vt8wk6pn5dgd_tv982c123440000gp/T/picpac-snapshots-jy66w48o/build/Build/Intermediates.noindex/PicPacKit.build/Debug-iphonesimulator/PicPacPresentation.build/Objects-normal/x86_64/PicPacPresentation-Swift.h -working-directory /Users/bavabangaru/Developer/pic-pac-poe-ios-native-parity/ios/PicPacPoe.xcodeproj -experimental-emit-module-separately -disable-cmo

SwiftDriverJobDiscovery normal arm64 Compiling PresentationModels.swift (in target 'PicPacPresentation' from project 'PicPacKit')

SwiftCompile normal x86_64 Compiling\ AIContracts.swift /Users/bavabangaru/Developer/pic-pac-poe-ios-native-parity/ios/Packages/PicPacKit/Sources/PicPacAI/AIContracts.swift (in target 'PicPacAI' from project 'PicPacKit')

SwiftCompile normal x86_64 /Users/bavabangaru/Developer/pic-pac-poe-ios-native-parity/ios/Packages/PicPacKit/Sources/PicPacAI/AIContracts.swift (in target 'PicPacAI' from project 'PicPacKit')
    cd /Users/bavabangaru/Developer/pic-pac-poe-ios-native-parity/ios/PicPacPoe.xcodeproj
    

SwiftCompile normal arm64 Compiling\ resource_bundle_accessor.swift /var/folders/fh/vt8wk6pn5dgd_tv982c123440000gp/T/picpac-snapshots-jy66w48o/build/Build/Intermediates.noindex/PicPacKit.build/Debug-iphonesimulator/PicPacAI.build/DerivedSources/resource_bundle_accessor.swift (in target 'PicPacAI' from project 'PicPacKit')

SwiftCompile normal arm64 /var/folders/fh/vt8wk6pn5dgd_tv982c123440000gp/T/picpac-snapshots-jy66w48o/build/Build/Intermediates.noindex/PicPacKit.build/Debug-iphonesimulator/PicPacAI.build/DerivedSources/resource_bundle_accessor.swift (in target 'PicPacAI' from project 'PicPacKit')
    cd /Users/bavabangaru/Developer/pic-pac-poe-ios-native-parity/ios/PicPacPoe.xcodeproj
    

SwiftDriverJobDiscovery normal x86_64 Compiling ReferenceExpectiminimax.swift (in target 'PicPacAI' from project 'PicPacKit')

SwiftCompile normal x86_64 Compiling\ PositionEvaluator.swift /Users/bavabangaru/Developer/pic-pac-poe-ios-native-parity/ios/Packages/PicPacKit/Sources/PicPacAI/PositionEvaluator.swift (in target 'PicPacAI' from project 'PicPacKit')

SwiftCompile normal x86_64 /Users/bavabangaru/Developer/pic-pac-poe-ios-native-parity/ios/Packages/PicPacKit/Sources/PicPacAI/PositionEvaluator.swift (in target 'PicPacAI' from project 'PicPacKit')
    cd /Users/bavabangaru/Developer/pic-pac-poe-ios-native-parity/ios/PicPacPoe.xcodeproj
    

SwiftDriverJobDiscovery normal x86_64 Compiling StochasticMCTSAgent.swift (in target 'PicPacAI' from project 'PicPacKit')

SwiftCompile normal x86_64 Compiling\ resource_bundle_accessor.swift /var/folders/fh/vt8wk6pn5dgd_tv982c123440000gp/T/picpac-snapshots-jy66w48o/build/Build/Intermediates.noindex/PicPacKit.build/Debug-iphonesimulator/PicPacAI.build/DerivedSources/resource_bundle_accessor.swift (in target 'PicPacAI' from project 'PicPacKit')

SwiftCompile normal x86_64 /var/folders/fh/vt8wk6pn5dgd_tv982c123440000gp/T/picpac-snapshots-jy66w48o/build/Build/Intermediates.noindex/PicPacKit.build/Debug-iphonesimulator/PicPacAI.build/DerivedSources/resource_bundle_accessor.swift (in target 'PicPacAI' from project 'PicPacKit')
    cd /Users/bavabangaru/Developer/pic-pac-poe-ios-native-parity/ios/PicPacPoe.xcodeproj
    

SwiftDriverJobDiscovery normal arm64 Compiling ExpectiminimaxAgent.swift (in target 'PicPacAI' from project 'PicPacKit')

SwiftCompile normal arm64 Compiling\ RandomSources.swift /Users/bavabangaru/Developer/pic-pac-poe-ios-native-parity/ios/Packages/PicPacKit/Sources/PicPacAI/RandomSources.swift (in target 'PicPacAI' from project 'PicPacKit')

SwiftCompile normal arm64 /Users/bavabangaru/Developer/pic-pac-poe-ios-native-parity/ios/Packages/PicPacKit/Sources/PicPacAI/RandomSources.swift (in target 'PicPacAI' from project 'PicPacKit')
    cd /Users/bavabangaru/Developer/pic-pac-poe-ios-native-parity/ios/PicPacPoe.xcodeproj
    

SwiftDriverJobDiscovery normal arm64 Compiling ProductionAIEngine.swift (in target 'PicPacAI' from project 'PicPacKit')

SwiftDriverJobDiscovery normal arm64 Compiling GameCoordinator.swift (in target 'PicPacPresentation' from project 'PicPacKit')

SwiftDriver\ Compilation PicPacPresentation normal arm64 com.apple.xcode.tools.swift.compiler (in target 'PicPacPresentation' from project 'PicPacKit')
    cd /Users/bavabangaru/Developer/pic-pac-poe-ios-native-parity/ios/PicPacPoe.xcodeproj
    builtin-Swift-Compilation -- /Applications/Xcode.app/Contents/Developer/Toolchains/XcodeDefault.xctoolchain/usr/bin/swiftc -module-name PicPacPresentation -Onone @/var/folders/fh/vt8wk6pn5dgd_tv982c123440000gp/T/picpac-snapshots-jy66w48o/build/Build/Intermediates.noindex/PicPacKit.build/Debug-iphonesimulator/PicPacPresentation.build/Objects-normal/arm64/PicPacPresentation.SwiftFileList -DSWIFT_PACKAGE -DDEBUG -DSWIFT_MODULE_RESOURCE_BUNDLE_UNAVAILABLE -DXcode -plugin-path /Applications/Xcode.app/Contents/Developer/Toolchains/XcodeDefault.xctoolchain/usr/lib/swift/host/plugins/testing -enable-experimental-feature DebugDescriptionMacro -sdk /Applications/Xcode.app/Contents/Developer/Platforms/iPhoneSimulator.platform/Developer/SDKs/iPhoneSimulator26.5.sdk -target arm64-apple-ios17.0-simulator -g -module-cache-path /var/folders/fh/vt8wk6pn5dgd_tv982c123440000gp/T/picpac-snapshots-jy66w48o/build/ModuleCache.noindex -Xfrontend -serialize-debugging-options -profile-coverage-mapping -profile-generate -enable-testing -suppress-warnings -index-store-path /var/folders/fh/vt8wk6pn5dgd_tv982c123440000gp/T/picpac-snapshots-jy66w48o/build/Index.noindex/DataStore -Xcc -D_LIBCPP_HARDENING_MODE\=_LIBCPP_HARDENING_MODE_DEBUG -swift-version 6 -I /var/folders/fh/vt8wk6pn5dgd_tv982c123440000gp/T/picpac-snapshots-jy66w48o/build/Build/Products/Debug-iphonesimulator -Isystem /Applications/Xcode.app/Contents/Developer/Platforms/iPhoneSimulator.platform/Developer/usr/lib -F /var/folders/fh/vt8wk6pn5dgd_tv982c123440000gp/T/picpac-snapshots-jy66w48o/build/Build/Products/Debug-iphonesimulator/PackageFrameworks -F /var/folders/fh/vt8wk6pn5dgd_tv982c123440000gp/T/picpac-snapshots-jy66w48o/build/Build/Products/Debug-iphonesimulator -F /Applications/Xcode.app/Contents/Developer/Platforms/iPhoneSimulator.platform/Developer/Library/Frameworks -F /Applications/Xcode.app/Contents/Developer/Platforms/iPhoneSimulator.platform/Developer/SDKs/iPhoneSimulator26.5.sdk/Developer/Library/Frameworks -c -j12 -enable-batch-mode -incremental -Xcc -ivfsstatcache -Xcc /var/folders/fh/vt8wk6pn5dgd_tv982c123440000gp/T/picpac-snapshots-jy66w48o/build/SDKStatCaches.noindex/iphonesimulator26.5-23F81a-6cfe768891a92b912361537c460fe42b.sdkstatcache -output-file-map /var/folders/fh/vt8wk6pn5dgd_tv982c123440000gp/T/picpac-snapshots-jy66w48o/build/Build/Intermediates.noindex/PicPacKit.build/Debug-iphonesimulator/PicPacPresentation.build/Objects-normal/arm64/PicPacPresentation-OutputFileMap.json -use-frontend-parseable-output -save-temps -no-color-diagnostics -explicit-module-build -module-cache-path /var/folders/fh/vt8wk6pn5dgd_tv982c123440000gp/T/picpac-snapshots-jy66w48o/build/Build/Intermediates.noindex/SwiftExplicitPrecompiledModules -clang-scanner-module-cache-path /var/folders/fh/vt8wk6pn5dgd_tv982c123440000gp/T/picpac-snapshots-jy66w48o/build/ModuleCache.noindex -sdk-module-cache-path /var/folders/fh/vt8wk6pn5dgd_tv982c123440000gp/T/picpac-snapshots-jy66w48o/build/ModuleCache.noindex -serialize-diagnostics -emit-dependencies -emit-module -emit-module-path /var/folders/fh/vt8wk6pn5dgd_tv982c123440000gp/T/picpac-snapshots-jy66w48o/build/Build/Intermediates.noindex/PicPacKit.build/Debug-iphonesimulator/PicPacPresentation.build/Objects-normal/arm64/PicPacPresentation.swiftmodule -validate-clang-modules-once -clang-build-session-file /var/folders/fh/vt8wk6pn5dgd_tv982c123440000gp/T/picpac-snapshots-jy66w48o/build/ModuleCache.noindex/Session.modulevalidation -package-name picpackit -Xcc -I/var/folders/fh/vt8wk6pn5dgd_tv982c123440000gp/T/picpac-snapshots-jy66w48o/build/Build/Intermediates.noindex/PicPacKit.build/Debug-iphonesimulator/PicPacPresentation.build/swift-overrides.hmap -emit-const-values -Xfrontend -const-gather-protocols-file -Xfrontend /var/folders/fh/vt8wk6pn5dgd_tv982c123440000gp/T/picpac-snapshots-jy66w48o/build/Build/Intermediates.noindex/PicPacKit.build/Debug-iphonesimulator/PicPacPresentation.build/Objects-normal/arm64/PicPacPresentation_const_extract_protocols.json -Xcc -I/var/folders/fh/vt8wk6pn5dgd_tv982c123440000gp/T/picpac-snapshots-jy66w48o/build/Build/Products/Debug-iphonesimulator/include -Xcc -I/var/folders/fh/vt8wk6pn5dgd_tv982c123440000gp/T/picpac-snapshots-jy66w48o/build/Build/Intermediates.noindex/PicPacKit.build/Debug-iphonesimulator/PicPacPresentation.build/DerivedSources-normal/arm64 -Xcc -I/var/folders/fh/vt8wk6pn5dgd_tv982c123440000gp/T/picpac-snapshots-jy66w48o/build/Build/Intermediates.noindex/PicPacKit.build/Debug-iphonesimulator/PicPacPresentation.build/DerivedSources/arm64 -Xcc -I/var/folders/fh/vt8wk6pn5dgd_tv982c123440000gp/T/picpac-snapshots-jy66w48o/build/Build/Intermediates.noindex/PicPacKit.build/Debug-iphonesimulator/PicPacPresentation.build/DerivedSources -Xcc -DSWIFT_PACKAGE -Xcc -DDEBUG\=1 -emit-objc-header -emit-objc-header-path /var/folders/fh/vt8wk6pn5dgd_tv982c123440000gp/T/picpac-snapshots-jy66w48o/build/Build/Intermediates.noindex/PicPacKit.build/Debug-iphonesimulator/PicPacPresentation.build/Objects-normal/arm64/PicPacPresentation-Swift.h -working-directory /Users/bavabangaru/Developer/pic-pac-poe-ios-native-parity/ios/PicPacPoe.xcodeproj -experimental-emit-module-separately -disable-cmo

SwiftDriverJobDiscovery normal arm64 Compiling ReferenceExpectiminimax.swift (in target 'PicPacAI' from project 'PicPacKit')

ExtractAppIntentsMetadata (in target 'PicPacCore' from project 'PicPacKit')
    cd /Users/bavabangaru/Developer/pic-pac-poe-ios-native-parity/ios/Packages/PicPacKit
    /Applications/Xcode.app/Contents/Developer/Toolchains/XcodeDefault.xctoolchain/usr/bin/appintentsmetadataprocessor --toolchain-dir /Applications/Xcode.app/Contents/Developer/Toolchains/XcodeDefault.xctoolchain --module-name PicPacCore --sdk-root /Applications/Xcode.app/Contents/Developer/Platforms/iPhoneSimulator.platform/Developer/SDKs/iPhoneSimulator26.5.sdk --xcode-version 17F113 --platform-family iOS --deployment-target 17.0 --bundle-identifier picpackit.PicPacCore --output /var/folders/fh/vt8wk6pn5dgd_tv982c123440000gp/T/picpac-snapshots-jy66w48o/build/Build/Products/Debug-iphonesimulator/PicPacCore.appintents --target-triple arm64-apple-ios17.0-simulator --target-triple x86_64-apple-ios17.0-simulator --binary-file /var/folders/fh/vt8wk6pn5dgd_tv982c123440000gp/T/picpac-snapshots-jy66w48o/build/Build/Products/Debug-iphonesimulator/PicPacCore.o --dependency-file /var/folders/fh/vt8wk6pn5dgd_tv982c123440000gp/T/picpac-snapshots-jy66w48o/build/Build/Intermediates.noindex/PicPacKit.build/Debug-iphonesimulator/PicPacCore.build/Objects-normal/arm64/PicPacCore_dependency_info.dat --dependency-file /var/folders/fh/vt8wk6pn5dgd_tv982c123440000gp/T/picpac-snapshots-jy66w48o/build/Build/Intermediates.noindex/PicPacKit.build/Debug-iphonesimulator/PicPacCore.build/Objects-normal/x86_64/PicPacCore_dependency_info.dat --stringsdata-file /var/folders/fh/vt8wk6pn5dgd_tv982c123440000gp/T/picpac-snapshots-jy66w48o/build/Build/Intermediates.noindex/PicPacKit.build/Debug-iphonesimulator/PicPacCore.build/Objects-normal/arm64/ExtractedAppShortcutsMetadata.stringsdata --stringsdata-file /var/folders/fh/vt8wk6pn5dgd_tv982c123440000gp/T/picpac-snapshots-jy66w48o/build/Build/Intermediates.noindex/PicPacKit.build/Debug-iphonesimulator/PicPacCore.build/Objects-normal/x86_64/ExtractedAppShortcutsMetadata.stringsdata --source-file-list /var/folders/fh/vt8wk6pn5dgd_tv982c123440000gp/T/picpac-snapshots-jy66w48o/build/Build/Intermediates.noindex/PicPacKit.build/Debug-iphonesimulator/PicPacCore.build/Objects-normal/arm64/PicPacCore.SwiftFileList --source-file-list /var/folders/fh/vt8wk6pn5dgd_tv982c123440000gp/T/picpac-snapshots-jy66w48o/build/Build/Intermediates.noindex/PicPacKit.build/Debug-iphonesimulator/PicPacCore.build/Objects-normal/x86_64/PicPacCore.SwiftFileList --metadata-file-list /var/folders/fh/vt8wk6pn5dgd_tv982c123440000gp/T/picpac-snapshots-jy66w48o/build/Build/Intermediates.noindex/PicPacKit.build/Debug-iphonesimulator/PicPacCore.build/PicPacCore.DependencyMetadataFileList --static-metadata-file-list /var/folders/fh/vt8wk6pn5dgd_tv982c123440000gp/T/picpac-snapshots-jy66w48o/build/Build/Intermediates.noindex/PicPacKit.build/Debug-iphonesimulator/PicPacCore.build/PicPacCore.DependencyStaticMetadataFileList --swift-const-vals-list /var/folders/fh/vt8wk6pn5dgd_tv982c123440000gp/T/picpac-snapshots-jy66w48o/build/Build/Intermediates.noindex/PicPacKit.build/Debug-iphonesimulator/PicPacCore.build/Objects-normal/arm64/PicPacCore.SwiftConstValuesFileList --swift-const-vals-list /var/folders/fh/vt8wk6pn5dgd_tv982c123440000gp/T/picpac-snapshots-jy66w48o/build/Build/Intermediates.noindex/PicPacKit.build/Debug-iphonesimulator/PicPacCore.build/Objects-normal/x86_64/PicPacCore.SwiftConstValuesFileList --force --compile-time-extraction --deployment-aware-processing --validate-assistant-intents --no-app-shortcuts-localization
2026-09-25 06:04:51.626 appintentsmetadataprocessor[99157:115933533] Starting appintentsmetadataprocessor export
2026-09-25 06:04:51.649 appintentsmetadataprocessor[99157:115933533] Extracted no relevant App Intents symbols, skipping writing output

MkDir /var/folders/fh/vt8wk6pn5dgd_tv982c123440000gp/T/picpac-snapshots-jy66w48o/build/Build/Intermediates.noindex/PicPacPoe.build/Debug-iphonesimulator/PicPacPoe.build/assetcatalog_output/unthinned (in target 'PicPacPoe' from project 'PicPacPoe')
    cd /Users/bavabangaru/Developer/pic-pac-poe-ios-native-parity/ios
    /bin/mkdir -p /var/folders/fh/vt8wk6pn5dgd_tv982c123440000gp/T/picpac-snapshots-jy66w48o/build/Build/Intermediates.noindex/PicPacPoe.build/Debug-iphonesimulator/PicPacPoe.build/assetcatalog_output/unthinned

MkDir /var/folders/fh/vt8wk6pn5dgd_tv982c123440000gp/T/picpac-snapshots-jy66w48o/build/Build/Intermediates.noindex/PicPacPoe.build/Debug-iphonesimulator/PicPacPoe.build/assetcatalog_output/thinned (in target 'PicPacPoe' from project 'PicPacPoe')
    cd /Users/bavabangaru/Developer/pic-pac-poe-ios-native-parity/ios
    /bin/mkdir -p /var/folders/fh/vt8wk6pn5dgd_tv982c123440000gp/T/picpac-snapshots-jy66w48o/build/Build/Intermediates.noindex/PicPacPoe.build/Debug-iphonesimulator/PicPacPoe.build/assetcatalog_output/thinned

GenerateAssetSymbols /Users/bavabangaru/Developer/pic-pac-poe-ios-native-parity/ios/PicPacPoe/Assets.xcassets (in target 'PicPacPoe' from project 'PicPacPoe')
    cd /Users/bavabangaru/Developer/pic-pac-poe-ios-native-parity/ios
    /Applications/Xcode.app/Contents/Developer/usr/bin/actool /Users/bavabangaru/Developer/pic-pac-poe-ios-native-parity/ios/PicPacPoe/Assets.xcassets --compile /var/folders/fh/vt8wk6pn5dgd_tv982c123440000gp/T/picpac-snapshots-jy66w48o/build/Build/Products/Debug-iphonesimulator/PicPacPoe.app --output-format human-readable-text --notices --warnings --export-dependency-info /var/folders/fh/vt8wk6pn5dgd_tv982c123440000gp/T/picpac-snapshots-jy66w48o/build/Build/Intermediates.noindex/PicPacPoe.build/Debug-iphonesimulator/PicPacPoe.build/assetcatalog_dependencies --output-partial-info-plist /var/folders/fh/vt8wk6pn5dgd_tv982c123440000gp/T/picpac-snapshots-jy66w48o/build/Build/Intermediates.noindex/PicPacPoe.build/Debug-iphonesimulator/PicPacPoe.build/assetcatalog_generated_info.plist --app-icon AppIcon --compress-pngs --enable-on-demand-resources YES --development-region en --target-device iphone --target-device ipad --minimum-deployment-target 17.0 --platform iphonesimulator --bundle-identifier dev.saipranith.picpacpoe --generate-swift-asset-symbol-extensions NO --generate-swift-asset-symbols /var/folders/fh/vt8wk6pn5dgd_tv982c123440000gp/T/picpac-snapshots-jy66w48o/build/Build/Intermediates.noindex/PicPacPoe.build/Debug-iphonesimulator/PicPacPoe.build/DerivedSources/GeneratedAssetSymbols.swift --generate-objc-asset-symbols /var/folders/fh/vt8wk6pn5dgd_tv982c123440000gp/T/picpac-snapshots-jy66w48o/build/Build/Intermediates.noindex/PicPacPoe.build/Debug-iphonesimulator/PicPacPoe.build/DerivedSources/GeneratedAssetSymbols.h --generate-asset-symbol-index /var/folders/fh/vt8wk6pn5dgd_tv982c123440000gp/T/picpac-snapshots-jy66w48o/build/Build/Intermediates.noindex/PicPacPoe.build/Debug-iphonesimulator/PicPacPoe.build/DerivedSources/GeneratedAssetSymbols-Index.plist
/* com.apple.actool.compilation-results */
/var/folders/fh/vt8wk6pn5dgd_tv982c123440000gp/T/picpac-snapshots-jy66w48o/build/Build/Intermediates.noindex/PicPacPoe.build/Debug-iphonesimulator/PicPacPoe.build/DerivedSources/GeneratedAssetSymbols-Index.plist
/var/folders/fh/vt8wk6pn5dgd_tv982c123440000gp/T/picpac-snapshots-jy66w48o/build/Build/Intermediates.noindex/PicPacPoe.build/Debug-iphonesimulator/PicPacPoe.build/DerivedSources/GeneratedAssetSymbols.h
/var/folders/fh/vt8wk6pn5dgd_tv982c123440000gp/T/picpac-snapshots-jy66w48o/build/Build/Intermediates.noindex/PicPacPoe.build/Debug-iphonesimulator/PicPacPoe.build/DerivedSources/GeneratedAssetSymbols.swift


CompileAssetCatalogVariant thinned /var/folders/fh/vt8wk6pn5dgd_tv982c123440000gp/T/picpac-snapshots-jy66w48o/build/Build/Products/Debug-iphonesimulator/PicPacPoe.app /Users/bavabangaru/Developer/pic-pac-poe-ios-native-parity/ios/PicPacPoe/Assets.xcassets (in target 'PicPacPoe' from project 'PicPacPoe')
    cd /Users/bavabangaru/Developer/pic-pac-poe-ios-native-parity/ios
    /Applications/Xcode.app/Contents/Developer/usr/bin/actool /Users/bavabangaru/Developer/pic-pac-poe-ios-native-parity/ios/PicPacPoe/Assets.xcassets --compile /var/folders/fh/vt8wk6pn5dgd_tv982c123440000gp/T/picpac-snapshots-jy66w48o/build/Build/Intermediates.noindex/PicPacPoe.build/Debug-iphonesimulator/PicPacPoe.build/assetcatalog_output/thinned --output-format human-readable-text --notices --warnings --export-dependency-info /var/folders/fh/vt8wk6pn5dgd_tv982c123440000gp/T/picpac-snapshots-jy66w48o/build/Build/Intermediates.noindex/PicPacPoe.build/Debug-iphonesimulator/PicPacPoe.build/assetcatalog_dependencies_thinned --output-partial-info-plist /var/folders/fh/vt8wk6pn5dgd_tv982c123440000gp/T/picpac-snapshots-jy66w48o/build/Build/Intermediates.noindex/PicPacPoe.build/Debug-iphonesimulator/PicPacPoe.build/assetcatalog_generated_info.plist_thinned --app-icon AppIcon --compress-pngs --enable-on-demand-resources YES --development-region en --target-device iphone --target-device ipad --minimum-deployment-target 17.0 --platform iphonesimulator
/* com.apple.actool.compilation-results */
/var/folders/fh/vt8wk6pn5dgd_tv982c123440000gp/T/picpac-snapshots-jy66w48o/build/Build/Intermediates.noindex/PicPacPoe.build/Debug-iphonesimulator/PicPacPoe.build/assetcatalog_generated_info.plist_thinned
/var/folders/fh/vt8wk6pn5dgd_tv982c123440000gp/T/picpac-snapshots-jy66w48o/build/Build/Intermediates.noindex/PicPacPoe.build/Debug-iphonesimulator/PicPacPoe.build/assetcatalog_output/thinned/AppIcon60x60@2x.png
/var/folders/fh/vt8wk6pn5dgd_tv982c123440000gp/T/picpac-snapshots-jy66w48o/build/Build/Intermediates.noindex/PicPacPoe.build/Debug-iphonesimulator/PicPacPoe.build/assetcatalog_output/thinned/AppIcon76x76@2x~ipad.png
/var/folders/fh/vt8wk6pn5dgd_tv982c123440000gp/T/picpac-snapshots-jy66w48o/build/Build/Intermediates.noindex/PicPacPoe.build/Debug-iphonesimulator/PicPacPoe.build/assetcatalog_output/thinned/Assets.car


SwiftDriverJobDiscovery normal arm64 Compiling resource_bundle_accessor.swift (in target 'PicPacAI' from project 'PicPacKit')

SwiftDriver PicPacPoe normal arm64 com.apple.xcode.tools.swift.compiler (in target 'PicPacPoe' from project 'PicPacPoe')
    cd /Users/bavabangaru/Developer/pic-pac-poe-ios-native-parity/ios
    builtin-SwiftDriver -- /Applications/Xcode.app/Contents/Developer/Toolchains/XcodeDefault.xctoolchain/usr/bin/swiftc -module-name PicPacPoe -Onone @/var/folders/fh/vt8wk6pn5dgd_tv982c123440000gp/T/picpac-snapshots-jy66w48o/build/Build/Intermediates.noindex/PicPacPoe.build/Debug-iphonesimulator/PicPacPoe.build/Objects-normal/arm64/PicPacPoe.SwiftFileList -DDEBUG -enable-experimental-feature DebugDescriptionMacro -sdk /Applications/Xcode.app/Contents/Developer/Platforms/iPhoneSimulator.platform/Developer/SDKs/iPhoneSimulator26.5.sdk -target arm64-apple-ios17.0-simulator -g -module-cache-path /var/folders/fh/vt8wk6pn5dgd_tv982c123440000gp/T/picpac-snapshots-jy66w48o/build/ModuleCache.noindex -Xfrontend -serialize-debugging-options -profile-coverage-mapping -profile-generate -enable-testing -index-store-path /var/folders/fh/vt8wk6pn5dgd_tv982c123440000gp/T/picpac-snapshots-jy66w48o/build/Index.noindex/DataStore -Xcc -D_LIBCPP_HARDENING_MODE\=_LIBCPP_HARDENING_MODE_DEBUG -swift-version 6 -I /var/folders/fh/vt8wk6pn5dgd_tv982c123440000gp/T/picpac-snapshots-jy66w48o/build/Build/Products/Debug-iphonesimulator -F /var/folders/fh/vt8wk6pn5dgd_tv982c123440000gp/T/picpac-snapshots-jy66w48o/build/Build/Products/Debug-iphonesimulator/PackageFrameworks -F /var/folders/fh/vt8wk6pn5dgd_tv982c123440000gp/T/picpac-snapshots-jy66w48o/build/Build/Products/Debug-iphonesimulator/PackageFrameworks -F /var/folders/fh/vt8wk6pn5dgd_tv982c123440000gp/T/picpac-snapshots-jy66w48o/build/Build/Products/Debug-iphonesimulator/PackageFrameworks -F /var/folders/fh/vt8wk6pn5dgd_tv982c123440000gp/T/picpac-snapshots-jy66w48o/build/Build/Products/Debug-iphonesimulator -emit-localized-strings -emit-localized-strings-path /var/folders/fh/vt8wk6pn5dgd_tv982c123440000gp/T/picpac-snapshots-jy66w48o/build/Build/Intermediates.noindex/PicPacPoe.build/Debug-iphonesimulator/PicPacPoe.build/Objects-normal/arm64 -c -j12 -enable-batch-mode -incremental -Xcc -ivfsstatcache -Xcc /var/folders/fh/vt8wk6pn5dgd_tv982c123440000gp/T/picpac-snapshots-jy66w48o/build/SDKStatCaches.noindex/iphonesimulator26.5-23F81a-6cfe768891a92b912361537c460fe42b.sdkstatcache -output-file-map /var/folders/fh/vt8wk6pn5dgd_tv982c123440000gp/T/picpac-snapshots-jy66w48o/build/Build/Intermediates.noindex/PicPacPoe.build/Debug-iphonesimulator/PicPacPoe.build/Objects-normal/arm64/PicPacPoe-OutputFileMap.json -use-frontend-parseable-output -save-temps -no-color-diagnostics -explicit-module-build -module-cache-path /var/folders/fh/vt8wk6pn5dgd_tv982c123440000gp/T/picpac-snapshots-jy66w48o/build/Build/Intermediates.noindex/SwiftExplicitPrecompiledModules -clang-scanner-module-cache-path /var/folders/fh/vt8wk6pn5dgd_tv982c123440000gp/T/picpac-snapshots-jy66w48o/build/ModuleCache.noindex -sdk-module-cache-path /var/folders/fh/vt8wk6pn5dgd_tv982c123440000gp/T/picpac-snapshots-jy66w48o/build/ModuleCache.noindex -serialize-diagnostics -emit-dependencies -emit-module -emit-module-path /var/folders/fh/vt8wk6pn5dgd_tv982c123440000gp/T/picpac-snapshots-jy66w48o/build/Build/Intermediates.noindex/PicPacPoe.build/Debug-iphonesimulator/PicPacPoe.build/Objects-normal/arm64/PicPacPoe.swiftmodule -validate-clang-modules-once -clang-build-session-file /var/folders/fh/vt8wk6pn5dgd_tv982c123440000gp/T/picpac-snapshots-jy66w48o/build/ModuleCache.noindex/Session.modulevalidation -Xcc -I/var/folders/fh/vt8wk6pn5dgd_tv982c123440000gp/T/picpac-snapshots-jy66w48o/build/Build/Intermediates.noindex/PicPacPoe.build/Debug-iphonesimulator/PicPacPoe.build/swift-overrides.hmap -emit-const-values -Xfrontend -const-gather-protocols-file -Xfrontend /var/folders/fh/vt8wk6pn5dgd_tv982c123440000gp/T/picpac-snapshots-jy66w48o/build/Build/Intermediates.noindex/PicPacPoe.build/Debug-iphonesimulator/PicPacPoe.build/Objects-normal/arm64/PicPacPoe_const_extract_protocols.json -Xcc -iquote -Xcc /var/folders/fh/vt8wk6pn5dgd_tv982c123440000gp/T/picpac-snapshots-jy66w48o/build/Build/Intermediates.noindex/PicPacPoe.build/Debug-iphonesimulator/PicPacPoe.build/PicPacPoe-generated-files.hmap -Xcc -I/var/folders/fh/vt8wk6pn5dgd_tv982c123440000gp/T/picpac-snapshots-jy66w48o/build/Build/Intermediates.noindex/PicPacPoe.build/Debug-iphonesimulator/PicPacPoe.build/PicPacPoe-own-target-headers.hmap -Xcc -I/var/folders/fh/vt8wk6pn5dgd_tv982c123440000gp/T/picpac-snapshots-jy66w48o/build/Build/Intermediates.noindex/PicPacPoe.build/Debug-iphonesimulator/PicPacPoe.build/PicPacPoe-all-non-framework-target-headers.hmap -Xcc -ivfsoverlay -Xcc /var/folders/fh/vt8wk6pn5dgd_tv982c123440000gp/T/picpac-snapshots-jy66w48o/build/Build/Intermediates.noindex/PicPacPoe.build/Debug-iphonesimulator/PicPacPoe-90eff2f9d9e8600d7e53134acd1cb833-VFS-iphonesimulator/all-product-headers.yaml -Xcc -iquote -Xcc /var/folders/fh/vt8wk6pn5dgd_tv982c123440000gp/T/picpac-snapshots-jy66w48o/build/Build/Intermediates.noindex/PicPacPoe.build/Debug-iphonesimulator/PicPacPoe.build/PicPacPoe-project-headers.hmap -Xcc -I/var/folders/fh/vt8wk6pn5dgd_tv982c123440000gp/T/picpac-snapshots-jy66w48o/build/Build/Products/Debug-iphonesimulator/include -Xcc -I/var/folders/fh/vt8wk6pn5dgd_tv982c123440000gp/T/picpac-snapshots-jy66w48o/build/Build/Intermediates.noindex/PicPacPoe.build/Debug-iphonesimulator/PicPacPoe.build/DerivedSources-normal/arm64 -Xcc -I/var/folders/fh/vt8wk6pn5dgd_tv982c123440000gp/T/picpac-snapshots-jy66w48o/build/Build/Intermediates.noindex/PicPacPoe.build/Debug-iphonesimulator/PicPacPoe.build/DerivedSources/arm64 -Xcc -I/var/folders/fh/vt8wk6pn5dgd_tv982c123440000gp/T/picpac-snapshots-jy66w48o/build/Build/Intermediates.noindex/PicPacPoe.build/Debug-iphonesimulator/PicPacPoe.build/DerivedSources -emit-objc-header -emit-objc-header-path /var/folders/fh/vt8wk6pn5dgd_tv982c123440000gp/T/picpac-snapshots-jy66w48o/build/Build/Intermediates.noindex/PicPacPoe.build/Debug-iphonesimulator/PicPacPoe.build/Objects-normal/arm64/PicPacPoe-Swift.h -working-directory /Users/bavabangaru/Developer/pic-pac-poe-ios-native-parity/ios -experimental-emit-module-separately -disable-cmo

SwiftDriver PicPacPoe normal x86_64 com.apple.xcode.tools.swift.compiler (in target 'PicPacPoe' from project 'PicPacPoe')
    cd /Users/bavabangaru/Developer/pic-pac-poe-ios-native-parity/ios
    builtin-SwiftDriver -- /Applications/Xcode.app/Contents/Developer/Toolchains/XcodeDefault.xctoolchain/usr/bin/swiftc -module-name PicPacPoe -Onone @/var/folders/fh/vt8wk6pn5dgd_tv982c123440000gp/T/picpac-snapshots-jy66w48o/build/Build/Intermediates.noindex/PicPacPoe.build/Debug-iphonesimulator/PicPacPoe.build/Objects-normal/x86_64/PicPacPoe.SwiftFileList -DDEBUG -enable-experimental-feature DebugDescriptionMacro -sdk /Applications/Xcode.app/Contents/Developer/Platforms/iPhoneSimulator.platform/Developer/SDKs/iPhoneSimulator26.5.sdk -target x86_64-apple-ios17.0-simulator -g -module-cache-path /var/folders/fh/vt8wk6pn5dgd_tv982c123440000gp/T/picpac-snapshots-jy66w48o/build/ModuleCache.noindex -Xfrontend -serialize-debugging-options -profile-coverage-mapping -profile-generate -enable-testing -index-store-path /var/folders/fh/vt8wk6pn5dgd_tv982c123440000gp/T/picpac-snapshots-jy66w48o/build/Index.noindex/DataStore -Xcc -D_LIBCPP_HARDENING_MODE\=_LIBCPP_HARDENING_MODE_DEBUG -swift-version 6 -I /var/folders/fh/vt8wk6pn5dgd_tv982c123440000gp/T/picpac-snapshots-jy66w48o/build/Build/Products/Debug-iphonesimulator -F /var/folders/fh/vt8wk6pn5dgd_tv982c123440000gp/T/picpac-snapshots-jy66w48o/build/Build/Products/Debug-iphonesimulator/PackageFrameworks -F /var/folders/fh/vt8wk6pn5dgd_tv982c123440000gp/T/picpac-snapshots-jy66w48o/build/Build/Products/Debug-iphonesimulator/PackageFrameworks -F /var/folders/fh/vt8wk6pn5dgd_tv982c123440000gp/T/picpac-snapshots-jy66w48o/build/Build/Products/Debug-iphonesimulator/PackageFrameworks -F /var/folders/fh/vt8wk6pn5dgd_tv982c123440000gp/T/picpac-snapshots-jy66w48o/build/Build/Products/Debug-iphonesimulator -emit-localized-strings -emit-localized-strings-path /var/folders/fh/vt8wk6pn5dgd_tv982c123440000gp/T/picpac-snapshots-jy66w48o/build/Build/Intermediates.noindex/PicPacPoe.build/Debug-iphonesimulator/PicPacPoe.build/Objects-normal/x86_64 -c -j12 -enable-batch-mode -incremental -Xcc -ivfsstatcache -Xcc /var/folders/fh/vt8wk6pn5dgd_tv982c123440000gp/T/picpac-snapshots-jy66w48o/build/SDKStatCaches.noindex/iphonesimulator26.5-23F81a-6cfe768891a92b912361537c460fe42b.sdkstatcache -output-file-map /var/folders/fh/vt8wk6pn5dgd_tv982c123440000gp/T/picpac-snapshots-jy66w48o/build/Build/Intermediates.noindex/PicPacPoe.build/Debug-iphonesimulator/PicPacPoe.build/Objects-normal/x86_64/PicPacPoe-OutputFileMap.json -use-frontend-parseable-output -save-temps -no-color-diagnostics -explicit-module-build -module-cache-path /var/folders/fh/vt8wk6pn5dgd_tv982c123440000gp/T/picpac-snapshots-jy66w48o/build/Build/Intermediates.noindex/SwiftExplicitPrecompiledModules -clang-scanner-module-cache-path /var/folders/fh/vt8wk6pn5dgd_tv982c123440000gp/T/picpac-snapshots-jy66w48o/build/ModuleCache.noindex -sdk-module-cache-path /var/folders/fh/vt8wk6pn5dgd_tv982c123440000gp/T/picpac-snapshots-jy66w48o/build/ModuleCache.noindex -serialize-diagnostics -emit-dependencies -emit-module -emit-module-path /var/folders/fh/vt8wk6pn5dgd_tv982c123440000gp/T/picpac-snapshots-jy66w48o/build/Build/Intermediates.noindex/PicPacPoe.build/Debug-iphonesimulator/PicPacPoe.build/Objects-normal/x86_64/PicPacPoe.swiftmodule -validate-clang-modules-once -clang-build-session-file /var/folders/fh/vt8wk6pn5dgd_tv982c123440000gp/T/picpac-snapshots-jy66w48o/build/ModuleCache.noindex/Session.modulevalidation -Xcc -I/var/folders/fh/vt8wk6pn5dgd_tv982c123440000gp/T/picpac-snapshots-jy66w48o/build/Build/Intermediates.noindex/PicPacPoe.build/Debug-iphonesimulator/PicPacPoe.build/swift-overrides.hmap -emit-const-values -Xfrontend -const-gather-protocols-file -Xfrontend /var/folders/fh/vt8wk6pn5dgd_tv982c123440000gp/T/picpac-snapshots-jy66w48o/build/Build/Intermediates.noindex/PicPacPoe.build/Debug-iphonesimulator/PicPacPoe.build/Objects-normal/x86_64/PicPacPoe_const_extract_protocols.json -Xcc -iquote -Xcc /var/folders/fh/vt8wk6pn5dgd_tv982c123440000gp/T/picpac-snapshots-jy66w48o/build/Build/Intermediates.noindex/PicPacPoe.build/Debug-iphonesimulator/PicPacPoe.build/PicPacPoe-generated-files.hmap -Xcc -I/var/folders/fh/vt8wk6pn5dgd_tv982c123440000gp/T/picpac-snapshots-jy66w48o/build/Build/Intermediates.noindex/PicPacPoe.build/Debug-iphonesimulator/PicPacPoe.build/PicPacPoe-own-target-headers.hmap -Xcc -I/var/folders/fh/vt8wk6pn5dgd_tv982c123440000gp/T/picpac-snapshots-jy66w48o/build/Build/Intermediates.noindex/PicPacPoe.build/Debug-iphonesimulator/PicPacPoe.build/PicPacPoe-all-non-framework-target-headers.hmap -Xcc -ivfsoverlay -Xcc /var/folders/fh/vt8wk6pn5dgd_tv982c123440000gp/T/picpac-snapshots-jy66w48o/build/Build/Intermediates.noindex/PicPacPoe.build/Debug-iphonesimulator/PicPacPoe-90eff2f9d9e8600d7e53134acd1cb833-VFS-iphonesimulator/all-product-headers.yaml -Xcc -iquote -Xcc /var/folders/fh/vt8wk6pn5dgd_tv982c123440000gp/T/picpac-snapshots-jy66w48o/build/Build/Intermediates.noindex/PicPacPoe.build/Debug-iphonesimulator/PicPacPoe.build/PicPacPoe-project-headers.hmap -Xcc -I/var/folders/fh/vt8wk6pn5dgd_tv982c123440000gp/T/picpac-snapshots-jy66w48o/build/Build/Products/Debug-iphonesimulator/include -Xcc -I/var/folders/fh/vt8wk6pn5dgd_tv982c123440000gp/T/picpac-snapshots-jy66w48o/build/Build/Intermediates.noindex/PicPacPoe.build/Debug-iphonesimulator/PicPacPoe.build/DerivedSources-normal/x86_64 -Xcc -I/var/folders/fh/vt8wk6pn5dgd_tv982c123440000gp/T/picpac-snapshots-jy66w48o/build/Build/Intermediates.noindex/PicPacPoe.build/Debug-iphonesimulator/PicPacPoe.build/DerivedSources/x86_64 -Xcc -I/var/folders/fh/vt8wk6pn5dgd_tv982c123440000gp/T/picpac-snapshots-jy66w48o/build/Build/Intermediates.noindex/PicPacPoe.build/Debug-iphonesimulator/PicPacPoe.build/DerivedSources -emit-objc-header -emit-objc-header-path /var/folders/fh/vt8wk6pn5dgd_tv982c123440000gp/T/picpac-snapshots-jy66w48o/build/Build/Intermediates.noindex/PicPacPoe.build/Debug-iphonesimulator/PicPacPoe.build/Objects-normal/x86_64/PicPacPoe-Swift.h -working-directory /Users/bavabangaru/Developer/pic-pac-poe-ios-native-parity/ios -experimental-emit-module-separately -disable-cmo

SwiftDriverJobDiscovery normal x86_64 Compiling SearchModel.swift (in target 'PicPacAI' from project 'PicPacKit')

RegisterExecutionPolicyException /var/folders/fh/vt8wk6pn5dgd_tv982c123440000gp/T/picpac-snapshots-jy66w48o/build/Build/Products/Debug-iphonesimulator/PicPacCore.o (in target 'PicPacCore' from project 'PicPacKit')
    cd /Users/bavabangaru/Developer/pic-pac-poe-ios-native-parity/ios/Packages/PicPacKit
    builtin-RegisterExecutionPolicyException /var/folders/fh/vt8wk6pn5dgd_tv982c123440000gp/T/picpac-snapshots-jy66w48o/build/Build/Products/Debug-iphonesimulator/PicPacCore.o

Ld /var/folders/fh/vt8wk6pn5dgd_tv982c123440000gp/T/picpac-snapshots-jy66w48o/build/Build/Intermediates.noindex/PicPacKit.build/Debug-iphonesimulator/PicPacPresentation.build/Objects-normal/x86_64/Binary/PicPacPresentation.o normal x86_64 (in target 'PicPacPresentation' from project 'PicPacKit')
    cd /Users/bavabangaru/Developer/pic-pac-poe-ios-native-parity/ios/Packages/PicPacKit
    /Applications/Xcode.app/Contents/Developer/Toolchains/XcodeDefault.xctoolchain/usr/bin/clang -Xlinker -reproducible -target x86_64-apple-ios17.0-simulator -r -isysroot /Applications/Xcode.app/Contents/Developer/Platforms/iPhoneSimulator.platform/Developer/SDKs/iPhoneSimulator26.5.sdk -O0 -w -F/var/folders/fh/vt8wk6pn5dgd_tv982c123440000gp/T/picpac-snapshots-jy66w48o/build/Build/Intermediates.noindex/EagerLinkingTBDs/Debug-iphonesimulator -F/var/folders/fh/vt8wk6pn5dgd_tv982c123440000gp/T/picpac-snapshots-jy66w48o/build/Build/Products/Debug-iphonesimulator/PackageFrameworks -F/var/folders/fh/vt8wk6pn5dgd_tv982c123440000gp/T/picpac-snapshots-jy66w48o/build/Build/Products/Debug-iphonesimulator -iframework /Applications/Xcode.app/Contents/Developer/Platforms/iPhoneSimulator.platform/Developer/Library/Frameworks -iframework /Applications/Xcode.app/Contents/Developer/Platforms/iPhoneSimulator.platform/Developer/SDKs/iPhoneSimulator26.5.sdk/Developer/Library/Frameworks -filelist /var/folders/fh/vt8wk6pn5dgd_tv982c123440000gp/T/picpac-snapshots-jy66w48o/build/Build/Intermediates.noindex/PicPacKit.build/Debug-iphonesimulator/PicPacPresentation.build/Objects-normal/x86_64/PicPacPresentation.LinkFileList -nostdlib -Xlinker -object_path_lto -Xlinker /var/folders/fh/vt8wk6pn5dgd_tv982c123440000gp/T/picpac-snapshots-jy66w48o/build/Build/Intermediates.noindex/PicPacKit.build/Debug-iphonesimulator/PicPacPresentation.build/Objects-normal/x86_64/PicPacPresentation_lto.o -Xlinker -no_deduplicate -Xlinker -objc_abi_version -Xlinker 2 -Xlinker -debug_variant -Xlinker -dependency_info -Xlinker /var/folders/fh/vt8wk6pn5dgd_tv982c123440000gp/T/picpac-snapshots-jy66w48o/build/Build/Intermediates.noindex/PicPacKit.build/Debug-iphonesimulator/PicPacPresentation.build/Objects-normal/x86_64/PicPacPresentation_dependency_info.dat -fobjc-link-runtime -L/Applications/Xcode.app/Contents/Developer/Toolchains/XcodeDefault.xctoolchain/usr/lib/swift/iphonesimulator -L/usr/lib/swift -Xlinker -add_ast_path -Xlinker /var/folders/fh/vt8wk6pn5dgd_tv982c123440000gp/T/picpac-snapshots-jy66w48o/build/Build/Intermediates.noindex/PicPacKit.build/Debug-iphonesimulator/PicPacPresentation.build/Objects-normal/x86_64/PicPacPresentation.swiftmodule @/var/folders/fh/vt8wk6pn5dgd_tv982c123440000gp/T/picpac-snapshots-jy66w48o/build/Build/Intermediates.noindex/PicPacKit.build/Debug-iphonesimulator/PicPacPresentation.build/Objects-normal/x86_64/PicPacPresentation-linker-args.resp -o /var/folders/fh/vt8wk6pn5dgd_tv982c123440000gp/T/picpac-snapshots-jy66w48o/build/Build/Intermediates.noindex/PicPacKit.build/Debug-iphonesimulator/PicPacPresentation.build/Objects-normal/x86_64/Binary/PicPacPresentation.o

Ld /var/folders/fh/vt8wk6pn5dgd_tv982c123440000gp/T/picpac-snapshots-jy66w48o/build/Build/Intermediates.noindex/PicPacKit.build/Debug-iphonesimulator/PicPacPresentation.build/Objects-normal/arm64/Binary/PicPacPresentation.o normal arm64 (in target 'PicPacPresentation' from project 'PicPacKit')
    cd /Users/bavabangaru/Developer/pic-pac-poe-ios-native-parity/ios/Packages/PicPacKit
    /Applications/Xcode.app/Contents/Developer/Toolchains/XcodeDefault.xctoolchain/usr/bin/clang -Xlinker -reproducible -target arm64-apple-ios17.0-simulator -r -isysroot /Applications/Xcode.app/Contents/Developer/Platforms/iPhoneSimulator.platform/Developer/SDKs/iPhoneSimulator26.5.sdk -O0 -w -F/var/folders/fh/vt8wk6pn5dgd_tv982c123440000gp/T/picpac-snapshots-jy66w48o/build/Build/Intermediates.noindex/EagerLinkingTBDs/Debug-iphonesimulator -F/var/folders/fh/vt8wk6pn5dgd_tv982c123440000gp/T/picpac-snapshots-jy66w48o/build/Build/Products/Debug-iphonesimulator/PackageFrameworks -F/var/folders/fh/vt8wk6pn5dgd_tv982c123440000gp/T/picpac-snapshots-jy66w48o/build/Build/Products/Debug-iphonesimulator -iframework /Applications/Xcode.app/Contents/Developer/Platforms/iPhoneSimulator.platform/Developer/Library/Frameworks -iframework /Applications/Xcode.app/Contents/Developer/Platforms/iPhoneSimulator.platform/Developer/SDKs/iPhoneSimulator26.5.sdk/Developer/Library/Frameworks -filelist /var/folders/fh/vt8wk6pn5dgd_tv982c123440000gp/T/picpac-snapshots-jy66w48o/build/Build/Intermediates.noindex/PicPacKit.build/Debug-iphonesimulator/PicPacPresentation.build/Objects-normal/arm64/PicPacPresentation.LinkFileList -nostdlib -Xlinker -object_path_lto -Xlinker /var/folders/fh/vt8wk6pn5dgd_tv982c123440000gp/T/picpac-snapshots-jy66w48o/build/Build/Intermediates.noindex/PicPacKit.build/Debug-iphonesimulator/PicPacPresentation.build/Objects-normal/arm64/PicPacPresentation_lto.o -Xlinker -no_deduplicate -Xlinker -objc_abi_version -Xlinker 2 -Xlinker -debug_variant -Xlinker -dependency_info -Xlinker /var/folders/fh/vt8wk6pn5dgd_tv982c123440000gp/T/picpac-snapshots-jy66w48o/build/Build/Intermediates.noindex/PicPacKit.build/Debug-iphonesimulator/PicPacPresentation.build/Objects-normal/arm64/PicPacPresentation_dependency_info.dat -fobjc-link-runtime -L/Applications/Xcode.app/Contents/Developer/Toolchains/XcodeDefault.xctoolchain/usr/lib/swift/iphonesimulator -L/usr/lib/swift -Xlinker -add_ast_path -Xlinker /var/folders/fh/vt8wk6pn5dgd_tv982c123440000gp/T/picpac-snapshots-jy66w48o/build/Build/Intermediates.noindex/PicPacKit.build/Debug-iphonesimulator/PicPacPresentation.build/Objects-normal/arm64/PicPacPresentation.swiftmodule @/var/folders/fh/vt8wk6pn5dgd_tv982c123440000gp/T/picpac-snapshots-jy66w48o/build/Build/Intermediates.noindex/PicPacKit.build/Debug-iphonesimulator/PicPacPresentation.build/Objects-normal/arm64/PicPacPresentation-linker-args.resp -o /var/folders/fh/vt8wk6pn5dgd_tv982c123440000gp/T/picpac-snapshots-jy66w48o/build/Build/Intermediates.noindex/PicPacKit.build/Debug-iphonesimulator/PicPacPresentation.build/Objects-normal/arm64/Binary/PicPacPresentation.o

SwiftDriverJobDiscovery normal arm64 Compiling StochasticMCTSAgent.swift (in target 'PicPacAI' from project 'PicPacKit')

SwiftDriverJobDiscovery normal x86_64 Compiling PositionEvaluator.swift (in target 'PicPacAI' from project 'PicPacKit')

CreateUniversalBinary /var/folders/fh/vt8wk6pn5dgd_tv982c123440000gp/T/picpac-snapshots-jy66w48o/build/Build/Products/Debug-iphonesimulator/PicPacPresentation.o normal arm64\ x86_64 (in target 'PicPacPresentation' from project 'PicPacKit')
    cd /Users/bavabangaru/Developer/pic-pac-poe-ios-native-parity/ios/Packages/PicPacKit
    /Applications/Xcode.app/Contents/Developer/Toolchains/XcodeDefault.xctoolchain/usr/bin/lipo -create /var/folders/fh/vt8wk6pn5dgd_tv982c123440000gp/T/picpac-snapshots-jy66w48o/build/Build/Intermediates.noindex/PicPacKit.build/Debug-iphonesimulator/PicPacPresentation.build/Objects-normal/arm64/Binary/PicPacPresentation.o /var/folders/fh/vt8wk6pn5dgd_tv982c123440000gp/T/picpac-snapshots-jy66w48o/build/Build/Intermediates.noindex/PicPacKit.build/Debug-iphonesimulator/PicPacPresentation.build/Objects-normal/x86_64/Binary/PicPacPresentation.o -output /var/folders/fh/vt8wk6pn5dgd_tv982c123440000gp/T/picpac-snapshots-jy66w48o/build/Build/Products/Debug-iphonesimulator/PicPacPresentation.o

ExtractAppIntentsMetadata (in target 'PicPacPresentation' from project 'PicPacKit')
    cd /Users/bavabangaru/Developer/pic-pac-poe-ios-native-parity/ios/Packages/PicPacKit
    /Applications/Xcode.app/Contents/Developer/Toolchains/XcodeDefault.xctoolchain/usr/bin/appintentsmetadataprocessor --toolchain-dir /Applications/Xcode.app/Contents/Developer/Toolchains/XcodeDefault.xctoolchain --module-name PicPacPresentation --sdk-root /Applications/Xcode.app/Contents/Developer/Platforms/iPhoneSimulator.platform/Developer/SDKs/iPhoneSimulator26.5.sdk --xcode-version 17F113 --platform-family iOS --deployment-target 17.0 --bundle-identifier picpackit.PicPacPresentation --output /var/folders/fh/vt8wk6pn5dgd_tv982c123440000gp/T/picpac-snapshots-jy66w48o/build/Build/Products/Debug-iphonesimulator/PicPacPresentation.appintents --target-triple arm64-apple-ios17.0-simulator --target-triple x86_64-apple-ios17.0-simulator --binary-file /var/folders/fh/vt8wk6pn5dgd_tv982c123440000gp/T/picpac-snapshots-jy66w48o/build/Build/Products/Debug-iphonesimulator/PicPacPresentation.o --dependency-file /var/folders/fh/vt8wk6pn5dgd_tv982c123440000gp/T/picpac-snapshots-jy66w48o/build/Build/Intermediates.noindex/PicPacKit.build/Debug-iphonesimulator/PicPacPresentation.build/Objects-normal/arm64/PicPacPresentation_dependency_info.dat --dependency-file /var/folders/fh/vt8wk6pn5dgd_tv982c123440000gp/T/picpac-snapshots-jy66w48o/build/Build/Intermediates.noindex/PicPacKit.build/Debug-iphonesimulator/PicPacPresentation.build/Objects-normal/x86_64/PicPacPresentation_dependency_info.dat --stringsdata-file /var/folders/fh/vt8wk6pn5dgd_tv982c123440000gp/T/picpac-snapshots-jy66w48o/build/Build/Intermediates.noindex/PicPacKit.build/Debug-iphonesimulator/PicPacPresentation.build/Objects-normal/arm64/ExtractedAppShortcutsMetadata.stringsdata --stringsdata-file /var/folders/fh/vt8wk6pn5dgd_tv982c123440000gp/T/picpac-snapshots-jy66w48o/build/Build/Intermediates.noindex/PicPacKit.build/Debug-iphonesimulator/PicPacPresentation.build/Objects-normal/x86_64/ExtractedAppShortcutsMetadata.stringsdata --source-file-list /var/folders/fh/vt8wk6pn5dgd_tv982c123440000gp/T/picpac-snapshots-jy66w48o/build/Build/Intermediates.noindex/PicPacKit.build/Debug-iphonesimulator/PicPacPresentation.build/Objects-normal/arm64/PicPacPresentation.SwiftFileList --source-file-list /var/folders/fh/vt8wk6pn5dgd_tv982c123440000gp/T/picpac-snapshots-jy66w48o/build/Build/Intermediates.noindex/PicPacKit.build/Debug-iphonesimulator/PicPacPresentation.build/Objects-normal/x86_64/PicPacPresentation.SwiftFileList --metadata-file-list /var/folders/fh/vt8wk6pn5dgd_tv982c123440000gp/T/picpac-snapshots-jy66w48o/build/Build/Intermediates.noindex/PicPacKit.build/Debug-iphonesimulator/PicPacPresentation.build/PicPacPresentation.DependencyMetadataFileList --static-metadata-file-list /var/folders/fh/vt8wk6pn5dgd_tv982c123440000gp/T/picpac-snapshots-jy66w48o/build/Build/Intermediates.noindex/PicPacKit.build/Debug-iphonesimulator/PicPacPresentation.build/PicPacPresentation.DependencyStaticMetadataFileList --swift-const-vals-list /var/folders/fh/vt8wk6pn5dgd_tv982c123440000gp/T/picpac-snapshots-jy66w48o/build/Build/Intermediates.noindex/PicPacKit.build/Debug-iphonesimulator/PicPacPresentation.build/Objects-normal/arm64/PicPacPresentation.SwiftConstValuesFileList --swift-const-vals-list /var/folders/fh/vt8wk6pn5dgd_tv982c123440000gp/T/picpac-snapshots-jy66w48o/build/Build/Intermediates.noindex/PicPacKit.build/Debug-iphonesimulator/PicPacPresentation.build/Objects-normal/x86_64/PicPacPresentation.SwiftConstValuesFileList --force --compile-time-extraction --deployment-aware-processing --validate-assistant-intents --no-app-shortcuts-localization
2026-09-25 06:04:51.758 appintentsmetadataprocessor[99165:115933597] Starting appintentsmetadataprocessor export
2026-09-25 06:04:51.769 appintentsmetadataprocessor[99165:115933597] Extracted no relevant App Intents symbols, skipping writing output

RegisterExecutionPolicyException /var/folders/fh/vt8wk6pn5dgd_tv982c123440000gp/T/picpac-snapshots-jy66w48o/build/Build/Products/Debug-iphonesimulator/PicPacPresentation.o (in target 'PicPacPresentation' from project 'PicPacKit')
    cd /Users/bavabangaru/Developer/pic-pac-poe-ios-native-parity/ios/Packages/PicPacKit
    builtin-RegisterExecutionPolicyException /var/folders/fh/vt8wk6pn5dgd_tv982c123440000gp/T/picpac-snapshots-jy66w48o/build/Build/Products/Debug-iphonesimulator/PicPacPresentation.o

SwiftDriverJobDiscovery normal x86_64 Compiling ExpectiminimaxAgent.swift (in target 'PicPacAI' from project 'PicPacKit')

SwiftDriverJobDiscovery normal x86_64 Compiling resource_bundle_accessor.swift (in target 'PicPacAI' from project 'PicPacKit')

SwiftDriverJobDiscovery normal x86_64 Compiling AIContracts.swift (in target 'PicPacAI' from project 'PicPacKit')

SwiftDriverJobDiscovery normal arm64 Compiling RandomSources.swift (in target 'PicPacAI' from project 'PicPacKit')

SwiftExplicitDependencyGeneratePcm x86_64 /var/folders/fh/vt8wk6pn5dgd_tv982c123440000gp/T/picpac-snapshots-jy66w48o/build/ModuleCache.noindex/_Builtin_float-HPKY5N19EFHO5ZXI01UJEJSG.pcm

SwiftExplicitDependencyGeneratePcm x86_64 /var/folders/fh/vt8wk6pn5dgd_tv982c123440000gp/T/picpac-snapshots-jy66w48o/build/ModuleCache.noindex/ptrauth-ANZN4PYNE2UUT65FU4BADZWO3.pcm

SwiftExplicitDependencyGeneratePcm x86_64 /var/folders/fh/vt8wk6pn5dgd_tv982c123440000gp/T/picpac-snapshots-jy66w48o/build/ModuleCache.noindex/_SwiftConcurrencyShims-2513BC84IV104LNEKMHIBK8LQ.pcm

SwiftExplicitDependencyGeneratePcm x86_64 /var/folders/fh/vt8wk6pn5dgd_tv982c123440000gp/T/picpac-snapshots-jy66w48o/build/ModuleCache.noindex/_Builtin_stdbool-2S5ZHV5Z36Z2YTJ1M337XQB20.pcm

SwiftExplicitDependencyGeneratePcm x86_64 /var/folders/fh/vt8wk6pn5dgd_tv982c123440000gp/T/picpac-snapshots-jy66w48o/build/ModuleCache.noindex/_AvailabilityInternal-1VHLXKLT28GAK7KNSIDKNEMVR.pcm

SwiftExplicitDependencyGeneratePcm x86_64 /var/folders/fh/vt8wk6pn5dgd_tv982c123440000gp/T/picpac-snapshots-jy66w48o/build/ModuleCache.noindex/_Builtin_stddef-16K8DAWJP7ZMAMRJ6EBK1JJFW.pcm

SwiftExplicitDependencyGeneratePcm x86_64 /var/folders/fh/vt8wk6pn5dgd_tv982c123440000gp/T/picpac-snapshots-jy66w48o/build/ModuleCache.noindex/_Builtin_stdarg-88ZS42IY1X5NZ6L4GPN421VYJ.pcm

SwiftExplicitDependencyGeneratePcm x86_64 /var/folders/fh/vt8wk6pn5dgd_tv982c123440000gp/T/picpac-snapshots-jy66w48o/build/ModuleCache.noindex/SwiftShims-CXF3LX35MAF7BU4S5P05MN6ZG.pcm

SwiftExplicitDependencyGeneratePcm x86_64 /var/folders/fh/vt8wk6pn5dgd_tv982c123440000gp/T/picpac-snapshots-jy66w48o/build/ModuleCache.noindex/ptrcheck-BPMQPB7CHCY39G889AYF60HDP.pcm

SwiftExplicitDependencyGeneratePcm arm64 /var/folders/fh/vt8wk6pn5dgd_tv982c123440000gp/T/picpac-snapshots-jy66w48o/build/ModuleCache.noindex/_SwiftConcurrencyShims-1U56PS57F8UEF5ACF9HBGTK1E.pcm

SwiftExplicitDependencyGeneratePcm arm64 /var/folders/fh/vt8wk6pn5dgd_tv982c123440000gp/T/picpac-snapshots-jy66w48o/build/ModuleCache.noindex/ptrauth-CS0E7GX2J0IZFCT9RZVQ2OU40.pcm

SwiftExplicitDependencyGeneratePcm arm64 /var/folders/fh/vt8wk6pn5dgd_tv982c123440000gp/T/picpac-snapshots-jy66w48o/build/ModuleCache.noindex/_AvailabilityInternal-E4VDLN4AD6SMXHLC7EP6W7N6M.pcm

SwiftExplicitDependencyGeneratePcm arm64 /var/folders/fh/vt8wk6pn5dgd_tv982c123440000gp/T/picpac-snapshots-jy66w48o/build/ModuleCache.noindex/_Builtin_stdarg-BI73WWI36SD7ZH4VKBG66EQNZ.pcm

SwiftExplicitDependencyGeneratePcm arm64 /var/folders/fh/vt8wk6pn5dgd_tv982c123440000gp/T/picpac-snapshots-jy66w48o/build/ModuleCache.noindex/_Builtin_stddef-74S2TG3R8Y854K4N4GNGF1IS8.pcm

SwiftExplicitDependencyGeneratePcm arm64 /var/folders/fh/vt8wk6pn5dgd_tv982c123440000gp/T/picpac-snapshots-jy66w48o/build/ModuleCache.noindex/DeveloperToolsSupport-172MVBBCFQPMPKSM27RH3471F.pcm

SwiftExplicitDependencyGeneratePcm arm64 /var/folders/fh/vt8wk6pn5dgd_tv982c123440000gp/T/picpac-snapshots-jy66w48o/build/ModuleCache.noindex/_Builtin_stdbool-782FG9KUXHL9IFREOEUVH82E2.pcm

SwiftExplicitDependencyGeneratePcm arm64 /var/folders/fh/vt8wk6pn5dgd_tv982c123440000gp/T/picpac-snapshots-jy66w48o/build/ModuleCache.noindex/ptrcheck-A41XIWOHFO0YGSA80NEFHJDW8.pcm

SwiftExplicitDependencyGeneratePcm arm64 /var/folders/fh/vt8wk6pn5dgd_tv982c123440000gp/T/picpac-snapshots-jy66w48o/build/ModuleCache.noindex/SwiftShims-DFAGJJBHP4R3OTQMOZD9PU5UR.pcm

SwiftExplicitDependencyGeneratePcm x86_64 /var/folders/fh/vt8wk6pn5dgd_tv982c123440000gp/T/picpac-snapshots-jy66w48o/build/ModuleCache.noindex/_DarwinFoundation1-28006NMWZB0NIMVV5SFZLD80H.pcm

SwiftExplicitDependencyGeneratePcm x86_64 /var/folders/fh/vt8wk6pn5dgd_tv982c123440000gp/T/picpac-snapshots-jy66w48o/build/ModuleCache.noindex/DeveloperToolsSupport-2P21NP7G2HPW71RMGG4IMH1KQ.pcm

SwiftExplicitDependencyGeneratePcm arm64 /var/folders/fh/vt8wk6pn5dgd_tv982c123440000gp/T/picpac-snapshots-jy66w48o/build/ModuleCache.noindex/_Builtin_float-AHF26BTBMWQEOLLDRX8AF22KI.pcm

SwiftExplicitDependencyGeneratePcm arm64 /var/folders/fh/vt8wk6pn5dgd_tv982c123440000gp/T/picpac-snapshots-jy66w48o/build/ModuleCache.noindex/_DarwinFoundation1-7TET0DMEY2BMNC9VHYQH5SPZK.pcm

SwiftDriverJobDiscovery normal x86_64 Compiling TabularPolicy.swift (in target 'PicPacAI' from project 'PicPacKit')

SwiftDriver\ Compilation PicPacAI normal x86_64 com.apple.xcode.tools.swift.compiler (in target 'PicPacAI' from project 'PicPacKit')
    cd /Users/bavabangaru/Developer/pic-pac-poe-ios-native-parity/ios/PicPacPoe.xcodeproj
    builtin-Swift-Compilation -- /Applications/Xcode.app/Contents/Developer/Toolchains/XcodeDefault.xctoolchain/usr/bin/swiftc -module-name PicPacAI -Onone @/var/folders/fh/vt8wk6pn5dgd_tv982c123440000gp/T/picpac-snapshots-jy66w48o/build/Build/Intermediates.noindex/PicPacKit.build/Debug-iphonesimulator/PicPacAI.build/Objects-normal/x86_64/PicPacAI.SwiftFileList -DSWIFT_PACKAGE -DDEBUG -DSWIFT_MODULE_RESOURCE_BUNDLE_AVAILABLE -DXcode -plugin-path /Applications/Xcode.app/Contents/Developer/Toolchains/XcodeDefault.xctoolchain/usr/lib/swift/host/plugins/testing -enable-experimental-feature DebugDescriptionMacro -sdk /Applications/Xcode.app/Contents/Developer/Platforms/iPhoneSimulator.platform/Developer/SDKs/iPhoneSimulator26.5.sdk -target x86_64-apple-ios17.0-simulator -g -module-cache-path /var/folders/fh/vt8wk6pn5dgd_tv982c123440000gp/T/picpac-snapshots-jy66w48o/build/ModuleCache.noindex -Xfrontend -serialize-debugging-options -profile-coverage-mapping -profile-generate -enable-testing -suppress-warnings -index-store-path /var/folders/fh/vt8wk6pn5dgd_tv982c123440000gp/T/picpac-snapshots-jy66w48o/build/Index.noindex/DataStore -Xcc -D_LIBCPP_HARDENING_MODE\=_LIBCPP_HARDENING_MODE_DEBUG -swift-version 6 -I /var/folders/fh/vt8wk6pn5dgd_tv982c123440000gp/T/picpac-snapshots-jy66w48o/build/Build/Products/Debug-iphonesimulator -Isystem /Applications/Xcode.app/Contents/Developer/Platforms/iPhoneSimulator.platform/Developer/usr/lib -F /var/folders/fh/vt8wk6pn5dgd_tv982c123440000gp/T/picpac-snapshots-jy66w48o/build/Build/Products/Debug-iphonesimulator/PackageFrameworks -F /var/folders/fh/vt8wk6pn5dgd_tv982c123440000gp/T/picpac-snapshots-jy66w48o/build/Build/Products/Debug-iphonesimulator -F /Applications/Xcode.app/Contents/Developer/Platforms/iPhoneSimulator.platform/Developer/Library/Frameworks -F /Applications/Xcode.app/Contents/Developer/Platforms/iPhoneSimulator.platform/Developer/SDKs/iPhoneSimulator26.5.sdk/Developer/Library/Frameworks -c -j12 -enable-batch-mode -incremental -Xcc -ivfsstatcache -Xcc /var/folders/fh/vt8wk6pn5dgd_tv982c123440000gp/T/picpac-snapshots-jy66w48o/build/SDKStatCaches.noindex/iphonesimulator26.5-23F81a-6cfe768891a92b912361537c460fe42b.sdkstatcache -output-file-map /var/folders/fh/vt8wk6pn5dgd_tv982c123440000gp/T/picpac-snapshots-jy66w48o/build/Build/Intermediates.noindex/PicPacKit.build/Debug-iphonesimulator/PicPacAI.build/Objects-normal/x86_64/PicPacAI-OutputFileMap.json -use-frontend-parseable-output -save-temps -no-color-diagnostics -explicit-module-build -module-cache-path /var/folders/fh/vt8wk6pn5dgd_tv982c123440000gp/T/picpac-snapshots-jy66w48o/build/Build/Intermediates.noindex/SwiftExplicitPrecompiledModules -clang-scanner-module-cache-path /var/folders/fh/vt8wk6pn5dgd_tv982c123440000gp/T/picpac-snapshots-jy66w48o/build/ModuleCache.noindex -sdk-module-cache-path /var/folders/fh/vt8wk6pn5dgd_tv982c123440000gp/T/picpac-snapshots-jy66w48o/build/ModuleCache.noindex -serialize-diagnostics -emit-dependencies -emit-module -emit-module-path /var/folders/fh/vt8wk6pn5dgd_tv982c123440000gp/T/picpac-snapshots-jy66w48o/build/Build/Intermediates.noindex/PicPacKit.build/Debug-iphonesimulator/PicPacAI.build/Objects-normal/x86_64/PicPacAI.swiftmodule -validate-clang-modules-once -clang-build-session-file /var/folders/fh/vt8wk6pn5dgd_tv982c123440000gp/T/picpac-snapshots-jy66w48o/build/ModuleCache.noindex/Session.modulevalidation -package-name picpackit -Xcc -I/var/folders/fh/vt8wk6pn5dgd_tv982c123440000gp/T/picpac-snapshots-jy66w48o/build/Build/Intermediates.noindex/PicPacKit.build/Debug-iphonesimulator/PicPacAI.build/swift-overrides.hmap -emit-const-values -Xfrontend -const-gather-protocols-file -Xfrontend /var/folders/fh/vt8wk6pn5dgd_tv982c123440000gp/T/picpac-snapshots-jy66w48o/build/Build/Intermediates.noindex/PicPacKit.build/Debug-iphonesimulator/PicPacAI.build/Objects-normal/x86_64/PicPacAI_const_extract_protocols.json -Xcc -I/var/folders/fh/vt8wk6pn5dgd_tv982c123440000gp/T/picpac-snapshots-jy66w48o/build/Build/Products/Debug-iphonesimulator/include -Xcc -I/var/folders/fh/vt8wk6pn5dgd_tv982c123440000gp/T/picpac-snapshots-jy66w48o/build/Build/Intermediates.noindex/PicPacKit.build/Debug-iphonesimulator/PicPacAI.build/DerivedSources-normal/x86_64 -Xcc -I/var/folders/fh/vt8wk6pn5dgd_tv982c123440000gp/T/picpac-snapshots-jy66w48o/build/Build/Intermediates.noindex/PicPacKit.build/Debug-iphonesimulator/PicPacAI.build/DerivedSources/x86_64 -Xcc -I/var/folders/fh/vt8wk6pn5dgd_tv982c123440000gp/T/picpac-snapshots-jy66w48o/build/Build/Intermediates.noindex/PicPacKit.build/Debug-iphonesimulator/PicPacAI.build/DerivedSources -Xcc -DSWIFT_PACKAGE -Xcc -DDEBUG\=1 -emit-objc-header -emit-objc-header-path /var/folders/fh/vt8wk6pn5dgd_tv982c123440000gp/T/picpac-snapshots-jy66w48o/build/Build/Intermediates.noindex/PicPacKit.build/Debug-iphonesimulator/PicPacAI.build/Objects-normal/x86_64/PicPacAI-Swift.h -working-directory /Users/bavabangaru/Developer/pic-pac-poe-ios-native-parity/ios/PicPacPoe.xcodeproj -experimental-emit-module-separately -disable-cmo

Ld /var/folders/fh/vt8wk6pn5dgd_tv982c123440000gp/T/picpac-snapshots-jy66w48o/build/Build/Intermediates.noindex/PicPacKit.build/Debug-iphonesimulator/PicPacAI.build/Objects-normal/x86_64/Binary/PicPacAI.o normal x86_64 (in target 'PicPacAI' from project 'PicPacKit')
    cd /Users/bavabangaru/Developer/pic-pac-poe-ios-native-parity/ios/Packages/PicPacKit
    /Applications/Xcode.app/Contents/Developer/Toolchains/XcodeDefault.xctoolchain/usr/bin/clang -Xlinker -reproducible -target x86_64-apple-ios17.0-simulator -r -isysroot /Applications/Xcode.app/Contents/Developer/Platforms/iPhoneSimulator.platform/Developer/SDKs/iPhoneSimulator26.5.sdk -O0 -w -F/var/folders/fh/vt8wk6pn5dgd_tv982c123440000gp/T/picpac-snapshots-jy66w48o/build/Build/Intermediates.noindex/EagerLinkingTBDs/Debug-iphonesimulator -F/var/folders/fh/vt8wk6pn5dgd_tv982c123440000gp/T/picpac-snapshots-jy66w48o/build/Build/Products/Debug-iphonesimulator/PackageFrameworks -F/var/folders/fh/vt8wk6pn5dgd_tv982c123440000gp/T/picpac-snapshots-jy66w48o/build/Build/Products/Debug-iphonesimulator -iframework /Applications/Xcode.app/Contents/Developer/Platforms/iPhoneSimulator.platform/Developer/Library/Frameworks -iframework /Applications/Xcode.app/Contents/Developer/Platforms/iPhoneSimulator.platform/Developer/SDKs/iPhoneSimulator26.5.sdk/Developer/Library/Frameworks -filelist /var/folders/fh/vt8wk6pn5dgd_tv982c123440000gp/T/picpac-snapshots-jy66w48o/build/Build/Intermediates.noindex/PicPacKit.build/Debug-iphonesimulator/PicPacAI.build/Objects-normal/x86_64/PicPacAI.LinkFileList -nostdlib -Xlinker -object_path_lto -Xlinker /var/folders/fh/vt8wk6pn5dgd_tv982c123440000gp/T/picpac-snapshots-jy66w48o/build/Build/Intermediates.noindex/PicPacKit.build/Debug-iphonesimulator/PicPacAI.build/Objects-normal/x86_64/PicPacAI_lto.o -Xlinker -no_deduplicate -Xlinker -objc_abi_version -Xlinker 2 -Xlinker -debug_variant -Xlinker -dependency_info -Xlinker /var/folders/fh/vt8wk6pn5dgd_tv982c123440000gp/T/picpac-snapshots-jy66w48o/build/Build/Intermediates.noindex/PicPacKit.build/Debug-iphonesimulator/PicPacAI.build/Objects-normal/x86_64/PicPacAI_dependency_info.dat -fobjc-link-runtime -L/Applications/Xcode.app/Contents/Developer/Toolchains/XcodeDefault.xctoolchain/usr/lib/swift/iphonesimulator -L/usr/lib/swift -Xlinker -add_ast_path -Xlinker /var/folders/fh/vt8wk6pn5dgd_tv982c123440000gp/T/picpac-snapshots-jy66w48o/build/Build/Intermediates.noindex/PicPacKit.build/Debug-iphonesimulator/PicPacAI.build/Objects-normal/x86_64/PicPacAI.swiftmodule @/var/folders/fh/vt8wk6pn5dgd_tv982c123440000gp/T/picpac-snapshots-jy66w48o/build/Build/Intermediates.noindex/PicPacKit.build/Debug-iphonesimulator/PicPacAI.build/Objects-normal/x86_64/PicPacAI-linker-args.resp -o /var/folders/fh/vt8wk6pn5dgd_tv982c123440000gp/T/picpac-snapshots-jy66w48o/build/Build/Intermediates.noindex/PicPacKit.build/Debug-iphonesimulator/PicPacAI.build/Objects-normal/x86_64/Binary/PicPacAI.o

SwiftExplicitDependencyGeneratePcm x86_64 /var/folders/fh/vt8wk6pn5dgd_tv982c123440000gp/T/picpac-snapshots-jy66w48o/build/ModuleCache.noindex/_DarwinFoundation2-5HXRZ5NX538JL4TBO8Q54M4T5.pcm

SwiftExplicitDependencyGeneratePcm x86_64 /var/folders/fh/vt8wk6pn5dgd_tv982c123440000gp/T/picpac-snapshots-jy66w48o/build/ModuleCache.noindex/_Builtin_limits-6GUZILRFYX0PMF9S817LNC4B4.pcm

SwiftExplicitDependencyGeneratePcm arm64 /var/folders/fh/vt8wk6pn5dgd_tv982c123440000gp/T/picpac-snapshots-jy66w48o/build/ModuleCache.noindex/_DarwinFoundation2-DCXDONFOHRHPRRMVH120BEODN.pcm

SwiftExplicitDependencyGeneratePcm arm64 /var/folders/fh/vt8wk6pn5dgd_tv982c123440000gp/T/picpac-snapshots-jy66w48o/build/ModuleCache.noindex/_Builtin_limits-CZVKC6ZVCR27XQBKVHEPQAVA9.pcm

SwiftDriverJobDiscovery normal arm64 Compiling TabularPolicy.swift (in target 'PicPacAI' from project 'PicPacKit')

SwiftDriver\ Compilation PicPacAI normal arm64 com.apple.xcode.tools.swift.compiler (in target 'PicPacAI' from project 'PicPacKit')
    cd /Users/bavabangaru/Developer/pic-pac-poe-ios-native-parity/ios/PicPacPoe.xcodeproj
    builtin-Swift-Compilation -- /Applications/Xcode.app/Contents/Developer/Toolchains/XcodeDefault.xctoolchain/usr/bin/swiftc -module-name PicPacAI -Onone @/var/folders/fh/vt8wk6pn5dgd_tv982c123440000gp/T/picpac-snapshots-jy66w48o/build/Build/Intermediates.noindex/PicPacKit.build/Debug-iphonesimulator/PicPacAI.build/Objects-normal/arm64/PicPacAI.SwiftFileList -DSWIFT_PACKAGE -DDEBUG -DSWIFT_MODULE_RESOURCE_BUNDLE_AVAILABLE -DXcode -plugin-path /Applications/Xcode.app/Contents/Developer/Toolchains/XcodeDefault.xctoolchain/usr/lib/swift/host/plugins/testing -enable-experimental-feature DebugDescriptionMacro -sdk /Applications/Xcode.app/Contents/Developer/Platforms/iPhoneSimulator.platform/Developer/SDKs/iPhoneSimulator26.5.sdk -target arm64-apple-ios17.0-simulator -g -module-cache-path /var/folders/fh/vt8wk6pn5dgd_tv982c123440000gp/T/picpac-snapshots-jy66w48o/build/ModuleCache.noindex -Xfrontend -serialize-debugging-options -profile-coverage-mapping -profile-generate -enable-testing -suppress-warnings -index-store-path /var/folders/fh/vt8wk6pn5dgd_tv982c123440000gp/T/picpac-snapshots-jy66w48o/build/Index.noindex/DataStore -Xcc -D_LIBCPP_HARDENING_MODE\=_LIBCPP_HARDENING_MODE_DEBUG -swift-version 6 -I /var/folders/fh/vt8wk6pn5dgd_tv982c123440000gp/T/picpac-snapshots-jy66w48o/build/Build/Products/Debug-iphonesimulator -Isystem /Applications/Xcode.app/Contents/Developer/Platforms/iPhoneSimulator.platform/Developer/usr/lib -F /var/folders/fh/vt8wk6pn5dgd_tv982c123440000gp/T/picpac-snapshots-jy66w48o/build/Build/Products/Debug-iphonesimulator/PackageFrameworks -F /var/folders/fh/vt8wk6pn5dgd_tv982c123440000gp/T/picpac-snapshots-jy66w48o/build/Build/Products/Debug-iphonesimulator -F /Applications/Xcode.app/Contents/Developer/Platforms/iPhoneSimulator.platform/Developer/Library/Frameworks -F /Applications/Xcode.app/Contents/Developer/Platforms/iPhoneSimulator.platform/Developer/SDKs/iPhoneSimulator26.5.sdk/Developer/Library/Frameworks -c -j12 -enable-batch-mode -incremental -Xcc -ivfsstatcache -Xcc /var/folders/fh/vt8wk6pn5dgd_tv982c123440000gp/T/picpac-snapshots-jy66w48o/build/SDKStatCaches.noindex/iphonesimulator26.5-23F81a-6cfe768891a92b912361537c460fe42b.sdkstatcache -output-file-map /var/folders/fh/vt8wk6pn5dgd_tv982c123440000gp/T/picpac-snapshots-jy66w48o/build/Build/Intermediates.noindex/PicPacKit.build/Debug-iphonesimulator/PicPacAI.build/Objects-normal/arm64/PicPacAI-OutputFileMap.json -use-frontend-parseable-output -save-temps -no-color-diagnostics -explicit-module-build -module-cache-path /var/folders/fh/vt8wk6pn5dgd_tv982c123440000gp/T/picpac-snapshots-jy66w48o/build/Build/Intermediates.noindex/SwiftExplicitPrecompiledModules -clang-scanner-module-cache-path /var/folders/fh/vt8wk6pn5dgd_tv982c123440000gp/T/picpac-snapshots-jy66w48o/build/ModuleCache.noindex -sdk-module-cache-path /var/folders/fh/vt8wk6pn5dgd_tv982c123440000gp/T/picpac-snapshots-jy66w48o/build/ModuleCache.noindex -serialize-diagnostics -emit-dependencies -emit-module -emit-module-path /var/folders/fh/vt8wk6pn5dgd_tv982c123440000gp/T/picpac-snapshots-jy66w48o/build/Build/Intermediates.noindex/PicPacKit.build/Debug-iphonesimulator/PicPacAI.build/Objects-normal/arm64/PicPacAI.swiftmodule -validate-clang-modules-once -clang-build-session-file /var/folders/fh/vt8wk6pn5dgd_tv982c123440000gp/T/picpac-snapshots-jy66w48o/build/ModuleCache.noindex/Session.modulevalidation -package-name picpackit -Xcc -I/var/folders/fh/vt8wk6pn5dgd_tv982c123440000gp/T/picpac-snapshots-jy66w48o/build/Build/Intermediates.noindex/PicPacKit.build/Debug-iphonesimulator/PicPacAI.build/swift-overrides.hmap -emit-const-values -Xfrontend -const-gather-protocols-file -Xfrontend /var/folders/fh/vt8wk6pn5dgd_tv982c123440000gp/T/picpac-snapshots-jy66w48o/build/Build/Intermediates.noindex/PicPacKit.build/Debug-iphonesimulator/PicPacAI.build/Objects-normal/arm64/PicPacAI_const_extract_protocols.json -Xcc -I/var/folders/fh/vt8wk6pn5dgd_tv982c123440000gp/T/picpac-snapshots-jy66w48o/build/Build/Products/Debug-iphonesimulator/include -Xcc -I/var/folders/fh/vt8wk6pn5dgd_tv982c123440000gp/T/picpac-snapshots-jy66w48o/build/Build/Intermediates.noindex/PicPacKit.build/Debug-iphonesimulator/PicPacAI.build/DerivedSources-normal/arm64 -Xcc -I/var/folders/fh/vt8wk6pn5dgd_tv982c123440000gp/T/picpac-snapshots-jy66w48o/build/Build/Intermediates.noindex/PicPacKit.build/Debug-iphonesimulator/PicPacAI.build/DerivedSources/arm64 -Xcc -I/var/folders/fh/vt8wk6pn5dgd_tv982c123440000gp/T/picpac-snapshots-jy66w48o/build/Build/Intermediates.noindex/PicPacKit.build/Debug-iphonesimulator/PicPacAI.build/DerivedSources -Xcc -DSWIFT_PACKAGE -Xcc -DDEBUG\=1 -emit-objc-header -emit-objc-header-path /var/folders/fh/vt8wk6pn5dgd_tv982c123440000gp/T/picpac-snapshots-jy66w48o/build/Build/Intermediates.noindex/PicPacKit.build/Debug-iphonesimulator/PicPacAI.build/Objects-normal/arm64/PicPacAI-Swift.h -working-directory /Users/bavabangaru/Developer/pic-pac-poe-ios-native-parity/ios/PicPacPoe.xcodeproj -experimental-emit-module-separately -disable-cmo

Ld /var/folders/fh/vt8wk6pn5dgd_tv982c123440000gp/T/picpac-snapshots-jy66w48o/build/Build/Intermediates.noindex/PicPacKit.build/Debug-iphonesimulator/PicPacAI.build/Objects-normal/arm64/Binary/PicPacAI.o normal arm64 (in target 'PicPacAI' from project 'PicPacKit')
    cd /Users/bavabangaru/Developer/pic-pac-poe-ios-native-parity/ios/Packages/PicPacKit
    /Applications/Xcode.app/Contents/Developer/Toolchains/XcodeDefault.xctoolchain/usr/bin/clang -Xlinker -reproducible -target arm64-apple-ios17.0-simulator -r -isysroot /Applications/Xcode.app/Contents/Developer/Platforms/iPhoneSimulator.platform/Developer/SDKs/iPhoneSimulator26.5.sdk -O0 -w -F/var/folders/fh/vt8wk6pn5dgd_tv982c123440000gp/T/picpac-snapshots-jy66w48o/build/Build/Intermediates.noindex/EagerLinkingTBDs/Debug-iphonesimulator -F/var/folders/fh/vt8wk6pn5dgd_tv982c123440000gp/T/picpac-snapshots-jy66w48o/build/Build/Products/Debug-iphonesimulator/PackageFrameworks -F/var/folders/fh/vt8wk6pn5dgd_tv982c123440000gp/T/picpac-snapshots-jy66w48o/build/Build/Products/Debug-iphonesimulator -iframework /Applications/Xcode.app/Contents/Developer/Platforms/iPhoneSimulator.platform/Developer/Library/Frameworks -iframework /Applications/Xcode.app/Contents/Developer/Platforms/iPhoneSimulator.platform/Developer/SDKs/iPhoneSimulator26.5.sdk/Developer/Library/Frameworks -filelist /var/folders/fh/vt8wk6pn5dgd_tv982c123440000gp/T/picpac-snapshots-jy66w48o/build/Build/Intermediates.noindex/PicPacKit.build/Debug-iphonesimulator/PicPacAI.build/Objects-normal/arm64/PicPacAI.LinkFileList -nostdlib -Xlinker -object_path_lto -Xlinker /var/folders/fh/vt8wk6pn5dgd_tv982c123440000gp/T/picpac-snapshots-jy66w48o/build/Build/Intermediates.noindex/PicPacKit.build/Debug-iphonesimulator/PicPacAI.build/Objects-normal/arm64/PicPacAI_lto.o -Xlinker -no_deduplicate -Xlinker -objc_abi_version -Xlinker 2 -Xlinker -debug_variant -Xlinker -dependency_info -Xlinker /var/folders/fh/vt8wk6pn5dgd_tv982c123440000gp/T/picpac-snapshots-jy66w48o/build/Build/Intermediates.noindex/PicPacKit.build/Debug-iphonesimulator/PicPacAI.build/Objects-normal/arm64/PicPacAI_dependency_info.dat -fobjc-link-runtime -L/Applications/Xcode.app/Contents/Developer/Toolchains/XcodeDefault.xctoolchain/usr/lib/swift/iphonesimulator -L/usr/lib/swift -Xlinker -add_ast_path -Xlinker /var/folders/fh/vt8wk6pn5dgd_tv982c123440000gp/T/picpac-snapshots-jy66w48o/build/Build/Intermediates.noindex/PicPacKit.build/Debug-iphonesimulator/PicPacAI.build/Objects-normal/arm64/PicPacAI.swiftmodule @/var/folders/fh/vt8wk6pn5dgd_tv982c123440000gp/T/picpac-snapshots-jy66w48o/build/Build/Intermediates.noindex/PicPacKit.build/Debug-iphonesimulator/PicPacAI.build/Objects-normal/arm64/PicPacAI-linker-args.resp -o /var/folders/fh/vt8wk6pn5dgd_tv982c123440000gp/T/picpac-snapshots-jy66w48o/build/Build/Intermediates.noindex/PicPacKit.build/Debug-iphonesimulator/PicPacAI.build/Objects-normal/arm64/Binary/PicPacAI.o

SwiftExplicitDependencyGeneratePcm x86_64 /var/folders/fh/vt8wk6pn5dgd_tv982c123440000gp/T/picpac-snapshots-jy66w48o/build/ModuleCache.noindex/sys_types-AZ6RZ362M0QLL2M519LOKBKVL.pcm

SwiftExplicitDependencyGeneratePcm x86_64 /var/folders/fh/vt8wk6pn5dgd_tv982c123440000gp/T/picpac-snapshots-jy66w48o/build/ModuleCache.noindex/_Builtin_tgmath-T5FFYTYFM535W19DYG3X7WG9.pcm

SwiftExplicitDependencyGeneratePcm x86_64 /var/folders/fh/vt8wk6pn5dgd_tv982c123440000gp/T/picpac-snapshots-jy66w48o/build/ModuleCache.noindex/_Builtin_stdint-1KRE6Z9DIREM62GBA0TNF4JX7.pcm

CreateUniversalBinary /var/folders/fh/vt8wk6pn5dgd_tv982c123440000gp/T/picpac-snapshots-jy66w48o/build/Build/Products/Debug-iphonesimulator/PicPacAI.o normal arm64\ x86_64 (in target 'PicPacAI' from project 'PicPacKit')
    cd /Users/bavabangaru/Developer/pic-pac-poe-ios-native-parity/ios/Packages/PicPacKit
    /Applications/Xcode.app/Contents/Developer/Toolchains/XcodeDefault.xctoolchain/usr/bin/lipo -create /var/folders/fh/vt8wk6pn5dgd_tv982c123440000gp/T/picpac-snapshots-jy66w48o/build/Build/Intermediates.noindex/PicPacKit.build/Debug-iphonesimulator/PicPacAI.build/Objects-normal/arm64/Binary/PicPacAI.o /var/folders/fh/vt8wk6pn5dgd_tv982c123440000gp/T/picpac-snapshots-jy66w48o/build/Build/Intermediates.noindex/PicPacKit.build/Debug-iphonesimulator/PicPacAI.build/Objects-normal/x86_64/Binary/PicPacAI.o -output /var/folders/fh/vt8wk6pn5dgd_tv982c123440000gp/T/picpac-snapshots-jy66w48o/build/Build/Products/Debug-iphonesimulator/PicPacAI.o

ExtractAppIntentsMetadata (in target 'PicPacAI' from project 'PicPacKit')
    cd /Users/bavabangaru/Developer/pic-pac-poe-ios-native-parity/ios/Packages/PicPacKit
    /Applications/Xcode.app/Contents/Developer/Toolchains/XcodeDefault.xctoolchain/usr/bin/appintentsmetadataprocessor --toolchain-dir /Applications/Xcode.app/Contents/Developer/Toolchains/XcodeDefault.xctoolchain --module-name PicPacAI --sdk-root /Applications/Xcode.app/Contents/Developer/Platforms/iPhoneSimulator.platform/Developer/SDKs/iPhoneSimulator26.5.sdk --xcode-version 17F113 --platform-family iOS --deployment-target 17.0 --bundle-identifier picpackit.PicPacAI --output /var/folders/fh/vt8wk6pn5dgd_tv982c123440000gp/T/picpac-snapshots-jy66w48o/build/Build/Products/Debug-iphonesimulator/PicPacAI.appintents --target-triple arm64-apple-ios17.0-simulator --target-triple x86_64-apple-ios17.0-simulator --binary-file /var/folders/fh/vt8wk6pn5dgd_tv982c123440000gp/T/picpac-snapshots-jy66w48o/build/Build/Products/Debug-iphonesimulator/PicPacAI.o --dependency-file /var/folders/fh/vt8wk6pn5dgd_tv982c123440000gp/T/picpac-snapshots-jy66w48o/build/Build/Intermediates.noindex/PicPacKit.build/Debug-iphonesimulator/PicPacAI.build/Objects-normal/arm64/PicPacAI_dependency_info.dat --dependency-file /var/folders/fh/vt8wk6pn5dgd_tv982c123440000gp/T/picpac-snapshots-jy66w48o/build/Build/Intermediates.noindex/PicPacKit.build/Debug-iphonesimulator/PicPacAI.build/Objects-normal/x86_64/PicPacAI_dependency_info.dat --stringsdata-file /var/folders/fh/vt8wk6pn5dgd_tv982c123440000gp/T/picpac-snapshots-jy66w48o/build/Build/Intermediates.noindex/PicPacKit.build/Debug-iphonesimulator/PicPacAI.build/Objects-normal/arm64/ExtractedAppShortcutsMetadata.stringsdata --stringsdata-file /var/folders/fh/vt8wk6pn5dgd_tv982c123440000gp/T/picpac-snapshots-jy66w48o/build/Build/Intermediates.noindex/PicPacKit.build/Debug-iphonesimulator/PicPacAI.build/Objects-normal/x86_64/ExtractedAppShortcutsMetadata.stringsdata --source-file-list /var/folders/fh/vt8wk6pn5dgd_tv982c123440000gp/T/picpac-snapshots-jy66w48o/build/Build/Intermediates.noindex/PicPacKit.build/Debug-iphonesimulator/PicPacAI.build/Objects-normal/arm64/PicPacAI.SwiftFileList --source-file-list /var/folders/fh/vt8wk6pn5dgd_tv982c123440000gp/T/picpac-snapshots-jy66w48o/build/Build/Intermediates.noindex/PicPacKit.build/Debug-iphonesimulator/PicPacAI.build/Objects-normal/x86_64/PicPacAI.SwiftFileList --metadata-file-list /var/folders/fh/vt8wk6pn5dgd_tv982c123440000gp/T/picpac-snapshots-jy66w48o/build/Build/Intermediates.noindex/PicPacKit.build/Debug-iphonesimulator/PicPacAI.build/PicPacAI.DependencyMetadataFileList --static-metadata-file-list /var/folders/fh/vt8wk6pn5dgd_tv982c123440000gp/T/picpac-snapshots-jy66w48o/build/Build/Intermediates.noindex/PicPacKit.build/Debug-iphonesimulator/PicPacAI.build/PicPacAI.DependencyStaticMetadataFileList --swift-const-vals-list /var/folders/fh/vt8wk6pn5dgd_tv982c123440000gp/T/picpac-snapshots-jy66w48o/build/Build/Intermediates.noindex/PicPacKit.build/Debug-iphonesimulator/PicPacAI.build/Objects-normal/arm64/PicPacAI.SwiftConstValuesFileList --swift-const-vals-list /var/folders/fh/vt8wk6pn5dgd_tv982c123440000gp/T/picpac-snapshots-jy66w48o/build/Build/Intermediates.noindex/PicPacKit.build/Debug-iphonesimulator/PicPacAI.build/Objects-normal/x86_64/PicPacAI.SwiftConstValuesFileList --force --compile-time-extraction --deployment-aware-processing --validate-assistant-intents --no-app-shortcuts-localization
2026-09-25 06:04:52.656 appintentsmetadataprocessor[99231:115933870] Starting appintentsmetadataprocessor export
2026-09-25 06:04:52.665 appintentsmetadataprocessor[99231:115933870] Extracted no relevant App Intents symbols, skipping writing output

SwiftExplicitDependencyGeneratePcm arm64 /var/folders/fh/vt8wk6pn5dgd_tv982c123440000gp/T/picpac-snapshots-jy66w48o/build/ModuleCache.noindex/_Builtin_tgmath-8MFQEMWON4I968HH3KL95C8LH.pcm

SwiftExplicitDependencyGeneratePcm arm64 /var/folders/fh/vt8wk6pn5dgd_tv982c123440000gp/T/picpac-snapshots-jy66w48o/build/ModuleCache.noindex/sys_types-5JDGSIY9KSG4G65T0HYO6KRKU.pcm

SwiftExplicitDependencyGeneratePcm arm64 /var/folders/fh/vt8wk6pn5dgd_tv982c123440000gp/T/picpac-snapshots-jy66w48o/build/ModuleCache.noindex/_Builtin_stdint-2MTJUWOWNTSY6BBIE0EDFZDPR.pcm

RegisterExecutionPolicyException /var/folders/fh/vt8wk6pn5dgd_tv982c123440000gp/T/picpac-snapshots-jy66w48o/build/Build/Products/Debug-iphonesimulator/PicPacAI.o (in target 'PicPacAI' from project 'PicPacKit')
    cd /Users/bavabangaru/Developer/pic-pac-poe-ios-native-parity/ios/Packages/PicPacKit
    builtin-RegisterExecutionPolicyException /var/folders/fh/vt8wk6pn5dgd_tv982c123440000gp/T/picpac-snapshots-jy66w48o/build/Build/Products/Debug-iphonesimulator/PicPacAI.o

SwiftExplicitDependencyGeneratePcm x86_64 /var/folders/fh/vt8wk6pn5dgd_tv982c123440000gp/T/picpac-snapshots-jy66w48o/build/ModuleCache.noindex/_DarwinFoundation3-36093YD149QR6K8X1MNITPOUJ.pcm

SwiftExplicitDependencyGeneratePcm x86_64 /var/folders/fh/vt8wk6pn5dgd_tv982c123440000gp/T/picpac-snapshots-jy66w48o/build/ModuleCache.noindex/_Builtin_stdatomic-C9ZRLP4URY99FV8VOCXLGAD63.pcm

CpResource /var/folders/fh/vt8wk6pn5dgd_tv982c123440000gp/T/picpac-snapshots-jy66w48o/build/Build/Products/Debug-iphonesimulator/PicPacPoe.app/fredoka_semibold.ttf /Users/bavabangaru/Developer/pic-pac-poe-ios-native-parity/app/src/main/res/font/fredoka_semibold.ttf (in target 'PicPacPoe' from project 'PicPacPoe')
    cd /Users/bavabangaru/Developer/pic-pac-poe-ios-native-parity/ios
    builtin-copy -exclude .DS_Store -exclude CVS -exclude .svn -exclude .git -exclude .hg -resolve-src-symlinks /Users/bavabangaru/Developer/pic-pac-poe-ios-native-parity/app/src/main/res/font/fredoka_semibold.ttf /var/folders/fh/vt8wk6pn5dgd_tv982c123440000gp/T/picpac-snapshots-jy66w48o/build/Build/Products/Debug-iphonesimulator/PicPacPoe.app

CpResource /var/folders/fh/vt8wk6pn5dgd_tv982c123440000gp/T/picpac-snapshots-jy66w48o/build/Build/Products/Debug-iphonesimulator/PicPacPoe.app/fredoka_medium.ttf /Users/bavabangaru/Developer/pic-pac-poe-ios-native-parity/app/src/main/res/font/fredoka_medium.ttf (in target 'PicPacPoe' from project 'PicPacPoe')
    cd /Users/bavabangaru/Developer/pic-pac-poe-ios-native-parity/ios
    builtin-copy -exclude .DS_Store -exclude CVS -exclude .svn -exclude .git -exclude .hg -resolve-src-symlinks /Users/bavabangaru/Developer/pic-pac-poe-ios-native-parity/app/src/main/res/font/fredoka_medium.ttf /var/folders/fh/vt8wk6pn5dgd_tv982c123440000gp/T/picpac-snapshots-jy66w48o/build/Build/Products/Debug-iphonesimulator/PicPacPoe.app

Copy /var/folders/fh/vt8wk6pn5dgd_tv982c123440000gp/T/picpac-snapshots-jy66w48o/build/Build/Products/Debug-iphonesimulator/PicPacPoe.app/PicPacKit_PicPacAI.bundle /var/folders/fh/vt8wk6pn5dgd_tv982c123440000gp/T/picpac-snapshots-jy66w48o/build/Build/Products/Debug-iphonesimulator/PicPacKit_PicPacAI.bundle (in target 'PicPacPoe' from project 'PicPacPoe')
    cd /Users/bavabangaru/Developer/pic-pac-poe-ios-native-parity/ios
    builtin-copy -exclude .DS_Store -exclude CVS -exclude .svn -exclude .git -exclude .hg -resolve-src-symlinks /var/folders/fh/vt8wk6pn5dgd_tv982c123440000gp/T/picpac-snapshots-jy66w48o/build/Build/Products/Debug-iphonesimulator/PicPacKit_PicPacAI.bundle /var/folders/fh/vt8wk6pn5dgd_tv982c123440000gp/T/picpac-snapshots-jy66w48o/build/Build/Products/Debug-iphonesimulator/PicPacPoe.app

CpResource /var/folders/fh/vt8wk6pn5dgd_tv982c123440000gp/T/picpac-snapshots-jy66w48o/build/Build/Products/Debug-iphonesimulator/PicPacPoe.app/fredoka-OFL.txt /Users/bavabangaru/Developer/pic-pac-poe-ios-native-parity/app/src/main/assets/licenses/fredoka-OFL.txt (in target 'PicPacPoe' from project 'PicPacPoe')
    cd /Users/bavabangaru/Developer/pic-pac-poe-ios-native-parity/ios
    builtin-copy -exclude .DS_Store -exclude CVS -exclude .svn -exclude .git -exclude .hg -resolve-src-symlinks /Users/bavabangaru/Developer/pic-pac-poe-ios-native-parity/app/src/main/assets/licenses/fredoka-OFL.txt /var/folders/fh/vt8wk6pn5dgd_tv982c123440000gp/T/picpac-snapshots-jy66w48o/build/Build/Products/Debug-iphonesimulator/PicPacPoe.app

Ld /var/folders/fh/vt8wk6pn5dgd_tv982c123440000gp/T/picpac-snapshots-jy66w48o/build/Build/Intermediates.noindex/PicPacPoe.build/Debug-iphonesimulator/PicPacPoe.build/Objects-normal/x86_64/Binary/__preview.dylib normal x86_64 (in target 'PicPacPoe' from project 'PicPacPoe')
    cd /Users/bavabangaru/Developer/pic-pac-poe-ios-native-parity/ios
    /Applications/Xcode.app/Contents/Developer/Toolchains/XcodeDefault.xctoolchain/usr/bin/clang -Xlinker -reproducible -target x86_64-apple-ios17.0-simulator -dynamiclib -isysroot /Applications/Xcode.app/Contents/Developer/Platforms/iPhoneSimulator.platform/Developer/SDKs/iPhoneSimulator26.5.sdk -O0 -L/var/folders/fh/vt8wk6pn5dgd_tv982c123440000gp/T/picpac-snapshots-jy66w48o/build/Build/Products/Debug-iphonesimulator -F/var/folders/fh/vt8wk6pn5dgd_tv982c123440000gp/T/picpac-snapshots-jy66w48o/build/Build/Products/Debug-iphonesimulator/PackageFrameworks -F/var/folders/fh/vt8wk6pn5dgd_tv982c123440000gp/T/picpac-snapshots-jy66w48o/build/Build/Products/Debug-iphonesimulator/PackageFrameworks -F/var/folders/fh/vt8wk6pn5dgd_tv982c123440000gp/T/picpac-snapshots-jy66w48o/build/Build/Products/Debug-iphonesimulator/PackageFrameworks -F/var/folders/fh/vt8wk6pn5dgd_tv982c123440000gp/T/picpac-snapshots-jy66w48o/build/Build/Products/Debug-iphonesimulator -install_name @rpath/PicPacPoe.debug.dylib -Xlinker -dead_strip -rdynamic -Xlinker -no_deduplicate -Xlinker -objc_abi_version -Xlinker 2 -Xlinker -debug_variant -Xlinker -dependency_info -Xlinker /var/folders/fh/vt8wk6pn5dgd_tv982c123440000gp/T/picpac-snapshots-jy66w48o/build/Build/Intermediates.noindex/PicPacPoe.build/Debug-iphonesimulator/PicPacPoe.build/Objects-normal/x86_64/PicPacPoe_dependency_info.dat -o /var/folders/fh/vt8wk6pn5dgd_tv982c123440000gp/T/picpac-snapshots-jy66w48o/build/Build/Intermediates.noindex/PicPacPoe.build/Debug-iphonesimulator/PicPacPoe.build/Objects-normal/x86_64/Binary/__preview.dylib

Ld /var/folders/fh/vt8wk6pn5dgd_tv982c123440000gp/T/picpac-snapshots-jy66w48o/build/Build/Intermediates.noindex/PicPacPoe.build/Debug-iphonesimulator/PicPacPoe.build/Objects-normal/arm64/Binary/__preview.dylib normal arm64 (in target 'PicPacPoe' from project 'PicPacPoe')
    cd /Users/bavabangaru/Developer/pic-pac-poe-ios-native-parity/ios
    /Applications/Xcode.app/Contents/Developer/Toolchains/XcodeDefault.xctoolchain/usr/bin/clang -Xlinker -reproducible -target arm64-apple-ios17.0-simulator -dynamiclib -isysroot /Applications/Xcode.app/Contents/Developer/Platforms/iPhoneSimulator.platform/Developer/SDKs/iPhoneSimulator26.5.sdk -O0 -L/var/folders/fh/vt8wk6pn5dgd_tv982c123440000gp/T/picpac-snapshots-jy66w48o/build/Build/Products/Debug-iphonesimulator -F/var/folders/fh/vt8wk6pn5dgd_tv982c123440000gp/T/picpac-snapshots-jy66w48o/build/Build/Products/Debug-iphonesimulator/PackageFrameworks -F/var/folders/fh/vt8wk6pn5dgd_tv982c123440000gp/T/picpac-snapshots-jy66w48o/build/Build/Products/Debug-iphonesimulator/PackageFrameworks -F/var/folders/fh/vt8wk6pn5dgd_tv982c123440000gp/T/picpac-snapshots-jy66w48o/build/Build/Products/Debug-iphonesimulator/PackageFrameworks -F/var/folders/fh/vt8wk6pn5dgd_tv982c123440000gp/T/picpac-snapshots-jy66w48o/build/Build/Products/Debug-iphonesimulator -install_name @rpath/PicPacPoe.debug.dylib -Xlinker -dead_strip -rdynamic -Xlinker -no_deduplicate -Xlinker -objc_abi_version -Xlinker 2 -Xlinker -debug_variant -Xlinker -dependency_info -Xlinker /var/folders/fh/vt8wk6pn5dgd_tv982c123440000gp/T/picpac-snapshots-jy66w48o/build/Build/Intermediates.noindex/PicPacPoe.build/Debug-iphonesimulator/PicPacPoe.build/Objects-normal/arm64/PicPacPoe_dependency_info.dat -o /var/folders/fh/vt8wk6pn5dgd_tv982c123440000gp/T/picpac-snapshots-jy66w48o/build/Build/Intermediates.noindex/PicPacPoe.build/Debug-iphonesimulator/PicPacPoe.build/Objects-normal/arm64/Binary/__preview.dylib

SwiftExplicitDependencyGeneratePcm arm64 /var/folders/fh/vt8wk6pn5dgd_tv982c123440000gp/T/picpac-snapshots-jy66w48o/build/ModuleCache.noindex/_Builtin_intrinsics-33WUZHWSV286FDREXDIWWX81G.pcm

SwiftExplicitDependencyGeneratePcm arm64 /var/folders/fh/vt8wk6pn5dgd_tv982c123440000gp/T/picpac-snapshots-jy66w48o/build/ModuleCache.noindex/_DarwinFoundation3-CNA5QO8H95ZX1I9HC05YRW9FD.pcm

SwiftExplicitDependencyGeneratePcm arm64 /var/folders/fh/vt8wk6pn5dgd_tv982c123440000gp/T/picpac-snapshots-jy66w48o/build/ModuleCache.noindex/_Builtin_stdatomic-1NS5TMWM37BKI6A1RM5UP4EOB.pcm

CreateUniversalBinary /var/folders/fh/vt8wk6pn5dgd_tv982c123440000gp/T/picpac-snapshots-jy66w48o/build/Build/Products/Debug-iphonesimulator/PicPacPoe.app/__preview.dylib normal arm64\ x86_64 (in target 'PicPacPoe' from project 'PicPacPoe')
    cd /Users/bavabangaru/Developer/pic-pac-poe-ios-native-parity/ios
    /Applications/Xcode.app/Contents/Developer/Toolchains/XcodeDefault.xctoolchain/usr/bin/lipo -create /var/folders/fh/vt8wk6pn5dgd_tv982c123440000gp/T/picpac-snapshots-jy66w48o/build/Build/Intermediates.noindex/PicPacPoe.build/Debug-iphonesimulator/PicPacPoe.build/Objects-normal/arm64/Binary/__preview.dylib /var/folders/fh/vt8wk6pn5dgd_tv982c123440000gp/T/picpac-snapshots-jy66w48o/build/Build/Intermediates.noindex/PicPacPoe.build/Debug-iphonesimulator/PicPacPoe.build/Objects-normal/x86_64/Binary/__preview.dylib -output /var/folders/fh/vt8wk6pn5dgd_tv982c123440000gp/T/picpac-snapshots-jy66w48o/build/Build/Products/Debug-iphonesimulator/PicPacPoe.app/__preview.dylib

SwiftExplicitDependencyGeneratePcm x86_64 /var/folders/fh/vt8wk6pn5dgd_tv982c123440000gp/T/picpac-snapshots-jy66w48o/build/ModuleCache.noindex/_Builtin_inttypes-6JR5EGSQVTTW0KY8TI5JHZCP3.pcm

SwiftExplicitDependencyGeneratePcm x86_64 /var/folders/fh/vt8wk6pn5dgd_tv982c123440000gp/T/picpac-snapshots-jy66w48o/build/ModuleCache.noindex/_Builtin_intrinsics-9RF2SFGO7T8A8ZU2QP83PWTQR.pcm

SwiftExplicitDependencyGeneratePcm arm64 /var/folders/fh/vt8wk6pn5dgd_tv982c123440000gp/T/picpac-snapshots-jy66w48o/build/ModuleCache.noindex/_Builtin_inttypes-X22WV01CFK4QI8G54BOHV1I8.pcm

SwiftExplicitDependencyGeneratePcm x86_64 /var/folders/fh/vt8wk6pn5dgd_tv982c123440000gp/T/picpac-snapshots-jy66w48o/build/ModuleCache.noindex/Darwin-E9GL1WJP66P2KTOB1C75L2IAM.pcm

SwiftExplicitDependencyGeneratePcm arm64 /var/folders/fh/vt8wk6pn5dgd_tv982c123440000gp/T/picpac-snapshots-jy66w48o/build/ModuleCache.noindex/Darwin-1CRTM4IY6CKC622E61PMDWXVB.pcm

SwiftExplicitDependencyGeneratePcm arm64 /var/folders/fh/vt8wk6pn5dgd_tv982c123440000gp/T/picpac-snapshots-jy66w48o/build/ModuleCache.noindex/simd-B6NE9KUD7AEHZIPUHSJJB20JG.pcm

SwiftExplicitDependencyGeneratePcm x86_64 /var/folders/fh/vt8wk6pn5dgd_tv982c123440000gp/T/picpac-snapshots-jy66w48o/build/ModuleCache.noindex/ObjectiveC-4CO632W86FKB77UCCAICKLJL4.pcm

SwiftExplicitDependencyGeneratePcm x86_64 /var/folders/fh/vt8wk6pn5dgd_tv982c123440000gp/T/picpac-snapshots-jy66w48o/build/ModuleCache.noindex/MachO-38UJ7ADQ8TBN8P2HIIE0T2HH8.pcm

SwiftExplicitDependencyGeneratePcm x86_64 /var/folders/fh/vt8wk6pn5dgd_tv982c123440000gp/T/picpac-snapshots-jy66w48o/build/ModuleCache.noindex/simd-8IYAES4SKMO75IHGJDL3NAE9N.pcm

SwiftExplicitDependencyGeneratePcm arm64 /var/folders/fh/vt8wk6pn5dgd_tv982c123440000gp/T/picpac-snapshots-jy66w48o/build/ModuleCache.noindex/MachO-62JHW6K4UNXGI6O1XEOCR3WM3.pcm

SwiftExplicitDependencyGeneratePcm arm64 /var/folders/fh/vt8wk6pn5dgd_tv982c123440000gp/T/picpac-snapshots-jy66w48o/build/ModuleCache.noindex/ObjectiveC-AVAIY9ON8E23UKMMUOTYUMM7.pcm

SwiftExplicitDependencyGeneratePcm x86_64 /var/folders/fh/vt8wk6pn5dgd_tv982c123440000gp/T/picpac-snapshots-jy66w48o/build/ModuleCache.noindex/os_object-4HO5TDX3RM4LEZMAIDJD3NZIJ.pcm

SwiftExplicitDependencyGeneratePcm arm64 /var/folders/fh/vt8wk6pn5dgd_tv982c123440000gp/T/picpac-snapshots-jy66w48o/build/ModuleCache.noindex/os_object-ANHPWKT2SLDUI9MNLCVI77C9J.pcm

SwiftExplicitDependencyGeneratePcm x86_64 /var/folders/fh/vt8wk6pn5dgd_tv982c123440000gp/T/picpac-snapshots-jy66w48o/build/ModuleCache.noindex/os_workgroup-9FNRVT4R4384OKOZ8AGXBMUYL.pcm

SwiftExplicitDependencyGeneratePcm arm64 /var/folders/fh/vt8wk6pn5dgd_tv982c123440000gp/T/picpac-snapshots-jy66w48o/build/ModuleCache.noindex/os_workgroup-B9L12THG66TV8CKNEP3WFVAYB.pcm

SwiftExplicitDependencyGeneratePcm x86_64 /var/folders/fh/vt8wk6pn5dgd_tv982c123440000gp/T/picpac-snapshots-jy66w48o/build/ModuleCache.noindex/Dispatch-84OV4KTP5EKDYC0ESPPWU51AW.pcm

SwiftExplicitDependencyGeneratePcm arm64 /var/folders/fh/vt8wk6pn5dgd_tv982c123440000gp/T/picpac-snapshots-jy66w48o/build/ModuleCache.noindex/Spatial-QBEMLFM4DL8UWGKJB12NRJ5F.pcm

SwiftExplicitDependencyGeneratePcm arm64 /var/folders/fh/vt8wk6pn5dgd_tv982c123440000gp/T/picpac-snapshots-jy66w48o/build/ModuleCache.noindex/Dispatch-99LD5GY2TU9B0H9A1CN7RM1MA.pcm

SwiftExplicitDependencyGeneratePcm x86_64 /var/folders/fh/vt8wk6pn5dgd_tv982c123440000gp/T/picpac-snapshots-jy66w48o/build/ModuleCache.noindex/dnssd-2COG75ICRR35X5Z1U73RBRMM0.pcm

SwiftExplicitDependencyGeneratePcm x86_64 /var/folders/fh/vt8wk6pn5dgd_tv982c123440000gp/T/picpac-snapshots-jy66w48o/build/ModuleCache.noindex/CoreFoundation-6FUBXX46BNXE9RGZ3Z90UHM55.pcm

SwiftExplicitDependencyGeneratePcm x86_64 /var/folders/fh/vt8wk6pn5dgd_tv982c123440000gp/T/picpac-snapshots-jy66w48o/build/ModuleCache.noindex/XPC-C8Z4AEUQCZOV3HGT99O17BXYV.pcm

SwiftExplicitDependencyGeneratePcm arm64 /var/folders/fh/vt8wk6pn5dgd_tv982c123440000gp/T/picpac-snapshots-jy66w48o/build/ModuleCache.noindex/dnssd-2LSVBWTA2C6ULCHG9MK7COBDW.pcm

SwiftExplicitDependencyGeneratePcm arm64 /var/folders/fh/vt8wk6pn5dgd_tv982c123440000gp/T/picpac-snapshots-jy66w48o/build/ModuleCache.noindex/XPC-39TMGCV0DOOPSEBRBNBT8554K.pcm

SwiftExplicitDependencyGeneratePcm arm64 /var/folders/fh/vt8wk6pn5dgd_tv982c123440000gp/T/picpac-snapshots-jy66w48o/build/ModuleCache.noindex/CoreFoundation-ASQSHU2PXRHUK6OF7CGRICMAA.pcm

SwiftExplicitDependencyGeneratePcm x86_64 /var/folders/fh/vt8wk6pn5dgd_tv982c123440000gp/T/picpac-snapshots-jy66w48o/build/ModuleCache.noindex/os-B40T0E6BYOXJIX8V01BWSEAZO.pcm

SwiftExplicitDependencyGeneratePcm x86_64 /var/folders/fh/vt8wk6pn5dgd_tv982c123440000gp/T/picpac-snapshots-jy66w48o/build/ModuleCache.noindex/Security-3H56ZQOA3TWSXQWHBE14ATDJK.pcm

SwiftExplicitDependencyGeneratePcm x86_64 /var/folders/fh/vt8wk6pn5dgd_tv982c123440000gp/T/picpac-snapshots-jy66w48o/build/ModuleCache.noindex/CoreAudioTypes-97ZLO2YUI525QHB0NVAV641B8.pcm

SwiftExplicitDependencyGeneratePcm x86_64 /var/folders/fh/vt8wk6pn5dgd_tv982c123440000gp/T/picpac-snapshots-jy66w48o/build/ModuleCache.noindex/CFNetwork-DGF3HV4ISFY17USLCIPGTX6ZT.pcm

SwiftExplicitDependencyGeneratePcm x86_64 /var/folders/fh/vt8wk6pn5dgd_tv982c123440000gp/T/picpac-snapshots-jy66w48o/build/ModuleCache.noindex/CoreGraphics-24YQDXKY06QCJ8U3D5P90Y9BN.pcm

SwiftExplicitDependencyGeneratePcm arm64 /var/folders/fh/vt8wk6pn5dgd_tv982c123440000gp/T/picpac-snapshots-jy66w48o/build/ModuleCache.noindex/os-16JUBH0P61DAX092VZQICRW5P.pcm

SwiftExplicitDependencyGeneratePcm x86_64 /var/folders/fh/vt8wk6pn5dgd_tv982c123440000gp/T/picpac-snapshots-jy66w48o/build/ModuleCache.noindex/CoreAudio-87DT3R5598P2SNHHBLFBI86T8.pcm

SwiftExplicitDependencyGeneratePcm arm64 /var/folders/fh/vt8wk6pn5dgd_tv982c123440000gp/T/picpac-snapshots-jy66w48o/build/ModuleCache.noindex/CoreAudioTypes-5FHSXTJ2L11W8LSZNKBEXK8VQ.pcm

SwiftExplicitDependencyGeneratePcm arm64 /var/folders/fh/vt8wk6pn5dgd_tv982c123440000gp/T/picpac-snapshots-jy66w48o/build/ModuleCache.noindex/CFNetwork-DPLT7JNKZ5WJ4QZRU4C6AICVD.pcm

SwiftExplicitDependencyGeneratePcm arm64 /var/folders/fh/vt8wk6pn5dgd_tv982c123440000gp/T/picpac-snapshots-jy66w48o/build/ModuleCache.noindex/CoreGraphics-C9I14KQ79UAZGXCR1L4BJIAQR.pcm

SwiftExplicitDependencyGeneratePcm arm64 /var/folders/fh/vt8wk6pn5dgd_tv982c123440000gp/T/picpac-snapshots-jy66w48o/build/ModuleCache.noindex/Security-ETSIYDNGFD0R5AOPJC9BNGHL.pcm

SwiftExplicitDependencyGeneratePcm x86_64 /var/folders/fh/vt8wk6pn5dgd_tv982c123440000gp/T/picpac-snapshots-jy66w48o/build/ModuleCache.noindex/Spatial-DWKX622FNPBLLXGEX0E6PFM2A.pcm

SwiftExplicitDependencyGeneratePcm x86_64 /var/folders/fh/vt8wk6pn5dgd_tv982c123440000gp/T/picpac-snapshots-jy66w48o/build/ModuleCache.noindex/Foundation-2Q844NS5N4VTSPGSO5YJAIFHH.pcm

SwiftExplicitDependencyGeneratePcm x86_64 /var/folders/fh/vt8wk6pn5dgd_tv982c123440000gp/T/picpac-snapshots-jy66w48o/build/ModuleCache.noindex/ImageIO-BXG25V2KBZAVUNG6QJ5NTOOL3.pcm

SwiftExplicitDependencyGeneratePcm x86_64 /var/folders/fh/vt8wk6pn5dgd_tv982c123440000gp/T/picpac-snapshots-jy66w48o/build/ModuleCache.noindex/CoreText-7QRIPLGNNID2VFG22L734SJ63.pcm

SwiftExplicitDependencyGeneratePcm arm64 /var/folders/fh/vt8wk6pn5dgd_tv982c123440000gp/T/picpac-snapshots-jy66w48o/build/ModuleCache.noindex/CoreAudio-8S43J6F6WKY95BRSH9Y9XRDQL.pcm

SwiftExplicitDependencyGeneratePcm arm64 /var/folders/fh/vt8wk6pn5dgd_tv982c123440000gp/T/picpac-snapshots-jy66w48o/build/ModuleCache.noindex/Foundation-783EILY4LP55UU83BQTT2YZ2C.pcm

SwiftExplicitDependencyGeneratePcm arm64 /var/folders/fh/vt8wk6pn5dgd_tv982c123440000gp/T/picpac-snapshots-jy66w48o/build/ModuleCache.noindex/CoreText-K4AVULCYS1EKX95194RB3362.pcm

SwiftExplicitDependencyGeneratePcm arm64 /var/folders/fh/vt8wk6pn5dgd_tv982c123440000gp/T/picpac-snapshots-jy66w48o/build/ModuleCache.noindex/ImageIO-9V9WLQFBHE4XUQJKK4ZUL685X.pcm

SwiftExplicitDependencyGeneratePcm x86_64 /var/folders/fh/vt8wk6pn5dgd_tv982c123440000gp/T/picpac-snapshots-jy66w48o/build/ModuleCache.noindex/UIUtilities-47SIR2AD1TKHYRV8W5DFQ43O1.pcm

SwiftExplicitDependencyGeneratePcm x86_64 /var/folders/fh/vt8wk6pn5dgd_tv982c123440000gp/T/picpac-snapshots-jy66w48o/build/ModuleCache.noindex/CoreMIDI-2WRNJOCP7RKY6K8D3RFS36X7K.pcm

SwiftExplicitDependencyGeneratePcm x86_64 /var/folders/fh/vt8wk6pn5dgd_tv982c123440000gp/T/picpac-snapshots-jy66w48o/build/ModuleCache.noindex/Accessibility-4G6E7GWRWLKSMS1WMUH97KEDN.pcm

SwiftExplicitDependencyGeneratePcm x86_64 /var/folders/fh/vt8wk6pn5dgd_tv982c123440000gp/T/picpac-snapshots-jy66w48o/build/ModuleCache.noindex/OSLog-A6B68QXJ1I5OEMZ04IGSWG2L9.pcm

SwiftExplicitDependencyGeneratePcm x86_64 /var/folders/fh/vt8wk6pn5dgd_tv982c123440000gp/T/picpac-snapshots-jy66w48o/build/ModuleCache.noindex/CoreData-4YTN2IK9OVIGZP32OYW6G2V51.pcm

SwiftExplicitDependencyGeneratePcm x86_64 /var/folders/fh/vt8wk6pn5dgd_tv982c123440000gp/T/picpac-snapshots-jy66w48o/build/ModuleCache.noindex/OpenGLES-2NCCGWLCASE3ZJHKDV79GXMVX.pcm

SwiftExplicitDependencyGeneratePcm x86_64 /var/folders/fh/vt8wk6pn5dgd_tv982c123440000gp/T/picpac-snapshots-jy66w48o/build/ModuleCache.noindex/FileProvider-AJSHE4PQES68KKLPHY09XA9UI.pcm

SwiftExplicitDependencyGeneratePcm x86_64 /var/folders/fh/vt8wk6pn5dgd_tv982c123440000gp/T/picpac-snapshots-jy66w48o/build/ModuleCache.noindex/UniformTypeIdentifiers-2KZXVLK0KOAMTHHXYVTWDWCOX.pcm

SwiftExplicitDependencyGeneratePcm x86_64 /var/folders/fh/vt8wk6pn5dgd_tv982c123440000gp/T/picpac-snapshots-jy66w48o/build/ModuleCache.noindex/IOSurface-54QK0DJ2SHY9602D1NAVR5079.pcm

SwiftExplicitDependencyGeneratePcm x86_64 /var/folders/fh/vt8wk6pn5dgd_tv982c123440000gp/T/picpac-snapshots-jy66w48o/build/ModuleCache.noindex/Network-8540GYBFAZB2Z80KAWJ5TFAB7.pcm

SwiftExplicitDependencyGeneratePcm x86_64 /var/folders/fh/vt8wk6pn5dgd_tv982c123440000gp/T/picpac-snapshots-jy66w48o/build/ModuleCache.noindex/UserNotifications-BEWB6YMSSZ1JI5XS0G7K7LMBD.pcm

SwiftExplicitDependencyGeneratePcm arm64 /var/folders/fh/vt8wk6pn5dgd_tv982c123440000gp/T/picpac-snapshots-jy66w48o/build/ModuleCache.noindex/CoreMIDI-744VUJPOBEC4XDP9DX2CR5UEM.pcm

SwiftExplicitDependencyGeneratePcm arm64 /var/folders/fh/vt8wk6pn5dgd_tv982c123440000gp/T/picpac-snapshots-jy66w48o/build/ModuleCache.noindex/Symbols-DNQRKPR0386QZZASOSHEE0X51.pcm

SwiftExplicitDependencyGeneratePcm arm64 /var/folders/fh/vt8wk6pn5dgd_tv982c123440000gp/T/picpac-snapshots-jy66w48o/build/ModuleCache.noindex/UniformTypeIdentifiers-6KL9U9IYF4CLLF3X1W0EE7MTI.pcm

SwiftExplicitDependencyGeneratePcm arm64 /var/folders/fh/vt8wk6pn5dgd_tv982c123440000gp/T/picpac-snapshots-jy66w48o/build/ModuleCache.noindex/OSLog-EMCM5W3LAS2V22U6DFVFU8YS8.pcm

SwiftExplicitDependencyGeneratePcm x86_64 /var/folders/fh/vt8wk6pn5dgd_tv982c123440000gp/T/picpac-snapshots-jy66w48o/build/ModuleCache.noindex/DataDetection-57D2LYS6VI6CQST1RTQHLLJV8.pcm

SwiftExplicitDependencyGeneratePcm arm64 /var/folders/fh/vt8wk6pn5dgd_tv982c123440000gp/T/picpac-snapshots-jy66w48o/build/ModuleCache.noindex/UserNotifications-ADFF699CZZL9HPO9KMZRBWFL.pcm

SwiftExplicitDependencyGeneratePcm arm64 /var/folders/fh/vt8wk6pn5dgd_tv982c123440000gp/T/picpac-snapshots-jy66w48o/build/ModuleCache.noindex/DataDetection-6V5OPC9EGAAU9MGMSYDSI8L4Z.pcm

SwiftExplicitDependencyGeneratePcm arm64 /var/folders/fh/vt8wk6pn5dgd_tv982c123440000gp/T/picpac-snapshots-jy66w48o/build/ModuleCache.noindex/CoreData-PM0ULAR776IYL7UUO65FYHDX.pcm

SwiftExplicitDependencyGeneratePcm x86_64 /var/folders/fh/vt8wk6pn5dgd_tv982c123440000gp/T/picpac-snapshots-jy66w48o/build/ModuleCache.noindex/AudioToolbox-CKB5XTR3C9BI0PEZ4UKSU8BRE.pcm

SwiftExplicitDependencyGeneratePcm x86_64 /var/folders/fh/vt8wk6pn5dgd_tv982c123440000gp/T/picpac-snapshots-jy66w48o/build/ModuleCache.noindex/AVRouting-BV75E7TRQI7NOFWQQKT0K765N.pcm

SwiftExplicitDependencyGeneratePcm arm64 /var/folders/fh/vt8wk6pn5dgd_tv982c123440000gp/T/picpac-snapshots-jy66w48o/build/ModuleCache.noindex/Accessibility-2LYQJOU7FH83KN3Z3UAO5D0L3.pcm

SwiftExplicitDependencyGeneratePcm arm64 /var/folders/fh/vt8wk6pn5dgd_tv982c123440000gp/T/picpac-snapshots-jy66w48o/build/ModuleCache.noindex/IOSurface-92SVHI50LMKI7Z0EJ60QJW566.pcm

SwiftExplicitDependencyGeneratePcm arm64 /var/folders/fh/vt8wk6pn5dgd_tv982c123440000gp/T/picpac-snapshots-jy66w48o/build/ModuleCache.noindex/FileProvider-13JRHX9CELJJQOQUEIOK3DOAM.pcm

SwiftExplicitDependencyGeneratePcm x86_64 /var/folders/fh/vt8wk6pn5dgd_tv982c123440000gp/T/picpac-snapshots-jy66w48o/build/ModuleCache.noindex/CoreTransferable-ANR8TYL0NJIIUL8TL4LXUB1TR.pcm

SwiftExplicitDependencyGeneratePcm arm64 /var/folders/fh/vt8wk6pn5dgd_tv982c123440000gp/T/picpac-snapshots-jy66w48o/build/ModuleCache.noindex/Network-3TXUW7GFCLLO3UDGK48TNCXOA.pcm

SwiftExplicitDependencyGeneratePcm arm64 /var/folders/fh/vt8wk6pn5dgd_tv982c123440000gp/T/picpac-snapshots-jy66w48o/build/ModuleCache.noindex/OpenGLES-F0IDJ58E3Y1KIGGIMDY46V62.pcm

SwiftExplicitDependencyGeneratePcm arm64 /var/folders/fh/vt8wk6pn5dgd_tv982c123440000gp/T/picpac-snapshots-jy66w48o/build/ModuleCache.noindex/CoreTransferable-3K3G5LWBI5IUFJP38KD13ST9T.pcm

SwiftExplicitDependencyGeneratePcm arm64 /var/folders/fh/vt8wk6pn5dgd_tv982c123440000gp/T/picpac-snapshots-jy66w48o/build/ModuleCache.noindex/AudioToolbox-5Y5DDLD61YMF94XNBALOYNV2I.pcm

SwiftExplicitDependencyGeneratePcm arm64 /var/folders/fh/vt8wk6pn5dgd_tv982c123440000gp/T/picpac-snapshots-jy66w48o/build/ModuleCache.noindex/UIUtilities-8KKH0BA6NA4G2T6S8Z9J31R3Y.pcm

SwiftExplicitDependencyGeneratePcm x86_64 /var/folders/fh/vt8wk6pn5dgd_tv982c123440000gp/T/picpac-snapshots-jy66w48o/build/ModuleCache.noindex/Metal-46F5EC6PZCY4VXH6QEIWOQSUC.pcm

SwiftExplicitDependencyGeneratePcm arm64 /var/folders/fh/vt8wk6pn5dgd_tv982c123440000gp/T/picpac-snapshots-jy66w48o/build/ModuleCache.noindex/Metal-BMMLITM8ND1HQQKMTJ5CFHEBJ.pcm

SwiftExplicitDependencyGeneratePcm x86_64 /var/folders/fh/vt8wk6pn5dgd_tv982c123440000gp/T/picpac-snapshots-jy66w48o/build/ModuleCache.noindex/Symbols-121M7NB0TA0EYAL7DL7CR3SQX.pcm

SwiftExplicitDependencyGeneratePcm arm64 /var/folders/fh/vt8wk6pn5dgd_tv982c123440000gp/T/picpac-snapshots-jy66w48o/build/ModuleCache.noindex/AVRouting-7O7HL5GPD5Y9W2RPVFN1MUQMK.pcm

SwiftExplicitDependencyGeneratePcm x86_64 /var/folders/fh/vt8wk6pn5dgd_tv982c123440000gp/T/picpac-snapshots-jy66w48o/build/ModuleCache.noindex/CoreVideo-69E31MHYLEX3QN2YKPKKT95C8.pcm

SwiftExplicitDependencyGeneratePcm arm64 /var/folders/fh/vt8wk6pn5dgd_tv982c123440000gp/T/picpac-snapshots-jy66w48o/build/ModuleCache.noindex/CoreVideo-A4P6UZSG0VXQ4GFGPDU5K6ESV.pcm

SwiftExplicitDependencyGeneratePcm x86_64 /var/folders/fh/vt8wk6pn5dgd_tv982c123440000gp/T/picpac-snapshots-jy66w48o/build/ModuleCache.noindex/QuartzCore-96SK894E8NE3HG4V8HWWFAHY2.pcm

SwiftExplicitDependencyGeneratePcm x86_64 /var/folders/fh/vt8wk6pn5dgd_tv982c123440000gp/T/picpac-snapshots-jy66w48o/build/ModuleCache.noindex/CoreImage-38SUA5AB38E87FZ81Y22Y5OVG.pcm

SwiftExplicitDependencyGeneratePcm x86_64 /var/folders/fh/vt8wk6pn5dgd_tv982c123440000gp/T/picpac-snapshots-jy66w48o/build/ModuleCache.noindex/CoreMedia-ARAH8NYKMPLOZFCSM5CC12Q5S.pcm

SwiftExplicitDependencyGeneratePcm arm64 /var/folders/fh/vt8wk6pn5dgd_tv982c123440000gp/T/picpac-snapshots-jy66w48o/build/ModuleCache.noindex/CoreImage-FENV0NOAKNX65GMSWIFAEGAE.pcm

SwiftExplicitDependencyGeneratePcm arm64 /var/folders/fh/vt8wk6pn5dgd_tv982c123440000gp/T/picpac-snapshots-jy66w48o/build/ModuleCache.noindex/CoreMedia-BES21S4IPGOMP7HS0NAB4RK20.pcm

SwiftExplicitDependencyGeneratePcm arm64 /var/folders/fh/vt8wk6pn5dgd_tv982c123440000gp/T/picpac-snapshots-jy66w48o/build/ModuleCache.noindex/QuartzCore-CYDYV23MWT7J43YLHLZOKPTSW.pcm

SwiftExplicitDependencyGeneratePcm x86_64 /var/folders/fh/vt8wk6pn5dgd_tv982c123440000gp/T/picpac-snapshots-jy66w48o/build/ModuleCache.noindex/SwiftUICore-4AG0ZAWBTWY82RXBX6M5038C8.pcm

SwiftExplicitDependencyGeneratePcm x86_64 /var/folders/fh/vt8wk6pn5dgd_tv982c123440000gp/T/picpac-snapshots-jy66w48o/build/ModuleCache.noindex/UIKit-1WWO1FW6EZ1FF7439DYNUYM6U.pcm

SwiftExplicitDependencyGeneratePcm x86_64 /var/folders/fh/vt8wk6pn5dgd_tv982c123440000gp/T/picpac-snapshots-jy66w48o/build/ModuleCache.noindex/AVFAudio-BN37E4EQSS2B23MP5F6YHOXZS.pcm

SwiftExplicitDependencyGeneratePcm x86_64 /var/folders/fh/vt8wk6pn5dgd_tv982c123440000gp/T/picpac-snapshots-jy66w48o/build/ModuleCache.noindex/MediaToolbox-877NVS6EGCESJWIIRK8Z1M1GG.pcm

SwiftExplicitDependencyGeneratePcm arm64 /var/folders/fh/vt8wk6pn5dgd_tv982c123440000gp/T/picpac-snapshots-jy66w48o/build/ModuleCache.noindex/SwiftUICore-16QA1PSG0NWKJOSCW6OYCNA4I.pcm

SwiftExplicitDependencyGeneratePcm arm64 /var/folders/fh/vt8wk6pn5dgd_tv982c123440000gp/T/picpac-snapshots-jy66w48o/build/ModuleCache.noindex/UIKit-ESX97CZI52JYVYUYECM34R3GN.pcm

SwiftExplicitDependencyGeneratePcm arm64 /var/folders/fh/vt8wk6pn5dgd_tv982c123440000gp/T/picpac-snapshots-jy66w48o/build/ModuleCache.noindex/MediaToolbox-16OQP5CNHE9T2VWK69VAGMW93.pcm

SwiftExplicitDependencyGeneratePcm arm64 /var/folders/fh/vt8wk6pn5dgd_tv982c123440000gp/T/picpac-snapshots-jy66w48o/build/ModuleCache.noindex/AVFAudio-3SLAQ90S5H2840IZAWYF8JBWS.pcm

SwiftExplicitDependencyGeneratePcm x86_64 /var/folders/fh/vt8wk6pn5dgd_tv982c123440000gp/T/picpac-snapshots-jy66w48o/build/ModuleCache.noindex/AVFoundation-5UBS8BDPGYXS3VHWCFG46JW5S.pcm

SwiftExplicitDependencyGeneratePcm arm64 /var/folders/fh/vt8wk6pn5dgd_tv982c123440000gp/T/picpac-snapshots-jy66w48o/build/ModuleCache.noindex/AVFoundation-D2KYELMY1UZCI2K6O55RX31DW.pcm

SwiftExplicitDependencyGeneratePcm x86_64 /var/folders/fh/vt8wk6pn5dgd_tv982c123440000gp/T/picpac-snapshots-jy66w48o/build/ModuleCache.noindex/SwiftUI-6473QRLLN7UXSL0G0T2E3AQQ4.pcm

SwiftExplicitDependencyGeneratePcm arm64 /var/folders/fh/vt8wk6pn5dgd_tv982c123440000gp/T/picpac-snapshots-jy66w48o/build/ModuleCache.noindex/SwiftUI-136SOFVU9ZYFPSHNPV9MS02YL.pcm

SwiftCompile normal x86_64 Compiling\ ProductionAIWorker.swift /Users/bavabangaru/Developer/pic-pac-poe-ios-native-parity/ios/PicPacPoe/ProductionAIWorker.swift (in target 'PicPacPoe' from project 'PicPacPoe')

SwiftCompile normal x86_64 /Users/bavabangaru/Developer/pic-pac-poe-ios-native-parity/ios/PicPacPoe/ProductionAIWorker.swift (in target 'PicPacPoe' from project 'PicPacPoe')
    cd /Users/bavabangaru/Developer/pic-pac-poe-ios-native-parity/ios
    

SwiftEmitModule normal x86_64 Emitting\ module\ for\ PicPacPoe (in target 'PicPacPoe' from project 'PicPacPoe')

EmitSwiftModule normal x86_64 (in target 'PicPacPoe' from project 'PicPacPoe')
    cd /Users/bavabangaru/Developer/pic-pac-poe-ios-native-parity/ios
    

SwiftCompile normal x86_64 Compiling\ DebugLaunchConfiguration.swift /Users/bavabangaru/Developer/pic-pac-poe-ios-native-parity/ios/PicPacPoe/DebugLaunchConfiguration.swift (in target 'PicPacPoe' from project 'PicPacPoe')
SwiftCompile normal x86_64 /Users/bavabangaru/Developer/pic-pac-poe-ios-native-parity/ios/PicPacPoe/DebugLaunchConfiguration.swift (in target 'PicPacPoe' from project 'PicPacPoe')
    cd /Users/bavabangaru/Developer/pic-pac-poe-ios-native-parity/ios
    

SwiftCompile normal x86_64 Compiling\ InfoViews.swift /Users/bavabangaru/Developer/pic-pac-poe-ios-native-parity/ios/PicPacPoe/InfoViews.swift (in target 'PicPacPoe' from project 'PicPacPoe')
SwiftCompile normal x86_64 /Users/bavabangaru/Developer/pic-pac-poe-ios-native-parity/ios/PicPacPoe/InfoViews.swift (in target 'PicPacPoe' from project 'PicPacPoe')
    cd /Users/bavabangaru/Developer/pic-pac-poe-ios-native-parity/ios
    

SwiftCompile normal x86_64 Compiling\ PhysicalBoard.swift /Users/bavabangaru/Developer/pic-pac-poe-ios-native-parity/ios/PicPacPoe/PhysicalBoard.swift (in target 'PicPacPoe' from project 'PicPacPoe')

SwiftCompile normal x86_64 /Users/bavabangaru/Developer/pic-pac-poe-ios-native-parity/ios/PicPacPoe/PhysicalBoard.swift (in target 'PicPacPoe' from project 'PicPacPoe')
    cd /Users/bavabangaru/Developer/pic-pac-poe-ios-native-parity/ios
    

SwiftCompile normal x86_64 Compiling\ HomeView.swift /Users/bavabangaru/Developer/pic-pac-poe-ios-native-parity/ios/PicPacPoe/HomeView.swift (in target 'PicPacPoe' from project 'PicPacPoe')
SwiftCompile normal x86_64 /Users/bavabangaru/Developer/pic-pac-poe-ios-native-parity/ios/PicPacPoe/HomeView.swift (in target 'PicPacPoe' from project 'PicPacPoe')
    cd /Users/bavabangaru/Developer/pic-pac-poe-ios-native-parity/ios
    

SwiftCompile normal x86_64 Compiling\ PicPacPoeApp.swift /Users/bavabangaru/Developer/pic-pac-poe-ios-native-parity/ios/PicPacPoe/PicPacPoeApp.swift (in target 'PicPacPoe' from project 'PicPacPoe')

SwiftCompile normal x86_64 /Users/bavabangaru/Developer/pic-pac-poe-ios-native-parity/ios/PicPacPoe/PicPacPoeApp.swift (in target 'PicPacPoe' from project 'PicPacPoe')
    cd /Users/bavabangaru/Developer/pic-pac-poe-ios-native-parity/ios
    

SwiftCompile normal x86_64 Compiling\ GameView.swift /Users/bavabangaru/Developer/pic-pac-poe-ios-native-parity/ios/PicPacPoe/GameView.swift (in target 'PicPacPoe' from project 'PicPacPoe')
SwiftCompile normal x86_64 /Users/bavabangaru/Developer/pic-pac-poe-ios-native-parity/ios/PicPacPoe/GameView.swift (in target 'PicPacPoe' from project 'PicPacPoe')
    cd /Users/bavabangaru/Developer/pic-pac-poe-ios-native-parity/ios
    

SwiftCompile normal x86_64 Compiling\ FormTheme.swift /Users/bavabangaru/Developer/pic-pac-poe-ios-native-parity/ios/PicPacPoe/FormTheme.swift (in target 'PicPacPoe' from project 'PicPacPoe')

SwiftCompile normal x86_64 /Users/bavabangaru/Developer/pic-pac-poe-ios-native-parity/ios/PicPacPoe/FormTheme.swift (in target 'PicPacPoe' from project 'PicPacPoe')
    cd /Users/bavabangaru/Developer/pic-pac-poe-ios-native-parity/ios
    

SwiftCompile normal x86_64 Compiling\ FeedbackService.swift /Users/bavabangaru/Developer/pic-pac-poe-ios-native-parity/ios/PicPacPoe/FeedbackService.swift (in target 'PicPacPoe' from project 'PicPacPoe')

SwiftCompile normal x86_64 /Users/bavabangaru/Developer/pic-pac-poe-ios-native-parity/ios/PicPacPoe/FeedbackService.swift (in target 'PicPacPoe' from project 'PicPacPoe')
    cd /Users/bavabangaru/Developer/pic-pac-poe-ios-native-parity/ios
    

SwiftCompile normal x86_64 Compiling\ GeneratedAssetSymbols.swift /var/folders/fh/vt8wk6pn5dgd_tv982c123440000gp/T/picpac-snapshots-jy66w48o/build/Build/Intermediates.noindex/PicPacPoe.build/Debug-iphonesimulator/PicPacPoe.build/DerivedSources/GeneratedAssetSymbols.swift (in target 'PicPacPoe' from project 'PicPacPoe')

SwiftCompile normal x86_64 /var/folders/fh/vt8wk6pn5dgd_tv982c123440000gp/T/picpac-snapshots-jy66w48o/build/Build/Intermediates.noindex/PicPacPoe.build/Debug-iphonesimulator/PicPacPoe.build/DerivedSources/GeneratedAssetSymbols.swift (in target 'PicPacPoe' from project 'PicPacPoe')
    cd /Users/bavabangaru/Developer/pic-pac-poe-ios-native-parity/ios
    

SwiftEmitModule normal arm64 Emitting\ module\ for\ PicPacPoe (in target 'PicPacPoe' from project 'PicPacPoe')

EmitSwiftModule normal arm64 (in target 'PicPacPoe' from project 'PicPacPoe')
    cd /Users/bavabangaru/Developer/pic-pac-poe-ios-native-parity/ios
    

SwiftDriverJobDiscovery normal x86_64 Emitting module for PicPacPoe (in target 'PicPacPoe' from project 'PicPacPoe')

SwiftDriver\ Compilation\ Requirements PicPacPoe normal x86_64 com.apple.xcode.tools.swift.compiler (in target 'PicPacPoe' from project 'PicPacPoe')
    cd /Users/bavabangaru/Developer/pic-pac-poe-ios-native-parity/ios
    builtin-Swift-Compilation-Requirements -- /Applications/Xcode.app/Contents/Developer/Toolchains/XcodeDefault.xctoolchain/usr/bin/swiftc -module-name PicPacPoe -Onone @/var/folders/fh/vt8wk6pn5dgd_tv982c123440000gp/T/picpac-snapshots-jy66w48o/build/Build/Intermediates.noindex/PicPacPoe.build/Debug-iphonesimulator/PicPacPoe.build/Objects-normal/x86_64/PicPacPoe.SwiftFileList -DDEBUG -enable-experimental-feature DebugDescriptionMacro -sdk /Applications/Xcode.app/Contents/Developer/Platforms/iPhoneSimulator.platform/Developer/SDKs/iPhoneSimulator26.5.sdk -target x86_64-apple-ios17.0-simulator -g -module-cache-path /var/folders/fh/vt8wk6pn5dgd_tv982c123440000gp/T/picpac-snapshots-jy66w48o/build/ModuleCache.noindex -Xfrontend -serialize-debugging-options -profile-coverage-mapping -profile-generate -enable-testing -index-store-path /var/folders/fh/vt8wk6pn5dgd_tv982c123440000gp/T/picpac-snapshots-jy66w48o/build/Index.noindex/DataStore -Xcc -D_LIBCPP_HARDENING_MODE\=_LIBCPP_HARDENING_MODE_DEBUG -swift-version 6 -I /var/folders/fh/vt8wk6pn5dgd_tv982c123440000gp/T/picpac-snapshots-jy66w48o/build/Build/Products/Debug-iphonesimulator -F /var/folders/fh/vt8wk6pn5dgd_tv982c123440000gp/T/picpac-snapshots-jy66w48o/build/Build/Products/Debug-iphonesimulator/PackageFrameworks -F /var/folders/fh/vt8wk6pn5dgd_tv982c123440000gp/T/picpac-snapshots-jy66w48o/build/Build/Products/Debug-iphonesimulator/PackageFrameworks -F /var/folders/fh/vt8wk6pn5dgd_tv982c123440000gp/T/picpac-snapshots-jy66w48o/build/Build/Products/Debug-iphonesimulator/PackageFrameworks -F /var/folders/fh/vt8wk6pn5dgd_tv982c123440000gp/T/picpac-snapshots-jy66w48o/build/Build/Products/Debug-iphonesimulator -emit-localized-strings -emit-localized-strings-path /var/folders/fh/vt8wk6pn5dgd_tv982c123440000gp/T/picpac-snapshots-jy66w48o/build/Build/Intermediates.noindex/PicPacPoe.build/Debug-iphonesimulator/PicPacPoe.build/Objects-normal/x86_64 -c -j12 -enable-batch-mode -incremental -Xcc -ivfsstatcache -Xcc /var/folders/fh/vt8wk6pn5dgd_tv982c123440000gp/T/picpac-snapshots-jy66w48o/build/SDKStatCaches.noindex/iphonesimulator26.5-23F81a-6cfe768891a92b912361537c460fe42b.sdkstatcache -output-file-map /var/folders/fh/vt8wk6pn5dgd_tv982c123440000gp/T/picpac-snapshots-jy66w48o/build/Build/Intermediates.noindex/PicPacPoe.build/Debug-iphonesimulator/PicPacPoe.build/Objects-normal/x86_64/PicPacPoe-OutputFileMap.json -use-frontend-parseable-output -save-temps -no-color-diagnostics -explicit-module-build -module-cache-path /var/folders/fh/vt8wk6pn5dgd_tv982c123440000gp/T/picpac-snapshots-jy66w48o/build/Build/Intermediates.noindex/SwiftExplicitPrecompiledModules -clang-scanner-module-cache-path /var/folders/fh/vt8wk6pn5dgd_tv982c123440000gp/T/picpac-snapshots-jy66w48o/build/ModuleCache.noindex -sdk-module-cache-path /var/folders/fh/vt8wk6pn5dgd_tv982c123440000gp/T/picpac-snapshots-jy66w48o/build/ModuleCache.noindex -serialize-diagnostics -emit-dependencies -emit-module -emit-module-path /var/folders/fh/vt8wk6pn5dgd_tv982c123440000gp/T/picpac-snapshots-jy66w48o/build/Build/Intermediates.noindex/PicPacPoe.build/Debug-iphonesimulator/PicPacPoe.build/Objects-normal/x86_64/PicPacPoe.swiftmodule -validate-clang-modules-once -clang-build-session-file /var/folders/fh/vt8wk6pn5dgd_tv982c123440000gp/T/picpac-snapshots-jy66w48o/build/ModuleCache.noindex/Session.modulevalidation -Xcc -I/var/folders/fh/vt8wk6pn5dgd_tv982c123440000gp/T/picpac-snapshots-jy66w48o/build/Build/Intermediates.noindex/PicPacPoe.build/Debug-iphonesimulator/PicPacPoe.build/swift-overrides.hmap -emit-const-values -Xfrontend -const-gather-protocols-file -Xfrontend /var/folders/fh/vt8wk6pn5dgd_tv982c123440000gp/T/picpac-snapshots-jy66w48o/build/Build/Intermediates.noindex/PicPacPoe.build/Debug-iphonesimulator/PicPacPoe.build/Objects-normal/x86_64/PicPacPoe_const_extract_protocols.json -Xcc -iquote -Xcc /var/folders/fh/vt8wk6pn5dgd_tv982c123440000gp/T/picpac-snapshots-jy66w48o/build/Build/Intermediates.noindex/PicPacPoe.build/Debug-iphonesimulator/PicPacPoe.build/PicPacPoe-generated-files.hmap -Xcc -I/var/folders/fh/vt8wk6pn5dgd_tv982c123440000gp/T/picpac-snapshots-jy66w48o/build/Build/Intermediates.noindex/PicPacPoe.build/Debug-iphonesimulator/PicPacPoe.build/PicPacPoe-own-target-headers.hmap -Xcc -I/var/folders/fh/vt8wk6pn5dgd_tv982c123440000gp/T/picpac-snapshots-jy66w48o/build/Build/Intermediates.noindex/PicPacPoe.build/Debug-iphonesimulator/PicPacPoe.build/PicPacPoe-all-non-framework-target-headers.hmap -Xcc -ivfsoverlay -Xcc /var/folders/fh/vt8wk6pn5dgd_tv982c123440000gp/T/picpac-snapshots-jy66w48o/build/Build/Intermediates.noindex/PicPacPoe.build/Debug-iphonesimulator/PicPacPoe-90eff2f9d9e8600d7e53134acd1cb833-VFS-iphonesimulator/all-product-headers.yaml -Xcc -iquote -Xcc /var/folders/fh/vt8wk6pn5dgd_tv982c123440000gp/T/picpac-snapshots-jy66w48o/build/Build/Intermediates.noindex/PicPacPoe.build/Debug-iphonesimulator/PicPacPoe.build/PicPacPoe-project-headers.hmap -Xcc -I/var/folders/fh/vt8wk6pn5dgd_tv982c123440000gp/T/picpac-snapshots-jy66w48o/build/Build/Products/Debug-iphonesimulator/include -Xcc -I/var/folders/fh/vt8wk6pn5dgd_tv982c123440000gp/T/picpac-snapshots-jy66w48o/build/Build/Intermediates.noindex/PicPacPoe.build/Debug-iphonesimulator/PicPacPoe.build/DerivedSources-normal/x86_64 -Xcc -I/var/folders/fh/vt8wk6pn5dgd_tv982c123440000gp/T/picpac-snapshots-jy66w48o/build/Build/Intermediates.noindex/PicPacPoe.build/Debug-iphonesimulator/PicPacPoe.build/DerivedSources/x86_64 -Xcc -I/var/folders/fh/vt8wk6pn5dgd_tv982c123440000gp/T/picpac-snapshots-jy66w48o/build/Build/Intermediates.noindex/PicPacPoe.build/Debug-iphonesimulator/PicPacPoe.build/DerivedSources -emit-objc-header -emit-objc-header-path /var/folders/fh/vt8wk6pn5dgd_tv982c123440000gp/T/picpac-snapshots-jy66w48o/build/Build/Intermediates.noindex/PicPacPoe.build/Debug-iphonesimulator/PicPacPoe.build/Objects-normal/x86_64/PicPacPoe-Swift.h -working-directory /Users/bavabangaru/Developer/pic-pac-poe-ios-native-parity/ios -experimental-emit-module-separately -disable-cmo

SwiftDriverJobDiscovery normal x86_64 Compiling ProductionAIWorker.swift (in target 'PicPacPoe' from project 'PicPacPoe')

SwiftCompile normal arm64 Compiling\ FormTheme.swift /Users/bavabangaru/Developer/pic-pac-poe-ios-native-parity/ios/PicPacPoe/FormTheme.swift (in target 'PicPacPoe' from project 'PicPacPoe')
SwiftCompile normal arm64 /Users/bavabangaru/Developer/pic-pac-poe-ios-native-parity/ios/PicPacPoe/FormTheme.swift (in target 'PicPacPoe' from project 'PicPacPoe')
    cd /Users/bavabangaru/Developer/pic-pac-poe-ios-native-parity/ios
    

SwiftDriverJobDiscovery normal x86_64 Compiling GeneratedAssetSymbols.swift (in target 'PicPacPoe' from project 'PicPacPoe')

Copy /var/folders/fh/vt8wk6pn5dgd_tv982c123440000gp/T/picpac-snapshots-jy66w48o/build/Build/Products/Debug-iphonesimulator/PicPacPoe.swiftmodule/x86_64-apple-ios-simulator.swiftmodule /var/folders/fh/vt8wk6pn5dgd_tv982c123440000gp/T/picpac-snapshots-jy66w48o/build/Build/Intermediates.noindex/PicPacPoe.build/Debug-iphonesimulator/PicPacPoe.build/Objects-normal/x86_64/PicPacPoe.swiftmodule (in target 'PicPacPoe' from project 'PicPacPoe')
    cd /Users/bavabangaru/Developer/pic-pac-poe-ios-native-parity/ios
    builtin-copy -exclude .DS_Store -exclude CVS -exclude .svn -exclude .git -exclude .hg -resolve-src-symlinks -rename /var/folders/fh/vt8wk6pn5dgd_tv982c123440000gp/T/picpac-snapshots-jy66w48o/build/Build/Intermediates.noindex/PicPacPoe.build/Debug-iphonesimulator/PicPacPoe.build/Objects-normal/x86_64/PicPacPoe.swiftmodule /var/folders/fh/vt8wk6pn5dgd_tv982c123440000gp/T/picpac-snapshots-jy66w48o/build/Build/Products/Debug-iphonesimulator/PicPacPoe.swiftmodule/x86_64-apple-ios-simulator.swiftmodule

Copy /var/folders/fh/vt8wk6pn5dgd_tv982c123440000gp/T/picpac-snapshots-jy66w48o/build/Build/Products/Debug-iphonesimulator/PicPacPoe.swiftmodule/x86_64-apple-ios-simulator.swiftdoc /var/folders/fh/vt8wk6pn5dgd_tv982c123440000gp/T/picpac-snapshots-jy66w48o/build/Build/Intermediates.noindex/PicPacPoe.build/Debug-iphonesimulator/PicPacPoe.build/Objects-normal/x86_64/PicPacPoe.swiftdoc (in target 'PicPacPoe' from project 'PicPacPoe')
    cd /Users/bavabangaru/Developer/pic-pac-poe-ios-native-parity/ios
    builtin-copy -exclude .DS_Store -exclude CVS -exclude .svn -exclude .git -exclude .hg -resolve-src-symlinks -rename /var/folders/fh/vt8wk6pn5dgd_tv982c123440000gp/T/picpac-snapshots-jy66w48o/build/Build/Intermediates.noindex/PicPacPoe.build/Debug-iphonesimulator/PicPacPoe.build/Objects-normal/x86_64/PicPacPoe.swiftdoc /var/folders/fh/vt8wk6pn5dgd_tv982c123440000gp/T/picpac-snapshots-jy66w48o/build/Build/Products/Debug-iphonesimulator/PicPacPoe.swiftmodule/x86_64-apple-ios-simulator.swiftdoc

Copy /var/folders/fh/vt8wk6pn5dgd_tv982c123440000gp/T/picpac-snapshots-jy66w48o/build/Build/Products/Debug-iphonesimulator/PicPacPoe.swiftmodule/x86_64-apple-ios-simulator.abi.json /var/folders/fh/vt8wk6pn5dgd_tv982c123440000gp/T/picpac-snapshots-jy66w48o/build/Build/Intermediates.noindex/PicPacPoe.build/Debug-iphonesimulator/PicPacPoe.build/Objects-normal/x86_64/PicPacPoe.abi.json (in target 'PicPacPoe' from project 'PicPacPoe')
    cd /Users/bavabangaru/Developer/pic-pac-poe-ios-native-parity/ios
    builtin-copy -exclude .DS_Store -exclude CVS -exclude .svn -exclude .git -exclude .hg -resolve-src-symlinks -rename /var/folders/fh/vt8wk6pn5dgd_tv982c123440000gp/T/picpac-snapshots-jy66w48o/build/Build/Intermediates.noindex/PicPacPoe.build/Debug-iphonesimulator/PicPacPoe.build/Objects-normal/x86_64/PicPacPoe.abi.json /var/folders/fh/vt8wk6pn5dgd_tv982c123440000gp/T/picpac-snapshots-jy66w48o/build/Build/Products/Debug-iphonesimulator/PicPacPoe.swiftmodule/x86_64-apple-ios-simulator.abi.json

Copy /var/folders/fh/vt8wk6pn5dgd_tv982c123440000gp/T/picpac-snapshots-jy66w48o/build/Build/Products/Debug-iphonesimulator/PicPacPoe.swiftmodule/Project/x86_64-apple-ios-simulator.swiftsourceinfo /var/folders/fh/vt8wk6pn5dgd_tv982c123440000gp/T/picpac-snapshots-jy66w48o/build/Build/Intermediates.noindex/PicPacPoe.build/Debug-iphonesimulator/PicPacPoe.build/Objects-normal/x86_64/PicPacPoe.swiftsourceinfo (in target 'PicPacPoe' from project 'PicPacPoe')
    cd /Users/bavabangaru/Developer/pic-pac-poe-ios-native-parity/ios
    builtin-copy -exclude .DS_Store -exclude CVS -exclude .svn -exclude .git -exclude .hg -resolve-src-symlinks -rename /var/folders/fh/vt8wk6pn5dgd_tv982c123440000gp/T/picpac-snapshots-jy66w48o/build/Build/Intermediates.noindex/PicPacPoe.build/Debug-iphonesimulator/PicPacPoe.build/Objects-normal/x86_64/PicPacPoe.swiftsourceinfo /var/folders/fh/vt8wk6pn5dgd_tv982c123440000gp/T/picpac-snapshots-jy66w48o/build/Build/Products/Debug-iphonesimulator/PicPacPoe.swiftmodule/Project/x86_64-apple-ios-simulator.swiftsourceinfo

SwiftCompile normal arm64 Compiling\ GameView.swift /Users/bavabangaru/Developer/pic-pac-poe-ios-native-parity/ios/PicPacPoe/GameView.swift (in target 'PicPacPoe' from project 'PicPacPoe')
SwiftCompile normal arm64 /Users/bavabangaru/Developer/pic-pac-poe-ios-native-parity/ios/PicPacPoe/GameView.swift (in target 'PicPacPoe' from project 'PicPacPoe')
    cd /Users/bavabangaru/Developer/pic-pac-poe-ios-native-parity/ios
    

SwiftCompile normal arm64 Compiling\ DebugLaunchConfiguration.swift /Users/bavabangaru/Developer/pic-pac-poe-ios-native-parity/ios/PicPacPoe/DebugLaunchConfiguration.swift (in target 'PicPacPoe' from project 'PicPacPoe')

SwiftCompile normal arm64 /Users/bavabangaru/Developer/pic-pac-poe-ios-native-parity/ios/PicPacPoe/DebugLaunchConfiguration.swift (in target 'PicPacPoe' from project 'PicPacPoe')
    cd /Users/bavabangaru/Developer/pic-pac-poe-ios-native-parity/ios
    

SwiftCompile normal arm64 Compiling\ InfoViews.swift /Users/bavabangaru/Developer/pic-pac-poe-ios-native-parity/ios/PicPacPoe/InfoViews.swift (in target 'PicPacPoe' from project 'PicPacPoe')

SwiftCompile normal arm64 /Users/bavabangaru/Developer/pic-pac-poe-ios-native-parity/ios/PicPacPoe/InfoViews.swift (in target 'PicPacPoe' from project 'PicPacPoe')
    cd /Users/bavabangaru/Developer/pic-pac-poe-ios-native-parity/ios
    

SwiftDriverJobDiscovery normal arm64 Emitting module for PicPacPoe (in target 'PicPacPoe' from project 'PicPacPoe')

SwiftDriver\ Compilation\ Requirements PicPacPoe normal arm64 com.apple.xcode.tools.swift.compiler (in target 'PicPacPoe' from project 'PicPacPoe')
    cd /Users/bavabangaru/Developer/pic-pac-poe-ios-native-parity/ios
    builtin-Swift-Compilation-Requirements -- /Applications/Xcode.app/Contents/Developer/Toolchains/XcodeDefault.xctoolchain/usr/bin/swiftc -module-name PicPacPoe -Onone @/var/folders/fh/vt8wk6pn5dgd_tv982c123440000gp/T/picpac-snapshots-jy66w48o/build/Build/Intermediates.noindex/PicPacPoe.build/Debug-iphonesimulator/PicPacPoe.build/Objects-normal/arm64/PicPacPoe.SwiftFileList -DDEBUG -enable-experimental-feature DebugDescriptionMacro -sdk /Applications/Xcode.app/Contents/Developer/Platforms/iPhoneSimulator.platform/Developer/SDKs/iPhoneSimulator26.5.sdk -target arm64-apple-ios17.0-simulator -g -module-cache-path /var/folders/fh/vt8wk6pn5dgd_tv982c123440000gp/T/picpac-snapshots-jy66w48o/build/ModuleCache.noindex -Xfrontend -serialize-debugging-options -profile-coverage-mapping -profile-generate -enable-testing -index-store-path /var/folders/fh/vt8wk6pn5dgd_tv982c123440000gp/T/picpac-snapshots-jy66w48o/build/Index.noindex/DataStore -Xcc -D_LIBCPP_HARDENING_MODE\=_LIBCPP_HARDENING_MODE_DEBUG -swift-version 6 -I /var/folders/fh/vt8wk6pn5dgd_tv982c123440000gp/T/picpac-snapshots-jy66w48o/build/Build/Products/Debug-iphonesimulator -F /var/folders/fh/vt8wk6pn5dgd_tv982c123440000gp/T/picpac-snapshots-jy66w48o/build/Build/Products/Debug-iphonesimulator/PackageFrameworks -F /var/folders/fh/vt8wk6pn5dgd_tv982c123440000gp/T/picpac-snapshots-jy66w48o/build/Build/Products/Debug-iphonesimulator/PackageFrameworks -F /var/folders/fh/vt8wk6pn5dgd_tv982c123440000gp/T/picpac-snapshots-jy66w48o/build/Build/Products/Debug-iphonesimulator/PackageFrameworks -F /var/folders/fh/vt8wk6pn5dgd_tv982c123440000gp/T/picpac-snapshots-jy66w48o/build/Build/Products/Debug-iphonesimulator -emit-localized-strings -emit-localized-strings-path /var/folders/fh/vt8wk6pn5dgd_tv982c123440000gp/T/picpac-snapshots-jy66w48o/build/Build/Intermediates.noindex/PicPacPoe.build/Debug-iphonesimulator/PicPacPoe.build/Objects-normal/arm64 -c -j12 -enable-batch-mode -incremental -Xcc -ivfsstatcache -Xcc /var/folders/fh/vt8wk6pn5dgd_tv982c123440000gp/T/picpac-snapshots-jy66w48o/build/SDKStatCaches.noindex/iphonesimulator26.5-23F81a-6cfe768891a92b912361537c460fe42b.sdkstatcache -output-file-map /var/folders/fh/vt8wk6pn5dgd_tv982c123440000gp/T/picpac-snapshots-jy66w48o/build/Build/Intermediates.noindex/PicPacPoe.build/Debug-iphonesimulator/PicPacPoe.build/Objects-normal/arm64/PicPacPoe-OutputFileMap.json -use-frontend-parseable-output -save-temps -no-color-diagnostics -explicit-module-build -module-cache-path /var/folders/fh/vt8wk6pn5dgd_tv982c123440000gp/T/picpac-snapshots-jy66w48o/build/Build/Intermediates.noindex/SwiftExplicitPrecompiledModules -clang-scanner-module-cache-path /var/folders/fh/vt8wk6pn5dgd_tv982c123440000gp/T/picpac-snapshots-jy66w48o/build/ModuleCache.noindex -sdk-module-cache-path /var/folders/fh/vt8wk6pn5dgd_tv982c123440000gp/T/picpac-snapshots-jy66w48o/build/ModuleCache.noindex -serialize-diagnostics -emit-dependencies -emit-module -emit-module-path /var/folders/fh/vt8wk6pn5dgd_tv982c123440000gp/T/picpac-snapshots-jy66w48o/build/Build/Intermediates.noindex/PicPacPoe.build/Debug-iphonesimulator/PicPacPoe.build/Objects-normal/arm64/PicPacPoe.swiftmodule -validate-clang-modules-once -clang-build-session-file /var/folders/fh/vt8wk6pn5dgd_tv982c123440000gp/T/picpac-snapshots-jy66w48o/build/ModuleCache.noindex/Session.modulevalidation -Xcc -I/var/folders/fh/vt8wk6pn5dgd_tv982c123440000gp/T/picpac-snapshots-jy66w48o/build/Build/Intermediates.noindex/PicPacPoe.build/Debug-iphonesimulator/PicPacPoe.build/swift-overrides.hmap -emit-const-values -Xfrontend -const-gather-protocols-file -Xfrontend /var/folders/fh/vt8wk6pn5dgd_tv982c123440000gp/T/picpac-snapshots-jy66w48o/build/Build/Intermediates.noindex/PicPacPoe.build/Debug-iphonesimulator/PicPacPoe.build/Objects-normal/arm64/PicPacPoe_const_extract_protocols.json -Xcc -iquote -Xcc /var/folders/fh/vt8wk6pn5dgd_tv982c123440000gp/T/picpac-snapshots-jy66w48o/build/Build/Intermediates.noindex/PicPacPoe.build/Debug-iphonesimulator/PicPacPoe.build/PicPacPoe-generated-files.hmap -Xcc -I/var/folders/fh/vt8wk6pn5dgd_tv982c123440000gp/T/picpac-snapshots-jy66w48o/build/Build/Intermediates.noindex/PicPacPoe.build/Debug-iphonesimulator/PicPacPoe.build/PicPacPoe-own-target-headers.hmap -Xcc -I/var/folders/fh/vt8wk6pn5dgd_tv982c123440000gp/T/picpac-snapshots-jy66w48o/build/Build/Intermediates.noindex/PicPacPoe.build/Debug-iphonesimulator/PicPacPoe.build/PicPacPoe-all-non-framework-target-headers.hmap -Xcc -ivfsoverlay -Xcc /var/folders/fh/vt8wk6pn5dgd_tv982c123440000gp/T/picpac-snapshots-jy66w48o/build/Build/Intermediates.noindex/PicPacPoe.build/Debug-iphonesimulator/PicPacPoe-90eff2f9d9e8600d7e53134acd1cb833-VFS-iphonesimulator/all-product-headers.yaml -Xcc -iquote -Xcc /var/folders/fh/vt8wk6pn5dgd_tv982c123440000gp/T/picpac-snapshots-jy66w48o/build/Build/Intermediates.noindex/PicPacPoe.build/Debug-iphonesimulator/PicPacPoe.build/PicPacPoe-project-headers.hmap -Xcc -I/var/folders/fh/vt8wk6pn5dgd_tv982c123440000gp/T/picpac-snapshots-jy66w48o/build/Build/Products/Debug-iphonesimulator/include -Xcc -I/var/folders/fh/vt8wk6pn5dgd_tv982c123440000gp/T/picpac-snapshots-jy66w48o/build/Build/Intermediates.noindex/PicPacPoe.build/Debug-iphonesimulator/PicPacPoe.build/DerivedSources-normal/arm64 -Xcc -I/var/folders/fh/vt8wk6pn5dgd_tv982c123440000gp/T/picpac-snapshots-jy66w48o/build/Build/Intermediates.noindex/PicPacPoe.build/Debug-iphonesimulator/PicPacPoe.build/DerivedSources/arm64 -Xcc -I/var/folders/fh/vt8wk6pn5dgd_tv982c123440000gp/T/picpac-snapshots-jy66w48o/build/Build/Intermediates.noindex/PicPacPoe.build/Debug-iphonesimulator/PicPacPoe.build/DerivedSources -emit-objc-header -emit-objc-header-path /var/folders/fh/vt8wk6pn5dgd_tv982c123440000gp/T/picpac-snapshots-jy66w48o/build/Build/Intermediates.noindex/PicPacPoe.build/Debug-iphonesimulator/PicPacPoe.build/Objects-normal/arm64/PicPacPoe-Swift.h -working-directory /Users/bavabangaru/Developer/pic-pac-poe-ios-native-parity/ios -experimental-emit-module-separately -disable-cmo

SwiftDriverJobDiscovery normal x86_64 Compiling FeedbackService.swift (in target 'PicPacPoe' from project 'PicPacPoe')

LinkAssetCatalog /Users/bavabangaru/Developer/pic-pac-poe-ios-native-parity/ios/PicPacPoe/Assets.xcassets (in target 'PicPacPoe' from project 'PicPacPoe')
    cd /Users/bavabangaru/Developer/pic-pac-poe-ios-native-parity/ios
    builtin-linkAssetCatalog --thinned /var/folders/fh/vt8wk6pn5dgd_tv982c123440000gp/T/picpac-snapshots-jy66w48o/build/Build/Intermediates.noindex/PicPacPoe.build/Debug-iphonesimulator/PicPacPoe.build/assetcatalog_output/thinned --thinned-dependencies /var/folders/fh/vt8wk6pn5dgd_tv982c123440000gp/T/picpac-snapshots-jy66w48o/build/Build/Intermediates.noindex/PicPacPoe.build/Debug-iphonesimulator/PicPacPoe.build/assetcatalog_dependencies_thinned --thinned-info-plist-content /var/folders/fh/vt8wk6pn5dgd_tv982c123440000gp/T/picpac-snapshots-jy66w48o/build/Build/Intermediates.noindex/PicPacPoe.build/Debug-iphonesimulator/PicPacPoe.build/assetcatalog_generated_info.plist_thinned --unthinned /var/folders/fh/vt8wk6pn5dgd_tv982c123440000gp/T/picpac-snapshots-jy66w48o/build/Build/Intermediates.noindex/PicPacPoe.build/Debug-iphonesimulator/PicPacPoe.build/assetcatalog_output/unthinned --unthinned-dependencies /var/folders/fh/vt8wk6pn5dgd_tv982c123440000gp/T/picpac-snapshots-jy66w48o/build/Build/Intermediates.noindex/PicPacPoe.build/Debug-iphonesimulator/PicPacPoe.build/assetcatalog_dependencies_unthinned --unthinned-info-plist-content /var/folders/fh/vt8wk6pn5dgd_tv982c123440000gp/T/picpac-snapshots-jy66w48o/build/Build/Intermediates.noindex/PicPacPoe.build/Debug-iphonesimulator/PicPacPoe.build/assetcatalog_generated_info.plist_unthinned --output /var/folders/fh/vt8wk6pn5dgd_tv982c123440000gp/T/picpac-snapshots-jy66w48o/build/Build/Products/Debug-iphonesimulator/PicPacPoe.app --plist-output /var/folders/fh/vt8wk6pn5dgd_tv982c123440000gp/T/picpac-snapshots-jy66w48o/build/Build/Intermediates.noindex/PicPacPoe.build/Debug-iphonesimulator/PicPacPoe.build/assetcatalog_generated_info.plist
note: Emplaced /var/folders/fh/vt8wk6pn5dgd_tv982c123440000gp/T/picpac-snapshots-jy66w48o/build/Build/Products/Debug-iphonesimulator/PicPacPoe.app/AppIcon60x60@2x.png (in target 'PicPacPoe' from project 'PicPacPoe')
note: Emplaced /var/folders/fh/vt8wk6pn5dgd_tv982c123440000gp/T/picpac-snapshots-jy66w48o/build/Build/Products/Debug-iphonesimulator/PicPacPoe.app/AppIcon76x76@2x~ipad.png (in target 'PicPacPoe' from project 'PicPacPoe')
note: Emplaced /var/folders/fh/vt8wk6pn5dgd_tv982c123440000gp/T/picpac-snapshots-jy66w48o/build/Build/Products/Debug-iphonesimulator/PicPacPoe.app/Assets.car (in target 'PicPacPoe' from project 'PicPacPoe')

SwiftMergeGeneratedHeaders /var/folders/fh/vt8wk6pn5dgd_tv982c123440000gp/T/picpac-snapshots-jy66w48o/build/Build/Intermediates.noindex/PicPacPoe.build/Debug-iphonesimulator/PicPacPoe.build/DerivedSources/PicPacPoe-Swift.h /var/folders/fh/vt8wk6pn5dgd_tv982c123440000gp/T/picpac-snapshots-jy66w48o/build/Build/Intermediates.noindex/PicPacPoe.build/Debug-iphonesimulator/PicPacPoe.build/Objects-normal/arm64/PicPacPoe-Swift.h /var/folders/fh/vt8wk6pn5dgd_tv982c123440000gp/T/picpac-snapshots-jy66w48o/build/Build/Intermediates.noindex/PicPacPoe.build/Debug-iphonesimulator/PicPacPoe.build/Objects-normal/x86_64/PicPacPoe-Swift.h (in target 'PicPacPoe' from project 'PicPacPoe')
    cd /Users/bavabangaru/Developer/pic-pac-poe-ios-native-parity/ios
    builtin-swiftHeaderTool -arch arm64 /var/folders/fh/vt8wk6pn5dgd_tv982c123440000gp/T/picpac-snapshots-jy66w48o/build/Build/Intermediates.noindex/PicPacPoe.build/Debug-iphonesimulator/PicPacPoe.build/Objects-normal/arm64/PicPacPoe-Swift.h -arch x86_64 /var/folders/fh/vt8wk6pn5dgd_tv982c123440000gp/T/picpac-snapshots-jy66w48o/build/Build/Intermediates.noindex/PicPacPoe.build/Debug-iphonesimulator/PicPacPoe.build/Objects-normal/x86_64/PicPacPoe-Swift.h -o /var/folders/fh/vt8wk6pn5dgd_tv982c123440000gp/T/picpac-snapshots-jy66w48o/build/Build/Intermediates.noindex/PicPacPoe.build/Debug-iphonesimulator/PicPacPoe.build/DerivedSources/PicPacPoe-Swift.h

Copy /var/folders/fh/vt8wk6pn5dgd_tv982c123440000gp/T/picpac-snapshots-jy66w48o/build/Build/Products/Debug-iphonesimulator/PicPacPoe.swiftmodule/arm64-apple-ios-simulator.swiftmodule /var/folders/fh/vt8wk6pn5dgd_tv982c123440000gp/T/picpac-snapshots-jy66w48o/build/Build/Intermediates.noindex/PicPacPoe.build/Debug-iphonesimulator/PicPacPoe.build/Objects-normal/arm64/PicPacPoe.swiftmodule (in target 'PicPacPoe' from project 'PicPacPoe')
    cd /Users/bavabangaru/Developer/pic-pac-poe-ios-native-parity/ios
    builtin-copy -exclude .DS_Store -exclude CVS -exclude .svn -exclude .git -exclude .hg -resolve-src-symlinks -rename /var/folders/fh/vt8wk6pn5dgd_tv982c123440000gp/T/picpac-snapshots-jy66w48o/build/Build/Intermediates.noindex/PicPacPoe.build/Debug-iphonesimulator/PicPacPoe.build/Objects-normal/arm64/PicPacPoe.swiftmodule /var/folders/fh/vt8wk6pn5dgd_tv982c123440000gp/T/picpac-snapshots-jy66w48o/build/Build/Products/Debug-iphonesimulator/PicPacPoe.swiftmodule/arm64-apple-ios-simulator.swiftmodule

Copy /var/folders/fh/vt8wk6pn5dgd_tv982c123440000gp/T/picpac-snapshots-jy66w48o/build/Build/Products/Debug-iphonesimulator/PicPacPoe.swiftmodule/arm64-apple-ios-simulator.swiftdoc /var/folders/fh/vt8wk6pn5dgd_tv982c123440000gp/T/picpac-snapshots-jy66w48o/build/Build/Intermediates.noindex/PicPacPoe.build/Debug-iphonesimulator/PicPacPoe.build/Objects-normal/arm64/PicPacPoe.swiftdoc (in target 'PicPacPoe' from project 'PicPacPoe')
    cd /Users/bavabangaru/Developer/pic-pac-poe-ios-native-parity/ios
    builtin-copy -exclude .DS_Store -exclude CVS -exclude .svn -exclude .git -exclude .hg -resolve-src-symlinks -rename /var/folders/fh/vt8wk6pn5dgd_tv982c123440000gp/T/picpac-snapshots-jy66w48o/build/Build/Intermediates.noindex/PicPacPoe.build/Debug-iphonesimulator/PicPacPoe.build/Objects-normal/arm64/PicPacPoe.swiftdoc /var/folders/fh/vt8wk6pn5dgd_tv982c123440000gp/T/picpac-snapshots-jy66w48o/build/Build/Products/Debug-iphonesimulator/PicPacPoe.swiftmodule/arm64-apple-ios-simulator.swiftdoc

Copy /var/folders/fh/vt8wk6pn5dgd_tv982c123440000gp/T/picpac-snapshots-jy66w48o/build/Build/Products/Debug-iphonesimulator/PicPacPoe.swiftmodule/arm64-apple-ios-simulator.abi.json /var/folders/fh/vt8wk6pn5dgd_tv982c123440000gp/T/picpac-snapshots-jy66w48o/build/Build/Intermediates.noindex/PicPacPoe.build/Debug-iphonesimulator/PicPacPoe.build/Objects-normal/arm64/PicPacPoe.abi.json (in target 'PicPacPoe' from project 'PicPacPoe')
    cd /Users/bavabangaru/Developer/pic-pac-poe-ios-native-parity/ios
    builtin-copy -exclude .DS_Store -exclude CVS -exclude .svn -exclude .git -exclude .hg -resolve-src-symlinks -rename /var/folders/fh/vt8wk6pn5dgd_tv982c123440000gp/T/picpac-snapshots-jy66w48o/build/Build/Intermediates.noindex/PicPacPoe.build/Debug-iphonesimulator/PicPacPoe.build/Objects-normal/arm64/PicPacPoe.abi.json /var/folders/fh/vt8wk6pn5dgd_tv982c123440000gp/T/picpac-snapshots-jy66w48o/build/Build/Products/Debug-iphonesimulator/PicPacPoe.swiftmodule/arm64-apple-ios-simulator.abi.json

Copy /var/folders/fh/vt8wk6pn5dgd_tv982c123440000gp/T/picpac-snapshots-jy66w48o/build/Build/Products/Debug-iphonesimulator/PicPacPoe.swiftmodule/Project/arm64-apple-ios-simulator.swiftsourceinfo /var/folders/fh/vt8wk6pn5dgd_tv982c123440000gp/T/picpac-snapshots-jy66w48o/build/Build/Intermediates.noindex/PicPacPoe.build/Debug-iphonesimulator/PicPacPoe.build/Objects-normal/arm64/PicPacPoe.swiftsourceinfo (in target 'PicPacPoe' from project 'PicPacPoe')
    cd /Users/bavabangaru/Developer/pic-pac-poe-ios-native-parity/ios
    builtin-copy -exclude .DS_Store -exclude CVS -exclude .svn -exclude .git -exclude .hg -resolve-src-symlinks -rename /var/folders/fh/vt8wk6pn5dgd_tv982c123440000gp/T/picpac-snapshots-jy66w48o/build/Build/Intermediates.noindex/PicPacPoe.build/Debug-iphonesimulator/PicPacPoe.build/Objects-normal/arm64/PicPacPoe.swiftsourceinfo /var/folders/fh/vt8wk6pn5dgd_tv982c123440000gp/T/picpac-snapshots-jy66w48o/build/Build/Products/Debug-iphonesimulator/PicPacPoe.swiftmodule/Project/arm64-apple-ios-simulator.swiftsourceinfo

ProcessInfoPlistFile /var/folders/fh/vt8wk6pn5dgd_tv982c123440000gp/T/picpac-snapshots-jy66w48o/build/Build/Products/Debug-iphonesimulator/PicPacPoe.app/Info.plist /Users/bavabangaru/Developer/pic-pac-poe-ios-native-parity/ios/PicPacPoe/Info.plist (in target 'PicPacPoe' from project 'PicPacPoe')
    cd /Users/bavabangaru/Developer/pic-pac-poe-ios-native-parity/ios
    builtin-infoPlistUtility /Users/bavabangaru/Developer/pic-pac-poe-ios-native-parity/ios/PicPacPoe/Info.plist -producttype com.apple.product-type.application -genpkginfo /var/folders/fh/vt8wk6pn5dgd_tv982c123440000gp/T/picpac-snapshots-jy66w48o/build/Build/Products/Debug-iphonesimulator/PicPacPoe.app/PkgInfo -expandbuildsettings -format binary -platform iphonesimulator -additionalcontentfile /var/folders/fh/vt8wk6pn5dgd_tv982c123440000gp/T/picpac-snapshots-jy66w48o/build/Build/Intermediates.noindex/PicPacPoe.build/Debug-iphonesimulator/PicPacPoe.build/assetcatalog_generated_info.plist -scanforprivacyfile /var/folders/fh/vt8wk6pn5dgd_tv982c123440000gp/T/picpac-snapshots-jy66w48o/build/Build/Products/Debug-iphonesimulator/PicPacPoe.app/PicPacKit_PicPacAI.bundle -o /var/folders/fh/vt8wk6pn5dgd_tv982c123440000gp/T/picpac-snapshots-jy66w48o/build/Build/Products/Debug-iphonesimulator/PicPacPoe.app/Info.plist

SwiftCompile normal arm64 Compiling\ PicPacPoeApp.swift /Users/bavabangaru/Developer/pic-pac-poe-ios-native-parity/ios/PicPacPoe/PicPacPoeApp.swift (in target 'PicPacPoe' from project 'PicPacPoe')

SwiftCompile normal arm64 /Users/bavabangaru/Developer/pic-pac-poe-ios-native-parity/ios/PicPacPoe/PicPacPoeApp.swift (in target 'PicPacPoe' from project 'PicPacPoe')
    cd /Users/bavabangaru/Developer/pic-pac-poe-ios-native-parity/ios
    

SwiftCompile normal arm64 Compiling\ PhysicalBoard.swift /Users/bavabangaru/Developer/pic-pac-poe-ios-native-parity/ios/PicPacPoe/PhysicalBoard.swift (in target 'PicPacPoe' from project 'PicPacPoe')

SwiftCompile normal arm64 /Users/bavabangaru/Developer/pic-pac-poe-ios-native-parity/ios/PicPacPoe/PhysicalBoard.swift (in target 'PicPacPoe' from project 'PicPacPoe')
    cd /Users/bavabangaru/Developer/pic-pac-poe-ios-native-parity/ios
    

SwiftDriverJobDiscovery normal x86_64 Compiling DebugLaunchConfiguration.swift (in target 'PicPacPoe' from project 'PicPacPoe')

SwiftCompile normal arm64 Compiling\ GeneratedAssetSymbols.swift /var/folders/fh/vt8wk6pn5dgd_tv982c123440000gp/T/picpac-snapshots-jy66w48o/build/Build/Intermediates.noindex/PicPacPoe.build/Debug-iphonesimulator/PicPacPoe.build/DerivedSources/GeneratedAssetSymbols.swift (in target 'PicPacPoe' from project 'PicPacPoe')

SwiftCompile normal arm64 /var/folders/fh/vt8wk6pn5dgd_tv982c123440000gp/T/picpac-snapshots-jy66w48o/build/Build/Intermediates.noindex/PicPacPoe.build/Debug-iphonesimulator/PicPacPoe.build/DerivedSources/GeneratedAssetSymbols.swift (in target 'PicPacPoe' from project 'PicPacPoe')
    cd /Users/bavabangaru/Developer/pic-pac-poe-ios-native-parity/ios
    

SwiftDriverJobDiscovery normal x86_64 Compiling PicPacPoeApp.swift (in target 'PicPacPoe' from project 'PicPacPoe')

SwiftCompile normal arm64 Compiling\ HomeView.swift /Users/bavabangaru/Developer/pic-pac-poe-ios-native-parity/ios/PicPacPoe/HomeView.swift (in target 'PicPacPoe' from project 'PicPacPoe')
SwiftCompile normal arm64 /Users/bavabangaru/Developer/pic-pac-poe-ios-native-parity/ios/PicPacPoe/HomeView.swift (in target 'PicPacPoe' from project 'PicPacPoe')
    cd /Users/bavabangaru/Developer/pic-pac-poe-ios-native-parity/ios
    

SwiftDriverJobDiscovery normal x86_64 Compiling FormTheme.swift (in target 'PicPacPoe' from project 'PicPacPoe')

SwiftCompile normal arm64 Compiling\ FeedbackService.swift /Users/bavabangaru/Developer/pic-pac-poe-ios-native-parity/ios/PicPacPoe/FeedbackService.swift (in target 'PicPacPoe' from project 'PicPacPoe')

SwiftCompile normal arm64 /Users/bavabangaru/Developer/pic-pac-poe-ios-native-parity/ios/PicPacPoe/FeedbackService.swift (in target 'PicPacPoe' from project 'PicPacPoe')
    cd /Users/bavabangaru/Developer/pic-pac-poe-ios-native-parity/ios
    

SwiftDriverJobDiscovery normal x86_64 Compiling PhysicalBoard.swift (in target 'PicPacPoe' from project 'PicPacPoe')

SwiftCompile normal arm64 Compiling\ ProductionAIWorker.swift /Users/bavabangaru/Developer/pic-pac-poe-ios-native-parity/ios/PicPacPoe/ProductionAIWorker.swift (in target 'PicPacPoe' from project 'PicPacPoe')

SwiftCompile normal arm64 /Users/bavabangaru/Developer/pic-pac-poe-ios-native-parity/ios/PicPacPoe/ProductionAIWorker.swift (in target 'PicPacPoe' from project 'PicPacPoe')
    cd /Users/bavabangaru/Developer/pic-pac-poe-ios-native-parity/ios
    

SwiftDriverJobDiscovery normal x86_64 Compiling InfoViews.swift (in target 'PicPacPoe' from project 'PicPacPoe')

SwiftDriverJobDiscovery normal arm64 Compiling GeneratedAssetSymbols.swift (in target 'PicPacPoe' from project 'PicPacPoe')

SwiftDriverJobDiscovery normal arm64 Compiling ProductionAIWorker.swift (in target 'PicPacPoe' from project 'PicPacPoe')

SwiftDriverJobDiscovery normal x86_64 Compiling HomeView.swift (in target 'PicPacPoe' from project 'PicPacPoe')

SwiftDriverJobDiscovery normal x86_64 Compiling GameView.swift (in target 'PicPacPoe' from project 'PicPacPoe')

SwiftDriver\ Compilation PicPacPoe normal x86_64 com.apple.xcode.tools.swift.compiler (in target 'PicPacPoe' from project 'PicPacPoe')
    cd /Users/bavabangaru/Developer/pic-pac-poe-ios-native-parity/ios
    builtin-Swift-Compilation -- /Applications/Xcode.app/Contents/Developer/Toolchains/XcodeDefault.xctoolchain/usr/bin/swiftc -module-name PicPacPoe -Onone @/var/folders/fh/vt8wk6pn5dgd_tv982c123440000gp/T/picpac-snapshots-jy66w48o/build/Build/Intermediates.noindex/PicPacPoe.build/Debug-iphonesimulator/PicPacPoe.build/Objects-normal/x86_64/PicPacPoe.SwiftFileList -DDEBUG -enable-experimental-feature DebugDescriptionMacro -sdk /Applications/Xcode.app/Contents/Developer/Platforms/iPhoneSimulator.platform/Developer/SDKs/iPhoneSimulator26.5.sdk -target x86_64-apple-ios17.0-simulator -g -module-cache-path /var/folders/fh/vt8wk6pn5dgd_tv982c123440000gp/T/picpac-snapshots-jy66w48o/build/ModuleCache.noindex -Xfrontend -serialize-debugging-options -profile-coverage-mapping -profile-generate -enable-testing -index-store-path /var/folders/fh/vt8wk6pn5dgd_tv982c123440000gp/T/picpac-snapshots-jy66w48o/build/Index.noindex/DataStore -Xcc -D_LIBCPP_HARDENING_MODE\=_LIBCPP_HARDENING_MODE_DEBUG -swift-version 6 -I /var/folders/fh/vt8wk6pn5dgd_tv982c123440000gp/T/picpac-snapshots-jy66w48o/build/Build/Products/Debug-iphonesimulator -F /var/folders/fh/vt8wk6pn5dgd_tv982c123440000gp/T/picpac-snapshots-jy66w48o/build/Build/Products/Debug-iphonesimulator/PackageFrameworks -F /var/folders/fh/vt8wk6pn5dgd_tv982c123440000gp/T/picpac-snapshots-jy66w48o/build/Build/Products/Debug-iphonesimulator/PackageFrameworks -F /var/folders/fh/vt8wk6pn5dgd_tv982c123440000gp/T/picpac-snapshots-jy66w48o/build/Build/Products/Debug-iphonesimulator/PackageFrameworks -F /var/folders/fh/vt8wk6pn5dgd_tv982c123440000gp/T/picpac-snapshots-jy66w48o/build/Build/Products/Debug-iphonesimulator -emit-localized-strings -emit-localized-strings-path /var/folders/fh/vt8wk6pn5dgd_tv982c123440000gp/T/picpac-snapshots-jy66w48o/build/Build/Intermediates.noindex/PicPacPoe.build/Debug-iphonesimulator/PicPacPoe.build/Objects-normal/x86_64 -c -j12 -enable-batch-mode -incremental -Xcc -ivfsstatcache -Xcc /var/folders/fh/vt8wk6pn5dgd_tv982c123440000gp/T/picpac-snapshots-jy66w48o/build/SDKStatCaches.noindex/iphonesimulator26.5-23F81a-6cfe768891a92b912361537c460fe42b.sdkstatcache -output-file-map /var/folders/fh/vt8wk6pn5dgd_tv982c123440000gp/T/picpac-snapshots-jy66w48o/build/Build/Intermediates.noindex/PicPacPoe.build/Debug-iphonesimulator/PicPacPoe.build/Objects-normal/x86_64/PicPacPoe-OutputFileMap.json -use-frontend-parseable-output -save-temps -no-color-diagnostics -explicit-module-build -module-cache-path /var/folders/fh/vt8wk6pn5dgd_tv982c123440000gp/T/picpac-snapshots-jy66w48o/build/Build/Intermediates.noindex/SwiftExplicitPrecompiledModules -clang-scanner-module-cache-path /var/folders/fh/vt8wk6pn5dgd_tv982c123440000gp/T/picpac-snapshots-jy66w48o/build/ModuleCache.noindex -sdk-module-cache-path /var/folders/fh/vt8wk6pn5dgd_tv982c123440000gp/T/picpac-snapshots-jy66w48o/build/ModuleCache.noindex -serialize-diagnostics -emit-dependencies -emit-module -emit-module-path /var/folders/fh/vt8wk6pn5dgd_tv982c123440000gp/T/picpac-snapshots-jy66w48o/build/Build/Intermediates.noindex/PicPacPoe.build/Debug-iphonesimulator/PicPacPoe.build/Objects-normal/x86_64/PicPacPoe.swiftmodule -validate-clang-modules-once -clang-build-session-file /var/folders/fh/vt8wk6pn5dgd_tv982c123440000gp/T/picpac-snapshots-jy66w48o/build/ModuleCache.noindex/Session.modulevalidation -Xcc -I/var/folders/fh/vt8wk6pn5dgd_tv982c123440000gp/T/picpac-snapshots-jy66w48o/build/Build/Intermediates.noindex/PicPacPoe.build/Debug-iphonesimulator/PicPacPoe.build/swift-overrides.hmap -emit-const-values -Xfrontend -const-gather-protocols-file -Xfrontend /var/folders/fh/vt8wk6pn5dgd_tv982c123440000gp/T/picpac-snapshots-jy66w48o/build/Build/Intermediates.noindex/PicPacPoe.build/Debug-iphonesimulator/PicPacPoe.build/Objects-normal/x86_64/PicPacPoe_const_extract_protocols.json -Xcc -iquote -Xcc /var/folders/fh/vt8wk6pn5dgd_tv982c123440000gp/T/picpac-snapshots-jy66w48o/build/Build/Intermediates.noindex/PicPacPoe.build/Debug-iphonesimulator/PicPacPoe.build/PicPacPoe-generated-files.hmap -Xcc -I/var/folders/fh/vt8wk6pn5dgd_tv982c123440000gp/T/picpac-snapshots-jy66w48o/build/Build/Intermediates.noindex/PicPacPoe.build/Debug-iphonesimulator/PicPacPoe.build/PicPacPoe-own-target-headers.hmap -Xcc -I/var/folders/fh/vt8wk6pn5dgd_tv982c123440000gp/T/picpac-snapshots-jy66w48o/build/Build/Intermediates.noindex/PicPacPoe.build/Debug-iphonesimulator/PicPacPoe.build/PicPacPoe-all-non-framework-target-headers.hmap -Xcc -ivfsoverlay -Xcc /var/folders/fh/vt8wk6pn5dgd_tv982c123440000gp/T/picpac-snapshots-jy66w48o/build/Build/Intermediates.noindex/PicPacPoe.build/Debug-iphonesimulator/PicPacPoe-90eff2f9d9e8600d7e53134acd1cb833-VFS-iphonesimulator/all-product-headers.yaml -Xcc -iquote -Xcc /var/folders/fh/vt8wk6pn5dgd_tv982c123440000gp/T/picpac-snapshots-jy66w48o/build/Build/Intermediates.noindex/PicPacPoe.build/Debug-iphonesimulator/PicPacPoe.build/PicPacPoe-project-headers.hmap -Xcc -I/var/folders/fh/vt8wk6pn5dgd_tv982c123440000gp/T/picpac-snapshots-jy66w48o/build/Build/Products/Debug-iphonesimulator/include -Xcc -I/var/folders/fh/vt8wk6pn5dgd_tv982c123440000gp/T/picpac-snapshots-jy66w48o/build/Build/Intermediates.noindex/PicPacPoe.build/Debug-iphonesimulator/PicPacPoe.build/DerivedSources-normal/x86_64 -Xcc -I/var/folders/fh/vt8wk6pn5dgd_tv982c123440000gp/T/picpac-snapshots-jy66w48o/build/Build/Intermediates.noindex/PicPacPoe.build/Debug-iphonesimulator/PicPacPoe.build/DerivedSources/x86_64 -Xcc -I/var/folders/fh/vt8wk6pn5dgd_tv982c123440000gp/T/picpac-snapshots-jy66w48o/build/Build/Intermediates.noindex/PicPacPoe.build/Debug-iphonesimulator/PicPacPoe.build/DerivedSources -emit-objc-header -emit-objc-header-path /var/folders/fh/vt8wk6pn5dgd_tv982c123440000gp/T/picpac-snapshots-jy66w48o/build/Build/Intermediates.noindex/PicPacPoe.build/Debug-iphonesimulator/PicPacPoe.build/Objects-normal/x86_64/PicPacPoe-Swift.h -working-directory /Users/bavabangaru/Developer/pic-pac-poe-ios-native-parity/ios -experimental-emit-module-separately -disable-cmo

Ld /var/folders/fh/vt8wk6pn5dgd_tv982c123440000gp/T/picpac-snapshots-jy66w48o/build/Build/Intermediates.noindex/PicPacPoe.build/Debug-iphonesimulator/PicPacPoe.build/Objects-normal/x86_64/Binary/PicPacPoe.debug.dylib normal x86_64 (in target 'PicPacPoe' from project 'PicPacPoe')
    cd /Users/bavabangaru/Developer/pic-pac-poe-ios-native-parity/ios
    /Applications/Xcode.app/Contents/Developer/Toolchains/XcodeDefault.xctoolchain/usr/bin/clang -Xlinker -reproducible -target x86_64-apple-ios17.0-simulator -dynamiclib -isysroot /Applications/Xcode.app/Contents/Developer/Platforms/iPhoneSimulator.platform/Developer/SDKs/iPhoneSimulator26.5.sdk -O0 -L/var/folders/fh/vt8wk6pn5dgd_tv982c123440000gp/T/picpac-snapshots-jy66w48o/build/Build/Intermediates.noindex/EagerLinkingTBDs/Debug-iphonesimulator -L/var/folders/fh/vt8wk6pn5dgd_tv982c123440000gp/T/picpac-snapshots-jy66w48o/build/Build/Products/Debug-iphonesimulator -F/var/folders/fh/vt8wk6pn5dgd_tv982c123440000gp/T/picpac-snapshots-jy66w48o/build/Build/Intermediates.noindex/EagerLinkingTBDs/Debug-iphonesimulator -F/var/folders/fh/vt8wk6pn5dgd_tv982c123440000gp/T/picpac-snapshots-jy66w48o/build/Build/Products/Debug-iphonesimulator/PackageFrameworks -F/var/folders/fh/vt8wk6pn5dgd_tv982c123440000gp/T/picpac-snapshots-jy66w48o/build/Build/Products/Debug-iphonesimulator/PackageFrameworks -F/var/folders/fh/vt8wk6pn5dgd_tv982c123440000gp/T/picpac-snapshots-jy66w48o/build/Build/Products/Debug-iphonesimulator/PackageFrameworks -F/var/folders/fh/vt8wk6pn5dgd_tv982c123440000gp/T/picpac-snapshots-jy66w48o/build/Build/Products/Debug-iphonesimulator -filelist /var/folders/fh/vt8wk6pn5dgd_tv982c123440000gp/T/picpac-snapshots-jy66w48o/build/Build/Intermediates.noindex/PicPacPoe.build/Debug-iphonesimulator/PicPacPoe.build/Objects-normal/x86_64/PicPacPoe.LinkFileList -install_name @rpath/PicPacPoe.debug.dylib -Xlinker -rpath -Xlinker /usr/lib/swift -Xlinker -rpath -Xlinker /var/folders/fh/vt8wk6pn5dgd_tv982c123440000gp/T/picpac-snapshots-jy66w48o/build/Build/Products/Debug-iphonesimulator/PackageFrameworks -Xlinker -dead_strip -Xlinker -object_path_lto -Xlinker /var/folders/fh/vt8wk6pn5dgd_tv982c123440000gp/T/picpac-snapshots-jy66w48o/build/Build/Intermediates.noindex/PicPacPoe.build/Debug-iphonesimulator/PicPacPoe.build/Objects-normal/x86_64/PicPacPoe_lto.o -rdynamic -Xlinker -no_deduplicate -Xlinker -objc_abi_version -Xlinker 2 -Xlinker -debug_variant -Xlinker -dependency_info -Xlinker /var/folders/fh/vt8wk6pn5dgd_tv982c123440000gp/T/picpac-snapshots-jy66w48o/build/Build/Intermediates.noindex/PicPacPoe.build/Debug-iphonesimulator/PicPacPoe.build/Objects-normal/x86_64/PicPacPoe_dependency_info.dat -fobjc-link-runtime -fprofile-instr-generate -L/Applications/Xcode.app/Contents/Developer/Toolchains/XcodeDefault.xctoolchain/usr/lib/swift/iphonesimulator -L/usr/lib/swift -Xlinker -add_ast_path -Xlinker /var/folders/fh/vt8wk6pn5dgd_tv982c123440000gp/T/picpac-snapshots-jy66w48o/build/Build/Intermediates.noindex/PicPacPoe.build/Debug-iphonesimulator/PicPacPoe.build/Objects-normal/x86_64/PicPacPoe.swiftmodule @/var/folders/fh/vt8wk6pn5dgd_tv982c123440000gp/T/picpac-snapshots-jy66w48o/build/Build/Intermediates.noindex/PicPacPoe.build/Debug-iphonesimulator/PicPacPoe.build/Objects-normal/x86_64/PicPacPoe-linker-args.resp -Wl,-no_warn_duplicate_libraries -Wl,-no_warn_duplicate_libraries -Wl,-no_warn_duplicate_libraries -Xlinker -alias -Xlinker _main -Xlinker ___debug_main_executable_dylib_entry_point -o /var/folders/fh/vt8wk6pn5dgd_tv982c123440000gp/T/picpac-snapshots-jy66w48o/build/Build/Intermediates.noindex/PicPacPoe.build/Debug-iphonesimulator/PicPacPoe.build/Objects-normal/x86_64/Binary/PicPacPoe.debug.dylib -Xlinker -add_ast_path -Xlinker /var/folders/fh/vt8wk6pn5dgd_tv982c123440000gp/T/picpac-snapshots-jy66w48o/build/Build/Intermediates.noindex/PicPacKit.build/Debug-iphonesimulator/PicPacPresentation.build/Objects-normal/x86_64/PicPacPresentation.swiftmodule @/var/folders/fh/vt8wk6pn5dgd_tv982c123440000gp/T/picpac-snapshots-jy66w48o/build/Build/Intermediates.noindex/PicPacKit.build/Debug-iphonesimulator/PicPacPresentation.build/Objects-normal/x86_64/PicPacPresentation-linker-args.resp -Xlinker -add_ast_path -Xlinker /var/folders/fh/vt8wk6pn5dgd_tv982c123440000gp/T/picpac-snapshots-jy66w48o/build/Build/Intermediates.noindex/PicPacKit.build/Debug-iphonesimulator/PicPacCore.build/Objects-normal/x86_64/PicPacCore.swiftmodule @/var/folders/fh/vt8wk6pn5dgd_tv982c123440000gp/T/picpac-snapshots-jy66w48o/build/Build/Intermediates.noindex/PicPacKit.build/Debug-iphonesimulator/PicPacCore.build/Objects-normal/x86_64/PicPacCore-linker-args.resp -Xlinker -add_ast_path -Xlinker /var/folders/fh/vt8wk6pn5dgd_tv982c123440000gp/T/picpac-snapshots-jy66w48o/build/Build/Intermediates.noindex/PicPacKit.build/Debug-iphonesimulator/PicPacAI.build/Objects-normal/x86_64/PicPacAI.swiftmodule @/var/folders/fh/vt8wk6pn5dgd_tv982c123440000gp/T/picpac-snapshots-jy66w48o/build/Build/Intermediates.noindex/PicPacKit.build/Debug-iphonesimulator/PicPacAI.build/Objects-normal/x86_64/PicPacAI-linker-args.resp

SwiftDriverJobDiscovery normal arm64 Compiling DebugLaunchConfiguration.swift (in target 'PicPacPoe' from project 'PicPacPoe')

SwiftDriverJobDiscovery normal arm64 Compiling PhysicalBoard.swift (in target 'PicPacPoe' from project 'PicPacPoe')

SwiftDriverJobDiscovery normal arm64 Compiling InfoViews.swift (in target 'PicPacPoe' from project 'PicPacPoe')

SwiftDriverJobDiscovery normal arm64 Compiling FormTheme.swift (in target 'PicPacPoe' from project 'PicPacPoe')

SwiftDriverJobDiscovery normal arm64 Compiling PicPacPoeApp.swift (in target 'PicPacPoe' from project 'PicPacPoe')

ConstructStubExecutorLinkFileList /var/folders/fh/vt8wk6pn5dgd_tv982c123440000gp/T/picpac-snapshots-jy66w48o/build/Build/Intermediates.noindex/PicPacPoe.build/Debug-iphonesimulator/PicPacPoe.build/PicPacPoe-ExecutorLinkFileList-normal-x86_64.txt (in target 'PicPacPoe' from project 'PicPacPoe')
    cd /Users/bavabangaru/Developer/pic-pac-poe-ios-native-parity/ios
    construct-stub-executor-link-file-list /var/folders/fh/vt8wk6pn5dgd_tv982c123440000gp/T/picpac-snapshots-jy66w48o/build/Build/Intermediates.noindex/PicPacPoe.build/Debug-iphonesimulator/PicPacPoe.build/Objects-normal/x86_64/Binary/PicPacPoe.debug.dylib /Applications/Xcode.app/Contents/Developer/Platforms/iPhoneSimulator.platform/Developer/usr/lib/libPreviewsJITStubExecutor_no_swift_entry_point.a /Applications/Xcode.app/Contents/Developer/Platforms/iPhoneSimulator.platform/Developer/usr/lib/libPreviewsJITStubExecutor.a --output /var/folders/fh/vt8wk6pn5dgd_tv982c123440000gp/T/picpac-snapshots-jy66w48o/build/Build/Intermediates.noindex/PicPacPoe.build/Debug-iphonesimulator/PicPacPoe.build/PicPacPoe-ExecutorLinkFileList-normal-x86_64.txt
note: Using stub executor library with Swift entry point. (in target 'PicPacPoe' from project 'PicPacPoe')

Ld /var/folders/fh/vt8wk6pn5dgd_tv982c123440000gp/T/picpac-snapshots-jy66w48o/build/Build/Intermediates.noindex/PicPacPoe.build/Debug-iphonesimulator/PicPacPoe.build/Objects-normal/x86_64/Binary/PicPacPoe normal x86_64 (in target 'PicPacPoe' from project 'PicPacPoe')
    cd /Users/bavabangaru/Developer/pic-pac-poe-ios-native-parity/ios
    /Applications/Xcode.app/Contents/Developer/Toolchains/XcodeDefault.xctoolchain/usr/bin/clang -Xlinker -reproducible -target x86_64-apple-ios17.0-simulator -isysroot /Applications/Xcode.app/Contents/Developer/Platforms/iPhoneSimulator.platform/Developer/SDKs/iPhoneSimulator26.5.sdk -O0 -L/var/folders/fh/vt8wk6pn5dgd_tv982c123440000gp/T/picpac-snapshots-jy66w48o/build/Build/Products/Debug-iphonesimulator -F/var/folders/fh/vt8wk6pn5dgd_tv982c123440000gp/T/picpac-snapshots-jy66w48o/build/Build/Products/Debug-iphonesimulator/PackageFrameworks -F/var/folders/fh/vt8wk6pn5dgd_tv982c123440000gp/T/picpac-snapshots-jy66w48o/build/Build/Products/Debug-iphonesimulator/PackageFrameworks -F/var/folders/fh/vt8wk6pn5dgd_tv982c123440000gp/T/picpac-snapshots-jy66w48o/build/Build/Products/Debug-iphonesimulator/PackageFrameworks -F/var/folders/fh/vt8wk6pn5dgd_tv982c123440000gp/T/picpac-snapshots-jy66w48o/build/Build/Products/Debug-iphonesimulator -Xlinker -rpath -Xlinker @executable_path -Xlinker -rpath -Xlinker /var/folders/fh/vt8wk6pn5dgd_tv982c123440000gp/T/picpac-snapshots-jy66w48o/build/Build/Products/Debug-iphonesimulator/PackageFrameworks -rdynamic -Xlinker -no_deduplicate -Xlinker -objc_abi_version -Xlinker 2 -Xlinker -debug_variant -e ___debug_blank_executor_main -Xlinker -sectcreate -Xlinker __TEXT -Xlinker __debug_dylib -Xlinker /var/folders/fh/vt8wk6pn5dgd_tv982c123440000gp/T/picpac-snapshots-jy66w48o/build/Build/Intermediates.noindex/PicPacPoe.build/Debug-iphonesimulator/PicPacPoe.build/PicPacPoe-DebugDylibPath-normal-x86_64.txt -Xlinker -sectcreate -Xlinker __TEXT -Xlinker __debug_instlnm -Xlinker /var/folders/fh/vt8wk6pn5dgd_tv982c123440000gp/T/picpac-snapshots-jy66w48o/build/Build/Intermediates.noindex/PicPacPoe.build/Debug-iphonesimulator/PicPacPoe.build/PicPacPoe-DebugDylibInstallName-normal-x86_64.txt -Xlinker -filelist -Xlinker /var/folders/fh/vt8wk6pn5dgd_tv982c123440000gp/T/picpac-snapshots-jy66w48o/build/Build/Intermediates.noindex/PicPacPoe.build/Debug-iphonesimulator/PicPacPoe.build/PicPacPoe-ExecutorLinkFileList-normal-x86_64.txt /var/folders/fh/vt8wk6pn5dgd_tv982c123440000gp/T/picpac-snapshots-jy66w48o/build/Build/Intermediates.noindex/PicPacPoe.build/Debug-iphonesimulator/PicPacPoe.build/Objects-normal/x86_64/Binary/PicPacPoe.debug.dylib -o /var/folders/fh/vt8wk6pn5dgd_tv982c123440000gp/T/picpac-snapshots-jy66w48o/build/Build/Intermediates.noindex/PicPacPoe.build/Debug-iphonesimulator/PicPacPoe.build/Objects-normal/x86_64/Binary/PicPacPoe

SwiftDriverJobDiscovery normal arm64 Compiling FeedbackService.swift (in target 'PicPacPoe' from project 'PicPacPoe')

SwiftDriverJobDiscovery normal arm64 Compiling GameView.swift (in target 'PicPacPoe' from project 'PicPacPoe')

SwiftDriverJobDiscovery normal arm64 Compiling HomeView.swift (in target 'PicPacPoe' from project 'PicPacPoe')

SwiftDriver\ Compilation PicPacPoe normal arm64 com.apple.xcode.tools.swift.compiler (in target 'PicPacPoe' from project 'PicPacPoe')
    cd /Users/bavabangaru/Developer/pic-pac-poe-ios-native-parity/ios
    builtin-Swift-Compilation -- /Applications/Xcode.app/Contents/Developer/Toolchains/XcodeDefault.xctoolchain/usr/bin/swiftc -module-name PicPacPoe -Onone @/var/folders/fh/vt8wk6pn5dgd_tv982c123440000gp/T/picpac-snapshots-jy66w48o/build/Build/Intermediates.noindex/PicPacPoe.build/Debug-iphonesimulator/PicPacPoe.build/Objects-normal/arm64/PicPacPoe.SwiftFileList -DDEBUG -enable-experimental-feature DebugDescriptionMacro -sdk /Applications/Xcode.app/Contents/Developer/Platforms/iPhoneSimulator.platform/Developer/SDKs/iPhoneSimulator26.5.sdk -target arm64-apple-ios17.0-simulator -g -module-cache-path /var/folders/fh/vt8wk6pn5dgd_tv982c123440000gp/T/picpac-snapshots-jy66w48o/build/ModuleCache.noindex -Xfrontend -serialize-debugging-options -profile-coverage-mapping -profile-generate -enable-testing -index-store-path /var/folders/fh/vt8wk6pn5dgd_tv982c123440000gp/T/picpac-snapshots-jy66w48o/build/Index.noindex/DataStore -Xcc -D_LIBCPP_HARDENING_MODE\=_LIBCPP_HARDENING_MODE_DEBUG -swift-version 6 -I /var/folders/fh/vt8wk6pn5dgd_tv982c123440000gp/T/picpac-snapshots-jy66w48o/build/Build/Products/Debug-iphonesimulator -F /var/folders/fh/vt8wk6pn5dgd_tv982c123440000gp/T/picpac-snapshots-jy66w48o/build/Build/Products/Debug-iphonesimulator/PackageFrameworks -F /var/folders/fh/vt8wk6pn5dgd_tv982c123440000gp/T/picpac-snapshots-jy66w48o/build/Build/Products/Debug-iphonesimulator/PackageFrameworks -F /var/folders/fh/vt8wk6pn5dgd_tv982c123440000gp/T/picpac-snapshots-jy66w48o/build/Build/Products/Debug-iphonesimulator/PackageFrameworks -F /var/folders/fh/vt8wk6pn5dgd_tv982c123440000gp/T/picpac-snapshots-jy66w48o/build/Build/Products/Debug-iphonesimulator -emit-localized-strings -emit-localized-strings-path /var/folders/fh/vt8wk6pn5dgd_tv982c123440000gp/T/picpac-snapshots-jy66w48o/build/Build/Intermediates.noindex/PicPacPoe.build/Debug-iphonesimulator/PicPacPoe.build/Objects-normal/arm64 -c -j12 -enable-batch-mode -incremental -Xcc -ivfsstatcache -Xcc /var/folders/fh/vt8wk6pn5dgd_tv982c123440000gp/T/picpac-snapshots-jy66w48o/build/SDKStatCaches.noindex/iphonesimulator26.5-23F81a-6cfe768891a92b912361537c460fe42b.sdkstatcache -output-file-map /var/folders/fh/vt8wk6pn5dgd_tv982c123440000gp/T/picpac-snapshots-jy66w48o/build/Build/Intermediates.noindex/PicPacPoe.build/Debug-iphonesimulator/PicPacPoe.build/Objects-normal/arm64/PicPacPoe-OutputFileMap.json -use-frontend-parseable-output -save-temps -no-color-diagnostics -explicit-module-build -module-cache-path /var/folders/fh/vt8wk6pn5dgd_tv982c123440000gp/T/picpac-snapshots-jy66w48o/build/Build/Intermediates.noindex/SwiftExplicitPrecompiledModules -clang-scanner-module-cache-path /var/folders/fh/vt8wk6pn5dgd_tv982c123440000gp/T/picpac-snapshots-jy66w48o/build/ModuleCache.noindex -sdk-module-cache-path /var/folders/fh/vt8wk6pn5dgd_tv982c123440000gp/T/picpac-snapshots-jy66w48o/build/ModuleCache.noindex -serialize-diagnostics -emit-dependencies -emit-module -emit-module-path /var/folders/fh/vt8wk6pn5dgd_tv982c123440000gp/T/picpac-snapshots-jy66w48o/build/Build/Intermediates.noindex/PicPacPoe.build/Debug-iphonesimulator/PicPacPoe.build/Objects-normal/arm64/PicPacPoe.swiftmodule -validate-clang-modules-once -clang-build-session-file /var/folders/fh/vt8wk6pn5dgd_tv982c123440000gp/T/picpac-snapshots-jy66w48o/build/ModuleCache.noindex/Session.modulevalidation -Xcc -I/var/folders/fh/vt8wk6pn5dgd_tv982c123440000gp/T/picpac-snapshots-jy66w48o/build/Build/Intermediates.noindex/PicPacPoe.build/Debug-iphonesimulator/PicPacPoe.build/swift-overrides.hmap -emit-const-values -Xfrontend -const-gather-protocols-file -Xfrontend /var/folders/fh/vt8wk6pn5dgd_tv982c123440000gp/T/picpac-snapshots-jy66w48o/build/Build/Intermediates.noindex/PicPacPoe.build/Debug-iphonesimulator/PicPacPoe.build/Objects-normal/arm64/PicPacPoe_const_extract_protocols.json -Xcc -iquote -Xcc /var/folders/fh/vt8wk6pn5dgd_tv982c123440000gp/T/picpac-snapshots-jy66w48o/build/Build/Intermediates.noindex/PicPacPoe.build/Debug-iphonesimulator/PicPacPoe.build/PicPacPoe-generated-files.hmap -Xcc -I/var/folders/fh/vt8wk6pn5dgd_tv982c123440000gp/T/picpac-snapshots-jy66w48o/build/Build/Intermediates.noindex/PicPacPoe.build/Debug-iphonesimulator/PicPacPoe.build/PicPacPoe-own-target-headers.hmap -Xcc -I/var/folders/fh/vt8wk6pn5dgd_tv982c123440000gp/T/picpac-snapshots-jy66w48o/build/Build/Intermediates.noindex/PicPacPoe.build/Debug-iphonesimulator/PicPacPoe.build/PicPacPoe-all-non-framework-target-headers.hmap -Xcc -ivfsoverlay -Xcc /var/folders/fh/vt8wk6pn5dgd_tv982c123440000gp/T/picpac-snapshots-jy66w48o/build/Build/Intermediates.noindex/PicPacPoe.build/Debug-iphonesimulator/PicPacPoe-90eff2f9d9e8600d7e53134acd1cb833-VFS-iphonesimulator/all-product-headers.yaml -Xcc -iquote -Xcc /var/folders/fh/vt8wk6pn5dgd_tv982c123440000gp/T/picpac-snapshots-jy66w48o/build/Build/Intermediates.noindex/PicPacPoe.build/Debug-iphonesimulator/PicPacPoe.build/PicPacPoe-project-headers.hmap -Xcc -I/var/folders/fh/vt8wk6pn5dgd_tv982c123440000gp/T/picpac-snapshots-jy66w48o/build/Build/Products/Debug-iphonesimulator/include -Xcc -I/var/folders/fh/vt8wk6pn5dgd_tv982c123440000gp/T/picpac-snapshots-jy66w48o/build/Build/Intermediates.noindex/PicPacPoe.build/Debug-iphonesimulator/PicPacPoe.build/DerivedSources-normal/arm64 -Xcc -I/var/folders/fh/vt8wk6pn5dgd_tv982c123440000gp/T/picpac-snapshots-jy66w48o/build/Build/Intermediates.noindex/PicPacPoe.build/Debug-iphonesimulator/PicPacPoe.build/DerivedSources/arm64 -Xcc -I/var/folders/fh/vt8wk6pn5dgd_tv982c123440000gp/T/picpac-snapshots-jy66w48o/build/Build/Intermediates.noindex/PicPacPoe.build/Debug-iphonesimulator/PicPacPoe.build/DerivedSources -emit-objc-header -emit-objc-header-path /var/folders/fh/vt8wk6pn5dgd_tv982c123440000gp/T/picpac-snapshots-jy66w48o/build/Build/Intermediates.noindex/PicPacPoe.build/Debug-iphonesimulator/PicPacPoe.build/Objects-normal/arm64/PicPacPoe-Swift.h -working-directory /Users/bavabangaru/Developer/pic-pac-poe-ios-native-parity/ios -experimental-emit-module-separately -disable-cmo

Ld /var/folders/fh/vt8wk6pn5dgd_tv982c123440000gp/T/picpac-snapshots-jy66w48o/build/Build/Intermediates.noindex/PicPacPoe.build/Debug-iphonesimulator/PicPacPoe.build/Objects-normal/arm64/Binary/PicPacPoe.debug.dylib normal arm64 (in target 'PicPacPoe' from project 'PicPacPoe')
    cd /Users/bavabangaru/Developer/pic-pac-poe-ios-native-parity/ios
    /Applications/Xcode.app/Contents/Developer/Toolchains/XcodeDefault.xctoolchain/usr/bin/clang -Xlinker -reproducible -target arm64-apple-ios17.0-simulator -dynamiclib -isysroot /Applications/Xcode.app/Contents/Developer/Platforms/iPhoneSimulator.platform/Developer/SDKs/iPhoneSimulator26.5.sdk -O0 -L/var/folders/fh/vt8wk6pn5dgd_tv982c123440000gp/T/picpac-snapshots-jy66w48o/build/Build/Intermediates.noindex/EagerLinkingTBDs/Debug-iphonesimulator -L/var/folders/fh/vt8wk6pn5dgd_tv982c123440000gp/T/picpac-snapshots-jy66w48o/build/Build/Products/Debug-iphonesimulator -F/var/folders/fh/vt8wk6pn5dgd_tv982c123440000gp/T/picpac-snapshots-jy66w48o/build/Build/Intermediates.noindex/EagerLinkingTBDs/Debug-iphonesimulator -F/var/folders/fh/vt8wk6pn5dgd_tv982c123440000gp/T/picpac-snapshots-jy66w48o/build/Build/Products/Debug-iphonesimulator/PackageFrameworks -F/var/folders/fh/vt8wk6pn5dgd_tv982c123440000gp/T/picpac-snapshots-jy66w48o/build/Build/Products/Debug-iphonesimulator/PackageFrameworks -F/var/folders/fh/vt8wk6pn5dgd_tv982c123440000gp/T/picpac-snapshots-jy66w48o/build/Build/Products/Debug-iphonesimulator/PackageFrameworks -F/var/folders/fh/vt8wk6pn5dgd_tv982c123440000gp/T/picpac-snapshots-jy66w48o/build/Build/Products/Debug-iphonesimulator -filelist /var/folders/fh/vt8wk6pn5dgd_tv982c123440000gp/T/picpac-snapshots-jy66w48o/build/Build/Intermediates.noindex/PicPacPoe.build/Debug-iphonesimulator/PicPacPoe.build/Objects-normal/arm64/PicPacPoe.LinkFileList -install_name @rpath/PicPacPoe.debug.dylib -Xlinker -rpath -Xlinker /usr/lib/swift -Xlinker -rpath -Xlinker /var/folders/fh/vt8wk6pn5dgd_tv982c123440000gp/T/picpac-snapshots-jy66w48o/build/Build/Products/Debug-iphonesimulator/PackageFrameworks -Xlinker -dead_strip -Xlinker -object_path_lto -Xlinker /var/folders/fh/vt8wk6pn5dgd_tv982c123440000gp/T/picpac-snapshots-jy66w48o/build/Build/Intermediates.noindex/PicPacPoe.build/Debug-iphonesimulator/PicPacPoe.build/Objects-normal/arm64/PicPacPoe_lto.o -rdynamic -Xlinker -no_deduplicate -Xlinker -objc_abi_version -Xlinker 2 -Xlinker -debug_variant -Xlinker -dependency_info -Xlinker /var/folders/fh/vt8wk6pn5dgd_tv982c123440000gp/T/picpac-snapshots-jy66w48o/build/Build/Intermediates.noindex/PicPacPoe.build/Debug-iphonesimulator/PicPacPoe.build/Objects-normal/arm64/PicPacPoe_dependency_info.dat -fobjc-link-runtime -fprofile-instr-generate -L/Applications/Xcode.app/Contents/Developer/Toolchains/XcodeDefault.xctoolchain/usr/lib/swift/iphonesimulator -L/usr/lib/swift -Xlinker -add_ast_path -Xlinker /var/folders/fh/vt8wk6pn5dgd_tv982c123440000gp/T/picpac-snapshots-jy66w48o/build/Build/Intermediates.noindex/PicPacPoe.build/Debug-iphonesimulator/PicPacPoe.build/Objects-normal/arm64/PicPacPoe.swiftmodule @/var/folders/fh/vt8wk6pn5dgd_tv982c123440000gp/T/picpac-snapshots-jy66w48o/build/Build/Intermediates.noindex/PicPacPoe.build/Debug-iphonesimulator/PicPacPoe.build/Objects-normal/arm64/PicPacPoe-linker-args.resp -Wl,-no_warn_duplicate_libraries -Wl,-no_warn_duplicate_libraries -Wl,-no_warn_duplicate_libraries -Xlinker -alias -Xlinker _main -Xlinker ___debug_main_executable_dylib_entry_point -o /var/folders/fh/vt8wk6pn5dgd_tv982c123440000gp/T/picpac-snapshots-jy66w48o/build/Build/Intermediates.noindex/PicPacPoe.build/Debug-iphonesimulator/PicPacPoe.build/Objects-normal/arm64/Binary/PicPacPoe.debug.dylib -Xlinker -add_ast_path -Xlinker /var/folders/fh/vt8wk6pn5dgd_tv982c123440000gp/T/picpac-snapshots-jy66w48o/build/Build/Intermediates.noindex/PicPacKit.build/Debug-iphonesimulator/PicPacPresentation.build/Objects-normal/arm64/PicPacPresentation.swiftmodule @/var/folders/fh/vt8wk6pn5dgd_tv982c123440000gp/T/picpac-snapshots-jy66w48o/build/Build/Intermediates.noindex/PicPacKit.build/Debug-iphonesimulator/PicPacPresentation.build/Objects-normal/arm64/PicPacPresentation-linker-args.resp -Xlinker -add_ast_path -Xlinker /var/folders/fh/vt8wk6pn5dgd_tv982c123440000gp/T/picpac-snapshots-jy66w48o/build/Build/Intermediates.noindex/PicPacKit.build/Debug-iphonesimulator/PicPacCore.build/Objects-normal/arm64/PicPacCore.swiftmodule @/var/folders/fh/vt8wk6pn5dgd_tv982c123440000gp/T/picpac-snapshots-jy66w48o/build/Build/Intermediates.noindex/PicPacKit.build/Debug-iphonesimulator/PicPacCore.build/Objects-normal/arm64/PicPacCore-linker-args.resp -Xlinker -add_ast_path -Xlinker /var/folders/fh/vt8wk6pn5dgd_tv982c123440000gp/T/picpac-snapshots-jy66w48o/build/Build/Intermediates.noindex/PicPacKit.build/Debug-iphonesimulator/PicPacAI.build/Objects-normal/arm64/PicPacAI.swiftmodule @/var/folders/fh/vt8wk6pn5dgd_tv982c123440000gp/T/picpac-snapshots-jy66w48o/build/Build/Intermediates.noindex/PicPacKit.build/Debug-iphonesimulator/PicPacAI.build/Objects-normal/arm64/PicPacAI-linker-args.resp

ConstructStubExecutorLinkFileList /var/folders/fh/vt8wk6pn5dgd_tv982c123440000gp/T/picpac-snapshots-jy66w48o/build/Build/Intermediates.noindex/PicPacPoe.build/Debug-iphonesimulator/PicPacPoe.build/PicPacPoe-ExecutorLinkFileList-normal-arm64.txt (in target 'PicPacPoe' from project 'PicPacPoe')
    cd /Users/bavabangaru/Developer/pic-pac-poe-ios-native-parity/ios
    construct-stub-executor-link-file-list /var/folders/fh/vt8wk6pn5dgd_tv982c123440000gp/T/picpac-snapshots-jy66w48o/build/Build/Intermediates.noindex/PicPacPoe.build/Debug-iphonesimulator/PicPacPoe.build/Objects-normal/arm64/Binary/PicPacPoe.debug.dylib /Applications/Xcode.app/Contents/Developer/Platforms/iPhoneSimulator.platform/Developer/usr/lib/libPreviewsJITStubExecutor_no_swift_entry_point.a /Applications/Xcode.app/Contents/Developer/Platforms/iPhoneSimulator.platform/Developer/usr/lib/libPreviewsJITStubExecutor.a --output /var/folders/fh/vt8wk6pn5dgd_tv982c123440000gp/T/picpac-snapshots-jy66w48o/build/Build/Intermediates.noindex/PicPacPoe.build/Debug-iphonesimulator/PicPacPoe.build/PicPacPoe-ExecutorLinkFileList-normal-arm64.txt
note: Using stub executor library with Swift entry point. (in target 'PicPacPoe' from project 'PicPacPoe')

CreateUniversalBinary /var/folders/fh/vt8wk6pn5dgd_tv982c123440000gp/T/picpac-snapshots-jy66w48o/build/Build/Products/Debug-iphonesimulator/PicPacPoe.app/PicPacPoe.debug.dylib normal arm64\ x86_64 (in target 'PicPacPoe' from project 'PicPacPoe')
    cd /Users/bavabangaru/Developer/pic-pac-poe-ios-native-parity/ios
    /Applications/Xcode.app/Contents/Developer/Toolchains/XcodeDefault.xctoolchain/usr/bin/lipo -create /var/folders/fh/vt8wk6pn5dgd_tv982c123440000gp/T/picpac-snapshots-jy66w48o/build/Build/Intermediates.noindex/PicPacPoe.build/Debug-iphonesimulator/PicPacPoe.build/Objects-normal/arm64/Binary/PicPacPoe.debug.dylib /var/folders/fh/vt8wk6pn5dgd_tv982c123440000gp/T/picpac-snapshots-jy66w48o/build/Build/Intermediates.noindex/PicPacPoe.build/Debug-iphonesimulator/PicPacPoe.build/Objects-normal/x86_64/Binary/PicPacPoe.debug.dylib -output /var/folders/fh/vt8wk6pn5dgd_tv982c123440000gp/T/picpac-snapshots-jy66w48o/build/Build/Products/Debug-iphonesimulator/PicPacPoe.app/PicPacPoe.debug.dylib

Ld /var/folders/fh/vt8wk6pn5dgd_tv982c123440000gp/T/picpac-snapshots-jy66w48o/build/Build/Intermediates.noindex/PicPacPoe.build/Debug-iphonesimulator/PicPacPoe.build/Objects-normal/arm64/Binary/PicPacPoe normal arm64 (in target 'PicPacPoe' from project 'PicPacPoe')
    cd /Users/bavabangaru/Developer/pic-pac-poe-ios-native-parity/ios
    /Applications/Xcode.app/Contents/Developer/Toolchains/XcodeDefault.xctoolchain/usr/bin/clang -Xlinker -reproducible -target arm64-apple-ios17.0-simulator -isysroot /Applications/Xcode.app/Contents/Developer/Platforms/iPhoneSimulator.platform/Developer/SDKs/iPhoneSimulator26.5.sdk -O0 -L/var/folders/fh/vt8wk6pn5dgd_tv982c123440000gp/T/picpac-snapshots-jy66w48o/build/Build/Products/Debug-iphonesimulator -F/var/folders/fh/vt8wk6pn5dgd_tv982c123440000gp/T/picpac-snapshots-jy66w48o/build/Build/Products/Debug-iphonesimulator/PackageFrameworks -F/var/folders/fh/vt8wk6pn5dgd_tv982c123440000gp/T/picpac-snapshots-jy66w48o/build/Build/Products/Debug-iphonesimulator/PackageFrameworks -F/var/folders/fh/vt8wk6pn5dgd_tv982c123440000gp/T/picpac-snapshots-jy66w48o/build/Build/Products/Debug-iphonesimulator/PackageFrameworks -F/var/folders/fh/vt8wk6pn5dgd_tv982c123440000gp/T/picpac-snapshots-jy66w48o/build/Build/Products/Debug-iphonesimulator -Xlinker -rpath -Xlinker @executable_path -Xlinker -rpath -Xlinker /var/folders/fh/vt8wk6pn5dgd_tv982c123440000gp/T/picpac-snapshots-jy66w48o/build/Build/Products/Debug-iphonesimulator/PackageFrameworks -rdynamic -Xlinker -no_deduplicate -Xlinker -objc_abi_version -Xlinker 2 -Xlinker -debug_variant -e ___debug_blank_executor_main -Xlinker -sectcreate -Xlinker __TEXT -Xlinker __debug_dylib -Xlinker /var/folders/fh/vt8wk6pn5dgd_tv982c123440000gp/T/picpac-snapshots-jy66w48o/build/Build/Intermediates.noindex/PicPacPoe.build/Debug-iphonesimulator/PicPacPoe.build/PicPacPoe-DebugDylibPath-normal-arm64.txt -Xlinker -sectcreate -Xlinker __TEXT -Xlinker __debug_instlnm -Xlinker /var/folders/fh/vt8wk6pn5dgd_tv982c123440000gp/T/picpac-snapshots-jy66w48o/build/Build/Intermediates.noindex/PicPacPoe.build/Debug-iphonesimulator/PicPacPoe.build/PicPacPoe-DebugDylibInstallName-normal-arm64.txt -Xlinker -filelist -Xlinker /var/folders/fh/vt8wk6pn5dgd_tv982c123440000gp/T/picpac-snapshots-jy66w48o/build/Build/Intermediates.noindex/PicPacPoe.build/Debug-iphonesimulator/PicPacPoe.build/PicPacPoe-ExecutorLinkFileList-normal-arm64.txt /var/folders/fh/vt8wk6pn5dgd_tv982c123440000gp/T/picpac-snapshots-jy66w48o/build/Build/Intermediates.noindex/PicPacPoe.build/Debug-iphonesimulator/PicPacPoe.build/Objects-normal/arm64/Binary/PicPacPoe.debug.dylib -o /var/folders/fh/vt8wk6pn5dgd_tv982c123440000gp/T/picpac-snapshots-jy66w48o/build/Build/Intermediates.noindex/PicPacPoe.build/Debug-iphonesimulator/PicPacPoe.build/Objects-normal/arm64/Binary/PicPacPoe

CreateUniversalBinary /var/folders/fh/vt8wk6pn5dgd_tv982c123440000gp/T/picpac-snapshots-jy66w48o/build/Build/Products/Debug-iphonesimulator/PicPacPoe.app/PicPacPoe normal arm64\ x86_64 (in target 'PicPacPoe' from project 'PicPacPoe')
    cd /Users/bavabangaru/Developer/pic-pac-poe-ios-native-parity/ios
    /Applications/Xcode.app/Contents/Developer/Toolchains/XcodeDefault.xctoolchain/usr/bin/lipo -create /var/folders/fh/vt8wk6pn5dgd_tv982c123440000gp/T/picpac-snapshots-jy66w48o/build/Build/Intermediates.noindex/PicPacPoe.build/Debug-iphonesimulator/PicPacPoe.build/Objects-normal/arm64/Binary/PicPacPoe /var/folders/fh/vt8wk6pn5dgd_tv982c123440000gp/T/picpac-snapshots-jy66w48o/build/Build/Intermediates.noindex/PicPacPoe.build/Debug-iphonesimulator/PicPacPoe.build/Objects-normal/x86_64/Binary/PicPacPoe -output /var/folders/fh/vt8wk6pn5dgd_tv982c123440000gp/T/picpac-snapshots-jy66w48o/build/Build/Products/Debug-iphonesimulator/PicPacPoe.app/PicPacPoe

ExtractAppIntentsMetadata (in target 'PicPacPoe' from project 'PicPacPoe')
    cd /Users/bavabangaru/Developer/pic-pac-poe-ios-native-parity/ios
    /Applications/Xcode.app/Contents/Developer/Toolchains/XcodeDefault.xctoolchain/usr/bin/appintentsmetadataprocessor --toolchain-dir /Applications/Xcode.app/Contents/Developer/Toolchains/XcodeDefault.xctoolchain --module-name PicPacPoe --sdk-root /Applications/Xcode.app/Contents/Developer/Platforms/iPhoneSimulator.platform/Developer/SDKs/iPhoneSimulator26.5.sdk --xcode-version 17F113 --platform-family iOS --deployment-target 17.0 --bundle-identifier dev.saipranith.picpacpoe --output /var/folders/fh/vt8wk6pn5dgd_tv982c123440000gp/T/picpac-snapshots-jy66w48o/build/Build/Products/Debug-iphonesimulator/PicPacPoe.app --target-triple arm64-apple-ios17.0-simulator --target-triple x86_64-apple-ios17.0-simulator --binary-file /var/folders/fh/vt8wk6pn5dgd_tv982c123440000gp/T/picpac-snapshots-jy66w48o/build/Build/Products/Debug-iphonesimulator/PicPacPoe.app/PicPacPoe --dependency-file /var/folders/fh/vt8wk6pn5dgd_tv982c123440000gp/T/picpac-snapshots-jy66w48o/build/Build/Intermediates.noindex/PicPacPoe.build/Debug-iphonesimulator/PicPacPoe.build/Objects-normal/arm64/PicPacPoe_dependency_info.dat --dependency-file /var/folders/fh/vt8wk6pn5dgd_tv982c123440000gp/T/picpac-snapshots-jy66w48o/build/Build/Intermediates.noindex/PicPacPoe.build/Debug-iphonesimulator/PicPacPoe.build/Objects-normal/x86_64/PicPacPoe_dependency_info.dat --stringsdata-file /var/folders/fh/vt8wk6pn5dgd_tv982c123440000gp/T/picpac-snapshots-jy66w48o/build/Build/Intermediates.noindex/PicPacPoe.build/Debug-iphonesimulator/PicPacPoe.build/Objects-normal/arm64/ExtractedAppShortcutsMetadata.stringsdata --stringsdata-file /var/folders/fh/vt8wk6pn5dgd_tv982c123440000gp/T/picpac-snapshots-jy66w48o/build/Build/Intermediates.noindex/PicPacPoe.build/Debug-iphonesimulator/PicPacPoe.build/Objects-normal/x86_64/ExtractedAppShortcutsMetadata.stringsdata --source-file-list /var/folders/fh/vt8wk6pn5dgd_tv982c123440000gp/T/picpac-snapshots-jy66w48o/build/Build/Intermediates.noindex/PicPacPoe.build/Debug-iphonesimulator/PicPacPoe.build/Objects-normal/arm64/PicPacPoe.SwiftFileList --source-file-list /var/folders/fh/vt8wk6pn5dgd_tv982c123440000gp/T/picpac-snapshots-jy66w48o/build/Build/Intermediates.noindex/PicPacPoe.build/Debug-iphonesimulator/PicPacPoe.build/Objects-normal/x86_64/PicPacPoe.SwiftFileList --metadata-file-list /var/folders/fh/vt8wk6pn5dgd_tv982c123440000gp/T/picpac-snapshots-jy66w48o/build/Build/Intermediates.noindex/PicPacPoe.build/Debug-iphonesimulator/PicPacPoe.build/PicPacPoe.DependencyMetadataFileList --static-metadata-file-list /var/folders/fh/vt8wk6pn5dgd_tv982c123440000gp/T/picpac-snapshots-jy66w48o/build/Build/Intermediates.noindex/PicPacPoe.build/Debug-iphonesimulator/PicPacPoe.build/PicPacPoe.DependencyStaticMetadataFileList --swift-const-vals-list /var/folders/fh/vt8wk6pn5dgd_tv982c123440000gp/T/picpac-snapshots-jy66w48o/build/Build/Intermediates.noindex/PicPacPoe.build/Debug-iphonesimulator/PicPacPoe.build/Objects-normal/arm64/PicPacPoe.SwiftConstValuesFileList --swift-const-vals-list /var/folders/fh/vt8wk6pn5dgd_tv982c123440000gp/T/picpac-snapshots-jy66w48o/build/Build/Intermediates.noindex/PicPacPoe.build/Debug-iphonesimulator/PicPacPoe.build/Objects-normal/x86_64/PicPacPoe.SwiftConstValuesFileList --compile-time-extraction --deployment-aware-processing --validate-assistant-intents --no-app-shortcuts-localization
2026-09-25 06:05:00.241 appintentsmetadataprocessor[99376:115934395] Starting appintentsmetadataprocessor export
2026-09-25 06:05:00.242 appintentsmetadataprocessor[99376:115934395] warning: Metadata extraction skipped. No AppIntents.framework dependency found.

CopySwiftLibs /var/folders/fh/vt8wk6pn5dgd_tv982c123440000gp/T/picpac-snapshots-jy66w48o/build/Build/Products/Debug-iphonesimulator/PicPacPoe.app (in target 'PicPacPoe' from project 'PicPacPoe')
    cd /Users/bavabangaru/Developer/pic-pac-poe-ios-native-parity/ios
    builtin-swiftStdLibTool --copy --verbose --scan-executable /var/folders/fh/vt8wk6pn5dgd_tv982c123440000gp/T/picpac-snapshots-jy66w48o/build/Build/Products/Debug-iphonesimulator/PicPacPoe.app/PicPacPoe.debug.dylib --scan-folder /var/folders/fh/vt8wk6pn5dgd_tv982c123440000gp/T/picpac-snapshots-jy66w48o/build/Build/Products/Debug-iphonesimulator/PicPacPoe.app/Frameworks --scan-folder /var/folders/fh/vt8wk6pn5dgd_tv982c123440000gp/T/picpac-snapshots-jy66w48o/build/Build/Products/Debug-iphonesimulator/PicPacPoe.app/PlugIns --scan-folder /var/folders/fh/vt8wk6pn5dgd_tv982c123440000gp/T/picpac-snapshots-jy66w48o/build/Build/Products/Debug-iphonesimulator/PicPacPoe.app/SystemExtensions --scan-folder /var/folders/fh/vt8wk6pn5dgd_tv982c123440000gp/T/picpac-snapshots-jy66w48o/build/Build/Products/Debug-iphonesimulator/PicPacPoe.app/Extensions --platform iphonesimulator --toolchain /Applications/Xcode.app/Contents/Developer/Toolchains/XcodeDefault.xctoolchain --destination /var/folders/fh/vt8wk6pn5dgd_tv982c123440000gp/T/picpac-snapshots-jy66w48o/build/Build/Products/Debug-iphonesimulator/PicPacPoe.app/Frameworks --strip-bitcode --strip-bitcode-tool /Applications/Xcode.app/Contents/Developer/Toolchains/XcodeDefault.xctoolchain/usr/bin/bitcode_strip --emit-dependency-info /var/folders/fh/vt8wk6pn5dgd_tv982c123440000gp/T/picpac-snapshots-jy66w48o/build/Build/Intermediates.noindex/PicPacPoe.build/Debug-iphonesimulator/PicPacPoe.build/SwiftStdLibToolInputDependencies.dep --filter-for-swift-os --back-deploy-swift-span
Ignoring --strip-bitcode because --sign was not passed

AppIntentsSSUTraining (in target 'PicPacPoe' from project 'PicPacPoe')
    cd /Users/bavabangaru/Developer/pic-pac-poe-ios-native-parity/ios
    /Applications/Xcode.app/Contents/Developer/Toolchains/XcodeDefault.xctoolchain/usr/bin/appintentsnltrainingprocessor --infoplist-path /var/folders/fh/vt8wk6pn5dgd_tv982c123440000gp/T/picpac-snapshots-jy66w48o/build/Build/Products/Debug-iphonesimulator/PicPacPoe.app/Info.plist --temp-dir-path /var/folders/fh/vt8wk6pn5dgd_tv982c123440000gp/T/picpac-snapshots-jy66w48o/build/Build/Intermediates.noindex/PicPacPoe.build/Debug-iphonesimulator/PicPacPoe.build/ssu --bundle-id dev.saipranith.picpacpoe --product-path /var/folders/fh/vt8wk6pn5dgd_tv982c123440000gp/T/picpac-snapshots-jy66w48o/build/Build/Products/Debug-iphonesimulator/PicPacPoe.app --extracted-metadata-path /var/folders/fh/vt8wk6pn5dgd_tv982c123440000gp/T/picpac-snapshots-jy66w48o/build/Build/Products/Debug-iphonesimulator/PicPacPoe.app/Metadata.appintents --metadata-file-list /var/folders/fh/vt8wk6pn5dgd_tv982c123440000gp/T/picpac-snapshots-jy66w48o/build/Build/Intermediates.noindex/PicPacPoe.build/Debug-iphonesimulator/PicPacPoe.build/PicPacPoe.DependencyMetadataFileList --source-file /var/folders/fh/vt8wk6pn5dgd_tv982c123440000gp/T/picpac-snapshots-jy66w48o/build/Build/Products/Debug-iphonesimulator/PicPacPoe.app/Info.plist --archive-ssu-assets
2026-09-25 06:05:00.261 appintentsnltrainingprocessor[99377:115934396] Parsing options for appintentsnltrainingprocessor
2026-09-25 06:05:00.261 appintentsnltrainingprocessor[99377:115934396] Starting AppIntents SSU YAML Generation
2026-09-25 06:05:00.263 appintentsnltrainingprocessor[99377:115934396] No AppShortcuts found - Skipping.

RegisterExecutionPolicyException /var/folders/fh/vt8wk6pn5dgd_tv982c123440000gp/T/picpac-snapshots-jy66w48o/build/Build/Products/Debug-iphonesimulator/PicPacPoe.app (in target 'PicPacPoe' from project 'PicPacPoe')
    cd /Users/bavabangaru/Developer/pic-pac-poe-ios-native-parity/ios
    builtin-RegisterExecutionPolicyException /var/folders/fh/vt8wk6pn5dgd_tv982c123440000gp/T/picpac-snapshots-jy66w48o/build/Build/Products/Debug-iphonesimulator/PicPacPoe.app

Validate /var/folders/fh/vt8wk6pn5dgd_tv982c123440000gp/T/picpac-snapshots-jy66w48o/build/Build/Products/Debug-iphonesimulator/PicPacPoe.app (in target 'PicPacPoe' from project 'PicPacPoe')
    cd /Users/bavabangaru/Developer/pic-pac-poe-ios-native-parity/ios
    builtin-validationUtility /var/folders/fh/vt8wk6pn5dgd_tv982c123440000gp/T/picpac-snapshots-jy66w48o/build/Build/Products/Debug-iphonesimulator/PicPacPoe.app -shallow-bundle -infoplist-subpath Info.plist

Touch /var/folders/fh/vt8wk6pn5dgd_tv982c123440000gp/T/picpac-snapshots-jy66w48o/build/Build/Products/Debug-iphonesimulator/PicPacPoe.app (in target 'PicPacPoe' from project 'PicPacPoe')
    cd /Users/bavabangaru/Developer/pic-pac-poe-ios-native-parity/ios
    /usr/bin/touch -c /var/folders/fh/vt8wk6pn5dgd_tv982c123440000gp/T/picpac-snapshots-jy66w48o/build/Build/Products/Debug-iphonesimulator/PicPacPoe.app

** BUILD SUCCEEDED **

