Command line invocation:
    /Applications/Xcode.app/Contents/Developer/usr/bin/xcodebuild -project /Users/bavabangaru/Developer/pic-pac-poe-ios-native-parity/ios/PicPacPoe.xcodeproj -scheme PicPacPoe -configuration Debug -destination generic/platform=iOS -derivedDataPath /tmp/picpac-phase3-layout-final-build-e6c0c65c9c5a-20260925T105458Z/iphoneos CODE_SIGNING_ALLOWED=NO CODE_SIGNING_REQUIRED=NO ENABLE_CODE_COVERAGE=NO CLANG_ENABLE_CODE_COVERAGE=NO CLANG_COVERAGE_MAPPING=NO build

Build settings from command line:
    CLANG_COVERAGE_MAPPING = NO
    CLANG_ENABLE_CODE_COVERAGE = NO
    CODE_SIGNING_ALLOWED = NO
    CODE_SIGNING_REQUIRED = NO
    ENABLE_CODE_COVERAGE = NO

Resolve Package Graph


Resolved source packages:
  PicPacKit: /Users/bavabangaru/Developer/pic-pac-poe-ios-native-parity/ios/Packages/PicPacKit @ local

ComputePackagePrebuildTargetDependencyGraph

Prepare packages

CreateBuildRequest

SendProjectDescription

CreateBuildOperation

ComputeTargetDependencyGraph
note: Building targets in dependency order
note: Target dependency graph (7 targets)
    Target 'PicPacPoe' in project 'PicPacPoe'
        ➜ Explicit dependency on target 'PicPacPresentation' in project 'PicPacKit'
        ➜ Explicit dependency on target 'PicPacAI' in project 'PicPacKit'
    Target 'PicPacAI' in project 'PicPacKit'
        ➜ Explicit dependency on target 'PicPacAI' in project 'PicPacKit'
        ➜ Explicit dependency on target 'PicPacKit_PicPacAI' in project 'PicPacKit'
        ➜ Explicit dependency on target 'PicPacCore' in project 'PicPacKit'
    Target 'PicPacAI' in project 'PicPacKit'
        ➜ Explicit dependency on target 'PicPacKit_PicPacAI' in project 'PicPacKit'
        ➜ Explicit dependency on target 'PicPacCore' in project 'PicPacKit'
    Target 'PicPacKit_PicPacAI' in project 'PicPacKit' (no dependencies)
    Target 'PicPacPresentation' in project 'PicPacKit'
        ➜ Explicit dependency on target 'PicPacPresentation' in project 'PicPacKit'
        ➜ Explicit dependency on target 'PicPacCore' in project 'PicPacKit'
    Target 'PicPacPresentation' in project 'PicPacKit'
        ➜ Explicit dependency on target 'PicPacCore' in project 'PicPacKit'
    Target 'PicPacCore' in project 'PicPacKit' (no dependencies)

GatherProvisioningInputs

CreateBuildDescription

ExecuteExternalTool /Applications/Xcode.app/Contents/Developer/Toolchains/XcodeDefault.xctoolchain/usr/bin/swiftc --version

ExecuteExternalTool /Applications/Xcode.app/Contents/Developer/Toolchains/XcodeDefault.xctoolchain/usr/bin/clang -v -E -dM -isysroot /Applications/Xcode.app/Contents/Developer/Platforms/iPhoneOS.platform/Developer/SDKs/iPhoneOS26.5.sdk -x c -c /dev/null

ExecuteExternalTool /Applications/Xcode.app/Contents/Developer/usr/bin/actool --print-asset-tag-combinations --output-format xml1 /Users/bavabangaru/Developer/pic-pac-poe-ios-native-parity/ios/PicPacPoe/Assets.xcassets

ExecuteExternalTool /Applications/Xcode.app/Contents/Developer/usr/bin/actool --version --output-format xml1

ExecuteExternalTool /Applications/Xcode.app/Contents/Developer/Toolchains/XcodeDefault.xctoolchain/usr/bin/ld -version_details

Build description signature: 7dee179c8d6754771425d4ea87cdb1ec
Build description path: /tmp/picpac-phase3-layout-final-build-e6c0c65c9c5a-20260925T105458Z/iphoneos/Build/Intermediates.noindex/XCBuildData/7dee179c8d6754771425d4ea87cdb1ec.xcbuilddata
ClangStatCache /Applications/Xcode.app/Contents/Developer/Toolchains/XcodeDefault.xctoolchain/usr/bin/clang-stat-cache /Applications/Xcode.app/Contents/Developer/Platforms/iPhoneOS.platform/Developer/SDKs/iPhoneOS26.5.sdk /tmp/picpac-phase3-layout-final-build-e6c0c65c9c5a-20260925T105458Z/iphoneos/SDKStatCaches.noindex/iphoneos26.5-23F81a-32daed1954a7d5dd0789fcaf2a9bb78b.sdkstatcache
    cd /Users/bavabangaru/Developer/pic-pac-poe-ios-native-parity/ios/PicPacPoe.xcodeproj
    /Applications/Xcode.app/Contents/Developer/Toolchains/XcodeDefault.xctoolchain/usr/bin/clang-stat-cache /Applications/Xcode.app/Contents/Developer/Platforms/iPhoneOS.platform/Developer/SDKs/iPhoneOS26.5.sdk -o /tmp/picpac-phase3-layout-final-build-e6c0c65c9c5a-20260925T105458Z/iphoneos/SDKStatCaches.noindex/iphoneos26.5-23F81a-32daed1954a7d5dd0789fcaf2a9bb78b.sdkstatcache

CreateBuildDirectory /tmp/picpac-phase3-layout-final-build-e6c0c65c9c5a-20260925T105458Z/iphoneos/Build/Intermediates.noindex
    cd /Users/bavabangaru/Developer/pic-pac-poe-ios-native-parity/ios/PicPacPoe.xcodeproj
    builtin-create-build-directory /tmp/picpac-phase3-layout-final-build-e6c0c65c9c5a-20260925T105458Z/iphoneos/Build/Intermediates.noindex

CreateBuildDirectory /tmp/picpac-phase3-layout-final-build-e6c0c65c9c5a-20260925T105458Z/iphoneos/Build/Products
    cd /Users/bavabangaru/Developer/pic-pac-poe-ios-native-parity/ios/PicPacPoe.xcodeproj
    builtin-create-build-directory /tmp/picpac-phase3-layout-final-build-e6c0c65c9c5a-20260925T105458Z/iphoneos/Build/Products

CreateBuildDirectory /tmp/picpac-phase3-layout-final-build-e6c0c65c9c5a-20260925T105458Z/iphoneos/Build/Intermediates.noindex/SwiftExplicitPrecompiledModules
    cd /Users/bavabangaru/Developer/pic-pac-poe-ios-native-parity/ios/PicPacPoe.xcodeproj
    builtin-create-build-directory /tmp/picpac-phase3-layout-final-build-e6c0c65c9c5a-20260925T105458Z/iphoneos/Build/Intermediates.noindex/SwiftExplicitPrecompiledModules

CreateBuildDirectory /tmp/picpac-phase3-layout-final-build-e6c0c65c9c5a-20260925T105458Z/iphoneos/Build/Intermediates.noindex/ExplicitPrecompiledModules
    cd /Users/bavabangaru/Developer/pic-pac-poe-ios-native-parity/ios/PicPacPoe.xcodeproj
    builtin-create-build-directory /tmp/picpac-phase3-layout-final-build-e6c0c65c9c5a-20260925T105458Z/iphoneos/Build/Intermediates.noindex/ExplicitPrecompiledModules

CreateBuildDirectory /tmp/picpac-phase3-layout-final-build-e6c0c65c9c5a-20260925T105458Z/iphoneos/Build/Intermediates.noindex/EagerLinkingTBDs/Debug-iphoneos
    cd /Users/bavabangaru/Developer/pic-pac-poe-ios-native-parity/ios/PicPacPoe.xcodeproj
    builtin-create-build-directory /tmp/picpac-phase3-layout-final-build-e6c0c65c9c5a-20260925T105458Z/iphoneos/Build/Intermediates.noindex/EagerLinkingTBDs/Debug-iphoneos

CreateBuildDirectory /tmp/picpac-phase3-layout-final-build-e6c0c65c9c5a-20260925T105458Z/iphoneos/Build/Products/Debug-iphoneos
    cd /Users/bavabangaru/Developer/pic-pac-poe-ios-native-parity/ios/PicPacPoe.xcodeproj
    builtin-create-build-directory /tmp/picpac-phase3-layout-final-build-e6c0c65c9c5a-20260925T105458Z/iphoneos/Build/Products/Debug-iphoneos

WriteAuxiliaryFile /tmp/picpac-phase3-layout-final-build-e6c0c65c9c5a-20260925T105458Z/iphoneos/Build/Intermediates.noindex/PicPacPoe.build/Debug-iphoneos/PicPacPoe-90eff2f9d9e8600d7e53134acd1cb833-VFS-iphoneos/all-product-headers.yaml
    cd /Users/bavabangaru/Developer/pic-pac-poe-ios-native-parity/ios/PicPacPoe.xcodeproj
    write-file /tmp/picpac-phase3-layout-final-build-e6c0c65c9c5a-20260925T105458Z/iphoneos/Build/Intermediates.noindex/PicPacPoe.build/Debug-iphoneos/PicPacPoe-90eff2f9d9e8600d7e53134acd1cb833-VFS-iphoneos/all-product-headers.yaml

CreateBuildDirectory /tmp/picpac-phase3-layout-final-build-e6c0c65c9c5a-20260925T105458Z/iphoneos/Build/Products/Debug-iphoneos/PackageFrameworks
    cd /Users/bavabangaru/Developer/pic-pac-poe-ios-native-parity/ios/PicPacPoe.xcodeproj
    builtin-create-build-directory /tmp/picpac-phase3-layout-final-build-e6c0c65c9c5a-20260925T105458Z/iphoneos/Build/Products/Debug-iphoneos/PackageFrameworks

WriteAuxiliaryFile /tmp/picpac-phase3-layout-final-build-e6c0c65c9c5a-20260925T105458Z/iphoneos/Build/Intermediates.noindex/PicPacKit.build/Debug-iphoneos/PicPacPresentation.build/PicPacPresentation.DependencyStaticMetadataFileList (in target 'PicPacPresentation' from project 'PicPacKit')
    cd /Users/bavabangaru/Developer/pic-pac-poe-ios-native-parity/ios/Packages/PicPacKit
    write-file /tmp/picpac-phase3-layout-final-build-e6c0c65c9c5a-20260925T105458Z/iphoneos/Build/Intermediates.noindex/PicPacKit.build/Debug-iphoneos/PicPacPresentation.build/PicPacPresentation.DependencyStaticMetadataFileList

WriteAuxiliaryFile /tmp/picpac-phase3-layout-final-build-e6c0c65c9c5a-20260925T105458Z/iphoneos/Build/Intermediates.noindex/PicPacKit.build/Debug-iphoneos/PicPacPresentation.build/PicPacPresentation.DependencyMetadataFileList (in target 'PicPacPresentation' from project 'PicPacKit')
    cd /Users/bavabangaru/Developer/pic-pac-poe-ios-native-parity/ios/Packages/PicPacKit
    write-file /tmp/picpac-phase3-layout-final-build-e6c0c65c9c5a-20260925T105458Z/iphoneos/Build/Intermediates.noindex/PicPacKit.build/Debug-iphoneos/PicPacPresentation.build/PicPacPresentation.DependencyMetadataFileList

WriteAuxiliaryFile /tmp/picpac-phase3-layout-final-build-e6c0c65c9c5a-20260925T105458Z/iphoneos/Build/Intermediates.noindex/PicPacKit.build/Debug-iphoneos/PicPacPresentation.build/PicPacPresentation.modulemap (in target 'PicPacPresentation' from project 'PicPacKit')
    cd /Users/bavabangaru/Developer/pic-pac-poe-ios-native-parity/ios/Packages/PicPacKit
    write-file /tmp/picpac-phase3-layout-final-build-e6c0c65c9c5a-20260925T105458Z/iphoneos/Build/Intermediates.noindex/PicPacKit.build/Debug-iphoneos/PicPacPresentation.build/PicPacPresentation.modulemap

WriteAuxiliaryFile /tmp/picpac-phase3-layout-final-build-e6c0c65c9c5a-20260925T105458Z/iphoneos/Build/Intermediates.noindex/PicPacPoe.build/Debug-iphoneos/PicPacPoe.build/PicPacPoe.hmap (in target 'PicPacPoe' from project 'PicPacPoe')
    cd /Users/bavabangaru/Developer/pic-pac-poe-ios-native-parity/ios
    write-file /tmp/picpac-phase3-layout-final-build-e6c0c65c9c5a-20260925T105458Z/iphoneos/Build/Intermediates.noindex/PicPacPoe.build/Debug-iphoneos/PicPacPoe.build/PicPacPoe.hmap

WriteAuxiliaryFile /tmp/picpac-phase3-layout-final-build-e6c0c65c9c5a-20260925T105458Z/iphoneos/Build/Intermediates.noindex/PicPacKit.build/Debug-iphoneos/PicPacPresentation.build/Objects-normal/arm64/PicPacPresentation.SwiftFileList (in target 'PicPacPresentation' from project 'PicPacKit')
    cd /Users/bavabangaru/Developer/pic-pac-poe-ios-native-parity/ios/Packages/PicPacKit
    write-file /tmp/picpac-phase3-layout-final-build-e6c0c65c9c5a-20260925T105458Z/iphoneos/Build/Intermediates.noindex/PicPacKit.build/Debug-iphoneos/PicPacPresentation.build/Objects-normal/arm64/PicPacPresentation.SwiftFileList

WriteAuxiliaryFile /tmp/picpac-phase3-layout-final-build-e6c0c65c9c5a-20260925T105458Z/iphoneos/Build/Intermediates.noindex/PicPacKit.build/Debug-iphoneos/PicPacPresentation.build/Objects-normal/arm64/PicPacPresentation.SwiftConstValuesFileList (in target 'PicPacPresentation' from project 'PicPacKit')
    cd /Users/bavabangaru/Developer/pic-pac-poe-ios-native-parity/ios/Packages/PicPacKit
    write-file /tmp/picpac-phase3-layout-final-build-e6c0c65c9c5a-20260925T105458Z/iphoneos/Build/Intermediates.noindex/PicPacKit.build/Debug-iphoneos/PicPacPresentation.build/Objects-normal/arm64/PicPacPresentation.SwiftConstValuesFileList

WriteAuxiliaryFile /tmp/picpac-phase3-layout-final-build-e6c0c65c9c5a-20260925T105458Z/iphoneos/Build/Intermediates.noindex/PicPacKit.build/Debug-iphoneos/PicPacPresentation.build/Objects-normal/arm64/PicPacPresentation_const_extract_protocols.json (in target 'PicPacPresentation' from project 'PicPacKit')
    cd /Users/bavabangaru/Developer/pic-pac-poe-ios-native-parity/ios/Packages/PicPacKit
    write-file /tmp/picpac-phase3-layout-final-build-e6c0c65c9c5a-20260925T105458Z/iphoneos/Build/Intermediates.noindex/PicPacKit.build/Debug-iphoneos/PicPacPresentation.build/Objects-normal/arm64/PicPacPresentation_const_extract_protocols.json

WriteAuxiliaryFile /tmp/picpac-phase3-layout-final-build-e6c0c65c9c5a-20260925T105458Z/iphoneos/Build/Intermediates.noindex/PicPacKit.build/Debug-iphoneos/PicPacPresentation.build/Objects-normal/arm64/PicPacPresentation-OutputFileMap.json (in target 'PicPacPresentation' from project 'PicPacKit')
    cd /Users/bavabangaru/Developer/pic-pac-poe-ios-native-parity/ios/Packages/PicPacKit
    write-file /tmp/picpac-phase3-layout-final-build-e6c0c65c9c5a-20260925T105458Z/iphoneos/Build/Intermediates.noindex/PicPacKit.build/Debug-iphoneos/PicPacPresentation.build/Objects-normal/arm64/PicPacPresentation-OutputFileMap.json

WriteAuxiliaryFile /tmp/picpac-phase3-layout-final-build-e6c0c65c9c5a-20260925T105458Z/iphoneos/Build/Intermediates.noindex/PicPacKit.build/Debug-iphoneos/PicPacPresentation.build/Objects-normal/arm64/PicPacPresentation.LinkFileList (in target 'PicPacPresentation' from project 'PicPacKit')
    cd /Users/bavabangaru/Developer/pic-pac-poe-ios-native-parity/ios/Packages/PicPacKit
    write-file /tmp/picpac-phase3-layout-final-build-e6c0c65c9c5a-20260925T105458Z/iphoneos/Build/Intermediates.noindex/PicPacKit.build/Debug-iphoneos/PicPacPresentation.build/Objects-normal/arm64/PicPacPresentation.LinkFileList

WriteAuxiliaryFile /tmp/picpac-phase3-layout-final-build-e6c0c65c9c5a-20260925T105458Z/iphoneos/Build/Intermediates.noindex/PicPacPoe.build/Debug-iphoneos/PicPacPoe.build/PicPacPoe.DependencyStaticMetadataFileList (in target 'PicPacPoe' from project 'PicPacPoe')
    cd /Users/bavabangaru/Developer/pic-pac-poe-ios-native-parity/ios
    write-file /tmp/picpac-phase3-layout-final-build-e6c0c65c9c5a-20260925T105458Z/iphoneos/Build/Intermediates.noindex/PicPacPoe.build/Debug-iphoneos/PicPacPoe.build/PicPacPoe.DependencyStaticMetadataFileList

WriteAuxiliaryFile /tmp/picpac-phase3-layout-final-build-e6c0c65c9c5a-20260925T105458Z/iphoneos/Build/Intermediates.noindex/PicPacPoe.build/Debug-iphoneos/PicPacPoe.build/PicPacPoe-own-target-headers.hmap (in target 'PicPacPoe' from project 'PicPacPoe')
    cd /Users/bavabangaru/Developer/pic-pac-poe-ios-native-parity/ios
    write-file /tmp/picpac-phase3-layout-final-build-e6c0c65c9c5a-20260925T105458Z/iphoneos/Build/Intermediates.noindex/PicPacPoe.build/Debug-iphoneos/PicPacPoe.build/PicPacPoe-own-target-headers.hmap

WriteAuxiliaryFile /tmp/picpac-phase3-layout-final-build-e6c0c65c9c5a-20260925T105458Z/iphoneos/Build/Intermediates.noindex/PicPacPoe.build/Debug-iphoneos/PicPacPoe.build/PicPacPoe-generated-files.hmap (in target 'PicPacPoe' from project 'PicPacPoe')
    cd /Users/bavabangaru/Developer/pic-pac-poe-ios-native-parity/ios
    write-file /tmp/picpac-phase3-layout-final-build-e6c0c65c9c5a-20260925T105458Z/iphoneos/Build/Intermediates.noindex/PicPacPoe.build/Debug-iphoneos/PicPacPoe.build/PicPacPoe-generated-files.hmap

WriteAuxiliaryFile /tmp/picpac-phase3-layout-final-build-e6c0c65c9c5a-20260925T105458Z/iphoneos/Build/Intermediates.noindex/PicPacPoe.build/Debug-iphoneos/PicPacPoe.build/PicPacPoe.DependencyMetadataFileList (in target 'PicPacPoe' from project 'PicPacPoe')
    cd /Users/bavabangaru/Developer/pic-pac-poe-ios-native-parity/ios
    write-file /tmp/picpac-phase3-layout-final-build-e6c0c65c9c5a-20260925T105458Z/iphoneos/Build/Intermediates.noindex/PicPacPoe.build/Debug-iphoneos/PicPacPoe.build/PicPacPoe.DependencyMetadataFileList

WriteAuxiliaryFile /tmp/picpac-phase3-layout-final-build-e6c0c65c9c5a-20260925T105458Z/iphoneos/Build/Intermediates.noindex/PicPacPoe.build/Debug-iphoneos/PicPacPoe.build/PicPacPoe-project-headers.hmap (in target 'PicPacPoe' from project 'PicPacPoe')
    cd /Users/bavabangaru/Developer/pic-pac-poe-ios-native-parity/ios
    write-file /tmp/picpac-phase3-layout-final-build-e6c0c65c9c5a-20260925T105458Z/iphoneos/Build/Intermediates.noindex/PicPacPoe.build/Debug-iphoneos/PicPacPoe.build/PicPacPoe-project-headers.hmap

WriteAuxiliaryFile /tmp/picpac-phase3-layout-final-build-e6c0c65c9c5a-20260925T105458Z/iphoneos/Build/Intermediates.noindex/PicPacPoe.build/Debug-iphoneos/PicPacPoe.build/PicPacPoe-all-target-headers.hmap (in target 'PicPacPoe' from project 'PicPacPoe')
    cd /Users/bavabangaru/Developer/pic-pac-poe-ios-native-parity/ios
    write-file /tmp/picpac-phase3-layout-final-build-e6c0c65c9c5a-20260925T105458Z/iphoneos/Build/Intermediates.noindex/PicPacPoe.build/Debug-iphoneos/PicPacPoe.build/PicPacPoe-all-target-headers.hmap

WriteAuxiliaryFile /tmp/picpac-phase3-layout-final-build-e6c0c65c9c5a-20260925T105458Z/iphoneos/Build/Intermediates.noindex/PicPacPoe.build/Debug-iphoneos/PicPacPoe.build/PicPacPoe-DebugDylibPath-normal-arm64.txt (in target 'PicPacPoe' from project 'PicPacPoe')
    cd /Users/bavabangaru/Developer/pic-pac-poe-ios-native-parity/ios
    write-file /tmp/picpac-phase3-layout-final-build-e6c0c65c9c5a-20260925T105458Z/iphoneos/Build/Intermediates.noindex/PicPacPoe.build/Debug-iphoneos/PicPacPoe.build/PicPacPoe-DebugDylibPath-normal-arm64.txt

WriteAuxiliaryFile /tmp/picpac-phase3-layout-final-build-e6c0c65c9c5a-20260925T105458Z/iphoneos/Build/Intermediates.noindex/PicPacPoe.build/Debug-iphoneos/PicPacPoe.build/PicPacPoe-all-non-framework-target-headers.hmap (in target 'PicPacPoe' from project 'PicPacPoe')
    cd /Users/bavabangaru/Developer/pic-pac-poe-ios-native-parity/ios
    write-file /tmp/picpac-phase3-layout-final-build-e6c0c65c9c5a-20260925T105458Z/iphoneos/Build/Intermediates.noindex/PicPacPoe.build/Debug-iphoneos/PicPacPoe.build/PicPacPoe-all-non-framework-target-headers.hmap

WriteAuxiliaryFile /tmp/picpac-phase3-layout-final-build-e6c0c65c9c5a-20260925T105458Z/iphoneos/Build/Intermediates.noindex/PicPacPoe.build/Debug-iphoneos/PicPacPoe.build/PicPacPoe-DebugDylibInstallName-normal-arm64.txt (in target 'PicPacPoe' from project 'PicPacPoe')
    cd /Users/bavabangaru/Developer/pic-pac-poe-ios-native-parity/ios
    write-file /tmp/picpac-phase3-layout-final-build-e6c0c65c9c5a-20260925T105458Z/iphoneos/Build/Intermediates.noindex/PicPacPoe.build/Debug-iphoneos/PicPacPoe.build/PicPacPoe-DebugDylibInstallName-normal-arm64.txt

Copy /tmp/picpac-phase3-layout-final-build-e6c0c65c9c5a-20260925T105458Z/iphoneos/Build/Intermediates.noindex/GeneratedModuleMaps-iphoneos/PicPacPresentation.modulemap /tmp/picpac-phase3-layout-final-build-e6c0c65c9c5a-20260925T105458Z/iphoneos/Build/Intermediates.noindex/PicPacKit.build/Debug-iphoneos/PicPacPresentation.build/PicPacPresentation.modulemap (in target 'PicPacPresentation' from project 'PicPacKit')
    cd /Users/bavabangaru/Developer/pic-pac-poe-ios-native-parity/ios/Packages/PicPacKit
    builtin-copy -exclude .DS_Store -exclude CVS -exclude .svn -exclude .git -exclude .hg -resolve-src-symlinks /tmp/picpac-phase3-layout-final-build-e6c0c65c9c5a-20260925T105458Z/iphoneos/Build/Intermediates.noindex/PicPacKit.build/Debug-iphoneos/PicPacPresentation.build/PicPacPresentation.modulemap /tmp/picpac-phase3-layout-final-build-e6c0c65c9c5a-20260925T105458Z/iphoneos/Build/Intermediates.noindex/GeneratedModuleMaps-iphoneos

WriteAuxiliaryFile /tmp/picpac-phase3-layout-final-build-e6c0c65c9c5a-20260925T105458Z/iphoneos/Build/Intermediates.noindex/PicPacPoe.build/Debug-iphoneos/PicPacPoe.build/Objects-normal/arm64/PicPacPoe-OutputFileMap.json (in target 'PicPacPoe' from project 'PicPacPoe')
    cd /Users/bavabangaru/Developer/pic-pac-poe-ios-native-parity/ios
    write-file /tmp/picpac-phase3-layout-final-build-e6c0c65c9c5a-20260925T105458Z/iphoneos/Build/Intermediates.noindex/PicPacPoe.build/Debug-iphoneos/PicPacPoe.build/Objects-normal/arm64/PicPacPoe-OutputFileMap.json

WriteAuxiliaryFile /tmp/picpac-phase3-layout-final-build-e6c0c65c9c5a-20260925T105458Z/iphoneos/Build/Intermediates.noindex/PicPacPoe.build/Debug-iphoneos/PicPacPoe.build/Objects-normal/arm64/PicPacPoe.LinkFileList (in target 'PicPacPoe' from project 'PicPacPoe')
    cd /Users/bavabangaru/Developer/pic-pac-poe-ios-native-parity/ios
    write-file /tmp/picpac-phase3-layout-final-build-e6c0c65c9c5a-20260925T105458Z/iphoneos/Build/Intermediates.noindex/PicPacPoe.build/Debug-iphoneos/PicPacPoe.build/Objects-normal/arm64/PicPacPoe.LinkFileList

WriteAuxiliaryFile /tmp/picpac-phase3-layout-final-build-e6c0c65c9c5a-20260925T105458Z/iphoneos/Build/Intermediates.noindex/PicPacPoe.build/Debug-iphoneos/PicPacPoe.build/Objects-normal/arm64/PicPacPoe.SwiftConstValuesFileList (in target 'PicPacPoe' from project 'PicPacPoe')
    cd /Users/bavabangaru/Developer/pic-pac-poe-ios-native-parity/ios
    write-file /tmp/picpac-phase3-layout-final-build-e6c0c65c9c5a-20260925T105458Z/iphoneos/Build/Intermediates.noindex/PicPacPoe.build/Debug-iphoneos/PicPacPoe.build/Objects-normal/arm64/PicPacPoe.SwiftConstValuesFileList

WriteAuxiliaryFile /tmp/picpac-phase3-layout-final-build-e6c0c65c9c5a-20260925T105458Z/iphoneos/Build/Intermediates.noindex/PicPacPoe.build/Debug-iphoneos/PicPacPoe.build/Objects-normal/arm64/PicPacPoe.SwiftFileList (in target 'PicPacPoe' from project 'PicPacPoe')
    cd /Users/bavabangaru/Developer/pic-pac-poe-ios-native-parity/ios
    write-file /tmp/picpac-phase3-layout-final-build-e6c0c65c9c5a-20260925T105458Z/iphoneos/Build/Intermediates.noindex/PicPacPoe.build/Debug-iphoneos/PicPacPoe.build/Objects-normal/arm64/PicPacPoe.SwiftFileList

WriteAuxiliaryFile /tmp/picpac-phase3-layout-final-build-e6c0c65c9c5a-20260925T105458Z/iphoneos/Build/Intermediates.noindex/PicPacPoe.build/Debug-iphoneos/PicPacPoe.build/Objects-normal/arm64/PicPacPoe_const_extract_protocols.json (in target 'PicPacPoe' from project 'PicPacPoe')
    cd /Users/bavabangaru/Developer/pic-pac-poe-ios-native-parity/ios
    write-file /tmp/picpac-phase3-layout-final-build-e6c0c65c9c5a-20260925T105458Z/iphoneos/Build/Intermediates.noindex/PicPacPoe.build/Debug-iphoneos/PicPacPoe.build/Objects-normal/arm64/PicPacPoe_const_extract_protocols.json

WriteAuxiliaryFile /tmp/picpac-phase3-layout-final-build-e6c0c65c9c5a-20260925T105458Z/iphoneos/Build/Intermediates.noindex/PicPacKit.build/Debug-iphoneos/PicPacKit_PicPacAI.build/PicPacKit_PicPacAI.DependencyStaticMetadataFileList (in target 'PicPacKit_PicPacAI' from project 'PicPacKit')
    cd /Users/bavabangaru/Developer/pic-pac-poe-ios-native-parity/ios/Packages/PicPacKit
    write-file /tmp/picpac-phase3-layout-final-build-e6c0c65c9c5a-20260925T105458Z/iphoneos/Build/Intermediates.noindex/PicPacKit.build/Debug-iphoneos/PicPacKit_PicPacAI.build/PicPacKit_PicPacAI.DependencyStaticMetadataFileList

WriteAuxiliaryFile /tmp/picpac-phase3-layout-final-build-e6c0c65c9c5a-20260925T105458Z/iphoneos/Build/Intermediates.noindex/PicPacKit.build/Debug-iphoneos/PicPacKit_PicPacAI.build/empty-PicPacKit_PicPacAI.plist (in target 'PicPacKit_PicPacAI' from project 'PicPacKit')
    cd /Users/bavabangaru/Developer/pic-pac-poe-ios-native-parity/ios/Packages/PicPacKit
    write-file /tmp/picpac-phase3-layout-final-build-e6c0c65c9c5a-20260925T105458Z/iphoneos/Build/Intermediates.noindex/PicPacKit.build/Debug-iphoneos/PicPacKit_PicPacAI.build/empty-PicPacKit_PicPacAI.plist

WriteAuxiliaryFile /tmp/picpac-phase3-layout-final-build-e6c0c65c9c5a-20260925T105458Z/iphoneos/Build/Intermediates.noindex/PicPacKit.build/Debug-iphoneos/PicPacKit_PicPacAI.build/PicPacKit_PicPacAI.DependencyMetadataFileList (in target 'PicPacKit_PicPacAI' from project 'PicPacKit')
    cd /Users/bavabangaru/Developer/pic-pac-poe-ios-native-parity/ios/Packages/PicPacKit
    write-file /tmp/picpac-phase3-layout-final-build-e6c0c65c9c5a-20260925T105458Z/iphoneos/Build/Intermediates.noindex/PicPacKit.build/Debug-iphoneos/PicPacKit_PicPacAI.build/PicPacKit_PicPacAI.DependencyMetadataFileList

WriteAuxiliaryFile /tmp/picpac-phase3-layout-final-build-e6c0c65c9c5a-20260925T105458Z/iphoneos/Build/Intermediates.noindex/PicPacKit.build/Debug-iphoneos/PicPacCore.build/PicPacCore.modulemap (in target 'PicPacCore' from project 'PicPacKit')
    cd /Users/bavabangaru/Developer/pic-pac-poe-ios-native-parity/ios/Packages/PicPacKit
    write-file /tmp/picpac-phase3-layout-final-build-e6c0c65c9c5a-20260925T105458Z/iphoneos/Build/Intermediates.noindex/PicPacKit.build/Debug-iphoneos/PicPacCore.build/PicPacCore.modulemap

WriteAuxiliaryFile /tmp/picpac-phase3-layout-final-build-e6c0c65c9c5a-20260925T105458Z/iphoneos/Build/Intermediates.noindex/PicPacKit.build/Debug-iphoneos/PicPacCore.build/PicPacCore.DependencyStaticMetadataFileList (in target 'PicPacCore' from project 'PicPacKit')
    cd /Users/bavabangaru/Developer/pic-pac-poe-ios-native-parity/ios/Packages/PicPacKit
    write-file /tmp/picpac-phase3-layout-final-build-e6c0c65c9c5a-20260925T105458Z/iphoneos/Build/Intermediates.noindex/PicPacKit.build/Debug-iphoneos/PicPacCore.build/PicPacCore.DependencyStaticMetadataFileList

WriteAuxiliaryFile /tmp/picpac-phase3-layout-final-build-e6c0c65c9c5a-20260925T105458Z/iphoneos/Build/Intermediates.noindex/PicPacKit.build/Debug-iphoneos/PicPacCore.build/PicPacCore.DependencyMetadataFileList (in target 'PicPacCore' from project 'PicPacKit')
    cd /Users/bavabangaru/Developer/pic-pac-poe-ios-native-parity/ios/Packages/PicPacKit
    write-file /tmp/picpac-phase3-layout-final-build-e6c0c65c9c5a-20260925T105458Z/iphoneos/Build/Intermediates.noindex/PicPacKit.build/Debug-iphoneos/PicPacCore.build/PicPacCore.DependencyMetadataFileList

WriteAuxiliaryFile /tmp/picpac-phase3-layout-final-build-e6c0c65c9c5a-20260925T105458Z/iphoneos/Build/Intermediates.noindex/PicPacKit.build/Debug-iphoneos/PicPacCore.build/Objects-normal/arm64/PicPacCore.LinkFileList (in target 'PicPacCore' from project 'PicPacKit')
    cd /Users/bavabangaru/Developer/pic-pac-poe-ios-native-parity/ios/Packages/PicPacKit
    write-file /tmp/picpac-phase3-layout-final-build-e6c0c65c9c5a-20260925T105458Z/iphoneos/Build/Intermediates.noindex/PicPacKit.build/Debug-iphoneos/PicPacCore.build/Objects-normal/arm64/PicPacCore.LinkFileList

WriteAuxiliaryFile /tmp/picpac-phase3-layout-final-build-e6c0c65c9c5a-20260925T105458Z/iphoneos/Build/Intermediates.noindex/PicPacKit.build/Debug-iphoneos/PicPacCore.build/Objects-normal/arm64/PicPacCore.SwiftConstValuesFileList (in target 'PicPacCore' from project 'PicPacKit')
    cd /Users/bavabangaru/Developer/pic-pac-poe-ios-native-parity/ios/Packages/PicPacKit
    write-file /tmp/picpac-phase3-layout-final-build-e6c0c65c9c5a-20260925T105458Z/iphoneos/Build/Intermediates.noindex/PicPacKit.build/Debug-iphoneos/PicPacCore.build/Objects-normal/arm64/PicPacCore.SwiftConstValuesFileList

WriteAuxiliaryFile /tmp/picpac-phase3-layout-final-build-e6c0c65c9c5a-20260925T105458Z/iphoneos/Build/Intermediates.noindex/PicPacKit.build/Debug-iphoneos/PicPacCore.build/Objects-normal/arm64/PicPacCore_const_extract_protocols.json (in target 'PicPacCore' from project 'PicPacKit')
    cd /Users/bavabangaru/Developer/pic-pac-poe-ios-native-parity/ios/Packages/PicPacKit
    write-file /tmp/picpac-phase3-layout-final-build-e6c0c65c9c5a-20260925T105458Z/iphoneos/Build/Intermediates.noindex/PicPacKit.build/Debug-iphoneos/PicPacCore.build/Objects-normal/arm64/PicPacCore_const_extract_protocols.json

WriteAuxiliaryFile /tmp/picpac-phase3-layout-final-build-e6c0c65c9c5a-20260925T105458Z/iphoneos/Build/Intermediates.noindex/PicPacKit.build/Debug-iphoneos/PicPacCore.build/Objects-normal/arm64/PicPacCore-OutputFileMap.json (in target 'PicPacCore' from project 'PicPacKit')
    cd /Users/bavabangaru/Developer/pic-pac-poe-ios-native-parity/ios/Packages/PicPacKit
    write-file /tmp/picpac-phase3-layout-final-build-e6c0c65c9c5a-20260925T105458Z/iphoneos/Build/Intermediates.noindex/PicPacKit.build/Debug-iphoneos/PicPacCore.build/Objects-normal/arm64/PicPacCore-OutputFileMap.json

WriteAuxiliaryFile /tmp/picpac-phase3-layout-final-build-e6c0c65c9c5a-20260925T105458Z/iphoneos/Build/Intermediates.noindex/PicPacKit.build/Debug-iphoneos/PicPacCore.build/Objects-normal/arm64/PicPacCore.SwiftFileList (in target 'PicPacCore' from project 'PicPacKit')
    cd /Users/bavabangaru/Developer/pic-pac-poe-ios-native-parity/ios/Packages/PicPacKit
    write-file /tmp/picpac-phase3-layout-final-build-e6c0c65c9c5a-20260925T105458Z/iphoneos/Build/Intermediates.noindex/PicPacKit.build/Debug-iphoneos/PicPacCore.build/Objects-normal/arm64/PicPacCore.SwiftFileList

WriteAuxiliaryFile /tmp/picpac-phase3-layout-final-build-e6c0c65c9c5a-20260925T105458Z/iphoneos/Build/Intermediates.noindex/PicPacKit.build/Debug-iphoneos/PicPacAI.build/PicPacAI.modulemap (in target 'PicPacAI' from project 'PicPacKit')
    cd /Users/bavabangaru/Developer/pic-pac-poe-ios-native-parity/ios/Packages/PicPacKit
    write-file /tmp/picpac-phase3-layout-final-build-e6c0c65c9c5a-20260925T105458Z/iphoneos/Build/Intermediates.noindex/PicPacKit.build/Debug-iphoneos/PicPacAI.build/PicPacAI.modulemap

WriteAuxiliaryFile /tmp/picpac-phase3-layout-final-build-e6c0c65c9c5a-20260925T105458Z/iphoneos/Build/Intermediates.noindex/PicPacKit.build/Debug-iphoneos/PicPacAI.build/PicPacAI.DependencyStaticMetadataFileList (in target 'PicPacAI' from project 'PicPacKit')
    cd /Users/bavabangaru/Developer/pic-pac-poe-ios-native-parity/ios/Packages/PicPacKit
    write-file /tmp/picpac-phase3-layout-final-build-e6c0c65c9c5a-20260925T105458Z/iphoneos/Build/Intermediates.noindex/PicPacKit.build/Debug-iphoneos/PicPacAI.build/PicPacAI.DependencyStaticMetadataFileList

WriteAuxiliaryFile /tmp/picpac-phase3-layout-final-build-e6c0c65c9c5a-20260925T105458Z/iphoneos/Build/Intermediates.noindex/PicPacKit.build/Debug-iphoneos/PicPacAI.build/PicPacAI.DependencyMetadataFileList (in target 'PicPacAI' from project 'PicPacKit')
    cd /Users/bavabangaru/Developer/pic-pac-poe-ios-native-parity/ios/Packages/PicPacKit
    write-file /tmp/picpac-phase3-layout-final-build-e6c0c65c9c5a-20260925T105458Z/iphoneos/Build/Intermediates.noindex/PicPacKit.build/Debug-iphoneos/PicPacAI.build/PicPacAI.DependencyMetadataFileList

Copy /tmp/picpac-phase3-layout-final-build-e6c0c65c9c5a-20260925T105458Z/iphoneos/Build/Intermediates.noindex/GeneratedModuleMaps-iphoneos/PicPacCore.modulemap /tmp/picpac-phase3-layout-final-build-e6c0c65c9c5a-20260925T105458Z/iphoneos/Build/Intermediates.noindex/PicPacKit.build/Debug-iphoneos/PicPacCore.build/PicPacCore.modulemap (in target 'PicPacCore' from project 'PicPacKit')
    cd /Users/bavabangaru/Developer/pic-pac-poe-ios-native-parity/ios/Packages/PicPacKit
    builtin-copy -exclude .DS_Store -exclude CVS -exclude .svn -exclude .git -exclude .hg -resolve-src-symlinks /tmp/picpac-phase3-layout-final-build-e6c0c65c9c5a-20260925T105458Z/iphoneos/Build/Intermediates.noindex/PicPacKit.build/Debug-iphoneos/PicPacCore.build/PicPacCore.modulemap /tmp/picpac-phase3-layout-final-build-e6c0c65c9c5a-20260925T105458Z/iphoneos/Build/Intermediates.noindex/GeneratedModuleMaps-iphoneos

WriteAuxiliaryFile /tmp/picpac-phase3-layout-final-build-e6c0c65c9c5a-20260925T105458Z/iphoneos/Build/Intermediates.noindex/PicPacKit.build/Debug-iphoneos/PicPacAI.build/Objects-normal/arm64/PicPacAI.SwiftFileList (in target 'PicPacAI' from project 'PicPacKit')
    cd /Users/bavabangaru/Developer/pic-pac-poe-ios-native-parity/ios/Packages/PicPacKit
    write-file /tmp/picpac-phase3-layout-final-build-e6c0c65c9c5a-20260925T105458Z/iphoneos/Build/Intermediates.noindex/PicPacKit.build/Debug-iphoneos/PicPacAI.build/Objects-normal/arm64/PicPacAI.SwiftFileList

WriteAuxiliaryFile /tmp/picpac-phase3-layout-final-build-e6c0c65c9c5a-20260925T105458Z/iphoneos/Build/Intermediates.noindex/PicPacKit.build/Debug-iphoneos/PicPacAI.build/Objects-normal/arm64/PicPacAI_const_extract_protocols.json (in target 'PicPacAI' from project 'PicPacKit')
    cd /Users/bavabangaru/Developer/pic-pac-poe-ios-native-parity/ios/Packages/PicPacKit
    write-file /tmp/picpac-phase3-layout-final-build-e6c0c65c9c5a-20260925T105458Z/iphoneos/Build/Intermediates.noindex/PicPacKit.build/Debug-iphoneos/PicPacAI.build/Objects-normal/arm64/PicPacAI_const_extract_protocols.json

MkDir /tmp/picpac-phase3-layout-final-build-e6c0c65c9c5a-20260925T105458Z/iphoneos/Build/Products/Debug-iphoneos/PicPacPoe.app (in target 'PicPacPoe' from project 'PicPacPoe')
    cd /Users/bavabangaru/Developer/pic-pac-poe-ios-native-parity/ios
    /bin/mkdir -p /tmp/picpac-phase3-layout-final-build-e6c0c65c9c5a-20260925T105458Z/iphoneos/Build/Products/Debug-iphoneos/PicPacPoe.app

MkDir /tmp/picpac-phase3-layout-final-build-e6c0c65c9c5a-20260925T105458Z/iphoneos/Build/Products/Debug-iphoneos/PicPacKit_PicPacAI.bundle (in target 'PicPacKit_PicPacAI' from project 'PicPacKit')
    cd /Users/bavabangaru/Developer/pic-pac-poe-ios-native-parity/ios/Packages/PicPacKit
    /bin/mkdir -p /tmp/picpac-phase3-layout-final-build-e6c0c65c9c5a-20260925T105458Z/iphoneos/Build/Products/Debug-iphoneos/PicPacKit_PicPacAI.bundle

WriteAuxiliaryFile /tmp/picpac-phase3-layout-final-build-e6c0c65c9c5a-20260925T105458Z/iphoneos/Build/Intermediates.noindex/PicPacKit.build/Debug-iphoneos/PicPacAI.build/Objects-normal/arm64/PicPacAI-OutputFileMap.json (in target 'PicPacAI' from project 'PicPacKit')
    cd /Users/bavabangaru/Developer/pic-pac-poe-ios-native-parity/ios/Packages/PicPacKit
    write-file /tmp/picpac-phase3-layout-final-build-e6c0c65c9c5a-20260925T105458Z/iphoneos/Build/Intermediates.noindex/PicPacKit.build/Debug-iphoneos/PicPacAI.build/Objects-normal/arm64/PicPacAI-OutputFileMap.json

WriteAuxiliaryFile /tmp/picpac-phase3-layout-final-build-e6c0c65c9c5a-20260925T105458Z/iphoneos/Build/Intermediates.noindex/PicPacKit.build/Debug-iphoneos/PicPacAI.build/Objects-normal/arm64/PicPacAI.LinkFileList (in target 'PicPacAI' from project 'PicPacKit')
    cd /Users/bavabangaru/Developer/pic-pac-poe-ios-native-parity/ios/Packages/PicPacKit
    write-file /tmp/picpac-phase3-layout-final-build-e6c0c65c9c5a-20260925T105458Z/iphoneos/Build/Intermediates.noindex/PicPacKit.build/Debug-iphoneos/PicPacAI.build/Objects-normal/arm64/PicPacAI.LinkFileList

WriteAuxiliaryFile /tmp/picpac-phase3-layout-final-build-e6c0c65c9c5a-20260925T105458Z/iphoneos/Build/Intermediates.noindex/PicPacKit.build/Debug-iphoneos/PicPacAI.build/Objects-normal/arm64/PicPacAI.SwiftConstValuesFileList (in target 'PicPacAI' from project 'PicPacKit')
    cd /Users/bavabangaru/Developer/pic-pac-poe-ios-native-parity/ios/Packages/PicPacKit
    write-file /tmp/picpac-phase3-layout-final-build-e6c0c65c9c5a-20260925T105458Z/iphoneos/Build/Intermediates.noindex/PicPacKit.build/Debug-iphoneos/PicPacAI.build/Objects-normal/arm64/PicPacAI.SwiftConstValuesFileList

Copy /tmp/picpac-phase3-layout-final-build-e6c0c65c9c5a-20260925T105458Z/iphoneos/Build/Intermediates.noindex/GeneratedModuleMaps-iphoneos/PicPacAI.modulemap /tmp/picpac-phase3-layout-final-build-e6c0c65c9c5a-20260925T105458Z/iphoneos/Build/Intermediates.noindex/PicPacKit.build/Debug-iphoneos/PicPacAI.build/PicPacAI.modulemap (in target 'PicPacAI' from project 'PicPacKit')
    cd /Users/bavabangaru/Developer/pic-pac-poe-ios-native-parity/ios/Packages/PicPacKit
    builtin-copy -exclude .DS_Store -exclude CVS -exclude .svn -exclude .git -exclude .hg -resolve-src-symlinks /tmp/picpac-phase3-layout-final-build-e6c0c65c9c5a-20260925T105458Z/iphoneos/Build/Intermediates.noindex/PicPacKit.build/Debug-iphoneos/PicPacAI.build/PicPacAI.modulemap /tmp/picpac-phase3-layout-final-build-e6c0c65c9c5a-20260925T105458Z/iphoneos/Build/Intermediates.noindex/GeneratedModuleMaps-iphoneos

WriteAuxiliaryFile /tmp/picpac-phase3-layout-final-build-e6c0c65c9c5a-20260925T105458Z/iphoneos/Build/Intermediates.noindex/PicPacKit.build/Debug-iphoneos/PicPacAI.build/DerivedSources/resource_bundle_accessor.swift (in target 'PicPacAI' from project 'PicPacKit')
    cd /Users/bavabangaru/Developer/pic-pac-poe-ios-native-parity/ios/Packages/PicPacKit
    write-file /tmp/picpac-phase3-layout-final-build-e6c0c65c9c5a-20260925T105458Z/iphoneos/Build/Intermediates.noindex/PicPacKit.build/Debug-iphoneos/PicPacAI.build/DerivedSources/resource_bundle_accessor.swift

CpResource /tmp/picpac-phase3-layout-final-build-e6c0c65c9c5a-20260925T105458Z/iphoneos/Build/Products/Debug-iphoneos/PicPacKit_PicPacAI.bundle/picpac_rl_policy_v1.bin /Users/bavabangaru/Developer/pic-pac-poe-ios-native-parity/ios/Packages/PicPacKit/Sources/PicPacAI/Resources/picpac_rl_policy_v1.bin (in target 'PicPacKit_PicPacAI' from project 'PicPacKit')
    cd /Users/bavabangaru/Developer/pic-pac-poe-ios-native-parity/ios/Packages/PicPacKit
    builtin-copy -exclude .DS_Store -exclude CVS -exclude .svn -exclude .git -exclude .hg -resolve-src-symlinks /Users/bavabangaru/Developer/pic-pac-poe-ios-native-parity/ios/Packages/PicPacKit/Sources/PicPacAI/Resources/picpac_rl_policy_v1.bin /tmp/picpac-phase3-layout-final-build-e6c0c65c9c5a-20260925T105458Z/iphoneos/Build/Products/Debug-iphoneos/PicPacKit_PicPacAI.bundle

ProcessInfoPlistFile /tmp/picpac-phase3-layout-final-build-e6c0c65c9c5a-20260925T105458Z/iphoneos/Build/Products/Debug-iphoneos/PicPacKit_PicPacAI.bundle/Info.plist /tmp/picpac-phase3-layout-final-build-e6c0c65c9c5a-20260925T105458Z/iphoneos/Build/Intermediates.noindex/PicPacKit.build/Debug-iphoneos/PicPacKit_PicPacAI.build/empty-PicPacKit_PicPacAI.plist (in target 'PicPacKit_PicPacAI' from project 'PicPacKit')
    cd /Users/bavabangaru/Developer/pic-pac-poe-ios-native-parity/ios/Packages/PicPacKit
    builtin-infoPlistUtility /tmp/picpac-phase3-layout-final-build-e6c0c65c9c5a-20260925T105458Z/iphoneos/Build/Intermediates.noindex/PicPacKit.build/Debug-iphoneos/PicPacKit_PicPacAI.build/empty-PicPacKit_PicPacAI.plist -producttype com.apple.product-type.bundle -expandbuildsettings -format binary -platform iphoneos -requiredArchitecture arm64 -o /tmp/picpac-phase3-layout-final-build-e6c0c65c9c5a-20260925T105458Z/iphoneos/Build/Products/Debug-iphoneos/PicPacKit_PicPacAI.bundle/Info.plist

RegisterExecutionPolicyException /tmp/picpac-phase3-layout-final-build-e6c0c65c9c5a-20260925T105458Z/iphoneos/Build/Products/Debug-iphoneos/PicPacKit_PicPacAI.bundle (in target 'PicPacKit_PicPacAI' from project 'PicPacKit')
    cd /Users/bavabangaru/Developer/pic-pac-poe-ios-native-parity/ios/Packages/PicPacKit
    builtin-RegisterExecutionPolicyException /tmp/picpac-phase3-layout-final-build-e6c0c65c9c5a-20260925T105458Z/iphoneos/Build/Products/Debug-iphoneos/PicPacKit_PicPacAI.bundle

Touch /tmp/picpac-phase3-layout-final-build-e6c0c65c9c5a-20260925T105458Z/iphoneos/Build/Products/Debug-iphoneos/PicPacKit_PicPacAI.bundle (in target 'PicPacKit_PicPacAI' from project 'PicPacKit')
    cd /Users/bavabangaru/Developer/pic-pac-poe-ios-native-parity/ios/Packages/PicPacKit
    /usr/bin/touch -c /tmp/picpac-phase3-layout-final-build-e6c0c65c9c5a-20260925T105458Z/iphoneos/Build/Products/Debug-iphoneos/PicPacKit_PicPacAI.bundle

SwiftDriver PicPacCore normal arm64 com.apple.xcode.tools.swift.compiler (in target 'PicPacCore' from project 'PicPacKit')
    cd /Users/bavabangaru/Developer/pic-pac-poe-ios-native-parity/ios/PicPacPoe.xcodeproj
    builtin-SwiftDriver -- /Applications/Xcode.app/Contents/Developer/Toolchains/XcodeDefault.xctoolchain/usr/bin/swiftc -module-name PicPacCore -Onone @/tmp/picpac-phase3-layout-final-build-e6c0c65c9c5a-20260925T105458Z/iphoneos/Build/Intermediates.noindex/PicPacKit.build/Debug-iphoneos/PicPacCore.build/Objects-normal/arm64/PicPacCore.SwiftFileList -DSWIFT_PACKAGE -DDEBUG -DSWIFT_MODULE_RESOURCE_BUNDLE_UNAVAILABLE -DXcode -plugin-path /Applications/Xcode.app/Contents/Developer/Toolchains/XcodeDefault.xctoolchain/usr/lib/swift/host/plugins/testing -enable-experimental-feature DebugDescriptionMacro -sdk /Applications/Xcode.app/Contents/Developer/Platforms/iPhoneOS.platform/Developer/SDKs/iPhoneOS26.5.sdk -target arm64-apple-ios17.0 -g -module-cache-path /tmp/picpac-phase3-layout-final-build-e6c0c65c9c5a-20260925T105458Z/iphoneos/ModuleCache.noindex -Xfrontend -serialize-debugging-options -enable-testing -suppress-warnings -index-store-path /tmp/picpac-phase3-layout-final-build-e6c0c65c9c5a-20260925T105458Z/iphoneos/Index.noindex/DataStore -Xcc -D_LIBCPP_HARDENING_MODE\=_LIBCPP_HARDENING_MODE_DEBUG -swift-version 6 -I /tmp/picpac-phase3-layout-final-build-e6c0c65c9c5a-20260925T105458Z/iphoneos/Build/Products/Debug-iphoneos -Isystem /Applications/Xcode.app/Contents/Developer/Platforms/iPhoneOS.platform/Developer/usr/lib -F /tmp/picpac-phase3-layout-final-build-e6c0c65c9c5a-20260925T105458Z/iphoneos/Build/Products/Debug-iphoneos -F /Applications/Xcode.app/Contents/Developer/Platforms/iPhoneOS.platform/Developer/Library/Frameworks -F /Applications/Xcode.app/Contents/Developer/Platforms/iPhoneOS.platform/Developer/SDKs/iPhoneOS26.5.sdk/Developer/Library/Frameworks -c -j12 -enable-batch-mode -incremental -Xcc -ivfsstatcache -Xcc /tmp/picpac-phase3-layout-final-build-e6c0c65c9c5a-20260925T105458Z/iphoneos/SDKStatCaches.noindex/iphoneos26.5-23F81a-32daed1954a7d5dd0789fcaf2a9bb78b.sdkstatcache -output-file-map /tmp/picpac-phase3-layout-final-build-e6c0c65c9c5a-20260925T105458Z/iphoneos/Build/Intermediates.noindex/PicPacKit.build/Debug-iphoneos/PicPacCore.build/Objects-normal/arm64/PicPacCore-OutputFileMap.json -use-frontend-parseable-output -save-temps -no-color-diagnostics -explicit-module-build -module-cache-path /tmp/picpac-phase3-layout-final-build-e6c0c65c9c5a-20260925T105458Z/iphoneos/Build/Intermediates.noindex/SwiftExplicitPrecompiledModules -clang-scanner-module-cache-path /tmp/picpac-phase3-layout-final-build-e6c0c65c9c5a-20260925T105458Z/iphoneos/ModuleCache.noindex -sdk-module-cache-path /tmp/picpac-phase3-layout-final-build-e6c0c65c9c5a-20260925T105458Z/iphoneos/ModuleCache.noindex -serialize-diagnostics -emit-dependencies -emit-module -emit-module-path /tmp/picpac-phase3-layout-final-build-e6c0c65c9c5a-20260925T105458Z/iphoneos/Build/Intermediates.noindex/PicPacKit.build/Debug-iphoneos/PicPacCore.build/Objects-normal/arm64/PicPacCore.swiftmodule -validate-clang-modules-once -clang-build-session-file /tmp/picpac-phase3-layout-final-build-e6c0c65c9c5a-20260925T105458Z/iphoneos/ModuleCache.noindex/Session.modulevalidation -package-name picpackit -Xcc -I/tmp/picpac-phase3-layout-final-build-e6c0c65c9c5a-20260925T105458Z/iphoneos/Build/Intermediates.noindex/PicPacKit.build/Debug-iphoneos/PicPacCore.build/swift-overrides.hmap -emit-const-values -Xfrontend -const-gather-protocols-file -Xfrontend /tmp/picpac-phase3-layout-final-build-e6c0c65c9c5a-20260925T105458Z/iphoneos/Build/Intermediates.noindex/PicPacKit.build/Debug-iphoneos/PicPacCore.build/Objects-normal/arm64/PicPacCore_const_extract_protocols.json -Xcc -I/tmp/picpac-phase3-layout-final-build-e6c0c65c9c5a-20260925T105458Z/iphoneos/Build/Products/Debug-iphoneos/include -Xcc -I/tmp/picpac-phase3-layout-final-build-e6c0c65c9c5a-20260925T105458Z/iphoneos/Build/Intermediates.noindex/PicPacKit.build/Debug-iphoneos/PicPacCore.build/DerivedSources-normal/arm64 -Xcc -I/tmp/picpac-phase3-layout-final-build-e6c0c65c9c5a-20260925T105458Z/iphoneos/Build/Intermediates.noindex/PicPacKit.build/Debug-iphoneos/PicPacCore.build/DerivedSources/arm64 -Xcc -I/tmp/picpac-phase3-layout-final-build-e6c0c65c9c5a-20260925T105458Z/iphoneos/Build/Intermediates.noindex/PicPacKit.build/Debug-iphoneos/PicPacCore.build/DerivedSources -Xcc -DSWIFT_PACKAGE -Xcc -DDEBUG\=1 -emit-objc-header -emit-objc-header-path /tmp/picpac-phase3-layout-final-build-e6c0c65c9c5a-20260925T105458Z/iphoneos/Build/Intermediates.noindex/PicPacKit.build/Debug-iphoneos/PicPacCore.build/Objects-normal/arm64/PicPacCore-Swift.h -working-directory /Users/bavabangaru/Developer/pic-pac-poe-ios-native-parity/ios/PicPacPoe.xcodeproj -experimental-emit-module-separately -disable-cmo

SwiftExplicitDependencyGeneratePcm arm64 /tmp/picpac-phase3-layout-final-build-e6c0c65c9c5a-20260925T105458Z/iphoneos/ModuleCache.noindex/SwiftShims-2I4R0Y7W6HOTCT4NX0G92ABU7.pcm

SwiftExplicitDependencyGeneratePcm arm64 /tmp/picpac-phase3-layout-final-build-e6c0c65c9c5a-20260925T105458Z/iphoneos/ModuleCache.noindex/_AvailabilityInternal-49K0Q85XP2MNUFN6K78D5HUZL.pcm

SwiftExplicitDependencyGeneratePcm arm64 /tmp/picpac-phase3-layout-final-build-e6c0c65c9c5a-20260925T105458Z/iphoneos/ModuleCache.noindex/_Builtin_float-AADI7T1505WYPG1VJBXDGSXKU.pcm

SwiftExplicitDependencyGeneratePcm arm64 /tmp/picpac-phase3-layout-final-build-e6c0c65c9c5a-20260925T105458Z/iphoneos/ModuleCache.noindex/_SwiftConcurrencyShims-6POJU0OLZ6OU9RM3YSULWO0IT.pcm

SwiftExplicitDependencyGeneratePcm arm64 /tmp/picpac-phase3-layout-final-build-e6c0c65c9c5a-20260925T105458Z/iphoneos/ModuleCache.noindex/_Builtin_stddef-3VAE2UVSXLOAALI1NHA0R3Z1P.pcm

SwiftExplicitDependencyGeneratePcm arm64 /tmp/picpac-phase3-layout-final-build-e6c0c65c9c5a-20260925T105458Z/iphoneos/ModuleCache.noindex/_Builtin_stdarg-728E4FQ42Y2TWKCGWI0HTVF78.pcm

SwiftExplicitDependencyGeneratePcm arm64 /tmp/picpac-phase3-layout-final-build-e6c0c65c9c5a-20260925T105458Z/iphoneos/ModuleCache.noindex/_Builtin_stdbool-EQ4JLTLGKJXH4688WKAIM1XCJ.pcm

SwiftExplicitDependencyGeneratePcm arm64 /tmp/picpac-phase3-layout-final-build-e6c0c65c9c5a-20260925T105458Z/iphoneos/ModuleCache.noindex/ptrcheck-3ZUQVM23DIQIMNWQ3XEJZ5G6A.pcm

SwiftExplicitDependencyGeneratePcm arm64 /tmp/picpac-phase3-layout-final-build-e6c0c65c9c5a-20260925T105458Z/iphoneos/ModuleCache.noindex/ptrauth-CJXJ4J8DZZYA5GGXPUG91JORN.pcm

SwiftExplicitDependencyGeneratePcm arm64 /tmp/picpac-phase3-layout-final-build-e6c0c65c9c5a-20260925T105458Z/iphoneos/ModuleCache.noindex/_DarwinFoundation1-MX9JCZI30NFFSN5PPTE2Z2KF.pcm

SwiftExplicitDependencyGeneratePcm arm64 /tmp/picpac-phase3-layout-final-build-e6c0c65c9c5a-20260925T105458Z/iphoneos/ModuleCache.noindex/_Builtin_limits-8ZXOLFX5V5BVVWSGJCCCA4QJS.pcm

SwiftExplicitDependencyGeneratePcm arm64 /tmp/picpac-phase3-layout-final-build-e6c0c65c9c5a-20260925T105458Z/iphoneos/ModuleCache.noindex/_DarwinFoundation2-6TZ771C08BAAD64U86MYZXAOX.pcm

SwiftExplicitDependencyGeneratePcm arm64 /tmp/picpac-phase3-layout-final-build-e6c0c65c9c5a-20260925T105458Z/iphoneos/ModuleCache.noindex/sys_types-A6206KB823GN16A1JJCPA3P96.pcm

SwiftExplicitDependencyGeneratePcm arm64 /tmp/picpac-phase3-layout-final-build-e6c0c65c9c5a-20260925T105458Z/iphoneos/ModuleCache.noindex/_Builtin_stdint-49S4RDER8JA32TV603Q1YBGO1.pcm

SwiftExplicitDependencyGeneratePcm arm64 /tmp/picpac-phase3-layout-final-build-e6c0c65c9c5a-20260925T105458Z/iphoneos/ModuleCache.noindex/_DarwinFoundation3-86PB2FVRZ4KAWVI9EUVDD1IYI.pcm

SwiftExplicitDependencyGeneratePcm arm64 /tmp/picpac-phase3-layout-final-build-e6c0c65c9c5a-20260925T105458Z/iphoneos/ModuleCache.noindex/_Builtin_inttypes-7HAPYKBCFKE7SYPT23Y0987YD.pcm

SwiftExplicitDependencyGeneratePcm arm64 /tmp/picpac-phase3-layout-final-build-e6c0c65c9c5a-20260925T105458Z/iphoneos/ModuleCache.noindex/Darwin-14UA11F13V7ICEGN7BU8XN050.pcm

SwiftExplicitDependencyGeneratePcm arm64 /tmp/picpac-phase3-layout-final-build-e6c0c65c9c5a-20260925T105458Z/iphoneos/ModuleCache.noindex/ObjectiveC-BSLBB98K90BU192A4N9XJFRMU.pcm

SwiftExplicitDependencyGeneratePcm arm64 /tmp/picpac-phase3-layout-final-build-e6c0c65c9c5a-20260925T105458Z/iphoneos/ModuleCache.noindex/os_object-6K6VGYMLGB3CNLBKNXT04V2D9.pcm

SwiftExplicitDependencyGeneratePcm arm64 /tmp/picpac-phase3-layout-final-build-e6c0c65c9c5a-20260925T105458Z/iphoneos/ModuleCache.noindex/os_workgroup-AX10OT4HNYSFCL52R3GT0IXWJ.pcm

SwiftExplicitDependencyGeneratePcm arm64 /tmp/picpac-phase3-layout-final-build-e6c0c65c9c5a-20260925T105458Z/iphoneos/ModuleCache.noindex/Dispatch-7NW2EMQI2J4IPAY90C7Q9ONVQ.pcm

SwiftExplicitDependencyGeneratePcm arm64 /tmp/picpac-phase3-layout-final-build-e6c0c65c9c5a-20260925T105458Z/iphoneos/ModuleCache.noindex/XPC-A4K8MMDCDQN8QDQF8R5JU1ZTY.pcm

SwiftExplicitDependencyGeneratePcm arm64 /tmp/picpac-phase3-layout-final-build-e6c0c65c9c5a-20260925T105458Z/iphoneos/ModuleCache.noindex/CoreFoundation-7GGHHBROMZII6VHOTQ31C6V0T.pcm

SwiftExplicitDependencyGeneratePcm arm64 /tmp/picpac-phase3-layout-final-build-e6c0c65c9c5a-20260925T105458Z/iphoneos/ModuleCache.noindex/Security-F4W96YMXLI9WCZ3O5QO75M7R1.pcm

SwiftExplicitDependencyGeneratePcm arm64 /tmp/picpac-phase3-layout-final-build-e6c0c65c9c5a-20260925T105458Z/iphoneos/ModuleCache.noindex/CFNetwork-A1CLXRD05GFQB9V935QKWSZJ0.pcm

SwiftExplicitDependencyGeneratePcm arm64 /tmp/picpac-phase3-layout-final-build-e6c0c65c9c5a-20260925T105458Z/iphoneos/ModuleCache.noindex/Foundation-9FTPK5BFG604WBBYQMMMM5ZNY.pcm

SwiftEmitModule normal arm64 Emitting\ module\ for\ PicPacCore (in target 'PicPacCore' from project 'PicPacKit')

EmitSwiftModule normal arm64 (in target 'PicPacCore' from project 'PicPacKit')
    cd /Users/bavabangaru/Developer/pic-pac-poe-ios-native-parity/ios/PicPacPoe.xcodeproj
    

SwiftCompile normal arm64 Compiling\ Randomness.swift /Users/bavabangaru/Developer/pic-pac-poe-ios-native-parity/ios/Packages/PicPacKit/Sources/PicPacCore/Randomness.swift (in target 'PicPacCore' from project 'PicPacKit')
SwiftCompile normal arm64 /Users/bavabangaru/Developer/pic-pac-poe-ios-native-parity/ios/Packages/PicPacKit/Sources/PicPacCore/Randomness.swift (in target 'PicPacCore' from project 'PicPacKit')
    cd /Users/bavabangaru/Developer/pic-pac-poe-ios-native-parity/ios/PicPacPoe.xcodeproj
    

SwiftCompile normal arm64 Compiling\ State.swift /Users/bavabangaru/Developer/pic-pac-poe-ios-native-parity/ios/Packages/PicPacKit/Sources/PicPacCore/State.swift (in target 'PicPacCore' from project 'PicPacKit')
SwiftCompile normal arm64 /Users/bavabangaru/Developer/pic-pac-poe-ios-native-parity/ios/Packages/PicPacKit/Sources/PicPacCore/State.swift (in target 'PicPacCore' from project 'PicPacKit')
    cd /Users/bavabangaru/Developer/pic-pac-poe-ios-native-parity/ios/PicPacPoe.xcodeproj
    

SwiftCompile normal arm64 Compiling\ Model.swift /Users/bavabangaru/Developer/pic-pac-poe-ios-native-parity/ios/Packages/PicPacKit/Sources/PicPacCore/Model.swift (in target 'PicPacCore' from project 'PicPacKit')

SwiftCompile normal arm64 /Users/bavabangaru/Developer/pic-pac-poe-ios-native-parity/ios/Packages/PicPacKit/Sources/PicPacCore/Model.swift (in target 'PicPacCore' from project 'PicPacKit')
    cd /Users/bavabangaru/Developer/pic-pac-poe-ios-native-parity/ios/PicPacPoe.xcodeproj
    

SwiftCompile normal arm64 Compiling\ Rules.swift /Users/bavabangaru/Developer/pic-pac-poe-ios-native-parity/ios/Packages/PicPacKit/Sources/PicPacCore/Rules.swift (in target 'PicPacCore' from project 'PicPacKit')

SwiftCompile normal arm64 /Users/bavabangaru/Developer/pic-pac-poe-ios-native-parity/ios/Packages/PicPacKit/Sources/PicPacCore/Rules.swift (in target 'PicPacCore' from project 'PicPacKit')
    cd /Users/bavabangaru/Developer/pic-pac-poe-ios-native-parity/ios/PicPacPoe.xcodeproj
    

SwiftCompile normal arm64 Compiling\ AiObservation.swift /Users/bavabangaru/Developer/pic-pac-poe-ios-native-parity/ios/Packages/PicPacKit/Sources/PicPacCore/AiObservation.swift (in target 'PicPacCore' from project 'PicPacKit')

SwiftCompile normal arm64 /Users/bavabangaru/Developer/pic-pac-poe-ios-native-parity/ios/Packages/PicPacKit/Sources/PicPacCore/AiObservation.swift (in target 'PicPacCore' from project 'PicPacKit')
    cd /Users/bavabangaru/Developer/pic-pac-poe-ios-native-parity/ios/PicPacPoe.xcodeproj
    

SwiftDriverJobDiscovery normal arm64 Emitting module for PicPacCore (in target 'PicPacCore' from project 'PicPacKit')

SwiftDriver\ Compilation\ Requirements PicPacCore normal arm64 com.apple.xcode.tools.swift.compiler (in target 'PicPacCore' from project 'PicPacKit')
    cd /Users/bavabangaru/Developer/pic-pac-poe-ios-native-parity/ios/PicPacPoe.xcodeproj
    builtin-Swift-Compilation-Requirements -- /Applications/Xcode.app/Contents/Developer/Toolchains/XcodeDefault.xctoolchain/usr/bin/swiftc -module-name PicPacCore -Onone @/tmp/picpac-phase3-layout-final-build-e6c0c65c9c5a-20260925T105458Z/iphoneos/Build/Intermediates.noindex/PicPacKit.build/Debug-iphoneos/PicPacCore.build/Objects-normal/arm64/PicPacCore.SwiftFileList -DSWIFT_PACKAGE -DDEBUG -DSWIFT_MODULE_RESOURCE_BUNDLE_UNAVAILABLE -DXcode -plugin-path /Applications/Xcode.app/Contents/Developer/Toolchains/XcodeDefault.xctoolchain/usr/lib/swift/host/plugins/testing -enable-experimental-feature DebugDescriptionMacro -sdk /Applications/Xcode.app/Contents/Developer/Platforms/iPhoneOS.platform/Developer/SDKs/iPhoneOS26.5.sdk -target arm64-apple-ios17.0 -g -module-cache-path /tmp/picpac-phase3-layout-final-build-e6c0c65c9c5a-20260925T105458Z/iphoneos/ModuleCache.noindex -Xfrontend -serialize-debugging-options -enable-testing -suppress-warnings -index-store-path /tmp/picpac-phase3-layout-final-build-e6c0c65c9c5a-20260925T105458Z/iphoneos/Index.noindex/DataStore -Xcc -D_LIBCPP_HARDENING_MODE\=_LIBCPP_HARDENING_MODE_DEBUG -swift-version 6 -I /tmp/picpac-phase3-layout-final-build-e6c0c65c9c5a-20260925T105458Z/iphoneos/Build/Products/Debug-iphoneos -Isystem /Applications/Xcode.app/Contents/Developer/Platforms/iPhoneOS.platform/Developer/usr/lib -F /tmp/picpac-phase3-layout-final-build-e6c0c65c9c5a-20260925T105458Z/iphoneos/Build/Products/Debug-iphoneos -F /Applications/Xcode.app/Contents/Developer/Platforms/iPhoneOS.platform/Developer/Library/Frameworks -F /Applications/Xcode.app/Contents/Developer/Platforms/iPhoneOS.platform/Developer/SDKs/iPhoneOS26.5.sdk/Developer/Library/Frameworks -c -j12 -enable-batch-mode -incremental -Xcc -ivfsstatcache -Xcc /tmp/picpac-phase3-layout-final-build-e6c0c65c9c5a-20260925T105458Z/iphoneos/SDKStatCaches.noindex/iphoneos26.5-23F81a-32daed1954a7d5dd0789fcaf2a9bb78b.sdkstatcache -output-file-map /tmp/picpac-phase3-layout-final-build-e6c0c65c9c5a-20260925T105458Z/iphoneos/Build/Intermediates.noindex/PicPacKit.build/Debug-iphoneos/PicPacCore.build/Objects-normal/arm64/PicPacCore-OutputFileMap.json -use-frontend-parseable-output -save-temps -no-color-diagnostics -explicit-module-build -module-cache-path /tmp/picpac-phase3-layout-final-build-e6c0c65c9c5a-20260925T105458Z/iphoneos/Build/Intermediates.noindex/SwiftExplicitPrecompiledModules -clang-scanner-module-cache-path /tmp/picpac-phase3-layout-final-build-e6c0c65c9c5a-20260925T105458Z/iphoneos/ModuleCache.noindex -sdk-module-cache-path /tmp/picpac-phase3-layout-final-build-e6c0c65c9c5a-20260925T105458Z/iphoneos/ModuleCache.noindex -serialize-diagnostics -emit-dependencies -emit-module -emit-module-path /tmp/picpac-phase3-layout-final-build-e6c0c65c9c5a-20260925T105458Z/iphoneos/Build/Intermediates.noindex/PicPacKit.build/Debug-iphoneos/PicPacCore.build/Objects-normal/arm64/PicPacCore.swiftmodule -validate-clang-modules-once -clang-build-session-file /tmp/picpac-phase3-layout-final-build-e6c0c65c9c5a-20260925T105458Z/iphoneos/ModuleCache.noindex/Session.modulevalidation -package-name picpackit -Xcc -I/tmp/picpac-phase3-layout-final-build-e6c0c65c9c5a-20260925T105458Z/iphoneos/Build/Intermediates.noindex/PicPacKit.build/Debug-iphoneos/PicPacCore.build/swift-overrides.hmap -emit-const-values -Xfrontend -const-gather-protocols-file -Xfrontend /tmp/picpac-phase3-layout-final-build-e6c0c65c9c5a-20260925T105458Z/iphoneos/Build/Intermediates.noindex/PicPacKit.build/Debug-iphoneos/PicPacCore.build/Objects-normal/arm64/PicPacCore_const_extract_protocols.json -Xcc -I/tmp/picpac-phase3-layout-final-build-e6c0c65c9c5a-20260925T105458Z/iphoneos/Build/Products/Debug-iphoneos/include -Xcc -I/tmp/picpac-phase3-layout-final-build-e6c0c65c9c5a-20260925T105458Z/iphoneos/Build/Intermediates.noindex/PicPacKit.build/Debug-iphoneos/PicPacCore.build/DerivedSources-normal/arm64 -Xcc -I/tmp/picpac-phase3-layout-final-build-e6c0c65c9c5a-20260925T105458Z/iphoneos/Build/Intermediates.noindex/PicPacKit.build/Debug-iphoneos/PicPacCore.build/DerivedSources/arm64 -Xcc -I/tmp/picpac-phase3-layout-final-build-e6c0c65c9c5a-20260925T105458Z/iphoneos/Build/Intermediates.noindex/PicPacKit.build/Debug-iphoneos/PicPacCore.build/DerivedSources -Xcc -DSWIFT_PACKAGE -Xcc -DDEBUG\=1 -emit-objc-header -emit-objc-header-path /tmp/picpac-phase3-layout-final-build-e6c0c65c9c5a-20260925T105458Z/iphoneos/Build/Intermediates.noindex/PicPacKit.build/Debug-iphoneos/PicPacCore.build/Objects-normal/arm64/PicPacCore-Swift.h -working-directory /Users/bavabangaru/Developer/pic-pac-poe-ios-native-parity/ios/PicPacPoe.xcodeproj -experimental-emit-module-separately -disable-cmo

SwiftMergeGeneratedHeaders /tmp/picpac-phase3-layout-final-build-e6c0c65c9c5a-20260925T105458Z/iphoneos/Build/Intermediates.noindex/GeneratedModuleMaps-iphoneos/PicPacCore-Swift.h /tmp/picpac-phase3-layout-final-build-e6c0c65c9c5a-20260925T105458Z/iphoneos/Build/Intermediates.noindex/PicPacKit.build/Debug-iphoneos/PicPacCore.build/Objects-normal/arm64/PicPacCore-Swift.h (in target 'PicPacCore' from project 'PicPacKit')
    cd /Users/bavabangaru/Developer/pic-pac-poe-ios-native-parity/ios/Packages/PicPacKit
    builtin-swiftHeaderTool -arch arm64 /tmp/picpac-phase3-layout-final-build-e6c0c65c9c5a-20260925T105458Z/iphoneos/Build/Intermediates.noindex/PicPacKit.build/Debug-iphoneos/PicPacCore.build/Objects-normal/arm64/PicPacCore-Swift.h -o /tmp/picpac-phase3-layout-final-build-e6c0c65c9c5a-20260925T105458Z/iphoneos/Build/Intermediates.noindex/GeneratedModuleMaps-iphoneos/PicPacCore-Swift.h

Copy /tmp/picpac-phase3-layout-final-build-e6c0c65c9c5a-20260925T105458Z/iphoneos/Build/Products/Debug-iphoneos/PicPacCore.swiftmodule/arm64-apple-ios.abi.json /tmp/picpac-phase3-layout-final-build-e6c0c65c9c5a-20260925T105458Z/iphoneos/Build/Intermediates.noindex/PicPacKit.build/Debug-iphoneos/PicPacCore.build/Objects-normal/arm64/PicPacCore.abi.json (in target 'PicPacCore' from project 'PicPacKit')
    cd /Users/bavabangaru/Developer/pic-pac-poe-ios-native-parity/ios/Packages/PicPacKit
    builtin-copy -exclude .DS_Store -exclude CVS -exclude .svn -exclude .git -exclude .hg -resolve-src-symlinks -rename /tmp/picpac-phase3-layout-final-build-e6c0c65c9c5a-20260925T105458Z/iphoneos/Build/Intermediates.noindex/PicPacKit.build/Debug-iphoneos/PicPacCore.build/Objects-normal/arm64/PicPacCore.abi.json /tmp/picpac-phase3-layout-final-build-e6c0c65c9c5a-20260925T105458Z/iphoneos/Build/Products/Debug-iphoneos/PicPacCore.swiftmodule/arm64-apple-ios.abi.json

Copy /tmp/picpac-phase3-layout-final-build-e6c0c65c9c5a-20260925T105458Z/iphoneos/Build/Products/Debug-iphoneos/PicPacCore.swiftmodule/arm64-apple-ios.swiftmodule /tmp/picpac-phase3-layout-final-build-e6c0c65c9c5a-20260925T105458Z/iphoneos/Build/Intermediates.noindex/PicPacKit.build/Debug-iphoneos/PicPacCore.build/Objects-normal/arm64/PicPacCore.swiftmodule (in target 'PicPacCore' from project 'PicPacKit')
    cd /Users/bavabangaru/Developer/pic-pac-poe-ios-native-parity/ios/Packages/PicPacKit
    builtin-copy -exclude .DS_Store -exclude CVS -exclude .svn -exclude .git -exclude .hg -resolve-src-symlinks -rename /tmp/picpac-phase3-layout-final-build-e6c0c65c9c5a-20260925T105458Z/iphoneos/Build/Intermediates.noindex/PicPacKit.build/Debug-iphoneos/PicPacCore.build/Objects-normal/arm64/PicPacCore.swiftmodule /tmp/picpac-phase3-layout-final-build-e6c0c65c9c5a-20260925T105458Z/iphoneos/Build/Products/Debug-iphoneos/PicPacCore.swiftmodule/arm64-apple-ios.swiftmodule

Copy /tmp/picpac-phase3-layout-final-build-e6c0c65c9c5a-20260925T105458Z/iphoneos/Build/Products/Debug-iphoneos/PicPacCore.swiftmodule/arm64-apple-ios.swiftdoc /tmp/picpac-phase3-layout-final-build-e6c0c65c9c5a-20260925T105458Z/iphoneos/Build/Intermediates.noindex/PicPacKit.build/Debug-iphoneos/PicPacCore.build/Objects-normal/arm64/PicPacCore.swiftdoc (in target 'PicPacCore' from project 'PicPacKit')
    cd /Users/bavabangaru/Developer/pic-pac-poe-ios-native-parity/ios/Packages/PicPacKit
    builtin-copy -exclude .DS_Store -exclude CVS -exclude .svn -exclude .git -exclude .hg -resolve-src-symlinks -rename /tmp/picpac-phase3-layout-final-build-e6c0c65c9c5a-20260925T105458Z/iphoneos/Build/Intermediates.noindex/PicPacKit.build/Debug-iphoneos/PicPacCore.build/Objects-normal/arm64/PicPacCore.swiftdoc /tmp/picpac-phase3-layout-final-build-e6c0c65c9c5a-20260925T105458Z/iphoneos/Build/Products/Debug-iphoneos/PicPacCore.swiftmodule/arm64-apple-ios.swiftdoc

Copy /tmp/picpac-phase3-layout-final-build-e6c0c65c9c5a-20260925T105458Z/iphoneos/Build/Products/Debug-iphoneos/PicPacCore.swiftmodule/Project/arm64-apple-ios.swiftsourceinfo /tmp/picpac-phase3-layout-final-build-e6c0c65c9c5a-20260925T105458Z/iphoneos/Build/Intermediates.noindex/PicPacKit.build/Debug-iphoneos/PicPacCore.build/Objects-normal/arm64/PicPacCore.swiftsourceinfo (in target 'PicPacCore' from project 'PicPacKit')
    cd /Users/bavabangaru/Developer/pic-pac-poe-ios-native-parity/ios/Packages/PicPacKit
    builtin-copy -exclude .DS_Store -exclude CVS -exclude .svn -exclude .git -exclude .hg -resolve-src-symlinks -rename /tmp/picpac-phase3-layout-final-build-e6c0c65c9c5a-20260925T105458Z/iphoneos/Build/Intermediates.noindex/PicPacKit.build/Debug-iphoneos/PicPacCore.build/Objects-normal/arm64/PicPacCore.swiftsourceinfo /tmp/picpac-phase3-layout-final-build-e6c0c65c9c5a-20260925T105458Z/iphoneos/Build/Products/Debug-iphoneos/PicPacCore.swiftmodule/Project/arm64-apple-ios.swiftsourceinfo

SwiftDriver PicPacPresentation normal arm64 com.apple.xcode.tools.swift.compiler (in target 'PicPacPresentation' from project 'PicPacKit')
    cd /Users/bavabangaru/Developer/pic-pac-poe-ios-native-parity/ios/PicPacPoe.xcodeproj
    builtin-SwiftDriver -- /Applications/Xcode.app/Contents/Developer/Toolchains/XcodeDefault.xctoolchain/usr/bin/swiftc -module-name PicPacPresentation -Onone @/tmp/picpac-phase3-layout-final-build-e6c0c65c9c5a-20260925T105458Z/iphoneos/Build/Intermediates.noindex/PicPacKit.build/Debug-iphoneos/PicPacPresentation.build/Objects-normal/arm64/PicPacPresentation.SwiftFileList -DSWIFT_PACKAGE -DDEBUG -DSWIFT_MODULE_RESOURCE_BUNDLE_UNAVAILABLE -DXcode -plugin-path /Applications/Xcode.app/Contents/Developer/Toolchains/XcodeDefault.xctoolchain/usr/lib/swift/host/plugins/testing -enable-experimental-feature DebugDescriptionMacro -sdk /Applications/Xcode.app/Contents/Developer/Platforms/iPhoneOS.platform/Developer/SDKs/iPhoneOS26.5.sdk -target arm64-apple-ios17.0 -g -module-cache-path /tmp/picpac-phase3-layout-final-build-e6c0c65c9c5a-20260925T105458Z/iphoneos/ModuleCache.noindex -Xfrontend -serialize-debugging-options -enable-testing -suppress-warnings -index-store-path /tmp/picpac-phase3-layout-final-build-e6c0c65c9c5a-20260925T105458Z/iphoneos/Index.noindex/DataStore -Xcc -D_LIBCPP_HARDENING_MODE\=_LIBCPP_HARDENING_MODE_DEBUG -swift-version 6 -I /tmp/picpac-phase3-layout-final-build-e6c0c65c9c5a-20260925T105458Z/iphoneos/Build/Products/Debug-iphoneos -Isystem /Applications/Xcode.app/Contents/Developer/Platforms/iPhoneOS.platform/Developer/usr/lib -F /tmp/picpac-phase3-layout-final-build-e6c0c65c9c5a-20260925T105458Z/iphoneos/Build/Products/Debug-iphoneos/PackageFrameworks -F /tmp/picpac-phase3-layout-final-build-e6c0c65c9c5a-20260925T105458Z/iphoneos/Build/Products/Debug-iphoneos -F /Applications/Xcode.app/Contents/Developer/Platforms/iPhoneOS.platform/Developer/Library/Frameworks -F /Applications/Xcode.app/Contents/Developer/Platforms/iPhoneOS.platform/Developer/SDKs/iPhoneOS26.5.sdk/Developer/Library/Frameworks -c -j12 -enable-batch-mode -incremental -Xcc -ivfsstatcache -Xcc /tmp/picpac-phase3-layout-final-build-e6c0c65c9c5a-20260925T105458Z/iphoneos/SDKStatCaches.noindex/iphoneos26.5-23F81a-32daed1954a7d5dd0789fcaf2a9bb78b.sdkstatcache -output-file-map /tmp/picpac-phase3-layout-final-build-e6c0c65c9c5a-20260925T105458Z/iphoneos/Build/Intermediates.noindex/PicPacKit.build/Debug-iphoneos/PicPacPresentation.build/Objects-normal/arm64/PicPacPresentation-OutputFileMap.json -use-frontend-parseable-output -save-temps -no-color-diagnostics -explicit-module-build -module-cache-path /tmp/picpac-phase3-layout-final-build-e6c0c65c9c5a-20260925T105458Z/iphoneos/Build/Intermediates.noindex/SwiftExplicitPrecompiledModules -clang-scanner-module-cache-path /tmp/picpac-phase3-layout-final-build-e6c0c65c9c5a-20260925T105458Z/iphoneos/ModuleCache.noindex -sdk-module-cache-path /tmp/picpac-phase3-layout-final-build-e6c0c65c9c5a-20260925T105458Z/iphoneos/ModuleCache.noindex -serialize-diagnostics -emit-dependencies -emit-module -emit-module-path /tmp/picpac-phase3-layout-final-build-e6c0c65c9c5a-20260925T105458Z/iphoneos/Build/Intermediates.noindex/PicPacKit.build/Debug-iphoneos/PicPacPresentation.build/Objects-normal/arm64/PicPacPresentation.swiftmodule -validate-clang-modules-once -clang-build-session-file /tmp/picpac-phase3-layout-final-build-e6c0c65c9c5a-20260925T105458Z/iphoneos/ModuleCache.noindex/Session.modulevalidation -package-name picpackit -Xcc -I/tmp/picpac-phase3-layout-final-build-e6c0c65c9c5a-20260925T105458Z/iphoneos/Build/Intermediates.noindex/PicPacKit.build/Debug-iphoneos/PicPacPresentation.build/swift-overrides.hmap -emit-const-values -Xfrontend -const-gather-protocols-file -Xfrontend /tmp/picpac-phase3-layout-final-build-e6c0c65c9c5a-20260925T105458Z/iphoneos/Build/Intermediates.noindex/PicPacKit.build/Debug-iphoneos/PicPacPresentation.build/Objects-normal/arm64/PicPacPresentation_const_extract_protocols.json -Xcc -I/tmp/picpac-phase3-layout-final-build-e6c0c65c9c5a-20260925T105458Z/iphoneos/Build/Products/Debug-iphoneos/include -Xcc -I/tmp/picpac-phase3-layout-final-build-e6c0c65c9c5a-20260925T105458Z/iphoneos/Build/Intermediates.noindex/PicPacKit.build/Debug-iphoneos/PicPacPresentation.build/DerivedSources-normal/arm64 -Xcc -I/tmp/picpac-phase3-layout-final-build-e6c0c65c9c5a-20260925T105458Z/iphoneos/Build/Intermediates.noindex/PicPacKit.build/Debug-iphoneos/PicPacPresentation.build/DerivedSources/arm64 -Xcc -I/tmp/picpac-phase3-layout-final-build-e6c0c65c9c5a-20260925T105458Z/iphoneos/Build/Intermediates.noindex/PicPacKit.build/Debug-iphoneos/PicPacPresentation.build/DerivedSources -Xcc -DSWIFT_PACKAGE -Xcc -DDEBUG\=1 -emit-objc-header -emit-objc-header-path /tmp/picpac-phase3-layout-final-build-e6c0c65c9c5a-20260925T105458Z/iphoneos/Build/Intermediates.noindex/PicPacKit.build/Debug-iphoneos/PicPacPresentation.build/Objects-normal/arm64/PicPacPresentation-Swift.h -working-directory /Users/bavabangaru/Developer/pic-pac-poe-ios-native-parity/ios/PicPacPoe.xcodeproj -experimental-emit-module-separately -disable-cmo

SwiftDriver PicPacAI normal arm64 com.apple.xcode.tools.swift.compiler (in target 'PicPacAI' from project 'PicPacKit')
    cd /Users/bavabangaru/Developer/pic-pac-poe-ios-native-parity/ios/PicPacPoe.xcodeproj
    builtin-SwiftDriver -- /Applications/Xcode.app/Contents/Developer/Toolchains/XcodeDefault.xctoolchain/usr/bin/swiftc -module-name PicPacAI -Onone @/tmp/picpac-phase3-layout-final-build-e6c0c65c9c5a-20260925T105458Z/iphoneos/Build/Intermediates.noindex/PicPacKit.build/Debug-iphoneos/PicPacAI.build/Objects-normal/arm64/PicPacAI.SwiftFileList -DSWIFT_PACKAGE -DDEBUG -DSWIFT_MODULE_RESOURCE_BUNDLE_AVAILABLE -DXcode -plugin-path /Applications/Xcode.app/Contents/Developer/Toolchains/XcodeDefault.xctoolchain/usr/lib/swift/host/plugins/testing -enable-experimental-feature DebugDescriptionMacro -sdk /Applications/Xcode.app/Contents/Developer/Platforms/iPhoneOS.platform/Developer/SDKs/iPhoneOS26.5.sdk -target arm64-apple-ios17.0 -g -module-cache-path /tmp/picpac-phase3-layout-final-build-e6c0c65c9c5a-20260925T105458Z/iphoneos/ModuleCache.noindex -Xfrontend -serialize-debugging-options -enable-testing -suppress-warnings -index-store-path /tmp/picpac-phase3-layout-final-build-e6c0c65c9c5a-20260925T105458Z/iphoneos/Index.noindex/DataStore -Xcc -D_LIBCPP_HARDENING_MODE\=_LIBCPP_HARDENING_MODE_DEBUG -swift-version 6 -I /tmp/picpac-phase3-layout-final-build-e6c0c65c9c5a-20260925T105458Z/iphoneos/Build/Products/Debug-iphoneos -Isystem /Applications/Xcode.app/Contents/Developer/Platforms/iPhoneOS.platform/Developer/usr/lib -F /tmp/picpac-phase3-layout-final-build-e6c0c65c9c5a-20260925T105458Z/iphoneos/Build/Products/Debug-iphoneos/PackageFrameworks -F /tmp/picpac-phase3-layout-final-build-e6c0c65c9c5a-20260925T105458Z/iphoneos/Build/Products/Debug-iphoneos -F /Applications/Xcode.app/Contents/Developer/Platforms/iPhoneOS.platform/Developer/Library/Frameworks -F /Applications/Xcode.app/Contents/Developer/Platforms/iPhoneOS.platform/Developer/SDKs/iPhoneOS26.5.sdk/Developer/Library/Frameworks -c -j12 -enable-batch-mode -incremental -Xcc -ivfsstatcache -Xcc /tmp/picpac-phase3-layout-final-build-e6c0c65c9c5a-20260925T105458Z/iphoneos/SDKStatCaches.noindex/iphoneos26.5-23F81a-32daed1954a7d5dd0789fcaf2a9bb78b.sdkstatcache -output-file-map /tmp/picpac-phase3-layout-final-build-e6c0c65c9c5a-20260925T105458Z/iphoneos/Build/Intermediates.noindex/PicPacKit.build/Debug-iphoneos/PicPacAI.build/Objects-normal/arm64/PicPacAI-OutputFileMap.json -use-frontend-parseable-output -save-temps -no-color-diagnostics -explicit-module-build -module-cache-path /tmp/picpac-phase3-layout-final-build-e6c0c65c9c5a-20260925T105458Z/iphoneos/Build/Intermediates.noindex/SwiftExplicitPrecompiledModules -clang-scanner-module-cache-path /tmp/picpac-phase3-layout-final-build-e6c0c65c9c5a-20260925T105458Z/iphoneos/ModuleCache.noindex -sdk-module-cache-path /tmp/picpac-phase3-layout-final-build-e6c0c65c9c5a-20260925T105458Z/iphoneos/ModuleCache.noindex -serialize-diagnostics -emit-dependencies -emit-module -emit-module-path /tmp/picpac-phase3-layout-final-build-e6c0c65c9c5a-20260925T105458Z/iphoneos/Build/Intermediates.noindex/PicPacKit.build/Debug-iphoneos/PicPacAI.build/Objects-normal/arm64/PicPacAI.swiftmodule -validate-clang-modules-once -clang-build-session-file /tmp/picpac-phase3-layout-final-build-e6c0c65c9c5a-20260925T105458Z/iphoneos/ModuleCache.noindex/Session.modulevalidation -package-name picpackit -Xcc -I/tmp/picpac-phase3-layout-final-build-e6c0c65c9c5a-20260925T105458Z/iphoneos/Build/Intermediates.noindex/PicPacKit.build/Debug-iphoneos/PicPacAI.build/swift-overrides.hmap -emit-const-values -Xfrontend -const-gather-protocols-file -Xfrontend /tmp/picpac-phase3-layout-final-build-e6c0c65c9c5a-20260925T105458Z/iphoneos/Build/Intermediates.noindex/PicPacKit.build/Debug-iphoneos/PicPacAI.build/Objects-normal/arm64/PicPacAI_const_extract_protocols.json -Xcc -I/tmp/picpac-phase3-layout-final-build-e6c0c65c9c5a-20260925T105458Z/iphoneos/Build/Products/Debug-iphoneos/include -Xcc -I/tmp/picpac-phase3-layout-final-build-e6c0c65c9c5a-20260925T105458Z/iphoneos/Build/Intermediates.noindex/PicPacKit.build/Debug-iphoneos/PicPacAI.build/DerivedSources-normal/arm64 -Xcc -I/tmp/picpac-phase3-layout-final-build-e6c0c65c9c5a-20260925T105458Z/iphoneos/Build/Intermediates.noindex/PicPacKit.build/Debug-iphoneos/PicPacAI.build/DerivedSources/arm64 -Xcc -I/tmp/picpac-phase3-layout-final-build-e6c0c65c9c5a-20260925T105458Z/iphoneos/Build/Intermediates.noindex/PicPacKit.build/Debug-iphoneos/PicPacAI.build/DerivedSources -Xcc -DSWIFT_PACKAGE -Xcc -DDEBUG\=1 -emit-objc-header -emit-objc-header-path /tmp/picpac-phase3-layout-final-build-e6c0c65c9c5a-20260925T105458Z/iphoneos/Build/Intermediates.noindex/PicPacKit.build/Debug-iphoneos/PicPacAI.build/Objects-normal/arm64/PicPacAI-Swift.h -working-directory /Users/bavabangaru/Developer/pic-pac-poe-ios-native-parity/ios/PicPacPoe.xcodeproj -experimental-emit-module-separately -disable-cmo

SwiftEmitModule normal arm64 Emitting\ module\ for\ PicPacPresentation (in target 'PicPacPresentation' from project 'PicPacKit')

EmitSwiftModule normal arm64 (in target 'PicPacPresentation' from project 'PicPacKit')
    cd /Users/bavabangaru/Developer/pic-pac-poe-ios-native-parity/ios/PicPacPoe.xcodeproj
    

SwiftCompile normal arm64 Compiling\ GameCoordinator.swift /Users/bavabangaru/Developer/pic-pac-poe-ios-native-parity/ios/Packages/PicPacKit/Sources/PicPacPresentation/GameCoordinator.swift (in target 'PicPacPresentation' from project 'PicPacKit')
SwiftCompile normal arm64 /Users/bavabangaru/Developer/pic-pac-poe-ios-native-parity/ios/Packages/PicPacKit/Sources/PicPacPresentation/GameCoordinator.swift (in target 'PicPacPresentation' from project 'PicPacKit')
    cd /Users/bavabangaru/Developer/pic-pac-poe-ios-native-parity/ios/PicPacPoe.xcodeproj
    

SwiftCompile normal arm64 Compiling\ PresentationModels.swift /Users/bavabangaru/Developer/pic-pac-poe-ios-native-parity/ios/Packages/PicPacKit/Sources/PicPacPresentation/PresentationModels.swift (in target 'PicPacPresentation' from project 'PicPacKit')

SwiftCompile normal arm64 /Users/bavabangaru/Developer/pic-pac-poe-ios-native-parity/ios/Packages/PicPacKit/Sources/PicPacPresentation/PresentationModels.swift (in target 'PicPacPresentation' from project 'PicPacKit')
    cd /Users/bavabangaru/Developer/pic-pac-poe-ios-native-parity/ios/PicPacPoe.xcodeproj
    

SwiftCompile normal arm64 Compiling\ RestorationValidation.swift /Users/bavabangaru/Developer/pic-pac-poe-ios-native-parity/ios/Packages/PicPacKit/Sources/PicPacPresentation/RestorationValidation.swift (in target 'PicPacPresentation' from project 'PicPacKit')

SwiftCompile normal arm64 /Users/bavabangaru/Developer/pic-pac-poe-ios-native-parity/ios/Packages/PicPacKit/Sources/PicPacPresentation/RestorationValidation.swift (in target 'PicPacPresentation' from project 'PicPacKit')
    cd /Users/bavabangaru/Developer/pic-pac-poe-ios-native-parity/ios/PicPacPoe.xcodeproj
    

SwiftCompile normal arm64 Compiling\ PresentationDependencies.swift /Users/bavabangaru/Developer/pic-pac-poe-ios-native-parity/ios/Packages/PicPacKit/Sources/PicPacPresentation/PresentationDependencies.swift (in target 'PicPacPresentation' from project 'PicPacKit')

SwiftCompile normal arm64 /Users/bavabangaru/Developer/pic-pac-poe-ios-native-parity/ios/Packages/PicPacKit/Sources/PicPacPresentation/PresentationDependencies.swift (in target 'PicPacPresentation' from project 'PicPacKit')
    cd /Users/bavabangaru/Developer/pic-pac-poe-ios-native-parity/ios/PicPacPoe.xcodeproj
    

SwiftEmitModule normal arm64 Emitting\ module\ for\ PicPacAI (in target 'PicPacAI' from project 'PicPacKit')

EmitSwiftModule normal arm64 (in target 'PicPacAI' from project 'PicPacKit')
    cd /Users/bavabangaru/Developer/pic-pac-poe-ios-native-parity/ios/PicPacPoe.xcodeproj
    

SwiftCompile normal arm64 Compiling\ PositionEvaluator.swift /Users/bavabangaru/Developer/pic-pac-poe-ios-native-parity/ios/Packages/PicPacKit/Sources/PicPacAI/PositionEvaluator.swift (in target 'PicPacAI' from project 'PicPacKit')

SwiftCompile normal arm64 /Users/bavabangaru/Developer/pic-pac-poe-ios-native-parity/ios/Packages/PicPacKit/Sources/PicPacAI/PositionEvaluator.swift (in target 'PicPacAI' from project 'PicPacKit')
    cd /Users/bavabangaru/Developer/pic-pac-poe-ios-native-parity/ios/PicPacPoe.xcodeproj
    

SwiftCompile normal arm64 Compiling\ ReferenceExpectiminimax.swift /Users/bavabangaru/Developer/pic-pac-poe-ios-native-parity/ios/Packages/PicPacKit/Sources/PicPacAI/ReferenceExpectiminimax.swift (in target 'PicPacAI' from project 'PicPacKit')

SwiftCompile normal arm64 /Users/bavabangaru/Developer/pic-pac-poe-ios-native-parity/ios/Packages/PicPacKit/Sources/PicPacAI/ReferenceExpectiminimax.swift (in target 'PicPacAI' from project 'PicPacKit')
    cd /Users/bavabangaru/Developer/pic-pac-poe-ios-native-parity/ios/PicPacPoe.xcodeproj
    

SwiftDriverJobDiscovery normal arm64 Compiling Randomness.swift (in target 'PicPacCore' from project 'PicPacKit')

SwiftCompile normal arm64 Compiling\ SearchModel.swift /Users/bavabangaru/Developer/pic-pac-poe-ios-native-parity/ios/Packages/PicPacKit/Sources/PicPacAI/SearchModel.swift (in target 'PicPacAI' from project 'PicPacKit')

SwiftCompile normal arm64 /Users/bavabangaru/Developer/pic-pac-poe-ios-native-parity/ios/Packages/PicPacKit/Sources/PicPacAI/SearchModel.swift (in target 'PicPacAI' from project 'PicPacKit')
    cd /Users/bavabangaru/Developer/pic-pac-poe-ios-native-parity/ios/PicPacPoe.xcodeproj
    

SwiftDriverJobDiscovery normal arm64 Compiling Rules.swift (in target 'PicPacCore' from project 'PicPacKit')

SwiftCompile normal arm64 Compiling\ StochasticMCTSAgent.swift /Users/bavabangaru/Developer/pic-pac-poe-ios-native-parity/ios/Packages/PicPacKit/Sources/PicPacAI/StochasticMCTSAgent.swift (in target 'PicPacAI' from project 'PicPacKit')

SwiftCompile normal arm64 /Users/bavabangaru/Developer/pic-pac-poe-ios-native-parity/ios/Packages/PicPacKit/Sources/PicPacAI/StochasticMCTSAgent.swift (in target 'PicPacAI' from project 'PicPacKit')
    cd /Users/bavabangaru/Developer/pic-pac-poe-ios-native-parity/ios/PicPacPoe.xcodeproj
    

SwiftDriverJobDiscovery normal arm64 Emitting module for PicPacAI (in target 'PicPacAI' from project 'PicPacKit')

SwiftDriver\ Compilation\ Requirements PicPacAI normal arm64 com.apple.xcode.tools.swift.compiler (in target 'PicPacAI' from project 'PicPacKit')
    cd /Users/bavabangaru/Developer/pic-pac-poe-ios-native-parity/ios/PicPacPoe.xcodeproj
    builtin-Swift-Compilation-Requirements -- /Applications/Xcode.app/Contents/Developer/Toolchains/XcodeDefault.xctoolchain/usr/bin/swiftc -module-name PicPacAI -Onone @/tmp/picpac-phase3-layout-final-build-e6c0c65c9c5a-20260925T105458Z/iphoneos/Build/Intermediates.noindex/PicPacKit.build/Debug-iphoneos/PicPacAI.build/Objects-normal/arm64/PicPacAI.SwiftFileList -DSWIFT_PACKAGE -DDEBUG -DSWIFT_MODULE_RESOURCE_BUNDLE_AVAILABLE -DXcode -plugin-path /Applications/Xcode.app/Contents/Developer/Toolchains/XcodeDefault.xctoolchain/usr/lib/swift/host/plugins/testing -enable-experimental-feature DebugDescriptionMacro -sdk /Applications/Xcode.app/Contents/Developer/Platforms/iPhoneOS.platform/Developer/SDKs/iPhoneOS26.5.sdk -target arm64-apple-ios17.0 -g -module-cache-path /tmp/picpac-phase3-layout-final-build-e6c0c65c9c5a-20260925T105458Z/iphoneos/ModuleCache.noindex -Xfrontend -serialize-debugging-options -enable-testing -suppress-warnings -index-store-path /tmp/picpac-phase3-layout-final-build-e6c0c65c9c5a-20260925T105458Z/iphoneos/Index.noindex/DataStore -Xcc -D_LIBCPP_HARDENING_MODE\=_LIBCPP_HARDENING_MODE_DEBUG -swift-version 6 -I /tmp/picpac-phase3-layout-final-build-e6c0c65c9c5a-20260925T105458Z/iphoneos/Build/Products/Debug-iphoneos -Isystem /Applications/Xcode.app/Contents/Developer/Platforms/iPhoneOS.platform/Developer/usr/lib -F /tmp/picpac-phase3-layout-final-build-e6c0c65c9c5a-20260925T105458Z/iphoneos/Build/Products/Debug-iphoneos/PackageFrameworks -F /tmp/picpac-phase3-layout-final-build-e6c0c65c9c5a-20260925T105458Z/iphoneos/Build/Products/Debug-iphoneos -F /Applications/Xcode.app/Contents/Developer/Platforms/iPhoneOS.platform/Developer/Library/Frameworks -F /Applications/Xcode.app/Contents/Developer/Platforms/iPhoneOS.platform/Developer/SDKs/iPhoneOS26.5.sdk/Developer/Library/Frameworks -c -j12 -enable-batch-mode -incremental -Xcc -ivfsstatcache -Xcc /tmp/picpac-phase3-layout-final-build-e6c0c65c9c5a-20260925T105458Z/iphoneos/SDKStatCaches.noindex/iphoneos26.5-23F81a-32daed1954a7d5dd0789fcaf2a9bb78b.sdkstatcache -output-file-map /tmp/picpac-phase3-layout-final-build-e6c0c65c9c5a-20260925T105458Z/iphoneos/Build/Intermediates.noindex/PicPacKit.build/Debug-iphoneos/PicPacAI.build/Objects-normal/arm64/PicPacAI-OutputFileMap.json -use-frontend-parseable-output -save-temps -no-color-diagnostics -explicit-module-build -module-cache-path /tmp/picpac-phase3-layout-final-build-e6c0c65c9c5a-20260925T105458Z/iphoneos/Build/Intermediates.noindex/SwiftExplicitPrecompiledModules -clang-scanner-module-cache-path /tmp/picpac-phase3-layout-final-build-e6c0c65c9c5a-20260925T105458Z/iphoneos/ModuleCache.noindex -sdk-module-cache-path /tmp/picpac-phase3-layout-final-build-e6c0c65c9c5a-20260925T105458Z/iphoneos/ModuleCache.noindex -serialize-diagnostics -emit-dependencies -emit-module -emit-module-path /tmp/picpac-phase3-layout-final-build-e6c0c65c9c5a-20260925T105458Z/iphoneos/Build/Intermediates.noindex/PicPacKit.build/Debug-iphoneos/PicPacAI.build/Objects-normal/arm64/PicPacAI.swiftmodule -validate-clang-modules-once -clang-build-session-file /tmp/picpac-phase3-layout-final-build-e6c0c65c9c5a-20260925T105458Z/iphoneos/ModuleCache.noindex/Session.modulevalidation -package-name picpackit -Xcc -I/tmp/picpac-phase3-layout-final-build-e6c0c65c9c5a-20260925T105458Z/iphoneos/Build/Intermediates.noindex/PicPacKit.build/Debug-iphoneos/PicPacAI.build/swift-overrides.hmap -emit-const-values -Xfrontend -const-gather-protocols-file -Xfrontend /tmp/picpac-phase3-layout-final-build-e6c0c65c9c5a-20260925T105458Z/iphoneos/Build/Intermediates.noindex/PicPacKit.build/Debug-iphoneos/PicPacAI.build/Objects-normal/arm64/PicPacAI_const_extract_protocols.json -Xcc -I/tmp/picpac-phase3-layout-final-build-e6c0c65c9c5a-20260925T105458Z/iphoneos/Build/Products/Debug-iphoneos/include -Xcc -I/tmp/picpac-phase3-layout-final-build-e6c0c65c9c5a-20260925T105458Z/iphoneos/Build/Intermediates.noindex/PicPacKit.build/Debug-iphoneos/PicPacAI.build/DerivedSources-normal/arm64 -Xcc -I/tmp/picpac-phase3-layout-final-build-e6c0c65c9c5a-20260925T105458Z/iphoneos/Build/Intermediates.noindex/PicPacKit.build/Debug-iphoneos/PicPacAI.build/DerivedSources/arm64 -Xcc -I/tmp/picpac-phase3-layout-final-build-e6c0c65c9c5a-20260925T105458Z/iphoneos/Build/Intermediates.noindex/PicPacKit.build/Debug-iphoneos/PicPacAI.build/DerivedSources -Xcc -DSWIFT_PACKAGE -Xcc -DDEBUG\=1 -emit-objc-header -emit-objc-header-path /tmp/picpac-phase3-layout-final-build-e6c0c65c9c5a-20260925T105458Z/iphoneos/Build/Intermediates.noindex/PicPacKit.build/Debug-iphoneos/PicPacAI.build/Objects-normal/arm64/PicPacAI-Swift.h -working-directory /Users/bavabangaru/Developer/pic-pac-poe-ios-native-parity/ios/PicPacPoe.xcodeproj -experimental-emit-module-separately -disable-cmo

SwiftDriverJobDiscovery normal arm64 Compiling ReferenceExpectiminimax.swift (in target 'PicPacAI' from project 'PicPacKit')

SwiftCompile normal arm64 Compiling\ TabularPolicy.swift /Users/bavabangaru/Developer/pic-pac-poe-ios-native-parity/ios/Packages/PicPacKit/Sources/PicPacAI/TabularPolicy.swift (in target 'PicPacAI' from project 'PicPacKit')

SwiftCompile normal arm64 /Users/bavabangaru/Developer/pic-pac-poe-ios-native-parity/ios/Packages/PicPacKit/Sources/PicPacAI/TabularPolicy.swift (in target 'PicPacAI' from project 'PicPacKit')
    cd /Users/bavabangaru/Developer/pic-pac-poe-ios-native-parity/ios/PicPacPoe.xcodeproj
    

SwiftMergeGeneratedHeaders /tmp/picpac-phase3-layout-final-build-e6c0c65c9c5a-20260925T105458Z/iphoneos/Build/Intermediates.noindex/GeneratedModuleMaps-iphoneos/PicPacAI-Swift.h /tmp/picpac-phase3-layout-final-build-e6c0c65c9c5a-20260925T105458Z/iphoneos/Build/Intermediates.noindex/PicPacKit.build/Debug-iphoneos/PicPacAI.build/Objects-normal/arm64/PicPacAI-Swift.h (in target 'PicPacAI' from project 'PicPacKit')
    cd /Users/bavabangaru/Developer/pic-pac-poe-ios-native-parity/ios/Packages/PicPacKit
    builtin-swiftHeaderTool -arch arm64 /tmp/picpac-phase3-layout-final-build-e6c0c65c9c5a-20260925T105458Z/iphoneos/Build/Intermediates.noindex/PicPacKit.build/Debug-iphoneos/PicPacAI.build/Objects-normal/arm64/PicPacAI-Swift.h -o /tmp/picpac-phase3-layout-final-build-e6c0c65c9c5a-20260925T105458Z/iphoneos/Build/Intermediates.noindex/GeneratedModuleMaps-iphoneos/PicPacAI-Swift.h

SwiftDriverJobDiscovery normal arm64 Emitting module for PicPacPresentation (in target 'PicPacPresentation' from project 'PicPacKit')

SwiftDriver\ Compilation\ Requirements PicPacPresentation normal arm64 com.apple.xcode.tools.swift.compiler (in target 'PicPacPresentation' from project 'PicPacKit')
    cd /Users/bavabangaru/Developer/pic-pac-poe-ios-native-parity/ios/PicPacPoe.xcodeproj
    builtin-Swift-Compilation-Requirements -- /Applications/Xcode.app/Contents/Developer/Toolchains/XcodeDefault.xctoolchain/usr/bin/swiftc -module-name PicPacPresentation -Onone @/tmp/picpac-phase3-layout-final-build-e6c0c65c9c5a-20260925T105458Z/iphoneos/Build/Intermediates.noindex/PicPacKit.build/Debug-iphoneos/PicPacPresentation.build/Objects-normal/arm64/PicPacPresentation.SwiftFileList -DSWIFT_PACKAGE -DDEBUG -DSWIFT_MODULE_RESOURCE_BUNDLE_UNAVAILABLE -DXcode -plugin-path /Applications/Xcode.app/Contents/Developer/Toolchains/XcodeDefault.xctoolchain/usr/lib/swift/host/plugins/testing -enable-experimental-feature DebugDescriptionMacro -sdk /Applications/Xcode.app/Contents/Developer/Platforms/iPhoneOS.platform/Developer/SDKs/iPhoneOS26.5.sdk -target arm64-apple-ios17.0 -g -module-cache-path /tmp/picpac-phase3-layout-final-build-e6c0c65c9c5a-20260925T105458Z/iphoneos/ModuleCache.noindex -Xfrontend -serialize-debugging-options -enable-testing -suppress-warnings -index-store-path /tmp/picpac-phase3-layout-final-build-e6c0c65c9c5a-20260925T105458Z/iphoneos/Index.noindex/DataStore -Xcc -D_LIBCPP_HARDENING_MODE\=_LIBCPP_HARDENING_MODE_DEBUG -swift-version 6 -I /tmp/picpac-phase3-layout-final-build-e6c0c65c9c5a-20260925T105458Z/iphoneos/Build/Products/Debug-iphoneos -Isystem /Applications/Xcode.app/Contents/Developer/Platforms/iPhoneOS.platform/Developer/usr/lib -F /tmp/picpac-phase3-layout-final-build-e6c0c65c9c5a-20260925T105458Z/iphoneos/Build/Products/Debug-iphoneos/PackageFrameworks -F /tmp/picpac-phase3-layout-final-build-e6c0c65c9c5a-20260925T105458Z/iphoneos/Build/Products/Debug-iphoneos -F /Applications/Xcode.app/Contents/Developer/Platforms/iPhoneOS.platform/Developer/Library/Frameworks -F /Applications/Xcode.app/Contents/Developer/Platforms/iPhoneOS.platform/Developer/SDKs/iPhoneOS26.5.sdk/Developer/Library/Frameworks -c -j12 -enable-batch-mode -incremental -Xcc -ivfsstatcache -Xcc /tmp/picpac-phase3-layout-final-build-e6c0c65c9c5a-20260925T105458Z/iphoneos/SDKStatCaches.noindex/iphoneos26.5-23F81a-32daed1954a7d5dd0789fcaf2a9bb78b.sdkstatcache -output-file-map /tmp/picpac-phase3-layout-final-build-e6c0c65c9c5a-20260925T105458Z/iphoneos/Build/Intermediates.noindex/PicPacKit.build/Debug-iphoneos/PicPacPresentation.build/Objects-normal/arm64/PicPacPresentation-OutputFileMap.json -use-frontend-parseable-output -save-temps -no-color-diagnostics -explicit-module-build -module-cache-path /tmp/picpac-phase3-layout-final-build-e6c0c65c9c5a-20260925T105458Z/iphoneos/Build/Intermediates.noindex/SwiftExplicitPrecompiledModules -clang-scanner-module-cache-path /tmp/picpac-phase3-layout-final-build-e6c0c65c9c5a-20260925T105458Z/iphoneos/ModuleCache.noindex -sdk-module-cache-path /tmp/picpac-phase3-layout-final-build-e6c0c65c9c5a-20260925T105458Z/iphoneos/ModuleCache.noindex -serialize-diagnostics -emit-dependencies -emit-module -emit-module-path /tmp/picpac-phase3-layout-final-build-e6c0c65c9c5a-20260925T105458Z/iphoneos/Build/Intermediates.noindex/PicPacKit.build/Debug-iphoneos/PicPacPresentation.build/Objects-normal/arm64/PicPacPresentation.swiftmodule -validate-clang-modules-once -clang-build-session-file /tmp/picpac-phase3-layout-final-build-e6c0c65c9c5a-20260925T105458Z/iphoneos/ModuleCache.noindex/Session.modulevalidation -package-name picpackit -Xcc -I/tmp/picpac-phase3-layout-final-build-e6c0c65c9c5a-20260925T105458Z/iphoneos/Build/Intermediates.noindex/PicPacKit.build/Debug-iphoneos/PicPacPresentation.build/swift-overrides.hmap -emit-const-values -Xfrontend -const-gather-protocols-file -Xfrontend /tmp/picpac-phase3-layout-final-build-e6c0c65c9c5a-20260925T105458Z/iphoneos/Build/Intermediates.noindex/PicPacKit.build/Debug-iphoneos/PicPacPresentation.build/Objects-normal/arm64/PicPacPresentation_const_extract_protocols.json -Xcc -I/tmp/picpac-phase3-layout-final-build-e6c0c65c9c5a-20260925T105458Z/iphoneos/Build/Products/Debug-iphoneos/include -Xcc -I/tmp/picpac-phase3-layout-final-build-e6c0c65c9c5a-20260925T105458Z/iphoneos/Build/Intermediates.noindex/PicPacKit.build/Debug-iphoneos/PicPacPresentation.build/DerivedSources-normal/arm64 -Xcc -I/tmp/picpac-phase3-layout-final-build-e6c0c65c9c5a-20260925T105458Z/iphoneos/Build/Intermediates.noindex/PicPacKit.build/Debug-iphoneos/PicPacPresentation.build/DerivedSources/arm64 -Xcc -I/tmp/picpac-phase3-layout-final-build-e6c0c65c9c5a-20260925T105458Z/iphoneos/Build/Intermediates.noindex/PicPacKit.build/Debug-iphoneos/PicPacPresentation.build/DerivedSources -Xcc -DSWIFT_PACKAGE -Xcc -DDEBUG\=1 -emit-objc-header -emit-objc-header-path /tmp/picpac-phase3-layout-final-build-e6c0c65c9c5a-20260925T105458Z/iphoneos/Build/Intermediates.noindex/PicPacKit.build/Debug-iphoneos/PicPacPresentation.build/Objects-normal/arm64/PicPacPresentation-Swift.h -working-directory /Users/bavabangaru/Developer/pic-pac-poe-ios-native-parity/ios/PicPacPoe.xcodeproj -experimental-emit-module-separately -disable-cmo

Copy /tmp/picpac-phase3-layout-final-build-e6c0c65c9c5a-20260925T105458Z/iphoneos/Build/Products/Debug-iphoneos/PicPacAI.swiftmodule/arm64-apple-ios.swiftmodule /tmp/picpac-phase3-layout-final-build-e6c0c65c9c5a-20260925T105458Z/iphoneos/Build/Intermediates.noindex/PicPacKit.build/Debug-iphoneos/PicPacAI.build/Objects-normal/arm64/PicPacAI.swiftmodule (in target 'PicPacAI' from project 'PicPacKit')
    cd /Users/bavabangaru/Developer/pic-pac-poe-ios-native-parity/ios/Packages/PicPacKit
    builtin-copy -exclude .DS_Store -exclude CVS -exclude .svn -exclude .git -exclude .hg -resolve-src-symlinks -rename /tmp/picpac-phase3-layout-final-build-e6c0c65c9c5a-20260925T105458Z/iphoneos/Build/Intermediates.noindex/PicPacKit.build/Debug-iphoneos/PicPacAI.build/Objects-normal/arm64/PicPacAI.swiftmodule /tmp/picpac-phase3-layout-final-build-e6c0c65c9c5a-20260925T105458Z/iphoneos/Build/Products/Debug-iphoneos/PicPacAI.swiftmodule/arm64-apple-ios.swiftmodule

SwiftMergeGeneratedHeaders /tmp/picpac-phase3-layout-final-build-e6c0c65c9c5a-20260925T105458Z/iphoneos/Build/Intermediates.noindex/GeneratedModuleMaps-iphoneos/PicPacPresentation-Swift.h /tmp/picpac-phase3-layout-final-build-e6c0c65c9c5a-20260925T105458Z/iphoneos/Build/Intermediates.noindex/PicPacKit.build/Debug-iphoneos/PicPacPresentation.build/Objects-normal/arm64/PicPacPresentation-Swift.h (in target 'PicPacPresentation' from project 'PicPacKit')
    cd /Users/bavabangaru/Developer/pic-pac-poe-ios-native-parity/ios/Packages/PicPacKit
    builtin-swiftHeaderTool -arch arm64 /tmp/picpac-phase3-layout-final-build-e6c0c65c9c5a-20260925T105458Z/iphoneos/Build/Intermediates.noindex/PicPacKit.build/Debug-iphoneos/PicPacPresentation.build/Objects-normal/arm64/PicPacPresentation-Swift.h -o /tmp/picpac-phase3-layout-final-build-e6c0c65c9c5a-20260925T105458Z/iphoneos/Build/Intermediates.noindex/GeneratedModuleMaps-iphoneos/PicPacPresentation-Swift.h

Copy /tmp/picpac-phase3-layout-final-build-e6c0c65c9c5a-20260925T105458Z/iphoneos/Build/Products/Debug-iphoneos/PicPacPresentation.swiftmodule/arm64-apple-ios.swiftmodule /tmp/picpac-phase3-layout-final-build-e6c0c65c9c5a-20260925T105458Z/iphoneos/Build/Intermediates.noindex/PicPacKit.build/Debug-iphoneos/PicPacPresentation.build/Objects-normal/arm64/PicPacPresentation.swiftmodule (in target 'PicPacPresentation' from project 'PicPacKit')
    cd /Users/bavabangaru/Developer/pic-pac-poe-ios-native-parity/ios/Packages/PicPacKit
    builtin-copy -exclude .DS_Store -exclude CVS -exclude .svn -exclude .git -exclude .hg -resolve-src-symlinks -rename /tmp/picpac-phase3-layout-final-build-e6c0c65c9c5a-20260925T105458Z/iphoneos/Build/Intermediates.noindex/PicPacKit.build/Debug-iphoneos/PicPacPresentation.build/Objects-normal/arm64/PicPacPresentation.swiftmodule /tmp/picpac-phase3-layout-final-build-e6c0c65c9c5a-20260925T105458Z/iphoneos/Build/Products/Debug-iphoneos/PicPacPresentation.swiftmodule/arm64-apple-ios.swiftmodule

Copy /tmp/picpac-phase3-layout-final-build-e6c0c65c9c5a-20260925T105458Z/iphoneos/Build/Products/Debug-iphoneos/PicPacPresentation.swiftmodule/arm64-apple-ios.swiftdoc /tmp/picpac-phase3-layout-final-build-e6c0c65c9c5a-20260925T105458Z/iphoneos/Build/Intermediates.noindex/PicPacKit.build/Debug-iphoneos/PicPacPresentation.build/Objects-normal/arm64/PicPacPresentation.swiftdoc (in target 'PicPacPresentation' from project 'PicPacKit')
    cd /Users/bavabangaru/Developer/pic-pac-poe-ios-native-parity/ios/Packages/PicPacKit
    builtin-copy -exclude .DS_Store -exclude CVS -exclude .svn -exclude .git -exclude .hg -resolve-src-symlinks -rename /tmp/picpac-phase3-layout-final-build-e6c0c65c9c5a-20260925T105458Z/iphoneos/Build/Intermediates.noindex/PicPacKit.build/Debug-iphoneos/PicPacPresentation.build/Objects-normal/arm64/PicPacPresentation.swiftdoc /tmp/picpac-phase3-layout-final-build-e6c0c65c9c5a-20260925T105458Z/iphoneos/Build/Products/Debug-iphoneos/PicPacPresentation.swiftmodule/arm64-apple-ios.swiftdoc

Copy /tmp/picpac-phase3-layout-final-build-e6c0c65c9c5a-20260925T105458Z/iphoneos/Build/Products/Debug-iphoneos/PicPacPresentation.swiftmodule/arm64-apple-ios.abi.json /tmp/picpac-phase3-layout-final-build-e6c0c65c9c5a-20260925T105458Z/iphoneos/Build/Intermediates.noindex/PicPacKit.build/Debug-iphoneos/PicPacPresentation.build/Objects-normal/arm64/PicPacPresentation.abi.json (in target 'PicPacPresentation' from project 'PicPacKit')
    cd /Users/bavabangaru/Developer/pic-pac-poe-ios-native-parity/ios/Packages/PicPacKit
    builtin-copy -exclude .DS_Store -exclude CVS -exclude .svn -exclude .git -exclude .hg -resolve-src-symlinks -rename /tmp/picpac-phase3-layout-final-build-e6c0c65c9c5a-20260925T105458Z/iphoneos/Build/Intermediates.noindex/PicPacKit.build/Debug-iphoneos/PicPacPresentation.build/Objects-normal/arm64/PicPacPresentation.abi.json /tmp/picpac-phase3-layout-final-build-e6c0c65c9c5a-20260925T105458Z/iphoneos/Build/Products/Debug-iphoneos/PicPacPresentation.swiftmodule/arm64-apple-ios.abi.json

Copy /tmp/picpac-phase3-layout-final-build-e6c0c65c9c5a-20260925T105458Z/iphoneos/Build/Products/Debug-iphoneos/PicPacPresentation.swiftmodule/Project/arm64-apple-ios.swiftsourceinfo /tmp/picpac-phase3-layout-final-build-e6c0c65c9c5a-20260925T105458Z/iphoneos/Build/Intermediates.noindex/PicPacKit.build/Debug-iphoneos/PicPacPresentation.build/Objects-normal/arm64/PicPacPresentation.swiftsourceinfo (in target 'PicPacPresentation' from project 'PicPacKit')
    cd /Users/bavabangaru/Developer/pic-pac-poe-ios-native-parity/ios/Packages/PicPacKit
    builtin-copy -exclude .DS_Store -exclude CVS -exclude .svn -exclude .git -exclude .hg -resolve-src-symlinks -rename /tmp/picpac-phase3-layout-final-build-e6c0c65c9c5a-20260925T105458Z/iphoneos/Build/Intermediates.noindex/PicPacKit.build/Debug-iphoneos/PicPacPresentation.build/Objects-normal/arm64/PicPacPresentation.swiftsourceinfo /tmp/picpac-phase3-layout-final-build-e6c0c65c9c5a-20260925T105458Z/iphoneos/Build/Products/Debug-iphoneos/PicPacPresentation.swiftmodule/Project/arm64-apple-ios.swiftsourceinfo

Copy /tmp/picpac-phase3-layout-final-build-e6c0c65c9c5a-20260925T105458Z/iphoneos/Build/Products/Debug-iphoneos/PicPacAI.swiftmodule/arm64-apple-ios.swiftdoc /tmp/picpac-phase3-layout-final-build-e6c0c65c9c5a-20260925T105458Z/iphoneos/Build/Intermediates.noindex/PicPacKit.build/Debug-iphoneos/PicPacAI.build/Objects-normal/arm64/PicPacAI.swiftdoc (in target 'PicPacAI' from project 'PicPacKit')
    cd /Users/bavabangaru/Developer/pic-pac-poe-ios-native-parity/ios/Packages/PicPacKit
    builtin-copy -exclude .DS_Store -exclude CVS -exclude .svn -exclude .git -exclude .hg -resolve-src-symlinks -rename /tmp/picpac-phase3-layout-final-build-e6c0c65c9c5a-20260925T105458Z/iphoneos/Build/Intermediates.noindex/PicPacKit.build/Debug-iphoneos/PicPacAI.build/Objects-normal/arm64/PicPacAI.swiftdoc /tmp/picpac-phase3-layout-final-build-e6c0c65c9c5a-20260925T105458Z/iphoneos/Build/Products/Debug-iphoneos/PicPacAI.swiftmodule/arm64-apple-ios.swiftdoc

Copy /tmp/picpac-phase3-layout-final-build-e6c0c65c9c5a-20260925T105458Z/iphoneos/Build/Products/Debug-iphoneos/PicPacAI.swiftmodule/arm64-apple-ios.abi.json /tmp/picpac-phase3-layout-final-build-e6c0c65c9c5a-20260925T105458Z/iphoneos/Build/Intermediates.noindex/PicPacKit.build/Debug-iphoneos/PicPacAI.build/Objects-normal/arm64/PicPacAI.abi.json (in target 'PicPacAI' from project 'PicPacKit')
    cd /Users/bavabangaru/Developer/pic-pac-poe-ios-native-parity/ios/Packages/PicPacKit
    builtin-copy -exclude .DS_Store -exclude CVS -exclude .svn -exclude .git -exclude .hg -resolve-src-symlinks -rename /tmp/picpac-phase3-layout-final-build-e6c0c65c9c5a-20260925T105458Z/iphoneos/Build/Intermediates.noindex/PicPacKit.build/Debug-iphoneos/PicPacAI.build/Objects-normal/arm64/PicPacAI.abi.json /tmp/picpac-phase3-layout-final-build-e6c0c65c9c5a-20260925T105458Z/iphoneos/Build/Products/Debug-iphoneos/PicPacAI.swiftmodule/arm64-apple-ios.abi.json

Copy /tmp/picpac-phase3-layout-final-build-e6c0c65c9c5a-20260925T105458Z/iphoneos/Build/Products/Debug-iphoneos/PicPacAI.swiftmodule/Project/arm64-apple-ios.swiftsourceinfo /tmp/picpac-phase3-layout-final-build-e6c0c65c9c5a-20260925T105458Z/iphoneos/Build/Intermediates.noindex/PicPacKit.build/Debug-iphoneos/PicPacAI.build/Objects-normal/arm64/PicPacAI.swiftsourceinfo (in target 'PicPacAI' from project 'PicPacKit')
    cd /Users/bavabangaru/Developer/pic-pac-poe-ios-native-parity/ios/Packages/PicPacKit
    builtin-copy -exclude .DS_Store -exclude CVS -exclude .svn -exclude .git -exclude .hg -resolve-src-symlinks -rename /tmp/picpac-phase3-layout-final-build-e6c0c65c9c5a-20260925T105458Z/iphoneos/Build/Intermediates.noindex/PicPacKit.build/Debug-iphoneos/PicPacAI.build/Objects-normal/arm64/PicPacAI.swiftsourceinfo /tmp/picpac-phase3-layout-final-build-e6c0c65c9c5a-20260925T105458Z/iphoneos/Build/Products/Debug-iphoneos/PicPacAI.swiftmodule/Project/arm64-apple-ios.swiftsourceinfo

SwiftCompile normal arm64 Compiling\ resource_bundle_accessor.swift /tmp/picpac-phase3-layout-final-build-e6c0c65c9c5a-20260925T105458Z/iphoneos/Build/Intermediates.noindex/PicPacKit.build/Debug-iphoneos/PicPacAI.build/DerivedSources/resource_bundle_accessor.swift (in target 'PicPacAI' from project 'PicPacKit')

SwiftCompile normal arm64 /tmp/picpac-phase3-layout-final-build-e6c0c65c9c5a-20260925T105458Z/iphoneos/Build/Intermediates.noindex/PicPacKit.build/Debug-iphoneos/PicPacAI.build/DerivedSources/resource_bundle_accessor.swift (in target 'PicPacAI' from project 'PicPacKit')
    cd /Users/bavabangaru/Developer/pic-pac-poe-ios-native-parity/ios/PicPacPoe.xcodeproj
    

SwiftDriverJobDiscovery normal arm64 Compiling SearchModel.swift (in target 'PicPacAI' from project 'PicPacKit')

SwiftCompile normal arm64 Compiling\ ProductionAIEngine.swift /Users/bavabangaru/Developer/pic-pac-poe-ios-native-parity/ios/Packages/PicPacKit/Sources/PicPacAI/ProductionAIEngine.swift (in target 'PicPacAI' from project 'PicPacKit')

SwiftCompile normal arm64 /Users/bavabangaru/Developer/pic-pac-poe-ios-native-parity/ios/Packages/PicPacKit/Sources/PicPacAI/ProductionAIEngine.swift (in target 'PicPacAI' from project 'PicPacKit')
    cd /Users/bavabangaru/Developer/pic-pac-poe-ios-native-parity/ios/PicPacPoe.xcodeproj
    

SwiftDriverJobDiscovery normal arm64 Compiling ProductionAIEngine.swift (in target 'PicPacAI' from project 'PicPacKit')

SwiftCompile normal arm64 Compiling\ AIContracts.swift /Users/bavabangaru/Developer/pic-pac-poe-ios-native-parity/ios/Packages/PicPacKit/Sources/PicPacAI/AIContracts.swift (in target 'PicPacAI' from project 'PicPacKit')

SwiftCompile normal arm64 /Users/bavabangaru/Developer/pic-pac-poe-ios-native-parity/ios/Packages/PicPacKit/Sources/PicPacAI/AIContracts.swift (in target 'PicPacAI' from project 'PicPacKit')
    cd /Users/bavabangaru/Developer/pic-pac-poe-ios-native-parity/ios/PicPacPoe.xcodeproj
    

SwiftCompile normal arm64 Compiling\ FastAgents.swift /Users/bavabangaru/Developer/pic-pac-poe-ios-native-parity/ios/Packages/PicPacKit/Sources/PicPacAI/FastAgents.swift (in target 'PicPacAI' from project 'PicPacKit')

SwiftCompile normal arm64 /Users/bavabangaru/Developer/pic-pac-poe-ios-native-parity/ios/Packages/PicPacKit/Sources/PicPacAI/FastAgents.swift (in target 'PicPacAI' from project 'PicPacKit')
    cd /Users/bavabangaru/Developer/pic-pac-poe-ios-native-parity/ios/PicPacPoe.xcodeproj
    

SwiftDriverJobDiscovery normal arm64 Compiling PositionEvaluator.swift (in target 'PicPacAI' from project 'PicPacKit')

SwiftCompile normal arm64 Compiling\ ExpectiminimaxAgent.swift /Users/bavabangaru/Developer/pic-pac-poe-ios-native-parity/ios/Packages/PicPacKit/Sources/PicPacAI/ExpectiminimaxAgent.swift (in target 'PicPacAI' from project 'PicPacKit')

SwiftCompile normal arm64 /Users/bavabangaru/Developer/pic-pac-poe-ios-native-parity/ios/Packages/PicPacKit/Sources/PicPacAI/ExpectiminimaxAgent.swift (in target 'PicPacAI' from project 'PicPacKit')
    cd /Users/bavabangaru/Developer/pic-pac-poe-ios-native-parity/ios/PicPacPoe.xcodeproj
    

SwiftDriverJobDiscovery normal arm64 Compiling FastAgents.swift (in target 'PicPacAI' from project 'PicPacKit')

SwiftCompile normal arm64 Compiling\ RandomSources.swift /Users/bavabangaru/Developer/pic-pac-poe-ios-native-parity/ios/Packages/PicPacKit/Sources/PicPacAI/RandomSources.swift (in target 'PicPacAI' from project 'PicPacKit')

SwiftCompile normal arm64 /Users/bavabangaru/Developer/pic-pac-poe-ios-native-parity/ios/Packages/PicPacKit/Sources/PicPacAI/RandomSources.swift (in target 'PicPacAI' from project 'PicPacKit')
    cd /Users/bavabangaru/Developer/pic-pac-poe-ios-native-parity/ios/PicPacPoe.xcodeproj
    

SwiftDriverJobDiscovery normal arm64 Compiling StochasticMCTSAgent.swift (in target 'PicPacAI' from project 'PicPacKit')

SwiftDriverJobDiscovery normal arm64 Compiling resource_bundle_accessor.swift (in target 'PicPacAI' from project 'PicPacKit')

SwiftDriverJobDiscovery normal arm64 Compiling RestorationValidation.swift (in target 'PicPacPresentation' from project 'PicPacKit')

MkDir /tmp/picpac-phase3-layout-final-build-e6c0c65c9c5a-20260925T105458Z/iphoneos/Build/Intermediates.noindex/PicPacPoe.build/Debug-iphoneos/PicPacPoe.build/assetcatalog_output/unthinned (in target 'PicPacPoe' from project 'PicPacPoe')
    cd /Users/bavabangaru/Developer/pic-pac-poe-ios-native-parity/ios
    /bin/mkdir -p /tmp/picpac-phase3-layout-final-build-e6c0c65c9c5a-20260925T105458Z/iphoneos/Build/Intermediates.noindex/PicPacPoe.build/Debug-iphoneos/PicPacPoe.build/assetcatalog_output/unthinned

MkDir /tmp/picpac-phase3-layout-final-build-e6c0c65c9c5a-20260925T105458Z/iphoneos/Build/Intermediates.noindex/PicPacPoe.build/Debug-iphoneos/PicPacPoe.build/assetcatalog_output/thinned (in target 'PicPacPoe' from project 'PicPacPoe')
    cd /Users/bavabangaru/Developer/pic-pac-poe-ios-native-parity/ios
    /bin/mkdir -p /tmp/picpac-phase3-layout-final-build-e6c0c65c9c5a-20260925T105458Z/iphoneos/Build/Intermediates.noindex/PicPacPoe.build/Debug-iphoneos/PicPacPoe.build/assetcatalog_output/thinned

GenerateAssetSymbols /Users/bavabangaru/Developer/pic-pac-poe-ios-native-parity/ios/PicPacPoe/Assets.xcassets (in target 'PicPacPoe' from project 'PicPacPoe')
    cd /Users/bavabangaru/Developer/pic-pac-poe-ios-native-parity/ios
    /Applications/Xcode.app/Contents/Developer/usr/bin/actool /Users/bavabangaru/Developer/pic-pac-poe-ios-native-parity/ios/PicPacPoe/Assets.xcassets --compile /tmp/picpac-phase3-layout-final-build-e6c0c65c9c5a-20260925T105458Z/iphoneos/Build/Products/Debug-iphoneos/PicPacPoe.app --output-format human-readable-text --notices --warnings --export-dependency-info /tmp/picpac-phase3-layout-final-build-e6c0c65c9c5a-20260925T105458Z/iphoneos/Build/Intermediates.noindex/PicPacPoe.build/Debug-iphoneos/PicPacPoe.build/assetcatalog_dependencies --output-partial-info-plist /tmp/picpac-phase3-layout-final-build-e6c0c65c9c5a-20260925T105458Z/iphoneos/Build/Intermediates.noindex/PicPacPoe.build/Debug-iphoneos/PicPacPoe.build/assetcatalog_generated_info.plist --app-icon AppIcon --compress-pngs --enable-on-demand-resources YES --development-region en --target-device iphone --target-device ipad --minimum-deployment-target 17.0 --platform iphoneos --bundle-identifier dev.saipranith.picpacpoe --generate-swift-asset-symbol-extensions NO --generate-swift-asset-symbols /tmp/picpac-phase3-layout-final-build-e6c0c65c9c5a-20260925T105458Z/iphoneos/Build/Intermediates.noindex/PicPacPoe.build/Debug-iphoneos/PicPacPoe.build/DerivedSources/GeneratedAssetSymbols.swift --generate-objc-asset-symbols /tmp/picpac-phase3-layout-final-build-e6c0c65c9c5a-20260925T105458Z/iphoneos/Build/Intermediates.noindex/PicPacPoe.build/Debug-iphoneos/PicPacPoe.build/DerivedSources/GeneratedAssetSymbols.h --generate-asset-symbol-index /tmp/picpac-phase3-layout-final-build-e6c0c65c9c5a-20260925T105458Z/iphoneos/Build/Intermediates.noindex/PicPacPoe.build/Debug-iphoneos/PicPacPoe.build/DerivedSources/GeneratedAssetSymbols-Index.plist
/* com.apple.actool.compilation-results */
/tmp/picpac-phase3-layout-final-build-e6c0c65c9c5a-20260925T105458Z/iphoneos/Build/Intermediates.noindex/PicPacPoe.build/Debug-iphoneos/PicPacPoe.build/DerivedSources/GeneratedAssetSymbols-Index.plist
/tmp/picpac-phase3-layout-final-build-e6c0c65c9c5a-20260925T105458Z/iphoneos/Build/Intermediates.noindex/PicPacPoe.build/Debug-iphoneos/PicPacPoe.build/DerivedSources/GeneratedAssetSymbols.h
/tmp/picpac-phase3-layout-final-build-e6c0c65c9c5a-20260925T105458Z/iphoneos/Build/Intermediates.noindex/PicPacPoe.build/Debug-iphoneos/PicPacPoe.build/DerivedSources/GeneratedAssetSymbols.swift


CompileAssetCatalogVariant thinned /tmp/picpac-phase3-layout-final-build-e6c0c65c9c5a-20260925T105458Z/iphoneos/Build/Products/Debug-iphoneos/PicPacPoe.app /Users/bavabangaru/Developer/pic-pac-poe-ios-native-parity/ios/PicPacPoe/Assets.xcassets (in target 'PicPacPoe' from project 'PicPacPoe')
    cd /Users/bavabangaru/Developer/pic-pac-poe-ios-native-parity/ios
    /Applications/Xcode.app/Contents/Developer/usr/bin/actool /Users/bavabangaru/Developer/pic-pac-poe-ios-native-parity/ios/PicPacPoe/Assets.xcassets --compile /tmp/picpac-phase3-layout-final-build-e6c0c65c9c5a-20260925T105458Z/iphoneos/Build/Intermediates.noindex/PicPacPoe.build/Debug-iphoneos/PicPacPoe.build/assetcatalog_output/thinned --output-format human-readable-text --notices --warnings --export-dependency-info /tmp/picpac-phase3-layout-final-build-e6c0c65c9c5a-20260925T105458Z/iphoneos/Build/Intermediates.noindex/PicPacPoe.build/Debug-iphoneos/PicPacPoe.build/assetcatalog_dependencies_thinned --output-partial-info-plist /tmp/picpac-phase3-layout-final-build-e6c0c65c9c5a-20260925T105458Z/iphoneos/Build/Intermediates.noindex/PicPacPoe.build/Debug-iphoneos/PicPacPoe.build/assetcatalog_generated_info.plist_thinned --app-icon AppIcon --compress-pngs --enable-on-demand-resources YES --development-region en --target-device iphone --target-device ipad --minimum-deployment-target 17.0 --platform iphoneos
/* com.apple.actool.compilation-results */
/tmp/picpac-phase3-layout-final-build-e6c0c65c9c5a-20260925T105458Z/iphoneos/Build/Intermediates.noindex/PicPacPoe.build/Debug-iphoneos/PicPacPoe.build/assetcatalog_generated_info.plist_thinned
/tmp/picpac-phase3-layout-final-build-e6c0c65c9c5a-20260925T105458Z/iphoneos/Build/Intermediates.noindex/PicPacPoe.build/Debug-iphoneos/PicPacPoe.build/assetcatalog_output/thinned/AppIcon60x60@2x.png
/tmp/picpac-phase3-layout-final-build-e6c0c65c9c5a-20260925T105458Z/iphoneos/Build/Intermediates.noindex/PicPacPoe.build/Debug-iphoneos/PicPacPoe.build/assetcatalog_output/thinned/AppIcon76x76@2x~ipad.png
/tmp/picpac-phase3-layout-final-build-e6c0c65c9c5a-20260925T105458Z/iphoneos/Build/Intermediates.noindex/PicPacPoe.build/Debug-iphoneos/PicPacPoe.build/assetcatalog_output/thinned/Assets.car


SwiftDriver PicPacPoe normal arm64 com.apple.xcode.tools.swift.compiler (in target 'PicPacPoe' from project 'PicPacPoe')
    cd /Users/bavabangaru/Developer/pic-pac-poe-ios-native-parity/ios
    builtin-SwiftDriver -- /Applications/Xcode.app/Contents/Developer/Toolchains/XcodeDefault.xctoolchain/usr/bin/swiftc -module-name PicPacPoe -Onone @/tmp/picpac-phase3-layout-final-build-e6c0c65c9c5a-20260925T105458Z/iphoneos/Build/Intermediates.noindex/PicPacPoe.build/Debug-iphoneos/PicPacPoe.build/Objects-normal/arm64/PicPacPoe.SwiftFileList -DDEBUG -enable-experimental-feature DebugDescriptionMacro -sdk /Applications/Xcode.app/Contents/Developer/Platforms/iPhoneOS.platform/Developer/SDKs/iPhoneOS26.5.sdk -target arm64-apple-ios17.0 -g -module-cache-path /tmp/picpac-phase3-layout-final-build-e6c0c65c9c5a-20260925T105458Z/iphoneos/ModuleCache.noindex -Xfrontend -serialize-debugging-options -enable-testing -index-store-path /tmp/picpac-phase3-layout-final-build-e6c0c65c9c5a-20260925T105458Z/iphoneos/Index.noindex/DataStore -Xcc -D_LIBCPP_HARDENING_MODE\=_LIBCPP_HARDENING_MODE_DEBUG -swift-version 6 -I /tmp/picpac-phase3-layout-final-build-e6c0c65c9c5a-20260925T105458Z/iphoneos/Build/Products/Debug-iphoneos -F /tmp/picpac-phase3-layout-final-build-e6c0c65c9c5a-20260925T105458Z/iphoneos/Build/Products/Debug-iphoneos/PackageFrameworks -F /tmp/picpac-phase3-layout-final-build-e6c0c65c9c5a-20260925T105458Z/iphoneos/Build/Products/Debug-iphoneos/PackageFrameworks -F /tmp/picpac-phase3-layout-final-build-e6c0c65c9c5a-20260925T105458Z/iphoneos/Build/Products/Debug-iphoneos/PackageFrameworks -F /tmp/picpac-phase3-layout-final-build-e6c0c65c9c5a-20260925T105458Z/iphoneos/Build/Products/Debug-iphoneos -emit-localized-strings -emit-localized-strings-path /tmp/picpac-phase3-layout-final-build-e6c0c65c9c5a-20260925T105458Z/iphoneos/Build/Intermediates.noindex/PicPacPoe.build/Debug-iphoneos/PicPacPoe.build/Objects-normal/arm64 -c -j12 -enable-batch-mode -incremental -Xcc -ivfsstatcache -Xcc /tmp/picpac-phase3-layout-final-build-e6c0c65c9c5a-20260925T105458Z/iphoneos/SDKStatCaches.noindex/iphoneos26.5-23F81a-32daed1954a7d5dd0789fcaf2a9bb78b.sdkstatcache -output-file-map /tmp/picpac-phase3-layout-final-build-e6c0c65c9c5a-20260925T105458Z/iphoneos/Build/Intermediates.noindex/PicPacPoe.build/Debug-iphoneos/PicPacPoe.build/Objects-normal/arm64/PicPacPoe-OutputFileMap.json -use-frontend-parseable-output -save-temps -no-color-diagnostics -explicit-module-build -module-cache-path /tmp/picpac-phase3-layout-final-build-e6c0c65c9c5a-20260925T105458Z/iphoneos/Build/Intermediates.noindex/SwiftExplicitPrecompiledModules -clang-scanner-module-cache-path /tmp/picpac-phase3-layout-final-build-e6c0c65c9c5a-20260925T105458Z/iphoneos/ModuleCache.noindex -sdk-module-cache-path /tmp/picpac-phase3-layout-final-build-e6c0c65c9c5a-20260925T105458Z/iphoneos/ModuleCache.noindex -serialize-diagnostics -emit-dependencies -emit-module -emit-module-path /tmp/picpac-phase3-layout-final-build-e6c0c65c9c5a-20260925T105458Z/iphoneos/Build/Intermediates.noindex/PicPacPoe.build/Debug-iphoneos/PicPacPoe.build/Objects-normal/arm64/PicPacPoe.swiftmodule -validate-clang-modules-once -clang-build-session-file /tmp/picpac-phase3-layout-final-build-e6c0c65c9c5a-20260925T105458Z/iphoneos/ModuleCache.noindex/Session.modulevalidation -Xcc -I/tmp/picpac-phase3-layout-final-build-e6c0c65c9c5a-20260925T105458Z/iphoneos/Build/Intermediates.noindex/PicPacPoe.build/Debug-iphoneos/PicPacPoe.build/swift-overrides.hmap -emit-const-values -Xfrontend -const-gather-protocols-file -Xfrontend /tmp/picpac-phase3-layout-final-build-e6c0c65c9c5a-20260925T105458Z/iphoneos/Build/Intermediates.noindex/PicPacPoe.build/Debug-iphoneos/PicPacPoe.build/Objects-normal/arm64/PicPacPoe_const_extract_protocols.json -Xcc -iquote -Xcc /tmp/picpac-phase3-layout-final-build-e6c0c65c9c5a-20260925T105458Z/iphoneos/Build/Intermediates.noindex/PicPacPoe.build/Debug-iphoneos/PicPacPoe.build/PicPacPoe-generated-files.hmap -Xcc -I/tmp/picpac-phase3-layout-final-build-e6c0c65c9c5a-20260925T105458Z/iphoneos/Build/Intermediates.noindex/PicPacPoe.build/Debug-iphoneos/PicPacPoe.build/PicPacPoe-own-target-headers.hmap -Xcc -I/tmp/picpac-phase3-layout-final-build-e6c0c65c9c5a-20260925T105458Z/iphoneos/Build/Intermediates.noindex/PicPacPoe.build/Debug-iphoneos/PicPacPoe.build/PicPacPoe-all-non-framework-target-headers.hmap -Xcc -ivfsoverlay -Xcc /tmp/picpac-phase3-layout-final-build-e6c0c65c9c5a-20260925T105458Z/iphoneos/Build/Intermediates.noindex/PicPacPoe.build/Debug-iphoneos/PicPacPoe-90eff2f9d9e8600d7e53134acd1cb833-VFS-iphoneos/all-product-headers.yaml -Xcc -iquote -Xcc /tmp/picpac-phase3-layout-final-build-e6c0c65c9c5a-20260925T105458Z/iphoneos/Build/Intermediates.noindex/PicPacPoe.build/Debug-iphoneos/PicPacPoe.build/PicPacPoe-project-headers.hmap -Xcc -I/tmp/picpac-phase3-layout-final-build-e6c0c65c9c5a-20260925T105458Z/iphoneos/Build/Products/Debug-iphoneos/include -Xcc -I/tmp/picpac-phase3-layout-final-build-e6c0c65c9c5a-20260925T105458Z/iphoneos/Build/Intermediates.noindex/PicPacPoe.build/Debug-iphoneos/PicPacPoe.build/DerivedSources-normal/arm64 -Xcc -I/tmp/picpac-phase3-layout-final-build-e6c0c65c9c5a-20260925T105458Z/iphoneos/Build/Intermediates.noindex/PicPacPoe.build/Debug-iphoneos/PicPacPoe.build/DerivedSources/arm64 -Xcc -I/tmp/picpac-phase3-layout-final-build-e6c0c65c9c5a-20260925T105458Z/iphoneos/Build/Intermediates.noindex/PicPacPoe.build/Debug-iphoneos/PicPacPoe.build/DerivedSources -emit-objc-header -emit-objc-header-path /tmp/picpac-phase3-layout-final-build-e6c0c65c9c5a-20260925T105458Z/iphoneos/Build/Intermediates.noindex/PicPacPoe.build/Debug-iphoneos/PicPacPoe.build/Objects-normal/arm64/PicPacPoe-Swift.h -working-directory /Users/bavabangaru/Developer/pic-pac-poe-ios-native-parity/ios -experimental-emit-module-separately -disable-cmo

SwiftDriverJobDiscovery normal arm64 Compiling RandomSources.swift (in target 'PicPacAI' from project 'PicPacKit')

SwiftDriverJobDiscovery normal arm64 Compiling AiObservation.swift (in target 'PicPacCore' from project 'PicPacKit')

SwiftDriverJobDiscovery normal arm64 Compiling Model.swift (in target 'PicPacCore' from project 'PicPacKit')

SwiftDriverJobDiscovery normal arm64 Compiling PresentationDependencies.swift (in target 'PicPacPresentation' from project 'PicPacKit')

SwiftDriverJobDiscovery normal arm64 Compiling ExpectiminimaxAgent.swift (in target 'PicPacAI' from project 'PicPacKit')

SwiftDriverJobDiscovery normal arm64 Compiling AIContracts.swift (in target 'PicPacAI' from project 'PicPacKit')

SwiftDriverJobDiscovery normal arm64 Compiling PresentationModels.swift (in target 'PicPacPresentation' from project 'PicPacKit')

SwiftDriverJobDiscovery normal arm64 Compiling State.swift (in target 'PicPacCore' from project 'PicPacKit')

SwiftDriver\ Compilation PicPacCore normal arm64 com.apple.xcode.tools.swift.compiler (in target 'PicPacCore' from project 'PicPacKit')
    cd /Users/bavabangaru/Developer/pic-pac-poe-ios-native-parity/ios/PicPacPoe.xcodeproj
    builtin-Swift-Compilation -- /Applications/Xcode.app/Contents/Developer/Toolchains/XcodeDefault.xctoolchain/usr/bin/swiftc -module-name PicPacCore -Onone @/tmp/picpac-phase3-layout-final-build-e6c0c65c9c5a-20260925T105458Z/iphoneos/Build/Intermediates.noindex/PicPacKit.build/Debug-iphoneos/PicPacCore.build/Objects-normal/arm64/PicPacCore.SwiftFileList -DSWIFT_PACKAGE -DDEBUG -DSWIFT_MODULE_RESOURCE_BUNDLE_UNAVAILABLE -DXcode -plugin-path /Applications/Xcode.app/Contents/Developer/Toolchains/XcodeDefault.xctoolchain/usr/lib/swift/host/plugins/testing -enable-experimental-feature DebugDescriptionMacro -sdk /Applications/Xcode.app/Contents/Developer/Platforms/iPhoneOS.platform/Developer/SDKs/iPhoneOS26.5.sdk -target arm64-apple-ios17.0 -g -module-cache-path /tmp/picpac-phase3-layout-final-build-e6c0c65c9c5a-20260925T105458Z/iphoneos/ModuleCache.noindex -Xfrontend -serialize-debugging-options -enable-testing -suppress-warnings -index-store-path /tmp/picpac-phase3-layout-final-build-e6c0c65c9c5a-20260925T105458Z/iphoneos/Index.noindex/DataStore -Xcc -D_LIBCPP_HARDENING_MODE\=_LIBCPP_HARDENING_MODE_DEBUG -swift-version 6 -I /tmp/picpac-phase3-layout-final-build-e6c0c65c9c5a-20260925T105458Z/iphoneos/Build/Products/Debug-iphoneos -Isystem /Applications/Xcode.app/Contents/Developer/Platforms/iPhoneOS.platform/Developer/usr/lib -F /tmp/picpac-phase3-layout-final-build-e6c0c65c9c5a-20260925T105458Z/iphoneos/Build/Products/Debug-iphoneos -F /Applications/Xcode.app/Contents/Developer/Platforms/iPhoneOS.platform/Developer/Library/Frameworks -F /Applications/Xcode.app/Contents/Developer/Platforms/iPhoneOS.platform/Developer/SDKs/iPhoneOS26.5.sdk/Developer/Library/Frameworks -c -j12 -enable-batch-mode -incremental -Xcc -ivfsstatcache -Xcc /tmp/picpac-phase3-layout-final-build-e6c0c65c9c5a-20260925T105458Z/iphoneos/SDKStatCaches.noindex/iphoneos26.5-23F81a-32daed1954a7d5dd0789fcaf2a9bb78b.sdkstatcache -output-file-map /tmp/picpac-phase3-layout-final-build-e6c0c65c9c5a-20260925T105458Z/iphoneos/Build/Intermediates.noindex/PicPacKit.build/Debug-iphoneos/PicPacCore.build/Objects-normal/arm64/PicPacCore-OutputFileMap.json -use-frontend-parseable-output -save-temps -no-color-diagnostics -explicit-module-build -module-cache-path /tmp/picpac-phase3-layout-final-build-e6c0c65c9c5a-20260925T105458Z/iphoneos/Build/Intermediates.noindex/SwiftExplicitPrecompiledModules -clang-scanner-module-cache-path /tmp/picpac-phase3-layout-final-build-e6c0c65c9c5a-20260925T105458Z/iphoneos/ModuleCache.noindex -sdk-module-cache-path /tmp/picpac-phase3-layout-final-build-e6c0c65c9c5a-20260925T105458Z/iphoneos/ModuleCache.noindex -serialize-diagnostics -emit-dependencies -emit-module -emit-module-path /tmp/picpac-phase3-layout-final-build-e6c0c65c9c5a-20260925T105458Z/iphoneos/Build/Intermediates.noindex/PicPacKit.build/Debug-iphoneos/PicPacCore.build/Objects-normal/arm64/PicPacCore.swiftmodule -validate-clang-modules-once -clang-build-session-file /tmp/picpac-phase3-layout-final-build-e6c0c65c9c5a-20260925T105458Z/iphoneos/ModuleCache.noindex/Session.modulevalidation -package-name picpackit -Xcc -I/tmp/picpac-phase3-layout-final-build-e6c0c65c9c5a-20260925T105458Z/iphoneos/Build/Intermediates.noindex/PicPacKit.build/Debug-iphoneos/PicPacCore.build/swift-overrides.hmap -emit-const-values -Xfrontend -const-gather-protocols-file -Xfrontend /tmp/picpac-phase3-layout-final-build-e6c0c65c9c5a-20260925T105458Z/iphoneos/Build/Intermediates.noindex/PicPacKit.build/Debug-iphoneos/PicPacCore.build/Objects-normal/arm64/PicPacCore_const_extract_protocols.json -Xcc -I/tmp/picpac-phase3-layout-final-build-e6c0c65c9c5a-20260925T105458Z/iphoneos/Build/Products/Debug-iphoneos/include -Xcc -I/tmp/picpac-phase3-layout-final-build-e6c0c65c9c5a-20260925T105458Z/iphoneos/Build/Intermediates.noindex/PicPacKit.build/Debug-iphoneos/PicPacCore.build/DerivedSources-normal/arm64 -Xcc -I/tmp/picpac-phase3-layout-final-build-e6c0c65c9c5a-20260925T105458Z/iphoneos/Build/Intermediates.noindex/PicPacKit.build/Debug-iphoneos/PicPacCore.build/DerivedSources/arm64 -Xcc -I/tmp/picpac-phase3-layout-final-build-e6c0c65c9c5a-20260925T105458Z/iphoneos/Build/Intermediates.noindex/PicPacKit.build/Debug-iphoneos/PicPacCore.build/DerivedSources -Xcc -DSWIFT_PACKAGE -Xcc -DDEBUG\=1 -emit-objc-header -emit-objc-header-path /tmp/picpac-phase3-layout-final-build-e6c0c65c9c5a-20260925T105458Z/iphoneos/Build/Intermediates.noindex/PicPacKit.build/Debug-iphoneos/PicPacCore.build/Objects-normal/arm64/PicPacCore-Swift.h -working-directory /Users/bavabangaru/Developer/pic-pac-poe-ios-native-parity/ios/PicPacPoe.xcodeproj -experimental-emit-module-separately -disable-cmo

Ld /tmp/picpac-phase3-layout-final-build-e6c0c65c9c5a-20260925T105458Z/iphoneos/Build/Products/Debug-iphoneos/PicPacCore.o normal (in target 'PicPacCore' from project 'PicPacKit')
    cd /Users/bavabangaru/Developer/pic-pac-poe-ios-native-parity/ios/Packages/PicPacKit
    /Applications/Xcode.app/Contents/Developer/Toolchains/XcodeDefault.xctoolchain/usr/bin/clang -Xlinker -reproducible -target arm64-apple-ios17.0 -r -isysroot /Applications/Xcode.app/Contents/Developer/Platforms/iPhoneOS.platform/Developer/SDKs/iPhoneOS26.5.sdk -O0 -w -F/tmp/picpac-phase3-layout-final-build-e6c0c65c9c5a-20260925T105458Z/iphoneos/Build/Intermediates.noindex/EagerLinkingTBDs/Debug-iphoneos -F/tmp/picpac-phase3-layout-final-build-e6c0c65c9c5a-20260925T105458Z/iphoneos/Build/Products/Debug-iphoneos -iframework /Applications/Xcode.app/Contents/Developer/Platforms/iPhoneOS.platform/Developer/Library/Frameworks -iframework /Applications/Xcode.app/Contents/Developer/Platforms/iPhoneOS.platform/Developer/SDKs/iPhoneOS26.5.sdk/Developer/Library/Frameworks -filelist /tmp/picpac-phase3-layout-final-build-e6c0c65c9c5a-20260925T105458Z/iphoneos/Build/Intermediates.noindex/PicPacKit.build/Debug-iphoneos/PicPacCore.build/Objects-normal/arm64/PicPacCore.LinkFileList -nostdlib -Xlinker -object_path_lto -Xlinker /tmp/picpac-phase3-layout-final-build-e6c0c65c9c5a-20260925T105458Z/iphoneos/Build/Intermediates.noindex/PicPacKit.build/Debug-iphoneos/PicPacCore.build/Objects-normal/arm64/PicPacCore_lto.o -Xlinker -no_deduplicate -Xlinker -dependency_info -Xlinker /tmp/picpac-phase3-layout-final-build-e6c0c65c9c5a-20260925T105458Z/iphoneos/Build/Intermediates.noindex/PicPacKit.build/Debug-iphoneos/PicPacCore.build/Objects-normal/arm64/PicPacCore_dependency_info.dat -fobjc-link-runtime -L/Applications/Xcode.app/Contents/Developer/Toolchains/XcodeDefault.xctoolchain/usr/lib/swift/iphoneos -L/usr/lib/swift -Xlinker -add_ast_path -Xlinker /tmp/picpac-phase3-layout-final-build-e6c0c65c9c5a-20260925T105458Z/iphoneos/Build/Intermediates.noindex/PicPacKit.build/Debug-iphoneos/PicPacCore.build/Objects-normal/arm64/PicPacCore.swiftmodule @/tmp/picpac-phase3-layout-final-build-e6c0c65c9c5a-20260925T105458Z/iphoneos/Build/Intermediates.noindex/PicPacKit.build/Debug-iphoneos/PicPacCore.build/Objects-normal/arm64/PicPacCore-linker-args.resp -o /tmp/picpac-phase3-layout-final-build-e6c0c65c9c5a-20260925T105458Z/iphoneos/Build/Products/Debug-iphoneos/PicPacCore.o

SwiftDriverJobDiscovery normal arm64 Compiling TabularPolicy.swift (in target 'PicPacAI' from project 'PicPacKit')

SwiftDriver\ Compilation PicPacAI normal arm64 com.apple.xcode.tools.swift.compiler (in target 'PicPacAI' from project 'PicPacKit')
    cd /Users/bavabangaru/Developer/pic-pac-poe-ios-native-parity/ios/PicPacPoe.xcodeproj
    builtin-Swift-Compilation -- /Applications/Xcode.app/Contents/Developer/Toolchains/XcodeDefault.xctoolchain/usr/bin/swiftc -module-name PicPacAI -Onone @/tmp/picpac-phase3-layout-final-build-e6c0c65c9c5a-20260925T105458Z/iphoneos/Build/Intermediates.noindex/PicPacKit.build/Debug-iphoneos/PicPacAI.build/Objects-normal/arm64/PicPacAI.SwiftFileList -DSWIFT_PACKAGE -DDEBUG -DSWIFT_MODULE_RESOURCE_BUNDLE_AVAILABLE -DXcode -plugin-path /Applications/Xcode.app/Contents/Developer/Toolchains/XcodeDefault.xctoolchain/usr/lib/swift/host/plugins/testing -enable-experimental-feature DebugDescriptionMacro -sdk /Applications/Xcode.app/Contents/Developer/Platforms/iPhoneOS.platform/Developer/SDKs/iPhoneOS26.5.sdk -target arm64-apple-ios17.0 -g -module-cache-path /tmp/picpac-phase3-layout-final-build-e6c0c65c9c5a-20260925T105458Z/iphoneos/ModuleCache.noindex -Xfrontend -serialize-debugging-options -enable-testing -suppress-warnings -index-store-path /tmp/picpac-phase3-layout-final-build-e6c0c65c9c5a-20260925T105458Z/iphoneos/Index.noindex/DataStore -Xcc -D_LIBCPP_HARDENING_MODE\=_LIBCPP_HARDENING_MODE_DEBUG -swift-version 6 -I /tmp/picpac-phase3-layout-final-build-e6c0c65c9c5a-20260925T105458Z/iphoneos/Build/Products/Debug-iphoneos -Isystem /Applications/Xcode.app/Contents/Developer/Platforms/iPhoneOS.platform/Developer/usr/lib -F /tmp/picpac-phase3-layout-final-build-e6c0c65c9c5a-20260925T105458Z/iphoneos/Build/Products/Debug-iphoneos/PackageFrameworks -F /tmp/picpac-phase3-layout-final-build-e6c0c65c9c5a-20260925T105458Z/iphoneos/Build/Products/Debug-iphoneos -F /Applications/Xcode.app/Contents/Developer/Platforms/iPhoneOS.platform/Developer/Library/Frameworks -F /Applications/Xcode.app/Contents/Developer/Platforms/iPhoneOS.platform/Developer/SDKs/iPhoneOS26.5.sdk/Developer/Library/Frameworks -c -j12 -enable-batch-mode -incremental -Xcc -ivfsstatcache -Xcc /tmp/picpac-phase3-layout-final-build-e6c0c65c9c5a-20260925T105458Z/iphoneos/SDKStatCaches.noindex/iphoneos26.5-23F81a-32daed1954a7d5dd0789fcaf2a9bb78b.sdkstatcache -output-file-map /tmp/picpac-phase3-layout-final-build-e6c0c65c9c5a-20260925T105458Z/iphoneos/Build/Intermediates.noindex/PicPacKit.build/Debug-iphoneos/PicPacAI.build/Objects-normal/arm64/PicPacAI-OutputFileMap.json -use-frontend-parseable-output -save-temps -no-color-diagnostics -explicit-module-build -module-cache-path /tmp/picpac-phase3-layout-final-build-e6c0c65c9c5a-20260925T105458Z/iphoneos/Build/Intermediates.noindex/SwiftExplicitPrecompiledModules -clang-scanner-module-cache-path /tmp/picpac-phase3-layout-final-build-e6c0c65c9c5a-20260925T105458Z/iphoneos/ModuleCache.noindex -sdk-module-cache-path /tmp/picpac-phase3-layout-final-build-e6c0c65c9c5a-20260925T105458Z/iphoneos/ModuleCache.noindex -serialize-diagnostics -emit-dependencies -emit-module -emit-module-path /tmp/picpac-phase3-layout-final-build-e6c0c65c9c5a-20260925T105458Z/iphoneos/Build/Intermediates.noindex/PicPacKit.build/Debug-iphoneos/PicPacAI.build/Objects-normal/arm64/PicPacAI.swiftmodule -validate-clang-modules-once -clang-build-session-file /tmp/picpac-phase3-layout-final-build-e6c0c65c9c5a-20260925T105458Z/iphoneos/ModuleCache.noindex/Session.modulevalidation -package-name picpackit -Xcc -I/tmp/picpac-phase3-layout-final-build-e6c0c65c9c5a-20260925T105458Z/iphoneos/Build/Intermediates.noindex/PicPacKit.build/Debug-iphoneos/PicPacAI.build/swift-overrides.hmap -emit-const-values -Xfrontend -const-gather-protocols-file -Xfrontend /tmp/picpac-phase3-layout-final-build-e6c0c65c9c5a-20260925T105458Z/iphoneos/Build/Intermediates.noindex/PicPacKit.build/Debug-iphoneos/PicPacAI.build/Objects-normal/arm64/PicPacAI_const_extract_protocols.json -Xcc -I/tmp/picpac-phase3-layout-final-build-e6c0c65c9c5a-20260925T105458Z/iphoneos/Build/Products/Debug-iphoneos/include -Xcc -I/tmp/picpac-phase3-layout-final-build-e6c0c65c9c5a-20260925T105458Z/iphoneos/Build/Intermediates.noindex/PicPacKit.build/Debug-iphoneos/PicPacAI.build/DerivedSources-normal/arm64 -Xcc -I/tmp/picpac-phase3-layout-final-build-e6c0c65c9c5a-20260925T105458Z/iphoneos/Build/Intermediates.noindex/PicPacKit.build/Debug-iphoneos/PicPacAI.build/DerivedSources/arm64 -Xcc -I/tmp/picpac-phase3-layout-final-build-e6c0c65c9c5a-20260925T105458Z/iphoneos/Build/Intermediates.noindex/PicPacKit.build/Debug-iphoneos/PicPacAI.build/DerivedSources -Xcc -DSWIFT_PACKAGE -Xcc -DDEBUG\=1 -emit-objc-header -emit-objc-header-path /tmp/picpac-phase3-layout-final-build-e6c0c65c9c5a-20260925T105458Z/iphoneos/Build/Intermediates.noindex/PicPacKit.build/Debug-iphoneos/PicPacAI.build/Objects-normal/arm64/PicPacAI-Swift.h -working-directory /Users/bavabangaru/Developer/pic-pac-poe-ios-native-parity/ios/PicPacPoe.xcodeproj -experimental-emit-module-separately -disable-cmo

ExtractAppIntentsMetadata (in target 'PicPacCore' from project 'PicPacKit')
    cd /Users/bavabangaru/Developer/pic-pac-poe-ios-native-parity/ios/Packages/PicPacKit
    /Applications/Xcode.app/Contents/Developer/Toolchains/XcodeDefault.xctoolchain/usr/bin/appintentsmetadataprocessor --toolchain-dir /Applications/Xcode.app/Contents/Developer/Toolchains/XcodeDefault.xctoolchain --module-name PicPacCore --sdk-root /Applications/Xcode.app/Contents/Developer/Platforms/iPhoneOS.platform/Developer/SDKs/iPhoneOS26.5.sdk --xcode-version 17F113 --platform-family iOS --deployment-target 17.0 --bundle-identifier picpackit.PicPacCore --output /tmp/picpac-phase3-layout-final-build-e6c0c65c9c5a-20260925T105458Z/iphoneos/Build/Products/Debug-iphoneos/PicPacCore.appintents --target-triple arm64-apple-ios17.0 --binary-file /tmp/picpac-phase3-layout-final-build-e6c0c65c9c5a-20260925T105458Z/iphoneos/Build/Products/Debug-iphoneos/PicPacCore.o --dependency-file /tmp/picpac-phase3-layout-final-build-e6c0c65c9c5a-20260925T105458Z/iphoneos/Build/Intermediates.noindex/PicPacKit.build/Debug-iphoneos/PicPacCore.build/Objects-normal/arm64/PicPacCore_dependency_info.dat --stringsdata-file /tmp/picpac-phase3-layout-final-build-e6c0c65c9c5a-20260925T105458Z/iphoneos/Build/Intermediates.noindex/PicPacKit.build/Debug-iphoneos/PicPacCore.build/Objects-normal/arm64/ExtractedAppShortcutsMetadata.stringsdata --source-file-list /tmp/picpac-phase3-layout-final-build-e6c0c65c9c5a-20260925T105458Z/iphoneos/Build/Intermediates.noindex/PicPacKit.build/Debug-iphoneos/PicPacCore.build/Objects-normal/arm64/PicPacCore.SwiftFileList --metadata-file-list /tmp/picpac-phase3-layout-final-build-e6c0c65c9c5a-20260925T105458Z/iphoneos/Build/Intermediates.noindex/PicPacKit.build/Debug-iphoneos/PicPacCore.build/PicPacCore.DependencyMetadataFileList --static-metadata-file-list /tmp/picpac-phase3-layout-final-build-e6c0c65c9c5a-20260925T105458Z/iphoneos/Build/Intermediates.noindex/PicPacKit.build/Debug-iphoneos/PicPacCore.build/PicPacCore.DependencyStaticMetadataFileList --swift-const-vals-list /tmp/picpac-phase3-layout-final-build-e6c0c65c9c5a-20260925T105458Z/iphoneos/Build/Intermediates.noindex/PicPacKit.build/Debug-iphoneos/PicPacCore.build/Objects-normal/arm64/PicPacCore.SwiftConstValuesFileList --force --compile-time-extraction --deployment-aware-processing --validate-assistant-intents --no-app-shortcuts-localization
2026-09-25 06:55:37.859 appintentsmetadataprocessor[17166:116146518] Starting appintentsmetadataprocessor export
2026-09-25 06:55:37.869 appintentsmetadataprocessor[17166:116146518] Extracted no relevant App Intents symbols, skipping writing output

RegisterExecutionPolicyException /tmp/picpac-phase3-layout-final-build-e6c0c65c9c5a-20260925T105458Z/iphoneos/Build/Products/Debug-iphoneos/PicPacCore.o (in target 'PicPacCore' from project 'PicPacKit')
    cd /Users/bavabangaru/Developer/pic-pac-poe-ios-native-parity/ios/Packages/PicPacKit
    builtin-RegisterExecutionPolicyException /tmp/picpac-phase3-layout-final-build-e6c0c65c9c5a-20260925T105458Z/iphoneos/Build/Products/Debug-iphoneos/PicPacCore.o

Ld /tmp/picpac-phase3-layout-final-build-e6c0c65c9c5a-20260925T105458Z/iphoneos/Build/Products/Debug-iphoneos/PicPacAI.o normal (in target 'PicPacAI' from project 'PicPacKit')
    cd /Users/bavabangaru/Developer/pic-pac-poe-ios-native-parity/ios/Packages/PicPacKit
    /Applications/Xcode.app/Contents/Developer/Toolchains/XcodeDefault.xctoolchain/usr/bin/clang -Xlinker -reproducible -target arm64-apple-ios17.0 -r -isysroot /Applications/Xcode.app/Contents/Developer/Platforms/iPhoneOS.platform/Developer/SDKs/iPhoneOS26.5.sdk -O0 -w -F/tmp/picpac-phase3-layout-final-build-e6c0c65c9c5a-20260925T105458Z/iphoneos/Build/Intermediates.noindex/EagerLinkingTBDs/Debug-iphoneos -F/tmp/picpac-phase3-layout-final-build-e6c0c65c9c5a-20260925T105458Z/iphoneos/Build/Products/Debug-iphoneos/PackageFrameworks -F/tmp/picpac-phase3-layout-final-build-e6c0c65c9c5a-20260925T105458Z/iphoneos/Build/Products/Debug-iphoneos -iframework /Applications/Xcode.app/Contents/Developer/Platforms/iPhoneOS.platform/Developer/Library/Frameworks -iframework /Applications/Xcode.app/Contents/Developer/Platforms/iPhoneOS.platform/Developer/SDKs/iPhoneOS26.5.sdk/Developer/Library/Frameworks -filelist /tmp/picpac-phase3-layout-final-build-e6c0c65c9c5a-20260925T105458Z/iphoneos/Build/Intermediates.noindex/PicPacKit.build/Debug-iphoneos/PicPacAI.build/Objects-normal/arm64/PicPacAI.LinkFileList -nostdlib -Xlinker -object_path_lto -Xlinker /tmp/picpac-phase3-layout-final-build-e6c0c65c9c5a-20260925T105458Z/iphoneos/Build/Intermediates.noindex/PicPacKit.build/Debug-iphoneos/PicPacAI.build/Objects-normal/arm64/PicPacAI_lto.o -Xlinker -no_deduplicate -Xlinker -dependency_info -Xlinker /tmp/picpac-phase3-layout-final-build-e6c0c65c9c5a-20260925T105458Z/iphoneos/Build/Intermediates.noindex/PicPacKit.build/Debug-iphoneos/PicPacAI.build/Objects-normal/arm64/PicPacAI_dependency_info.dat -fobjc-link-runtime -L/Applications/Xcode.app/Contents/Developer/Toolchains/XcodeDefault.xctoolchain/usr/lib/swift/iphoneos -L/usr/lib/swift -Xlinker -add_ast_path -Xlinker /tmp/picpac-phase3-layout-final-build-e6c0c65c9c5a-20260925T105458Z/iphoneos/Build/Intermediates.noindex/PicPacKit.build/Debug-iphoneos/PicPacAI.build/Objects-normal/arm64/PicPacAI.swiftmodule @/tmp/picpac-phase3-layout-final-build-e6c0c65c9c5a-20260925T105458Z/iphoneos/Build/Intermediates.noindex/PicPacKit.build/Debug-iphoneos/PicPacAI.build/Objects-normal/arm64/PicPacAI-linker-args.resp -o /tmp/picpac-phase3-layout-final-build-e6c0c65c9c5a-20260925T105458Z/iphoneos/Build/Products/Debug-iphoneos/PicPacAI.o

ExtractAppIntentsMetadata (in target 'PicPacAI' from project 'PicPacKit')
    cd /Users/bavabangaru/Developer/pic-pac-poe-ios-native-parity/ios/Packages/PicPacKit
    /Applications/Xcode.app/Contents/Developer/Toolchains/XcodeDefault.xctoolchain/usr/bin/appintentsmetadataprocessor --toolchain-dir /Applications/Xcode.app/Contents/Developer/Toolchains/XcodeDefault.xctoolchain --module-name PicPacAI --sdk-root /Applications/Xcode.app/Contents/Developer/Platforms/iPhoneOS.platform/Developer/SDKs/iPhoneOS26.5.sdk --xcode-version 17F113 --platform-family iOS --deployment-target 17.0 --bundle-identifier picpackit.PicPacAI --output /tmp/picpac-phase3-layout-final-build-e6c0c65c9c5a-20260925T105458Z/iphoneos/Build/Products/Debug-iphoneos/PicPacAI.appintents --target-triple arm64-apple-ios17.0 --binary-file /tmp/picpac-phase3-layout-final-build-e6c0c65c9c5a-20260925T105458Z/iphoneos/Build/Products/Debug-iphoneos/PicPacAI.o --dependency-file /tmp/picpac-phase3-layout-final-build-e6c0c65c9c5a-20260925T105458Z/iphoneos/Build/Intermediates.noindex/PicPacKit.build/Debug-iphoneos/PicPacAI.build/Objects-normal/arm64/PicPacAI_dependency_info.dat --stringsdata-file /tmp/picpac-phase3-layout-final-build-e6c0c65c9c5a-20260925T105458Z/iphoneos/Build/Intermediates.noindex/PicPacKit.build/Debug-iphoneos/PicPacAI.build/Objects-normal/arm64/ExtractedAppShortcutsMetadata.stringsdata --source-file-list /tmp/picpac-phase3-layout-final-build-e6c0c65c9c5a-20260925T105458Z/iphoneos/Build/Intermediates.noindex/PicPacKit.build/Debug-iphoneos/PicPacAI.build/Objects-normal/arm64/PicPacAI.SwiftFileList --metadata-file-list /tmp/picpac-phase3-layout-final-build-e6c0c65c9c5a-20260925T105458Z/iphoneos/Build/Intermediates.noindex/PicPacKit.build/Debug-iphoneos/PicPacAI.build/PicPacAI.DependencyMetadataFileList --static-metadata-file-list /tmp/picpac-phase3-layout-final-build-e6c0c65c9c5a-20260925T105458Z/iphoneos/Build/Intermediates.noindex/PicPacKit.build/Debug-iphoneos/PicPacAI.build/PicPacAI.DependencyStaticMetadataFileList --swift-const-vals-list /tmp/picpac-phase3-layout-final-build-e6c0c65c9c5a-20260925T105458Z/iphoneos/Build/Intermediates.noindex/PicPacKit.build/Debug-iphoneos/PicPacAI.build/Objects-normal/arm64/PicPacAI.SwiftConstValuesFileList --force --compile-time-extraction --deployment-aware-processing --validate-assistant-intents --no-app-shortcuts-localization
2026-09-25 06:55:37.929 appintentsmetadataprocessor[17169:116146536] Starting appintentsmetadataprocessor export
2026-09-25 06:55:37.938 appintentsmetadataprocessor[17169:116146536] Extracted no relevant App Intents symbols, skipping writing output

RegisterExecutionPolicyException /tmp/picpac-phase3-layout-final-build-e6c0c65c9c5a-20260925T105458Z/iphoneos/Build/Products/Debug-iphoneos/PicPacAI.o (in target 'PicPacAI' from project 'PicPacKit')
    cd /Users/bavabangaru/Developer/pic-pac-poe-ios-native-parity/ios/Packages/PicPacKit
    builtin-RegisterExecutionPolicyException /tmp/picpac-phase3-layout-final-build-e6c0c65c9c5a-20260925T105458Z/iphoneos/Build/Products/Debug-iphoneos/PicPacAI.o

SwiftDriverJobDiscovery normal arm64 Compiling GameCoordinator.swift (in target 'PicPacPresentation' from project 'PicPacKit')

SwiftExplicitDependencyGeneratePcm arm64 /tmp/picpac-phase3-layout-final-build-e6c0c65c9c5a-20260925T105458Z/iphoneos/ModuleCache.noindex/_Builtin_stdarg-2TJ40L4KIC0OVJVDZNJF3X3SM.pcm

SwiftExplicitDependencyGeneratePcm arm64 /tmp/picpac-phase3-layout-final-build-e6c0c65c9c5a-20260925T105458Z/iphoneos/ModuleCache.noindex/_AvailabilityInternal-D0KHLVL2OH0ZYWQZTHDE98Z0P.pcm

SwiftExplicitDependencyGeneratePcm arm64 /tmp/picpac-phase3-layout-final-build-e6c0c65c9c5a-20260925T105458Z/iphoneos/ModuleCache.noindex/_Builtin_float-2AUNLD7ADT1RUY1V6WGB3ZS15.pcm

SwiftExplicitDependencyGeneratePcm arm64 /tmp/picpac-phase3-layout-final-build-e6c0c65c9c5a-20260925T105458Z/iphoneos/ModuleCache.noindex/ptrauth-EGCYSGXSQV60S6PGYOPK4DUQA.pcm

SwiftExplicitDependencyGeneratePcm arm64 /tmp/picpac-phase3-layout-final-build-e6c0c65c9c5a-20260925T105458Z/iphoneos/ModuleCache.noindex/_SwiftConcurrencyShims-7HWIOV0JEEH9QONTPFOSE72SH.pcm

SwiftExplicitDependencyGeneratePcm arm64 /tmp/picpac-phase3-layout-final-build-e6c0c65c9c5a-20260925T105458Z/iphoneos/ModuleCache.noindex/DeveloperToolsSupport-ERQENBMZDSN6A4HZ1SP42H86P.pcm

SwiftExplicitDependencyGeneratePcm arm64 /tmp/picpac-phase3-layout-final-build-e6c0c65c9c5a-20260925T105458Z/iphoneos/ModuleCache.noindex/_Builtin_stddef-7NDYOG2GCHX7KRZHS2EVWNF8D.pcm

SwiftExplicitDependencyGeneratePcm arm64 /tmp/picpac-phase3-layout-final-build-e6c0c65c9c5a-20260925T105458Z/iphoneos/ModuleCache.noindex/_Builtin_stdbool-CUHQZLJ7L5C761KEUFV08HNIM.pcm

SwiftExplicitDependencyGeneratePcm arm64 /tmp/picpac-phase3-layout-final-build-e6c0c65c9c5a-20260925T105458Z/iphoneos/ModuleCache.noindex/ptrcheck-9GY3V2F1NSQXVO7MXXVA8OUEF.pcm

SwiftExplicitDependencyGeneratePcm arm64 /tmp/picpac-phase3-layout-final-build-e6c0c65c9c5a-20260925T105458Z/iphoneos/ModuleCache.noindex/SwiftShims-AN639I5D1FR4XZL0JBZ9HQK43.pcm

SwiftDriver\ Compilation PicPacPresentation normal arm64 com.apple.xcode.tools.swift.compiler (in target 'PicPacPresentation' from project 'PicPacKit')
    cd /Users/bavabangaru/Developer/pic-pac-poe-ios-native-parity/ios/PicPacPoe.xcodeproj
    builtin-Swift-Compilation -- /Applications/Xcode.app/Contents/Developer/Toolchains/XcodeDefault.xctoolchain/usr/bin/swiftc -module-name PicPacPresentation -Onone @/tmp/picpac-phase3-layout-final-build-e6c0c65c9c5a-20260925T105458Z/iphoneos/Build/Intermediates.noindex/PicPacKit.build/Debug-iphoneos/PicPacPresentation.build/Objects-normal/arm64/PicPacPresentation.SwiftFileList -DSWIFT_PACKAGE -DDEBUG -DSWIFT_MODULE_RESOURCE_BUNDLE_UNAVAILABLE -DXcode -plugin-path /Applications/Xcode.app/Contents/Developer/Toolchains/XcodeDefault.xctoolchain/usr/lib/swift/host/plugins/testing -enable-experimental-feature DebugDescriptionMacro -sdk /Applications/Xcode.app/Contents/Developer/Platforms/iPhoneOS.platform/Developer/SDKs/iPhoneOS26.5.sdk -target arm64-apple-ios17.0 -g -module-cache-path /tmp/picpac-phase3-layout-final-build-e6c0c65c9c5a-20260925T105458Z/iphoneos/ModuleCache.noindex -Xfrontend -serialize-debugging-options -enable-testing -suppress-warnings -index-store-path /tmp/picpac-phase3-layout-final-build-e6c0c65c9c5a-20260925T105458Z/iphoneos/Index.noindex/DataStore -Xcc -D_LIBCPP_HARDENING_MODE\=_LIBCPP_HARDENING_MODE_DEBUG -swift-version 6 -I /tmp/picpac-phase3-layout-final-build-e6c0c65c9c5a-20260925T105458Z/iphoneos/Build/Products/Debug-iphoneos -Isystem /Applications/Xcode.app/Contents/Developer/Platforms/iPhoneOS.platform/Developer/usr/lib -F /tmp/picpac-phase3-layout-final-build-e6c0c65c9c5a-20260925T105458Z/iphoneos/Build/Products/Debug-iphoneos/PackageFrameworks -F /tmp/picpac-phase3-layout-final-build-e6c0c65c9c5a-20260925T105458Z/iphoneos/Build/Products/Debug-iphoneos -F /Applications/Xcode.app/Contents/Developer/Platforms/iPhoneOS.platform/Developer/Library/Frameworks -F /Applications/Xcode.app/Contents/Developer/Platforms/iPhoneOS.platform/Developer/SDKs/iPhoneOS26.5.sdk/Developer/Library/Frameworks -c -j12 -enable-batch-mode -incremental -Xcc -ivfsstatcache -Xcc /tmp/picpac-phase3-layout-final-build-e6c0c65c9c5a-20260925T105458Z/iphoneos/SDKStatCaches.noindex/iphoneos26.5-23F81a-32daed1954a7d5dd0789fcaf2a9bb78b.sdkstatcache -output-file-map /tmp/picpac-phase3-layout-final-build-e6c0c65c9c5a-20260925T105458Z/iphoneos/Build/Intermediates.noindex/PicPacKit.build/Debug-iphoneos/PicPacPresentation.build/Objects-normal/arm64/PicPacPresentation-OutputFileMap.json -use-frontend-parseable-output -save-temps -no-color-diagnostics -explicit-module-build -module-cache-path /tmp/picpac-phase3-layout-final-build-e6c0c65c9c5a-20260925T105458Z/iphoneos/Build/Intermediates.noindex/SwiftExplicitPrecompiledModules -clang-scanner-module-cache-path /tmp/picpac-phase3-layout-final-build-e6c0c65c9c5a-20260925T105458Z/iphoneos/ModuleCache.noindex -sdk-module-cache-path /tmp/picpac-phase3-layout-final-build-e6c0c65c9c5a-20260925T105458Z/iphoneos/ModuleCache.noindex -serialize-diagnostics -emit-dependencies -emit-module -emit-module-path /tmp/picpac-phase3-layout-final-build-e6c0c65c9c5a-20260925T105458Z/iphoneos/Build/Intermediates.noindex/PicPacKit.build/Debug-iphoneos/PicPacPresentation.build/Objects-normal/arm64/PicPacPresentation.swiftmodule -validate-clang-modules-once -clang-build-session-file /tmp/picpac-phase3-layout-final-build-e6c0c65c9c5a-20260925T105458Z/iphoneos/ModuleCache.noindex/Session.modulevalidation -package-name picpackit -Xcc -I/tmp/picpac-phase3-layout-final-build-e6c0c65c9c5a-20260925T105458Z/iphoneos/Build/Intermediates.noindex/PicPacKit.build/Debug-iphoneos/PicPacPresentation.build/swift-overrides.hmap -emit-const-values -Xfrontend -const-gather-protocols-file -Xfrontend /tmp/picpac-phase3-layout-final-build-e6c0c65c9c5a-20260925T105458Z/iphoneos/Build/Intermediates.noindex/PicPacKit.build/Debug-iphoneos/PicPacPresentation.build/Objects-normal/arm64/PicPacPresentation_const_extract_protocols.json -Xcc -I/tmp/picpac-phase3-layout-final-build-e6c0c65c9c5a-20260925T105458Z/iphoneos/Build/Products/Debug-iphoneos/include -Xcc -I/tmp/picpac-phase3-layout-final-build-e6c0c65c9c5a-20260925T105458Z/iphoneos/Build/Intermediates.noindex/PicPacKit.build/Debug-iphoneos/PicPacPresentation.build/DerivedSources-normal/arm64 -Xcc -I/tmp/picpac-phase3-layout-final-build-e6c0c65c9c5a-20260925T105458Z/iphoneos/Build/Intermediates.noindex/PicPacKit.build/Debug-iphoneos/PicPacPresentation.build/DerivedSources/arm64 -Xcc -I/tmp/picpac-phase3-layout-final-build-e6c0c65c9c5a-20260925T105458Z/iphoneos/Build/Intermediates.noindex/PicPacKit.build/Debug-iphoneos/PicPacPresentation.build/DerivedSources -Xcc -DSWIFT_PACKAGE -Xcc -DDEBUG\=1 -emit-objc-header -emit-objc-header-path /tmp/picpac-phase3-layout-final-build-e6c0c65c9c5a-20260925T105458Z/iphoneos/Build/Intermediates.noindex/PicPacKit.build/Debug-iphoneos/PicPacPresentation.build/Objects-normal/arm64/PicPacPresentation-Swift.h -working-directory /Users/bavabangaru/Developer/pic-pac-poe-ios-native-parity/ios/PicPacPoe.xcodeproj -experimental-emit-module-separately -disable-cmo

Ld /tmp/picpac-phase3-layout-final-build-e6c0c65c9c5a-20260925T105458Z/iphoneos/Build/Products/Debug-iphoneos/PicPacPresentation.o normal (in target 'PicPacPresentation' from project 'PicPacKit')
    cd /Users/bavabangaru/Developer/pic-pac-poe-ios-native-parity/ios/Packages/PicPacKit
    /Applications/Xcode.app/Contents/Developer/Toolchains/XcodeDefault.xctoolchain/usr/bin/clang -Xlinker -reproducible -target arm64-apple-ios17.0 -r -isysroot /Applications/Xcode.app/Contents/Developer/Platforms/iPhoneOS.platform/Developer/SDKs/iPhoneOS26.5.sdk -O0 -w -F/tmp/picpac-phase3-layout-final-build-e6c0c65c9c5a-20260925T105458Z/iphoneos/Build/Intermediates.noindex/EagerLinkingTBDs/Debug-iphoneos -F/tmp/picpac-phase3-layout-final-build-e6c0c65c9c5a-20260925T105458Z/iphoneos/Build/Products/Debug-iphoneos/PackageFrameworks -F/tmp/picpac-phase3-layout-final-build-e6c0c65c9c5a-20260925T105458Z/iphoneos/Build/Products/Debug-iphoneos -iframework /Applications/Xcode.app/Contents/Developer/Platforms/iPhoneOS.platform/Developer/Library/Frameworks -iframework /Applications/Xcode.app/Contents/Developer/Platforms/iPhoneOS.platform/Developer/SDKs/iPhoneOS26.5.sdk/Developer/Library/Frameworks -filelist /tmp/picpac-phase3-layout-final-build-e6c0c65c9c5a-20260925T105458Z/iphoneos/Build/Intermediates.noindex/PicPacKit.build/Debug-iphoneos/PicPacPresentation.build/Objects-normal/arm64/PicPacPresentation.LinkFileList -nostdlib -Xlinker -object_path_lto -Xlinker /tmp/picpac-phase3-layout-final-build-e6c0c65c9c5a-20260925T105458Z/iphoneos/Build/Intermediates.noindex/PicPacKit.build/Debug-iphoneos/PicPacPresentation.build/Objects-normal/arm64/PicPacPresentation_lto.o -Xlinker -no_deduplicate -Xlinker -dependency_info -Xlinker /tmp/picpac-phase3-layout-final-build-e6c0c65c9c5a-20260925T105458Z/iphoneos/Build/Intermediates.noindex/PicPacKit.build/Debug-iphoneos/PicPacPresentation.build/Objects-normal/arm64/PicPacPresentation_dependency_info.dat -fobjc-link-runtime -L/Applications/Xcode.app/Contents/Developer/Toolchains/XcodeDefault.xctoolchain/usr/lib/swift/iphoneos -L/usr/lib/swift -Xlinker -add_ast_path -Xlinker /tmp/picpac-phase3-layout-final-build-e6c0c65c9c5a-20260925T105458Z/iphoneos/Build/Intermediates.noindex/PicPacKit.build/Debug-iphoneos/PicPacPresentation.build/Objects-normal/arm64/PicPacPresentation.swiftmodule @/tmp/picpac-phase3-layout-final-build-e6c0c65c9c5a-20260925T105458Z/iphoneos/Build/Intermediates.noindex/PicPacKit.build/Debug-iphoneos/PicPacPresentation.build/Objects-normal/arm64/PicPacPresentation-linker-args.resp -o /tmp/picpac-phase3-layout-final-build-e6c0c65c9c5a-20260925T105458Z/iphoneos/Build/Products/Debug-iphoneos/PicPacPresentation.o

ExtractAppIntentsMetadata (in target 'PicPacPresentation' from project 'PicPacKit')
    cd /Users/bavabangaru/Developer/pic-pac-poe-ios-native-parity/ios/Packages/PicPacKit
    /Applications/Xcode.app/Contents/Developer/Toolchains/XcodeDefault.xctoolchain/usr/bin/appintentsmetadataprocessor --toolchain-dir /Applications/Xcode.app/Contents/Developer/Toolchains/XcodeDefault.xctoolchain --module-name PicPacPresentation --sdk-root /Applications/Xcode.app/Contents/Developer/Platforms/iPhoneOS.platform/Developer/SDKs/iPhoneOS26.5.sdk --xcode-version 17F113 --platform-family iOS --deployment-target 17.0 --bundle-identifier picpackit.PicPacPresentation --output /tmp/picpac-phase3-layout-final-build-e6c0c65c9c5a-20260925T105458Z/iphoneos/Build/Products/Debug-iphoneos/PicPacPresentation.appintents --target-triple arm64-apple-ios17.0 --binary-file /tmp/picpac-phase3-layout-final-build-e6c0c65c9c5a-20260925T105458Z/iphoneos/Build/Products/Debug-iphoneos/PicPacPresentation.o --dependency-file /tmp/picpac-phase3-layout-final-build-e6c0c65c9c5a-20260925T105458Z/iphoneos/Build/Intermediates.noindex/PicPacKit.build/Debug-iphoneos/PicPacPresentation.build/Objects-normal/arm64/PicPacPresentation_dependency_info.dat --stringsdata-file /tmp/picpac-phase3-layout-final-build-e6c0c65c9c5a-20260925T105458Z/iphoneos/Build/Intermediates.noindex/PicPacKit.build/Debug-iphoneos/PicPacPresentation.build/Objects-normal/arm64/ExtractedAppShortcutsMetadata.stringsdata --source-file-list /tmp/picpac-phase3-layout-final-build-e6c0c65c9c5a-20260925T105458Z/iphoneos/Build/Intermediates.noindex/PicPacKit.build/Debug-iphoneos/PicPacPresentation.build/Objects-normal/arm64/PicPacPresentation.SwiftFileList --metadata-file-list /tmp/picpac-phase3-layout-final-build-e6c0c65c9c5a-20260925T105458Z/iphoneos/Build/Intermediates.noindex/PicPacKit.build/Debug-iphoneos/PicPacPresentation.build/PicPacPresentation.DependencyMetadataFileList --static-metadata-file-list /tmp/picpac-phase3-layout-final-build-e6c0c65c9c5a-20260925T105458Z/iphoneos/Build/Intermediates.noindex/PicPacKit.build/Debug-iphoneos/PicPacPresentation.build/PicPacPresentation.DependencyStaticMetadataFileList --swift-const-vals-list /tmp/picpac-phase3-layout-final-build-e6c0c65c9c5a-20260925T105458Z/iphoneos/Build/Intermediates.noindex/PicPacKit.build/Debug-iphoneos/PicPacPresentation.build/Objects-normal/arm64/PicPacPresentation.SwiftConstValuesFileList --force --compile-time-extraction --deployment-aware-processing --validate-assistant-intents --no-app-shortcuts-localization
2026-09-25 06:55:38.098 appintentsmetadataprocessor[17182:116146577] Starting appintentsmetadataprocessor export
2026-09-25 06:55:38.104 appintentsmetadataprocessor[17182:116146577] Extracted no relevant App Intents symbols, skipping writing output

SwiftExplicitDependencyGeneratePcm arm64 /tmp/picpac-phase3-layout-final-build-e6c0c65c9c5a-20260925T105458Z/iphoneos/ModuleCache.noindex/_DarwinFoundation1-C9AKEYG71QDJKBWBUG6R9SNF0.pcm

RegisterExecutionPolicyException /tmp/picpac-phase3-layout-final-build-e6c0c65c9c5a-20260925T105458Z/iphoneos/Build/Products/Debug-iphoneos/PicPacPresentation.o (in target 'PicPacPresentation' from project 'PicPacKit')
    cd /Users/bavabangaru/Developer/pic-pac-poe-ios-native-parity/ios/Packages/PicPacKit
    builtin-RegisterExecutionPolicyException /tmp/picpac-phase3-layout-final-build-e6c0c65c9c5a-20260925T105458Z/iphoneos/Build/Products/Debug-iphoneos/PicPacPresentation.o

CpResource /tmp/picpac-phase3-layout-final-build-e6c0c65c9c5a-20260925T105458Z/iphoneos/Build/Products/Debug-iphoneos/PicPacPoe.app/fredoka_semibold.ttf /Users/bavabangaru/Developer/pic-pac-poe-ios-native-parity/app/src/main/res/font/fredoka_semibold.ttf (in target 'PicPacPoe' from project 'PicPacPoe')
    cd /Users/bavabangaru/Developer/pic-pac-poe-ios-native-parity/ios
    builtin-copy -exclude .DS_Store -exclude CVS -exclude .svn -exclude .git -exclude .hg -resolve-src-symlinks /Users/bavabangaru/Developer/pic-pac-poe-ios-native-parity/app/src/main/res/font/fredoka_semibold.ttf /tmp/picpac-phase3-layout-final-build-e6c0c65c9c5a-20260925T105458Z/iphoneos/Build/Products/Debug-iphoneos/PicPacPoe.app

CpResource /tmp/picpac-phase3-layout-final-build-e6c0c65c9c5a-20260925T105458Z/iphoneos/Build/Products/Debug-iphoneos/PicPacPoe.app/fredoka_medium.ttf /Users/bavabangaru/Developer/pic-pac-poe-ios-native-parity/app/src/main/res/font/fredoka_medium.ttf (in target 'PicPacPoe' from project 'PicPacPoe')
    cd /Users/bavabangaru/Developer/pic-pac-poe-ios-native-parity/ios
    builtin-copy -exclude .DS_Store -exclude CVS -exclude .svn -exclude .git -exclude .hg -resolve-src-symlinks /Users/bavabangaru/Developer/pic-pac-poe-ios-native-parity/app/src/main/res/font/fredoka_medium.ttf /tmp/picpac-phase3-layout-final-build-e6c0c65c9c5a-20260925T105458Z/iphoneos/Build/Products/Debug-iphoneos/PicPacPoe.app

Ld /tmp/picpac-phase3-layout-final-build-e6c0c65c9c5a-20260925T105458Z/iphoneos/Build/Products/Debug-iphoneos/PicPacPoe.app/__preview.dylib normal (in target 'PicPacPoe' from project 'PicPacPoe')
    cd /Users/bavabangaru/Developer/pic-pac-poe-ios-native-parity/ios
    /Applications/Xcode.app/Contents/Developer/Toolchains/XcodeDefault.xctoolchain/usr/bin/clang -Xlinker -reproducible -target arm64-apple-ios17.0 -dynamiclib -isysroot /Applications/Xcode.app/Contents/Developer/Platforms/iPhoneOS.platform/Developer/SDKs/iPhoneOS26.5.sdk -O0 -L/tmp/picpac-phase3-layout-final-build-e6c0c65c9c5a-20260925T105458Z/iphoneos/Build/Products/Debug-iphoneos -F/tmp/picpac-phase3-layout-final-build-e6c0c65c9c5a-20260925T105458Z/iphoneos/Build/Products/Debug-iphoneos/PackageFrameworks -F/tmp/picpac-phase3-layout-final-build-e6c0c65c9c5a-20260925T105458Z/iphoneos/Build/Products/Debug-iphoneos/PackageFrameworks -F/tmp/picpac-phase3-layout-final-build-e6c0c65c9c5a-20260925T105458Z/iphoneos/Build/Products/Debug-iphoneos/PackageFrameworks -F/tmp/picpac-phase3-layout-final-build-e6c0c65c9c5a-20260925T105458Z/iphoneos/Build/Products/Debug-iphoneos -install_name @rpath/PicPacPoe.debug.dylib -Xlinker -dead_strip -rdynamic -Xlinker -no_deduplicate -Xlinker -dependency_info -Xlinker /tmp/picpac-phase3-layout-final-build-e6c0c65c9c5a-20260925T105458Z/iphoneos/Build/Intermediates.noindex/PicPacPoe.build/Debug-iphoneos/PicPacPoe.build/Objects-normal/arm64/PicPacPoe_dependency_info.dat -o /tmp/picpac-phase3-layout-final-build-e6c0c65c9c5a-20260925T105458Z/iphoneos/Build/Products/Debug-iphoneos/PicPacPoe.app/__preview.dylib

Copy /tmp/picpac-phase3-layout-final-build-e6c0c65c9c5a-20260925T105458Z/iphoneos/Build/Products/Debug-iphoneos/PicPacPoe.app/PicPacKit_PicPacAI.bundle /tmp/picpac-phase3-layout-final-build-e6c0c65c9c5a-20260925T105458Z/iphoneos/Build/Products/Debug-iphoneos/PicPacKit_PicPacAI.bundle (in target 'PicPacPoe' from project 'PicPacPoe')
    cd /Users/bavabangaru/Developer/pic-pac-poe-ios-native-parity/ios
    builtin-copy -exclude .DS_Store -exclude CVS -exclude .svn -exclude .git -exclude .hg -resolve-src-symlinks /tmp/picpac-phase3-layout-final-build-e6c0c65c9c5a-20260925T105458Z/iphoneos/Build/Products/Debug-iphoneos/PicPacKit_PicPacAI.bundle /tmp/picpac-phase3-layout-final-build-e6c0c65c9c5a-20260925T105458Z/iphoneos/Build/Products/Debug-iphoneos/PicPacPoe.app

CpResource /tmp/picpac-phase3-layout-final-build-e6c0c65c9c5a-20260925T105458Z/iphoneos/Build/Products/Debug-iphoneos/PicPacPoe.app/fredoka-OFL.txt /Users/bavabangaru/Developer/pic-pac-poe-ios-native-parity/app/src/main/assets/licenses/fredoka-OFL.txt (in target 'PicPacPoe' from project 'PicPacPoe')
    cd /Users/bavabangaru/Developer/pic-pac-poe-ios-native-parity/ios
    builtin-copy -exclude .DS_Store -exclude CVS -exclude .svn -exclude .git -exclude .hg -resolve-src-symlinks /Users/bavabangaru/Developer/pic-pac-poe-ios-native-parity/app/src/main/assets/licenses/fredoka-OFL.txt /tmp/picpac-phase3-layout-final-build-e6c0c65c9c5a-20260925T105458Z/iphoneos/Build/Products/Debug-iphoneos/PicPacPoe.app

SwiftExplicitDependencyGeneratePcm arm64 /tmp/picpac-phase3-layout-final-build-e6c0c65c9c5a-20260925T105458Z/iphoneos/ModuleCache.noindex/_Builtin_limits-8UPPGNDSKC2RFCFF5TNAYHC9I.pcm

SwiftExplicitDependencyGeneratePcm arm64 /tmp/picpac-phase3-layout-final-build-e6c0c65c9c5a-20260925T105458Z/iphoneos/ModuleCache.noindex/_DarwinFoundation2-4NH3TDKFX9UGBR0H8JIBRWNO3.pcm

SwiftExplicitDependencyGeneratePcm arm64 /tmp/picpac-phase3-layout-final-build-e6c0c65c9c5a-20260925T105458Z/iphoneos/ModuleCache.noindex/_Builtin_stdint-6LQEOSPCN9HRJFP7KJ3ZKIMKO.pcm

SwiftExplicitDependencyGeneratePcm arm64 /tmp/picpac-phase3-layout-final-build-e6c0c65c9c5a-20260925T105458Z/iphoneos/ModuleCache.noindex/sys_types-4I8KXC0PJFABF5EZKQQY8VIJ6.pcm

SwiftExplicitDependencyGeneratePcm arm64 /tmp/picpac-phase3-layout-final-build-e6c0c65c9c5a-20260925T105458Z/iphoneos/ModuleCache.noindex/_Builtin_tgmath-65ZSQ54JO6481BNTADBFBYOG1.pcm

SwiftExplicitDependencyGeneratePcm arm64 /tmp/picpac-phase3-layout-final-build-e6c0c65c9c5a-20260925T105458Z/iphoneos/ModuleCache.noindex/_DarwinFoundation3-4A1B2L8THII0WR2H2ZKMUSAN3.pcm

SwiftExplicitDependencyGeneratePcm arm64 /tmp/picpac-phase3-layout-final-build-e6c0c65c9c5a-20260925T105458Z/iphoneos/ModuleCache.noindex/_Builtin_intrinsics-3K3D0MW7I5TI4N5VIOT6CNB8X.pcm

SwiftExplicitDependencyGeneratePcm arm64 /tmp/picpac-phase3-layout-final-build-e6c0c65c9c5a-20260925T105458Z/iphoneos/ModuleCache.noindex/_Builtin_stdatomic-E39A76M9FLHD3I5FKK4RO5B2J.pcm

LinkAssetCatalog /Users/bavabangaru/Developer/pic-pac-poe-ios-native-parity/ios/PicPacPoe/Assets.xcassets (in target 'PicPacPoe' from project 'PicPacPoe')
    cd /Users/bavabangaru/Developer/pic-pac-poe-ios-native-parity/ios
    builtin-linkAssetCatalog --thinned /tmp/picpac-phase3-layout-final-build-e6c0c65c9c5a-20260925T105458Z/iphoneos/Build/Intermediates.noindex/PicPacPoe.build/Debug-iphoneos/PicPacPoe.build/assetcatalog_output/thinned --thinned-dependencies /tmp/picpac-phase3-layout-final-build-e6c0c65c9c5a-20260925T105458Z/iphoneos/Build/Intermediates.noindex/PicPacPoe.build/Debug-iphoneos/PicPacPoe.build/assetcatalog_dependencies_thinned --thinned-info-plist-content /tmp/picpac-phase3-layout-final-build-e6c0c65c9c5a-20260925T105458Z/iphoneos/Build/Intermediates.noindex/PicPacPoe.build/Debug-iphoneos/PicPacPoe.build/assetcatalog_generated_info.plist_thinned --unthinned /tmp/picpac-phase3-layout-final-build-e6c0c65c9c5a-20260925T105458Z/iphoneos/Build/Intermediates.noindex/PicPacPoe.build/Debug-iphoneos/PicPacPoe.build/assetcatalog_output/unthinned --unthinned-dependencies /tmp/picpac-phase3-layout-final-build-e6c0c65c9c5a-20260925T105458Z/iphoneos/Build/Intermediates.noindex/PicPacPoe.build/Debug-iphoneos/PicPacPoe.build/assetcatalog_dependencies_unthinned --unthinned-info-plist-content /tmp/picpac-phase3-layout-final-build-e6c0c65c9c5a-20260925T105458Z/iphoneos/Build/Intermediates.noindex/PicPacPoe.build/Debug-iphoneos/PicPacPoe.build/assetcatalog_generated_info.plist_unthinned --output /tmp/picpac-phase3-layout-final-build-e6c0c65c9c5a-20260925T105458Z/iphoneos/Build/Products/Debug-iphoneos/PicPacPoe.app --plist-output /tmp/picpac-phase3-layout-final-build-e6c0c65c9c5a-20260925T105458Z/iphoneos/Build/Intermediates.noindex/PicPacPoe.build/Debug-iphoneos/PicPacPoe.build/assetcatalog_generated_info.plist
note: Emplaced /tmp/picpac-phase3-layout-final-build-e6c0c65c9c5a-20260925T105458Z/iphoneos/Build/Products/Debug-iphoneos/PicPacPoe.app/Assets.car (in target 'PicPacPoe' from project 'PicPacPoe')
note: Emplaced /tmp/picpac-phase3-layout-final-build-e6c0c65c9c5a-20260925T105458Z/iphoneos/Build/Products/Debug-iphoneos/PicPacPoe.app/AppIcon76x76@2x~ipad.png (in target 'PicPacPoe' from project 'PicPacPoe')
note: Emplaced /tmp/picpac-phase3-layout-final-build-e6c0c65c9c5a-20260925T105458Z/iphoneos/Build/Products/Debug-iphoneos/PicPacPoe.app/AppIcon60x60@2x.png (in target 'PicPacPoe' from project 'PicPacPoe')

ProcessInfoPlistFile /tmp/picpac-phase3-layout-final-build-e6c0c65c9c5a-20260925T105458Z/iphoneos/Build/Products/Debug-iphoneos/PicPacPoe.app/Info.plist /Users/bavabangaru/Developer/pic-pac-poe-ios-native-parity/ios/PicPacPoe/Info.plist (in target 'PicPacPoe' from project 'PicPacPoe')
    cd /Users/bavabangaru/Developer/pic-pac-poe-ios-native-parity/ios
    builtin-infoPlistUtility /Users/bavabangaru/Developer/pic-pac-poe-ios-native-parity/ios/PicPacPoe/Info.plist -producttype com.apple.product-type.application -genpkginfo /tmp/picpac-phase3-layout-final-build-e6c0c65c9c5a-20260925T105458Z/iphoneos/Build/Products/Debug-iphoneos/PicPacPoe.app/PkgInfo -expandbuildsettings -format binary -platform iphoneos -additionalcontentfile /tmp/picpac-phase3-layout-final-build-e6c0c65c9c5a-20260925T105458Z/iphoneos/Build/Intermediates.noindex/PicPacPoe.build/Debug-iphoneos/PicPacPoe.build/assetcatalog_generated_info.plist -scanforprivacyfile /tmp/picpac-phase3-layout-final-build-e6c0c65c9c5a-20260925T105458Z/iphoneos/Build/Products/Debug-iphoneos/PicPacPoe.app/PicPacKit_PicPacAI.bundle -requiredArchitecture arm64 -o /tmp/picpac-phase3-layout-final-build-e6c0c65c9c5a-20260925T105458Z/iphoneos/Build/Products/Debug-iphoneos/PicPacPoe.app/Info.plist

SwiftExplicitDependencyGeneratePcm arm64 /tmp/picpac-phase3-layout-final-build-e6c0c65c9c5a-20260925T105458Z/iphoneos/ModuleCache.noindex/_Builtin_inttypes-411SRRC0QASALM7AXT3MWDVY0.pcm

SwiftExplicitDependencyGeneratePcm arm64 /tmp/picpac-phase3-layout-final-build-e6c0c65c9c5a-20260925T105458Z/iphoneos/ModuleCache.noindex/Darwin-8IOHH4N3NN6EEVKE3WBO1ROQP.pcm

SwiftExplicitDependencyGeneratePcm arm64 /tmp/picpac-phase3-layout-final-build-e6c0c65c9c5a-20260925T105458Z/iphoneos/ModuleCache.noindex/simd-AZG2Y4NY5CQWKOKQN3RZXHI5Q.pcm

SwiftExplicitDependencyGeneratePcm arm64 /tmp/picpac-phase3-layout-final-build-e6c0c65c9c5a-20260925T105458Z/iphoneos/ModuleCache.noindex/ObjectiveC-2QOQW5GZ4R60NCCX1KJFG0MRI.pcm

SwiftExplicitDependencyGeneratePcm arm64 /tmp/picpac-phase3-layout-final-build-e6c0c65c9c5a-20260925T105458Z/iphoneos/ModuleCache.noindex/MachO-EPB33NRWISAXXLECVL6NVBD7I.pcm

SwiftExplicitDependencyGeneratePcm arm64 /tmp/picpac-phase3-layout-final-build-e6c0c65c9c5a-20260925T105458Z/iphoneos/ModuleCache.noindex/os_object-9XBEUHY4DGROGNQ79M03XCW3S.pcm

SwiftExplicitDependencyGeneratePcm arm64 /tmp/picpac-phase3-layout-final-build-e6c0c65c9c5a-20260925T105458Z/iphoneos/ModuleCache.noindex/os_workgroup-9VJ5JDDNWA1WW2AQ73D3PVMR9.pcm

SwiftExplicitDependencyGeneratePcm arm64 /tmp/picpac-phase3-layout-final-build-e6c0c65c9c5a-20260925T105458Z/iphoneos/ModuleCache.noindex/Spatial-1F89C0ZKPKJPZY71IXAE6YJOJ.pcm

SwiftExplicitDependencyGeneratePcm arm64 /tmp/picpac-phase3-layout-final-build-e6c0c65c9c5a-20260925T105458Z/iphoneos/ModuleCache.noindex/Dispatch-8OCMJ7IF28MEQ4D3SRASN1LR1.pcm

SwiftExplicitDependencyGeneratePcm arm64 /tmp/picpac-phase3-layout-final-build-e6c0c65c9c5a-20260925T105458Z/iphoneos/ModuleCache.noindex/CoreFoundation-3Q71FY5ZRJCX3M4LCT2LY64RP.pcm

SwiftExplicitDependencyGeneratePcm arm64 /tmp/picpac-phase3-layout-final-build-e6c0c65c9c5a-20260925T105458Z/iphoneos/ModuleCache.noindex/dnssd-A5BXFX63PMRVNFGW0YVGJK93R.pcm

SwiftExplicitDependencyGeneratePcm arm64 /tmp/picpac-phase3-layout-final-build-e6c0c65c9c5a-20260925T105458Z/iphoneos/ModuleCache.noindex/XPC-2D48LOLNMMNT4TEVH8SHNV959.pcm

SwiftExplicitDependencyGeneratePcm arm64 /tmp/picpac-phase3-layout-final-build-e6c0c65c9c5a-20260925T105458Z/iphoneos/ModuleCache.noindex/os-7K9HSXW24OPP5EQRSFZ4AXD8D.pcm

SwiftExplicitDependencyGeneratePcm arm64 /tmp/picpac-phase3-layout-final-build-e6c0c65c9c5a-20260925T105458Z/iphoneos/ModuleCache.noindex/Security-5RPM1C7YSNNYPRVQO5F6PHAS4.pcm

SwiftExplicitDependencyGeneratePcm arm64 /tmp/picpac-phase3-layout-final-build-e6c0c65c9c5a-20260925T105458Z/iphoneos/ModuleCache.noindex/CoreAudioTypes-B5I0LEUJ6JUNBY4YL4PWS1113.pcm

SwiftExplicitDependencyGeneratePcm arm64 /tmp/picpac-phase3-layout-final-build-e6c0c65c9c5a-20260925T105458Z/iphoneos/ModuleCache.noindex/CFNetwork-85SWL7Y9ILERN74SHHPTBHQCW.pcm

SwiftExplicitDependencyGeneratePcm arm64 /tmp/picpac-phase3-layout-final-build-e6c0c65c9c5a-20260925T105458Z/iphoneos/ModuleCache.noindex/CoreGraphics-8MV80EI1QX3WE4AFOSR54K7FV.pcm

SwiftExplicitDependencyGeneratePcm arm64 /tmp/picpac-phase3-layout-final-build-e6c0c65c9c5a-20260925T105458Z/iphoneos/ModuleCache.noindex/CoreAudio-3EOIWC4M1GAHFLIKM1DE46A3I.pcm

SwiftExplicitDependencyGeneratePcm arm64 /tmp/picpac-phase3-layout-final-build-e6c0c65c9c5a-20260925T105458Z/iphoneos/ModuleCache.noindex/Foundation-3WOUR0TWU79IHM50KZLVKQCW7.pcm

SwiftExplicitDependencyGeneratePcm arm64 /tmp/picpac-phase3-layout-final-build-e6c0c65c9c5a-20260925T105458Z/iphoneos/ModuleCache.noindex/ImageIO-79OS4BS1WUA04R0W9TEIKYXR.pcm

SwiftExplicitDependencyGeneratePcm arm64 /tmp/picpac-phase3-layout-final-build-e6c0c65c9c5a-20260925T105458Z/iphoneos/ModuleCache.noindex/CoreText-8P844KL6KV9U0DIIH9AL6XCOE.pcm

SwiftExplicitDependencyGeneratePcm arm64 /tmp/picpac-phase3-layout-final-build-e6c0c65c9c5a-20260925T105458Z/iphoneos/ModuleCache.noindex/OSLog-5C9DCSCNSJPQ45FO5BBJFJ1ET.pcm

SwiftExplicitDependencyGeneratePcm arm64 /tmp/picpac-phase3-layout-final-build-e6c0c65c9c5a-20260925T105458Z/iphoneos/ModuleCache.noindex/Network-DV1IH7WWW4NO1X7CMTSC37940.pcm

SwiftExplicitDependencyGeneratePcm arm64 /tmp/picpac-phase3-layout-final-build-e6c0c65c9c5a-20260925T105458Z/iphoneos/ModuleCache.noindex/CoreMIDI-5NGNE8VOIH1TFDQI2ZAOC685G.pcm

SwiftExplicitDependencyGeneratePcm arm64 /tmp/picpac-phase3-layout-final-build-e6c0c65c9c5a-20260925T105458Z/iphoneos/ModuleCache.noindex/FileProvider-2795CGLY3J0717MTX0R2OUYKS.pcm

SwiftExplicitDependencyGeneratePcm arm64 /tmp/picpac-phase3-layout-final-build-e6c0c65c9c5a-20260925T105458Z/iphoneos/ModuleCache.noindex/Accessibility-EY7SY0L1CX4IXOZWENX3XD47U.pcm

SwiftExplicitDependencyGeneratePcm arm64 /tmp/picpac-phase3-layout-final-build-e6c0c65c9c5a-20260925T105458Z/iphoneos/ModuleCache.noindex/DataDetection-2M6FDY2OBJO0YZBPBR5JGFTNC.pcm

SwiftExplicitDependencyGeneratePcm arm64 /tmp/picpac-phase3-layout-final-build-e6c0c65c9c5a-20260925T105458Z/iphoneos/ModuleCache.noindex/UserNotifications-C8IJ6NUHWLNISPVGA6M5GQ8RS.pcm

SwiftExplicitDependencyGeneratePcm arm64 /tmp/picpac-phase3-layout-final-build-e6c0c65c9c5a-20260925T105458Z/iphoneos/ModuleCache.noindex/CoreData-DLLPCVENA4GGVMPCS64WKJ20F.pcm

SwiftExplicitDependencyGeneratePcm arm64 /tmp/picpac-phase3-layout-final-build-e6c0c65c9c5a-20260925T105458Z/iphoneos/ModuleCache.noindex/IOSurface-2EBZ4S1HWUIM7MB63CXUDUJJX.pcm

SwiftExplicitDependencyGeneratePcm arm64 /tmp/picpac-phase3-layout-final-build-e6c0c65c9c5a-20260925T105458Z/iphoneos/ModuleCache.noindex/CoreTransferable-9SKFRI5AEQV0SQO13G52I9K7V.pcm

SwiftExplicitDependencyGeneratePcm arm64 /tmp/picpac-phase3-layout-final-build-e6c0c65c9c5a-20260925T105458Z/iphoneos/ModuleCache.noindex/UIUtilities-EJSZPS21WJK3F5GEJKRC2UTKI.pcm

SwiftExplicitDependencyGeneratePcm arm64 /tmp/picpac-phase3-layout-final-build-e6c0c65c9c5a-20260925T105458Z/iphoneos/ModuleCache.noindex/UniformTypeIdentifiers-3ICM4118OJHUMUB3QA68XIM5W.pcm

SwiftExplicitDependencyGeneratePcm arm64 /tmp/picpac-phase3-layout-final-build-e6c0c65c9c5a-20260925T105458Z/iphoneos/ModuleCache.noindex/Symbols-2JWBQFT3L1W54RZ2VG2C2VNKW.pcm

SwiftExplicitDependencyGeneratePcm arm64 /tmp/picpac-phase3-layout-final-build-e6c0c65c9c5a-20260925T105458Z/iphoneos/ModuleCache.noindex/Metal-5X7SOU69OZASEBEQ10U2IO011.pcm

SwiftExplicitDependencyGeneratePcm arm64 /tmp/picpac-phase3-layout-final-build-e6c0c65c9c5a-20260925T105458Z/iphoneos/ModuleCache.noindex/OpenGLES-2WUT02M7L4P4KQIMX0Q5UGMKX.pcm

SwiftExplicitDependencyGeneratePcm arm64 /tmp/picpac-phase3-layout-final-build-e6c0c65c9c5a-20260925T105458Z/iphoneos/ModuleCache.noindex/AVRouting-91PAMNP5U0YGGR0YV3L3OU206.pcm

SwiftExplicitDependencyGeneratePcm arm64 /tmp/picpac-phase3-layout-final-build-e6c0c65c9c5a-20260925T105458Z/iphoneos/ModuleCache.noindex/AudioToolbox-7HF1YLZMHXKC5IHL1MLEWM0TV.pcm

SwiftExplicitDependencyGeneratePcm arm64 /tmp/picpac-phase3-layout-final-build-e6c0c65c9c5a-20260925T105458Z/iphoneos/ModuleCache.noindex/CoreVideo-806MZ49ARCYCQYKSONKC10SMN.pcm

SwiftExplicitDependencyGeneratePcm arm64 /tmp/picpac-phase3-layout-final-build-e6c0c65c9c5a-20260925T105458Z/iphoneos/ModuleCache.noindex/CoreImage-A481QIMS0KNJPTXHLMWJ0G7OV.pcm

SwiftExplicitDependencyGeneratePcm arm64 /tmp/picpac-phase3-layout-final-build-e6c0c65c9c5a-20260925T105458Z/iphoneos/ModuleCache.noindex/CoreMedia-EB7VQIGIQFSOF5E6Z0D1MFT3G.pcm

SwiftExplicitDependencyGeneratePcm arm64 /tmp/picpac-phase3-layout-final-build-e6c0c65c9c5a-20260925T105458Z/iphoneos/ModuleCache.noindex/QuartzCore-785IXPMR9EO2WA39KEINB4JK.pcm

SwiftExplicitDependencyGeneratePcm arm64 /tmp/picpac-phase3-layout-final-build-e6c0c65c9c5a-20260925T105458Z/iphoneos/ModuleCache.noindex/SwiftUICore-BGT9JIOV23M86C309W65UGPRN.pcm

SwiftExplicitDependencyGeneratePcm arm64 /tmp/picpac-phase3-layout-final-build-e6c0c65c9c5a-20260925T105458Z/iphoneos/ModuleCache.noindex/MediaToolbox-6GE8JZYF88HTIHYL34KWSIZA1.pcm

SwiftExplicitDependencyGeneratePcm arm64 /tmp/picpac-phase3-layout-final-build-e6c0c65c9c5a-20260925T105458Z/iphoneos/ModuleCache.noindex/AVFAudio-4A1LY476C887UJEC6YY9755QL.pcm

SwiftExplicitDependencyGeneratePcm arm64 /tmp/picpac-phase3-layout-final-build-e6c0c65c9c5a-20260925T105458Z/iphoneos/ModuleCache.noindex/UIKit-C8F6PFAYM22Z6WOK1FJM8ZKEP.pcm

SwiftExplicitDependencyGeneratePcm arm64 /tmp/picpac-phase3-layout-final-build-e6c0c65c9c5a-20260925T105458Z/iphoneos/ModuleCache.noindex/AVFoundation-9D6FPVC936GNYVEVVQJZ52E2Z.pcm

SwiftExplicitDependencyGeneratePcm arm64 /tmp/picpac-phase3-layout-final-build-e6c0c65c9c5a-20260925T105458Z/iphoneos/ModuleCache.noindex/SwiftUI-5N116OI178XA5NF5TY3OPQX7M.pcm

SwiftCompile normal arm64 Compiling\ GeneratedAssetSymbols.swift /tmp/picpac-phase3-layout-final-build-e6c0c65c9c5a-20260925T105458Z/iphoneos/Build/Intermediates.noindex/PicPacPoe.build/Debug-iphoneos/PicPacPoe.build/DerivedSources/GeneratedAssetSymbols.swift (in target 'PicPacPoe' from project 'PicPacPoe')

SwiftCompile normal arm64 /tmp/picpac-phase3-layout-final-build-e6c0c65c9c5a-20260925T105458Z/iphoneos/Build/Intermediates.noindex/PicPacPoe.build/Debug-iphoneos/PicPacPoe.build/DerivedSources/GeneratedAssetSymbols.swift (in target 'PicPacPoe' from project 'PicPacPoe')
    cd /Users/bavabangaru/Developer/pic-pac-poe-ios-native-parity/ios
    

SwiftEmitModule normal arm64 Emitting\ module\ for\ PicPacPoe (in target 'PicPacPoe' from project 'PicPacPoe')

EmitSwiftModule normal arm64 (in target 'PicPacPoe' from project 'PicPacPoe')
    cd /Users/bavabangaru/Developer/pic-pac-poe-ios-native-parity/ios
    

SwiftCompile normal arm64 Compiling\ FeedbackService.swift /Users/bavabangaru/Developer/pic-pac-poe-ios-native-parity/ios/PicPacPoe/FeedbackService.swift (in target 'PicPacPoe' from project 'PicPacPoe')
SwiftCompile normal arm64 /Users/bavabangaru/Developer/pic-pac-poe-ios-native-parity/ios/PicPacPoe/FeedbackService.swift (in target 'PicPacPoe' from project 'PicPacPoe')
    cd /Users/bavabangaru/Developer/pic-pac-poe-ios-native-parity/ios
    

SwiftCompile normal arm64 Compiling\ InfoViews.swift /Users/bavabangaru/Developer/pic-pac-poe-ios-native-parity/ios/PicPacPoe/InfoViews.swift (in target 'PicPacPoe' from project 'PicPacPoe')
SwiftCompile normal arm64 /Users/bavabangaru/Developer/pic-pac-poe-ios-native-parity/ios/PicPacPoe/InfoViews.swift (in target 'PicPacPoe' from project 'PicPacPoe')
    cd /Users/bavabangaru/Developer/pic-pac-poe-ios-native-parity/ios
    

SwiftCompile normal arm64 Compiling\ GameView.swift /Users/bavabangaru/Developer/pic-pac-poe-ios-native-parity/ios/PicPacPoe/GameView.swift (in target 'PicPacPoe' from project 'PicPacPoe')
SwiftCompile normal arm64 /Users/bavabangaru/Developer/pic-pac-poe-ios-native-parity/ios/PicPacPoe/GameView.swift (in target 'PicPacPoe' from project 'PicPacPoe')
    cd /Users/bavabangaru/Developer/pic-pac-poe-ios-native-parity/ios
    

SwiftCompile normal arm64 Compiling\ DebugLaunchConfiguration.swift /Users/bavabangaru/Developer/pic-pac-poe-ios-native-parity/ios/PicPacPoe/DebugLaunchConfiguration.swift (in target 'PicPacPoe' from project 'PicPacPoe')

SwiftCompile normal arm64 /Users/bavabangaru/Developer/pic-pac-poe-ios-native-parity/ios/PicPacPoe/DebugLaunchConfiguration.swift (in target 'PicPacPoe' from project 'PicPacPoe')
    cd /Users/bavabangaru/Developer/pic-pac-poe-ios-native-parity/ios
    

SwiftCompile normal arm64 Compiling\ HomeView.swift /Users/bavabangaru/Developer/pic-pac-poe-ios-native-parity/ios/PicPacPoe/HomeView.swift (in target 'PicPacPoe' from project 'PicPacPoe')

SwiftCompile normal arm64 /Users/bavabangaru/Developer/pic-pac-poe-ios-native-parity/ios/PicPacPoe/HomeView.swift (in target 'PicPacPoe' from project 'PicPacPoe')
    cd /Users/bavabangaru/Developer/pic-pac-poe-ios-native-parity/ios
    

SwiftCompile normal arm64 Compiling\ ProductionAIWorker.swift /Users/bavabangaru/Developer/pic-pac-poe-ios-native-parity/ios/PicPacPoe/ProductionAIWorker.swift (in target 'PicPacPoe' from project 'PicPacPoe')

SwiftCompile normal arm64 /Users/bavabangaru/Developer/pic-pac-poe-ios-native-parity/ios/PicPacPoe/ProductionAIWorker.swift (in target 'PicPacPoe' from project 'PicPacPoe')
    cd /Users/bavabangaru/Developer/pic-pac-poe-ios-native-parity/ios
    

SwiftCompile normal arm64 Compiling\ FormTheme.swift /Users/bavabangaru/Developer/pic-pac-poe-ios-native-parity/ios/PicPacPoe/FormTheme.swift (in target 'PicPacPoe' from project 'PicPacPoe')

SwiftCompile normal arm64 /Users/bavabangaru/Developer/pic-pac-poe-ios-native-parity/ios/PicPacPoe/FormTheme.swift (in target 'PicPacPoe' from project 'PicPacPoe')
    cd /Users/bavabangaru/Developer/pic-pac-poe-ios-native-parity/ios
    

SwiftCompile normal arm64 Compiling\ PicPacPoeApp.swift /Users/bavabangaru/Developer/pic-pac-poe-ios-native-parity/ios/PicPacPoe/PicPacPoeApp.swift (in target 'PicPacPoe' from project 'PicPacPoe')

SwiftCompile normal arm64 /Users/bavabangaru/Developer/pic-pac-poe-ios-native-parity/ios/PicPacPoe/PicPacPoeApp.swift (in target 'PicPacPoe' from project 'PicPacPoe')
    cd /Users/bavabangaru/Developer/pic-pac-poe-ios-native-parity/ios
    

SwiftCompile normal arm64 Compiling\ PhysicalBoard.swift /Users/bavabangaru/Developer/pic-pac-poe-ios-native-parity/ios/PicPacPoe/PhysicalBoard.swift (in target 'PicPacPoe' from project 'PicPacPoe')

SwiftCompile normal arm64 /Users/bavabangaru/Developer/pic-pac-poe-ios-native-parity/ios/PicPacPoe/PhysicalBoard.swift (in target 'PicPacPoe' from project 'PicPacPoe')
    cd /Users/bavabangaru/Developer/pic-pac-poe-ios-native-parity/ios
    

SwiftDriverJobDiscovery normal arm64 Compiling ProductionAIWorker.swift (in target 'PicPacPoe' from project 'PicPacPoe')

SwiftDriverJobDiscovery normal arm64 Emitting module for PicPacPoe (in target 'PicPacPoe' from project 'PicPacPoe')

SwiftDriver\ Compilation\ Requirements PicPacPoe normal arm64 com.apple.xcode.tools.swift.compiler (in target 'PicPacPoe' from project 'PicPacPoe')
    cd /Users/bavabangaru/Developer/pic-pac-poe-ios-native-parity/ios
    builtin-Swift-Compilation-Requirements -- /Applications/Xcode.app/Contents/Developer/Toolchains/XcodeDefault.xctoolchain/usr/bin/swiftc -module-name PicPacPoe -Onone @/tmp/picpac-phase3-layout-final-build-e6c0c65c9c5a-20260925T105458Z/iphoneos/Build/Intermediates.noindex/PicPacPoe.build/Debug-iphoneos/PicPacPoe.build/Objects-normal/arm64/PicPacPoe.SwiftFileList -DDEBUG -enable-experimental-feature DebugDescriptionMacro -sdk /Applications/Xcode.app/Contents/Developer/Platforms/iPhoneOS.platform/Developer/SDKs/iPhoneOS26.5.sdk -target arm64-apple-ios17.0 -g -module-cache-path /tmp/picpac-phase3-layout-final-build-e6c0c65c9c5a-20260925T105458Z/iphoneos/ModuleCache.noindex -Xfrontend -serialize-debugging-options -enable-testing -index-store-path /tmp/picpac-phase3-layout-final-build-e6c0c65c9c5a-20260925T105458Z/iphoneos/Index.noindex/DataStore -Xcc -D_LIBCPP_HARDENING_MODE\=_LIBCPP_HARDENING_MODE_DEBUG -swift-version 6 -I /tmp/picpac-phase3-layout-final-build-e6c0c65c9c5a-20260925T105458Z/iphoneos/Build/Products/Debug-iphoneos -F /tmp/picpac-phase3-layout-final-build-e6c0c65c9c5a-20260925T105458Z/iphoneos/Build/Products/Debug-iphoneos/PackageFrameworks -F /tmp/picpac-phase3-layout-final-build-e6c0c65c9c5a-20260925T105458Z/iphoneos/Build/Products/Debug-iphoneos/PackageFrameworks -F /tmp/picpac-phase3-layout-final-build-e6c0c65c9c5a-20260925T105458Z/iphoneos/Build/Products/Debug-iphoneos/PackageFrameworks -F /tmp/picpac-phase3-layout-final-build-e6c0c65c9c5a-20260925T105458Z/iphoneos/Build/Products/Debug-iphoneos -emit-localized-strings -emit-localized-strings-path /tmp/picpac-phase3-layout-final-build-e6c0c65c9c5a-20260925T105458Z/iphoneos/Build/Intermediates.noindex/PicPacPoe.build/Debug-iphoneos/PicPacPoe.build/Objects-normal/arm64 -c -j12 -enable-batch-mode -incremental -Xcc -ivfsstatcache -Xcc /tmp/picpac-phase3-layout-final-build-e6c0c65c9c5a-20260925T105458Z/iphoneos/SDKStatCaches.noindex/iphoneos26.5-23F81a-32daed1954a7d5dd0789fcaf2a9bb78b.sdkstatcache -output-file-map /tmp/picpac-phase3-layout-final-build-e6c0c65c9c5a-20260925T105458Z/iphoneos/Build/Intermediates.noindex/PicPacPoe.build/Debug-iphoneos/PicPacPoe.build/Objects-normal/arm64/PicPacPoe-OutputFileMap.json -use-frontend-parseable-output -save-temps -no-color-diagnostics -explicit-module-build -module-cache-path /tmp/picpac-phase3-layout-final-build-e6c0c65c9c5a-20260925T105458Z/iphoneos/Build/Intermediates.noindex/SwiftExplicitPrecompiledModules -clang-scanner-module-cache-path /tmp/picpac-phase3-layout-final-build-e6c0c65c9c5a-20260925T105458Z/iphoneos/ModuleCache.noindex -sdk-module-cache-path /tmp/picpac-phase3-layout-final-build-e6c0c65c9c5a-20260925T105458Z/iphoneos/ModuleCache.noindex -serialize-diagnostics -emit-dependencies -emit-module -emit-module-path /tmp/picpac-phase3-layout-final-build-e6c0c65c9c5a-20260925T105458Z/iphoneos/Build/Intermediates.noindex/PicPacPoe.build/Debug-iphoneos/PicPacPoe.build/Objects-normal/arm64/PicPacPoe.swiftmodule -validate-clang-modules-once -clang-build-session-file /tmp/picpac-phase3-layout-final-build-e6c0c65c9c5a-20260925T105458Z/iphoneos/ModuleCache.noindex/Session.modulevalidation -Xcc -I/tmp/picpac-phase3-layout-final-build-e6c0c65c9c5a-20260925T105458Z/iphoneos/Build/Intermediates.noindex/PicPacPoe.build/Debug-iphoneos/PicPacPoe.build/swift-overrides.hmap -emit-const-values -Xfrontend -const-gather-protocols-file -Xfrontend /tmp/picpac-phase3-layout-final-build-e6c0c65c9c5a-20260925T105458Z/iphoneos/Build/Intermediates.noindex/PicPacPoe.build/Debug-iphoneos/PicPacPoe.build/Objects-normal/arm64/PicPacPoe_const_extract_protocols.json -Xcc -iquote -Xcc /tmp/picpac-phase3-layout-final-build-e6c0c65c9c5a-20260925T105458Z/iphoneos/Build/Intermediates.noindex/PicPacPoe.build/Debug-iphoneos/PicPacPoe.build/PicPacPoe-generated-files.hmap -Xcc -I/tmp/picpac-phase3-layout-final-build-e6c0c65c9c5a-20260925T105458Z/iphoneos/Build/Intermediates.noindex/PicPacPoe.build/Debug-iphoneos/PicPacPoe.build/PicPacPoe-own-target-headers.hmap -Xcc -I/tmp/picpac-phase3-layout-final-build-e6c0c65c9c5a-20260925T105458Z/iphoneos/Build/Intermediates.noindex/PicPacPoe.build/Debug-iphoneos/PicPacPoe.build/PicPacPoe-all-non-framework-target-headers.hmap -Xcc -ivfsoverlay -Xcc /tmp/picpac-phase3-layout-final-build-e6c0c65c9c5a-20260925T105458Z/iphoneos/Build/Intermediates.noindex/PicPacPoe.build/Debug-iphoneos/PicPacPoe-90eff2f9d9e8600d7e53134acd1cb833-VFS-iphoneos/all-product-headers.yaml -Xcc -iquote -Xcc /tmp/picpac-phase3-layout-final-build-e6c0c65c9c5a-20260925T105458Z/iphoneos/Build/Intermediates.noindex/PicPacPoe.build/Debug-iphoneos/PicPacPoe.build/PicPacPoe-project-headers.hmap -Xcc -I/tmp/picpac-phase3-layout-final-build-e6c0c65c9c5a-20260925T105458Z/iphoneos/Build/Products/Debug-iphoneos/include -Xcc -I/tmp/picpac-phase3-layout-final-build-e6c0c65c9c5a-20260925T105458Z/iphoneos/Build/Intermediates.noindex/PicPacPoe.build/Debug-iphoneos/PicPacPoe.build/DerivedSources-normal/arm64 -Xcc -I/tmp/picpac-phase3-layout-final-build-e6c0c65c9c5a-20260925T105458Z/iphoneos/Build/Intermediates.noindex/PicPacPoe.build/Debug-iphoneos/PicPacPoe.build/DerivedSources/arm64 -Xcc -I/tmp/picpac-phase3-layout-final-build-e6c0c65c9c5a-20260925T105458Z/iphoneos/Build/Intermediates.noindex/PicPacPoe.build/Debug-iphoneos/PicPacPoe.build/DerivedSources -emit-objc-header -emit-objc-header-path /tmp/picpac-phase3-layout-final-build-e6c0c65c9c5a-20260925T105458Z/iphoneos/Build/Intermediates.noindex/PicPacPoe.build/Debug-iphoneos/PicPacPoe.build/Objects-normal/arm64/PicPacPoe-Swift.h -working-directory /Users/bavabangaru/Developer/pic-pac-poe-ios-native-parity/ios -experimental-emit-module-separately -disable-cmo

SwiftMergeGeneratedHeaders /tmp/picpac-phase3-layout-final-build-e6c0c65c9c5a-20260925T105458Z/iphoneos/Build/Intermediates.noindex/PicPacPoe.build/Debug-iphoneos/PicPacPoe.build/DerivedSources/PicPacPoe-Swift.h /tmp/picpac-phase3-layout-final-build-e6c0c65c9c5a-20260925T105458Z/iphoneos/Build/Intermediates.noindex/PicPacPoe.build/Debug-iphoneos/PicPacPoe.build/Objects-normal/arm64/PicPacPoe-Swift.h (in target 'PicPacPoe' from project 'PicPacPoe')
    cd /Users/bavabangaru/Developer/pic-pac-poe-ios-native-parity/ios
    builtin-swiftHeaderTool -arch arm64 /tmp/picpac-phase3-layout-final-build-e6c0c65c9c5a-20260925T105458Z/iphoneos/Build/Intermediates.noindex/PicPacPoe.build/Debug-iphoneos/PicPacPoe.build/Objects-normal/arm64/PicPacPoe-Swift.h -o /tmp/picpac-phase3-layout-final-build-e6c0c65c9c5a-20260925T105458Z/iphoneos/Build/Intermediates.noindex/PicPacPoe.build/Debug-iphoneos/PicPacPoe.build/DerivedSources/PicPacPoe-Swift.h

Copy /tmp/picpac-phase3-layout-final-build-e6c0c65c9c5a-20260925T105458Z/iphoneos/Build/Products/Debug-iphoneos/PicPacPoe.swiftmodule/arm64-apple-ios.swiftmodule /tmp/picpac-phase3-layout-final-build-e6c0c65c9c5a-20260925T105458Z/iphoneos/Build/Intermediates.noindex/PicPacPoe.build/Debug-iphoneos/PicPacPoe.build/Objects-normal/arm64/PicPacPoe.swiftmodule (in target 'PicPacPoe' from project 'PicPacPoe')
    cd /Users/bavabangaru/Developer/pic-pac-poe-ios-native-parity/ios
    builtin-copy -exclude .DS_Store -exclude CVS -exclude .svn -exclude .git -exclude .hg -resolve-src-symlinks -rename /tmp/picpac-phase3-layout-final-build-e6c0c65c9c5a-20260925T105458Z/iphoneos/Build/Intermediates.noindex/PicPacPoe.build/Debug-iphoneos/PicPacPoe.build/Objects-normal/arm64/PicPacPoe.swiftmodule /tmp/picpac-phase3-layout-final-build-e6c0c65c9c5a-20260925T105458Z/iphoneos/Build/Products/Debug-iphoneos/PicPacPoe.swiftmodule/arm64-apple-ios.swiftmodule

Copy /tmp/picpac-phase3-layout-final-build-e6c0c65c9c5a-20260925T105458Z/iphoneos/Build/Products/Debug-iphoneos/PicPacPoe.swiftmodule/arm64-apple-ios.swiftdoc /tmp/picpac-phase3-layout-final-build-e6c0c65c9c5a-20260925T105458Z/iphoneos/Build/Intermediates.noindex/PicPacPoe.build/Debug-iphoneos/PicPacPoe.build/Objects-normal/arm64/PicPacPoe.swiftdoc (in target 'PicPacPoe' from project 'PicPacPoe')
    cd /Users/bavabangaru/Developer/pic-pac-poe-ios-native-parity/ios
    builtin-copy -exclude .DS_Store -exclude CVS -exclude .svn -exclude .git -exclude .hg -resolve-src-symlinks -rename /tmp/picpac-phase3-layout-final-build-e6c0c65c9c5a-20260925T105458Z/iphoneos/Build/Intermediates.noindex/PicPacPoe.build/Debug-iphoneos/PicPacPoe.build/Objects-normal/arm64/PicPacPoe.swiftdoc /tmp/picpac-phase3-layout-final-build-e6c0c65c9c5a-20260925T105458Z/iphoneos/Build/Products/Debug-iphoneos/PicPacPoe.swiftmodule/arm64-apple-ios.swiftdoc

Copy /tmp/picpac-phase3-layout-final-build-e6c0c65c9c5a-20260925T105458Z/iphoneos/Build/Products/Debug-iphoneos/PicPacPoe.swiftmodule/arm64-apple-ios.abi.json /tmp/picpac-phase3-layout-final-build-e6c0c65c9c5a-20260925T105458Z/iphoneos/Build/Intermediates.noindex/PicPacPoe.build/Debug-iphoneos/PicPacPoe.build/Objects-normal/arm64/PicPacPoe.abi.json (in target 'PicPacPoe' from project 'PicPacPoe')
    cd /Users/bavabangaru/Developer/pic-pac-poe-ios-native-parity/ios
    builtin-copy -exclude .DS_Store -exclude CVS -exclude .svn -exclude .git -exclude .hg -resolve-src-symlinks -rename /tmp/picpac-phase3-layout-final-build-e6c0c65c9c5a-20260925T105458Z/iphoneos/Build/Intermediates.noindex/PicPacPoe.build/Debug-iphoneos/PicPacPoe.build/Objects-normal/arm64/PicPacPoe.abi.json /tmp/picpac-phase3-layout-final-build-e6c0c65c9c5a-20260925T105458Z/iphoneos/Build/Products/Debug-iphoneos/PicPacPoe.swiftmodule/arm64-apple-ios.abi.json

Copy /tmp/picpac-phase3-layout-final-build-e6c0c65c9c5a-20260925T105458Z/iphoneos/Build/Products/Debug-iphoneos/PicPacPoe.swiftmodule/Project/arm64-apple-ios.swiftsourceinfo /tmp/picpac-phase3-layout-final-build-e6c0c65c9c5a-20260925T105458Z/iphoneos/Build/Intermediates.noindex/PicPacPoe.build/Debug-iphoneos/PicPacPoe.build/Objects-normal/arm64/PicPacPoe.swiftsourceinfo (in target 'PicPacPoe' from project 'PicPacPoe')
    cd /Users/bavabangaru/Developer/pic-pac-poe-ios-native-parity/ios
    builtin-copy -exclude .DS_Store -exclude CVS -exclude .svn -exclude .git -exclude .hg -resolve-src-symlinks -rename /tmp/picpac-phase3-layout-final-build-e6c0c65c9c5a-20260925T105458Z/iphoneos/Build/Intermediates.noindex/PicPacPoe.build/Debug-iphoneos/PicPacPoe.build/Objects-normal/arm64/PicPacPoe.swiftsourceinfo /tmp/picpac-phase3-layout-final-build-e6c0c65c9c5a-20260925T105458Z/iphoneos/Build/Products/Debug-iphoneos/PicPacPoe.swiftmodule/Project/arm64-apple-ios.swiftsourceinfo

SwiftDriverJobDiscovery normal arm64 Compiling GeneratedAssetSymbols.swift (in target 'PicPacPoe' from project 'PicPacPoe')

SwiftDriverJobDiscovery normal arm64 Compiling FeedbackService.swift (in target 'PicPacPoe' from project 'PicPacPoe')

SwiftDriverJobDiscovery normal arm64 Compiling DebugLaunchConfiguration.swift (in target 'PicPacPoe' from project 'PicPacPoe')

SwiftDriverJobDiscovery normal arm64 Compiling PicPacPoeApp.swift (in target 'PicPacPoe' from project 'PicPacPoe')

SwiftDriverJobDiscovery normal arm64 Compiling FormTheme.swift (in target 'PicPacPoe' from project 'PicPacPoe')

SwiftDriverJobDiscovery normal arm64 Compiling PhysicalBoard.swift (in target 'PicPacPoe' from project 'PicPacPoe')

SwiftDriverJobDiscovery normal arm64 Compiling InfoViews.swift (in target 'PicPacPoe' from project 'PicPacPoe')

SwiftDriverJobDiscovery normal arm64 Compiling HomeView.swift (in target 'PicPacPoe' from project 'PicPacPoe')

SwiftDriverJobDiscovery normal arm64 Compiling GameView.swift (in target 'PicPacPoe' from project 'PicPacPoe')

SwiftDriver\ Compilation PicPacPoe normal arm64 com.apple.xcode.tools.swift.compiler (in target 'PicPacPoe' from project 'PicPacPoe')
    cd /Users/bavabangaru/Developer/pic-pac-poe-ios-native-parity/ios
    builtin-Swift-Compilation -- /Applications/Xcode.app/Contents/Developer/Toolchains/XcodeDefault.xctoolchain/usr/bin/swiftc -module-name PicPacPoe -Onone @/tmp/picpac-phase3-layout-final-build-e6c0c65c9c5a-20260925T105458Z/iphoneos/Build/Intermediates.noindex/PicPacPoe.build/Debug-iphoneos/PicPacPoe.build/Objects-normal/arm64/PicPacPoe.SwiftFileList -DDEBUG -enable-experimental-feature DebugDescriptionMacro -sdk /Applications/Xcode.app/Contents/Developer/Platforms/iPhoneOS.platform/Developer/SDKs/iPhoneOS26.5.sdk -target arm64-apple-ios17.0 -g -module-cache-path /tmp/picpac-phase3-layout-final-build-e6c0c65c9c5a-20260925T105458Z/iphoneos/ModuleCache.noindex -Xfrontend -serialize-debugging-options -enable-testing -index-store-path /tmp/picpac-phase3-layout-final-build-e6c0c65c9c5a-20260925T105458Z/iphoneos/Index.noindex/DataStore -Xcc -D_LIBCPP_HARDENING_MODE\=_LIBCPP_HARDENING_MODE_DEBUG -swift-version 6 -I /tmp/picpac-phase3-layout-final-build-e6c0c65c9c5a-20260925T105458Z/iphoneos/Build/Products/Debug-iphoneos -F /tmp/picpac-phase3-layout-final-build-e6c0c65c9c5a-20260925T105458Z/iphoneos/Build/Products/Debug-iphoneos/PackageFrameworks -F /tmp/picpac-phase3-layout-final-build-e6c0c65c9c5a-20260925T105458Z/iphoneos/Build/Products/Debug-iphoneos/PackageFrameworks -F /tmp/picpac-phase3-layout-final-build-e6c0c65c9c5a-20260925T105458Z/iphoneos/Build/Products/Debug-iphoneos/PackageFrameworks -F /tmp/picpac-phase3-layout-final-build-e6c0c65c9c5a-20260925T105458Z/iphoneos/Build/Products/Debug-iphoneos -emit-localized-strings -emit-localized-strings-path /tmp/picpac-phase3-layout-final-build-e6c0c65c9c5a-20260925T105458Z/iphoneos/Build/Intermediates.noindex/PicPacPoe.build/Debug-iphoneos/PicPacPoe.build/Objects-normal/arm64 -c -j12 -enable-batch-mode -incremental -Xcc -ivfsstatcache -Xcc /tmp/picpac-phase3-layout-final-build-e6c0c65c9c5a-20260925T105458Z/iphoneos/SDKStatCaches.noindex/iphoneos26.5-23F81a-32daed1954a7d5dd0789fcaf2a9bb78b.sdkstatcache -output-file-map /tmp/picpac-phase3-layout-final-build-e6c0c65c9c5a-20260925T105458Z/iphoneos/Build/Intermediates.noindex/PicPacPoe.build/Debug-iphoneos/PicPacPoe.build/Objects-normal/arm64/PicPacPoe-OutputFileMap.json -use-frontend-parseable-output -save-temps -no-color-diagnostics -explicit-module-build -module-cache-path /tmp/picpac-phase3-layout-final-build-e6c0c65c9c5a-20260925T105458Z/iphoneos/Build/Intermediates.noindex/SwiftExplicitPrecompiledModules -clang-scanner-module-cache-path /tmp/picpac-phase3-layout-final-build-e6c0c65c9c5a-20260925T105458Z/iphoneos/ModuleCache.noindex -sdk-module-cache-path /tmp/picpac-phase3-layout-final-build-e6c0c65c9c5a-20260925T105458Z/iphoneos/ModuleCache.noindex -serialize-diagnostics -emit-dependencies -emit-module -emit-module-path /tmp/picpac-phase3-layout-final-build-e6c0c65c9c5a-20260925T105458Z/iphoneos/Build/Intermediates.noindex/PicPacPoe.build/Debug-iphoneos/PicPacPoe.build/Objects-normal/arm64/PicPacPoe.swiftmodule -validate-clang-modules-once -clang-build-session-file /tmp/picpac-phase3-layout-final-build-e6c0c65c9c5a-20260925T105458Z/iphoneos/ModuleCache.noindex/Session.modulevalidation -Xcc -I/tmp/picpac-phase3-layout-final-build-e6c0c65c9c5a-20260925T105458Z/iphoneos/Build/Intermediates.noindex/PicPacPoe.build/Debug-iphoneos/PicPacPoe.build/swift-overrides.hmap -emit-const-values -Xfrontend -const-gather-protocols-file -Xfrontend /tmp/picpac-phase3-layout-final-build-e6c0c65c9c5a-20260925T105458Z/iphoneos/Build/Intermediates.noindex/PicPacPoe.build/Debug-iphoneos/PicPacPoe.build/Objects-normal/arm64/PicPacPoe_const_extract_protocols.json -Xcc -iquote -Xcc /tmp/picpac-phase3-layout-final-build-e6c0c65c9c5a-20260925T105458Z/iphoneos/Build/Intermediates.noindex/PicPacPoe.build/Debug-iphoneos/PicPacPoe.build/PicPacPoe-generated-files.hmap -Xcc -I/tmp/picpac-phase3-layout-final-build-e6c0c65c9c5a-20260925T105458Z/iphoneos/Build/Intermediates.noindex/PicPacPoe.build/Debug-iphoneos/PicPacPoe.build/PicPacPoe-own-target-headers.hmap -Xcc -I/tmp/picpac-phase3-layout-final-build-e6c0c65c9c5a-20260925T105458Z/iphoneos/Build/Intermediates.noindex/PicPacPoe.build/Debug-iphoneos/PicPacPoe.build/PicPacPoe-all-non-framework-target-headers.hmap -Xcc -ivfsoverlay -Xcc /tmp/picpac-phase3-layout-final-build-e6c0c65c9c5a-20260925T105458Z/iphoneos/Build/Intermediates.noindex/PicPacPoe.build/Debug-iphoneos/PicPacPoe-90eff2f9d9e8600d7e53134acd1cb833-VFS-iphoneos/all-product-headers.yaml -Xcc -iquote -Xcc /tmp/picpac-phase3-layout-final-build-e6c0c65c9c5a-20260925T105458Z/iphoneos/Build/Intermediates.noindex/PicPacPoe.build/Debug-iphoneos/PicPacPoe.build/PicPacPoe-project-headers.hmap -Xcc -I/tmp/picpac-phase3-layout-final-build-e6c0c65c9c5a-20260925T105458Z/iphoneos/Build/Products/Debug-iphoneos/include -Xcc -I/tmp/picpac-phase3-layout-final-build-e6c0c65c9c5a-20260925T105458Z/iphoneos/Build/Intermediates.noindex/PicPacPoe.build/Debug-iphoneos/PicPacPoe.build/DerivedSources-normal/arm64 -Xcc -I/tmp/picpac-phase3-layout-final-build-e6c0c65c9c5a-20260925T105458Z/iphoneos/Build/Intermediates.noindex/PicPacPoe.build/Debug-iphoneos/PicPacPoe.build/DerivedSources/arm64 -Xcc -I/tmp/picpac-phase3-layout-final-build-e6c0c65c9c5a-20260925T105458Z/iphoneos/Build/Intermediates.noindex/PicPacPoe.build/Debug-iphoneos/PicPacPoe.build/DerivedSources -emit-objc-header -emit-objc-header-path /tmp/picpac-phase3-layout-final-build-e6c0c65c9c5a-20260925T105458Z/iphoneos/Build/Intermediates.noindex/PicPacPoe.build/Debug-iphoneos/PicPacPoe.build/Objects-normal/arm64/PicPacPoe-Swift.h -working-directory /Users/bavabangaru/Developer/pic-pac-poe-ios-native-parity/ios -experimental-emit-module-separately -disable-cmo

Ld /tmp/picpac-phase3-layout-final-build-e6c0c65c9c5a-20260925T105458Z/iphoneos/Build/Products/Debug-iphoneos/PicPacPoe.app/PicPacPoe.debug.dylib normal (in target 'PicPacPoe' from project 'PicPacPoe')
    cd /Users/bavabangaru/Developer/pic-pac-poe-ios-native-parity/ios
    /Applications/Xcode.app/Contents/Developer/Toolchains/XcodeDefault.xctoolchain/usr/bin/clang -Xlinker -reproducible -target arm64-apple-ios17.0 -dynamiclib -isysroot /Applications/Xcode.app/Contents/Developer/Platforms/iPhoneOS.platform/Developer/SDKs/iPhoneOS26.5.sdk -O0 -L/tmp/picpac-phase3-layout-final-build-e6c0c65c9c5a-20260925T105458Z/iphoneos/Build/Intermediates.noindex/EagerLinkingTBDs/Debug-iphoneos -L/tmp/picpac-phase3-layout-final-build-e6c0c65c9c5a-20260925T105458Z/iphoneos/Build/Products/Debug-iphoneos -F/tmp/picpac-phase3-layout-final-build-e6c0c65c9c5a-20260925T105458Z/iphoneos/Build/Intermediates.noindex/EagerLinkingTBDs/Debug-iphoneos -F/tmp/picpac-phase3-layout-final-build-e6c0c65c9c5a-20260925T105458Z/iphoneos/Build/Products/Debug-iphoneos/PackageFrameworks -F/tmp/picpac-phase3-layout-final-build-e6c0c65c9c5a-20260925T105458Z/iphoneos/Build/Products/Debug-iphoneos/PackageFrameworks -F/tmp/picpac-phase3-layout-final-build-e6c0c65c9c5a-20260925T105458Z/iphoneos/Build/Products/Debug-iphoneos/PackageFrameworks -F/tmp/picpac-phase3-layout-final-build-e6c0c65c9c5a-20260925T105458Z/iphoneos/Build/Products/Debug-iphoneos -filelist /tmp/picpac-phase3-layout-final-build-e6c0c65c9c5a-20260925T105458Z/iphoneos/Build/Intermediates.noindex/PicPacPoe.build/Debug-iphoneos/PicPacPoe.build/Objects-normal/arm64/PicPacPoe.LinkFileList -install_name @rpath/PicPacPoe.debug.dylib -Xlinker -rpath -Xlinker /usr/lib/swift -Xlinker -rpath -Xlinker /tmp/picpac-phase3-layout-final-build-e6c0c65c9c5a-20260925T105458Z/iphoneos/Build/Products/Debug-iphoneos/PackageFrameworks -Xlinker -dead_strip -Xlinker -object_path_lto -Xlinker /tmp/picpac-phase3-layout-final-build-e6c0c65c9c5a-20260925T105458Z/iphoneos/Build/Intermediates.noindex/PicPacPoe.build/Debug-iphoneos/PicPacPoe.build/Objects-normal/arm64/PicPacPoe_lto.o -rdynamic -Xlinker -no_deduplicate -Xlinker -dependency_info -Xlinker /tmp/picpac-phase3-layout-final-build-e6c0c65c9c5a-20260925T105458Z/iphoneos/Build/Intermediates.noindex/PicPacPoe.build/Debug-iphoneos/PicPacPoe.build/Objects-normal/arm64/PicPacPoe_dependency_info.dat -fobjc-link-runtime -L/Applications/Xcode.app/Contents/Developer/Toolchains/XcodeDefault.xctoolchain/usr/lib/swift/iphoneos -L/usr/lib/swift -Xlinker -add_ast_path -Xlinker /tmp/picpac-phase3-layout-final-build-e6c0c65c9c5a-20260925T105458Z/iphoneos/Build/Intermediates.noindex/PicPacPoe.build/Debug-iphoneos/PicPacPoe.build/Objects-normal/arm64/PicPacPoe.swiftmodule @/tmp/picpac-phase3-layout-final-build-e6c0c65c9c5a-20260925T105458Z/iphoneos/Build/Intermediates.noindex/PicPacPoe.build/Debug-iphoneos/PicPacPoe.build/Objects-normal/arm64/PicPacPoe-linker-args.resp -Wl,-no_warn_duplicate_libraries -Wl,-no_warn_duplicate_libraries -Wl,-no_warn_duplicate_libraries -Xlinker -alias -Xlinker _main -Xlinker ___debug_main_executable_dylib_entry_point -o /tmp/picpac-phase3-layout-final-build-e6c0c65c9c5a-20260925T105458Z/iphoneos/Build/Products/Debug-iphoneos/PicPacPoe.app/PicPacPoe.debug.dylib -Xlinker -add_ast_path -Xlinker /tmp/picpac-phase3-layout-final-build-e6c0c65c9c5a-20260925T105458Z/iphoneos/Build/Intermediates.noindex/PicPacKit.build/Debug-iphoneos/PicPacPresentation.build/Objects-normal/arm64/PicPacPresentation.swiftmodule @/tmp/picpac-phase3-layout-final-build-e6c0c65c9c5a-20260925T105458Z/iphoneos/Build/Intermediates.noindex/PicPacKit.build/Debug-iphoneos/PicPacPresentation.build/Objects-normal/arm64/PicPacPresentation-linker-args.resp -Xlinker -add_ast_path -Xlinker /tmp/picpac-phase3-layout-final-build-e6c0c65c9c5a-20260925T105458Z/iphoneos/Build/Intermediates.noindex/PicPacKit.build/Debug-iphoneos/PicPacCore.build/Objects-normal/arm64/PicPacCore.swiftmodule @/tmp/picpac-phase3-layout-final-build-e6c0c65c9c5a-20260925T105458Z/iphoneos/Build/Intermediates.noindex/PicPacKit.build/Debug-iphoneos/PicPacCore.build/Objects-normal/arm64/PicPacCore-linker-args.resp -Xlinker -add_ast_path -Xlinker /tmp/picpac-phase3-layout-final-build-e6c0c65c9c5a-20260925T105458Z/iphoneos/Build/Intermediates.noindex/PicPacKit.build/Debug-iphoneos/PicPacAI.build/Objects-normal/arm64/PicPacAI.swiftmodule @/tmp/picpac-phase3-layout-final-build-e6c0c65c9c5a-20260925T105458Z/iphoneos/Build/Intermediates.noindex/PicPacKit.build/Debug-iphoneos/PicPacAI.build/Objects-normal/arm64/PicPacAI-linker-args.resp

ConstructStubExecutorLinkFileList /tmp/picpac-phase3-layout-final-build-e6c0c65c9c5a-20260925T105458Z/iphoneos/Build/Intermediates.noindex/PicPacPoe.build/Debug-iphoneos/PicPacPoe.build/PicPacPoe-ExecutorLinkFileList-normal-arm64.txt (in target 'PicPacPoe' from project 'PicPacPoe')
    cd /Users/bavabangaru/Developer/pic-pac-poe-ios-native-parity/ios
    construct-stub-executor-link-file-list /tmp/picpac-phase3-layout-final-build-e6c0c65c9c5a-20260925T105458Z/iphoneos/Build/Products/Debug-iphoneos/PicPacPoe.app/PicPacPoe.debug.dylib /Applications/Xcode.app/Contents/Developer/Platforms/iPhoneOS.platform/Developer/usr/lib/libPreviewsJITStubExecutor_no_swift_entry_point.a /Applications/Xcode.app/Contents/Developer/Platforms/iPhoneOS.platform/Developer/usr/lib/libPreviewsJITStubExecutor.a --output /tmp/picpac-phase3-layout-final-build-e6c0c65c9c5a-20260925T105458Z/iphoneos/Build/Intermediates.noindex/PicPacPoe.build/Debug-iphoneos/PicPacPoe.build/PicPacPoe-ExecutorLinkFileList-normal-arm64.txt
note: Using stub executor library with Swift entry point. (in target 'PicPacPoe' from project 'PicPacPoe')

Ld /tmp/picpac-phase3-layout-final-build-e6c0c65c9c5a-20260925T105458Z/iphoneos/Build/Products/Debug-iphoneos/PicPacPoe.app/PicPacPoe normal (in target 'PicPacPoe' from project 'PicPacPoe')
    cd /Users/bavabangaru/Developer/pic-pac-poe-ios-native-parity/ios
    /Applications/Xcode.app/Contents/Developer/Toolchains/XcodeDefault.xctoolchain/usr/bin/clang -Xlinker -reproducible -target arm64-apple-ios17.0 -isysroot /Applications/Xcode.app/Contents/Developer/Platforms/iPhoneOS.platform/Developer/SDKs/iPhoneOS26.5.sdk -O0 -L/tmp/picpac-phase3-layout-final-build-e6c0c65c9c5a-20260925T105458Z/iphoneos/Build/Products/Debug-iphoneos -F/tmp/picpac-phase3-layout-final-build-e6c0c65c9c5a-20260925T105458Z/iphoneos/Build/Products/Debug-iphoneos/PackageFrameworks -F/tmp/picpac-phase3-layout-final-build-e6c0c65c9c5a-20260925T105458Z/iphoneos/Build/Products/Debug-iphoneos/PackageFrameworks -F/tmp/picpac-phase3-layout-final-build-e6c0c65c9c5a-20260925T105458Z/iphoneos/Build/Products/Debug-iphoneos/PackageFrameworks -F/tmp/picpac-phase3-layout-final-build-e6c0c65c9c5a-20260925T105458Z/iphoneos/Build/Products/Debug-iphoneos -Xlinker -rpath -Xlinker @executable_path -Xlinker -rpath -Xlinker /tmp/picpac-phase3-layout-final-build-e6c0c65c9c5a-20260925T105458Z/iphoneos/Build/Products/Debug-iphoneos/PackageFrameworks -rdynamic -Xlinker -no_deduplicate -e ___debug_blank_executor_main -Xlinker -sectcreate -Xlinker __TEXT -Xlinker __debug_dylib -Xlinker /tmp/picpac-phase3-layout-final-build-e6c0c65c9c5a-20260925T105458Z/iphoneos/Build/Intermediates.noindex/PicPacPoe.build/Debug-iphoneos/PicPacPoe.build/PicPacPoe-DebugDylibPath-normal-arm64.txt -Xlinker -sectcreate -Xlinker __TEXT -Xlinker __debug_instlnm -Xlinker /tmp/picpac-phase3-layout-final-build-e6c0c65c9c5a-20260925T105458Z/iphoneos/Build/Intermediates.noindex/PicPacPoe.build/Debug-iphoneos/PicPacPoe.build/PicPacPoe-DebugDylibInstallName-normal-arm64.txt -Xlinker -filelist -Xlinker /tmp/picpac-phase3-layout-final-build-e6c0c65c9c5a-20260925T105458Z/iphoneos/Build/Intermediates.noindex/PicPacPoe.build/Debug-iphoneos/PicPacPoe.build/PicPacPoe-ExecutorLinkFileList-normal-arm64.txt /tmp/picpac-phase3-layout-final-build-e6c0c65c9c5a-20260925T105458Z/iphoneos/Build/Products/Debug-iphoneos/PicPacPoe.app/PicPacPoe.debug.dylib -o /tmp/picpac-phase3-layout-final-build-e6c0c65c9c5a-20260925T105458Z/iphoneos/Build/Products/Debug-iphoneos/PicPacPoe.app/PicPacPoe

CopySwiftLibs /tmp/picpac-phase3-layout-final-build-e6c0c65c9c5a-20260925T105458Z/iphoneos/Build/Products/Debug-iphoneos/PicPacPoe.app (in target 'PicPacPoe' from project 'PicPacPoe')
    cd /Users/bavabangaru/Developer/pic-pac-poe-ios-native-parity/ios
    builtin-swiftStdLibTool --copy --verbose --scan-executable /tmp/picpac-phase3-layout-final-build-e6c0c65c9c5a-20260925T105458Z/iphoneos/Build/Products/Debug-iphoneos/PicPacPoe.app/PicPacPoe.debug.dylib --scan-folder /tmp/picpac-phase3-layout-final-build-e6c0c65c9c5a-20260925T105458Z/iphoneos/Build/Products/Debug-iphoneos/PicPacPoe.app/Frameworks --scan-folder /tmp/picpac-phase3-layout-final-build-e6c0c65c9c5a-20260925T105458Z/iphoneos/Build/Products/Debug-iphoneos/PicPacPoe.app/PlugIns --scan-folder /tmp/picpac-phase3-layout-final-build-e6c0c65c9c5a-20260925T105458Z/iphoneos/Build/Products/Debug-iphoneos/PicPacPoe.app/SystemExtensions --scan-folder /tmp/picpac-phase3-layout-final-build-e6c0c65c9c5a-20260925T105458Z/iphoneos/Build/Products/Debug-iphoneos/PicPacPoe.app/Extensions --platform iphoneos --toolchain /Applications/Xcode.app/Contents/Developer/Toolchains/XcodeDefault.xctoolchain --destination /tmp/picpac-phase3-layout-final-build-e6c0c65c9c5a-20260925T105458Z/iphoneos/Build/Products/Debug-iphoneos/PicPacPoe.app/Frameworks --strip-bitcode --strip-bitcode-tool /Applications/Xcode.app/Contents/Developer/Toolchains/XcodeDefault.xctoolchain/usr/bin/bitcode_strip --emit-dependency-info /tmp/picpac-phase3-layout-final-build-e6c0c65c9c5a-20260925T105458Z/iphoneos/Build/Intermediates.noindex/PicPacPoe.build/Debug-iphoneos/PicPacPoe.build/SwiftStdLibToolInputDependencies.dep --filter-for-swift-os --back-deploy-swift-span
Ignoring --strip-bitcode because --sign was not passed

ExtractAppIntentsMetadata (in target 'PicPacPoe' from project 'PicPacPoe')
    cd /Users/bavabangaru/Developer/pic-pac-poe-ios-native-parity/ios
    /Applications/Xcode.app/Contents/Developer/Toolchains/XcodeDefault.xctoolchain/usr/bin/appintentsmetadataprocessor --toolchain-dir /Applications/Xcode.app/Contents/Developer/Toolchains/XcodeDefault.xctoolchain --module-name PicPacPoe --sdk-root /Applications/Xcode.app/Contents/Developer/Platforms/iPhoneOS.platform/Developer/SDKs/iPhoneOS26.5.sdk --xcode-version 17F113 --platform-family iOS --deployment-target 17.0 --bundle-identifier dev.saipranith.picpacpoe --output /tmp/picpac-phase3-layout-final-build-e6c0c65c9c5a-20260925T105458Z/iphoneos/Build/Products/Debug-iphoneos/PicPacPoe.app --target-triple arm64-apple-ios17.0 --binary-file /tmp/picpac-phase3-layout-final-build-e6c0c65c9c5a-20260925T105458Z/iphoneos/Build/Products/Debug-iphoneos/PicPacPoe.app/PicPacPoe --dependency-file /tmp/picpac-phase3-layout-final-build-e6c0c65c9c5a-20260925T105458Z/iphoneos/Build/Intermediates.noindex/PicPacPoe.build/Debug-iphoneos/PicPacPoe.build/Objects-normal/arm64/PicPacPoe_dependency_info.dat --stringsdata-file /tmp/picpac-phase3-layout-final-build-e6c0c65c9c5a-20260925T105458Z/iphoneos/Build/Intermediates.noindex/PicPacPoe.build/Debug-iphoneos/PicPacPoe.build/Objects-normal/arm64/ExtractedAppShortcutsMetadata.stringsdata --source-file-list /tmp/picpac-phase3-layout-final-build-e6c0c65c9c5a-20260925T105458Z/iphoneos/Build/Intermediates.noindex/PicPacPoe.build/Debug-iphoneos/PicPacPoe.build/Objects-normal/arm64/PicPacPoe.SwiftFileList --metadata-file-list /tmp/picpac-phase3-layout-final-build-e6c0c65c9c5a-20260925T105458Z/iphoneos/Build/Intermediates.noindex/PicPacPoe.build/Debug-iphoneos/PicPacPoe.build/PicPacPoe.DependencyMetadataFileList --static-metadata-file-list /tmp/picpac-phase3-layout-final-build-e6c0c65c9c5a-20260925T105458Z/iphoneos/Build/Intermediates.noindex/PicPacPoe.build/Debug-iphoneos/PicPacPoe.build/PicPacPoe.DependencyStaticMetadataFileList --swift-const-vals-list /tmp/picpac-phase3-layout-final-build-e6c0c65c9c5a-20260925T105458Z/iphoneos/Build/Intermediates.noindex/PicPacPoe.build/Debug-iphoneos/PicPacPoe.build/Objects-normal/arm64/PicPacPoe.SwiftConstValuesFileList --compile-time-extraction --deployment-aware-processing --validate-assistant-intents --no-app-shortcuts-localization
2026-09-25 06:55:42.745 appintentsmetadataprocessor[17260:116146865] Starting appintentsmetadataprocessor export
2026-09-25 06:55:42.747 appintentsmetadataprocessor[17260:116146865] warning: Metadata extraction skipped. No AppIntents.framework dependency found.

AppIntentsSSUTraining (in target 'PicPacPoe' from project 'PicPacPoe')
    cd /Users/bavabangaru/Developer/pic-pac-poe-ios-native-parity/ios
    /Applications/Xcode.app/Contents/Developer/Toolchains/XcodeDefault.xctoolchain/usr/bin/appintentsnltrainingprocessor --infoplist-path /tmp/picpac-phase3-layout-final-build-e6c0c65c9c5a-20260925T105458Z/iphoneos/Build/Products/Debug-iphoneos/PicPacPoe.app/Info.plist --temp-dir-path /tmp/picpac-phase3-layout-final-build-e6c0c65c9c5a-20260925T105458Z/iphoneos/Build/Intermediates.noindex/PicPacPoe.build/Debug-iphoneos/PicPacPoe.build/ssu --bundle-id dev.saipranith.picpacpoe --product-path /tmp/picpac-phase3-layout-final-build-e6c0c65c9c5a-20260925T105458Z/iphoneos/Build/Products/Debug-iphoneos/PicPacPoe.app --extracted-metadata-path /tmp/picpac-phase3-layout-final-build-e6c0c65c9c5a-20260925T105458Z/iphoneos/Build/Products/Debug-iphoneos/PicPacPoe.app/Metadata.appintents --metadata-file-list /tmp/picpac-phase3-layout-final-build-e6c0c65c9c5a-20260925T105458Z/iphoneos/Build/Intermediates.noindex/PicPacPoe.build/Debug-iphoneos/PicPacPoe.build/PicPacPoe.DependencyMetadataFileList --source-file /tmp/picpac-phase3-layout-final-build-e6c0c65c9c5a-20260925T105458Z/iphoneos/Build/Products/Debug-iphoneos/PicPacPoe.app/Info.plist --archive-ssu-assets
2026-09-25 06:55:42.764 appintentsnltrainingprocessor[17261:116146866] Parsing options for appintentsnltrainingprocessor
2026-09-25 06:55:42.764 appintentsnltrainingprocessor[17261:116146866] Starting AppIntents SSU YAML Generation
2026-09-25 06:55:42.764 appintentsnltrainingprocessor[17261:116146866] No AppShortcuts found - Skipping.

RegisterExecutionPolicyException /tmp/picpac-phase3-layout-final-build-e6c0c65c9c5a-20260925T105458Z/iphoneos/Build/Products/Debug-iphoneos/PicPacPoe.app (in target 'PicPacPoe' from project 'PicPacPoe')
    cd /Users/bavabangaru/Developer/pic-pac-poe-ios-native-parity/ios
    builtin-RegisterExecutionPolicyException /tmp/picpac-phase3-layout-final-build-e6c0c65c9c5a-20260925T105458Z/iphoneos/Build/Products/Debug-iphoneos/PicPacPoe.app

Validate /tmp/picpac-phase3-layout-final-build-e6c0c65c9c5a-20260925T105458Z/iphoneos/Build/Products/Debug-iphoneos/PicPacPoe.app (in target 'PicPacPoe' from project 'PicPacPoe')
    cd /Users/bavabangaru/Developer/pic-pac-poe-ios-native-parity/ios
    builtin-validationUtility /tmp/picpac-phase3-layout-final-build-e6c0c65c9c5a-20260925T105458Z/iphoneos/Build/Products/Debug-iphoneos/PicPacPoe.app -shallow-bundle -infoplist-subpath Info.plist

Touch /tmp/picpac-phase3-layout-final-build-e6c0c65c9c5a-20260925T105458Z/iphoneos/Build/Products/Debug-iphoneos/PicPacPoe.app (in target 'PicPacPoe' from project 'PicPacPoe')
    cd /Users/bavabangaru/Developer/pic-pac-poe-ios-native-parity/ios
    /usr/bin/touch -c /tmp/picpac-phase3-layout-final-build-e6c0c65c9c5a-20260925T105458Z/iphoneos/Build/Products/Debug-iphoneos/PicPacPoe.app

** BUILD SUCCEEDED **

