Command line invocation:
    /Applications/Xcode.app/Contents/Developer/usr/bin/xcodebuild -project /Users/bavabangaru/Developer/pic-pac-poe-ios-native-parity/ios/PicPacPoe.xcodeproj -scheme PicPacPoe -configuration Release -destination generic/platform=iOS -derivedDataPath /tmp/picpac-phase3-layout-final-build-e6c0c65c9c5a-20260925T105458Z/iphoneos CODE_SIGNING_ALLOWED=NO CODE_SIGNING_REQUIRED=NO ENABLE_CODE_COVERAGE=NO CLANG_ENABLE_CODE_COVERAGE=NO CLANG_COVERAGE_MAPPING=NO build

Build settings from command line:
    CLANG_COVERAGE_MAPPING = NO
    CLANG_ENABLE_CODE_COVERAGE = NO
    CODE_SIGNING_ALLOWED = NO
    CODE_SIGNING_REQUIRED = NO
    ENABLE_CODE_COVERAGE = NO

Resolve Package Graph


Resolved source packages:
  PicPacKit: /Users/bavabangaru/Developer/pic-pac-poe-ios-native-parity/ios/Packages/PicPacKit @ local

ComputePackagePrebuildTargetDependencyGraph

Prepare packages

CreateBuildRequest

SendProjectDescription

CreateBuildOperation

ComputeTargetDependencyGraph
note: Building targets in dependency order
note: Target dependency graph (7 targets)
    Target 'PicPacPoe' in project 'PicPacPoe'
        ➜ Explicit dependency on target 'PicPacPresentation' in project 'PicPacKit'
        ➜ Explicit dependency on target 'PicPacAI' in project 'PicPacKit'
    Target 'PicPacAI' in project 'PicPacKit'
        ➜ Explicit dependency on target 'PicPacAI' in project 'PicPacKit'
        ➜ Explicit dependency on target 'PicPacKit_PicPacAI' in project 'PicPacKit'
        ➜ Explicit dependency on target 'PicPacCore' in project 'PicPacKit'
    Target 'PicPacAI' in project 'PicPacKit'
        ➜ Explicit dependency on target 'PicPacKit_PicPacAI' in project 'PicPacKit'
        ➜ Explicit dependency on target 'PicPacCore' in project 'PicPacKit'
    Target 'PicPacKit_PicPacAI' in project 'PicPacKit' (no dependencies)
    Target 'PicPacPresentation' in project 'PicPacKit'
        ➜ Explicit dependency on target 'PicPacPresentation' in project 'PicPacKit'
        ➜ Explicit dependency on target 'PicPacCore' in project 'PicPacKit'
    Target 'PicPacPresentation' in project 'PicPacKit'
        ➜ Explicit dependency on target 'PicPacCore' in project 'PicPacKit'
    Target 'PicPacCore' in project 'PicPacKit' (no dependencies)

GatherProvisioningInputs

CreateBuildDescription

ExecuteExternalTool /Applications/Xcode.app/Contents/Developer/Toolchains/XcodeDefault.xctoolchain/usr/bin/swiftc --version

ExecuteExternalTool /Applications/Xcode.app/Contents/Developer/Toolchains/XcodeDefault.xctoolchain/usr/bin/clang -v -E -dM -isysroot /Applications/Xcode.app/Contents/Developer/Platforms/iPhoneOS.platform/Developer/SDKs/iPhoneOS26.5.sdk -x c -c /dev/null

ExecuteExternalTool /Applications/Xcode.app/Contents/Developer/usr/bin/actool --print-asset-tag-combinations --output-format xml1 /Users/bavabangaru/Developer/pic-pac-poe-ios-native-parity/ios/PicPacPoe/Assets.xcassets

ExecuteExternalTool /Applications/Xcode.app/Contents/Developer/usr/bin/actool --version --output-format xml1

ExecuteExternalTool /Applications/Xcode.app/Contents/Developer/Toolchains/XcodeDefault.xctoolchain/usr/bin/ld -version_details

Build description signature: 4cdb3b2ea281b5d3a47164872ead35ed
Build description path: /tmp/picpac-phase3-layout-final-build-e6c0c65c9c5a-20260925T105458Z/iphoneos/Build/Intermediates.noindex/XCBuildData/4cdb3b2ea281b5d3a47164872ead35ed.xcbuilddata
CreateBuildDirectory /tmp/picpac-phase3-layout-final-build-e6c0c65c9c5a-20260925T105458Z/iphoneos/Build/Products/Release-iphoneos
    cd /Users/bavabangaru/Developer/pic-pac-poe-ios-native-parity/ios/PicPacPoe.xcodeproj
    builtin-create-build-directory /tmp/picpac-phase3-layout-final-build-e6c0c65c9c5a-20260925T105458Z/iphoneos/Build/Products/Release-iphoneos

CreateBuildDirectory /tmp/picpac-phase3-layout-final-build-e6c0c65c9c5a-20260925T105458Z/iphoneos/Build/Intermediates.noindex/EagerLinkingTBDs/Release-iphoneos
    cd /Users/bavabangaru/Developer/pic-pac-poe-ios-native-parity/ios/PicPacPoe.xcodeproj
    builtin-create-build-directory /tmp/picpac-phase3-layout-final-build-e6c0c65c9c5a-20260925T105458Z/iphoneos/Build/Intermediates.noindex/EagerLinkingTBDs/Release-iphoneos

ClangStatCache /Applications/Xcode.app/Contents/Developer/Toolchains/XcodeDefault.xctoolchain/usr/bin/clang-stat-cache /Applications/Xcode.app/Contents/Developer/Platforms/iPhoneOS.platform/Developer/SDKs/iPhoneOS26.5.sdk /tmp/picpac-phase3-layout-final-build-e6c0c65c9c5a-20260925T105458Z/iphoneos/SDKStatCaches.noindex/iphoneos26.5-23F81a-32daed1954a7d5dd0789fcaf2a9bb78b.sdkstatcache
    cd /Users/bavabangaru/Developer/pic-pac-poe-ios-native-parity/ios/PicPacPoe.xcodeproj
    /Applications/Xcode.app/Contents/Developer/Toolchains/XcodeDefault.xctoolchain/usr/bin/clang-stat-cache /Applications/Xcode.app/Contents/Developer/Platforms/iPhoneOS.platform/Developer/SDKs/iPhoneOS26.5.sdk -o /tmp/picpac-phase3-layout-final-build-e6c0c65c9c5a-20260925T105458Z/iphoneos/SDKStatCaches.noindex/iphoneos26.5-23F81a-32daed1954a7d5dd0789fcaf2a9bb78b.sdkstatcache

WriteAuxiliaryFile /tmp/picpac-phase3-layout-final-build-e6c0c65c9c5a-20260925T105458Z/iphoneos/Build/Intermediates.noindex/PicPacPoe.build/Release-iphoneos/PicPacPoe-90eff2f9d9e8600d7e53134acd1cb833-VFS-iphoneos/all-product-headers.yaml
    cd /Users/bavabangaru/Developer/pic-pac-poe-ios-native-parity/ios/PicPacPoe.xcodeproj
    write-file /tmp/picpac-phase3-layout-final-build-e6c0c65c9c5a-20260925T105458Z/iphoneos/Build/Intermediates.noindex/PicPacPoe.build/Release-iphoneos/PicPacPoe-90eff2f9d9e8600d7e53134acd1cb833-VFS-iphoneos/all-product-headers.yaml

CreateBuildDirectory /tmp/picpac-phase3-layout-final-build-e6c0c65c9c5a-20260925T105458Z/iphoneos/Build/Products/Release-iphoneos/PackageFrameworks
    cd /Users/bavabangaru/Developer/pic-pac-poe-ios-native-parity/ios/PicPacPoe.xcodeproj
    builtin-create-build-directory /tmp/picpac-phase3-layout-final-build-e6c0c65c9c5a-20260925T105458Z/iphoneos/Build/Products/Release-iphoneos/PackageFrameworks

WriteAuxiliaryFile /tmp/picpac-phase3-layout-final-build-e6c0c65c9c5a-20260925T105458Z/iphoneos/Build/Intermediates.noindex/PicPacPoe.build/Release-iphoneos/PicPacPoe.build/PicPacPoe-generated-files.hmap (in target 'PicPacPoe' from project 'PicPacPoe')
    cd /Users/bavabangaru/Developer/pic-pac-poe-ios-native-parity/ios
    write-file /tmp/picpac-phase3-layout-final-build-e6c0c65c9c5a-20260925T105458Z/iphoneos/Build/Intermediates.noindex/PicPacPoe.build/Release-iphoneos/PicPacPoe.build/PicPacPoe-generated-files.hmap

WriteAuxiliaryFile /tmp/picpac-phase3-layout-final-build-e6c0c65c9c5a-20260925T105458Z/iphoneos/Build/Intermediates.noindex/PicPacPoe.build/Release-iphoneos/PicPacPoe.build/PicPacPoe.hmap (in target 'PicPacPoe' from project 'PicPacPoe')
    cd /Users/bavabangaru/Developer/pic-pac-poe-ios-native-parity/ios
    write-file /tmp/picpac-phase3-layout-final-build-e6c0c65c9c5a-20260925T105458Z/iphoneos/Build/Intermediates.noindex/PicPacPoe.build/Release-iphoneos/PicPacPoe.build/PicPacPoe.hmap

WriteAuxiliaryFile /tmp/picpac-phase3-layout-final-build-e6c0c65c9c5a-20260925T105458Z/iphoneos/Build/Intermediates.noindex/PicPacPoe.build/Release-iphoneos/PicPacPoe.build/PicPacPoe-all-target-headers.hmap (in target 'PicPacPoe' from project 'PicPacPoe')
    cd /Users/bavabangaru/Developer/pic-pac-poe-ios-native-parity/ios
    write-file /tmp/picpac-phase3-layout-final-build-e6c0c65c9c5a-20260925T105458Z/iphoneos/Build/Intermediates.noindex/PicPacPoe.build/Release-iphoneos/PicPacPoe.build/PicPacPoe-all-target-headers.hmap

WriteAuxiliaryFile /tmp/picpac-phase3-layout-final-build-e6c0c65c9c5a-20260925T105458Z/iphoneos/Build/Intermediates.noindex/PicPacPoe.build/Release-iphoneos/PicPacPoe.build/PicPacPoe-project-headers.hmap (in target 'PicPacPoe' from project 'PicPacPoe')
    cd /Users/bavabangaru/Developer/pic-pac-poe-ios-native-parity/ios
    write-file /tmp/picpac-phase3-layout-final-build-e6c0c65c9c5a-20260925T105458Z/iphoneos/Build/Intermediates.noindex/PicPacPoe.build/Release-iphoneos/PicPacPoe.build/PicPacPoe-project-headers.hmap

WriteAuxiliaryFile /tmp/picpac-phase3-layout-final-build-e6c0c65c9c5a-20260925T105458Z/iphoneos/Build/Intermediates.noindex/PicPacPoe.build/Release-iphoneos/PicPacPoe.build/PicPacPoe-all-non-framework-target-headers.hmap (in target 'PicPacPoe' from project 'PicPacPoe')
    cd /Users/bavabangaru/Developer/pic-pac-poe-ios-native-parity/ios
    write-file /tmp/picpac-phase3-layout-final-build-e6c0c65c9c5a-20260925T105458Z/iphoneos/Build/Intermediates.noindex/PicPacPoe.build/Release-iphoneos/PicPacPoe.build/PicPacPoe-all-non-framework-target-headers.hmap

WriteAuxiliaryFile /tmp/picpac-phase3-layout-final-build-e6c0c65c9c5a-20260925T105458Z/iphoneos/Build/Intermediates.noindex/PicPacPoe.build/Release-iphoneos/PicPacPoe.build/PicPacPoe-own-target-headers.hmap (in target 'PicPacPoe' from project 'PicPacPoe')
    cd /Users/bavabangaru/Developer/pic-pac-poe-ios-native-parity/ios
    write-file /tmp/picpac-phase3-layout-final-build-e6c0c65c9c5a-20260925T105458Z/iphoneos/Build/Intermediates.noindex/PicPacPoe.build/Release-iphoneos/PicPacPoe.build/PicPacPoe-own-target-headers.hmap

WriteAuxiliaryFile /tmp/picpac-phase3-layout-final-build-e6c0c65c9c5a-20260925T105458Z/iphoneos/Build/Intermediates.noindex/PicPacKit.build/Release-iphoneos/PicPacPresentation.build/PicPacPresentation.DependencyMetadataFileList (in target 'PicPacPresentation' from project 'PicPacKit')
    cd /Users/bavabangaru/Developer/pic-pac-poe-ios-native-parity/ios/Packages/PicPacKit
    write-file /tmp/picpac-phase3-layout-final-build-e6c0c65c9c5a-20260925T105458Z/iphoneos/Build/Intermediates.noindex/PicPacKit.build/Release-iphoneos/PicPacPresentation.build/PicPacPresentation.DependencyMetadataFileList

WriteAuxiliaryFile /tmp/picpac-phase3-layout-final-build-e6c0c65c9c5a-20260925T105458Z/iphoneos/Build/Intermediates.noindex/PicPacKit.build/Release-iphoneos/PicPacPresentation.build/PicPacPresentation.modulemap (in target 'PicPacPresentation' from project 'PicPacKit')
    cd /Users/bavabangaru/Developer/pic-pac-poe-ios-native-parity/ios/Packages/PicPacKit
    write-file /tmp/picpac-phase3-layout-final-build-e6c0c65c9c5a-20260925T105458Z/iphoneos/Build/Intermediates.noindex/PicPacKit.build/Release-iphoneos/PicPacPresentation.build/PicPacPresentation.modulemap

WriteAuxiliaryFile /tmp/picpac-phase3-layout-final-build-e6c0c65c9c5a-20260925T105458Z/iphoneos/Build/Intermediates.noindex/PicPacKit.build/Release-iphoneos/PicPacPresentation.build/PicPacPresentation.DependencyStaticMetadataFileList (in target 'PicPacPresentation' from project 'PicPacKit')
    cd /Users/bavabangaru/Developer/pic-pac-poe-ios-native-parity/ios/Packages/PicPacKit
    write-file /tmp/picpac-phase3-layout-final-build-e6c0c65c9c5a-20260925T105458Z/iphoneos/Build/Intermediates.noindex/PicPacKit.build/Release-iphoneos/PicPacPresentation.build/PicPacPresentation.DependencyStaticMetadataFileList

WriteAuxiliaryFile /tmp/picpac-phase3-layout-final-build-e6c0c65c9c5a-20260925T105458Z/iphoneos/Build/Intermediates.noindex/PicPacKit.build/Release-iphoneos/PicPacPresentation.build/Objects-normal/arm64/PicPacPresentation_const_extract_protocols.json (in target 'PicPacPresentation' from project 'PicPacKit')
    cd /Users/bavabangaru/Developer/pic-pac-poe-ios-native-parity/ios/Packages/PicPacKit
    write-file /tmp/picpac-phase3-layout-final-build-e6c0c65c9c5a-20260925T105458Z/iphoneos/Build/Intermediates.noindex/PicPacKit.build/Release-iphoneos/PicPacPresentation.build/Objects-normal/arm64/PicPacPresentation_const_extract_protocols.json

WriteAuxiliaryFile /tmp/picpac-phase3-layout-final-build-e6c0c65c9c5a-20260925T105458Z/iphoneos/Build/Intermediates.noindex/PicPacKit.build/Release-iphoneos/PicPacPresentation.build/Objects-normal/arm64/PicPacPresentation.SwiftFileList (in target 'PicPacPresentation' from project 'PicPacKit')
    cd /Users/bavabangaru/Developer/pic-pac-poe-ios-native-parity/ios/Packages/PicPacKit
    write-file /tmp/picpac-phase3-layout-final-build-e6c0c65c9c5a-20260925T105458Z/iphoneos/Build/Intermediates.noindex/PicPacKit.build/Release-iphoneos/PicPacPresentation.build/Objects-normal/arm64/PicPacPresentation.SwiftFileList

WriteAuxiliaryFile /tmp/picpac-phase3-layout-final-build-e6c0c65c9c5a-20260925T105458Z/iphoneos/Build/Intermediates.noindex/PicPacKit.build/Release-iphoneos/PicPacPresentation.build/Objects-normal/arm64/PicPacPresentation.SwiftConstValuesFileList (in target 'PicPacPresentation' from project 'PicPacKit')
    cd /Users/bavabangaru/Developer/pic-pac-poe-ios-native-parity/ios/Packages/PicPacKit
    write-file /tmp/picpac-phase3-layout-final-build-e6c0c65c9c5a-20260925T105458Z/iphoneos/Build/Intermediates.noindex/PicPacKit.build/Release-iphoneos/PicPacPresentation.build/Objects-normal/arm64/PicPacPresentation.SwiftConstValuesFileList

WriteAuxiliaryFile /tmp/picpac-phase3-layout-final-build-e6c0c65c9c5a-20260925T105458Z/iphoneos/Build/Intermediates.noindex/PicPacKit.build/Release-iphoneos/PicPacPresentation.build/Objects-normal/arm64/PicPacPresentation.LinkFileList (in target 'PicPacPresentation' from project 'PicPacKit')
    cd /Users/bavabangaru/Developer/pic-pac-poe-ios-native-parity/ios/Packages/PicPacKit
    write-file /tmp/picpac-phase3-layout-final-build-e6c0c65c9c5a-20260925T105458Z/iphoneos/Build/Intermediates.noindex/PicPacKit.build/Release-iphoneos/PicPacPresentation.build/Objects-normal/arm64/PicPacPresentation.LinkFileList

WriteAuxiliaryFile /tmp/picpac-phase3-layout-final-build-e6c0c65c9c5a-20260925T105458Z/iphoneos/Build/Intermediates.noindex/PicPacKit.build/Release-iphoneos/PicPacPresentation.build/Objects-normal/arm64/PicPacPresentation-OutputFileMap.json (in target 'PicPacPresentation' from project 'PicPacKit')
    cd /Users/bavabangaru/Developer/pic-pac-poe-ios-native-parity/ios/Packages/PicPacKit
    write-file /tmp/picpac-phase3-layout-final-build-e6c0c65c9c5a-20260925T105458Z/iphoneos/Build/Intermediates.noindex/PicPacKit.build/Release-iphoneos/PicPacPresentation.build/Objects-normal/arm64/PicPacPresentation-OutputFileMap.json

WriteAuxiliaryFile /tmp/picpac-phase3-layout-final-build-e6c0c65c9c5a-20260925T105458Z/iphoneos/Build/Intermediates.noindex/PicPacPoe.build/Release-iphoneos/PicPacPoe.build/PicPacPoe.DependencyStaticMetadataFileList (in target 'PicPacPoe' from project 'PicPacPoe')
    cd /Users/bavabangaru/Developer/pic-pac-poe-ios-native-parity/ios
    write-file /tmp/picpac-phase3-layout-final-build-e6c0c65c9c5a-20260925T105458Z/iphoneos/Build/Intermediates.noindex/PicPacPoe.build/Release-iphoneos/PicPacPoe.build/PicPacPoe.DependencyStaticMetadataFileList

WriteAuxiliaryFile /tmp/picpac-phase3-layout-final-build-e6c0c65c9c5a-20260925T105458Z/iphoneos/Build/Intermediates.noindex/PicPacPoe.build/Release-iphoneos/PicPacPoe.build/PicPacPoe.DependencyMetadataFileList (in target 'PicPacPoe' from project 'PicPacPoe')
    cd /Users/bavabangaru/Developer/pic-pac-poe-ios-native-parity/ios
    write-file /tmp/picpac-phase3-layout-final-build-e6c0c65c9c5a-20260925T105458Z/iphoneos/Build/Intermediates.noindex/PicPacPoe.build/Release-iphoneos/PicPacPoe.build/PicPacPoe.DependencyMetadataFileList

WriteAuxiliaryFile /tmp/picpac-phase3-layout-final-build-e6c0c65c9c5a-20260925T105458Z/iphoneos/Build/Intermediates.noindex/PicPacPoe.build/Release-iphoneos/PicPacPoe.build/Objects-normal/arm64/PicPacPoe_const_extract_protocols.json (in target 'PicPacPoe' from project 'PicPacPoe')
    cd /Users/bavabangaru/Developer/pic-pac-poe-ios-native-parity/ios
    write-file /tmp/picpac-phase3-layout-final-build-e6c0c65c9c5a-20260925T105458Z/iphoneos/Build/Intermediates.noindex/PicPacPoe.build/Release-iphoneos/PicPacPoe.build/Objects-normal/arm64/PicPacPoe_const_extract_protocols.json

WriteAuxiliaryFile /tmp/picpac-phase3-layout-final-build-e6c0c65c9c5a-20260925T105458Z/iphoneos/Build/Intermediates.noindex/PicPacPoe.build/Release-iphoneos/PicPacPoe.build/Objects-normal/arm64/PicPacPoe.SwiftFileList (in target 'PicPacPoe' from project 'PicPacPoe')
    cd /Users/bavabangaru/Developer/pic-pac-poe-ios-native-parity/ios
    write-file /tmp/picpac-phase3-layout-final-build-e6c0c65c9c5a-20260925T105458Z/iphoneos/Build/Intermediates.noindex/PicPacPoe.build/Release-iphoneos/PicPacPoe.build/Objects-normal/arm64/PicPacPoe.SwiftFileList

WriteAuxiliaryFile /tmp/picpac-phase3-layout-final-build-e6c0c65c9c5a-20260925T105458Z/iphoneos/Build/Intermediates.noindex/PicPacPoe.build/Release-iphoneos/PicPacPoe.build/Objects-normal/arm64/PicPacPoe.SwiftConstValuesFileList (in target 'PicPacPoe' from project 'PicPacPoe')
    cd /Users/bavabangaru/Developer/pic-pac-poe-ios-native-parity/ios
    write-file /tmp/picpac-phase3-layout-final-build-e6c0c65c9c5a-20260925T105458Z/iphoneos/Build/Intermediates.noindex/PicPacPoe.build/Release-iphoneos/PicPacPoe.build/Objects-normal/arm64/PicPacPoe.SwiftConstValuesFileList

WriteAuxiliaryFile /tmp/picpac-phase3-layout-final-build-e6c0c65c9c5a-20260925T105458Z/iphoneos/Build/Intermediates.noindex/PicPacPoe.build/Release-iphoneos/PicPacPoe.build/Objects-normal/arm64/PicPacPoe.LinkFileList (in target 'PicPacPoe' from project 'PicPacPoe')
    cd /Users/bavabangaru/Developer/pic-pac-poe-ios-native-parity/ios
    write-file /tmp/picpac-phase3-layout-final-build-e6c0c65c9c5a-20260925T105458Z/iphoneos/Build/Intermediates.noindex/PicPacPoe.build/Release-iphoneos/PicPacPoe.build/Objects-normal/arm64/PicPacPoe.LinkFileList

WriteAuxiliaryFile /tmp/picpac-phase3-layout-final-build-e6c0c65c9c5a-20260925T105458Z/iphoneos/Build/Intermediates.noindex/PicPacPoe.build/Release-iphoneos/PicPacPoe.build/Objects-normal/arm64/PicPacPoe-OutputFileMap.json (in target 'PicPacPoe' from project 'PicPacPoe')
    cd /Users/bavabangaru/Developer/pic-pac-poe-ios-native-parity/ios
    write-file /tmp/picpac-phase3-layout-final-build-e6c0c65c9c5a-20260925T105458Z/iphoneos/Build/Intermediates.noindex/PicPacPoe.build/Release-iphoneos/PicPacPoe.build/Objects-normal/arm64/PicPacPoe-OutputFileMap.json

WriteAuxiliaryFile /tmp/picpac-phase3-layout-final-build-e6c0c65c9c5a-20260925T105458Z/iphoneos/Build/Intermediates.noindex/PicPacKit.build/Release-iphoneos/PicPacKit_PicPacAI.build/empty-PicPacKit_PicPacAI.plist (in target 'PicPacKit_PicPacAI' from project 'PicPacKit')
    cd /Users/bavabangaru/Developer/pic-pac-poe-ios-native-parity/ios/Packages/PicPacKit
    write-file /tmp/picpac-phase3-layout-final-build-e6c0c65c9c5a-20260925T105458Z/iphoneos/Build/Intermediates.noindex/PicPacKit.build/Release-iphoneos/PicPacKit_PicPacAI.build/empty-PicPacKit_PicPacAI.plist

WriteAuxiliaryFile /tmp/picpac-phase3-layout-final-build-e6c0c65c9c5a-20260925T105458Z/iphoneos/Build/Intermediates.noindex/PicPacKit.build/Release-iphoneos/PicPacKit_PicPacAI.build/PicPacKit_PicPacAI.DependencyStaticMetadataFileList (in target 'PicPacKit_PicPacAI' from project 'PicPacKit')
    cd /Users/bavabangaru/Developer/pic-pac-poe-ios-native-parity/ios/Packages/PicPacKit
    write-file /tmp/picpac-phase3-layout-final-build-e6c0c65c9c5a-20260925T105458Z/iphoneos/Build/Intermediates.noindex/PicPacKit.build/Release-iphoneos/PicPacKit_PicPacAI.build/PicPacKit_PicPacAI.DependencyStaticMetadataFileList

Copy /tmp/picpac-phase3-layout-final-build-e6c0c65c9c5a-20260925T105458Z/iphoneos/Build/Intermediates.noindex/GeneratedModuleMaps-iphoneos/PicPacPresentation.modulemap /tmp/picpac-phase3-layout-final-build-e6c0c65c9c5a-20260925T105458Z/iphoneos/Build/Intermediates.noindex/PicPacKit.build/Release-iphoneos/PicPacPresentation.build/PicPacPresentation.modulemap (in target 'PicPacPresentation' from project 'PicPacKit')
    cd /Users/bavabangaru/Developer/pic-pac-poe-ios-native-parity/ios/Packages/PicPacKit
    builtin-copy -exclude .DS_Store -exclude CVS -exclude .svn -exclude .git -exclude .hg -strip-unsigned-binaries -strip-deterministic -strip-tool /Applications/Xcode.app/Contents/Developer/Toolchains/XcodeDefault.xctoolchain/usr/bin/strip -resolve-src-symlinks /tmp/picpac-phase3-layout-final-build-e6c0c65c9c5a-20260925T105458Z/iphoneos/Build/Intermediates.noindex/PicPacKit.build/Release-iphoneos/PicPacPresentation.build/PicPacPresentation.modulemap /tmp/picpac-phase3-layout-final-build-e6c0c65c9c5a-20260925T105458Z/iphoneos/Build/Intermediates.noindex/GeneratedModuleMaps-iphoneos

WriteAuxiliaryFile /tmp/picpac-phase3-layout-final-build-e6c0c65c9c5a-20260925T105458Z/iphoneos/Build/Intermediates.noindex/PicPacKit.build/Release-iphoneos/PicPacKit_PicPacAI.build/PicPacKit_PicPacAI.DependencyMetadataFileList (in target 'PicPacKit_PicPacAI' from project 'PicPacKit')
    cd /Users/bavabangaru/Developer/pic-pac-poe-ios-native-parity/ios/Packages/PicPacKit
    write-file /tmp/picpac-phase3-layout-final-build-e6c0c65c9c5a-20260925T105458Z/iphoneos/Build/Intermediates.noindex/PicPacKit.build/Release-iphoneos/PicPacKit_PicPacAI.build/PicPacKit_PicPacAI.DependencyMetadataFileList

WriteAuxiliaryFile /tmp/picpac-phase3-layout-final-build-e6c0c65c9c5a-20260925T105458Z/iphoneos/Build/Intermediates.noindex/PicPacKit.build/Release-iphoneos/PicPacCore.build/PicPacCore.DependencyStaticMetadataFileList (in target 'PicPacCore' from project 'PicPacKit')
    cd /Users/bavabangaru/Developer/pic-pac-poe-ios-native-parity/ios/Packages/PicPacKit
    write-file /tmp/picpac-phase3-layout-final-build-e6c0c65c9c5a-20260925T105458Z/iphoneos/Build/Intermediates.noindex/PicPacKit.build/Release-iphoneos/PicPacCore.build/PicPacCore.DependencyStaticMetadataFileList

WriteAuxiliaryFile /tmp/picpac-phase3-layout-final-build-e6c0c65c9c5a-20260925T105458Z/iphoneos/Build/Intermediates.noindex/PicPacKit.build/Release-iphoneos/PicPacCore.build/PicPacCore.modulemap (in target 'PicPacCore' from project 'PicPacKit')
    cd /Users/bavabangaru/Developer/pic-pac-poe-ios-native-parity/ios/Packages/PicPacKit
    write-file /tmp/picpac-phase3-layout-final-build-e6c0c65c9c5a-20260925T105458Z/iphoneos/Build/Intermediates.noindex/PicPacKit.build/Release-iphoneos/PicPacCore.build/PicPacCore.modulemap

WriteAuxiliaryFile /tmp/picpac-phase3-layout-final-build-e6c0c65c9c5a-20260925T105458Z/iphoneos/Build/Intermediates.noindex/PicPacKit.build/Release-iphoneos/PicPacCore.build/PicPacCore.DependencyMetadataFileList (in target 'PicPacCore' from project 'PicPacKit')
    cd /Users/bavabangaru/Developer/pic-pac-poe-ios-native-parity/ios/Packages/PicPacKit
    write-file /tmp/picpac-phase3-layout-final-build-e6c0c65c9c5a-20260925T105458Z/iphoneos/Build/Intermediates.noindex/PicPacKit.build/Release-iphoneos/PicPacCore.build/PicPacCore.DependencyMetadataFileList

WriteAuxiliaryFile /tmp/picpac-phase3-layout-final-build-e6c0c65c9c5a-20260925T105458Z/iphoneos/Build/Intermediates.noindex/PicPacKit.build/Release-iphoneos/PicPacCore.build/Objects-normal/arm64/PicPacCore.SwiftFileList (in target 'PicPacCore' from project 'PicPacKit')
    cd /Users/bavabangaru/Developer/pic-pac-poe-ios-native-parity/ios/Packages/PicPacKit
    write-file /tmp/picpac-phase3-layout-final-build-e6c0c65c9c5a-20260925T105458Z/iphoneos/Build/Intermediates.noindex/PicPacKit.build/Release-iphoneos/PicPacCore.build/Objects-normal/arm64/PicPacCore.SwiftFileList

WriteAuxiliaryFile /tmp/picpac-phase3-layout-final-build-e6c0c65c9c5a-20260925T105458Z/iphoneos/Build/Intermediates.noindex/PicPacKit.build/Release-iphoneos/PicPacCore.build/Objects-normal/arm64/PicPacCore_const_extract_protocols.json (in target 'PicPacCore' from project 'PicPacKit')
    cd /Users/bavabangaru/Developer/pic-pac-poe-ios-native-parity/ios/Packages/PicPacKit
    write-file /tmp/picpac-phase3-layout-final-build-e6c0c65c9c5a-20260925T105458Z/iphoneos/Build/Intermediates.noindex/PicPacKit.build/Release-iphoneos/PicPacCore.build/Objects-normal/arm64/PicPacCore_const_extract_protocols.json

WriteAuxiliaryFile /tmp/picpac-phase3-layout-final-build-e6c0c65c9c5a-20260925T105458Z/iphoneos/Build/Intermediates.noindex/PicPacKit.build/Release-iphoneos/PicPacCore.build/Objects-normal/arm64/PicPacCore.SwiftConstValuesFileList (in target 'PicPacCore' from project 'PicPacKit')
    cd /Users/bavabangaru/Developer/pic-pac-poe-ios-native-parity/ios/Packages/PicPacKit
    write-file /tmp/picpac-phase3-layout-final-build-e6c0c65c9c5a-20260925T105458Z/iphoneos/Build/Intermediates.noindex/PicPacKit.build/Release-iphoneos/PicPacCore.build/Objects-normal/arm64/PicPacCore.SwiftConstValuesFileList

WriteAuxiliaryFile /tmp/picpac-phase3-layout-final-build-e6c0c65c9c5a-20260925T105458Z/iphoneos/Build/Intermediates.noindex/PicPacKit.build/Release-iphoneos/PicPacCore.build/Objects-normal/arm64/PicPacCore.LinkFileList (in target 'PicPacCore' from project 'PicPacKit')
    cd /Users/bavabangaru/Developer/pic-pac-poe-ios-native-parity/ios/Packages/PicPacKit
    write-file /tmp/picpac-phase3-layout-final-build-e6c0c65c9c5a-20260925T105458Z/iphoneos/Build/Intermediates.noindex/PicPacKit.build/Release-iphoneos/PicPacCore.build/Objects-normal/arm64/PicPacCore.LinkFileList

WriteAuxiliaryFile /tmp/picpac-phase3-layout-final-build-e6c0c65c9c5a-20260925T105458Z/iphoneos/Build/Intermediates.noindex/PicPacKit.build/Release-iphoneos/PicPacCore.build/Objects-normal/arm64/PicPacCore-OutputFileMap.json (in target 'PicPacCore' from project 'PicPacKit')
    cd /Users/bavabangaru/Developer/pic-pac-poe-ios-native-parity/ios/Packages/PicPacKit
    write-file /tmp/picpac-phase3-layout-final-build-e6c0c65c9c5a-20260925T105458Z/iphoneos/Build/Intermediates.noindex/PicPacKit.build/Release-iphoneos/PicPacCore.build/Objects-normal/arm64/PicPacCore-OutputFileMap.json

WriteAuxiliaryFile /tmp/picpac-phase3-layout-final-build-e6c0c65c9c5a-20260925T105458Z/iphoneos/Build/Intermediates.noindex/PicPacKit.build/Release-iphoneos/PicPacAI.build/PicPacAI.modulemap (in target 'PicPacAI' from project 'PicPacKit')
    cd /Users/bavabangaru/Developer/pic-pac-poe-ios-native-parity/ios/Packages/PicPacKit
    write-file /tmp/picpac-phase3-layout-final-build-e6c0c65c9c5a-20260925T105458Z/iphoneos/Build/Intermediates.noindex/PicPacKit.build/Release-iphoneos/PicPacAI.build/PicPacAI.modulemap

WriteAuxiliaryFile /tmp/picpac-phase3-layout-final-build-e6c0c65c9c5a-20260925T105458Z/iphoneos/Build/Intermediates.noindex/PicPacKit.build/Release-iphoneos/PicPacAI.build/PicPacAI.DependencyStaticMetadataFileList (in target 'PicPacAI' from project 'PicPacKit')
    cd /Users/bavabangaru/Developer/pic-pac-poe-ios-native-parity/ios/Packages/PicPacKit
    write-file /tmp/picpac-phase3-layout-final-build-e6c0c65c9c5a-20260925T105458Z/iphoneos/Build/Intermediates.noindex/PicPacKit.build/Release-iphoneos/PicPacAI.build/PicPacAI.DependencyStaticMetadataFileList

WriteAuxiliaryFile /tmp/picpac-phase3-layout-final-build-e6c0c65c9c5a-20260925T105458Z/iphoneos/Build/Intermediates.noindex/PicPacKit.build/Release-iphoneos/PicPacAI.build/PicPacAI.DependencyMetadataFileList (in target 'PicPacAI' from project 'PicPacKit')
    cd /Users/bavabangaru/Developer/pic-pac-poe-ios-native-parity/ios/Packages/PicPacKit
    write-file /tmp/picpac-phase3-layout-final-build-e6c0c65c9c5a-20260925T105458Z/iphoneos/Build/Intermediates.noindex/PicPacKit.build/Release-iphoneos/PicPacAI.build/PicPacAI.DependencyMetadataFileList

WriteAuxiliaryFile /tmp/picpac-phase3-layout-final-build-e6c0c65c9c5a-20260925T105458Z/iphoneos/Build/Intermediates.noindex/PicPacKit.build/Release-iphoneos/PicPacAI.build/Objects-normal/arm64/PicPacAI.SwiftFileList (in target 'PicPacAI' from project 'PicPacKit')
    cd /Users/bavabangaru/Developer/pic-pac-poe-ios-native-parity/ios/Packages/PicPacKit
    write-file /tmp/picpac-phase3-layout-final-build-e6c0c65c9c5a-20260925T105458Z/iphoneos/Build/Intermediates.noindex/PicPacKit.build/Release-iphoneos/PicPacAI.build/Objects-normal/arm64/PicPacAI.SwiftFileList

WriteAuxiliaryFile /tmp/picpac-phase3-layout-final-build-e6c0c65c9c5a-20260925T105458Z/iphoneos/Build/Intermediates.noindex/PicPacKit.build/Release-iphoneos/PicPacAI.build/Objects-normal/arm64/PicPacAI_const_extract_protocols.json (in target 'PicPacAI' from project 'PicPacKit')
    cd /Users/bavabangaru/Developer/pic-pac-poe-ios-native-parity/ios/Packages/PicPacKit
    write-file /tmp/picpac-phase3-layout-final-build-e6c0c65c9c5a-20260925T105458Z/iphoneos/Build/Intermediates.noindex/PicPacKit.build/Release-iphoneos/PicPacAI.build/Objects-normal/arm64/PicPacAI_const_extract_protocols.json

Copy /tmp/picpac-phase3-layout-final-build-e6c0c65c9c5a-20260925T105458Z/iphoneos/Build/Intermediates.noindex/GeneratedModuleMaps-iphoneos/PicPacCore.modulemap /tmp/picpac-phase3-layout-final-build-e6c0c65c9c5a-20260925T105458Z/iphoneos/Build/Intermediates.noindex/PicPacKit.build/Release-iphoneos/PicPacCore.build/PicPacCore.modulemap (in target 'PicPacCore' from project 'PicPacKit')
    cd /Users/bavabangaru/Developer/pic-pac-poe-ios-native-parity/ios/Packages/PicPacKit
    builtin-copy -exclude .DS_Store -exclude CVS -exclude .svn -exclude .git -exclude .hg -strip-unsigned-binaries -strip-deterministic -strip-tool /Applications/Xcode.app/Contents/Developer/Toolchains/XcodeDefault.xctoolchain/usr/bin/strip -resolve-src-symlinks /tmp/picpac-phase3-layout-final-build-e6c0c65c9c5a-20260925T105458Z/iphoneos/Build/Intermediates.noindex/PicPacKit.build/Release-iphoneos/PicPacCore.build/PicPacCore.modulemap /tmp/picpac-phase3-layout-final-build-e6c0c65c9c5a-20260925T105458Z/iphoneos/Build/Intermediates.noindex/GeneratedModuleMaps-iphoneos

WriteAuxiliaryFile /tmp/picpac-phase3-layout-final-build-e6c0c65c9c5a-20260925T105458Z/iphoneos/Build/Intermediates.noindex/PicPacKit.build/Release-iphoneos/PicPacAI.build/Objects-normal/arm64/PicPacAI.SwiftConstValuesFileList (in target 'PicPacAI' from project 'PicPacKit')
    cd /Users/bavabangaru/Developer/pic-pac-poe-ios-native-parity/ios/Packages/PicPacKit
    write-file /tmp/picpac-phase3-layout-final-build-e6c0c65c9c5a-20260925T105458Z/iphoneos/Build/Intermediates.noindex/PicPacKit.build/Release-iphoneos/PicPacAI.build/Objects-normal/arm64/PicPacAI.SwiftConstValuesFileList

WriteAuxiliaryFile /tmp/picpac-phase3-layout-final-build-e6c0c65c9c5a-20260925T105458Z/iphoneos/Build/Intermediates.noindex/PicPacKit.build/Release-iphoneos/PicPacAI.build/Objects-normal/arm64/PicPacAI.LinkFileList (in target 'PicPacAI' from project 'PicPacKit')
    cd /Users/bavabangaru/Developer/pic-pac-poe-ios-native-parity/ios/Packages/PicPacKit
    write-file /tmp/picpac-phase3-layout-final-build-e6c0c65c9c5a-20260925T105458Z/iphoneos/Build/Intermediates.noindex/PicPacKit.build/Release-iphoneos/PicPacAI.build/Objects-normal/arm64/PicPacAI.LinkFileList

WriteAuxiliaryFile /tmp/picpac-phase3-layout-final-build-e6c0c65c9c5a-20260925T105458Z/iphoneos/Build/Intermediates.noindex/PicPacKit.build/Release-iphoneos/PicPacAI.build/Objects-normal/arm64/PicPacAI-OutputFileMap.json (in target 'PicPacAI' from project 'PicPacKit')
    cd /Users/bavabangaru/Developer/pic-pac-poe-ios-native-parity/ios/Packages/PicPacKit
    write-file /tmp/picpac-phase3-layout-final-build-e6c0c65c9c5a-20260925T105458Z/iphoneos/Build/Intermediates.noindex/PicPacKit.build/Release-iphoneos/PicPacAI.build/Objects-normal/arm64/PicPacAI-OutputFileMap.json

WriteAuxiliaryFile /tmp/picpac-phase3-layout-final-build-e6c0c65c9c5a-20260925T105458Z/iphoneos/Build/Intermediates.noindex/PicPacKit.build/Release-iphoneos/PicPacAI.build/DerivedSources/resource_bundle_accessor.swift (in target 'PicPacAI' from project 'PicPacKit')
    cd /Users/bavabangaru/Developer/pic-pac-poe-ios-native-parity/ios/Packages/PicPacKit
    write-file /tmp/picpac-phase3-layout-final-build-e6c0c65c9c5a-20260925T105458Z/iphoneos/Build/Intermediates.noindex/PicPacKit.build/Release-iphoneos/PicPacAI.build/DerivedSources/resource_bundle_accessor.swift

MkDir /tmp/picpac-phase3-layout-final-build-e6c0c65c9c5a-20260925T105458Z/iphoneos/Build/Products/Release-iphoneos/PicPacPoe.app (in target 'PicPacPoe' from project 'PicPacPoe')
    cd /Users/bavabangaru/Developer/pic-pac-poe-ios-native-parity/ios
    /bin/mkdir -p /tmp/picpac-phase3-layout-final-build-e6c0c65c9c5a-20260925T105458Z/iphoneos/Build/Products/Release-iphoneos/PicPacPoe.app

MkDir /tmp/picpac-phase3-layout-final-build-e6c0c65c9c5a-20260925T105458Z/iphoneos/Build/Products/Release-iphoneos/PicPacKit_PicPacAI.bundle (in target 'PicPacKit_PicPacAI' from project 'PicPacKit')
    cd /Users/bavabangaru/Developer/pic-pac-poe-ios-native-parity/ios/Packages/PicPacKit
    /bin/mkdir -p /tmp/picpac-phase3-layout-final-build-e6c0c65c9c5a-20260925T105458Z/iphoneos/Build/Products/Release-iphoneos/PicPacKit_PicPacAI.bundle

Copy /tmp/picpac-phase3-layout-final-build-e6c0c65c9c5a-20260925T105458Z/iphoneos/Build/Intermediates.noindex/GeneratedModuleMaps-iphoneos/PicPacAI.modulemap /tmp/picpac-phase3-layout-final-build-e6c0c65c9c5a-20260925T105458Z/iphoneos/Build/Intermediates.noindex/PicPacKit.build/Release-iphoneos/PicPacAI.build/PicPacAI.modulemap (in target 'PicPacAI' from project 'PicPacKit')
    cd /Users/bavabangaru/Developer/pic-pac-poe-ios-native-parity/ios/Packages/PicPacKit
    builtin-copy -exclude .DS_Store -exclude CVS -exclude .svn -exclude .git -exclude .hg -strip-unsigned-binaries -strip-deterministic -strip-tool /Applications/Xcode.app/Contents/Developer/Toolchains/XcodeDefault.xctoolchain/usr/bin/strip -resolve-src-symlinks /tmp/picpac-phase3-layout-final-build-e6c0c65c9c5a-20260925T105458Z/iphoneos/Build/Intermediates.noindex/PicPacKit.build/Release-iphoneos/PicPacAI.build/PicPacAI.modulemap /tmp/picpac-phase3-layout-final-build-e6c0c65c9c5a-20260925T105458Z/iphoneos/Build/Intermediates.noindex/GeneratedModuleMaps-iphoneos

ProcessInfoPlistFile /tmp/picpac-phase3-layout-final-build-e6c0c65c9c5a-20260925T105458Z/iphoneos/Build/Products/Release-iphoneos/PicPacKit_PicPacAI.bundle/Info.plist /tmp/picpac-phase3-layout-final-build-e6c0c65c9c5a-20260925T105458Z/iphoneos/Build/Intermediates.noindex/PicPacKit.build/Release-iphoneos/PicPacKit_PicPacAI.build/empty-PicPacKit_PicPacAI.plist (in target 'PicPacKit_PicPacAI' from project 'PicPacKit')
    cd /Users/bavabangaru/Developer/pic-pac-poe-ios-native-parity/ios/Packages/PicPacKit
    builtin-infoPlistUtility /tmp/picpac-phase3-layout-final-build-e6c0c65c9c5a-20260925T105458Z/iphoneos/Build/Intermediates.noindex/PicPacKit.build/Release-iphoneos/PicPacKit_PicPacAI.build/empty-PicPacKit_PicPacAI.plist -producttype com.apple.product-type.bundle -expandbuildsettings -format binary -platform iphoneos -requiredArchitecture arm64 -o /tmp/picpac-phase3-layout-final-build-e6c0c65c9c5a-20260925T105458Z/iphoneos/Build/Products/Release-iphoneos/PicPacKit_PicPacAI.bundle/Info.plist

CpResource /tmp/picpac-phase3-layout-final-build-e6c0c65c9c5a-20260925T105458Z/iphoneos/Build/Products/Release-iphoneos/PicPacKit_PicPacAI.bundle/picpac_rl_policy_v1.bin /Users/bavabangaru/Developer/pic-pac-poe-ios-native-parity/ios/Packages/PicPacKit/Sources/PicPacAI/Resources/picpac_rl_policy_v1.bin (in target 'PicPacKit_PicPacAI' from project 'PicPacKit')
    cd /Users/bavabangaru/Developer/pic-pac-poe-ios-native-parity/ios/Packages/PicPacKit
    builtin-copy -exclude .DS_Store -exclude CVS -exclude .svn -exclude .git -exclude .hg -strip-unsigned-binaries -strip-deterministic -strip-tool /Applications/Xcode.app/Contents/Developer/Toolchains/XcodeDefault.xctoolchain/usr/bin/strip -resolve-src-symlinks /Users/bavabangaru/Developer/pic-pac-poe-ios-native-parity/ios/Packages/PicPacKit/Sources/PicPacAI/Resources/picpac_rl_policy_v1.bin /tmp/picpac-phase3-layout-final-build-e6c0c65c9c5a-20260925T105458Z/iphoneos/Build/Products/Release-iphoneos/PicPacKit_PicPacAI.bundle

RegisterExecutionPolicyException /tmp/picpac-phase3-layout-final-build-e6c0c65c9c5a-20260925T105458Z/iphoneos/Build/Products/Release-iphoneos/PicPacKit_PicPacAI.bundle (in target 'PicPacKit_PicPacAI' from project 'PicPacKit')
    cd /Users/bavabangaru/Developer/pic-pac-poe-ios-native-parity/ios/Packages/PicPacKit
    builtin-RegisterExecutionPolicyException /tmp/picpac-phase3-layout-final-build-e6c0c65c9c5a-20260925T105458Z/iphoneos/Build/Products/Release-iphoneos/PicPacKit_PicPacAI.bundle

Touch /tmp/picpac-phase3-layout-final-build-e6c0c65c9c5a-20260925T105458Z/iphoneos/Build/Products/Release-iphoneos/PicPacKit_PicPacAI.bundle (in target 'PicPacKit_PicPacAI' from project 'PicPacKit')
    cd /Users/bavabangaru/Developer/pic-pac-poe-ios-native-parity/ios/Packages/PicPacKit
    /usr/bin/touch -c /tmp/picpac-phase3-layout-final-build-e6c0c65c9c5a-20260925T105458Z/iphoneos/Build/Products/Release-iphoneos/PicPacKit_PicPacAI.bundle

SwiftDriver PicPacCore normal arm64 com.apple.xcode.tools.swift.compiler (in target 'PicPacCore' from project 'PicPacKit')
    cd /Users/bavabangaru/Developer/pic-pac-poe-ios-native-parity/ios/PicPacPoe.xcodeproj
    builtin-SwiftDriver -- /Applications/Xcode.app/Contents/Developer/Toolchains/XcodeDefault.xctoolchain/usr/bin/swiftc -module-name PicPacCore -O -whole-module-optimization @/tmp/picpac-phase3-layout-final-build-e6c0c65c9c5a-20260925T105458Z/iphoneos/Build/Intermediates.noindex/PicPacKit.build/Release-iphoneos/PicPacCore.build/Objects-normal/arm64/PicPacCore.SwiftFileList -DSWIFT_PACKAGE -DSWIFT_MODULE_RESOURCE_BUNDLE_UNAVAILABLE -DXcode -plugin-path /Applications/Xcode.app/Contents/Developer/Toolchains/XcodeDefault.xctoolchain/usr/lib/swift/host/plugins/testing -enable-experimental-feature DebugDescriptionMacro -sdk /Applications/Xcode.app/Contents/Developer/Platforms/iPhoneOS.platform/Developer/SDKs/iPhoneOS26.5.sdk -target arm64-apple-ios17.0 -g -module-cache-path /tmp/picpac-phase3-layout-final-build-e6c0c65c9c5a-20260925T105458Z/iphoneos/ModuleCache.noindex -Xfrontend -serialize-debugging-options -suppress-warnings -swift-version 6 -I /tmp/picpac-phase3-layout-final-build-e6c0c65c9c5a-20260925T105458Z/iphoneos/Build/Products/Release-iphoneos -Isystem /Applications/Xcode.app/Contents/Developer/Platforms/iPhoneOS.platform/Developer/usr/lib -F /tmp/picpac-phase3-layout-final-build-e6c0c65c9c5a-20260925T105458Z/iphoneos/Build/Products/Release-iphoneos -F /Applications/Xcode.app/Contents/Developer/Platforms/iPhoneOS.platform/Developer/Library/Frameworks -F /Applications/Xcode.app/Contents/Developer/Platforms/iPhoneOS.platform/Developer/SDKs/iPhoneOS26.5.sdk/Developer/Library/Frameworks -c -num-threads 12 -Xcc -ivfsstatcache -Xcc /tmp/picpac-phase3-layout-final-build-e6c0c65c9c5a-20260925T105458Z/iphoneos/SDKStatCaches.noindex/iphoneos26.5-23F81a-32daed1954a7d5dd0789fcaf2a9bb78b.sdkstatcache -output-file-map /tmp/picpac-phase3-layout-final-build-e6c0c65c9c5a-20260925T105458Z/iphoneos/Build/Intermediates.noindex/PicPacKit.build/Release-iphoneos/PicPacCore.build/Objects-normal/arm64/PicPacCore-OutputFileMap.json -use-frontend-parseable-output -save-temps -no-color-diagnostics -explicit-module-build -module-cache-path /tmp/picpac-phase3-layout-final-build-e6c0c65c9c5a-20260925T105458Z/iphoneos/Build/Intermediates.noindex/SwiftExplicitPrecompiledModules -clang-scanner-module-cache-path /tmp/picpac-phase3-layout-final-build-e6c0c65c9c5a-20260925T105458Z/iphoneos/ModuleCache.noindex -sdk-module-cache-path /tmp/picpac-phase3-layout-final-build-e6c0c65c9c5a-20260925T105458Z/iphoneos/ModuleCache.noindex -serialize-diagnostics -emit-dependencies -emit-module -emit-module-path /tmp/picpac-phase3-layout-final-build-e6c0c65c9c5a-20260925T105458Z/iphoneos/Build/Intermediates.noindex/PicPacKit.build/Release-iphoneos/PicPacCore.build/Objects-normal/arm64/PicPacCore.swiftmodule -validate-clang-modules-once -clang-build-session-file /tmp/picpac-phase3-layout-final-build-e6c0c65c9c5a-20260925T105458Z/iphoneos/ModuleCache.noindex/Session.modulevalidation -package-name picpackit -Xcc -I/tmp/picpac-phase3-layout-final-build-e6c0c65c9c5a-20260925T105458Z/iphoneos/Build/Intermediates.noindex/PicPacKit.build/Release-iphoneos/PicPacCore.build/swift-overrides.hmap -emit-const-values -Xfrontend -const-gather-protocols-file -Xfrontend /tmp/picpac-phase3-layout-final-build-e6c0c65c9c5a-20260925T105458Z/iphoneos/Build/Intermediates.noindex/PicPacKit.build/Release-iphoneos/PicPacCore.build/Objects-normal/arm64/PicPacCore_const_extract_protocols.json -Xcc -I/tmp/picpac-phase3-layout-final-build-e6c0c65c9c5a-20260925T105458Z/iphoneos/Build/Products/Release-iphoneos/include -Xcc -I/tmp/picpac-phase3-layout-final-build-e6c0c65c9c5a-20260925T105458Z/iphoneos/Build/Intermediates.noindex/PicPacKit.build/Release-iphoneos/PicPacCore.build/DerivedSources-normal/arm64 -Xcc -I/tmp/picpac-phase3-layout-final-build-e6c0c65c9c5a-20260925T105458Z/iphoneos/Build/Intermediates.noindex/PicPacKit.build/Release-iphoneos/PicPacCore.build/DerivedSources/arm64 -Xcc -I/tmp/picpac-phase3-layout-final-build-e6c0c65c9c5a-20260925T105458Z/iphoneos/Build/Intermediates.noindex/PicPacKit.build/Release-iphoneos/PicPacCore.build/DerivedSources -Xcc -DSWIFT_PACKAGE -emit-objc-header -emit-objc-header-path /tmp/picpac-phase3-layout-final-build-e6c0c65c9c5a-20260925T105458Z/iphoneos/Build/Intermediates.noindex/PicPacKit.build/Release-iphoneos/PicPacCore.build/Objects-normal/arm64/PicPacCore-Swift.h -working-directory /Users/bavabangaru/Developer/pic-pac-poe-ios-native-parity/ios/PicPacPoe.xcodeproj -no-emit-module-separately-wmo

SwiftDriver\ Compilation PicPacCore normal arm64 com.apple.xcode.tools.swift.compiler (in target 'PicPacCore' from project 'PicPacKit')
    cd /Users/bavabangaru/Developer/pic-pac-poe-ios-native-parity/ios/PicPacPoe.xcodeproj
    builtin-Swift-Compilation -- /Applications/Xcode.app/Contents/Developer/Toolchains/XcodeDefault.xctoolchain/usr/bin/swiftc -module-name PicPacCore -O -whole-module-optimization @/tmp/picpac-phase3-layout-final-build-e6c0c65c9c5a-20260925T105458Z/iphoneos/Build/Intermediates.noindex/PicPacKit.build/Release-iphoneos/PicPacCore.build/Objects-normal/arm64/PicPacCore.SwiftFileList -DSWIFT_PACKAGE -DSWIFT_MODULE_RESOURCE_BUNDLE_UNAVAILABLE -DXcode -plugin-path /Applications/Xcode.app/Contents/Developer/Toolchains/XcodeDefault.xctoolchain/usr/lib/swift/host/plugins/testing -enable-experimental-feature DebugDescriptionMacro -sdk /Applications/Xcode.app/Contents/Developer/Platforms/iPhoneOS.platform/Developer/SDKs/iPhoneOS26.5.sdk -target arm64-apple-ios17.0 -g -module-cache-path /tmp/picpac-phase3-layout-final-build-e6c0c65c9c5a-20260925T105458Z/iphoneos/ModuleCache.noindex -Xfrontend -serialize-debugging-options -suppress-warnings -swift-version 6 -I /tmp/picpac-phase3-layout-final-build-e6c0c65c9c5a-20260925T105458Z/iphoneos/Build/Products/Release-iphoneos -Isystem /Applications/Xcode.app/Contents/Developer/Platforms/iPhoneOS.platform/Developer/usr/lib -F /tmp/picpac-phase3-layout-final-build-e6c0c65c9c5a-20260925T105458Z/iphoneos/Build/Products/Release-iphoneos -F /Applications/Xcode.app/Contents/Developer/Platforms/iPhoneOS.platform/Developer/Library/Frameworks -F /Applications/Xcode.app/Contents/Developer/Platforms/iPhoneOS.platform/Developer/SDKs/iPhoneOS26.5.sdk/Developer/Library/Frameworks -c -num-threads 12 -Xcc -ivfsstatcache -Xcc /tmp/picpac-phase3-layout-final-build-e6c0c65c9c5a-20260925T105458Z/iphoneos/SDKStatCaches.noindex/iphoneos26.5-23F81a-32daed1954a7d5dd0789fcaf2a9bb78b.sdkstatcache -output-file-map /tmp/picpac-phase3-layout-final-build-e6c0c65c9c5a-20260925T105458Z/iphoneos/Build/Intermediates.noindex/PicPacKit.build/Release-iphoneos/PicPacCore.build/Objects-normal/arm64/PicPacCore-OutputFileMap.json -use-frontend-parseable-output -save-temps -no-color-diagnostics -explicit-module-build -module-cache-path /tmp/picpac-phase3-layout-final-build-e6c0c65c9c5a-20260925T105458Z/iphoneos/Build/Intermediates.noindex/SwiftExplicitPrecompiledModules -clang-scanner-module-cache-path /tmp/picpac-phase3-layout-final-build-e6c0c65c9c5a-20260925T105458Z/iphoneos/ModuleCache.noindex -sdk-module-cache-path /tmp/picpac-phase3-layout-final-build-e6c0c65c9c5a-20260925T105458Z/iphoneos/ModuleCache.noindex -serialize-diagnostics -emit-dependencies -emit-module -emit-module-path /tmp/picpac-phase3-layout-final-build-e6c0c65c9c5a-20260925T105458Z/iphoneos/Build/Intermediates.noindex/PicPacKit.build/Release-iphoneos/PicPacCore.build/Objects-normal/arm64/PicPacCore.swiftmodule -validate-clang-modules-once -clang-build-session-file /tmp/picpac-phase3-layout-final-build-e6c0c65c9c5a-20260925T105458Z/iphoneos/ModuleCache.noindex/Session.modulevalidation -package-name picpackit -Xcc -I/tmp/picpac-phase3-layout-final-build-e6c0c65c9c5a-20260925T105458Z/iphoneos/Build/Intermediates.noindex/PicPacKit.build/Release-iphoneos/PicPacCore.build/swift-overrides.hmap -emit-const-values -Xfrontend -const-gather-protocols-file -Xfrontend /tmp/picpac-phase3-layout-final-build-e6c0c65c9c5a-20260925T105458Z/iphoneos/Build/Intermediates.noindex/PicPacKit.build/Release-iphoneos/PicPacCore.build/Objects-normal/arm64/PicPacCore_const_extract_protocols.json -Xcc -I/tmp/picpac-phase3-layout-final-build-e6c0c65c9c5a-20260925T105458Z/iphoneos/Build/Products/Release-iphoneos/include -Xcc -I/tmp/picpac-phase3-layout-final-build-e6c0c65c9c5a-20260925T105458Z/iphoneos/Build/Intermediates.noindex/PicPacKit.build/Release-iphoneos/PicPacCore.build/DerivedSources-normal/arm64 -Xcc -I/tmp/picpac-phase3-layout-final-build-e6c0c65c9c5a-20260925T105458Z/iphoneos/Build/Intermediates.noindex/PicPacKit.build/Release-iphoneos/PicPacCore.build/DerivedSources/arm64 -Xcc -I/tmp/picpac-phase3-layout-final-build-e6c0c65c9c5a-20260925T105458Z/iphoneos/Build/Intermediates.noindex/PicPacKit.build/Release-iphoneos/PicPacCore.build/DerivedSources -Xcc -DSWIFT_PACKAGE -emit-objc-header -emit-objc-header-path /tmp/picpac-phase3-layout-final-build-e6c0c65c9c5a-20260925T105458Z/iphoneos/Build/Intermediates.noindex/PicPacKit.build/Release-iphoneos/PicPacCore.build/Objects-normal/arm64/PicPacCore-Swift.h -working-directory /Users/bavabangaru/Developer/pic-pac-poe-ios-native-parity/ios/PicPacPoe.xcodeproj -no-emit-module-separately-wmo

SwiftExplicitDependencyGeneratePcm arm64 /tmp/picpac-phase3-layout-final-build-e6c0c65c9c5a-20260925T105458Z/iphoneos/ModuleCache.noindex/_Builtin_float-3K09IFTQIOHSMFXSS0LTMISU8.pcm

SwiftExplicitDependencyGeneratePcm arm64 /tmp/picpac-phase3-layout-final-build-e6c0c65c9c5a-20260925T105458Z/iphoneos/ModuleCache.noindex/_Builtin_stdarg-5RELWN4QGG88FPVRR2TDCDGBJ.pcm

SwiftExplicitDependencyGeneratePcm arm64 /tmp/picpac-phase3-layout-final-build-e6c0c65c9c5a-20260925T105458Z/iphoneos/ModuleCache.noindex/_SwiftConcurrencyShims-K1P5NGU0YW45N0YBV6EG0ORC.pcm

SwiftExplicitDependencyGeneratePcm arm64 /tmp/picpac-phase3-layout-final-build-e6c0c65c9c5a-20260925T105458Z/iphoneos/ModuleCache.noindex/_AvailabilityInternal-5M1XNMPU4J2RW7JDYMIUU9LPQ.pcm

SwiftExplicitDependencyGeneratePcm arm64 /tmp/picpac-phase3-layout-final-build-e6c0c65c9c5a-20260925T105458Z/iphoneos/ModuleCache.noindex/ptrauth-DT8VGH7DLHVE4NIFEMFDJ7YCY.pcm

SwiftExplicitDependencyGeneratePcm arm64 /tmp/picpac-phase3-layout-final-build-e6c0c65c9c5a-20260925T105458Z/iphoneos/ModuleCache.noindex/_Builtin_stddef-8P7JKX55G6PNPRGBT6Z28YXNB.pcm

SwiftExplicitDependencyGeneratePcm arm64 /tmp/picpac-phase3-layout-final-build-e6c0c65c9c5a-20260925T105458Z/iphoneos/ModuleCache.noindex/SwiftShims-3BLFV5WJVGR711KTSHDK95DRX.pcm

SwiftExplicitDependencyGeneratePcm arm64 /tmp/picpac-phase3-layout-final-build-e6c0c65c9c5a-20260925T105458Z/iphoneos/ModuleCache.noindex/ptrcheck-D2SNPFU9XVLAY0C7D412D6PHG.pcm

SwiftExplicitDependencyGeneratePcm arm64 /tmp/picpac-phase3-layout-final-build-e6c0c65c9c5a-20260925T105458Z/iphoneos/ModuleCache.noindex/_Builtin_stdbool-3MICALNKIEQHVNXNWE5P63SJA.pcm

SwiftExplicitDependencyGeneratePcm arm64 /tmp/picpac-phase3-layout-final-build-e6c0c65c9c5a-20260925T105458Z/iphoneos/ModuleCache.noindex/_DarwinFoundation1-ODS5VZXRLSZALO5RZFNNYTNP.pcm

SwiftExplicitDependencyGeneratePcm arm64 /tmp/picpac-phase3-layout-final-build-e6c0c65c9c5a-20260925T105458Z/iphoneos/ModuleCache.noindex/_Builtin_limits-37EVEAP7MFVT63D6WM6RWZ6PX.pcm

SwiftExplicitDependencyGeneratePcm arm64 /tmp/picpac-phase3-layout-final-build-e6c0c65c9c5a-20260925T105458Z/iphoneos/ModuleCache.noindex/_DarwinFoundation2-9Y9W7VBJA9QKCPCAA13WZ0CXO.pcm

SwiftExplicitDependencyGeneratePcm arm64 /tmp/picpac-phase3-layout-final-build-e6c0c65c9c5a-20260925T105458Z/iphoneos/ModuleCache.noindex/_Builtin_stdint-7TSBQAQD3A4IGAEEYCV31Q87Z.pcm

SwiftExplicitDependencyGeneratePcm arm64 /tmp/picpac-phase3-layout-final-build-e6c0c65c9c5a-20260925T105458Z/iphoneos/ModuleCache.noindex/sys_types-EE7QUTPCO6LQLNL8FK2S1IS0X.pcm

SwiftExplicitDependencyGeneratePcm arm64 /tmp/picpac-phase3-layout-final-build-e6c0c65c9c5a-20260925T105458Z/iphoneos/ModuleCache.noindex/_DarwinFoundation3-9SOGSCV8NQ6P9DBEVRPMWCH2V.pcm

SwiftExplicitDependencyGeneratePcm arm64 /tmp/picpac-phase3-layout-final-build-e6c0c65c9c5a-20260925T105458Z/iphoneos/ModuleCache.noindex/_Builtin_inttypes-7HM5G2ZBEJUEQGQN9I01CM7U6.pcm

SwiftExplicitDependencyGeneratePcm arm64 /tmp/picpac-phase3-layout-final-build-e6c0c65c9c5a-20260925T105458Z/iphoneos/ModuleCache.noindex/Darwin-3ZKO9Y9OUV6Q6NIB5RDXDV798.pcm

SwiftExplicitDependencyGeneratePcm arm64 /tmp/picpac-phase3-layout-final-build-e6c0c65c9c5a-20260925T105458Z/iphoneos/ModuleCache.noindex/ObjectiveC-DT5276F4ONKGGQPE13II0M2OL.pcm

SwiftExplicitDependencyGeneratePcm arm64 /tmp/picpac-phase3-layout-final-build-e6c0c65c9c5a-20260925T105458Z/iphoneos/ModuleCache.noindex/os_object-4FHXJXED1H02QC3CRNQL3ED2T.pcm

SwiftExplicitDependencyGeneratePcm arm64 /tmp/picpac-phase3-layout-final-build-e6c0c65c9c5a-20260925T105458Z/iphoneos/ModuleCache.noindex/os_workgroup-9SIHMUQZ6C5MMMVX9NBALZZN9.pcm

SwiftExplicitDependencyGeneratePcm arm64 /tmp/picpac-phase3-layout-final-build-e6c0c65c9c5a-20260925T105458Z/iphoneos/ModuleCache.noindex/Dispatch-7M5TJJ93IDR7OZAMAVGQI0LKB.pcm

SwiftExplicitDependencyGeneratePcm arm64 /tmp/picpac-phase3-layout-final-build-e6c0c65c9c5a-20260925T105458Z/iphoneos/ModuleCache.noindex/XPC-4YYKW0CR7MKMFUSM1PS2OMIE0.pcm

SwiftExplicitDependencyGeneratePcm arm64 /tmp/picpac-phase3-layout-final-build-e6c0c65c9c5a-20260925T105458Z/iphoneos/ModuleCache.noindex/CoreFoundation-8HWK6HFDUR9P99NCC886FIJ08.pcm

SwiftExplicitDependencyGeneratePcm arm64 /tmp/picpac-phase3-layout-final-build-e6c0c65c9c5a-20260925T105458Z/iphoneos/ModuleCache.noindex/CFNetwork-2UBRYKS5RQSHTISLOPXFX97KF.pcm

SwiftExplicitDependencyGeneratePcm arm64 /tmp/picpac-phase3-layout-final-build-e6c0c65c9c5a-20260925T105458Z/iphoneos/ModuleCache.noindex/Security-E9QUH6N3YPS4RXF5O37TOUU8Z.pcm

SwiftExplicitDependencyGeneratePcm arm64 /tmp/picpac-phase3-layout-final-build-e6c0c65c9c5a-20260925T105458Z/iphoneos/ModuleCache.noindex/Foundation-D9OMQ603K7W5TLP2S7T34PJ2F.pcm

SwiftCompile normal arm64 Compiling\ AiObservation.swift,\ Model.swift,\ Randomness.swift,\ Rules.swift,\ State.swift /Users/bavabangaru/Developer/pic-pac-poe-ios-native-parity/ios/Packages/PicPacKit/Sources/PicPacCore/AiObservation.swift /Users/bavabangaru/Developer/pic-pac-poe-ios-native-parity/ios/Packages/PicPacKit/Sources/PicPacCore/Model.swift /Users/bavabangaru/Developer/pic-pac-poe-ios-native-parity/ios/Packages/PicPacKit/Sources/PicPacCore/Randomness.swift /Users/bavabangaru/Developer/pic-pac-poe-ios-native-parity/ios/Packages/PicPacKit/Sources/PicPacCore/Rules.swift /Users/bavabangaru/Developer/pic-pac-poe-ios-native-parity/ios/Packages/PicPacKit/Sources/PicPacCore/State.swift /Applications/Xcode.app/Contents/Developer/Toolchains/XcodeDefault.xctoolchain/usr/lib/swift/iphoneos/prebuilt-modules/26.5/_Concurrency.swiftmodule/arm64e-apple-ios.swiftmodule /Applications/Xcode.app/Contents/Developer/Toolchains/XcodeDefault.xctoolchain/usr/lib/swift/iphoneos/prebuilt-modules/26.5/_Builtin_float.swiftmodule/arm64e-apple-ios.swiftmodule /Applications/Xcode.app/Contents/Developer/Toolchains/XcodeDefault.xctoolchain/usr/lib/swift/iphoneos/prebuilt-modules/26.5/CoreFoundation.swiftmodule/arm64e-apple-ios.swiftmodule /Applications/Xcode.app/Contents/Developer/Toolchains/XcodeDefault.xctoolchain/usr/lib/swift/iphoneos/prebuilt-modules/26.5/_StringProcessing.swiftmodule/arm64e-apple-ios.swiftmodule /Applications/Xcode.app/Contents/Developer/Toolchains/XcodeDefault.xctoolchain/usr/lib/swift/iphoneos/prebuilt-modules/26.5/Foundation.swiftmodule/arm64e-apple-ios.swiftmodule /Applications/Xcode.app/Contents/Developer/Toolchains/XcodeDefault.xctoolchain/usr/lib/swift/iphoneos/prebuilt-modules/26.5/_DarwinFoundation3.swiftmodule/arm64e-apple-ios.swiftmodule /Applications/Xcode.app/Contents/Developer/Toolchains/XcodeDefault.xctoolchain/usr/lib/swift/iphoneos/prebuilt-modules/26.5/Observation.swiftmodule/arm64e-apple-ios.swiftmodule /Applications/Xcode.app/Contents/Developer/Toolchains/XcodeDefault.xctoolchain/usr/lib/swift/iphoneos/prebuilt-modules/26.5/XPC.swiftmodule/arm64e-apple-ios.swiftmodule /Applications/Xcode.app/Contents/Developer/Toolchains/XcodeDefault.xctoolchain/usr/lib/swift/iphoneos/prebuilt-modules/26.5/Dispatch.swiftmodule/arm64e-apple-ios.swiftmodule /Applications/Xcode.app/Contents/Developer/Toolchains/XcodeDefault.xctoolchain/usr/lib/swift/iphoneos/prebuilt-modules/26.5/Combine.swiftmodule/arm64e-apple-ios.swiftmodule /Applications/Xcode.app/Contents/Developer/Toolchains/XcodeDefault.xctoolchain/usr/lib/swift/iphoneos/prebuilt-modules/26.5/_DarwinFoundation2.swiftmodule/arm64e-apple-ios.swiftmodule /Applications/Xcode.app/Contents/Developer/Toolchains/XcodeDefault.xctoolchain/usr/lib/swift/iphoneos/prebuilt-modules/26.5/_DarwinFoundation1.swiftmodule/arm64e-apple-ios.swiftmodule /Applications/Xcode.app/Contents/Developer/Toolchains/XcodeDefault.xctoolchain/usr/lib/swift/iphoneos/prebuilt-modules/26.5/ObjectiveC.swiftmodule/arm64e-apple-ios.swiftmodule /Applications/Xcode.app/Contents/Developer/Toolchains/XcodeDefault.xctoolchain/usr/lib/swift/iphoneos/prebuilt-modules/26.5/System.swiftmodule/arm64e-apple-ios.swiftmodule /Applications/Xcode.app/Contents/Developer/Toolchains/XcodeDefault.xctoolchain/usr/lib/swift/iphoneos/prebuilt-modules/26.5/Darwin.swiftmodule/arm64e-apple-ios.swiftmodule /Applications/Xcode.app/Contents/Developer/Toolchains/XcodeDefault.xctoolchain/usr/lib/swift/iphoneos/prebuilt-modules/26.5/Swift.swiftmodule/arm64e-apple-ios.swiftmodule /tmp/picpac-phase3-layout-final-build-e6c0c65c9c5a-20260925T105458Z/iphoneos/ModuleCache.noindex/sys_types-EE7QUTPCO6LQLNL8FK2S1IS0X.pcm /tmp/picpac-phase3-layout-final-build-e6c0c65c9c5a-20260925T105458Z/iphoneos/ModuleCache.noindex/_Builtin_float-3K09IFTQIOHSMFXSS0LTMISU8.pcm /tmp/picpac-phase3-layout-final-build-e6c0c65c9c5a-20260925T105458Z/iphoneos/ModuleCache.noindex/ObjectiveC-DT5276F4ONKGGQPE13II0M2OL.pcm /tmp/picpac-phase3-layout-final-build-e6c0c65c9c5a-20260925T105458Z/iphoneos/ModuleCache.noindex/ptrauth-DT8VGH7DLHVE4NIFEMFDJ7YCY.pcm /tmp/picpac-phase3-layout-final-build-e6c0c65c9c5a-20260925T105458Z/iphoneos/ModuleCache.noindex/CFNetwork-2UBRYKS5RQSHTISLOPXFX97KF.pcm /tmp/picpac-phase3-layout-final-build-e6c0c65c9c5a-20260925T105458Z/iphoneos/ModuleCache.noindex/os_workgroup-9SIHMUQZ6C5MMMVX9NBALZZN9.pcm /tmp/picpac-phase3-layout-final-build-e6c0c65c9c5a-20260925T105458Z/iphoneos/ModuleCache.noindex/ptrcheck-D2SNPFU9XVLAY0C7D412D6PHG.pcm /tmp/picpac-phase3-layout-final-build-e6c0c65c9c5a-20260925T105458Z/iphoneos/ModuleCache.noindex/_DarwinFoundation3-9SOGSCV8NQ6P9DBEVRPMWCH2V.pcm /tmp/picpac-phase3-layout-final-build-e6c0c65c9c5a-20260925T105458Z/iphoneos/ModuleCache.noindex/_Builtin_stddef-8P7JKX55G6PNPRGBT6Z28YXNB.pcm /tmp/picpac-phase3-layout-final-build-e6c0c65c9c5a-20260925T105458Z/iphoneos/ModuleCache.noindex/Security-E9QUH6N3YPS4RXF5O37TOUU8Z.pcm /tmp/picpac-phase3-layout-final-build-e6c0c65c9c5a-20260925T105458Z/iphoneos/ModuleCache.noindex/_SwiftConcurrencyShims-K1P5NGU0YW45N0YBV6EG0ORC.pcm /tmp/picpac-phase3-layout-final-build-e6c0c65c9c5a-20260925T105458Z/iphoneos/ModuleCache.noindex/Foundation-D9OMQ603K7W5TLP2S7T34PJ2F.pcm /tmp/picpac-phase3-layout-final-build-e6c0c65c9c5a-20260925T105458Z/iphoneos/ModuleCache.noindex/Dispatch-7M5TJJ93IDR7OZAMAVGQI0LKB.pcm /tmp/picpac-phase3-layout-final-build-e6c0c65c9c5a-20260925T105458Z/iphoneos/ModuleCache.noindex/_Builtin_stdbool-3MICALNKIEQHVNXNWE5P63SJA.pcm /tmp/picpac-phase3-layout-final-build-e6c0c65c9c5a-20260925T105458Z/iphoneos/ModuleCache.noindex/os_object-4FHXJXED1H02QC3CRNQL3ED2T.pcm /tmp/picpac-phase3-layout-final-build-e6c0c65c9c5a-20260925T105458Z/iphoneos/ModuleCache.noindex/CoreFoundation-8HWK6HFDUR9P99NCC886FIJ08.pcm /tmp/picpac-phase3-layout-final-build-e6c0c65c9c5a-20260925T105458Z/iphoneos/ModuleCache.noindex/_Builtin_inttypes-7HM5G2ZBEJUEQGQN9I01CM7U6.pcm /tmp/picpac-phase3-layout-final-build-e6c0c65c9c5a-20260925T105458Z/iphoneos/ModuleCache.noindex/_DarwinFoundation1-ODS5VZXRLSZALO5RZFNNYTNP.pcm /tmp/picpac-phase3-layout-final-build-e6c0c65c9c5a-20260925T105458Z/iphoneos/ModuleCache.noindex/_Builtin_stdint-7TSBQAQD3A4IGAEEYCV31Q87Z.pcm /tmp/picpac-phase3-layout-final-build-e6c0c65c9c5a-20260925T105458Z/iphoneos/ModuleCache.noindex/SwiftShims-3BLFV5WJVGR711KTSHDK95DRX.pcm /tmp/picpac-phase3-layout-final-build-e6c0c65c9c5a-20260925T105458Z/iphoneos/ModuleCache.noindex/_Builtin_limits-37EVEAP7MFVT63D6WM6RWZ6PX.pcm /tmp/picpac-phase3-layout-final-build-e6c0c65c9c5a-20260925T105458Z/iphoneos/ModuleCache.noindex/_AvailabilityInternal-5M1XNMPU4J2RW7JDYMIUU9LPQ.pcm /tmp/picpac-phase3-layout-final-build-e6c0c65c9c5a-20260925T105458Z/iphoneos/ModuleCache.noindex/_DarwinFoundation2-9Y9W7VBJA9QKCPCAA13WZ0CXO.pcm /tmp/picpac-phase3-layout-final-build-e6c0c65c9c5a-20260925T105458Z/iphoneos/ModuleCache.noindex/XPC-4YYKW0CR7MKMFUSM1PS2OMIE0.pcm /tmp/picpac-phase3-layout-final-build-e6c0c65c9c5a-20260925T105458Z/iphoneos/ModuleCache.noindex/_Builtin_stdarg-5RELWN4QGG88FPVRR2TDCDGBJ.pcm /tmp/picpac-phase3-layout-final-build-e6c0c65c9c5a-20260925T105458Z/iphoneos/ModuleCache.noindex/Darwin-3ZKO9Y9OUV6Q6NIB5RDXDV798.pcm /tmp/picpac-phase3-layout-final-build-e6c0c65c9c5a-20260925T105458Z/iphoneos/Build/Intermediates.noindex/PicPacKit.build/Release-iphoneos/PicPacCore.build/Objects-normal/arm64/PicPacCore-dependencies-1.json (in target 'PicPacCore' from project 'PicPacKit')

CompileSwift normal arm64 (in target 'PicPacCore' from project 'PicPacKit')
    cd /Users/bavabangaru/Developer/pic-pac-poe-ios-native-parity/ios/PicPacPoe.xcodeproj
    

SwiftDriverJobDiscovery normal arm64 Compiling AiObservation.swift, Model.swift, Randomness.swift, Rules.swift, State.swift (in target 'PicPacCore' from project 'PicPacKit')

SwiftDriver\ Compilation\ Requirements PicPacCore normal arm64 com.apple.xcode.tools.swift.compiler (in target 'PicPacCore' from project 'PicPacKit')
    cd /Users/bavabangaru/Developer/pic-pac-poe-ios-native-parity/ios/PicPacPoe.xcodeproj
    builtin-Swift-Compilation-Requirements -- /Applications/Xcode.app/Contents/Developer/Toolchains/XcodeDefault.xctoolchain/usr/bin/swiftc -module-name PicPacCore -O -whole-module-optimization @/tmp/picpac-phase3-layout-final-build-e6c0c65c9c5a-20260925T105458Z/iphoneos/Build/Intermediates.noindex/PicPacKit.build/Release-iphoneos/PicPacCore.build/Objects-normal/arm64/PicPacCore.SwiftFileList -DSWIFT_PACKAGE -DSWIFT_MODULE_RESOURCE_BUNDLE_UNAVAILABLE -DXcode -plugin-path /Applications/Xcode.app/Contents/Developer/Toolchains/XcodeDefault.xctoolchain/usr/lib/swift/host/plugins/testing -enable-experimental-feature DebugDescriptionMacro -sdk /Applications/Xcode.app/Contents/Developer/Platforms/iPhoneOS.platform/Developer/SDKs/iPhoneOS26.5.sdk -target arm64-apple-ios17.0 -g -module-cache-path /tmp/picpac-phase3-layout-final-build-e6c0c65c9c5a-20260925T105458Z/iphoneos/ModuleCache.noindex -Xfrontend -serialize-debugging-options -suppress-warnings -swift-version 6 -I /tmp/picpac-phase3-layout-final-build-e6c0c65c9c5a-20260925T105458Z/iphoneos/Build/Products/Release-iphoneos -Isystem /Applications/Xcode.app/Contents/Developer/Platforms/iPhoneOS.platform/Developer/usr/lib -F /tmp/picpac-phase3-layout-final-build-e6c0c65c9c5a-20260925T105458Z/iphoneos/Build/Products/Release-iphoneos -F /Applications/Xcode.app/Contents/Developer/Platforms/iPhoneOS.platform/Developer/Library/Frameworks -F /Applications/Xcode.app/Contents/Developer/Platforms/iPhoneOS.platform/Developer/SDKs/iPhoneOS26.5.sdk/Developer/Library/Frameworks -c -num-threads 12 -Xcc -ivfsstatcache -Xcc /tmp/picpac-phase3-layout-final-build-e6c0c65c9c5a-20260925T105458Z/iphoneos/SDKStatCaches.noindex/iphoneos26.5-23F81a-32daed1954a7d5dd0789fcaf2a9bb78b.sdkstatcache -output-file-map /tmp/picpac-phase3-layout-final-build-e6c0c65c9c5a-20260925T105458Z/iphoneos/Build/Intermediates.noindex/PicPacKit.build/Release-iphoneos/PicPacCore.build/Objects-normal/arm64/PicPacCore-OutputFileMap.json -use-frontend-parseable-output -save-temps -no-color-diagnostics -explicit-module-build -module-cache-path /tmp/picpac-phase3-layout-final-build-e6c0c65c9c5a-20260925T105458Z/iphoneos/Build/Intermediates.noindex/SwiftExplicitPrecompiledModules -clang-scanner-module-cache-path /tmp/picpac-phase3-layout-final-build-e6c0c65c9c5a-20260925T105458Z/iphoneos/ModuleCache.noindex -sdk-module-cache-path /tmp/picpac-phase3-layout-final-build-e6c0c65c9c5a-20260925T105458Z/iphoneos/ModuleCache.noindex -serialize-diagnostics -emit-dependencies -emit-module -emit-module-path /tmp/picpac-phase3-layout-final-build-e6c0c65c9c5a-20260925T105458Z/iphoneos/Build/Intermediates.noindex/PicPacKit.build/Release-iphoneos/PicPacCore.build/Objects-normal/arm64/PicPacCore.swiftmodule -validate-clang-modules-once -clang-build-session-file /tmp/picpac-phase3-layout-final-build-e6c0c65c9c5a-20260925T105458Z/iphoneos/ModuleCache.noindex/Session.modulevalidation -package-name picpackit -Xcc -I/tmp/picpac-phase3-layout-final-build-e6c0c65c9c5a-20260925T105458Z/iphoneos/Build/Intermediates.noindex/PicPacKit.build/Release-iphoneos/PicPacCore.build/swift-overrides.hmap -emit-const-values -Xfrontend -const-gather-protocols-file -Xfrontend /tmp/picpac-phase3-layout-final-build-e6c0c65c9c5a-20260925T105458Z/iphoneos/Build/Intermediates.noindex/PicPacKit.build/Release-iphoneos/PicPacCore.build/Objects-normal/arm64/PicPacCore_const_extract_protocols.json -Xcc -I/tmp/picpac-phase3-layout-final-build-e6c0c65c9c5a-20260925T105458Z/iphoneos/Build/Products/Release-iphoneos/include -Xcc -I/tmp/picpac-phase3-layout-final-build-e6c0c65c9c5a-20260925T105458Z/iphoneos/Build/Intermediates.noindex/PicPacKit.build/Release-iphoneos/PicPacCore.build/DerivedSources-normal/arm64 -Xcc -I/tmp/picpac-phase3-layout-final-build-e6c0c65c9c5a-20260925T105458Z/iphoneos/Build/Intermediates.noindex/PicPacKit.build/Release-iphoneos/PicPacCore.build/DerivedSources/arm64 -Xcc -I/tmp/picpac-phase3-layout-final-build-e6c0c65c9c5a-20260925T105458Z/iphoneos/Build/Intermediates.noindex/PicPacKit.build/Release-iphoneos/PicPacCore.build/DerivedSources -Xcc -DSWIFT_PACKAGE -emit-objc-header -emit-objc-header-path /tmp/picpac-phase3-layout-final-build-e6c0c65c9c5a-20260925T105458Z/iphoneos/Build/Intermediates.noindex/PicPacKit.build/Release-iphoneos/PicPacCore.build/Objects-normal/arm64/PicPacCore-Swift.h -working-directory /Users/bavabangaru/Developer/pic-pac-poe-ios-native-parity/ios/PicPacPoe.xcodeproj -no-emit-module-separately-wmo

SwiftMergeGeneratedHeaders /tmp/picpac-phase3-layout-final-build-e6c0c65c9c5a-20260925T105458Z/iphoneos/Build/Intermediates.noindex/GeneratedModuleMaps-iphoneos/PicPacCore-Swift.h /tmp/picpac-phase3-layout-final-build-e6c0c65c9c5a-20260925T105458Z/iphoneos/Build/Intermediates.noindex/PicPacKit.build/Release-iphoneos/PicPacCore.build/Objects-normal/arm64/PicPacCore-Swift.h (in target 'PicPacCore' from project 'PicPacKit')
    cd /Users/bavabangaru/Developer/pic-pac-poe-ios-native-parity/ios/Packages/PicPacKit
    builtin-swiftHeaderTool -arch arm64 /tmp/picpac-phase3-layout-final-build-e6c0c65c9c5a-20260925T105458Z/iphoneos/Build/Intermediates.noindex/PicPacKit.build/Release-iphoneos/PicPacCore.build/Objects-normal/arm64/PicPacCore-Swift.h -o /tmp/picpac-phase3-layout-final-build-e6c0c65c9c5a-20260925T105458Z/iphoneos/Build/Intermediates.noindex/GeneratedModuleMaps-iphoneos/PicPacCore-Swift.h

Copy /tmp/picpac-phase3-layout-final-build-e6c0c65c9c5a-20260925T105458Z/iphoneos/Build/Products/Release-iphoneos/PicPacCore.swiftmodule/arm64-apple-ios.swiftdoc /tmp/picpac-phase3-layout-final-build-e6c0c65c9c5a-20260925T105458Z/iphoneos/Build/Intermediates.noindex/PicPacKit.build/Release-iphoneos/PicPacCore.build/Objects-normal/arm64/PicPacCore.swiftdoc (in target 'PicPacCore' from project 'PicPacKit')
    cd /Users/bavabangaru/Developer/pic-pac-poe-ios-native-parity/ios/Packages/PicPacKit
    builtin-copy -exclude .DS_Store -exclude CVS -exclude .svn -exclude .git -exclude .hg -strip-unsigned-binaries -strip-deterministic -strip-tool /Applications/Xcode.app/Contents/Developer/Toolchains/XcodeDefault.xctoolchain/usr/bin/strip -resolve-src-symlinks -rename /tmp/picpac-phase3-layout-final-build-e6c0c65c9c5a-20260925T105458Z/iphoneos/Build/Intermediates.noindex/PicPacKit.build/Release-iphoneos/PicPacCore.build/Objects-normal/arm64/PicPacCore.swiftdoc /tmp/picpac-phase3-layout-final-build-e6c0c65c9c5a-20260925T105458Z/iphoneos/Build/Products/Release-iphoneos/PicPacCore.swiftmodule/arm64-apple-ios.swiftdoc

Copy /tmp/picpac-phase3-layout-final-build-e6c0c65c9c5a-20260925T105458Z/iphoneos/Build/Products/Release-iphoneos/PicPacCore.swiftmodule/arm64-apple-ios.abi.json /tmp/picpac-phase3-layout-final-build-e6c0c65c9c5a-20260925T105458Z/iphoneos/Build/Intermediates.noindex/PicPacKit.build/Release-iphoneos/PicPacCore.build/Objects-normal/arm64/PicPacCore.abi.json (in target 'PicPacCore' from project 'PicPacKit')
    cd /Users/bavabangaru/Developer/pic-pac-poe-ios-native-parity/ios/Packages/PicPacKit
    builtin-copy -exclude .DS_Store -exclude CVS -exclude .svn -exclude .git -exclude .hg -strip-unsigned-binaries -strip-deterministic -strip-tool /Applications/Xcode.app/Contents/Developer/Toolchains/XcodeDefault.xctoolchain/usr/bin/strip -resolve-src-symlinks -rename /tmp/picpac-phase3-layout-final-build-e6c0c65c9c5a-20260925T105458Z/iphoneos/Build/Intermediates.noindex/PicPacKit.build/Release-iphoneos/PicPacCore.build/Objects-normal/arm64/PicPacCore.abi.json /tmp/picpac-phase3-layout-final-build-e6c0c65c9c5a-20260925T105458Z/iphoneos/Build/Products/Release-iphoneos/PicPacCore.swiftmodule/arm64-apple-ios.abi.json

Copy /tmp/picpac-phase3-layout-final-build-e6c0c65c9c5a-20260925T105458Z/iphoneos/Build/Products/Release-iphoneos/PicPacCore.swiftmodule/arm64-apple-ios.swiftmodule /tmp/picpac-phase3-layout-final-build-e6c0c65c9c5a-20260925T105458Z/iphoneos/Build/Intermediates.noindex/PicPacKit.build/Release-iphoneos/PicPacCore.build/Objects-normal/arm64/PicPacCore.swiftmodule (in target 'PicPacCore' from project 'PicPacKit')
    cd /Users/bavabangaru/Developer/pic-pac-poe-ios-native-parity/ios/Packages/PicPacKit
    builtin-copy -exclude .DS_Store -exclude CVS -exclude .svn -exclude .git -exclude .hg -strip-unsigned-binaries -strip-deterministic -strip-tool /Applications/Xcode.app/Contents/Developer/Toolchains/XcodeDefault.xctoolchain/usr/bin/strip -resolve-src-symlinks -rename /tmp/picpac-phase3-layout-final-build-e6c0c65c9c5a-20260925T105458Z/iphoneos/Build/Intermediates.noindex/PicPacKit.build/Release-iphoneos/PicPacCore.build/Objects-normal/arm64/PicPacCore.swiftmodule /tmp/picpac-phase3-layout-final-build-e6c0c65c9c5a-20260925T105458Z/iphoneos/Build/Products/Release-iphoneos/PicPacCore.swiftmodule/arm64-apple-ios.swiftmodule

Copy /tmp/picpac-phase3-layout-final-build-e6c0c65c9c5a-20260925T105458Z/iphoneos/Build/Products/Release-iphoneos/PicPacCore.swiftmodule/Project/arm64-apple-ios.swiftsourceinfo /tmp/picpac-phase3-layout-final-build-e6c0c65c9c5a-20260925T105458Z/iphoneos/Build/Intermediates.noindex/PicPacKit.build/Release-iphoneos/PicPacCore.build/Objects-normal/arm64/PicPacCore.swiftsourceinfo (in target 'PicPacCore' from project 'PicPacKit')
    cd /Users/bavabangaru/Developer/pic-pac-poe-ios-native-parity/ios/Packages/PicPacKit
    builtin-copy -exclude .DS_Store -exclude CVS -exclude .svn -exclude .git -exclude .hg -strip-unsigned-binaries -strip-deterministic -strip-tool /Applications/Xcode.app/Contents/Developer/Toolchains/XcodeDefault.xctoolchain/usr/bin/strip -resolve-src-symlinks -rename /tmp/picpac-phase3-layout-final-build-e6c0c65c9c5a-20260925T105458Z/iphoneos/Build/Intermediates.noindex/PicPacKit.build/Release-iphoneos/PicPacCore.build/Objects-normal/arm64/PicPacCore.swiftsourceinfo /tmp/picpac-phase3-layout-final-build-e6c0c65c9c5a-20260925T105458Z/iphoneos/Build/Products/Release-iphoneos/PicPacCore.swiftmodule/Project/arm64-apple-ios.swiftsourceinfo

Ld /tmp/picpac-phase3-layout-final-build-e6c0c65c9c5a-20260925T105458Z/iphoneos/Build/Products/Release-iphoneos/PicPacCore.o normal (in target 'PicPacCore' from project 'PicPacKit')
    cd /Users/bavabangaru/Developer/pic-pac-poe-ios-native-parity/ios/Packages/PicPacKit
    /Applications/Xcode.app/Contents/Developer/Toolchains/XcodeDefault.xctoolchain/usr/bin/clang -Xlinker -reproducible -target arm64-apple-ios17.0 -r -isysroot /Applications/Xcode.app/Contents/Developer/Platforms/iPhoneOS.platform/Developer/SDKs/iPhoneOS26.5.sdk -Os -w -F/tmp/picpac-phase3-layout-final-build-e6c0c65c9c5a-20260925T105458Z/iphoneos/Build/Intermediates.noindex/EagerLinkingTBDs/Release-iphoneos -F/tmp/picpac-phase3-layout-final-build-e6c0c65c9c5a-20260925T105458Z/iphoneos/Build/Products/Release-iphoneos -iframework /Applications/Xcode.app/Contents/Developer/Platforms/iPhoneOS.platform/Developer/Library/Frameworks -iframework /Applications/Xcode.app/Contents/Developer/Platforms/iPhoneOS.platform/Developer/SDKs/iPhoneOS26.5.sdk/Developer/Library/Frameworks -filelist /tmp/picpac-phase3-layout-final-build-e6c0c65c9c5a-20260925T105458Z/iphoneos/Build/Intermediates.noindex/PicPacKit.build/Release-iphoneos/PicPacCore.build/Objects-normal/arm64/PicPacCore.LinkFileList -nostdlib -Xlinker -object_path_lto -Xlinker /tmp/picpac-phase3-layout-final-build-e6c0c65c9c5a-20260925T105458Z/iphoneos/Build/Intermediates.noindex/PicPacKit.build/Release-iphoneos/PicPacCore.build/Objects-normal/arm64/PicPacCore_lto.o -Xlinker -dependency_info -Xlinker /tmp/picpac-phase3-layout-final-build-e6c0c65c9c5a-20260925T105458Z/iphoneos/Build/Intermediates.noindex/PicPacKit.build/Release-iphoneos/PicPacCore.build/Objects-normal/arm64/PicPacCore_dependency_info.dat -fobjc-link-runtime -L/Applications/Xcode.app/Contents/Developer/Toolchains/XcodeDefault.xctoolchain/usr/lib/swift/iphoneos -L/usr/lib/swift -Xlinker -add_ast_path -Xlinker /tmp/picpac-phase3-layout-final-build-e6c0c65c9c5a-20260925T105458Z/iphoneos/Build/Intermediates.noindex/PicPacKit.build/Release-iphoneos/PicPacCore.build/Objects-normal/arm64/PicPacCore.swiftmodule @/tmp/picpac-phase3-layout-final-build-e6c0c65c9c5a-20260925T105458Z/iphoneos/Build/Intermediates.noindex/PicPacKit.build/Release-iphoneos/PicPacCore.build/Objects-normal/arm64/PicPacCore-linker-args.resp -o /tmp/picpac-phase3-layout-final-build-e6c0c65c9c5a-20260925T105458Z/iphoneos/Build/Products/Release-iphoneos/PicPacCore.o

SwiftDriver PicPacPresentation normal arm64 com.apple.xcode.tools.swift.compiler (in target 'PicPacPresentation' from project 'PicPacKit')
    cd /Users/bavabangaru/Developer/pic-pac-poe-ios-native-parity/ios/PicPacPoe.xcodeproj
    builtin-SwiftDriver -- /Applications/Xcode.app/Contents/Developer/Toolchains/XcodeDefault.xctoolchain/usr/bin/swiftc -module-name PicPacPresentation -O -whole-module-optimization @/tmp/picpac-phase3-layout-final-build-e6c0c65c9c5a-20260925T105458Z/iphoneos/Build/Intermediates.noindex/PicPacKit.build/Release-iphoneos/PicPacPresentation.build/Objects-normal/arm64/PicPacPresentation.SwiftFileList -DSWIFT_PACKAGE -DSWIFT_MODULE_RESOURCE_BUNDLE_UNAVAILABLE -DXcode -plugin-path /Applications/Xcode.app/Contents/Developer/Toolchains/XcodeDefault.xctoolchain/usr/lib/swift/host/plugins/testing -enable-experimental-feature DebugDescriptionMacro -sdk /Applications/Xcode.app/Contents/Developer/Platforms/iPhoneOS.platform/Developer/SDKs/iPhoneOS26.5.sdk -target arm64-apple-ios17.0 -g -module-cache-path /tmp/picpac-phase3-layout-final-build-e6c0c65c9c5a-20260925T105458Z/iphoneos/ModuleCache.noindex -Xfrontend -serialize-debugging-options -suppress-warnings -swift-version 6 -I /tmp/picpac-phase3-layout-final-build-e6c0c65c9c5a-20260925T105458Z/iphoneos/Build/Products/Release-iphoneos -Isystem /Applications/Xcode.app/Contents/Developer/Platforms/iPhoneOS.platform/Developer/usr/lib -F /tmp/picpac-phase3-layout-final-build-e6c0c65c9c5a-20260925T105458Z/iphoneos/Build/Products/Release-iphoneos/PackageFrameworks -F /tmp/picpac-phase3-layout-final-build-e6c0c65c9c5a-20260925T105458Z/iphoneos/Build/Products/Release-iphoneos -F /Applications/Xcode.app/Contents/Developer/Platforms/iPhoneOS.platform/Developer/Library/Frameworks -F /Applications/Xcode.app/Contents/Developer/Platforms/iPhoneOS.platform/Developer/SDKs/iPhoneOS26.5.sdk/Developer/Library/Frameworks -c -num-threads 12 -Xcc -ivfsstatcache -Xcc /tmp/picpac-phase3-layout-final-build-e6c0c65c9c5a-20260925T105458Z/iphoneos/SDKStatCaches.noindex/iphoneos26.5-23F81a-32daed1954a7d5dd0789fcaf2a9bb78b.sdkstatcache -output-file-map /tmp/picpac-phase3-layout-final-build-e6c0c65c9c5a-20260925T105458Z/iphoneos/Build/Intermediates.noindex/PicPacKit.build/Release-iphoneos/PicPacPresentation.build/Objects-normal/arm64/PicPacPresentation-OutputFileMap.json -use-frontend-parseable-output -save-temps -no-color-diagnostics -explicit-module-build -module-cache-path /tmp/picpac-phase3-layout-final-build-e6c0c65c9c5a-20260925T105458Z/iphoneos/Build/Intermediates.noindex/SwiftExplicitPrecompiledModules -clang-scanner-module-cache-path /tmp/picpac-phase3-layout-final-build-e6c0c65c9c5a-20260925T105458Z/iphoneos/ModuleCache.noindex -sdk-module-cache-path /tmp/picpac-phase3-layout-final-build-e6c0c65c9c5a-20260925T105458Z/iphoneos/ModuleCache.noindex -serialize-diagnostics -emit-dependencies -emit-module -emit-module-path /tmp/picpac-phase3-layout-final-build-e6c0c65c9c5a-20260925T105458Z/iphoneos/Build/Intermediates.noindex/PicPacKit.build/Release-iphoneos/PicPacPresentation.build/Objects-normal/arm64/PicPacPresentation.swiftmodule -validate-clang-modules-once -clang-build-session-file /tmp/picpac-phase3-layout-final-build-e6c0c65c9c5a-20260925T105458Z/iphoneos/ModuleCache.noindex/Session.modulevalidation -package-name picpackit -Xcc -I/tmp/picpac-phase3-layout-final-build-e6c0c65c9c5a-20260925T105458Z/iphoneos/Build/Intermediates.noindex/PicPacKit.build/Release-iphoneos/PicPacPresentation.build/swift-overrides.hmap -emit-const-values -Xfrontend -const-gather-protocols-file -Xfrontend /tmp/picpac-phase3-layout-final-build-e6c0c65c9c5a-20260925T105458Z/iphoneos/Build/Intermediates.noindex/PicPacKit.build/Release-iphoneos/PicPacPresentation.build/Objects-normal/arm64/PicPacPresentation_const_extract_protocols.json -Xcc -I/tmp/picpac-phase3-layout-final-build-e6c0c65c9c5a-20260925T105458Z/iphoneos/Build/Products/Release-iphoneos/include -Xcc -I/tmp/picpac-phase3-layout-final-build-e6c0c65c9c5a-20260925T105458Z/iphoneos/Build/Intermediates.noindex/PicPacKit.build/Release-iphoneos/PicPacPresentation.build/DerivedSources-normal/arm64 -Xcc -I/tmp/picpac-phase3-layout-final-build-e6c0c65c9c5a-20260925T105458Z/iphoneos/Build/Intermediates.noindex/PicPacKit.build/Release-iphoneos/PicPacPresentation.build/DerivedSources/arm64 -Xcc -I/tmp/picpac-phase3-layout-final-build-e6c0c65c9c5a-20260925T105458Z/iphoneos/Build/Intermediates.noindex/PicPacKit.build/Release-iphoneos/PicPacPresentation.build/DerivedSources -Xcc -DSWIFT_PACKAGE -emit-objc-header -emit-objc-header-path /tmp/picpac-phase3-layout-final-build-e6c0c65c9c5a-20260925T105458Z/iphoneos/Build/Intermediates.noindex/PicPacKit.build/Release-iphoneos/PicPacPresentation.build/Objects-normal/arm64/PicPacPresentation-Swift.h -working-directory /Users/bavabangaru/Developer/pic-pac-poe-ios-native-parity/ios/PicPacPoe.xcodeproj -no-emit-module-separately-wmo

SwiftDriver PicPacAI normal arm64 com.apple.xcode.tools.swift.compiler (in target 'PicPacAI' from project 'PicPacKit')
    cd /Users/bavabangaru/Developer/pic-pac-poe-ios-native-parity/ios/PicPacPoe.xcodeproj
    builtin-SwiftDriver -- /Applications/Xcode.app/Contents/Developer/Toolchains/XcodeDefault.xctoolchain/usr/bin/swiftc -module-name PicPacAI -O -whole-module-optimization @/tmp/picpac-phase3-layout-final-build-e6c0c65c9c5a-20260925T105458Z/iphoneos/Build/Intermediates.noindex/PicPacKit.build/Release-iphoneos/PicPacAI.build/Objects-normal/arm64/PicPacAI.SwiftFileList -DSWIFT_PACKAGE -DSWIFT_MODULE_RESOURCE_BUNDLE_AVAILABLE -DXcode -plugin-path /Applications/Xcode.app/Contents/Developer/Toolchains/XcodeDefault.xctoolchain/usr/lib/swift/host/plugins/testing -enable-experimental-feature DebugDescriptionMacro -sdk /Applications/Xcode.app/Contents/Developer/Platforms/iPhoneOS.platform/Developer/SDKs/iPhoneOS26.5.sdk -target arm64-apple-ios17.0 -g -module-cache-path /tmp/picpac-phase3-layout-final-build-e6c0c65c9c5a-20260925T105458Z/iphoneos/ModuleCache.noindex -Xfrontend -serialize-debugging-options -suppress-warnings -swift-version 6 -I /tmp/picpac-phase3-layout-final-build-e6c0c65c9c5a-20260925T105458Z/iphoneos/Build/Products/Release-iphoneos -Isystem /Applications/Xcode.app/Contents/Developer/Platforms/iPhoneOS.platform/Developer/usr/lib -F /tmp/picpac-phase3-layout-final-build-e6c0c65c9c5a-20260925T105458Z/iphoneos/Build/Products/Release-iphoneos/PackageFrameworks -F /tmp/picpac-phase3-layout-final-build-e6c0c65c9c5a-20260925T105458Z/iphoneos/Build/Products/Release-iphoneos -F /Applications/Xcode.app/Contents/Developer/Platforms/iPhoneOS.platform/Developer/Library/Frameworks -F /Applications/Xcode.app/Contents/Developer/Platforms/iPhoneOS.platform/Developer/SDKs/iPhoneOS26.5.sdk/Developer/Library/Frameworks -c -num-threads 12 -Xcc -ivfsstatcache -Xcc /tmp/picpac-phase3-layout-final-build-e6c0c65c9c5a-20260925T105458Z/iphoneos/SDKStatCaches.noindex/iphoneos26.5-23F81a-32daed1954a7d5dd0789fcaf2a9bb78b.sdkstatcache -output-file-map /tmp/picpac-phase3-layout-final-build-e6c0c65c9c5a-20260925T105458Z/iphoneos/Build/Intermediates.noindex/PicPacKit.build/Release-iphoneos/PicPacAI.build/Objects-normal/arm64/PicPacAI-OutputFileMap.json -use-frontend-parseable-output -save-temps -no-color-diagnostics -explicit-module-build -module-cache-path /tmp/picpac-phase3-layout-final-build-e6c0c65c9c5a-20260925T105458Z/iphoneos/Build/Intermediates.noindex/SwiftExplicitPrecompiledModules -clang-scanner-module-cache-path /tmp/picpac-phase3-layout-final-build-e6c0c65c9c5a-20260925T105458Z/iphoneos/ModuleCache.noindex -sdk-module-cache-path /tmp/picpac-phase3-layout-final-build-e6c0c65c9c5a-20260925T105458Z/iphoneos/ModuleCache.noindex -serialize-diagnostics -emit-dependencies -emit-module -emit-module-path /tmp/picpac-phase3-layout-final-build-e6c0c65c9c5a-20260925T105458Z/iphoneos/Build/Intermediates.noindex/PicPacKit.build/Release-iphoneos/PicPacAI.build/Objects-normal/arm64/PicPacAI.swiftmodule -validate-clang-modules-once -clang-build-session-file /tmp/picpac-phase3-layout-final-build-e6c0c65c9c5a-20260925T105458Z/iphoneos/ModuleCache.noindex/Session.modulevalidation -package-name picpackit -Xcc -I/tmp/picpac-phase3-layout-final-build-e6c0c65c9c5a-20260925T105458Z/iphoneos/Build/Intermediates.noindex/PicPacKit.build/Release-iphoneos/PicPacAI.build/swift-overrides.hmap -emit-const-values -Xfrontend -const-gather-protocols-file -Xfrontend /tmp/picpac-phase3-layout-final-build-e6c0c65c9c5a-20260925T105458Z/iphoneos/Build/Intermediates.noindex/PicPacKit.build/Release-iphoneos/PicPacAI.build/Objects-normal/arm64/PicPacAI_const_extract_protocols.json -Xcc -I/tmp/picpac-phase3-layout-final-build-e6c0c65c9c5a-20260925T105458Z/iphoneos/Build/Products/Release-iphoneos/include -Xcc -I/tmp/picpac-phase3-layout-final-build-e6c0c65c9c5a-20260925T105458Z/iphoneos/Build/Intermediates.noindex/PicPacKit.build/Release-iphoneos/PicPacAI.build/DerivedSources-normal/arm64 -Xcc -I/tmp/picpac-phase3-layout-final-build-e6c0c65c9c5a-20260925T105458Z/iphoneos/Build/Intermediates.noindex/PicPacKit.build/Release-iphoneos/PicPacAI.build/DerivedSources/arm64 -Xcc -I/tmp/picpac-phase3-layout-final-build-e6c0c65c9c5a-20260925T105458Z/iphoneos/Build/Intermediates.noindex/PicPacKit.build/Release-iphoneos/PicPacAI.build/DerivedSources -Xcc -DSWIFT_PACKAGE -emit-objc-header -emit-objc-header-path /tmp/picpac-phase3-layout-final-build-e6c0c65c9c5a-20260925T105458Z/iphoneos/Build/Intermediates.noindex/PicPacKit.build/Release-iphoneos/PicPacAI.build/Objects-normal/arm64/PicPacAI-Swift.h -working-directory /Users/bavabangaru/Developer/pic-pac-poe-ios-native-parity/ios/PicPacPoe.xcodeproj -no-emit-module-separately-wmo

ExtractAppIntentsMetadata (in target 'PicPacCore' from project 'PicPacKit')
    cd /Users/bavabangaru/Developer/pic-pac-poe-ios-native-parity/ios/Packages/PicPacKit
    /Applications/Xcode.app/Contents/Developer/Toolchains/XcodeDefault.xctoolchain/usr/bin/appintentsmetadataprocessor --toolchain-dir /Applications/Xcode.app/Contents/Developer/Toolchains/XcodeDefault.xctoolchain --module-name PicPacCore --sdk-root /Applications/Xcode.app/Contents/Developer/Platforms/iPhoneOS.platform/Developer/SDKs/iPhoneOS26.5.sdk --xcode-version 17F113 --platform-family iOS --deployment-target 17.0 --bundle-identifier picpackit.PicPacCore --output /tmp/picpac-phase3-layout-final-build-e6c0c65c9c5a-20260925T105458Z/iphoneos/Build/Products/Release-iphoneos/PicPacCore.appintents --target-triple arm64-apple-ios17.0 --binary-file /tmp/picpac-phase3-layout-final-build-e6c0c65c9c5a-20260925T105458Z/iphoneos/Build/Products/Release-iphoneos/PicPacCore.o --dependency-file /tmp/picpac-phase3-layout-final-build-e6c0c65c9c5a-20260925T105458Z/iphoneos/Build/Intermediates.noindex/PicPacKit.build/Release-iphoneos/PicPacCore.build/Objects-normal/arm64/PicPacCore_dependency_info.dat --stringsdata-file /tmp/picpac-phase3-layout-final-build-e6c0c65c9c5a-20260925T105458Z/iphoneos/Build/Intermediates.noindex/PicPacKit.build/Release-iphoneos/PicPacCore.build/Objects-normal/arm64/ExtractedAppShortcutsMetadata.stringsdata --source-file-list /tmp/picpac-phase3-layout-final-build-e6c0c65c9c5a-20260925T105458Z/iphoneos/Build/Intermediates.noindex/PicPacKit.build/Release-iphoneos/PicPacCore.build/Objects-normal/arm64/PicPacCore.SwiftFileList --metadata-file-list /tmp/picpac-phase3-layout-final-build-e6c0c65c9c5a-20260925T105458Z/iphoneos/Build/Intermediates.noindex/PicPacKit.build/Release-iphoneos/PicPacCore.build/PicPacCore.DependencyMetadataFileList --static-metadata-file-list /tmp/picpac-phase3-layout-final-build-e6c0c65c9c5a-20260925T105458Z/iphoneos/Build/Intermediates.noindex/PicPacKit.build/Release-iphoneos/PicPacCore.build/PicPacCore.DependencyStaticMetadataFileList --swift-const-vals-list /tmp/picpac-phase3-layout-final-build-e6c0c65c9c5a-20260925T105458Z/iphoneos/Build/Intermediates.noindex/PicPacKit.build/Release-iphoneos/PicPacCore.build/Objects-normal/arm64/PicPacCore.SwiftConstValuesFileList --force --compile-time-extraction --deployment-aware-processing --validate-assistant-intents --no-app-shortcuts-localization
2026-09-25 06:55:47.131 appintentsmetadataprocessor[17315:116147191] Starting appintentsmetadataprocessor export
2026-09-25 06:55:47.150 appintentsmetadataprocessor[17315:116147191] Extracted no relevant App Intents symbols, skipping writing output

RegisterExecutionPolicyException /tmp/picpac-phase3-layout-final-build-e6c0c65c9c5a-20260925T105458Z/iphoneos/Build/Products/Release-iphoneos/PicPacCore.o (in target 'PicPacCore' from project 'PicPacKit')
    cd /Users/bavabangaru/Developer/pic-pac-poe-ios-native-parity/ios/Packages/PicPacKit
    builtin-RegisterExecutionPolicyException /tmp/picpac-phase3-layout-final-build-e6c0c65c9c5a-20260925T105458Z/iphoneos/Build/Products/Release-iphoneos/PicPacCore.o

SwiftDriver\ Compilation PicPacPresentation normal arm64 com.apple.xcode.tools.swift.compiler (in target 'PicPacPresentation' from project 'PicPacKit')
    cd /Users/bavabangaru/Developer/pic-pac-poe-ios-native-parity/ios/PicPacPoe.xcodeproj
    builtin-Swift-Compilation -- /Applications/Xcode.app/Contents/Developer/Toolchains/XcodeDefault.xctoolchain/usr/bin/swiftc -module-name PicPacPresentation -O -whole-module-optimization @/tmp/picpac-phase3-layout-final-build-e6c0c65c9c5a-20260925T105458Z/iphoneos/Build/Intermediates.noindex/PicPacKit.build/Release-iphoneos/PicPacPresentation.build/Objects-normal/arm64/PicPacPresentation.SwiftFileList -DSWIFT_PACKAGE -DSWIFT_MODULE_RESOURCE_BUNDLE_UNAVAILABLE -DXcode -plugin-path /Applications/Xcode.app/Contents/Developer/Toolchains/XcodeDefault.xctoolchain/usr/lib/swift/host/plugins/testing -enable-experimental-feature DebugDescriptionMacro -sdk /Applications/Xcode.app/Contents/Developer/Platforms/iPhoneOS.platform/Developer/SDKs/iPhoneOS26.5.sdk -target arm64-apple-ios17.0 -g -module-cache-path /tmp/picpac-phase3-layout-final-build-e6c0c65c9c5a-20260925T105458Z/iphoneos/ModuleCache.noindex -Xfrontend -serialize-debugging-options -suppress-warnings -swift-version 6 -I /tmp/picpac-phase3-layout-final-build-e6c0c65c9c5a-20260925T105458Z/iphoneos/Build/Products/Release-iphoneos -Isystem /Applications/Xcode.app/Contents/Developer/Platforms/iPhoneOS.platform/Developer/usr/lib -F /tmp/picpac-phase3-layout-final-build-e6c0c65c9c5a-20260925T105458Z/iphoneos/Build/Products/Release-iphoneos/PackageFrameworks -F /tmp/picpac-phase3-layout-final-build-e6c0c65c9c5a-20260925T105458Z/iphoneos/Build/Products/Release-iphoneos -F /Applications/Xcode.app/Contents/Developer/Platforms/iPhoneOS.platform/Developer/Library/Frameworks -F /Applications/Xcode.app/Contents/Developer/Platforms/iPhoneOS.platform/Developer/SDKs/iPhoneOS26.5.sdk/Developer/Library/Frameworks -c -num-threads 12 -Xcc -ivfsstatcache -Xcc /tmp/picpac-phase3-layout-final-build-e6c0c65c9c5a-20260925T105458Z/iphoneos/SDKStatCaches.noindex/iphoneos26.5-23F81a-32daed1954a7d5dd0789fcaf2a9bb78b.sdkstatcache -output-file-map /tmp/picpac-phase3-layout-final-build-e6c0c65c9c5a-20260925T105458Z/iphoneos/Build/Intermediates.noindex/PicPacKit.build/Release-iphoneos/PicPacPresentation.build/Objects-normal/arm64/PicPacPresentation-OutputFileMap.json -use-frontend-parseable-output -save-temps -no-color-diagnostics -explicit-module-build -module-cache-path /tmp/picpac-phase3-layout-final-build-e6c0c65c9c5a-20260925T105458Z/iphoneos/Build/Intermediates.noindex/SwiftExplicitPrecompiledModules -clang-scanner-module-cache-path /tmp/picpac-phase3-layout-final-build-e6c0c65c9c5a-20260925T105458Z/iphoneos/ModuleCache.noindex -sdk-module-cache-path /tmp/picpac-phase3-layout-final-build-e6c0c65c9c5a-20260925T105458Z/iphoneos/ModuleCache.noindex -serialize-diagnostics -emit-dependencies -emit-module -emit-module-path /tmp/picpac-phase3-layout-final-build-e6c0c65c9c5a-20260925T105458Z/iphoneos/Build/Intermediates.noindex/PicPacKit.build/Release-iphoneos/PicPacPresentation.build/Objects-normal/arm64/PicPacPresentation.swiftmodule -validate-clang-modules-once -clang-build-session-file /tmp/picpac-phase3-layout-final-build-e6c0c65c9c5a-20260925T105458Z/iphoneos/ModuleCache.noindex/Session.modulevalidation -package-name picpackit -Xcc -I/tmp/picpac-phase3-layout-final-build-e6c0c65c9c5a-20260925T105458Z/iphoneos/Build/Intermediates.noindex/PicPacKit.build/Release-iphoneos/PicPacPresentation.build/swift-overrides.hmap -emit-const-values -Xfrontend -const-gather-protocols-file -Xfrontend /tmp/picpac-phase3-layout-final-build-e6c0c65c9c5a-20260925T105458Z/iphoneos/Build/Intermediates.noindex/PicPacKit.build/Release-iphoneos/PicPacPresentation.build/Objects-normal/arm64/PicPacPresentation_const_extract_protocols.json -Xcc -I/tmp/picpac-phase3-layout-final-build-e6c0c65c9c5a-20260925T105458Z/iphoneos/Build/Products/Release-iphoneos/include -Xcc -I/tmp/picpac-phase3-layout-final-build-e6c0c65c9c5a-20260925T105458Z/iphoneos/Build/Intermediates.noindex/PicPacKit.build/Release-iphoneos/PicPacPresentation.build/DerivedSources-normal/arm64 -Xcc -I/tmp/picpac-phase3-layout-final-build-e6c0c65c9c5a-20260925T105458Z/iphoneos/Build/Intermediates.noindex/PicPacKit.build/Release-iphoneos/PicPacPresentation.build/DerivedSources/arm64 -Xcc -I/tmp/picpac-phase3-layout-final-build-e6c0c65c9c5a-20260925T105458Z/iphoneos/Build/Intermediates.noindex/PicPacKit.build/Release-iphoneos/PicPacPresentation.build/DerivedSources -Xcc -DSWIFT_PACKAGE -emit-objc-header -emit-objc-header-path /tmp/picpac-phase3-layout-final-build-e6c0c65c9c5a-20260925T105458Z/iphoneos/Build/Intermediates.noindex/PicPacKit.build/Release-iphoneos/PicPacPresentation.build/Objects-normal/arm64/PicPacPresentation-Swift.h -working-directory /Users/bavabangaru/Developer/pic-pac-poe-ios-native-parity/ios/PicPacPoe.xcodeproj -no-emit-module-separately-wmo

SwiftCompile normal arm64 Compiling\ GameCoordinator.swift,\ PresentationDependencies.swift,\ PresentationModels.swift,\ RestorationValidation.swift /Users/bavabangaru/Developer/pic-pac-poe-ios-native-parity/ios/Packages/PicPacKit/Sources/PicPacPresentation/GameCoordinator.swift /Users/bavabangaru/Developer/pic-pac-poe-ios-native-parity/ios/Packages/PicPacKit/Sources/PicPacPresentation/PresentationDependencies.swift /Users/bavabangaru/Developer/pic-pac-poe-ios-native-parity/ios/Packages/PicPacKit/Sources/PicPacPresentation/PresentationModels.swift /Users/bavabangaru/Developer/pic-pac-poe-ios-native-parity/ios/Packages/PicPacKit/Sources/PicPacPresentation/RestorationValidation.swift /Applications/Xcode.app/Contents/Developer/Toolchains/XcodeDefault.xctoolchain/usr/lib/swift/iphoneos/prebuilt-modules/26.5/_Concurrency.swiftmodule/arm64e-apple-ios.swiftmodule /Applications/Xcode.app/Contents/Developer/Toolchains/XcodeDefault.xctoolchain/usr/lib/swift/iphoneos/prebuilt-modules/26.5/_Builtin_float.swiftmodule/arm64e-apple-ios.swiftmodule /Applications/Xcode.app/Contents/Developer/Toolchains/XcodeDefault.xctoolchain/usr/lib/swift/iphoneos/prebuilt-modules/26.5/_StringProcessing.swiftmodule/arm64e-apple-ios.swiftmodule /Applications/Xcode.app/Contents/Developer/Toolchains/XcodeDefault.xctoolchain/usr/lib/swift/iphoneos/prebuilt-modules/26.5/CoreFoundation.swiftmodule/arm64e-apple-ios.swiftmodule /Applications/Xcode.app/Contents/Developer/Toolchains/XcodeDefault.xctoolchain/usr/lib/swift/iphoneos/prebuilt-modules/26.5/Foundation.swiftmodule/arm64e-apple-ios.swiftmodule /Applications/Xcode.app/Contents/Developer/Toolchains/XcodeDefault.xctoolchain/usr/lib/swift/iphoneos/prebuilt-modules/26.5/_DarwinFoundation3.swiftmodule/arm64e-apple-ios.swiftmodule /Applications/Xcode.app/Contents/Developer/Toolchains/XcodeDefault.xctoolchain/usr/lib/swift/iphoneos/prebuilt-modules/26.5/Observation.swiftmodule/arm64e-apple-ios.swiftmodule /tmp/picpac-phase3-layout-final-build-e6c0c65c9c5a-20260925T105458Z/iphoneos/Build/Products/Release-iphoneos/PicPacCore.swiftmodule/arm64-apple-ios.swiftmodule /Applications/Xcode.app/Contents/Developer/Toolchains/XcodeDefault.xctoolchain/usr/lib/swift/iphoneos/prebuilt-modules/26.5/XPC.swiftmodule/arm64e-apple-ios.swiftmodule /Applications/Xcode.app/Contents/Developer/Toolchains/XcodeDefault.xctoolchain/usr/lib/swift/iphoneos/prebuilt-modules/26.5/Dispatch.swiftmodule/arm64e-apple-ios.swiftmodule /Applications/Xcode.app/Contents/Developer/Toolchains/XcodeDefault.xctoolchain/usr/lib/swift/iphoneos/prebuilt-modules/26.5/Combine.swiftmodule/arm64e-apple-ios.swiftmodule /Applications/Xcode.app/Contents/Developer/Toolchains/XcodeDefault.xctoolchain/usr/lib/swift/iphoneos/prebuilt-modules/26.5/_DarwinFoundation2.swiftmodule/arm64e-apple-ios.swiftmodule /Applications/Xcode.app/Contents/Developer/Toolchains/XcodeDefault.xctoolchain/usr/lib/swift/iphoneos/prebuilt-modules/26.5/_DarwinFoundation1.swiftmodule/arm64e-apple-ios.swiftmodule /Applications/Xcode.app/Contents/Developer/Toolchains/XcodeDefault.xctoolchain/usr/lib/swift/iphoneos/prebuilt-modules/26.5/System.swiftmodule/arm64e-apple-ios.swiftmodule /Applications/Xcode.app/Contents/Developer/Toolchains/XcodeDefault.xctoolchain/usr/lib/swift/iphoneos/prebuilt-modules/26.5/ObjectiveC.swiftmodule/arm64e-apple-ios.swiftmodule /Applications/Xcode.app/Contents/Developer/Toolchains/XcodeDefault.xctoolchain/usr/lib/swift/iphoneos/prebuilt-modules/26.5/Darwin.swiftmodule/arm64e-apple-ios.swiftmodule /Applications/Xcode.app/Contents/Developer/Toolchains/XcodeDefault.xctoolchain/usr/lib/swift/iphoneos/prebuilt-modules/26.5/Swift.swiftmodule/arm64e-apple-ios.swiftmodule /tmp/picpac-phase3-layout-final-build-e6c0c65c9c5a-20260925T105458Z/iphoneos/ModuleCache.noindex/sys_types-EE7QUTPCO6LQLNL8FK2S1IS0X.pcm /tmp/picpac-phase3-layout-final-build-e6c0c65c9c5a-20260925T105458Z/iphoneos/ModuleCache.noindex/_Builtin_float-3K09IFTQIOHSMFXSS0LTMISU8.pcm /tmp/picpac-phase3-layout-final-build-e6c0c65c9c5a-20260925T105458Z/iphoneos/ModuleCache.noindex/CFNetwork-2UBRYKS5RQSHTISLOPXFX97KF.pcm /tmp/picpac-phase3-layout-final-build-e6c0c65c9c5a-20260925T105458Z/iphoneos/ModuleCache.noindex/ptrauth-DT8VGH7DLHVE4NIFEMFDJ7YCY.pcm /tmp/picpac-phase3-layout-final-build-e6c0c65c9c5a-20260925T105458Z/iphoneos/ModuleCache.noindex/ObjectiveC-DT5276F4ONKGGQPE13II0M2OL.pcm /tmp/picpac-phase3-layout-final-build-e6c0c65c9c5a-20260925T105458Z/iphoneos/ModuleCache.noindex/os_workgroup-9SIHMUQZ6C5MMMVX9NBALZZN9.pcm /tmp/picpac-phase3-layout-final-build-e6c0c65c9c5a-20260925T105458Z/iphoneos/ModuleCache.noindex/ptrcheck-D2SNPFU9XVLAY0C7D412D6PHG.pcm /tmp/picpac-phase3-layout-final-build-e6c0c65c9c5a-20260925T105458Z/iphoneos/ModuleCache.noindex/_DarwinFoundation3-9SOGSCV8NQ6P9DBEVRPMWCH2V.pcm /tmp/picpac-phase3-layout-final-build-e6c0c65c9c5a-20260925T105458Z/iphoneos/ModuleCache.noindex/_Builtin_stddef-8P7JKX55G6PNPRGBT6Z28YXNB.pcm /tmp/picpac-phase3-layout-final-build-e6c0c65c9c5a-20260925T105458Z/iphoneos/ModuleCache.noindex/Security-E9QUH6N3YPS4RXF5O37TOUU8Z.pcm /tmp/picpac-phase3-layout-final-build-e6c0c65c9c5a-20260925T105458Z/iphoneos/ModuleCache.noindex/_Builtin_stdbool-3MICALNKIEQHVNXNWE5P63SJA.pcm /tmp/picpac-phase3-layout-final-build-e6c0c65c9c5a-20260925T105458Z/iphoneos/ModuleCache.noindex/Dispatch-7M5TJJ93IDR7OZAMAVGQI0LKB.pcm /tmp/picpac-phase3-layout-final-build-e6c0c65c9c5a-20260925T105458Z/iphoneos/ModuleCache.noindex/_SwiftConcurrencyShims-K1P5NGU0YW45N0YBV6EG0ORC.pcm /tmp/picpac-phase3-layout-final-build-e6c0c65c9c5a-20260925T105458Z/iphoneos/ModuleCache.noindex/Foundation-D9OMQ603K7W5TLP2S7T34PJ2F.pcm /tmp/picpac-phase3-layout-final-build-e6c0c65c9c5a-20260925T105458Z/iphoneos/ModuleCache.noindex/os_object-4FHXJXED1H02QC3CRNQL3ED2T.pcm /tmp/picpac-phase3-layout-final-build-e6c0c65c9c5a-20260925T105458Z/iphoneos/ModuleCache.noindex/CoreFoundation-8HWK6HFDUR9P99NCC886FIJ08.pcm /tmp/picpac-phase3-layout-final-build-e6c0c65c9c5a-20260925T105458Z/iphoneos/ModuleCache.noindex/_Builtin_inttypes-7HM5G2ZBEJUEQGQN9I01CM7U6.pcm /tmp/picpac-phase3-layout-final-build-e6c0c65c9c5a-20260925T105458Z/iphoneos/ModuleCache.noindex/_DarwinFoundation1-ODS5VZXRLSZALO5RZFNNYTNP.pcm /tmp/picpac-phase3-layout-final-build-e6c0c65c9c5a-20260925T105458Z/iphoneos/ModuleCache.noindex/_Builtin_stdint-7TSBQAQD3A4IGAEEYCV31Q87Z.pcm /tmp/picpac-phase3-layout-final-build-e6c0c65c9c5a-20260925T105458Z/iphoneos/ModuleCache.noindex/_Builtin_limits-37EVEAP7MFVT63D6WM6RWZ6PX.pcm /tmp/picpac-phase3-layout-final-build-e6c0c65c9c5a-20260925T105458Z/iphoneos/ModuleCache.noindex/_AvailabilityInternal-5M1XNMPU4J2RW7JDYMIUU9LPQ.pcm /tmp/picpac-phase3-layout-final-build-e6c0c65c9c5a-20260925T105458Z/iphoneos/ModuleCache.noindex/SwiftShims-3BLFV5WJVGR711KTSHDK95DRX.pcm /tmp/picpac-phase3-layout-final-build-e6c0c65c9c5a-20260925T105458Z/iphoneos/ModuleCache.noindex/_DarwinFoundation2-9Y9W7VBJA9QKCPCAA13WZ0CXO.pcm /tmp/picpac-phase3-layout-final-build-e6c0c65c9c5a-20260925T105458Z/iphoneos/ModuleCache.noindex/XPC-4YYKW0CR7MKMFUSM1PS2OMIE0.pcm /tmp/picpac-phase3-layout-final-build-e6c0c65c9c5a-20260925T105458Z/iphoneos/ModuleCache.noindex/_Builtin_stdarg-5RELWN4QGG88FPVRR2TDCDGBJ.pcm /tmp/picpac-phase3-layout-final-build-e6c0c65c9c5a-20260925T105458Z/iphoneos/ModuleCache.noindex/Darwin-3ZKO9Y9OUV6Q6NIB5RDXDV798.pcm /tmp/picpac-phase3-layout-final-build-e6c0c65c9c5a-20260925T105458Z/iphoneos/Build/Intermediates.noindex/PicPacKit.build/Release-iphoneos/PicPacPresentation.build/Objects-normal/arm64/PicPacPresentation-dependencies-1.json (in target 'PicPacPresentation' from project 'PicPacKit')

CompileSwift normal arm64 (in target 'PicPacPresentation' from project 'PicPacKit')
    cd /Users/bavabangaru/Developer/pic-pac-poe-ios-native-parity/ios/PicPacPoe.xcodeproj
    

SwiftDriver\ Compilation PicPacAI normal arm64 com.apple.xcode.tools.swift.compiler (in target 'PicPacAI' from project 'PicPacKit')
    cd /Users/bavabangaru/Developer/pic-pac-poe-ios-native-parity/ios/PicPacPoe.xcodeproj
    builtin-Swift-Compilation -- /Applications/Xcode.app/Contents/Developer/Toolchains/XcodeDefault.xctoolchain/usr/bin/swiftc -module-name PicPacAI -O -whole-module-optimization @/tmp/picpac-phase3-layout-final-build-e6c0c65c9c5a-20260925T105458Z/iphoneos/Build/Intermediates.noindex/PicPacKit.build/Release-iphoneos/PicPacAI.build/Objects-normal/arm64/PicPacAI.SwiftFileList -DSWIFT_PACKAGE -DSWIFT_MODULE_RESOURCE_BUNDLE_AVAILABLE -DXcode -plugin-path /Applications/Xcode.app/Contents/Developer/Toolchains/XcodeDefault.xctoolchain/usr/lib/swift/host/plugins/testing -enable-experimental-feature DebugDescriptionMacro -sdk /Applications/Xcode.app/Contents/Developer/Platforms/iPhoneOS.platform/Developer/SDKs/iPhoneOS26.5.sdk -target arm64-apple-ios17.0 -g -module-cache-path /tmp/picpac-phase3-layout-final-build-e6c0c65c9c5a-20260925T105458Z/iphoneos/ModuleCache.noindex -Xfrontend -serialize-debugging-options -suppress-warnings -swift-version 6 -I /tmp/picpac-phase3-layout-final-build-e6c0c65c9c5a-20260925T105458Z/iphoneos/Build/Products/Release-iphoneos -Isystem /Applications/Xcode.app/Contents/Developer/Platforms/iPhoneOS.platform/Developer/usr/lib -F /tmp/picpac-phase3-layout-final-build-e6c0c65c9c5a-20260925T105458Z/iphoneos/Build/Products/Release-iphoneos/PackageFrameworks -F /tmp/picpac-phase3-layout-final-build-e6c0c65c9c5a-20260925T105458Z/iphoneos/Build/Products/Release-iphoneos -F /Applications/Xcode.app/Contents/Developer/Platforms/iPhoneOS.platform/Developer/Library/Frameworks -F /Applications/Xcode.app/Contents/Developer/Platforms/iPhoneOS.platform/Developer/SDKs/iPhoneOS26.5.sdk/Developer/Library/Frameworks -c -num-threads 12 -Xcc -ivfsstatcache -Xcc /tmp/picpac-phase3-layout-final-build-e6c0c65c9c5a-20260925T105458Z/iphoneos/SDKStatCaches.noindex/iphoneos26.5-23F81a-32daed1954a7d5dd0789fcaf2a9bb78b.sdkstatcache -output-file-map /tmp/picpac-phase3-layout-final-build-e6c0c65c9c5a-20260925T105458Z/iphoneos/Build/Intermediates.noindex/PicPacKit.build/Release-iphoneos/PicPacAI.build/Objects-normal/arm64/PicPacAI-OutputFileMap.json -use-frontend-parseable-output -save-temps -no-color-diagnostics -explicit-module-build -module-cache-path /tmp/picpac-phase3-layout-final-build-e6c0c65c9c5a-20260925T105458Z/iphoneos/Build/Intermediates.noindex/SwiftExplicitPrecompiledModules -clang-scanner-module-cache-path /tmp/picpac-phase3-layout-final-build-e6c0c65c9c5a-20260925T105458Z/iphoneos/ModuleCache.noindex -sdk-module-cache-path /tmp/picpac-phase3-layout-final-build-e6c0c65c9c5a-20260925T105458Z/iphoneos/ModuleCache.noindex -serialize-diagnostics -emit-dependencies -emit-module -emit-module-path /tmp/picpac-phase3-layout-final-build-e6c0c65c9c5a-20260925T105458Z/iphoneos/Build/Intermediates.noindex/PicPacKit.build/Release-iphoneos/PicPacAI.build/Objects-normal/arm64/PicPacAI.swiftmodule -validate-clang-modules-once -clang-build-session-file /tmp/picpac-phase3-layout-final-build-e6c0c65c9c5a-20260925T105458Z/iphoneos/ModuleCache.noindex/Session.modulevalidation -package-name picpackit -Xcc -I/tmp/picpac-phase3-layout-final-build-e6c0c65c9c5a-20260925T105458Z/iphoneos/Build/Intermediates.noindex/PicPacKit.build/Release-iphoneos/PicPacAI.build/swift-overrides.hmap -emit-const-values -Xfrontend -const-gather-protocols-file -Xfrontend /tmp/picpac-phase3-layout-final-build-e6c0c65c9c5a-20260925T105458Z/iphoneos/Build/Intermediates.noindex/PicPacKit.build/Release-iphoneos/PicPacAI.build/Objects-normal/arm64/PicPacAI_const_extract_protocols.json -Xcc -I/tmp/picpac-phase3-layout-final-build-e6c0c65c9c5a-20260925T105458Z/iphoneos/Build/Products/Release-iphoneos/include -Xcc -I/tmp/picpac-phase3-layout-final-build-e6c0c65c9c5a-20260925T105458Z/iphoneos/Build/Intermediates.noindex/PicPacKit.build/Release-iphoneos/PicPacAI.build/DerivedSources-normal/arm64 -Xcc -I/tmp/picpac-phase3-layout-final-build-e6c0c65c9c5a-20260925T105458Z/iphoneos/Build/Intermediates.noindex/PicPacKit.build/Release-iphoneos/PicPacAI.build/DerivedSources/arm64 -Xcc -I/tmp/picpac-phase3-layout-final-build-e6c0c65c9c5a-20260925T105458Z/iphoneos/Build/Intermediates.noindex/PicPacKit.build/Release-iphoneos/PicPacAI.build/DerivedSources -Xcc -DSWIFT_PACKAGE -emit-objc-header -emit-objc-header-path /tmp/picpac-phase3-layout-final-build-e6c0c65c9c5a-20260925T105458Z/iphoneos/Build/Intermediates.noindex/PicPacKit.build/Release-iphoneos/PicPacAI.build/Objects-normal/arm64/PicPacAI-Swift.h -working-directory /Users/bavabangaru/Developer/pic-pac-poe-ios-native-parity/ios/PicPacPoe.xcodeproj -no-emit-module-separately-wmo

SwiftCompile normal arm64 Compiling\ resource_bundle_accessor.swift,\ AIContracts.swift,\ ExpectiminimaxAgent.swift,\ FastAgents.swift,\ PositionEvaluator.swift,\ ProductionAIEngine.swift,\ RandomSources.swift,\ ReferenceExpectiminimax.swift,\ SearchModel.swift,\ StochasticMCTSAgent.swift,\ TabularPolicy.swift /tmp/picpac-phase3-layout-final-build-e6c0c65c9c5a-20260925T105458Z/iphoneos/Build/Intermediates.noindex/PicPacKit.build/Release-iphoneos/PicPacAI.build/DerivedSources/resource_bundle_accessor.swift /Users/bavabangaru/Developer/pic-pac-poe-ios-native-parity/ios/Packages/PicPacKit/Sources/PicPacAI/AIContracts.swift /Users/bavabangaru/Developer/pic-pac-poe-ios-native-parity/ios/Packages/PicPacKit/Sources/PicPacAI/ExpectiminimaxAgent.swift /Users/bavabangaru/Developer/pic-pac-poe-ios-native-parity/ios/Packages/PicPacKit/Sources/PicPacAI/FastAgents.swift /Users/bavabangaru/Developer/pic-pac-poe-ios-native-parity/ios/Packages/PicPacKit/Sources/PicPacAI/PositionEvaluator.swift /Users/bavabangaru/Developer/pic-pac-poe-ios-native-parity/ios/Packages/PicPacKit/Sources/PicPacAI/ProductionAIEngine.swift /Users/bavabangaru/Developer/pic-pac-poe-ios-native-parity/ios/Packages/PicPacKit/Sources/PicPacAI/RandomSources.swift /Users/bavabangaru/Developer/pic-pac-poe-ios-native-parity/ios/Packages/PicPacKit/Sources/PicPacAI/ReferenceExpectiminimax.swift /Users/bavabangaru/Developer/pic-pac-poe-ios-native-parity/ios/Packages/PicPacKit/Sources/PicPacAI/SearchModel.swift /Users/bavabangaru/Developer/pic-pac-poe-ios-native-parity/ios/Packages/PicPacKit/Sources/PicPacAI/StochasticMCTSAgent.swift /Users/bavabangaru/Developer/pic-pac-poe-ios-native-parity/ios/Packages/PicPacKit/Sources/PicPacAI/TabularPolicy.swift /Applications/Xcode.app/Contents/Developer/Toolchains/XcodeDefault.xctoolchain/usr/lib/swift/iphoneos/prebuilt-modules/26.5/_Concurrency.swiftmodule/arm64e-apple-ios.swiftmodule /Applications/Xcode.app/Contents/Developer/Toolchains/XcodeDefault.xctoolchain/usr/lib/swift/iphoneos/prebuilt-modules/26.5/CoreFoundation.swiftmodule/arm64e-apple-ios.swiftmodule /Applications/Xcode.app/Contents/Developer/Toolchains/XcodeDefault.xctoolchain/usr/lib/swift/iphoneos/prebuilt-modules/26.5/_Builtin_float.swiftmodule/arm64e-apple-ios.swiftmodule /Applications/Xcode.app/Contents/Developer/Toolchains/XcodeDefault.xctoolchain/usr/lib/swift/iphoneos/prebuilt-modules/26.5/_StringProcessing.swiftmodule/arm64e-apple-ios.swiftmodule /Applications/Xcode.app/Contents/Developer/Toolchains/XcodeDefault.xctoolchain/usr/lib/swift/iphoneos/prebuilt-modules/26.5/_DarwinFoundation3.swiftmodule/arm64e-apple-ios.swiftmodule /Applications/Xcode.app/Contents/Developer/Toolchains/XcodeDefault.xctoolchain/usr/lib/swift/iphoneos/prebuilt-modules/26.5/Foundation.swiftmodule/arm64e-apple-ios.swiftmodule /Applications/Xcode.app/Contents/Developer/Toolchains/XcodeDefault.xctoolchain/usr/lib/swift/iphoneos/prebuilt-modules/26.5/Observation.swiftmodule/arm64e-apple-ios.swiftmodule /tmp/picpac-phase3-layout-final-build-e6c0c65c9c5a-20260925T105458Z/iphoneos/Build/Products/Release-iphoneos/PicPacCore.swiftmodule/arm64-apple-ios.swiftmodule /Applications/Xcode.app/Contents/Developer/Toolchains/XcodeDefault.xctoolchain/usr/lib/swift/iphoneos/prebuilt-modules/26.5/XPC.swiftmodule/arm64e-apple-ios.swiftmodule /Applications/Xcode.app/Contents/Developer/Toolchains/XcodeDefault.xctoolchain/usr/lib/swift/iphoneos/prebuilt-modules/26.5/Dispatch.swiftmodule/arm64e-apple-ios.swiftmodule /Applications/Xcode.app/Contents/Developer/Toolchains/XcodeDefault.xctoolchain/usr/lib/swift/iphoneos/prebuilt-modules/26.5/Combine.swiftmodule/arm64e-apple-ios.swiftmodule /Applications/Xcode.app/Contents/Developer/Toolchains/XcodeDefault.xctoolchain/usr/lib/swift/iphoneos/prebuilt-modules/26.5/_DarwinFoundation2.swiftmodule/arm64e-apple-ios.swiftmodule /Applications/Xcode.app/Contents/Developer/Toolchains/XcodeDefault.xctoolchain/usr/lib/swift/iphoneos/prebuilt-modules/26.5/_DarwinFoundation1.swiftmodule/arm64e-apple-ios.swiftmodule /Applications/Xcode.app/Contents/Developer/Toolchains/XcodeDefault.xctoolchain/usr/lib/swift/iphoneos/prebuilt-modules/26.5/Darwin.swiftmodule/arm64e-apple-ios.swiftmodule /Applications/Xcode.app/Contents/Developer/Toolchains/XcodeDefault.xctoolchain/usr/lib/swift/iphoneos/prebuilt-modules/26.5/ObjectiveC.swiftmodule/arm64e-apple-ios.swiftmodule /Applications/Xcode.app/Contents/Developer/Toolchains/XcodeDefault.xctoolchain/usr/lib/swift/iphoneos/prebuilt-modules/26.5/System.swiftmodule/arm64e-apple-ios.swiftmodule /Applications/Xcode.app/Contents/Developer/Toolchains/XcodeDefault.xctoolchain/usr/lib/swift/iphoneos/prebuilt-modules/26.5/Swift.swiftmodule/arm64e-apple-ios.swiftmodule /tmp/picpac-phase3-layout-final-build-e6c0c65c9c5a-20260925T105458Z/iphoneos/ModuleCache.noindex/_Builtin_limits-37EVEAP7MFVT63D6WM6RWZ6PX.pcm /tmp/picpac-phase3-layout-final-build-e6c0c65c9c5a-20260925T105458Z/iphoneos/ModuleCache.noindex/CoreFoundation-8HWK6HFDUR9P99NCC886FIJ08.pcm /tmp/picpac-phase3-layout-final-build-e6c0c65c9c5a-20260925T105458Z/iphoneos/ModuleCache.noindex/_Builtin_stdint-7TSBQAQD3A4IGAEEYCV31Q87Z.pcm /tmp/picpac-phase3-layout-final-build-e6c0c65c9c5a-20260925T105458Z/iphoneos/ModuleCache.noindex/ObjectiveC-DT5276F4ONKGGQPE13II0M2OL.pcm /tmp/picpac-phase3-layout-final-build-e6c0c65c9c5a-20260925T105458Z/iphoneos/ModuleCache.noindex/Foundation-D9OMQ603K7W5TLP2S7T34PJ2F.pcm /tmp/picpac-phase3-layout-final-build-e6c0c65c9c5a-20260925T105458Z/iphoneos/ModuleCache.noindex/CFNetwork-2UBRYKS5RQSHTISLOPXFX97KF.pcm /tmp/picpac-phase3-layout-final-build-e6c0c65c9c5a-20260925T105458Z/iphoneos/ModuleCache.noindex/_Builtin_stdarg-5RELWN4QGG88FPVRR2TDCDGBJ.pcm /tmp/picpac-phase3-layout-final-build-e6c0c65c9c5a-20260925T105458Z/iphoneos/ModuleCache.noindex/_Builtin_inttypes-7HM5G2ZBEJUEQGQN9I01CM7U6.pcm /tmp/picpac-phase3-layout-final-build-e6c0c65c9c5a-20260925T105458Z/iphoneos/ModuleCache.noindex/ptrauth-DT8VGH7DLHVE4NIFEMFDJ7YCY.pcm /tmp/picpac-phase3-layout-final-build-e6c0c65c9c5a-20260925T105458Z/iphoneos/ModuleCache.noindex/_SwiftConcurrencyShims-K1P5NGU0YW45N0YBV6EG0ORC.pcm /tmp/picpac-phase3-layout-final-build-e6c0c65c9c5a-20260925T105458Z/iphoneos/ModuleCache.noindex/os_object-4FHXJXED1H02QC3CRNQL3ED2T.pcm /tmp/picpac-phase3-layout-final-build-e6c0c65c9c5a-20260925T105458Z/iphoneos/ModuleCache.noindex/_Builtin_stddef-8P7JKX55G6PNPRGBT6Z28YXNB.pcm /tmp/picpac-phase3-layout-final-build-e6c0c65c9c5a-20260925T105458Z/iphoneos/ModuleCache.noindex/Dispatch-7M5TJJ93IDR7OZAMAVGQI0LKB.pcm /tmp/picpac-phase3-layout-final-build-e6c0c65c9c5a-20260925T105458Z/iphoneos/ModuleCache.noindex/_DarwinFoundation1-ODS5VZXRLSZALO5RZFNNYTNP.pcm /tmp/picpac-phase3-layout-final-build-e6c0c65c9c5a-20260925T105458Z/iphoneos/ModuleCache.noindex/_AvailabilityInternal-5M1XNMPU4J2RW7JDYMIUU9LPQ.pcm /tmp/picpac-phase3-layout-final-build-e6c0c65c9c5a-20260925T105458Z/iphoneos/ModuleCache.noindex/ptrcheck-D2SNPFU9XVLAY0C7D412D6PHG.pcm /tmp/picpac-phase3-layout-final-build-e6c0c65c9c5a-20260925T105458Z/iphoneos/ModuleCache.noindex/_DarwinFoundation2-9Y9W7VBJA9QKCPCAA13WZ0CXO.pcm /tmp/picpac-phase3-layout-final-build-e6c0c65c9c5a-20260925T105458Z/iphoneos/ModuleCache.noindex/os_workgroup-9SIHMUQZ6C5MMMVX9NBALZZN9.pcm /tmp/picpac-phase3-layout-final-build-e6c0c65c9c5a-20260925T105458Z/iphoneos/ModuleCache.noindex/XPC-4YYKW0CR7MKMFUSM1PS2OMIE0.pcm /tmp/picpac-phase3-layout-final-build-e6c0c65c9c5a-20260925T105458Z/iphoneos/ModuleCache.noindex/_Builtin_float-3K09IFTQIOHSMFXSS0LTMISU8.pcm /tmp/picpac-phase3-layout-final-build-e6c0c65c9c5a-20260925T105458Z/iphoneos/ModuleCache.noindex/sys_types-EE7QUTPCO6LQLNL8FK2S1IS0X.pcm /tmp/picpac-phase3-layout-final-build-e6c0c65c9c5a-20260925T105458Z/iphoneos/ModuleCache.noindex/_DarwinFoundation3-9SOGSCV8NQ6P9DBEVRPMWCH2V.pcm /tmp/picpac-phase3-layout-final-build-e6c0c65c9c5a-20260925T105458Z/iphoneos/ModuleCache.noindex/SwiftShims-3BLFV5WJVGR711KTSHDK95DRX.pcm /tmp/picpac-phase3-layout-final-build-e6c0c65c9c5a-20260925T105458Z/iphoneos/ModuleCache.noindex/_Builtin_stdbool-3MICALNKIEQHVNXNWE5P63SJA.pcm /tmp/picpac-phase3-layout-final-build-e6c0c65c9c5a-20260925T105458Z/iphoneos/ModuleCache.noindex/Darwin-3ZKO9Y9OUV6Q6NIB5RDXDV798.pcm /tmp/picpac-phase3-layout-final-build-e6c0c65c9c5a-20260925T105458Z/iphoneos/ModuleCache.noindex/Security-E9QUH6N3YPS4RXF5O37TOUU8Z.pcm /tmp/picpac-phase3-layout-final-build-e6c0c65c9c5a-20260925T105458Z/iphoneos/Build/Intermediates.noindex/PicPacKit.build/Release-iphoneos/PicPacAI.build/Objects-normal/arm64/PicPacAI-dependencies-1.json (in target 'PicPacAI' from project 'PicPacKit')
CompileSwift normal arm64 (in target 'PicPacAI' from project 'PicPacKit')
    cd /Users/bavabangaru/Developer/pic-pac-poe-ios-native-parity/ios/PicPacPoe.xcodeproj
    

SwiftDriverJobDiscovery normal arm64 Compiling GameCoordinator.swift, PresentationDependencies.swift, PresentationModels.swift, RestorationValidation.swift (in target 'PicPacPresentation' from project 'PicPacKit')

SwiftDriver\ Compilation\ Requirements PicPacPresentation normal arm64 com.apple.xcode.tools.swift.compiler (in target 'PicPacPresentation' from project 'PicPacKit')
    cd /Users/bavabangaru/Developer/pic-pac-poe-ios-native-parity/ios/PicPacPoe.xcodeproj
    builtin-Swift-Compilation-Requirements -- /Applications/Xcode.app/Contents/Developer/Toolchains/XcodeDefault.xctoolchain/usr/bin/swiftc -module-name PicPacPresentation -O -whole-module-optimization @/tmp/picpac-phase3-layout-final-build-e6c0c65c9c5a-20260925T105458Z/iphoneos/Build/Intermediates.noindex/PicPacKit.build/Release-iphoneos/PicPacPresentation.build/Objects-normal/arm64/PicPacPresentation.SwiftFileList -DSWIFT_PACKAGE -DSWIFT_MODULE_RESOURCE_BUNDLE_UNAVAILABLE -DXcode -plugin-path /Applications/Xcode.app/Contents/Developer/Toolchains/XcodeDefault.xctoolchain/usr/lib/swift/host/plugins/testing -enable-experimental-feature DebugDescriptionMacro -sdk /Applications/Xcode.app/Contents/Developer/Platforms/iPhoneOS.platform/Developer/SDKs/iPhoneOS26.5.sdk -target arm64-apple-ios17.0 -g -module-cache-path /tmp/picpac-phase3-layout-final-build-e6c0c65c9c5a-20260925T105458Z/iphoneos/ModuleCache.noindex -Xfrontend -serialize-debugging-options -suppress-warnings -swift-version 6 -I /tmp/picpac-phase3-layout-final-build-e6c0c65c9c5a-20260925T105458Z/iphoneos/Build/Products/Release-iphoneos -Isystem /Applications/Xcode.app/Contents/Developer/Platforms/iPhoneOS.platform/Developer/usr/lib -F /tmp/picpac-phase3-layout-final-build-e6c0c65c9c5a-20260925T105458Z/iphoneos/Build/Products/Release-iphoneos/PackageFrameworks -F /tmp/picpac-phase3-layout-final-build-e6c0c65c9c5a-20260925T105458Z/iphoneos/Build/Products/Release-iphoneos -F /Applications/Xcode.app/Contents/Developer/Platforms/iPhoneOS.platform/Developer/Library/Frameworks -F /Applications/Xcode.app/Contents/Developer/Platforms/iPhoneOS.platform/Developer/SDKs/iPhoneOS26.5.sdk/Developer/Library/Frameworks -c -num-threads 12 -Xcc -ivfsstatcache -Xcc /tmp/picpac-phase3-layout-final-build-e6c0c65c9c5a-20260925T105458Z/iphoneos/SDKStatCaches.noindex/iphoneos26.5-23F81a-32daed1954a7d5dd0789fcaf2a9bb78b.sdkstatcache -output-file-map /tmp/picpac-phase3-layout-final-build-e6c0c65c9c5a-20260925T105458Z/iphoneos/Build/Intermediates.noindex/PicPacKit.build/Release-iphoneos/PicPacPresentation.build/Objects-normal/arm64/PicPacPresentation-OutputFileMap.json -use-frontend-parseable-output -save-temps -no-color-diagnostics -explicit-module-build -module-cache-path /tmp/picpac-phase3-layout-final-build-e6c0c65c9c5a-20260925T105458Z/iphoneos/Build/Intermediates.noindex/SwiftExplicitPrecompiledModules -clang-scanner-module-cache-path /tmp/picpac-phase3-layout-final-build-e6c0c65c9c5a-20260925T105458Z/iphoneos/ModuleCache.noindex -sdk-module-cache-path /tmp/picpac-phase3-layout-final-build-e6c0c65c9c5a-20260925T105458Z/iphoneos/ModuleCache.noindex -serialize-diagnostics -emit-dependencies -emit-module -emit-module-path /tmp/picpac-phase3-layout-final-build-e6c0c65c9c5a-20260925T105458Z/iphoneos/Build/Intermediates.noindex/PicPacKit.build/Release-iphoneos/PicPacPresentation.build/Objects-normal/arm64/PicPacPresentation.swiftmodule -validate-clang-modules-once -clang-build-session-file /tmp/picpac-phase3-layout-final-build-e6c0c65c9c5a-20260925T105458Z/iphoneos/ModuleCache.noindex/Session.modulevalidation -package-name picpackit -Xcc -I/tmp/picpac-phase3-layout-final-build-e6c0c65c9c5a-20260925T105458Z/iphoneos/Build/Intermediates.noindex/PicPacKit.build/Release-iphoneos/PicPacPresentation.build/swift-overrides.hmap -emit-const-values -Xfrontend -const-gather-protocols-file -Xfrontend /tmp/picpac-phase3-layout-final-build-e6c0c65c9c5a-20260925T105458Z/iphoneos/Build/Intermediates.noindex/PicPacKit.build/Release-iphoneos/PicPacPresentation.build/Objects-normal/arm64/PicPacPresentation_const_extract_protocols.json -Xcc -I/tmp/picpac-phase3-layout-final-build-e6c0c65c9c5a-20260925T105458Z/iphoneos/Build/Products/Release-iphoneos/include -Xcc -I/tmp/picpac-phase3-layout-final-build-e6c0c65c9c5a-20260925T105458Z/iphoneos/Build/Intermediates.noindex/PicPacKit.build/Release-iphoneos/PicPacPresentation.build/DerivedSources-normal/arm64 -Xcc -I/tmp/picpac-phase3-layout-final-build-e6c0c65c9c5a-20260925T105458Z/iphoneos/Build/Intermediates.noindex/PicPacKit.build/Release-iphoneos/PicPacPresentation.build/DerivedSources/arm64 -Xcc -I/tmp/picpac-phase3-layout-final-build-e6c0c65c9c5a-20260925T105458Z/iphoneos/Build/Intermediates.noindex/PicPacKit.build/Release-iphoneos/PicPacPresentation.build/DerivedSources -Xcc -DSWIFT_PACKAGE -emit-objc-header -emit-objc-header-path /tmp/picpac-phase3-layout-final-build-e6c0c65c9c5a-20260925T105458Z/iphoneos/Build/Intermediates.noindex/PicPacKit.build/Release-iphoneos/PicPacPresentation.build/Objects-normal/arm64/PicPacPresentation-Swift.h -working-directory /Users/bavabangaru/Developer/pic-pac-poe-ios-native-parity/ios/PicPacPoe.xcodeproj -no-emit-module-separately-wmo

SwiftMergeGeneratedHeaders /tmp/picpac-phase3-layout-final-build-e6c0c65c9c5a-20260925T105458Z/iphoneos/Build/Intermediates.noindex/GeneratedModuleMaps-iphoneos/PicPacPresentation-Swift.h /tmp/picpac-phase3-layout-final-build-e6c0c65c9c5a-20260925T105458Z/iphoneos/Build/Intermediates.noindex/PicPacKit.build/Release-iphoneos/PicPacPresentation.build/Objects-normal/arm64/PicPacPresentation-Swift.h (in target 'PicPacPresentation' from project 'PicPacKit')
    cd /Users/bavabangaru/Developer/pic-pac-poe-ios-native-parity/ios/Packages/PicPacKit
    builtin-swiftHeaderTool -arch arm64 /tmp/picpac-phase3-layout-final-build-e6c0c65c9c5a-20260925T105458Z/iphoneos/Build/Intermediates.noindex/PicPacKit.build/Release-iphoneos/PicPacPresentation.build/Objects-normal/arm64/PicPacPresentation-Swift.h -o /tmp/picpac-phase3-layout-final-build-e6c0c65c9c5a-20260925T105458Z/iphoneos/Build/Intermediates.noindex/GeneratedModuleMaps-iphoneos/PicPacPresentation-Swift.h

Copy /tmp/picpac-phase3-layout-final-build-e6c0c65c9c5a-20260925T105458Z/iphoneos/Build/Products/Release-iphoneos/PicPacPresentation.swiftmodule/arm64-apple-ios.swiftdoc /tmp/picpac-phase3-layout-final-build-e6c0c65c9c5a-20260925T105458Z/iphoneos/Build/Intermediates.noindex/PicPacKit.build/Release-iphoneos/PicPacPresentation.build/Objects-normal/arm64/PicPacPresentation.swiftdoc (in target 'PicPacPresentation' from project 'PicPacKit')
    cd /Users/bavabangaru/Developer/pic-pac-poe-ios-native-parity/ios/Packages/PicPacKit
    builtin-copy -exclude .DS_Store -exclude CVS -exclude .svn -exclude .git -exclude .hg -strip-unsigned-binaries -strip-deterministic -strip-tool /Applications/Xcode.app/Contents/Developer/Toolchains/XcodeDefault.xctoolchain/usr/bin/strip -resolve-src-symlinks -rename /tmp/picpac-phase3-layout-final-build-e6c0c65c9c5a-20260925T105458Z/iphoneos/Build/Intermediates.noindex/PicPacKit.build/Release-iphoneos/PicPacPresentation.build/Objects-normal/arm64/PicPacPresentation.swiftdoc /tmp/picpac-phase3-layout-final-build-e6c0c65c9c5a-20260925T105458Z/iphoneos/Build/Products/Release-iphoneos/PicPacPresentation.swiftmodule/arm64-apple-ios.swiftdoc

Copy /tmp/picpac-phase3-layout-final-build-e6c0c65c9c5a-20260925T105458Z/iphoneos/Build/Products/Release-iphoneos/PicPacPresentation.swiftmodule/arm64-apple-ios.abi.json /tmp/picpac-phase3-layout-final-build-e6c0c65c9c5a-20260925T105458Z/iphoneos/Build/Intermediates.noindex/PicPacKit.build/Release-iphoneos/PicPacPresentation.build/Objects-normal/arm64/PicPacPresentation.abi.json (in target 'PicPacPresentation' from project 'PicPacKit')
    cd /Users/bavabangaru/Developer/pic-pac-poe-ios-native-parity/ios/Packages/PicPacKit
    builtin-copy -exclude .DS_Store -exclude CVS -exclude .svn -exclude .git -exclude .hg -strip-unsigned-binaries -strip-deterministic -strip-tool /Applications/Xcode.app/Contents/Developer/Toolchains/XcodeDefault.xctoolchain/usr/bin/strip -resolve-src-symlinks -rename /tmp/picpac-phase3-layout-final-build-e6c0c65c9c5a-20260925T105458Z/iphoneos/Build/Intermediates.noindex/PicPacKit.build/Release-iphoneos/PicPacPresentation.build/Objects-normal/arm64/PicPacPresentation.abi.json /tmp/picpac-phase3-layout-final-build-e6c0c65c9c5a-20260925T105458Z/iphoneos/Build/Products/Release-iphoneos/PicPacPresentation.swiftmodule/arm64-apple-ios.abi.json

Copy /tmp/picpac-phase3-layout-final-build-e6c0c65c9c5a-20260925T105458Z/iphoneos/Build/Products/Release-iphoneos/PicPacPresentation.swiftmodule/arm64-apple-ios.swiftmodule /tmp/picpac-phase3-layout-final-build-e6c0c65c9c5a-20260925T105458Z/iphoneos/Build/Intermediates.noindex/PicPacKit.build/Release-iphoneos/PicPacPresentation.build/Objects-normal/arm64/PicPacPresentation.swiftmodule (in target 'PicPacPresentation' from project 'PicPacKit')
    cd /Users/bavabangaru/Developer/pic-pac-poe-ios-native-parity/ios/Packages/PicPacKit
    builtin-copy -exclude .DS_Store -exclude CVS -exclude .svn -exclude .git -exclude .hg -strip-unsigned-binaries -strip-deterministic -strip-tool /Applications/Xcode.app/Contents/Developer/Toolchains/XcodeDefault.xctoolchain/usr/bin/strip -resolve-src-symlinks -rename /tmp/picpac-phase3-layout-final-build-e6c0c65c9c5a-20260925T105458Z/iphoneos/Build/Intermediates.noindex/PicPacKit.build/Release-iphoneos/PicPacPresentation.build/Objects-normal/arm64/PicPacPresentation.swiftmodule /tmp/picpac-phase3-layout-final-build-e6c0c65c9c5a-20260925T105458Z/iphoneos/Build/Products/Release-iphoneos/PicPacPresentation.swiftmodule/arm64-apple-ios.swiftmodule

Copy /tmp/picpac-phase3-layout-final-build-e6c0c65c9c5a-20260925T105458Z/iphoneos/Build/Products/Release-iphoneos/PicPacPresentation.swiftmodule/Project/arm64-apple-ios.swiftsourceinfo /tmp/picpac-phase3-layout-final-build-e6c0c65c9c5a-20260925T105458Z/iphoneos/Build/Intermediates.noindex/PicPacKit.build/Release-iphoneos/PicPacPresentation.build/Objects-normal/arm64/PicPacPresentation.swiftsourceinfo (in target 'PicPacPresentation' from project 'PicPacKit')
    cd /Users/bavabangaru/Developer/pic-pac-poe-ios-native-parity/ios/Packages/PicPacKit
    builtin-copy -exclude .DS_Store -exclude CVS -exclude .svn -exclude .git -exclude .hg -strip-unsigned-binaries -strip-deterministic -strip-tool /Applications/Xcode.app/Contents/Developer/Toolchains/XcodeDefault.xctoolchain/usr/bin/strip -resolve-src-symlinks -rename /tmp/picpac-phase3-layout-final-build-e6c0c65c9c5a-20260925T105458Z/iphoneos/Build/Intermediates.noindex/PicPacKit.build/Release-iphoneos/PicPacPresentation.build/Objects-normal/arm64/PicPacPresentation.swiftsourceinfo /tmp/picpac-phase3-layout-final-build-e6c0c65c9c5a-20260925T105458Z/iphoneos/Build/Products/Release-iphoneos/PicPacPresentation.swiftmodule/Project/arm64-apple-ios.swiftsourceinfo

Ld /tmp/picpac-phase3-layout-final-build-e6c0c65c9c5a-20260925T105458Z/iphoneos/Build/Products/Release-iphoneos/PicPacPresentation.o normal (in target 'PicPacPresentation' from project 'PicPacKit')
    cd /Users/bavabangaru/Developer/pic-pac-poe-ios-native-parity/ios/Packages/PicPacKit
    /Applications/Xcode.app/Contents/Developer/Toolchains/XcodeDefault.xctoolchain/usr/bin/clang -Xlinker -reproducible -target arm64-apple-ios17.0 -r -isysroot /Applications/Xcode.app/Contents/Developer/Platforms/iPhoneOS.platform/Developer/SDKs/iPhoneOS26.5.sdk -Os -w -F/tmp/picpac-phase3-layout-final-build-e6c0c65c9c5a-20260925T105458Z/iphoneos/Build/Intermediates.noindex/EagerLinkingTBDs/Release-iphoneos -F/tmp/picpac-phase3-layout-final-build-e6c0c65c9c5a-20260925T105458Z/iphoneos/Build/Products/Release-iphoneos/PackageFrameworks -F/tmp/picpac-phase3-layout-final-build-e6c0c65c9c5a-20260925T105458Z/iphoneos/Build/Products/Release-iphoneos -iframework /Applications/Xcode.app/Contents/Developer/Platforms/iPhoneOS.platform/Developer/Library/Frameworks -iframework /Applications/Xcode.app/Contents/Developer/Platforms/iPhoneOS.platform/Developer/SDKs/iPhoneOS26.5.sdk/Developer/Library/Frameworks -filelist /tmp/picpac-phase3-layout-final-build-e6c0c65c9c5a-20260925T105458Z/iphoneos/Build/Intermediates.noindex/PicPacKit.build/Release-iphoneos/PicPacPresentation.build/Objects-normal/arm64/PicPacPresentation.LinkFileList -nostdlib -Xlinker -object_path_lto -Xlinker /tmp/picpac-phase3-layout-final-build-e6c0c65c9c5a-20260925T105458Z/iphoneos/Build/Intermediates.noindex/PicPacKit.build/Release-iphoneos/PicPacPresentation.build/Objects-normal/arm64/PicPacPresentation_lto.o -Xlinker -dependency_info -Xlinker /tmp/picpac-phase3-layout-final-build-e6c0c65c9c5a-20260925T105458Z/iphoneos/Build/Intermediates.noindex/PicPacKit.build/Release-iphoneos/PicPacPresentation.build/Objects-normal/arm64/PicPacPresentation_dependency_info.dat -fobjc-link-runtime -L/Applications/Xcode.app/Contents/Developer/Toolchains/XcodeDefault.xctoolchain/usr/lib/swift/iphoneos -L/usr/lib/swift -Xlinker -add_ast_path -Xlinker /tmp/picpac-phase3-layout-final-build-e6c0c65c9c5a-20260925T105458Z/iphoneos/Build/Intermediates.noindex/PicPacKit.build/Release-iphoneos/PicPacPresentation.build/Objects-normal/arm64/PicPacPresentation.swiftmodule @/tmp/picpac-phase3-layout-final-build-e6c0c65c9c5a-20260925T105458Z/iphoneos/Build/Intermediates.noindex/PicPacKit.build/Release-iphoneos/PicPacPresentation.build/Objects-normal/arm64/PicPacPresentation-linker-args.resp -o /tmp/picpac-phase3-layout-final-build-e6c0c65c9c5a-20260925T105458Z/iphoneos/Build/Products/Release-iphoneos/PicPacPresentation.o

ExtractAppIntentsMetadata (in target 'PicPacPresentation' from project 'PicPacKit')
    cd /Users/bavabangaru/Developer/pic-pac-poe-ios-native-parity/ios/Packages/PicPacKit
    /Applications/Xcode.app/Contents/Developer/Toolchains/XcodeDefault.xctoolchain/usr/bin/appintentsmetadataprocessor --toolchain-dir /Applications/Xcode.app/Contents/Developer/Toolchains/XcodeDefault.xctoolchain --module-name PicPacPresentation --sdk-root /Applications/Xcode.app/Contents/Developer/Platforms/iPhoneOS.platform/Developer/SDKs/iPhoneOS26.5.sdk --xcode-version 17F113 --platform-family iOS --deployment-target 17.0 --bundle-identifier picpackit.PicPacPresentation --output /tmp/picpac-phase3-layout-final-build-e6c0c65c9c5a-20260925T105458Z/iphoneos/Build/Products/Release-iphoneos/PicPacPresentation.appintents --target-triple arm64-apple-ios17.0 --binary-file /tmp/picpac-phase3-layout-final-build-e6c0c65c9c5a-20260925T105458Z/iphoneos/Build/Products/Release-iphoneos/PicPacPresentation.o --dependency-file /tmp/picpac-phase3-layout-final-build-e6c0c65c9c5a-20260925T105458Z/iphoneos/Build/Intermediates.noindex/PicPacKit.build/Release-iphoneos/PicPacPresentation.build/Objects-normal/arm64/PicPacPresentation_dependency_info.dat --stringsdata-file /tmp/picpac-phase3-layout-final-build-e6c0c65c9c5a-20260925T105458Z/iphoneos/Build/Intermediates.noindex/PicPacKit.build/Release-iphoneos/PicPacPresentation.build/Objects-normal/arm64/ExtractedAppShortcutsMetadata.stringsdata --source-file-list /tmp/picpac-phase3-layout-final-build-e6c0c65c9c5a-20260925T105458Z/iphoneos/Build/Intermediates.noindex/PicPacKit.build/Release-iphoneos/PicPacPresentation.build/Objects-normal/arm64/PicPacPresentation.SwiftFileList --metadata-file-list /tmp/picpac-phase3-layout-final-build-e6c0c65c9c5a-20260925T105458Z/iphoneos/Build/Intermediates.noindex/PicPacKit.build/Release-iphoneos/PicPacPresentation.build/PicPacPresentation.DependencyMetadataFileList --static-metadata-file-list /tmp/picpac-phase3-layout-final-build-e6c0c65c9c5a-20260925T105458Z/iphoneos/Build/Intermediates.noindex/PicPacKit.build/Release-iphoneos/PicPacPresentation.build/PicPacPresentation.DependencyStaticMetadataFileList --swift-const-vals-list /tmp/picpac-phase3-layout-final-build-e6c0c65c9c5a-20260925T105458Z/iphoneos/Build/Intermediates.noindex/PicPacKit.build/Release-iphoneos/PicPacPresentation.build/Objects-normal/arm64/PicPacPresentation.SwiftConstValuesFileList --force --compile-time-extraction --deployment-aware-processing --validate-assistant-intents --no-app-shortcuts-localization
2026-09-25 06:55:49.026 appintentsmetadataprocessor[17322:116147303] Starting appintentsmetadataprocessor export
2026-09-25 06:55:49.033 appintentsmetadataprocessor[17322:116147303] Extracted no relevant App Intents symbols, skipping writing output

RegisterExecutionPolicyException /tmp/picpac-phase3-layout-final-build-e6c0c65c9c5a-20260925T105458Z/iphoneos/Build/Products/Release-iphoneos/PicPacPresentation.o (in target 'PicPacPresentation' from project 'PicPacKit')
    cd /Users/bavabangaru/Developer/pic-pac-poe-ios-native-parity/ios/Packages/PicPacKit
    builtin-RegisterExecutionPolicyException /tmp/picpac-phase3-layout-final-build-e6c0c65c9c5a-20260925T105458Z/iphoneos/Build/Products/Release-iphoneos/PicPacPresentation.o

SwiftDriverJobDiscovery normal arm64 Compiling resource_bundle_accessor.swift, AIContracts.swift, ExpectiminimaxAgent.swift, FastAgents.swift, PositionEvaluator.swift, ProductionAIEngine.swift, RandomSources.swift, ReferenceExpectiminimax.swift, SearchModel.swift, StochasticMCTSAgent.swift, TabularPolicy.swift (in target 'PicPacAI' from project 'PicPacKit')

SwiftDriver\ Compilation\ Requirements PicPacAI normal arm64 com.apple.xcode.tools.swift.compiler (in target 'PicPacAI' from project 'PicPacKit')
    cd /Users/bavabangaru/Developer/pic-pac-poe-ios-native-parity/ios/PicPacPoe.xcodeproj
    builtin-Swift-Compilation-Requirements -- /Applications/Xcode.app/Contents/Developer/Toolchains/XcodeDefault.xctoolchain/usr/bin/swiftc -module-name PicPacAI -O -whole-module-optimization @/tmp/picpac-phase3-layout-final-build-e6c0c65c9c5a-20260925T105458Z/iphoneos/Build/Intermediates.noindex/PicPacKit.build/Release-iphoneos/PicPacAI.build/Objects-normal/arm64/PicPacAI.SwiftFileList -DSWIFT_PACKAGE -DSWIFT_MODULE_RESOURCE_BUNDLE_AVAILABLE -DXcode -plugin-path /Applications/Xcode.app/Contents/Developer/Toolchains/XcodeDefault.xctoolchain/usr/lib/swift/host/plugins/testing -enable-experimental-feature DebugDescriptionMacro -sdk /Applications/Xcode.app/Contents/Developer/Platforms/iPhoneOS.platform/Developer/SDKs/iPhoneOS26.5.sdk -target arm64-apple-ios17.0 -g -module-cache-path /tmp/picpac-phase3-layout-final-build-e6c0c65c9c5a-20260925T105458Z/iphoneos/ModuleCache.noindex -Xfrontend -serialize-debugging-options -suppress-warnings -swift-version 6 -I /tmp/picpac-phase3-layout-final-build-e6c0c65c9c5a-20260925T105458Z/iphoneos/Build/Products/Release-iphoneos -Isystem /Applications/Xcode.app/Contents/Developer/Platforms/iPhoneOS.platform/Developer/usr/lib -F /tmp/picpac-phase3-layout-final-build-e6c0c65c9c5a-20260925T105458Z/iphoneos/Build/Products/Release-iphoneos/PackageFrameworks -F /tmp/picpac-phase3-layout-final-build-e6c0c65c9c5a-20260925T105458Z/iphoneos/Build/Products/Release-iphoneos -F /Applications/Xcode.app/Contents/Developer/Platforms/iPhoneOS.platform/Developer/Library/Frameworks -F /Applications/Xcode.app/Contents/Developer/Platforms/iPhoneOS.platform/Developer/SDKs/iPhoneOS26.5.sdk/Developer/Library/Frameworks -c -num-threads 12 -Xcc -ivfsstatcache -Xcc /tmp/picpac-phase3-layout-final-build-e6c0c65c9c5a-20260925T105458Z/iphoneos/SDKStatCaches.noindex/iphoneos26.5-23F81a-32daed1954a7d5dd0789fcaf2a9bb78b.sdkstatcache -output-file-map /tmp/picpac-phase3-layout-final-build-e6c0c65c9c5a-20260925T105458Z/iphoneos/Build/Intermediates.noindex/PicPacKit.build/Release-iphoneos/PicPacAI.build/Objects-normal/arm64/PicPacAI-OutputFileMap.json -use-frontend-parseable-output -save-temps -no-color-diagnostics -explicit-module-build -module-cache-path /tmp/picpac-phase3-layout-final-build-e6c0c65c9c5a-20260925T105458Z/iphoneos/Build/Intermediates.noindex/SwiftExplicitPrecompiledModules -clang-scanner-module-cache-path /tmp/picpac-phase3-layout-final-build-e6c0c65c9c5a-20260925T105458Z/iphoneos/ModuleCache.noindex -sdk-module-cache-path /tmp/picpac-phase3-layout-final-build-e6c0c65c9c5a-20260925T105458Z/iphoneos/ModuleCache.noindex -serialize-diagnostics -emit-dependencies -emit-module -emit-module-path /tmp/picpac-phase3-layout-final-build-e6c0c65c9c5a-20260925T105458Z/iphoneos/Build/Intermediates.noindex/PicPacKit.build/Release-iphoneos/PicPacAI.build/Objects-normal/arm64/PicPacAI.swiftmodule -validate-clang-modules-once -clang-build-session-file /tmp/picpac-phase3-layout-final-build-e6c0c65c9c5a-20260925T105458Z/iphoneos/ModuleCache.noindex/Session.modulevalidation -package-name picpackit -Xcc -I/tmp/picpac-phase3-layout-final-build-e6c0c65c9c5a-20260925T105458Z/iphoneos/Build/Intermediates.noindex/PicPacKit.build/Release-iphoneos/PicPacAI.build/swift-overrides.hmap -emit-const-values -Xfrontend -const-gather-protocols-file -Xfrontend /tmp/picpac-phase3-layout-final-build-e6c0c65c9c5a-20260925T105458Z/iphoneos/Build/Intermediates.noindex/PicPacKit.build/Release-iphoneos/PicPacAI.build/Objects-normal/arm64/PicPacAI_const_extract_protocols.json -Xcc -I/tmp/picpac-phase3-layout-final-build-e6c0c65c9c5a-20260925T105458Z/iphoneos/Build/Products/Release-iphoneos/include -Xcc -I/tmp/picpac-phase3-layout-final-build-e6c0c65c9c5a-20260925T105458Z/iphoneos/Build/Intermediates.noindex/PicPacKit.build/Release-iphoneos/PicPacAI.build/DerivedSources-normal/arm64 -Xcc -I/tmp/picpac-phase3-layout-final-build-e6c0c65c9c5a-20260925T105458Z/iphoneos/Build/Intermediates.noindex/PicPacKit.build/Release-iphoneos/PicPacAI.build/DerivedSources/arm64 -Xcc -I/tmp/picpac-phase3-layout-final-build-e6c0c65c9c5a-20260925T105458Z/iphoneos/Build/Intermediates.noindex/PicPacKit.build/Release-iphoneos/PicPacAI.build/DerivedSources -Xcc -DSWIFT_PACKAGE -emit-objc-header -emit-objc-header-path /tmp/picpac-phase3-layout-final-build-e6c0c65c9c5a-20260925T105458Z/iphoneos/Build/Intermediates.noindex/PicPacKit.build/Release-iphoneos/PicPacAI.build/Objects-normal/arm64/PicPacAI-Swift.h -working-directory /Users/bavabangaru/Developer/pic-pac-poe-ios-native-parity/ios/PicPacPoe.xcodeproj -no-emit-module-separately-wmo

SwiftMergeGeneratedHeaders /tmp/picpac-phase3-layout-final-build-e6c0c65c9c5a-20260925T105458Z/iphoneos/Build/Intermediates.noindex/GeneratedModuleMaps-iphoneos/PicPacAI-Swift.h /tmp/picpac-phase3-layout-final-build-e6c0c65c9c5a-20260925T105458Z/iphoneos/Build/Intermediates.noindex/PicPacKit.build/Release-iphoneos/PicPacAI.build/Objects-normal/arm64/PicPacAI-Swift.h (in target 'PicPacAI' from project 'PicPacKit')
    cd /Users/bavabangaru/Developer/pic-pac-poe-ios-native-parity/ios/Packages/PicPacKit
    builtin-swiftHeaderTool -arch arm64 /tmp/picpac-phase3-layout-final-build-e6c0c65c9c5a-20260925T105458Z/iphoneos/Build/Intermediates.noindex/PicPacKit.build/Release-iphoneos/PicPacAI.build/Objects-normal/arm64/PicPacAI-Swift.h -o /tmp/picpac-phase3-layout-final-build-e6c0c65c9c5a-20260925T105458Z/iphoneos/Build/Intermediates.noindex/GeneratedModuleMaps-iphoneos/PicPacAI-Swift.h

Copy /tmp/picpac-phase3-layout-final-build-e6c0c65c9c5a-20260925T105458Z/iphoneos/Build/Products/Release-iphoneos/PicPacAI.swiftmodule/arm64-apple-ios.abi.json /tmp/picpac-phase3-layout-final-build-e6c0c65c9c5a-20260925T105458Z/iphoneos/Build/Intermediates.noindex/PicPacKit.build/Release-iphoneos/PicPacAI.build/Objects-normal/arm64/PicPacAI.abi.json (in target 'PicPacAI' from project 'PicPacKit')
    cd /Users/bavabangaru/Developer/pic-pac-poe-ios-native-parity/ios/Packages/PicPacKit
    builtin-copy -exclude .DS_Store -exclude CVS -exclude .svn -exclude .git -exclude .hg -strip-unsigned-binaries -strip-deterministic -strip-tool /Applications/Xcode.app/Contents/Developer/Toolchains/XcodeDefault.xctoolchain/usr/bin/strip -resolve-src-symlinks -rename /tmp/picpac-phase3-layout-final-build-e6c0c65c9c5a-20260925T105458Z/iphoneos/Build/Intermediates.noindex/PicPacKit.build/Release-iphoneos/PicPacAI.build/Objects-normal/arm64/PicPacAI.abi.json /tmp/picpac-phase3-layout-final-build-e6c0c65c9c5a-20260925T105458Z/iphoneos/Build/Products/Release-iphoneos/PicPacAI.swiftmodule/arm64-apple-ios.abi.json

Copy /tmp/picpac-phase3-layout-final-build-e6c0c65c9c5a-20260925T105458Z/iphoneos/Build/Products/Release-iphoneos/PicPacAI.swiftmodule/arm64-apple-ios.swiftmodule /tmp/picpac-phase3-layout-final-build-e6c0c65c9c5a-20260925T105458Z/iphoneos/Build/Intermediates.noindex/PicPacKit.build/Release-iphoneos/PicPacAI.build/Objects-normal/arm64/PicPacAI.swiftmodule (in target 'PicPacAI' from project 'PicPacKit')
    cd /Users/bavabangaru/Developer/pic-pac-poe-ios-native-parity/ios/Packages/PicPacKit
    builtin-copy -exclude .DS_Store -exclude CVS -exclude .svn -exclude .git -exclude .hg -strip-unsigned-binaries -strip-deterministic -strip-tool /Applications/Xcode.app/Contents/Developer/Toolchains/XcodeDefault.xctoolchain/usr/bin/strip -resolve-src-symlinks -rename /tmp/picpac-phase3-layout-final-build-e6c0c65c9c5a-20260925T105458Z/iphoneos/Build/Intermediates.noindex/PicPacKit.build/Release-iphoneos/PicPacAI.build/Objects-normal/arm64/PicPacAI.swiftmodule /tmp/picpac-phase3-layout-final-build-e6c0c65c9c5a-20260925T105458Z/iphoneos/Build/Products/Release-iphoneos/PicPacAI.swiftmodule/arm64-apple-ios.swiftmodule

Copy /tmp/picpac-phase3-layout-final-build-e6c0c65c9c5a-20260925T105458Z/iphoneos/Build/Products/Release-iphoneos/PicPacAI.swiftmodule/arm64-apple-ios.swiftdoc /tmp/picpac-phase3-layout-final-build-e6c0c65c9c5a-20260925T105458Z/iphoneos/Build/Intermediates.noindex/PicPacKit.build/Release-iphoneos/PicPacAI.build/Objects-normal/arm64/PicPacAI.swiftdoc (in target 'PicPacAI' from project 'PicPacKit')
    cd /Users/bavabangaru/Developer/pic-pac-poe-ios-native-parity/ios/Packages/PicPacKit
    builtin-copy -exclude .DS_Store -exclude CVS -exclude .svn -exclude .git -exclude .hg -strip-unsigned-binaries -strip-deterministic -strip-tool /Applications/Xcode.app/Contents/Developer/Toolchains/XcodeDefault.xctoolchain/usr/bin/strip -resolve-src-symlinks -rename /tmp/picpac-phase3-layout-final-build-e6c0c65c9c5a-20260925T105458Z/iphoneos/Build/Intermediates.noindex/PicPacKit.build/Release-iphoneos/PicPacAI.build/Objects-normal/arm64/PicPacAI.swiftdoc /tmp/picpac-phase3-layout-final-build-e6c0c65c9c5a-20260925T105458Z/iphoneos/Build/Products/Release-iphoneos/PicPacAI.swiftmodule/arm64-apple-ios.swiftdoc

Copy /tmp/picpac-phase3-layout-final-build-e6c0c65c9c5a-20260925T105458Z/iphoneos/Build/Products/Release-iphoneos/PicPacAI.swiftmodule/Project/arm64-apple-ios.swiftsourceinfo /tmp/picpac-phase3-layout-final-build-e6c0c65c9c5a-20260925T105458Z/iphoneos/Build/Intermediates.noindex/PicPacKit.build/Release-iphoneos/PicPacAI.build/Objects-normal/arm64/PicPacAI.swiftsourceinfo (in target 'PicPacAI' from project 'PicPacKit')
    cd /Users/bavabangaru/Developer/pic-pac-poe-ios-native-parity/ios/Packages/PicPacKit
    builtin-copy -exclude .DS_Store -exclude CVS -exclude .svn -exclude .git -exclude .hg -strip-unsigned-binaries -strip-deterministic -strip-tool /Applications/Xcode.app/Contents/Developer/Toolchains/XcodeDefault.xctoolchain/usr/bin/strip -resolve-src-symlinks -rename /tmp/picpac-phase3-layout-final-build-e6c0c65c9c5a-20260925T105458Z/iphoneos/Build/Intermediates.noindex/PicPacKit.build/Release-iphoneos/PicPacAI.build/Objects-normal/arm64/PicPacAI.swiftsourceinfo /tmp/picpac-phase3-layout-final-build-e6c0c65c9c5a-20260925T105458Z/iphoneos/Build/Products/Release-iphoneos/PicPacAI.swiftmodule/Project/arm64-apple-ios.swiftsourceinfo

Ld /tmp/picpac-phase3-layout-final-build-e6c0c65c9c5a-20260925T105458Z/iphoneos/Build/Products/Release-iphoneos/PicPacAI.o normal (in target 'PicPacAI' from project 'PicPacKit')
    cd /Users/bavabangaru/Developer/pic-pac-poe-ios-native-parity/ios/Packages/PicPacKit
    /Applications/Xcode.app/Contents/Developer/Toolchains/XcodeDefault.xctoolchain/usr/bin/clang -Xlinker -reproducible -target arm64-apple-ios17.0 -r -isysroot /Applications/Xcode.app/Contents/Developer/Platforms/iPhoneOS.platform/Developer/SDKs/iPhoneOS26.5.sdk -Os -w -F/tmp/picpac-phase3-layout-final-build-e6c0c65c9c5a-20260925T105458Z/iphoneos/Build/Intermediates.noindex/EagerLinkingTBDs/Release-iphoneos -F/tmp/picpac-phase3-layout-final-build-e6c0c65c9c5a-20260925T105458Z/iphoneos/Build/Products/Release-iphoneos/PackageFrameworks -F/tmp/picpac-phase3-layout-final-build-e6c0c65c9c5a-20260925T105458Z/iphoneos/Build/Products/Release-iphoneos -iframework /Applications/Xcode.app/Contents/Developer/Platforms/iPhoneOS.platform/Developer/Library/Frameworks -iframework /Applications/Xcode.app/Contents/Developer/Platforms/iPhoneOS.platform/Developer/SDKs/iPhoneOS26.5.sdk/Developer/Library/Frameworks -filelist /tmp/picpac-phase3-layout-final-build-e6c0c65c9c5a-20260925T105458Z/iphoneos/Build/Intermediates.noindex/PicPacKit.build/Release-iphoneos/PicPacAI.build/Objects-normal/arm64/PicPacAI.LinkFileList -nostdlib -Xlinker -object_path_lto -Xlinker /tmp/picpac-phase3-layout-final-build-e6c0c65c9c5a-20260925T105458Z/iphoneos/Build/Intermediates.noindex/PicPacKit.build/Release-iphoneos/PicPacAI.build/Objects-normal/arm64/PicPacAI_lto.o -Xlinker -dependency_info -Xlinker /tmp/picpac-phase3-layout-final-build-e6c0c65c9c5a-20260925T105458Z/iphoneos/Build/Intermediates.noindex/PicPacKit.build/Release-iphoneos/PicPacAI.build/Objects-normal/arm64/PicPacAI_dependency_info.dat -fobjc-link-runtime -L/Applications/Xcode.app/Contents/Developer/Toolchains/XcodeDefault.xctoolchain/usr/lib/swift/iphoneos -L/usr/lib/swift -Xlinker -add_ast_path -Xlinker /tmp/picpac-phase3-layout-final-build-e6c0c65c9c5a-20260925T105458Z/iphoneos/Build/Intermediates.noindex/PicPacKit.build/Release-iphoneos/PicPacAI.build/Objects-normal/arm64/PicPacAI.swiftmodule @/tmp/picpac-phase3-layout-final-build-e6c0c65c9c5a-20260925T105458Z/iphoneos/Build/Intermediates.noindex/PicPacKit.build/Release-iphoneos/PicPacAI.build/Objects-normal/arm64/PicPacAI-linker-args.resp -o /tmp/picpac-phase3-layout-final-build-e6c0c65c9c5a-20260925T105458Z/iphoneos/Build/Products/Release-iphoneos/PicPacAI.o

MkDir /tmp/picpac-phase3-layout-final-build-e6c0c65c9c5a-20260925T105458Z/iphoneos/Build/Intermediates.noindex/PicPacPoe.build/Release-iphoneos/PicPacPoe.build/assetcatalog_output/thinned (in target 'PicPacPoe' from project 'PicPacPoe')
    cd /Users/bavabangaru/Developer/pic-pac-poe-ios-native-parity/ios
    /bin/mkdir -p /tmp/picpac-phase3-layout-final-build-e6c0c65c9c5a-20260925T105458Z/iphoneos/Build/Intermediates.noindex/PicPacPoe.build/Release-iphoneos/PicPacPoe.build/assetcatalog_output/thinned

MkDir /tmp/picpac-phase3-layout-final-build-e6c0c65c9c5a-20260925T105458Z/iphoneos/Build/Intermediates.noindex/PicPacPoe.build/Release-iphoneos/PicPacPoe.build/assetcatalog_output/unthinned (in target 'PicPacPoe' from project 'PicPacPoe')
    cd /Users/bavabangaru/Developer/pic-pac-poe-ios-native-parity/ios
    /bin/mkdir -p /tmp/picpac-phase3-layout-final-build-e6c0c65c9c5a-20260925T105458Z/iphoneos/Build/Intermediates.noindex/PicPacPoe.build/Release-iphoneos/PicPacPoe.build/assetcatalog_output/unthinned

GenerateAssetSymbols /Users/bavabangaru/Developer/pic-pac-poe-ios-native-parity/ios/PicPacPoe/Assets.xcassets (in target 'PicPacPoe' from project 'PicPacPoe')
    cd /Users/bavabangaru/Developer/pic-pac-poe-ios-native-parity/ios
    /Applications/Xcode.app/Contents/Developer/usr/bin/actool /Users/bavabangaru/Developer/pic-pac-poe-ios-native-parity/ios/PicPacPoe/Assets.xcassets --compile /tmp/picpac-phase3-layout-final-build-e6c0c65c9c5a-20260925T105458Z/iphoneos/Build/Products/Release-iphoneos/PicPacPoe.app --output-format human-readable-text --notices --warnings --export-dependency-info /tmp/picpac-phase3-layout-final-build-e6c0c65c9c5a-20260925T105458Z/iphoneos/Build/Intermediates.noindex/PicPacPoe.build/Release-iphoneos/PicPacPoe.build/assetcatalog_dependencies --output-partial-info-plist /tmp/picpac-phase3-layout-final-build-e6c0c65c9c5a-20260925T105458Z/iphoneos/Build/Intermediates.noindex/PicPacPoe.build/Release-iphoneos/PicPacPoe.build/assetcatalog_generated_info.plist --app-icon AppIcon --compress-pngs --enable-on-demand-resources YES --development-region en --target-device iphone --target-device ipad --minimum-deployment-target 17.0 --platform iphoneos --bundle-identifier dev.saipranith.picpacpoe --generate-swift-asset-symbol-extensions NO --generate-swift-asset-symbols /tmp/picpac-phase3-layout-final-build-e6c0c65c9c5a-20260925T105458Z/iphoneos/Build/Intermediates.noindex/PicPacPoe.build/Release-iphoneos/PicPacPoe.build/DerivedSources/GeneratedAssetSymbols.swift --generate-objc-asset-symbols /tmp/picpac-phase3-layout-final-build-e6c0c65c9c5a-20260925T105458Z/iphoneos/Build/Intermediates.noindex/PicPacPoe.build/Release-iphoneos/PicPacPoe.build/DerivedSources/GeneratedAssetSymbols.h --generate-asset-symbol-index /tmp/picpac-phase3-layout-final-build-e6c0c65c9c5a-20260925T105458Z/iphoneos/Build/Intermediates.noindex/PicPacPoe.build/Release-iphoneos/PicPacPoe.build/DerivedSources/GeneratedAssetSymbols-Index.plist
/* com.apple.actool.compilation-results */
/tmp/picpac-phase3-layout-final-build-e6c0c65c9c5a-20260925T105458Z/iphoneos/Build/Intermediates.noindex/PicPacPoe.build/Release-iphoneos/PicPacPoe.build/DerivedSources/GeneratedAssetSymbols-Index.plist
/tmp/picpac-phase3-layout-final-build-e6c0c65c9c5a-20260925T105458Z/iphoneos/Build/Intermediates.noindex/PicPacPoe.build/Release-iphoneos/PicPacPoe.build/DerivedSources/GeneratedAssetSymbols.h
/tmp/picpac-phase3-layout-final-build-e6c0c65c9c5a-20260925T105458Z/iphoneos/Build/Intermediates.noindex/PicPacPoe.build/Release-iphoneos/PicPacPoe.build/DerivedSources/GeneratedAssetSymbols.swift


CompileAssetCatalogVariant thinned /tmp/picpac-phase3-layout-final-build-e6c0c65c9c5a-20260925T105458Z/iphoneos/Build/Products/Release-iphoneos/PicPacPoe.app /Users/bavabangaru/Developer/pic-pac-poe-ios-native-parity/ios/PicPacPoe/Assets.xcassets (in target 'PicPacPoe' from project 'PicPacPoe')
    cd /Users/bavabangaru/Developer/pic-pac-poe-ios-native-parity/ios
    /Applications/Xcode.app/Contents/Developer/usr/bin/actool /Users/bavabangaru/Developer/pic-pac-poe-ios-native-parity/ios/PicPacPoe/Assets.xcassets --compile /tmp/picpac-phase3-layout-final-build-e6c0c65c9c5a-20260925T105458Z/iphoneos/Build/Intermediates.noindex/PicPacPoe.build/Release-iphoneos/PicPacPoe.build/assetcatalog_output/thinned --output-format human-readable-text --notices --warnings --export-dependency-info /tmp/picpac-phase3-layout-final-build-e6c0c65c9c5a-20260925T105458Z/iphoneos/Build/Intermediates.noindex/PicPacPoe.build/Release-iphoneos/PicPacPoe.build/assetcatalog_dependencies_thinned --output-partial-info-plist /tmp/picpac-phase3-layout-final-build-e6c0c65c9c5a-20260925T105458Z/iphoneos/Build/Intermediates.noindex/PicPacPoe.build/Release-iphoneos/PicPacPoe.build/assetcatalog_generated_info.plist_thinned --app-icon AppIcon --compress-pngs --enable-on-demand-resources YES --development-region en --target-device iphone --target-device ipad --minimum-deployment-target 17.0 --platform iphoneos
/* com.apple.actool.compilation-results */
/tmp/picpac-phase3-layout-final-build-e6c0c65c9c5a-20260925T105458Z/iphoneos/Build/Intermediates.noindex/PicPacPoe.build/Release-iphoneos/PicPacPoe.build/assetcatalog_generated_info.plist_thinned
/tmp/picpac-phase3-layout-final-build-e6c0c65c9c5a-20260925T105458Z/iphoneos/Build/Intermediates.noindex/PicPacPoe.build/Release-iphoneos/PicPacPoe.build/assetcatalog_output/thinned/AppIcon60x60@2x.png
/tmp/picpac-phase3-layout-final-build-e6c0c65c9c5a-20260925T105458Z/iphoneos/Build/Intermediates.noindex/PicPacPoe.build/Release-iphoneos/PicPacPoe.build/assetcatalog_output/thinned/AppIcon76x76@2x~ipad.png
/tmp/picpac-phase3-layout-final-build-e6c0c65c9c5a-20260925T105458Z/iphoneos/Build/Intermediates.noindex/PicPacPoe.build/Release-iphoneos/PicPacPoe.build/assetcatalog_output/thinned/Assets.car


SwiftDriver PicPacPoe normal arm64 com.apple.xcode.tools.swift.compiler (in target 'PicPacPoe' from project 'PicPacPoe')
    cd /Users/bavabangaru/Developer/pic-pac-poe-ios-native-parity/ios
    builtin-SwiftDriver -- /Applications/Xcode.app/Contents/Developer/Toolchains/XcodeDefault.xctoolchain/usr/bin/swiftc -module-name PicPacPoe -O -whole-module-optimization @/tmp/picpac-phase3-layout-final-build-e6c0c65c9c5a-20260925T105458Z/iphoneos/Build/Intermediates.noindex/PicPacPoe.build/Release-iphoneos/PicPacPoe.build/Objects-normal/arm64/PicPacPoe.SwiftFileList -enable-experimental-feature DebugDescriptionMacro -sdk /Applications/Xcode.app/Contents/Developer/Platforms/iPhoneOS.platform/Developer/SDKs/iPhoneOS26.5.sdk -target arm64-apple-ios17.0 -g -module-cache-path /tmp/picpac-phase3-layout-final-build-e6c0c65c9c5a-20260925T105458Z/iphoneos/ModuleCache.noindex -Xfrontend -serialize-debugging-options -swift-version 6 -I /tmp/picpac-phase3-layout-final-build-e6c0c65c9c5a-20260925T105458Z/iphoneos/Build/Products/Release-iphoneos -F /tmp/picpac-phase3-layout-final-build-e6c0c65c9c5a-20260925T105458Z/iphoneos/Build/Products/Release-iphoneos/PackageFrameworks -F /tmp/picpac-phase3-layout-final-build-e6c0c65c9c5a-20260925T105458Z/iphoneos/Build/Products/Release-iphoneos/PackageFrameworks -F /tmp/picpac-phase3-layout-final-build-e6c0c65c9c5a-20260925T105458Z/iphoneos/Build/Products/Release-iphoneos/PackageFrameworks -F /tmp/picpac-phase3-layout-final-build-e6c0c65c9c5a-20260925T105458Z/iphoneos/Build/Products/Release-iphoneos -emit-localized-strings -emit-localized-strings-path /tmp/picpac-phase3-layout-final-build-e6c0c65c9c5a-20260925T105458Z/iphoneos/Build/Intermediates.noindex/PicPacPoe.build/Release-iphoneos/PicPacPoe.build/Objects-normal/arm64 -c -num-threads 12 -Xcc -ivfsstatcache -Xcc /tmp/picpac-phase3-layout-final-build-e6c0c65c9c5a-20260925T105458Z/iphoneos/SDKStatCaches.noindex/iphoneos26.5-23F81a-32daed1954a7d5dd0789fcaf2a9bb78b.sdkstatcache -output-file-map /tmp/picpac-phase3-layout-final-build-e6c0c65c9c5a-20260925T105458Z/iphoneos/Build/Intermediates.noindex/PicPacPoe.build/Release-iphoneos/PicPacPoe.build/Objects-normal/arm64/PicPacPoe-OutputFileMap.json -use-frontend-parseable-output -save-temps -no-color-diagnostics -explicit-module-build -module-cache-path /tmp/picpac-phase3-layout-final-build-e6c0c65c9c5a-20260925T105458Z/iphoneos/Build/Intermediates.noindex/SwiftExplicitPrecompiledModules -clang-scanner-module-cache-path /tmp/picpac-phase3-layout-final-build-e6c0c65c9c5a-20260925T105458Z/iphoneos/ModuleCache.noindex -sdk-module-cache-path /tmp/picpac-phase3-layout-final-build-e6c0c65c9c5a-20260925T105458Z/iphoneos/ModuleCache.noindex -serialize-diagnostics -emit-dependencies -emit-module -emit-module-path /tmp/picpac-phase3-layout-final-build-e6c0c65c9c5a-20260925T105458Z/iphoneos/Build/Intermediates.noindex/PicPacPoe.build/Release-iphoneos/PicPacPoe.build/Objects-normal/arm64/PicPacPoe.swiftmodule -validate-clang-modules-once -clang-build-session-file /tmp/picpac-phase3-layout-final-build-e6c0c65c9c5a-20260925T105458Z/iphoneos/ModuleCache.noindex/Session.modulevalidation -Xcc -I/tmp/picpac-phase3-layout-final-build-e6c0c65c9c5a-20260925T105458Z/iphoneos/Build/Intermediates.noindex/PicPacPoe.build/Release-iphoneos/PicPacPoe.build/swift-overrides.hmap -emit-const-values -Xfrontend -const-gather-protocols-file -Xfrontend /tmp/picpac-phase3-layout-final-build-e6c0c65c9c5a-20260925T105458Z/iphoneos/Build/Intermediates.noindex/PicPacPoe.build/Release-iphoneos/PicPacPoe.build/Objects-normal/arm64/PicPacPoe_const_extract_protocols.json -Xcc -iquote -Xcc /tmp/picpac-phase3-layout-final-build-e6c0c65c9c5a-20260925T105458Z/iphoneos/Build/Intermediates.noindex/PicPacPoe.build/Release-iphoneos/PicPacPoe.build/PicPacPoe-generated-files.hmap -Xcc -I/tmp/picpac-phase3-layout-final-build-e6c0c65c9c5a-20260925T105458Z/iphoneos/Build/Intermediates.noindex/PicPacPoe.build/Release-iphoneos/PicPacPoe.build/PicPacPoe-own-target-headers.hmap -Xcc -I/tmp/picpac-phase3-layout-final-build-e6c0c65c9c5a-20260925T105458Z/iphoneos/Build/Intermediates.noindex/PicPacPoe.build/Release-iphoneos/PicPacPoe.build/PicPacPoe-all-non-framework-target-headers.hmap -Xcc -ivfsoverlay -Xcc /tmp/picpac-phase3-layout-final-build-e6c0c65c9c5a-20260925T105458Z/iphoneos/Build/Intermediates.noindex/PicPacPoe.build/Release-iphoneos/PicPacPoe-90eff2f9d9e8600d7e53134acd1cb833-VFS-iphoneos/all-product-headers.yaml -Xcc -iquote -Xcc /tmp/picpac-phase3-layout-final-build-e6c0c65c9c5a-20260925T105458Z/iphoneos/Build/Intermediates.noindex/PicPacPoe.build/Release-iphoneos/PicPacPoe.build/PicPacPoe-project-headers.hmap -Xcc -I/tmp/picpac-phase3-layout-final-build-e6c0c65c9c5a-20260925T105458Z/iphoneos/Build/Products/Release-iphoneos/include -Xcc -I/tmp/picpac-phase3-layout-final-build-e6c0c65c9c5a-20260925T105458Z/iphoneos/Build/Intermediates.noindex/PicPacPoe.build/Release-iphoneos/PicPacPoe.build/DerivedSources-normal/arm64 -Xcc -I/tmp/picpac-phase3-layout-final-build-e6c0c65c9c5a-20260925T105458Z/iphoneos/Build/Intermediates.noindex/PicPacPoe.build/Release-iphoneos/PicPacPoe.build/DerivedSources/arm64 -Xcc -I/tmp/picpac-phase3-layout-final-build-e6c0c65c9c5a-20260925T105458Z/iphoneos/Build/Intermediates.noindex/PicPacPoe.build/Release-iphoneos/PicPacPoe.build/DerivedSources -emit-objc-header -emit-objc-header-path /tmp/picpac-phase3-layout-final-build-e6c0c65c9c5a-20260925T105458Z/iphoneos/Build/Intermediates.noindex/PicPacPoe.build/Release-iphoneos/PicPacPoe.build/Objects-normal/arm64/PicPacPoe-Swift.h -working-directory /Users/bavabangaru/Developer/pic-pac-poe-ios-native-parity/ios -no-emit-module-separately-wmo

ExtractAppIntentsMetadata (in target 'PicPacAI' from project 'PicPacKit')
    cd /Users/bavabangaru/Developer/pic-pac-poe-ios-native-parity/ios/Packages/PicPacKit
    /Applications/Xcode.app/Contents/Developer/Toolchains/XcodeDefault.xctoolchain/usr/bin/appintentsmetadataprocessor --toolchain-dir /Applications/Xcode.app/Contents/Developer/Toolchains/XcodeDefault.xctoolchain --module-name PicPacAI --sdk-root /Applications/Xcode.app/Contents/Developer/Platforms/iPhoneOS.platform/Developer/SDKs/iPhoneOS26.5.sdk --xcode-version 17F113 --platform-family iOS --deployment-target 17.0 --bundle-identifier picpackit.PicPacAI --output /tmp/picpac-phase3-layout-final-build-e6c0c65c9c5a-20260925T105458Z/iphoneos/Build/Products/Release-iphoneos/PicPacAI.appintents --target-triple arm64-apple-ios17.0 --binary-file /tmp/picpac-phase3-layout-final-build-e6c0c65c9c5a-20260925T105458Z/iphoneos/Build/Products/Release-iphoneos/PicPacAI.o --dependency-file /tmp/picpac-phase3-layout-final-build-e6c0c65c9c5a-20260925T105458Z/iphoneos/Build/Intermediates.noindex/PicPacKit.build/Release-iphoneos/PicPacAI.build/Objects-normal/arm64/PicPacAI_dependency_info.dat --stringsdata-file /tmp/picpac-phase3-layout-final-build-e6c0c65c9c5a-20260925T105458Z/iphoneos/Build/Intermediates.noindex/PicPacKit.build/Release-iphoneos/PicPacAI.build/Objects-normal/arm64/ExtractedAppShortcutsMetadata.stringsdata --source-file-list /tmp/picpac-phase3-layout-final-build-e6c0c65c9c5a-20260925T105458Z/iphoneos/Build/Intermediates.noindex/PicPacKit.build/Release-iphoneos/PicPacAI.build/Objects-normal/arm64/PicPacAI.SwiftFileList --metadata-file-list /tmp/picpac-phase3-layout-final-build-e6c0c65c9c5a-20260925T105458Z/iphoneos/Build/Intermediates.noindex/PicPacKit.build/Release-iphoneos/PicPacAI.build/PicPacAI.DependencyMetadataFileList --static-metadata-file-list /tmp/picpac-phase3-layout-final-build-e6c0c65c9c5a-20260925T105458Z/iphoneos/Build/Intermediates.noindex/PicPacKit.build/Release-iphoneos/PicPacAI.build/PicPacAI.DependencyStaticMetadataFileList --swift-const-vals-list /tmp/picpac-phase3-layout-final-build-e6c0c65c9c5a-20260925T105458Z/iphoneos/Build/Intermediates.noindex/PicPacKit.build/Release-iphoneos/PicPacAI.build/Objects-normal/arm64/PicPacAI.SwiftConstValuesFileList --force --compile-time-extraction --deployment-aware-processing --validate-assistant-intents --no-app-shortcuts-localization
2026-09-25 06:55:49.766 appintentsmetadataprocessor[17328:116147345] Starting appintentsmetadataprocessor export
2026-09-25 06:55:49.779 appintentsmetadataprocessor[17328:116147345] Extracted no relevant App Intents symbols, skipping writing output

RegisterExecutionPolicyException /tmp/picpac-phase3-layout-final-build-e6c0c65c9c5a-20260925T105458Z/iphoneos/Build/Products/Release-iphoneos/PicPacAI.o (in target 'PicPacAI' from project 'PicPacKit')
    cd /Users/bavabangaru/Developer/pic-pac-poe-ios-native-parity/ios/Packages/PicPacKit
    builtin-RegisterExecutionPolicyException /tmp/picpac-phase3-layout-final-build-e6c0c65c9c5a-20260925T105458Z/iphoneos/Build/Products/Release-iphoneos/PicPacAI.o

CpResource /tmp/picpac-phase3-layout-final-build-e6c0c65c9c5a-20260925T105458Z/iphoneos/Build/Products/Release-iphoneos/PicPacPoe.app/fredoka_semibold.ttf /Users/bavabangaru/Developer/pic-pac-poe-ios-native-parity/app/src/main/res/font/fredoka_semibold.ttf (in target 'PicPacPoe' from project 'PicPacPoe')
    cd /Users/bavabangaru/Developer/pic-pac-poe-ios-native-parity/ios
    builtin-copy -exclude .DS_Store -exclude CVS -exclude .svn -exclude .git -exclude .hg -strip-unsigned-binaries -strip-deterministic -strip-tool /Applications/Xcode.app/Contents/Developer/Toolchains/XcodeDefault.xctoolchain/usr/bin/strip -resolve-src-symlinks /Users/bavabangaru/Developer/pic-pac-poe-ios-native-parity/app/src/main/res/font/fredoka_semibold.ttf /tmp/picpac-phase3-layout-final-build-e6c0c65c9c5a-20260925T105458Z/iphoneos/Build/Products/Release-iphoneos/PicPacPoe.app

CpResource /tmp/picpac-phase3-layout-final-build-e6c0c65c9c5a-20260925T105458Z/iphoneos/Build/Products/Release-iphoneos/PicPacPoe.app/fredoka_medium.ttf /Users/bavabangaru/Developer/pic-pac-poe-ios-native-parity/app/src/main/res/font/fredoka_medium.ttf (in target 'PicPacPoe' from project 'PicPacPoe')
    cd /Users/bavabangaru/Developer/pic-pac-poe-ios-native-parity/ios
    builtin-copy -exclude .DS_Store -exclude CVS -exclude .svn -exclude .git -exclude .hg -strip-unsigned-binaries -strip-deterministic -strip-tool /Applications/Xcode.app/Contents/Developer/Toolchains/XcodeDefault.xctoolchain/usr/bin/strip -resolve-src-symlinks /Users/bavabangaru/Developer/pic-pac-poe-ios-native-parity/app/src/main/res/font/fredoka_medium.ttf /tmp/picpac-phase3-layout-final-build-e6c0c65c9c5a-20260925T105458Z/iphoneos/Build/Products/Release-iphoneos/PicPacPoe.app

Copy /tmp/picpac-phase3-layout-final-build-e6c0c65c9c5a-20260925T105458Z/iphoneos/Build/Products/Release-iphoneos/PicPacPoe.app/PicPacKit_PicPacAI.bundle /tmp/picpac-phase3-layout-final-build-e6c0c65c9c5a-20260925T105458Z/iphoneos/Build/Products/Release-iphoneos/PicPacKit_PicPacAI.bundle (in target 'PicPacPoe' from project 'PicPacPoe')
    cd /Users/bavabangaru/Developer/pic-pac-poe-ios-native-parity/ios
    builtin-copy -exclude .DS_Store -exclude CVS -exclude .svn -exclude .git -exclude .hg -strip-unsigned-binaries -strip-deterministic -strip-tool /Applications/Xcode.app/Contents/Developer/Toolchains/XcodeDefault.xctoolchain/usr/bin/strip -resolve-src-symlinks /tmp/picpac-phase3-layout-final-build-e6c0c65c9c5a-20260925T105458Z/iphoneos/Build/Products/Release-iphoneos/PicPacKit_PicPacAI.bundle /tmp/picpac-phase3-layout-final-build-e6c0c65c9c5a-20260925T105458Z/iphoneos/Build/Products/Release-iphoneos/PicPacPoe.app

CpResource /tmp/picpac-phase3-layout-final-build-e6c0c65c9c5a-20260925T105458Z/iphoneos/Build/Products/Release-iphoneos/PicPacPoe.app/fredoka-OFL.txt /Users/bavabangaru/Developer/pic-pac-poe-ios-native-parity/app/src/main/assets/licenses/fredoka-OFL.txt (in target 'PicPacPoe' from project 'PicPacPoe')
    cd /Users/bavabangaru/Developer/pic-pac-poe-ios-native-parity/ios
    builtin-copy -exclude .DS_Store -exclude CVS -exclude .svn -exclude .git -exclude .hg -strip-unsigned-binaries -strip-deterministic -strip-tool /Applications/Xcode.app/Contents/Developer/Toolchains/XcodeDefault.xctoolchain/usr/bin/strip -resolve-src-symlinks /Users/bavabangaru/Developer/pic-pac-poe-ios-native-parity/app/src/main/assets/licenses/fredoka-OFL.txt /tmp/picpac-phase3-layout-final-build-e6c0c65c9c5a-20260925T105458Z/iphoneos/Build/Products/Release-iphoneos/PicPacPoe.app

SwiftDriver\ Compilation PicPacPoe normal arm64 com.apple.xcode.tools.swift.compiler (in target 'PicPacPoe' from project 'PicPacPoe')
    cd /Users/bavabangaru/Developer/pic-pac-poe-ios-native-parity/ios
    builtin-Swift-Compilation -- /Applications/Xcode.app/Contents/Developer/Toolchains/XcodeDefault.xctoolchain/usr/bin/swiftc -module-name PicPacPoe -O -whole-module-optimization @/tmp/picpac-phase3-layout-final-build-e6c0c65c9c5a-20260925T105458Z/iphoneos/Build/Intermediates.noindex/PicPacPoe.build/Release-iphoneos/PicPacPoe.build/Objects-normal/arm64/PicPacPoe.SwiftFileList -enable-experimental-feature DebugDescriptionMacro -sdk /Applications/Xcode.app/Contents/Developer/Platforms/iPhoneOS.platform/Developer/SDKs/iPhoneOS26.5.sdk -target arm64-apple-ios17.0 -g -module-cache-path /tmp/picpac-phase3-layout-final-build-e6c0c65c9c5a-20260925T105458Z/iphoneos/ModuleCache.noindex -Xfrontend -serialize-debugging-options -swift-version 6 -I /tmp/picpac-phase3-layout-final-build-e6c0c65c9c5a-20260925T105458Z/iphoneos/Build/Products/Release-iphoneos -F /tmp/picpac-phase3-layout-final-build-e6c0c65c9c5a-20260925T105458Z/iphoneos/Build/Products/Release-iphoneos/PackageFrameworks -F /tmp/picpac-phase3-layout-final-build-e6c0c65c9c5a-20260925T105458Z/iphoneos/Build/Products/Release-iphoneos/PackageFrameworks -F /tmp/picpac-phase3-layout-final-build-e6c0c65c9c5a-20260925T105458Z/iphoneos/Build/Products/Release-iphoneos/PackageFrameworks -F /tmp/picpac-phase3-layout-final-build-e6c0c65c9c5a-20260925T105458Z/iphoneos/Build/Products/Release-iphoneos -emit-localized-strings -emit-localized-strings-path /tmp/picpac-phase3-layout-final-build-e6c0c65c9c5a-20260925T105458Z/iphoneos/Build/Intermediates.noindex/PicPacPoe.build/Release-iphoneos/PicPacPoe.build/Objects-normal/arm64 -c -num-threads 12 -Xcc -ivfsstatcache -Xcc /tmp/picpac-phase3-layout-final-build-e6c0c65c9c5a-20260925T105458Z/iphoneos/SDKStatCaches.noindex/iphoneos26.5-23F81a-32daed1954a7d5dd0789fcaf2a9bb78b.sdkstatcache -output-file-map /tmp/picpac-phase3-layout-final-build-e6c0c65c9c5a-20260925T105458Z/iphoneos/Build/Intermediates.noindex/PicPacPoe.build/Release-iphoneos/PicPacPoe.build/Objects-normal/arm64/PicPacPoe-OutputFileMap.json -use-frontend-parseable-output -save-temps -no-color-diagnostics -explicit-module-build -module-cache-path /tmp/picpac-phase3-layout-final-build-e6c0c65c9c5a-20260925T105458Z/iphoneos/Build/Intermediates.noindex/SwiftExplicitPrecompiledModules -clang-scanner-module-cache-path /tmp/picpac-phase3-layout-final-build-e6c0c65c9c5a-20260925T105458Z/iphoneos/ModuleCache.noindex -sdk-module-cache-path /tmp/picpac-phase3-layout-final-build-e6c0c65c9c5a-20260925T105458Z/iphoneos/ModuleCache.noindex -serialize-diagnostics -emit-dependencies -emit-module -emit-module-path /tmp/picpac-phase3-layout-final-build-e6c0c65c9c5a-20260925T105458Z/iphoneos/Build/Intermediates.noindex/PicPacPoe.build/Release-iphoneos/PicPacPoe.build/Objects-normal/arm64/PicPacPoe.swiftmodule -validate-clang-modules-once -clang-build-session-file /tmp/picpac-phase3-layout-final-build-e6c0c65c9c5a-20260925T105458Z/iphoneos/ModuleCache.noindex/Session.modulevalidation -Xcc -I/tmp/picpac-phase3-layout-final-build-e6c0c65c9c5a-20260925T105458Z/iphoneos/Build/Intermediates.noindex/PicPacPoe.build/Release-iphoneos/PicPacPoe.build/swift-overrides.hmap -emit-const-values -Xfrontend -const-gather-protocols-file -Xfrontend /tmp/picpac-phase3-layout-final-build-e6c0c65c9c5a-20260925T105458Z/iphoneos/Build/Intermediates.noindex/PicPacPoe.build/Release-iphoneos/PicPacPoe.build/Objects-normal/arm64/PicPacPoe_const_extract_protocols.json -Xcc -iquote -Xcc /tmp/picpac-phase3-layout-final-build-e6c0c65c9c5a-20260925T105458Z/iphoneos/Build/Intermediates.noindex/PicPacPoe.build/Release-iphoneos/PicPacPoe.build/PicPacPoe-generated-files.hmap -Xcc -I/tmp/picpac-phase3-layout-final-build-e6c0c65c9c5a-20260925T105458Z/iphoneos/Build/Intermediates.noindex/PicPacPoe.build/Release-iphoneos/PicPacPoe.build/PicPacPoe-own-target-headers.hmap -Xcc -I/tmp/picpac-phase3-layout-final-build-e6c0c65c9c5a-20260925T105458Z/iphoneos/Build/Intermediates.noindex/PicPacPoe.build/Release-iphoneos/PicPacPoe.build/PicPacPoe-all-non-framework-target-headers.hmap -Xcc -ivfsoverlay -Xcc /tmp/picpac-phase3-layout-final-build-e6c0c65c9c5a-20260925T105458Z/iphoneos/Build/Intermediates.noindex/PicPacPoe.build/Release-iphoneos/PicPacPoe-90eff2f9d9e8600d7e53134acd1cb833-VFS-iphoneos/all-product-headers.yaml -Xcc -iquote -Xcc /tmp/picpac-phase3-layout-final-build-e6c0c65c9c5a-20260925T105458Z/iphoneos/Build/Intermediates.noindex/PicPacPoe.build/Release-iphoneos/PicPacPoe.build/PicPacPoe-project-headers.hmap -Xcc -I/tmp/picpac-phase3-layout-final-build-e6c0c65c9c5a-20260925T105458Z/iphoneos/Build/Products/Release-iphoneos/include -Xcc -I/tmp/picpac-phase3-layout-final-build-e6c0c65c9c5a-20260925T105458Z/iphoneos/Build/Intermediates.noindex/PicPacPoe.build/Release-iphoneos/PicPacPoe.build/DerivedSources-normal/arm64 -Xcc -I/tmp/picpac-phase3-layout-final-build-e6c0c65c9c5a-20260925T105458Z/iphoneos/Build/Intermediates.noindex/PicPacPoe.build/Release-iphoneos/PicPacPoe.build/DerivedSources/arm64 -Xcc -I/tmp/picpac-phase3-layout-final-build-e6c0c65c9c5a-20260925T105458Z/iphoneos/Build/Intermediates.noindex/PicPacPoe.build/Release-iphoneos/PicPacPoe.build/DerivedSources -emit-objc-header -emit-objc-header-path /tmp/picpac-phase3-layout-final-build-e6c0c65c9c5a-20260925T105458Z/iphoneos/Build/Intermediates.noindex/PicPacPoe.build/Release-iphoneos/PicPacPoe.build/Objects-normal/arm64/PicPacPoe-Swift.h -working-directory /Users/bavabangaru/Developer/pic-pac-poe-ios-native-parity/ios -no-emit-module-separately-wmo

SwiftExplicitDependencyGeneratePcm arm64 /tmp/picpac-phase3-layout-final-build-e6c0c65c9c5a-20260925T105458Z/iphoneos/ModuleCache.noindex/_Builtin_float-8BK43DAI7BQOCA32IIUHGT44I.pcm

SwiftExplicitDependencyGeneratePcm arm64 /tmp/picpac-phase3-layout-final-build-e6c0c65c9c5a-20260925T105458Z/iphoneos/ModuleCache.noindex/_SwiftConcurrencyShims-BTSO7PVABQZ7PGAD4H0HAYS8M.pcm

SwiftExplicitDependencyGeneratePcm arm64 /tmp/picpac-phase3-layout-final-build-e6c0c65c9c5a-20260925T105458Z/iphoneos/ModuleCache.noindex/DeveloperToolsSupport-88UD0OYY5LSUHIJJLB3F0JGGK.pcm

SwiftExplicitDependencyGeneratePcm arm64 /tmp/picpac-phase3-layout-final-build-e6c0c65c9c5a-20260925T105458Z/iphoneos/ModuleCache.noindex/_Builtin_stdbool-40NO1LK9IQPYPE2LXQCJMQFUX.pcm

SwiftExplicitDependencyGeneratePcm arm64 /tmp/picpac-phase3-layout-final-build-e6c0c65c9c5a-20260925T105458Z/iphoneos/ModuleCache.noindex/SwiftShims-9VIV4K5TE723H7093N4AT81NZ.pcm

SwiftExplicitDependencyGeneratePcm arm64 /tmp/picpac-phase3-layout-final-build-e6c0c65c9c5a-20260925T105458Z/iphoneos/ModuleCache.noindex/_AvailabilityInternal-9B4Z43RHTSDTZ50CIDKJCIN4K.pcm

SwiftExplicitDependencyGeneratePcm arm64 /tmp/picpac-phase3-layout-final-build-e6c0c65c9c5a-20260925T105458Z/iphoneos/ModuleCache.noindex/_Builtin_stddef-199G9HM46F4UQG1QJVNBOCNFG.pcm

SwiftExplicitDependencyGeneratePcm arm64 /tmp/picpac-phase3-layout-final-build-e6c0c65c9c5a-20260925T105458Z/iphoneos/ModuleCache.noindex/ptrcheck-Q8V1NQQMSP3VDE8W3LNUX8IE.pcm

SwiftExplicitDependencyGeneratePcm arm64 /tmp/picpac-phase3-layout-final-build-e6c0c65c9c5a-20260925T105458Z/iphoneos/ModuleCache.noindex/ptrauth-6YZ8QNKM1MA2H3CTHQI2CMJFS.pcm

SwiftExplicitDependencyGeneratePcm arm64 /tmp/picpac-phase3-layout-final-build-e6c0c65c9c5a-20260925T105458Z/iphoneos/ModuleCache.noindex/_Builtin_stdarg-3RUKJC3LGJJ8UNW76ZU18WMYZ.pcm

SwiftExplicitDependencyGeneratePcm arm64 /tmp/picpac-phase3-layout-final-build-e6c0c65c9c5a-20260925T105458Z/iphoneos/ModuleCache.noindex/_DarwinFoundation1-7YAR1CSSUSFIIJPIB7Y0BPRI4.pcm

SwiftExplicitDependencyGeneratePcm arm64 /tmp/picpac-phase3-layout-final-build-e6c0c65c9c5a-20260925T105458Z/iphoneos/ModuleCache.noindex/_Builtin_limits-C3KH481KFAFDY21PU66AU1RAW.pcm

SwiftExplicitDependencyGeneratePcm arm64 /tmp/picpac-phase3-layout-final-build-e6c0c65c9c5a-20260925T105458Z/iphoneos/ModuleCache.noindex/_DarwinFoundation2-81S7A9ZDLRZPO0LP9W8F1QC2V.pcm

SwiftExplicitDependencyGeneratePcm arm64 /tmp/picpac-phase3-layout-final-build-e6c0c65c9c5a-20260925T105458Z/iphoneos/ModuleCache.noindex/sys_types-BZTX0S70NF22M7ZXVW9ETHGR5.pcm

SwiftExplicitDependencyGeneratePcm arm64 /tmp/picpac-phase3-layout-final-build-e6c0c65c9c5a-20260925T105458Z/iphoneos/ModuleCache.noindex/_Builtin_stdint-6YOOTW1TWKG0PTAL38CVM95EU.pcm

SwiftExplicitDependencyGeneratePcm arm64 /tmp/picpac-phase3-layout-final-build-e6c0c65c9c5a-20260925T105458Z/iphoneos/ModuleCache.noindex/_Builtin_tgmath-815ASY0CMY402K67QI9REBR15.pcm

SwiftExplicitDependencyGeneratePcm arm64 /tmp/picpac-phase3-layout-final-build-e6c0c65c9c5a-20260925T105458Z/iphoneos/ModuleCache.noindex/_Builtin_stdatomic-7FGIJGO3M5RXZE9AJPRTNB35E.pcm

SwiftExplicitDependencyGeneratePcm arm64 /tmp/picpac-phase3-layout-final-build-e6c0c65c9c5a-20260925T105458Z/iphoneos/ModuleCache.noindex/_Builtin_intrinsics-92YBTBVTU77IR0G3J7GK2A172.pcm

SwiftExplicitDependencyGeneratePcm arm64 /tmp/picpac-phase3-layout-final-build-e6c0c65c9c5a-20260925T105458Z/iphoneos/ModuleCache.noindex/_DarwinFoundation3-1VOF9JD535DKBO6B8NUPSFQNU.pcm

LinkAssetCatalog /Users/bavabangaru/Developer/pic-pac-poe-ios-native-parity/ios/PicPacPoe/Assets.xcassets (in target 'PicPacPoe' from project 'PicPacPoe')
    cd /Users/bavabangaru/Developer/pic-pac-poe-ios-native-parity/ios
    builtin-linkAssetCatalog --thinned /tmp/picpac-phase3-layout-final-build-e6c0c65c9c5a-20260925T105458Z/iphoneos/Build/Intermediates.noindex/PicPacPoe.build/Release-iphoneos/PicPacPoe.build/assetcatalog_output/thinned --thinned-dependencies /tmp/picpac-phase3-layout-final-build-e6c0c65c9c5a-20260925T105458Z/iphoneos/Build/Intermediates.noindex/PicPacPoe.build/Release-iphoneos/PicPacPoe.build/assetcatalog_dependencies_thinned --thinned-info-plist-content /tmp/picpac-phase3-layout-final-build-e6c0c65c9c5a-20260925T105458Z/iphoneos/Build/Intermediates.noindex/PicPacPoe.build/Release-iphoneos/PicPacPoe.build/assetcatalog_generated_info.plist_thinned --unthinned /tmp/picpac-phase3-layout-final-build-e6c0c65c9c5a-20260925T105458Z/iphoneos/Build/Intermediates.noindex/PicPacPoe.build/Release-iphoneos/PicPacPoe.build/assetcatalog_output/unthinned --unthinned-dependencies /tmp/picpac-phase3-layout-final-build-e6c0c65c9c5a-20260925T105458Z/iphoneos/Build/Intermediates.noindex/PicPacPoe.build/Release-iphoneos/PicPacPoe.build/assetcatalog_dependencies_unthinned --unthinned-info-plist-content /tmp/picpac-phase3-layout-final-build-e6c0c65c9c5a-20260925T105458Z/iphoneos/Build/Intermediates.noindex/PicPacPoe.build/Release-iphoneos/PicPacPoe.build/assetcatalog_generated_info.plist_unthinned --output /tmp/picpac-phase3-layout-final-build-e6c0c65c9c5a-20260925T105458Z/iphoneos/Build/Products/Release-iphoneos/PicPacPoe.app --plist-output /tmp/picpac-phase3-layout-final-build-e6c0c65c9c5a-20260925T105458Z/iphoneos/Build/Intermediates.noindex/PicPacPoe.build/Release-iphoneos/PicPacPoe.build/assetcatalog_generated_info.plist
note: Emplaced /tmp/picpac-phase3-layout-final-build-e6c0c65c9c5a-20260925T105458Z/iphoneos/Build/Products/Release-iphoneos/PicPacPoe.app/Assets.car (in target 'PicPacPoe' from project 'PicPacPoe')
note: Emplaced /tmp/picpac-phase3-layout-final-build-e6c0c65c9c5a-20260925T105458Z/iphoneos/Build/Products/Release-iphoneos/PicPacPoe.app/AppIcon76x76@2x~ipad.png (in target 'PicPacPoe' from project 'PicPacPoe')
note: Emplaced /tmp/picpac-phase3-layout-final-build-e6c0c65c9c5a-20260925T105458Z/iphoneos/Build/Products/Release-iphoneos/PicPacPoe.app/AppIcon60x60@2x.png (in target 'PicPacPoe' from project 'PicPacPoe')

ProcessInfoPlistFile /tmp/picpac-phase3-layout-final-build-e6c0c65c9c5a-20260925T105458Z/iphoneos/Build/Products/Release-iphoneos/PicPacPoe.app/Info.plist /Users/bavabangaru/Developer/pic-pac-poe-ios-native-parity/ios/PicPacPoe/Info.plist (in target 'PicPacPoe' from project 'PicPacPoe')
    cd /Users/bavabangaru/Developer/pic-pac-poe-ios-native-parity/ios
    builtin-infoPlistUtility /Users/bavabangaru/Developer/pic-pac-poe-ios-native-parity/ios/PicPacPoe/Info.plist -producttype com.apple.product-type.application -genpkginfo /tmp/picpac-phase3-layout-final-build-e6c0c65c9c5a-20260925T105458Z/iphoneos/Build/Products/Release-iphoneos/PicPacPoe.app/PkgInfo -expandbuildsettings -format binary -platform iphoneos -additionalcontentfile /tmp/picpac-phase3-layout-final-build-e6c0c65c9c5a-20260925T105458Z/iphoneos/Build/Intermediates.noindex/PicPacPoe.build/Release-iphoneos/PicPacPoe.build/assetcatalog_generated_info.plist -scanforprivacyfile /tmp/picpac-phase3-layout-final-build-e6c0c65c9c5a-20260925T105458Z/iphoneos/Build/Products/Release-iphoneos/PicPacPoe.app/PicPacKit_PicPacAI.bundle -requiredArchitecture arm64 -o /tmp/picpac-phase3-layout-final-build-e6c0c65c9c5a-20260925T105458Z/iphoneos/Build/Products/Release-iphoneos/PicPacPoe.app/Info.plist

SwiftExplicitDependencyGeneratePcm arm64 /tmp/picpac-phase3-layout-final-build-e6c0c65c9c5a-20260925T105458Z/iphoneos/ModuleCache.noindex/_Builtin_inttypes-7YW3FR3ZXJY5QGT49HL8CTHDE.pcm

SwiftExplicitDependencyGeneratePcm arm64 /tmp/picpac-phase3-layout-final-build-e6c0c65c9c5a-20260925T105458Z/iphoneos/ModuleCache.noindex/Darwin-9DYF4LQKKUEE19ZJO5RPPFH19.pcm

SwiftExplicitDependencyGeneratePcm arm64 /tmp/picpac-phase3-layout-final-build-e6c0c65c9c5a-20260925T105458Z/iphoneos/ModuleCache.noindex/simd-F5EP0IALDUK8KJRL21Y7VF11S.pcm

SwiftExplicitDependencyGeneratePcm arm64 /tmp/picpac-phase3-layout-final-build-e6c0c65c9c5a-20260925T105458Z/iphoneos/ModuleCache.noindex/MachO-T3BXL46SBTFYGGDXXZ0L70UB.pcm

SwiftExplicitDependencyGeneratePcm arm64 /tmp/picpac-phase3-layout-final-build-e6c0c65c9c5a-20260925T105458Z/iphoneos/ModuleCache.noindex/ObjectiveC-6V3SW5WT3PYYKY6N409GWD2DK.pcm

SwiftExplicitDependencyGeneratePcm arm64 /tmp/picpac-phase3-layout-final-build-e6c0c65c9c5a-20260925T105458Z/iphoneos/ModuleCache.noindex/os_object-7PCX2BQ6FX9HU1ZA4YTY2AGLI.pcm

SwiftExplicitDependencyGeneratePcm arm64 /tmp/picpac-phase3-layout-final-build-e6c0c65c9c5a-20260925T105458Z/iphoneos/ModuleCache.noindex/os_workgroup-9V3FIIFEAWFTWPAL2PNS1AYGC.pcm

SwiftExplicitDependencyGeneratePcm arm64 /tmp/picpac-phase3-layout-final-build-e6c0c65c9c5a-20260925T105458Z/iphoneos/ModuleCache.noindex/Spatial-1HX0WY6WWZD6NRCQZQ3RE7IFQ.pcm

SwiftExplicitDependencyGeneratePcm arm64 /tmp/picpac-phase3-layout-final-build-e6c0c65c9c5a-20260925T105458Z/iphoneos/ModuleCache.noindex/Dispatch-4PWOTYLOBEZM7OJB9TQR3BH13.pcm

SwiftExplicitDependencyGeneratePcm arm64 /tmp/picpac-phase3-layout-final-build-e6c0c65c9c5a-20260925T105458Z/iphoneos/ModuleCache.noindex/XPC-38KJF8C8GG1J9ESYULDQP1NSP.pcm

SwiftExplicitDependencyGeneratePcm arm64 /tmp/picpac-phase3-layout-final-build-e6c0c65c9c5a-20260925T105458Z/iphoneos/ModuleCache.noindex/CoreFoundation-8W7F9D6205SLK898B1FUDR6HN.pcm

SwiftExplicitDependencyGeneratePcm arm64 /tmp/picpac-phase3-layout-final-build-e6c0c65c9c5a-20260925T105458Z/iphoneos/ModuleCache.noindex/dnssd-6CT1X709SYB5T84FPG3HC92E6.pcm

SwiftExplicitDependencyGeneratePcm arm64 /tmp/picpac-phase3-layout-final-build-e6c0c65c9c5a-20260925T105458Z/iphoneos/ModuleCache.noindex/os-CPHFWDEDD6XDUD2WLE3F4BR1J.pcm

SwiftExplicitDependencyGeneratePcm arm64 /tmp/picpac-phase3-layout-final-build-e6c0c65c9c5a-20260925T105458Z/iphoneos/ModuleCache.noindex/CFNetwork-14QHK16EROLCQ24V4LJU18JI2.pcm

SwiftExplicitDependencyGeneratePcm arm64 /tmp/picpac-phase3-layout-final-build-e6c0c65c9c5a-20260925T105458Z/iphoneos/ModuleCache.noindex/CoreGraphics-624TDA95YY0W8J74DCXGRJVM.pcm

SwiftExplicitDependencyGeneratePcm arm64 /tmp/picpac-phase3-layout-final-build-e6c0c65c9c5a-20260925T105458Z/iphoneos/ModuleCache.noindex/Security-2E4ESGTX9FKDIVIBV6BNCCP14.pcm

SwiftExplicitDependencyGeneratePcm arm64 /tmp/picpac-phase3-layout-final-build-e6c0c65c9c5a-20260925T105458Z/iphoneos/ModuleCache.noindex/CoreAudioTypes-4GS0K0PMJ22467FGOGKGJV0Y3.pcm

SwiftExplicitDependencyGeneratePcm arm64 /tmp/picpac-phase3-layout-final-build-e6c0c65c9c5a-20260925T105458Z/iphoneos/ModuleCache.noindex/CoreAudio-6N0BWITM6HM9L38I2DAVUQ4O9.pcm

SwiftExplicitDependencyGeneratePcm arm64 /tmp/picpac-phase3-layout-final-build-e6c0c65c9c5a-20260925T105458Z/iphoneos/ModuleCache.noindex/Foundation-27MQJ2G8FI7Y0W2WDK32TU5PI.pcm

SwiftExplicitDependencyGeneratePcm arm64 /tmp/picpac-phase3-layout-final-build-e6c0c65c9c5a-20260925T105458Z/iphoneos/ModuleCache.noindex/ImageIO-BNZ0QPYUVS1I48XW5JR9QG5K3.pcm

SwiftExplicitDependencyGeneratePcm arm64 /tmp/picpac-phase3-layout-final-build-e6c0c65c9c5a-20260925T105458Z/iphoneos/ModuleCache.noindex/CoreText-5W1XA3TI9X0Q2RAS24AKOX8B0.pcm

SwiftExplicitDependencyGeneratePcm arm64 /tmp/picpac-phase3-layout-final-build-e6c0c65c9c5a-20260925T105458Z/iphoneos/ModuleCache.noindex/UniformTypeIdentifiers-DS9FP0HBR30K28JHMBNV03553.pcm

SwiftExplicitDependencyGeneratePcm arm64 /tmp/picpac-phase3-layout-final-build-e6c0c65c9c5a-20260925T105458Z/iphoneos/ModuleCache.noindex/Accessibility-CJWK0ZNUC2VYMTAQG14LH738.pcm

SwiftExplicitDependencyGeneratePcm arm64 /tmp/picpac-phase3-layout-final-build-e6c0c65c9c5a-20260925T105458Z/iphoneos/ModuleCache.noindex/CoreMIDI-CE6XYZGKEWXCDAFRA9SNKYMZK.pcm

SwiftExplicitDependencyGeneratePcm arm64 /tmp/picpac-phase3-layout-final-build-e6c0c65c9c5a-20260925T105458Z/iphoneos/ModuleCache.noindex/OSLog-BE8FJXHJU98MHNKL9TF1CGCTK.pcm

SwiftExplicitDependencyGeneratePcm arm64 /tmp/picpac-phase3-layout-final-build-e6c0c65c9c5a-20260925T105458Z/iphoneos/ModuleCache.noindex/CoreData-4ZN35YJ9CKZVRG9NK23N9ADYF.pcm

SwiftExplicitDependencyGeneratePcm arm64 /tmp/picpac-phase3-layout-final-build-e6c0c65c9c5a-20260925T105458Z/iphoneos/ModuleCache.noindex/FileProvider-DQ7DV61GGK8Y5V6817YZBPVYJ.pcm

SwiftExplicitDependencyGeneratePcm arm64 /tmp/picpac-phase3-layout-final-build-e6c0c65c9c5a-20260925T105458Z/iphoneos/ModuleCache.noindex/UserNotifications-46WRU30EYDF851KMMIEZTV1VJ.pcm

SwiftExplicitDependencyGeneratePcm arm64 /tmp/picpac-phase3-layout-final-build-e6c0c65c9c5a-20260925T105458Z/iphoneos/ModuleCache.noindex/UIUtilities-3P0YOGYHHNUE7LY7RU8ATZWK7.pcm

SwiftExplicitDependencyGeneratePcm arm64 /tmp/picpac-phase3-layout-final-build-e6c0c65c9c5a-20260925T105458Z/iphoneos/ModuleCache.noindex/DataDetection-9RBQCSM74ZRW7GTPLLVAAYBBY.pcm

SwiftExplicitDependencyGeneratePcm arm64 /tmp/picpac-phase3-layout-final-build-e6c0c65c9c5a-20260925T105458Z/iphoneos/ModuleCache.noindex/Symbols-57D31C2WHK5GZO6B89EMGBBP8.pcm

SwiftExplicitDependencyGeneratePcm arm64 /tmp/picpac-phase3-layout-final-build-e6c0c65c9c5a-20260925T105458Z/iphoneos/ModuleCache.noindex/IOSurface-9T1KFUX4P6E8NED14WFARQSLE.pcm

SwiftExplicitDependencyGeneratePcm arm64 /tmp/picpac-phase3-layout-final-build-e6c0c65c9c5a-20260925T105458Z/iphoneos/ModuleCache.noindex/Network-D2ZQUFSEB5KQLBOWHV853BYV7.pcm

SwiftExplicitDependencyGeneratePcm arm64 /tmp/picpac-phase3-layout-final-build-e6c0c65c9c5a-20260925T105458Z/iphoneos/ModuleCache.noindex/CoreTransferable-ASVWVRG38YIXBO9IXI8W1NPU0.pcm

SwiftExplicitDependencyGeneratePcm arm64 /tmp/picpac-phase3-layout-final-build-e6c0c65c9c5a-20260925T105458Z/iphoneos/ModuleCache.noindex/OpenGLES-DTSMIDQY0Z9Y1SI61W04S6BE3.pcm

SwiftExplicitDependencyGeneratePcm arm64 /tmp/picpac-phase3-layout-final-build-e6c0c65c9c5a-20260925T105458Z/iphoneos/ModuleCache.noindex/Metal-2XYJ16Y0CNFY79EKQIYJZK9BW.pcm

SwiftExplicitDependencyGeneratePcm arm64 /tmp/picpac-phase3-layout-final-build-e6c0c65c9c5a-20260925T105458Z/iphoneos/ModuleCache.noindex/AVRouting-EKU9DP86949IJCGMLND4TGJ0O.pcm

SwiftExplicitDependencyGeneratePcm arm64 /tmp/picpac-phase3-layout-final-build-e6c0c65c9c5a-20260925T105458Z/iphoneos/ModuleCache.noindex/AudioToolbox-E4XFXLDCR4NM3ZB7WYMRC9ZO1.pcm

SwiftExplicitDependencyGeneratePcm arm64 /tmp/picpac-phase3-layout-final-build-e6c0c65c9c5a-20260925T105458Z/iphoneos/ModuleCache.noindex/CoreVideo-BWR2GPPAM21ZS4TEG7ILRYVES.pcm

SwiftExplicitDependencyGeneratePcm arm64 /tmp/picpac-phase3-layout-final-build-e6c0c65c9c5a-20260925T105458Z/iphoneos/ModuleCache.noindex/QuartzCore-84UCHT9SFYFNRMWTU668J07UP.pcm

SwiftExplicitDependencyGeneratePcm arm64 /tmp/picpac-phase3-layout-final-build-e6c0c65c9c5a-20260925T105458Z/iphoneos/ModuleCache.noindex/CoreImage-35FKRTQWKWEIWEP9BQRK9DTZL.pcm

SwiftExplicitDependencyGeneratePcm arm64 /tmp/picpac-phase3-layout-final-build-e6c0c65c9c5a-20260925T105458Z/iphoneos/ModuleCache.noindex/CoreMedia-1MZV2KMJJBQ7CLT7T3H1TC7P5.pcm

SwiftExplicitDependencyGeneratePcm arm64 /tmp/picpac-phase3-layout-final-build-e6c0c65c9c5a-20260925T105458Z/iphoneos/ModuleCache.noindex/SwiftUICore-7BBD651R05GVULR7CMQGPZCHU.pcm

SwiftExplicitDependencyGeneratePcm arm64 /tmp/picpac-phase3-layout-final-build-e6c0c65c9c5a-20260925T105458Z/iphoneos/ModuleCache.noindex/AVFAudio-BGTLVG4N34EZVYB5PU36Y1XIA.pcm

SwiftExplicitDependencyGeneratePcm arm64 /tmp/picpac-phase3-layout-final-build-e6c0c65c9c5a-20260925T105458Z/iphoneos/ModuleCache.noindex/UIKit-3K4MWFI8R2J0NNSAGYWBOS6TI.pcm

SwiftExplicitDependencyGeneratePcm arm64 /tmp/picpac-phase3-layout-final-build-e6c0c65c9c5a-20260925T105458Z/iphoneos/ModuleCache.noindex/MediaToolbox-2VNCHB4Y6JF66QZ6DX8GC5ZXF.pcm

SwiftExplicitDependencyGeneratePcm arm64 /tmp/picpac-phase3-layout-final-build-e6c0c65c9c5a-20260925T105458Z/iphoneos/ModuleCache.noindex/AVFoundation-BXXXFYHPDU67LC7L0KS3D8ERG.pcm

SwiftExplicitDependencyGeneratePcm arm64 /tmp/picpac-phase3-layout-final-build-e6c0c65c9c5a-20260925T105458Z/iphoneos/ModuleCache.noindex/SwiftUI-39HHQCKXLUNA0JHAM6DVTQ03T.pcm

SwiftCompile normal arm64 Compiling\ PicPacPoeApp.swift,\ FormTheme.swift,\ PhysicalBoard.swift,\ HomeView.swift,\ GameView.swift,\ InfoViews.swift,\ FeedbackService.swift,\ DebugLaunchConfiguration.swift,\ ProductionAIWorker.swift,\ GeneratedAssetSymbols.swift /Users/bavabangaru/Developer/pic-pac-poe-ios-native-parity/ios/PicPacPoe/PicPacPoeApp.swift /Users/bavabangaru/Developer/pic-pac-poe-ios-native-parity/ios/PicPacPoe/FormTheme.swift /Users/bavabangaru/Developer/pic-pac-poe-ios-native-parity/ios/PicPacPoe/PhysicalBoard.swift /Users/bavabangaru/Developer/pic-pac-poe-ios-native-parity/ios/PicPacPoe/HomeView.swift /Users/bavabangaru/Developer/pic-pac-poe-ios-native-parity/ios/PicPacPoe/GameView.swift /Users/bavabangaru/Developer/pic-pac-poe-ios-native-parity/ios/PicPacPoe/InfoViews.swift /Users/bavabangaru/Developer/pic-pac-poe-ios-native-parity/ios/PicPacPoe/FeedbackService.swift /Users/bavabangaru/Developer/pic-pac-poe-ios-native-parity/ios/PicPacPoe/DebugLaunchConfiguration.swift /Users/bavabangaru/Developer/pic-pac-poe-ios-native-parity/ios/PicPacPoe/ProductionAIWorker.swift /tmp/picpac-phase3-layout-final-build-e6c0c65c9c5a-20260925T105458Z/iphoneos/Build/Intermediates.noindex/PicPacPoe.build/Release-iphoneos/PicPacPoe.build/DerivedSources/GeneratedAssetSymbols.swift /Applications/Xcode.app/Contents/Developer/Toolchains/XcodeDefault.xctoolchain/usr/lib/swift/iphoneos/prebuilt-modules/26.5/SwiftUI.swiftmodule/arm64e-apple-ios.swiftmodule /Applications/Xcode.app/Contents/Developer/Toolchains/XcodeDefault.xctoolchain/usr/lib/swift/iphoneos/prebuilt-modules/26.5/System.swiftmodule/arm64e-apple-ios.swiftmodule /Applications/Xcode.app/Contents/Developer/Toolchains/XcodeDefault.xctoolchain/usr/lib/swift/iphoneos/prebuilt-modules/26.5/CoreVideo.swiftmodule/arm64e-apple-ios.swiftmodule /Applications/Xcode.app/Contents/Developer/Toolchains/XcodeDefault.xctoolchain/usr/lib/swift/iphoneos/prebuilt-modules/26.5/DataDetection.swiftmodule/arm64e-apple-ios.swiftmodule /Applications/Xcode.app/Contents/Developer/Toolchains/XcodeDefault.xctoolchain/usr/lib/swift/iphoneos/prebuilt-modules/26.5/_DarwinFoundation1.swiftmodule/arm64e-apple-ios.swiftmodule /Applications/Xcode.app/Contents/Developer/Toolchains/XcodeDefault.xctoolchain/usr/lib/swift/iphoneos/prebuilt-modules/26.5/os.swiftmodule/arm64e-apple-ios.swiftmodule /Applications/Xcode.app/Contents/Developer/Toolchains/XcodeDefault.xctoolchain/usr/lib/swift/iphoneos/prebuilt-modules/26.5/AudioToolbox.swiftmodule/arm64e-apple-ios.swiftmodule /Applications/Xcode.app/Contents/Developer/Toolchains/XcodeDefault.xctoolchain/usr/lib/swift/iphoneos/prebuilt-modules/26.5/DeveloperToolsSupport.swiftmodule/arm64e-apple-ios.swiftmodule /Applications/Xcode.app/Contents/Developer/Toolchains/XcodeDefault.xctoolchain/usr/lib/swift/iphoneos/prebuilt-modules/26.5/_Concurrency.swiftmodule/arm64e-apple-ios.swiftmodule /Applications/Xcode.app/Contents/Developer/Toolchains/XcodeDefault.xctoolchain/usr/lib/swift/iphoneos/prebuilt-modules/26.5/CoreGraphics.swiftmodule/arm64e-apple-ios.swiftmodule /Applications/Xcode.app/Contents/Developer/Toolchains/XcodeDefault.xctoolchain/usr/lib/swift/iphoneos/prebuilt-modules/26.5/SwiftUICore.swiftmodule/arm64e-apple-ios.swiftmodule /Applications/Xcode.app/Contents/Developer/Toolchains/XcodeDefault.xctoolchain/usr/lib/swift/iphoneos/prebuilt-modules/26.5/UniformTypeIdentifiers.swiftmodule/arm64e-apple-ios.swiftmodule /tmp/picpac-phase3-layout-final-build-e6c0c65c9c5a-20260925T105458Z/iphoneos/Build/Products/Release-iphoneos/PicPacCore.swiftmodule/arm64-apple-ios.swiftmodule /Applications/Xcode.app/Contents/Developer/Toolchains/XcodeDefault.xctoolchain/usr/lib/swift/iphoneos/prebuilt-modules/26.5/Darwin.swiftmodule/arm64e-apple-ios.swiftmodule /Applications/Xcode.app/Contents/Developer/Toolchains/XcodeDefault.xctoolchain/usr/lib/swift/iphoneos/prebuilt-modules/26.5/Synchronization.swiftmodule/arm64e-apple-ios.swiftmodule /Applications/Xcode.app/Contents/Developer/Toolchains/XcodeDefault.xctoolchain/usr/lib/swift/iphoneos/prebuilt-modules/26.5/_Builtin_float.swiftmodule/arm64e-apple-ios.swiftmodule /Applications/Xcode.app/Contents/Developer/Toolchains/XcodeDefault.xctoolchain/usr/lib/swift/iphoneos/prebuilt-modules/26.5/CoreImage.swiftmodule/arm64e-apple-ios.swiftmodule /Applications/Xcode.app/Contents/Developer/Toolchains/XcodeDefault.xctoolchain/usr/lib/swift/iphoneos/prebuilt-modules/26.5/ObjectiveC.swiftmodule/arm64e-apple-ios.swiftmodule /Applications/Xcode.app/Contents/Developer/Toolchains/XcodeDefault.xctoolchain/usr/lib/swift/iphoneos/prebuilt-modules/26.5/_DarwinFoundation3.swiftmodule/arm64e-apple-ios.swiftmodule /Applications/Xcode.app/Contents/Developer/Toolchains/XcodeDefault.xctoolchain/usr/lib/swift/iphoneos/prebuilt-modules/26.5/CoreMedia.swiftmodule/arm64e-apple-ios.swiftmodule /tmp/picpac-phase3-layout-final-build-e6c0c65c9c5a-20260925T105458Z/iphoneos/Build/Products/Release-iphoneos/PicPacPresentation.swiftmodule/arm64-apple-ios.swiftmodule /Applications/Xcode.app/Contents/Developer/Toolchains/XcodeDefault.xctoolchain/usr/lib/swift/iphoneos/prebuilt-modules/26.5/UIKit.swiftmodule/arm64e-apple-ios.swiftmodule /Applications/Xcode.app/Contents/Developer/Toolchains/XcodeDefault.xctoolchain/usr/lib/swift/iphoneos/prebuilt-modules/26.5/_StringProcessing.swiftmodule/arm64e-apple-ios.swiftmodule /Applications/Xcode.app/Contents/Developer/Toolchains/XcodeDefault.xctoolchain/usr/lib/swift/iphoneos/prebuilt-modules/26.5/Combine.swiftmodule/arm64e-apple-ios.swiftmodule /Applications/Xcode.app/Contents/Developer/Toolchains/XcodeDefault.xctoolchain/usr/lib/swift/iphoneos/prebuilt-modules/26.5/AVFoundation.swiftmodule/arm64e-apple-ios.swiftmodule /Applications/Xcode.app/Contents/Developer/Toolchains/XcodeDefault.xctoolchain/usr/lib/swift/iphoneos/prebuilt-modules/26.5/Foundation.swiftmodule/arm64e-apple-ios.swiftmodule /Applications/Xcode.app/Contents/Developer/Toolchains/XcodeDefault.xctoolchain/usr/lib/swift/iphoneos/prebuilt-modules/26.5/FileProvider.swiftmodule/arm64e-apple-ios.swiftmodule /Applications/Xcode.app/Contents/Developer/Toolchains/XcodeDefault.xctoolchain/usr/lib/swift/iphoneos/prebuilt-modules/26.5/CoreFoundation.swiftmodule/arm64e-apple-ios.swiftmodule /Applications/Xcode.app/Contents/Developer/Toolchains/XcodeDefault.xctoolchain/usr/lib/swift/iphoneos/prebuilt-modules/26.5/QuartzCore.swiftmodule/arm64e-apple-ios.swiftmodule /Applications/Xcode.app/Contents/Developer/Toolchains/XcodeDefault.xctoolchain/usr/lib/swift/iphoneos/prebuilt-modules/26.5/CoreData.swiftmodule/arm64e-apple-ios.swiftmodule /Applications/Xcode.app/Contents/Developer/Toolchains/XcodeDefault.xctoolchain/usr/lib/swift/iphoneos/prebuilt-modules/26.5/Spatial.swiftmodule/arm64e-apple-ios.swiftmodule /Applications/Xcode.app/Contents/Developer/Toolchains/XcodeDefault.xctoolchain/usr/lib/swift/iphoneos/prebuilt-modules/26.5/Accessibility.swiftmodule/arm64e-apple-ios.swiftmodule /Applications/Xcode.app/Contents/Developer/Toolchains/XcodeDefault.xctoolchain/usr/lib/swift/iphoneos/prebuilt-modules/26.5/OSLog.swiftmodule/arm64e-apple-ios.swiftmodule /Applications/Xcode.app/Contents/Developer/Toolchains/XcodeDefault.xctoolchain/usr/lib/swift/iphoneos/prebuilt-modules/26.5/CoreTransferable.swiftmodule/arm64e-apple-ios.swiftmodule /Applications/Xcode.app/Contents/Developer/Toolchains/XcodeDefault.xctoolchain/usr/lib/swift/iphoneos/prebuilt-modules/26.5/Observation.swiftmodule/arm64e-apple-ios.swiftmodule /Applications/Xcode.app/Contents/Developer/Toolchains/XcodeDefault.xctoolchain/usr/lib/swift/iphoneos/prebuilt-modules/26.5/AVFAudio.swiftmodule/arm64e-apple-ios.swiftmodule /Applications/Xcode.app/Contents/Developer/Toolchains/XcodeDefault.xctoolchain/usr/lib/swift/iphoneos/prebuilt-modules/26.5/_DarwinFoundation2.swiftmodule/arm64e-apple-ios.swiftmodule /Applications/Xcode.app/Contents/Developer/Toolchains/XcodeDefault.xctoolchain/usr/lib/swift/iphoneos/prebuilt-modules/26.5/CoreMIDI.swiftmodule/arm64e-apple-ios.swiftmodule /Applications/Xcode.app/Contents/Developer/Toolchains/XcodeDefault.xctoolchain/usr/lib/swift/iphoneos/prebuilt-modules/26.5/CoreAudio.swiftmodule/arm64e-apple-ios.swiftmodule /Applications/Xcode.app/Contents/Developer/Toolchains/XcodeDefault.xctoolchain/usr/lib/swift/iphoneos/prebuilt-modules/26.5/XPC.swiftmodule/arm64e-apple-ios.swiftmodule /Applications/Xcode.app/Contents/Developer/Toolchains/XcodeDefault.xctoolchain/usr/lib/swift/iphoneos/prebuilt-modules/26.5/Swift.swiftmodule/arm64e-apple-ios.swiftmodule /Applications/Xcode.app/Contents/Developer/Toolchains/XcodeDefault.xctoolchain/usr/lib/swift/iphoneos/prebuilt-modules/26.5/Metal.swiftmodule/arm64e-apple-ios.swiftmodule /tmp/picpac-phase3-layout-final-build-e6c0c65c9c5a-20260925T105458Z/iphoneos/Build/Products/Release-iphoneos/PicPacAI.swiftmodule/arm64-apple-ios.swiftmodule /Applications/Xcode.app/Contents/Developer/Toolchains/XcodeDefault.xctoolchain/usr/lib/swift/iphoneos/prebuilt-modules/26.5/Dispatch.swiftmodule/arm64e-apple-ios.swiftmodule /Applications/Xcode.app/Contents/Developer/Toolchains/XcodeDefault.xctoolchain/usr/lib/swift/iphoneos/prebuilt-modules/26.5/CoreText.swiftmodule/arm64e-apple-ios.swiftmodule /Applications/Xcode.app/Contents/Developer/Toolchains/XcodeDefault.xctoolchain/usr/lib/swift/iphoneos/prebuilt-modules/26.5/Symbols.swiftmodule/arm64e-apple-ios.swiftmodule /Applications/Xcode.app/Contents/Developer/Toolchains/XcodeDefault.xctoolchain/usr/lib/swift/iphoneos/prebuilt-modules/26.5/simd.swiftmodule/arm64e-apple-ios.swiftmodule /tmp/picpac-phase3-layout-final-build-e6c0c65c9c5a-20260925T105458Z/iphoneos/ModuleCache.noindex/Symbols-57D31C2WHK5GZO6B89EMGBBP8.pcm /tmp/picpac-phase3-layout-final-build-e6c0c65c9c5a-20260925T105458Z/iphoneos/ModuleCache.noindex/_AvailabilityInternal-9B4Z43RHTSDTZ50CIDKJCIN4K.pcm /tmp/picpac-phase3-layout-final-build-e6c0c65c9c5a-20260925T105458Z/iphoneos/ModuleCache.noindex/AVFAudio-BGTLVG4N34EZVYB5PU36Y1XIA.pcm /tmp/picpac-phase3-layout-final-build-e6c0c65c9c5a-20260925T105458Z/iphoneos/ModuleCache.noindex/IOSurface-9T1KFUX4P6E8NED14WFARQSLE.pcm /tmp/picpac-phase3-layout-final-build-e6c0c65c9c5a-20260925T105458Z/iphoneos/ModuleCache.noindex/SwiftUI-39HHQCKXLUNA0JHAM6DVTQ03T.pcm /tmp/picpac-phase3-layout-final-build-e6c0c65c9c5a-20260925T105458Z/iphoneos/ModuleCache.noindex/os_workgroup-9V3FIIFEAWFTWPAL2PNS1AYGC.pcm /tmp/picpac-phase3-layout-final-build-e6c0c65c9c5a-20260925T105458Z/iphoneos/ModuleCache.noindex/SwiftShims-9VIV4K5TE723H7093N4AT81NZ.pcm /tmp/picpac-phase3-layout-final-build-e6c0c65c9c5a-20260925T105458Z/iphoneos/ModuleCache.noindex/CoreMedia-1MZV2KMJJBQ7CLT7T3H1TC7P5.pcm /tmp/picpac-phase3-layout-final-build-e6c0c65c9c5a-20260925T105458Z/iphoneos/ModuleCache.noindex/CoreFoundation-8W7F9D6205SLK898B1FUDR6HN.pcm /tmp/picpac-phase3-layout-final-build-e6c0c65c9c5a-20260925T105458Z/iphoneos/ModuleCache.noindex/CoreText-5W1XA3TI9X0Q2RAS24AKOX8B0.pcm /tmp/picpac-phase3-layout-final-build-e6c0c65c9c5a-20260925T105458Z/iphoneos/ModuleCache.noindex/ptrauth-6YZ8QNKM1MA2H3CTHQI2CMJFS.pcm /tmp/picpac-phase3-layout-final-build-e6c0c65c9c5a-20260925T105458Z/iphoneos/ModuleCache.noindex/MediaToolbox-2VNCHB4Y6JF66QZ6DX8GC5ZXF.pcm /tmp/picpac-phase3-layout-final-build-e6c0c65c9c5a-20260925T105458Z/iphoneos/ModuleCache.noindex/_Builtin_stdatomic-7FGIJGO3M5RXZE9AJPRTNB35E.pcm /tmp/picpac-phase3-layout-final-build-e6c0c65c9c5a-20260925T105458Z/iphoneos/ModuleCache.noindex/CoreImage-35FKRTQWKWEIWEP9BQRK9DTZL.pcm /tmp/picpac-phase3-layout-final-build-e6c0c65c9c5a-20260925T105458Z/iphoneos/ModuleCache.noindex/AudioToolbox-E4XFXLDCR4NM3ZB7WYMRC9ZO1.pcm /tmp/picpac-phase3-layout-final-build-e6c0c65c9c5a-20260925T105458Z/iphoneos/ModuleCache.noindex/XPC-38KJF8C8GG1J9ESYULDQP1NSP.pcm /tmp/picpac-phase3-layout-final-build-e6c0c65c9c5a-20260925T105458Z/iphoneos/ModuleCache.noindex/_Builtin_stdarg-3RUKJC3LGJJ8UNW76ZU18WMYZ.pcm /tmp/picpac-phase3-layout-final-build-e6c0c65c9c5a-20260925T105458Z/iphoneos/ModuleCache.noindex/_Builtin_tgmath-815ASY0CMY402K67QI9REBR15.pcm /tmp/picpac-phase3-layout-final-build-e6c0c65c9c5a-20260925T105458Z/iphoneos/ModuleCache.noindex/_Builtin_stddef-199G9HM46F4UQG1QJVNBOCNFG.pcm /tmp/picpac-phase3-layout-final-build-e6c0c65c9c5a-20260925T105458Z/iphoneos/ModuleCache.noindex/Security-2E4ESGTX9FKDIVIBV6BNCCP14.pcm /tmp/picpac-phase3-layout-final-build-e6c0c65c9c5a-20260925T105458Z/iphoneos/ModuleCache.noindex/AVRouting-EKU9DP86949IJCGMLND4TGJ0O.pcm /tmp/picpac-phase3-layout-final-build-e6c0c65c9c5a-20260925T105458Z/iphoneos/ModuleCache.noindex/AVFoundation-BXXXFYHPDU67LC7L0KS3D8ERG.pcm /tmp/picpac-phase3-layout-final-build-e6c0c65c9c5a-20260925T105458Z/iphoneos/ModuleCache.noindex/CoreAudioTypes-4GS0K0PMJ22467FGOGKGJV0Y3.pcm /tmp/picpac-phase3-layout-final-build-e6c0c65c9c5a-20260925T105458Z/iphoneos/ModuleCache.noindex/_Builtin_intrinsics-92YBTBVTU77IR0G3J7GK2A172.pcm /tmp/picpac-phase3-layout-final-build-e6c0c65c9c5a-20260925T105458Z/iphoneos/ModuleCache.noindex/_DarwinFoundation1-7YAR1CSSUSFIIJPIB7Y0BPRI4.pcm /tmp/picpac-phase3-layout-final-build-e6c0c65c9c5a-20260925T105458Z/iphoneos/ModuleCache.noindex/OpenGLES-DTSMIDQY0Z9Y1SI61W04S6BE3.pcm /tmp/picpac-phase3-layout-final-build-e6c0c65c9c5a-20260925T105458Z/iphoneos/ModuleCache.noindex/CoreAudio-6N0BWITM6HM9L38I2DAVUQ4O9.pcm /tmp/picpac-phase3-layout-final-build-e6c0c65c9c5a-20260925T105458Z/iphoneos/ModuleCache.noindex/Foundation-27MQJ2G8FI7Y0W2WDK32TU5PI.pcm /tmp/picpac-phase3-layout-final-build-e6c0c65c9c5a-20260925T105458Z/iphoneos/ModuleCache.noindex/Spatial-1HX0WY6WWZD6NRCQZQ3RE7IFQ.pcm /tmp/picpac-phase3-layout-final-build-e6c0c65c9c5a-20260925T105458Z/iphoneos/ModuleCache.noindex/UIKit-3K4MWFI8R2J0NNSAGYWBOS6TI.pcm /tmp/picpac-phase3-layout-final-build-e6c0c65c9c5a-20260925T105458Z/iphoneos/ModuleCache.noindex/CoreVideo-BWR2GPPAM21ZS4TEG7ILRYVES.pcm /tmp/picpac-phase3-layout-final-build-e6c0c65c9c5a-20260925T105458Z/iphoneos/ModuleCache.noindex/FileProvider-DQ7DV61GGK8Y5V6817YZBPVYJ.pcm /tmp/picpac-phase3-layout-final-build-e6c0c65c9c5a-20260925T105458Z/iphoneos/ModuleCache.noindex/dnssd-6CT1X709SYB5T84FPG3HC92E6.pcm /tmp/picpac-phase3-layout-final-build-e6c0c65c9c5a-20260925T105458Z/iphoneos/ModuleCache.noindex/_SwiftConcurrencyShims-BTSO7PVABQZ7PGAD4H0HAYS8M.pcm /tmp/picpac-phase3-layout-final-build-e6c0c65c9c5a-20260925T105458Z/iphoneos/ModuleCache.noindex/_DarwinFoundation3-1VOF9JD535DKBO6B8NUPSFQNU.pcm /tmp/picpac-phase3-layout-final-build-e6c0c65c9c5a-20260925T105458Z/iphoneos/ModuleCache.noindex/CoreData-4ZN35YJ9CKZVRG9NK23N9ADYF.pcm /tmp/picpac-phase3-layout-final-build-e6c0c65c9c5a-20260925T105458Z/iphoneos/ModuleCache.noindex/os_object-7PCX2BQ6FX9HU1ZA4YTY2AGLI.pcm /tmp/picpac-phase3-layout-final-build-e6c0c65c9c5a-20260925T105458Z/iphoneos/ModuleCache.noindex/ImageIO-BNZ0QPYUVS1I48XW5JR9QG5K3.pcm /tmp/picpac-phase3-layout-final-build-e6c0c65c9c5a-20260925T105458Z/iphoneos/ModuleCache.noindex/_Builtin_inttypes-7YW3FR3ZXJY5QGT49HL8CTHDE.pcm /tmp/picpac-phase3-layout-final-build-e6c0c65c9c5a-20260925T105458Z/iphoneos/ModuleCache.noindex/_Builtin_float-8BK43DAI7BQOCA32IIUHGT44I.pcm /tmp/picpac-phase3-layout-final-build-e6c0c65c9c5a-20260925T105458Z/iphoneos/ModuleCache.noindex/OSLog-BE8FJXHJU98MHNKL9TF1CGCTK.pcm /tmp/picpac-phase3-layout-final-build-e6c0c65c9c5a-20260925T105458Z/iphoneos/ModuleCache.noindex/_Builtin_stdint-6YOOTW1TWKG0PTAL38CVM95EU.pcm /tmp/picpac-phase3-layout-final-build-e6c0c65c9c5a-20260925T105458Z/iphoneos/ModuleCache.noindex/ObjectiveC-6V3SW5WT3PYYKY6N409GWD2DK.pcm /tmp/picpac-phase3-layout-final-build-e6c0c65c9c5a-20260925T105458Z/iphoneos/ModuleCache.noindex/UserNotifications-46WRU30EYDF851KMMIEZTV1VJ.pcm /tmp/picpac-phase3-layout-final-build-e6c0c65c9c5a-20260925T105458Z/iphoneos/ModuleCache.noindex/Dispatch-4PWOTYLOBEZM7OJB9TQR3BH13.pcm /tmp/picpac-phase3-layout-final-build-e6c0c65c9c5a-20260925T105458Z/iphoneos/ModuleCache.noindex/simd-F5EP0IALDUK8KJRL21Y7VF11S.pcm /tmp/picpac-phase3-layout-final-build-e6c0c65c9c5a-20260925T105458Z/iphoneos/ModuleCache.noindex/CFNetwork-14QHK16EROLCQ24V4LJU18JI2.pcm /tmp/picpac-phase3-layout-final-build-e6c0c65c9c5a-20260925T105458Z/iphoneos/ModuleCache.noindex/Network-D2ZQUFSEB5KQLBOWHV853BYV7.pcm /tmp/picpac-phase3-layout-final-build-e6c0c65c9c5a-20260925T105458Z/iphoneos/ModuleCache.noindex/Metal-2XYJ16Y0CNFY79EKQIYJZK9BW.pcm /tmp/picpac-phase3-layout-final-build-e6c0c65c9c5a-20260925T105458Z/iphoneos/ModuleCache.noindex/SwiftUICore-7BBD651R05GVULR7CMQGPZCHU.pcm /tmp/picpac-phase3-layout-final-build-e6c0c65c9c5a-20260925T105458Z/iphoneos/ModuleCache.noindex/CoreGraphics-624TDA95YY0W8J74DCXGRJVM.pcm /tmp/picpac-phase3-layout-final-build-e6c0c65c9c5a-20260925T105458Z/iphoneos/ModuleCache.noindex/DataDetection-9RBQCSM74ZRW7GTPLLVAAYBBY.pcm /tmp/picpac-phase3-layout-final-build-e6c0c65c9c5a-20260925T105458Z/iphoneos/ModuleCache.noindex/_DarwinFoundation2-81S7A9ZDLRZPO0LP9W8F1QC2V.pcm /tmp/picpac-phase3-layout-final-build-e6c0c65c9c5a-20260925T105458Z/iphoneos/ModuleCache.noindex/CoreTransferable-ASVWVRG38YIXBO9IXI8W1NPU0.pcm /tmp/picpac-phase3-layout-final-build-e6c0c65c9c5a-20260925T105458Z/iphoneos/ModuleCache.noindex/Darwin-9DYF4LQKKUEE19ZJO5RPPFH19.pcm /tmp/picpac-phase3-layout-final-build-e6c0c65c9c5a-20260925T105458Z/iphoneos/ModuleCache.noindex/QuartzCore-84UCHT9SFYFNRMWTU668J07UP.pcm /tmp/picpac-phase3-layout-final-build-e6c0c65c9c5a-20260925T105458Z/iphoneos/ModuleCache.noindex/_Builtin_limits-C3KH481KFAFDY21PU66AU1RAW.pcm /tmp/picpac-phase3-layout-final-build-e6c0c65c9c5a-20260925T105458Z/iphoneos/ModuleCache.noindex/DeveloperToolsSupport-88UD0OYY5LSUHIJJLB3F0JGGK.pcm /tmp/picpac-phase3-layout-final-build-e6c0c65c9c5a-20260925T105458Z/iphoneos/ModuleCache.noindex/Accessibility-CJWK0ZNUC2VYMTAQG14LH738.pcm /tmp/picpac-phase3-layout-final-build-e6c0c65c9c5a-20260925T105458Z/iphoneos/ModuleCache.noindex/MachO-T3BXL46SBTFYGGDXXZ0L70UB.pcm /tmp/picpac-phase3-layout-final-build-e6c0c65c9c5a-20260925T105458Z/iphoneos/ModuleCache.noindex/os-CPHFWDEDD6XDUD2WLE3F4BR1J.pcm /tmp/picpac-phase3-layout-final-build-e6c0c65c9c5a-20260925T105458Z/iphoneos/ModuleCache.noindex/sys_types-BZTX0S70NF22M7ZXVW9ETHGR5.pcm /tmp/picpac-phase3-layout-final-build-e6c0c65c9c5a-20260925T105458Z/iphoneos/ModuleCache.noindex/ptrcheck-Q8V1NQQMSP3VDE8W3LNUX8IE.pcm /tmp/picpac-phase3-layout-final-build-e6c0c65c9c5a-20260925T105458Z/iphoneos/ModuleCache.noindex/_Builtin_stdbool-40NO1LK9IQPYPE2LXQCJMQFUX.pcm /tmp/picpac-phase3-layout-final-build-e6c0c65c9c5a-20260925T105458Z/iphoneos/ModuleCache.noindex/UniformTypeIdentifiers-DS9FP0HBR30K28JHMBNV03553.pcm /tmp/picpac-phase3-layout-final-build-e6c0c65c9c5a-20260925T105458Z/iphoneos/ModuleCache.noindex/UIUtilities-3P0YOGYHHNUE7LY7RU8ATZWK7.pcm /tmp/picpac-phase3-layout-final-build-e6c0c65c9c5a-20260925T105458Z/iphoneos/ModuleCache.noindex/CoreMIDI-CE6XYZGKEWXCDAFRA9SNKYMZK.pcm /tmp/picpac-phase3-layout-final-build-e6c0c65c9c5a-20260925T105458Z/iphoneos/Build/Intermediates.noindex/PicPacPoe.build/Release-iphoneos/PicPacPoe.build/Objects-normal/arm64/PicPacPoe-dependencies-1.json (in target 'PicPacPoe' from project 'PicPacPoe')

CompileSwift normal arm64 (in target 'PicPacPoe' from project 'PicPacPoe')
    cd /Users/bavabangaru/Developer/pic-pac-poe-ios-native-parity/ios
    

SwiftDriverJobDiscovery normal arm64 Compiling PicPacPoeApp.swift, FormTheme.swift, PhysicalBoard.swift, HomeView.swift, GameView.swift, InfoViews.swift, FeedbackService.swift, DebugLaunchConfiguration.swift, ProductionAIWorker.swift, GeneratedAssetSymbols.swift (in target 'PicPacPoe' from project 'PicPacPoe')

SwiftDriver\ Compilation\ Requirements PicPacPoe normal arm64 com.apple.xcode.tools.swift.compiler (in target 'PicPacPoe' from project 'PicPacPoe')
    cd /Users/bavabangaru/Developer/pic-pac-poe-ios-native-parity/ios
    builtin-Swift-Compilation-Requirements -- /Applications/Xcode.app/Contents/Developer/Toolchains/XcodeDefault.xctoolchain/usr/bin/swiftc -module-name PicPacPoe -O -whole-module-optimization @/tmp/picpac-phase3-layout-final-build-e6c0c65c9c5a-20260925T105458Z/iphoneos/Build/Intermediates.noindex/PicPacPoe.build/Release-iphoneos/PicPacPoe.build/Objects-normal/arm64/PicPacPoe.SwiftFileList -enable-experimental-feature DebugDescriptionMacro -sdk /Applications/Xcode.app/Contents/Developer/Platforms/iPhoneOS.platform/Developer/SDKs/iPhoneOS26.5.sdk -target arm64-apple-ios17.0 -g -module-cache-path /tmp/picpac-phase3-layout-final-build-e6c0c65c9c5a-20260925T105458Z/iphoneos/ModuleCache.noindex -Xfrontend -serialize-debugging-options -swift-version 6 -I /tmp/picpac-phase3-layout-final-build-e6c0c65c9c5a-20260925T105458Z/iphoneos/Build/Products/Release-iphoneos -F /tmp/picpac-phase3-layout-final-build-e6c0c65c9c5a-20260925T105458Z/iphoneos/Build/Products/Release-iphoneos/PackageFrameworks -F /tmp/picpac-phase3-layout-final-build-e6c0c65c9c5a-20260925T105458Z/iphoneos/Build/Products/Release-iphoneos/PackageFrameworks -F /tmp/picpac-phase3-layout-final-build-e6c0c65c9c5a-20260925T105458Z/iphoneos/Build/Products/Release-iphoneos/PackageFrameworks -F /tmp/picpac-phase3-layout-final-build-e6c0c65c9c5a-20260925T105458Z/iphoneos/Build/Products/Release-iphoneos -emit-localized-strings -emit-localized-strings-path /tmp/picpac-phase3-layout-final-build-e6c0c65c9c5a-20260925T105458Z/iphoneos/Build/Intermediates.noindex/PicPacPoe.build/Release-iphoneos/PicPacPoe.build/Objects-normal/arm64 -c -num-threads 12 -Xcc -ivfsstatcache -Xcc /tmp/picpac-phase3-layout-final-build-e6c0c65c9c5a-20260925T105458Z/iphoneos/SDKStatCaches.noindex/iphoneos26.5-23F81a-32daed1954a7d5dd0789fcaf2a9bb78b.sdkstatcache -output-file-map /tmp/picpac-phase3-layout-final-build-e6c0c65c9c5a-20260925T105458Z/iphoneos/Build/Intermediates.noindex/PicPacPoe.build/Release-iphoneos/PicPacPoe.build/Objects-normal/arm64/PicPacPoe-OutputFileMap.json -use-frontend-parseable-output -save-temps -no-color-diagnostics -explicit-module-build -module-cache-path /tmp/picpac-phase3-layout-final-build-e6c0c65c9c5a-20260925T105458Z/iphoneos/Build/Intermediates.noindex/SwiftExplicitPrecompiledModules -clang-scanner-module-cache-path /tmp/picpac-phase3-layout-final-build-e6c0c65c9c5a-20260925T105458Z/iphoneos/ModuleCache.noindex -sdk-module-cache-path /tmp/picpac-phase3-layout-final-build-e6c0c65c9c5a-20260925T105458Z/iphoneos/ModuleCache.noindex -serialize-diagnostics -emit-dependencies -emit-module -emit-module-path /tmp/picpac-phase3-layout-final-build-e6c0c65c9c5a-20260925T105458Z/iphoneos/Build/Intermediates.noindex/PicPacPoe.build/Release-iphoneos/PicPacPoe.build/Objects-normal/arm64/PicPacPoe.swiftmodule -validate-clang-modules-once -clang-build-session-file /tmp/picpac-phase3-layout-final-build-e6c0c65c9c5a-20260925T105458Z/iphoneos/ModuleCache.noindex/Session.modulevalidation -Xcc -I/tmp/picpac-phase3-layout-final-build-e6c0c65c9c5a-20260925T105458Z/iphoneos/Build/Intermediates.noindex/PicPacPoe.build/Release-iphoneos/PicPacPoe.build/swift-overrides.hmap -emit-const-values -Xfrontend -const-gather-protocols-file -Xfrontend /tmp/picpac-phase3-layout-final-build-e6c0c65c9c5a-20260925T105458Z/iphoneos/Build/Intermediates.noindex/PicPacPoe.build/Release-iphoneos/PicPacPoe.build/Objects-normal/arm64/PicPacPoe_const_extract_protocols.json -Xcc -iquote -Xcc /tmp/picpac-phase3-layout-final-build-e6c0c65c9c5a-20260925T105458Z/iphoneos/Build/Intermediates.noindex/PicPacPoe.build/Release-iphoneos/PicPacPoe.build/PicPacPoe-generated-files.hmap -Xcc -I/tmp/picpac-phase3-layout-final-build-e6c0c65c9c5a-20260925T105458Z/iphoneos/Build/Intermediates.noindex/PicPacPoe.build/Release-iphoneos/PicPacPoe.build/PicPacPoe-own-target-headers.hmap -Xcc -I/tmp/picpac-phase3-layout-final-build-e6c0c65c9c5a-20260925T105458Z/iphoneos/Build/Intermediates.noindex/PicPacPoe.build/Release-iphoneos/PicPacPoe.build/PicPacPoe-all-non-framework-target-headers.hmap -Xcc -ivfsoverlay -Xcc /tmp/picpac-phase3-layout-final-build-e6c0c65c9c5a-20260925T105458Z/iphoneos/Build/Intermediates.noindex/PicPacPoe.build/Release-iphoneos/PicPacPoe-90eff2f9d9e8600d7e53134acd1cb833-VFS-iphoneos/all-product-headers.yaml -Xcc -iquote -Xcc /tmp/picpac-phase3-layout-final-build-e6c0c65c9c5a-20260925T105458Z/iphoneos/Build/Intermediates.noindex/PicPacPoe.build/Release-iphoneos/PicPacPoe.build/PicPacPoe-project-headers.hmap -Xcc -I/tmp/picpac-phase3-layout-final-build-e6c0c65c9c5a-20260925T105458Z/iphoneos/Build/Products/Release-iphoneos/include -Xcc -I/tmp/picpac-phase3-layout-final-build-e6c0c65c9c5a-20260925T105458Z/iphoneos/Build/Intermediates.noindex/PicPacPoe.build/Release-iphoneos/PicPacPoe.build/DerivedSources-normal/arm64 -Xcc -I/tmp/picpac-phase3-layout-final-build-e6c0c65c9c5a-20260925T105458Z/iphoneos/Build/Intermediates.noindex/PicPacPoe.build/Release-iphoneos/PicPacPoe.build/DerivedSources/arm64 -Xcc -I/tmp/picpac-phase3-layout-final-build-e6c0c65c9c5a-20260925T105458Z/iphoneos/Build/Intermediates.noindex/PicPacPoe.build/Release-iphoneos/PicPacPoe.build/DerivedSources -emit-objc-header -emit-objc-header-path /tmp/picpac-phase3-layout-final-build-e6c0c65c9c5a-20260925T105458Z/iphoneos/Build/Intermediates.noindex/PicPacPoe.build/Release-iphoneos/PicPacPoe.build/Objects-normal/arm64/PicPacPoe-Swift.h -working-directory /Users/bavabangaru/Developer/pic-pac-poe-ios-native-parity/ios -no-emit-module-separately-wmo

SwiftMergeGeneratedHeaders /tmp/picpac-phase3-layout-final-build-e6c0c65c9c5a-20260925T105458Z/iphoneos/Build/Intermediates.noindex/PicPacPoe.build/Release-iphoneos/PicPacPoe.build/DerivedSources/PicPacPoe-Swift.h /tmp/picpac-phase3-layout-final-build-e6c0c65c9c5a-20260925T105458Z/iphoneos/Build/Intermediates.noindex/PicPacPoe.build/Release-iphoneos/PicPacPoe.build/Objects-normal/arm64/PicPacPoe-Swift.h (in target 'PicPacPoe' from project 'PicPacPoe')
    cd /Users/bavabangaru/Developer/pic-pac-poe-ios-native-parity/ios
    builtin-swiftHeaderTool -arch arm64 /tmp/picpac-phase3-layout-final-build-e6c0c65c9c5a-20260925T105458Z/iphoneos/Build/Intermediates.noindex/PicPacPoe.build/Release-iphoneos/PicPacPoe.build/Objects-normal/arm64/PicPacPoe-Swift.h -o /tmp/picpac-phase3-layout-final-build-e6c0c65c9c5a-20260925T105458Z/iphoneos/Build/Intermediates.noindex/PicPacPoe.build/Release-iphoneos/PicPacPoe.build/DerivedSources/PicPacPoe-Swift.h

Copy /tmp/picpac-phase3-layout-final-build-e6c0c65c9c5a-20260925T105458Z/iphoneos/Build/Products/Release-iphoneos/PicPacPoe.swiftmodule/arm64-apple-ios.swiftdoc /tmp/picpac-phase3-layout-final-build-e6c0c65c9c5a-20260925T105458Z/iphoneos/Build/Intermediates.noindex/PicPacPoe.build/Release-iphoneos/PicPacPoe.build/Objects-normal/arm64/PicPacPoe.swiftdoc (in target 'PicPacPoe' from project 'PicPacPoe')
    cd /Users/bavabangaru/Developer/pic-pac-poe-ios-native-parity/ios
    builtin-copy -exclude .DS_Store -exclude CVS -exclude .svn -exclude .git -exclude .hg -strip-unsigned-binaries -strip-deterministic -strip-tool /Applications/Xcode.app/Contents/Developer/Toolchains/XcodeDefault.xctoolchain/usr/bin/strip -resolve-src-symlinks -rename /tmp/picpac-phase3-layout-final-build-e6c0c65c9c5a-20260925T105458Z/iphoneos/Build/Intermediates.noindex/PicPacPoe.build/Release-iphoneos/PicPacPoe.build/Objects-normal/arm64/PicPacPoe.swiftdoc /tmp/picpac-phase3-layout-final-build-e6c0c65c9c5a-20260925T105458Z/iphoneos/Build/Products/Release-iphoneos/PicPacPoe.swiftmodule/arm64-apple-ios.swiftdoc

Copy /tmp/picpac-phase3-layout-final-build-e6c0c65c9c5a-20260925T105458Z/iphoneos/Build/Products/Release-iphoneos/PicPacPoe.swiftmodule/arm64-apple-ios.abi.json /tmp/picpac-phase3-layout-final-build-e6c0c65c9c5a-20260925T105458Z/iphoneos/Build/Intermediates.noindex/PicPacPoe.build/Release-iphoneos/PicPacPoe.build/Objects-normal/arm64/PicPacPoe.abi.json (in target 'PicPacPoe' from project 'PicPacPoe')
    cd /Users/bavabangaru/Developer/pic-pac-poe-ios-native-parity/ios
    builtin-copy -exclude .DS_Store -exclude CVS -exclude .svn -exclude .git -exclude .hg -strip-unsigned-binaries -strip-deterministic -strip-tool /Applications/Xcode.app/Contents/Developer/Toolchains/XcodeDefault.xctoolchain/usr/bin/strip -resolve-src-symlinks -rename /tmp/picpac-phase3-layout-final-build-e6c0c65c9c5a-20260925T105458Z/iphoneos/Build/Intermediates.noindex/PicPacPoe.build/Release-iphoneos/PicPacPoe.build/Objects-normal/arm64/PicPacPoe.abi.json /tmp/picpac-phase3-layout-final-build-e6c0c65c9c5a-20260925T105458Z/iphoneos/Build/Products/Release-iphoneos/PicPacPoe.swiftmodule/arm64-apple-ios.abi.json

Copy /tmp/picpac-phase3-layout-final-build-e6c0c65c9c5a-20260925T105458Z/iphoneos/Build/Products/Release-iphoneos/PicPacPoe.swiftmodule/arm64-apple-ios.swiftmodule /tmp/picpac-phase3-layout-final-build-e6c0c65c9c5a-20260925T105458Z/iphoneos/Build/Intermediates.noindex/PicPacPoe.build/Release-iphoneos/PicPacPoe.build/Objects-normal/arm64/PicPacPoe.swiftmodule (in target 'PicPacPoe' from project 'PicPacPoe')
    cd /Users/bavabangaru/Developer/pic-pac-poe-ios-native-parity/ios
    builtin-copy -exclude .DS_Store -exclude CVS -exclude .svn -exclude .git -exclude .hg -strip-unsigned-binaries -strip-deterministic -strip-tool /Applications/Xcode.app/Contents/Developer/Toolchains/XcodeDefault.xctoolchain/usr/bin/strip -resolve-src-symlinks -rename /tmp/picpac-phase3-layout-final-build-e6c0c65c9c5a-20260925T105458Z/iphoneos/Build/Intermediates.noindex/PicPacPoe.build/Release-iphoneos/PicPacPoe.build/Objects-normal/arm64/PicPacPoe.swiftmodule /tmp/picpac-phase3-layout-final-build-e6c0c65c9c5a-20260925T105458Z/iphoneos/Build/Products/Release-iphoneos/PicPacPoe.swiftmodule/arm64-apple-ios.swiftmodule

Copy /tmp/picpac-phase3-layout-final-build-e6c0c65c9c5a-20260925T105458Z/iphoneos/Build/Products/Release-iphoneos/PicPacPoe.swiftmodule/Project/arm64-apple-ios.swiftsourceinfo /tmp/picpac-phase3-layout-final-build-e6c0c65c9c5a-20260925T105458Z/iphoneos/Build/Intermediates.noindex/PicPacPoe.build/Release-iphoneos/PicPacPoe.build/Objects-normal/arm64/PicPacPoe.swiftsourceinfo (in target 'PicPacPoe' from project 'PicPacPoe')
    cd /Users/bavabangaru/Developer/pic-pac-poe-ios-native-parity/ios
    builtin-copy -exclude .DS_Store -exclude CVS -exclude .svn -exclude .git -exclude .hg -strip-unsigned-binaries -strip-deterministic -strip-tool /Applications/Xcode.app/Contents/Developer/Toolchains/XcodeDefault.xctoolchain/usr/bin/strip -resolve-src-symlinks -rename /tmp/picpac-phase3-layout-final-build-e6c0c65c9c5a-20260925T105458Z/iphoneos/Build/Intermediates.noindex/PicPacPoe.build/Release-iphoneos/PicPacPoe.build/Objects-normal/arm64/PicPacPoe.swiftsourceinfo /tmp/picpac-phase3-layout-final-build-e6c0c65c9c5a-20260925T105458Z/iphoneos/Build/Products/Release-iphoneos/PicPacPoe.swiftmodule/Project/arm64-apple-ios.swiftsourceinfo

Ld /tmp/picpac-phase3-layout-final-build-e6c0c65c9c5a-20260925T105458Z/iphoneos/Build/Products/Release-iphoneos/PicPacPoe.app/PicPacPoe normal (in target 'PicPacPoe' from project 'PicPacPoe')
    cd /Users/bavabangaru/Developer/pic-pac-poe-ios-native-parity/ios
    /Applications/Xcode.app/Contents/Developer/Toolchains/XcodeDefault.xctoolchain/usr/bin/clang -Xlinker -reproducible -target arm64-apple-ios17.0 -isysroot /Applications/Xcode.app/Contents/Developer/Platforms/iPhoneOS.platform/Developer/SDKs/iPhoneOS26.5.sdk -Os -L/tmp/picpac-phase3-layout-final-build-e6c0c65c9c5a-20260925T105458Z/iphoneos/Build/Intermediates.noindex/EagerLinkingTBDs/Release-iphoneos -L/tmp/picpac-phase3-layout-final-build-e6c0c65c9c5a-20260925T105458Z/iphoneos/Build/Products/Release-iphoneos -F/tmp/picpac-phase3-layout-final-build-e6c0c65c9c5a-20260925T105458Z/iphoneos/Build/Intermediates.noindex/EagerLinkingTBDs/Release-iphoneos -F/tmp/picpac-phase3-layout-final-build-e6c0c65c9c5a-20260925T105458Z/iphoneos/Build/Products/Release-iphoneos/PackageFrameworks -F/tmp/picpac-phase3-layout-final-build-e6c0c65c9c5a-20260925T105458Z/iphoneos/Build/Products/Release-iphoneos/PackageFrameworks -F/tmp/picpac-phase3-layout-final-build-e6c0c65c9c5a-20260925T105458Z/iphoneos/Build/Products/Release-iphoneos/PackageFrameworks -F/tmp/picpac-phase3-layout-final-build-e6c0c65c9c5a-20260925T105458Z/iphoneos/Build/Products/Release-iphoneos -filelist /tmp/picpac-phase3-layout-final-build-e6c0c65c9c5a-20260925T105458Z/iphoneos/Build/Intermediates.noindex/PicPacPoe.build/Release-iphoneos/PicPacPoe.build/Objects-normal/arm64/PicPacPoe.LinkFileList -Xlinker -rpath -Xlinker /usr/lib/swift -Xlinker -dead_strip -Xlinker -object_path_lto -Xlinker /tmp/picpac-phase3-layout-final-build-e6c0c65c9c5a-20260925T105458Z/iphoneos/Build/Intermediates.noindex/PicPacPoe.build/Release-iphoneos/PicPacPoe.build/Objects-normal/arm64/PicPacPoe_lto.o -Xlinker -dependency_info -Xlinker /tmp/picpac-phase3-layout-final-build-e6c0c65c9c5a-20260925T105458Z/iphoneos/Build/Intermediates.noindex/PicPacPoe.build/Release-iphoneos/PicPacPoe.build/Objects-normal/arm64/PicPacPoe_dependency_info.dat -fobjc-link-runtime -L/Applications/Xcode.app/Contents/Developer/Toolchains/XcodeDefault.xctoolchain/usr/lib/swift/iphoneos -L/usr/lib/swift -Xlinker -add_ast_path -Xlinker /tmp/picpac-phase3-layout-final-build-e6c0c65c9c5a-20260925T105458Z/iphoneos/Build/Intermediates.noindex/PicPacPoe.build/Release-iphoneos/PicPacPoe.build/Objects-normal/arm64/PicPacPoe.swiftmodule @/tmp/picpac-phase3-layout-final-build-e6c0c65c9c5a-20260925T105458Z/iphoneos/Build/Intermediates.noindex/PicPacPoe.build/Release-iphoneos/PicPacPoe.build/Objects-normal/arm64/PicPacPoe-linker-args.resp -Wl,-no_warn_duplicate_libraries -Wl,-no_warn_duplicate_libraries -Wl,-no_warn_duplicate_libraries -o /tmp/picpac-phase3-layout-final-build-e6c0c65c9c5a-20260925T105458Z/iphoneos/Build/Products/Release-iphoneos/PicPacPoe.app/PicPacPoe -Xlinker -add_ast_path -Xlinker /tmp/picpac-phase3-layout-final-build-e6c0c65c9c5a-20260925T105458Z/iphoneos/Build/Intermediates.noindex/PicPacKit.build/Release-iphoneos/PicPacPresentation.build/Objects-normal/arm64/PicPacPresentation.swiftmodule @/tmp/picpac-phase3-layout-final-build-e6c0c65c9c5a-20260925T105458Z/iphoneos/Build/Intermediates.noindex/PicPacKit.build/Release-iphoneos/PicPacPresentation.build/Objects-normal/arm64/PicPacPresentation-linker-args.resp -Xlinker -add_ast_path -Xlinker /tmp/picpac-phase3-layout-final-build-e6c0c65c9c5a-20260925T105458Z/iphoneos/Build/Intermediates.noindex/PicPacKit.build/Release-iphoneos/PicPacCore.build/Objects-normal/arm64/PicPacCore.swiftmodule @/tmp/picpac-phase3-layout-final-build-e6c0c65c9c5a-20260925T105458Z/iphoneos/Build/Intermediates.noindex/PicPacKit.build/Release-iphoneos/PicPacCore.build/Objects-normal/arm64/PicPacCore-linker-args.resp -Xlinker -add_ast_path -Xlinker /tmp/picpac-phase3-layout-final-build-e6c0c65c9c5a-20260925T105458Z/iphoneos/Build/Intermediates.noindex/PicPacKit.build/Release-iphoneos/PicPacAI.build/Objects-normal/arm64/PicPacAI.swiftmodule @/tmp/picpac-phase3-layout-final-build-e6c0c65c9c5a-20260925T105458Z/iphoneos/Build/Intermediates.noindex/PicPacKit.build/Release-iphoneos/PicPacAI.build/Objects-normal/arm64/PicPacAI-linker-args.resp

CopySwiftLibs /tmp/picpac-phase3-layout-final-build-e6c0c65c9c5a-20260925T105458Z/iphoneos/Build/Products/Release-iphoneos/PicPacPoe.app (in target 'PicPacPoe' from project 'PicPacPoe')
    cd /Users/bavabangaru/Developer/pic-pac-poe-ios-native-parity/ios
    builtin-swiftStdLibTool --copy --verbose --scan-executable /tmp/picpac-phase3-layout-final-build-e6c0c65c9c5a-20260925T105458Z/iphoneos/Build/Products/Release-iphoneos/PicPacPoe.app/PicPacPoe --scan-folder /tmp/picpac-phase3-layout-final-build-e6c0c65c9c5a-20260925T105458Z/iphoneos/Build/Products/Release-iphoneos/PicPacPoe.app/Frameworks --scan-folder /tmp/picpac-phase3-layout-final-build-e6c0c65c9c5a-20260925T105458Z/iphoneos/Build/Products/Release-iphoneos/PicPacPoe.app/PlugIns --scan-folder /tmp/picpac-phase3-layout-final-build-e6c0c65c9c5a-20260925T105458Z/iphoneos/Build/Products/Release-iphoneos/PicPacPoe.app/SystemExtensions --scan-folder /tmp/picpac-phase3-layout-final-build-e6c0c65c9c5a-20260925T105458Z/iphoneos/Build/Products/Release-iphoneos/PicPacPoe.app/Extensions --platform iphoneos --toolchain /Applications/Xcode.app/Contents/Developer/Toolchains/XcodeDefault.xctoolchain --destination /tmp/picpac-phase3-layout-final-build-e6c0c65c9c5a-20260925T105458Z/iphoneos/Build/Products/Release-iphoneos/PicPacPoe.app/Frameworks --strip-bitcode --strip-bitcode-tool /Applications/Xcode.app/Contents/Developer/Toolchains/XcodeDefault.xctoolchain/usr/bin/bitcode_strip --emit-dependency-info /tmp/picpac-phase3-layout-final-build-e6c0c65c9c5a-20260925T105458Z/iphoneos/Build/Intermediates.noindex/PicPacPoe.build/Release-iphoneos/PicPacPoe.build/SwiftStdLibToolInputDependencies.dep --filter-for-swift-os --back-deploy-swift-span
Ignoring --strip-bitcode because --sign was not passed

ExtractAppIntentsMetadata (in target 'PicPacPoe' from project 'PicPacPoe')
    cd /Users/bavabangaru/Developer/pic-pac-poe-ios-native-parity/ios
    /Applications/Xcode.app/Contents/Developer/Toolchains/XcodeDefault.xctoolchain/usr/bin/appintentsmetadataprocessor --toolchain-dir /Applications/Xcode.app/Contents/Developer/Toolchains/XcodeDefault.xctoolchain --module-name PicPacPoe --sdk-root /Applications/Xcode.app/Contents/Developer/Platforms/iPhoneOS.platform/Developer/SDKs/iPhoneOS26.5.sdk --xcode-version 17F113 --platform-family iOS --deployment-target 17.0 --bundle-identifier dev.saipranith.picpacpoe --output /tmp/picpac-phase3-layout-final-build-e6c0c65c9c5a-20260925T105458Z/iphoneos/Build/Products/Release-iphoneos/PicPacPoe.app --target-triple arm64-apple-ios17.0 --binary-file /tmp/picpac-phase3-layout-final-build-e6c0c65c9c5a-20260925T105458Z/iphoneos/Build/Products/Release-iphoneos/PicPacPoe.app/PicPacPoe --dependency-file /tmp/picpac-phase3-layout-final-build-e6c0c65c9c5a-20260925T105458Z/iphoneos/Build/Intermediates.noindex/PicPacPoe.build/Release-iphoneos/PicPacPoe.build/Objects-normal/arm64/PicPacPoe_dependency_info.dat --stringsdata-file /tmp/picpac-phase3-layout-final-build-e6c0c65c9c5a-20260925T105458Z/iphoneos/Build/Intermediates.noindex/PicPacPoe.build/Release-iphoneos/PicPacPoe.build/Objects-normal/arm64/ExtractedAppShortcutsMetadata.stringsdata --source-file-list /tmp/picpac-phase3-layout-final-build-e6c0c65c9c5a-20260925T105458Z/iphoneos/Build/Intermediates.noindex/PicPacPoe.build/Release-iphoneos/PicPacPoe.build/Objects-normal/arm64/PicPacPoe.SwiftFileList --metadata-file-list /tmp/picpac-phase3-layout-final-build-e6c0c65c9c5a-20260925T105458Z/iphoneos/Build/Intermediates.noindex/PicPacPoe.build/Release-iphoneos/PicPacPoe.build/PicPacPoe.DependencyMetadataFileList --static-metadata-file-list /tmp/picpac-phase3-layout-final-build-e6c0c65c9c5a-20260925T105458Z/iphoneos/Build/Intermediates.noindex/PicPacPoe.build/Release-iphoneos/PicPacPoe.build/PicPacPoe.DependencyStaticMetadataFileList --swift-const-vals-list /tmp/picpac-phase3-layout-final-build-e6c0c65c9c5a-20260925T105458Z/iphoneos/Build/Intermediates.noindex/PicPacPoe.build/Release-iphoneos/PicPacPoe.build/Objects-normal/arm64/PicPacPoe.SwiftConstValuesFileList --compile-time-extraction --deployment-aware-processing --validate-assistant-intents --no-app-shortcuts-localization
2026-09-25 06:55:56.619 appintentsmetadataprocessor[17403:116147715] Starting appintentsmetadataprocessor export
2026-09-25 06:55:56.620 appintentsmetadataprocessor[17403:116147715] warning: Metadata extraction skipped. No AppIntents.framework dependency found.

GenerateDSYMFile /tmp/picpac-phase3-layout-final-build-e6c0c65c9c5a-20260925T105458Z/iphoneos/Build/Products/Release-iphoneos/PicPacPoe.app.dSYM /tmp/picpac-phase3-layout-final-build-e6c0c65c9c5a-20260925T105458Z/iphoneos/Build/Products/Release-iphoneos/PicPacPoe.app/PicPacPoe (in target 'PicPacPoe' from project 'PicPacPoe')
    cd /Users/bavabangaru/Developer/pic-pac-poe-ios-native-parity/ios
    /Applications/Xcode.app/Contents/Developer/Toolchains/XcodeDefault.xctoolchain/usr/bin/dsymutil /tmp/picpac-phase3-layout-final-build-e6c0c65c9c5a-20260925T105458Z/iphoneos/Build/Products/Release-iphoneos/PicPacPoe.app/PicPacPoe -o /tmp/picpac-phase3-layout-final-build-e6c0c65c9c5a-20260925T105458Z/iphoneos/Build/Products/Release-iphoneos/PicPacPoe.app.dSYM

AppIntentsSSUTraining (in target 'PicPacPoe' from project 'PicPacPoe')
    cd /Users/bavabangaru/Developer/pic-pac-poe-ios-native-parity/ios
    /Applications/Xcode.app/Contents/Developer/Toolchains/XcodeDefault.xctoolchain/usr/bin/appintentsnltrainingprocessor --infoplist-path /tmp/picpac-phase3-layout-final-build-e6c0c65c9c5a-20260925T105458Z/iphoneos/Build/Products/Release-iphoneos/PicPacPoe.app/Info.plist --temp-dir-path /tmp/picpac-phase3-layout-final-build-e6c0c65c9c5a-20260925T105458Z/iphoneos/Build/Intermediates.noindex/PicPacPoe.build/Release-iphoneos/PicPacPoe.build/ssu --bundle-id dev.saipranith.picpacpoe --product-path /tmp/picpac-phase3-layout-final-build-e6c0c65c9c5a-20260925T105458Z/iphoneos/Build/Products/Release-iphoneos/PicPacPoe.app --extracted-metadata-path /tmp/picpac-phase3-layout-final-build-e6c0c65c9c5a-20260925T105458Z/iphoneos/Build/Products/Release-iphoneos/PicPacPoe.app/Metadata.appintents --metadata-file-list /tmp/picpac-phase3-layout-final-build-e6c0c65c9c5a-20260925T105458Z/iphoneos/Build/Intermediates.noindex/PicPacPoe.build/Release-iphoneos/PicPacPoe.build/PicPacPoe.DependencyMetadataFileList --source-file /tmp/picpac-phase3-layout-final-build-e6c0c65c9c5a-20260925T105458Z/iphoneos/Build/Products/Release-iphoneos/PicPacPoe.app/Info.plist --archive-ssu-assets
2026-09-25 06:55:56.637 appintentsnltrainingprocessor[17405:116147717] Parsing options for appintentsnltrainingprocessor
2026-09-25 06:55:56.637 appintentsnltrainingprocessor[17405:116147717] Starting AppIntents SSU YAML Generation
2026-09-25 06:55:56.637 appintentsnltrainingprocessor[17405:116147717] No AppShortcuts found - Skipping.

RegisterExecutionPolicyException /tmp/picpac-phase3-layout-final-build-e6c0c65c9c5a-20260925T105458Z/iphoneos/Build/Products/Release-iphoneos/PicPacPoe.app (in target 'PicPacPoe' from project 'PicPacPoe')
    cd /Users/bavabangaru/Developer/pic-pac-poe-ios-native-parity/ios
    builtin-RegisterExecutionPolicyException /tmp/picpac-phase3-layout-final-build-e6c0c65c9c5a-20260925T105458Z/iphoneos/Build/Products/Release-iphoneos/PicPacPoe.app

Validate /tmp/picpac-phase3-layout-final-build-e6c0c65c9c5a-20260925T105458Z/iphoneos/Build/Products/Release-iphoneos/PicPacPoe.app (in target 'PicPacPoe' from project 'PicPacPoe')
    cd /Users/bavabangaru/Developer/pic-pac-poe-ios-native-parity/ios
    builtin-validationUtility /tmp/picpac-phase3-layout-final-build-e6c0c65c9c5a-20260925T105458Z/iphoneos/Build/Products/Release-iphoneos/PicPacPoe.app -validate-for-store -shallow-bundle -infoplist-subpath Info.plist

Touch /tmp/picpac-phase3-layout-final-build-e6c0c65c9c5a-20260925T105458Z/iphoneos/Build/Products/Release-iphoneos/PicPacPoe.app (in target 'PicPacPoe' from project 'PicPacPoe')
    cd /Users/bavabangaru/Developer/pic-pac-poe-ios-native-parity/ios
    /usr/bin/touch -c /tmp/picpac-phase3-layout-final-build-e6c0c65c9c5a-20260925T105458Z/iphoneos/Build/Products/Release-iphoneos/PicPacPoe.app

** BUILD SUCCEEDED **

