Command line invocation:
    /Applications/Xcode.app/Contents/Developer/usr/bin/xcodebuild -project /Users/bavabangaru/Developer/pic-pac-poe-ios-native-parity/ios/PicPacPoe.xcodeproj -scheme PicPacPoe -configuration Release -destination "generic/platform=iOS Simulator" -derivedDataPath /tmp/picpac-phase3-layout-final-build-e6c0c65c9c5a-20260925T105458Z/iphonesimulator CODE_SIGNING_ALLOWED=NO CODE_SIGNING_REQUIRED=NO ENABLE_CODE_COVERAGE=NO CLANG_ENABLE_CODE_COVERAGE=NO CLANG_COVERAGE_MAPPING=NO build

Build settings from command line:
    CLANG_COVERAGE_MAPPING = NO
    CLANG_ENABLE_CODE_COVERAGE = NO
    CODE_SIGNING_ALLOWED = NO
    CODE_SIGNING_REQUIRED = NO
    ENABLE_CODE_COVERAGE = NO

Resolve Package Graph


Resolved source packages:
  PicPacKit: /Users/bavabangaru/Developer/pic-pac-poe-ios-native-parity/ios/Packages/PicPacKit @ local

ComputePackagePrebuildTargetDependencyGraph

Prepare packages

CreateBuildRequest

SendProjectDescription

CreateBuildOperation

ComputeTargetDependencyGraph
note: Building targets in dependency order
note: Target dependency graph (7 targets)
    Target 'PicPacPoe' in project 'PicPacPoe'
        ➜ Explicit dependency on target 'PicPacPresentation' in project 'PicPacKit'
        ➜ Explicit dependency on target 'PicPacAI' in project 'PicPacKit'
    Target 'PicPacAI' in project 'PicPacKit'
        ➜ Explicit dependency on target 'PicPacAI' in project 'PicPacKit'
        ➜ Explicit dependency on target 'PicPacKit_PicPacAI' in project 'PicPacKit'
        ➜ Explicit dependency on target 'PicPacCore' in project 'PicPacKit'
    Target 'PicPacAI' in project 'PicPacKit'
        ➜ Explicit dependency on target 'PicPacKit_PicPacAI' in project 'PicPacKit'
        ➜ Explicit dependency on target 'PicPacCore' in project 'PicPacKit'
    Target 'PicPacKit_PicPacAI' in project 'PicPacKit' (no dependencies)
    Target 'PicPacPresentation' in project 'PicPacKit'
        ➜ Explicit dependency on target 'PicPacPresentation' in project 'PicPacKit'
        ➜ Explicit dependency on target 'PicPacCore' in project 'PicPacKit'
    Target 'PicPacPresentation' in project 'PicPacKit'
        ➜ Explicit dependency on target 'PicPacCore' in project 'PicPacKit'
    Target 'PicPacCore' in project 'PicPacKit' (no dependencies)

GatherProvisioningInputs

CreateBuildDescription

ExecuteExternalTool /Applications/Xcode.app/Contents/Developer/Toolchains/XcodeDefault.xctoolchain/usr/bin/swiftc --version

ExecuteExternalTool /Applications/Xcode.app/Contents/Developer/Toolchains/XcodeDefault.xctoolchain/usr/bin/clang -v -E -dM -isysroot /Applications/Xcode.app/Contents/Developer/Platforms/iPhoneSimulator.platform/Developer/SDKs/iPhoneSimulator26.5.sdk -x c -c /dev/null

ExecuteExternalTool /Applications/Xcode.app/Contents/Developer/usr/bin/actool --print-asset-tag-combinations --output-format xml1 /Users/bavabangaru/Developer/pic-pac-poe-ios-native-parity/ios/PicPacPoe/Assets.xcassets

ExecuteExternalTool /Applications/Xcode.app/Contents/Developer/usr/bin/actool --version --output-format xml1

ExecuteExternalTool /Applications/Xcode.app/Contents/Developer/Toolchains/XcodeDefault.xctoolchain/usr/bin/ld -version_details

Build description signature: e0c7740171bd08082f97fe38a7ce8e59
Build description path: /tmp/picpac-phase3-layout-final-build-e6c0c65c9c5a-20260925T105458Z/iphonesimulator/Build/Intermediates.noindex/XCBuildData/e0c7740171bd08082f97fe38a7ce8e59.xcbuilddata
CreateBuildDirectory /tmp/picpac-phase3-layout-final-build-e6c0c65c9c5a-20260925T105458Z/iphonesimulator/Build/Products/Release-iphonesimulator
    cd /Users/bavabangaru/Developer/pic-pac-poe-ios-native-parity/ios/PicPacPoe.xcodeproj
    builtin-create-build-directory /tmp/picpac-phase3-layout-final-build-e6c0c65c9c5a-20260925T105458Z/iphonesimulator/Build/Products/Release-iphonesimulator

CreateBuildDirectory /tmp/picpac-phase3-layout-final-build-e6c0c65c9c5a-20260925T105458Z/iphonesimulator/Build/Intermediates.noindex/EagerLinkingTBDs/Release-iphonesimulator
    cd /Users/bavabangaru/Developer/pic-pac-poe-ios-native-parity/ios/PicPacPoe.xcodeproj
    builtin-create-build-directory /tmp/picpac-phase3-layout-final-build-e6c0c65c9c5a-20260925T105458Z/iphonesimulator/Build/Intermediates.noindex/EagerLinkingTBDs/Release-iphonesimulator

ClangStatCache /Applications/Xcode.app/Contents/Developer/Toolchains/XcodeDefault.xctoolchain/usr/bin/clang-stat-cache /Applications/Xcode.app/Contents/Developer/Platforms/iPhoneSimulator.platform/Developer/SDKs/iPhoneSimulator26.5.sdk /tmp/picpac-phase3-layout-final-build-e6c0c65c9c5a-20260925T105458Z/iphonesimulator/SDKStatCaches.noindex/iphonesimulator26.5-23F81a-6cfe768891a92b912361537c460fe42b.sdkstatcache
    cd /Users/bavabangaru/Developer/pic-pac-poe-ios-native-parity/ios/PicPacPoe.xcodeproj
    /Applications/Xcode.app/Contents/Developer/Toolchains/XcodeDefault.xctoolchain/usr/bin/clang-stat-cache /Applications/Xcode.app/Contents/Developer/Platforms/iPhoneSimulator.platform/Developer/SDKs/iPhoneSimulator26.5.sdk -o /tmp/picpac-phase3-layout-final-build-e6c0c65c9c5a-20260925T105458Z/iphonesimulator/SDKStatCaches.noindex/iphonesimulator26.5-23F81a-6cfe768891a92b912361537c460fe42b.sdkstatcache

WriteAuxiliaryFile /tmp/picpac-phase3-layout-final-build-e6c0c65c9c5a-20260925T105458Z/iphonesimulator/Build/Intermediates.noindex/PicPacPoe.build/Release-iphonesimulator/PicPacPoe-90eff2f9d9e8600d7e53134acd1cb833-VFS-iphonesimulator/all-product-headers.yaml
    cd /Users/bavabangaru/Developer/pic-pac-poe-ios-native-parity/ios/PicPacPoe.xcodeproj
    write-file /tmp/picpac-phase3-layout-final-build-e6c0c65c9c5a-20260925T105458Z/iphonesimulator/Build/Intermediates.noindex/PicPacPoe.build/Release-iphonesimulator/PicPacPoe-90eff2f9d9e8600d7e53134acd1cb833-VFS-iphonesimulator/all-product-headers.yaml

CreateBuildDirectory /tmp/picpac-phase3-layout-final-build-e6c0c65c9c5a-20260925T105458Z/iphonesimulator/Build/Products/Release-iphonesimulator/PackageFrameworks
    cd /Users/bavabangaru/Developer/pic-pac-poe-ios-native-parity/ios/PicPacPoe.xcodeproj
    builtin-create-build-directory /tmp/picpac-phase3-layout-final-build-e6c0c65c9c5a-20260925T105458Z/iphonesimulator/Build/Products/Release-iphonesimulator/PackageFrameworks

WriteAuxiliaryFile /tmp/picpac-phase3-layout-final-build-e6c0c65c9c5a-20260925T105458Z/iphonesimulator/Build/Intermediates.noindex/PicPacKit.build/Release-iphonesimulator/PicPacPresentation.build/PicPacPresentation.modulemap (in target 'PicPacPresentation' from project 'PicPacKit')
    cd /Users/bavabangaru/Developer/pic-pac-poe-ios-native-parity/ios/Packages/PicPacKit
    write-file /tmp/picpac-phase3-layout-final-build-e6c0c65c9c5a-20260925T105458Z/iphonesimulator/Build/Intermediates.noindex/PicPacKit.build/Release-iphonesimulator/PicPacPresentation.build/PicPacPresentation.modulemap

WriteAuxiliaryFile /tmp/picpac-phase3-layout-final-build-e6c0c65c9c5a-20260925T105458Z/iphonesimulator/Build/Intermediates.noindex/PicPacKit.build/Release-iphonesimulator/PicPacKit_PicPacAI.build/PicPacKit_PicPacAI.DependencyMetadataFileList (in target 'PicPacKit_PicPacAI' from project 'PicPacKit')
    cd /Users/bavabangaru/Developer/pic-pac-poe-ios-native-parity/ios/Packages/PicPacKit
    write-file /tmp/picpac-phase3-layout-final-build-e6c0c65c9c5a-20260925T105458Z/iphonesimulator/Build/Intermediates.noindex/PicPacKit.build/Release-iphonesimulator/PicPacKit_PicPacAI.build/PicPacKit_PicPacAI.DependencyMetadataFileList

WriteAuxiliaryFile /tmp/picpac-phase3-layout-final-build-e6c0c65c9c5a-20260925T105458Z/iphonesimulator/Build/Intermediates.noindex/PicPacKit.build/Release-iphonesimulator/PicPacPresentation.build/PicPacPresentation.DependencyStaticMetadataFileList (in target 'PicPacPresentation' from project 'PicPacKit')
    cd /Users/bavabangaru/Developer/pic-pac-poe-ios-native-parity/ios/Packages/PicPacKit
    write-file /tmp/picpac-phase3-layout-final-build-e6c0c65c9c5a-20260925T105458Z/iphonesimulator/Build/Intermediates.noindex/PicPacKit.build/Release-iphonesimulator/PicPacPresentation.build/PicPacPresentation.DependencyStaticMetadataFileList

WriteAuxiliaryFile /tmp/picpac-phase3-layout-final-build-e6c0c65c9c5a-20260925T105458Z/iphonesimulator/Build/Intermediates.noindex/PicPacKit.build/Release-iphonesimulator/PicPacKit_PicPacAI.build/PicPacKit_PicPacAI.DependencyStaticMetadataFileList (in target 'PicPacKit_PicPacAI' from project 'PicPacKit')
    cd /Users/bavabangaru/Developer/pic-pac-poe-ios-native-parity/ios/Packages/PicPacKit
    write-file /tmp/picpac-phase3-layout-final-build-e6c0c65c9c5a-20260925T105458Z/iphonesimulator/Build/Intermediates.noindex/PicPacKit.build/Release-iphonesimulator/PicPacKit_PicPacAI.build/PicPacKit_PicPacAI.DependencyStaticMetadataFileList

WriteAuxiliaryFile /tmp/picpac-phase3-layout-final-build-e6c0c65c9c5a-20260925T105458Z/iphonesimulator/Build/Intermediates.noindex/PicPacKit.build/Release-iphonesimulator/PicPacKit_PicPacAI.build/empty-PicPacKit_PicPacAI.plist (in target 'PicPacKit_PicPacAI' from project 'PicPacKit')
    cd /Users/bavabangaru/Developer/pic-pac-poe-ios-native-parity/ios/Packages/PicPacKit
    write-file /tmp/picpac-phase3-layout-final-build-e6c0c65c9c5a-20260925T105458Z/iphonesimulator/Build/Intermediates.noindex/PicPacKit.build/Release-iphonesimulator/PicPacKit_PicPacAI.build/empty-PicPacKit_PicPacAI.plist

WriteAuxiliaryFile /tmp/picpac-phase3-layout-final-build-e6c0c65c9c5a-20260925T105458Z/iphonesimulator/Build/Intermediates.noindex/PicPacKit.build/Release-iphonesimulator/PicPacPresentation.build/PicPacPresentation.DependencyMetadataFileList (in target 'PicPacPresentation' from project 'PicPacKit')
    cd /Users/bavabangaru/Developer/pic-pac-poe-ios-native-parity/ios/Packages/PicPacKit
    write-file /tmp/picpac-phase3-layout-final-build-e6c0c65c9c5a-20260925T105458Z/iphonesimulator/Build/Intermediates.noindex/PicPacKit.build/Release-iphonesimulator/PicPacPresentation.build/PicPacPresentation.DependencyMetadataFileList

WriteAuxiliaryFile /tmp/picpac-phase3-layout-final-build-e6c0c65c9c5a-20260925T105458Z/iphonesimulator/Build/Intermediates.noindex/PicPacKit.build/Release-iphonesimulator/PicPacPresentation.build/Objects-normal/x86_64/PicPacPresentation_const_extract_protocols.json (in target 'PicPacPresentation' from project 'PicPacKit')
    cd /Users/bavabangaru/Developer/pic-pac-poe-ios-native-parity/ios/Packages/PicPacKit
    write-file /tmp/picpac-phase3-layout-final-build-e6c0c65c9c5a-20260925T105458Z/iphonesimulator/Build/Intermediates.noindex/PicPacKit.build/Release-iphonesimulator/PicPacPresentation.build/Objects-normal/x86_64/PicPacPresentation_const_extract_protocols.json

WriteAuxiliaryFile /tmp/picpac-phase3-layout-final-build-e6c0c65c9c5a-20260925T105458Z/iphonesimulator/Build/Intermediates.noindex/PicPacKit.build/Release-iphonesimulator/PicPacPresentation.build/Objects-normal/x86_64/PicPacPresentation.SwiftFileList (in target 'PicPacPresentation' from project 'PicPacKit')
    cd /Users/bavabangaru/Developer/pic-pac-poe-ios-native-parity/ios/Packages/PicPacKit
    write-file /tmp/picpac-phase3-layout-final-build-e6c0c65c9c5a-20260925T105458Z/iphonesimulator/Build/Intermediates.noindex/PicPacKit.build/Release-iphonesimulator/PicPacPresentation.build/Objects-normal/x86_64/PicPacPresentation.SwiftFileList

WriteAuxiliaryFile /tmp/picpac-phase3-layout-final-build-e6c0c65c9c5a-20260925T105458Z/iphonesimulator/Build/Intermediates.noindex/PicPacKit.build/Release-iphonesimulator/PicPacPresentation.build/Objects-normal/x86_64/PicPacPresentation-OutputFileMap.json (in target 'PicPacPresentation' from project 'PicPacKit')
    cd /Users/bavabangaru/Developer/pic-pac-poe-ios-native-parity/ios/Packages/PicPacKit
    write-file /tmp/picpac-phase3-layout-final-build-e6c0c65c9c5a-20260925T105458Z/iphonesimulator/Build/Intermediates.noindex/PicPacKit.build/Release-iphonesimulator/PicPacPresentation.build/Objects-normal/x86_64/PicPacPresentation-OutputFileMap.json

WriteAuxiliaryFile /tmp/picpac-phase3-layout-final-build-e6c0c65c9c5a-20260925T105458Z/iphonesimulator/Build/Intermediates.noindex/PicPacKit.build/Release-iphonesimulator/PicPacPresentation.build/Objects-normal/x86_64/PicPacPresentation.LinkFileList (in target 'PicPacPresentation' from project 'PicPacKit')
    cd /Users/bavabangaru/Developer/pic-pac-poe-ios-native-parity/ios/Packages/PicPacKit
    write-file /tmp/picpac-phase3-layout-final-build-e6c0c65c9c5a-20260925T105458Z/iphonesimulator/Build/Intermediates.noindex/PicPacKit.build/Release-iphonesimulator/PicPacPresentation.build/Objects-normal/x86_64/PicPacPresentation.LinkFileList

WriteAuxiliaryFile /tmp/picpac-phase3-layout-final-build-e6c0c65c9c5a-20260925T105458Z/iphonesimulator/Build/Intermediates.noindex/PicPacKit.build/Release-iphonesimulator/PicPacPresentation.build/Objects-normal/x86_64/PicPacPresentation.SwiftConstValuesFileList (in target 'PicPacPresentation' from project 'PicPacKit')
    cd /Users/bavabangaru/Developer/pic-pac-poe-ios-native-parity/ios/Packages/PicPacKit
    write-file /tmp/picpac-phase3-layout-final-build-e6c0c65c9c5a-20260925T105458Z/iphonesimulator/Build/Intermediates.noindex/PicPacKit.build/Release-iphonesimulator/PicPacPresentation.build/Objects-normal/x86_64/PicPacPresentation.SwiftConstValuesFileList

WriteAuxiliaryFile /tmp/picpac-phase3-layout-final-build-e6c0c65c9c5a-20260925T105458Z/iphonesimulator/Build/Intermediates.noindex/PicPacKit.build/Release-iphonesimulator/PicPacPresentation.build/Objects-normal/arm64/PicPacPresentation_const_extract_protocols.json (in target 'PicPacPresentation' from project 'PicPacKit')
    cd /Users/bavabangaru/Developer/pic-pac-poe-ios-native-parity/ios/Packages/PicPacKit
    write-file /tmp/picpac-phase3-layout-final-build-e6c0c65c9c5a-20260925T105458Z/iphonesimulator/Build/Intermediates.noindex/PicPacKit.build/Release-iphonesimulator/PicPacPresentation.build/Objects-normal/arm64/PicPacPresentation_const_extract_protocols.json

WriteAuxiliaryFile /tmp/picpac-phase3-layout-final-build-e6c0c65c9c5a-20260925T105458Z/iphonesimulator/Build/Intermediates.noindex/PicPacKit.build/Release-iphonesimulator/PicPacPresentation.build/Objects-normal/arm64/PicPacPresentation.SwiftFileList (in target 'PicPacPresentation' from project 'PicPacKit')
    cd /Users/bavabangaru/Developer/pic-pac-poe-ios-native-parity/ios/Packages/PicPacKit
    write-file /tmp/picpac-phase3-layout-final-build-e6c0c65c9c5a-20260925T105458Z/iphonesimulator/Build/Intermediates.noindex/PicPacKit.build/Release-iphonesimulator/PicPacPresentation.build/Objects-normal/arm64/PicPacPresentation.SwiftFileList

WriteAuxiliaryFile /tmp/picpac-phase3-layout-final-build-e6c0c65c9c5a-20260925T105458Z/iphonesimulator/Build/Intermediates.noindex/PicPacKit.build/Release-iphonesimulator/PicPacPresentation.build/Objects-normal/arm64/PicPacPresentation.SwiftConstValuesFileList (in target 'PicPacPresentation' from project 'PicPacKit')
    cd /Users/bavabangaru/Developer/pic-pac-poe-ios-native-parity/ios/Packages/PicPacKit
    write-file /tmp/picpac-phase3-layout-final-build-e6c0c65c9c5a-20260925T105458Z/iphonesimulator/Build/Intermediates.noindex/PicPacKit.build/Release-iphonesimulator/PicPacPresentation.build/Objects-normal/arm64/PicPacPresentation.SwiftConstValuesFileList

WriteAuxiliaryFile /tmp/picpac-phase3-layout-final-build-e6c0c65c9c5a-20260925T105458Z/iphonesimulator/Build/Intermediates.noindex/PicPacKit.build/Release-iphonesimulator/PicPacPresentation.build/Objects-normal/arm64/PicPacPresentation.LinkFileList (in target 'PicPacPresentation' from project 'PicPacKit')
    cd /Users/bavabangaru/Developer/pic-pac-poe-ios-native-parity/ios/Packages/PicPacKit
    write-file /tmp/picpac-phase3-layout-final-build-e6c0c65c9c5a-20260925T105458Z/iphonesimulator/Build/Intermediates.noindex/PicPacKit.build/Release-iphonesimulator/PicPacPresentation.build/Objects-normal/arm64/PicPacPresentation.LinkFileList

WriteAuxiliaryFile /tmp/picpac-phase3-layout-final-build-e6c0c65c9c5a-20260925T105458Z/iphonesimulator/Build/Intermediates.noindex/PicPacKit.build/Release-iphonesimulator/PicPacPresentation.build/Objects-normal/arm64/PicPacPresentation-OutputFileMap.json (in target 'PicPacPresentation' from project 'PicPacKit')
    cd /Users/bavabangaru/Developer/pic-pac-poe-ios-native-parity/ios/Packages/PicPacKit
    write-file /tmp/picpac-phase3-layout-final-build-e6c0c65c9c5a-20260925T105458Z/iphonesimulator/Build/Intermediates.noindex/PicPacKit.build/Release-iphonesimulator/PicPacPresentation.build/Objects-normal/arm64/PicPacPresentation-OutputFileMap.json

WriteAuxiliaryFile /tmp/picpac-phase3-layout-final-build-e6c0c65c9c5a-20260925T105458Z/iphonesimulator/Build/Intermediates.noindex/PicPacPoe.build/Release-iphonesimulator/PicPacPoe.build/PicPacPoe.hmap (in target 'PicPacPoe' from project 'PicPacPoe')
    cd /Users/bavabangaru/Developer/pic-pac-poe-ios-native-parity/ios
    write-file /tmp/picpac-phase3-layout-final-build-e6c0c65c9c5a-20260925T105458Z/iphonesimulator/Build/Intermediates.noindex/PicPacPoe.build/Release-iphonesimulator/PicPacPoe.build/PicPacPoe.hmap

WriteAuxiliaryFile /tmp/picpac-phase3-layout-final-build-e6c0c65c9c5a-20260925T105458Z/iphonesimulator/Build/Intermediates.noindex/PicPacPoe.build/Release-iphonesimulator/PicPacPoe.build/PicPacPoe.DependencyStaticMetadataFileList (in target 'PicPacPoe' from project 'PicPacPoe')
    cd /Users/bavabangaru/Developer/pic-pac-poe-ios-native-parity/ios
    write-file /tmp/picpac-phase3-layout-final-build-e6c0c65c9c5a-20260925T105458Z/iphonesimulator/Build/Intermediates.noindex/PicPacPoe.build/Release-iphonesimulator/PicPacPoe.build/PicPacPoe.DependencyStaticMetadataFileList

Copy /tmp/picpac-phase3-layout-final-build-e6c0c65c9c5a-20260925T105458Z/iphonesimulator/Build/Intermediates.noindex/GeneratedModuleMaps-iphonesimulator/PicPacPresentation.modulemap /tmp/picpac-phase3-layout-final-build-e6c0c65c9c5a-20260925T105458Z/iphonesimulator/Build/Intermediates.noindex/PicPacKit.build/Release-iphonesimulator/PicPacPresentation.build/PicPacPresentation.modulemap (in target 'PicPacPresentation' from project 'PicPacKit')
    cd /Users/bavabangaru/Developer/pic-pac-poe-ios-native-parity/ios/Packages/PicPacKit
    builtin-copy -exclude .DS_Store -exclude CVS -exclude .svn -exclude .git -exclude .hg -strip-unsigned-binaries -strip-deterministic -strip-tool /Applications/Xcode.app/Contents/Developer/Toolchains/XcodeDefault.xctoolchain/usr/bin/strip -resolve-src-symlinks /tmp/picpac-phase3-layout-final-build-e6c0c65c9c5a-20260925T105458Z/iphonesimulator/Build/Intermediates.noindex/PicPacKit.build/Release-iphonesimulator/PicPacPresentation.build/PicPacPresentation.modulemap /tmp/picpac-phase3-layout-final-build-e6c0c65c9c5a-20260925T105458Z/iphonesimulator/Build/Intermediates.noindex/GeneratedModuleMaps-iphonesimulator

WriteAuxiliaryFile /tmp/picpac-phase3-layout-final-build-e6c0c65c9c5a-20260925T105458Z/iphonesimulator/Build/Intermediates.noindex/PicPacPoe.build/Release-iphonesimulator/PicPacPoe.build/PicPacPoe.DependencyMetadataFileList (in target 'PicPacPoe' from project 'PicPacPoe')
    cd /Users/bavabangaru/Developer/pic-pac-poe-ios-native-parity/ios
    write-file /tmp/picpac-phase3-layout-final-build-e6c0c65c9c5a-20260925T105458Z/iphonesimulator/Build/Intermediates.noindex/PicPacPoe.build/Release-iphonesimulator/PicPacPoe.build/PicPacPoe.DependencyMetadataFileList

WriteAuxiliaryFile /tmp/picpac-phase3-layout-final-build-e6c0c65c9c5a-20260925T105458Z/iphonesimulator/Build/Intermediates.noindex/PicPacPoe.build/Release-iphonesimulator/PicPacPoe.build/PicPacPoe-project-headers.hmap (in target 'PicPacPoe' from project 'PicPacPoe')
    cd /Users/bavabangaru/Developer/pic-pac-poe-ios-native-parity/ios
    write-file /tmp/picpac-phase3-layout-final-build-e6c0c65c9c5a-20260925T105458Z/iphonesimulator/Build/Intermediates.noindex/PicPacPoe.build/Release-iphonesimulator/PicPacPoe.build/PicPacPoe-project-headers.hmap

WriteAuxiliaryFile /tmp/picpac-phase3-layout-final-build-e6c0c65c9c5a-20260925T105458Z/iphonesimulator/Build/Intermediates.noindex/PicPacPoe.build/Release-iphonesimulator/PicPacPoe.build/PicPacPoe-own-target-headers.hmap (in target 'PicPacPoe' from project 'PicPacPoe')
    cd /Users/bavabangaru/Developer/pic-pac-poe-ios-native-parity/ios
    write-file /tmp/picpac-phase3-layout-final-build-e6c0c65c9c5a-20260925T105458Z/iphonesimulator/Build/Intermediates.noindex/PicPacPoe.build/Release-iphonesimulator/PicPacPoe.build/PicPacPoe-own-target-headers.hmap

WriteAuxiliaryFile /tmp/picpac-phase3-layout-final-build-e6c0c65c9c5a-20260925T105458Z/iphonesimulator/Build/Intermediates.noindex/PicPacPoe.build/Release-iphonesimulator/PicPacPoe.build/PicPacPoe-generated-files.hmap (in target 'PicPacPoe' from project 'PicPacPoe')
    cd /Users/bavabangaru/Developer/pic-pac-poe-ios-native-parity/ios
    write-file /tmp/picpac-phase3-layout-final-build-e6c0c65c9c5a-20260925T105458Z/iphonesimulator/Build/Intermediates.noindex/PicPacPoe.build/Release-iphonesimulator/PicPacPoe.build/PicPacPoe-generated-files.hmap

WriteAuxiliaryFile /tmp/picpac-phase3-layout-final-build-e6c0c65c9c5a-20260925T105458Z/iphonesimulator/Build/Intermediates.noindex/PicPacPoe.build/Release-iphonesimulator/PicPacPoe.build/PicPacPoe-all-target-headers.hmap (in target 'PicPacPoe' from project 'PicPacPoe')
    cd /Users/bavabangaru/Developer/pic-pac-poe-ios-native-parity/ios
    write-file /tmp/picpac-phase3-layout-final-build-e6c0c65c9c5a-20260925T105458Z/iphonesimulator/Build/Intermediates.noindex/PicPacPoe.build/Release-iphonesimulator/PicPacPoe.build/PicPacPoe-all-target-headers.hmap

WriteAuxiliaryFile /tmp/picpac-phase3-layout-final-build-e6c0c65c9c5a-20260925T105458Z/iphonesimulator/Build/Intermediates.noindex/PicPacPoe.build/Release-iphonesimulator/PicPacPoe.build/PicPacPoe-all-non-framework-target-headers.hmap (in target 'PicPacPoe' from project 'PicPacPoe')
    cd /Users/bavabangaru/Developer/pic-pac-poe-ios-native-parity/ios
    write-file /tmp/picpac-phase3-layout-final-build-e6c0c65c9c5a-20260925T105458Z/iphonesimulator/Build/Intermediates.noindex/PicPacPoe.build/Release-iphonesimulator/PicPacPoe.build/PicPacPoe-all-non-framework-target-headers.hmap

WriteAuxiliaryFile /tmp/picpac-phase3-layout-final-build-e6c0c65c9c5a-20260925T105458Z/iphonesimulator/Build/Intermediates.noindex/PicPacPoe.build/Release-iphonesimulator/PicPacPoe.build/Objects-normal/x86_64/PicPacPoe_const_extract_protocols.json (in target 'PicPacPoe' from project 'PicPacPoe')
    cd /Users/bavabangaru/Developer/pic-pac-poe-ios-native-parity/ios
    write-file /tmp/picpac-phase3-layout-final-build-e6c0c65c9c5a-20260925T105458Z/iphonesimulator/Build/Intermediates.noindex/PicPacPoe.build/Release-iphonesimulator/PicPacPoe.build/Objects-normal/x86_64/PicPacPoe_const_extract_protocols.json

WriteAuxiliaryFile /tmp/picpac-phase3-layout-final-build-e6c0c65c9c5a-20260925T105458Z/iphonesimulator/Build/Intermediates.noindex/PicPacPoe.build/Release-iphonesimulator/PicPacPoe.build/Objects-normal/x86_64/PicPacPoe.SwiftFileList (in target 'PicPacPoe' from project 'PicPacPoe')
    cd /Users/bavabangaru/Developer/pic-pac-poe-ios-native-parity/ios
    write-file /tmp/picpac-phase3-layout-final-build-e6c0c65c9c5a-20260925T105458Z/iphonesimulator/Build/Intermediates.noindex/PicPacPoe.build/Release-iphonesimulator/PicPacPoe.build/Objects-normal/x86_64/PicPacPoe.SwiftFileList

WriteAuxiliaryFile /tmp/picpac-phase3-layout-final-build-e6c0c65c9c5a-20260925T105458Z/iphonesimulator/Build/Intermediates.noindex/PicPacPoe.build/Release-iphonesimulator/PicPacPoe.build/Objects-normal/x86_64/PicPacPoe.SwiftConstValuesFileList (in target 'PicPacPoe' from project 'PicPacPoe')
    cd /Users/bavabangaru/Developer/pic-pac-poe-ios-native-parity/ios
    write-file /tmp/picpac-phase3-layout-final-build-e6c0c65c9c5a-20260925T105458Z/iphonesimulator/Build/Intermediates.noindex/PicPacPoe.build/Release-iphonesimulator/PicPacPoe.build/Objects-normal/x86_64/PicPacPoe.SwiftConstValuesFileList

WriteAuxiliaryFile /tmp/picpac-phase3-layout-final-build-e6c0c65c9c5a-20260925T105458Z/iphonesimulator/Build/Intermediates.noindex/PicPacPoe.build/Release-iphonesimulator/PicPacPoe.build/Objects-normal/x86_64/PicPacPoe.LinkFileList (in target 'PicPacPoe' from project 'PicPacPoe')
    cd /Users/bavabangaru/Developer/pic-pac-poe-ios-native-parity/ios
    write-file /tmp/picpac-phase3-layout-final-build-e6c0c65c9c5a-20260925T105458Z/iphonesimulator/Build/Intermediates.noindex/PicPacPoe.build/Release-iphonesimulator/PicPacPoe.build/Objects-normal/x86_64/PicPacPoe.LinkFileList

WriteAuxiliaryFile /tmp/picpac-phase3-layout-final-build-e6c0c65c9c5a-20260925T105458Z/iphonesimulator/Build/Intermediates.noindex/PicPacPoe.build/Release-iphonesimulator/PicPacPoe.build/Objects-normal/x86_64/PicPacPoe-OutputFileMap.json (in target 'PicPacPoe' from project 'PicPacPoe')
    cd /Users/bavabangaru/Developer/pic-pac-poe-ios-native-parity/ios
    write-file /tmp/picpac-phase3-layout-final-build-e6c0c65c9c5a-20260925T105458Z/iphonesimulator/Build/Intermediates.noindex/PicPacPoe.build/Release-iphonesimulator/PicPacPoe.build/Objects-normal/x86_64/PicPacPoe-OutputFileMap.json

WriteAuxiliaryFile /tmp/picpac-phase3-layout-final-build-e6c0c65c9c5a-20260925T105458Z/iphonesimulator/Build/Intermediates.noindex/PicPacPoe.build/Release-iphonesimulator/PicPacPoe.build/Objects-normal/arm64/PicPacPoe.SwiftFileList (in target 'PicPacPoe' from project 'PicPacPoe')
    cd /Users/bavabangaru/Developer/pic-pac-poe-ios-native-parity/ios
    write-file /tmp/picpac-phase3-layout-final-build-e6c0c65c9c5a-20260925T105458Z/iphonesimulator/Build/Intermediates.noindex/PicPacPoe.build/Release-iphonesimulator/PicPacPoe.build/Objects-normal/arm64/PicPacPoe.SwiftFileList

WriteAuxiliaryFile /tmp/picpac-phase3-layout-final-build-e6c0c65c9c5a-20260925T105458Z/iphonesimulator/Build/Intermediates.noindex/PicPacPoe.build/Release-iphonesimulator/PicPacPoe.build/Objects-normal/arm64/PicPacPoe_const_extract_protocols.json (in target 'PicPacPoe' from project 'PicPacPoe')
    cd /Users/bavabangaru/Developer/pic-pac-poe-ios-native-parity/ios
    write-file /tmp/picpac-phase3-layout-final-build-e6c0c65c9c5a-20260925T105458Z/iphonesimulator/Build/Intermediates.noindex/PicPacPoe.build/Release-iphonesimulator/PicPacPoe.build/Objects-normal/arm64/PicPacPoe_const_extract_protocols.json

WriteAuxiliaryFile /tmp/picpac-phase3-layout-final-build-e6c0c65c9c5a-20260925T105458Z/iphonesimulator/Build/Intermediates.noindex/PicPacPoe.build/Release-iphonesimulator/PicPacPoe.build/Objects-normal/arm64/PicPacPoe.SwiftConstValuesFileList (in target 'PicPacPoe' from project 'PicPacPoe')
    cd /Users/bavabangaru/Developer/pic-pac-poe-ios-native-parity/ios
    write-file /tmp/picpac-phase3-layout-final-build-e6c0c65c9c5a-20260925T105458Z/iphonesimulator/Build/Intermediates.noindex/PicPacPoe.build/Release-iphonesimulator/PicPacPoe.build/Objects-normal/arm64/PicPacPoe.SwiftConstValuesFileList

WriteAuxiliaryFile /tmp/picpac-phase3-layout-final-build-e6c0c65c9c5a-20260925T105458Z/iphonesimulator/Build/Intermediates.noindex/PicPacPoe.build/Release-iphonesimulator/PicPacPoe.build/Objects-normal/arm64/PicPacPoe.LinkFileList (in target 'PicPacPoe' from project 'PicPacPoe')
    cd /Users/bavabangaru/Developer/pic-pac-poe-ios-native-parity/ios
    write-file /tmp/picpac-phase3-layout-final-build-e6c0c65c9c5a-20260925T105458Z/iphonesimulator/Build/Intermediates.noindex/PicPacPoe.build/Release-iphonesimulator/PicPacPoe.build/Objects-normal/arm64/PicPacPoe.LinkFileList

WriteAuxiliaryFile /tmp/picpac-phase3-layout-final-build-e6c0c65c9c5a-20260925T105458Z/iphonesimulator/Build/Intermediates.noindex/PicPacPoe.build/Release-iphonesimulator/PicPacPoe.build/Objects-normal/arm64/PicPacPoe-OutputFileMap.json (in target 'PicPacPoe' from project 'PicPacPoe')
    cd /Users/bavabangaru/Developer/pic-pac-poe-ios-native-parity/ios
    write-file /tmp/picpac-phase3-layout-final-build-e6c0c65c9c5a-20260925T105458Z/iphonesimulator/Build/Intermediates.noindex/PicPacPoe.build/Release-iphonesimulator/PicPacPoe.build/Objects-normal/arm64/PicPacPoe-OutputFileMap.json

WriteAuxiliaryFile /tmp/picpac-phase3-layout-final-build-e6c0c65c9c5a-20260925T105458Z/iphonesimulator/Build/Intermediates.noindex/PicPacKit.build/Release-iphonesimulator/PicPacCore.build/PicPacCore.modulemap (in target 'PicPacCore' from project 'PicPacKit')
    cd /Users/bavabangaru/Developer/pic-pac-poe-ios-native-parity/ios/Packages/PicPacKit
    write-file /tmp/picpac-phase3-layout-final-build-e6c0c65c9c5a-20260925T105458Z/iphonesimulator/Build/Intermediates.noindex/PicPacKit.build/Release-iphonesimulator/PicPacCore.build/PicPacCore.modulemap

WriteAuxiliaryFile /tmp/picpac-phase3-layout-final-build-e6c0c65c9c5a-20260925T105458Z/iphonesimulator/Build/Intermediates.noindex/PicPacKit.build/Release-iphonesimulator/PicPacCore.build/PicPacCore.DependencyStaticMetadataFileList (in target 'PicPacCore' from project 'PicPacKit')
    cd /Users/bavabangaru/Developer/pic-pac-poe-ios-native-parity/ios/Packages/PicPacKit
    write-file /tmp/picpac-phase3-layout-final-build-e6c0c65c9c5a-20260925T105458Z/iphonesimulator/Build/Intermediates.noindex/PicPacKit.build/Release-iphonesimulator/PicPacCore.build/PicPacCore.DependencyStaticMetadataFileList

WriteAuxiliaryFile /tmp/picpac-phase3-layout-final-build-e6c0c65c9c5a-20260925T105458Z/iphonesimulator/Build/Intermediates.noindex/PicPacKit.build/Release-iphonesimulator/PicPacCore.build/PicPacCore.DependencyMetadataFileList (in target 'PicPacCore' from project 'PicPacKit')
    cd /Users/bavabangaru/Developer/pic-pac-poe-ios-native-parity/ios/Packages/PicPacKit
    write-file /tmp/picpac-phase3-layout-final-build-e6c0c65c9c5a-20260925T105458Z/iphonesimulator/Build/Intermediates.noindex/PicPacKit.build/Release-iphonesimulator/PicPacCore.build/PicPacCore.DependencyMetadataFileList

WriteAuxiliaryFile /tmp/picpac-phase3-layout-final-build-e6c0c65c9c5a-20260925T105458Z/iphonesimulator/Build/Intermediates.noindex/PicPacKit.build/Release-iphonesimulator/PicPacCore.build/Objects-normal/x86_64/PicPacCore_const_extract_protocols.json (in target 'PicPacCore' from project 'PicPacKit')
    cd /Users/bavabangaru/Developer/pic-pac-poe-ios-native-parity/ios/Packages/PicPacKit
    write-file /tmp/picpac-phase3-layout-final-build-e6c0c65c9c5a-20260925T105458Z/iphonesimulator/Build/Intermediates.noindex/PicPacKit.build/Release-iphonesimulator/PicPacCore.build/Objects-normal/x86_64/PicPacCore_const_extract_protocols.json

WriteAuxiliaryFile /tmp/picpac-phase3-layout-final-build-e6c0c65c9c5a-20260925T105458Z/iphonesimulator/Build/Intermediates.noindex/PicPacKit.build/Release-iphonesimulator/PicPacCore.build/Objects-normal/x86_64/PicPacCore.SwiftFileList (in target 'PicPacCore' from project 'PicPacKit')
    cd /Users/bavabangaru/Developer/pic-pac-poe-ios-native-parity/ios/Packages/PicPacKit
    write-file /tmp/picpac-phase3-layout-final-build-e6c0c65c9c5a-20260925T105458Z/iphonesimulator/Build/Intermediates.noindex/PicPacKit.build/Release-iphonesimulator/PicPacCore.build/Objects-normal/x86_64/PicPacCore.SwiftFileList

WriteAuxiliaryFile /tmp/picpac-phase3-layout-final-build-e6c0c65c9c5a-20260925T105458Z/iphonesimulator/Build/Intermediates.noindex/PicPacKit.build/Release-iphonesimulator/PicPacCore.build/Objects-normal/x86_64/PicPacCore.SwiftConstValuesFileList (in target 'PicPacCore' from project 'PicPacKit')
    cd /Users/bavabangaru/Developer/pic-pac-poe-ios-native-parity/ios/Packages/PicPacKit
    write-file /tmp/picpac-phase3-layout-final-build-e6c0c65c9c5a-20260925T105458Z/iphonesimulator/Build/Intermediates.noindex/PicPacKit.build/Release-iphonesimulator/PicPacCore.build/Objects-normal/x86_64/PicPacCore.SwiftConstValuesFileList

WriteAuxiliaryFile /tmp/picpac-phase3-layout-final-build-e6c0c65c9c5a-20260925T105458Z/iphonesimulator/Build/Intermediates.noindex/PicPacKit.build/Release-iphonesimulator/PicPacCore.build/Objects-normal/x86_64/PicPacCore.LinkFileList (in target 'PicPacCore' from project 'PicPacKit')
    cd /Users/bavabangaru/Developer/pic-pac-poe-ios-native-parity/ios/Packages/PicPacKit
    write-file /tmp/picpac-phase3-layout-final-build-e6c0c65c9c5a-20260925T105458Z/iphonesimulator/Build/Intermediates.noindex/PicPacKit.build/Release-iphonesimulator/PicPacCore.build/Objects-normal/x86_64/PicPacCore.LinkFileList

WriteAuxiliaryFile /tmp/picpac-phase3-layout-final-build-e6c0c65c9c5a-20260925T105458Z/iphonesimulator/Build/Intermediates.noindex/PicPacKit.build/Release-iphonesimulator/PicPacCore.build/Objects-normal/x86_64/PicPacCore-OutputFileMap.json (in target 'PicPacCore' from project 'PicPacKit')
    cd /Users/bavabangaru/Developer/pic-pac-poe-ios-native-parity/ios/Packages/PicPacKit
    write-file /tmp/picpac-phase3-layout-final-build-e6c0c65c9c5a-20260925T105458Z/iphonesimulator/Build/Intermediates.noindex/PicPacKit.build/Release-iphonesimulator/PicPacCore.build/Objects-normal/x86_64/PicPacCore-OutputFileMap.json

WriteAuxiliaryFile /tmp/picpac-phase3-layout-final-build-e6c0c65c9c5a-20260925T105458Z/iphonesimulator/Build/Intermediates.noindex/PicPacKit.build/Release-iphonesimulator/PicPacCore.build/Objects-normal/arm64/PicPacCore_const_extract_protocols.json (in target 'PicPacCore' from project 'PicPacKit')
    cd /Users/bavabangaru/Developer/pic-pac-poe-ios-native-parity/ios/Packages/PicPacKit
    write-file /tmp/picpac-phase3-layout-final-build-e6c0c65c9c5a-20260925T105458Z/iphonesimulator/Build/Intermediates.noindex/PicPacKit.build/Release-iphonesimulator/PicPacCore.build/Objects-normal/arm64/PicPacCore_const_extract_protocols.json

WriteAuxiliaryFile /tmp/picpac-phase3-layout-final-build-e6c0c65c9c5a-20260925T105458Z/iphonesimulator/Build/Intermediates.noindex/PicPacKit.build/Release-iphonesimulator/PicPacCore.build/Objects-normal/arm64/PicPacCore.SwiftFileList (in target 'PicPacCore' from project 'PicPacKit')
    cd /Users/bavabangaru/Developer/pic-pac-poe-ios-native-parity/ios/Packages/PicPacKit
    write-file /tmp/picpac-phase3-layout-final-build-e6c0c65c9c5a-20260925T105458Z/iphonesimulator/Build/Intermediates.noindex/PicPacKit.build/Release-iphonesimulator/PicPacCore.build/Objects-normal/arm64/PicPacCore.SwiftFileList

WriteAuxiliaryFile /tmp/picpac-phase3-layout-final-build-e6c0c65c9c5a-20260925T105458Z/iphonesimulator/Build/Intermediates.noindex/PicPacKit.build/Release-iphonesimulator/PicPacCore.build/Objects-normal/arm64/PicPacCore.SwiftConstValuesFileList (in target 'PicPacCore' from project 'PicPacKit')
    cd /Users/bavabangaru/Developer/pic-pac-poe-ios-native-parity/ios/Packages/PicPacKit
    write-file /tmp/picpac-phase3-layout-final-build-e6c0c65c9c5a-20260925T105458Z/iphonesimulator/Build/Intermediates.noindex/PicPacKit.build/Release-iphonesimulator/PicPacCore.build/Objects-normal/arm64/PicPacCore.SwiftConstValuesFileList

WriteAuxiliaryFile /tmp/picpac-phase3-layout-final-build-e6c0c65c9c5a-20260925T105458Z/iphonesimulator/Build/Intermediates.noindex/PicPacKit.build/Release-iphonesimulator/PicPacCore.build/Objects-normal/arm64/PicPacCore.LinkFileList (in target 'PicPacCore' from project 'PicPacKit')
    cd /Users/bavabangaru/Developer/pic-pac-poe-ios-native-parity/ios/Packages/PicPacKit
    write-file /tmp/picpac-phase3-layout-final-build-e6c0c65c9c5a-20260925T105458Z/iphonesimulator/Build/Intermediates.noindex/PicPacKit.build/Release-iphonesimulator/PicPacCore.build/Objects-normal/arm64/PicPacCore.LinkFileList

WriteAuxiliaryFile /tmp/picpac-phase3-layout-final-build-e6c0c65c9c5a-20260925T105458Z/iphonesimulator/Build/Intermediates.noindex/PicPacKit.build/Release-iphonesimulator/PicPacCore.build/Objects-normal/arm64/PicPacCore-OutputFileMap.json (in target 'PicPacCore' from project 'PicPacKit')
    cd /Users/bavabangaru/Developer/pic-pac-poe-ios-native-parity/ios/Packages/PicPacKit
    write-file /tmp/picpac-phase3-layout-final-build-e6c0c65c9c5a-20260925T105458Z/iphonesimulator/Build/Intermediates.noindex/PicPacKit.build/Release-iphonesimulator/PicPacCore.build/Objects-normal/arm64/PicPacCore-OutputFileMap.json

Copy /tmp/picpac-phase3-layout-final-build-e6c0c65c9c5a-20260925T105458Z/iphonesimulator/Build/Intermediates.noindex/GeneratedModuleMaps-iphonesimulator/PicPacCore.modulemap /tmp/picpac-phase3-layout-final-build-e6c0c65c9c5a-20260925T105458Z/iphonesimulator/Build/Intermediates.noindex/PicPacKit.build/Release-iphonesimulator/PicPacCore.build/PicPacCore.modulemap (in target 'PicPacCore' from project 'PicPacKit')
    cd /Users/bavabangaru/Developer/pic-pac-poe-ios-native-parity/ios/Packages/PicPacKit
    builtin-copy -exclude .DS_Store -exclude CVS -exclude .svn -exclude .git -exclude .hg -strip-unsigned-binaries -strip-deterministic -strip-tool /Applications/Xcode.app/Contents/Developer/Toolchains/XcodeDefault.xctoolchain/usr/bin/strip -resolve-src-symlinks /tmp/picpac-phase3-layout-final-build-e6c0c65c9c5a-20260925T105458Z/iphonesimulator/Build/Intermediates.noindex/PicPacKit.build/Release-iphonesimulator/PicPacCore.build/PicPacCore.modulemap /tmp/picpac-phase3-layout-final-build-e6c0c65c9c5a-20260925T105458Z/iphonesimulator/Build/Intermediates.noindex/GeneratedModuleMaps-iphonesimulator

WriteAuxiliaryFile /tmp/picpac-phase3-layout-final-build-e6c0c65c9c5a-20260925T105458Z/iphonesimulator/Build/Intermediates.noindex/PicPacKit.build/Release-iphonesimulator/PicPacAI.build/PicPacAI.modulemap (in target 'PicPacAI' from project 'PicPacKit')
    cd /Users/bavabangaru/Developer/pic-pac-poe-ios-native-parity/ios/Packages/PicPacKit
    write-file /tmp/picpac-phase3-layout-final-build-e6c0c65c9c5a-20260925T105458Z/iphonesimulator/Build/Intermediates.noindex/PicPacKit.build/Release-iphonesimulator/PicPacAI.build/PicPacAI.modulemap

WriteAuxiliaryFile /tmp/picpac-phase3-layout-final-build-e6c0c65c9c5a-20260925T105458Z/iphonesimulator/Build/Intermediates.noindex/PicPacKit.build/Release-iphonesimulator/PicPacAI.build/PicPacAI.DependencyStaticMetadataFileList (in target 'PicPacAI' from project 'PicPacKit')
    cd /Users/bavabangaru/Developer/pic-pac-poe-ios-native-parity/ios/Packages/PicPacKit
    write-file /tmp/picpac-phase3-layout-final-build-e6c0c65c9c5a-20260925T105458Z/iphonesimulator/Build/Intermediates.noindex/PicPacKit.build/Release-iphonesimulator/PicPacAI.build/PicPacAI.DependencyStaticMetadataFileList

WriteAuxiliaryFile /tmp/picpac-phase3-layout-final-build-e6c0c65c9c5a-20260925T105458Z/iphonesimulator/Build/Intermediates.noindex/PicPacKit.build/Release-iphonesimulator/PicPacAI.build/PicPacAI.DependencyMetadataFileList (in target 'PicPacAI' from project 'PicPacKit')
    cd /Users/bavabangaru/Developer/pic-pac-poe-ios-native-parity/ios/Packages/PicPacKit
    write-file /tmp/picpac-phase3-layout-final-build-e6c0c65c9c5a-20260925T105458Z/iphonesimulator/Build/Intermediates.noindex/PicPacKit.build/Release-iphonesimulator/PicPacAI.build/PicPacAI.DependencyMetadataFileList

WriteAuxiliaryFile /tmp/picpac-phase3-layout-final-build-e6c0c65c9c5a-20260925T105458Z/iphonesimulator/Build/Intermediates.noindex/PicPacKit.build/Release-iphonesimulator/PicPacAI.build/Objects-normal/x86_64/PicPacAI_const_extract_protocols.json (in target 'PicPacAI' from project 'PicPacKit')
    cd /Users/bavabangaru/Developer/pic-pac-poe-ios-native-parity/ios/Packages/PicPacKit
    write-file /tmp/picpac-phase3-layout-final-build-e6c0c65c9c5a-20260925T105458Z/iphonesimulator/Build/Intermediates.noindex/PicPacKit.build/Release-iphonesimulator/PicPacAI.build/Objects-normal/x86_64/PicPacAI_const_extract_protocols.json

WriteAuxiliaryFile /tmp/picpac-phase3-layout-final-build-e6c0c65c9c5a-20260925T105458Z/iphonesimulator/Build/Intermediates.noindex/PicPacKit.build/Release-iphonesimulator/PicPacAI.build/Objects-normal/x86_64/PicPacAI.SwiftFileList (in target 'PicPacAI' from project 'PicPacKit')
    cd /Users/bavabangaru/Developer/pic-pac-poe-ios-native-parity/ios/Packages/PicPacKit
    write-file /tmp/picpac-phase3-layout-final-build-e6c0c65c9c5a-20260925T105458Z/iphonesimulator/Build/Intermediates.noindex/PicPacKit.build/Release-iphonesimulator/PicPacAI.build/Objects-normal/x86_64/PicPacAI.SwiftFileList

WriteAuxiliaryFile /tmp/picpac-phase3-layout-final-build-e6c0c65c9c5a-20260925T105458Z/iphonesimulator/Build/Intermediates.noindex/PicPacKit.build/Release-iphonesimulator/PicPacAI.build/Objects-normal/x86_64/PicPacAI.SwiftConstValuesFileList (in target 'PicPacAI' from project 'PicPacKit')
    cd /Users/bavabangaru/Developer/pic-pac-poe-ios-native-parity/ios/Packages/PicPacKit
    write-file /tmp/picpac-phase3-layout-final-build-e6c0c65c9c5a-20260925T105458Z/iphonesimulator/Build/Intermediates.noindex/PicPacKit.build/Release-iphonesimulator/PicPacAI.build/Objects-normal/x86_64/PicPacAI.SwiftConstValuesFileList

WriteAuxiliaryFile /tmp/picpac-phase3-layout-final-build-e6c0c65c9c5a-20260925T105458Z/iphonesimulator/Build/Intermediates.noindex/PicPacKit.build/Release-iphonesimulator/PicPacAI.build/Objects-normal/x86_64/PicPacAI.LinkFileList (in target 'PicPacAI' from project 'PicPacKit')
    cd /Users/bavabangaru/Developer/pic-pac-poe-ios-native-parity/ios/Packages/PicPacKit
    write-file /tmp/picpac-phase3-layout-final-build-e6c0c65c9c5a-20260925T105458Z/iphonesimulator/Build/Intermediates.noindex/PicPacKit.build/Release-iphonesimulator/PicPacAI.build/Objects-normal/x86_64/PicPacAI.LinkFileList

WriteAuxiliaryFile /tmp/picpac-phase3-layout-final-build-e6c0c65c9c5a-20260925T105458Z/iphonesimulator/Build/Intermediates.noindex/PicPacKit.build/Release-iphonesimulator/PicPacAI.build/Objects-normal/x86_64/PicPacAI-OutputFileMap.json (in target 'PicPacAI' from project 'PicPacKit')
    cd /Users/bavabangaru/Developer/pic-pac-poe-ios-native-parity/ios/Packages/PicPacKit
    write-file /tmp/picpac-phase3-layout-final-build-e6c0c65c9c5a-20260925T105458Z/iphonesimulator/Build/Intermediates.noindex/PicPacKit.build/Release-iphonesimulator/PicPacAI.build/Objects-normal/x86_64/PicPacAI-OutputFileMap.json

WriteAuxiliaryFile /tmp/picpac-phase3-layout-final-build-e6c0c65c9c5a-20260925T105458Z/iphonesimulator/Build/Intermediates.noindex/PicPacKit.build/Release-iphonesimulator/PicPacAI.build/Objects-normal/arm64/PicPacAI_const_extract_protocols.json (in target 'PicPacAI' from project 'PicPacKit')
    cd /Users/bavabangaru/Developer/pic-pac-poe-ios-native-parity/ios/Packages/PicPacKit
    write-file /tmp/picpac-phase3-layout-final-build-e6c0c65c9c5a-20260925T105458Z/iphonesimulator/Build/Intermediates.noindex/PicPacKit.build/Release-iphonesimulator/PicPacAI.build/Objects-normal/arm64/PicPacAI_const_extract_protocols.json

WriteAuxiliaryFile /tmp/picpac-phase3-layout-final-build-e6c0c65c9c5a-20260925T105458Z/iphonesimulator/Build/Intermediates.noindex/PicPacKit.build/Release-iphonesimulator/PicPacAI.build/Objects-normal/arm64/PicPacAI.SwiftFileList (in target 'PicPacAI' from project 'PicPacKit')
    cd /Users/bavabangaru/Developer/pic-pac-poe-ios-native-parity/ios/Packages/PicPacKit
    write-file /tmp/picpac-phase3-layout-final-build-e6c0c65c9c5a-20260925T105458Z/iphonesimulator/Build/Intermediates.noindex/PicPacKit.build/Release-iphonesimulator/PicPacAI.build/Objects-normal/arm64/PicPacAI.SwiftFileList

WriteAuxiliaryFile /tmp/picpac-phase3-layout-final-build-e6c0c65c9c5a-20260925T105458Z/iphonesimulator/Build/Intermediates.noindex/PicPacKit.build/Release-iphonesimulator/PicPacAI.build/Objects-normal/arm64/PicPacAI.SwiftConstValuesFileList (in target 'PicPacAI' from project 'PicPacKit')
    cd /Users/bavabangaru/Developer/pic-pac-poe-ios-native-parity/ios/Packages/PicPacKit
    write-file /tmp/picpac-phase3-layout-final-build-e6c0c65c9c5a-20260925T105458Z/iphonesimulator/Build/Intermediates.noindex/PicPacKit.build/Release-iphonesimulator/PicPacAI.build/Objects-normal/arm64/PicPacAI.SwiftConstValuesFileList

WriteAuxiliaryFile /tmp/picpac-phase3-layout-final-build-e6c0c65c9c5a-20260925T105458Z/iphonesimulator/Build/Intermediates.noindex/PicPacKit.build/Release-iphonesimulator/PicPacAI.build/Objects-normal/arm64/PicPacAI.LinkFileList (in target 'PicPacAI' from project 'PicPacKit')
    cd /Users/bavabangaru/Developer/pic-pac-poe-ios-native-parity/ios/Packages/PicPacKit
    write-file /tmp/picpac-phase3-layout-final-build-e6c0c65c9c5a-20260925T105458Z/iphonesimulator/Build/Intermediates.noindex/PicPacKit.build/Release-iphonesimulator/PicPacAI.build/Objects-normal/arm64/PicPacAI.LinkFileList

WriteAuxiliaryFile /tmp/picpac-phase3-layout-final-build-e6c0c65c9c5a-20260925T105458Z/iphonesimulator/Build/Intermediates.noindex/PicPacKit.build/Release-iphonesimulator/PicPacAI.build/Objects-normal/arm64/PicPacAI-OutputFileMap.json (in target 'PicPacAI' from project 'PicPacKit')
    cd /Users/bavabangaru/Developer/pic-pac-poe-ios-native-parity/ios/Packages/PicPacKit
    write-file /tmp/picpac-phase3-layout-final-build-e6c0c65c9c5a-20260925T105458Z/iphonesimulator/Build/Intermediates.noindex/PicPacKit.build/Release-iphonesimulator/PicPacAI.build/Objects-normal/arm64/PicPacAI-OutputFileMap.json

Copy /tmp/picpac-phase3-layout-final-build-e6c0c65c9c5a-20260925T105458Z/iphonesimulator/Build/Intermediates.noindex/GeneratedModuleMaps-iphonesimulator/PicPacAI.modulemap /tmp/picpac-phase3-layout-final-build-e6c0c65c9c5a-20260925T105458Z/iphonesimulator/Build/Intermediates.noindex/PicPacKit.build/Release-iphonesimulator/PicPacAI.build/PicPacAI.modulemap (in target 'PicPacAI' from project 'PicPacKit')
    cd /Users/bavabangaru/Developer/pic-pac-poe-ios-native-parity/ios/Packages/PicPacKit
    builtin-copy -exclude .DS_Store -exclude CVS -exclude .svn -exclude .git -exclude .hg -strip-unsigned-binaries -strip-deterministic -strip-tool /Applications/Xcode.app/Contents/Developer/Toolchains/XcodeDefault.xctoolchain/usr/bin/strip -resolve-src-symlinks /tmp/picpac-phase3-layout-final-build-e6c0c65c9c5a-20260925T105458Z/iphonesimulator/Build/Intermediates.noindex/PicPacKit.build/Release-iphonesimulator/PicPacAI.build/PicPacAI.modulemap /tmp/picpac-phase3-layout-final-build-e6c0c65c9c5a-20260925T105458Z/iphonesimulator/Build/Intermediates.noindex/GeneratedModuleMaps-iphonesimulator

WriteAuxiliaryFile /tmp/picpac-phase3-layout-final-build-e6c0c65c9c5a-20260925T105458Z/iphonesimulator/Build/Intermediates.noindex/PicPacKit.build/Release-iphonesimulator/PicPacAI.build/DerivedSources/resource_bundle_accessor.swift (in target 'PicPacAI' from project 'PicPacKit')
    cd /Users/bavabangaru/Developer/pic-pac-poe-ios-native-parity/ios/Packages/PicPacKit
    write-file /tmp/picpac-phase3-layout-final-build-e6c0c65c9c5a-20260925T105458Z/iphonesimulator/Build/Intermediates.noindex/PicPacKit.build/Release-iphonesimulator/PicPacAI.build/DerivedSources/resource_bundle_accessor.swift

MkDir /tmp/picpac-phase3-layout-final-build-e6c0c65c9c5a-20260925T105458Z/iphonesimulator/Build/Products/Release-iphonesimulator/PicPacPoe.app (in target 'PicPacPoe' from project 'PicPacPoe')
    cd /Users/bavabangaru/Developer/pic-pac-poe-ios-native-parity/ios
    /bin/mkdir -p /tmp/picpac-phase3-layout-final-build-e6c0c65c9c5a-20260925T105458Z/iphonesimulator/Build/Products/Release-iphonesimulator/PicPacPoe.app

MkDir /tmp/picpac-phase3-layout-final-build-e6c0c65c9c5a-20260925T105458Z/iphonesimulator/Build/Products/Release-iphonesimulator/PicPacKit_PicPacAI.bundle (in target 'PicPacKit_PicPacAI' from project 'PicPacKit')
    cd /Users/bavabangaru/Developer/pic-pac-poe-ios-native-parity/ios/Packages/PicPacKit
    /bin/mkdir -p /tmp/picpac-phase3-layout-final-build-e6c0c65c9c5a-20260925T105458Z/iphonesimulator/Build/Products/Release-iphonesimulator/PicPacKit_PicPacAI.bundle

ProcessInfoPlistFile /tmp/picpac-phase3-layout-final-build-e6c0c65c9c5a-20260925T105458Z/iphonesimulator/Build/Products/Release-iphonesimulator/PicPacKit_PicPacAI.bundle/Info.plist /tmp/picpac-phase3-layout-final-build-e6c0c65c9c5a-20260925T105458Z/iphonesimulator/Build/Intermediates.noindex/PicPacKit.build/Release-iphonesimulator/PicPacKit_PicPacAI.build/empty-PicPacKit_PicPacAI.plist (in target 'PicPacKit_PicPacAI' from project 'PicPacKit')
    cd /Users/bavabangaru/Developer/pic-pac-poe-ios-native-parity/ios/Packages/PicPacKit
    builtin-infoPlistUtility /tmp/picpac-phase3-layout-final-build-e6c0c65c9c5a-20260925T105458Z/iphonesimulator/Build/Intermediates.noindex/PicPacKit.build/Release-iphonesimulator/PicPacKit_PicPacAI.build/empty-PicPacKit_PicPacAI.plist -producttype com.apple.product-type.bundle -expandbuildsettings -format binary -platform iphonesimulator -o /tmp/picpac-phase3-layout-final-build-e6c0c65c9c5a-20260925T105458Z/iphonesimulator/Build/Products/Release-iphonesimulator/PicPacKit_PicPacAI.bundle/Info.plist

CpResource /tmp/picpac-phase3-layout-final-build-e6c0c65c9c5a-20260925T105458Z/iphonesimulator/Build/Products/Release-iphonesimulator/PicPacKit_PicPacAI.bundle/picpac_rl_policy_v1.bin /Users/bavabangaru/Developer/pic-pac-poe-ios-native-parity/ios/Packages/PicPacKit/Sources/PicPacAI/Resources/picpac_rl_policy_v1.bin (in target 'PicPacKit_PicPacAI' from project 'PicPacKit')
    cd /Users/bavabangaru/Developer/pic-pac-poe-ios-native-parity/ios/Packages/PicPacKit
    builtin-copy -exclude .DS_Store -exclude CVS -exclude .svn -exclude .git -exclude .hg -strip-unsigned-binaries -strip-deterministic -strip-tool /Applications/Xcode.app/Contents/Developer/Toolchains/XcodeDefault.xctoolchain/usr/bin/strip -resolve-src-symlinks /Users/bavabangaru/Developer/pic-pac-poe-ios-native-parity/ios/Packages/PicPacKit/Sources/PicPacAI/Resources/picpac_rl_policy_v1.bin /tmp/picpac-phase3-layout-final-build-e6c0c65c9c5a-20260925T105458Z/iphonesimulator/Build/Products/Release-iphonesimulator/PicPacKit_PicPacAI.bundle

RegisterExecutionPolicyException /tmp/picpac-phase3-layout-final-build-e6c0c65c9c5a-20260925T105458Z/iphonesimulator/Build/Products/Release-iphonesimulator/PicPacKit_PicPacAI.bundle (in target 'PicPacKit_PicPacAI' from project 'PicPacKit')
    cd /Users/bavabangaru/Developer/pic-pac-poe-ios-native-parity/ios/Packages/PicPacKit
    builtin-RegisterExecutionPolicyException /tmp/picpac-phase3-layout-final-build-e6c0c65c9c5a-20260925T105458Z/iphonesimulator/Build/Products/Release-iphonesimulator/PicPacKit_PicPacAI.bundle

Touch /tmp/picpac-phase3-layout-final-build-e6c0c65c9c5a-20260925T105458Z/iphonesimulator/Build/Products/Release-iphonesimulator/PicPacKit_PicPacAI.bundle (in target 'PicPacKit_PicPacAI' from project 'PicPacKit')
    cd /Users/bavabangaru/Developer/pic-pac-poe-ios-native-parity/ios/Packages/PicPacKit
    /usr/bin/touch -c /tmp/picpac-phase3-layout-final-build-e6c0c65c9c5a-20260925T105458Z/iphonesimulator/Build/Products/Release-iphonesimulator/PicPacKit_PicPacAI.bundle

SwiftDriver PicPacCore normal arm64 com.apple.xcode.tools.swift.compiler (in target 'PicPacCore' from project 'PicPacKit')
    cd /Users/bavabangaru/Developer/pic-pac-poe-ios-native-parity/ios/PicPacPoe.xcodeproj
    builtin-SwiftDriver -- /Applications/Xcode.app/Contents/Developer/Toolchains/XcodeDefault.xctoolchain/usr/bin/swiftc -module-name PicPacCore -O -whole-module-optimization @/tmp/picpac-phase3-layout-final-build-e6c0c65c9c5a-20260925T105458Z/iphonesimulator/Build/Intermediates.noindex/PicPacKit.build/Release-iphonesimulator/PicPacCore.build/Objects-normal/arm64/PicPacCore.SwiftFileList -DSWIFT_PACKAGE -DSWIFT_MODULE_RESOURCE_BUNDLE_UNAVAILABLE -DXcode -plugin-path /Applications/Xcode.app/Contents/Developer/Toolchains/XcodeDefault.xctoolchain/usr/lib/swift/host/plugins/testing -enable-experimental-feature DebugDescriptionMacro -sdk /Applications/Xcode.app/Contents/Developer/Platforms/iPhoneSimulator.platform/Developer/SDKs/iPhoneSimulator26.5.sdk -target arm64-apple-ios17.0-simulator -g -module-cache-path /tmp/picpac-phase3-layout-final-build-e6c0c65c9c5a-20260925T105458Z/iphonesimulator/ModuleCache.noindex -Xfrontend -serialize-debugging-options -suppress-warnings -swift-version 6 -I /tmp/picpac-phase3-layout-final-build-e6c0c65c9c5a-20260925T105458Z/iphonesimulator/Build/Products/Release-iphonesimulator -Isystem /Applications/Xcode.app/Contents/Developer/Platforms/iPhoneSimulator.platform/Developer/usr/lib -F /tmp/picpac-phase3-layout-final-build-e6c0c65c9c5a-20260925T105458Z/iphonesimulator/Build/Products/Release-iphonesimulator -F /Applications/Xcode.app/Contents/Developer/Platforms/iPhoneSimulator.platform/Developer/Library/Frameworks -F /Applications/Xcode.app/Contents/Developer/Platforms/iPhoneSimulator.platform/Developer/SDKs/iPhoneSimulator26.5.sdk/Developer/Library/Frameworks -c -num-threads 12 -Xcc -ivfsstatcache -Xcc /tmp/picpac-phase3-layout-final-build-e6c0c65c9c5a-20260925T105458Z/iphonesimulator/SDKStatCaches.noindex/iphonesimulator26.5-23F81a-6cfe768891a92b912361537c460fe42b.sdkstatcache -output-file-map /tmp/picpac-phase3-layout-final-build-e6c0c65c9c5a-20260925T105458Z/iphonesimulator/Build/Intermediates.noindex/PicPacKit.build/Release-iphonesimulator/PicPacCore.build/Objects-normal/arm64/PicPacCore-OutputFileMap.json -use-frontend-parseable-output -save-temps -no-color-diagnostics -explicit-module-build -module-cache-path /tmp/picpac-phase3-layout-final-build-e6c0c65c9c5a-20260925T105458Z/iphonesimulator/Build/Intermediates.noindex/SwiftExplicitPrecompiledModules -clang-scanner-module-cache-path /tmp/picpac-phase3-layout-final-build-e6c0c65c9c5a-20260925T105458Z/iphonesimulator/ModuleCache.noindex -sdk-module-cache-path /tmp/picpac-phase3-layout-final-build-e6c0c65c9c5a-20260925T105458Z/iphonesimulator/ModuleCache.noindex -serialize-diagnostics -emit-dependencies -emit-module -emit-module-path /tmp/picpac-phase3-layout-final-build-e6c0c65c9c5a-20260925T105458Z/iphonesimulator/Build/Intermediates.noindex/PicPacKit.build/Release-iphonesimulator/PicPacCore.build/Objects-normal/arm64/PicPacCore.swiftmodule -validate-clang-modules-once -clang-build-session-file /tmp/picpac-phase3-layout-final-build-e6c0c65c9c5a-20260925T105458Z/iphonesimulator/ModuleCache.noindex/Session.modulevalidation -package-name picpackit -Xcc -I/tmp/picpac-phase3-layout-final-build-e6c0c65c9c5a-20260925T105458Z/iphonesimulator/Build/Intermediates.noindex/PicPacKit.build/Release-iphonesimulator/PicPacCore.build/swift-overrides.hmap -emit-const-values -Xfrontend -const-gather-protocols-file -Xfrontend /tmp/picpac-phase3-layout-final-build-e6c0c65c9c5a-20260925T105458Z/iphonesimulator/Build/Intermediates.noindex/PicPacKit.build/Release-iphonesimulator/PicPacCore.build/Objects-normal/arm64/PicPacCore_const_extract_protocols.json -Xcc -I/tmp/picpac-phase3-layout-final-build-e6c0c65c9c5a-20260925T105458Z/iphonesimulator/Build/Products/Release-iphonesimulator/include -Xcc -I/tmp/picpac-phase3-layout-final-build-e6c0c65c9c5a-20260925T105458Z/iphonesimulator/Build/Intermediates.noindex/PicPacKit.build/Release-iphonesimulator/PicPacCore.build/DerivedSources-normal/arm64 -Xcc -I/tmp/picpac-phase3-layout-final-build-e6c0c65c9c5a-20260925T105458Z/iphonesimulator/Build/Intermediates.noindex/PicPacKit.build/Release-iphonesimulator/PicPacCore.build/DerivedSources/arm64 -Xcc -I/tmp/picpac-phase3-layout-final-build-e6c0c65c9c5a-20260925T105458Z/iphonesimulator/Build/Intermediates.noindex/PicPacKit.build/Release-iphonesimulator/PicPacCore.build/DerivedSources -Xcc -DSWIFT_PACKAGE -emit-objc-header -emit-objc-header-path /tmp/picpac-phase3-layout-final-build-e6c0c65c9c5a-20260925T105458Z/iphonesimulator/Build/Intermediates.noindex/PicPacKit.build/Release-iphonesimulator/PicPacCore.build/Objects-normal/arm64/PicPacCore-Swift.h -working-directory /Users/bavabangaru/Developer/pic-pac-poe-ios-native-parity/ios/PicPacPoe.xcodeproj -no-emit-module-separately-wmo

SwiftDriver PicPacCore normal x86_64 com.apple.xcode.tools.swift.compiler (in target 'PicPacCore' from project 'PicPacKit')
    cd /Users/bavabangaru/Developer/pic-pac-poe-ios-native-parity/ios/PicPacPoe.xcodeproj
    builtin-SwiftDriver -- /Applications/Xcode.app/Contents/Developer/Toolchains/XcodeDefault.xctoolchain/usr/bin/swiftc -module-name PicPacCore -O -whole-module-optimization @/tmp/picpac-phase3-layout-final-build-e6c0c65c9c5a-20260925T105458Z/iphonesimulator/Build/Intermediates.noindex/PicPacKit.build/Release-iphonesimulator/PicPacCore.build/Objects-normal/x86_64/PicPacCore.SwiftFileList -DSWIFT_PACKAGE -DSWIFT_MODULE_RESOURCE_BUNDLE_UNAVAILABLE -DXcode -plugin-path /Applications/Xcode.app/Contents/Developer/Toolchains/XcodeDefault.xctoolchain/usr/lib/swift/host/plugins/testing -enable-experimental-feature DebugDescriptionMacro -sdk /Applications/Xcode.app/Contents/Developer/Platforms/iPhoneSimulator.platform/Developer/SDKs/iPhoneSimulator26.5.sdk -target x86_64-apple-ios17.0-simulator -g -module-cache-path /tmp/picpac-phase3-layout-final-build-e6c0c65c9c5a-20260925T105458Z/iphonesimulator/ModuleCache.noindex -Xfrontend -serialize-debugging-options -suppress-warnings -swift-version 6 -I /tmp/picpac-phase3-layout-final-build-e6c0c65c9c5a-20260925T105458Z/iphonesimulator/Build/Products/Release-iphonesimulator -Isystem /Applications/Xcode.app/Contents/Developer/Platforms/iPhoneSimulator.platform/Developer/usr/lib -F /tmp/picpac-phase3-layout-final-build-e6c0c65c9c5a-20260925T105458Z/iphonesimulator/Build/Products/Release-iphonesimulator -F /Applications/Xcode.app/Contents/Developer/Platforms/iPhoneSimulator.platform/Developer/Library/Frameworks -F /Applications/Xcode.app/Contents/Developer/Platforms/iPhoneSimulator.platform/Developer/SDKs/iPhoneSimulator26.5.sdk/Developer/Library/Frameworks -c -num-threads 12 -Xcc -ivfsstatcache -Xcc /tmp/picpac-phase3-layout-final-build-e6c0c65c9c5a-20260925T105458Z/iphonesimulator/SDKStatCaches.noindex/iphonesimulator26.5-23F81a-6cfe768891a92b912361537c460fe42b.sdkstatcache -output-file-map /tmp/picpac-phase3-layout-final-build-e6c0c65c9c5a-20260925T105458Z/iphonesimulator/Build/Intermediates.noindex/PicPacKit.build/Release-iphonesimulator/PicPacCore.build/Objects-normal/x86_64/PicPacCore-OutputFileMap.json -use-frontend-parseable-output -save-temps -no-color-diagnostics -explicit-module-build -module-cache-path /tmp/picpac-phase3-layout-final-build-e6c0c65c9c5a-20260925T105458Z/iphonesimulator/Build/Intermediates.noindex/SwiftExplicitPrecompiledModules -clang-scanner-module-cache-path /tmp/picpac-phase3-layout-final-build-e6c0c65c9c5a-20260925T105458Z/iphonesimulator/ModuleCache.noindex -sdk-module-cache-path /tmp/picpac-phase3-layout-final-build-e6c0c65c9c5a-20260925T105458Z/iphonesimulator/ModuleCache.noindex -serialize-diagnostics -emit-dependencies -emit-module -emit-module-path /tmp/picpac-phase3-layout-final-build-e6c0c65c9c5a-20260925T105458Z/iphonesimulator/Build/Intermediates.noindex/PicPacKit.build/Release-iphonesimulator/PicPacCore.build/Objects-normal/x86_64/PicPacCore.swiftmodule -validate-clang-modules-once -clang-build-session-file /tmp/picpac-phase3-layout-final-build-e6c0c65c9c5a-20260925T105458Z/iphonesimulator/ModuleCache.noindex/Session.modulevalidation -package-name picpackit -Xcc -I/tmp/picpac-phase3-layout-final-build-e6c0c65c9c5a-20260925T105458Z/iphonesimulator/Build/Intermediates.noindex/PicPacKit.build/Release-iphonesimulator/PicPacCore.build/swift-overrides.hmap -emit-const-values -Xfrontend -const-gather-protocols-file -Xfrontend /tmp/picpac-phase3-layout-final-build-e6c0c65c9c5a-20260925T105458Z/iphonesimulator/Build/Intermediates.noindex/PicPacKit.build/Release-iphonesimulator/PicPacCore.build/Objects-normal/x86_64/PicPacCore_const_extract_protocols.json -Xcc -I/tmp/picpac-phase3-layout-final-build-e6c0c65c9c5a-20260925T105458Z/iphonesimulator/Build/Products/Release-iphonesimulator/include -Xcc -I/tmp/picpac-phase3-layout-final-build-e6c0c65c9c5a-20260925T105458Z/iphonesimulator/Build/Intermediates.noindex/PicPacKit.build/Release-iphonesimulator/PicPacCore.build/DerivedSources-normal/x86_64 -Xcc -I/tmp/picpac-phase3-layout-final-build-e6c0c65c9c5a-20260925T105458Z/iphonesimulator/Build/Intermediates.noindex/PicPacKit.build/Release-iphonesimulator/PicPacCore.build/DerivedSources/x86_64 -Xcc -I/tmp/picpac-phase3-layout-final-build-e6c0c65c9c5a-20260925T105458Z/iphonesimulator/Build/Intermediates.noindex/PicPacKit.build/Release-iphonesimulator/PicPacCore.build/DerivedSources -Xcc -DSWIFT_PACKAGE -emit-objc-header -emit-objc-header-path /tmp/picpac-phase3-layout-final-build-e6c0c65c9c5a-20260925T105458Z/iphonesimulator/Build/Intermediates.noindex/PicPacKit.build/Release-iphonesimulator/PicPacCore.build/Objects-normal/x86_64/PicPacCore-Swift.h -working-directory /Users/bavabangaru/Developer/pic-pac-poe-ios-native-parity/ios/PicPacPoe.xcodeproj -no-emit-module-separately-wmo

SwiftDriver\ Compilation PicPacCore normal x86_64 com.apple.xcode.tools.swift.compiler (in target 'PicPacCore' from project 'PicPacKit')
    cd /Users/bavabangaru/Developer/pic-pac-poe-ios-native-parity/ios/PicPacPoe.xcodeproj
    builtin-Swift-Compilation -- /Applications/Xcode.app/Contents/Developer/Toolchains/XcodeDefault.xctoolchain/usr/bin/swiftc -module-name PicPacCore -O -whole-module-optimization @/tmp/picpac-phase3-layout-final-build-e6c0c65c9c5a-20260925T105458Z/iphonesimulator/Build/Intermediates.noindex/PicPacKit.build/Release-iphonesimulator/PicPacCore.build/Objects-normal/x86_64/PicPacCore.SwiftFileList -DSWIFT_PACKAGE -DSWIFT_MODULE_RESOURCE_BUNDLE_UNAVAILABLE -DXcode -plugin-path /Applications/Xcode.app/Contents/Developer/Toolchains/XcodeDefault.xctoolchain/usr/lib/swift/host/plugins/testing -enable-experimental-feature DebugDescriptionMacro -sdk /Applications/Xcode.app/Contents/Developer/Platforms/iPhoneSimulator.platform/Developer/SDKs/iPhoneSimulator26.5.sdk -target x86_64-apple-ios17.0-simulator -g -module-cache-path /tmp/picpac-phase3-layout-final-build-e6c0c65c9c5a-20260925T105458Z/iphonesimulator/ModuleCache.noindex -Xfrontend -serialize-debugging-options -suppress-warnings -swift-version 6 -I /tmp/picpac-phase3-layout-final-build-e6c0c65c9c5a-20260925T105458Z/iphonesimulator/Build/Products/Release-iphonesimulator -Isystem /Applications/Xcode.app/Contents/Developer/Platforms/iPhoneSimulator.platform/Developer/usr/lib -F /tmp/picpac-phase3-layout-final-build-e6c0c65c9c5a-20260925T105458Z/iphonesimulator/Build/Products/Release-iphonesimulator -F /Applications/Xcode.app/Contents/Developer/Platforms/iPhoneSimulator.platform/Developer/Library/Frameworks -F /Applications/Xcode.app/Contents/Developer/Platforms/iPhoneSimulator.platform/Developer/SDKs/iPhoneSimulator26.5.sdk/Developer/Library/Frameworks -c -num-threads 12 -Xcc -ivfsstatcache -Xcc /tmp/picpac-phase3-layout-final-build-e6c0c65c9c5a-20260925T105458Z/iphonesimulator/SDKStatCaches.noindex/iphonesimulator26.5-23F81a-6cfe768891a92b912361537c460fe42b.sdkstatcache -output-file-map /tmp/picpac-phase3-layout-final-build-e6c0c65c9c5a-20260925T105458Z/iphonesimulator/Build/Intermediates.noindex/PicPacKit.build/Release-iphonesimulator/PicPacCore.build/Objects-normal/x86_64/PicPacCore-OutputFileMap.json -use-frontend-parseable-output -save-temps -no-color-diagnostics -explicit-module-build -module-cache-path /tmp/picpac-phase3-layout-final-build-e6c0c65c9c5a-20260925T105458Z/iphonesimulator/Build/Intermediates.noindex/SwiftExplicitPrecompiledModules -clang-scanner-module-cache-path /tmp/picpac-phase3-layout-final-build-e6c0c65c9c5a-20260925T105458Z/iphonesimulator/ModuleCache.noindex -sdk-module-cache-path /tmp/picpac-phase3-layout-final-build-e6c0c65c9c5a-20260925T105458Z/iphonesimulator/ModuleCache.noindex -serialize-diagnostics -emit-dependencies -emit-module -emit-module-path /tmp/picpac-phase3-layout-final-build-e6c0c65c9c5a-20260925T105458Z/iphonesimulator/Build/Intermediates.noindex/PicPacKit.build/Release-iphonesimulator/PicPacCore.build/Objects-normal/x86_64/PicPacCore.swiftmodule -validate-clang-modules-once -clang-build-session-file /tmp/picpac-phase3-layout-final-build-e6c0c65c9c5a-20260925T105458Z/iphonesimulator/ModuleCache.noindex/Session.modulevalidation -package-name picpackit -Xcc -I/tmp/picpac-phase3-layout-final-build-e6c0c65c9c5a-20260925T105458Z/iphonesimulator/Build/Intermediates.noindex/PicPacKit.build/Release-iphonesimulator/PicPacCore.build/swift-overrides.hmap -emit-const-values -Xfrontend -const-gather-protocols-file -Xfrontend /tmp/picpac-phase3-layout-final-build-e6c0c65c9c5a-20260925T105458Z/iphonesimulator/Build/Intermediates.noindex/PicPacKit.build/Release-iphonesimulator/PicPacCore.build/Objects-normal/x86_64/PicPacCore_const_extract_protocols.json -Xcc -I/tmp/picpac-phase3-layout-final-build-e6c0c65c9c5a-20260925T105458Z/iphonesimulator/Build/Products/Release-iphonesimulator/include -Xcc -I/tmp/picpac-phase3-layout-final-build-e6c0c65c9c5a-20260925T105458Z/iphonesimulator/Build/Intermediates.noindex/PicPacKit.build/Release-iphonesimulator/PicPacCore.build/DerivedSources-normal/x86_64 -Xcc -I/tmp/picpac-phase3-layout-final-build-e6c0c65c9c5a-20260925T105458Z/iphonesimulator/Build/Intermediates.noindex/PicPacKit.build/Release-iphonesimulator/PicPacCore.build/DerivedSources/x86_64 -Xcc -I/tmp/picpac-phase3-layout-final-build-e6c0c65c9c5a-20260925T105458Z/iphonesimulator/Build/Intermediates.noindex/PicPacKit.build/Release-iphonesimulator/PicPacCore.build/DerivedSources -Xcc -DSWIFT_PACKAGE -emit-objc-header -emit-objc-header-path /tmp/picpac-phase3-layout-final-build-e6c0c65c9c5a-20260925T105458Z/iphonesimulator/Build/Intermediates.noindex/PicPacKit.build/Release-iphonesimulator/PicPacCore.build/Objects-normal/x86_64/PicPacCore-Swift.h -working-directory /Users/bavabangaru/Developer/pic-pac-poe-ios-native-parity/ios/PicPacPoe.xcodeproj -no-emit-module-separately-wmo

SwiftExplicitDependencyGeneratePcm x86_64 /tmp/picpac-phase3-layout-final-build-e6c0c65c9c5a-20260925T105458Z/iphonesimulator/ModuleCache.noindex/_SwiftConcurrencyShims-7P6SFLASKXFOVZS5YZHYBDAS5.pcm

SwiftExplicitDependencyGeneratePcm x86_64 /tmp/picpac-phase3-layout-final-build-e6c0c65c9c5a-20260925T105458Z/iphonesimulator/ModuleCache.noindex/_AvailabilityInternal-3REL8XEEH4MF08ZLA4UPHV1JT.pcm

SwiftExplicitDependencyGeneratePcm x86_64 /tmp/picpac-phase3-layout-final-build-e6c0c65c9c5a-20260925T105458Z/iphonesimulator/ModuleCache.noindex/_Builtin_stdarg-A7J3L2SW78JTPL1XR8CMVSYCL.pcm

SwiftExplicitDependencyGeneratePcm x86_64 /tmp/picpac-phase3-layout-final-build-e6c0c65c9c5a-20260925T105458Z/iphonesimulator/ModuleCache.noindex/SwiftShims-5O4RROTG1NBRLY6514IU7CH8U.pcm

SwiftExplicitDependencyGeneratePcm x86_64 /tmp/picpac-phase3-layout-final-build-e6c0c65c9c5a-20260925T105458Z/iphonesimulator/ModuleCache.noindex/_Builtin_stdbool-8EID5ELAIY4K0BMA72T2XNJ27.pcm

SwiftExplicitDependencyGeneratePcm x86_64 /tmp/picpac-phase3-layout-final-build-e6c0c65c9c5a-20260925T105458Z/iphonesimulator/ModuleCache.noindex/_Builtin_float-B26MSXISIDRPML8ZSQFZR2P2J.pcm

SwiftExplicitDependencyGeneratePcm x86_64 /tmp/picpac-phase3-layout-final-build-e6c0c65c9c5a-20260925T105458Z/iphonesimulator/ModuleCache.noindex/_Builtin_stddef-4Q5IC940SCTRPR49H5HL92AZE.pcm

SwiftExplicitDependencyGeneratePcm x86_64 /tmp/picpac-phase3-layout-final-build-e6c0c65c9c5a-20260925T105458Z/iphonesimulator/ModuleCache.noindex/ptrcheck-7HZDGHKP6YMN2N9EGTD16KNVR.pcm

SwiftExplicitDependencyGeneratePcm x86_64 /tmp/picpac-phase3-layout-final-build-e6c0c65c9c5a-20260925T105458Z/iphonesimulator/ModuleCache.noindex/ptrauth-52GJMUF12O0B84NXWHQ8OZDER.pcm

SwiftDriver\ Compilation PicPacCore normal arm64 com.apple.xcode.tools.swift.compiler (in target 'PicPacCore' from project 'PicPacKit')
    cd /Users/bavabangaru/Developer/pic-pac-poe-ios-native-parity/ios/PicPacPoe.xcodeproj
    builtin-Swift-Compilation -- /Applications/Xcode.app/Contents/Developer/Toolchains/XcodeDefault.xctoolchain/usr/bin/swiftc -module-name PicPacCore -O -whole-module-optimization @/tmp/picpac-phase3-layout-final-build-e6c0c65c9c5a-20260925T105458Z/iphonesimulator/Build/Intermediates.noindex/PicPacKit.build/Release-iphonesimulator/PicPacCore.build/Objects-normal/arm64/PicPacCore.SwiftFileList -DSWIFT_PACKAGE -DSWIFT_MODULE_RESOURCE_BUNDLE_UNAVAILABLE -DXcode -plugin-path /Applications/Xcode.app/Contents/Developer/Toolchains/XcodeDefault.xctoolchain/usr/lib/swift/host/plugins/testing -enable-experimental-feature DebugDescriptionMacro -sdk /Applications/Xcode.app/Contents/Developer/Platforms/iPhoneSimulator.platform/Developer/SDKs/iPhoneSimulator26.5.sdk -target arm64-apple-ios17.0-simulator -g -module-cache-path /tmp/picpac-phase3-layout-final-build-e6c0c65c9c5a-20260925T105458Z/iphonesimulator/ModuleCache.noindex -Xfrontend -serialize-debugging-options -suppress-warnings -swift-version 6 -I /tmp/picpac-phase3-layout-final-build-e6c0c65c9c5a-20260925T105458Z/iphonesimulator/Build/Products/Release-iphonesimulator -Isystem /Applications/Xcode.app/Contents/Developer/Platforms/iPhoneSimulator.platform/Developer/usr/lib -F /tmp/picpac-phase3-layout-final-build-e6c0c65c9c5a-20260925T105458Z/iphonesimulator/Build/Products/Release-iphonesimulator -F /Applications/Xcode.app/Contents/Developer/Platforms/iPhoneSimulator.platform/Developer/Library/Frameworks -F /Applications/Xcode.app/Contents/Developer/Platforms/iPhoneSimulator.platform/Developer/SDKs/iPhoneSimulator26.5.sdk/Developer/Library/Frameworks -c -num-threads 12 -Xcc -ivfsstatcache -Xcc /tmp/picpac-phase3-layout-final-build-e6c0c65c9c5a-20260925T105458Z/iphonesimulator/SDKStatCaches.noindex/iphonesimulator26.5-23F81a-6cfe768891a92b912361537c460fe42b.sdkstatcache -output-file-map /tmp/picpac-phase3-layout-final-build-e6c0c65c9c5a-20260925T105458Z/iphonesimulator/Build/Intermediates.noindex/PicPacKit.build/Release-iphonesimulator/PicPacCore.build/Objects-normal/arm64/PicPacCore-OutputFileMap.json -use-frontend-parseable-output -save-temps -no-color-diagnostics -explicit-module-build -module-cache-path /tmp/picpac-phase3-layout-final-build-e6c0c65c9c5a-20260925T105458Z/iphonesimulator/Build/Intermediates.noindex/SwiftExplicitPrecompiledModules -clang-scanner-module-cache-path /tmp/picpac-phase3-layout-final-build-e6c0c65c9c5a-20260925T105458Z/iphonesimulator/ModuleCache.noindex -sdk-module-cache-path /tmp/picpac-phase3-layout-final-build-e6c0c65c9c5a-20260925T105458Z/iphonesimulator/ModuleCache.noindex -serialize-diagnostics -emit-dependencies -emit-module -emit-module-path /tmp/picpac-phase3-layout-final-build-e6c0c65c9c5a-20260925T105458Z/iphonesimulator/Build/Intermediates.noindex/PicPacKit.build/Release-iphonesimulator/PicPacCore.build/Objects-normal/arm64/PicPacCore.swiftmodule -validate-clang-modules-once -clang-build-session-file /tmp/picpac-phase3-layout-final-build-e6c0c65c9c5a-20260925T105458Z/iphonesimulator/ModuleCache.noindex/Session.modulevalidation -package-name picpackit -Xcc -I/tmp/picpac-phase3-layout-final-build-e6c0c65c9c5a-20260925T105458Z/iphonesimulator/Build/Intermediates.noindex/PicPacKit.build/Release-iphonesimulator/PicPacCore.build/swift-overrides.hmap -emit-const-values -Xfrontend -const-gather-protocols-file -Xfrontend /tmp/picpac-phase3-layout-final-build-e6c0c65c9c5a-20260925T105458Z/iphonesimulator/Build/Intermediates.noindex/PicPacKit.build/Release-iphonesimulator/PicPacCore.build/Objects-normal/arm64/PicPacCore_const_extract_protocols.json -Xcc -I/tmp/picpac-phase3-layout-final-build-e6c0c65c9c5a-20260925T105458Z/iphonesimulator/Build/Products/Release-iphonesimulator/include -Xcc -I/tmp/picpac-phase3-layout-final-build-e6c0c65c9c5a-20260925T105458Z/iphonesimulator/Build/Intermediates.noindex/PicPacKit.build/Release-iphonesimulator/PicPacCore.build/DerivedSources-normal/arm64 -Xcc -I/tmp/picpac-phase3-layout-final-build-e6c0c65c9c5a-20260925T105458Z/iphonesimulator/Build/Intermediates.noindex/PicPacKit.build/Release-iphonesimulator/PicPacCore.build/DerivedSources/arm64 -Xcc -I/tmp/picpac-phase3-layout-final-build-e6c0c65c9c5a-20260925T105458Z/iphonesimulator/Build/Intermediates.noindex/PicPacKit.build/Release-iphonesimulator/PicPacCore.build/DerivedSources -Xcc -DSWIFT_PACKAGE -emit-objc-header -emit-objc-header-path /tmp/picpac-phase3-layout-final-build-e6c0c65c9c5a-20260925T105458Z/iphonesimulator/Build/Intermediates.noindex/PicPacKit.build/Release-iphonesimulator/PicPacCore.build/Objects-normal/arm64/PicPacCore-Swift.h -working-directory /Users/bavabangaru/Developer/pic-pac-poe-ios-native-parity/ios/PicPacPoe.xcodeproj -no-emit-module-separately-wmo

SwiftExplicitDependencyGeneratePcm arm64 /tmp/picpac-phase3-layout-final-build-e6c0c65c9c5a-20260925T105458Z/iphonesimulator/ModuleCache.noindex/ptrcheck-8J4FZ2T9CRRTI0NY6NX7UZ4ZD.pcm

SwiftExplicitDependencyGeneratePcm arm64 /tmp/picpac-phase3-layout-final-build-e6c0c65c9c5a-20260925T105458Z/iphonesimulator/ModuleCache.noindex/SwiftShims-DQXD5UXGWZLZQ741SNTAIO2EU.pcm

SwiftExplicitDependencyGeneratePcm arm64 /tmp/picpac-phase3-layout-final-build-e6c0c65c9c5a-20260925T105458Z/iphonesimulator/ModuleCache.noindex/ptrauth-9BD0XD0377SL04ZOJ0M3ZSGTE.pcm

SwiftExplicitDependencyGeneratePcm arm64 /tmp/picpac-phase3-layout-final-build-e6c0c65c9c5a-20260925T105458Z/iphonesimulator/ModuleCache.noindex/_Builtin_stddef-7SDV2W6DE5OY3QX2LW81YYM38.pcm

SwiftExplicitDependencyGeneratePcm arm64 /tmp/picpac-phase3-layout-final-build-e6c0c65c9c5a-20260925T105458Z/iphonesimulator/ModuleCache.noindex/_Builtin_stdbool-7K8U7CE1KOFOF1ZPDJMVYCF3S.pcm

SwiftExplicitDependencyGeneratePcm arm64 /tmp/picpac-phase3-layout-final-build-e6c0c65c9c5a-20260925T105458Z/iphonesimulator/ModuleCache.noindex/_Builtin_stdarg-68VUUDICIV8P5X0POXTHR1SRG.pcm

SwiftExplicitDependencyGeneratePcm arm64 /tmp/picpac-phase3-layout-final-build-e6c0c65c9c5a-20260925T105458Z/iphonesimulator/ModuleCache.noindex/_Builtin_float-88CCSOU67JQLD79598PSEC1NT.pcm

SwiftExplicitDependencyGeneratePcm arm64 /tmp/picpac-phase3-layout-final-build-e6c0c65c9c5a-20260925T105458Z/iphonesimulator/ModuleCache.noindex/_SwiftConcurrencyShims-4EYUYX126IDSMIGASJU5HJ32.pcm

SwiftExplicitDependencyGeneratePcm arm64 /tmp/picpac-phase3-layout-final-build-e6c0c65c9c5a-20260925T105458Z/iphonesimulator/ModuleCache.noindex/_AvailabilityInternal-EZK4KF5TS5JGY3V44X7IA9AQS.pcm

SwiftExplicitDependencyGeneratePcm x86_64 /tmp/picpac-phase3-layout-final-build-e6c0c65c9c5a-20260925T105458Z/iphonesimulator/ModuleCache.noindex/_DarwinFoundation1-S6M12TNX1S1TTOOWTSAULWG9.pcm

SwiftExplicitDependencyGeneratePcm arm64 /tmp/picpac-phase3-layout-final-build-e6c0c65c9c5a-20260925T105458Z/iphonesimulator/ModuleCache.noindex/_DarwinFoundation1-EF4IUCW52QOMQVY2INDB7HWMY.pcm

SwiftExplicitDependencyGeneratePcm x86_64 /tmp/picpac-phase3-layout-final-build-e6c0c65c9c5a-20260925T105458Z/iphonesimulator/ModuleCache.noindex/_Builtin_limits-CVMPAFCZJPKG4WL493F6H4NPY.pcm

SwiftExplicitDependencyGeneratePcm x86_64 /tmp/picpac-phase3-layout-final-build-e6c0c65c9c5a-20260925T105458Z/iphonesimulator/ModuleCache.noindex/_DarwinFoundation2-2RPKDW487HRHSUV7PA4PCE562.pcm

SwiftExplicitDependencyGeneratePcm arm64 /tmp/picpac-phase3-layout-final-build-e6c0c65c9c5a-20260925T105458Z/iphonesimulator/ModuleCache.noindex/_DarwinFoundation2-CL3WN7B3ZV3YI2CJAYAXNHFE0.pcm

SwiftExplicitDependencyGeneratePcm arm64 /tmp/picpac-phase3-layout-final-build-e6c0c65c9c5a-20260925T105458Z/iphonesimulator/ModuleCache.noindex/_Builtin_limits-2MB0NG4EA1C2Z93SSXWM4O4AK.pcm

SwiftExplicitDependencyGeneratePcm x86_64 /tmp/picpac-phase3-layout-final-build-e6c0c65c9c5a-20260925T105458Z/iphonesimulator/ModuleCache.noindex/sys_types-AMZWQ7CWQV3X7POCXO4I1U5QR.pcm

SwiftExplicitDependencyGeneratePcm x86_64 /tmp/picpac-phase3-layout-final-build-e6c0c65c9c5a-20260925T105458Z/iphonesimulator/ModuleCache.noindex/_Builtin_stdint-AOSPK8TP3LGJZ8WVAYRA795ZB.pcm

SwiftExplicitDependencyGeneratePcm x86_64 /tmp/picpac-phase3-layout-final-build-e6c0c65c9c5a-20260925T105458Z/iphonesimulator/ModuleCache.noindex/_DarwinFoundation3-5OMKYUXP3E4JNU26TSQI1C4WA.pcm

SwiftExplicitDependencyGeneratePcm arm64 /tmp/picpac-phase3-layout-final-build-e6c0c65c9c5a-20260925T105458Z/iphonesimulator/ModuleCache.noindex/_Builtin_stdint-1APAOD8O775NKRA9CGKX1VROX.pcm

SwiftExplicitDependencyGeneratePcm arm64 /tmp/picpac-phase3-layout-final-build-e6c0c65c9c5a-20260925T105458Z/iphonesimulator/ModuleCache.noindex/sys_types-CCP3XTHEVG2CVRMPLPVEEUI64.pcm

SwiftExplicitDependencyGeneratePcm arm64 /tmp/picpac-phase3-layout-final-build-e6c0c65c9c5a-20260925T105458Z/iphonesimulator/ModuleCache.noindex/_DarwinFoundation3-DDS4KTDM9GI9X79W7TL89B1YO.pcm

SwiftExplicitDependencyGeneratePcm x86_64 /tmp/picpac-phase3-layout-final-build-e6c0c65c9c5a-20260925T105458Z/iphonesimulator/ModuleCache.noindex/_Builtin_inttypes-7U0BPT1Q0E3HHVNOTBD1T6PC9.pcm

SwiftExplicitDependencyGeneratePcm x86_64 /tmp/picpac-phase3-layout-final-build-e6c0c65c9c5a-20260925T105458Z/iphonesimulator/ModuleCache.noindex/Darwin-3035V3899396Y1ALOGLOJD4E5.pcm

SwiftExplicitDependencyGeneratePcm arm64 /tmp/picpac-phase3-layout-final-build-e6c0c65c9c5a-20260925T105458Z/iphonesimulator/ModuleCache.noindex/_Builtin_inttypes-3285X65C3B30ZQKLOELUA2334.pcm

SwiftExplicitDependencyGeneratePcm arm64 /tmp/picpac-phase3-layout-final-build-e6c0c65c9c5a-20260925T105458Z/iphonesimulator/ModuleCache.noindex/Darwin-4XAUH0NB7H9VQ2BOY6P6Q0VYU.pcm

SwiftExplicitDependencyGeneratePcm x86_64 /tmp/picpac-phase3-layout-final-build-e6c0c65c9c5a-20260925T105458Z/iphonesimulator/ModuleCache.noindex/ObjectiveC-E2ZP11FKG2AFC9LT0TKNMWAHD.pcm

SwiftExplicitDependencyGeneratePcm x86_64 /tmp/picpac-phase3-layout-final-build-e6c0c65c9c5a-20260925T105458Z/iphonesimulator/ModuleCache.noindex/os_object-BQZC4EOPU2OITV1M7S5N9QCXA.pcm

SwiftExplicitDependencyGeneratePcm arm64 /tmp/picpac-phase3-layout-final-build-e6c0c65c9c5a-20260925T105458Z/iphonesimulator/ModuleCache.noindex/ObjectiveC-DRTST01K4O9HW20SFL9PO3ZYD.pcm

SwiftExplicitDependencyGeneratePcm x86_64 /tmp/picpac-phase3-layout-final-build-e6c0c65c9c5a-20260925T105458Z/iphonesimulator/ModuleCache.noindex/os_workgroup-20JGOK8XJY46GSFG3ADPGZJM4.pcm

SwiftExplicitDependencyGeneratePcm arm64 /tmp/picpac-phase3-layout-final-build-e6c0c65c9c5a-20260925T105458Z/iphonesimulator/ModuleCache.noindex/os_object-DPYF70W13KK68F43JBKEZ4CBD.pcm

SwiftExplicitDependencyGeneratePcm x86_64 /tmp/picpac-phase3-layout-final-build-e6c0c65c9c5a-20260925T105458Z/iphonesimulator/ModuleCache.noindex/Dispatch-8IMIVT1C1GVM0KTSSU06RQHUF.pcm

SwiftExplicitDependencyGeneratePcm arm64 /tmp/picpac-phase3-layout-final-build-e6c0c65c9c5a-20260925T105458Z/iphonesimulator/ModuleCache.noindex/os_workgroup-EV3R2HWV2FKTRE2HZCG1VGPWW.pcm

SwiftExplicitDependencyGeneratePcm x86_64 /tmp/picpac-phase3-layout-final-build-e6c0c65c9c5a-20260925T105458Z/iphonesimulator/ModuleCache.noindex/CoreFoundation-3B351SLQQI4FTDHIDLOW36ZBQ.pcm

SwiftExplicitDependencyGeneratePcm x86_64 /tmp/picpac-phase3-layout-final-build-e6c0c65c9c5a-20260925T105458Z/iphonesimulator/ModuleCache.noindex/XPC-DN2TOKKO55XFVL3R0HNUEQ1MY.pcm

SwiftExplicitDependencyGeneratePcm arm64 /tmp/picpac-phase3-layout-final-build-e6c0c65c9c5a-20260925T105458Z/iphonesimulator/ModuleCache.noindex/Dispatch-2OLRNJ3IUMRIOEZPWJWI66LNT.pcm

SwiftExplicitDependencyGeneratePcm arm64 /tmp/picpac-phase3-layout-final-build-e6c0c65c9c5a-20260925T105458Z/iphonesimulator/ModuleCache.noindex/XPC-ETETWXUXDM6X56J7F05069WVA.pcm

SwiftExplicitDependencyGeneratePcm arm64 /tmp/picpac-phase3-layout-final-build-e6c0c65c9c5a-20260925T105458Z/iphonesimulator/ModuleCache.noindex/CoreFoundation-EEHJHHS5DJGCOAU4WZ7RJ597I.pcm

SwiftExplicitDependencyGeneratePcm x86_64 /tmp/picpac-phase3-layout-final-build-e6c0c65c9c5a-20260925T105458Z/iphonesimulator/ModuleCache.noindex/Security-1CJPYTB39F2LF3MZ38ERGM6L2.pcm

SwiftExplicitDependencyGeneratePcm x86_64 /tmp/picpac-phase3-layout-final-build-e6c0c65c9c5a-20260925T105458Z/iphonesimulator/ModuleCache.noindex/CFNetwork-DDH8WFQJ8NBBLKYCV4ZN87XL9.pcm

SwiftExplicitDependencyGeneratePcm x86_64 /tmp/picpac-phase3-layout-final-build-e6c0c65c9c5a-20260925T105458Z/iphonesimulator/ModuleCache.noindex/Foundation-59UQRB0T8H3UJ4V6JR8P9YNWV.pcm

SwiftExplicitDependencyGeneratePcm arm64 /tmp/picpac-phase3-layout-final-build-e6c0c65c9c5a-20260925T105458Z/iphonesimulator/ModuleCache.noindex/CFNetwork-3YI78MZIDEI93DQ3LZH8US821.pcm

SwiftExplicitDependencyGeneratePcm arm64 /tmp/picpac-phase3-layout-final-build-e6c0c65c9c5a-20260925T105458Z/iphonesimulator/ModuleCache.noindex/Security-19VAHS5ACKMWV8L9ROC34TIRL.pcm

SwiftExplicitDependencyGeneratePcm arm64 /tmp/picpac-phase3-layout-final-build-e6c0c65c9c5a-20260925T105458Z/iphonesimulator/ModuleCache.noindex/Foundation-6MR7ILLG7JUJSTVYI8C4U9F93.pcm

SwiftCompile normal x86_64 Compiling\ AiObservation.swift,\ Model.swift,\ Randomness.swift,\ Rules.swift,\ State.swift /Users/bavabangaru/Developer/pic-pac-poe-ios-native-parity/ios/Packages/PicPacKit/Sources/PicPacCore/AiObservation.swift /Users/bavabangaru/Developer/pic-pac-poe-ios-native-parity/ios/Packages/PicPacKit/Sources/PicPacCore/Model.swift /Users/bavabangaru/Developer/pic-pac-poe-ios-native-parity/ios/Packages/PicPacKit/Sources/PicPacCore/Randomness.swift /Users/bavabangaru/Developer/pic-pac-poe-ios-native-parity/ios/Packages/PicPacKit/Sources/PicPacCore/Rules.swift /Users/bavabangaru/Developer/pic-pac-poe-ios-native-parity/ios/Packages/PicPacKit/Sources/PicPacCore/State.swift /Applications/Xcode.app/Contents/Developer/Toolchains/XcodeDefault.xctoolchain/usr/lib/swift/iphonesimulator/prebuilt-modules/26.5/Dispatch.swiftmodule/x86_64-apple-ios-simulator.swiftmodule /Applications/Xcode.app/Contents/Developer/Toolchains/XcodeDefault.xctoolchain/usr/lib/swift/iphonesimulator/prebuilt-modules/26.5/_DarwinFoundation2.swiftmodule/x86_64-apple-ios-simulator.swiftmodule /Applications/Xcode.app/Contents/Developer/Toolchains/XcodeDefault.xctoolchain/usr/lib/swift/iphonesimulator/prebuilt-modules/26.5/Combine.swiftmodule/x86_64-apple-ios-simulator.swiftmodule /Applications/Xcode.app/Contents/Developer/Toolchains/XcodeDefault.xctoolchain/usr/lib/swift/iphonesimulator/prebuilt-modules/26.5/System.swiftmodule/x86_64-apple-ios-simulator.swiftmodule /Applications/Xcode.app/Contents/Developer/Toolchains/XcodeDefault.xctoolchain/usr/lib/swift/iphonesimulator/prebuilt-modules/26.5/Observation.swiftmodule/x86_64-apple-ios-simulator.swiftmodule /Applications/Xcode.app/Contents/Developer/Toolchains/XcodeDefault.xctoolchain/usr/lib/swift/iphonesimulator/prebuilt-modules/26.5/Foundation.swiftmodule/x86_64-apple-ios-simulator.swiftmodule /Applications/Xcode.app/Contents/Developer/Toolchains/XcodeDefault.xctoolchain/usr/lib/swift/iphonesimulator/prebuilt-modules/26.5/_StringProcessing.swiftmodule/x86_64-apple-ios-simulator.swiftmodule /Applications/Xcode.app/Contents/Developer/Toolchains/XcodeDefault.xctoolchain/usr/lib/swift/iphonesimulator/prebuilt-modules/26.5/ObjectiveC.swiftmodule/x86_64-apple-ios-simulator.swiftmodule /Applications/Xcode.app/Contents/Developer/Toolchains/XcodeDefault.xctoolchain/usr/lib/swift/iphonesimulator/prebuilt-modules/26.5/CoreFoundation.swiftmodule/x86_64-apple-ios-simulator.swiftmodule /Applications/Xcode.app/Contents/Developer/Toolchains/XcodeDefault.xctoolchain/usr/lib/swift/iphonesimulator/prebuilt-modules/26.5/_DarwinFoundation3.swiftmodule/x86_64-apple-ios-simulator.swiftmodule /Applications/Xcode.app/Contents/Developer/Toolchains/XcodeDefault.xctoolchain/usr/lib/swift/iphonesimulator/prebuilt-modules/26.5/Swift.swiftmodule/x86_64-apple-ios-simulator.swiftmodule /Applications/Xcode.app/Contents/Developer/Toolchains/XcodeDefault.xctoolchain/usr/lib/swift/iphonesimulator/prebuilt-modules/26.5/_Builtin_float.swiftmodule/x86_64-apple-ios-simulator.swiftmodule /Applications/Xcode.app/Contents/Developer/Toolchains/XcodeDefault.xctoolchain/usr/lib/swift/iphonesimulator/prebuilt-modules/26.5/XPC.swiftmodule/x86_64-apple-ios-simulator.swiftmodule /Applications/Xcode.app/Contents/Developer/Toolchains/XcodeDefault.xctoolchain/usr/lib/swift/iphonesimulator/prebuilt-modules/26.5/Darwin.swiftmodule/x86_64-apple-ios-simulator.swiftmodule /Applications/Xcode.app/Contents/Developer/Toolchains/XcodeDefault.xctoolchain/usr/lib/swift/iphonesimulator/prebuilt-modules/26.5/_DarwinFoundation1.swiftmodule/x86_64-apple-ios-simulator.swiftmodule /Applications/Xcode.app/Contents/Developer/Toolchains/XcodeDefault.xctoolchain/usr/lib/swift/iphonesimulator/prebuilt-modules/26.5/_Concurrency.swiftmodule/x86_64-apple-ios-simulator.swiftmodule /tmp/picpac-phase3-layout-final-build-e6c0c65c9c5a-20260925T105458Z/iphonesimulator/ModuleCache.noindex/_SwiftConcurrencyShims-7P6SFLASKXFOVZS5YZHYBDAS5.pcm /tmp/picpac-phase3-layout-final-build-e6c0c65c9c5a-20260925T105458Z/iphonesimulator/ModuleCache.noindex/_DarwinFoundation3-5OMKYUXP3E4JNU26TSQI1C4WA.pcm /tmp/picpac-phase3-layout-final-build-e6c0c65c9c5a-20260925T105458Z/iphonesimulator/ModuleCache.noindex/CFNetwork-DDH8WFQJ8NBBLKYCV4ZN87XL9.pcm /tmp/picpac-phase3-layout-final-build-e6c0c65c9c5a-20260925T105458Z/iphonesimulator/ModuleCache.noindex/_Builtin_inttypes-7U0BPT1Q0E3HHVNOTBD1T6PC9.pcm /tmp/picpac-phase3-layout-final-build-e6c0c65c9c5a-20260925T105458Z/iphonesimulator/ModuleCache.noindex/_DarwinFoundation1-S6M12TNX1S1TTOOWTSAULWG9.pcm /tmp/picpac-phase3-layout-final-build-e6c0c65c9c5a-20260925T105458Z/iphonesimulator/ModuleCache.noindex/sys_types-AMZWQ7CWQV3X7POCXO4I1U5QR.pcm /tmp/picpac-phase3-layout-final-build-e6c0c65c9c5a-20260925T105458Z/iphonesimulator/ModuleCache.noindex/ptrauth-52GJMUF12O0B84NXWHQ8OZDER.pcm /tmp/picpac-phase3-layout-final-build-e6c0c65c9c5a-20260925T105458Z/iphonesimulator/ModuleCache.noindex/_Builtin_stddef-4Q5IC940SCTRPR49H5HL92AZE.pcm /tmp/picpac-phase3-layout-final-build-e6c0c65c9c5a-20260925T105458Z/iphonesimulator/ModuleCache.noindex/Darwin-3035V3899396Y1ALOGLOJD4E5.pcm /tmp/picpac-phase3-layout-final-build-e6c0c65c9c5a-20260925T105458Z/iphonesimulator/ModuleCache.noindex/Dispatch-8IMIVT1C1GVM0KTSSU06RQHUF.pcm /tmp/picpac-phase3-layout-final-build-e6c0c65c9c5a-20260925T105458Z/iphonesimulator/ModuleCache.noindex/Foundation-59UQRB0T8H3UJ4V6JR8P9YNWV.pcm /tmp/picpac-phase3-layout-final-build-e6c0c65c9c5a-20260925T105458Z/iphonesimulator/ModuleCache.noindex/_Builtin_stdint-AOSPK8TP3LGJZ8WVAYRA795ZB.pcm /tmp/picpac-phase3-layout-final-build-e6c0c65c9c5a-20260925T105458Z/iphonesimulator/ModuleCache.noindex/os_object-BQZC4EOPU2OITV1M7S5N9QCXA.pcm /tmp/picpac-phase3-layout-final-build-e6c0c65c9c5a-20260925T105458Z/iphonesimulator/ModuleCache.noindex/_Builtin_stdbool-8EID5ELAIY4K0BMA72T2XNJ27.pcm /tmp/picpac-phase3-layout-final-build-e6c0c65c9c5a-20260925T105458Z/iphonesimulator/ModuleCache.noindex/_AvailabilityInternal-3REL8XEEH4MF08ZLA4UPHV1JT.pcm /tmp/picpac-phase3-layout-final-build-e6c0c65c9c5a-20260925T105458Z/iphonesimulator/ModuleCache.noindex/_Builtin_stdarg-A7J3L2SW78JTPL1XR8CMVSYCL.pcm /tmp/picpac-phase3-layout-final-build-e6c0c65c9c5a-20260925T105458Z/iphonesimulator/ModuleCache.noindex/ptrcheck-7HZDGHKP6YMN2N9EGTD16KNVR.pcm /tmp/picpac-phase3-layout-final-build-e6c0c65c9c5a-20260925T105458Z/iphonesimulator/ModuleCache.noindex/SwiftShims-5O4RROTG1NBRLY6514IU7CH8U.pcm /tmp/picpac-phase3-layout-final-build-e6c0c65c9c5a-20260925T105458Z/iphonesimulator/ModuleCache.noindex/_Builtin_limits-CVMPAFCZJPKG4WL493F6H4NPY.pcm /tmp/picpac-phase3-layout-final-build-e6c0c65c9c5a-20260925T105458Z/iphonesimulator/ModuleCache.noindex/CoreFoundation-3B351SLQQI4FTDHIDLOW36ZBQ.pcm /tmp/picpac-phase3-layout-final-build-e6c0c65c9c5a-20260925T105458Z/iphonesimulator/ModuleCache.noindex/os_workgroup-20JGOK8XJY46GSFG3ADPGZJM4.pcm /tmp/picpac-phase3-layout-final-build-e6c0c65c9c5a-20260925T105458Z/iphonesimulator/ModuleCache.noindex/XPC-DN2TOKKO55XFVL3R0HNUEQ1MY.pcm /tmp/picpac-phase3-layout-final-build-e6c0c65c9c5a-20260925T105458Z/iphonesimulator/ModuleCache.noindex/Security-1CJPYTB39F2LF3MZ38ERGM6L2.pcm /tmp/picpac-phase3-layout-final-build-e6c0c65c9c5a-20260925T105458Z/iphonesimulator/ModuleCache.noindex/ObjectiveC-E2ZP11FKG2AFC9LT0TKNMWAHD.pcm /tmp/picpac-phase3-layout-final-build-e6c0c65c9c5a-20260925T105458Z/iphonesimulator/ModuleCache.noindex/_DarwinFoundation2-2RPKDW487HRHSUV7PA4PCE562.pcm /tmp/picpac-phase3-layout-final-build-e6c0c65c9c5a-20260925T105458Z/iphonesimulator/ModuleCache.noindex/_Builtin_float-B26MSXISIDRPML8ZSQFZR2P2J.pcm /tmp/picpac-phase3-layout-final-build-e6c0c65c9c5a-20260925T105458Z/iphonesimulator/Build/Intermediates.noindex/PicPacKit.build/Release-iphonesimulator/PicPacCore.build/Objects-normal/x86_64/PicPacCore-dependencies-1.json (in target 'PicPacCore' from project 'PicPacKit')
CompileSwift normal x86_64 (in target 'PicPacCore' from project 'PicPacKit')
    cd /Users/bavabangaru/Developer/pic-pac-poe-ios-native-parity/ios/PicPacPoe.xcodeproj
    

SwiftCompile normal arm64 Compiling\ AiObservation.swift,\ Model.swift,\ Randomness.swift,\ Rules.swift,\ State.swift /Users/bavabangaru/Developer/pic-pac-poe-ios-native-parity/ios/Packages/PicPacKit/Sources/PicPacCore/AiObservation.swift /Users/bavabangaru/Developer/pic-pac-poe-ios-native-parity/ios/Packages/PicPacKit/Sources/PicPacCore/Model.swift /Users/bavabangaru/Developer/pic-pac-poe-ios-native-parity/ios/Packages/PicPacKit/Sources/PicPacCore/Randomness.swift /Users/bavabangaru/Developer/pic-pac-poe-ios-native-parity/ios/Packages/PicPacKit/Sources/PicPacCore/Rules.swift /Users/bavabangaru/Developer/pic-pac-poe-ios-native-parity/ios/Packages/PicPacKit/Sources/PicPacCore/State.swift /Applications/Xcode.app/Contents/Developer/Toolchains/XcodeDefault.xctoolchain/usr/lib/swift/iphonesimulator/prebuilt-modules/26.5/ObjectiveC.swiftmodule/arm64-apple-ios-simulator.swiftmodule /Applications/Xcode.app/Contents/Developer/Toolchains/XcodeDefault.xctoolchain/usr/lib/swift/iphonesimulator/prebuilt-modules/26.5/CoreFoundation.swiftmodule/arm64-apple-ios-simulator.swiftmodule /Applications/Xcode.app/Contents/Developer/Toolchains/XcodeDefault.xctoolchain/usr/lib/swift/iphonesimulator/prebuilt-modules/26.5/XPC.swiftmodule/arm64-apple-ios-simulator.swiftmodule /Applications/Xcode.app/Contents/Developer/Toolchains/XcodeDefault.xctoolchain/usr/lib/swift/iphonesimulator/prebuilt-modules/26.5/System.swiftmodule/arm64-apple-ios-simulator.swiftmodule /Applications/Xcode.app/Contents/Developer/Toolchains/XcodeDefault.xctoolchain/usr/lib/swift/iphonesimulator/prebuilt-modules/26.5/Foundation.swiftmodule/arm64-apple-ios-simulator.swiftmodule /Applications/Xcode.app/Contents/Developer/Toolchains/XcodeDefault.xctoolchain/usr/lib/swift/iphonesimulator/prebuilt-modules/26.5/Swift.swiftmodule/arm64-apple-ios-simulator.swiftmodule /Applications/Xcode.app/Contents/Developer/Toolchains/XcodeDefault.xctoolchain/usr/lib/swift/iphonesimulator/prebuilt-modules/26.5/_DarwinFoundation1.swiftmodule/arm64-apple-ios-simulator.swiftmodule /Applications/Xcode.app/Contents/Developer/Toolchains/XcodeDefault.xctoolchain/usr/lib/swift/iphonesimulator/prebuilt-modules/26.5/Combine.swiftmodule/arm64-apple-ios-simulator.swiftmodule /Applications/Xcode.app/Contents/Developer/Toolchains/XcodeDefault.xctoolchain/usr/lib/swift/iphonesimulator/prebuilt-modules/26.5/_DarwinFoundation2.swiftmodule/arm64-apple-ios-simulator.swiftmodule /Applications/Xcode.app/Contents/Developer/Toolchains/XcodeDefault.xctoolchain/usr/lib/swift/iphonesimulator/prebuilt-modules/26.5/Observation.swiftmodule/arm64-apple-ios-simulator.swiftmodule /Applications/Xcode.app/Contents/Developer/Toolchains/XcodeDefault.xctoolchain/usr/lib/swift/iphonesimulator/prebuilt-modules/26.5/Dispatch.swiftmodule/arm64-apple-ios-simulator.swiftmodule /Applications/Xcode.app/Contents/Developer/Toolchains/XcodeDefault.xctoolchain/usr/lib/swift/iphonesimulator/prebuilt-modules/26.5/_Concurrency.swiftmodule/arm64-apple-ios-simulator.swiftmodule /Applications/Xcode.app/Contents/Developer/Toolchains/XcodeDefault.xctoolchain/usr/lib/swift/iphonesimulator/prebuilt-modules/26.5/_Builtin_float.swiftmodule/arm64-apple-ios-simulator.swiftmodule /Applications/Xcode.app/Contents/Developer/Toolchains/XcodeDefault.xctoolchain/usr/lib/swift/iphonesimulator/prebuilt-modules/26.5/_DarwinFoundation3.swiftmodule/arm64-apple-ios-simulator.swiftmodule /Applications/Xcode.app/Contents/Developer/Toolchains/XcodeDefault.xctoolchain/usr/lib/swift/iphonesimulator/prebuilt-modules/26.5/Darwin.swiftmodule/arm64-apple-ios-simulator.swiftmodule /Applications/Xcode.app/Contents/Developer/Toolchains/XcodeDefault.xctoolchain/usr/lib/swift/iphonesimulator/prebuilt-modules/26.5/_StringProcessing.swiftmodule/arm64-apple-ios-simulator.swiftmodule /tmp/picpac-phase3-layout-final-build-e6c0c65c9c5a-20260925T105458Z/iphonesimulator/ModuleCache.noindex/_Builtin_float-88CCSOU67JQLD79598PSEC1NT.pcm /tmp/picpac-phase3-layout-final-build-e6c0c65c9c5a-20260925T105458Z/iphonesimulator/ModuleCache.noindex/_Builtin_stdarg-68VUUDICIV8P5X0POXTHR1SRG.pcm /tmp/picpac-phase3-layout-final-build-e6c0c65c9c5a-20260925T105458Z/iphonesimulator/ModuleCache.noindex/Dispatch-2OLRNJ3IUMRIOEZPWJWI66LNT.pcm /tmp/picpac-phase3-layout-final-build-e6c0c65c9c5a-20260925T105458Z/iphonesimulator/ModuleCache.noindex/_Builtin_stddef-7SDV2W6DE5OY3QX2LW81YYM38.pcm /tmp/picpac-phase3-layout-final-build-e6c0c65c9c5a-20260925T105458Z/iphonesimulator/ModuleCache.noindex/_DarwinFoundation2-CL3WN7B3ZV3YI2CJAYAXNHFE0.pcm /tmp/picpac-phase3-layout-final-build-e6c0c65c9c5a-20260925T105458Z/iphonesimulator/ModuleCache.noindex/_AvailabilityInternal-EZK4KF5TS5JGY3V44X7IA9AQS.pcm /tmp/picpac-phase3-layout-final-build-e6c0c65c9c5a-20260925T105458Z/iphonesimulator/ModuleCache.noindex/ptrauth-9BD0XD0377SL04ZOJ0M3ZSGTE.pcm /tmp/picpac-phase3-layout-final-build-e6c0c65c9c5a-20260925T105458Z/iphonesimulator/ModuleCache.noindex/_DarwinFoundation3-DDS4KTDM9GI9X79W7TL89B1YO.pcm /tmp/picpac-phase3-layout-final-build-e6c0c65c9c5a-20260925T105458Z/iphonesimulator/ModuleCache.noindex/XPC-ETETWXUXDM6X56J7F05069WVA.pcm /tmp/picpac-phase3-layout-final-build-e6c0c65c9c5a-20260925T105458Z/iphonesimulator/ModuleCache.noindex/SwiftShims-DQXD5UXGWZLZQ741SNTAIO2EU.pcm /tmp/picpac-phase3-layout-final-build-e6c0c65c9c5a-20260925T105458Z/iphonesimulator/ModuleCache.noindex/_SwiftConcurrencyShims-4EYUYX126IDSMIGASJU5HJ32.pcm /tmp/picpac-phase3-layout-final-build-e6c0c65c9c5a-20260925T105458Z/iphonesimulator/ModuleCache.noindex/Foundation-6MR7ILLG7JUJSTVYI8C4U9F93.pcm /tmp/picpac-phase3-layout-final-build-e6c0c65c9c5a-20260925T105458Z/iphonesimulator/ModuleCache.noindex/Darwin-4XAUH0NB7H9VQ2BOY6P6Q0VYU.pcm /tmp/picpac-phase3-layout-final-build-e6c0c65c9c5a-20260925T105458Z/iphonesimulator/ModuleCache.noindex/_DarwinFoundation1-EF4IUCW52QOMQVY2INDB7HWMY.pcm /tmp/picpac-phase3-layout-final-build-e6c0c65c9c5a-20260925T105458Z/iphonesimulator/ModuleCache.noindex/_Builtin_limits-2MB0NG4EA1C2Z93SSXWM4O4AK.pcm /tmp/picpac-phase3-layout-final-build-e6c0c65c9c5a-20260925T105458Z/iphonesimulator/ModuleCache.noindex/_Builtin_stdbool-7K8U7CE1KOFOF1ZPDJMVYCF3S.pcm /tmp/picpac-phase3-layout-final-build-e6c0c65c9c5a-20260925T105458Z/iphonesimulator/ModuleCache.noindex/os_workgroup-EV3R2HWV2FKTRE2HZCG1VGPWW.pcm /tmp/picpac-phase3-layout-final-build-e6c0c65c9c5a-20260925T105458Z/iphonesimulator/ModuleCache.noindex/_Builtin_inttypes-3285X65C3B30ZQKLOELUA2334.pcm /tmp/picpac-phase3-layout-final-build-e6c0c65c9c5a-20260925T105458Z/iphonesimulator/ModuleCache.noindex/ptrcheck-8J4FZ2T9CRRTI0NY6NX7UZ4ZD.pcm /tmp/picpac-phase3-layout-final-build-e6c0c65c9c5a-20260925T105458Z/iphonesimulator/ModuleCache.noindex/ObjectiveC-DRTST01K4O9HW20SFL9PO3ZYD.pcm /tmp/picpac-phase3-layout-final-build-e6c0c65c9c5a-20260925T105458Z/iphonesimulator/ModuleCache.noindex/_Builtin_stdint-1APAOD8O775NKRA9CGKX1VROX.pcm /tmp/picpac-phase3-layout-final-build-e6c0c65c9c5a-20260925T105458Z/iphonesimulator/ModuleCache.noindex/CFNetwork-3YI78MZIDEI93DQ3LZH8US821.pcm /tmp/picpac-phase3-layout-final-build-e6c0c65c9c5a-20260925T105458Z/iphonesimulator/ModuleCache.noindex/os_object-DPYF70W13KK68F43JBKEZ4CBD.pcm /tmp/picpac-phase3-layout-final-build-e6c0c65c9c5a-20260925T105458Z/iphonesimulator/ModuleCache.noindex/sys_types-CCP3XTHEVG2CVRMPLPVEEUI64.pcm /tmp/picpac-phase3-layout-final-build-e6c0c65c9c5a-20260925T105458Z/iphonesimulator/ModuleCache.noindex/Security-19VAHS5ACKMWV8L9ROC34TIRL.pcm /tmp/picpac-phase3-layout-final-build-e6c0c65c9c5a-20260925T105458Z/iphonesimulator/ModuleCache.noindex/CoreFoundation-EEHJHHS5DJGCOAU4WZ7RJ597I.pcm /tmp/picpac-phase3-layout-final-build-e6c0c65c9c5a-20260925T105458Z/iphonesimulator/Build/Intermediates.noindex/PicPacKit.build/Release-iphonesimulator/PicPacCore.build/Objects-normal/arm64/PicPacCore-dependencies-2.json (in target 'PicPacCore' from project 'PicPacKit')
CompileSwift normal arm64 (in target 'PicPacCore' from project 'PicPacKit')
    cd /Users/bavabangaru/Developer/pic-pac-poe-ios-native-parity/ios/PicPacPoe.xcodeproj
    

SwiftDriverJobDiscovery normal x86_64 Compiling AiObservation.swift, Model.swift, Randomness.swift, Rules.swift, State.swift (in target 'PicPacCore' from project 'PicPacKit')

SwiftDriver\ Compilation\ Requirements PicPacCore normal x86_64 com.apple.xcode.tools.swift.compiler (in target 'PicPacCore' from project 'PicPacKit')
    cd /Users/bavabangaru/Developer/pic-pac-poe-ios-native-parity/ios/PicPacPoe.xcodeproj
    builtin-Swift-Compilation-Requirements -- /Applications/Xcode.app/Contents/Developer/Toolchains/XcodeDefault.xctoolchain/usr/bin/swiftc -module-name PicPacCore -O -whole-module-optimization @/tmp/picpac-phase3-layout-final-build-e6c0c65c9c5a-20260925T105458Z/iphonesimulator/Build/Intermediates.noindex/PicPacKit.build/Release-iphonesimulator/PicPacCore.build/Objects-normal/x86_64/PicPacCore.SwiftFileList -DSWIFT_PACKAGE -DSWIFT_MODULE_RESOURCE_BUNDLE_UNAVAILABLE -DXcode -plugin-path /Applications/Xcode.app/Contents/Developer/Toolchains/XcodeDefault.xctoolchain/usr/lib/swift/host/plugins/testing -enable-experimental-feature DebugDescriptionMacro -sdk /Applications/Xcode.app/Contents/Developer/Platforms/iPhoneSimulator.platform/Developer/SDKs/iPhoneSimulator26.5.sdk -target x86_64-apple-ios17.0-simulator -g -module-cache-path /tmp/picpac-phase3-layout-final-build-e6c0c65c9c5a-20260925T105458Z/iphonesimulator/ModuleCache.noindex -Xfrontend -serialize-debugging-options -suppress-warnings -swift-version 6 -I /tmp/picpac-phase3-layout-final-build-e6c0c65c9c5a-20260925T105458Z/iphonesimulator/Build/Products/Release-iphonesimulator -Isystem /Applications/Xcode.app/Contents/Developer/Platforms/iPhoneSimulator.platform/Developer/usr/lib -F /tmp/picpac-phase3-layout-final-build-e6c0c65c9c5a-20260925T105458Z/iphonesimulator/Build/Products/Release-iphonesimulator -F /Applications/Xcode.app/Contents/Developer/Platforms/iPhoneSimulator.platform/Developer/Library/Frameworks -F /Applications/Xcode.app/Contents/Developer/Platforms/iPhoneSimulator.platform/Developer/SDKs/iPhoneSimulator26.5.sdk/Developer/Library/Frameworks -c -num-threads 12 -Xcc -ivfsstatcache -Xcc /tmp/picpac-phase3-layout-final-build-e6c0c65c9c5a-20260925T105458Z/iphonesimulator/SDKStatCaches.noindex/iphonesimulator26.5-23F81a-6cfe768891a92b912361537c460fe42b.sdkstatcache -output-file-map /tmp/picpac-phase3-layout-final-build-e6c0c65c9c5a-20260925T105458Z/iphonesimulator/Build/Intermediates.noindex/PicPacKit.build/Release-iphonesimulator/PicPacCore.build/Objects-normal/x86_64/PicPacCore-OutputFileMap.json -use-frontend-parseable-output -save-temps -no-color-diagnostics -explicit-module-build -module-cache-path /tmp/picpac-phase3-layout-final-build-e6c0c65c9c5a-20260925T105458Z/iphonesimulator/Build/Intermediates.noindex/SwiftExplicitPrecompiledModules -clang-scanner-module-cache-path /tmp/picpac-phase3-layout-final-build-e6c0c65c9c5a-20260925T105458Z/iphonesimulator/ModuleCache.noindex -sdk-module-cache-path /tmp/picpac-phase3-layout-final-build-e6c0c65c9c5a-20260925T105458Z/iphonesimulator/ModuleCache.noindex -serialize-diagnostics -emit-dependencies -emit-module -emit-module-path /tmp/picpac-phase3-layout-final-build-e6c0c65c9c5a-20260925T105458Z/iphonesimulator/Build/Intermediates.noindex/PicPacKit.build/Release-iphonesimulator/PicPacCore.build/Objects-normal/x86_64/PicPacCore.swiftmodule -validate-clang-modules-once -clang-build-session-file /tmp/picpac-phase3-layout-final-build-e6c0c65c9c5a-20260925T105458Z/iphonesimulator/ModuleCache.noindex/Session.modulevalidation -package-name picpackit -Xcc -I/tmp/picpac-phase3-layout-final-build-e6c0c65c9c5a-20260925T105458Z/iphonesimulator/Build/Intermediates.noindex/PicPacKit.build/Release-iphonesimulator/PicPacCore.build/swift-overrides.hmap -emit-const-values -Xfrontend -const-gather-protocols-file -Xfrontend /tmp/picpac-phase3-layout-final-build-e6c0c65c9c5a-20260925T105458Z/iphonesimulator/Build/Intermediates.noindex/PicPacKit.build/Release-iphonesimulator/PicPacCore.build/Objects-normal/x86_64/PicPacCore_const_extract_protocols.json -Xcc -I/tmp/picpac-phase3-layout-final-build-e6c0c65c9c5a-20260925T105458Z/iphonesimulator/Build/Products/Release-iphonesimulator/include -Xcc -I/tmp/picpac-phase3-layout-final-build-e6c0c65c9c5a-20260925T105458Z/iphonesimulator/Build/Intermediates.noindex/PicPacKit.build/Release-iphonesimulator/PicPacCore.build/DerivedSources-normal/x86_64 -Xcc -I/tmp/picpac-phase3-layout-final-build-e6c0c65c9c5a-20260925T105458Z/iphonesimulator/Build/Intermediates.noindex/PicPacKit.build/Release-iphonesimulator/PicPacCore.build/DerivedSources/x86_64 -Xcc -I/tmp/picpac-phase3-layout-final-build-e6c0c65c9c5a-20260925T105458Z/iphonesimulator/Build/Intermediates.noindex/PicPacKit.build/Release-iphonesimulator/PicPacCore.build/DerivedSources -Xcc -DSWIFT_PACKAGE -emit-objc-header -emit-objc-header-path /tmp/picpac-phase3-layout-final-build-e6c0c65c9c5a-20260925T105458Z/iphonesimulator/Build/Intermediates.noindex/PicPacKit.build/Release-iphonesimulator/PicPacCore.build/Objects-normal/x86_64/PicPacCore-Swift.h -working-directory /Users/bavabangaru/Developer/pic-pac-poe-ios-native-parity/ios/PicPacPoe.xcodeproj -no-emit-module-separately-wmo

Copy /tmp/picpac-phase3-layout-final-build-e6c0c65c9c5a-20260925T105458Z/iphonesimulator/Build/Products/Release-iphonesimulator/PicPacCore.swiftmodule/x86_64-apple-ios-simulator.abi.json /tmp/picpac-phase3-layout-final-build-e6c0c65c9c5a-20260925T105458Z/iphonesimulator/Build/Intermediates.noindex/PicPacKit.build/Release-iphonesimulator/PicPacCore.build/Objects-normal/x86_64/PicPacCore.abi.json (in target 'PicPacCore' from project 'PicPacKit')
    cd /Users/bavabangaru/Developer/pic-pac-poe-ios-native-parity/ios/Packages/PicPacKit
    builtin-copy -exclude .DS_Store -exclude CVS -exclude .svn -exclude .git -exclude .hg -strip-unsigned-binaries -strip-deterministic -strip-tool /Applications/Xcode.app/Contents/Developer/Toolchains/XcodeDefault.xctoolchain/usr/bin/strip -resolve-src-symlinks -rename /tmp/picpac-phase3-layout-final-build-e6c0c65c9c5a-20260925T105458Z/iphonesimulator/Build/Intermediates.noindex/PicPacKit.build/Release-iphonesimulator/PicPacCore.build/Objects-normal/x86_64/PicPacCore.abi.json /tmp/picpac-phase3-layout-final-build-e6c0c65c9c5a-20260925T105458Z/iphonesimulator/Build/Products/Release-iphonesimulator/PicPacCore.swiftmodule/x86_64-apple-ios-simulator.abi.json

Copy /tmp/picpac-phase3-layout-final-build-e6c0c65c9c5a-20260925T105458Z/iphonesimulator/Build/Products/Release-iphonesimulator/PicPacCore.swiftmodule/x86_64-apple-ios-simulator.swiftmodule /tmp/picpac-phase3-layout-final-build-e6c0c65c9c5a-20260925T105458Z/iphonesimulator/Build/Intermediates.noindex/PicPacKit.build/Release-iphonesimulator/PicPacCore.build/Objects-normal/x86_64/PicPacCore.swiftmodule (in target 'PicPacCore' from project 'PicPacKit')
    cd /Users/bavabangaru/Developer/pic-pac-poe-ios-native-parity/ios/Packages/PicPacKit
    builtin-copy -exclude .DS_Store -exclude CVS -exclude .svn -exclude .git -exclude .hg -strip-unsigned-binaries -strip-deterministic -strip-tool /Applications/Xcode.app/Contents/Developer/Toolchains/XcodeDefault.xctoolchain/usr/bin/strip -resolve-src-symlinks -rename /tmp/picpac-phase3-layout-final-build-e6c0c65c9c5a-20260925T105458Z/iphonesimulator/Build/Intermediates.noindex/PicPacKit.build/Release-iphonesimulator/PicPacCore.build/Objects-normal/x86_64/PicPacCore.swiftmodule /tmp/picpac-phase3-layout-final-build-e6c0c65c9c5a-20260925T105458Z/iphonesimulator/Build/Products/Release-iphonesimulator/PicPacCore.swiftmodule/x86_64-apple-ios-simulator.swiftmodule

Copy /tmp/picpac-phase3-layout-final-build-e6c0c65c9c5a-20260925T105458Z/iphonesimulator/Build/Products/Release-iphonesimulator/PicPacCore.swiftmodule/x86_64-apple-ios-simulator.swiftdoc /tmp/picpac-phase3-layout-final-build-e6c0c65c9c5a-20260925T105458Z/iphonesimulator/Build/Intermediates.noindex/PicPacKit.build/Release-iphonesimulator/PicPacCore.build/Objects-normal/x86_64/PicPacCore.swiftdoc (in target 'PicPacCore' from project 'PicPacKit')
    cd /Users/bavabangaru/Developer/pic-pac-poe-ios-native-parity/ios/Packages/PicPacKit
    builtin-copy -exclude .DS_Store -exclude CVS -exclude .svn -exclude .git -exclude .hg -strip-unsigned-binaries -strip-deterministic -strip-tool /Applications/Xcode.app/Contents/Developer/Toolchains/XcodeDefault.xctoolchain/usr/bin/strip -resolve-src-symlinks -rename /tmp/picpac-phase3-layout-final-build-e6c0c65c9c5a-20260925T105458Z/iphonesimulator/Build/Intermediates.noindex/PicPacKit.build/Release-iphonesimulator/PicPacCore.build/Objects-normal/x86_64/PicPacCore.swiftdoc /tmp/picpac-phase3-layout-final-build-e6c0c65c9c5a-20260925T105458Z/iphonesimulator/Build/Products/Release-iphonesimulator/PicPacCore.swiftmodule/x86_64-apple-ios-simulator.swiftdoc

Copy /tmp/picpac-phase3-layout-final-build-e6c0c65c9c5a-20260925T105458Z/iphonesimulator/Build/Products/Release-iphonesimulator/PicPacCore.swiftmodule/Project/x86_64-apple-ios-simulator.swiftsourceinfo /tmp/picpac-phase3-layout-final-build-e6c0c65c9c5a-20260925T105458Z/iphonesimulator/Build/Intermediates.noindex/PicPacKit.build/Release-iphonesimulator/PicPacCore.build/Objects-normal/x86_64/PicPacCore.swiftsourceinfo (in target 'PicPacCore' from project 'PicPacKit')
    cd /Users/bavabangaru/Developer/pic-pac-poe-ios-native-parity/ios/Packages/PicPacKit
    builtin-copy -exclude .DS_Store -exclude CVS -exclude .svn -exclude .git -exclude .hg -strip-unsigned-binaries -strip-deterministic -strip-tool /Applications/Xcode.app/Contents/Developer/Toolchains/XcodeDefault.xctoolchain/usr/bin/strip -resolve-src-symlinks -rename /tmp/picpac-phase3-layout-final-build-e6c0c65c9c5a-20260925T105458Z/iphonesimulator/Build/Intermediates.noindex/PicPacKit.build/Release-iphonesimulator/PicPacCore.build/Objects-normal/x86_64/PicPacCore.swiftsourceinfo /tmp/picpac-phase3-layout-final-build-e6c0c65c9c5a-20260925T105458Z/iphonesimulator/Build/Products/Release-iphonesimulator/PicPacCore.swiftmodule/Project/x86_64-apple-ios-simulator.swiftsourceinfo

SwiftDriverJobDiscovery normal arm64 Compiling AiObservation.swift, Model.swift, Randomness.swift, Rules.swift, State.swift (in target 'PicPacCore' from project 'PicPacKit')

SwiftDriver\ Compilation\ Requirements PicPacCore normal arm64 com.apple.xcode.tools.swift.compiler (in target 'PicPacCore' from project 'PicPacKit')
    cd /Users/bavabangaru/Developer/pic-pac-poe-ios-native-parity/ios/PicPacPoe.xcodeproj
    builtin-Swift-Compilation-Requirements -- /Applications/Xcode.app/Contents/Developer/Toolchains/XcodeDefault.xctoolchain/usr/bin/swiftc -module-name PicPacCore -O -whole-module-optimization @/tmp/picpac-phase3-layout-final-build-e6c0c65c9c5a-20260925T105458Z/iphonesimulator/Build/Intermediates.noindex/PicPacKit.build/Release-iphonesimulator/PicPacCore.build/Objects-normal/arm64/PicPacCore.SwiftFileList -DSWIFT_PACKAGE -DSWIFT_MODULE_RESOURCE_BUNDLE_UNAVAILABLE -DXcode -plugin-path /Applications/Xcode.app/Contents/Developer/Toolchains/XcodeDefault.xctoolchain/usr/lib/swift/host/plugins/testing -enable-experimental-feature DebugDescriptionMacro -sdk /Applications/Xcode.app/Contents/Developer/Platforms/iPhoneSimulator.platform/Developer/SDKs/iPhoneSimulator26.5.sdk -target arm64-apple-ios17.0-simulator -g -module-cache-path /tmp/picpac-phase3-layout-final-build-e6c0c65c9c5a-20260925T105458Z/iphonesimulator/ModuleCache.noindex -Xfrontend -serialize-debugging-options -suppress-warnings -swift-version 6 -I /tmp/picpac-phase3-layout-final-build-e6c0c65c9c5a-20260925T105458Z/iphonesimulator/Build/Products/Release-iphonesimulator -Isystem /Applications/Xcode.app/Contents/Developer/Platforms/iPhoneSimulator.platform/Developer/usr/lib -F /tmp/picpac-phase3-layout-final-build-e6c0c65c9c5a-20260925T105458Z/iphonesimulator/Build/Products/Release-iphonesimulator -F /Applications/Xcode.app/Contents/Developer/Platforms/iPhoneSimulator.platform/Developer/Library/Frameworks -F /Applications/Xcode.app/Contents/Developer/Platforms/iPhoneSimulator.platform/Developer/SDKs/iPhoneSimulator26.5.sdk/Developer/Library/Frameworks -c -num-threads 12 -Xcc -ivfsstatcache -Xcc /tmp/picpac-phase3-layout-final-build-e6c0c65c9c5a-20260925T105458Z/iphonesimulator/SDKStatCaches.noindex/iphonesimulator26.5-23F81a-6cfe768891a92b912361537c460fe42b.sdkstatcache -output-file-map /tmp/picpac-phase3-layout-final-build-e6c0c65c9c5a-20260925T105458Z/iphonesimulator/Build/Intermediates.noindex/PicPacKit.build/Release-iphonesimulator/PicPacCore.build/Objects-normal/arm64/PicPacCore-OutputFileMap.json -use-frontend-parseable-output -save-temps -no-color-diagnostics -explicit-module-build -module-cache-path /tmp/picpac-phase3-layout-final-build-e6c0c65c9c5a-20260925T105458Z/iphonesimulator/Build/Intermediates.noindex/SwiftExplicitPrecompiledModules -clang-scanner-module-cache-path /tmp/picpac-phase3-layout-final-build-e6c0c65c9c5a-20260925T105458Z/iphonesimulator/ModuleCache.noindex -sdk-module-cache-path /tmp/picpac-phase3-layout-final-build-e6c0c65c9c5a-20260925T105458Z/iphonesimulator/ModuleCache.noindex -serialize-diagnostics -emit-dependencies -emit-module -emit-module-path /tmp/picpac-phase3-layout-final-build-e6c0c65c9c5a-20260925T105458Z/iphonesimulator/Build/Intermediates.noindex/PicPacKit.build/Release-iphonesimulator/PicPacCore.build/Objects-normal/arm64/PicPacCore.swiftmodule -validate-clang-modules-once -clang-build-session-file /tmp/picpac-phase3-layout-final-build-e6c0c65c9c5a-20260925T105458Z/iphonesimulator/ModuleCache.noindex/Session.modulevalidation -package-name picpackit -Xcc -I/tmp/picpac-phase3-layout-final-build-e6c0c65c9c5a-20260925T105458Z/iphonesimulator/Build/Intermediates.noindex/PicPacKit.build/Release-iphonesimulator/PicPacCore.build/swift-overrides.hmap -emit-const-values -Xfrontend -const-gather-protocols-file -Xfrontend /tmp/picpac-phase3-layout-final-build-e6c0c65c9c5a-20260925T105458Z/iphonesimulator/Build/Intermediates.noindex/PicPacKit.build/Release-iphonesimulator/PicPacCore.build/Objects-normal/arm64/PicPacCore_const_extract_protocols.json -Xcc -I/tmp/picpac-phase3-layout-final-build-e6c0c65c9c5a-20260925T105458Z/iphonesimulator/Build/Products/Release-iphonesimulator/include -Xcc -I/tmp/picpac-phase3-layout-final-build-e6c0c65c9c5a-20260925T105458Z/iphonesimulator/Build/Intermediates.noindex/PicPacKit.build/Release-iphonesimulator/PicPacCore.build/DerivedSources-normal/arm64 -Xcc -I/tmp/picpac-phase3-layout-final-build-e6c0c65c9c5a-20260925T105458Z/iphonesimulator/Build/Intermediates.noindex/PicPacKit.build/Release-iphonesimulator/PicPacCore.build/DerivedSources/arm64 -Xcc -I/tmp/picpac-phase3-layout-final-build-e6c0c65c9c5a-20260925T105458Z/iphonesimulator/Build/Intermediates.noindex/PicPacKit.build/Release-iphonesimulator/PicPacCore.build/DerivedSources -Xcc -DSWIFT_PACKAGE -emit-objc-header -emit-objc-header-path /tmp/picpac-phase3-layout-final-build-e6c0c65c9c5a-20260925T105458Z/iphonesimulator/Build/Intermediates.noindex/PicPacKit.build/Release-iphonesimulator/PicPacCore.build/Objects-normal/arm64/PicPacCore-Swift.h -working-directory /Users/bavabangaru/Developer/pic-pac-poe-ios-native-parity/ios/PicPacPoe.xcodeproj -no-emit-module-separately-wmo

SwiftMergeGeneratedHeaders /tmp/picpac-phase3-layout-final-build-e6c0c65c9c5a-20260925T105458Z/iphonesimulator/Build/Intermediates.noindex/GeneratedModuleMaps-iphonesimulator/PicPacCore-Swift.h /tmp/picpac-phase3-layout-final-build-e6c0c65c9c5a-20260925T105458Z/iphonesimulator/Build/Intermediates.noindex/PicPacKit.build/Release-iphonesimulator/PicPacCore.build/Objects-normal/arm64/PicPacCore-Swift.h /tmp/picpac-phase3-layout-final-build-e6c0c65c9c5a-20260925T105458Z/iphonesimulator/Build/Intermediates.noindex/PicPacKit.build/Release-iphonesimulator/PicPacCore.build/Objects-normal/x86_64/PicPacCore-Swift.h (in target 'PicPacCore' from project 'PicPacKit')
    cd /Users/bavabangaru/Developer/pic-pac-poe-ios-native-parity/ios/Packages/PicPacKit
    builtin-swiftHeaderTool -arch arm64 /tmp/picpac-phase3-layout-final-build-e6c0c65c9c5a-20260925T105458Z/iphonesimulator/Build/Intermediates.noindex/PicPacKit.build/Release-iphonesimulator/PicPacCore.build/Objects-normal/arm64/PicPacCore-Swift.h -arch x86_64 /tmp/picpac-phase3-layout-final-build-e6c0c65c9c5a-20260925T105458Z/iphonesimulator/Build/Intermediates.noindex/PicPacKit.build/Release-iphonesimulator/PicPacCore.build/Objects-normal/x86_64/PicPacCore-Swift.h -o /tmp/picpac-phase3-layout-final-build-e6c0c65c9c5a-20260925T105458Z/iphonesimulator/Build/Intermediates.noindex/GeneratedModuleMaps-iphonesimulator/PicPacCore-Swift.h

Copy /tmp/picpac-phase3-layout-final-build-e6c0c65c9c5a-20260925T105458Z/iphonesimulator/Build/Products/Release-iphonesimulator/PicPacCore.swiftmodule/arm64-apple-ios-simulator.swiftdoc /tmp/picpac-phase3-layout-final-build-e6c0c65c9c5a-20260925T105458Z/iphonesimulator/Build/Intermediates.noindex/PicPacKit.build/Release-iphonesimulator/PicPacCore.build/Objects-normal/arm64/PicPacCore.swiftdoc (in target 'PicPacCore' from project 'PicPacKit')
    cd /Users/bavabangaru/Developer/pic-pac-poe-ios-native-parity/ios/Packages/PicPacKit
    builtin-copy -exclude .DS_Store -exclude CVS -exclude .svn -exclude .git -exclude .hg -strip-unsigned-binaries -strip-deterministic -strip-tool /Applications/Xcode.app/Contents/Developer/Toolchains/XcodeDefault.xctoolchain/usr/bin/strip -resolve-src-symlinks -rename /tmp/picpac-phase3-layout-final-build-e6c0c65c9c5a-20260925T105458Z/iphonesimulator/Build/Intermediates.noindex/PicPacKit.build/Release-iphonesimulator/PicPacCore.build/Objects-normal/arm64/PicPacCore.swiftdoc /tmp/picpac-phase3-layout-final-build-e6c0c65c9c5a-20260925T105458Z/iphonesimulator/Build/Products/Release-iphonesimulator/PicPacCore.swiftmodule/arm64-apple-ios-simulator.swiftdoc

Copy /tmp/picpac-phase3-layout-final-build-e6c0c65c9c5a-20260925T105458Z/iphonesimulator/Build/Products/Release-iphonesimulator/PicPacCore.swiftmodule/arm64-apple-ios-simulator.swiftmodule /tmp/picpac-phase3-layout-final-build-e6c0c65c9c5a-20260925T105458Z/iphonesimulator/Build/Intermediates.noindex/PicPacKit.build/Release-iphonesimulator/PicPacCore.build/Objects-normal/arm64/PicPacCore.swiftmodule (in target 'PicPacCore' from project 'PicPacKit')
    cd /Users/bavabangaru/Developer/pic-pac-poe-ios-native-parity/ios/Packages/PicPacKit
    builtin-copy -exclude .DS_Store -exclude CVS -exclude .svn -exclude .git -exclude .hg -strip-unsigned-binaries -strip-deterministic -strip-tool /Applications/Xcode.app/Contents/Developer/Toolchains/XcodeDefault.xctoolchain/usr/bin/strip -resolve-src-symlinks -rename /tmp/picpac-phase3-layout-final-build-e6c0c65c9c5a-20260925T105458Z/iphonesimulator/Build/Intermediates.noindex/PicPacKit.build/Release-iphonesimulator/PicPacCore.build/Objects-normal/arm64/PicPacCore.swiftmodule /tmp/picpac-phase3-layout-final-build-e6c0c65c9c5a-20260925T105458Z/iphonesimulator/Build/Products/Release-iphonesimulator/PicPacCore.swiftmodule/arm64-apple-ios-simulator.swiftmodule

Copy /tmp/picpac-phase3-layout-final-build-e6c0c65c9c5a-20260925T105458Z/iphonesimulator/Build/Products/Release-iphonesimulator/PicPacCore.swiftmodule/Project/arm64-apple-ios-simulator.swiftsourceinfo /tmp/picpac-phase3-layout-final-build-e6c0c65c9c5a-20260925T105458Z/iphonesimulator/Build/Intermediates.noindex/PicPacKit.build/Release-iphonesimulator/PicPacCore.build/Objects-normal/arm64/PicPacCore.swiftsourceinfo (in target 'PicPacCore' from project 'PicPacKit')
    cd /Users/bavabangaru/Developer/pic-pac-poe-ios-native-parity/ios/Packages/PicPacKit
    builtin-copy -exclude .DS_Store -exclude CVS -exclude .svn -exclude .git -exclude .hg -strip-unsigned-binaries -strip-deterministic -strip-tool /Applications/Xcode.app/Contents/Developer/Toolchains/XcodeDefault.xctoolchain/usr/bin/strip -resolve-src-symlinks -rename /tmp/picpac-phase3-layout-final-build-e6c0c65c9c5a-20260925T105458Z/iphonesimulator/Build/Intermediates.noindex/PicPacKit.build/Release-iphonesimulator/PicPacCore.build/Objects-normal/arm64/PicPacCore.swiftsourceinfo /tmp/picpac-phase3-layout-final-build-e6c0c65c9c5a-20260925T105458Z/iphonesimulator/Build/Products/Release-iphonesimulator/PicPacCore.swiftmodule/Project/arm64-apple-ios-simulator.swiftsourceinfo

Copy /tmp/picpac-phase3-layout-final-build-e6c0c65c9c5a-20260925T105458Z/iphonesimulator/Build/Products/Release-iphonesimulator/PicPacCore.swiftmodule/arm64-apple-ios-simulator.abi.json /tmp/picpac-phase3-layout-final-build-e6c0c65c9c5a-20260925T105458Z/iphonesimulator/Build/Intermediates.noindex/PicPacKit.build/Release-iphonesimulator/PicPacCore.build/Objects-normal/arm64/PicPacCore.abi.json (in target 'PicPacCore' from project 'PicPacKit')
    cd /Users/bavabangaru/Developer/pic-pac-poe-ios-native-parity/ios/Packages/PicPacKit
    builtin-copy -exclude .DS_Store -exclude CVS -exclude .svn -exclude .git -exclude .hg -strip-unsigned-binaries -strip-deterministic -strip-tool /Applications/Xcode.app/Contents/Developer/Toolchains/XcodeDefault.xctoolchain/usr/bin/strip -resolve-src-symlinks -rename /tmp/picpac-phase3-layout-final-build-e6c0c65c9c5a-20260925T105458Z/iphonesimulator/Build/Intermediates.noindex/PicPacKit.build/Release-iphonesimulator/PicPacCore.build/Objects-normal/arm64/PicPacCore.abi.json /tmp/picpac-phase3-layout-final-build-e6c0c65c9c5a-20260925T105458Z/iphonesimulator/Build/Products/Release-iphonesimulator/PicPacCore.swiftmodule/arm64-apple-ios-simulator.abi.json

Ld /tmp/picpac-phase3-layout-final-build-e6c0c65c9c5a-20260925T105458Z/iphonesimulator/Build/Intermediates.noindex/PicPacKit.build/Release-iphonesimulator/PicPacCore.build/Objects-normal/arm64/Binary/PicPacCore.o normal arm64 (in target 'PicPacCore' from project 'PicPacKit')
    cd /Users/bavabangaru/Developer/pic-pac-poe-ios-native-parity/ios/Packages/PicPacKit
    /Applications/Xcode.app/Contents/Developer/Toolchains/XcodeDefault.xctoolchain/usr/bin/clang -Xlinker -reproducible -target arm64-apple-ios17.0-simulator -r -isysroot /Applications/Xcode.app/Contents/Developer/Platforms/iPhoneSimulator.platform/Developer/SDKs/iPhoneSimulator26.5.sdk -Os -w -F/tmp/picpac-phase3-layout-final-build-e6c0c65c9c5a-20260925T105458Z/iphonesimulator/Build/Intermediates.noindex/EagerLinkingTBDs/Release-iphonesimulator -F/tmp/picpac-phase3-layout-final-build-e6c0c65c9c5a-20260925T105458Z/iphonesimulator/Build/Products/Release-iphonesimulator -iframework /Applications/Xcode.app/Contents/Developer/Platforms/iPhoneSimulator.platform/Developer/Library/Frameworks -iframework /Applications/Xcode.app/Contents/Developer/Platforms/iPhoneSimulator.platform/Developer/SDKs/iPhoneSimulator26.5.sdk/Developer/Library/Frameworks -filelist /tmp/picpac-phase3-layout-final-build-e6c0c65c9c5a-20260925T105458Z/iphonesimulator/Build/Intermediates.noindex/PicPacKit.build/Release-iphonesimulator/PicPacCore.build/Objects-normal/arm64/PicPacCore.LinkFileList -nostdlib -Xlinker -object_path_lto -Xlinker /tmp/picpac-phase3-layout-final-build-e6c0c65c9c5a-20260925T105458Z/iphonesimulator/Build/Intermediates.noindex/PicPacKit.build/Release-iphonesimulator/PicPacCore.build/Objects-normal/arm64/PicPacCore_lto.o -Xlinker -objc_abi_version -Xlinker 2 -Xlinker -dependency_info -Xlinker /tmp/picpac-phase3-layout-final-build-e6c0c65c9c5a-20260925T105458Z/iphonesimulator/Build/Intermediates.noindex/PicPacKit.build/Release-iphonesimulator/PicPacCore.build/Objects-normal/arm64/PicPacCore_dependency_info.dat -fobjc-link-runtime -L/Applications/Xcode.app/Contents/Developer/Toolchains/XcodeDefault.xctoolchain/usr/lib/swift/iphonesimulator -L/usr/lib/swift -Xlinker -add_ast_path -Xlinker /tmp/picpac-phase3-layout-final-build-e6c0c65c9c5a-20260925T105458Z/iphonesimulator/Build/Intermediates.noindex/PicPacKit.build/Release-iphonesimulator/PicPacCore.build/Objects-normal/arm64/PicPacCore.swiftmodule @/tmp/picpac-phase3-layout-final-build-e6c0c65c9c5a-20260925T105458Z/iphonesimulator/Build/Intermediates.noindex/PicPacKit.build/Release-iphonesimulator/PicPacCore.build/Objects-normal/arm64/PicPacCore-linker-args.resp -o /tmp/picpac-phase3-layout-final-build-e6c0c65c9c5a-20260925T105458Z/iphonesimulator/Build/Intermediates.noindex/PicPacKit.build/Release-iphonesimulator/PicPacCore.build/Objects-normal/arm64/Binary/PicPacCore.o

Ld /tmp/picpac-phase3-layout-final-build-e6c0c65c9c5a-20260925T105458Z/iphonesimulator/Build/Intermediates.noindex/PicPacKit.build/Release-iphonesimulator/PicPacCore.build/Objects-normal/x86_64/Binary/PicPacCore.o normal x86_64 (in target 'PicPacCore' from project 'PicPacKit')
    cd /Users/bavabangaru/Developer/pic-pac-poe-ios-native-parity/ios/Packages/PicPacKit
    /Applications/Xcode.app/Contents/Developer/Toolchains/XcodeDefault.xctoolchain/usr/bin/clang -Xlinker -reproducible -target x86_64-apple-ios17.0-simulator -r -isysroot /Applications/Xcode.app/Contents/Developer/Platforms/iPhoneSimulator.platform/Developer/SDKs/iPhoneSimulator26.5.sdk -Os -w -F/tmp/picpac-phase3-layout-final-build-e6c0c65c9c5a-20260925T105458Z/iphonesimulator/Build/Intermediates.noindex/EagerLinkingTBDs/Release-iphonesimulator -F/tmp/picpac-phase3-layout-final-build-e6c0c65c9c5a-20260925T105458Z/iphonesimulator/Build/Products/Release-iphonesimulator -iframework /Applications/Xcode.app/Contents/Developer/Platforms/iPhoneSimulator.platform/Developer/Library/Frameworks -iframework /Applications/Xcode.app/Contents/Developer/Platforms/iPhoneSimulator.platform/Developer/SDKs/iPhoneSimulator26.5.sdk/Developer/Library/Frameworks -filelist /tmp/picpac-phase3-layout-final-build-e6c0c65c9c5a-20260925T105458Z/iphonesimulator/Build/Intermediates.noindex/PicPacKit.build/Release-iphonesimulator/PicPacCore.build/Objects-normal/x86_64/PicPacCore.LinkFileList -nostdlib -Xlinker -object_path_lto -Xlinker /tmp/picpac-phase3-layout-final-build-e6c0c65c9c5a-20260925T105458Z/iphonesimulator/Build/Intermediates.noindex/PicPacKit.build/Release-iphonesimulator/PicPacCore.build/Objects-normal/x86_64/PicPacCore_lto.o -Xlinker -objc_abi_version -Xlinker 2 -Xlinker -dependency_info -Xlinker /tmp/picpac-phase3-layout-final-build-e6c0c65c9c5a-20260925T105458Z/iphonesimulator/Build/Intermediates.noindex/PicPacKit.build/Release-iphonesimulator/PicPacCore.build/Objects-normal/x86_64/PicPacCore_dependency_info.dat -fobjc-link-runtime -L/Applications/Xcode.app/Contents/Developer/Toolchains/XcodeDefault.xctoolchain/usr/lib/swift/iphonesimulator -L/usr/lib/swift -Xlinker -add_ast_path -Xlinker /tmp/picpac-phase3-layout-final-build-e6c0c65c9c5a-20260925T105458Z/iphonesimulator/Build/Intermediates.noindex/PicPacKit.build/Release-iphonesimulator/PicPacCore.build/Objects-normal/x86_64/PicPacCore.swiftmodule @/tmp/picpac-phase3-layout-final-build-e6c0c65c9c5a-20260925T105458Z/iphonesimulator/Build/Intermediates.noindex/PicPacKit.build/Release-iphonesimulator/PicPacCore.build/Objects-normal/x86_64/PicPacCore-linker-args.resp -o /tmp/picpac-phase3-layout-final-build-e6c0c65c9c5a-20260925T105458Z/iphonesimulator/Build/Intermediates.noindex/PicPacKit.build/Release-iphonesimulator/PicPacCore.build/Objects-normal/x86_64/Binary/PicPacCore.o

SwiftDriver PicPacAI normal arm64 com.apple.xcode.tools.swift.compiler (in target 'PicPacAI' from project 'PicPacKit')
    cd /Users/bavabangaru/Developer/pic-pac-poe-ios-native-parity/ios/PicPacPoe.xcodeproj
    builtin-SwiftDriver -- /Applications/Xcode.app/Contents/Developer/Toolchains/XcodeDefault.xctoolchain/usr/bin/swiftc -module-name PicPacAI -O -whole-module-optimization @/tmp/picpac-phase3-layout-final-build-e6c0c65c9c5a-20260925T105458Z/iphonesimulator/Build/Intermediates.noindex/PicPacKit.build/Release-iphonesimulator/PicPacAI.build/Objects-normal/arm64/PicPacAI.SwiftFileList -DSWIFT_PACKAGE -DSWIFT_MODULE_RESOURCE_BUNDLE_AVAILABLE -DXcode -plugin-path /Applications/Xcode.app/Contents/Developer/Toolchains/XcodeDefault.xctoolchain/usr/lib/swift/host/plugins/testing -enable-experimental-feature DebugDescriptionMacro -sdk /Applications/Xcode.app/Contents/Developer/Platforms/iPhoneSimulator.platform/Developer/SDKs/iPhoneSimulator26.5.sdk -target arm64-apple-ios17.0-simulator -g -module-cache-path /tmp/picpac-phase3-layout-final-build-e6c0c65c9c5a-20260925T105458Z/iphonesimulator/ModuleCache.noindex -Xfrontend -serialize-debugging-options -suppress-warnings -swift-version 6 -I /tmp/picpac-phase3-layout-final-build-e6c0c65c9c5a-20260925T105458Z/iphonesimulator/Build/Products/Release-iphonesimulator -Isystem /Applications/Xcode.app/Contents/Developer/Platforms/iPhoneSimulator.platform/Developer/usr/lib -F /tmp/picpac-phase3-layout-final-build-e6c0c65c9c5a-20260925T105458Z/iphonesimulator/Build/Products/Release-iphonesimulator/PackageFrameworks -F /tmp/picpac-phase3-layout-final-build-e6c0c65c9c5a-20260925T105458Z/iphonesimulator/Build/Products/Release-iphonesimulator -F /Applications/Xcode.app/Contents/Developer/Platforms/iPhoneSimulator.platform/Developer/Library/Frameworks -F /Applications/Xcode.app/Contents/Developer/Platforms/iPhoneSimulator.platform/Developer/SDKs/iPhoneSimulator26.5.sdk/Developer/Library/Frameworks -c -num-threads 12 -Xcc -ivfsstatcache -Xcc /tmp/picpac-phase3-layout-final-build-e6c0c65c9c5a-20260925T105458Z/iphonesimulator/SDKStatCaches.noindex/iphonesimulator26.5-23F81a-6cfe768891a92b912361537c460fe42b.sdkstatcache -output-file-map /tmp/picpac-phase3-layout-final-build-e6c0c65c9c5a-20260925T105458Z/iphonesimulator/Build/Intermediates.noindex/PicPacKit.build/Release-iphonesimulator/PicPacAI.build/Objects-normal/arm64/PicPacAI-OutputFileMap.json -use-frontend-parseable-output -save-temps -no-color-diagnostics -explicit-module-build -module-cache-path /tmp/picpac-phase3-layout-final-build-e6c0c65c9c5a-20260925T105458Z/iphonesimulator/Build/Intermediates.noindex/SwiftExplicitPrecompiledModules -clang-scanner-module-cache-path /tmp/picpac-phase3-layout-final-build-e6c0c65c9c5a-20260925T105458Z/iphonesimulator/ModuleCache.noindex -sdk-module-cache-path /tmp/picpac-phase3-layout-final-build-e6c0c65c9c5a-20260925T105458Z/iphonesimulator/ModuleCache.noindex -serialize-diagnostics -emit-dependencies -emit-module -emit-module-path /tmp/picpac-phase3-layout-final-build-e6c0c65c9c5a-20260925T105458Z/iphonesimulator/Build/Intermediates.noindex/PicPacKit.build/Release-iphonesimulator/PicPacAI.build/Objects-normal/arm64/PicPacAI.swiftmodule -validate-clang-modules-once -clang-build-session-file /tmp/picpac-phase3-layout-final-build-e6c0c65c9c5a-20260925T105458Z/iphonesimulator/ModuleCache.noindex/Session.modulevalidation -package-name picpackit -Xcc -I/tmp/picpac-phase3-layout-final-build-e6c0c65c9c5a-20260925T105458Z/iphonesimulator/Build/Intermediates.noindex/PicPacKit.build/Release-iphonesimulator/PicPacAI.build/swift-overrides.hmap -emit-const-values -Xfrontend -const-gather-protocols-file -Xfrontend /tmp/picpac-phase3-layout-final-build-e6c0c65c9c5a-20260925T105458Z/iphonesimulator/Build/Intermediates.noindex/PicPacKit.build/Release-iphonesimulator/PicPacAI.build/Objects-normal/arm64/PicPacAI_const_extract_protocols.json -Xcc -I/tmp/picpac-phase3-layout-final-build-e6c0c65c9c5a-20260925T105458Z/iphonesimulator/Build/Products/Release-iphonesimulator/include -Xcc -I/tmp/picpac-phase3-layout-final-build-e6c0c65c9c5a-20260925T105458Z/iphonesimulator/Build/Intermediates.noindex/PicPacKit.build/Release-iphonesimulator/PicPacAI.build/DerivedSources-normal/arm64 -Xcc -I/tmp/picpac-phase3-layout-final-build-e6c0c65c9c5a-20260925T105458Z/iphonesimulator/Build/Intermediates.noindex/PicPacKit.build/Release-iphonesimulator/PicPacAI.build/DerivedSources/arm64 -Xcc -I/tmp/picpac-phase3-layout-final-build-e6c0c65c9c5a-20260925T105458Z/iphonesimulator/Build/Intermediates.noindex/PicPacKit.build/Release-iphonesimulator/PicPacAI.build/DerivedSources -Xcc -DSWIFT_PACKAGE -emit-objc-header -emit-objc-header-path /tmp/picpac-phase3-layout-final-build-e6c0c65c9c5a-20260925T105458Z/iphonesimulator/Build/Intermediates.noindex/PicPacKit.build/Release-iphonesimulator/PicPacAI.build/Objects-normal/arm64/PicPacAI-Swift.h -working-directory /Users/bavabangaru/Developer/pic-pac-poe-ios-native-parity/ios/PicPacPoe.xcodeproj -no-emit-module-separately-wmo

SwiftDriver PicPacPresentation normal arm64 com.apple.xcode.tools.swift.compiler (in target 'PicPacPresentation' from project 'PicPacKit')
    cd /Users/bavabangaru/Developer/pic-pac-poe-ios-native-parity/ios/PicPacPoe.xcodeproj
    builtin-SwiftDriver -- /Applications/Xcode.app/Contents/Developer/Toolchains/XcodeDefault.xctoolchain/usr/bin/swiftc -module-name PicPacPresentation -O -whole-module-optimization @/tmp/picpac-phase3-layout-final-build-e6c0c65c9c5a-20260925T105458Z/iphonesimulator/Build/Intermediates.noindex/PicPacKit.build/Release-iphonesimulator/PicPacPresentation.build/Objects-normal/arm64/PicPacPresentation.SwiftFileList -DSWIFT_PACKAGE -DSWIFT_MODULE_RESOURCE_BUNDLE_UNAVAILABLE -DXcode -plugin-path /Applications/Xcode.app/Contents/Developer/Toolchains/XcodeDefault.xctoolchain/usr/lib/swift/host/plugins/testing -enable-experimental-feature DebugDescriptionMacro -sdk /Applications/Xcode.app/Contents/Developer/Platforms/iPhoneSimulator.platform/Developer/SDKs/iPhoneSimulator26.5.sdk -target arm64-apple-ios17.0-simulator -g -module-cache-path /tmp/picpac-phase3-layout-final-build-e6c0c65c9c5a-20260925T105458Z/iphonesimulator/ModuleCache.noindex -Xfrontend -serialize-debugging-options -suppress-warnings -swift-version 6 -I /tmp/picpac-phase3-layout-final-build-e6c0c65c9c5a-20260925T105458Z/iphonesimulator/Build/Products/Release-iphonesimulator -Isystem /Applications/Xcode.app/Contents/Developer/Platforms/iPhoneSimulator.platform/Developer/usr/lib -F /tmp/picpac-phase3-layout-final-build-e6c0c65c9c5a-20260925T105458Z/iphonesimulator/Build/Products/Release-iphonesimulator/PackageFrameworks -F /tmp/picpac-phase3-layout-final-build-e6c0c65c9c5a-20260925T105458Z/iphonesimulator/Build/Products/Release-iphonesimulator -F /Applications/Xcode.app/Contents/Developer/Platforms/iPhoneSimulator.platform/Developer/Library/Frameworks -F /Applications/Xcode.app/Contents/Developer/Platforms/iPhoneSimulator.platform/Developer/SDKs/iPhoneSimulator26.5.sdk/Developer/Library/Frameworks -c -num-threads 12 -Xcc -ivfsstatcache -Xcc /tmp/picpac-phase3-layout-final-build-e6c0c65c9c5a-20260925T105458Z/iphonesimulator/SDKStatCaches.noindex/iphonesimulator26.5-23F81a-6cfe768891a92b912361537c460fe42b.sdkstatcache -output-file-map /tmp/picpac-phase3-layout-final-build-e6c0c65c9c5a-20260925T105458Z/iphonesimulator/Build/Intermediates.noindex/PicPacKit.build/Release-iphonesimulator/PicPacPresentation.build/Objects-normal/arm64/PicPacPresentation-OutputFileMap.json -use-frontend-parseable-output -save-temps -no-color-diagnostics -explicit-module-build -module-cache-path /tmp/picpac-phase3-layout-final-build-e6c0c65c9c5a-20260925T105458Z/iphonesimulator/Build/Intermediates.noindex/SwiftExplicitPrecompiledModules -clang-scanner-module-cache-path /tmp/picpac-phase3-layout-final-build-e6c0c65c9c5a-20260925T105458Z/iphonesimulator/ModuleCache.noindex -sdk-module-cache-path /tmp/picpac-phase3-layout-final-build-e6c0c65c9c5a-20260925T105458Z/iphonesimulator/ModuleCache.noindex -serialize-diagnostics -emit-dependencies -emit-module -emit-module-path /tmp/picpac-phase3-layout-final-build-e6c0c65c9c5a-20260925T105458Z/iphonesimulator/Build/Intermediates.noindex/PicPacKit.build/Release-iphonesimulator/PicPacPresentation.build/Objects-normal/arm64/PicPacPresentation.swiftmodule -validate-clang-modules-once -clang-build-session-file /tmp/picpac-phase3-layout-final-build-e6c0c65c9c5a-20260925T105458Z/iphonesimulator/ModuleCache.noindex/Session.modulevalidation -package-name picpackit -Xcc -I/tmp/picpac-phase3-layout-final-build-e6c0c65c9c5a-20260925T105458Z/iphonesimulator/Build/Intermediates.noindex/PicPacKit.build/Release-iphonesimulator/PicPacPresentation.build/swift-overrides.hmap -emit-const-values -Xfrontend -const-gather-protocols-file -Xfrontend /tmp/picpac-phase3-layout-final-build-e6c0c65c9c5a-20260925T105458Z/iphonesimulator/Build/Intermediates.noindex/PicPacKit.build/Release-iphonesimulator/PicPacPresentation.build/Objects-normal/arm64/PicPacPresentation_const_extract_protocols.json -Xcc -I/tmp/picpac-phase3-layout-final-build-e6c0c65c9c5a-20260925T105458Z/iphonesimulator/Build/Products/Release-iphonesimulator/include -Xcc -I/tmp/picpac-phase3-layout-final-build-e6c0c65c9c5a-20260925T105458Z/iphonesimulator/Build/Intermediates.noindex/PicPacKit.build/Release-iphonesimulator/PicPacPresentation.build/DerivedSources-normal/arm64 -Xcc -I/tmp/picpac-phase3-layout-final-build-e6c0c65c9c5a-20260925T105458Z/iphonesimulator/Build/Intermediates.noindex/PicPacKit.build/Release-iphonesimulator/PicPacPresentation.build/DerivedSources/arm64 -Xcc -I/tmp/picpac-phase3-layout-final-build-e6c0c65c9c5a-20260925T105458Z/iphonesimulator/Build/Intermediates.noindex/PicPacKit.build/Release-iphonesimulator/PicPacPresentation.build/DerivedSources -Xcc -DSWIFT_PACKAGE -emit-objc-header -emit-objc-header-path /tmp/picpac-phase3-layout-final-build-e6c0c65c9c5a-20260925T105458Z/iphonesimulator/Build/Intermediates.noindex/PicPacKit.build/Release-iphonesimulator/PicPacPresentation.build/Objects-normal/arm64/PicPacPresentation-Swift.h -working-directory /Users/bavabangaru/Developer/pic-pac-poe-ios-native-parity/ios/PicPacPoe.xcodeproj -no-emit-module-separately-wmo

SwiftDriver PicPacAI normal x86_64 com.apple.xcode.tools.swift.compiler (in target 'PicPacAI' from project 'PicPacKit')
    cd /Users/bavabangaru/Developer/pic-pac-poe-ios-native-parity/ios/PicPacPoe.xcodeproj
    builtin-SwiftDriver -- /Applications/Xcode.app/Contents/Developer/Toolchains/XcodeDefault.xctoolchain/usr/bin/swiftc -module-name PicPacAI -O -whole-module-optimization @/tmp/picpac-phase3-layout-final-build-e6c0c65c9c5a-20260925T105458Z/iphonesimulator/Build/Intermediates.noindex/PicPacKit.build/Release-iphonesimulator/PicPacAI.build/Objects-normal/x86_64/PicPacAI.SwiftFileList -DSWIFT_PACKAGE -DSWIFT_MODULE_RESOURCE_BUNDLE_AVAILABLE -DXcode -plugin-path /Applications/Xcode.app/Contents/Developer/Toolchains/XcodeDefault.xctoolchain/usr/lib/swift/host/plugins/testing -enable-experimental-feature DebugDescriptionMacro -sdk /Applications/Xcode.app/Contents/Developer/Platforms/iPhoneSimulator.platform/Developer/SDKs/iPhoneSimulator26.5.sdk -target x86_64-apple-ios17.0-simulator -g -module-cache-path /tmp/picpac-phase3-layout-final-build-e6c0c65c9c5a-20260925T105458Z/iphonesimulator/ModuleCache.noindex -Xfrontend -serialize-debugging-options -suppress-warnings -swift-version 6 -I /tmp/picpac-phase3-layout-final-build-e6c0c65c9c5a-20260925T105458Z/iphonesimulator/Build/Products/Release-iphonesimulator -Isystem /Applications/Xcode.app/Contents/Developer/Platforms/iPhoneSimulator.platform/Developer/usr/lib -F /tmp/picpac-phase3-layout-final-build-e6c0c65c9c5a-20260925T105458Z/iphonesimulator/Build/Products/Release-iphonesimulator/PackageFrameworks -F /tmp/picpac-phase3-layout-final-build-e6c0c65c9c5a-20260925T105458Z/iphonesimulator/Build/Products/Release-iphonesimulator -F /Applications/Xcode.app/Contents/Developer/Platforms/iPhoneSimulator.platform/Developer/Library/Frameworks -F /Applications/Xcode.app/Contents/Developer/Platforms/iPhoneSimulator.platform/Developer/SDKs/iPhoneSimulator26.5.sdk/Developer/Library/Frameworks -c -num-threads 12 -Xcc -ivfsstatcache -Xcc /tmp/picpac-phase3-layout-final-build-e6c0c65c9c5a-20260925T105458Z/iphonesimulator/SDKStatCaches.noindex/iphonesimulator26.5-23F81a-6cfe768891a92b912361537c460fe42b.sdkstatcache -output-file-map /tmp/picpac-phase3-layout-final-build-e6c0c65c9c5a-20260925T105458Z/iphonesimulator/Build/Intermediates.noindex/PicPacKit.build/Release-iphonesimulator/PicPacAI.build/Objects-normal/x86_64/PicPacAI-OutputFileMap.json -use-frontend-parseable-output -save-temps -no-color-diagnostics -explicit-module-build -module-cache-path /tmp/picpac-phase3-layout-final-build-e6c0c65c9c5a-20260925T105458Z/iphonesimulator/Build/Intermediates.noindex/SwiftExplicitPrecompiledModules -clang-scanner-module-cache-path /tmp/picpac-phase3-layout-final-build-e6c0c65c9c5a-20260925T105458Z/iphonesimulator/ModuleCache.noindex -sdk-module-cache-path /tmp/picpac-phase3-layout-final-build-e6c0c65c9c5a-20260925T105458Z/iphonesimulator/ModuleCache.noindex -serialize-diagnostics -emit-dependencies -emit-module -emit-module-path /tmp/picpac-phase3-layout-final-build-e6c0c65c9c5a-20260925T105458Z/iphonesimulator/Build/Intermediates.noindex/PicPacKit.build/Release-iphonesimulator/PicPacAI.build/Objects-normal/x86_64/PicPacAI.swiftmodule -validate-clang-modules-once -clang-build-session-file /tmp/picpac-phase3-layout-final-build-e6c0c65c9c5a-20260925T105458Z/iphonesimulator/ModuleCache.noindex/Session.modulevalidation -package-name picpackit -Xcc -I/tmp/picpac-phase3-layout-final-build-e6c0c65c9c5a-20260925T105458Z/iphonesimulator/Build/Intermediates.noindex/PicPacKit.build/Release-iphonesimulator/PicPacAI.build/swift-overrides.hmap -emit-const-values -Xfrontend -const-gather-protocols-file -Xfrontend /tmp/picpac-phase3-layout-final-build-e6c0c65c9c5a-20260925T105458Z/iphonesimulator/Build/Intermediates.noindex/PicPacKit.build/Release-iphonesimulator/PicPacAI.build/Objects-normal/x86_64/PicPacAI_const_extract_protocols.json -Xcc -I/tmp/picpac-phase3-layout-final-build-e6c0c65c9c5a-20260925T105458Z/iphonesimulator/Build/Products/Release-iphonesimulator/include -Xcc -I/tmp/picpac-phase3-layout-final-build-e6c0c65c9c5a-20260925T105458Z/iphonesimulator/Build/Intermediates.noindex/PicPacKit.build/Release-iphonesimulator/PicPacAI.build/DerivedSources-normal/x86_64 -Xcc -I/tmp/picpac-phase3-layout-final-build-e6c0c65c9c5a-20260925T105458Z/iphonesimulator/Build/Intermediates.noindex/PicPacKit.build/Release-iphonesimulator/PicPacAI.build/DerivedSources/x86_64 -Xcc -I/tmp/picpac-phase3-layout-final-build-e6c0c65c9c5a-20260925T105458Z/iphonesimulator/Build/Intermediates.noindex/PicPacKit.build/Release-iphonesimulator/PicPacAI.build/DerivedSources -Xcc -DSWIFT_PACKAGE -emit-objc-header -emit-objc-header-path /tmp/picpac-phase3-layout-final-build-e6c0c65c9c5a-20260925T105458Z/iphonesimulator/Build/Intermediates.noindex/PicPacKit.build/Release-iphonesimulator/PicPacAI.build/Objects-normal/x86_64/PicPacAI-Swift.h -working-directory /Users/bavabangaru/Developer/pic-pac-poe-ios-native-parity/ios/PicPacPoe.xcodeproj -no-emit-module-separately-wmo

SwiftDriver PicPacPresentation normal x86_64 com.apple.xcode.tools.swift.compiler (in target 'PicPacPresentation' from project 'PicPacKit')
    cd /Users/bavabangaru/Developer/pic-pac-poe-ios-native-parity/ios/PicPacPoe.xcodeproj
    builtin-SwiftDriver -- /Applications/Xcode.app/Contents/Developer/Toolchains/XcodeDefault.xctoolchain/usr/bin/swiftc -module-name PicPacPresentation -O -whole-module-optimization @/tmp/picpac-phase3-layout-final-build-e6c0c65c9c5a-20260925T105458Z/iphonesimulator/Build/Intermediates.noindex/PicPacKit.build/Release-iphonesimulator/PicPacPresentation.build/Objects-normal/x86_64/PicPacPresentation.SwiftFileList -DSWIFT_PACKAGE -DSWIFT_MODULE_RESOURCE_BUNDLE_UNAVAILABLE -DXcode -plugin-path /Applications/Xcode.app/Contents/Developer/Toolchains/XcodeDefault.xctoolchain/usr/lib/swift/host/plugins/testing -enable-experimental-feature DebugDescriptionMacro -sdk /Applications/Xcode.app/Contents/Developer/Platforms/iPhoneSimulator.platform/Developer/SDKs/iPhoneSimulator26.5.sdk -target x86_64-apple-ios17.0-simulator -g -module-cache-path /tmp/picpac-phase3-layout-final-build-e6c0c65c9c5a-20260925T105458Z/iphonesimulator/ModuleCache.noindex -Xfrontend -serialize-debugging-options -suppress-warnings -swift-version 6 -I /tmp/picpac-phase3-layout-final-build-e6c0c65c9c5a-20260925T105458Z/iphonesimulator/Build/Products/Release-iphonesimulator -Isystem /Applications/Xcode.app/Contents/Developer/Platforms/iPhoneSimulator.platform/Developer/usr/lib -F /tmp/picpac-phase3-layout-final-build-e6c0c65c9c5a-20260925T105458Z/iphonesimulator/Build/Products/Release-iphonesimulator/PackageFrameworks -F /tmp/picpac-phase3-layout-final-build-e6c0c65c9c5a-20260925T105458Z/iphonesimulator/Build/Products/Release-iphonesimulator -F /Applications/Xcode.app/Contents/Developer/Platforms/iPhoneSimulator.platform/Developer/Library/Frameworks -F /Applications/Xcode.app/Contents/Developer/Platforms/iPhoneSimulator.platform/Developer/SDKs/iPhoneSimulator26.5.sdk/Developer/Library/Frameworks -c -num-threads 12 -Xcc -ivfsstatcache -Xcc /tmp/picpac-phase3-layout-final-build-e6c0c65c9c5a-20260925T105458Z/iphonesimulator/SDKStatCaches.noindex/iphonesimulator26.5-23F81a-6cfe768891a92b912361537c460fe42b.sdkstatcache -output-file-map /tmp/picpac-phase3-layout-final-build-e6c0c65c9c5a-20260925T105458Z/iphonesimulator/Build/Intermediates.noindex/PicPacKit.build/Release-iphonesimulator/PicPacPresentation.build/Objects-normal/x86_64/PicPacPresentation-OutputFileMap.json -use-frontend-parseable-output -save-temps -no-color-diagnostics -explicit-module-build -module-cache-path /tmp/picpac-phase3-layout-final-build-e6c0c65c9c5a-20260925T105458Z/iphonesimulator/Build/Intermediates.noindex/SwiftExplicitPrecompiledModules -clang-scanner-module-cache-path /tmp/picpac-phase3-layout-final-build-e6c0c65c9c5a-20260925T105458Z/iphonesimulator/ModuleCache.noindex -sdk-module-cache-path /tmp/picpac-phase3-layout-final-build-e6c0c65c9c5a-20260925T105458Z/iphonesimulator/ModuleCache.noindex -serialize-diagnostics -emit-dependencies -emit-module -emit-module-path /tmp/picpac-phase3-layout-final-build-e6c0c65c9c5a-20260925T105458Z/iphonesimulator/Build/Intermediates.noindex/PicPacKit.build/Release-iphonesimulator/PicPacPresentation.build/Objects-normal/x86_64/PicPacPresentation.swiftmodule -validate-clang-modules-once -clang-build-session-file /tmp/picpac-phase3-layout-final-build-e6c0c65c9c5a-20260925T105458Z/iphonesimulator/ModuleCache.noindex/Session.modulevalidation -package-name picpackit -Xcc -I/tmp/picpac-phase3-layout-final-build-e6c0c65c9c5a-20260925T105458Z/iphonesimulator/Build/Intermediates.noindex/PicPacKit.build/Release-iphonesimulator/PicPacPresentation.build/swift-overrides.hmap -emit-const-values -Xfrontend -const-gather-protocols-file -Xfrontend /tmp/picpac-phase3-layout-final-build-e6c0c65c9c5a-20260925T105458Z/iphonesimulator/Build/Intermediates.noindex/PicPacKit.build/Release-iphonesimulator/PicPacPresentation.build/Objects-normal/x86_64/PicPacPresentation_const_extract_protocols.json -Xcc -I/tmp/picpac-phase3-layout-final-build-e6c0c65c9c5a-20260925T105458Z/iphonesimulator/Build/Products/Release-iphonesimulator/include -Xcc -I/tmp/picpac-phase3-layout-final-build-e6c0c65c9c5a-20260925T105458Z/iphonesimulator/Build/Intermediates.noindex/PicPacKit.build/Release-iphonesimulator/PicPacPresentation.build/DerivedSources-normal/x86_64 -Xcc -I/tmp/picpac-phase3-layout-final-build-e6c0c65c9c5a-20260925T105458Z/iphonesimulator/Build/Intermediates.noindex/PicPacKit.build/Release-iphonesimulator/PicPacPresentation.build/DerivedSources/x86_64 -Xcc -I/tmp/picpac-phase3-layout-final-build-e6c0c65c9c5a-20260925T105458Z/iphonesimulator/Build/Intermediates.noindex/PicPacKit.build/Release-iphonesimulator/PicPacPresentation.build/DerivedSources -Xcc -DSWIFT_PACKAGE -emit-objc-header -emit-objc-header-path /tmp/picpac-phase3-layout-final-build-e6c0c65c9c5a-20260925T105458Z/iphonesimulator/Build/Intermediates.noindex/PicPacKit.build/Release-iphonesimulator/PicPacPresentation.build/Objects-normal/x86_64/PicPacPresentation-Swift.h -working-directory /Users/bavabangaru/Developer/pic-pac-poe-ios-native-parity/ios/PicPacPoe.xcodeproj -no-emit-module-separately-wmo

CreateUniversalBinary /tmp/picpac-phase3-layout-final-build-e6c0c65c9c5a-20260925T105458Z/iphonesimulator/Build/Products/Release-iphonesimulator/PicPacCore.o normal arm64\ x86_64 (in target 'PicPacCore' from project 'PicPacKit')
    cd /Users/bavabangaru/Developer/pic-pac-poe-ios-native-parity/ios/Packages/PicPacKit
    /Applications/Xcode.app/Contents/Developer/Toolchains/XcodeDefault.xctoolchain/usr/bin/lipo -create /tmp/picpac-phase3-layout-final-build-e6c0c65c9c5a-20260925T105458Z/iphonesimulator/Build/Intermediates.noindex/PicPacKit.build/Release-iphonesimulator/PicPacCore.build/Objects-normal/arm64/Binary/PicPacCore.o /tmp/picpac-phase3-layout-final-build-e6c0c65c9c5a-20260925T105458Z/iphonesimulator/Build/Intermediates.noindex/PicPacKit.build/Release-iphonesimulator/PicPacCore.build/Objects-normal/x86_64/Binary/PicPacCore.o -output /tmp/picpac-phase3-layout-final-build-e6c0c65c9c5a-20260925T105458Z/iphonesimulator/Build/Products/Release-iphonesimulator/PicPacCore.o

ExtractAppIntentsMetadata (in target 'PicPacCore' from project 'PicPacKit')
    cd /Users/bavabangaru/Developer/pic-pac-poe-ios-native-parity/ios/Packages/PicPacKit
    /Applications/Xcode.app/Contents/Developer/Toolchains/XcodeDefault.xctoolchain/usr/bin/appintentsmetadataprocessor --toolchain-dir /Applications/Xcode.app/Contents/Developer/Toolchains/XcodeDefault.xctoolchain --module-name PicPacCore --sdk-root /Applications/Xcode.app/Contents/Developer/Platforms/iPhoneSimulator.platform/Developer/SDKs/iPhoneSimulator26.5.sdk --xcode-version 17F113 --platform-family iOS --deployment-target 17.0 --bundle-identifier picpackit.PicPacCore --output /tmp/picpac-phase3-layout-final-build-e6c0c65c9c5a-20260925T105458Z/iphonesimulator/Build/Products/Release-iphonesimulator/PicPacCore.appintents --target-triple arm64-apple-ios17.0-simulator --target-triple x86_64-apple-ios17.0-simulator --binary-file /tmp/picpac-phase3-layout-final-build-e6c0c65c9c5a-20260925T105458Z/iphonesimulator/Build/Products/Release-iphonesimulator/PicPacCore.o --dependency-file /tmp/picpac-phase3-layout-final-build-e6c0c65c9c5a-20260925T105458Z/iphonesimulator/Build/Intermediates.noindex/PicPacKit.build/Release-iphonesimulator/PicPacCore.build/Objects-normal/arm64/PicPacCore_dependency_info.dat --dependency-file /tmp/picpac-phase3-layout-final-build-e6c0c65c9c5a-20260925T105458Z/iphonesimulator/Build/Intermediates.noindex/PicPacKit.build/Release-iphonesimulator/PicPacCore.build/Objects-normal/x86_64/PicPacCore_dependency_info.dat --stringsdata-file /tmp/picpac-phase3-layout-final-build-e6c0c65c9c5a-20260925T105458Z/iphonesimulator/Build/Intermediates.noindex/PicPacKit.build/Release-iphonesimulator/PicPacCore.build/Objects-normal/arm64/ExtractedAppShortcutsMetadata.stringsdata --stringsdata-file /tmp/picpac-phase3-layout-final-build-e6c0c65c9c5a-20260925T105458Z/iphonesimulator/Build/Intermediates.noindex/PicPacKit.build/Release-iphonesimulator/PicPacCore.build/Objects-normal/x86_64/ExtractedAppShortcutsMetadata.stringsdata --source-file-list /tmp/picpac-phase3-layout-final-build-e6c0c65c9c5a-20260925T105458Z/iphonesimulator/Build/Intermediates.noindex/PicPacKit.build/Release-iphonesimulator/PicPacCore.build/Objects-normal/arm64/PicPacCore.SwiftFileList --source-file-list /tmp/picpac-phase3-layout-final-build-e6c0c65c9c5a-20260925T105458Z/iphonesimulator/Build/Intermediates.noindex/PicPacKit.build/Release-iphonesimulator/PicPacCore.build/Objects-normal/x86_64/PicPacCore.SwiftFileList --metadata-file-list /tmp/picpac-phase3-layout-final-build-e6c0c65c9c5a-20260925T105458Z/iphonesimulator/Build/Intermediates.noindex/PicPacKit.build/Release-iphonesimulator/PicPacCore.build/PicPacCore.DependencyMetadataFileList --static-metadata-file-list /tmp/picpac-phase3-layout-final-build-e6c0c65c9c5a-20260925T105458Z/iphonesimulator/Build/Intermediates.noindex/PicPacKit.build/Release-iphonesimulator/PicPacCore.build/PicPacCore.DependencyStaticMetadataFileList --swift-const-vals-list /tmp/picpac-phase3-layout-final-build-e6c0c65c9c5a-20260925T105458Z/iphonesimulator/Build/Intermediates.noindex/PicPacKit.build/Release-iphonesimulator/PicPacCore.build/Objects-normal/arm64/PicPacCore.SwiftConstValuesFileList --swift-const-vals-list /tmp/picpac-phase3-layout-final-build-e6c0c65c9c5a-20260925T105458Z/iphonesimulator/Build/Intermediates.noindex/PicPacKit.build/Release-iphonesimulator/PicPacCore.build/Objects-normal/x86_64/PicPacCore.SwiftConstValuesFileList --force --compile-time-extraction --deployment-aware-processing --validate-assistant-intents --no-app-shortcuts-localization
2026-09-25 06:55:20.024 appintentsmetadataprocessor[16902:116144956] Starting appintentsmetadataprocessor export
2026-09-25 06:55:20.052 appintentsmetadataprocessor[16902:116144956] Extracted no relevant App Intents symbols, skipping writing output

RegisterExecutionPolicyException /tmp/picpac-phase3-layout-final-build-e6c0c65c9c5a-20260925T105458Z/iphonesimulator/Build/Products/Release-iphonesimulator/PicPacCore.o (in target 'PicPacCore' from project 'PicPacKit')
    cd /Users/bavabangaru/Developer/pic-pac-poe-ios-native-parity/ios/Packages/PicPacKit
    builtin-RegisterExecutionPolicyException /tmp/picpac-phase3-layout-final-build-e6c0c65c9c5a-20260925T105458Z/iphonesimulator/Build/Products/Release-iphonesimulator/PicPacCore.o

SwiftDriver\ Compilation PicPacPresentation normal x86_64 com.apple.xcode.tools.swift.compiler (in target 'PicPacPresentation' from project 'PicPacKit')
    cd /Users/bavabangaru/Developer/pic-pac-poe-ios-native-parity/ios/PicPacPoe.xcodeproj
    builtin-Swift-Compilation -- /Applications/Xcode.app/Contents/Developer/Toolchains/XcodeDefault.xctoolchain/usr/bin/swiftc -module-name PicPacPresentation -O -whole-module-optimization @/tmp/picpac-phase3-layout-final-build-e6c0c65c9c5a-20260925T105458Z/iphonesimulator/Build/Intermediates.noindex/PicPacKit.build/Release-iphonesimulator/PicPacPresentation.build/Objects-normal/x86_64/PicPacPresentation.SwiftFileList -DSWIFT_PACKAGE -DSWIFT_MODULE_RESOURCE_BUNDLE_UNAVAILABLE -DXcode -plugin-path /Applications/Xcode.app/Contents/Developer/Toolchains/XcodeDefault.xctoolchain/usr/lib/swift/host/plugins/testing -enable-experimental-feature DebugDescriptionMacro -sdk /Applications/Xcode.app/Contents/Developer/Platforms/iPhoneSimulator.platform/Developer/SDKs/iPhoneSimulator26.5.sdk -target x86_64-apple-ios17.0-simulator -g -module-cache-path /tmp/picpac-phase3-layout-final-build-e6c0c65c9c5a-20260925T105458Z/iphonesimulator/ModuleCache.noindex -Xfrontend -serialize-debugging-options -suppress-warnings -swift-version 6 -I /tmp/picpac-phase3-layout-final-build-e6c0c65c9c5a-20260925T105458Z/iphonesimulator/Build/Products/Release-iphonesimulator -Isystem /Applications/Xcode.app/Contents/Developer/Platforms/iPhoneSimulator.platform/Developer/usr/lib -F /tmp/picpac-phase3-layout-final-build-e6c0c65c9c5a-20260925T105458Z/iphonesimulator/Build/Products/Release-iphonesimulator/PackageFrameworks -F /tmp/picpac-phase3-layout-final-build-e6c0c65c9c5a-20260925T105458Z/iphonesimulator/Build/Products/Release-iphonesimulator -F /Applications/Xcode.app/Contents/Developer/Platforms/iPhoneSimulator.platform/Developer/Library/Frameworks -F /Applications/Xcode.app/Contents/Developer/Platforms/iPhoneSimulator.platform/Developer/SDKs/iPhoneSimulator26.5.sdk/Developer/Library/Frameworks -c -num-threads 12 -Xcc -ivfsstatcache -Xcc /tmp/picpac-phase3-layout-final-build-e6c0c65c9c5a-20260925T105458Z/iphonesimulator/SDKStatCaches.noindex/iphonesimulator26.5-23F81a-6cfe768891a92b912361537c460fe42b.sdkstatcache -output-file-map /tmp/picpac-phase3-layout-final-build-e6c0c65c9c5a-20260925T105458Z/iphonesimulator/Build/Intermediates.noindex/PicPacKit.build/Release-iphonesimulator/PicPacPresentation.build/Objects-normal/x86_64/PicPacPresentation-OutputFileMap.json -use-frontend-parseable-output -save-temps -no-color-diagnostics -explicit-module-build -module-cache-path /tmp/picpac-phase3-layout-final-build-e6c0c65c9c5a-20260925T105458Z/iphonesimulator/Build/Intermediates.noindex/SwiftExplicitPrecompiledModules -clang-scanner-module-cache-path /tmp/picpac-phase3-layout-final-build-e6c0c65c9c5a-20260925T105458Z/iphonesimulator/ModuleCache.noindex -sdk-module-cache-path /tmp/picpac-phase3-layout-final-build-e6c0c65c9c5a-20260925T105458Z/iphonesimulator/ModuleCache.noindex -serialize-diagnostics -emit-dependencies -emit-module -emit-module-path /tmp/picpac-phase3-layout-final-build-e6c0c65c9c5a-20260925T105458Z/iphonesimulator/Build/Intermediates.noindex/PicPacKit.build/Release-iphonesimulator/PicPacPresentation.build/Objects-normal/x86_64/PicPacPresentation.swiftmodule -validate-clang-modules-once -clang-build-session-file /tmp/picpac-phase3-layout-final-build-e6c0c65c9c5a-20260925T105458Z/iphonesimulator/ModuleCache.noindex/Session.modulevalidation -package-name picpackit -Xcc -I/tmp/picpac-phase3-layout-final-build-e6c0c65c9c5a-20260925T105458Z/iphonesimulator/Build/Intermediates.noindex/PicPacKit.build/Release-iphonesimulator/PicPacPresentation.build/swift-overrides.hmap -emit-const-values -Xfrontend -const-gather-protocols-file -Xfrontend /tmp/picpac-phase3-layout-final-build-e6c0c65c9c5a-20260925T105458Z/iphonesimulator/Build/Intermediates.noindex/PicPacKit.build/Release-iphonesimulator/PicPacPresentation.build/Objects-normal/x86_64/PicPacPresentation_const_extract_protocols.json -Xcc -I/tmp/picpac-phase3-layout-final-build-e6c0c65c9c5a-20260925T105458Z/iphonesimulator/Build/Products/Release-iphonesimulator/include -Xcc -I/tmp/picpac-phase3-layout-final-build-e6c0c65c9c5a-20260925T105458Z/iphonesimulator/Build/Intermediates.noindex/PicPacKit.build/Release-iphonesimulator/PicPacPresentation.build/DerivedSources-normal/x86_64 -Xcc -I/tmp/picpac-phase3-layout-final-build-e6c0c65c9c5a-20260925T105458Z/iphonesimulator/Build/Intermediates.noindex/PicPacKit.build/Release-iphonesimulator/PicPacPresentation.build/DerivedSources/x86_64 -Xcc -I/tmp/picpac-phase3-layout-final-build-e6c0c65c9c5a-20260925T105458Z/iphonesimulator/Build/Intermediates.noindex/PicPacKit.build/Release-iphonesimulator/PicPacPresentation.build/DerivedSources -Xcc -DSWIFT_PACKAGE -emit-objc-header -emit-objc-header-path /tmp/picpac-phase3-layout-final-build-e6c0c65c9c5a-20260925T105458Z/iphonesimulator/Build/Intermediates.noindex/PicPacKit.build/Release-iphonesimulator/PicPacPresentation.build/Objects-normal/x86_64/PicPacPresentation-Swift.h -working-directory /Users/bavabangaru/Developer/pic-pac-poe-ios-native-parity/ios/PicPacPoe.xcodeproj -no-emit-module-separately-wmo

SwiftCompile normal x86_64 Compiling\ GameCoordinator.swift,\ PresentationDependencies.swift,\ PresentationModels.swift,\ RestorationValidation.swift /Users/bavabangaru/Developer/pic-pac-poe-ios-native-parity/ios/Packages/PicPacKit/Sources/PicPacPresentation/GameCoordinator.swift /Users/bavabangaru/Developer/pic-pac-poe-ios-native-parity/ios/Packages/PicPacKit/Sources/PicPacPresentation/PresentationDependencies.swift /Users/bavabangaru/Developer/pic-pac-poe-ios-native-parity/ios/Packages/PicPacKit/Sources/PicPacPresentation/PresentationModels.swift /Users/bavabangaru/Developer/pic-pac-poe-ios-native-parity/ios/Packages/PicPacKit/Sources/PicPacPresentation/RestorationValidation.swift /Applications/Xcode.app/Contents/Developer/Toolchains/XcodeDefault.xctoolchain/usr/lib/swift/iphonesimulator/prebuilt-modules/26.5/CoreFoundation.swiftmodule/x86_64-apple-ios-simulator.swiftmodule /Applications/Xcode.app/Contents/Developer/Toolchains/XcodeDefault.xctoolchain/usr/lib/swift/iphonesimulator/prebuilt-modules/26.5/Observation.swiftmodule/x86_64-apple-ios-simulator.swiftmodule /Applications/Xcode.app/Contents/Developer/Toolchains/XcodeDefault.xctoolchain/usr/lib/swift/iphonesimulator/prebuilt-modules/26.5/Swift.swiftmodule/x86_64-apple-ios-simulator.swiftmodule /Applications/Xcode.app/Contents/Developer/Toolchains/XcodeDefault.xctoolchain/usr/lib/swift/iphonesimulator/prebuilt-modules/26.5/_Builtin_float.swiftmodule/x86_64-apple-ios-simulator.swiftmodule /Applications/Xcode.app/Contents/Developer/Toolchains/XcodeDefault.xctoolchain/usr/lib/swift/iphonesimulator/prebuilt-modules/26.5/System.swiftmodule/x86_64-apple-ios-simulator.swiftmodule /Applications/Xcode.app/Contents/Developer/Toolchains/XcodeDefault.xctoolchain/usr/lib/swift/iphonesimulator/prebuilt-modules/26.5/ObjectiveC.swiftmodule/x86_64-apple-ios-simulator.swiftmodule /Applications/Xcode.app/Contents/Developer/Toolchains/XcodeDefault.xctoolchain/usr/lib/swift/iphonesimulator/prebuilt-modules/26.5/_Concurrency.swiftmodule/x86_64-apple-ios-simulator.swiftmodule /Applications/Xcode.app/Contents/Developer/Toolchains/XcodeDefault.xctoolchain/usr/lib/swift/iphonesimulator/prebuilt-modules/26.5/XPC.swiftmodule/x86_64-apple-ios-simulator.swiftmodule /Applications/Xcode.app/Contents/Developer/Toolchains/XcodeDefault.xctoolchain/usr/lib/swift/iphonesimulator/prebuilt-modules/26.5/_DarwinFoundation2.swiftmodule/x86_64-apple-ios-simulator.swiftmodule /tmp/picpac-phase3-layout-final-build-e6c0c65c9c5a-20260925T105458Z/iphonesimulator/Build/Products/Release-iphonesimulator/PicPacCore.swiftmodule/x86_64-apple-ios-simulator.swiftmodule /Applications/Xcode.app/Contents/Developer/Toolchains/XcodeDefault.xctoolchain/usr/lib/swift/iphonesimulator/prebuilt-modules/26.5/Foundation.swiftmodule/x86_64-apple-ios-simulator.swiftmodule /Applications/Xcode.app/Contents/Developer/Toolchains/XcodeDefault.xctoolchain/usr/lib/swift/iphonesimulator/prebuilt-modules/26.5/_DarwinFoundation1.swiftmodule/x86_64-apple-ios-simulator.swiftmodule /Applications/Xcode.app/Contents/Developer/Toolchains/XcodeDefault.xctoolchain/usr/lib/swift/iphonesimulator/prebuilt-modules/26.5/_StringProcessing.swiftmodule/x86_64-apple-ios-simulator.swiftmodule /Applications/Xcode.app/Contents/Developer/Toolchains/XcodeDefault.xctoolchain/usr/lib/swift/iphonesimulator/prebuilt-modules/26.5/Dispatch.swiftmodule/x86_64-apple-ios-simulator.swiftmodule /Applications/Xcode.app/Contents/Developer/Toolchains/XcodeDefault.xctoolchain/usr/lib/swift/iphonesimulator/prebuilt-modules/26.5/_DarwinFoundation3.swiftmodule/x86_64-apple-ios-simulator.swiftmodule /Applications/Xcode.app/Contents/Developer/Toolchains/XcodeDefault.xctoolchain/usr/lib/swift/iphonesimulator/prebuilt-modules/26.5/Darwin.swiftmodule/x86_64-apple-ios-simulator.swiftmodule /Applications/Xcode.app/Contents/Developer/Toolchains/XcodeDefault.xctoolchain/usr/lib/swift/iphonesimulator/prebuilt-modules/26.5/Combine.swiftmodule/x86_64-apple-ios-simulator.swiftmodule /tmp/picpac-phase3-layout-final-build-e6c0c65c9c5a-20260925T105458Z/iphonesimulator/ModuleCache.noindex/_Builtin_limits-CVMPAFCZJPKG4WL493F6H4NPY.pcm /tmp/picpac-phase3-layout-final-build-e6c0c65c9c5a-20260925T105458Z/iphonesimulator/ModuleCache.noindex/ptrauth-52GJMUF12O0B84NXWHQ8OZDER.pcm /tmp/picpac-phase3-layout-final-build-e6c0c65c9c5a-20260925T105458Z/iphonesimulator/ModuleCache.noindex/sys_types-AMZWQ7CWQV3X7POCXO4I1U5QR.pcm /tmp/picpac-phase3-layout-final-build-e6c0c65c9c5a-20260925T105458Z/iphonesimulator/ModuleCache.noindex/_DarwinFoundation3-5OMKYUXP3E4JNU26TSQI1C4WA.pcm /tmp/picpac-phase3-layout-final-build-e6c0c65c9c5a-20260925T105458Z/iphonesimulator/ModuleCache.noindex/Dispatch-8IMIVT1C1GVM0KTSSU06RQHUF.pcm /tmp/picpac-phase3-layout-final-build-e6c0c65c9c5a-20260925T105458Z/iphonesimulator/ModuleCache.noindex/ObjectiveC-E2ZP11FKG2AFC9LT0TKNMWAHD.pcm /tmp/picpac-phase3-layout-final-build-e6c0c65c9c5a-20260925T105458Z/iphonesimulator/ModuleCache.noindex/Darwin-3035V3899396Y1ALOGLOJD4E5.pcm /tmp/picpac-phase3-layout-final-build-e6c0c65c9c5a-20260925T105458Z/iphonesimulator/ModuleCache.noindex/Foundation-59UQRB0T8H3UJ4V6JR8P9YNWV.pcm /tmp/picpac-phase3-layout-final-build-e6c0c65c9c5a-20260925T105458Z/iphonesimulator/ModuleCache.noindex/_Builtin_inttypes-7U0BPT1Q0E3HHVNOTBD1T6PC9.pcm /tmp/picpac-phase3-layout-final-build-e6c0c65c9c5a-20260925T105458Z/iphonesimulator/ModuleCache.noindex/os_object-BQZC4EOPU2OITV1M7S5N9QCXA.pcm /tmp/picpac-phase3-layout-final-build-e6c0c65c9c5a-20260925T105458Z/iphonesimulator/ModuleCache.noindex/_Builtin_stdarg-A7J3L2SW78JTPL1XR8CMVSYCL.pcm /tmp/picpac-phase3-layout-final-build-e6c0c65c9c5a-20260925T105458Z/iphonesimulator/ModuleCache.noindex/_DarwinFoundation1-S6M12TNX1S1TTOOWTSAULWG9.pcm /tmp/picpac-phase3-layout-final-build-e6c0c65c9c5a-20260925T105458Z/iphonesimulator/ModuleCache.noindex/CoreFoundation-3B351SLQQI4FTDHIDLOW36ZBQ.pcm /tmp/picpac-phase3-layout-final-build-e6c0c65c9c5a-20260925T105458Z/iphonesimulator/ModuleCache.noindex/ptrcheck-7HZDGHKP6YMN2N9EGTD16KNVR.pcm /tmp/picpac-phase3-layout-final-build-e6c0c65c9c5a-20260925T105458Z/iphonesimulator/ModuleCache.noindex/os_workgroup-20JGOK8XJY46GSFG3ADPGZJM4.pcm /tmp/picpac-phase3-layout-final-build-e6c0c65c9c5a-20260925T105458Z/iphonesimulator/ModuleCache.noindex/Security-1CJPYTB39F2LF3MZ38ERGM6L2.pcm /tmp/picpac-phase3-layout-final-build-e6c0c65c9c5a-20260925T105458Z/iphonesimulator/ModuleCache.noindex/_Builtin_float-B26MSXISIDRPML8ZSQFZR2P2J.pcm /tmp/picpac-phase3-layout-final-build-e6c0c65c9c5a-20260925T105458Z/iphonesimulator/ModuleCache.noindex/SwiftShims-5O4RROTG1NBRLY6514IU7CH8U.pcm /tmp/picpac-phase3-layout-final-build-e6c0c65c9c5a-20260925T105458Z/iphonesimulator/ModuleCache.noindex/_Builtin_stdint-AOSPK8TP3LGJZ8WVAYRA795ZB.pcm /tmp/picpac-phase3-layout-final-build-e6c0c65c9c5a-20260925T105458Z/iphonesimulator/ModuleCache.noindex/_DarwinFoundation2-2RPKDW487HRHSUV7PA4PCE562.pcm /tmp/picpac-phase3-layout-final-build-e6c0c65c9c5a-20260925T105458Z/iphonesimulator/ModuleCache.noindex/XPC-DN2TOKKO55XFVL3R0HNUEQ1MY.pcm /tmp/picpac-phase3-layout-final-build-e6c0c65c9c5a-20260925T105458Z/iphonesimulator/ModuleCache.noindex/_AvailabilityInternal-3REL8XEEH4MF08ZLA4UPHV1JT.pcm /tmp/picpac-phase3-layout-final-build-e6c0c65c9c5a-20260925T105458Z/iphonesimulator/ModuleCache.noindex/_Builtin_stdbool-8EID5ELAIY4K0BMA72T2XNJ27.pcm /tmp/picpac-phase3-layout-final-build-e6c0c65c9c5a-20260925T105458Z/iphonesimulator/ModuleCache.noindex/_SwiftConcurrencyShims-7P6SFLASKXFOVZS5YZHYBDAS5.pcm /tmp/picpac-phase3-layout-final-build-e6c0c65c9c5a-20260925T105458Z/iphonesimulator/ModuleCache.noindex/_Builtin_stddef-4Q5IC940SCTRPR49H5HL92AZE.pcm /tmp/picpac-phase3-layout-final-build-e6c0c65c9c5a-20260925T105458Z/iphonesimulator/ModuleCache.noindex/CFNetwork-DDH8WFQJ8NBBLKYCV4ZN87XL9.pcm /tmp/picpac-phase3-layout-final-build-e6c0c65c9c5a-20260925T105458Z/iphonesimulator/Build/Intermediates.noindex/PicPacKit.build/Release-iphonesimulator/PicPacPresentation.build/Objects-normal/x86_64/PicPacPresentation-dependencies-1.json (in target 'PicPacPresentation' from project 'PicPacKit')

CompileSwift normal x86_64 (in target 'PicPacPresentation' from project 'PicPacKit')
    cd /Users/bavabangaru/Developer/pic-pac-poe-ios-native-parity/ios/PicPacPoe.xcodeproj
    

SwiftCompile normal x86_64 Compiling\ resource_bundle_accessor.swift,\ AIContracts.swift,\ ExpectiminimaxAgent.swift,\ FastAgents.swift,\ PositionEvaluator.swift,\ ProductionAIEngine.swift,\ RandomSources.swift,\ ReferenceExpectiminimax.swift,\ SearchModel.swift,\ StochasticMCTSAgent.swift,\ TabularPolicy.swift /tmp/picpac-phase3-layout-final-build-e6c0c65c9c5a-20260925T105458Z/iphonesimulator/Build/Intermediates.noindex/PicPacKit.build/Release-iphonesimulator/PicPacAI.build/DerivedSources/resource_bundle_accessor.swift /Users/bavabangaru/Developer/pic-pac-poe-ios-native-parity/ios/Packages/PicPacKit/Sources/PicPacAI/AIContracts.swift /Users/bavabangaru/Developer/pic-pac-poe-ios-native-parity/ios/Packages/PicPacKit/Sources/PicPacAI/ExpectiminimaxAgent.swift /Users/bavabangaru/Developer/pic-pac-poe-ios-native-parity/ios/Packages/PicPacKit/Sources/PicPacAI/FastAgents.swift /Users/bavabangaru/Developer/pic-pac-poe-ios-native-parity/ios/Packages/PicPacKit/Sources/PicPacAI/PositionEvaluator.swift /Users/bavabangaru/Developer/pic-pac-poe-ios-native-parity/ios/Packages/PicPacKit/Sources/PicPacAI/ProductionAIEngine.swift /Users/bavabangaru/Developer/pic-pac-poe-ios-native-parity/ios/Packages/PicPacKit/Sources/PicPacAI/RandomSources.swift /Users/bavabangaru/Developer/pic-pac-poe-ios-native-parity/ios/Packages/PicPacKit/Sources/PicPacAI/ReferenceExpectiminimax.swift /Users/bavabangaru/Developer/pic-pac-poe-ios-native-parity/ios/Packages/PicPacKit/Sources/PicPacAI/SearchModel.swift /Users/bavabangaru/Developer/pic-pac-poe-ios-native-parity/ios/Packages/PicPacKit/Sources/PicPacAI/StochasticMCTSAgent.swift /Users/bavabangaru/Developer/pic-pac-poe-ios-native-parity/ios/Packages/PicPacKit/Sources/PicPacAI/TabularPolicy.swift /Applications/Xcode.app/Contents/Developer/Toolchains/XcodeDefault.xctoolchain/usr/lib/swift/iphonesimulator/prebuilt-modules/26.5/_Concurrency.swiftmodule/x86_64-apple-ios-simulator.swiftmodule /tmp/picpac-phase3-layout-final-build-e6c0c65c9c5a-20260925T105458Z/iphonesimulator/Build/Products/Release-iphonesimulator/PicPacCore.swiftmodule/x86_64-apple-ios-simulator.swiftmodule /Applications/Xcode.app/Contents/Developer/Toolchains/XcodeDefault.xctoolchain/usr/lib/swift/iphonesimulator/prebuilt-modules/26.5/Foundation.swiftmodule/x86_64-apple-ios-simulator.swiftmodule /Applications/Xcode.app/Contents/Developer/Toolchains/XcodeDefault.xctoolchain/usr/lib/swift/iphonesimulator/prebuilt-modules/26.5/_Builtin_float.swiftmodule/x86_64-apple-ios-simulator.swiftmodule /Applications/Xcode.app/Contents/Developer/Toolchains/XcodeDefault.xctoolchain/usr/lib/swift/iphonesimulator/prebuilt-modules/26.5/_DarwinFoundation3.swiftmodule/x86_64-apple-ios-simulator.swiftmodule /Applications/Xcode.app/Contents/Developer/Toolchains/XcodeDefault.xctoolchain/usr/lib/swift/iphonesimulator/prebuilt-modules/26.5/ObjectiveC.swiftmodule/x86_64-apple-ios-simulator.swiftmodule /Applications/Xcode.app/Contents/Developer/Toolchains/XcodeDefault.xctoolchain/usr/lib/swift/iphonesimulator/prebuilt-modules/26.5/Combine.swiftmodule/x86_64-apple-ios-simulator.swiftmodule /Applications/Xcode.app/Contents/Developer/Toolchains/XcodeDefault.xctoolchain/usr/lib/swift/iphonesimulator/prebuilt-modules/26.5/_DarwinFoundation1.swiftmodule/x86_64-apple-ios-simulator.swiftmodule /Applications/Xcode.app/Contents/Developer/Toolchains/XcodeDefault.xctoolchain/usr/lib/swift/iphonesimulator/prebuilt-modules/26.5/XPC.swiftmodule/x86_64-apple-ios-simulator.swiftmodule /Applications/Xcode.app/Contents/Developer/Toolchains/XcodeDefault.xctoolchain/usr/lib/swift/iphonesimulator/prebuilt-modules/26.5/System.swiftmodule/x86_64-apple-ios-simulator.swiftmodule /Applications/Xcode.app/Contents/Developer/Toolchains/XcodeDefault.xctoolchain/usr/lib/swift/iphonesimulator/prebuilt-modules/26.5/Swift.swiftmodule/x86_64-apple-ios-simulator.swiftmodule /Applications/Xcode.app/Contents/Developer/Toolchains/XcodeDefault.xctoolchain/usr/lib/swift/iphonesimulator/prebuilt-modules/26.5/CoreFoundation.swiftmodule/x86_64-apple-ios-simulator.swiftmodule /Applications/Xcode.app/Contents/Developer/Toolchains/XcodeDefault.xctoolchain/usr/lib/swift/iphonesimulator/prebuilt-modules/26.5/Darwin.swiftmodule/x86_64-apple-ios-simulator.swiftmodule /Applications/Xcode.app/Contents/Developer/Toolchains/XcodeDefault.xctoolchain/usr/lib/swift/iphonesimulator/prebuilt-modules/26.5/_DarwinFoundation2.swiftmodule/x86_64-apple-ios-simulator.swiftmodule /Applications/Xcode.app/Contents/Developer/Toolchains/XcodeDefault.xctoolchain/usr/lib/swift/iphonesimulator/prebuilt-modules/26.5/Observation.swiftmodule/x86_64-apple-ios-simulator.swiftmodule /Applications/Xcode.app/Contents/Developer/Toolchains/XcodeDefault.xctoolchain/usr/lib/swift/iphonesimulator/prebuilt-modules/26.5/Dispatch.swiftmodule/x86_64-apple-ios-simulator.swiftmodule /Applications/Xcode.app/Contents/Developer/Toolchains/XcodeDefault.xctoolchain/usr/lib/swift/iphonesimulator/prebuilt-modules/26.5/_StringProcessing.swiftmodule/x86_64-apple-ios-simulator.swiftmodule /tmp/picpac-phase3-layout-final-build-e6c0c65c9c5a-20260925T105458Z/iphonesimulator/ModuleCache.noindex/ObjectiveC-E2ZP11FKG2AFC9LT0TKNMWAHD.pcm /tmp/picpac-phase3-layout-final-build-e6c0c65c9c5a-20260925T105458Z/iphonesimulator/ModuleCache.noindex/Dispatch-8IMIVT1C1GVM0KTSSU06RQHUF.pcm /tmp/picpac-phase3-layout-final-build-e6c0c65c9c5a-20260925T105458Z/iphonesimulator/ModuleCache.noindex/_DarwinFoundation3-5OMKYUXP3E4JNU26TSQI1C4WA.pcm /tmp/picpac-phase3-layout-final-build-e6c0c65c9c5a-20260925T105458Z/iphonesimulator/ModuleCache.noindex/Foundation-59UQRB0T8H3UJ4V6JR8P9YNWV.pcm /tmp/picpac-phase3-layout-final-build-e6c0c65c9c5a-20260925T105458Z/iphonesimulator/ModuleCache.noindex/_Builtin_inttypes-7U0BPT1Q0E3HHVNOTBD1T6PC9.pcm /tmp/picpac-phase3-layout-final-build-e6c0c65c9c5a-20260925T105458Z/iphonesimulator/ModuleCache.noindex/_Builtin_float-B26MSXISIDRPML8ZSQFZR2P2J.pcm /tmp/picpac-phase3-layout-final-build-e6c0c65c9c5a-20260925T105458Z/iphonesimulator/ModuleCache.noindex/_Builtin_limits-CVMPAFCZJPKG4WL493F6H4NPY.pcm /tmp/picpac-phase3-layout-final-build-e6c0c65c9c5a-20260925T105458Z/iphonesimulator/ModuleCache.noindex/_DarwinFoundation2-2RPKDW487HRHSUV7PA4PCE562.pcm /tmp/picpac-phase3-layout-final-build-e6c0c65c9c5a-20260925T105458Z/iphonesimulator/ModuleCache.noindex/_DarwinFoundation1-S6M12TNX1S1TTOOWTSAULWG9.pcm /tmp/picpac-phase3-layout-final-build-e6c0c65c9c5a-20260925T105458Z/iphonesimulator/ModuleCache.noindex/_Builtin_stdint-AOSPK8TP3LGJZ8WVAYRA795ZB.pcm /tmp/picpac-phase3-layout-final-build-e6c0c65c9c5a-20260925T105458Z/iphonesimulator/ModuleCache.noindex/_Builtin_stdbool-8EID5ELAIY4K0BMA72T2XNJ27.pcm /tmp/picpac-phase3-layout-final-build-e6c0c65c9c5a-20260925T105458Z/iphonesimulator/ModuleCache.noindex/_SwiftConcurrencyShims-7P6SFLASKXFOVZS5YZHYBDAS5.pcm /tmp/picpac-phase3-layout-final-build-e6c0c65c9c5a-20260925T105458Z/iphonesimulator/ModuleCache.noindex/_AvailabilityInternal-3REL8XEEH4MF08ZLA4UPHV1JT.pcm /tmp/picpac-phase3-layout-final-build-e6c0c65c9c5a-20260925T105458Z/iphonesimulator/ModuleCache.noindex/sys_types-AMZWQ7CWQV3X7POCXO4I1U5QR.pcm /tmp/picpac-phase3-layout-final-build-e6c0c65c9c5a-20260925T105458Z/iphonesimulator/ModuleCache.noindex/CFNetwork-DDH8WFQJ8NBBLKYCV4ZN87XL9.pcm /tmp/picpac-phase3-layout-final-build-e6c0c65c9c5a-20260925T105458Z/iphonesimulator/ModuleCache.noindex/XPC-DN2TOKKO55XFVL3R0HNUEQ1MY.pcm /tmp/picpac-phase3-layout-final-build-e6c0c65c9c5a-20260925T105458Z/iphonesimulator/ModuleCache.noindex/CoreFoundation-3B351SLQQI4FTDHIDLOW36ZBQ.pcm /tmp/picpac-phase3-layout-final-build-e6c0c65c9c5a-20260925T105458Z/iphonesimulator/ModuleCache.noindex/_Builtin_stddef-4Q5IC940SCTRPR49H5HL92AZE.pcm /tmp/picpac-phase3-layout-final-build-e6c0c65c9c5a-20260925T105458Z/iphonesimulator/ModuleCache.noindex/Darwin-3035V3899396Y1ALOGLOJD4E5.pcm /tmp/picpac-phase3-layout-final-build-e6c0c65c9c5a-20260925T105458Z/iphonesimulator/ModuleCache.noindex/os_workgroup-20JGOK8XJY46GSFG3ADPGZJM4.pcm /tmp/picpac-phase3-layout-final-build-e6c0c65c9c5a-20260925T105458Z/iphonesimulator/ModuleCache.noindex/ptrauth-52GJMUF12O0B84NXWHQ8OZDER.pcm /tmp/picpac-phase3-layout-final-build-e6c0c65c9c5a-20260925T105458Z/iphonesimulator/ModuleCache.noindex/os_object-BQZC4EOPU2OITV1M7S5N9QCXA.pcm /tmp/picpac-phase3-layout-final-build-e6c0c65c9c5a-20260925T105458Z/iphonesimulator/ModuleCache.noindex/_Builtin_stdarg-A7J3L2SW78JTPL1XR8CMVSYCL.pcm /tmp/picpac-phase3-layout-final-build-e6c0c65c9c5a-20260925T105458Z/iphonesimulator/ModuleCache.noindex/ptrcheck-7HZDGHKP6YMN2N9EGTD16KNVR.pcm /tmp/picpac-phase3-layout-final-build-e6c0c65c9c5a-20260925T105458Z/iphonesimulator/ModuleCache.noindex/SwiftShims-5O4RROTG1NBRLY6514IU7CH8U.pcm /tmp/picpac-phase3-layout-final-build-e6c0c65c9c5a-20260925T105458Z/iphonesimulator/ModuleCache.noindex/Security-1CJPYTB39F2LF3MZ38ERGM6L2.pcm /tmp/picpac-phase3-layout-final-build-e6c0c65c9c5a-20260925T105458Z/iphonesimulator/Build/Intermediates.noindex/PicPacKit.build/Release-iphonesimulator/PicPacAI.build/Objects-normal/x86_64/PicPacAI-dependencies-1.json (in target 'PicPacAI' from project 'PicPacKit')
CompileSwift normal x86_64 (in target 'PicPacAI' from project 'PicPacKit')
    cd /Users/bavabangaru/Developer/pic-pac-poe-ios-native-parity/ios/PicPacPoe.xcodeproj
    

SwiftDriver\ Compilation PicPacAI normal x86_64 com.apple.xcode.tools.swift.compiler (in target 'PicPacAI' from project 'PicPacKit')
    cd /Users/bavabangaru/Developer/pic-pac-poe-ios-native-parity/ios/PicPacPoe.xcodeproj
    builtin-Swift-Compilation -- /Applications/Xcode.app/Contents/Developer/Toolchains/XcodeDefault.xctoolchain/usr/bin/swiftc -module-name PicPacAI -O -whole-module-optimization @/tmp/picpac-phase3-layout-final-build-e6c0c65c9c5a-20260925T105458Z/iphonesimulator/Build/Intermediates.noindex/PicPacKit.build/Release-iphonesimulator/PicPacAI.build/Objects-normal/x86_64/PicPacAI.SwiftFileList -DSWIFT_PACKAGE -DSWIFT_MODULE_RESOURCE_BUNDLE_AVAILABLE -DXcode -plugin-path /Applications/Xcode.app/Contents/Developer/Toolchains/XcodeDefault.xctoolchain/usr/lib/swift/host/plugins/testing -enable-experimental-feature DebugDescriptionMacro -sdk /Applications/Xcode.app/Contents/Developer/Platforms/iPhoneSimulator.platform/Developer/SDKs/iPhoneSimulator26.5.sdk -target x86_64-apple-ios17.0-simulator -g -module-cache-path /tmp/picpac-phase3-layout-final-build-e6c0c65c9c5a-20260925T105458Z/iphonesimulator/ModuleCache.noindex -Xfrontend -serialize-debugging-options -suppress-warnings -swift-version 6 -I /tmp/picpac-phase3-layout-final-build-e6c0c65c9c5a-20260925T105458Z/iphonesimulator/Build/Products/Release-iphonesimulator -Isystem /Applications/Xcode.app/Contents/Developer/Platforms/iPhoneSimulator.platform/Developer/usr/lib -F /tmp/picpac-phase3-layout-final-build-e6c0c65c9c5a-20260925T105458Z/iphonesimulator/Build/Products/Release-iphonesimulator/PackageFrameworks -F /tmp/picpac-phase3-layout-final-build-e6c0c65c9c5a-20260925T105458Z/iphonesimulator/Build/Products/Release-iphonesimulator -F /Applications/Xcode.app/Contents/Developer/Platforms/iPhoneSimulator.platform/Developer/Library/Frameworks -F /Applications/Xcode.app/Contents/Developer/Platforms/iPhoneSimulator.platform/Developer/SDKs/iPhoneSimulator26.5.sdk/Developer/Library/Frameworks -c -num-threads 12 -Xcc -ivfsstatcache -Xcc /tmp/picpac-phase3-layout-final-build-e6c0c65c9c5a-20260925T105458Z/iphonesimulator/SDKStatCaches.noindex/iphonesimulator26.5-23F81a-6cfe768891a92b912361537c460fe42b.sdkstatcache -output-file-map /tmp/picpac-phase3-layout-final-build-e6c0c65c9c5a-20260925T105458Z/iphonesimulator/Build/Intermediates.noindex/PicPacKit.build/Release-iphonesimulator/PicPacAI.build/Objects-normal/x86_64/PicPacAI-OutputFileMap.json -use-frontend-parseable-output -save-temps -no-color-diagnostics -explicit-module-build -module-cache-path /tmp/picpac-phase3-layout-final-build-e6c0c65c9c5a-20260925T105458Z/iphonesimulator/Build/Intermediates.noindex/SwiftExplicitPrecompiledModules -clang-scanner-module-cache-path /tmp/picpac-phase3-layout-final-build-e6c0c65c9c5a-20260925T105458Z/iphonesimulator/ModuleCache.noindex -sdk-module-cache-path /tmp/picpac-phase3-layout-final-build-e6c0c65c9c5a-20260925T105458Z/iphonesimulator/ModuleCache.noindex -serialize-diagnostics -emit-dependencies -emit-module -emit-module-path /tmp/picpac-phase3-layout-final-build-e6c0c65c9c5a-20260925T105458Z/iphonesimulator/Build/Intermediates.noindex/PicPacKit.build/Release-iphonesimulator/PicPacAI.build/Objects-normal/x86_64/PicPacAI.swiftmodule -validate-clang-modules-once -clang-build-session-file /tmp/picpac-phase3-layout-final-build-e6c0c65c9c5a-20260925T105458Z/iphonesimulator/ModuleCache.noindex/Session.modulevalidation -package-name picpackit -Xcc -I/tmp/picpac-phase3-layout-final-build-e6c0c65c9c5a-20260925T105458Z/iphonesimulator/Build/Intermediates.noindex/PicPacKit.build/Release-iphonesimulator/PicPacAI.build/swift-overrides.hmap -emit-const-values -Xfrontend -const-gather-protocols-file -Xfrontend /tmp/picpac-phase3-layout-final-build-e6c0c65c9c5a-20260925T105458Z/iphonesimulator/Build/Intermediates.noindex/PicPacKit.build/Release-iphonesimulator/PicPacAI.build/Objects-normal/x86_64/PicPacAI_const_extract_protocols.json -Xcc -I/tmp/picpac-phase3-layout-final-build-e6c0c65c9c5a-20260925T105458Z/iphonesimulator/Build/Products/Release-iphonesimulator/include -Xcc -I/tmp/picpac-phase3-layout-final-build-e6c0c65c9c5a-20260925T105458Z/iphonesimulator/Build/Intermediates.noindex/PicPacKit.build/Release-iphonesimulator/PicPacAI.build/DerivedSources-normal/x86_64 -Xcc -I/tmp/picpac-phase3-layout-final-build-e6c0c65c9c5a-20260925T105458Z/iphonesimulator/Build/Intermediates.noindex/PicPacKit.build/Release-iphonesimulator/PicPacAI.build/DerivedSources/x86_64 -Xcc -I/tmp/picpac-phase3-layout-final-build-e6c0c65c9c5a-20260925T105458Z/iphonesimulator/Build/Intermediates.noindex/PicPacKit.build/Release-iphonesimulator/PicPacAI.build/DerivedSources -Xcc -DSWIFT_PACKAGE -emit-objc-header -emit-objc-header-path /tmp/picpac-phase3-layout-final-build-e6c0c65c9c5a-20260925T105458Z/iphonesimulator/Build/Intermediates.noindex/PicPacKit.build/Release-iphonesimulator/PicPacAI.build/Objects-normal/x86_64/PicPacAI-Swift.h -working-directory /Users/bavabangaru/Developer/pic-pac-poe-ios-native-parity/ios/PicPacPoe.xcodeproj -no-emit-module-separately-wmo

SwiftCompile normal arm64 Compiling\ GameCoordinator.swift,\ PresentationDependencies.swift,\ PresentationModels.swift,\ RestorationValidation.swift /Users/bavabangaru/Developer/pic-pac-poe-ios-native-parity/ios/Packages/PicPacKit/Sources/PicPacPresentation/GameCoordinator.swift /Users/bavabangaru/Developer/pic-pac-poe-ios-native-parity/ios/Packages/PicPacKit/Sources/PicPacPresentation/PresentationDependencies.swift /Users/bavabangaru/Developer/pic-pac-poe-ios-native-parity/ios/Packages/PicPacKit/Sources/PicPacPresentation/PresentationModels.swift /Users/bavabangaru/Developer/pic-pac-poe-ios-native-parity/ios/Packages/PicPacKit/Sources/PicPacPresentation/RestorationValidation.swift /Applications/Xcode.app/Contents/Developer/Toolchains/XcodeDefault.xctoolchain/usr/lib/swift/iphonesimulator/prebuilt-modules/26.5/Observation.swiftmodule/arm64-apple-ios-simulator.swiftmodule /tmp/picpac-phase3-layout-final-build-e6c0c65c9c5a-20260925T105458Z/iphonesimulator/Build/Products/Release-iphonesimulator/PicPacCore.swiftmodule/arm64-apple-ios-simulator.swiftmodule /Applications/Xcode.app/Contents/Developer/Toolchains/XcodeDefault.xctoolchain/usr/lib/swift/iphonesimulator/prebuilt-modules/26.5/Swift.swiftmodule/arm64-apple-ios-simulator.swiftmodule /Applications/Xcode.app/Contents/Developer/Toolchains/XcodeDefault.xctoolchain/usr/lib/swift/iphonesimulator/prebuilt-modules/26.5/XPC.swiftmodule/arm64-apple-ios-simulator.swiftmodule /Applications/Xcode.app/Contents/Developer/Toolchains/XcodeDefault.xctoolchain/usr/lib/swift/iphonesimulator/prebuilt-modules/26.5/_Builtin_float.swiftmodule/arm64-apple-ios-simulator.swiftmodule /Applications/Xcode.app/Contents/Developer/Toolchains/XcodeDefault.xctoolchain/usr/lib/swift/iphonesimulator/prebuilt-modules/26.5/Foundation.swiftmodule/arm64-apple-ios-simulator.swiftmodule /Applications/Xcode.app/Contents/Developer/Toolchains/XcodeDefault.xctoolchain/usr/lib/swift/iphonesimulator/prebuilt-modules/26.5/Dispatch.swiftmodule/arm64-apple-ios-simulator.swiftmodule /Applications/Xcode.app/Contents/Developer/Toolchains/XcodeDefault.xctoolchain/usr/lib/swift/iphonesimulator/prebuilt-modules/26.5/_DarwinFoundation2.swiftmodule/arm64-apple-ios-simulator.swiftmodule /Applications/Xcode.app/Contents/Developer/Toolchains/XcodeDefault.xctoolchain/usr/lib/swift/iphonesimulator/prebuilt-modules/26.5/Combine.swiftmodule/arm64-apple-ios-simulator.swiftmodule /Applications/Xcode.app/Contents/Developer/Toolchains/XcodeDefault.xctoolchain/usr/lib/swift/iphonesimulator/prebuilt-modules/26.5/ObjectiveC.swiftmodule/arm64-apple-ios-simulator.swiftmodule /Applications/Xcode.app/Contents/Developer/Toolchains/XcodeDefault.xctoolchain/usr/lib/swift/iphonesimulator/prebuilt-modules/26.5/_DarwinFoundation3.swiftmodule/arm64-apple-ios-simulator.swiftmodule /Applications/Xcode.app/Contents/Developer/Toolchains/XcodeDefault.xctoolchain/usr/lib/swift/iphonesimulator/prebuilt-modules/26.5/_Concurrency.swiftmodule/arm64-apple-ios-simulator.swiftmodule /Applications/Xcode.app/Contents/Developer/Toolchains/XcodeDefault.xctoolchain/usr/lib/swift/iphonesimulator/prebuilt-modules/26.5/Darwin.swiftmodule/arm64-apple-ios-simulator.swiftmodule /Applications/Xcode.app/Contents/Developer/Toolchains/XcodeDefault.xctoolchain/usr/lib/swift/iphonesimulator/prebuilt-modules/26.5/CoreFoundation.swiftmodule/arm64-apple-ios-simulator.swiftmodule /Applications/Xcode.app/Contents/Developer/Toolchains/XcodeDefault.xctoolchain/usr/lib/swift/iphonesimulator/prebuilt-modules/26.5/System.swiftmodule/arm64-apple-ios-simulator.swiftmodule /Applications/Xcode.app/Contents/Developer/Toolchains/XcodeDefault.xctoolchain/usr/lib/swift/iphonesimulator/prebuilt-modules/26.5/_DarwinFoundation1.swiftmodule/arm64-apple-ios-simulator.swiftmodule /Applications/Xcode.app/Contents/Developer/Toolchains/XcodeDefault.xctoolchain/usr/lib/swift/iphonesimulator/prebuilt-modules/26.5/_StringProcessing.swiftmodule/arm64-apple-ios-simulator.swiftmodule /tmp/picpac-phase3-layout-final-build-e6c0c65c9c5a-20260925T105458Z/iphonesimulator/ModuleCache.noindex/os_object-DPYF70W13KK68F43JBKEZ4CBD.pcm /tmp/picpac-phase3-layout-final-build-e6c0c65c9c5a-20260925T105458Z/iphonesimulator/ModuleCache.noindex/_Builtin_stdarg-68VUUDICIV8P5X0POXTHR1SRG.pcm /tmp/picpac-phase3-layout-final-build-e6c0c65c9c5a-20260925T105458Z/iphonesimulator/ModuleCache.noindex/_Builtin_stdbool-7K8U7CE1KOFOF1ZPDJMVYCF3S.pcm /tmp/picpac-phase3-layout-final-build-e6c0c65c9c5a-20260925T105458Z/iphonesimulator/ModuleCache.noindex/Dispatch-2OLRNJ3IUMRIOEZPWJWI66LNT.pcm /tmp/picpac-phase3-layout-final-build-e6c0c65c9c5a-20260925T105458Z/iphonesimulator/ModuleCache.noindex/CoreFoundation-EEHJHHS5DJGCOAU4WZ7RJ597I.pcm /tmp/picpac-phase3-layout-final-build-e6c0c65c9c5a-20260925T105458Z/iphonesimulator/ModuleCache.noindex/_Builtin_float-88CCSOU67JQLD79598PSEC1NT.pcm /tmp/picpac-phase3-layout-final-build-e6c0c65c9c5a-20260925T105458Z/iphonesimulator/ModuleCache.noindex/ptrcheck-8J4FZ2T9CRRTI0NY6NX7UZ4ZD.pcm /tmp/picpac-phase3-layout-final-build-e6c0c65c9c5a-20260925T105458Z/iphonesimulator/ModuleCache.noindex/sys_types-CCP3XTHEVG2CVRMPLPVEEUI64.pcm /tmp/picpac-phase3-layout-final-build-e6c0c65c9c5a-20260925T105458Z/iphonesimulator/ModuleCache.noindex/_SwiftConcurrencyShims-4EYUYX126IDSMIGASJU5HJ32.pcm /tmp/picpac-phase3-layout-final-build-e6c0c65c9c5a-20260925T105458Z/iphonesimulator/ModuleCache.noindex/SwiftShims-DQXD5UXGWZLZQ741SNTAIO2EU.pcm /tmp/picpac-phase3-layout-final-build-e6c0c65c9c5a-20260925T105458Z/iphonesimulator/ModuleCache.noindex/Foundation-6MR7ILLG7JUJSTVYI8C4U9F93.pcm /tmp/picpac-phase3-layout-final-build-e6c0c65c9c5a-20260925T105458Z/iphonesimulator/ModuleCache.noindex/ObjectiveC-DRTST01K4O9HW20SFL9PO3ZYD.pcm /tmp/picpac-phase3-layout-final-build-e6c0c65c9c5a-20260925T105458Z/iphonesimulator/ModuleCache.noindex/_Builtin_stddef-7SDV2W6DE5OY3QX2LW81YYM38.pcm /tmp/picpac-phase3-layout-final-build-e6c0c65c9c5a-20260925T105458Z/iphonesimulator/ModuleCache.noindex/os_workgroup-EV3R2HWV2FKTRE2HZCG1VGPWW.pcm /tmp/picpac-phase3-layout-final-build-e6c0c65c9c5a-20260925T105458Z/iphonesimulator/ModuleCache.noindex/XPC-ETETWXUXDM6X56J7F05069WVA.pcm /tmp/picpac-phase3-layout-final-build-e6c0c65c9c5a-20260925T105458Z/iphonesimulator/ModuleCache.noindex/_Builtin_stdint-1APAOD8O775NKRA9CGKX1VROX.pcm /tmp/picpac-phase3-layout-final-build-e6c0c65c9c5a-20260925T105458Z/iphonesimulator/ModuleCache.noindex/_AvailabilityInternal-EZK4KF5TS5JGY3V44X7IA9AQS.pcm /tmp/picpac-phase3-layout-final-build-e6c0c65c9c5a-20260925T105458Z/iphonesimulator/ModuleCache.noindex/_DarwinFoundation3-DDS4KTDM9GI9X79W7TL89B1YO.pcm /tmp/picpac-phase3-layout-final-build-e6c0c65c9c5a-20260925T105458Z/iphonesimulator/ModuleCache.noindex/_DarwinFoundation2-CL3WN7B3ZV3YI2CJAYAXNHFE0.pcm /tmp/picpac-phase3-layout-final-build-e6c0c65c9c5a-20260925T105458Z/iphonesimulator/ModuleCache.noindex/CFNetwork-3YI78MZIDEI93DQ3LZH8US821.pcm /tmp/picpac-phase3-layout-final-build-e6c0c65c9c5a-20260925T105458Z/iphonesimulator/ModuleCache.noindex/_Builtin_limits-2MB0NG4EA1C2Z93SSXWM4O4AK.pcm /tmp/picpac-phase3-layout-final-build-e6c0c65c9c5a-20260925T105458Z/iphonesimulator/ModuleCache.noindex/Security-19VAHS5ACKMWV8L9ROC34TIRL.pcm /tmp/picpac-phase3-layout-final-build-e6c0c65c9c5a-20260925T105458Z/iphonesimulator/ModuleCache.noindex/Darwin-4XAUH0NB7H9VQ2BOY6P6Q0VYU.pcm /tmp/picpac-phase3-layout-final-build-e6c0c65c9c5a-20260925T105458Z/iphonesimulator/ModuleCache.noindex/ptrauth-9BD0XD0377SL04ZOJ0M3ZSGTE.pcm /tmp/picpac-phase3-layout-final-build-e6c0c65c9c5a-20260925T105458Z/iphonesimulator/ModuleCache.noindex/_DarwinFoundation1-EF4IUCW52QOMQVY2INDB7HWMY.pcm /tmp/picpac-phase3-layout-final-build-e6c0c65c9c5a-20260925T105458Z/iphonesimulator/ModuleCache.noindex/_Builtin_inttypes-3285X65C3B30ZQKLOELUA2334.pcm /tmp/picpac-phase3-layout-final-build-e6c0c65c9c5a-20260925T105458Z/iphonesimulator/Build/Intermediates.noindex/PicPacKit.build/Release-iphonesimulator/PicPacPresentation.build/Objects-normal/arm64/PicPacPresentation-dependencies-2.json (in target 'PicPacPresentation' from project 'PicPacKit')

CompileSwift normal arm64 (in target 'PicPacPresentation' from project 'PicPacKit')
    cd /Users/bavabangaru/Developer/pic-pac-poe-ios-native-parity/ios/PicPacPoe.xcodeproj
    

SwiftDriver\ Compilation PicPacPresentation normal arm64 com.apple.xcode.tools.swift.compiler (in target 'PicPacPresentation' from project 'PicPacKit')
    cd /Users/bavabangaru/Developer/pic-pac-poe-ios-native-parity/ios/PicPacPoe.xcodeproj
    builtin-Swift-Compilation -- /Applications/Xcode.app/Contents/Developer/Toolchains/XcodeDefault.xctoolchain/usr/bin/swiftc -module-name PicPacPresentation -O -whole-module-optimization @/tmp/picpac-phase3-layout-final-build-e6c0c65c9c5a-20260925T105458Z/iphonesimulator/Build/Intermediates.noindex/PicPacKit.build/Release-iphonesimulator/PicPacPresentation.build/Objects-normal/arm64/PicPacPresentation.SwiftFileList -DSWIFT_PACKAGE -DSWIFT_MODULE_RESOURCE_BUNDLE_UNAVAILABLE -DXcode -plugin-path /Applications/Xcode.app/Contents/Developer/Toolchains/XcodeDefault.xctoolchain/usr/lib/swift/host/plugins/testing -enable-experimental-feature DebugDescriptionMacro -sdk /Applications/Xcode.app/Contents/Developer/Platforms/iPhoneSimulator.platform/Developer/SDKs/iPhoneSimulator26.5.sdk -target arm64-apple-ios17.0-simulator -g -module-cache-path /tmp/picpac-phase3-layout-final-build-e6c0c65c9c5a-20260925T105458Z/iphonesimulator/ModuleCache.noindex -Xfrontend -serialize-debugging-options -suppress-warnings -swift-version 6 -I /tmp/picpac-phase3-layout-final-build-e6c0c65c9c5a-20260925T105458Z/iphonesimulator/Build/Products/Release-iphonesimulator -Isystem /Applications/Xcode.app/Contents/Developer/Platforms/iPhoneSimulator.platform/Developer/usr/lib -F /tmp/picpac-phase3-layout-final-build-e6c0c65c9c5a-20260925T105458Z/iphonesimulator/Build/Products/Release-iphonesimulator/PackageFrameworks -F /tmp/picpac-phase3-layout-final-build-e6c0c65c9c5a-20260925T105458Z/iphonesimulator/Build/Products/Release-iphonesimulator -F /Applications/Xcode.app/Contents/Developer/Platforms/iPhoneSimulator.platform/Developer/Library/Frameworks -F /Applications/Xcode.app/Contents/Developer/Platforms/iPhoneSimulator.platform/Developer/SDKs/iPhoneSimulator26.5.sdk/Developer/Library/Frameworks -c -num-threads 12 -Xcc -ivfsstatcache -Xcc /tmp/picpac-phase3-layout-final-build-e6c0c65c9c5a-20260925T105458Z/iphonesimulator/SDKStatCaches.noindex/iphonesimulator26.5-23F81a-6cfe768891a92b912361537c460fe42b.sdkstatcache -output-file-map /tmp/picpac-phase3-layout-final-build-e6c0c65c9c5a-20260925T105458Z/iphonesimulator/Build/Intermediates.noindex/PicPacKit.build/Release-iphonesimulator/PicPacPresentation.build/Objects-normal/arm64/PicPacPresentation-OutputFileMap.json -use-frontend-parseable-output -save-temps -no-color-diagnostics -explicit-module-build -module-cache-path /tmp/picpac-phase3-layout-final-build-e6c0c65c9c5a-20260925T105458Z/iphonesimulator/Build/Intermediates.noindex/SwiftExplicitPrecompiledModules -clang-scanner-module-cache-path /tmp/picpac-phase3-layout-final-build-e6c0c65c9c5a-20260925T105458Z/iphonesimulator/ModuleCache.noindex -sdk-module-cache-path /tmp/picpac-phase3-layout-final-build-e6c0c65c9c5a-20260925T105458Z/iphonesimulator/ModuleCache.noindex -serialize-diagnostics -emit-dependencies -emit-module -emit-module-path /tmp/picpac-phase3-layout-final-build-e6c0c65c9c5a-20260925T105458Z/iphonesimulator/Build/Intermediates.noindex/PicPacKit.build/Release-iphonesimulator/PicPacPresentation.build/Objects-normal/arm64/PicPacPresentation.swiftmodule -validate-clang-modules-once -clang-build-session-file /tmp/picpac-phase3-layout-final-build-e6c0c65c9c5a-20260925T105458Z/iphonesimulator/ModuleCache.noindex/Session.modulevalidation -package-name picpackit -Xcc -I/tmp/picpac-phase3-layout-final-build-e6c0c65c9c5a-20260925T105458Z/iphonesimulator/Build/Intermediates.noindex/PicPacKit.build/Release-iphonesimulator/PicPacPresentation.build/swift-overrides.hmap -emit-const-values -Xfrontend -const-gather-protocols-file -Xfrontend /tmp/picpac-phase3-layout-final-build-e6c0c65c9c5a-20260925T105458Z/iphonesimulator/Build/Intermediates.noindex/PicPacKit.build/Release-iphonesimulator/PicPacPresentation.build/Objects-normal/arm64/PicPacPresentation_const_extract_protocols.json -Xcc -I/tmp/picpac-phase3-layout-final-build-e6c0c65c9c5a-20260925T105458Z/iphonesimulator/Build/Products/Release-iphonesimulator/include -Xcc -I/tmp/picpac-phase3-layout-final-build-e6c0c65c9c5a-20260925T105458Z/iphonesimulator/Build/Intermediates.noindex/PicPacKit.build/Release-iphonesimulator/PicPacPresentation.build/DerivedSources-normal/arm64 -Xcc -I/tmp/picpac-phase3-layout-final-build-e6c0c65c9c5a-20260925T105458Z/iphonesimulator/Build/Intermediates.noindex/PicPacKit.build/Release-iphonesimulator/PicPacPresentation.build/DerivedSources/arm64 -Xcc -I/tmp/picpac-phase3-layout-final-build-e6c0c65c9c5a-20260925T105458Z/iphonesimulator/Build/Intermediates.noindex/PicPacKit.build/Release-iphonesimulator/PicPacPresentation.build/DerivedSources -Xcc -DSWIFT_PACKAGE -emit-objc-header -emit-objc-header-path /tmp/picpac-phase3-layout-final-build-e6c0c65c9c5a-20260925T105458Z/iphonesimulator/Build/Intermediates.noindex/PicPacKit.build/Release-iphonesimulator/PicPacPresentation.build/Objects-normal/arm64/PicPacPresentation-Swift.h -working-directory /Users/bavabangaru/Developer/pic-pac-poe-ios-native-parity/ios/PicPacPoe.xcodeproj -no-emit-module-separately-wmo

SwiftCompile normal arm64 Compiling\ resource_bundle_accessor.swift,\ AIContracts.swift,\ ExpectiminimaxAgent.swift,\ FastAgents.swift,\ PositionEvaluator.swift,\ ProductionAIEngine.swift,\ RandomSources.swift,\ ReferenceExpectiminimax.swift,\ SearchModel.swift,\ StochasticMCTSAgent.swift,\ TabularPolicy.swift /tmp/picpac-phase3-layout-final-build-e6c0c65c9c5a-20260925T105458Z/iphonesimulator/Build/Intermediates.noindex/PicPacKit.build/Release-iphonesimulator/PicPacAI.build/DerivedSources/resource_bundle_accessor.swift /Users/bavabangaru/Developer/pic-pac-poe-ios-native-parity/ios/Packages/PicPacKit/Sources/PicPacAI/AIContracts.swift /Users/bavabangaru/Developer/pic-pac-poe-ios-native-parity/ios/Packages/PicPacKit/Sources/PicPacAI/ExpectiminimaxAgent.swift /Users/bavabangaru/Developer/pic-pac-poe-ios-native-parity/ios/Packages/PicPacKit/Sources/PicPacAI/FastAgents.swift /Users/bavabangaru/Developer/pic-pac-poe-ios-native-parity/ios/Packages/PicPacKit/Sources/PicPacAI/PositionEvaluator.swift /Users/bavabangaru/Developer/pic-pac-poe-ios-native-parity/ios/Packages/PicPacKit/Sources/PicPacAI/ProductionAIEngine.swift /Users/bavabangaru/Developer/pic-pac-poe-ios-native-parity/ios/Packages/PicPacKit/Sources/PicPacAI/RandomSources.swift /Users/bavabangaru/Developer/pic-pac-poe-ios-native-parity/ios/Packages/PicPacKit/Sources/PicPacAI/ReferenceExpectiminimax.swift /Users/bavabangaru/Developer/pic-pac-poe-ios-native-parity/ios/Packages/PicPacKit/Sources/PicPacAI/SearchModel.swift /Users/bavabangaru/Developer/pic-pac-poe-ios-native-parity/ios/Packages/PicPacKit/Sources/PicPacAI/StochasticMCTSAgent.swift /Users/bavabangaru/Developer/pic-pac-poe-ios-native-parity/ios/Packages/PicPacKit/Sources/PicPacAI/TabularPolicy.swift /Applications/Xcode.app/Contents/Developer/Toolchains/XcodeDefault.xctoolchain/usr/lib/swift/iphonesimulator/prebuilt-modules/26.5/Observation.swiftmodule/arm64-apple-ios-simulator.swiftmodule /Applications/Xcode.app/Contents/Developer/Toolchains/XcodeDefault.xctoolchain/usr/lib/swift/iphonesimulator/prebuilt-modules/26.5/Dispatch.swiftmodule/arm64-apple-ios-simulator.swiftmodule /Applications/Xcode.app/Contents/Developer/Toolchains/XcodeDefault.xctoolchain/usr/lib/swift/iphonesimulator/prebuilt-modules/26.5/Swift.swiftmodule/arm64-apple-ios-simulator.swiftmodule /Applications/Xcode.app/Contents/Developer/Toolchains/XcodeDefault.xctoolchain/usr/lib/swift/iphonesimulator/prebuilt-modules/26.5/System.swiftmodule/arm64-apple-ios-simulator.swiftmodule /Applications/Xcode.app/Contents/Developer/Toolchains/XcodeDefault.xctoolchain/usr/lib/swift/iphonesimulator/prebuilt-modules/26.5/Foundation.swiftmodule/arm64-apple-ios-simulator.swiftmodule /Applications/Xcode.app/Contents/Developer/Toolchains/XcodeDefault.xctoolchain/usr/lib/swift/iphonesimulator/prebuilt-modules/26.5/CoreFoundation.swiftmodule/arm64-apple-ios-simulator.swiftmodule /Applications/Xcode.app/Contents/Developer/Toolchains/XcodeDefault.xctoolchain/usr/lib/swift/iphonesimulator/prebuilt-modules/26.5/ObjectiveC.swiftmodule/arm64-apple-ios-simulator.swiftmodule /Applications/Xcode.app/Contents/Developer/Toolchains/XcodeDefault.xctoolchain/usr/lib/swift/iphonesimulator/prebuilt-modules/26.5/XPC.swiftmodule/arm64-apple-ios-simulator.swiftmodule /Applications/Xcode.app/Contents/Developer/Toolchains/XcodeDefault.xctoolchain/usr/lib/swift/iphonesimulator/prebuilt-modules/26.5/Darwin.swiftmodule/arm64-apple-ios-simulator.swiftmodule /Applications/Xcode.app/Contents/Developer/Toolchains/XcodeDefault.xctoolchain/usr/lib/swift/iphonesimulator/prebuilt-modules/26.5/_DarwinFoundation1.swiftmodule/arm64-apple-ios-simulator.swiftmodule /Applications/Xcode.app/Contents/Developer/Toolchains/XcodeDefault.xctoolchain/usr/lib/swift/iphonesimulator/prebuilt-modules/26.5/_DarwinFoundation2.swiftmodule/arm64-apple-ios-simulator.swiftmodule /tmp/picpac-phase3-layout-final-build-e6c0c65c9c5a-20260925T105458Z/iphonesimulator/Build/Products/Release-iphonesimulator/PicPacCore.swiftmodule/arm64-apple-ios-simulator.swiftmodule /Applications/Xcode.app/Contents/Developer/Toolchains/XcodeDefault.xctoolchain/usr/lib/swift/iphonesimulator/prebuilt-modules/26.5/_StringProcessing.swiftmodule/arm64-apple-ios-simulator.swiftmodule /Applications/Xcode.app/Contents/Developer/Toolchains/XcodeDefault.xctoolchain/usr/lib/swift/iphonesimulator/prebuilt-modules/26.5/Combine.swiftmodule/arm64-apple-ios-simulator.swiftmodule /Applications/Xcode.app/Contents/Developer/Toolchains/XcodeDefault.xctoolchain/usr/lib/swift/iphonesimulator/prebuilt-modules/26.5/_DarwinFoundation3.swiftmodule/arm64-apple-ios-simulator.swiftmodule /Applications/Xcode.app/Contents/Developer/Toolchains/XcodeDefault.xctoolchain/usr/lib/swift/iphonesimulator/prebuilt-modules/26.5/_Concurrency.swiftmodule/arm64-apple-ios-simulator.swiftmodule /Applications/Xcode.app/Contents/Developer/Toolchains/XcodeDefault.xctoolchain/usr/lib/swift/iphonesimulator/prebuilt-modules/26.5/_Builtin_float.swiftmodule/arm64-apple-ios-simulator.swiftmodule /tmp/picpac-phase3-layout-final-build-e6c0c65c9c5a-20260925T105458Z/iphonesimulator/ModuleCache.noindex/os_object-DPYF70W13KK68F43JBKEZ4CBD.pcm /tmp/picpac-phase3-layout-final-build-e6c0c65c9c5a-20260925T105458Z/iphonesimulator/ModuleCache.noindex/CoreFoundation-EEHJHHS5DJGCOAU4WZ7RJ597I.pcm /tmp/picpac-phase3-layout-final-build-e6c0c65c9c5a-20260925T105458Z/iphonesimulator/ModuleCache.noindex/_Builtin_stdarg-68VUUDICIV8P5X0POXTHR1SRG.pcm /tmp/picpac-phase3-layout-final-build-e6c0c65c9c5a-20260925T105458Z/iphonesimulator/ModuleCache.noindex/Dispatch-2OLRNJ3IUMRIOEZPWJWI66LNT.pcm /tmp/picpac-phase3-layout-final-build-e6c0c65c9c5a-20260925T105458Z/iphonesimulator/ModuleCache.noindex/_Builtin_stdbool-7K8U7CE1KOFOF1ZPDJMVYCF3S.pcm /tmp/picpac-phase3-layout-final-build-e6c0c65c9c5a-20260925T105458Z/iphonesimulator/ModuleCache.noindex/_Builtin_float-88CCSOU67JQLD79598PSEC1NT.pcm /tmp/picpac-phase3-layout-final-build-e6c0c65c9c5a-20260925T105458Z/iphonesimulator/ModuleCache.noindex/ptrcheck-8J4FZ2T9CRRTI0NY6NX7UZ4ZD.pcm /tmp/picpac-phase3-layout-final-build-e6c0c65c9c5a-20260925T105458Z/iphonesimulator/ModuleCache.noindex/sys_types-CCP3XTHEVG2CVRMPLPVEEUI64.pcm /tmp/picpac-phase3-layout-final-build-e6c0c65c9c5a-20260925T105458Z/iphonesimulator/ModuleCache.noindex/Foundation-6MR7ILLG7JUJSTVYI8C4U9F93.pcm /tmp/picpac-phase3-layout-final-build-e6c0c65c9c5a-20260925T105458Z/iphonesimulator/ModuleCache.noindex/SwiftShims-DQXD5UXGWZLZQ741SNTAIO2EU.pcm /tmp/picpac-phase3-layout-final-build-e6c0c65c9c5a-20260925T105458Z/iphonesimulator/ModuleCache.noindex/_SwiftConcurrencyShims-4EYUYX126IDSMIGASJU5HJ32.pcm /tmp/picpac-phase3-layout-final-build-e6c0c65c9c5a-20260925T105458Z/iphonesimulator/ModuleCache.noindex/ObjectiveC-DRTST01K4O9HW20SFL9PO3ZYD.pcm /tmp/picpac-phase3-layout-final-build-e6c0c65c9c5a-20260925T105458Z/iphonesimulator/ModuleCache.noindex/_Builtin_stddef-7SDV2W6DE5OY3QX2LW81YYM38.pcm /tmp/picpac-phase3-layout-final-build-e6c0c65c9c5a-20260925T105458Z/iphonesimulator/ModuleCache.noindex/os_workgroup-EV3R2HWV2FKTRE2HZCG1VGPWW.pcm /tmp/picpac-phase3-layout-final-build-e6c0c65c9c5a-20260925T105458Z/iphonesimulator/ModuleCache.noindex/XPC-ETETWXUXDM6X56J7F05069WVA.pcm /tmp/picpac-phase3-layout-final-build-e6c0c65c9c5a-20260925T105458Z/iphonesimulator/ModuleCache.noindex/_Builtin_stdint-1APAOD8O775NKRA9CGKX1VROX.pcm /tmp/picpac-phase3-layout-final-build-e6c0c65c9c5a-20260925T105458Z/iphonesimulator/ModuleCache.noindex/_AvailabilityInternal-EZK4KF5TS5JGY3V44X7IA9AQS.pcm /tmp/picpac-phase3-layout-final-build-e6c0c65c9c5a-20260925T105458Z/iphonesimulator/ModuleCache.noindex/_DarwinFoundation3-DDS4KTDM9GI9X79W7TL89B1YO.pcm /tmp/picpac-phase3-layout-final-build-e6c0c65c9c5a-20260925T105458Z/iphonesimulator/ModuleCache.noindex/_DarwinFoundation2-CL3WN7B3ZV3YI2CJAYAXNHFE0.pcm /tmp/picpac-phase3-layout-final-build-e6c0c65c9c5a-20260925T105458Z/iphonesimulator/ModuleCache.noindex/CFNetwork-3YI78MZIDEI93DQ3LZH8US821.pcm /tmp/picpac-phase3-layout-final-build-e6c0c65c9c5a-20260925T105458Z/iphonesimulator/ModuleCache.noindex/_Builtin_limits-2MB0NG4EA1C2Z93SSXWM4O4AK.pcm /tmp/picpac-phase3-layout-final-build-e6c0c65c9c5a-20260925T105458Z/iphonesimulator/ModuleCache.noindex/Darwin-4XAUH0NB7H9VQ2BOY6P6Q0VYU.pcm /tmp/picpac-phase3-layout-final-build-e6c0c65c9c5a-20260925T105458Z/iphonesimulator/ModuleCache.noindex/Security-19VAHS5ACKMWV8L9ROC34TIRL.pcm /tmp/picpac-phase3-layout-final-build-e6c0c65c9c5a-20260925T105458Z/iphonesimulator/ModuleCache.noindex/ptrauth-9BD0XD0377SL04ZOJ0M3ZSGTE.pcm /tmp/picpac-phase3-layout-final-build-e6c0c65c9c5a-20260925T105458Z/iphonesimulator/ModuleCache.noindex/_DarwinFoundation1-EF4IUCW52QOMQVY2INDB7HWMY.pcm /tmp/picpac-phase3-layout-final-build-e6c0c65c9c5a-20260925T105458Z/iphonesimulator/ModuleCache.noindex/_Builtin_inttypes-3285X65C3B30ZQKLOELUA2334.pcm /tmp/picpac-phase3-layout-final-build-e6c0c65c9c5a-20260925T105458Z/iphonesimulator/Build/Intermediates.noindex/PicPacKit.build/Release-iphonesimulator/PicPacAI.build/Objects-normal/arm64/PicPacAI-dependencies-2.json (in target 'PicPacAI' from project 'PicPacKit')
CompileSwift normal arm64 (in target 'PicPacAI' from project 'PicPacKit')
    cd /Users/bavabangaru/Developer/pic-pac-poe-ios-native-parity/ios/PicPacPoe.xcodeproj
    

SwiftDriver\ Compilation PicPacAI normal arm64 com.apple.xcode.tools.swift.compiler (in target 'PicPacAI' from project 'PicPacKit')
    cd /Users/bavabangaru/Developer/pic-pac-poe-ios-native-parity/ios/PicPacPoe.xcodeproj
    builtin-Swift-Compilation -- /Applications/Xcode.app/Contents/Developer/Toolchains/XcodeDefault.xctoolchain/usr/bin/swiftc -module-name PicPacAI -O -whole-module-optimization @/tmp/picpac-phase3-layout-final-build-e6c0c65c9c5a-20260925T105458Z/iphonesimulator/Build/Intermediates.noindex/PicPacKit.build/Release-iphonesimulator/PicPacAI.build/Objects-normal/arm64/PicPacAI.SwiftFileList -DSWIFT_PACKAGE -DSWIFT_MODULE_RESOURCE_BUNDLE_AVAILABLE -DXcode -plugin-path /Applications/Xcode.app/Contents/Developer/Toolchains/XcodeDefault.xctoolchain/usr/lib/swift/host/plugins/testing -enable-experimental-feature DebugDescriptionMacro -sdk /Applications/Xcode.app/Contents/Developer/Platforms/iPhoneSimulator.platform/Developer/SDKs/iPhoneSimulator26.5.sdk -target arm64-apple-ios17.0-simulator -g -module-cache-path /tmp/picpac-phase3-layout-final-build-e6c0c65c9c5a-20260925T105458Z/iphonesimulator/ModuleCache.noindex -Xfrontend -serialize-debugging-options -suppress-warnings -swift-version 6 -I /tmp/picpac-phase3-layout-final-build-e6c0c65c9c5a-20260925T105458Z/iphonesimulator/Build/Products/Release-iphonesimulator -Isystem /Applications/Xcode.app/Contents/Developer/Platforms/iPhoneSimulator.platform/Developer/usr/lib -F /tmp/picpac-phase3-layout-final-build-e6c0c65c9c5a-20260925T105458Z/iphonesimulator/Build/Products/Release-iphonesimulator/PackageFrameworks -F /tmp/picpac-phase3-layout-final-build-e6c0c65c9c5a-20260925T105458Z/iphonesimulator/Build/Products/Release-iphonesimulator -F /Applications/Xcode.app/Contents/Developer/Platforms/iPhoneSimulator.platform/Developer/Library/Frameworks -F /Applications/Xcode.app/Contents/Developer/Platforms/iPhoneSimulator.platform/Developer/SDKs/iPhoneSimulator26.5.sdk/Developer/Library/Frameworks -c -num-threads 12 -Xcc -ivfsstatcache -Xcc /tmp/picpac-phase3-layout-final-build-e6c0c65c9c5a-20260925T105458Z/iphonesimulator/SDKStatCaches.noindex/iphonesimulator26.5-23F81a-6cfe768891a92b912361537c460fe42b.sdkstatcache -output-file-map /tmp/picpac-phase3-layout-final-build-e6c0c65c9c5a-20260925T105458Z/iphonesimulator/Build/Intermediates.noindex/PicPacKit.build/Release-iphonesimulator/PicPacAI.build/Objects-normal/arm64/PicPacAI-OutputFileMap.json -use-frontend-parseable-output -save-temps -no-color-diagnostics -explicit-module-build -module-cache-path /tmp/picpac-phase3-layout-final-build-e6c0c65c9c5a-20260925T105458Z/iphonesimulator/Build/Intermediates.noindex/SwiftExplicitPrecompiledModules -clang-scanner-module-cache-path /tmp/picpac-phase3-layout-final-build-e6c0c65c9c5a-20260925T105458Z/iphonesimulator/ModuleCache.noindex -sdk-module-cache-path /tmp/picpac-phase3-layout-final-build-e6c0c65c9c5a-20260925T105458Z/iphonesimulator/ModuleCache.noindex -serialize-diagnostics -emit-dependencies -emit-module -emit-module-path /tmp/picpac-phase3-layout-final-build-e6c0c65c9c5a-20260925T105458Z/iphonesimulator/Build/Intermediates.noindex/PicPacKit.build/Release-iphonesimulator/PicPacAI.build/Objects-normal/arm64/PicPacAI.swiftmodule -validate-clang-modules-once -clang-build-session-file /tmp/picpac-phase3-layout-final-build-e6c0c65c9c5a-20260925T105458Z/iphonesimulator/ModuleCache.noindex/Session.modulevalidation -package-name picpackit -Xcc -I/tmp/picpac-phase3-layout-final-build-e6c0c65c9c5a-20260925T105458Z/iphonesimulator/Build/Intermediates.noindex/PicPacKit.build/Release-iphonesimulator/PicPacAI.build/swift-overrides.hmap -emit-const-values -Xfrontend -const-gather-protocols-file -Xfrontend /tmp/picpac-phase3-layout-final-build-e6c0c65c9c5a-20260925T105458Z/iphonesimulator/Build/Intermediates.noindex/PicPacKit.build/Release-iphonesimulator/PicPacAI.build/Objects-normal/arm64/PicPacAI_const_extract_protocols.json -Xcc -I/tmp/picpac-phase3-layout-final-build-e6c0c65c9c5a-20260925T105458Z/iphonesimulator/Build/Products/Release-iphonesimulator/include -Xcc -I/tmp/picpac-phase3-layout-final-build-e6c0c65c9c5a-20260925T105458Z/iphonesimulator/Build/Intermediates.noindex/PicPacKit.build/Release-iphonesimulator/PicPacAI.build/DerivedSources-normal/arm64 -Xcc -I/tmp/picpac-phase3-layout-final-build-e6c0c65c9c5a-20260925T105458Z/iphonesimulator/Build/Intermediates.noindex/PicPacKit.build/Release-iphonesimulator/PicPacAI.build/DerivedSources/arm64 -Xcc -I/tmp/picpac-phase3-layout-final-build-e6c0c65c9c5a-20260925T105458Z/iphonesimulator/Build/Intermediates.noindex/PicPacKit.build/Release-iphonesimulator/PicPacAI.build/DerivedSources -Xcc -DSWIFT_PACKAGE -emit-objc-header -emit-objc-header-path /tmp/picpac-phase3-layout-final-build-e6c0c65c9c5a-20260925T105458Z/iphonesimulator/Build/Intermediates.noindex/PicPacKit.build/Release-iphonesimulator/PicPacAI.build/Objects-normal/arm64/PicPacAI-Swift.h -working-directory /Users/bavabangaru/Developer/pic-pac-poe-ios-native-parity/ios/PicPacPoe.xcodeproj -no-emit-module-separately-wmo

SwiftDriverJobDiscovery normal x86_64 Compiling GameCoordinator.swift, PresentationDependencies.swift, PresentationModels.swift, RestorationValidation.swift (in target 'PicPacPresentation' from project 'PicPacKit')

SwiftDriver\ Compilation\ Requirements PicPacPresentation normal x86_64 com.apple.xcode.tools.swift.compiler (in target 'PicPacPresentation' from project 'PicPacKit')
    cd /Users/bavabangaru/Developer/pic-pac-poe-ios-native-parity/ios/PicPacPoe.xcodeproj
    builtin-Swift-Compilation-Requirements -- /Applications/Xcode.app/Contents/Developer/Toolchains/XcodeDefault.xctoolchain/usr/bin/swiftc -module-name PicPacPresentation -O -whole-module-optimization @/tmp/picpac-phase3-layout-final-build-e6c0c65c9c5a-20260925T105458Z/iphonesimulator/Build/Intermediates.noindex/PicPacKit.build/Release-iphonesimulator/PicPacPresentation.build/Objects-normal/x86_64/PicPacPresentation.SwiftFileList -DSWIFT_PACKAGE -DSWIFT_MODULE_RESOURCE_BUNDLE_UNAVAILABLE -DXcode -plugin-path /Applications/Xcode.app/Contents/Developer/Toolchains/XcodeDefault.xctoolchain/usr/lib/swift/host/plugins/testing -enable-experimental-feature DebugDescriptionMacro -sdk /Applications/Xcode.app/Contents/Developer/Platforms/iPhoneSimulator.platform/Developer/SDKs/iPhoneSimulator26.5.sdk -target x86_64-apple-ios17.0-simulator -g -module-cache-path /tmp/picpac-phase3-layout-final-build-e6c0c65c9c5a-20260925T105458Z/iphonesimulator/ModuleCache.noindex -Xfrontend -serialize-debugging-options -suppress-warnings -swift-version 6 -I /tmp/picpac-phase3-layout-final-build-e6c0c65c9c5a-20260925T105458Z/iphonesimulator/Build/Products/Release-iphonesimulator -Isystem /Applications/Xcode.app/Contents/Developer/Platforms/iPhoneSimulator.platform/Developer/usr/lib -F /tmp/picpac-phase3-layout-final-build-e6c0c65c9c5a-20260925T105458Z/iphonesimulator/Build/Products/Release-iphonesimulator/PackageFrameworks -F /tmp/picpac-phase3-layout-final-build-e6c0c65c9c5a-20260925T105458Z/iphonesimulator/Build/Products/Release-iphonesimulator -F /Applications/Xcode.app/Contents/Developer/Platforms/iPhoneSimulator.platform/Developer/Library/Frameworks -F /Applications/Xcode.app/Contents/Developer/Platforms/iPhoneSimulator.platform/Developer/SDKs/iPhoneSimulator26.5.sdk/Developer/Library/Frameworks -c -num-threads 12 -Xcc -ivfsstatcache -Xcc /tmp/picpac-phase3-layout-final-build-e6c0c65c9c5a-20260925T105458Z/iphonesimulator/SDKStatCaches.noindex/iphonesimulator26.5-23F81a-6cfe768891a92b912361537c460fe42b.sdkstatcache -output-file-map /tmp/picpac-phase3-layout-final-build-e6c0c65c9c5a-20260925T105458Z/iphonesimulator/Build/Intermediates.noindex/PicPacKit.build/Release-iphonesimulator/PicPacPresentation.build/Objects-normal/x86_64/PicPacPresentation-OutputFileMap.json -use-frontend-parseable-output -save-temps -no-color-diagnostics -explicit-module-build -module-cache-path /tmp/picpac-phase3-layout-final-build-e6c0c65c9c5a-20260925T105458Z/iphonesimulator/Build/Intermediates.noindex/SwiftExplicitPrecompiledModules -clang-scanner-module-cache-path /tmp/picpac-phase3-layout-final-build-e6c0c65c9c5a-20260925T105458Z/iphonesimulator/ModuleCache.noindex -sdk-module-cache-path /tmp/picpac-phase3-layout-final-build-e6c0c65c9c5a-20260925T105458Z/iphonesimulator/ModuleCache.noindex -serialize-diagnostics -emit-dependencies -emit-module -emit-module-path /tmp/picpac-phase3-layout-final-build-e6c0c65c9c5a-20260925T105458Z/iphonesimulator/Build/Intermediates.noindex/PicPacKit.build/Release-iphonesimulator/PicPacPresentation.build/Objects-normal/x86_64/PicPacPresentation.swiftmodule -validate-clang-modules-once -clang-build-session-file /tmp/picpac-phase3-layout-final-build-e6c0c65c9c5a-20260925T105458Z/iphonesimulator/ModuleCache.noindex/Session.modulevalidation -package-name picpackit -Xcc -I/tmp/picpac-phase3-layout-final-build-e6c0c65c9c5a-20260925T105458Z/iphonesimulator/Build/Intermediates.noindex/PicPacKit.build/Release-iphonesimulator/PicPacPresentation.build/swift-overrides.hmap -emit-const-values -Xfrontend -const-gather-protocols-file -Xfrontend /tmp/picpac-phase3-layout-final-build-e6c0c65c9c5a-20260925T105458Z/iphonesimulator/Build/Intermediates.noindex/PicPacKit.build/Release-iphonesimulator/PicPacPresentation.build/Objects-normal/x86_64/PicPacPresentation_const_extract_protocols.json -Xcc -I/tmp/picpac-phase3-layout-final-build-e6c0c65c9c5a-20260925T105458Z/iphonesimulator/Build/Products/Release-iphonesimulator/include -Xcc -I/tmp/picpac-phase3-layout-final-build-e6c0c65c9c5a-20260925T105458Z/iphonesimulator/Build/Intermediates.noindex/PicPacKit.build/Release-iphonesimulator/PicPacPresentation.build/DerivedSources-normal/x86_64 -Xcc -I/tmp/picpac-phase3-layout-final-build-e6c0c65c9c5a-20260925T105458Z/iphonesimulator/Build/Intermediates.noindex/PicPacKit.build/Release-iphonesimulator/PicPacPresentation.build/DerivedSources/x86_64 -Xcc -I/tmp/picpac-phase3-layout-final-build-e6c0c65c9c5a-20260925T105458Z/iphonesimulator/Build/Intermediates.noindex/PicPacKit.build/Release-iphonesimulator/PicPacPresentation.build/DerivedSources -Xcc -DSWIFT_PACKAGE -emit-objc-header -emit-objc-header-path /tmp/picpac-phase3-layout-final-build-e6c0c65c9c5a-20260925T105458Z/iphonesimulator/Build/Intermediates.noindex/PicPacKit.build/Release-iphonesimulator/PicPacPresentation.build/Objects-normal/x86_64/PicPacPresentation-Swift.h -working-directory /Users/bavabangaru/Developer/pic-pac-poe-ios-native-parity/ios/PicPacPoe.xcodeproj -no-emit-module-separately-wmo

Copy /tmp/picpac-phase3-layout-final-build-e6c0c65c9c5a-20260925T105458Z/iphonesimulator/Build/Products/Release-iphonesimulator/PicPacPresentation.swiftmodule/x86_64-apple-ios-simulator.swiftdoc /tmp/picpac-phase3-layout-final-build-e6c0c65c9c5a-20260925T105458Z/iphonesimulator/Build/Intermediates.noindex/PicPacKit.build/Release-iphonesimulator/PicPacPresentation.build/Objects-normal/x86_64/PicPacPresentation.swiftdoc (in target 'PicPacPresentation' from project 'PicPacKit')
    cd /Users/bavabangaru/Developer/pic-pac-poe-ios-native-parity/ios/Packages/PicPacKit
    builtin-copy -exclude .DS_Store -exclude CVS -exclude .svn -exclude .git -exclude .hg -strip-unsigned-binaries -strip-deterministic -strip-tool /Applications/Xcode.app/Contents/Developer/Toolchains/XcodeDefault.xctoolchain/usr/bin/strip -resolve-src-symlinks -rename /tmp/picpac-phase3-layout-final-build-e6c0c65c9c5a-20260925T105458Z/iphonesimulator/Build/Intermediates.noindex/PicPacKit.build/Release-iphonesimulator/PicPacPresentation.build/Objects-normal/x86_64/PicPacPresentation.swiftdoc /tmp/picpac-phase3-layout-final-build-e6c0c65c9c5a-20260925T105458Z/iphonesimulator/Build/Products/Release-iphonesimulator/PicPacPresentation.swiftmodule/x86_64-apple-ios-simulator.swiftdoc

Copy /tmp/picpac-phase3-layout-final-build-e6c0c65c9c5a-20260925T105458Z/iphonesimulator/Build/Products/Release-iphonesimulator/PicPacPresentation.swiftmodule/x86_64-apple-ios-simulator.swiftmodule /tmp/picpac-phase3-layout-final-build-e6c0c65c9c5a-20260925T105458Z/iphonesimulator/Build/Intermediates.noindex/PicPacKit.build/Release-iphonesimulator/PicPacPresentation.build/Objects-normal/x86_64/PicPacPresentation.swiftmodule (in target 'PicPacPresentation' from project 'PicPacKit')
    cd /Users/bavabangaru/Developer/pic-pac-poe-ios-native-parity/ios/Packages/PicPacKit
    builtin-copy -exclude .DS_Store -exclude CVS -exclude .svn -exclude .git -exclude .hg -strip-unsigned-binaries -strip-deterministic -strip-tool /Applications/Xcode.app/Contents/Developer/Toolchains/XcodeDefault.xctoolchain/usr/bin/strip -resolve-src-symlinks -rename /tmp/picpac-phase3-layout-final-build-e6c0c65c9c5a-20260925T105458Z/iphonesimulator/Build/Intermediates.noindex/PicPacKit.build/Release-iphonesimulator/PicPacPresentation.build/Objects-normal/x86_64/PicPacPresentation.swiftmodule /tmp/picpac-phase3-layout-final-build-e6c0c65c9c5a-20260925T105458Z/iphonesimulator/Build/Products/Release-iphonesimulator/PicPacPresentation.swiftmodule/x86_64-apple-ios-simulator.swiftmodule

Copy /tmp/picpac-phase3-layout-final-build-e6c0c65c9c5a-20260925T105458Z/iphonesimulator/Build/Products/Release-iphonesimulator/PicPacPresentation.swiftmodule/x86_64-apple-ios-simulator.abi.json /tmp/picpac-phase3-layout-final-build-e6c0c65c9c5a-20260925T105458Z/iphonesimulator/Build/Intermediates.noindex/PicPacKit.build/Release-iphonesimulator/PicPacPresentation.build/Objects-normal/x86_64/PicPacPresentation.abi.json (in target 'PicPacPresentation' from project 'PicPacKit')
    cd /Users/bavabangaru/Developer/pic-pac-poe-ios-native-parity/ios/Packages/PicPacKit
    builtin-copy -exclude .DS_Store -exclude CVS -exclude .svn -exclude .git -exclude .hg -strip-unsigned-binaries -strip-deterministic -strip-tool /Applications/Xcode.app/Contents/Developer/Toolchains/XcodeDefault.xctoolchain/usr/bin/strip -resolve-src-symlinks -rename /tmp/picpac-phase3-layout-final-build-e6c0c65c9c5a-20260925T105458Z/iphonesimulator/Build/Intermediates.noindex/PicPacKit.build/Release-iphonesimulator/PicPacPresentation.build/Objects-normal/x86_64/PicPacPresentation.abi.json /tmp/picpac-phase3-layout-final-build-e6c0c65c9c5a-20260925T105458Z/iphonesimulator/Build/Products/Release-iphonesimulator/PicPacPresentation.swiftmodule/x86_64-apple-ios-simulator.abi.json

Copy /tmp/picpac-phase3-layout-final-build-e6c0c65c9c5a-20260925T105458Z/iphonesimulator/Build/Products/Release-iphonesimulator/PicPacPresentation.swiftmodule/Project/x86_64-apple-ios-simulator.swiftsourceinfo /tmp/picpac-phase3-layout-final-build-e6c0c65c9c5a-20260925T105458Z/iphonesimulator/Build/Intermediates.noindex/PicPacKit.build/Release-iphonesimulator/PicPacPresentation.build/Objects-normal/x86_64/PicPacPresentation.swiftsourceinfo (in target 'PicPacPresentation' from project 'PicPacKit')
    cd /Users/bavabangaru/Developer/pic-pac-poe-ios-native-parity/ios/Packages/PicPacKit
    builtin-copy -exclude .DS_Store -exclude CVS -exclude .svn -exclude .git -exclude .hg -strip-unsigned-binaries -strip-deterministic -strip-tool /Applications/Xcode.app/Contents/Developer/Toolchains/XcodeDefault.xctoolchain/usr/bin/strip -resolve-src-symlinks -rename /tmp/picpac-phase3-layout-final-build-e6c0c65c9c5a-20260925T105458Z/iphonesimulator/Build/Intermediates.noindex/PicPacKit.build/Release-iphonesimulator/PicPacPresentation.build/Objects-normal/x86_64/PicPacPresentation.swiftsourceinfo /tmp/picpac-phase3-layout-final-build-e6c0c65c9c5a-20260925T105458Z/iphonesimulator/Build/Products/Release-iphonesimulator/PicPacPresentation.swiftmodule/Project/x86_64-apple-ios-simulator.swiftsourceinfo

SwiftDriverJobDiscovery normal arm64 Compiling GameCoordinator.swift, PresentationDependencies.swift, PresentationModels.swift, RestorationValidation.swift (in target 'PicPacPresentation' from project 'PicPacKit')

SwiftDriver\ Compilation\ Requirements PicPacPresentation normal arm64 com.apple.xcode.tools.swift.compiler (in target 'PicPacPresentation' from project 'PicPacKit')
    cd /Users/bavabangaru/Developer/pic-pac-poe-ios-native-parity/ios/PicPacPoe.xcodeproj
    builtin-Swift-Compilation-Requirements -- /Applications/Xcode.app/Contents/Developer/Toolchains/XcodeDefault.xctoolchain/usr/bin/swiftc -module-name PicPacPresentation -O -whole-module-optimization @/tmp/picpac-phase3-layout-final-build-e6c0c65c9c5a-20260925T105458Z/iphonesimulator/Build/Intermediates.noindex/PicPacKit.build/Release-iphonesimulator/PicPacPresentation.build/Objects-normal/arm64/PicPacPresentation.SwiftFileList -DSWIFT_PACKAGE -DSWIFT_MODULE_RESOURCE_BUNDLE_UNAVAILABLE -DXcode -plugin-path /Applications/Xcode.app/Contents/Developer/Toolchains/XcodeDefault.xctoolchain/usr/lib/swift/host/plugins/testing -enable-experimental-feature DebugDescriptionMacro -sdk /Applications/Xcode.app/Contents/Developer/Platforms/iPhoneSimulator.platform/Developer/SDKs/iPhoneSimulator26.5.sdk -target arm64-apple-ios17.0-simulator -g -module-cache-path /tmp/picpac-phase3-layout-final-build-e6c0c65c9c5a-20260925T105458Z/iphonesimulator/ModuleCache.noindex -Xfrontend -serialize-debugging-options -suppress-warnings -swift-version 6 -I /tmp/picpac-phase3-layout-final-build-e6c0c65c9c5a-20260925T105458Z/iphonesimulator/Build/Products/Release-iphonesimulator -Isystem /Applications/Xcode.app/Contents/Developer/Platforms/iPhoneSimulator.platform/Developer/usr/lib -F /tmp/picpac-phase3-layout-final-build-e6c0c65c9c5a-20260925T105458Z/iphonesimulator/Build/Products/Release-iphonesimulator/PackageFrameworks -F /tmp/picpac-phase3-layout-final-build-e6c0c65c9c5a-20260925T105458Z/iphonesimulator/Build/Products/Release-iphonesimulator -F /Applications/Xcode.app/Contents/Developer/Platforms/iPhoneSimulator.platform/Developer/Library/Frameworks -F /Applications/Xcode.app/Contents/Developer/Platforms/iPhoneSimulator.platform/Developer/SDKs/iPhoneSimulator26.5.sdk/Developer/Library/Frameworks -c -num-threads 12 -Xcc -ivfsstatcache -Xcc /tmp/picpac-phase3-layout-final-build-e6c0c65c9c5a-20260925T105458Z/iphonesimulator/SDKStatCaches.noindex/iphonesimulator26.5-23F81a-6cfe768891a92b912361537c460fe42b.sdkstatcache -output-file-map /tmp/picpac-phase3-layout-final-build-e6c0c65c9c5a-20260925T105458Z/iphonesimulator/Build/Intermediates.noindex/PicPacKit.build/Release-iphonesimulator/PicPacPresentation.build/Objects-normal/arm64/PicPacPresentation-OutputFileMap.json -use-frontend-parseable-output -save-temps -no-color-diagnostics -explicit-module-build -module-cache-path /tmp/picpac-phase3-layout-final-build-e6c0c65c9c5a-20260925T105458Z/iphonesimulator/Build/Intermediates.noindex/SwiftExplicitPrecompiledModules -clang-scanner-module-cache-path /tmp/picpac-phase3-layout-final-build-e6c0c65c9c5a-20260925T105458Z/iphonesimulator/ModuleCache.noindex -sdk-module-cache-path /tmp/picpac-phase3-layout-final-build-e6c0c65c9c5a-20260925T105458Z/iphonesimulator/ModuleCache.noindex -serialize-diagnostics -emit-dependencies -emit-module -emit-module-path /tmp/picpac-phase3-layout-final-build-e6c0c65c9c5a-20260925T105458Z/iphonesimulator/Build/Intermediates.noindex/PicPacKit.build/Release-iphonesimulator/PicPacPresentation.build/Objects-normal/arm64/PicPacPresentation.swiftmodule -validate-clang-modules-once -clang-build-session-file /tmp/picpac-phase3-layout-final-build-e6c0c65c9c5a-20260925T105458Z/iphonesimulator/ModuleCache.noindex/Session.modulevalidation -package-name picpackit -Xcc -I/tmp/picpac-phase3-layout-final-build-e6c0c65c9c5a-20260925T105458Z/iphonesimulator/Build/Intermediates.noindex/PicPacKit.build/Release-iphonesimulator/PicPacPresentation.build/swift-overrides.hmap -emit-const-values -Xfrontend -const-gather-protocols-file -Xfrontend /tmp/picpac-phase3-layout-final-build-e6c0c65c9c5a-20260925T105458Z/iphonesimulator/Build/Intermediates.noindex/PicPacKit.build/Release-iphonesimulator/PicPacPresentation.build/Objects-normal/arm64/PicPacPresentation_const_extract_protocols.json -Xcc -I/tmp/picpac-phase3-layout-final-build-e6c0c65c9c5a-20260925T105458Z/iphonesimulator/Build/Products/Release-iphonesimulator/include -Xcc -I/tmp/picpac-phase3-layout-final-build-e6c0c65c9c5a-20260925T105458Z/iphonesimulator/Build/Intermediates.noindex/PicPacKit.build/Release-iphonesimulator/PicPacPresentation.build/DerivedSources-normal/arm64 -Xcc -I/tmp/picpac-phase3-layout-final-build-e6c0c65c9c5a-20260925T105458Z/iphonesimulator/Build/Intermediates.noindex/PicPacKit.build/Release-iphonesimulator/PicPacPresentation.build/DerivedSources/arm64 -Xcc -I/tmp/picpac-phase3-layout-final-build-e6c0c65c9c5a-20260925T105458Z/iphonesimulator/Build/Intermediates.noindex/PicPacKit.build/Release-iphonesimulator/PicPacPresentation.build/DerivedSources -Xcc -DSWIFT_PACKAGE -emit-objc-header -emit-objc-header-path /tmp/picpac-phase3-layout-final-build-e6c0c65c9c5a-20260925T105458Z/iphonesimulator/Build/Intermediates.noindex/PicPacKit.build/Release-iphonesimulator/PicPacPresentation.build/Objects-normal/arm64/PicPacPresentation-Swift.h -working-directory /Users/bavabangaru/Developer/pic-pac-poe-ios-native-parity/ios/PicPacPoe.xcodeproj -no-emit-module-separately-wmo

SwiftMergeGeneratedHeaders /tmp/picpac-phase3-layout-final-build-e6c0c65c9c5a-20260925T105458Z/iphonesimulator/Build/Intermediates.noindex/GeneratedModuleMaps-iphonesimulator/PicPacPresentation-Swift.h /tmp/picpac-phase3-layout-final-build-e6c0c65c9c5a-20260925T105458Z/iphonesimulator/Build/Intermediates.noindex/PicPacKit.build/Release-iphonesimulator/PicPacPresentation.build/Objects-normal/arm64/PicPacPresentation-Swift.h /tmp/picpac-phase3-layout-final-build-e6c0c65c9c5a-20260925T105458Z/iphonesimulator/Build/Intermediates.noindex/PicPacKit.build/Release-iphonesimulator/PicPacPresentation.build/Objects-normal/x86_64/PicPacPresentation-Swift.h (in target 'PicPacPresentation' from project 'PicPacKit')
    cd /Users/bavabangaru/Developer/pic-pac-poe-ios-native-parity/ios/Packages/PicPacKit
    builtin-swiftHeaderTool -arch arm64 /tmp/picpac-phase3-layout-final-build-e6c0c65c9c5a-20260925T105458Z/iphonesimulator/Build/Intermediates.noindex/PicPacKit.build/Release-iphonesimulator/PicPacPresentation.build/Objects-normal/arm64/PicPacPresentation-Swift.h -arch x86_64 /tmp/picpac-phase3-layout-final-build-e6c0c65c9c5a-20260925T105458Z/iphonesimulator/Build/Intermediates.noindex/PicPacKit.build/Release-iphonesimulator/PicPacPresentation.build/Objects-normal/x86_64/PicPacPresentation-Swift.h -o /tmp/picpac-phase3-layout-final-build-e6c0c65c9c5a-20260925T105458Z/iphonesimulator/Build/Intermediates.noindex/GeneratedModuleMaps-iphonesimulator/PicPacPresentation-Swift.h

Copy /tmp/picpac-phase3-layout-final-build-e6c0c65c9c5a-20260925T105458Z/iphonesimulator/Build/Products/Release-iphonesimulator/PicPacPresentation.swiftmodule/arm64-apple-ios-simulator.abi.json /tmp/picpac-phase3-layout-final-build-e6c0c65c9c5a-20260925T105458Z/iphonesimulator/Build/Intermediates.noindex/PicPacKit.build/Release-iphonesimulator/PicPacPresentation.build/Objects-normal/arm64/PicPacPresentation.abi.json (in target 'PicPacPresentation' from project 'PicPacKit')
    cd /Users/bavabangaru/Developer/pic-pac-poe-ios-native-parity/ios/Packages/PicPacKit
    builtin-copy -exclude .DS_Store -exclude CVS -exclude .svn -exclude .git -exclude .hg -strip-unsigned-binaries -strip-deterministic -strip-tool /Applications/Xcode.app/Contents/Developer/Toolchains/XcodeDefault.xctoolchain/usr/bin/strip -resolve-src-symlinks -rename /tmp/picpac-phase3-layout-final-build-e6c0c65c9c5a-20260925T105458Z/iphonesimulator/Build/Intermediates.noindex/PicPacKit.build/Release-iphonesimulator/PicPacPresentation.build/Objects-normal/arm64/PicPacPresentation.abi.json /tmp/picpac-phase3-layout-final-build-e6c0c65c9c5a-20260925T105458Z/iphonesimulator/Build/Products/Release-iphonesimulator/PicPacPresentation.swiftmodule/arm64-apple-ios-simulator.abi.json

Copy /tmp/picpac-phase3-layout-final-build-e6c0c65c9c5a-20260925T105458Z/iphonesimulator/Build/Products/Release-iphonesimulator/PicPacPresentation.swiftmodule/Project/arm64-apple-ios-simulator.swiftsourceinfo /tmp/picpac-phase3-layout-final-build-e6c0c65c9c5a-20260925T105458Z/iphonesimulator/Build/Intermediates.noindex/PicPacKit.build/Release-iphonesimulator/PicPacPresentation.build/Objects-normal/arm64/PicPacPresentation.swiftsourceinfo (in target 'PicPacPresentation' from project 'PicPacKit')
    cd /Users/bavabangaru/Developer/pic-pac-poe-ios-native-parity/ios/Packages/PicPacKit
    builtin-copy -exclude .DS_Store -exclude CVS -exclude .svn -exclude .git -exclude .hg -strip-unsigned-binaries -strip-deterministic -strip-tool /Applications/Xcode.app/Contents/Developer/Toolchains/XcodeDefault.xctoolchain/usr/bin/strip -resolve-src-symlinks -rename /tmp/picpac-phase3-layout-final-build-e6c0c65c9c5a-20260925T105458Z/iphonesimulator/Build/Intermediates.noindex/PicPacKit.build/Release-iphonesimulator/PicPacPresentation.build/Objects-normal/arm64/PicPacPresentation.swiftsourceinfo /tmp/picpac-phase3-layout-final-build-e6c0c65c9c5a-20260925T105458Z/iphonesimulator/Build/Products/Release-iphonesimulator/PicPacPresentation.swiftmodule/Project/arm64-apple-ios-simulator.swiftsourceinfo

Copy /tmp/picpac-phase3-layout-final-build-e6c0c65c9c5a-20260925T105458Z/iphonesimulator/Build/Products/Release-iphonesimulator/PicPacPresentation.swiftmodule/arm64-apple-ios-simulator.swiftdoc /tmp/picpac-phase3-layout-final-build-e6c0c65c9c5a-20260925T105458Z/iphonesimulator/Build/Intermediates.noindex/PicPacKit.build/Release-iphonesimulator/PicPacPresentation.build/Objects-normal/arm64/PicPacPresentation.swiftdoc (in target 'PicPacPresentation' from project 'PicPacKit')
    cd /Users/bavabangaru/Developer/pic-pac-poe-ios-native-parity/ios/Packages/PicPacKit
    builtin-copy -exclude .DS_Store -exclude CVS -exclude .svn -exclude .git -exclude .hg -strip-unsigned-binaries -strip-deterministic -strip-tool /Applications/Xcode.app/Contents/Developer/Toolchains/XcodeDefault.xctoolchain/usr/bin/strip -resolve-src-symlinks -rename /tmp/picpac-phase3-layout-final-build-e6c0c65c9c5a-20260925T105458Z/iphonesimulator/Build/Intermediates.noindex/PicPacKit.build/Release-iphonesimulator/PicPacPresentation.build/Objects-normal/arm64/PicPacPresentation.swiftdoc /tmp/picpac-phase3-layout-final-build-e6c0c65c9c5a-20260925T105458Z/iphonesimulator/Build/Products/Release-iphonesimulator/PicPacPresentation.swiftmodule/arm64-apple-ios-simulator.swiftdoc

Copy /tmp/picpac-phase3-layout-final-build-e6c0c65c9c5a-20260925T105458Z/iphonesimulator/Build/Products/Release-iphonesimulator/PicPacPresentation.swiftmodule/arm64-apple-ios-simulator.swiftmodule /tmp/picpac-phase3-layout-final-build-e6c0c65c9c5a-20260925T105458Z/iphonesimulator/Build/Intermediates.noindex/PicPacKit.build/Release-iphonesimulator/PicPacPresentation.build/Objects-normal/arm64/PicPacPresentation.swiftmodule (in target 'PicPacPresentation' from project 'PicPacKit')
    cd /Users/bavabangaru/Developer/pic-pac-poe-ios-native-parity/ios/Packages/PicPacKit
    builtin-copy -exclude .DS_Store -exclude CVS -exclude .svn -exclude .git -exclude .hg -strip-unsigned-binaries -strip-deterministic -strip-tool /Applications/Xcode.app/Contents/Developer/Toolchains/XcodeDefault.xctoolchain/usr/bin/strip -resolve-src-symlinks -rename /tmp/picpac-phase3-layout-final-build-e6c0c65c9c5a-20260925T105458Z/iphonesimulator/Build/Intermediates.noindex/PicPacKit.build/Release-iphonesimulator/PicPacPresentation.build/Objects-normal/arm64/PicPacPresentation.swiftmodule /tmp/picpac-phase3-layout-final-build-e6c0c65c9c5a-20260925T105458Z/iphonesimulator/Build/Products/Release-iphonesimulator/PicPacPresentation.swiftmodule/arm64-apple-ios-simulator.swiftmodule

Ld /tmp/picpac-phase3-layout-final-build-e6c0c65c9c5a-20260925T105458Z/iphonesimulator/Build/Intermediates.noindex/PicPacKit.build/Release-iphonesimulator/PicPacPresentation.build/Objects-normal/arm64/Binary/PicPacPresentation.o normal arm64 (in target 'PicPacPresentation' from project 'PicPacKit')
    cd /Users/bavabangaru/Developer/pic-pac-poe-ios-native-parity/ios/Packages/PicPacKit
    /Applications/Xcode.app/Contents/Developer/Toolchains/XcodeDefault.xctoolchain/usr/bin/clang -Xlinker -reproducible -target arm64-apple-ios17.0-simulator -r -isysroot /Applications/Xcode.app/Contents/Developer/Platforms/iPhoneSimulator.platform/Developer/SDKs/iPhoneSimulator26.5.sdk -Os -w -F/tmp/picpac-phase3-layout-final-build-e6c0c65c9c5a-20260925T105458Z/iphonesimulator/Build/Intermediates.noindex/EagerLinkingTBDs/Release-iphonesimulator -F/tmp/picpac-phase3-layout-final-build-e6c0c65c9c5a-20260925T105458Z/iphonesimulator/Build/Products/Release-iphonesimulator/PackageFrameworks -F/tmp/picpac-phase3-layout-final-build-e6c0c65c9c5a-20260925T105458Z/iphonesimulator/Build/Products/Release-iphonesimulator -iframework /Applications/Xcode.app/Contents/Developer/Platforms/iPhoneSimulator.platform/Developer/Library/Frameworks -iframework /Applications/Xcode.app/Contents/Developer/Platforms/iPhoneSimulator.platform/Developer/SDKs/iPhoneSimulator26.5.sdk/Developer/Library/Frameworks -filelist /tmp/picpac-phase3-layout-final-build-e6c0c65c9c5a-20260925T105458Z/iphonesimulator/Build/Intermediates.noindex/PicPacKit.build/Release-iphonesimulator/PicPacPresentation.build/Objects-normal/arm64/PicPacPresentation.LinkFileList -nostdlib -Xlinker -object_path_lto -Xlinker /tmp/picpac-phase3-layout-final-build-e6c0c65c9c5a-20260925T105458Z/iphonesimulator/Build/Intermediates.noindex/PicPacKit.build/Release-iphonesimulator/PicPacPresentation.build/Objects-normal/arm64/PicPacPresentation_lto.o -Xlinker -objc_abi_version -Xlinker 2 -Xlinker -dependency_info -Xlinker /tmp/picpac-phase3-layout-final-build-e6c0c65c9c5a-20260925T105458Z/iphonesimulator/Build/Intermediates.noindex/PicPacKit.build/Release-iphonesimulator/PicPacPresentation.build/Objects-normal/arm64/PicPacPresentation_dependency_info.dat -fobjc-link-runtime -L/Applications/Xcode.app/Contents/Developer/Toolchains/XcodeDefault.xctoolchain/usr/lib/swift/iphonesimulator -L/usr/lib/swift -Xlinker -add_ast_path -Xlinker /tmp/picpac-phase3-layout-final-build-e6c0c65c9c5a-20260925T105458Z/iphonesimulator/Build/Intermediates.noindex/PicPacKit.build/Release-iphonesimulator/PicPacPresentation.build/Objects-normal/arm64/PicPacPresentation.swiftmodule @/tmp/picpac-phase3-layout-final-build-e6c0c65c9c5a-20260925T105458Z/iphonesimulator/Build/Intermediates.noindex/PicPacKit.build/Release-iphonesimulator/PicPacPresentation.build/Objects-normal/arm64/PicPacPresentation-linker-args.resp -o /tmp/picpac-phase3-layout-final-build-e6c0c65c9c5a-20260925T105458Z/iphonesimulator/Build/Intermediates.noindex/PicPacKit.build/Release-iphonesimulator/PicPacPresentation.build/Objects-normal/arm64/Binary/PicPacPresentation.o

Ld /tmp/picpac-phase3-layout-final-build-e6c0c65c9c5a-20260925T105458Z/iphonesimulator/Build/Intermediates.noindex/PicPacKit.build/Release-iphonesimulator/PicPacPresentation.build/Objects-normal/x86_64/Binary/PicPacPresentation.o normal x86_64 (in target 'PicPacPresentation' from project 'PicPacKit')
    cd /Users/bavabangaru/Developer/pic-pac-poe-ios-native-parity/ios/Packages/PicPacKit
    /Applications/Xcode.app/Contents/Developer/Toolchains/XcodeDefault.xctoolchain/usr/bin/clang -Xlinker -reproducible -target x86_64-apple-ios17.0-simulator -r -isysroot /Applications/Xcode.app/Contents/Developer/Platforms/iPhoneSimulator.platform/Developer/SDKs/iPhoneSimulator26.5.sdk -Os -w -F/tmp/picpac-phase3-layout-final-build-e6c0c65c9c5a-20260925T105458Z/iphonesimulator/Build/Intermediates.noindex/EagerLinkingTBDs/Release-iphonesimulator -F/tmp/picpac-phase3-layout-final-build-e6c0c65c9c5a-20260925T105458Z/iphonesimulator/Build/Products/Release-iphonesimulator/PackageFrameworks -F/tmp/picpac-phase3-layout-final-build-e6c0c65c9c5a-20260925T105458Z/iphonesimulator/Build/Products/Release-iphonesimulator -iframework /Applications/Xcode.app/Contents/Developer/Platforms/iPhoneSimulator.platform/Developer/Library/Frameworks -iframework /Applications/Xcode.app/Contents/Developer/Platforms/iPhoneSimulator.platform/Developer/SDKs/iPhoneSimulator26.5.sdk/Developer/Library/Frameworks -filelist /tmp/picpac-phase3-layout-final-build-e6c0c65c9c5a-20260925T105458Z/iphonesimulator/Build/Intermediates.noindex/PicPacKit.build/Release-iphonesimulator/PicPacPresentation.build/Objects-normal/x86_64/PicPacPresentation.LinkFileList -nostdlib -Xlinker -object_path_lto -Xlinker /tmp/picpac-phase3-layout-final-build-e6c0c65c9c5a-20260925T105458Z/iphonesimulator/Build/Intermediates.noindex/PicPacKit.build/Release-iphonesimulator/PicPacPresentation.build/Objects-normal/x86_64/PicPacPresentation_lto.o -Xlinker -objc_abi_version -Xlinker 2 -Xlinker -dependency_info -Xlinker /tmp/picpac-phase3-layout-final-build-e6c0c65c9c5a-20260925T105458Z/iphonesimulator/Build/Intermediates.noindex/PicPacKit.build/Release-iphonesimulator/PicPacPresentation.build/Objects-normal/x86_64/PicPacPresentation_dependency_info.dat -fobjc-link-runtime -L/Applications/Xcode.app/Contents/Developer/Toolchains/XcodeDefault.xctoolchain/usr/lib/swift/iphonesimulator -L/usr/lib/swift -Xlinker -add_ast_path -Xlinker /tmp/picpac-phase3-layout-final-build-e6c0c65c9c5a-20260925T105458Z/iphonesimulator/Build/Intermediates.noindex/PicPacKit.build/Release-iphonesimulator/PicPacPresentation.build/Objects-normal/x86_64/PicPacPresentation.swiftmodule @/tmp/picpac-phase3-layout-final-build-e6c0c65c9c5a-20260925T105458Z/iphonesimulator/Build/Intermediates.noindex/PicPacKit.build/Release-iphonesimulator/PicPacPresentation.build/Objects-normal/x86_64/PicPacPresentation-linker-args.resp -o /tmp/picpac-phase3-layout-final-build-e6c0c65c9c5a-20260925T105458Z/iphonesimulator/Build/Intermediates.noindex/PicPacKit.build/Release-iphonesimulator/PicPacPresentation.build/Objects-normal/x86_64/Binary/PicPacPresentation.o

CreateUniversalBinary /tmp/picpac-phase3-layout-final-build-e6c0c65c9c5a-20260925T105458Z/iphonesimulator/Build/Products/Release-iphonesimulator/PicPacPresentation.o normal arm64\ x86_64 (in target 'PicPacPresentation' from project 'PicPacKit')
    cd /Users/bavabangaru/Developer/pic-pac-poe-ios-native-parity/ios/Packages/PicPacKit
    /Applications/Xcode.app/Contents/Developer/Toolchains/XcodeDefault.xctoolchain/usr/bin/lipo -create /tmp/picpac-phase3-layout-final-build-e6c0c65c9c5a-20260925T105458Z/iphonesimulator/Build/Intermediates.noindex/PicPacKit.build/Release-iphonesimulator/PicPacPresentation.build/Objects-normal/arm64/Binary/PicPacPresentation.o /tmp/picpac-phase3-layout-final-build-e6c0c65c9c5a-20260925T105458Z/iphonesimulator/Build/Intermediates.noindex/PicPacKit.build/Release-iphonesimulator/PicPacPresentation.build/Objects-normal/x86_64/Binary/PicPacPresentation.o -output /tmp/picpac-phase3-layout-final-build-e6c0c65c9c5a-20260925T105458Z/iphonesimulator/Build/Products/Release-iphonesimulator/PicPacPresentation.o

ExtractAppIntentsMetadata (in target 'PicPacPresentation' from project 'PicPacKit')
    cd /Users/bavabangaru/Developer/pic-pac-poe-ios-native-parity/ios/Packages/PicPacKit
    /Applications/Xcode.app/Contents/Developer/Toolchains/XcodeDefault.xctoolchain/usr/bin/appintentsmetadataprocessor --toolchain-dir /Applications/Xcode.app/Contents/Developer/Toolchains/XcodeDefault.xctoolchain --module-name PicPacPresentation --sdk-root /Applications/Xcode.app/Contents/Developer/Platforms/iPhoneSimulator.platform/Developer/SDKs/iPhoneSimulator26.5.sdk --xcode-version 17F113 --platform-family iOS --deployment-target 17.0 --bundle-identifier picpackit.PicPacPresentation --output /tmp/picpac-phase3-layout-final-build-e6c0c65c9c5a-20260925T105458Z/iphonesimulator/Build/Products/Release-iphonesimulator/PicPacPresentation.appintents --target-triple arm64-apple-ios17.0-simulator --target-triple x86_64-apple-ios17.0-simulator --binary-file /tmp/picpac-phase3-layout-final-build-e6c0c65c9c5a-20260925T105458Z/iphonesimulator/Build/Products/Release-iphonesimulator/PicPacPresentation.o --dependency-file /tmp/picpac-phase3-layout-final-build-e6c0c65c9c5a-20260925T105458Z/iphonesimulator/Build/Intermediates.noindex/PicPacKit.build/Release-iphonesimulator/PicPacPresentation.build/Objects-normal/arm64/PicPacPresentation_dependency_info.dat --dependency-file /tmp/picpac-phase3-layout-final-build-e6c0c65c9c5a-20260925T105458Z/iphonesimulator/Build/Intermediates.noindex/PicPacKit.build/Release-iphonesimulator/PicPacPresentation.build/Objects-normal/x86_64/PicPacPresentation_dependency_info.dat --stringsdata-file /tmp/picpac-phase3-layout-final-build-e6c0c65c9c5a-20260925T105458Z/iphonesimulator/Build/Intermediates.noindex/PicPacKit.build/Release-iphonesimulator/PicPacPresentation.build/Objects-normal/arm64/ExtractedAppShortcutsMetadata.stringsdata --stringsdata-file /tmp/picpac-phase3-layout-final-build-e6c0c65c9c5a-20260925T105458Z/iphonesimulator/Build/Intermediates.noindex/PicPacKit.build/Release-iphonesimulator/PicPacPresentation.build/Objects-normal/x86_64/ExtractedAppShortcutsMetadata.stringsdata --source-file-list /tmp/picpac-phase3-layout-final-build-e6c0c65c9c5a-20260925T105458Z/iphonesimulator/Build/Intermediates.noindex/PicPacKit.build/Release-iphonesimulator/PicPacPresentation.build/Objects-normal/arm64/PicPacPresentation.SwiftFileList --source-file-list /tmp/picpac-phase3-layout-final-build-e6c0c65c9c5a-20260925T105458Z/iphonesimulator/Build/Intermediates.noindex/PicPacKit.build/Release-iphonesimulator/PicPacPresentation.build/Objects-normal/x86_64/PicPacPresentation.SwiftFileList --metadata-file-list /tmp/picpac-phase3-layout-final-build-e6c0c65c9c5a-20260925T105458Z/iphonesimulator/Build/Intermediates.noindex/PicPacKit.build/Release-iphonesimulator/PicPacPresentation.build/PicPacPresentation.DependencyMetadataFileList --static-metadata-file-list /tmp/picpac-phase3-layout-final-build-e6c0c65c9c5a-20260925T105458Z/iphonesimulator/Build/Intermediates.noindex/PicPacKit.build/Release-iphonesimulator/PicPacPresentation.build/PicPacPresentation.DependencyStaticMetadataFileList --swift-const-vals-list /tmp/picpac-phase3-layout-final-build-e6c0c65c9c5a-20260925T105458Z/iphonesimulator/Build/Intermediates.noindex/PicPacKit.build/Release-iphonesimulator/PicPacPresentation.build/Objects-normal/arm64/PicPacPresentation.SwiftConstValuesFileList --swift-const-vals-list /tmp/picpac-phase3-layout-final-build-e6c0c65c9c5a-20260925T105458Z/iphonesimulator/Build/Intermediates.noindex/PicPacKit.build/Release-iphonesimulator/PicPacPresentation.build/Objects-normal/x86_64/PicPacPresentation.SwiftConstValuesFileList --force --compile-time-extraction --deployment-aware-processing --validate-assistant-intents --no-app-shortcuts-localization
2026-09-25 06:55:23.059 appintentsmetadataprocessor[16916:116145165] Starting appintentsmetadataprocessor export
2026-09-25 06:55:23.066 appintentsmetadataprocessor[16916:116145165] Extracted no relevant App Intents symbols, skipping writing output

RegisterExecutionPolicyException /tmp/picpac-phase3-layout-final-build-e6c0c65c9c5a-20260925T105458Z/iphonesimulator/Build/Products/Release-iphonesimulator/PicPacPresentation.o (in target 'PicPacPresentation' from project 'PicPacKit')
    cd /Users/bavabangaru/Developer/pic-pac-poe-ios-native-parity/ios/Packages/PicPacKit
    builtin-RegisterExecutionPolicyException /tmp/picpac-phase3-layout-final-build-e6c0c65c9c5a-20260925T105458Z/iphonesimulator/Build/Products/Release-iphonesimulator/PicPacPresentation.o

SwiftDriverJobDiscovery normal x86_64 Compiling resource_bundle_accessor.swift, AIContracts.swift, ExpectiminimaxAgent.swift, FastAgents.swift, PositionEvaluator.swift, ProductionAIEngine.swift, RandomSources.swift, ReferenceExpectiminimax.swift, SearchModel.swift, StochasticMCTSAgent.swift, TabularPolicy.swift (in target 'PicPacAI' from project 'PicPacKit')

SwiftDriverJobDiscovery normal arm64 Compiling resource_bundle_accessor.swift, AIContracts.swift, ExpectiminimaxAgent.swift, FastAgents.swift, PositionEvaluator.swift, ProductionAIEngine.swift, RandomSources.swift, ReferenceExpectiminimax.swift, SearchModel.swift, StochasticMCTSAgent.swift, TabularPolicy.swift (in target 'PicPacAI' from project 'PicPacKit')

SwiftDriver\ Compilation\ Requirements PicPacAI normal x86_64 com.apple.xcode.tools.swift.compiler (in target 'PicPacAI' from project 'PicPacKit')
    cd /Users/bavabangaru/Developer/pic-pac-poe-ios-native-parity/ios/PicPacPoe.xcodeproj
    builtin-Swift-Compilation-Requirements -- /Applications/Xcode.app/Contents/Developer/Toolchains/XcodeDefault.xctoolchain/usr/bin/swiftc -module-name PicPacAI -O -whole-module-optimization @/tmp/picpac-phase3-layout-final-build-e6c0c65c9c5a-20260925T105458Z/iphonesimulator/Build/Intermediates.noindex/PicPacKit.build/Release-iphonesimulator/PicPacAI.build/Objects-normal/x86_64/PicPacAI.SwiftFileList -DSWIFT_PACKAGE -DSWIFT_MODULE_RESOURCE_BUNDLE_AVAILABLE -DXcode -plugin-path /Applications/Xcode.app/Contents/Developer/Toolchains/XcodeDefault.xctoolchain/usr/lib/swift/host/plugins/testing -enable-experimental-feature DebugDescriptionMacro -sdk /Applications/Xcode.app/Contents/Developer/Platforms/iPhoneSimulator.platform/Developer/SDKs/iPhoneSimulator26.5.sdk -target x86_64-apple-ios17.0-simulator -g -module-cache-path /tmp/picpac-phase3-layout-final-build-e6c0c65c9c5a-20260925T105458Z/iphonesimulator/ModuleCache.noindex -Xfrontend -serialize-debugging-options -suppress-warnings -swift-version 6 -I /tmp/picpac-phase3-layout-final-build-e6c0c65c9c5a-20260925T105458Z/iphonesimulator/Build/Products/Release-iphonesimulator -Isystem /Applications/Xcode.app/Contents/Developer/Platforms/iPhoneSimulator.platform/Developer/usr/lib -F /tmp/picpac-phase3-layout-final-build-e6c0c65c9c5a-20260925T105458Z/iphonesimulator/Build/Products/Release-iphonesimulator/PackageFrameworks -F /tmp/picpac-phase3-layout-final-build-e6c0c65c9c5a-20260925T105458Z/iphonesimulator/Build/Products/Release-iphonesimulator -F /Applications/Xcode.app/Contents/Developer/Platforms/iPhoneSimulator.platform/Developer/Library/Frameworks -F /Applications/Xcode.app/Contents/Developer/Platforms/iPhoneSimulator.platform/Developer/SDKs/iPhoneSimulator26.5.sdk/Developer/Library/Frameworks -c -num-threads 12 -Xcc -ivfsstatcache -Xcc /tmp/picpac-phase3-layout-final-build-e6c0c65c9c5a-20260925T105458Z/iphonesimulator/SDKStatCaches.noindex/iphonesimulator26.5-23F81a-6cfe768891a92b912361537c460fe42b.sdkstatcache -output-file-map /tmp/picpac-phase3-layout-final-build-e6c0c65c9c5a-20260925T105458Z/iphonesimulator/Build/Intermediates.noindex/PicPacKit.build/Release-iphonesimulator/PicPacAI.build/Objects-normal/x86_64/PicPacAI-OutputFileMap.json -use-frontend-parseable-output -save-temps -no-color-diagnostics -explicit-module-build -module-cache-path /tmp/picpac-phase3-layout-final-build-e6c0c65c9c5a-20260925T105458Z/iphonesimulator/Build/Intermediates.noindex/SwiftExplicitPrecompiledModules -clang-scanner-module-cache-path /tmp/picpac-phase3-layout-final-build-e6c0c65c9c5a-20260925T105458Z/iphonesimulator/ModuleCache.noindex -sdk-module-cache-path /tmp/picpac-phase3-layout-final-build-e6c0c65c9c5a-20260925T105458Z/iphonesimulator/ModuleCache.noindex -serialize-diagnostics -emit-dependencies -emit-module -emit-module-path /tmp/picpac-phase3-layout-final-build-e6c0c65c9c5a-20260925T105458Z/iphonesimulator/Build/Intermediates.noindex/PicPacKit.build/Release-iphonesimulator/PicPacAI.build/Objects-normal/x86_64/PicPacAI.swiftmodule -validate-clang-modules-once -clang-build-session-file /tmp/picpac-phase3-layout-final-build-e6c0c65c9c5a-20260925T105458Z/iphonesimulator/ModuleCache.noindex/Session.modulevalidation -package-name picpackit -Xcc -I/tmp/picpac-phase3-layout-final-build-e6c0c65c9c5a-20260925T105458Z/iphonesimulator/Build/Intermediates.noindex/PicPacKit.build/Release-iphonesimulator/PicPacAI.build/swift-overrides.hmap -emit-const-values -Xfrontend -const-gather-protocols-file -Xfrontend /tmp/picpac-phase3-layout-final-build-e6c0c65c9c5a-20260925T105458Z/iphonesimulator/Build/Intermediates.noindex/PicPacKit.build/Release-iphonesimulator/PicPacAI.build/Objects-normal/x86_64/PicPacAI_const_extract_protocols.json -Xcc -I/tmp/picpac-phase3-layout-final-build-e6c0c65c9c5a-20260925T105458Z/iphonesimulator/Build/Products/Release-iphonesimulator/include -Xcc -I/tmp/picpac-phase3-layout-final-build-e6c0c65c9c5a-20260925T105458Z/iphonesimulator/Build/Intermediates.noindex/PicPacKit.build/Release-iphonesimulator/PicPacAI.build/DerivedSources-normal/x86_64 -Xcc -I/tmp/picpac-phase3-layout-final-build-e6c0c65c9c5a-20260925T105458Z/iphonesimulator/Build/Intermediates.noindex/PicPacKit.build/Release-iphonesimulator/PicPacAI.build/DerivedSources/x86_64 -Xcc -I/tmp/picpac-phase3-layout-final-build-e6c0c65c9c5a-20260925T105458Z/iphonesimulator/Build/Intermediates.noindex/PicPacKit.build/Release-iphonesimulator/PicPacAI.build/DerivedSources -Xcc -DSWIFT_PACKAGE -emit-objc-header -emit-objc-header-path /tmp/picpac-phase3-layout-final-build-e6c0c65c9c5a-20260925T105458Z/iphonesimulator/Build/Intermediates.noindex/PicPacKit.build/Release-iphonesimulator/PicPacAI.build/Objects-normal/x86_64/PicPacAI-Swift.h -working-directory /Users/bavabangaru/Developer/pic-pac-poe-ios-native-parity/ios/PicPacPoe.xcodeproj -no-emit-module-separately-wmo

SwiftDriver\ Compilation\ Requirements PicPacAI normal arm64 com.apple.xcode.tools.swift.compiler (in target 'PicPacAI' from project 'PicPacKit')
    cd /Users/bavabangaru/Developer/pic-pac-poe-ios-native-parity/ios/PicPacPoe.xcodeproj
    builtin-Swift-Compilation-Requirements -- /Applications/Xcode.app/Contents/Developer/Toolchains/XcodeDefault.xctoolchain/usr/bin/swiftc -module-name PicPacAI -O -whole-module-optimization @/tmp/picpac-phase3-layout-final-build-e6c0c65c9c5a-20260925T105458Z/iphonesimulator/Build/Intermediates.noindex/PicPacKit.build/Release-iphonesimulator/PicPacAI.build/Objects-normal/arm64/PicPacAI.SwiftFileList -DSWIFT_PACKAGE -DSWIFT_MODULE_RESOURCE_BUNDLE_AVAILABLE -DXcode -plugin-path /Applications/Xcode.app/Contents/Developer/Toolchains/XcodeDefault.xctoolchain/usr/lib/swift/host/plugins/testing -enable-experimental-feature DebugDescriptionMacro -sdk /Applications/Xcode.app/Contents/Developer/Platforms/iPhoneSimulator.platform/Developer/SDKs/iPhoneSimulator26.5.sdk -target arm64-apple-ios17.0-simulator -g -module-cache-path /tmp/picpac-phase3-layout-final-build-e6c0c65c9c5a-20260925T105458Z/iphonesimulator/ModuleCache.noindex -Xfrontend -serialize-debugging-options -suppress-warnings -swift-version 6 -I /tmp/picpac-phase3-layout-final-build-e6c0c65c9c5a-20260925T105458Z/iphonesimulator/Build/Products/Release-iphonesimulator -Isystem /Applications/Xcode.app/Contents/Developer/Platforms/iPhoneSimulator.platform/Developer/usr/lib -F /tmp/picpac-phase3-layout-final-build-e6c0c65c9c5a-20260925T105458Z/iphonesimulator/Build/Products/Release-iphonesimulator/PackageFrameworks -F /tmp/picpac-phase3-layout-final-build-e6c0c65c9c5a-20260925T105458Z/iphonesimulator/Build/Products/Release-iphonesimulator -F /Applications/Xcode.app/Contents/Developer/Platforms/iPhoneSimulator.platform/Developer/Library/Frameworks -F /Applications/Xcode.app/Contents/Developer/Platforms/iPhoneSimulator.platform/Developer/SDKs/iPhoneSimulator26.5.sdk/Developer/Library/Frameworks -c -num-threads 12 -Xcc -ivfsstatcache -Xcc /tmp/picpac-phase3-layout-final-build-e6c0c65c9c5a-20260925T105458Z/iphonesimulator/SDKStatCaches.noindex/iphonesimulator26.5-23F81a-6cfe768891a92b912361537c460fe42b.sdkstatcache -output-file-map /tmp/picpac-phase3-layout-final-build-e6c0c65c9c5a-20260925T105458Z/iphonesimulator/Build/Intermediates.noindex/PicPacKit.build/Release-iphonesimulator/PicPacAI.build/Objects-normal/arm64/PicPacAI-OutputFileMap.json -use-frontend-parseable-output -save-temps -no-color-diagnostics -explicit-module-build -module-cache-path /tmp/picpac-phase3-layout-final-build-e6c0c65c9c5a-20260925T105458Z/iphonesimulator/Build/Intermediates.noindex/SwiftExplicitPrecompiledModules -clang-scanner-module-cache-path /tmp/picpac-phase3-layout-final-build-e6c0c65c9c5a-20260925T105458Z/iphonesimulator/ModuleCache.noindex -sdk-module-cache-path /tmp/picpac-phase3-layout-final-build-e6c0c65c9c5a-20260925T105458Z/iphonesimulator/ModuleCache.noindex -serialize-diagnostics -emit-dependencies -emit-module -emit-module-path /tmp/picpac-phase3-layout-final-build-e6c0c65c9c5a-20260925T105458Z/iphonesimulator/Build/Intermediates.noindex/PicPacKit.build/Release-iphonesimulator/PicPacAI.build/Objects-normal/arm64/PicPacAI.swiftmodule -validate-clang-modules-once -clang-build-session-file /tmp/picpac-phase3-layout-final-build-e6c0c65c9c5a-20260925T105458Z/iphonesimulator/ModuleCache.noindex/Session.modulevalidation -package-name picpackit -Xcc -I/tmp/picpac-phase3-layout-final-build-e6c0c65c9c5a-20260925T105458Z/iphonesimulator/Build/Intermediates.noindex/PicPacKit.build/Release-iphonesimulator/PicPacAI.build/swift-overrides.hmap -emit-const-values -Xfrontend -const-gather-protocols-file -Xfrontend /tmp/picpac-phase3-layout-final-build-e6c0c65c9c5a-20260925T105458Z/iphonesimulator/Build/Intermediates.noindex/PicPacKit.build/Release-iphonesimulator/PicPacAI.build/Objects-normal/arm64/PicPacAI_const_extract_protocols.json -Xcc -I/tmp/picpac-phase3-layout-final-build-e6c0c65c9c5a-20260925T105458Z/iphonesimulator/Build/Products/Release-iphonesimulator/include -Xcc -I/tmp/picpac-phase3-layout-final-build-e6c0c65c9c5a-20260925T105458Z/iphonesimulator/Build/Intermediates.noindex/PicPacKit.build/Release-iphonesimulator/PicPacAI.build/DerivedSources-normal/arm64 -Xcc -I/tmp/picpac-phase3-layout-final-build-e6c0c65c9c5a-20260925T105458Z/iphonesimulator/Build/Intermediates.noindex/PicPacKit.build/Release-iphonesimulator/PicPacAI.build/DerivedSources/arm64 -Xcc -I/tmp/picpac-phase3-layout-final-build-e6c0c65c9c5a-20260925T105458Z/iphonesimulator/Build/Intermediates.noindex/PicPacKit.build/Release-iphonesimulator/PicPacAI.build/DerivedSources -Xcc -DSWIFT_PACKAGE -emit-objc-header -emit-objc-header-path /tmp/picpac-phase3-layout-final-build-e6c0c65c9c5a-20260925T105458Z/iphonesimulator/Build/Intermediates.noindex/PicPacKit.build/Release-iphonesimulator/PicPacAI.build/Objects-normal/arm64/PicPacAI-Swift.h -working-directory /Users/bavabangaru/Developer/pic-pac-poe-ios-native-parity/ios/PicPacPoe.xcodeproj -no-emit-module-separately-wmo

Copy /tmp/picpac-phase3-layout-final-build-e6c0c65c9c5a-20260925T105458Z/iphonesimulator/Build/Products/Release-iphonesimulator/PicPacAI.swiftmodule/x86_64-apple-ios-simulator.abi.json /tmp/picpac-phase3-layout-final-build-e6c0c65c9c5a-20260925T105458Z/iphonesimulator/Build/Intermediates.noindex/PicPacKit.build/Release-iphonesimulator/PicPacAI.build/Objects-normal/x86_64/PicPacAI.abi.json (in target 'PicPacAI' from project 'PicPacKit')
    cd /Users/bavabangaru/Developer/pic-pac-poe-ios-native-parity/ios/Packages/PicPacKit
    builtin-copy -exclude .DS_Store -exclude CVS -exclude .svn -exclude .git -exclude .hg -strip-unsigned-binaries -strip-deterministic -strip-tool /Applications/Xcode.app/Contents/Developer/Toolchains/XcodeDefault.xctoolchain/usr/bin/strip -resolve-src-symlinks -rename /tmp/picpac-phase3-layout-final-build-e6c0c65c9c5a-20260925T105458Z/iphonesimulator/Build/Intermediates.noindex/PicPacKit.build/Release-iphonesimulator/PicPacAI.build/Objects-normal/x86_64/PicPacAI.abi.json /tmp/picpac-phase3-layout-final-build-e6c0c65c9c5a-20260925T105458Z/iphonesimulator/Build/Products/Release-iphonesimulator/PicPacAI.swiftmodule/x86_64-apple-ios-simulator.abi.json

Copy /tmp/picpac-phase3-layout-final-build-e6c0c65c9c5a-20260925T105458Z/iphonesimulator/Build/Products/Release-iphonesimulator/PicPacAI.swiftmodule/x86_64-apple-ios-simulator.swiftdoc /tmp/picpac-phase3-layout-final-build-e6c0c65c9c5a-20260925T105458Z/iphonesimulator/Build/Intermediates.noindex/PicPacKit.build/Release-iphonesimulator/PicPacAI.build/Objects-normal/x86_64/PicPacAI.swiftdoc (in target 'PicPacAI' from project 'PicPacKit')
    cd /Users/bavabangaru/Developer/pic-pac-poe-ios-native-parity/ios/Packages/PicPacKit
    builtin-copy -exclude .DS_Store -exclude CVS -exclude .svn -exclude .git -exclude .hg -strip-unsigned-binaries -strip-deterministic -strip-tool /Applications/Xcode.app/Contents/Developer/Toolchains/XcodeDefault.xctoolchain/usr/bin/strip -resolve-src-symlinks -rename /tmp/picpac-phase3-layout-final-build-e6c0c65c9c5a-20260925T105458Z/iphonesimulator/Build/Intermediates.noindex/PicPacKit.build/Release-iphonesimulator/PicPacAI.build/Objects-normal/x86_64/PicPacAI.swiftdoc /tmp/picpac-phase3-layout-final-build-e6c0c65c9c5a-20260925T105458Z/iphonesimulator/Build/Products/Release-iphonesimulator/PicPacAI.swiftmodule/x86_64-apple-ios-simulator.swiftdoc

Copy /tmp/picpac-phase3-layout-final-build-e6c0c65c9c5a-20260925T105458Z/iphonesimulator/Build/Products/Release-iphonesimulator/PicPacAI.swiftmodule/x86_64-apple-ios-simulator.swiftmodule /tmp/picpac-phase3-layout-final-build-e6c0c65c9c5a-20260925T105458Z/iphonesimulator/Build/Intermediates.noindex/PicPacKit.build/Release-iphonesimulator/PicPacAI.build/Objects-normal/x86_64/PicPacAI.swiftmodule (in target 'PicPacAI' from project 'PicPacKit')
    cd /Users/bavabangaru/Developer/pic-pac-poe-ios-native-parity/ios/Packages/PicPacKit
    builtin-copy -exclude .DS_Store -exclude CVS -exclude .svn -exclude .git -exclude .hg -strip-unsigned-binaries -strip-deterministic -strip-tool /Applications/Xcode.app/Contents/Developer/Toolchains/XcodeDefault.xctoolchain/usr/bin/strip -resolve-src-symlinks -rename /tmp/picpac-phase3-layout-final-build-e6c0c65c9c5a-20260925T105458Z/iphonesimulator/Build/Intermediates.noindex/PicPacKit.build/Release-iphonesimulator/PicPacAI.build/Objects-normal/x86_64/PicPacAI.swiftmodule /tmp/picpac-phase3-layout-final-build-e6c0c65c9c5a-20260925T105458Z/iphonesimulator/Build/Products/Release-iphonesimulator/PicPacAI.swiftmodule/x86_64-apple-ios-simulator.swiftmodule

Copy /tmp/picpac-phase3-layout-final-build-e6c0c65c9c5a-20260925T105458Z/iphonesimulator/Build/Products/Release-iphonesimulator/PicPacAI.swiftmodule/Project/x86_64-apple-ios-simulator.swiftsourceinfo /tmp/picpac-phase3-layout-final-build-e6c0c65c9c5a-20260925T105458Z/iphonesimulator/Build/Intermediates.noindex/PicPacKit.build/Release-iphonesimulator/PicPacAI.build/Objects-normal/x86_64/PicPacAI.swiftsourceinfo (in target 'PicPacAI' from project 'PicPacKit')
    cd /Users/bavabangaru/Developer/pic-pac-poe-ios-native-parity/ios/Packages/PicPacKit
    builtin-copy -exclude .DS_Store -exclude CVS -exclude .svn -exclude .git -exclude .hg -strip-unsigned-binaries -strip-deterministic -strip-tool /Applications/Xcode.app/Contents/Developer/Toolchains/XcodeDefault.xctoolchain/usr/bin/strip -resolve-src-symlinks -rename /tmp/picpac-phase3-layout-final-build-e6c0c65c9c5a-20260925T105458Z/iphonesimulator/Build/Intermediates.noindex/PicPacKit.build/Release-iphonesimulator/PicPacAI.build/Objects-normal/x86_64/PicPacAI.swiftsourceinfo /tmp/picpac-phase3-layout-final-build-e6c0c65c9c5a-20260925T105458Z/iphonesimulator/Build/Products/Release-iphonesimulator/PicPacAI.swiftmodule/Project/x86_64-apple-ios-simulator.swiftsourceinfo

SwiftMergeGeneratedHeaders /tmp/picpac-phase3-layout-final-build-e6c0c65c9c5a-20260925T105458Z/iphonesimulator/Build/Intermediates.noindex/GeneratedModuleMaps-iphonesimulator/PicPacAI-Swift.h /tmp/picpac-phase3-layout-final-build-e6c0c65c9c5a-20260925T105458Z/iphonesimulator/Build/Intermediates.noindex/PicPacKit.build/Release-iphonesimulator/PicPacAI.build/Objects-normal/arm64/PicPacAI-Swift.h /tmp/picpac-phase3-layout-final-build-e6c0c65c9c5a-20260925T105458Z/iphonesimulator/Build/Intermediates.noindex/PicPacKit.build/Release-iphonesimulator/PicPacAI.build/Objects-normal/x86_64/PicPacAI-Swift.h (in target 'PicPacAI' from project 'PicPacKit')
    cd /Users/bavabangaru/Developer/pic-pac-poe-ios-native-parity/ios/Packages/PicPacKit
    builtin-swiftHeaderTool -arch arm64 /tmp/picpac-phase3-layout-final-build-e6c0c65c9c5a-20260925T105458Z/iphonesimulator/Build/Intermediates.noindex/PicPacKit.build/Release-iphonesimulator/PicPacAI.build/Objects-normal/arm64/PicPacAI-Swift.h -arch x86_64 /tmp/picpac-phase3-layout-final-build-e6c0c65c9c5a-20260925T105458Z/iphonesimulator/Build/Intermediates.noindex/PicPacKit.build/Release-iphonesimulator/PicPacAI.build/Objects-normal/x86_64/PicPacAI-Swift.h -o /tmp/picpac-phase3-layout-final-build-e6c0c65c9c5a-20260925T105458Z/iphonesimulator/Build/Intermediates.noindex/GeneratedModuleMaps-iphonesimulator/PicPacAI-Swift.h

Copy /tmp/picpac-phase3-layout-final-build-e6c0c65c9c5a-20260925T105458Z/iphonesimulator/Build/Products/Release-iphonesimulator/PicPacAI.swiftmodule/arm64-apple-ios-simulator.swiftmodule /tmp/picpac-phase3-layout-final-build-e6c0c65c9c5a-20260925T105458Z/iphonesimulator/Build/Intermediates.noindex/PicPacKit.build/Release-iphonesimulator/PicPacAI.build/Objects-normal/arm64/PicPacAI.swiftmodule (in target 'PicPacAI' from project 'PicPacKit')
    cd /Users/bavabangaru/Developer/pic-pac-poe-ios-native-parity/ios/Packages/PicPacKit
    builtin-copy -exclude .DS_Store -exclude CVS -exclude .svn -exclude .git -exclude .hg -strip-unsigned-binaries -strip-deterministic -strip-tool /Applications/Xcode.app/Contents/Developer/Toolchains/XcodeDefault.xctoolchain/usr/bin/strip -resolve-src-symlinks -rename /tmp/picpac-phase3-layout-final-build-e6c0c65c9c5a-20260925T105458Z/iphonesimulator/Build/Intermediates.noindex/PicPacKit.build/Release-iphonesimulator/PicPacAI.build/Objects-normal/arm64/PicPacAI.swiftmodule /tmp/picpac-phase3-layout-final-build-e6c0c65c9c5a-20260925T105458Z/iphonesimulator/Build/Products/Release-iphonesimulator/PicPacAI.swiftmodule/arm64-apple-ios-simulator.swiftmodule

Copy /tmp/picpac-phase3-layout-final-build-e6c0c65c9c5a-20260925T105458Z/iphonesimulator/Build/Products/Release-iphonesimulator/PicPacAI.swiftmodule/Project/arm64-apple-ios-simulator.swiftsourceinfo /tmp/picpac-phase3-layout-final-build-e6c0c65c9c5a-20260925T105458Z/iphonesimulator/Build/Intermediates.noindex/PicPacKit.build/Release-iphonesimulator/PicPacAI.build/Objects-normal/arm64/PicPacAI.swiftsourceinfo (in target 'PicPacAI' from project 'PicPacKit')
    cd /Users/bavabangaru/Developer/pic-pac-poe-ios-native-parity/ios/Packages/PicPacKit
    builtin-copy -exclude .DS_Store -exclude CVS -exclude .svn -exclude .git -exclude .hg -strip-unsigned-binaries -strip-deterministic -strip-tool /Applications/Xcode.app/Contents/Developer/Toolchains/XcodeDefault.xctoolchain/usr/bin/strip -resolve-src-symlinks -rename /tmp/picpac-phase3-layout-final-build-e6c0c65c9c5a-20260925T105458Z/iphonesimulator/Build/Intermediates.noindex/PicPacKit.build/Release-iphonesimulator/PicPacAI.build/Objects-normal/arm64/PicPacAI.swiftsourceinfo /tmp/picpac-phase3-layout-final-build-e6c0c65c9c5a-20260925T105458Z/iphonesimulator/Build/Products/Release-iphonesimulator/PicPacAI.swiftmodule/Project/arm64-apple-ios-simulator.swiftsourceinfo

Copy /tmp/picpac-phase3-layout-final-build-e6c0c65c9c5a-20260925T105458Z/iphonesimulator/Build/Products/Release-iphonesimulator/PicPacAI.swiftmodule/arm64-apple-ios-simulator.abi.json /tmp/picpac-phase3-layout-final-build-e6c0c65c9c5a-20260925T105458Z/iphonesimulator/Build/Intermediates.noindex/PicPacKit.build/Release-iphonesimulator/PicPacAI.build/Objects-normal/arm64/PicPacAI.abi.json (in target 'PicPacAI' from project 'PicPacKit')
    cd /Users/bavabangaru/Developer/pic-pac-poe-ios-native-parity/ios/Packages/PicPacKit
    builtin-copy -exclude .DS_Store -exclude CVS -exclude .svn -exclude .git -exclude .hg -strip-unsigned-binaries -strip-deterministic -strip-tool /Applications/Xcode.app/Contents/Developer/Toolchains/XcodeDefault.xctoolchain/usr/bin/strip -resolve-src-symlinks -rename /tmp/picpac-phase3-layout-final-build-e6c0c65c9c5a-20260925T105458Z/iphonesimulator/Build/Intermediates.noindex/PicPacKit.build/Release-iphonesimulator/PicPacAI.build/Objects-normal/arm64/PicPacAI.abi.json /tmp/picpac-phase3-layout-final-build-e6c0c65c9c5a-20260925T105458Z/iphonesimulator/Build/Products/Release-iphonesimulator/PicPacAI.swiftmodule/arm64-apple-ios-simulator.abi.json

Copy /tmp/picpac-phase3-layout-final-build-e6c0c65c9c5a-20260925T105458Z/iphonesimulator/Build/Products/Release-iphonesimulator/PicPacAI.swiftmodule/arm64-apple-ios-simulator.swiftdoc /tmp/picpac-phase3-layout-final-build-e6c0c65c9c5a-20260925T105458Z/iphonesimulator/Build/Intermediates.noindex/PicPacKit.build/Release-iphonesimulator/PicPacAI.build/Objects-normal/arm64/PicPacAI.swiftdoc (in target 'PicPacAI' from project 'PicPacKit')
    cd /Users/bavabangaru/Developer/pic-pac-poe-ios-native-parity/ios/Packages/PicPacKit
    builtin-copy -exclude .DS_Store -exclude CVS -exclude .svn -exclude .git -exclude .hg -strip-unsigned-binaries -strip-deterministic -strip-tool /Applications/Xcode.app/Contents/Developer/Toolchains/XcodeDefault.xctoolchain/usr/bin/strip -resolve-src-symlinks -rename /tmp/picpac-phase3-layout-final-build-e6c0c65c9c5a-20260925T105458Z/iphonesimulator/Build/Intermediates.noindex/PicPacKit.build/Release-iphonesimulator/PicPacAI.build/Objects-normal/arm64/PicPacAI.swiftdoc /tmp/picpac-phase3-layout-final-build-e6c0c65c9c5a-20260925T105458Z/iphonesimulator/Build/Products/Release-iphonesimulator/PicPacAI.swiftmodule/arm64-apple-ios-simulator.swiftdoc

Ld /tmp/picpac-phase3-layout-final-build-e6c0c65c9c5a-20260925T105458Z/iphonesimulator/Build/Intermediates.noindex/PicPacKit.build/Release-iphonesimulator/PicPacAI.build/Objects-normal/x86_64/Binary/PicPacAI.o normal x86_64 (in target 'PicPacAI' from project 'PicPacKit')
    cd /Users/bavabangaru/Developer/pic-pac-poe-ios-native-parity/ios/Packages/PicPacKit
    /Applications/Xcode.app/Contents/Developer/Toolchains/XcodeDefault.xctoolchain/usr/bin/clang -Xlinker -reproducible -target x86_64-apple-ios17.0-simulator -r -isysroot /Applications/Xcode.app/Contents/Developer/Platforms/iPhoneSimulator.platform/Developer/SDKs/iPhoneSimulator26.5.sdk -Os -w -F/tmp/picpac-phase3-layout-final-build-e6c0c65c9c5a-20260925T105458Z/iphonesimulator/Build/Intermediates.noindex/EagerLinkingTBDs/Release-iphonesimulator -F/tmp/picpac-phase3-layout-final-build-e6c0c65c9c5a-20260925T105458Z/iphonesimulator/Build/Products/Release-iphonesimulator/PackageFrameworks -F/tmp/picpac-phase3-layout-final-build-e6c0c65c9c5a-20260925T105458Z/iphonesimulator/Build/Products/Release-iphonesimulator -iframework /Applications/Xcode.app/Contents/Developer/Platforms/iPhoneSimulator.platform/Developer/Library/Frameworks -iframework /Applications/Xcode.app/Contents/Developer/Platforms/iPhoneSimulator.platform/Developer/SDKs/iPhoneSimulator26.5.sdk/Developer/Library/Frameworks -filelist /tmp/picpac-phase3-layout-final-build-e6c0c65c9c5a-20260925T105458Z/iphonesimulator/Build/Intermediates.noindex/PicPacKit.build/Release-iphonesimulator/PicPacAI.build/Objects-normal/x86_64/PicPacAI.LinkFileList -nostdlib -Xlinker -object_path_lto -Xlinker /tmp/picpac-phase3-layout-final-build-e6c0c65c9c5a-20260925T105458Z/iphonesimulator/Build/Intermediates.noindex/PicPacKit.build/Release-iphonesimulator/PicPacAI.build/Objects-normal/x86_64/PicPacAI_lto.o -Xlinker -objc_abi_version -Xlinker 2 -Xlinker -dependency_info -Xlinker /tmp/picpac-phase3-layout-final-build-e6c0c65c9c5a-20260925T105458Z/iphonesimulator/Build/Intermediates.noindex/PicPacKit.build/Release-iphonesimulator/PicPacAI.build/Objects-normal/x86_64/PicPacAI_dependency_info.dat -fobjc-link-runtime -L/Applications/Xcode.app/Contents/Developer/Toolchains/XcodeDefault.xctoolchain/usr/lib/swift/iphonesimulator -L/usr/lib/swift -Xlinker -add_ast_path -Xlinker /tmp/picpac-phase3-layout-final-build-e6c0c65c9c5a-20260925T105458Z/iphonesimulator/Build/Intermediates.noindex/PicPacKit.build/Release-iphonesimulator/PicPacAI.build/Objects-normal/x86_64/PicPacAI.swiftmodule @/tmp/picpac-phase3-layout-final-build-e6c0c65c9c5a-20260925T105458Z/iphonesimulator/Build/Intermediates.noindex/PicPacKit.build/Release-iphonesimulator/PicPacAI.build/Objects-normal/x86_64/PicPacAI-linker-args.resp -o /tmp/picpac-phase3-layout-final-build-e6c0c65c9c5a-20260925T105458Z/iphonesimulator/Build/Intermediates.noindex/PicPacKit.build/Release-iphonesimulator/PicPacAI.build/Objects-normal/x86_64/Binary/PicPacAI.o

Ld /tmp/picpac-phase3-layout-final-build-e6c0c65c9c5a-20260925T105458Z/iphonesimulator/Build/Intermediates.noindex/PicPacKit.build/Release-iphonesimulator/PicPacAI.build/Objects-normal/arm64/Binary/PicPacAI.o normal arm64 (in target 'PicPacAI' from project 'PicPacKit')
    cd /Users/bavabangaru/Developer/pic-pac-poe-ios-native-parity/ios/Packages/PicPacKit
    /Applications/Xcode.app/Contents/Developer/Toolchains/XcodeDefault.xctoolchain/usr/bin/clang -Xlinker -reproducible -target arm64-apple-ios17.0-simulator -r -isysroot /Applications/Xcode.app/Contents/Developer/Platforms/iPhoneSimulator.platform/Developer/SDKs/iPhoneSimulator26.5.sdk -Os -w -F/tmp/picpac-phase3-layout-final-build-e6c0c65c9c5a-20260925T105458Z/iphonesimulator/Build/Intermediates.noindex/EagerLinkingTBDs/Release-iphonesimulator -F/tmp/picpac-phase3-layout-final-build-e6c0c65c9c5a-20260925T105458Z/iphonesimulator/Build/Products/Release-iphonesimulator/PackageFrameworks -F/tmp/picpac-phase3-layout-final-build-e6c0c65c9c5a-20260925T105458Z/iphonesimulator/Build/Products/Release-iphonesimulator -iframework /Applications/Xcode.app/Contents/Developer/Platforms/iPhoneSimulator.platform/Developer/Library/Frameworks -iframework /Applications/Xcode.app/Contents/Developer/Platforms/iPhoneSimulator.platform/Developer/SDKs/iPhoneSimulator26.5.sdk/Developer/Library/Frameworks -filelist /tmp/picpac-phase3-layout-final-build-e6c0c65c9c5a-20260925T105458Z/iphonesimulator/Build/Intermediates.noindex/PicPacKit.build/Release-iphonesimulator/PicPacAI.build/Objects-normal/arm64/PicPacAI.LinkFileList -nostdlib -Xlinker -object_path_lto -Xlinker /tmp/picpac-phase3-layout-final-build-e6c0c65c9c5a-20260925T105458Z/iphonesimulator/Build/Intermediates.noindex/PicPacKit.build/Release-iphonesimulator/PicPacAI.build/Objects-normal/arm64/PicPacAI_lto.o -Xlinker -objc_abi_version -Xlinker 2 -Xlinker -dependency_info -Xlinker /tmp/picpac-phase3-layout-final-build-e6c0c65c9c5a-20260925T105458Z/iphonesimulator/Build/Intermediates.noindex/PicPacKit.build/Release-iphonesimulator/PicPacAI.build/Objects-normal/arm64/PicPacAI_dependency_info.dat -fobjc-link-runtime -L/Applications/Xcode.app/Contents/Developer/Toolchains/XcodeDefault.xctoolchain/usr/lib/swift/iphonesimulator -L/usr/lib/swift -Xlinker -add_ast_path -Xlinker /tmp/picpac-phase3-layout-final-build-e6c0c65c9c5a-20260925T105458Z/iphonesimulator/Build/Intermediates.noindex/PicPacKit.build/Release-iphonesimulator/PicPacAI.build/Objects-normal/arm64/PicPacAI.swiftmodule @/tmp/picpac-phase3-layout-final-build-e6c0c65c9c5a-20260925T105458Z/iphonesimulator/Build/Intermediates.noindex/PicPacKit.build/Release-iphonesimulator/PicPacAI.build/Objects-normal/arm64/PicPacAI-linker-args.resp -o /tmp/picpac-phase3-layout-final-build-e6c0c65c9c5a-20260925T105458Z/iphonesimulator/Build/Intermediates.noindex/PicPacKit.build/Release-iphonesimulator/PicPacAI.build/Objects-normal/arm64/Binary/PicPacAI.o

MkDir /tmp/picpac-phase3-layout-final-build-e6c0c65c9c5a-20260925T105458Z/iphonesimulator/Build/Intermediates.noindex/PicPacPoe.build/Release-iphonesimulator/PicPacPoe.build/assetcatalog_output/unthinned (in target 'PicPacPoe' from project 'PicPacPoe')
    cd /Users/bavabangaru/Developer/pic-pac-poe-ios-native-parity/ios
    /bin/mkdir -p /tmp/picpac-phase3-layout-final-build-e6c0c65c9c5a-20260925T105458Z/iphonesimulator/Build/Intermediates.noindex/PicPacPoe.build/Release-iphonesimulator/PicPacPoe.build/assetcatalog_output/unthinned

MkDir /tmp/picpac-phase3-layout-final-build-e6c0c65c9c5a-20260925T105458Z/iphonesimulator/Build/Intermediates.noindex/PicPacPoe.build/Release-iphonesimulator/PicPacPoe.build/assetcatalog_output/thinned (in target 'PicPacPoe' from project 'PicPacPoe')
    cd /Users/bavabangaru/Developer/pic-pac-poe-ios-native-parity/ios
    /bin/mkdir -p /tmp/picpac-phase3-layout-final-build-e6c0c65c9c5a-20260925T105458Z/iphonesimulator/Build/Intermediates.noindex/PicPacPoe.build/Release-iphonesimulator/PicPacPoe.build/assetcatalog_output/thinned

GenerateAssetSymbols /Users/bavabangaru/Developer/pic-pac-poe-ios-native-parity/ios/PicPacPoe/Assets.xcassets (in target 'PicPacPoe' from project 'PicPacPoe')
    cd /Users/bavabangaru/Developer/pic-pac-poe-ios-native-parity/ios
    /Applications/Xcode.app/Contents/Developer/usr/bin/actool /Users/bavabangaru/Developer/pic-pac-poe-ios-native-parity/ios/PicPacPoe/Assets.xcassets --compile /tmp/picpac-phase3-layout-final-build-e6c0c65c9c5a-20260925T105458Z/iphonesimulator/Build/Products/Release-iphonesimulator/PicPacPoe.app --output-format human-readable-text --notices --warnings --export-dependency-info /tmp/picpac-phase3-layout-final-build-e6c0c65c9c5a-20260925T105458Z/iphonesimulator/Build/Intermediates.noindex/PicPacPoe.build/Release-iphonesimulator/PicPacPoe.build/assetcatalog_dependencies --output-partial-info-plist /tmp/picpac-phase3-layout-final-build-e6c0c65c9c5a-20260925T105458Z/iphonesimulator/Build/Intermediates.noindex/PicPacPoe.build/Release-iphonesimulator/PicPacPoe.build/assetcatalog_generated_info.plist --app-icon AppIcon --compress-pngs --enable-on-demand-resources YES --development-region en --target-device iphone --target-device ipad --minimum-deployment-target 17.0 --platform iphonesimulator --bundle-identifier dev.saipranith.picpacpoe --generate-swift-asset-symbol-extensions NO --generate-swift-asset-symbols /tmp/picpac-phase3-layout-final-build-e6c0c65c9c5a-20260925T105458Z/iphonesimulator/Build/Intermediates.noindex/PicPacPoe.build/Release-iphonesimulator/PicPacPoe.build/DerivedSources/GeneratedAssetSymbols.swift --generate-objc-asset-symbols /tmp/picpac-phase3-layout-final-build-e6c0c65c9c5a-20260925T105458Z/iphonesimulator/Build/Intermediates.noindex/PicPacPoe.build/Release-iphonesimulator/PicPacPoe.build/DerivedSources/GeneratedAssetSymbols.h --generate-asset-symbol-index /tmp/picpac-phase3-layout-final-build-e6c0c65c9c5a-20260925T105458Z/iphonesimulator/Build/Intermediates.noindex/PicPacPoe.build/Release-iphonesimulator/PicPacPoe.build/DerivedSources/GeneratedAssetSymbols-Index.plist
/* com.apple.actool.compilation-results */
/tmp/picpac-phase3-layout-final-build-e6c0c65c9c5a-20260925T105458Z/iphonesimulator/Build/Intermediates.noindex/PicPacPoe.build/Release-iphonesimulator/PicPacPoe.build/DerivedSources/GeneratedAssetSymbols-Index.plist
/tmp/picpac-phase3-layout-final-build-e6c0c65c9c5a-20260925T105458Z/iphonesimulator/Build/Intermediates.noindex/PicPacPoe.build/Release-iphonesimulator/PicPacPoe.build/DerivedSources/GeneratedAssetSymbols.h
/tmp/picpac-phase3-layout-final-build-e6c0c65c9c5a-20260925T105458Z/iphonesimulator/Build/Intermediates.noindex/PicPacPoe.build/Release-iphonesimulator/PicPacPoe.build/DerivedSources/GeneratedAssetSymbols.swift


CompileAssetCatalogVariant thinned /tmp/picpac-phase3-layout-final-build-e6c0c65c9c5a-20260925T105458Z/iphonesimulator/Build/Products/Release-iphonesimulator/PicPacPoe.app /Users/bavabangaru/Developer/pic-pac-poe-ios-native-parity/ios/PicPacPoe/Assets.xcassets (in target 'PicPacPoe' from project 'PicPacPoe')
    cd /Users/bavabangaru/Developer/pic-pac-poe-ios-native-parity/ios
    /Applications/Xcode.app/Contents/Developer/usr/bin/actool /Users/bavabangaru/Developer/pic-pac-poe-ios-native-parity/ios/PicPacPoe/Assets.xcassets --compile /tmp/picpac-phase3-layout-final-build-e6c0c65c9c5a-20260925T105458Z/iphonesimulator/Build/Intermediates.noindex/PicPacPoe.build/Release-iphonesimulator/PicPacPoe.build/assetcatalog_output/thinned --output-format human-readable-text --notices --warnings --export-dependency-info /tmp/picpac-phase3-layout-final-build-e6c0c65c9c5a-20260925T105458Z/iphonesimulator/Build/Intermediates.noindex/PicPacPoe.build/Release-iphonesimulator/PicPacPoe.build/assetcatalog_dependencies_thinned --output-partial-info-plist /tmp/picpac-phase3-layout-final-build-e6c0c65c9c5a-20260925T105458Z/iphonesimulator/Build/Intermediates.noindex/PicPacPoe.build/Release-iphonesimulator/PicPacPoe.build/assetcatalog_generated_info.plist_thinned --app-icon AppIcon --compress-pngs --enable-on-demand-resources YES --development-region en --target-device iphone --target-device ipad --minimum-deployment-target 17.0 --platform iphonesimulator
/* com.apple.actool.compilation-results */
/tmp/picpac-phase3-layout-final-build-e6c0c65c9c5a-20260925T105458Z/iphonesimulator/Build/Intermediates.noindex/PicPacPoe.build/Release-iphonesimulator/PicPacPoe.build/assetcatalog_generated_info.plist_thinned
/tmp/picpac-phase3-layout-final-build-e6c0c65c9c5a-20260925T105458Z/iphonesimulator/Build/Intermediates.noindex/PicPacPoe.build/Release-iphonesimulator/PicPacPoe.build/assetcatalog_output/thinned/AppIcon60x60@2x.png
/tmp/picpac-phase3-layout-final-build-e6c0c65c9c5a-20260925T105458Z/iphonesimulator/Build/Intermediates.noindex/PicPacPoe.build/Release-iphonesimulator/PicPacPoe.build/assetcatalog_output/thinned/AppIcon76x76@2x~ipad.png
/tmp/picpac-phase3-layout-final-build-e6c0c65c9c5a-20260925T105458Z/iphonesimulator/Build/Intermediates.noindex/PicPacPoe.build/Release-iphonesimulator/PicPacPoe.build/assetcatalog_output/thinned/Assets.car


SwiftDriver PicPacPoe normal arm64 com.apple.xcode.tools.swift.compiler (in target 'PicPacPoe' from project 'PicPacPoe')
    cd /Users/bavabangaru/Developer/pic-pac-poe-ios-native-parity/ios
    builtin-SwiftDriver -- /Applications/Xcode.app/Contents/Developer/Toolchains/XcodeDefault.xctoolchain/usr/bin/swiftc -module-name PicPacPoe -O -whole-module-optimization @/tmp/picpac-phase3-layout-final-build-e6c0c65c9c5a-20260925T105458Z/iphonesimulator/Build/Intermediates.noindex/PicPacPoe.build/Release-iphonesimulator/PicPacPoe.build/Objects-normal/arm64/PicPacPoe.SwiftFileList -enable-experimental-feature DebugDescriptionMacro -sdk /Applications/Xcode.app/Contents/Developer/Platforms/iPhoneSimulator.platform/Developer/SDKs/iPhoneSimulator26.5.sdk -target arm64-apple-ios17.0-simulator -g -module-cache-path /tmp/picpac-phase3-layout-final-build-e6c0c65c9c5a-20260925T105458Z/iphonesimulator/ModuleCache.noindex -Xfrontend -serialize-debugging-options -swift-version 6 -I /tmp/picpac-phase3-layout-final-build-e6c0c65c9c5a-20260925T105458Z/iphonesimulator/Build/Products/Release-iphonesimulator -F /tmp/picpac-phase3-layout-final-build-e6c0c65c9c5a-20260925T105458Z/iphonesimulator/Build/Products/Release-iphonesimulator/PackageFrameworks -F /tmp/picpac-phase3-layout-final-build-e6c0c65c9c5a-20260925T105458Z/iphonesimulator/Build/Products/Release-iphonesimulator/PackageFrameworks -F /tmp/picpac-phase3-layout-final-build-e6c0c65c9c5a-20260925T105458Z/iphonesimulator/Build/Products/Release-iphonesimulator/PackageFrameworks -F /tmp/picpac-phase3-layout-final-build-e6c0c65c9c5a-20260925T105458Z/iphonesimulator/Build/Products/Release-iphonesimulator -emit-localized-strings -emit-localized-strings-path /tmp/picpac-phase3-layout-final-build-e6c0c65c9c5a-20260925T105458Z/iphonesimulator/Build/Intermediates.noindex/PicPacPoe.build/Release-iphonesimulator/PicPacPoe.build/Objects-normal/arm64 -c -num-threads 12 -Xcc -ivfsstatcache -Xcc /tmp/picpac-phase3-layout-final-build-e6c0c65c9c5a-20260925T105458Z/iphonesimulator/SDKStatCaches.noindex/iphonesimulator26.5-23F81a-6cfe768891a92b912361537c460fe42b.sdkstatcache -output-file-map /tmp/picpac-phase3-layout-final-build-e6c0c65c9c5a-20260925T105458Z/iphonesimulator/Build/Intermediates.noindex/PicPacPoe.build/Release-iphonesimulator/PicPacPoe.build/Objects-normal/arm64/PicPacPoe-OutputFileMap.json -use-frontend-parseable-output -save-temps -no-color-diagnostics -explicit-module-build -module-cache-path /tmp/picpac-phase3-layout-final-build-e6c0c65c9c5a-20260925T105458Z/iphonesimulator/Build/Intermediates.noindex/SwiftExplicitPrecompiledModules -clang-scanner-module-cache-path /tmp/picpac-phase3-layout-final-build-e6c0c65c9c5a-20260925T105458Z/iphonesimulator/ModuleCache.noindex -sdk-module-cache-path /tmp/picpac-phase3-layout-final-build-e6c0c65c9c5a-20260925T105458Z/iphonesimulator/ModuleCache.noindex -serialize-diagnostics -emit-dependencies -emit-module -emit-module-path /tmp/picpac-phase3-layout-final-build-e6c0c65c9c5a-20260925T105458Z/iphonesimulator/Build/Intermediates.noindex/PicPacPoe.build/Release-iphonesimulator/PicPacPoe.build/Objects-normal/arm64/PicPacPoe.swiftmodule -validate-clang-modules-once -clang-build-session-file /tmp/picpac-phase3-layout-final-build-e6c0c65c9c5a-20260925T105458Z/iphonesimulator/ModuleCache.noindex/Session.modulevalidation -Xcc -I/tmp/picpac-phase3-layout-final-build-e6c0c65c9c5a-20260925T105458Z/iphonesimulator/Build/Intermediates.noindex/PicPacPoe.build/Release-iphonesimulator/PicPacPoe.build/swift-overrides.hmap -emit-const-values -Xfrontend -const-gather-protocols-file -Xfrontend /tmp/picpac-phase3-layout-final-build-e6c0c65c9c5a-20260925T105458Z/iphonesimulator/Build/Intermediates.noindex/PicPacPoe.build/Release-iphonesimulator/PicPacPoe.build/Objects-normal/arm64/PicPacPoe_const_extract_protocols.json -Xcc -iquote -Xcc /tmp/picpac-phase3-layout-final-build-e6c0c65c9c5a-20260925T105458Z/iphonesimulator/Build/Intermediates.noindex/PicPacPoe.build/Release-iphonesimulator/PicPacPoe.build/PicPacPoe-generated-files.hmap -Xcc -I/tmp/picpac-phase3-layout-final-build-e6c0c65c9c5a-20260925T105458Z/iphonesimulator/Build/Intermediates.noindex/PicPacPoe.build/Release-iphonesimulator/PicPacPoe.build/PicPacPoe-own-target-headers.hmap -Xcc -I/tmp/picpac-phase3-layout-final-build-e6c0c65c9c5a-20260925T105458Z/iphonesimulator/Build/Intermediates.noindex/PicPacPoe.build/Release-iphonesimulator/PicPacPoe.build/PicPacPoe-all-non-framework-target-headers.hmap -Xcc -ivfsoverlay -Xcc /tmp/picpac-phase3-layout-final-build-e6c0c65c9c5a-20260925T105458Z/iphonesimulator/Build/Intermediates.noindex/PicPacPoe.build/Release-iphonesimulator/PicPacPoe-90eff2f9d9e8600d7e53134acd1cb833-VFS-iphonesimulator/all-product-headers.yaml -Xcc -iquote -Xcc /tmp/picpac-phase3-layout-final-build-e6c0c65c9c5a-20260925T105458Z/iphonesimulator/Build/Intermediates.noindex/PicPacPoe.build/Release-iphonesimulator/PicPacPoe.build/PicPacPoe-project-headers.hmap -Xcc -I/tmp/picpac-phase3-layout-final-build-e6c0c65c9c5a-20260925T105458Z/iphonesimulator/Build/Products/Release-iphonesimulator/include -Xcc -I/tmp/picpac-phase3-layout-final-build-e6c0c65c9c5a-20260925T105458Z/iphonesimulator/Build/Intermediates.noindex/PicPacPoe.build/Release-iphonesimulator/PicPacPoe.build/DerivedSources-normal/arm64 -Xcc -I/tmp/picpac-phase3-layout-final-build-e6c0c65c9c5a-20260925T105458Z/iphonesimulator/Build/Intermediates.noindex/PicPacPoe.build/Release-iphonesimulator/PicPacPoe.build/DerivedSources/arm64 -Xcc -I/tmp/picpac-phase3-layout-final-build-e6c0c65c9c5a-20260925T105458Z/iphonesimulator/Build/Intermediates.noindex/PicPacPoe.build/Release-iphonesimulator/PicPacPoe.build/DerivedSources -emit-objc-header -emit-objc-header-path /tmp/picpac-phase3-layout-final-build-e6c0c65c9c5a-20260925T105458Z/iphonesimulator/Build/Intermediates.noindex/PicPacPoe.build/Release-iphonesimulator/PicPacPoe.build/Objects-normal/arm64/PicPacPoe-Swift.h -working-directory /Users/bavabangaru/Developer/pic-pac-poe-ios-native-parity/ios -no-emit-module-separately-wmo

SwiftDriver PicPacPoe normal x86_64 com.apple.xcode.tools.swift.compiler (in target 'PicPacPoe' from project 'PicPacPoe')
    cd /Users/bavabangaru/Developer/pic-pac-poe-ios-native-parity/ios
    builtin-SwiftDriver -- /Applications/Xcode.app/Contents/Developer/Toolchains/XcodeDefault.xctoolchain/usr/bin/swiftc -module-name PicPacPoe -O -whole-module-optimization @/tmp/picpac-phase3-layout-final-build-e6c0c65c9c5a-20260925T105458Z/iphonesimulator/Build/Intermediates.noindex/PicPacPoe.build/Release-iphonesimulator/PicPacPoe.build/Objects-normal/x86_64/PicPacPoe.SwiftFileList -enable-experimental-feature DebugDescriptionMacro -sdk /Applications/Xcode.app/Contents/Developer/Platforms/iPhoneSimulator.platform/Developer/SDKs/iPhoneSimulator26.5.sdk -target x86_64-apple-ios17.0-simulator -g -module-cache-path /tmp/picpac-phase3-layout-final-build-e6c0c65c9c5a-20260925T105458Z/iphonesimulator/ModuleCache.noindex -Xfrontend -serialize-debugging-options -swift-version 6 -I /tmp/picpac-phase3-layout-final-build-e6c0c65c9c5a-20260925T105458Z/iphonesimulator/Build/Products/Release-iphonesimulator -F /tmp/picpac-phase3-layout-final-build-e6c0c65c9c5a-20260925T105458Z/iphonesimulator/Build/Products/Release-iphonesimulator/PackageFrameworks -F /tmp/picpac-phase3-layout-final-build-e6c0c65c9c5a-20260925T105458Z/iphonesimulator/Build/Products/Release-iphonesimulator/PackageFrameworks -F /tmp/picpac-phase3-layout-final-build-e6c0c65c9c5a-20260925T105458Z/iphonesimulator/Build/Products/Release-iphonesimulator/PackageFrameworks -F /tmp/picpac-phase3-layout-final-build-e6c0c65c9c5a-20260925T105458Z/iphonesimulator/Build/Products/Release-iphonesimulator -emit-localized-strings -emit-localized-strings-path /tmp/picpac-phase3-layout-final-build-e6c0c65c9c5a-20260925T105458Z/iphonesimulator/Build/Intermediates.noindex/PicPacPoe.build/Release-iphonesimulator/PicPacPoe.build/Objects-normal/x86_64 -c -num-threads 12 -Xcc -ivfsstatcache -Xcc /tmp/picpac-phase3-layout-final-build-e6c0c65c9c5a-20260925T105458Z/iphonesimulator/SDKStatCaches.noindex/iphonesimulator26.5-23F81a-6cfe768891a92b912361537c460fe42b.sdkstatcache -output-file-map /tmp/picpac-phase3-layout-final-build-e6c0c65c9c5a-20260925T105458Z/iphonesimulator/Build/Intermediates.noindex/PicPacPoe.build/Release-iphonesimulator/PicPacPoe.build/Objects-normal/x86_64/PicPacPoe-OutputFileMap.json -use-frontend-parseable-output -save-temps -no-color-diagnostics -explicit-module-build -module-cache-path /tmp/picpac-phase3-layout-final-build-e6c0c65c9c5a-20260925T105458Z/iphonesimulator/Build/Intermediates.noindex/SwiftExplicitPrecompiledModules -clang-scanner-module-cache-path /tmp/picpac-phase3-layout-final-build-e6c0c65c9c5a-20260925T105458Z/iphonesimulator/ModuleCache.noindex -sdk-module-cache-path /tmp/picpac-phase3-layout-final-build-e6c0c65c9c5a-20260925T105458Z/iphonesimulator/ModuleCache.noindex -serialize-diagnostics -emit-dependencies -emit-module -emit-module-path /tmp/picpac-phase3-layout-final-build-e6c0c65c9c5a-20260925T105458Z/iphonesimulator/Build/Intermediates.noindex/PicPacPoe.build/Release-iphonesimulator/PicPacPoe.build/Objects-normal/x86_64/PicPacPoe.swiftmodule -validate-clang-modules-once -clang-build-session-file /tmp/picpac-phase3-layout-final-build-e6c0c65c9c5a-20260925T105458Z/iphonesimulator/ModuleCache.noindex/Session.modulevalidation -Xcc -I/tmp/picpac-phase3-layout-final-build-e6c0c65c9c5a-20260925T105458Z/iphonesimulator/Build/Intermediates.noindex/PicPacPoe.build/Release-iphonesimulator/PicPacPoe.build/swift-overrides.hmap -emit-const-values -Xfrontend -const-gather-protocols-file -Xfrontend /tmp/picpac-phase3-layout-final-build-e6c0c65c9c5a-20260925T105458Z/iphonesimulator/Build/Intermediates.noindex/PicPacPoe.build/Release-iphonesimulator/PicPacPoe.build/Objects-normal/x86_64/PicPacPoe_const_extract_protocols.json -Xcc -iquote -Xcc /tmp/picpac-phase3-layout-final-build-e6c0c65c9c5a-20260925T105458Z/iphonesimulator/Build/Intermediates.noindex/PicPacPoe.build/Release-iphonesimulator/PicPacPoe.build/PicPacPoe-generated-files.hmap -Xcc -I/tmp/picpac-phase3-layout-final-build-e6c0c65c9c5a-20260925T105458Z/iphonesimulator/Build/Intermediates.noindex/PicPacPoe.build/Release-iphonesimulator/PicPacPoe.build/PicPacPoe-own-target-headers.hmap -Xcc -I/tmp/picpac-phase3-layout-final-build-e6c0c65c9c5a-20260925T105458Z/iphonesimulator/Build/Intermediates.noindex/PicPacPoe.build/Release-iphonesimulator/PicPacPoe.build/PicPacPoe-all-non-framework-target-headers.hmap -Xcc -ivfsoverlay -Xcc /tmp/picpac-phase3-layout-final-build-e6c0c65c9c5a-20260925T105458Z/iphonesimulator/Build/Intermediates.noindex/PicPacPoe.build/Release-iphonesimulator/PicPacPoe-90eff2f9d9e8600d7e53134acd1cb833-VFS-iphonesimulator/all-product-headers.yaml -Xcc -iquote -Xcc /tmp/picpac-phase3-layout-final-build-e6c0c65c9c5a-20260925T105458Z/iphonesimulator/Build/Intermediates.noindex/PicPacPoe.build/Release-iphonesimulator/PicPacPoe.build/PicPacPoe-project-headers.hmap -Xcc -I/tmp/picpac-phase3-layout-final-build-e6c0c65c9c5a-20260925T105458Z/iphonesimulator/Build/Products/Release-iphonesimulator/include -Xcc -I/tmp/picpac-phase3-layout-final-build-e6c0c65c9c5a-20260925T105458Z/iphonesimulator/Build/Intermediates.noindex/PicPacPoe.build/Release-iphonesimulator/PicPacPoe.build/DerivedSources-normal/x86_64 -Xcc -I/tmp/picpac-phase3-layout-final-build-e6c0c65c9c5a-20260925T105458Z/iphonesimulator/Build/Intermediates.noindex/PicPacPoe.build/Release-iphonesimulator/PicPacPoe.build/DerivedSources/x86_64 -Xcc -I/tmp/picpac-phase3-layout-final-build-e6c0c65c9c5a-20260925T105458Z/iphonesimulator/Build/Intermediates.noindex/PicPacPoe.build/Release-iphonesimulator/PicPacPoe.build/DerivedSources -emit-objc-header -emit-objc-header-path /tmp/picpac-phase3-layout-final-build-e6c0c65c9c5a-20260925T105458Z/iphonesimulator/Build/Intermediates.noindex/PicPacPoe.build/Release-iphonesimulator/PicPacPoe.build/Objects-normal/x86_64/PicPacPoe-Swift.h -working-directory /Users/bavabangaru/Developer/pic-pac-poe-ios-native-parity/ios -no-emit-module-separately-wmo

CreateUniversalBinary /tmp/picpac-phase3-layout-final-build-e6c0c65c9c5a-20260925T105458Z/iphonesimulator/Build/Products/Release-iphonesimulator/PicPacAI.o normal arm64\ x86_64 (in target 'PicPacAI' from project 'PicPacKit')
    cd /Users/bavabangaru/Developer/pic-pac-poe-ios-native-parity/ios/Packages/PicPacKit
    /Applications/Xcode.app/Contents/Developer/Toolchains/XcodeDefault.xctoolchain/usr/bin/lipo -create /tmp/picpac-phase3-layout-final-build-e6c0c65c9c5a-20260925T105458Z/iphonesimulator/Build/Intermediates.noindex/PicPacKit.build/Release-iphonesimulator/PicPacAI.build/Objects-normal/arm64/Binary/PicPacAI.o /tmp/picpac-phase3-layout-final-build-e6c0c65c9c5a-20260925T105458Z/iphonesimulator/Build/Intermediates.noindex/PicPacKit.build/Release-iphonesimulator/PicPacAI.build/Objects-normal/x86_64/Binary/PicPacAI.o -output /tmp/picpac-phase3-layout-final-build-e6c0c65c9c5a-20260925T105458Z/iphonesimulator/Build/Products/Release-iphonesimulator/PicPacAI.o

ExtractAppIntentsMetadata (in target 'PicPacAI' from project 'PicPacKit')
    cd /Users/bavabangaru/Developer/pic-pac-poe-ios-native-parity/ios/Packages/PicPacKit
    /Applications/Xcode.app/Contents/Developer/Toolchains/XcodeDefault.xctoolchain/usr/bin/appintentsmetadataprocessor --toolchain-dir /Applications/Xcode.app/Contents/Developer/Toolchains/XcodeDefault.xctoolchain --module-name PicPacAI --sdk-root /Applications/Xcode.app/Contents/Developer/Platforms/iPhoneSimulator.platform/Developer/SDKs/iPhoneSimulator26.5.sdk --xcode-version 17F113 --platform-family iOS --deployment-target 17.0 --bundle-identifier picpackit.PicPacAI --output /tmp/picpac-phase3-layout-final-build-e6c0c65c9c5a-20260925T105458Z/iphonesimulator/Build/Products/Release-iphonesimulator/PicPacAI.appintents --target-triple arm64-apple-ios17.0-simulator --target-triple x86_64-apple-ios17.0-simulator --binary-file /tmp/picpac-phase3-layout-final-build-e6c0c65c9c5a-20260925T105458Z/iphonesimulator/Build/Products/Release-iphonesimulator/PicPacAI.o --dependency-file /tmp/picpac-phase3-layout-final-build-e6c0c65c9c5a-20260925T105458Z/iphonesimulator/Build/Intermediates.noindex/PicPacKit.build/Release-iphonesimulator/PicPacAI.build/Objects-normal/arm64/PicPacAI_dependency_info.dat --dependency-file /tmp/picpac-phase3-layout-final-build-e6c0c65c9c5a-20260925T105458Z/iphonesimulator/Build/Intermediates.noindex/PicPacKit.build/Release-iphonesimulator/PicPacAI.build/Objects-normal/x86_64/PicPacAI_dependency_info.dat --stringsdata-file /tmp/picpac-phase3-layout-final-build-e6c0c65c9c5a-20260925T105458Z/iphonesimulator/Build/Intermediates.noindex/PicPacKit.build/Release-iphonesimulator/PicPacAI.build/Objects-normal/arm64/ExtractedAppShortcutsMetadata.stringsdata --stringsdata-file /tmp/picpac-phase3-layout-final-build-e6c0c65c9c5a-20260925T105458Z/iphonesimulator/Build/Intermediates.noindex/PicPacKit.build/Release-iphonesimulator/PicPacAI.build/Objects-normal/x86_64/ExtractedAppShortcutsMetadata.stringsdata --source-file-list /tmp/picpac-phase3-layout-final-build-e6c0c65c9c5a-20260925T105458Z/iphonesimulator/Build/Intermediates.noindex/PicPacKit.build/Release-iphonesimulator/PicPacAI.build/Objects-normal/arm64/PicPacAI.SwiftFileList --source-file-list /tmp/picpac-phase3-layout-final-build-e6c0c65c9c5a-20260925T105458Z/iphonesimulator/Build/Intermediates.noindex/PicPacKit.build/Release-iphonesimulator/PicPacAI.build/Objects-normal/x86_64/PicPacAI.SwiftFileList --metadata-file-list /tmp/picpac-phase3-layout-final-build-e6c0c65c9c5a-20260925T105458Z/iphonesimulator/Build/Intermediates.noindex/PicPacKit.build/Release-iphonesimulator/PicPacAI.build/PicPacAI.DependencyMetadataFileList --static-metadata-file-list /tmp/picpac-phase3-layout-final-build-e6c0c65c9c5a-20260925T105458Z/iphonesimulator/Build/Intermediates.noindex/PicPacKit.build/Release-iphonesimulator/PicPacAI.build/PicPacAI.DependencyStaticMetadataFileList --swift-const-vals-list /tmp/picpac-phase3-layout-final-build-e6c0c65c9c5a-20260925T105458Z/iphonesimulator/Build/Intermediates.noindex/PicPacKit.build/Release-iphonesimulator/PicPacAI.build/Objects-normal/arm64/PicPacAI.SwiftConstValuesFileList --swift-const-vals-list /tmp/picpac-phase3-layout-final-build-e6c0c65c9c5a-20260925T105458Z/iphonesimulator/Build/Intermediates.noindex/PicPacKit.build/Release-iphonesimulator/PicPacAI.build/Objects-normal/x86_64/PicPacAI.SwiftConstValuesFileList --force --compile-time-extraction --deployment-aware-processing --validate-assistant-intents --no-app-shortcuts-localization
2026-09-25 06:55:23.878 appintentsmetadataprocessor[16925:116145233] Starting appintentsmetadataprocessor export
2026-09-25 06:55:23.901 appintentsmetadataprocessor[16925:116145233] Extracted no relevant App Intents symbols, skipping writing output

RegisterExecutionPolicyException /tmp/picpac-phase3-layout-final-build-e6c0c65c9c5a-20260925T105458Z/iphonesimulator/Build/Products/Release-iphonesimulator/PicPacAI.o (in target 'PicPacAI' from project 'PicPacKit')
    cd /Users/bavabangaru/Developer/pic-pac-poe-ios-native-parity/ios/Packages/PicPacKit
    builtin-RegisterExecutionPolicyException /tmp/picpac-phase3-layout-final-build-e6c0c65c9c5a-20260925T105458Z/iphonesimulator/Build/Products/Release-iphonesimulator/PicPacAI.o

CpResource /tmp/picpac-phase3-layout-final-build-e6c0c65c9c5a-20260925T105458Z/iphonesimulator/Build/Products/Release-iphonesimulator/PicPacPoe.app/fredoka_semibold.ttf /Users/bavabangaru/Developer/pic-pac-poe-ios-native-parity/app/src/main/res/font/fredoka_semibold.ttf (in target 'PicPacPoe' from project 'PicPacPoe')
    cd /Users/bavabangaru/Developer/pic-pac-poe-ios-native-parity/ios
    builtin-copy -exclude .DS_Store -exclude CVS -exclude .svn -exclude .git -exclude .hg -strip-unsigned-binaries -strip-deterministic -strip-tool /Applications/Xcode.app/Contents/Developer/Toolchains/XcodeDefault.xctoolchain/usr/bin/strip -resolve-src-symlinks /Users/bavabangaru/Developer/pic-pac-poe-ios-native-parity/app/src/main/res/font/fredoka_semibold.ttf /tmp/picpac-phase3-layout-final-build-e6c0c65c9c5a-20260925T105458Z/iphonesimulator/Build/Products/Release-iphonesimulator/PicPacPoe.app

CpResource /tmp/picpac-phase3-layout-final-build-e6c0c65c9c5a-20260925T105458Z/iphonesimulator/Build/Products/Release-iphonesimulator/PicPacPoe.app/fredoka_medium.ttf /Users/bavabangaru/Developer/pic-pac-poe-ios-native-parity/app/src/main/res/font/fredoka_medium.ttf (in target 'PicPacPoe' from project 'PicPacPoe')
    cd /Users/bavabangaru/Developer/pic-pac-poe-ios-native-parity/ios
    builtin-copy -exclude .DS_Store -exclude CVS -exclude .svn -exclude .git -exclude .hg -strip-unsigned-binaries -strip-deterministic -strip-tool /Applications/Xcode.app/Contents/Developer/Toolchains/XcodeDefault.xctoolchain/usr/bin/strip -resolve-src-symlinks /Users/bavabangaru/Developer/pic-pac-poe-ios-native-parity/app/src/main/res/font/fredoka_medium.ttf /tmp/picpac-phase3-layout-final-build-e6c0c65c9c5a-20260925T105458Z/iphonesimulator/Build/Products/Release-iphonesimulator/PicPacPoe.app

CpResource /tmp/picpac-phase3-layout-final-build-e6c0c65c9c5a-20260925T105458Z/iphonesimulator/Build/Products/Release-iphonesimulator/PicPacPoe.app/fredoka-OFL.txt /Users/bavabangaru/Developer/pic-pac-poe-ios-native-parity/app/src/main/assets/licenses/fredoka-OFL.txt (in target 'PicPacPoe' from project 'PicPacPoe')
    cd /Users/bavabangaru/Developer/pic-pac-poe-ios-native-parity/ios
    builtin-copy -exclude .DS_Store -exclude CVS -exclude .svn -exclude .git -exclude .hg -strip-unsigned-binaries -strip-deterministic -strip-tool /Applications/Xcode.app/Contents/Developer/Toolchains/XcodeDefault.xctoolchain/usr/bin/strip -resolve-src-symlinks /Users/bavabangaru/Developer/pic-pac-poe-ios-native-parity/app/src/main/assets/licenses/fredoka-OFL.txt /tmp/picpac-phase3-layout-final-build-e6c0c65c9c5a-20260925T105458Z/iphonesimulator/Build/Products/Release-iphonesimulator/PicPacPoe.app

Copy /tmp/picpac-phase3-layout-final-build-e6c0c65c9c5a-20260925T105458Z/iphonesimulator/Build/Products/Release-iphonesimulator/PicPacPoe.app/PicPacKit_PicPacAI.bundle /tmp/picpac-phase3-layout-final-build-e6c0c65c9c5a-20260925T105458Z/iphonesimulator/Build/Products/Release-iphonesimulator/PicPacKit_PicPacAI.bundle (in target 'PicPacPoe' from project 'PicPacPoe')
    cd /Users/bavabangaru/Developer/pic-pac-poe-ios-native-parity/ios
    builtin-copy -exclude .DS_Store -exclude CVS -exclude .svn -exclude .git -exclude .hg -strip-unsigned-binaries -strip-deterministic -strip-tool /Applications/Xcode.app/Contents/Developer/Toolchains/XcodeDefault.xctoolchain/usr/bin/strip -resolve-src-symlinks /tmp/picpac-phase3-layout-final-build-e6c0c65c9c5a-20260925T105458Z/iphonesimulator/Build/Products/Release-iphonesimulator/PicPacKit_PicPacAI.bundle /tmp/picpac-phase3-layout-final-build-e6c0c65c9c5a-20260925T105458Z/iphonesimulator/Build/Products/Release-iphonesimulator/PicPacPoe.app

SwiftDriver\ Compilation PicPacPoe normal x86_64 com.apple.xcode.tools.swift.compiler (in target 'PicPacPoe' from project 'PicPacPoe')
    cd /Users/bavabangaru/Developer/pic-pac-poe-ios-native-parity/ios
    builtin-Swift-Compilation -- /Applications/Xcode.app/Contents/Developer/Toolchains/XcodeDefault.xctoolchain/usr/bin/swiftc -module-name PicPacPoe -O -whole-module-optimization @/tmp/picpac-phase3-layout-final-build-e6c0c65c9c5a-20260925T105458Z/iphonesimulator/Build/Intermediates.noindex/PicPacPoe.build/Release-iphonesimulator/PicPacPoe.build/Objects-normal/x86_64/PicPacPoe.SwiftFileList -enable-experimental-feature DebugDescriptionMacro -sdk /Applications/Xcode.app/Contents/Developer/Platforms/iPhoneSimulator.platform/Developer/SDKs/iPhoneSimulator26.5.sdk -target x86_64-apple-ios17.0-simulator -g -module-cache-path /tmp/picpac-phase3-layout-final-build-e6c0c65c9c5a-20260925T105458Z/iphonesimulator/ModuleCache.noindex -Xfrontend -serialize-debugging-options -swift-version 6 -I /tmp/picpac-phase3-layout-final-build-e6c0c65c9c5a-20260925T105458Z/iphonesimulator/Build/Products/Release-iphonesimulator -F /tmp/picpac-phase3-layout-final-build-e6c0c65c9c5a-20260925T105458Z/iphonesimulator/Build/Products/Release-iphonesimulator/PackageFrameworks -F /tmp/picpac-phase3-layout-final-build-e6c0c65c9c5a-20260925T105458Z/iphonesimulator/Build/Products/Release-iphonesimulator/PackageFrameworks -F /tmp/picpac-phase3-layout-final-build-e6c0c65c9c5a-20260925T105458Z/iphonesimulator/Build/Products/Release-iphonesimulator/PackageFrameworks -F /tmp/picpac-phase3-layout-final-build-e6c0c65c9c5a-20260925T105458Z/iphonesimulator/Build/Products/Release-iphonesimulator -emit-localized-strings -emit-localized-strings-path /tmp/picpac-phase3-layout-final-build-e6c0c65c9c5a-20260925T105458Z/iphonesimulator/Build/Intermediates.noindex/PicPacPoe.build/Release-iphonesimulator/PicPacPoe.build/Objects-normal/x86_64 -c -num-threads 12 -Xcc -ivfsstatcache -Xcc /tmp/picpac-phase3-layout-final-build-e6c0c65c9c5a-20260925T105458Z/iphonesimulator/SDKStatCaches.noindex/iphonesimulator26.5-23F81a-6cfe768891a92b912361537c460fe42b.sdkstatcache -output-file-map /tmp/picpac-phase3-layout-final-build-e6c0c65c9c5a-20260925T105458Z/iphonesimulator/Build/Intermediates.noindex/PicPacPoe.build/Release-iphonesimulator/PicPacPoe.build/Objects-normal/x86_64/PicPacPoe-OutputFileMap.json -use-frontend-parseable-output -save-temps -no-color-diagnostics -explicit-module-build -module-cache-path /tmp/picpac-phase3-layout-final-build-e6c0c65c9c5a-20260925T105458Z/iphonesimulator/Build/Intermediates.noindex/SwiftExplicitPrecompiledModules -clang-scanner-module-cache-path /tmp/picpac-phase3-layout-final-build-e6c0c65c9c5a-20260925T105458Z/iphonesimulator/ModuleCache.noindex -sdk-module-cache-path /tmp/picpac-phase3-layout-final-build-e6c0c65c9c5a-20260925T105458Z/iphonesimulator/ModuleCache.noindex -serialize-diagnostics -emit-dependencies -emit-module -emit-module-path /tmp/picpac-phase3-layout-final-build-e6c0c65c9c5a-20260925T105458Z/iphonesimulator/Build/Intermediates.noindex/PicPacPoe.build/Release-iphonesimulator/PicPacPoe.build/Objects-normal/x86_64/PicPacPoe.swiftmodule -validate-clang-modules-once -clang-build-session-file /tmp/picpac-phase3-layout-final-build-e6c0c65c9c5a-20260925T105458Z/iphonesimulator/ModuleCache.noindex/Session.modulevalidation -Xcc -I/tmp/picpac-phase3-layout-final-build-e6c0c65c9c5a-20260925T105458Z/iphonesimulator/Build/Intermediates.noindex/PicPacPoe.build/Release-iphonesimulator/PicPacPoe.build/swift-overrides.hmap -emit-const-values -Xfrontend -const-gather-protocols-file -Xfrontend /tmp/picpac-phase3-layout-final-build-e6c0c65c9c5a-20260925T105458Z/iphonesimulator/Build/Intermediates.noindex/PicPacPoe.build/Release-iphonesimulator/PicPacPoe.build/Objects-normal/x86_64/PicPacPoe_const_extract_protocols.json -Xcc -iquote -Xcc /tmp/picpac-phase3-layout-final-build-e6c0c65c9c5a-20260925T105458Z/iphonesimulator/Build/Intermediates.noindex/PicPacPoe.build/Release-iphonesimulator/PicPacPoe.build/PicPacPoe-generated-files.hmap -Xcc -I/tmp/picpac-phase3-layout-final-build-e6c0c65c9c5a-20260925T105458Z/iphonesimulator/Build/Intermediates.noindex/PicPacPoe.build/Release-iphonesimulator/PicPacPoe.build/PicPacPoe-own-target-headers.hmap -Xcc -I/tmp/picpac-phase3-layout-final-build-e6c0c65c9c5a-20260925T105458Z/iphonesimulator/Build/Intermediates.noindex/PicPacPoe.build/Release-iphonesimulator/PicPacPoe.build/PicPacPoe-all-non-framework-target-headers.hmap -Xcc -ivfsoverlay -Xcc /tmp/picpac-phase3-layout-final-build-e6c0c65c9c5a-20260925T105458Z/iphonesimulator/Build/Intermediates.noindex/PicPacPoe.build/Release-iphonesimulator/PicPacPoe-90eff2f9d9e8600d7e53134acd1cb833-VFS-iphonesimulator/all-product-headers.yaml -Xcc -iquote -Xcc /tmp/picpac-phase3-layout-final-build-e6c0c65c9c5a-20260925T105458Z/iphonesimulator/Build/Intermediates.noindex/PicPacPoe.build/Release-iphonesimulator/PicPacPoe.build/PicPacPoe-project-headers.hmap -Xcc -I/tmp/picpac-phase3-layout-final-build-e6c0c65c9c5a-20260925T105458Z/iphonesimulator/Build/Products/Release-iphonesimulator/include -Xcc -I/tmp/picpac-phase3-layout-final-build-e6c0c65c9c5a-20260925T105458Z/iphonesimulator/Build/Intermediates.noindex/PicPacPoe.build/Release-iphonesimulator/PicPacPoe.build/DerivedSources-normal/x86_64 -Xcc -I/tmp/picpac-phase3-layout-final-build-e6c0c65c9c5a-20260925T105458Z/iphonesimulator/Build/Intermediates.noindex/PicPacPoe.build/Release-iphonesimulator/PicPacPoe.build/DerivedSources/x86_64 -Xcc -I/tmp/picpac-phase3-layout-final-build-e6c0c65c9c5a-20260925T105458Z/iphonesimulator/Build/Intermediates.noindex/PicPacPoe.build/Release-iphonesimulator/PicPacPoe.build/DerivedSources -emit-objc-header -emit-objc-header-path /tmp/picpac-phase3-layout-final-build-e6c0c65c9c5a-20260925T105458Z/iphonesimulator/Build/Intermediates.noindex/PicPacPoe.build/Release-iphonesimulator/PicPacPoe.build/Objects-normal/x86_64/PicPacPoe-Swift.h -working-directory /Users/bavabangaru/Developer/pic-pac-poe-ios-native-parity/ios -no-emit-module-separately-wmo

SwiftExplicitDependencyGeneratePcm x86_64 /tmp/picpac-phase3-layout-final-build-e6c0c65c9c5a-20260925T105458Z/iphonesimulator/ModuleCache.noindex/SwiftShims-9SD6N05K4UDNUAFAAQEJO765V.pcm

SwiftExplicitDependencyGeneratePcm x86_64 /tmp/picpac-phase3-layout-final-build-e6c0c65c9c5a-20260925T105458Z/iphonesimulator/ModuleCache.noindex/_Builtin_stddef-F4V68IBY922M50NMT6O8PV9GJ.pcm

SwiftExplicitDependencyGeneratePcm x86_64 /tmp/picpac-phase3-layout-final-build-e6c0c65c9c5a-20260925T105458Z/iphonesimulator/ModuleCache.noindex/_Builtin_float-B2M1JBW39F37AD68X2W57GSM8.pcm

SwiftExplicitDependencyGeneratePcm x86_64 /tmp/picpac-phase3-layout-final-build-e6c0c65c9c5a-20260925T105458Z/iphonesimulator/ModuleCache.noindex/_AvailabilityInternal-BXF3GJSIHOTI9WS3YB8GONUV0.pcm

SwiftExplicitDependencyGeneratePcm x86_64 /tmp/picpac-phase3-layout-final-build-e6c0c65c9c5a-20260925T105458Z/iphonesimulator/ModuleCache.noindex/_Builtin_stdarg-17DBRMXT3986RQIAHEEKUUJX5.pcm

SwiftExplicitDependencyGeneratePcm x86_64 /tmp/picpac-phase3-layout-final-build-e6c0c65c9c5a-20260925T105458Z/iphonesimulator/ModuleCache.noindex/DeveloperToolsSupport-3T0IKSIWD57ERQ5SX0HGNVLTF.pcm

SwiftExplicitDependencyGeneratePcm x86_64 /tmp/picpac-phase3-layout-final-build-e6c0c65c9c5a-20260925T105458Z/iphonesimulator/ModuleCache.noindex/ptrcheck-3LS68Z6EQMLQTLBUY1QLE4D4F.pcm

SwiftExplicitDependencyGeneratePcm x86_64 /tmp/picpac-phase3-layout-final-build-e6c0c65c9c5a-20260925T105458Z/iphonesimulator/ModuleCache.noindex/ptrauth-70YPEIVQ2Z67N8BKOMUJOBSQS.pcm

SwiftExplicitDependencyGeneratePcm x86_64 /tmp/picpac-phase3-layout-final-build-e6c0c65c9c5a-20260925T105458Z/iphonesimulator/ModuleCache.noindex/_Builtin_stdbool-DTP1XFMARDSS0PLQTQ4QYH6WY.pcm

SwiftExplicitDependencyGeneratePcm x86_64 /tmp/picpac-phase3-layout-final-build-e6c0c65c9c5a-20260925T105458Z/iphonesimulator/ModuleCache.noindex/_SwiftConcurrencyShims-2LP8D5Y2YX17R5ODR70DJHGS5.pcm

SwiftDriver\ Compilation PicPacPoe normal arm64 com.apple.xcode.tools.swift.compiler (in target 'PicPacPoe' from project 'PicPacPoe')
    cd /Users/bavabangaru/Developer/pic-pac-poe-ios-native-parity/ios
    builtin-Swift-Compilation -- /Applications/Xcode.app/Contents/Developer/Toolchains/XcodeDefault.xctoolchain/usr/bin/swiftc -module-name PicPacPoe -O -whole-module-optimization @/tmp/picpac-phase3-layout-final-build-e6c0c65c9c5a-20260925T105458Z/iphonesimulator/Build/Intermediates.noindex/PicPacPoe.build/Release-iphonesimulator/PicPacPoe.build/Objects-normal/arm64/PicPacPoe.SwiftFileList -enable-experimental-feature DebugDescriptionMacro -sdk /Applications/Xcode.app/Contents/Developer/Platforms/iPhoneSimulator.platform/Developer/SDKs/iPhoneSimulator26.5.sdk -target arm64-apple-ios17.0-simulator -g -module-cache-path /tmp/picpac-phase3-layout-final-build-e6c0c65c9c5a-20260925T105458Z/iphonesimulator/ModuleCache.noindex -Xfrontend -serialize-debugging-options -swift-version 6 -I /tmp/picpac-phase3-layout-final-build-e6c0c65c9c5a-20260925T105458Z/iphonesimulator/Build/Products/Release-iphonesimulator -F /tmp/picpac-phase3-layout-final-build-e6c0c65c9c5a-20260925T105458Z/iphonesimulator/Build/Products/Release-iphonesimulator/PackageFrameworks -F /tmp/picpac-phase3-layout-final-build-e6c0c65c9c5a-20260925T105458Z/iphonesimulator/Build/Products/Release-iphonesimulator/PackageFrameworks -F /tmp/picpac-phase3-layout-final-build-e6c0c65c9c5a-20260925T105458Z/iphonesimulator/Build/Products/Release-iphonesimulator/PackageFrameworks -F /tmp/picpac-phase3-layout-final-build-e6c0c65c9c5a-20260925T105458Z/iphonesimulator/Build/Products/Release-iphonesimulator -emit-localized-strings -emit-localized-strings-path /tmp/picpac-phase3-layout-final-build-e6c0c65c9c5a-20260925T105458Z/iphonesimulator/Build/Intermediates.noindex/PicPacPoe.build/Release-iphonesimulator/PicPacPoe.build/Objects-normal/arm64 -c -num-threads 12 -Xcc -ivfsstatcache -Xcc /tmp/picpac-phase3-layout-final-build-e6c0c65c9c5a-20260925T105458Z/iphonesimulator/SDKStatCaches.noindex/iphonesimulator26.5-23F81a-6cfe768891a92b912361537c460fe42b.sdkstatcache -output-file-map /tmp/picpac-phase3-layout-final-build-e6c0c65c9c5a-20260925T105458Z/iphonesimulator/Build/Intermediates.noindex/PicPacPoe.build/Release-iphonesimulator/PicPacPoe.build/Objects-normal/arm64/PicPacPoe-OutputFileMap.json -use-frontend-parseable-output -save-temps -no-color-diagnostics -explicit-module-build -module-cache-path /tmp/picpac-phase3-layout-final-build-e6c0c65c9c5a-20260925T105458Z/iphonesimulator/Build/Intermediates.noindex/SwiftExplicitPrecompiledModules -clang-scanner-module-cache-path /tmp/picpac-phase3-layout-final-build-e6c0c65c9c5a-20260925T105458Z/iphonesimulator/ModuleCache.noindex -sdk-module-cache-path /tmp/picpac-phase3-layout-final-build-e6c0c65c9c5a-20260925T105458Z/iphonesimulator/ModuleCache.noindex -serialize-diagnostics -emit-dependencies -emit-module -emit-module-path /tmp/picpac-phase3-layout-final-build-e6c0c65c9c5a-20260925T105458Z/iphonesimulator/Build/Intermediates.noindex/PicPacPoe.build/Release-iphonesimulator/PicPacPoe.build/Objects-normal/arm64/PicPacPoe.swiftmodule -validate-clang-modules-once -clang-build-session-file /tmp/picpac-phase3-layout-final-build-e6c0c65c9c5a-20260925T105458Z/iphonesimulator/ModuleCache.noindex/Session.modulevalidation -Xcc -I/tmp/picpac-phase3-layout-final-build-e6c0c65c9c5a-20260925T105458Z/iphonesimulator/Build/Intermediates.noindex/PicPacPoe.build/Release-iphonesimulator/PicPacPoe.build/swift-overrides.hmap -emit-const-values -Xfrontend -const-gather-protocols-file -Xfrontend /tmp/picpac-phase3-layout-final-build-e6c0c65c9c5a-20260925T105458Z/iphonesimulator/Build/Intermediates.noindex/PicPacPoe.build/Release-iphonesimulator/PicPacPoe.build/Objects-normal/arm64/PicPacPoe_const_extract_protocols.json -Xcc -iquote -Xcc /tmp/picpac-phase3-layout-final-build-e6c0c65c9c5a-20260925T105458Z/iphonesimulator/Build/Intermediates.noindex/PicPacPoe.build/Release-iphonesimulator/PicPacPoe.build/PicPacPoe-generated-files.hmap -Xcc -I/tmp/picpac-phase3-layout-final-build-e6c0c65c9c5a-20260925T105458Z/iphonesimulator/Build/Intermediates.noindex/PicPacPoe.build/Release-iphonesimulator/PicPacPoe.build/PicPacPoe-own-target-headers.hmap -Xcc -I/tmp/picpac-phase3-layout-final-build-e6c0c65c9c5a-20260925T105458Z/iphonesimulator/Build/Intermediates.noindex/PicPacPoe.build/Release-iphonesimulator/PicPacPoe.build/PicPacPoe-all-non-framework-target-headers.hmap -Xcc -ivfsoverlay -Xcc /tmp/picpac-phase3-layout-final-build-e6c0c65c9c5a-20260925T105458Z/iphonesimulator/Build/Intermediates.noindex/PicPacPoe.build/Release-iphonesimulator/PicPacPoe-90eff2f9d9e8600d7e53134acd1cb833-VFS-iphonesimulator/all-product-headers.yaml -Xcc -iquote -Xcc /tmp/picpac-phase3-layout-final-build-e6c0c65c9c5a-20260925T105458Z/iphonesimulator/Build/Intermediates.noindex/PicPacPoe.build/Release-iphonesimulator/PicPacPoe.build/PicPacPoe-project-headers.hmap -Xcc -I/tmp/picpac-phase3-layout-final-build-e6c0c65c9c5a-20260925T105458Z/iphonesimulator/Build/Products/Release-iphonesimulator/include -Xcc -I/tmp/picpac-phase3-layout-final-build-e6c0c65c9c5a-20260925T105458Z/iphonesimulator/Build/Intermediates.noindex/PicPacPoe.build/Release-iphonesimulator/PicPacPoe.build/DerivedSources-normal/arm64 -Xcc -I/tmp/picpac-phase3-layout-final-build-e6c0c65c9c5a-20260925T105458Z/iphonesimulator/Build/Intermediates.noindex/PicPacPoe.build/Release-iphonesimulator/PicPacPoe.build/DerivedSources/arm64 -Xcc -I/tmp/picpac-phase3-layout-final-build-e6c0c65c9c5a-20260925T105458Z/iphonesimulator/Build/Intermediates.noindex/PicPacPoe.build/Release-iphonesimulator/PicPacPoe.build/DerivedSources -emit-objc-header -emit-objc-header-path /tmp/picpac-phase3-layout-final-build-e6c0c65c9c5a-20260925T105458Z/iphonesimulator/Build/Intermediates.noindex/PicPacPoe.build/Release-iphonesimulator/PicPacPoe.build/Objects-normal/arm64/PicPacPoe-Swift.h -working-directory /Users/bavabangaru/Developer/pic-pac-poe-ios-native-parity/ios -no-emit-module-separately-wmo

SwiftExplicitDependencyGeneratePcm arm64 /tmp/picpac-phase3-layout-final-build-e6c0c65c9c5a-20260925T105458Z/iphonesimulator/ModuleCache.noindex/_AvailabilityInternal-BTYASI0RI9ZHKTBTEJGXKOIDJ.pcm

SwiftExplicitDependencyGeneratePcm arm64 /tmp/picpac-phase3-layout-final-build-e6c0c65c9c5a-20260925T105458Z/iphonesimulator/ModuleCache.noindex/_Builtin_stddef-DXXL2USGCD9AFL4VS03MV79D1.pcm

SwiftExplicitDependencyGeneratePcm arm64 /tmp/picpac-phase3-layout-final-build-e6c0c65c9c5a-20260925T105458Z/iphonesimulator/ModuleCache.noindex/DeveloperToolsSupport-B5LIGKHFRYV52P38NOG6NXNQD.pcm

SwiftExplicitDependencyGeneratePcm arm64 /tmp/picpac-phase3-layout-final-build-e6c0c65c9c5a-20260925T105458Z/iphonesimulator/ModuleCache.noindex/SwiftShims-3XDCQ6RKZSIB67IBVU95BICM4.pcm

SwiftExplicitDependencyGeneratePcm arm64 /tmp/picpac-phase3-layout-final-build-e6c0c65c9c5a-20260925T105458Z/iphonesimulator/ModuleCache.noindex/_Builtin_stdarg-1L8QC58XNVNYRRT72ZSZL8I6X.pcm

SwiftExplicitDependencyGeneratePcm arm64 /tmp/picpac-phase3-layout-final-build-e6c0c65c9c5a-20260925T105458Z/iphonesimulator/ModuleCache.noindex/_SwiftConcurrencyShims-2S3W79LLSQN9GDYNW2T8TGDNK.pcm

SwiftExplicitDependencyGeneratePcm arm64 /tmp/picpac-phase3-layout-final-build-e6c0c65c9c5a-20260925T105458Z/iphonesimulator/ModuleCache.noindex/_Builtin_stdbool-C32VR3GQHHOKW9WDZY6N6XVS7.pcm

SwiftExplicitDependencyGeneratePcm arm64 /tmp/picpac-phase3-layout-final-build-e6c0c65c9c5a-20260925T105458Z/iphonesimulator/ModuleCache.noindex/_Builtin_float-5E5WZTCIQ5S7D59PL7ED23IH8.pcm

SwiftExplicitDependencyGeneratePcm arm64 /tmp/picpac-phase3-layout-final-build-e6c0c65c9c5a-20260925T105458Z/iphonesimulator/ModuleCache.noindex/ptrauth-55QHJWXRTAU3JTY22QUXLURX4.pcm

SwiftExplicitDependencyGeneratePcm arm64 /tmp/picpac-phase3-layout-final-build-e6c0c65c9c5a-20260925T105458Z/iphonesimulator/ModuleCache.noindex/ptrcheck-YMZHEOUX97WTXLFTY0WR80QB.pcm

SwiftExplicitDependencyGeneratePcm x86_64 /tmp/picpac-phase3-layout-final-build-e6c0c65c9c5a-20260925T105458Z/iphonesimulator/ModuleCache.noindex/_DarwinFoundation1-CYQ7SZKEMPY274QHSZMP4VRVP.pcm

SwiftExplicitDependencyGeneratePcm arm64 /tmp/picpac-phase3-layout-final-build-e6c0c65c9c5a-20260925T105458Z/iphonesimulator/ModuleCache.noindex/_DarwinFoundation1-60GKEZGT3B2ZD9AHW5TGOUR90.pcm

SwiftExplicitDependencyGeneratePcm x86_64 /tmp/picpac-phase3-layout-final-build-e6c0c65c9c5a-20260925T105458Z/iphonesimulator/ModuleCache.noindex/_DarwinFoundation2-6N43RLTKRZAGC2JWC0LEA0ECC.pcm

SwiftExplicitDependencyGeneratePcm x86_64 /tmp/picpac-phase3-layout-final-build-e6c0c65c9c5a-20260925T105458Z/iphonesimulator/ModuleCache.noindex/_Builtin_limits-6AA8CLMDX7I108NNUFLJBVGAK.pcm

SwiftExplicitDependencyGeneratePcm arm64 /tmp/picpac-phase3-layout-final-build-e6c0c65c9c5a-20260925T105458Z/iphonesimulator/ModuleCache.noindex/_Builtin_limits-8LE2B70ITA6S6B1FKXNTEHX07.pcm

SwiftExplicitDependencyGeneratePcm arm64 /tmp/picpac-phase3-layout-final-build-e6c0c65c9c5a-20260925T105458Z/iphonesimulator/ModuleCache.noindex/_DarwinFoundation2-EXAGC91AN78P8JHRP40OMED6G.pcm

SwiftExplicitDependencyGeneratePcm x86_64 /tmp/picpac-phase3-layout-final-build-e6c0c65c9c5a-20260925T105458Z/iphonesimulator/ModuleCache.noindex/_Builtin_tgmath-A4Z7GC7CI2OTBFQYG2HQISA6H.pcm

SwiftExplicitDependencyGeneratePcm x86_64 /tmp/picpac-phase3-layout-final-build-e6c0c65c9c5a-20260925T105458Z/iphonesimulator/ModuleCache.noindex/sys_types-9I03QX96JTEN1IQWSM10NMB8T.pcm

SwiftExplicitDependencyGeneratePcm x86_64 /tmp/picpac-phase3-layout-final-build-e6c0c65c9c5a-20260925T105458Z/iphonesimulator/ModuleCache.noindex/_Builtin_stdint-3O5TN6P8WECWUM5N3QE8L50VZ.pcm

SwiftExplicitDependencyGeneratePcm x86_64 /tmp/picpac-phase3-layout-final-build-e6c0c65c9c5a-20260925T105458Z/iphonesimulator/ModuleCache.noindex/_DarwinFoundation3-DEMXDD7COR7KDMXE59M0LBS5H.pcm

SwiftExplicitDependencyGeneratePcm x86_64 /tmp/picpac-phase3-layout-final-build-e6c0c65c9c5a-20260925T105458Z/iphonesimulator/ModuleCache.noindex/_Builtin_stdatomic-EJJSYFU3PZRP5457MQ0RMNYPZ.pcm

SwiftExplicitDependencyGeneratePcm arm64 /tmp/picpac-phase3-layout-final-build-e6c0c65c9c5a-20260925T105458Z/iphonesimulator/ModuleCache.noindex/sys_types-DBZ3NOBNE5BZM2X3MU5Z4JDAW.pcm

SwiftExplicitDependencyGeneratePcm arm64 /tmp/picpac-phase3-layout-final-build-e6c0c65c9c5a-20260925T105458Z/iphonesimulator/ModuleCache.noindex/_Builtin_stdint-EA97GY5Z9CNTI6AXTM2A4ONX6.pcm

SwiftExplicitDependencyGeneratePcm arm64 /tmp/picpac-phase3-layout-final-build-e6c0c65c9c5a-20260925T105458Z/iphonesimulator/ModuleCache.noindex/_Builtin_tgmath-9N10UCFH4EO8X0294ZHDBJJL5.pcm

SwiftExplicitDependencyGeneratePcm arm64 /tmp/picpac-phase3-layout-final-build-e6c0c65c9c5a-20260925T105458Z/iphonesimulator/ModuleCache.noindex/_Builtin_stdatomic-690JXFF893GHP5A1HPREJZ60R.pcm

SwiftExplicitDependencyGeneratePcm arm64 /tmp/picpac-phase3-layout-final-build-e6c0c65c9c5a-20260925T105458Z/iphonesimulator/ModuleCache.noindex/_DarwinFoundation3-7R57N8MZ0TCZ1QWIHM1CCXCON.pcm

SwiftExplicitDependencyGeneratePcm arm64 /tmp/picpac-phase3-layout-final-build-e6c0c65c9c5a-20260925T105458Z/iphonesimulator/ModuleCache.noindex/_Builtin_intrinsics-AP4JP0MWATKNBDW56CTZE412G.pcm

SwiftExplicitDependencyGeneratePcm x86_64 /tmp/picpac-phase3-layout-final-build-e6c0c65c9c5a-20260925T105458Z/iphonesimulator/ModuleCache.noindex/_Builtin_intrinsics-7AARDD3QA5R2YT0O9E4SQBI7J.pcm

SwiftExplicitDependencyGeneratePcm x86_64 /tmp/picpac-phase3-layout-final-build-e6c0c65c9c5a-20260925T105458Z/iphonesimulator/ModuleCache.noindex/_Builtin_inttypes-EKGFO5JA68YNX8Z16M8VO29S9.pcm

SwiftExplicitDependencyGeneratePcm x86_64 /tmp/picpac-phase3-layout-final-build-e6c0c65c9c5a-20260925T105458Z/iphonesimulator/ModuleCache.noindex/Darwin-745LH7QGEAUR4RVEYQRMB4IKP.pcm

SwiftExplicitDependencyGeneratePcm arm64 /tmp/picpac-phase3-layout-final-build-e6c0c65c9c5a-20260925T105458Z/iphonesimulator/ModuleCache.noindex/_Builtin_inttypes-DBFSN7NZKPA3SYSTMWXL57FH8.pcm

SwiftExplicitDependencyGeneratePcm arm64 /tmp/picpac-phase3-layout-final-build-e6c0c65c9c5a-20260925T105458Z/iphonesimulator/ModuleCache.noindex/Darwin-103CHYKZU8EN5VWDPXAI8Q9J4.pcm

SwiftExplicitDependencyGeneratePcm arm64 /tmp/picpac-phase3-layout-final-build-e6c0c65c9c5a-20260925T105458Z/iphonesimulator/ModuleCache.noindex/simd-7NPZJUOFLY7HSBTE3UN7LTF3Q.pcm

SwiftExplicitDependencyGeneratePcm x86_64 /tmp/picpac-phase3-layout-final-build-e6c0c65c9c5a-20260925T105458Z/iphonesimulator/ModuleCache.noindex/ObjectiveC-2BANEPSLI4OYYQ78Y7OKAXVW0.pcm

SwiftExplicitDependencyGeneratePcm x86_64 /tmp/picpac-phase3-layout-final-build-e6c0c65c9c5a-20260925T105458Z/iphonesimulator/ModuleCache.noindex/MachO-36IQHP6VQQ8QMEUKZW08DFXCD.pcm

SwiftExplicitDependencyGeneratePcm x86_64 /tmp/picpac-phase3-layout-final-build-e6c0c65c9c5a-20260925T105458Z/iphonesimulator/ModuleCache.noindex/simd-7IT5Q8EEWBGNAW8M2QOJHKLU8.pcm

SwiftExplicitDependencyGeneratePcm arm64 /tmp/picpac-phase3-layout-final-build-e6c0c65c9c5a-20260925T105458Z/iphonesimulator/ModuleCache.noindex/ObjectiveC-AJCFFRJCW9BL7LPVTV615PUT0.pcm

SwiftExplicitDependencyGeneratePcm arm64 /tmp/picpac-phase3-layout-final-build-e6c0c65c9c5a-20260925T105458Z/iphonesimulator/ModuleCache.noindex/MachO-BNAPOZ0CSBACEQM5HNW633MB1.pcm

SwiftExplicitDependencyGeneratePcm x86_64 /tmp/picpac-phase3-layout-final-build-e6c0c65c9c5a-20260925T105458Z/iphonesimulator/ModuleCache.noindex/os_object-7Q94RFOX9F1WYN2K2I3HFQZRZ.pcm

SwiftExplicitDependencyGeneratePcm x86_64 /tmp/picpac-phase3-layout-final-build-e6c0c65c9c5a-20260925T105458Z/iphonesimulator/ModuleCache.noindex/os_workgroup-7SEZ8HNFEBSYBIE7VN62IUHUG.pcm

SwiftExplicitDependencyGeneratePcm arm64 /tmp/picpac-phase3-layout-final-build-e6c0c65c9c5a-20260925T105458Z/iphonesimulator/ModuleCache.noindex/os_object-DOVH8Z8G4BLH6LZ8CMZSQ555I.pcm

SwiftExplicitDependencyGeneratePcm arm64 /tmp/picpac-phase3-layout-final-build-e6c0c65c9c5a-20260925T105458Z/iphonesimulator/ModuleCache.noindex/os_workgroup-363KI012MC3031XTBZ8BB5A96.pcm

SwiftExplicitDependencyGeneratePcm x86_64 /tmp/picpac-phase3-layout-final-build-e6c0c65c9c5a-20260925T105458Z/iphonesimulator/ModuleCache.noindex/Dispatch-1UEGVT0D9PGV8UK2LCQQWT1US.pcm

SwiftExplicitDependencyGeneratePcm arm64 /tmp/picpac-phase3-layout-final-build-e6c0c65c9c5a-20260925T105458Z/iphonesimulator/ModuleCache.noindex/Dispatch-10V2ZZD5J9BO31Z8ZSXOTA6U6.pcm

SwiftExplicitDependencyGeneratePcm x86_64 /tmp/picpac-phase3-layout-final-build-e6c0c65c9c5a-20260925T105458Z/iphonesimulator/ModuleCache.noindex/CoreFoundation-12LVF9M6KAFS6LIUWVVHBVF5Q.pcm

SwiftExplicitDependencyGeneratePcm x86_64 /tmp/picpac-phase3-layout-final-build-e6c0c65c9c5a-20260925T105458Z/iphonesimulator/ModuleCache.noindex/XPC-DJ9P7FN2Z2PFA3B1Y9EUZO72R.pcm

SwiftExplicitDependencyGeneratePcm x86_64 /tmp/picpac-phase3-layout-final-build-e6c0c65c9c5a-20260925T105458Z/iphonesimulator/ModuleCache.noindex/dnssd-62G2TRASA8Q90S6FVHCWFPIOJ.pcm

SwiftExplicitDependencyGeneratePcm arm64 /tmp/picpac-phase3-layout-final-build-e6c0c65c9c5a-20260925T105458Z/iphonesimulator/ModuleCache.noindex/Spatial-5MCCVQL6RDM5JKMM13TSSTFY6.pcm

SwiftExplicitDependencyGeneratePcm arm64 /tmp/picpac-phase3-layout-final-build-e6c0c65c9c5a-20260925T105458Z/iphonesimulator/ModuleCache.noindex/CoreFoundation-BFUHOBJX4UMTJUQ3NP2J4RFA.pcm

SwiftExplicitDependencyGeneratePcm arm64 /tmp/picpac-phase3-layout-final-build-e6c0c65c9c5a-20260925T105458Z/iphonesimulator/ModuleCache.noindex/XPC-CI6OMU0BBYRBX3JVPWZPC0T9G.pcm

SwiftExplicitDependencyGeneratePcm arm64 /tmp/picpac-phase3-layout-final-build-e6c0c65c9c5a-20260925T105458Z/iphonesimulator/ModuleCache.noindex/dnssd-DN6ZUUQK0ORMUXKHPR6FWR7XC.pcm

SwiftExplicitDependencyGeneratePcm x86_64 /tmp/picpac-phase3-layout-final-build-e6c0c65c9c5a-20260925T105458Z/iphonesimulator/ModuleCache.noindex/os-4ALNYFHVL4G9P8CL801H74YIA.pcm

SwiftExplicitDependencyGeneratePcm x86_64 /tmp/picpac-phase3-layout-final-build-e6c0c65c9c5a-20260925T105458Z/iphonesimulator/ModuleCache.noindex/CoreAudioTypes-85TL1WQZPHK05QRYJXT63CCLK.pcm

SwiftExplicitDependencyGeneratePcm x86_64 /tmp/picpac-phase3-layout-final-build-e6c0c65c9c5a-20260925T105458Z/iphonesimulator/ModuleCache.noindex/Security-DGJG289R120KM682B5N927LK1.pcm

SwiftExplicitDependencyGeneratePcm x86_64 /tmp/picpac-phase3-layout-final-build-e6c0c65c9c5a-20260925T105458Z/iphonesimulator/ModuleCache.noindex/CFNetwork-BRCIQO0NJPF129AFYAZ9OBDQJ.pcm

SwiftExplicitDependencyGeneratePcm x86_64 /tmp/picpac-phase3-layout-final-build-e6c0c65c9c5a-20260925T105458Z/iphonesimulator/ModuleCache.noindex/CoreGraphics-7FU20UIV03S5T0RS1QJ549STX.pcm

SwiftExplicitDependencyGeneratePcm arm64 /tmp/picpac-phase3-layout-final-build-e6c0c65c9c5a-20260925T105458Z/iphonesimulator/ModuleCache.noindex/os-WD1KXV0SM2FIKONRPC18XUNA.pcm

SwiftExplicitDependencyGeneratePcm x86_64 /tmp/picpac-phase3-layout-final-build-e6c0c65c9c5a-20260925T105458Z/iphonesimulator/ModuleCache.noindex/Spatial-B3CCANYXX7BJ6SEE7PK5A6B92.pcm

SwiftExplicitDependencyGeneratePcm x86_64 /tmp/picpac-phase3-layout-final-build-e6c0c65c9c5a-20260925T105458Z/iphonesimulator/ModuleCache.noindex/CoreAudio-8TKZXNP9VSQEQ0TP2NVMDYTVG.pcm

SwiftExplicitDependencyGeneratePcm arm64 /tmp/picpac-phase3-layout-final-build-e6c0c65c9c5a-20260925T105458Z/iphonesimulator/ModuleCache.noindex/CoreAudioTypes-AA7936GA1XVM5705BPG9Y6Q67.pcm

SwiftExplicitDependencyGeneratePcm arm64 /tmp/picpac-phase3-layout-final-build-e6c0c65c9c5a-20260925T105458Z/iphonesimulator/ModuleCache.noindex/CoreGraphics-APNNVYRUYSQA62GA6N4EJN3S2.pcm

SwiftExplicitDependencyGeneratePcm arm64 /tmp/picpac-phase3-layout-final-build-e6c0c65c9c5a-20260925T105458Z/iphonesimulator/ModuleCache.noindex/Security-BIRU3J4JPNFIGM0EMNCB5MCW2.pcm

SwiftExplicitDependencyGeneratePcm arm64 /tmp/picpac-phase3-layout-final-build-e6c0c65c9c5a-20260925T105458Z/iphonesimulator/ModuleCache.noindex/CFNetwork-3QPD850H4431Z0I9QKTBQJDA5.pcm

SwiftExplicitDependencyGeneratePcm x86_64 /tmp/picpac-phase3-layout-final-build-e6c0c65c9c5a-20260925T105458Z/iphonesimulator/ModuleCache.noindex/Foundation-DHS5G4LM4FXF3C0YSNTFPSQ84.pcm

SwiftExplicitDependencyGeneratePcm x86_64 /tmp/picpac-phase3-layout-final-build-e6c0c65c9c5a-20260925T105458Z/iphonesimulator/ModuleCache.noindex/ImageIO-A54DRR3VJR9JW0JXJET5C4KGF.pcm

SwiftExplicitDependencyGeneratePcm x86_64 /tmp/picpac-phase3-layout-final-build-e6c0c65c9c5a-20260925T105458Z/iphonesimulator/ModuleCache.noindex/CoreText-602JA6VHQCBJXBLBBW7BSJW0B.pcm

SwiftExplicitDependencyGeneratePcm arm64 /tmp/picpac-phase3-layout-final-build-e6c0c65c9c5a-20260925T105458Z/iphonesimulator/ModuleCache.noindex/CoreAudio-DDS0TZUF194OIDITKIV16BGE5.pcm

SwiftExplicitDependencyGeneratePcm arm64 /tmp/picpac-phase3-layout-final-build-e6c0c65c9c5a-20260925T105458Z/iphonesimulator/ModuleCache.noindex/Foundation-33X6XCLPMBO9WA34QEOGXEQAH.pcm

SwiftExplicitDependencyGeneratePcm arm64 /tmp/picpac-phase3-layout-final-build-e6c0c65c9c5a-20260925T105458Z/iphonesimulator/ModuleCache.noindex/CoreText-AFCRW2O7U6EE7454I9UWKN3SW.pcm

SwiftExplicitDependencyGeneratePcm arm64 /tmp/picpac-phase3-layout-final-build-e6c0c65c9c5a-20260925T105458Z/iphonesimulator/ModuleCache.noindex/ImageIO-4DV0PYGVBPFAKL7ULKVS3KS3D.pcm

SwiftExplicitDependencyGeneratePcm x86_64 /tmp/picpac-phase3-layout-final-build-e6c0c65c9c5a-20260925T105458Z/iphonesimulator/ModuleCache.noindex/Accessibility-73MVB841GQHRKTA1NXS0RYFI0.pcm

SwiftExplicitDependencyGeneratePcm x86_64 /tmp/picpac-phase3-layout-final-build-e6c0c65c9c5a-20260925T105458Z/iphonesimulator/ModuleCache.noindex/Symbols-2VZ3XUMG1DF7J9UM8AB35373V.pcm

SwiftExplicitDependencyGeneratePcm x86_64 /tmp/picpac-phase3-layout-final-build-e6c0c65c9c5a-20260925T105458Z/iphonesimulator/ModuleCache.noindex/CoreTransferable-775S4ELRULRS1422K1ZXV72VE.pcm

SwiftExplicitDependencyGeneratePcm x86_64 /tmp/picpac-phase3-layout-final-build-e6c0c65c9c5a-20260925T105458Z/iphonesimulator/ModuleCache.noindex/FileProvider-CLDBDFDOLFZO12ZLG3O5DSFUW.pcm

SwiftExplicitDependencyGeneratePcm x86_64 /tmp/picpac-phase3-layout-final-build-e6c0c65c9c5a-20260925T105458Z/iphonesimulator/ModuleCache.noindex/Network-BRG47AP8DBMGTKYGUUXTU1ACN.pcm

SwiftExplicitDependencyGeneratePcm x86_64 /tmp/picpac-phase3-layout-final-build-e6c0c65c9c5a-20260925T105458Z/iphonesimulator/ModuleCache.noindex/CoreData-EN6YHBECMCJYQMKPTCRCXO75G.pcm

SwiftExplicitDependencyGeneratePcm x86_64 /tmp/picpac-phase3-layout-final-build-e6c0c65c9c5a-20260925T105458Z/iphonesimulator/ModuleCache.noindex/DataDetection-30ISDI6JMG96ANV1YBHE5POC5.pcm

SwiftExplicitDependencyGeneratePcm x86_64 /tmp/picpac-phase3-layout-final-build-e6c0c65c9c5a-20260925T105458Z/iphonesimulator/ModuleCache.noindex/OSLog-2HP7UDM43KZ4MF0CAB885HB05.pcm

SwiftExplicitDependencyGeneratePcm x86_64 /tmp/picpac-phase3-layout-final-build-e6c0c65c9c5a-20260925T105458Z/iphonesimulator/ModuleCache.noindex/UIUtilities-4323VJJHH4Y45KEDS5NCW9CBC.pcm

SwiftExplicitDependencyGeneratePcm x86_64 /tmp/picpac-phase3-layout-final-build-e6c0c65c9c5a-20260925T105458Z/iphonesimulator/ModuleCache.noindex/UniformTypeIdentifiers-3SU7B7Z2BT7KTTISX2F7RGVX0.pcm

SwiftExplicitDependencyGeneratePcm x86_64 /tmp/picpac-phase3-layout-final-build-e6c0c65c9c5a-20260925T105458Z/iphonesimulator/ModuleCache.noindex/OpenGLES-8OTTPXKTJ39YRPZL0KN0857QC.pcm

SwiftExplicitDependencyGeneratePcm x86_64 /tmp/picpac-phase3-layout-final-build-e6c0c65c9c5a-20260925T105458Z/iphonesimulator/ModuleCache.noindex/IOSurface-BMHPWZ8TQVXEQAWBYWBRFARQN.pcm

SwiftExplicitDependencyGeneratePcm x86_64 /tmp/picpac-phase3-layout-final-build-e6c0c65c9c5a-20260925T105458Z/iphonesimulator/ModuleCache.noindex/UserNotifications-2QRLBJNR8VBVBM7YIKD8JM34Q.pcm

SwiftExplicitDependencyGeneratePcm x86_64 /tmp/picpac-phase3-layout-final-build-e6c0c65c9c5a-20260925T105458Z/iphonesimulator/ModuleCache.noindex/CoreMIDI-DS11IV234ZORR1OGKG2R0QLVA.pcm

SwiftExplicitDependencyGeneratePcm arm64 /tmp/picpac-phase3-layout-final-build-e6c0c65c9c5a-20260925T105458Z/iphonesimulator/ModuleCache.noindex/OpenGLES-3IFJ7PGDOC4EKG89UQ20WBVFU.pcm

SwiftExplicitDependencyGeneratePcm arm64 /tmp/picpac-phase3-layout-final-build-e6c0c65c9c5a-20260925T105458Z/iphonesimulator/ModuleCache.noindex/Network-KYDUWVF3966ERVISRJL9RZQM.pcm

SwiftExplicitDependencyGeneratePcm arm64 /tmp/picpac-phase3-layout-final-build-e6c0c65c9c5a-20260925T105458Z/iphonesimulator/ModuleCache.noindex/UIUtilities-81DW6B8VFMMQDXSQIK4F46F63.pcm

SwiftExplicitDependencyGeneratePcm arm64 /tmp/picpac-phase3-layout-final-build-e6c0c65c9c5a-20260925T105458Z/iphonesimulator/ModuleCache.noindex/IOSurface-CZGU5QB3WM2JZ9YU5E09RNZUV.pcm

SwiftExplicitDependencyGeneratePcm arm64 /tmp/picpac-phase3-layout-final-build-e6c0c65c9c5a-20260925T105458Z/iphonesimulator/ModuleCache.noindex/CoreTransferable-72PZMO2SRNZTMHU689VLIL2P4.pcm

SwiftExplicitDependencyGeneratePcm arm64 /tmp/picpac-phase3-layout-final-build-e6c0c65c9c5a-20260925T105458Z/iphonesimulator/ModuleCache.noindex/OSLog-4103IMUGC04KY9WVON8EIOXLL.pcm

SwiftExplicitDependencyGeneratePcm x86_64 /tmp/picpac-phase3-layout-final-build-e6c0c65c9c5a-20260925T105458Z/iphonesimulator/ModuleCache.noindex/AVRouting-O2Z1Z9KQN90HCW9MRUXV7FY1.pcm

SwiftExplicitDependencyGeneratePcm arm64 /tmp/picpac-phase3-layout-final-build-e6c0c65c9c5a-20260925T105458Z/iphonesimulator/ModuleCache.noindex/Accessibility-2LUFGTYYVBDEHJ86FVVY25ZQW.pcm

SwiftExplicitDependencyGeneratePcm x86_64 /tmp/picpac-phase3-layout-final-build-e6c0c65c9c5a-20260925T105458Z/iphonesimulator/ModuleCache.noindex/Metal-1W5WY2K9BQFOYWQJJ8H8NORWN.pcm

SwiftExplicitDependencyGeneratePcm arm64 /tmp/picpac-phase3-layout-final-build-e6c0c65c9c5a-20260925T105458Z/iphonesimulator/ModuleCache.noindex/Symbols-C4WNXWU72YSC0VQI78IJQVEW7.pcm

SwiftExplicitDependencyGeneratePcm arm64 /tmp/picpac-phase3-layout-final-build-e6c0c65c9c5a-20260925T105458Z/iphonesimulator/ModuleCache.noindex/CoreData-2Q7RNMNYZ2V9S0OIQCKI5I4H1.pcm

SwiftExplicitDependencyGeneratePcm arm64 /tmp/picpac-phase3-layout-final-build-e6c0c65c9c5a-20260925T105458Z/iphonesimulator/ModuleCache.noindex/UserNotifications-BKOU30E0RPP6DRVH4ATHMXB61.pcm

SwiftExplicitDependencyGeneratePcm arm64 /tmp/picpac-phase3-layout-final-build-e6c0c65c9c5a-20260925T105458Z/iphonesimulator/ModuleCache.noindex/Metal-BI532H0JKP91263QABQLU3KY8.pcm

SwiftExplicitDependencyGeneratePcm arm64 /tmp/picpac-phase3-layout-final-build-e6c0c65c9c5a-20260925T105458Z/iphonesimulator/ModuleCache.noindex/FileProvider-E5WQ2EPVB0VHWO6AMST03ZZA1.pcm

SwiftExplicitDependencyGeneratePcm arm64 /tmp/picpac-phase3-layout-final-build-e6c0c65c9c5a-20260925T105458Z/iphonesimulator/ModuleCache.noindex/UniformTypeIdentifiers-EYYMXB71CJWN3HH3M70UTA5VT.pcm

SwiftExplicitDependencyGeneratePcm arm64 /tmp/picpac-phase3-layout-final-build-e6c0c65c9c5a-20260925T105458Z/iphonesimulator/ModuleCache.noindex/CoreMIDI-61X5Z9YH5DJE1UKO4VVOX5HR4.pcm

SwiftExplicitDependencyGeneratePcm arm64 /tmp/picpac-phase3-layout-final-build-e6c0c65c9c5a-20260925T105458Z/iphonesimulator/ModuleCache.noindex/AVRouting-ZK85D2UR13TE410M58ND5RHS.pcm

SwiftExplicitDependencyGeneratePcm arm64 /tmp/picpac-phase3-layout-final-build-e6c0c65c9c5a-20260925T105458Z/iphonesimulator/ModuleCache.noindex/DataDetection-71E71JQ960QQMZWZT9QVZ9JZF.pcm

SwiftExplicitDependencyGeneratePcm x86_64 /tmp/picpac-phase3-layout-final-build-e6c0c65c9c5a-20260925T105458Z/iphonesimulator/ModuleCache.noindex/AudioToolbox-4Q2GZYJ48V1IC8F5K5VJQO2RF.pcm

SwiftExplicitDependencyGeneratePcm arm64 /tmp/picpac-phase3-layout-final-build-e6c0c65c9c5a-20260925T105458Z/iphonesimulator/ModuleCache.noindex/AudioToolbox-AJK837CVSYZRNSXJQS7FG4WHH.pcm

LinkAssetCatalog /Users/bavabangaru/Developer/pic-pac-poe-ios-native-parity/ios/PicPacPoe/Assets.xcassets (in target 'PicPacPoe' from project 'PicPacPoe')
    cd /Users/bavabangaru/Developer/pic-pac-poe-ios-native-parity/ios
    builtin-linkAssetCatalog --thinned /tmp/picpac-phase3-layout-final-build-e6c0c65c9c5a-20260925T105458Z/iphonesimulator/Build/Intermediates.noindex/PicPacPoe.build/Release-iphonesimulator/PicPacPoe.build/assetcatalog_output/thinned --thinned-dependencies /tmp/picpac-phase3-layout-final-build-e6c0c65c9c5a-20260925T105458Z/iphonesimulator/Build/Intermediates.noindex/PicPacPoe.build/Release-iphonesimulator/PicPacPoe.build/assetcatalog_dependencies_thinned --thinned-info-plist-content /tmp/picpac-phase3-layout-final-build-e6c0c65c9c5a-20260925T105458Z/iphonesimulator/Build/Intermediates.noindex/PicPacPoe.build/Release-iphonesimulator/PicPacPoe.build/assetcatalog_generated_info.plist_thinned --unthinned /tmp/picpac-phase3-layout-final-build-e6c0c65c9c5a-20260925T105458Z/iphonesimulator/Build/Intermediates.noindex/PicPacPoe.build/Release-iphonesimulator/PicPacPoe.build/assetcatalog_output/unthinned --unthinned-dependencies /tmp/picpac-phase3-layout-final-build-e6c0c65c9c5a-20260925T105458Z/iphonesimulator/Build/Intermediates.noindex/PicPacPoe.build/Release-iphonesimulator/PicPacPoe.build/assetcatalog_dependencies_unthinned --unthinned-info-plist-content /tmp/picpac-phase3-layout-final-build-e6c0c65c9c5a-20260925T105458Z/iphonesimulator/Build/Intermediates.noindex/PicPacPoe.build/Release-iphonesimulator/PicPacPoe.build/assetcatalog_generated_info.plist_unthinned --output /tmp/picpac-phase3-layout-final-build-e6c0c65c9c5a-20260925T105458Z/iphonesimulator/Build/Products/Release-iphonesimulator/PicPacPoe.app --plist-output /tmp/picpac-phase3-layout-final-build-e6c0c65c9c5a-20260925T105458Z/iphonesimulator/Build/Intermediates.noindex/PicPacPoe.build/Release-iphonesimulator/PicPacPoe.build/assetcatalog_generated_info.plist
note: Emplaced /tmp/picpac-phase3-layout-final-build-e6c0c65c9c5a-20260925T105458Z/iphonesimulator/Build/Products/Release-iphonesimulator/PicPacPoe.app/AppIcon76x76@2x~ipad.png (in target 'PicPacPoe' from project 'PicPacPoe')
note: Emplaced /tmp/picpac-phase3-layout-final-build-e6c0c65c9c5a-20260925T105458Z/iphonesimulator/Build/Products/Release-iphonesimulator/PicPacPoe.app/AppIcon60x60@2x.png (in target 'PicPacPoe' from project 'PicPacPoe')
note: Emplaced /tmp/picpac-phase3-layout-final-build-e6c0c65c9c5a-20260925T105458Z/iphonesimulator/Build/Products/Release-iphonesimulator/PicPacPoe.app/Assets.car (in target 'PicPacPoe' from project 'PicPacPoe')

ProcessInfoPlistFile /tmp/picpac-phase3-layout-final-build-e6c0c65c9c5a-20260925T105458Z/iphonesimulator/Build/Products/Release-iphonesimulator/PicPacPoe.app/Info.plist /Users/bavabangaru/Developer/pic-pac-poe-ios-native-parity/ios/PicPacPoe/Info.plist (in target 'PicPacPoe' from project 'PicPacPoe')
    cd /Users/bavabangaru/Developer/pic-pac-poe-ios-native-parity/ios
    builtin-infoPlistUtility /Users/bavabangaru/Developer/pic-pac-poe-ios-native-parity/ios/PicPacPoe/Info.plist -producttype com.apple.product-type.application -genpkginfo /tmp/picpac-phase3-layout-final-build-e6c0c65c9c5a-20260925T105458Z/iphonesimulator/Build/Products/Release-iphonesimulator/PicPacPoe.app/PkgInfo -expandbuildsettings -format binary -platform iphonesimulator -additionalcontentfile /tmp/picpac-phase3-layout-final-build-e6c0c65c9c5a-20260925T105458Z/iphonesimulator/Build/Intermediates.noindex/PicPacPoe.build/Release-iphonesimulator/PicPacPoe.build/assetcatalog_generated_info.plist -scanforprivacyfile /tmp/picpac-phase3-layout-final-build-e6c0c65c9c5a-20260925T105458Z/iphonesimulator/Build/Products/Release-iphonesimulator/PicPacPoe.app/PicPacKit_PicPacAI.bundle -o /tmp/picpac-phase3-layout-final-build-e6c0c65c9c5a-20260925T105458Z/iphonesimulator/Build/Products/Release-iphonesimulator/PicPacPoe.app/Info.plist

SwiftExplicitDependencyGeneratePcm x86_64 /tmp/picpac-phase3-layout-final-build-e6c0c65c9c5a-20260925T105458Z/iphonesimulator/ModuleCache.noindex/CoreVideo-3IDAO4PQJC4RMHXCNNCBQM3KC.pcm

SwiftExplicitDependencyGeneratePcm arm64 /tmp/picpac-phase3-layout-final-build-e6c0c65c9c5a-20260925T105458Z/iphonesimulator/ModuleCache.noindex/CoreVideo-F0UYGPD5XIM9HV5MZ37KWJAHG.pcm

SwiftExplicitDependencyGeneratePcm x86_64 /tmp/picpac-phase3-layout-final-build-e6c0c65c9c5a-20260925T105458Z/iphonesimulator/ModuleCache.noindex/CoreMedia-DLQRCC37L4IBRYDSKVQZ8NHII.pcm

SwiftExplicitDependencyGeneratePcm x86_64 /tmp/picpac-phase3-layout-final-build-e6c0c65c9c5a-20260925T105458Z/iphonesimulator/ModuleCache.noindex/QuartzCore-7CTK5SBK0PXXYI7CG4G6EQBES.pcm

SwiftExplicitDependencyGeneratePcm x86_64 /tmp/picpac-phase3-layout-final-build-e6c0c65c9c5a-20260925T105458Z/iphonesimulator/ModuleCache.noindex/CoreImage-1YSAR9BYREIG07NUG0JQJAFKC.pcm

SwiftExplicitDependencyGeneratePcm arm64 /tmp/picpac-phase3-layout-final-build-e6c0c65c9c5a-20260925T105458Z/iphonesimulator/ModuleCache.noindex/CoreMedia-QNP76L7DIIPN82PAQUKYE2ZO.pcm

SwiftExplicitDependencyGeneratePcm arm64 /tmp/picpac-phase3-layout-final-build-e6c0c65c9c5a-20260925T105458Z/iphonesimulator/ModuleCache.noindex/CoreImage-EDSW78SMZHB059AB92EOBEQ0P.pcm

SwiftExplicitDependencyGeneratePcm arm64 /tmp/picpac-phase3-layout-final-build-e6c0c65c9c5a-20260925T105458Z/iphonesimulator/ModuleCache.noindex/QuartzCore-44M42CT3IDA944GTK1JDQ4ZA1.pcm

SwiftExplicitDependencyGeneratePcm x86_64 /tmp/picpac-phase3-layout-final-build-e6c0c65c9c5a-20260925T105458Z/iphonesimulator/ModuleCache.noindex/SwiftUICore-9Z36CO6XYK7DL4EBTMP36L6S9.pcm

SwiftExplicitDependencyGeneratePcm x86_64 /tmp/picpac-phase3-layout-final-build-e6c0c65c9c5a-20260925T105458Z/iphonesimulator/ModuleCache.noindex/UIKit-4GYLCUGCC1MKTNV9EIN16DLSF.pcm

SwiftExplicitDependencyGeneratePcm x86_64 /tmp/picpac-phase3-layout-final-build-e6c0c65c9c5a-20260925T105458Z/iphonesimulator/ModuleCache.noindex/MediaToolbox-56F9K2T5ZEEOWH4G84XDTUDDZ.pcm

SwiftExplicitDependencyGeneratePcm x86_64 /tmp/picpac-phase3-layout-final-build-e6c0c65c9c5a-20260925T105458Z/iphonesimulator/ModuleCache.noindex/AVFAudio-8MWAOP7TCYS9A4L32N53M4Q59.pcm

SwiftExplicitDependencyGeneratePcm arm64 /tmp/picpac-phase3-layout-final-build-e6c0c65c9c5a-20260925T105458Z/iphonesimulator/ModuleCache.noindex/SwiftUICore-EUNRZ1V76FG0CIK6S1UWAL82I.pcm

SwiftExplicitDependencyGeneratePcm arm64 /tmp/picpac-phase3-layout-final-build-e6c0c65c9c5a-20260925T105458Z/iphonesimulator/ModuleCache.noindex/MediaToolbox-30B4OKQV78MD40GWQVBJAT3LK.pcm

SwiftExplicitDependencyGeneratePcm arm64 /tmp/picpac-phase3-layout-final-build-e6c0c65c9c5a-20260925T105458Z/iphonesimulator/ModuleCache.noindex/AVFAudio-BPJ39GGGWPR1X2XB9E7GBRD9L.pcm

SwiftExplicitDependencyGeneratePcm arm64 /tmp/picpac-phase3-layout-final-build-e6c0c65c9c5a-20260925T105458Z/iphonesimulator/ModuleCache.noindex/UIKit-99XUNIUIWF8B7SZHT4XDB38W6.pcm

SwiftExplicitDependencyGeneratePcm x86_64 /tmp/picpac-phase3-layout-final-build-e6c0c65c9c5a-20260925T105458Z/iphonesimulator/ModuleCache.noindex/AVFoundation-6LQMKBTDN9EWU4TE8EBML7969.pcm

SwiftExplicitDependencyGeneratePcm arm64 /tmp/picpac-phase3-layout-final-build-e6c0c65c9c5a-20260925T105458Z/iphonesimulator/ModuleCache.noindex/AVFoundation-2UYCT3L30LP7OA3TQ3HZNQTBW.pcm

SwiftExplicitDependencyGeneratePcm x86_64 /tmp/picpac-phase3-layout-final-build-e6c0c65c9c5a-20260925T105458Z/iphonesimulator/ModuleCache.noindex/SwiftUI-77IZ9AT3MQYCIQF7UTGDTXRE9.pcm

SwiftExplicitDependencyGeneratePcm arm64 /tmp/picpac-phase3-layout-final-build-e6c0c65c9c5a-20260925T105458Z/iphonesimulator/ModuleCache.noindex/SwiftUI-BU0ODCG5Z7YHWBW5QOKLICJXL.pcm

SwiftCompile normal x86_64 Compiling\ PicPacPoeApp.swift,\ FormTheme.swift,\ PhysicalBoard.swift,\ HomeView.swift,\ GameView.swift,\ InfoViews.swift,\ FeedbackService.swift,\ DebugLaunchConfiguration.swift,\ ProductionAIWorker.swift,\ GeneratedAssetSymbols.swift /Users/bavabangaru/Developer/pic-pac-poe-ios-native-parity/ios/PicPacPoe/PicPacPoeApp.swift /Users/bavabangaru/Developer/pic-pac-poe-ios-native-parity/ios/PicPacPoe/FormTheme.swift /Users/bavabangaru/Developer/pic-pac-poe-ios-native-parity/ios/PicPacPoe/PhysicalBoard.swift /Users/bavabangaru/Developer/pic-pac-poe-ios-native-parity/ios/PicPacPoe/HomeView.swift /Users/bavabangaru/Developer/pic-pac-poe-ios-native-parity/ios/PicPacPoe/GameView.swift /Users/bavabangaru/Developer/pic-pac-poe-ios-native-parity/ios/PicPacPoe/InfoViews.swift /Users/bavabangaru/Developer/pic-pac-poe-ios-native-parity/ios/PicPacPoe/FeedbackService.swift /Users/bavabangaru/Developer/pic-pac-poe-ios-native-parity/ios/PicPacPoe/DebugLaunchConfiguration.swift /Users/bavabangaru/Developer/pic-pac-poe-ios-native-parity/ios/PicPacPoe/ProductionAIWorker.swift /tmp/picpac-phase3-layout-final-build-e6c0c65c9c5a-20260925T105458Z/iphonesimulator/Build/Intermediates.noindex/PicPacPoe.build/Release-iphonesimulator/PicPacPoe.build/DerivedSources/GeneratedAssetSymbols.swift /Applications/Xcode.app/Contents/Developer/Toolchains/XcodeDefault.xctoolchain/usr/lib/swift/iphonesimulator/prebuilt-modules/26.5/XPC.swiftmodule/x86_64-apple-ios-simulator.swiftmodule /Applications/Xcode.app/Contents/Developer/Toolchains/XcodeDefault.xctoolchain/usr/lib/swift/iphonesimulator/prebuilt-modules/26.5/os.swiftmodule/x86_64-apple-ios-simulator.swiftmodule /Applications/Xcode.app/Contents/Developer/Toolchains/XcodeDefault.xctoolchain/usr/lib/swift/iphonesimulator/prebuilt-modules/26.5/_StringProcessing.swiftmodule/x86_64-apple-ios-simulator.swiftmodule /Applications/Xcode.app/Contents/Developer/Toolchains/XcodeDefault.xctoolchain/usr/lib/swift/iphonesimulator/prebuilt-modules/26.5/CoreMedia.swiftmodule/x86_64-apple-ios-simulator.swiftmodule /Applications/Xcode.app/Contents/Developer/Toolchains/XcodeDefault.xctoolchain/usr/lib/swift/iphonesimulator/prebuilt-modules/26.5/System.swiftmodule/x86_64-apple-ios-simulator.swiftmodule /Applications/Xcode.app/Contents/Developer/Toolchains/XcodeDefault.xctoolchain/usr/lib/swift/iphonesimulator/prebuilt-modules/26.5/AVFAudio.swiftmodule/x86_64-apple-ios-simulator.swiftmodule /tmp/picpac-phase3-layout-final-build-e6c0c65c9c5a-20260925T105458Z/iphonesimulator/Build/Products/Release-iphonesimulator/PicPacAI.swiftmodule/x86_64-apple-ios-simulator.swiftmodule /Applications/Xcode.app/Contents/Developer/Toolchains/XcodeDefault.xctoolchain/usr/lib/swift/iphonesimulator/prebuilt-modules/26.5/AVFoundation.swiftmodule/x86_64-apple-ios-simulator.swiftmodule /Applications/Xcode.app/Contents/Developer/Toolchains/XcodeDefault.xctoolchain/usr/lib/swift/iphonesimulator/prebuilt-modules/26.5/_DarwinFoundation3.swiftmodule/x86_64-apple-ios-simulator.swiftmodule /Applications/Xcode.app/Contents/Developer/Toolchains/XcodeDefault.xctoolchain/usr/lib/swift/iphonesimulator/prebuilt-modules/26.5/CoreGraphics.swiftmodule/x86_64-apple-ios-simulator.swiftmodule /Applications/Xcode.app/Contents/Developer/Toolchains/XcodeDefault.xctoolchain/usr/lib/swift/iphonesimulator/prebuilt-modules/26.5/Combine.swiftmodule/x86_64-apple-ios-simulator.swiftmodule /Applications/Xcode.app/Contents/Developer/Toolchains/XcodeDefault.xctoolchain/usr/lib/swift/iphonesimulator/prebuilt-modules/26.5/CoreTransferable.swiftmodule/x86_64-apple-ios-simulator.swiftmodule /Applications/Xcode.app/Contents/Developer/Toolchains/XcodeDefault.xctoolchain/usr/lib/swift/iphonesimulator/prebuilt-modules/26.5/UniformTypeIdentifiers.swiftmodule/x86_64-apple-ios-simulator.swiftmodule /Applications/Xcode.app/Contents/Developer/Toolchains/XcodeDefault.xctoolchain/usr/lib/swift/iphonesimulator/prebuilt-modules/26.5/Foundation.swiftmodule/x86_64-apple-ios-simulator.swiftmodule /Applications/Xcode.app/Contents/Developer/Toolchains/XcodeDefault.xctoolchain/usr/lib/swift/iphonesimulator/prebuilt-modules/26.5/Swift.swiftmodule/x86_64-apple-ios-simulator.swiftmodule /Applications/Xcode.app/Contents/Developer/Toolchains/XcodeDefault.xctoolchain/usr/lib/swift/iphonesimulator/prebuilt-modules/26.5/CoreImage.swiftmodule/x86_64-apple-ios-simulator.swiftmodule /Applications/Xcode.app/Contents/Developer/Toolchains/XcodeDefault.xctoolchain/usr/lib/swift/iphonesimulator/prebuilt-modules/26.5/SwiftUI.swiftmodule/x86_64-apple-ios-simulator.swiftmodule /Applications/Xcode.app/Contents/Developer/Toolchains/XcodeDefault.xctoolchain/usr/lib/swift/iphonesimulator/prebuilt-modules/26.5/OSLog.swiftmodule/x86_64-apple-ios-simulator.swiftmodule /Applications/Xcode.app/Contents/Developer/Toolchains/XcodeDefault.xctoolchain/usr/lib/swift/iphonesimulator/prebuilt-modules/26.5/DeveloperToolsSupport.swiftmodule/x86_64-apple-ios-simulator.swiftmodule /Applications/Xcode.app/Contents/Developer/Toolchains/XcodeDefault.xctoolchain/usr/lib/swift/iphonesimulator/prebuilt-modules/26.5/Metal.swiftmodule/x86_64-apple-ios-simulator.swiftmodule /Applications/Xcode.app/Contents/Developer/Toolchains/XcodeDefault.xctoolchain/usr/lib/swift/iphonesimulator/prebuilt-modules/26.5/DataDetection.swiftmodule/x86_64-apple-ios-simulator.swiftmodule /Applications/Xcode.app/Contents/Developer/Toolchains/XcodeDefault.xctoolchain/usr/lib/swift/iphonesimulator/prebuilt-modules/26.5/CoreVideo.swiftmodule/x86_64-apple-ios-simulator.swiftmodule /Applications/Xcode.app/Contents/Developer/Toolchains/XcodeDefault.xctoolchain/usr/lib/swift/iphonesimulator/prebuilt-modules/26.5/Darwin.swiftmodule/x86_64-apple-ios-simulator.swiftmodule /Applications/Xcode.app/Contents/Developer/Toolchains/XcodeDefault.xctoolchain/usr/lib/swift/iphonesimulator/prebuilt-modules/26.5/_Concurrency.swiftmodule/x86_64-apple-ios-simulator.swiftmodule /Applications/Xcode.app/Contents/Developer/Toolchains/XcodeDefault.xctoolchain/usr/lib/swift/iphonesimulator/prebuilt-modules/26.5/CoreMIDI.swiftmodule/x86_64-apple-ios-simulator.swiftmodule /Applications/Xcode.app/Contents/Developer/Toolchains/XcodeDefault.xctoolchain/usr/lib/swift/iphonesimulator/prebuilt-modules/26.5/simd.swiftmodule/x86_64-apple-ios-simulator.swiftmodule /Applications/Xcode.app/Contents/Developer/Toolchains/XcodeDefault.xctoolchain/usr/lib/swift/iphonesimulator/prebuilt-modules/26.5/QuartzCore.swiftmodule/x86_64-apple-ios-simulator.swiftmodule /Applications/Xcode.app/Contents/Developer/Toolchains/XcodeDefault.xctoolchain/usr/lib/swift/iphonesimulator/prebuilt-modules/26.5/CoreFoundation.swiftmodule/x86_64-apple-ios-simulator.swiftmodule /Applications/Xcode.app/Contents/Developer/Toolchains/XcodeDefault.xctoolchain/usr/lib/swift/iphonesimulator/prebuilt-modules/26.5/Synchronization.swiftmodule/x86_64-apple-ios-simulator.swiftmodule /Applications/Xcode.app/Contents/Developer/Toolchains/XcodeDefault.xctoolchain/usr/lib/swift/iphonesimulator/prebuilt-modules/26.5/Dispatch.swiftmodule/x86_64-apple-ios-simulator.swiftmodule /Applications/Xcode.app/Contents/Developer/Toolchains/XcodeDefault.xctoolchain/usr/lib/swift/iphonesimulator/prebuilt-modules/26.5/AudioToolbox.swiftmodule/x86_64-apple-ios-simulator.swiftmodule /Applications/Xcode.app/Contents/Developer/Toolchains/XcodeDefault.xctoolchain/usr/lib/swift/iphonesimulator/prebuilt-modules/26.5/SwiftUICore.swiftmodule/x86_64-apple-ios-simulator.swiftmodule /Applications/Xcode.app/Contents/Developer/Toolchains/XcodeDefault.xctoolchain/usr/lib/swift/iphonesimulator/prebuilt-modules/26.5/CoreData.swiftmodule/x86_64-apple-ios-simulator.swiftmodule /Applications/Xcode.app/Contents/Developer/Toolchains/XcodeDefault.xctoolchain/usr/lib/swift/iphonesimulator/prebuilt-modules/26.5/Symbols.swiftmodule/x86_64-apple-ios-simulator.swiftmodule /Applications/Xcode.app/Contents/Developer/Toolchains/XcodeDefault.xctoolchain/usr/lib/swift/iphonesimulator/prebuilt-modules/26.5/FileProvider.swiftmodule/x86_64-apple-ios-simulator.swiftmodule /Applications/Xcode.app/Contents/Developer/Toolchains/XcodeDefault.xctoolchain/usr/lib/swift/iphonesimulator/prebuilt-modules/26.5/_Builtin_float.swiftmodule/x86_64-apple-ios-simulator.swiftmodule /Applications/Xcode.app/Contents/Developer/Toolchains/XcodeDefault.xctoolchain/usr/lib/swift/iphonesimulator/prebuilt-modules/26.5/UIKit.swiftmodule/x86_64-apple-ios-simulator.swiftmodule /Applications/Xcode.app/Contents/Developer/Toolchains/XcodeDefault.xctoolchain/usr/lib/swift/iphonesimulator/prebuilt-modules/26.5/_DarwinFoundation2.swiftmodule/x86_64-apple-ios-simulator.swiftmodule /Applications/Xcode.app/Contents/Developer/Toolchains/XcodeDefault.xctoolchain/usr/lib/swift/iphonesimulator/prebuilt-modules/26.5/Accessibility.swiftmodule/x86_64-apple-ios-simulator.swiftmodule /Applications/Xcode.app/Contents/Developer/Toolchains/XcodeDefault.xctoolchain/usr/lib/swift/iphonesimulator/prebuilt-modules/26.5/CoreAudio.swiftmodule/x86_64-apple-ios-simulator.swiftmodule /tmp/picpac-phase3-layout-final-build-e6c0c65c9c5a-20260925T105458Z/iphonesimulator/Build/Products/Release-iphonesimulator/PicPacPresentation.swiftmodule/x86_64-apple-ios-simulator.swiftmodule /Applications/Xcode.app/Contents/Developer/Toolchains/XcodeDefault.xctoolchain/usr/lib/swift/iphonesimulator/prebuilt-modules/26.5/ObjectiveC.swiftmodule/x86_64-apple-ios-simulator.swiftmodule /Applications/Xcode.app/Contents/Developer/Toolchains/XcodeDefault.xctoolchain/usr/lib/swift/iphonesimulator/prebuilt-modules/26.5/_DarwinFoundation1.swiftmodule/x86_64-apple-ios-simulator.swiftmodule /Applications/Xcode.app/Contents/Developer/Toolchains/XcodeDefault.xctoolchain/usr/lib/swift/iphonesimulator/prebuilt-modules/26.5/Spatial.swiftmodule/x86_64-apple-ios-simulator.swiftmodule /tmp/picpac-phase3-layout-final-build-e6c0c65c9c5a-20260925T105458Z/iphonesimulator/Build/Products/Release-iphonesimulator/PicPacCore.swiftmodule/x86_64-apple-ios-simulator.swiftmodule /Applications/Xcode.app/Contents/Developer/Toolchains/XcodeDefault.xctoolchain/usr/lib/swift/iphonesimulator/prebuilt-modules/26.5/Observation.swiftmodule/x86_64-apple-ios-simulator.swiftmodule /Applications/Xcode.app/Contents/Developer/Toolchains/XcodeDefault.xctoolchain/usr/lib/swift/iphonesimulator/prebuilt-modules/26.5/CoreText.swiftmodule/x86_64-apple-ios-simulator.swiftmodule /tmp/picpac-phase3-layout-final-build-e6c0c65c9c5a-20260925T105458Z/iphonesimulator/ModuleCache.noindex/OSLog-2HP7UDM43KZ4MF0CAB885HB05.pcm /tmp/picpac-phase3-layout-final-build-e6c0c65c9c5a-20260925T105458Z/iphonesimulator/ModuleCache.noindex/_SwiftConcurrencyShims-2LP8D5Y2YX17R5ODR70DJHGS5.pcm /tmp/picpac-phase3-layout-final-build-e6c0c65c9c5a-20260925T105458Z/iphonesimulator/ModuleCache.noindex/_Builtin_limits-6AA8CLMDX7I108NNUFLJBVGAK.pcm /tmp/picpac-phase3-layout-final-build-e6c0c65c9c5a-20260925T105458Z/iphonesimulator/ModuleCache.noindex/OpenGLES-8OTTPXKTJ39YRPZL0KN0857QC.pcm /tmp/picpac-phase3-layout-final-build-e6c0c65c9c5a-20260925T105458Z/iphonesimulator/ModuleCache.noindex/_Builtin_inttypes-EKGFO5JA68YNX8Z16M8VO29S9.pcm /tmp/picpac-phase3-layout-final-build-e6c0c65c9c5a-20260925T105458Z/iphonesimulator/ModuleCache.noindex/MachO-36IQHP6VQQ8QMEUKZW08DFXCD.pcm /tmp/picpac-phase3-layout-final-build-e6c0c65c9c5a-20260925T105458Z/iphonesimulator/ModuleCache.noindex/AVFAudio-8MWAOP7TCYS9A4L32N53M4Q59.pcm /tmp/picpac-phase3-layout-final-build-e6c0c65c9c5a-20260925T105458Z/iphonesimulator/ModuleCache.noindex/_Builtin_stdint-3O5TN6P8WECWUM5N3QE8L50VZ.pcm /tmp/picpac-phase3-layout-final-build-e6c0c65c9c5a-20260925T105458Z/iphonesimulator/ModuleCache.noindex/CoreFoundation-12LVF9M6KAFS6LIUWVVHBVF5Q.pcm /tmp/picpac-phase3-layout-final-build-e6c0c65c9c5a-20260925T105458Z/iphonesimulator/ModuleCache.noindex/CoreTransferable-775S4ELRULRS1422K1ZXV72VE.pcm /tmp/picpac-phase3-layout-final-build-e6c0c65c9c5a-20260925T105458Z/iphonesimulator/ModuleCache.noindex/os_workgroup-7SEZ8HNFEBSYBIE7VN62IUHUG.pcm /tmp/picpac-phase3-layout-final-build-e6c0c65c9c5a-20260925T105458Z/iphonesimulator/ModuleCache.noindex/_Builtin_stddef-F4V68IBY922M50NMT6O8PV9GJ.pcm /tmp/picpac-phase3-layout-final-build-e6c0c65c9c5a-20260925T105458Z/iphonesimulator/ModuleCache.noindex/CoreMIDI-DS11IV234ZORR1OGKG2R0QLVA.pcm /tmp/picpac-phase3-layout-final-build-e6c0c65c9c5a-20260925T105458Z/iphonesimulator/ModuleCache.noindex/simd-7IT5Q8EEWBGNAW8M2QOJHKLU8.pcm /tmp/picpac-phase3-layout-final-build-e6c0c65c9c5a-20260925T105458Z/iphonesimulator/ModuleCache.noindex/XPC-DJ9P7FN2Z2PFA3B1Y9EUZO72R.pcm /tmp/picpac-phase3-layout-final-build-e6c0c65c9c5a-20260925T105458Z/iphonesimulator/ModuleCache.noindex/Symbols-2VZ3XUMG1DF7J9UM8AB35373V.pcm /tmp/picpac-phase3-layout-final-build-e6c0c65c9c5a-20260925T105458Z/iphonesimulator/ModuleCache.noindex/ptrcheck-3LS68Z6EQMLQTLBUY1QLE4D4F.pcm /tmp/picpac-phase3-layout-final-build-e6c0c65c9c5a-20260925T105458Z/iphonesimulator/ModuleCache.noindex/Security-DGJG289R120KM682B5N927LK1.pcm /tmp/picpac-phase3-layout-final-build-e6c0c65c9c5a-20260925T105458Z/iphonesimulator/ModuleCache.noindex/_Builtin_float-B2M1JBW39F37AD68X2W57GSM8.pcm /tmp/picpac-phase3-layout-final-build-e6c0c65c9c5a-20260925T105458Z/iphonesimulator/ModuleCache.noindex/AudioToolbox-4Q2GZYJ48V1IC8F5K5VJQO2RF.pcm /tmp/picpac-phase3-layout-final-build-e6c0c65c9c5a-20260925T105458Z/iphonesimulator/ModuleCache.noindex/Dispatch-1UEGVT0D9PGV8UK2LCQQWT1US.pcm /tmp/picpac-phase3-layout-final-build-e6c0c65c9c5a-20260925T105458Z/iphonesimulator/ModuleCache.noindex/Darwin-745LH7QGEAUR4RVEYQRMB4IKP.pcm /tmp/picpac-phase3-layout-final-build-e6c0c65c9c5a-20260925T105458Z/iphonesimulator/ModuleCache.noindex/Foundation-DHS5G4LM4FXF3C0YSNTFPSQ84.pcm /tmp/picpac-phase3-layout-final-build-e6c0c65c9c5a-20260925T105458Z/iphonesimulator/ModuleCache.noindex/_Builtin_stdarg-17DBRMXT3986RQIAHEEKUUJX5.pcm /tmp/picpac-phase3-layout-final-build-e6c0c65c9c5a-20260925T105458Z/iphonesimulator/ModuleCache.noindex/CoreAudioTypes-85TL1WQZPHK05QRYJXT63CCLK.pcm /tmp/picpac-phase3-layout-final-build-e6c0c65c9c5a-20260925T105458Z/iphonesimulator/ModuleCache.noindex/Network-BRG47AP8DBMGTKYGUUXTU1ACN.pcm /tmp/picpac-phase3-layout-final-build-e6c0c65c9c5a-20260925T105458Z/iphonesimulator/ModuleCache.noindex/DeveloperToolsSupport-3T0IKSIWD57ERQ5SX0HGNVLTF.pcm /tmp/picpac-phase3-layout-final-build-e6c0c65c9c5a-20260925T105458Z/iphonesimulator/ModuleCache.noindex/_AvailabilityInternal-BXF3GJSIHOTI9WS3YB8GONUV0.pcm /tmp/picpac-phase3-layout-final-build-e6c0c65c9c5a-20260925T105458Z/iphonesimulator/ModuleCache.noindex/dnssd-62G2TRASA8Q90S6FVHCWFPIOJ.pcm /tmp/picpac-phase3-layout-final-build-e6c0c65c9c5a-20260925T105458Z/iphonesimulator/ModuleCache.noindex/UniformTypeIdentifiers-3SU7B7Z2BT7KTTISX2F7RGVX0.pcm /tmp/picpac-phase3-layout-final-build-e6c0c65c9c5a-20260925T105458Z/iphonesimulator/ModuleCache.noindex/CoreData-EN6YHBECMCJYQMKPTCRCXO75G.pcm /tmp/picpac-phase3-layout-final-build-e6c0c65c9c5a-20260925T105458Z/iphonesimulator/ModuleCache.noindex/SwiftUICore-9Z36CO6XYK7DL4EBTMP36L6S9.pcm /tmp/picpac-phase3-layout-final-build-e6c0c65c9c5a-20260925T105458Z/iphonesimulator/ModuleCache.noindex/FileProvider-CLDBDFDOLFZO12ZLG3O5DSFUW.pcm /tmp/picpac-phase3-layout-final-build-e6c0c65c9c5a-20260925T105458Z/iphonesimulator/ModuleCache.noindex/ObjectiveC-2BANEPSLI4OYYQ78Y7OKAXVW0.pcm /tmp/picpac-phase3-layout-final-build-e6c0c65c9c5a-20260925T105458Z/iphonesimulator/ModuleCache.noindex/ptrauth-70YPEIVQ2Z67N8BKOMUJOBSQS.pcm /tmp/picpac-phase3-layout-final-build-e6c0c65c9c5a-20260925T105458Z/iphonesimulator/ModuleCache.noindex/QuartzCore-7CTK5SBK0PXXYI7CG4G6EQBES.pcm /tmp/picpac-phase3-layout-final-build-e6c0c65c9c5a-20260925T105458Z/iphonesimulator/ModuleCache.noindex/SwiftUI-77IZ9AT3MQYCIQF7UTGDTXRE9.pcm /tmp/picpac-phase3-layout-final-build-e6c0c65c9c5a-20260925T105458Z/iphonesimulator/ModuleCache.noindex/CFNetwork-BRCIQO0NJPF129AFYAZ9OBDQJ.pcm /tmp/picpac-phase3-layout-final-build-e6c0c65c9c5a-20260925T105458Z/iphonesimulator/ModuleCache.noindex/Accessibility-73MVB841GQHRKTA1NXS0RYFI0.pcm /tmp/picpac-phase3-layout-final-build-e6c0c65c9c5a-20260925T105458Z/iphonesimulator/ModuleCache.noindex/ImageIO-A54DRR3VJR9JW0JXJET5C4KGF.pcm /tmp/picpac-phase3-layout-final-build-e6c0c65c9c5a-20260925T105458Z/iphonesimulator/ModuleCache.noindex/Metal-1W5WY2K9BQFOYWQJJ8H8NORWN.pcm /tmp/picpac-phase3-layout-final-build-e6c0c65c9c5a-20260925T105458Z/iphonesimulator/ModuleCache.noindex/UIKit-4GYLCUGCC1MKTNV9EIN16DLSF.pcm /tmp/picpac-phase3-layout-final-build-e6c0c65c9c5a-20260925T105458Z/iphonesimulator/ModuleCache.noindex/CoreMedia-DLQRCC37L4IBRYDSKVQZ8NHII.pcm /tmp/picpac-phase3-layout-final-build-e6c0c65c9c5a-20260925T105458Z/iphonesimulator/ModuleCache.noindex/os_object-7Q94RFOX9F1WYN2K2I3HFQZRZ.pcm /tmp/picpac-phase3-layout-final-build-e6c0c65c9c5a-20260925T105458Z/iphonesimulator/ModuleCache.noindex/CoreGraphics-7FU20UIV03S5T0RS1QJ549STX.pcm /tmp/picpac-phase3-layout-final-build-e6c0c65c9c5a-20260925T105458Z/iphonesimulator/ModuleCache.noindex/AVFoundation-6LQMKBTDN9EWU4TE8EBML7969.pcm /tmp/picpac-phase3-layout-final-build-e6c0c65c9c5a-20260925T105458Z/iphonesimulator/ModuleCache.noindex/Spatial-B3CCANYXX7BJ6SEE7PK5A6B92.pcm /tmp/picpac-phase3-layout-final-build-e6c0c65c9c5a-20260925T105458Z/iphonesimulator/ModuleCache.noindex/_Builtin_stdbool-DTP1XFMARDSS0PLQTQ4QYH6WY.pcm /tmp/picpac-phase3-layout-final-build-e6c0c65c9c5a-20260925T105458Z/iphonesimulator/ModuleCache.noindex/CoreImage-1YSAR9BYREIG07NUG0JQJAFKC.pcm /tmp/picpac-phase3-layout-final-build-e6c0c65c9c5a-20260925T105458Z/iphonesimulator/ModuleCache.noindex/CoreAudio-8TKZXNP9VSQEQ0TP2NVMDYTVG.pcm /tmp/picpac-phase3-layout-final-build-e6c0c65c9c5a-20260925T105458Z/iphonesimulator/ModuleCache.noindex/SwiftShims-9SD6N05K4UDNUAFAAQEJO765V.pcm /tmp/picpac-phase3-layout-final-build-e6c0c65c9c5a-20260925T105458Z/iphonesimulator/ModuleCache.noindex/os-4ALNYFHVL4G9P8CL801H74YIA.pcm /tmp/picpac-phase3-layout-final-build-e6c0c65c9c5a-20260925T105458Z/iphonesimulator/ModuleCache.noindex/_DarwinFoundation1-CYQ7SZKEMPY274QHSZMP4VRVP.pcm /tmp/picpac-phase3-layout-final-build-e6c0c65c9c5a-20260925T105458Z/iphonesimulator/ModuleCache.noindex/UIUtilities-4323VJJHH4Y45KEDS5NCW9CBC.pcm /tmp/picpac-phase3-layout-final-build-e6c0c65c9c5a-20260925T105458Z/iphonesimulator/ModuleCache.noindex/MediaToolbox-56F9K2T5ZEEOWH4G84XDTUDDZ.pcm /tmp/picpac-phase3-layout-final-build-e6c0c65c9c5a-20260925T105458Z/iphonesimulator/ModuleCache.noindex/_Builtin_stdatomic-EJJSYFU3PZRP5457MQ0RMNYPZ.pcm /tmp/picpac-phase3-layout-final-build-e6c0c65c9c5a-20260925T105458Z/iphonesimulator/ModuleCache.noindex/AVRouting-O2Z1Z9KQN90HCW9MRUXV7FY1.pcm /tmp/picpac-phase3-layout-final-build-e6c0c65c9c5a-20260925T105458Z/iphonesimulator/ModuleCache.noindex/_Builtin_intrinsics-7AARDD3QA5R2YT0O9E4SQBI7J.pcm /tmp/picpac-phase3-layout-final-build-e6c0c65c9c5a-20260925T105458Z/iphonesimulator/ModuleCache.noindex/CoreVideo-3IDAO4PQJC4RMHXCNNCBQM3KC.pcm /tmp/picpac-phase3-layout-final-build-e6c0c65c9c5a-20260925T105458Z/iphonesimulator/ModuleCache.noindex/CoreText-602JA6VHQCBJXBLBBW7BSJW0B.pcm /tmp/picpac-phase3-layout-final-build-e6c0c65c9c5a-20260925T105458Z/iphonesimulator/ModuleCache.noindex/_DarwinFoundation2-6N43RLTKRZAGC2JWC0LEA0ECC.pcm /tmp/picpac-phase3-layout-final-build-e6c0c65c9c5a-20260925T105458Z/iphonesimulator/ModuleCache.noindex/_Builtin_tgmath-A4Z7GC7CI2OTBFQYG2HQISA6H.pcm /tmp/picpac-phase3-layout-final-build-e6c0c65c9c5a-20260925T105458Z/iphonesimulator/ModuleCache.noindex/sys_types-9I03QX96JTEN1IQWSM10NMB8T.pcm /tmp/picpac-phase3-layout-final-build-e6c0c65c9c5a-20260925T105458Z/iphonesimulator/ModuleCache.noindex/UserNotifications-2QRLBJNR8VBVBM7YIKD8JM34Q.pcm /tmp/picpac-phase3-layout-final-build-e6c0c65c9c5a-20260925T105458Z/iphonesimulator/ModuleCache.noindex/_DarwinFoundation3-DEMXDD7COR7KDMXE59M0LBS5H.pcm /tmp/picpac-phase3-layout-final-build-e6c0c65c9c5a-20260925T105458Z/iphonesimulator/ModuleCache.noindex/DataDetection-30ISDI6JMG96ANV1YBHE5POC5.pcm /tmp/picpac-phase3-layout-final-build-e6c0c65c9c5a-20260925T105458Z/iphonesimulator/ModuleCache.noindex/IOSurface-BMHPWZ8TQVXEQAWBYWBRFARQN.pcm /tmp/picpac-phase3-layout-final-build-e6c0c65c9c5a-20260925T105458Z/iphonesimulator/Build/Intermediates.noindex/PicPacPoe.build/Release-iphonesimulator/PicPacPoe.build/Objects-normal/x86_64/PicPacPoe-dependencies-1.json (in target 'PicPacPoe' from project 'PicPacPoe')
CompileSwift normal x86_64 (in target 'PicPacPoe' from project 'PicPacPoe')
    cd /Users/bavabangaru/Developer/pic-pac-poe-ios-native-parity/ios
    

SwiftCompile normal arm64 Compiling\ PicPacPoeApp.swift,\ FormTheme.swift,\ PhysicalBoard.swift,\ HomeView.swift,\ GameView.swift,\ InfoViews.swift,\ FeedbackService.swift,\ DebugLaunchConfiguration.swift,\ ProductionAIWorker.swift,\ GeneratedAssetSymbols.swift /Users/bavabangaru/Developer/pic-pac-poe-ios-native-parity/ios/PicPacPoe/PicPacPoeApp.swift /Users/bavabangaru/Developer/pic-pac-poe-ios-native-parity/ios/PicPacPoe/FormTheme.swift /Users/bavabangaru/Developer/pic-pac-poe-ios-native-parity/ios/PicPacPoe/PhysicalBoard.swift /Users/bavabangaru/Developer/pic-pac-poe-ios-native-parity/ios/PicPacPoe/HomeView.swift /Users/bavabangaru/Developer/pic-pac-poe-ios-native-parity/ios/PicPacPoe/GameView.swift /Users/bavabangaru/Developer/pic-pac-poe-ios-native-parity/ios/PicPacPoe/InfoViews.swift /Users/bavabangaru/Developer/pic-pac-poe-ios-native-parity/ios/PicPacPoe/FeedbackService.swift /Users/bavabangaru/Developer/pic-pac-poe-ios-native-parity/ios/PicPacPoe/DebugLaunchConfiguration.swift /Users/bavabangaru/Developer/pic-pac-poe-ios-native-parity/ios/PicPacPoe/ProductionAIWorker.swift /tmp/picpac-phase3-layout-final-build-e6c0c65c9c5a-20260925T105458Z/iphonesimulator/Build/Intermediates.noindex/PicPacPoe.build/Release-iphonesimulator/PicPacPoe.build/DerivedSources/GeneratedAssetSymbols.swift /Applications/Xcode.app/Contents/Developer/Toolchains/XcodeDefault.xctoolchain/usr/lib/swift/iphonesimulator/prebuilt-modules/26.5/CoreAudio.swiftmodule/arm64-apple-ios-simulator.swiftmodule /Applications/Xcode.app/Contents/Developer/Toolchains/XcodeDefault.xctoolchain/usr/lib/swift/iphonesimulator/prebuilt-modules/26.5/OSLog.swiftmodule/arm64-apple-ios-simulator.swiftmodule /Applications/Xcode.app/Contents/Developer/Toolchains/XcodeDefault.xctoolchain/usr/lib/swift/iphonesimulator/prebuilt-modules/26.5/SwiftUICore.swiftmodule/arm64-apple-ios-simulator.swiftmodule /Applications/Xcode.app/Contents/Developer/Toolchains/XcodeDefault.xctoolchain/usr/lib/swift/iphonesimulator/prebuilt-modules/26.5/SwiftUI.swiftmodule/arm64-apple-ios-simulator.swiftmodule /Applications/Xcode.app/Contents/Developer/Toolchains/XcodeDefault.xctoolchain/usr/lib/swift/iphonesimulator/prebuilt-modules/26.5/UIKit.swiftmodule/arm64-apple-ios-simulator.swiftmodule /Applications/Xcode.app/Contents/Developer/Toolchains/XcodeDefault.xctoolchain/usr/lib/swift/iphonesimulator/prebuilt-modules/26.5/simd.swiftmodule/arm64-apple-ios-simulator.swiftmodule /Applications/Xcode.app/Contents/Developer/Toolchains/XcodeDefault.xctoolchain/usr/lib/swift/iphonesimulator/prebuilt-modules/26.5/AVFoundation.swiftmodule/arm64-apple-ios-simulator.swiftmodule /Applications/Xcode.app/Contents/Developer/Toolchains/XcodeDefault.xctoolchain/usr/lib/swift/iphonesimulator/prebuilt-modules/26.5/_StringProcessing.swiftmodule/arm64-apple-ios-simulator.swiftmodule /Applications/Xcode.app/Contents/Developer/Toolchains/XcodeDefault.xctoolchain/usr/lib/swift/iphonesimulator/prebuilt-modules/26.5/CoreVideo.swiftmodule/arm64-apple-ios-simulator.swiftmodule /Applications/Xcode.app/Contents/Developer/Toolchains/XcodeDefault.xctoolchain/usr/lib/swift/iphonesimulator/prebuilt-modules/26.5/CoreMedia.swiftmodule/arm64-apple-ios-simulator.swiftmodule /Applications/Xcode.app/Contents/Developer/Toolchains/XcodeDefault.xctoolchain/usr/lib/swift/iphonesimulator/prebuilt-modules/26.5/_Builtin_float.swiftmodule/arm64-apple-ios-simulator.swiftmodule /Applications/Xcode.app/Contents/Developer/Toolchains/XcodeDefault.xctoolchain/usr/lib/swift/iphonesimulator/prebuilt-modules/26.5/Accessibility.swiftmodule/arm64-apple-ios-simulator.swiftmodule /Applications/Xcode.app/Contents/Developer/Toolchains/XcodeDefault.xctoolchain/usr/lib/swift/iphonesimulator/prebuilt-modules/26.5/Swift.swiftmodule/arm64-apple-ios-simulator.swiftmodule /tmp/picpac-phase3-layout-final-build-e6c0c65c9c5a-20260925T105458Z/iphonesimulator/Build/Products/Release-iphonesimulator/PicPacPresentation.swiftmodule/arm64-apple-ios-simulator.swiftmodule /Applications/Xcode.app/Contents/Developer/Toolchains/XcodeDefault.xctoolchain/usr/lib/swift/iphonesimulator/prebuilt-modules/26.5/Spatial.swiftmodule/arm64-apple-ios-simulator.swiftmodule /Applications/Xcode.app/Contents/Developer/Toolchains/XcodeDefault.xctoolchain/usr/lib/swift/iphonesimulator/prebuilt-modules/26.5/CoreFoundation.swiftmodule/arm64-apple-ios-simulator.swiftmodule /Applications/Xcode.app/Contents/Developer/Toolchains/XcodeDefault.xctoolchain/usr/lib/swift/iphonesimulator/prebuilt-modules/26.5/Combine.swiftmodule/arm64-apple-ios-simulator.swiftmodule /Applications/Xcode.app/Contents/Developer/Toolchains/XcodeDefault.xctoolchain/usr/lib/swift/iphonesimulator/prebuilt-modules/26.5/DeveloperToolsSupport.swiftmodule/arm64-apple-ios-simulator.swiftmodule /Applications/Xcode.app/Contents/Developer/Toolchains/XcodeDefault.xctoolchain/usr/lib/swift/iphonesimulator/prebuilt-modules/26.5/_DarwinFoundation1.swiftmodule/arm64-apple-ios-simulator.swiftmodule /Applications/Xcode.app/Contents/Developer/Toolchains/XcodeDefault.xctoolchain/usr/lib/swift/iphonesimulator/prebuilt-modules/26.5/CoreImage.swiftmodule/arm64-apple-ios-simulator.swiftmodule /Applications/Xcode.app/Contents/Developer/Toolchains/XcodeDefault.xctoolchain/usr/lib/swift/iphonesimulator/prebuilt-modules/26.5/Symbols.swiftmodule/arm64-apple-ios-simulator.swiftmodule /Applications/Xcode.app/Contents/Developer/Toolchains/XcodeDefault.xctoolchain/usr/lib/swift/iphonesimulator/prebuilt-modules/26.5/System.swiftmodule/arm64-apple-ios-simulator.swiftmodule /Applications/Xcode.app/Contents/Developer/Toolchains/XcodeDefault.xctoolchain/usr/lib/swift/iphonesimulator/prebuilt-modules/26.5/Foundation.swiftmodule/arm64-apple-ios-simulator.swiftmodule /tmp/picpac-phase3-layout-final-build-e6c0c65c9c5a-20260925T105458Z/iphonesimulator/Build/Products/Release-iphonesimulator/PicPacAI.swiftmodule/arm64-apple-ios-simulator.swiftmodule /Applications/Xcode.app/Contents/Developer/Toolchains/XcodeDefault.xctoolchain/usr/lib/swift/iphonesimulator/prebuilt-modules/26.5/CoreTransferable.swiftmodule/arm64-apple-ios-simulator.swiftmodule /Applications/Xcode.app/Contents/Developer/Toolchains/XcodeDefault.xctoolchain/usr/lib/swift/iphonesimulator/prebuilt-modules/26.5/Observation.swiftmodule/arm64-apple-ios-simulator.swiftmodule /Applications/Xcode.app/Contents/Developer/Toolchains/XcodeDefault.xctoolchain/usr/lib/swift/iphonesimulator/prebuilt-modules/26.5/_DarwinFoundation2.swiftmodule/arm64-apple-ios-simulator.swiftmodule /Applications/Xcode.app/Contents/Developer/Toolchains/XcodeDefault.xctoolchain/usr/lib/swift/iphonesimulator/prebuilt-modules/26.5/UniformTypeIdentifiers.swiftmodule/arm64-apple-ios-simulator.swiftmodule /Applications/Xcode.app/Contents/Developer/Toolchains/XcodeDefault.xctoolchain/usr/lib/swift/iphonesimulator/prebuilt-modules/26.5/Metal.swiftmodule/arm64-apple-ios-simulator.swiftmodule /Applications/Xcode.app/Contents/Developer/Toolchains/XcodeDefault.xctoolchain/usr/lib/swift/iphonesimulator/prebuilt-modules/26.5/CoreGraphics.swiftmodule/arm64-apple-ios-simulator.swiftmodule /Applications/Xcode.app/Contents/Developer/Toolchains/XcodeDefault.xctoolchain/usr/lib/swift/iphonesimulator/prebuilt-modules/26.5/_DarwinFoundation3.swiftmodule/arm64-apple-ios-simulator.swiftmodule /Applications/Xcode.app/Contents/Developer/Toolchains/XcodeDefault.xctoolchain/usr/lib/swift/iphonesimulator/prebuilt-modules/26.5/QuartzCore.swiftmodule/arm64-apple-ios-simulator.swiftmodule /Applications/Xcode.app/Contents/Developer/Toolchains/XcodeDefault.xctoolchain/usr/lib/swift/iphonesimulator/prebuilt-modules/26.5/CoreMIDI.swiftmodule/arm64-apple-ios-simulator.swiftmodule /Applications/Xcode.app/Contents/Developer/Toolchains/XcodeDefault.xctoolchain/usr/lib/swift/iphonesimulator/prebuilt-modules/26.5/Synchronization.swiftmodule/arm64-apple-ios-simulator.swiftmodule /Applications/Xcode.app/Contents/Developer/Toolchains/XcodeDefault.xctoolchain/usr/lib/swift/iphonesimulator/prebuilt-modules/26.5/FileProvider.swiftmodule/arm64-apple-ios-simulator.swiftmodule /Applications/Xcode.app/Contents/Developer/Toolchains/XcodeDefault.xctoolchain/usr/lib/swift/iphonesimulator/prebuilt-modules/26.5/Darwin.swiftmodule/arm64-apple-ios-simulator.swiftmodule /Applications/Xcode.app/Contents/Developer/Toolchains/XcodeDefault.xctoolchain/usr/lib/swift/iphonesimulator/prebuilt-modules/26.5/AudioToolbox.swiftmodule/arm64-apple-ios-simulator.swiftmodule /Applications/Xcode.app/Contents/Developer/Toolchains/XcodeDefault.xctoolchain/usr/lib/swift/iphonesimulator/prebuilt-modules/26.5/DataDetection.swiftmodule/arm64-apple-ios-simulator.swiftmodule /Applications/Xcode.app/Contents/Developer/Toolchains/XcodeDefault.xctoolchain/usr/lib/swift/iphonesimulator/prebuilt-modules/26.5/AVFAudio.swiftmodule/arm64-apple-ios-simulator.swiftmodule /Applications/Xcode.app/Contents/Developer/Toolchains/XcodeDefault.xctoolchain/usr/lib/swift/iphonesimulator/prebuilt-modules/26.5/XPC.swiftmodule/arm64-apple-ios-simulator.swiftmodule /tmp/picpac-phase3-layout-final-build-e6c0c65c9c5a-20260925T105458Z/iphonesimulator/Build/Products/Release-iphonesimulator/PicPacCore.swiftmodule/arm64-apple-ios-simulator.swiftmodule /Applications/Xcode.app/Contents/Developer/Toolchains/XcodeDefault.xctoolchain/usr/lib/swift/iphonesimulator/prebuilt-modules/26.5/_Concurrency.swiftmodule/arm64-apple-ios-simulator.swiftmodule /Applications/Xcode.app/Contents/Developer/Toolchains/XcodeDefault.xctoolchain/usr/lib/swift/iphonesimulator/prebuilt-modules/26.5/Dispatch.swiftmodule/arm64-apple-ios-simulator.swiftmodule /Applications/Xcode.app/Contents/Developer/Toolchains/XcodeDefault.xctoolchain/usr/lib/swift/iphonesimulator/prebuilt-modules/26.5/CoreText.swiftmodule/arm64-apple-ios-simulator.swiftmodule /Applications/Xcode.app/Contents/Developer/Toolchains/XcodeDefault.xctoolchain/usr/lib/swift/iphonesimulator/prebuilt-modules/26.5/ObjectiveC.swiftmodule/arm64-apple-ios-simulator.swiftmodule /Applications/Xcode.app/Contents/Developer/Toolchains/XcodeDefault.xctoolchain/usr/lib/swift/iphonesimulator/prebuilt-modules/26.5/CoreData.swiftmodule/arm64-apple-ios-simulator.swiftmodule /Applications/Xcode.app/Contents/Developer/Toolchains/XcodeDefault.xctoolchain/usr/lib/swift/iphonesimulator/prebuilt-modules/26.5/os.swiftmodule/arm64-apple-ios-simulator.swiftmodule /tmp/picpac-phase3-layout-final-build-e6c0c65c9c5a-20260925T105458Z/iphonesimulator/ModuleCache.noindex/CoreAudioTypes-AA7936GA1XVM5705BPG9Y6Q67.pcm /tmp/picpac-phase3-layout-final-build-e6c0c65c9c5a-20260925T105458Z/iphonesimulator/ModuleCache.noindex/DataDetection-71E71JQ960QQMZWZT9QVZ9JZF.pcm /tmp/picpac-phase3-layout-final-build-e6c0c65c9c5a-20260925T105458Z/iphonesimulator/ModuleCache.noindex/_DarwinFoundation2-EXAGC91AN78P8JHRP40OMED6G.pcm /tmp/picpac-phase3-layout-final-build-e6c0c65c9c5a-20260925T105458Z/iphonesimulator/ModuleCache.noindex/XPC-CI6OMU0BBYRBX3JVPWZPC0T9G.pcm /tmp/picpac-phase3-layout-final-build-e6c0c65c9c5a-20260925T105458Z/iphonesimulator/ModuleCache.noindex/UniformTypeIdentifiers-EYYMXB71CJWN3HH3M70UTA5VT.pcm /tmp/picpac-phase3-layout-final-build-e6c0c65c9c5a-20260925T105458Z/iphonesimulator/ModuleCache.noindex/_Builtin_stdarg-1L8QC58XNVNYRRT72ZSZL8I6X.pcm /tmp/picpac-phase3-layout-final-build-e6c0c65c9c5a-20260925T105458Z/iphonesimulator/ModuleCache.noindex/_Builtin_stdatomic-690JXFF893GHP5A1HPREJZ60R.pcm /tmp/picpac-phase3-layout-final-build-e6c0c65c9c5a-20260925T105458Z/iphonesimulator/ModuleCache.noindex/OSLog-4103IMUGC04KY9WVON8EIOXLL.pcm /tmp/picpac-phase3-layout-final-build-e6c0c65c9c5a-20260925T105458Z/iphonesimulator/ModuleCache.noindex/UserNotifications-BKOU30E0RPP6DRVH4ATHMXB61.pcm /tmp/picpac-phase3-layout-final-build-e6c0c65c9c5a-20260925T105458Z/iphonesimulator/ModuleCache.noindex/AVRouting-ZK85D2UR13TE410M58ND5RHS.pcm /tmp/picpac-phase3-layout-final-build-e6c0c65c9c5a-20260925T105458Z/iphonesimulator/ModuleCache.noindex/_Builtin_stdbool-C32VR3GQHHOKW9WDZY6N6XVS7.pcm /tmp/picpac-phase3-layout-final-build-e6c0c65c9c5a-20260925T105458Z/iphonesimulator/ModuleCache.noindex/CoreGraphics-APNNVYRUYSQA62GA6N4EJN3S2.pcm /tmp/picpac-phase3-layout-final-build-e6c0c65c9c5a-20260925T105458Z/iphonesimulator/ModuleCache.noindex/Darwin-103CHYKZU8EN5VWDPXAI8Q9J4.pcm /tmp/picpac-phase3-layout-final-build-e6c0c65c9c5a-20260925T105458Z/iphonesimulator/ModuleCache.noindex/SwiftUICore-EUNRZ1V76FG0CIK6S1UWAL82I.pcm /tmp/picpac-phase3-layout-final-build-e6c0c65c9c5a-20260925T105458Z/iphonesimulator/ModuleCache.noindex/ImageIO-4DV0PYGVBPFAKL7ULKVS3KS3D.pcm /tmp/picpac-phase3-layout-final-build-e6c0c65c9c5a-20260925T105458Z/iphonesimulator/ModuleCache.noindex/CoreTransferable-72PZMO2SRNZTMHU689VLIL2P4.pcm /tmp/picpac-phase3-layout-final-build-e6c0c65c9c5a-20260925T105458Z/iphonesimulator/ModuleCache.noindex/Foundation-33X6XCLPMBO9WA34QEOGXEQAH.pcm /tmp/picpac-phase3-layout-final-build-e6c0c65c9c5a-20260925T105458Z/iphonesimulator/ModuleCache.noindex/MachO-BNAPOZ0CSBACEQM5HNW633MB1.pcm /tmp/picpac-phase3-layout-final-build-e6c0c65c9c5a-20260925T105458Z/iphonesimulator/ModuleCache.noindex/UIUtilities-81DW6B8VFMMQDXSQIK4F46F63.pcm /tmp/picpac-phase3-layout-final-build-e6c0c65c9c5a-20260925T105458Z/iphonesimulator/ModuleCache.noindex/Spatial-5MCCVQL6RDM5JKMM13TSSTFY6.pcm /tmp/picpac-phase3-layout-final-build-e6c0c65c9c5a-20260925T105458Z/iphonesimulator/ModuleCache.noindex/CoreFoundation-BFUHOBJX4UMTJUQ3NP2J4RFA.pcm /tmp/picpac-phase3-layout-final-build-e6c0c65c9c5a-20260925T105458Z/iphonesimulator/ModuleCache.noindex/_Builtin_intrinsics-AP4JP0MWATKNBDW56CTZE412G.pcm /tmp/picpac-phase3-layout-final-build-e6c0c65c9c5a-20260925T105458Z/iphonesimulator/ModuleCache.noindex/AudioToolbox-AJK837CVSYZRNSXJQS7FG4WHH.pcm /tmp/picpac-phase3-layout-final-build-e6c0c65c9c5a-20260925T105458Z/iphonesimulator/ModuleCache.noindex/Metal-BI532H0JKP91263QABQLU3KY8.pcm /tmp/picpac-phase3-layout-final-build-e6c0c65c9c5a-20260925T105458Z/iphonesimulator/ModuleCache.noindex/QuartzCore-44M42CT3IDA944GTK1JDQ4ZA1.pcm /tmp/picpac-phase3-layout-final-build-e6c0c65c9c5a-20260925T105458Z/iphonesimulator/ModuleCache.noindex/_Builtin_tgmath-9N10UCFH4EO8X0294ZHDBJJL5.pcm /tmp/picpac-phase3-layout-final-build-e6c0c65c9c5a-20260925T105458Z/iphonesimulator/ModuleCache.noindex/_SwiftConcurrencyShims-2S3W79LLSQN9GDYNW2T8TGDNK.pcm /tmp/picpac-phase3-layout-final-build-e6c0c65c9c5a-20260925T105458Z/iphonesimulator/ModuleCache.noindex/ptrauth-55QHJWXRTAU3JTY22QUXLURX4.pcm /tmp/picpac-phase3-layout-final-build-e6c0c65c9c5a-20260925T105458Z/iphonesimulator/ModuleCache.noindex/CFNetwork-3QPD850H4431Z0I9QKTBQJDA5.pcm /tmp/picpac-phase3-layout-final-build-e6c0c65c9c5a-20260925T105458Z/iphonesimulator/ModuleCache.noindex/_DarwinFoundation3-7R57N8MZ0TCZ1QWIHM1CCXCON.pcm /tmp/picpac-phase3-layout-final-build-e6c0c65c9c5a-20260925T105458Z/iphonesimulator/ModuleCache.noindex/simd-7NPZJUOFLY7HSBTE3UN7LTF3Q.pcm /tmp/picpac-phase3-layout-final-build-e6c0c65c9c5a-20260925T105458Z/iphonesimulator/ModuleCache.noindex/UIKit-99XUNIUIWF8B7SZHT4XDB38W6.pcm /tmp/picpac-phase3-layout-final-build-e6c0c65c9c5a-20260925T105458Z/iphonesimulator/ModuleCache.noindex/OpenGLES-3IFJ7PGDOC4EKG89UQ20WBVFU.pcm /tmp/picpac-phase3-layout-final-build-e6c0c65c9c5a-20260925T105458Z/iphonesimulator/ModuleCache.noindex/DeveloperToolsSupport-B5LIGKHFRYV52P38NOG6NXNQD.pcm /tmp/picpac-phase3-layout-final-build-e6c0c65c9c5a-20260925T105458Z/iphonesimulator/ModuleCache.noindex/AVFAudio-BPJ39GGGWPR1X2XB9E7GBRD9L.pcm /tmp/picpac-phase3-layout-final-build-e6c0c65c9c5a-20260925T105458Z/iphonesimulator/ModuleCache.noindex/CoreData-2Q7RNMNYZ2V9S0OIQCKI5I4H1.pcm /tmp/picpac-phase3-layout-final-build-e6c0c65c9c5a-20260925T105458Z/iphonesimulator/ModuleCache.noindex/_AvailabilityInternal-BTYASI0RI9ZHKTBTEJGXKOIDJ.pcm /tmp/picpac-phase3-layout-final-build-e6c0c65c9c5a-20260925T105458Z/iphonesimulator/ModuleCache.noindex/CoreAudio-DDS0TZUF194OIDITKIV16BGE5.pcm /tmp/picpac-phase3-layout-final-build-e6c0c65c9c5a-20260925T105458Z/iphonesimulator/ModuleCache.noindex/ObjectiveC-AJCFFRJCW9BL7LPVTV615PUT0.pcm /tmp/picpac-phase3-layout-final-build-e6c0c65c9c5a-20260925T105458Z/iphonesimulator/ModuleCache.noindex/Accessibility-2LUFGTYYVBDEHJ86FVVY25ZQW.pcm /tmp/picpac-phase3-layout-final-build-e6c0c65c9c5a-20260925T105458Z/iphonesimulator/ModuleCache.noindex/IOSurface-CZGU5QB3WM2JZ9YU5E09RNZUV.pcm /tmp/picpac-phase3-layout-final-build-e6c0c65c9c5a-20260925T105458Z/iphonesimulator/ModuleCache.noindex/os-WD1KXV0SM2FIKONRPC18XUNA.pcm /tmp/picpac-phase3-layout-final-build-e6c0c65c9c5a-20260925T105458Z/iphonesimulator/ModuleCache.noindex/SwiftUI-BU0ODCG5Z7YHWBW5QOKLICJXL.pcm /tmp/picpac-phase3-layout-final-build-e6c0c65c9c5a-20260925T105458Z/iphonesimulator/ModuleCache.noindex/_Builtin_stdint-EA97GY5Z9CNTI6AXTM2A4ONX6.pcm /tmp/picpac-phase3-layout-final-build-e6c0c65c9c5a-20260925T105458Z/iphonesimulator/ModuleCache.noindex/_Builtin_stddef-DXXL2USGCD9AFL4VS03MV79D1.pcm /tmp/picpac-phase3-layout-final-build-e6c0c65c9c5a-20260925T105458Z/iphonesimulator/ModuleCache.noindex/_Builtin_float-5E5WZTCIQ5S7D59PL7ED23IH8.pcm /tmp/picpac-phase3-layout-final-build-e6c0c65c9c5a-20260925T105458Z/iphonesimulator/ModuleCache.noindex/os_workgroup-363KI012MC3031XTBZ8BB5A96.pcm /tmp/picpac-phase3-layout-final-build-e6c0c65c9c5a-20260925T105458Z/iphonesimulator/ModuleCache.noindex/Symbols-C4WNXWU72YSC0VQI78IJQVEW7.pcm /tmp/picpac-phase3-layout-final-build-e6c0c65c9c5a-20260925T105458Z/iphonesimulator/ModuleCache.noindex/CoreText-AFCRW2O7U6EE7454I9UWKN3SW.pcm /tmp/picpac-phase3-layout-final-build-e6c0c65c9c5a-20260925T105458Z/iphonesimulator/ModuleCache.noindex/dnssd-DN6ZUUQK0ORMUXKHPR6FWR7XC.pcm /tmp/picpac-phase3-layout-final-build-e6c0c65c9c5a-20260925T105458Z/iphonesimulator/ModuleCache.noindex/os_object-DOVH8Z8G4BLH6LZ8CMZSQ555I.pcm /tmp/picpac-phase3-layout-final-build-e6c0c65c9c5a-20260925T105458Z/iphonesimulator/ModuleCache.noindex/_Builtin_inttypes-DBFSN7NZKPA3SYSTMWXL57FH8.pcm /tmp/picpac-phase3-layout-final-build-e6c0c65c9c5a-20260925T105458Z/iphonesimulator/ModuleCache.noindex/Network-KYDUWVF3966ERVISRJL9RZQM.pcm /tmp/picpac-phase3-layout-final-build-e6c0c65c9c5a-20260925T105458Z/iphonesimulator/ModuleCache.noindex/sys_types-DBZ3NOBNE5BZM2X3MU5Z4JDAW.pcm /tmp/picpac-phase3-layout-final-build-e6c0c65c9c5a-20260925T105458Z/iphonesimulator/ModuleCache.noindex/CoreImage-EDSW78SMZHB059AB92EOBEQ0P.pcm /tmp/picpac-phase3-layout-final-build-e6c0c65c9c5a-20260925T105458Z/iphonesimulator/ModuleCache.noindex/MediaToolbox-30B4OKQV78MD40GWQVBJAT3LK.pcm /tmp/picpac-phase3-layout-final-build-e6c0c65c9c5a-20260925T105458Z/iphonesimulator/ModuleCache.noindex/ptrcheck-YMZHEOUX97WTXLFTY0WR80QB.pcm /tmp/picpac-phase3-layout-final-build-e6c0c65c9c5a-20260925T105458Z/iphonesimulator/ModuleCache.noindex/SwiftShims-3XDCQ6RKZSIB67IBVU95BICM4.pcm /tmp/picpac-phase3-layout-final-build-e6c0c65c9c5a-20260925T105458Z/iphonesimulator/ModuleCache.noindex/_Builtin_limits-8LE2B70ITA6S6B1FKXNTEHX07.pcm /tmp/picpac-phase3-layout-final-build-e6c0c65c9c5a-20260925T105458Z/iphonesimulator/ModuleCache.noindex/Security-BIRU3J4JPNFIGM0EMNCB5MCW2.pcm /tmp/picpac-phase3-layout-final-build-e6c0c65c9c5a-20260925T105458Z/iphonesimulator/ModuleCache.noindex/CoreVideo-F0UYGPD5XIM9HV5MZ37KWJAHG.pcm /tmp/picpac-phase3-layout-final-build-e6c0c65c9c5a-20260925T105458Z/iphonesimulator/ModuleCache.noindex/Dispatch-10V2ZZD5J9BO31Z8ZSXOTA6U6.pcm /tmp/picpac-phase3-layout-final-build-e6c0c65c9c5a-20260925T105458Z/iphonesimulator/ModuleCache.noindex/_DarwinFoundation1-60GKEZGT3B2ZD9AHW5TGOUR90.pcm /tmp/picpac-phase3-layout-final-build-e6c0c65c9c5a-20260925T105458Z/iphonesimulator/ModuleCache.noindex/AVFoundation-2UYCT3L30LP7OA3TQ3HZNQTBW.pcm /tmp/picpac-phase3-layout-final-build-e6c0c65c9c5a-20260925T105458Z/iphonesimulator/ModuleCache.noindex/FileProvider-E5WQ2EPVB0VHWO6AMST03ZZA1.pcm /tmp/picpac-phase3-layout-final-build-e6c0c65c9c5a-20260925T105458Z/iphonesimulator/ModuleCache.noindex/CoreMIDI-61X5Z9YH5DJE1UKO4VVOX5HR4.pcm /tmp/picpac-phase3-layout-final-build-e6c0c65c9c5a-20260925T105458Z/iphonesimulator/ModuleCache.noindex/CoreMedia-QNP76L7DIIPN82PAQUKYE2ZO.pcm /tmp/picpac-phase3-layout-final-build-e6c0c65c9c5a-20260925T105458Z/iphonesimulator/Build/Intermediates.noindex/PicPacPoe.build/Release-iphonesimulator/PicPacPoe.build/Objects-normal/arm64/PicPacPoe-dependencies-2.json (in target 'PicPacPoe' from project 'PicPacPoe')
CompileSwift normal arm64 (in target 'PicPacPoe' from project 'PicPacPoe')
    cd /Users/bavabangaru/Developer/pic-pac-poe-ios-native-parity/ios
    

SwiftDriverJobDiscovery normal x86_64 Compiling PicPacPoeApp.swift, FormTheme.swift, PhysicalBoard.swift, HomeView.swift, GameView.swift, InfoViews.swift, FeedbackService.swift, DebugLaunchConfiguration.swift, ProductionAIWorker.swift, GeneratedAssetSymbols.swift (in target 'PicPacPoe' from project 'PicPacPoe')

SwiftDriver\ Compilation\ Requirements PicPacPoe normal x86_64 com.apple.xcode.tools.swift.compiler (in target 'PicPacPoe' from project 'PicPacPoe')
    cd /Users/bavabangaru/Developer/pic-pac-poe-ios-native-parity/ios
    builtin-Swift-Compilation-Requirements -- /Applications/Xcode.app/Contents/Developer/Toolchains/XcodeDefault.xctoolchain/usr/bin/swiftc -module-name PicPacPoe -O -whole-module-optimization @/tmp/picpac-phase3-layout-final-build-e6c0c65c9c5a-20260925T105458Z/iphonesimulator/Build/Intermediates.noindex/PicPacPoe.build/Release-iphonesimulator/PicPacPoe.build/Objects-normal/x86_64/PicPacPoe.SwiftFileList -enable-experimental-feature DebugDescriptionMacro -sdk /Applications/Xcode.app/Contents/Developer/Platforms/iPhoneSimulator.platform/Developer/SDKs/iPhoneSimulator26.5.sdk -target x86_64-apple-ios17.0-simulator -g -module-cache-path /tmp/picpac-phase3-layout-final-build-e6c0c65c9c5a-20260925T105458Z/iphonesimulator/ModuleCache.noindex -Xfrontend -serialize-debugging-options -swift-version 6 -I /tmp/picpac-phase3-layout-final-build-e6c0c65c9c5a-20260925T105458Z/iphonesimulator/Build/Products/Release-iphonesimulator -F /tmp/picpac-phase3-layout-final-build-e6c0c65c9c5a-20260925T105458Z/iphonesimulator/Build/Products/Release-iphonesimulator/PackageFrameworks -F /tmp/picpac-phase3-layout-final-build-e6c0c65c9c5a-20260925T105458Z/iphonesimulator/Build/Products/Release-iphonesimulator/PackageFrameworks -F /tmp/picpac-phase3-layout-final-build-e6c0c65c9c5a-20260925T105458Z/iphonesimulator/Build/Products/Release-iphonesimulator/PackageFrameworks -F /tmp/picpac-phase3-layout-final-build-e6c0c65c9c5a-20260925T105458Z/iphonesimulator/Build/Products/Release-iphonesimulator -emit-localized-strings -emit-localized-strings-path /tmp/picpac-phase3-layout-final-build-e6c0c65c9c5a-20260925T105458Z/iphonesimulator/Build/Intermediates.noindex/PicPacPoe.build/Release-iphonesimulator/PicPacPoe.build/Objects-normal/x86_64 -c -num-threads 12 -Xcc -ivfsstatcache -Xcc /tmp/picpac-phase3-layout-final-build-e6c0c65c9c5a-20260925T105458Z/iphonesimulator/SDKStatCaches.noindex/iphonesimulator26.5-23F81a-6cfe768891a92b912361537c460fe42b.sdkstatcache -output-file-map /tmp/picpac-phase3-layout-final-build-e6c0c65c9c5a-20260925T105458Z/iphonesimulator/Build/Intermediates.noindex/PicPacPoe.build/Release-iphonesimulator/PicPacPoe.build/Objects-normal/x86_64/PicPacPoe-OutputFileMap.json -use-frontend-parseable-output -save-temps -no-color-diagnostics -explicit-module-build -module-cache-path /tmp/picpac-phase3-layout-final-build-e6c0c65c9c5a-20260925T105458Z/iphonesimulator/Build/Intermediates.noindex/SwiftExplicitPrecompiledModules -clang-scanner-module-cache-path /tmp/picpac-phase3-layout-final-build-e6c0c65c9c5a-20260925T105458Z/iphonesimulator/ModuleCache.noindex -sdk-module-cache-path /tmp/picpac-phase3-layout-final-build-e6c0c65c9c5a-20260925T105458Z/iphonesimulator/ModuleCache.noindex -serialize-diagnostics -emit-dependencies -emit-module -emit-module-path /tmp/picpac-phase3-layout-final-build-e6c0c65c9c5a-20260925T105458Z/iphonesimulator/Build/Intermediates.noindex/PicPacPoe.build/Release-iphonesimulator/PicPacPoe.build/Objects-normal/x86_64/PicPacPoe.swiftmodule -validate-clang-modules-once -clang-build-session-file /tmp/picpac-phase3-layout-final-build-e6c0c65c9c5a-20260925T105458Z/iphonesimulator/ModuleCache.noindex/Session.modulevalidation -Xcc -I/tmp/picpac-phase3-layout-final-build-e6c0c65c9c5a-20260925T105458Z/iphonesimulator/Build/Intermediates.noindex/PicPacPoe.build/Release-iphonesimulator/PicPacPoe.build/swift-overrides.hmap -emit-const-values -Xfrontend -const-gather-protocols-file -Xfrontend /tmp/picpac-phase3-layout-final-build-e6c0c65c9c5a-20260925T105458Z/iphonesimulator/Build/Intermediates.noindex/PicPacPoe.build/Release-iphonesimulator/PicPacPoe.build/Objects-normal/x86_64/PicPacPoe_const_extract_protocols.json -Xcc -iquote -Xcc /tmp/picpac-phase3-layout-final-build-e6c0c65c9c5a-20260925T105458Z/iphonesimulator/Build/Intermediates.noindex/PicPacPoe.build/Release-iphonesimulator/PicPacPoe.build/PicPacPoe-generated-files.hmap -Xcc -I/tmp/picpac-phase3-layout-final-build-e6c0c65c9c5a-20260925T105458Z/iphonesimulator/Build/Intermediates.noindex/PicPacPoe.build/Release-iphonesimulator/PicPacPoe.build/PicPacPoe-own-target-headers.hmap -Xcc -I/tmp/picpac-phase3-layout-final-build-e6c0c65c9c5a-20260925T105458Z/iphonesimulator/Build/Intermediates.noindex/PicPacPoe.build/Release-iphonesimulator/PicPacPoe.build/PicPacPoe-all-non-framework-target-headers.hmap -Xcc -ivfsoverlay -Xcc /tmp/picpac-phase3-layout-final-build-e6c0c65c9c5a-20260925T105458Z/iphonesimulator/Build/Intermediates.noindex/PicPacPoe.build/Release-iphonesimulator/PicPacPoe-90eff2f9d9e8600d7e53134acd1cb833-VFS-iphonesimulator/all-product-headers.yaml -Xcc -iquote -Xcc /tmp/picpac-phase3-layout-final-build-e6c0c65c9c5a-20260925T105458Z/iphonesimulator/Build/Intermediates.noindex/PicPacPoe.build/Release-iphonesimulator/PicPacPoe.build/PicPacPoe-project-headers.hmap -Xcc -I/tmp/picpac-phase3-layout-final-build-e6c0c65c9c5a-20260925T105458Z/iphonesimulator/Build/Products/Release-iphonesimulator/include -Xcc -I/tmp/picpac-phase3-layout-final-build-e6c0c65c9c5a-20260925T105458Z/iphonesimulator/Build/Intermediates.noindex/PicPacPoe.build/Release-iphonesimulator/PicPacPoe.build/DerivedSources-normal/x86_64 -Xcc -I/tmp/picpac-phase3-layout-final-build-e6c0c65c9c5a-20260925T105458Z/iphonesimulator/Build/Intermediates.noindex/PicPacPoe.build/Release-iphonesimulator/PicPacPoe.build/DerivedSources/x86_64 -Xcc -I/tmp/picpac-phase3-layout-final-build-e6c0c65c9c5a-20260925T105458Z/iphonesimulator/Build/Intermediates.noindex/PicPacPoe.build/Release-iphonesimulator/PicPacPoe.build/DerivedSources -emit-objc-header -emit-objc-header-path /tmp/picpac-phase3-layout-final-build-e6c0c65c9c5a-20260925T105458Z/iphonesimulator/Build/Intermediates.noindex/PicPacPoe.build/Release-iphonesimulator/PicPacPoe.build/Objects-normal/x86_64/PicPacPoe-Swift.h -working-directory /Users/bavabangaru/Developer/pic-pac-poe-ios-native-parity/ios -no-emit-module-separately-wmo

Copy /tmp/picpac-phase3-layout-final-build-e6c0c65c9c5a-20260925T105458Z/iphonesimulator/Build/Products/Release-iphonesimulator/PicPacPoe.swiftmodule/x86_64-apple-ios-simulator.swiftmodule /tmp/picpac-phase3-layout-final-build-e6c0c65c9c5a-20260925T105458Z/iphonesimulator/Build/Intermediates.noindex/PicPacPoe.build/Release-iphonesimulator/PicPacPoe.build/Objects-normal/x86_64/PicPacPoe.swiftmodule (in target 'PicPacPoe' from project 'PicPacPoe')
    cd /Users/bavabangaru/Developer/pic-pac-poe-ios-native-parity/ios
    builtin-copy -exclude .DS_Store -exclude CVS -exclude .svn -exclude .git -exclude .hg -strip-unsigned-binaries -strip-deterministic -strip-tool /Applications/Xcode.app/Contents/Developer/Toolchains/XcodeDefault.xctoolchain/usr/bin/strip -resolve-src-symlinks -rename /tmp/picpac-phase3-layout-final-build-e6c0c65c9c5a-20260925T105458Z/iphonesimulator/Build/Intermediates.noindex/PicPacPoe.build/Release-iphonesimulator/PicPacPoe.build/Objects-normal/x86_64/PicPacPoe.swiftmodule /tmp/picpac-phase3-layout-final-build-e6c0c65c9c5a-20260925T105458Z/iphonesimulator/Build/Products/Release-iphonesimulator/PicPacPoe.swiftmodule/x86_64-apple-ios-simulator.swiftmodule

Copy /tmp/picpac-phase3-layout-final-build-e6c0c65c9c5a-20260925T105458Z/iphonesimulator/Build/Products/Release-iphonesimulator/PicPacPoe.swiftmodule/x86_64-apple-ios-simulator.swiftdoc /tmp/picpac-phase3-layout-final-build-e6c0c65c9c5a-20260925T105458Z/iphonesimulator/Build/Intermediates.noindex/PicPacPoe.build/Release-iphonesimulator/PicPacPoe.build/Objects-normal/x86_64/PicPacPoe.swiftdoc (in target 'PicPacPoe' from project 'PicPacPoe')
    cd /Users/bavabangaru/Developer/pic-pac-poe-ios-native-parity/ios
    builtin-copy -exclude .DS_Store -exclude CVS -exclude .svn -exclude .git -exclude .hg -strip-unsigned-binaries -strip-deterministic -strip-tool /Applications/Xcode.app/Contents/Developer/Toolchains/XcodeDefault.xctoolchain/usr/bin/strip -resolve-src-symlinks -rename /tmp/picpac-phase3-layout-final-build-e6c0c65c9c5a-20260925T105458Z/iphonesimulator/Build/Intermediates.noindex/PicPacPoe.build/Release-iphonesimulator/PicPacPoe.build/Objects-normal/x86_64/PicPacPoe.swiftdoc /tmp/picpac-phase3-layout-final-build-e6c0c65c9c5a-20260925T105458Z/iphonesimulator/Build/Products/Release-iphonesimulator/PicPacPoe.swiftmodule/x86_64-apple-ios-simulator.swiftdoc

Copy /tmp/picpac-phase3-layout-final-build-e6c0c65c9c5a-20260925T105458Z/iphonesimulator/Build/Products/Release-iphonesimulator/PicPacPoe.swiftmodule/x86_64-apple-ios-simulator.abi.json /tmp/picpac-phase3-layout-final-build-e6c0c65c9c5a-20260925T105458Z/iphonesimulator/Build/Intermediates.noindex/PicPacPoe.build/Release-iphonesimulator/PicPacPoe.build/Objects-normal/x86_64/PicPacPoe.abi.json (in target 'PicPacPoe' from project 'PicPacPoe')
    cd /Users/bavabangaru/Developer/pic-pac-poe-ios-native-parity/ios
    builtin-copy -exclude .DS_Store -exclude CVS -exclude .svn -exclude .git -exclude .hg -strip-unsigned-binaries -strip-deterministic -strip-tool /Applications/Xcode.app/Contents/Developer/Toolchains/XcodeDefault.xctoolchain/usr/bin/strip -resolve-src-symlinks -rename /tmp/picpac-phase3-layout-final-build-e6c0c65c9c5a-20260925T105458Z/iphonesimulator/Build/Intermediates.noindex/PicPacPoe.build/Release-iphonesimulator/PicPacPoe.build/Objects-normal/x86_64/PicPacPoe.abi.json /tmp/picpac-phase3-layout-final-build-e6c0c65c9c5a-20260925T105458Z/iphonesimulator/Build/Products/Release-iphonesimulator/PicPacPoe.swiftmodule/x86_64-apple-ios-simulator.abi.json

Copy /tmp/picpac-phase3-layout-final-build-e6c0c65c9c5a-20260925T105458Z/iphonesimulator/Build/Products/Release-iphonesimulator/PicPacPoe.swiftmodule/Project/x86_64-apple-ios-simulator.swiftsourceinfo /tmp/picpac-phase3-layout-final-build-e6c0c65c9c5a-20260925T105458Z/iphonesimulator/Build/Intermediates.noindex/PicPacPoe.build/Release-iphonesimulator/PicPacPoe.build/Objects-normal/x86_64/PicPacPoe.swiftsourceinfo (in target 'PicPacPoe' from project 'PicPacPoe')
    cd /Users/bavabangaru/Developer/pic-pac-poe-ios-native-parity/ios
    builtin-copy -exclude .DS_Store -exclude CVS -exclude .svn -exclude .git -exclude .hg -strip-unsigned-binaries -strip-deterministic -strip-tool /Applications/Xcode.app/Contents/Developer/Toolchains/XcodeDefault.xctoolchain/usr/bin/strip -resolve-src-symlinks -rename /tmp/picpac-phase3-layout-final-build-e6c0c65c9c5a-20260925T105458Z/iphonesimulator/Build/Intermediates.noindex/PicPacPoe.build/Release-iphonesimulator/PicPacPoe.build/Objects-normal/x86_64/PicPacPoe.swiftsourceinfo /tmp/picpac-phase3-layout-final-build-e6c0c65c9c5a-20260925T105458Z/iphonesimulator/Build/Products/Release-iphonesimulator/PicPacPoe.swiftmodule/Project/x86_64-apple-ios-simulator.swiftsourceinfo

SwiftDriverJobDiscovery normal arm64 Compiling PicPacPoeApp.swift, FormTheme.swift, PhysicalBoard.swift, HomeView.swift, GameView.swift, InfoViews.swift, FeedbackService.swift, DebugLaunchConfiguration.swift, ProductionAIWorker.swift, GeneratedAssetSymbols.swift (in target 'PicPacPoe' from project 'PicPacPoe')

SwiftDriver\ Compilation\ Requirements PicPacPoe normal arm64 com.apple.xcode.tools.swift.compiler (in target 'PicPacPoe' from project 'PicPacPoe')
    cd /Users/bavabangaru/Developer/pic-pac-poe-ios-native-parity/ios
    builtin-Swift-Compilation-Requirements -- /Applications/Xcode.app/Contents/Developer/Toolchains/XcodeDefault.xctoolchain/usr/bin/swiftc -module-name PicPacPoe -O -whole-module-optimization @/tmp/picpac-phase3-layout-final-build-e6c0c65c9c5a-20260925T105458Z/iphonesimulator/Build/Intermediates.noindex/PicPacPoe.build/Release-iphonesimulator/PicPacPoe.build/Objects-normal/arm64/PicPacPoe.SwiftFileList -enable-experimental-feature DebugDescriptionMacro -sdk /Applications/Xcode.app/Contents/Developer/Platforms/iPhoneSimulator.platform/Developer/SDKs/iPhoneSimulator26.5.sdk -target arm64-apple-ios17.0-simulator -g -module-cache-path /tmp/picpac-phase3-layout-final-build-e6c0c65c9c5a-20260925T105458Z/iphonesimulator/ModuleCache.noindex -Xfrontend -serialize-debugging-options -swift-version 6 -I /tmp/picpac-phase3-layout-final-build-e6c0c65c9c5a-20260925T105458Z/iphonesimulator/Build/Products/Release-iphonesimulator -F /tmp/picpac-phase3-layout-final-build-e6c0c65c9c5a-20260925T105458Z/iphonesimulator/Build/Products/Release-iphonesimulator/PackageFrameworks -F /tmp/picpac-phase3-layout-final-build-e6c0c65c9c5a-20260925T105458Z/iphonesimulator/Build/Products/Release-iphonesimulator/PackageFrameworks -F /tmp/picpac-phase3-layout-final-build-e6c0c65c9c5a-20260925T105458Z/iphonesimulator/Build/Products/Release-iphonesimulator/PackageFrameworks -F /tmp/picpac-phase3-layout-final-build-e6c0c65c9c5a-20260925T105458Z/iphonesimulator/Build/Products/Release-iphonesimulator -emit-localized-strings -emit-localized-strings-path /tmp/picpac-phase3-layout-final-build-e6c0c65c9c5a-20260925T105458Z/iphonesimulator/Build/Intermediates.noindex/PicPacPoe.build/Release-iphonesimulator/PicPacPoe.build/Objects-normal/arm64 -c -num-threads 12 -Xcc -ivfsstatcache -Xcc /tmp/picpac-phase3-layout-final-build-e6c0c65c9c5a-20260925T105458Z/iphonesimulator/SDKStatCaches.noindex/iphonesimulator26.5-23F81a-6cfe768891a92b912361537c460fe42b.sdkstatcache -output-file-map /tmp/picpac-phase3-layout-final-build-e6c0c65c9c5a-20260925T105458Z/iphonesimulator/Build/Intermediates.noindex/PicPacPoe.build/Release-iphonesimulator/PicPacPoe.build/Objects-normal/arm64/PicPacPoe-OutputFileMap.json -use-frontend-parseable-output -save-temps -no-color-diagnostics -explicit-module-build -module-cache-path /tmp/picpac-phase3-layout-final-build-e6c0c65c9c5a-20260925T105458Z/iphonesimulator/Build/Intermediates.noindex/SwiftExplicitPrecompiledModules -clang-scanner-module-cache-path /tmp/picpac-phase3-layout-final-build-e6c0c65c9c5a-20260925T105458Z/iphonesimulator/ModuleCache.noindex -sdk-module-cache-path /tmp/picpac-phase3-layout-final-build-e6c0c65c9c5a-20260925T105458Z/iphonesimulator/ModuleCache.noindex -serialize-diagnostics -emit-dependencies -emit-module -emit-module-path /tmp/picpac-phase3-layout-final-build-e6c0c65c9c5a-20260925T105458Z/iphonesimulator/Build/Intermediates.noindex/PicPacPoe.build/Release-iphonesimulator/PicPacPoe.build/Objects-normal/arm64/PicPacPoe.swiftmodule -validate-clang-modules-once -clang-build-session-file /tmp/picpac-phase3-layout-final-build-e6c0c65c9c5a-20260925T105458Z/iphonesimulator/ModuleCache.noindex/Session.modulevalidation -Xcc -I/tmp/picpac-phase3-layout-final-build-e6c0c65c9c5a-20260925T105458Z/iphonesimulator/Build/Intermediates.noindex/PicPacPoe.build/Release-iphonesimulator/PicPacPoe.build/swift-overrides.hmap -emit-const-values -Xfrontend -const-gather-protocols-file -Xfrontend /tmp/picpac-phase3-layout-final-build-e6c0c65c9c5a-20260925T105458Z/iphonesimulator/Build/Intermediates.noindex/PicPacPoe.build/Release-iphonesimulator/PicPacPoe.build/Objects-normal/arm64/PicPacPoe_const_extract_protocols.json -Xcc -iquote -Xcc /tmp/picpac-phase3-layout-final-build-e6c0c65c9c5a-20260925T105458Z/iphonesimulator/Build/Intermediates.noindex/PicPacPoe.build/Release-iphonesimulator/PicPacPoe.build/PicPacPoe-generated-files.hmap -Xcc -I/tmp/picpac-phase3-layout-final-build-e6c0c65c9c5a-20260925T105458Z/iphonesimulator/Build/Intermediates.noindex/PicPacPoe.build/Release-iphonesimulator/PicPacPoe.build/PicPacPoe-own-target-headers.hmap -Xcc -I/tmp/picpac-phase3-layout-final-build-e6c0c65c9c5a-20260925T105458Z/iphonesimulator/Build/Intermediates.noindex/PicPacPoe.build/Release-iphonesimulator/PicPacPoe.build/PicPacPoe-all-non-framework-target-headers.hmap -Xcc -ivfsoverlay -Xcc /tmp/picpac-phase3-layout-final-build-e6c0c65c9c5a-20260925T105458Z/iphonesimulator/Build/Intermediates.noindex/PicPacPoe.build/Release-iphonesimulator/PicPacPoe-90eff2f9d9e8600d7e53134acd1cb833-VFS-iphonesimulator/all-product-headers.yaml -Xcc -iquote -Xcc /tmp/picpac-phase3-layout-final-build-e6c0c65c9c5a-20260925T105458Z/iphonesimulator/Build/Intermediates.noindex/PicPacPoe.build/Release-iphonesimulator/PicPacPoe.build/PicPacPoe-project-headers.hmap -Xcc -I/tmp/picpac-phase3-layout-final-build-e6c0c65c9c5a-20260925T105458Z/iphonesimulator/Build/Products/Release-iphonesimulator/include -Xcc -I/tmp/picpac-phase3-layout-final-build-e6c0c65c9c5a-20260925T105458Z/iphonesimulator/Build/Intermediates.noindex/PicPacPoe.build/Release-iphonesimulator/PicPacPoe.build/DerivedSources-normal/arm64 -Xcc -I/tmp/picpac-phase3-layout-final-build-e6c0c65c9c5a-20260925T105458Z/iphonesimulator/Build/Intermediates.noindex/PicPacPoe.build/Release-iphonesimulator/PicPacPoe.build/DerivedSources/arm64 -Xcc -I/tmp/picpac-phase3-layout-final-build-e6c0c65c9c5a-20260925T105458Z/iphonesimulator/Build/Intermediates.noindex/PicPacPoe.build/Release-iphonesimulator/PicPacPoe.build/DerivedSources -emit-objc-header -emit-objc-header-path /tmp/picpac-phase3-layout-final-build-e6c0c65c9c5a-20260925T105458Z/iphonesimulator/Build/Intermediates.noindex/PicPacPoe.build/Release-iphonesimulator/PicPacPoe.build/Objects-normal/arm64/PicPacPoe-Swift.h -working-directory /Users/bavabangaru/Developer/pic-pac-poe-ios-native-parity/ios -no-emit-module-separately-wmo

SwiftMergeGeneratedHeaders /tmp/picpac-phase3-layout-final-build-e6c0c65c9c5a-20260925T105458Z/iphonesimulator/Build/Intermediates.noindex/PicPacPoe.build/Release-iphonesimulator/PicPacPoe.build/DerivedSources/PicPacPoe-Swift.h /tmp/picpac-phase3-layout-final-build-e6c0c65c9c5a-20260925T105458Z/iphonesimulator/Build/Intermediates.noindex/PicPacPoe.build/Release-iphonesimulator/PicPacPoe.build/Objects-normal/arm64/PicPacPoe-Swift.h /tmp/picpac-phase3-layout-final-build-e6c0c65c9c5a-20260925T105458Z/iphonesimulator/Build/Intermediates.noindex/PicPacPoe.build/Release-iphonesimulator/PicPacPoe.build/Objects-normal/x86_64/PicPacPoe-Swift.h (in target 'PicPacPoe' from project 'PicPacPoe')
    cd /Users/bavabangaru/Developer/pic-pac-poe-ios-native-parity/ios
    builtin-swiftHeaderTool -arch arm64 /tmp/picpac-phase3-layout-final-build-e6c0c65c9c5a-20260925T105458Z/iphonesimulator/Build/Intermediates.noindex/PicPacPoe.build/Release-iphonesimulator/PicPacPoe.build/Objects-normal/arm64/PicPacPoe-Swift.h -arch x86_64 /tmp/picpac-phase3-layout-final-build-e6c0c65c9c5a-20260925T105458Z/iphonesimulator/Build/Intermediates.noindex/PicPacPoe.build/Release-iphonesimulator/PicPacPoe.build/Objects-normal/x86_64/PicPacPoe-Swift.h -o /tmp/picpac-phase3-layout-final-build-e6c0c65c9c5a-20260925T105458Z/iphonesimulator/Build/Intermediates.noindex/PicPacPoe.build/Release-iphonesimulator/PicPacPoe.build/DerivedSources/PicPacPoe-Swift.h

Copy /tmp/picpac-phase3-layout-final-build-e6c0c65c9c5a-20260925T105458Z/iphonesimulator/Build/Products/Release-iphonesimulator/PicPacPoe.swiftmodule/arm64-apple-ios-simulator.swiftmodule /tmp/picpac-phase3-layout-final-build-e6c0c65c9c5a-20260925T105458Z/iphonesimulator/Build/Intermediates.noindex/PicPacPoe.build/Release-iphonesimulator/PicPacPoe.build/Objects-normal/arm64/PicPacPoe.swiftmodule (in target 'PicPacPoe' from project 'PicPacPoe')
    cd /Users/bavabangaru/Developer/pic-pac-poe-ios-native-parity/ios
    builtin-copy -exclude .DS_Store -exclude CVS -exclude .svn -exclude .git -exclude .hg -strip-unsigned-binaries -strip-deterministic -strip-tool /Applications/Xcode.app/Contents/Developer/Toolchains/XcodeDefault.xctoolchain/usr/bin/strip -resolve-src-symlinks -rename /tmp/picpac-phase3-layout-final-build-e6c0c65c9c5a-20260925T105458Z/iphonesimulator/Build/Intermediates.noindex/PicPacPoe.build/Release-iphonesimulator/PicPacPoe.build/Objects-normal/arm64/PicPacPoe.swiftmodule /tmp/picpac-phase3-layout-final-build-e6c0c65c9c5a-20260925T105458Z/iphonesimulator/Build/Products/Release-iphonesimulator/PicPacPoe.swiftmodule/arm64-apple-ios-simulator.swiftmodule

Copy /tmp/picpac-phase3-layout-final-build-e6c0c65c9c5a-20260925T105458Z/iphonesimulator/Build/Products/Release-iphonesimulator/PicPacPoe.swiftmodule/Project/arm64-apple-ios-simulator.swiftsourceinfo /tmp/picpac-phase3-layout-final-build-e6c0c65c9c5a-20260925T105458Z/iphonesimulator/Build/Intermediates.noindex/PicPacPoe.build/Release-iphonesimulator/PicPacPoe.build/Objects-normal/arm64/PicPacPoe.swiftsourceinfo (in target 'PicPacPoe' from project 'PicPacPoe')
    cd /Users/bavabangaru/Developer/pic-pac-poe-ios-native-parity/ios
    builtin-copy -exclude .DS_Store -exclude CVS -exclude .svn -exclude .git -exclude .hg -strip-unsigned-binaries -strip-deterministic -strip-tool /Applications/Xcode.app/Contents/Developer/Toolchains/XcodeDefault.xctoolchain/usr/bin/strip -resolve-src-symlinks -rename /tmp/picpac-phase3-layout-final-build-e6c0c65c9c5a-20260925T105458Z/iphonesimulator/Build/Intermediates.noindex/PicPacPoe.build/Release-iphonesimulator/PicPacPoe.build/Objects-normal/arm64/PicPacPoe.swiftsourceinfo /tmp/picpac-phase3-layout-final-build-e6c0c65c9c5a-20260925T105458Z/iphonesimulator/Build/Products/Release-iphonesimulator/PicPacPoe.swiftmodule/Project/arm64-apple-ios-simulator.swiftsourceinfo

Copy /tmp/picpac-phase3-layout-final-build-e6c0c65c9c5a-20260925T105458Z/iphonesimulator/Build/Products/Release-iphonesimulator/PicPacPoe.swiftmodule/arm64-apple-ios-simulator.abi.json /tmp/picpac-phase3-layout-final-build-e6c0c65c9c5a-20260925T105458Z/iphonesimulator/Build/Intermediates.noindex/PicPacPoe.build/Release-iphonesimulator/PicPacPoe.build/Objects-normal/arm64/PicPacPoe.abi.json (in target 'PicPacPoe' from project 'PicPacPoe')
    cd /Users/bavabangaru/Developer/pic-pac-poe-ios-native-parity/ios
    builtin-copy -exclude .DS_Store -exclude CVS -exclude .svn -exclude .git -exclude .hg -strip-unsigned-binaries -strip-deterministic -strip-tool /Applications/Xcode.app/Contents/Developer/Toolchains/XcodeDefault.xctoolchain/usr/bin/strip -resolve-src-symlinks -rename /tmp/picpac-phase3-layout-final-build-e6c0c65c9c5a-20260925T105458Z/iphonesimulator/Build/Intermediates.noindex/PicPacPoe.build/Release-iphonesimulator/PicPacPoe.build/Objects-normal/arm64/PicPacPoe.abi.json /tmp/picpac-phase3-layout-final-build-e6c0c65c9c5a-20260925T105458Z/iphonesimulator/Build/Products/Release-iphonesimulator/PicPacPoe.swiftmodule/arm64-apple-ios-simulator.abi.json

Copy /tmp/picpac-phase3-layout-final-build-e6c0c65c9c5a-20260925T105458Z/iphonesimulator/Build/Products/Release-iphonesimulator/PicPacPoe.swiftmodule/arm64-apple-ios-simulator.swiftdoc /tmp/picpac-phase3-layout-final-build-e6c0c65c9c5a-20260925T105458Z/iphonesimulator/Build/Intermediates.noindex/PicPacPoe.build/Release-iphonesimulator/PicPacPoe.build/Objects-normal/arm64/PicPacPoe.swiftdoc (in target 'PicPacPoe' from project 'PicPacPoe')
    cd /Users/bavabangaru/Developer/pic-pac-poe-ios-native-parity/ios
    builtin-copy -exclude .DS_Store -exclude CVS -exclude .svn -exclude .git -exclude .hg -strip-unsigned-binaries -strip-deterministic -strip-tool /Applications/Xcode.app/Contents/Developer/Toolchains/XcodeDefault.xctoolchain/usr/bin/strip -resolve-src-symlinks -rename /tmp/picpac-phase3-layout-final-build-e6c0c65c9c5a-20260925T105458Z/iphonesimulator/Build/Intermediates.noindex/PicPacPoe.build/Release-iphonesimulator/PicPacPoe.build/Objects-normal/arm64/PicPacPoe.swiftdoc /tmp/picpac-phase3-layout-final-build-e6c0c65c9c5a-20260925T105458Z/iphonesimulator/Build/Products/Release-iphonesimulator/PicPacPoe.swiftmodule/arm64-apple-ios-simulator.swiftdoc

Ld /tmp/picpac-phase3-layout-final-build-e6c0c65c9c5a-20260925T105458Z/iphonesimulator/Build/Intermediates.noindex/PicPacPoe.build/Release-iphonesimulator/PicPacPoe.build/Objects-normal/arm64/Binary/PicPacPoe normal arm64 (in target 'PicPacPoe' from project 'PicPacPoe')
    cd /Users/bavabangaru/Developer/pic-pac-poe-ios-native-parity/ios
    /Applications/Xcode.app/Contents/Developer/Toolchains/XcodeDefault.xctoolchain/usr/bin/clang -Xlinker -reproducible -target arm64-apple-ios17.0-simulator -isysroot /Applications/Xcode.app/Contents/Developer/Platforms/iPhoneSimulator.platform/Developer/SDKs/iPhoneSimulator26.5.sdk -Os -L/tmp/picpac-phase3-layout-final-build-e6c0c65c9c5a-20260925T105458Z/iphonesimulator/Build/Intermediates.noindex/EagerLinkingTBDs/Release-iphonesimulator -L/tmp/picpac-phase3-layout-final-build-e6c0c65c9c5a-20260925T105458Z/iphonesimulator/Build/Products/Release-iphonesimulator -F/tmp/picpac-phase3-layout-final-build-e6c0c65c9c5a-20260925T105458Z/iphonesimulator/Build/Intermediates.noindex/EagerLinkingTBDs/Release-iphonesimulator -F/tmp/picpac-phase3-layout-final-build-e6c0c65c9c5a-20260925T105458Z/iphonesimulator/Build/Products/Release-iphonesimulator/PackageFrameworks -F/tmp/picpac-phase3-layout-final-build-e6c0c65c9c5a-20260925T105458Z/iphonesimulator/Build/Products/Release-iphonesimulator/PackageFrameworks -F/tmp/picpac-phase3-layout-final-build-e6c0c65c9c5a-20260925T105458Z/iphonesimulator/Build/Products/Release-iphonesimulator/PackageFrameworks -F/tmp/picpac-phase3-layout-final-build-e6c0c65c9c5a-20260925T105458Z/iphonesimulator/Build/Products/Release-iphonesimulator -filelist /tmp/picpac-phase3-layout-final-build-e6c0c65c9c5a-20260925T105458Z/iphonesimulator/Build/Intermediates.noindex/PicPacPoe.build/Release-iphonesimulator/PicPacPoe.build/Objects-normal/arm64/PicPacPoe.LinkFileList -Xlinker -rpath -Xlinker /usr/lib/swift -Xlinker -dead_strip -Xlinker -object_path_lto -Xlinker /tmp/picpac-phase3-layout-final-build-e6c0c65c9c5a-20260925T105458Z/iphonesimulator/Build/Intermediates.noindex/PicPacPoe.build/Release-iphonesimulator/PicPacPoe.build/Objects-normal/arm64/PicPacPoe_lto.o -Xlinker -objc_abi_version -Xlinker 2 -Xlinker -dependency_info -Xlinker /tmp/picpac-phase3-layout-final-build-e6c0c65c9c5a-20260925T105458Z/iphonesimulator/Build/Intermediates.noindex/PicPacPoe.build/Release-iphonesimulator/PicPacPoe.build/Objects-normal/arm64/PicPacPoe_dependency_info.dat -fobjc-link-runtime -L/Applications/Xcode.app/Contents/Developer/Toolchains/XcodeDefault.xctoolchain/usr/lib/swift/iphonesimulator -L/usr/lib/swift -Xlinker -add_ast_path -Xlinker /tmp/picpac-phase3-layout-final-build-e6c0c65c9c5a-20260925T105458Z/iphonesimulator/Build/Intermediates.noindex/PicPacPoe.build/Release-iphonesimulator/PicPacPoe.build/Objects-normal/arm64/PicPacPoe.swiftmodule @/tmp/picpac-phase3-layout-final-build-e6c0c65c9c5a-20260925T105458Z/iphonesimulator/Build/Intermediates.noindex/PicPacPoe.build/Release-iphonesimulator/PicPacPoe.build/Objects-normal/arm64/PicPacPoe-linker-args.resp -Wl,-no_warn_duplicate_libraries -Wl,-no_warn_duplicate_libraries -Wl,-no_warn_duplicate_libraries -o /tmp/picpac-phase3-layout-final-build-e6c0c65c9c5a-20260925T105458Z/iphonesimulator/Build/Intermediates.noindex/PicPacPoe.build/Release-iphonesimulator/PicPacPoe.build/Objects-normal/arm64/Binary/PicPacPoe -Xlinker -add_ast_path -Xlinker /tmp/picpac-phase3-layout-final-build-e6c0c65c9c5a-20260925T105458Z/iphonesimulator/Build/Intermediates.noindex/PicPacKit.build/Release-iphonesimulator/PicPacPresentation.build/Objects-normal/arm64/PicPacPresentation.swiftmodule @/tmp/picpac-phase3-layout-final-build-e6c0c65c9c5a-20260925T105458Z/iphonesimulator/Build/Intermediates.noindex/PicPacKit.build/Release-iphonesimulator/PicPacPresentation.build/Objects-normal/arm64/PicPacPresentation-linker-args.resp -Xlinker -add_ast_path -Xlinker /tmp/picpac-phase3-layout-final-build-e6c0c65c9c5a-20260925T105458Z/iphonesimulator/Build/Intermediates.noindex/PicPacKit.build/Release-iphonesimulator/PicPacCore.build/Objects-normal/arm64/PicPacCore.swiftmodule @/tmp/picpac-phase3-layout-final-build-e6c0c65c9c5a-20260925T105458Z/iphonesimulator/Build/Intermediates.noindex/PicPacKit.build/Release-iphonesimulator/PicPacCore.build/Objects-normal/arm64/PicPacCore-linker-args.resp -Xlinker -add_ast_path -Xlinker /tmp/picpac-phase3-layout-final-build-e6c0c65c9c5a-20260925T105458Z/iphonesimulator/Build/Intermediates.noindex/PicPacKit.build/Release-iphonesimulator/PicPacAI.build/Objects-normal/arm64/PicPacAI.swiftmodule @/tmp/picpac-phase3-layout-final-build-e6c0c65c9c5a-20260925T105458Z/iphonesimulator/Build/Intermediates.noindex/PicPacKit.build/Release-iphonesimulator/PicPacAI.build/Objects-normal/arm64/PicPacAI-linker-args.resp

Ld /tmp/picpac-phase3-layout-final-build-e6c0c65c9c5a-20260925T105458Z/iphonesimulator/Build/Intermediates.noindex/PicPacPoe.build/Release-iphonesimulator/PicPacPoe.build/Objects-normal/x86_64/Binary/PicPacPoe normal x86_64 (in target 'PicPacPoe' from project 'PicPacPoe')
    cd /Users/bavabangaru/Developer/pic-pac-poe-ios-native-parity/ios
    /Applications/Xcode.app/Contents/Developer/Toolchains/XcodeDefault.xctoolchain/usr/bin/clang -Xlinker -reproducible -target x86_64-apple-ios17.0-simulator -isysroot /Applications/Xcode.app/Contents/Developer/Platforms/iPhoneSimulator.platform/Developer/SDKs/iPhoneSimulator26.5.sdk -Os -L/tmp/picpac-phase3-layout-final-build-e6c0c65c9c5a-20260925T105458Z/iphonesimulator/Build/Intermediates.noindex/EagerLinkingTBDs/Release-iphonesimulator -L/tmp/picpac-phase3-layout-final-build-e6c0c65c9c5a-20260925T105458Z/iphonesimulator/Build/Products/Release-iphonesimulator -F/tmp/picpac-phase3-layout-final-build-e6c0c65c9c5a-20260925T105458Z/iphonesimulator/Build/Intermediates.noindex/EagerLinkingTBDs/Release-iphonesimulator -F/tmp/picpac-phase3-layout-final-build-e6c0c65c9c5a-20260925T105458Z/iphonesimulator/Build/Products/Release-iphonesimulator/PackageFrameworks -F/tmp/picpac-phase3-layout-final-build-e6c0c65c9c5a-20260925T105458Z/iphonesimulator/Build/Products/Release-iphonesimulator/PackageFrameworks -F/tmp/picpac-phase3-layout-final-build-e6c0c65c9c5a-20260925T105458Z/iphonesimulator/Build/Products/Release-iphonesimulator/PackageFrameworks -F/tmp/picpac-phase3-layout-final-build-e6c0c65c9c5a-20260925T105458Z/iphonesimulator/Build/Products/Release-iphonesimulator -filelist /tmp/picpac-phase3-layout-final-build-e6c0c65c9c5a-20260925T105458Z/iphonesimulator/Build/Intermediates.noindex/PicPacPoe.build/Release-iphonesimulator/PicPacPoe.build/Objects-normal/x86_64/PicPacPoe.LinkFileList -Xlinker -rpath -Xlinker /usr/lib/swift -Xlinker -dead_strip -Xlinker -object_path_lto -Xlinker /tmp/picpac-phase3-layout-final-build-e6c0c65c9c5a-20260925T105458Z/iphonesimulator/Build/Intermediates.noindex/PicPacPoe.build/Release-iphonesimulator/PicPacPoe.build/Objects-normal/x86_64/PicPacPoe_lto.o -Xlinker -objc_abi_version -Xlinker 2 -Xlinker -dependency_info -Xlinker /tmp/picpac-phase3-layout-final-build-e6c0c65c9c5a-20260925T105458Z/iphonesimulator/Build/Intermediates.noindex/PicPacPoe.build/Release-iphonesimulator/PicPacPoe.build/Objects-normal/x86_64/PicPacPoe_dependency_info.dat -fobjc-link-runtime -L/Applications/Xcode.app/Contents/Developer/Toolchains/XcodeDefault.xctoolchain/usr/lib/swift/iphonesimulator -L/usr/lib/swift -Xlinker -add_ast_path -Xlinker /tmp/picpac-phase3-layout-final-build-e6c0c65c9c5a-20260925T105458Z/iphonesimulator/Build/Intermediates.noindex/PicPacPoe.build/Release-iphonesimulator/PicPacPoe.build/Objects-normal/x86_64/PicPacPoe.swiftmodule @/tmp/picpac-phase3-layout-final-build-e6c0c65c9c5a-20260925T105458Z/iphonesimulator/Build/Intermediates.noindex/PicPacPoe.build/Release-iphonesimulator/PicPacPoe.build/Objects-normal/x86_64/PicPacPoe-linker-args.resp -Wl,-no_warn_duplicate_libraries -Wl,-no_warn_duplicate_libraries -Wl,-no_warn_duplicate_libraries -o /tmp/picpac-phase3-layout-final-build-e6c0c65c9c5a-20260925T105458Z/iphonesimulator/Build/Intermediates.noindex/PicPacPoe.build/Release-iphonesimulator/PicPacPoe.build/Objects-normal/x86_64/Binary/PicPacPoe -Xlinker -add_ast_path -Xlinker /tmp/picpac-phase3-layout-final-build-e6c0c65c9c5a-20260925T105458Z/iphonesimulator/Build/Intermediates.noindex/PicPacKit.build/Release-iphonesimulator/PicPacPresentation.build/Objects-normal/x86_64/PicPacPresentation.swiftmodule @/tmp/picpac-phase3-layout-final-build-e6c0c65c9c5a-20260925T105458Z/iphonesimulator/Build/Intermediates.noindex/PicPacKit.build/Release-iphonesimulator/PicPacPresentation.build/Objects-normal/x86_64/PicPacPresentation-linker-args.resp -Xlinker -add_ast_path -Xlinker /tmp/picpac-phase3-layout-final-build-e6c0c65c9c5a-20260925T105458Z/iphonesimulator/Build/Intermediates.noindex/PicPacKit.build/Release-iphonesimulator/PicPacCore.build/Objects-normal/x86_64/PicPacCore.swiftmodule @/tmp/picpac-phase3-layout-final-build-e6c0c65c9c5a-20260925T105458Z/iphonesimulator/Build/Intermediates.noindex/PicPacKit.build/Release-iphonesimulator/PicPacCore.build/Objects-normal/x86_64/PicPacCore-linker-args.resp -Xlinker -add_ast_path -Xlinker /tmp/picpac-phase3-layout-final-build-e6c0c65c9c5a-20260925T105458Z/iphonesimulator/Build/Intermediates.noindex/PicPacKit.build/Release-iphonesimulator/PicPacAI.build/Objects-normal/x86_64/PicPacAI.swiftmodule @/tmp/picpac-phase3-layout-final-build-e6c0c65c9c5a-20260925T105458Z/iphonesimulator/Build/Intermediates.noindex/PicPacKit.build/Release-iphonesimulator/PicPacAI.build/Objects-normal/x86_64/PicPacAI-linker-args.resp

CreateUniversalBinary /tmp/picpac-phase3-layout-final-build-e6c0c65c9c5a-20260925T105458Z/iphonesimulator/Build/Products/Release-iphonesimulator/PicPacPoe.app/PicPacPoe normal arm64\ x86_64 (in target 'PicPacPoe' from project 'PicPacPoe')
    cd /Users/bavabangaru/Developer/pic-pac-poe-ios-native-parity/ios
    /Applications/Xcode.app/Contents/Developer/Toolchains/XcodeDefault.xctoolchain/usr/bin/lipo -create /tmp/picpac-phase3-layout-final-build-e6c0c65c9c5a-20260925T105458Z/iphonesimulator/Build/Intermediates.noindex/PicPacPoe.build/Release-iphonesimulator/PicPacPoe.build/Objects-normal/arm64/Binary/PicPacPoe /tmp/picpac-phase3-layout-final-build-e6c0c65c9c5a-20260925T105458Z/iphonesimulator/Build/Intermediates.noindex/PicPacPoe.build/Release-iphonesimulator/PicPacPoe.build/Objects-normal/x86_64/Binary/PicPacPoe -output /tmp/picpac-phase3-layout-final-build-e6c0c65c9c5a-20260925T105458Z/iphonesimulator/Build/Products/Release-iphonesimulator/PicPacPoe.app/PicPacPoe

CopySwiftLibs /tmp/picpac-phase3-layout-final-build-e6c0c65c9c5a-20260925T105458Z/iphonesimulator/Build/Products/Release-iphonesimulator/PicPacPoe.app (in target 'PicPacPoe' from project 'PicPacPoe')
    cd /Users/bavabangaru/Developer/pic-pac-poe-ios-native-parity/ios
    builtin-swiftStdLibTool --copy --verbose --scan-executable /tmp/picpac-phase3-layout-final-build-e6c0c65c9c5a-20260925T105458Z/iphonesimulator/Build/Products/Release-iphonesimulator/PicPacPoe.app/PicPacPoe --scan-folder /tmp/picpac-phase3-layout-final-build-e6c0c65c9c5a-20260925T105458Z/iphonesimulator/Build/Products/Release-iphonesimulator/PicPacPoe.app/Frameworks --scan-folder /tmp/picpac-phase3-layout-final-build-e6c0c65c9c5a-20260925T105458Z/iphonesimulator/Build/Products/Release-iphonesimulator/PicPacPoe.app/PlugIns --scan-folder /tmp/picpac-phase3-layout-final-build-e6c0c65c9c5a-20260925T105458Z/iphonesimulator/Build/Products/Release-iphonesimulator/PicPacPoe.app/SystemExtensions --scan-folder /tmp/picpac-phase3-layout-final-build-e6c0c65c9c5a-20260925T105458Z/iphonesimulator/Build/Products/Release-iphonesimulator/PicPacPoe.app/Extensions --platform iphonesimulator --toolchain /Applications/Xcode.app/Contents/Developer/Toolchains/XcodeDefault.xctoolchain --destination /tmp/picpac-phase3-layout-final-build-e6c0c65c9c5a-20260925T105458Z/iphonesimulator/Build/Products/Release-iphonesimulator/PicPacPoe.app/Frameworks --strip-bitcode --strip-bitcode-tool /Applications/Xcode.app/Contents/Developer/Toolchains/XcodeDefault.xctoolchain/usr/bin/bitcode_strip --emit-dependency-info /tmp/picpac-phase3-layout-final-build-e6c0c65c9c5a-20260925T105458Z/iphonesimulator/Build/Intermediates.noindex/PicPacPoe.build/Release-iphonesimulator/PicPacPoe.build/SwiftStdLibToolInputDependencies.dep --filter-for-swift-os --back-deploy-swift-span
Ignoring --strip-bitcode because --sign was not passed

ExtractAppIntentsMetadata (in target 'PicPacPoe' from project 'PicPacPoe')
    cd /Users/bavabangaru/Developer/pic-pac-poe-ios-native-parity/ios
    /Applications/Xcode.app/Contents/Developer/Toolchains/XcodeDefault.xctoolchain/usr/bin/appintentsmetadataprocessor --toolchain-dir /Applications/Xcode.app/Contents/Developer/Toolchains/XcodeDefault.xctoolchain --module-name PicPacPoe --sdk-root /Applications/Xcode.app/Contents/Developer/Platforms/iPhoneSimulator.platform/Developer/SDKs/iPhoneSimulator26.5.sdk --xcode-version 17F113 --platform-family iOS --deployment-target 17.0 --bundle-identifier dev.saipranith.picpacpoe --output /tmp/picpac-phase3-layout-final-build-e6c0c65c9c5a-20260925T105458Z/iphonesimulator/Build/Products/Release-iphonesimulator/PicPacPoe.app --target-triple arm64-apple-ios17.0-simulator --target-triple x86_64-apple-ios17.0-simulator --binary-file /tmp/picpac-phase3-layout-final-build-e6c0c65c9c5a-20260925T105458Z/iphonesimulator/Build/Products/Release-iphonesimulator/PicPacPoe.app/PicPacPoe --dependency-file /tmp/picpac-phase3-layout-final-build-e6c0c65c9c5a-20260925T105458Z/iphonesimulator/Build/Intermediates.noindex/PicPacPoe.build/Release-iphonesimulator/PicPacPoe.build/Objects-normal/arm64/PicPacPoe_dependency_info.dat --dependency-file /tmp/picpac-phase3-layout-final-build-e6c0c65c9c5a-20260925T105458Z/iphonesimulator/Build/Intermediates.noindex/PicPacPoe.build/Release-iphonesimulator/PicPacPoe.build/Objects-normal/x86_64/PicPacPoe_dependency_info.dat --stringsdata-file /tmp/picpac-phase3-layout-final-build-e6c0c65c9c5a-20260925T105458Z/iphonesimulator/Build/Intermediates.noindex/PicPacPoe.build/Release-iphonesimulator/PicPacPoe.build/Objects-normal/arm64/ExtractedAppShortcutsMetadata.stringsdata --stringsdata-file /tmp/picpac-phase3-layout-final-build-e6c0c65c9c5a-20260925T105458Z/iphonesimulator/Build/Intermediates.noindex/PicPacPoe.build/Release-iphonesimulator/PicPacPoe.build/Objects-normal/x86_64/ExtractedAppShortcutsMetadata.stringsdata --source-file-list /tmp/picpac-phase3-layout-final-build-e6c0c65c9c5a-20260925T105458Z/iphonesimulator/Build/Intermediates.noindex/PicPacPoe.build/Release-iphonesimulator/PicPacPoe.build/Objects-normal/arm64/PicPacPoe.SwiftFileList --source-file-list /tmp/picpac-phase3-layout-final-build-e6c0c65c9c5a-20260925T105458Z/iphonesimulator/Build/Intermediates.noindex/PicPacPoe.build/Release-iphonesimulator/PicPacPoe.build/Objects-normal/x86_64/PicPacPoe.SwiftFileList --metadata-file-list /tmp/picpac-phase3-layout-final-build-e6c0c65c9c5a-20260925T105458Z/iphonesimulator/Build/Intermediates.noindex/PicPacPoe.build/Release-iphonesimulator/PicPacPoe.build/PicPacPoe.DependencyMetadataFileList --static-metadata-file-list /tmp/picpac-phase3-layout-final-build-e6c0c65c9c5a-20260925T105458Z/iphonesimulator/Build/Intermediates.noindex/PicPacPoe.build/Release-iphonesimulator/PicPacPoe.build/PicPacPoe.DependencyStaticMetadataFileList --swift-const-vals-list /tmp/picpac-phase3-layout-final-build-e6c0c65c9c5a-20260925T105458Z/iphonesimulator/Build/Intermediates.noindex/PicPacPoe.build/Release-iphonesimulator/PicPacPoe.build/Objects-normal/arm64/PicPacPoe.SwiftConstValuesFileList --swift-const-vals-list /tmp/picpac-phase3-layout-final-build-e6c0c65c9c5a-20260925T105458Z/iphonesimulator/Build/Intermediates.noindex/PicPacPoe.build/Release-iphonesimulator/PicPacPoe.build/Objects-normal/x86_64/PicPacPoe.SwiftConstValuesFileList --compile-time-extraction --deployment-aware-processing --validate-assistant-intents --no-app-shortcuts-localization
2026-09-25 06:55:32.256 appintentsmetadataprocessor[17072:116145940] Starting appintentsmetadataprocessor export
2026-09-25 06:55:32.258 appintentsmetadataprocessor[17072:116145940] warning: Metadata extraction skipped. No AppIntents.framework dependency found.

GenerateDSYMFile /tmp/picpac-phase3-layout-final-build-e6c0c65c9c5a-20260925T105458Z/iphonesimulator/Build/Products/Release-iphonesimulator/PicPacPoe.app.dSYM /tmp/picpac-phase3-layout-final-build-e6c0c65c9c5a-20260925T105458Z/iphonesimulator/Build/Products/Release-iphonesimulator/PicPacPoe.app/PicPacPoe (in target 'PicPacPoe' from project 'PicPacPoe')
    cd /Users/bavabangaru/Developer/pic-pac-poe-ios-native-parity/ios
    /Applications/Xcode.app/Contents/Developer/Toolchains/XcodeDefault.xctoolchain/usr/bin/dsymutil /tmp/picpac-phase3-layout-final-build-e6c0c65c9c5a-20260925T105458Z/iphonesimulator/Build/Products/Release-iphonesimulator/PicPacPoe.app/PicPacPoe -o /tmp/picpac-phase3-layout-final-build-e6c0c65c9c5a-20260925T105458Z/iphonesimulator/Build/Products/Release-iphonesimulator/PicPacPoe.app.dSYM

AppIntentsSSUTraining (in target 'PicPacPoe' from project 'PicPacPoe')
    cd /Users/bavabangaru/Developer/pic-pac-poe-ios-native-parity/ios
    /Applications/Xcode.app/Contents/Developer/Toolchains/XcodeDefault.xctoolchain/usr/bin/appintentsnltrainingprocessor --infoplist-path /tmp/picpac-phase3-layout-final-build-e6c0c65c9c5a-20260925T105458Z/iphonesimulator/Build/Products/Release-iphonesimulator/PicPacPoe.app/Info.plist --temp-dir-path /tmp/picpac-phase3-layout-final-build-e6c0c65c9c5a-20260925T105458Z/iphonesimulator/Build/Intermediates.noindex/PicPacPoe.build/Release-iphonesimulator/PicPacPoe.build/ssu --bundle-id dev.saipranith.picpacpoe --product-path /tmp/picpac-phase3-layout-final-build-e6c0c65c9c5a-20260925T105458Z/iphonesimulator/Build/Products/Release-iphonesimulator/PicPacPoe.app --extracted-metadata-path /tmp/picpac-phase3-layout-final-build-e6c0c65c9c5a-20260925T105458Z/iphonesimulator/Build/Products/Release-iphonesimulator/PicPacPoe.app/Metadata.appintents --metadata-file-list /tmp/picpac-phase3-layout-final-build-e6c0c65c9c5a-20260925T105458Z/iphonesimulator/Build/Intermediates.noindex/PicPacPoe.build/Release-iphonesimulator/PicPacPoe.build/PicPacPoe.DependencyMetadataFileList --source-file /tmp/picpac-phase3-layout-final-build-e6c0c65c9c5a-20260925T105458Z/iphonesimulator/Build/Products/Release-iphonesimulator/PicPacPoe.app/Info.plist --archive-ssu-assets
2026-09-25 06:55:32.274 appintentsnltrainingprocessor[17074:116145943] Parsing options for appintentsnltrainingprocessor
2026-09-25 06:55:32.274 appintentsnltrainingprocessor[17074:116145943] Starting AppIntents SSU YAML Generation
2026-09-25 06:55:32.274 appintentsnltrainingprocessor[17074:116145943] No AppShortcuts found - Skipping.

RegisterExecutionPolicyException /tmp/picpac-phase3-layout-final-build-e6c0c65c9c5a-20260925T105458Z/iphonesimulator/Build/Products/Release-iphonesimulator/PicPacPoe.app (in target 'PicPacPoe' from project 'PicPacPoe')
    cd /Users/bavabangaru/Developer/pic-pac-poe-ios-native-parity/ios
    builtin-RegisterExecutionPolicyException /tmp/picpac-phase3-layout-final-build-e6c0c65c9c5a-20260925T105458Z/iphonesimulator/Build/Products/Release-iphonesimulator/PicPacPoe.app

Validate /tmp/picpac-phase3-layout-final-build-e6c0c65c9c5a-20260925T105458Z/iphonesimulator/Build/Products/Release-iphonesimulator/PicPacPoe.app (in target 'PicPacPoe' from project 'PicPacPoe')
    cd /Users/bavabangaru/Developer/pic-pac-poe-ios-native-parity/ios
    builtin-validationUtility /tmp/picpac-phase3-layout-final-build-e6c0c65c9c5a-20260925T105458Z/iphonesimulator/Build/Products/Release-iphonesimulator/PicPacPoe.app -validate-for-store -shallow-bundle -infoplist-subpath Info.plist

Touch /tmp/picpac-phase3-layout-final-build-e6c0c65c9c5a-20260925T105458Z/iphonesimulator/Build/Products/Release-iphonesimulator/PicPacPoe.app (in target 'PicPacPoe' from project 'PicPacPoe')
    cd /Users/bavabangaru/Developer/pic-pac-poe-ios-native-parity/ios
    /usr/bin/touch -c /tmp/picpac-phase3-layout-final-build-e6c0c65c9c5a-20260925T105458Z/iphonesimulator/Build/Products/Release-iphonesimulator/PicPacPoe.app

** BUILD SUCCEEDED **

